# Blender 4.1.1
# www.blender.org
mtllib hatch_83_popup_v09_up.mtl
o Body
v -0.700000 0.795000 2.070000
v -0.700000 0.795000 2.070000
v -0.700000 0.795000 2.070000
v -0.700000 0.795000 2.070000
v -0.734207 0.795000 2.035000
v -0.746505 0.795000 1.960000
v -0.734000 0.899444 1.860000
v -0.734000 0.899444 1.860000
v -0.756172 0.795000 1.860000
v -0.762909 0.795000 1.790000
v -0.763870 0.795000 1.780000
v -0.763870 0.795000 1.780000
v -0.742000 0.895000 1.780000
v -0.742000 0.895000 1.780000
v -0.797534 0.600000 1.570000
v -0.796706 0.620000 1.570000
v -0.778741 0.685000 1.780000
v -0.778741 0.685000 1.780000
v -0.782152 0.745000 1.570000
v -0.774302 0.784000 1.570000
v -0.778121 0.766000 1.570000
v -0.746000 0.887000 1.570000
v -0.746000 0.887000 1.570000
v -0.771803 0.795000 1.570000
v -0.796800 0.558000 1.570000
v -0.798000 0.570000 1.570000
v -0.797452 0.558000 1.553000
v -0.796434 0.635000 1.553000
v -0.798652 0.570000 1.553000
v -0.795814 0.635000 1.570000
v -0.791710 0.685000 1.553000
v -0.791156 0.685000 1.570000
v -0.798105 0.558000 1.535968
v -0.799305 0.570000 1.535968
v -0.782578 0.745000 1.553000
v -0.746093 0.886441 1.553000
v -0.746093 0.886441 1.553000
v -0.797056 0.635000 1.535968
v -0.792265 0.685000 1.535968
v -0.784225 0.745000 1.486538
v -0.783002 0.745000 1.535968
v -0.800001 0.558000 1.486538
v -0.801201 0.570000 1.486538
v -0.798859 0.635000 1.486538
v -0.793870 0.685000 1.486538
v -0.801664 0.635000 1.409549
v -0.804059 0.582708 1.409549
v -0.804059 0.582708 1.409549
v -0.804059 0.582708 1.409549
v -0.804059 0.582708 1.409549
v -0.796359 0.685000 1.409549
v -0.799475 0.685000 1.312538
v -0.804942 0.637961 1.312538
v -0.804942 0.637961 1.312538
v -0.804942 0.637961 1.312538
v -0.804942 0.637961 1.312538
v -0.786103 0.745000 1.409549
v -0.806793 0.657000 1.205000
v -0.806793 0.657000 1.205000
v -0.806793 0.657000 1.205000
v -0.788423 0.745000 1.312538
v -0.747411 0.878536 1.312538
v -0.747411 0.878536 1.312538
v -0.790930 0.745000 1.205000
v -0.808208 0.637961 1.097462
v -0.808208 0.637961 1.097462
v -0.808208 0.637961 1.097462
v -0.808208 0.637961 1.097462
v -0.802901 0.685000 1.205000
v -0.790681 0.745000 1.097462
v -0.810601 0.582708 1.000451
v -0.810601 0.582708 1.000451
v -0.810601 0.582708 1.000451
v -0.810601 0.582708 1.000451
v -0.807915 0.635000 1.000451
v -0.801964 0.685000 1.000451
v -0.802408 0.685000 1.097462
v -0.802887 0.496648 0.923462
v -0.802887 0.496648 0.923462
v -0.802887 0.496648 0.923462
v -0.802887 0.496648 0.923462
v -0.810222 0.570000 0.923462
v -0.801613 0.685000 0.923462
v -0.790460 0.745000 1.000451
v -0.750371 0.873222 0.923462
v -0.750371 0.873222 0.923462
v -0.767156 0.370206 0.874032
v -0.807472 0.635000 0.923462
v -0.807187 0.635000 0.874032
v -0.801388 0.685000 0.874032
v -0.790286 0.745000 0.923462
v -0.704802 0.255000 0.857000
v -0.704802 0.255000 0.857000
v -0.800802 0.480000 0.857000
v -0.725802 0.300000 0.857000
v -0.800910 0.480000 0.874032
v -0.809910 0.570000 0.874032
v -0.809802 0.570000 0.857000
v -0.790176 0.745000 0.874032
v -0.807089 0.635000 0.857000
v -0.806359 0.635000 0.730000
v -0.801311 0.685000 0.857000
v -0.800735 0.685000 0.730000
v -0.790138 0.745000 0.857000
v -0.752000 0.872000 0.730000
v -0.752000 0.872000 0.730000
v -0.752000 0.872000 0.730000
v -0.725000 0.300000 0.730000
v -0.800000 0.480000 0.730000
v -0.809000 0.570000 0.730000
v -0.799962 0.480000 0.710000
v -0.806322 0.635000 0.710000
v -0.808962 0.570000 0.710000
v -0.800697 0.685000 0.710000
v -0.789860 0.745000 0.730000
v -0.724962 0.300000 0.710000
v -0.724000 0.300000 0.200000
v -0.799000 0.480000 0.200000
v -0.808000 0.570000 0.200000
v -0.799735 0.685000 0.200000
v -0.788860 0.745000 0.200000
v -0.789822 0.745000 0.710000
v -0.751000 0.872000 0.200000
v -0.751000 0.872000 0.200000
v -0.703000 0.255000 0.200000
v -0.703000 0.255000 0.200000
v -0.703000 0.255000 0.200000
v -0.723000 0.300000 -0.500000
v -0.798000 0.480000 -0.500000
v -0.804577 0.635000 -0.500000
v -0.805359 0.635000 0.200000
v -0.789435 0.745000 -0.500000
v -0.799415 0.685000 -0.500000
v -0.791467 0.480000 -0.780000
v -0.807000 0.570000 -0.500000
v -0.695467 0.255000 -0.780000
v -0.695467 0.255000 -0.780000
v -0.716467 0.300000 -0.780000
v -0.800467 0.570000 -0.780000
v -0.798315 0.635000 -0.780000
v -0.793732 0.685000 -0.780000
v -0.784870 0.745000 -0.780000
v -0.744333 0.902000 -0.780000
v -0.744333 0.902000 -0.780000
v -0.695000 0.255000 -0.800000
v -0.695000 0.255000 -0.800000
v -0.695000 0.255000 -0.800000
v -0.716000 0.300000 -0.800000
v -0.716563 0.300000 -0.857000
v -0.695563 0.255000 -0.857000
v -0.695563 0.255000 -0.857000
v -0.791000 0.480000 -0.800000
v -0.791563 0.480000 -0.857000
v -0.800563 0.570000 -0.857000
v -0.800000 0.570000 -0.800000
v -0.797866 0.635000 -0.800000
v -0.798067 0.635000 -0.857000
v -0.793321 0.685000 -0.800000
v -0.784534 0.745000 -0.800000
v -0.744000 0.903000 -0.800000
v -0.744000 0.903000 -0.800000
v -0.744000 0.903000 -0.800000
v -0.744000 0.903000 -0.800000
v -0.744000 0.903000 -0.800000
v -0.782469 0.745000 -0.857000
v -0.800731 0.570000 -0.874032
v -0.791731 0.480000 -0.874032
v -0.792749 0.685000 -0.857000
v -0.781798 0.745000 -0.874032
v -0.737054 0.890936 -0.874032
v -0.737054 0.890936 -0.874032
v -0.761245 0.375769 -0.874032
v -0.798119 0.635000 -0.874032
v -0.792555 0.685000 -0.874032
v -0.732416 0.882880 -0.923462
v -0.732416 0.882880 -0.923462
v -0.794942 0.507228 -0.923462
v -0.794942 0.507228 -0.923462
v -0.794942 0.507228 -0.923462
v -0.794942 0.507228 -0.923462
v -0.801219 0.570000 -0.923462
v -0.798383 0.635000 -1.000451
v -0.798250 0.635000 -0.923462
v -0.791924 0.685000 -0.923462
v -0.779695 0.745000 -0.923462
v -0.795172 0.655080 -1.097462
v -0.795172 0.655080 -1.097462
v -0.795172 0.655080 -1.097462
v -0.795172 0.655080 -1.097462
v -0.790721 0.685000 -1.000451
v -0.788750 0.685000 -1.097462
v -0.775909 0.745000 -1.000451
v -0.725192 0.870334 -1.000451
v -0.725192 0.870334 -1.000451
v -0.785820 0.685000 -1.205000
v -0.770083 0.745000 -1.097462
v -0.761900 0.745000 -1.205000
v -0.788844 0.675000 -1.205000
v -0.788844 0.675000 -1.205000
v -0.788844 0.675000 -1.205000
v -0.787797 0.655080 -1.312538
v -0.787797 0.655080 -1.312538
v -0.787797 0.655080 -1.312538
v -0.787797 0.655080 -1.312538
v -0.751560 0.745000 -1.312538
v -0.706000 0.837000 -1.205000
v -0.706000 0.837000 -1.205000
v -0.704441 0.817051 -1.312538
v -0.704441 0.817051 -1.312538
v -0.793217 0.597270 -1.409549
v -0.793217 0.597270 -1.409549
v -0.793217 0.597270 -1.409549
v -0.793217 0.597270 -1.409549
v -0.787147 0.635000 -1.409549
v -0.778521 0.685000 -1.312538
v -0.771455 0.685000 -1.409549
v -0.765420 0.685000 -1.486538
v -0.741117 0.745000 -1.409549
v -0.731838 0.745000 -1.486538
v -0.701920 0.784773 -1.486538
v -0.701920 0.784773 -1.486538
v -0.790092 0.591000 -1.486538
v -0.782789 0.635000 -1.486538
v -0.725298 0.745000 -1.535968
v -0.787739 0.591000 -1.535968
v -0.779080 0.635000 -1.550000
v -0.779911 0.635000 -1.535968
v -0.760080 0.685000 -1.550000
v -0.761293 0.685000 -1.535968
v -0.723345 0.745000 -1.550000
v -0.787069 0.591000 -1.550000
v -0.786746 0.591000 -1.553000
v -0.778716 0.635000 -1.553000
v -0.768691 0.591000 -1.720000
v -0.759615 0.685000 -1.553000
v -0.694000 0.730000 -1.720000
v -0.694000 0.730000 -1.720000
v -0.694000 0.730000 -1.720000
v -0.722686 0.745000 -1.553000
v -0.700876 0.772241 -1.553000
v -0.700876 0.772241 -1.553000
v -0.762131 0.591000 -1.755000
v -0.757457 0.635000 -1.720000
v -0.756793 0.611000 -1.755000
v -0.756793 0.611000 -1.755000
v -0.756793 0.611000 -1.755000
v -0.750386 0.635000 -1.755000
v -0.750386 0.635000 -1.755000
v -0.730738 0.685000 -1.720000
v -0.689000 0.725000 -1.755000
v -0.718191 0.685000 -1.773000
v -0.722452 0.685000 -1.755000
v -0.758758 0.591000 -1.773000
v -0.742425 0.591000 -1.860000
v -0.718625 0.651000 -1.860000
v -0.718625 0.651000 -1.860000
v -0.696768 0.685000 -1.860000
v -0.686429 0.722429 -1.773000
v -0.686429 0.722429 -1.773000
v -0.725820 0.591000 -1.905000
v -0.674000 0.710000 -1.860000
v -0.674000 0.710000 -1.860000
v -0.706695 0.591000 -1.948000
v -0.714701 0.591000 -1.930000
v -0.714701 0.591000 -1.930000
v -0.661176 0.635000 -1.948000
v -0.693120 0.651000 -1.905000
v -0.693120 0.651000 -1.905000
v -0.661349 0.655837 -1.930000
v -0.666000 0.682000 -1.905000
v -0.666000 0.682000 -1.905000
v -0.657999 0.635000 -1.965000
v -0.658000 0.637000 -1.948000
v -0.658000 0.637000 -1.948000
v -0.658000 0.637000 -1.948000
v -0.658000 0.637000 -1.948000
v -0.655000 0.637000 -1.965000
v -0.655000 0.637000 -1.965000
v -0.655000 0.637000 -1.965000
v -0.712802 0.250000 0.857000
v -0.712802 0.250000 0.857000
v -0.710869 0.268000 0.857000
v -0.710869 0.268000 0.857000
v -0.775208 0.388208 0.874032
v -0.775208 0.388208 0.874032
v -0.775208 0.388208 0.874032
v -0.818179 0.564708 1.000451
v -0.818179 0.564708 1.000451
v -0.818179 0.564708 1.000451
v -0.818179 0.564708 1.000451
v -0.818179 0.564708 1.000451
v -0.814290 0.619961 1.312538
v -0.814290 0.619961 1.312538
v -0.814290 0.619961 1.312538
v -0.814290 0.619961 1.312538
v -0.814290 0.619961 1.312538
v -0.793866 0.496648 1.486538
v -0.793866 0.496648 1.486538
v -0.793866 0.496648 1.486538
v -0.799823 0.478648 1.486538
v -0.799823 0.478648 1.486538
v -0.799823 0.478648 1.486538
v -0.799823 0.478648 1.486538
v -0.799823 0.478648 1.486538
v -0.764552 0.370208 1.535968
v -0.764552 0.370208 1.535968
v -0.764552 0.370208 1.535968
v -0.764552 0.370208 1.535968
v -0.764552 0.370208 1.535968
v -0.764603 0.388208 1.535968
v -0.764603 0.388208 1.535968
v -0.764603 0.388208 1.535968
v -0.701652 0.250000 1.553000
v -0.701652 0.250000 1.553000
v -0.699719 0.268000 1.553000
v -0.699719 0.268000 1.553000
v -0.550000 0.250000 0.857000
v -0.550000 0.250000 0.857000
v -0.550000 0.250000 0.857000
v -0.550000 0.370208 0.874032
v -0.550000 0.370208 0.874032
v -0.550000 0.370208 0.874032
v -0.775157 0.370208 0.874032
v -0.775157 0.370208 0.874032
v -0.775157 0.370208 0.874032
v -0.775157 0.370208 0.874032
v -0.775157 0.370208 0.874032
v -0.550000 0.478648 0.923462
v -0.550000 0.478648 0.923462
v -0.550000 0.478648 0.923462
v -0.808843 0.478648 0.923462
v -0.808843 0.478648 0.923462
v -0.808843 0.478648 0.923462
v -0.808843 0.478648 0.923462
v -0.808843 0.478648 0.923462
v -0.817639 0.619961 1.097462
v -0.817639 0.619961 1.097462
v -0.817639 0.619961 1.097462
v -0.817639 0.619961 1.097462
v -0.817639 0.619961 1.097462
v -0.550000 0.619961 1.097462
v -0.550000 0.619961 1.097462
v -0.550000 0.619961 1.097462
v -0.550000 0.639000 1.205000
v -0.550000 0.639000 1.205000
v -0.550000 0.639000 1.205000
v -0.816724 0.639000 1.205000
v -0.816724 0.639000 1.205000
v -0.816724 0.639000 1.205000
v -0.816724 0.639000 1.205000
v -0.816724 0.639000 1.205000
v -0.816724 0.639000 1.205000
v -0.550000 0.619961 1.312538
v -0.550000 0.619961 1.312538
v -0.550000 0.619961 1.312538
v -0.811625 0.564708 1.409549
v -0.811625 0.564708 1.409549
v -0.811625 0.564708 1.409549
v -0.811625 0.564708 1.409549
v -0.811625 0.564708 1.409549
v -0.550000 0.564708 1.409549
v -0.550000 0.564708 1.409549
v -0.550000 0.564708 1.409549
v -0.550000 0.250000 1.553000
v -0.550000 0.250000 1.553000
v -0.550000 0.255000 0.857000
v -0.550000 0.255000 0.874032
v -0.550000 0.255000 0.874032
v -0.550000 0.564708 1.000451
v -0.550000 0.564708 1.000451
v -0.550000 0.564708 1.000451
v -0.550000 0.255000 1.000451
v -0.550000 0.255000 0.923462
v -0.550000 0.255000 1.097462
v -0.550000 0.255000 1.205000
v -0.550000 0.255000 1.409549
v -0.550000 0.255000 1.312538
v -0.550000 0.255000 1.486538
v -0.550000 0.478648 1.486538
v -0.550000 0.478648 1.486538
v -0.550000 0.478648 1.486538
v -0.550000 0.370208 1.535968
v -0.550000 0.370208 1.535968
v -0.550000 0.370208 1.535968
v -0.550000 0.370208 1.535968
v -0.550000 0.255000 1.553000
v -0.550000 0.255000 1.553000
v -0.550000 0.255000 1.535968
v -0.690682 0.250000 -1.553000
v -0.690682 0.250000 -1.553000
v -0.755506 0.393770 -1.535968
v -0.755506 0.393770 -1.535968
v -0.755506 0.393770 -1.535968
v -0.688749 0.268000 -1.553000
v -0.688749 0.268000 -1.553000
v -0.790866 0.489229 -1.486538
v -0.790866 0.489229 -1.486538
v -0.790866 0.489229 -1.486538
v -0.790866 0.489229 -1.486538
v -0.790866 0.489229 -1.486538
v -0.784666 0.507229 -1.486538
v -0.784666 0.507229 -1.486538
v -0.784666 0.507229 -1.486538
v -0.801347 0.597270 -1.000451
v -0.801347 0.597270 -1.000451
v -0.801347 0.597270 -1.000451
v -0.801347 0.597270 -1.000451
v -0.769246 0.375770 -0.874032
v -0.769246 0.375770 -0.874032
v -0.769246 0.375770 -0.874032
v -0.769246 0.375770 -0.874032
v -0.769246 0.375770 -0.874032
v -0.703563 0.250000 -0.857000
v -0.703563 0.250000 -0.857000
v -0.701630 0.268000 -0.857000
v -0.701630 0.268000 -0.857000
v -0.767587 0.393770 -0.874032
v -0.767587 0.393770 -0.874032
v -0.767587 0.393770 -0.874032
v -0.550000 0.250000 -1.553000
v -0.550000 0.250000 -1.553000
v -0.550000 0.250000 -1.553000
v -0.757166 0.375770 -1.535968
v -0.757166 0.375770 -1.535968
v -0.757166 0.375770 -1.535968
v -0.757166 0.375770 -1.535968
v -0.757166 0.375770 -1.535968
v -0.550000 0.489229 -1.486538
v -0.550000 0.489229 -1.486538
v -0.550000 0.489229 -1.486538
v -0.802364 0.579270 -1.409549
v -0.802364 0.579270 -1.409549
v -0.802364 0.579270 -1.409549
v -0.802364 0.579270 -1.409549
v -0.802364 0.579270 -1.409549
v -0.550000 0.579270 -1.409549
v -0.550000 0.579270 -1.409549
v -0.550000 0.579270 -1.409549
v -0.800040 0.637080 -1.312538
v -0.800040 0.637080 -1.312538
v -0.800040 0.637080 -1.312538
v -0.800040 0.637080 -1.312538
v -0.800040 0.637080 -1.312538
v -0.550000 0.637080 -1.312538
v -0.550000 0.637080 -1.312538
v -0.550000 0.637080 -1.312538
v -0.801595 0.657000 -1.205000
v -0.801595 0.657000 -1.205000
v -0.801595 0.657000 -1.205000
v -0.801595 0.657000 -1.205000
v -0.801595 0.657000 -1.205000
v -0.801595 0.657000 -1.205000
v -0.550000 0.657000 -1.205000
v -0.550000 0.657000 -1.205000
v -0.550000 0.657000 -1.205000
v -0.550000 0.637080 -1.097462
v -0.550000 0.637080 -1.097462
v -0.550000 0.637080 -1.097462
v -0.550000 0.579270 -1.000451
v -0.550000 0.579270 -1.000451
v -0.550000 0.579270 -1.000451
v -0.806111 0.637080 -1.097462
v -0.806111 0.637080 -1.097462
v -0.806111 0.637080 -1.097462
v -0.806111 0.637080 -1.097462
v -0.806111 0.637080 -1.097462
v -0.550000 0.489229 -0.923462
v -0.550000 0.489229 -0.923462
v -0.550000 0.489229 -0.923462
v -0.809907 0.579270 -1.000451
v -0.809907 0.579270 -1.000451
v -0.809907 0.579270 -1.000451
v -0.809907 0.579270 -1.000451
v -0.809907 0.579270 -1.000451
v -0.550000 0.375770 -0.874032
v -0.550000 0.375770 -0.874032
v -0.550000 0.375770 -0.874032
v -0.550000 0.375770 -0.874032
v -0.801142 0.489229 -0.923462
v -0.801142 0.489229 -0.923462
v -0.801142 0.489229 -0.923462
v -0.801142 0.489229 -0.923462
v -0.801142 0.489229 -0.923462
v -0.550000 0.250000 -0.857000
v -0.550000 0.250000 -0.857000
v -0.550000 0.255000 -1.553000
v -0.550000 0.375770 -1.535968
v -0.550000 0.375770 -1.535968
v -0.550000 0.375770 -1.535968
v -0.550000 0.255000 -1.535968
v -0.550000 0.255000 -1.535968
v -0.550000 0.255000 -1.486538
v -0.550000 0.255000 -1.409549
v -0.550000 0.255000 -1.205000
v -0.550000 0.255000 -1.312538
v -0.550000 0.255000 -1.097462
v -0.550000 0.255000 -1.000451
v -0.550000 0.255000 -0.923462
v -0.550000 0.255000 -0.857000
v -0.550000 0.255000 -0.857000
v -0.550000 0.255000 -0.874032
v -0.748007 0.898513 -0.778275
v -0.748348 0.897487 -0.781725
v -0.748348 0.897487 -0.781725
v -0.790874 0.729487 -0.731725
v -0.790764 0.730513 -0.728275
v -0.790764 0.730513 -0.728275
v -0.790803 0.730284 -0.728223
v -0.790803 0.730284 -0.728223
v -0.790835 0.729716 -0.731777
v -0.803927 0.604716 -0.711777
v -0.803927 0.604716 -0.711777
v -0.803927 0.604716 -0.711777
v -0.803927 0.604716 -0.711777
v -0.803988 0.605284 -0.708223
v -0.803988 0.605284 -0.708223
v -0.795946 0.479716 -0.691777
v -0.796137 0.480284 -0.688223
v -0.796137 0.480284 -0.688223
v -0.796145 0.480377 -0.688240
v -0.795920 0.479623 -0.691760
v -0.795920 0.479623 -0.691760
v -0.745004 0.339623 -0.661760
v -0.745529 0.340377 -0.658240
v -0.745529 0.340377 -0.658240
v -0.746100 0.341371 -0.658834
v -0.744434 0.338629 -0.661166
v -0.725392 0.304629 -0.621166
v -0.727058 0.307371 -0.618834
v -0.727283 0.307800 -0.620000
v -0.725168 0.304200 -0.620000
v -0.728049 0.304200 -0.442857
v -0.728049 0.304200 -0.442857
v -0.730164 0.307800 -0.442857
v -0.730164 0.307800 -0.442857
v -0.730417 0.307800 -0.265714
v -0.730417 0.307800 -0.265714
v -0.728302 0.304200 -0.265714
v -0.728302 0.304200 -0.265714
v -0.730670 0.307800 -0.088571
v -0.730670 0.307800 -0.088571
v -0.728555 0.304200 -0.088571
v -0.728555 0.304200 -0.088571
v -0.730923 0.307800 0.088571
v -0.730923 0.307800 0.088571
v -0.728808 0.304200 0.088571
v -0.728808 0.304200 0.088571
v -0.728808 0.304200 0.088571
v -0.731206 0.307800 0.265714
v -0.731206 0.307800 0.265714
v -0.731206 0.307800 0.265714
v -0.729091 0.304200 0.265714
v -0.729091 0.304200 0.265714
v -0.729426 0.304200 0.442857
v -0.729426 0.304200 0.442857
v -0.731541 0.307800 0.442857
v -0.731541 0.307800 0.442857
v -0.729760 0.304200 0.620000
v -0.729760 0.304200 0.620000
v -0.731875 0.307800 0.620000
v -0.731762 0.307610 0.619195
v -0.731762 0.307610 0.619195
v -0.729873 0.304390 0.620805
v -0.744064 0.328390 0.668805
v -0.744064 0.328390 0.668805
v -0.745952 0.331610 0.667195
v -0.745233 0.330389 0.666243
v -0.745233 0.330389 0.666243
v -0.744783 0.329611 0.669757
v -0.799536 0.469611 0.700757
v -0.799536 0.469611 0.700757
v -0.799747 0.470389 0.697243
v -0.799652 0.470049 0.697201
v -0.799652 0.470049 0.697201
v -0.799631 0.469951 0.700799
v -0.810749 0.603383 0.700867
v -0.810749 0.603383 0.700867
v -0.810749 0.603383 0.700867
v -0.810759 0.603284 0.704466
v -0.810759 0.603284 0.704466
v -0.810759 0.603284 0.704466
v -0.794109 0.736617 0.708133
v -0.794109 0.736617 0.708133
v -0.794109 0.736617 0.708133
v -0.794081 0.736716 0.704534
v -0.794081 0.736716 0.704534
v -0.794081 0.736716 0.704534
v -0.755237 0.869951 0.711799
v -0.755237 0.869951 0.711799
v -0.755193 0.870049 0.708201
v -0.771764 0.800000 0.430000
v -0.771764 0.800000 0.430000
v -0.771764 0.800000 0.430000
v -0.771764 0.837000 0.590000
v -0.771764 0.837000 0.590000
v -0.771764 0.837000 0.590000
v -0.771764 0.837000 0.430000
v -0.771764 0.837000 0.430000
v -0.771764 0.837000 0.430000
v -0.787764 0.837000 0.590000
v -0.787764 0.837000 0.590000
v -0.787764 0.837000 0.590000
v -0.787764 0.837000 0.430000
v -0.787764 0.837000 0.430000
v -0.787764 0.837000 0.430000
v -0.787764 0.800000 0.590000
v -0.787764 0.800000 0.590000
v -0.787764 0.800000 0.590000
v -0.771764 0.800000 0.590000
v -0.771764 0.800000 0.590000
v -0.771764 0.800000 0.590000
v -0.787764 0.800000 0.430000
v -0.787764 0.800000 0.430000
v -0.787764 0.800000 0.430000
v -0.590000 0.340000 1.570000
v -0.788000 0.340000 1.570000
v -0.782000 0.178000 1.594000
v -0.595000 0.178000 1.594000
v -0.595000 0.178000 1.593000
v -0.782000 0.178000 1.593000
v -0.788000 0.340000 1.569000
v -0.590000 0.340000 1.569000
v -0.590000 0.340000 -0.840000
v -0.788000 0.340000 -0.840000
v -0.782000 0.178000 -0.816000
v -0.595000 0.178000 -0.816000
v -0.595000 0.178000 -0.817000
v -0.782000 0.178000 -0.817000
v -0.788000 0.340000 -0.841000
v -0.590000 0.340000 -0.841000
v 0.700000 0.795000 2.070000
v 0.700000 0.795000 2.070000
v 0.700000 0.795000 2.070000
v 0.700000 0.795000 2.070000
v 0.734207 0.795000 2.035000
v 0.724000 0.905000 1.960000
v 0.724000 0.905000 1.960000
v 0.746505 0.795000 1.960000
v 0.756172 0.795000 1.860000
v 0.763870 0.795000 1.780000
v 0.763870 0.795000 1.780000
v 0.762909 0.795000 1.790000
v 0.783642 0.600000 1.780000
v 0.783642 0.600000 1.780000
v 0.784000 0.570000 1.780000
v 0.784000 0.570000 1.780000
v 0.797534 0.600000 1.570000
v 0.796706 0.620000 1.570000
v 0.783006 0.620000 1.780000
v 0.783006 0.620000 1.780000
v 0.782320 0.635000 1.780000
v 0.782320 0.635000 1.780000
v 0.778741 0.685000 1.780000
v 0.778741 0.685000 1.780000
v 0.771823 0.745000 1.780000
v 0.771823 0.745000 1.780000
v 0.778121 0.766000 1.570000
v 0.774302 0.784000 1.570000
v 0.771803 0.795000 1.570000
v 0.796800 0.558000 1.570000
v 0.795814 0.635000 1.570000
v 0.798000 0.570000 1.570000
v 0.791156 0.685000 1.570000
v 0.791710 0.685000 1.553000
v 0.746093 0.886441 1.553000
v 0.746093 0.886441 1.553000
v 0.746000 0.887000 1.570000
v 0.746000 0.887000 1.570000
v 0.782152 0.745000 1.570000
v 0.797452 0.558000 1.553000
v 0.798652 0.570000 1.553000
v 0.796434 0.635000 1.553000
v 0.783002 0.745000 1.535968
v 0.782578 0.745000 1.553000
v 0.798105 0.558000 1.535968
v 0.800001 0.558000 1.486538
v 0.799305 0.570000 1.535968
v 0.792265 0.685000 1.535968
v 0.797056 0.635000 1.535968
v 0.746457 0.884256 1.486538
v 0.746457 0.884256 1.486538
v 0.746186 0.885881 1.535968
v 0.746186 0.885881 1.535968
v 0.804059 0.582708 1.409549
v 0.804059 0.582708 1.409549
v 0.804059 0.582708 1.409549
v 0.804059 0.582708 1.409549
v 0.801201 0.570000 1.486538
v 0.798859 0.635000 1.486538
v 0.793870 0.685000 1.486538
v 0.746879 0.881725 1.409549
v 0.746879 0.881725 1.409549
v 0.784225 0.745000 1.486538
v 0.801664 0.635000 1.409549
v 0.788423 0.745000 1.312538
v 0.796359 0.685000 1.409549
v 0.747411 0.878536 1.312538
v 0.747411 0.878536 1.312538
v 0.786103 0.745000 1.409549
v 0.804942 0.637961 1.312538
v 0.804942 0.637961 1.312538
v 0.804942 0.637961 1.312538
v 0.804942 0.637961 1.312538
v 0.806793 0.657000 1.205000
v 0.806793 0.657000 1.205000
v 0.806793 0.657000 1.205000
v 0.799475 0.685000 1.312538
v 0.790930 0.745000 1.205000
v 0.748000 0.875000 1.205000
v 0.748000 0.875000 1.205000
v 0.802901 0.685000 1.205000
v 0.802408 0.685000 1.097462
v 0.790681 0.745000 1.097462
v 0.748906 0.874321 1.097462
v 0.748906 0.874321 1.097462
v 0.801964 0.685000 1.000451
v 0.802887 0.496648 0.923462
v 0.802887 0.496648 0.923462
v 0.802887 0.496648 0.923462
v 0.802887 0.496648 0.923462
v 0.810222 0.570000 0.923462
v 0.807915 0.635000 1.000451
v 0.810601 0.582708 1.000451
v 0.810601 0.582708 1.000451
v 0.810601 0.582708 1.000451
v 0.810601 0.582708 1.000451
v 0.807472 0.635000 0.923462
v 0.790460 0.745000 1.000451
v 0.767156 0.370206 0.874032
v 0.800910 0.480000 0.874032
v 0.809910 0.570000 0.874032
v 0.807187 0.635000 0.874032
v 0.801613 0.685000 0.923462
v 0.790286 0.745000 0.923462
v 0.725802 0.300000 0.857000
v 0.809802 0.570000 0.857000
v 0.807089 0.635000 0.857000
v 0.801388 0.685000 0.874032
v 0.790176 0.745000 0.874032
v 0.704000 0.255000 0.730000
v 0.704000 0.255000 0.730000
v 0.704000 0.255000 0.730000
v 0.725000 0.300000 0.730000
v 0.800802 0.480000 0.857000
v 0.800000 0.480000 0.730000
v 0.790138 0.745000 0.857000
v 0.801311 0.685000 0.857000
v 0.809000 0.570000 0.730000
v 0.808962 0.570000 0.710000
v 0.806359 0.635000 0.730000
v 0.800735 0.685000 0.730000
v 0.751962 0.872000 0.710000
v 0.751962 0.872000 0.710000
v 0.751962 0.872000 0.710000
v 0.789860 0.745000 0.730000
v 0.724962 0.300000 0.710000
v 0.799962 0.480000 0.710000
v 0.808000 0.570000 0.200000
v 0.806322 0.635000 0.710000
v 0.789822 0.745000 0.710000
v 0.800697 0.685000 0.710000
v 0.724000 0.300000 0.200000
v 0.703000 0.255000 0.200000
v 0.703000 0.255000 0.200000
v 0.703000 0.255000 0.200000
v 0.723000 0.300000 -0.500000
v 0.799000 0.480000 0.200000
v 0.807000 0.570000 -0.500000
v 0.804577 0.635000 -0.500000
v 0.805359 0.635000 0.200000
v 0.799415 0.685000 -0.500000
v 0.799735 0.685000 0.200000
v 0.788860 0.745000 0.200000
v 0.751000 0.872000 0.200000
v 0.751000 0.872000 0.200000
v 0.716467 0.300000 -0.780000
v 0.798000 0.480000 -0.500000
v 0.793732 0.685000 -0.780000
v 0.784870 0.745000 -0.780000
v 0.789435 0.745000 -0.500000
v 0.695000 0.255000 -0.800000
v 0.695000 0.255000 -0.800000
v 0.695000 0.255000 -0.800000
v 0.695467 0.255000 -0.780000
v 0.695467 0.255000 -0.780000
v 0.791467 0.480000 -0.780000
v 0.791000 0.480000 -0.800000
v 0.800467 0.570000 -0.780000
v 0.798315 0.635000 -0.780000
v 0.744333 0.902000 -0.780000
v 0.744333 0.902000 -0.780000
v 0.716000 0.300000 -0.800000
v 0.800563 0.570000 -0.857000
v 0.797866 0.635000 -0.800000
v 0.800000 0.570000 -0.800000
v 0.792749 0.685000 -0.857000
v 0.793321 0.685000 -0.800000
v 0.782469 0.745000 -0.857000
v 0.784534 0.745000 -0.800000
v 0.716563 0.300000 -0.857000
v 0.791731 0.480000 -0.874032
v 0.791563 0.480000 -0.857000
v 0.798067 0.635000 -0.857000
v 0.792555 0.685000 -0.874032
v 0.737054 0.890936 -0.874032
v 0.737054 0.890936 -0.874032
v 0.794942 0.507228 -0.923462
v 0.794942 0.507228 -0.923462
v 0.794942 0.507228 -0.923462
v 0.794942 0.507228 -0.923462
v 0.761245 0.375769 -0.874032
v 0.800731 0.570000 -0.874032
v 0.798250 0.635000 -0.923462
v 0.798119 0.635000 -0.874032
v 0.781798 0.745000 -0.874032
v 0.779695 0.745000 -0.923462
v 0.801219 0.570000 -0.923462
v 0.798383 0.635000 -1.000451
v 0.790721 0.685000 -1.000451
v 0.791924 0.685000 -0.923462
v 0.732416 0.882880 -0.923462
v 0.732416 0.882880 -0.923462
v 0.788750 0.685000 -1.097462
v 0.770083 0.745000 -1.097462
v 0.725192 0.870334 -1.000451
v 0.725192 0.870334 -1.000451
v 0.775909 0.745000 -1.000451
v 0.795172 0.655080 -1.097462
v 0.795172 0.655080 -1.097462
v 0.795172 0.655080 -1.097462
v 0.795172 0.655080 -1.097462
v 0.788844 0.675000 -1.205000
v 0.788844 0.675000 -1.205000
v 0.788844 0.675000 -1.205000
v 0.761900 0.745000 -1.205000
v 0.706000 0.837000 -1.205000
v 0.706000 0.837000 -1.205000
v 0.787797 0.655080 -1.312538
v 0.787797 0.655080 -1.312538
v 0.787797 0.655080 -1.312538
v 0.787797 0.655080 -1.312538
v 0.785820 0.685000 -1.205000
v 0.751560 0.745000 -1.312538
v 0.787147 0.635000 -1.409549
v 0.741117 0.745000 -1.409549
v 0.778521 0.685000 -1.312538
v 0.704441 0.817051 -1.312538
v 0.704441 0.817051 -1.312538
v 0.793217 0.597270 -1.409549
v 0.793217 0.597270 -1.409549
v 0.793217 0.597270 -1.409549
v 0.793217 0.597270 -1.409549
v 0.790092 0.591000 -1.486538
v 0.782789 0.635000 -1.486538
v 0.771455 0.685000 -1.409549
v 0.765420 0.685000 -1.486538
v 0.731838 0.745000 -1.486538
v 0.703036 0.799055 -1.409549
v 0.703036 0.799055 -1.409549
v 0.787739 0.591000 -1.535968
v 0.779911 0.635000 -1.535968
v 0.761293 0.685000 -1.535968
v 0.725298 0.745000 -1.535968
v 0.701203 0.775603 -1.535968
v 0.701203 0.775603 -1.535968
v 0.701920 0.784773 -1.486538
v 0.701920 0.784773 -1.486538
v 0.787069 0.591000 -1.550000
v 0.760080 0.685000 -1.550000
v 0.723345 0.745000 -1.550000
v 0.786746 0.591000 -1.553000
v 0.779080 0.635000 -1.550000
v 0.759615 0.685000 -1.553000
v 0.778716 0.635000 -1.553000
v 0.757457 0.635000 -1.720000
v 0.730738 0.685000 -1.720000
v 0.694000 0.730000 -1.720000
v 0.694000 0.730000 -1.720000
v 0.722686 0.745000 -1.553000
v 0.762131 0.591000 -1.755000
v 0.768691 0.591000 -1.720000
v 0.758758 0.591000 -1.773000
v 0.750386 0.635000 -1.755000
v 0.750386 0.635000 -1.755000
v 0.722452 0.685000 -1.755000
v 0.718191 0.685000 -1.773000
v 0.689000 0.725000 -1.755000
v 0.696768 0.685000 -1.860000
v 0.674000 0.710000 -1.860000
v 0.674000 0.710000 -1.860000
v 0.686429 0.722429 -1.773000
v 0.686429 0.722429 -1.773000
v 0.742425 0.591000 -1.860000
v 0.725820 0.591000 -1.905000
v 0.693120 0.651000 -1.905000
v 0.693120 0.651000 -1.905000
v 0.666000 0.682000 -1.905000
v 0.666000 0.682000 -1.905000
v 0.666000 0.682000 -1.905000
v 0.706695 0.591000 -1.948000
v 0.714701 0.591000 -1.930000
v 0.714701 0.591000 -1.930000
v 0.661349 0.655837 -1.930000
v 0.665773 0.651000 -1.930000
v 0.665773 0.651000 -1.930000
v 0.665773 0.651000 -1.930000
v 0.658000 0.637000 -1.948000
v 0.658000 0.637000 -1.948000
v 0.658000 0.637000 -1.948000
v 0.700990 0.591000 -1.965000
v 0.700990 0.591000 -1.965000
v 0.700990 0.591000 -1.965000
v 0.700990 0.591000 -1.965000
v 0.657999 0.635000 -1.965000
v 0.661176 0.635000 -1.948000
v 0.655000 0.637000 -1.965000
v 0.655000 0.637000 -1.965000
v 0.655000 0.637000 -1.965000
v 0.710869 0.268000 0.857000
v 0.710869 0.268000 0.857000
v 0.775208 0.388208 0.874032
v 0.775208 0.388208 0.874032
v 0.775208 0.388208 0.874032
v 0.775157 0.370208 0.874032
v 0.775157 0.370208 0.874032
v 0.775157 0.370208 0.874032
v 0.775157 0.370208 0.874032
v 0.775157 0.370208 0.874032
v 0.808843 0.478648 0.923462
v 0.808843 0.478648 0.923462
v 0.808843 0.478648 0.923462
v 0.808843 0.478648 0.923462
v 0.808843 0.478648 0.923462
v 0.818179 0.564708 1.000451
v 0.818179 0.564708 1.000451
v 0.818179 0.564708 1.000451
v 0.818179 0.564708 1.000451
v 0.818179 0.564708 1.000451
v 0.808208 0.637961 1.097462
v 0.808208 0.637961 1.097462
v 0.808208 0.637961 1.097462
v 0.808208 0.637961 1.097462
v 0.817639 0.619961 1.097462
v 0.817639 0.619961 1.097462
v 0.817639 0.619961 1.097462
v 0.817639 0.619961 1.097462
v 0.817639 0.619961 1.097462
v 0.814290 0.619961 1.312538
v 0.814290 0.619961 1.312538
v 0.814290 0.619961 1.312538
v 0.814290 0.619961 1.312538
v 0.814290 0.619961 1.312538
v 0.811625 0.564708 1.409549
v 0.811625 0.564708 1.409549
v 0.811625 0.564708 1.409549
v 0.811625 0.564708 1.409549
v 0.811625 0.564708 1.409549
v 0.793866 0.496648 1.486538
v 0.793866 0.496648 1.486538
v 0.793866 0.496648 1.486538
v 0.764603 0.388208 1.535968
v 0.764603 0.388208 1.535968
v 0.764603 0.388208 1.535968
v 0.699719 0.268000 1.553000
v 0.699719 0.268000 1.553000
v 0.701652 0.250000 1.553000
v 0.701652 0.250000 1.553000
v 0.764552 0.370208 1.535968
v 0.764552 0.370208 1.535968
v 0.764552 0.370208 1.535968
v 0.764552 0.370208 1.535968
v 0.764552 0.370208 1.535968
v 0.712802 0.250000 0.857000
v 0.712802 0.250000 0.857000
v 0.550000 0.250000 0.857000
v 0.550000 0.250000 0.857000
v 0.550000 0.478648 0.923462
v 0.550000 0.478648 0.923462
v 0.550000 0.478648 0.923462
v 0.550000 0.564708 1.000451
v 0.550000 0.564708 1.000451
v 0.550000 0.564708 1.000451
v 0.816724 0.639000 1.205000
v 0.816724 0.639000 1.205000
v 0.816724 0.639000 1.205000
v 0.816724 0.639000 1.205000
v 0.816724 0.639000 1.205000
v 0.816724 0.639000 1.205000
v 0.550000 0.639000 1.205000
v 0.550000 0.639000 1.205000
v 0.550000 0.639000 1.205000
v 0.799823 0.478648 1.486538
v 0.799823 0.478648 1.486538
v 0.799823 0.478648 1.486538
v 0.799823 0.478648 1.486538
v 0.799823 0.478648 1.486538
v 0.550000 0.478648 1.486538
v 0.550000 0.478648 1.486538
v 0.550000 0.478648 1.486538
v 0.550000 0.564708 1.409549
v 0.550000 0.564708 1.409549
v 0.550000 0.564708 1.409549
v 0.550000 0.255000 0.857000
v 0.550000 0.255000 0.857000
v 0.550000 0.255000 0.874032
v 0.550000 0.370208 0.874032
v 0.550000 0.370208 0.874032
v 0.550000 0.370208 0.874032
v 0.550000 0.370208 0.874032
v 0.550000 0.255000 0.923462
v 0.550000 0.255000 1.000451
v 0.550000 0.619961 1.097462
v 0.550000 0.619961 1.097462
v 0.550000 0.619961 1.097462
v 0.550000 0.255000 1.097462
v 0.550000 0.255000 1.205000
v 0.550000 0.255000 1.312538
v 0.550000 0.619961 1.312538
v 0.550000 0.619961 1.312538
v 0.550000 0.619961 1.312538
v 0.550000 0.255000 1.409549
v 0.550000 0.255000 1.486538
v 0.550000 0.255000 1.535968
v 0.550000 0.255000 1.535968
v 0.550000 0.255000 1.553000
v 0.550000 0.250000 1.553000
v 0.550000 0.250000 1.553000
v 0.550000 0.250000 1.553000
v 0.550000 0.370208 1.535968
v 0.550000 0.370208 1.535968
v 0.550000 0.370208 1.535968
v 0.688749 0.268000 -1.553000
v 0.688749 0.268000 -1.553000
v 0.755506 0.393770 -1.535968
v 0.755506 0.393770 -1.535968
v 0.755506 0.393770 -1.535968
v 0.784666 0.507229 -1.486538
v 0.784666 0.507229 -1.486538
v 0.784666 0.507229 -1.486538
v 0.802364 0.579270 -1.409549
v 0.802364 0.579270 -1.409549
v 0.802364 0.579270 -1.409549
v 0.802364 0.579270 -1.409549
v 0.802364 0.579270 -1.409549
v 0.790866 0.489229 -1.486538
v 0.790866 0.489229 -1.486538
v 0.790866 0.489229 -1.486538
v 0.790866 0.489229 -1.486538
v 0.790866 0.489229 -1.486538
v 0.800040 0.637080 -1.312538
v 0.800040 0.637080 -1.312538
v 0.800040 0.637080 -1.312538
v 0.800040 0.637080 -1.312538
v 0.800040 0.637080 -1.312538
v 0.809907 0.579270 -1.000451
v 0.809907 0.579270 -1.000451
v 0.809907 0.579270 -1.000451
v 0.809907 0.579270 -1.000451
v 0.809907 0.579270 -1.000451
v 0.806111 0.637080 -1.097462
v 0.806111 0.637080 -1.097462
v 0.806111 0.637080 -1.097462
v 0.806111 0.637080 -1.097462
v 0.806111 0.637080 -1.097462
v 0.801347 0.597270 -1.000451
v 0.801347 0.597270 -1.000451
v 0.801347 0.597270 -1.000451
v 0.801347 0.597270 -1.000451
v 0.767587 0.393770 -0.874032
v 0.767587 0.393770 -0.874032
v 0.767587 0.393770 -0.874032
v 0.769246 0.375770 -0.874032
v 0.769246 0.375770 -0.874032
v 0.769246 0.375770 -0.874032
v 0.769246 0.375770 -0.874032
v 0.769246 0.375770 -0.874032
v 0.701630 0.268000 -0.857000
v 0.701630 0.268000 -0.857000
v 0.703563 0.250000 -0.857000
v 0.703563 0.250000 -0.857000
v 0.690682 0.250000 -1.553000
v 0.690682 0.250000 -1.553000
v 0.757166 0.375770 -1.535968
v 0.757166 0.375770 -1.535968
v 0.757166 0.375770 -1.535968
v 0.757166 0.375770 -1.535968
v 0.757166 0.375770 -1.535968
v 0.550000 0.375770 -1.535968
v 0.550000 0.375770 -1.535968
v 0.550000 0.375770 -1.535968
v 0.550000 0.375770 -1.535968
v 0.550000 0.250000 -1.553000
v 0.550000 0.250000 -1.553000
v 0.550000 0.489229 -1.486538
v 0.550000 0.489229 -1.486538
v 0.550000 0.489229 -1.486538
v 0.550000 0.579270 -1.409549
v 0.550000 0.579270 -1.409549
v 0.550000 0.579270 -1.409549
v 0.801595 0.657000 -1.205000
v 0.801595 0.657000 -1.205000
v 0.801595 0.657000 -1.205000
v 0.801595 0.657000 -1.205000
v 0.801595 0.657000 -1.205000
v 0.801595 0.657000 -1.205000
v 0.550000 0.579270 -1.000451
v 0.550000 0.579270 -1.000451
v 0.550000 0.579270 -1.000451
v 0.550000 0.637080 -1.097462
v 0.550000 0.637080 -1.097462
v 0.550000 0.637080 -1.097462
v 0.801142 0.489229 -0.923462
v 0.801142 0.489229 -0.923462
v 0.801142 0.489229 -0.923462
v 0.801142 0.489229 -0.923462
v 0.801142 0.489229 -0.923462
v 0.550000 0.250000 -0.857000
v 0.550000 0.250000 -0.857000
v 0.550000 0.250000 -0.857000
v 0.550000 0.255000 -1.553000
v 0.550000 0.255000 -1.553000
v 0.550000 0.255000 -1.535968
v 0.550000 0.255000 -1.486538
v 0.550000 0.255000 -1.409549
v 0.550000 0.637080 -1.312538
v 0.550000 0.637080 -1.312538
v 0.550000 0.637080 -1.312538
v 0.550000 0.255000 -1.312538
v 0.550000 0.255000 -1.205000
v 0.550000 0.657000 -1.205000
v 0.550000 0.657000 -1.205000
v 0.550000 0.657000 -1.205000
v 0.550000 0.255000 -1.097462
v 0.550000 0.255000 -1.000451
v 0.550000 0.255000 -0.923462
v 0.550000 0.489229 -0.923462
v 0.550000 0.489229 -0.923462
v 0.550000 0.489229 -0.923462
v 0.550000 0.255000 -0.874032
v 0.550000 0.255000 -0.874032
v 0.550000 0.375770 -0.874032
v 0.550000 0.375770 -0.874032
v 0.550000 0.375770 -0.874032
v 0.550000 0.255000 -0.857000
v 0.790764 0.730513 -0.728275
v 0.790764 0.730513 -0.728275
v 0.790874 0.729487 -0.731725
v 0.748348 0.897487 -0.781725
v 0.748348 0.897487 -0.781725
v 0.748007 0.898513 -0.778275
v 0.790835 0.729716 -0.731777
v 0.790803 0.730284 -0.728223
v 0.790803 0.730284 -0.728223
v 0.796137 0.480284 -0.688223
v 0.796137 0.480284 -0.688223
v 0.795946 0.479716 -0.691777
v 0.803927 0.604716 -0.711777
v 0.803927 0.604716 -0.711777
v 0.803927 0.604716 -0.711777
v 0.803927 0.604716 -0.711777
v 0.803988 0.605284 -0.708223
v 0.803988 0.605284 -0.708223
v 0.745529 0.340377 -0.658240
v 0.745529 0.340377 -0.658240
v 0.745004 0.339623 -0.661760
v 0.795920 0.479623 -0.691760
v 0.795920 0.479623 -0.691760
v 0.796145 0.480377 -0.688240
v 0.727058 0.307371 -0.618834
v 0.725392 0.304629 -0.621166
v 0.744434 0.338629 -0.661166
v 0.746100 0.341371 -0.658834
v 0.730164 0.307800 -0.442857
v 0.730164 0.307800 -0.442857
v 0.728049 0.304200 -0.442857
v 0.728049 0.304200 -0.442857
v 0.725168 0.304200 -0.620000
v 0.727283 0.307800 -0.620000
v 0.728302 0.304200 -0.265714
v 0.728302 0.304200 -0.265714
v 0.730417 0.307800 -0.265714
v 0.730417 0.307800 -0.265714
v 0.728808 0.304200 0.088571
v 0.728808 0.304200 0.088571
v 0.728808 0.304200 0.088571
v 0.728555 0.304200 -0.088571
v 0.728555 0.304200 -0.088571
v 0.730670 0.307800 -0.088571
v 0.730670 0.307800 -0.088571
v 0.731206 0.307800 0.265714
v 0.731206 0.307800 0.265714
v 0.731206 0.307800 0.265714
v 0.730923 0.307800 0.088571
v 0.730923 0.307800 0.088571
v 0.731541 0.307800 0.442857
v 0.731541 0.307800 0.442857
v 0.729091 0.304200 0.265714
v 0.729091 0.304200 0.265714
v 0.731875 0.307800 0.620000
v 0.729760 0.304200 0.620000
v 0.729760 0.304200 0.620000
v 0.729426 0.304200 0.442857
v 0.729426 0.304200 0.442857
v 0.745952 0.331610 0.667195
v 0.744064 0.328390 0.668805
v 0.744064 0.328390 0.668805
v 0.729873 0.304390 0.620805
v 0.731762 0.307610 0.619195
v 0.731762 0.307610 0.619195
v 0.799747 0.470389 0.697243
v 0.799536 0.469611 0.700757
v 0.799536 0.469611 0.700757
v 0.744783 0.329611 0.669757
v 0.745233 0.330389 0.666243
v 0.745233 0.330389 0.666243
v 0.799631 0.469951 0.700799
v 0.799652 0.470049 0.697201
v 0.799652 0.470049 0.697201
v 0.794109 0.736617 0.708133
v 0.794109 0.736617 0.708133
v 0.794109 0.736617 0.708133
v 0.810759 0.603284 0.704466
v 0.810759 0.603284 0.704466
v 0.810759 0.603284 0.704466
v 0.810749 0.603383 0.700867
v 0.810749 0.603383 0.700867
v 0.810749 0.603383 0.700867
v 0.755193 0.870049 0.708201
v 0.755237 0.869951 0.711799
v 0.755237 0.869951 0.711799
v 0.794081 0.736716 0.704534
v 0.794081 0.736716 0.704534
v 0.794081 0.736716 0.704534
v 0.787764 0.800000 0.590000
v 0.787764 0.800000 0.590000
v 0.787764 0.800000 0.590000
v 0.771764 0.837000 0.590000
v 0.771764 0.837000 0.590000
v 0.771764 0.837000 0.590000
v 0.787764 0.837000 0.590000
v 0.787764 0.837000 0.590000
v 0.787764 0.837000 0.590000
v 0.787764 0.837000 0.430000
v 0.787764 0.837000 0.430000
v 0.787764 0.837000 0.430000
v 0.771764 0.800000 0.430000
v 0.771764 0.800000 0.430000
v 0.771764 0.800000 0.430000
v 0.787764 0.800000 0.430000
v 0.787764 0.800000 0.430000
v 0.787764 0.800000 0.430000
v 0.771764 0.800000 0.590000
v 0.771764 0.800000 0.590000
v 0.771764 0.800000 0.590000
v 0.771764 0.837000 0.430000
v 0.771764 0.837000 0.430000
v 0.771764 0.837000 0.430000
v 0.595000 0.178000 1.594000
v 0.782000 0.178000 1.594000
v 0.788000 0.340000 1.570000
v 0.590000 0.340000 1.570000
v 0.590000 0.340000 1.569000
v 0.788000 0.340000 1.569000
v 0.782000 0.178000 1.593000
v 0.595000 0.178000 1.593000
v 0.595000 0.178000 -0.816000
v 0.782000 0.178000 -0.816000
v 0.788000 0.340000 -0.840000
v 0.590000 0.340000 -0.840000
v 0.590000 0.340000 -0.841000
v 0.788000 0.340000 -0.841000
v 0.782000 0.178000 -0.817000
v 0.595000 0.178000 -0.817000
v -0.738652 0.893711 -0.857000
v -0.738652 0.893711 -0.857000
v -0.629000 0.909847 -0.800000
v -0.355000 0.917327 -0.800000
v -0.355000 0.912154 -0.857000
v -0.629000 0.902266 -0.857000
v 0.355000 0.917327 -0.800000
v 0.629000 0.909847 -0.800000
v 0.000000 0.914356 -0.857000
v 0.355000 0.912154 -0.857000
v 0.629000 0.902266 -0.857000
v 0.738652 0.893711 -0.857000
v 0.738652 0.893711 -0.857000
v -0.629000 0.899974 -0.874032
v -0.629000 0.893251 -0.923462
v -0.355000 0.910604 -0.874032
v -0.355000 0.906097 -0.923462
v 0.000000 0.912968 -0.874032
v 0.355000 0.910604 -0.874032
v 0.629000 0.899974 -0.874032
v 0.000000 0.908940 -0.923462
v 0.000000 0.902667 -1.000451
v -0.355000 0.899043 -1.000451
v 0.355000 0.906097 -0.923462
v 0.355000 0.899043 -1.000451
v 0.629000 0.893251 -0.923462
v -0.716090 0.854525 -1.097462
v -0.716090 0.854525 -1.097462
v -0.629000 0.882560 -1.000451
v -0.355000 0.890094 -1.097462
v 0.629000 0.882560 -1.000451
v 0.629000 0.868681 -1.097462
v -0.629000 0.868681 -1.097462
v -0.629000 0.852720 -1.205000
v 0.000000 0.886000 -1.205000
v -0.355000 0.880090 -1.205000
v 0.000000 0.894762 -1.097462
v 0.355000 0.890094 -1.097462
v 0.355000 0.880090 -1.205000
v 0.716090 0.854525 -1.097462
v 0.716090 0.854525 -1.097462
v 0.629000 0.852720 -1.205000
v -0.629000 0.832232 -1.312538
v -0.355000 0.859284 -1.312538
v -0.355000 0.840515 -1.409549
v 0.000000 0.865116 -1.312538
v 0.000000 0.846276 -1.409549
v 0.355000 0.859284 -1.312538
v 0.355000 0.840515 -1.409549
v 0.629000 0.832232 -1.312538
v -0.703036 0.799055 -1.409549
v -0.703036 0.799055 -1.409549
v -0.629000 0.813756 -1.409549
v -0.355000 0.825620 -1.486538
v -0.629000 0.799097 -1.486538
v 0.629000 0.813756 -1.409549
v 0.629000 0.799097 -1.486538
v -0.701203 0.775603 -1.535968
v -0.701203 0.775603 -1.535968
v 0.000000 0.831325 -1.486538
v 0.355000 0.816058 -1.535968
v 0.355000 0.825620 -1.486538
v 0.629000 0.789687 -1.535968
v -0.629000 0.789687 -1.535968
v -0.355000 0.816058 -1.535968
v -0.629000 0.787016 -1.550000
v 0.000000 0.819000 -1.550000
v 0.000000 0.821725 -1.535968
v 0.355000 0.813343 -1.550000
v 0.701000 0.773000 -1.550000
v 0.701000 0.773000 -1.550000
v 0.629000 0.787016 -1.550000
v -0.701000 0.773000 -1.550000
v -0.701000 0.773000 -1.550000
v -0.629000 0.786244 -1.553000
v -0.355000 0.813343 -1.550000
v -0.355000 0.812597 -1.553000
v 0.000000 0.818259 -1.553000
v 0.700876 0.772241 -1.553000
v 0.700876 0.772241 -1.553000
v 0.355000 0.771058 -1.720000
v 0.355000 0.812597 -1.553000
v 0.629000 0.786244 -1.553000
v 0.629000 0.743217 -1.720000
v -0.629000 0.732369 -1.773000
v -0.629000 0.743217 -1.720000
v -0.355000 0.756390 -1.773000
v -0.355000 0.771058 -1.720000
v 0.000000 0.777000 -1.720000
v 0.355000 0.756390 -1.773000
v 0.000000 0.736000 -1.860000
v 0.000000 0.761479 -1.773000
v 0.355000 0.732435 -1.860000
v 0.629000 0.732369 -1.773000
v -0.629000 0.715402 -1.860000
v -0.629000 0.687966 -1.905000
v -0.355000 0.732435 -1.860000
v -0.355000 0.711181 -1.905000
v 0.355000 0.711181 -1.905000
v 0.629000 0.715402 -1.860000
v 0.629000 0.687966 -1.905000
v -0.629000 0.643785 -1.948000
v -0.629000 0.643785 -1.948000
v -0.629000 0.643785 -1.948000
v -0.355000 0.677962 -1.948000
v 0.000000 0.716000 -1.905000
v -0.629000 0.642250 -1.965000
v -0.355000 0.671910 -1.965000
v 0.000000 0.685000 -1.948000
v 0.355000 0.677962 -1.948000
v 0.355000 0.671910 -1.965000
v 0.629000 0.643785 -1.948000
v 0.629000 0.643785 -1.948000
v 0.629000 0.642250 -1.965000
v -0.628000 0.903428 -0.857000
v -0.628000 0.903428 -0.857000
v -0.628000 0.903428 -0.857000
v -0.631000 0.903240 -0.857000
v -0.631000 0.903240 -0.857000
v -0.631000 0.903240 -0.857000
v -0.631000 0.910852 -0.800000
v -0.631000 0.910852 -0.800000
v -0.628000 0.910995 -0.800000
v -0.628000 0.901141 -0.874032
v -0.628000 0.901141 -0.874032
v -0.628000 0.901141 -0.874032
v -0.631000 0.894188 -0.923462
v -0.631000 0.894188 -0.923462
v -0.631000 0.894188 -0.923462
v -0.631000 0.900939 -0.874032
v -0.631000 0.900939 -0.874032
v -0.631000 0.900939 -0.874032
v -0.628000 0.894432 -0.923462
v -0.628000 0.894432 -0.923462
v -0.628000 0.894432 -0.923462
v -0.628000 0.869917 -1.097462
v -0.628000 0.869917 -1.097462
v -0.628000 0.869917 -1.097462
v -0.631000 0.869508 -1.097462
v -0.631000 0.869508 -1.097462
v -0.631000 0.869508 -1.097462
v -0.631000 0.883450 -1.000451
v -0.631000 0.883450 -1.000451
v -0.631000 0.883450 -1.000451
v -0.628000 0.883765 -1.000451
v -0.628000 0.883765 -1.000451
v -0.628000 0.883765 -1.000451
v -0.628000 0.853995 -1.205000
v -0.628000 0.853995 -1.205000
v -0.628000 0.853995 -1.205000
v -0.631000 0.853470 -1.205000
v -0.631000 0.853470 -1.205000
v -0.631000 0.853470 -1.205000
v -0.631000 0.832986 -1.312538
v -0.631000 0.832986 -1.312538
v -0.631000 0.832986 -1.312538
v -0.628000 0.833505 -1.312538
v -0.628000 0.833505 -1.312538
v -0.628000 0.833505 -1.312538
v -0.628000 0.800366 -1.486538
v -0.628000 0.800366 -1.486538
v -0.631000 0.814513 -1.409549
v -0.631000 0.814513 -1.409549
v -0.628000 0.815026 -1.409549
v -0.628000 0.815026 -1.409549
v -0.631000 0.790449 -1.535968
v -0.631000 0.790449 -1.535968
v -0.631000 0.799857 -1.486538
v -0.631000 0.799857 -1.486538
v -0.628000 0.790955 -1.535968
v -0.628000 0.790955 -1.535968
v -0.631000 0.787779 -1.550000
v -0.631000 0.787779 -1.550000
v -0.631000 0.787779 -1.550000
v -0.628000 0.788284 -1.550000
v -0.628000 0.788284 -1.550000
v -0.628000 0.788284 -1.550000
v -0.628000 0.744495 -1.720000
v -0.628000 0.744495 -1.720000
v -0.628000 0.744495 -1.720000
v -0.631000 0.787006 -1.553000
v -0.631000 0.787006 -1.553000
v -0.631000 0.787006 -1.553000
v -0.628000 0.787512 -1.553000
v -0.628000 0.787512 -1.553000
v -0.628000 0.787512 -1.553000
v -0.628000 0.733623 -1.773000
v -0.628000 0.733623 -1.773000
v -0.631000 0.733160 -1.773000
v -0.631000 0.743960 -1.720000
v -0.631000 0.743960 -1.720000
v -0.631000 0.743960 -1.720000
v 0.628000 0.910995 -0.800000
v 0.631000 0.910852 -0.800000
v 0.631000 0.910852 -0.800000
v 0.628000 0.903428 -0.857000
v 0.628000 0.903428 -0.857000
v 0.628000 0.903428 -0.857000
v 0.631000 0.903240 -0.857000
v 0.631000 0.903240 -0.857000
v 0.631000 0.903240 -0.857000
v 0.631000 0.900939 -0.874032
v 0.631000 0.900939 -0.874032
v 0.631000 0.900939 -0.874032
v 0.628000 0.901141 -0.874032
v 0.628000 0.901141 -0.874032
v 0.628000 0.901141 -0.874032
v 0.628000 0.894432 -0.923462
v 0.628000 0.894432 -0.923462
v 0.628000 0.894432 -0.923462
v 0.631000 0.894188 -0.923462
v 0.631000 0.894188 -0.923462
v 0.631000 0.894188 -0.923462
v 0.628000 0.883765 -1.000451
v 0.628000 0.883765 -1.000451
v 0.628000 0.883765 -1.000451
v 0.631000 0.883450 -1.000451
v 0.631000 0.883450 -1.000451
v 0.631000 0.883450 -1.000451
v 0.628000 0.869917 -1.097462
v 0.628000 0.869917 -1.097462
v 0.628000 0.869917 -1.097462
v 0.631000 0.869508 -1.097462
v 0.631000 0.869508 -1.097462
v 0.631000 0.869508 -1.097462
v 0.628000 0.853995 -1.205000
v 0.628000 0.853995 -1.205000
v 0.628000 0.853995 -1.205000
v 0.631000 0.853470 -1.205000
v 0.631000 0.853470 -1.205000
v 0.631000 0.853470 -1.205000
v 0.631000 0.832986 -1.312538
v 0.631000 0.832986 -1.312538
v 0.631000 0.832986 -1.312538
v 0.628000 0.833505 -1.312538
v 0.628000 0.833505 -1.312538
v 0.628000 0.833505 -1.312538
v 0.631000 0.814513 -1.409549
v 0.631000 0.814513 -1.409549
v 0.628000 0.815026 -1.409549
v 0.628000 0.815026 -1.409549
v 0.631000 0.799857 -1.486538
v 0.631000 0.799857 -1.486538
v 0.628000 0.800366 -1.486538
v 0.628000 0.800366 -1.486538
v 0.631000 0.790449 -1.535968
v 0.631000 0.790449 -1.535968
v 0.628000 0.790955 -1.535968
v 0.628000 0.790955 -1.535968
v 0.631000 0.787779 -1.550000
v 0.631000 0.787779 -1.550000
v 0.631000 0.787779 -1.550000
v 0.628000 0.788284 -1.550000
v 0.628000 0.788284 -1.550000
v 0.628000 0.788284 -1.550000
v 0.631000 0.787006 -1.553000
v 0.631000 0.787006 -1.553000
v 0.631000 0.787006 -1.553000
v 0.628000 0.787512 -1.553000
v 0.628000 0.787512 -1.553000
v 0.628000 0.787512 -1.553000
v 0.631000 0.743960 -1.720000
v 0.631000 0.743960 -1.720000
v 0.631000 0.743960 -1.720000
v 0.628000 0.744495 -1.720000
v 0.628000 0.744495 -1.720000
v 0.628000 0.744495 -1.720000
v 0.631000 0.733160 -1.773000
v 0.628000 0.733623 -1.773000
v 0.628000 0.733623 -1.773000
v -0.719369 0.982000 -0.700000
v -0.719369 0.982000 -0.700000
v -0.611943 1.267000 -0.055000
v -0.611943 1.267000 -0.055000
v -0.613253 1.263000 -0.160000
v -0.613253 1.263000 -0.160000
v -0.613253 1.263000 -0.160000
v -0.599363 1.303000 0.570000
v -0.599363 1.303000 0.570000
v -0.751861 0.897000 0.654000
v -0.751861 0.897000 0.654000
v -0.751782 0.885000 0.622000
v -0.751782 0.885000 0.622000
v -0.752000 0.870000 0.710000
v -0.752000 0.870000 0.710000
v -0.752000 0.870000 0.710000
v -0.751826 0.869000 0.640000
v -0.740105 0.929000 -0.704000
v -0.740105 0.929000 -0.704000
v -0.722015 0.977000 -0.659000
v -0.722015 0.977000 -0.659000
v -0.620430 1.245000 -0.115000
v -0.620430 1.245000 -0.115000
v -0.616242 1.255579 -0.050027
v -0.616242 1.255579 -0.050027
v -0.608952 1.275000 0.005000
v -0.608952 1.275000 0.005000
v -0.613610 1.265864 0.516582
v -0.613610 1.265864 0.516582
v -0.609128 1.278000 0.551000
v -0.609128 1.278000 0.551000
v -0.618665 1.254000 0.598000
v -0.618665 1.254000 0.598000
v -0.747066 0.909629 0.612888
v -0.747066 0.909629 0.612888
v -0.747066 0.909629 0.612888
v -0.745967 0.906000 -0.682000
v -0.745967 0.906000 -0.682000
v -0.738054 0.918045 -0.636272
v -0.738054 0.918045 -0.636272
v -0.738054 0.918045 -0.636272
v -0.736074 0.939550 -0.656843
v -0.736074 0.939550 -0.656843
v -0.736074 0.939550 -0.656843
v -0.741554 0.918045 -0.636272
v -0.741554 0.918045 -0.636272
v -0.741554 0.918045 -0.636272
v -0.719160 0.984429 -0.614767
v -0.719160 0.984429 -0.614767
v -0.732574 0.939550 -0.656843
v -0.732574 0.939550 -0.656843
v -0.732574 0.939550 -0.656843
v -0.620677 1.235010 -0.106128
v -0.620677 1.235010 -0.106128
v -0.715660 0.984429 -0.614767
v -0.715660 0.984429 -0.614767
v -0.624177 1.235010 -0.106128
v -0.624177 1.235010 -0.106128
v -0.609946 1.263059 0.006073
v -0.609946 1.263059 0.006073
v -0.612742 1.255579 -0.050027
v -0.612742 1.255579 -0.050027
v -0.613446 1.263059 0.006073
v -0.613446 1.263059 0.006073
v -0.622527 1.243425 0.560528
v -0.622527 1.243425 0.560528
v -0.622527 1.243425 0.560528
v -0.619027 1.243425 0.560528
v -0.619027 1.243425 0.560528
v -0.619027 1.243425 0.560528
v -0.610110 1.265864 0.516582
v -0.610110 1.265864 0.516582
v -0.743566 0.909629 0.612888
v -0.743566 0.909629 0.612888
v -0.743566 0.909629 0.612888
v -0.746992 0.898409 0.582967
v -0.746992 0.898409 0.582967
v -0.681585 1.091300 0.021500
v -0.743492 0.898409 0.582967
v -0.743492 0.898409 0.582967
v -0.618545 1.255000 0.708000
v -0.618545 1.255000 0.708000
v -0.601499 1.298000 0.640000
v -0.601499 1.298000 0.640000
v -0.612419 1.269000 0.778000
v -0.612419 1.269000 0.778000
v -0.605616 1.282000 0.960000
v -0.605616 1.282000 0.960000
v -0.605616 1.282000 0.960000
v -0.649875 1.164000 1.180000
v -0.649875 1.164000 1.180000
v -0.714441 0.986000 1.747000
v -0.714441 0.986000 1.747000
v -0.637521 1.195000 1.200000
v -0.637521 1.195000 1.200000
v -0.703505 0.951930 1.960000
v -0.703505 0.951930 1.960000
v -0.730548 0.917000 1.860000
v -0.730548 0.917000 1.860000
v -0.730548 0.917000 1.860000
v -0.621503 1.242000 0.940000
v -0.621503 1.242000 0.940000
v -0.741860 0.917000 1.711000
v -0.741860 0.917000 1.711000
v -0.723130 0.959000 1.792000
v -0.723130 0.959000 1.792000
v -0.746837 0.911179 0.787787
v -0.746837 0.911179 0.787787
v -0.746837 0.911179 0.787787
v -0.751542 0.899000 0.759000
v -0.751542 0.899000 0.759000
v -0.622485 1.244039 0.740102
v -0.622485 1.244039 0.740102
v -0.622485 1.244039 0.740102
v -0.616758 1.257129 0.805552
v -0.616758 1.257129 0.805552
v -0.613258 1.257129 0.805552
v -0.613258 1.257129 0.805552
v -0.625251 1.231884 0.957022
v -0.625251 1.231884 0.957022
v -0.651779 1.158954 1.181422
v -0.651779 1.158954 1.181422
v -0.708648 0.992524 1.711567
v -0.708648 0.992524 1.711567
v -0.648279 1.158954 1.181422
v -0.648279 1.158954 1.181422
v -0.712148 0.992524 1.711567
v -0.712148 0.992524 1.711567
v -0.720272 0.967279 1.753642
v -0.720272 0.967279 1.753642
v -0.720272 0.967279 1.753642
v -0.716772 0.967279 1.753642
v -0.716772 0.967279 1.753642
v -0.716772 0.967279 1.753642
v -0.734285 0.928009 1.677907
v -0.734285 0.928009 1.677907
v -0.737785 0.928009 1.677907
v -0.737785 0.928009 1.677907
v -0.618985 1.244039 0.740102
v -0.618985 1.244039 0.740102
v -0.618985 1.244039 0.740102
v -0.743338 0.911179 0.787787
v -0.743338 0.911179 0.787787
v -0.743338 0.911179 0.787787
v -0.621751 1.231884 0.957022
v -0.621751 1.231884 0.957022
v -0.682665 1.086375 1.201875
v -0.719909 0.891364 2.035000
v -0.719909 0.891364 2.035000
v -0.698000 0.885000 2.070000
v -0.698000 0.885000 2.070000
v -0.699752 0.926750 2.035000
v -0.724000 0.905000 1.960000
v -0.724000 0.905000 1.960000
v -0.741000 0.895556 1.790000
v -0.741000 0.895556 1.790000
v -0.740667 0.914139 1.790000
v -0.742000 0.913730 1.780000
v -0.743963 0.905148 1.570000
v -0.744121 0.904453 1.553000
v -0.746186 0.885881 1.535968
v -0.746186 0.885881 1.535968
v -0.744281 0.903757 1.535968
v -0.744743 0.901737 1.486538
v -0.746457 0.884256 1.486538
v -0.746457 0.884256 1.486538
v -0.745462 0.898590 1.409549
v -0.746879 0.881725 1.409549
v -0.746879 0.881725 1.409549
v -0.746369 0.894625 1.312538
v -0.747374 0.890230 1.205000
v -0.748906 0.874321 1.097462
v -0.748906 0.874321 1.097462
v -0.748000 0.875000 1.205000
v -0.748000 0.875000 1.205000
v -0.748379 0.885835 1.097462
v -0.749286 0.881871 1.000451
v -0.749723 0.873708 1.000451
v -0.749723 0.873708 1.000451
v -0.750005 0.878724 0.923462
v -0.750467 0.876704 0.874032
v -0.750787 0.872910 0.874032
v -0.750787 0.872910 0.874032
v -0.750931 0.872802 0.857000
v -0.750931 0.872802 0.857000
v -0.750626 0.876008 0.857000
v -0.751813 0.870817 0.730000
v -0.751813 0.870817 0.730000
v -0.751962 0.872000 0.710000
v -0.751962 0.872000 0.710000
v -0.751962 0.872000 0.710000
v -0.750736 0.879389 0.200000
v -0.749000 0.888000 -0.500000
v -0.749000 0.888000 -0.500000
v -0.749000 0.895917 -0.500000
v -0.744333 0.902528 -0.780000
v -0.810000 0.895000 -0.480000
v -0.810000 0.931000 -0.480000
v -0.810000 0.931000 -0.480000
v -0.711046 1.010000 -0.540000
v -0.748000 0.910000 -0.560000
v -0.748000 0.910000 -0.560000
v -0.742000 0.896000 -0.490000
v -0.742000 0.896000 -0.490000
v -0.742000 0.896000 -0.490000
v -0.820000 0.896000 -0.457000
v -0.820000 0.896000 -0.457000
v -0.820000 0.896000 -0.457000
v -0.820000 0.929000 -0.457000
v -0.820000 0.929000 -0.457000
v -0.820000 0.929000 -0.457000
v -0.820000 0.929000 -0.490000
v -0.820000 0.929000 -0.490000
v -0.820000 0.929000 -0.490000
v -0.820000 0.896000 -0.490000
v -0.820000 0.896000 -0.490000
v -0.820000 0.896000 -0.490000
v -0.742000 0.896000 -0.457000
v -0.742000 0.896000 -0.457000
v -0.742000 0.896000 -0.457000
v -0.742000 0.929000 -0.457000
v -0.742000 0.929000 -0.457000
v -0.742000 0.929000 -0.457000
v -0.742000 0.929000 -0.490000
v -0.742000 0.929000 -0.490000
v -0.742000 0.929000 -0.490000
v -0.960000 0.883000 -0.449000
v -0.960000 0.883000 -0.449000
v -0.960000 0.883000 -0.449000
v -0.792000 0.896000 -0.439000
v -0.792000 0.896000 -0.439000
v -0.792000 0.896000 -0.439000
v -0.792000 0.883000 -0.514000
v -0.792000 0.883000 -0.514000
v -0.792000 0.883000 -0.514000
v -0.792000 0.883000 -0.449000
v -0.792000 0.883000 -0.449000
v -0.792000 0.883000 -0.449000
v -0.960000 0.883000 -0.514000
v -0.960000 0.883000 -0.514000
v -0.960000 0.883000 -0.514000
v -0.960000 0.897000 -0.533000
v -0.960000 0.897000 -0.533000
v -0.960000 0.897000 -0.533000
v -0.960000 0.996000 -0.535000
v -0.960000 0.996000 -0.535000
v -0.960000 0.996000 -0.535000
v -0.792000 0.996000 -0.535000
v -0.792000 0.996000 -0.535000
v -0.792000 0.996000 -0.535000
v -0.792000 0.897000 -0.533000
v -0.792000 0.897000 -0.533000
v -0.792000 0.897000 -0.533000
v -0.960000 1.010000 -0.524000
v -0.960000 1.010000 -0.524000
v -0.960000 1.010000 -0.524000
v -0.960000 1.011000 -0.453000
v -0.960000 1.011000 -0.453000
v -0.960000 1.011000 -0.453000
v -0.960000 0.997000 -0.438000
v -0.960000 0.997000 -0.438000
v -0.960000 0.997000 -0.438000
v -0.792000 0.997000 -0.438000
v -0.792000 0.997000 -0.438000
v -0.792000 0.997000 -0.438000
v -0.960000 0.896000 -0.439000
v -0.960000 0.896000 -0.439000
v -0.960000 0.896000 -0.439000
v -0.792000 1.010000 -0.524000
v -0.792000 1.010000 -0.524000
v -0.792000 1.010000 -0.524000
v -0.792000 1.011000 -0.453000
v -0.792000 1.011000 -0.453000
v -0.792000 1.011000 -0.453000
v -0.806000 0.996000 -0.437000
v -0.942000 0.996000 -0.437000
v -0.942000 0.902000 -0.437000
v -0.806000 0.902000 -0.437000
v 0.745967 0.906000 -0.682000
v 0.745967 0.906000 -0.682000
v 0.740105 0.929000 -0.704000
v 0.740105 0.929000 -0.704000
v 0.722015 0.977000 -0.659000
v 0.722015 0.977000 -0.659000
v 0.599078 1.300000 -0.020000
v 0.599078 1.300000 -0.020000
v 0.609128 1.278000 0.551000
v 0.609128 1.278000 0.551000
v 0.618665 1.254000 0.598000
v 0.618665 1.254000 0.598000
v 0.752000 0.870000 0.710000
v 0.752000 0.870000 0.710000
v 0.752000 0.870000 0.710000
v 0.751861 0.897000 0.654000
v 0.751861 0.897000 0.654000
v 0.751826 0.869000 0.640000
v 0.736074 0.939550 -0.656843
v 0.736074 0.939550 -0.656843
v 0.736074 0.939550 -0.656843
v 0.620430 1.245000 -0.115000
v 0.620430 1.245000 -0.115000
v 0.611943 1.267000 -0.055000
v 0.611943 1.267000 -0.055000
v 0.608952 1.275000 0.005000
v 0.608952 1.275000 0.005000
v 0.613610 1.265864 0.516582
v 0.613610 1.265864 0.516582
v 0.613446 1.263059 0.006073
v 0.613446 1.263059 0.006073
v 0.747066 0.909629 0.612888
v 0.747066 0.909629 0.612888
v 0.747066 0.909629 0.612888
v 0.622527 1.243425 0.560528
v 0.622527 1.243425 0.560528
v 0.622527 1.243425 0.560528
v 0.746992 0.898409 0.582967
v 0.746992 0.898409 0.582967
v 0.751782 0.885000 0.622000
v 0.751782 0.885000 0.622000
v 0.741554 0.918045 -0.636272
v 0.741554 0.918045 -0.636272
v 0.741554 0.918045 -0.636272
v 0.732574 0.939550 -0.656843
v 0.732574 0.939550 -0.656843
v 0.732574 0.939550 -0.656843
v 0.715660 0.984429 -0.614767
v 0.715660 0.984429 -0.614767
v 0.719160 0.984429 -0.614767
v 0.719160 0.984429 -0.614767
v 0.620677 1.235010 -0.106128
v 0.620677 1.235010 -0.106128
v 0.616242 1.255579 -0.050027
v 0.616242 1.255579 -0.050027
v 0.624177 1.235010 -0.106128
v 0.624177 1.235010 -0.106128
v 0.743566 0.909629 0.612888
v 0.743566 0.909629 0.612888
v 0.743566 0.909629 0.612888
v 0.738054 0.918045 -0.636272
v 0.738054 0.918045 -0.636272
v 0.738054 0.918045 -0.636272
v 0.612742 1.255579 -0.050027
v 0.612742 1.255579 -0.050027
v 0.609946 1.263059 0.006073
v 0.609946 1.263059 0.006073
v 0.610110 1.265864 0.516582
v 0.610110 1.265864 0.516582
v 0.619027 1.243425 0.560528
v 0.619027 1.243425 0.560528
v 0.619027 1.243425 0.560528
v 0.743492 0.898409 0.582967
v 0.743492 0.898409 0.582967
v 0.681585 1.091300 0.021500
v 0.612419 1.269000 0.778000
v 0.612419 1.269000 0.778000
v 0.618545 1.255000 0.708000
v 0.618545 1.255000 0.708000
v 0.605616 1.282000 0.960000
v 0.605616 1.282000 0.960000
v 0.605616 1.282000 0.960000
v 0.637521 1.195000 1.200000
v 0.637521 1.195000 1.200000
v 0.649875 1.164000 1.180000
v 0.649875 1.164000 1.180000
v 0.703772 1.009000 1.790000
v 0.703772 1.009000 1.790000
v 0.703772 1.009000 1.790000
v 0.714441 0.986000 1.747000
v 0.714441 0.986000 1.747000
v 0.751542 0.899000 0.759000
v 0.751542 0.899000 0.759000
v 0.622485 1.244039 0.740102
v 0.622485 1.244039 0.740102
v 0.622485 1.244039 0.740102
v 0.621503 1.242000 0.940000
v 0.621503 1.242000 0.940000
v 0.712148 0.992524 1.711567
v 0.712148 0.992524 1.711567
v 0.723130 0.959000 1.792000
v 0.723130 0.959000 1.792000
v 0.720272 0.967279 1.753642
v 0.720272 0.967279 1.753642
v 0.720272 0.967279 1.753642
v 0.741860 0.917000 1.711000
v 0.741860 0.917000 1.711000
v 0.746837 0.911179 0.787787
v 0.746837 0.911179 0.787787
v 0.746837 0.911179 0.787787
v 0.743338 0.911179 0.787787
v 0.743338 0.911179 0.787787
v 0.743338 0.911179 0.787787
v 0.613258 1.257129 0.805552
v 0.613258 1.257129 0.805552
v 0.616758 1.257129 0.805552
v 0.616758 1.257129 0.805552
v 0.621751 1.231884 0.957022
v 0.621751 1.231884 0.957022
v 0.651779 1.158954 1.181422
v 0.651779 1.158954 1.181422
v 0.625251 1.231884 0.957022
v 0.625251 1.231884 0.957022
v 0.648279 1.158954 1.181422
v 0.648279 1.158954 1.181422
v 0.708648 0.992524 1.711567
v 0.708648 0.992524 1.711567
v 0.716772 0.967279 1.753642
v 0.716772 0.967279 1.753642
v 0.716772 0.967279 1.753642
v 0.737785 0.928009 1.677907
v 0.737785 0.928009 1.677907
v 0.618985 1.244039 0.740102
v 0.618985 1.244039 0.740102
v 0.618985 1.244039 0.740102
v 0.682665 1.086375 1.201875
v 0.734285 0.928009 1.677907
v 0.734285 0.928009 1.677907
v 0.698000 0.885000 2.070000
v 0.698000 0.885000 2.070000
v 0.719909 0.891364 2.035000
v 0.719909 0.891364 2.035000
v 0.699752 0.926750 2.035000
v 0.703505 0.951930 1.960000
v 0.703505 0.951930 1.960000
v 0.734000 0.899444 1.860000
v 0.734000 0.899444 1.860000
v 0.734000 0.899444 1.860000
v 0.730548 0.917000 1.860000
v 0.730548 0.917000 1.860000
v 0.730548 0.917000 1.860000
v 0.740667 0.914139 1.790000
v 0.741000 0.895556 1.790000
v 0.741000 0.895556 1.790000
v 0.742000 0.895000 1.780000
v 0.742000 0.895000 1.780000
v 0.743963 0.905148 1.570000
v 0.742000 0.913730 1.780000
v 0.744121 0.904453 1.553000
v 0.744281 0.903757 1.535968
v 0.745462 0.898590 1.409549
v 0.744743 0.901737 1.486538
v 0.746369 0.894625 1.312538
v 0.747374 0.890230 1.205000
v 0.748379 0.885835 1.097462
v 0.749723 0.873708 1.000451
v 0.749723 0.873708 1.000451
v 0.750005 0.878724 0.923462
v 0.749286 0.881871 1.000451
v 0.750371 0.873222 0.923462
v 0.750371 0.873222 0.923462
v 0.750787 0.872910 0.874032
v 0.750787 0.872910 0.874032
v 0.750931 0.872802 0.857000
v 0.750931 0.872802 0.857000
v 0.750467 0.876704 0.874032
v 0.752000 0.872000 0.730000
v 0.752000 0.872000 0.730000
v 0.752000 0.872000 0.730000
v 0.751813 0.870817 0.730000
v 0.751813 0.870817 0.730000
v 0.750626 0.876008 0.857000
v 0.750736 0.879389 0.200000
v 0.749000 0.888000 -0.500000
v 0.749000 0.888000 -0.500000
v 0.744333 0.902528 -0.780000
v 0.749000 0.895917 -0.500000
v 0.744000 0.903000 -0.800000
v 0.744000 0.903000 -0.800000
v 0.744000 0.903000 -0.800000
v 0.744000 0.903000 -0.800000
v 0.744000 0.903000 -0.800000
v 0.748000 0.910000 -0.560000
v 0.748000 0.910000 -0.560000
v 0.711046 1.010000 -0.540000
v 0.810000 0.931000 -0.480000
v 0.810000 0.931000 -0.480000
v 0.810000 0.895000 -0.480000
v 0.820000 0.896000 -0.457000
v 0.820000 0.896000 -0.457000
v 0.820000 0.896000 -0.457000
v 0.820000 0.929000 -0.457000
v 0.820000 0.929000 -0.457000
v 0.820000 0.929000 -0.457000
v 0.742000 0.929000 -0.457000
v 0.742000 0.929000 -0.457000
v 0.742000 0.929000 -0.457000
v 0.742000 0.929000 -0.490000
v 0.742000 0.929000 -0.490000
v 0.742000 0.929000 -0.490000
v 0.742000 0.896000 -0.457000
v 0.742000 0.896000 -0.457000
v 0.742000 0.896000 -0.457000
v 0.820000 0.896000 -0.490000
v 0.820000 0.896000 -0.490000
v 0.820000 0.896000 -0.490000
v 0.820000 0.929000 -0.490000
v 0.820000 0.929000 -0.490000
v 0.820000 0.929000 -0.490000
v 0.742000 0.896000 -0.490000
v 0.742000 0.896000 -0.490000
v 0.742000 0.896000 -0.490000
v 0.960000 0.883000 -0.449000
v 0.960000 0.883000 -0.449000
v 0.960000 0.883000 -0.449000
v 0.960000 0.896000 -0.439000
v 0.960000 0.896000 -0.439000
v 0.960000 0.896000 -0.439000
v 0.960000 0.883000 -0.514000
v 0.960000 0.883000 -0.514000
v 0.960000 0.883000 -0.514000
v 0.792000 0.883000 -0.514000
v 0.792000 0.883000 -0.514000
v 0.792000 0.883000 -0.514000
v 0.960000 0.897000 -0.533000
v 0.960000 0.897000 -0.533000
v 0.960000 0.897000 -0.533000
v 0.960000 0.996000 -0.535000
v 0.960000 0.996000 -0.535000
v 0.960000 0.996000 -0.535000
v 0.792000 1.010000 -0.524000
v 0.792000 1.010000 -0.524000
v 0.792000 1.010000 -0.524000
v 0.792000 1.011000 -0.453000
v 0.792000 1.011000 -0.453000
v 0.792000 1.011000 -0.453000
v 0.960000 1.011000 -0.453000
v 0.960000 1.011000 -0.453000
v 0.960000 1.011000 -0.453000
v 0.960000 1.010000 -0.524000
v 0.960000 1.010000 -0.524000
v 0.960000 1.010000 -0.524000
v 0.792000 0.896000 -0.439000
v 0.792000 0.896000 -0.439000
v 0.792000 0.896000 -0.439000
v 0.792000 0.997000 -0.438000
v 0.792000 0.997000 -0.438000
v 0.792000 0.997000 -0.438000
v 0.792000 0.996000 -0.535000
v 0.792000 0.996000 -0.535000
v 0.792000 0.996000 -0.535000
v 0.792000 0.897000 -0.533000
v 0.792000 0.897000 -0.533000
v 0.792000 0.897000 -0.533000
v 0.792000 0.883000 -0.449000
v 0.792000 0.883000 -0.449000
v 0.792000 0.883000 -0.449000
v 0.960000 0.997000 -0.438000
v 0.960000 0.997000 -0.438000
v 0.960000 0.997000 -0.438000
v 0.806000 0.902000 -0.437000
v 0.942000 0.902000 -0.437000
v 0.942000 0.996000 -0.437000
v 0.806000 0.996000 -0.437000
v -0.569279 1.285143 0.960000
v -0.569279 1.285143 0.960000
v -0.599355 1.302000 0.790000
v -0.599355 1.302000 0.790000
v -0.423931 1.295770 0.960000
v -0.423931 1.295770 0.960000
v -0.419548 1.317771 0.790000
v 0.419548 1.317771 0.790000
v 0.000000 1.332923 0.790000
v 0.423931 1.295770 0.960000
v 0.423931 1.295770 0.960000
v 0.563394 1.305599 0.790000
v 0.599355 1.302000 0.790000
v 0.599355 1.302000 0.790000
v -0.563394 1.305599 0.790000
v 0.421049 1.315536 0.640000
v 0.601499 1.298000 0.640000
v 0.601499 1.298000 0.640000
v -0.565409 1.302002 0.640000
v -0.421049 1.315536 0.640000
v 0.000000 1.332385 0.640000
v 0.419554 1.321360 0.570000
v 0.000000 1.339000 0.570000
v 0.565409 1.302002 0.640000
v 0.599363 1.303000 0.570000
v 0.599363 1.303000 0.570000
v -0.563401 1.307190 0.570000
v -0.419554 1.321360 0.570000
v -0.419354 1.314280 -0.020000
v 0.419354 1.314280 -0.020000
v 0.563401 1.307190 0.570000
v 0.563133 1.303259 -0.020000
v -0.599078 1.300000 -0.020000
v -0.599078 1.300000 -0.020000
v -0.567397 1.291376 -0.090000
v -0.603614 1.288000 -0.090000
v -0.603614 1.288000 -0.090000
v -0.563133 1.303259 -0.020000
v -0.422530 1.302790 -0.090000
v 0.000000 1.328000 -0.020000
v 0.422530 1.302790 -0.090000
v 0.567397 1.291376 -0.090000
v -0.576458 1.266492 -0.160000
v -0.576458 1.266492 -0.160000
v -0.429277 1.278300 -0.160000
v -0.429277 1.278300 -0.160000
v 0.000000 1.317000 -0.090000
v 0.603614 1.288000 -0.090000
v 0.603614 1.288000 -0.090000
v 0.576458 1.266492 -0.160000
v 0.576458 1.266492 -0.160000
v 0.000000 1.293000 -0.160000
v 0.000000 1.293000 -0.160000
v 0.429277 1.278300 -0.160000
v 0.429277 1.278300 -0.160000
v 0.434367 1.258633 -0.197000
v 0.434367 1.258633 -0.197000
v 0.613253 1.263000 -0.160000
v 0.613253 1.263000 -0.160000
v 0.613253 1.263000 -0.160000
v -0.620524 1.243746 -0.197000
v -0.583292 1.247144 -0.197000
v -0.583292 1.247144 -0.197000
v -0.434367 1.258633 -0.197000
v -0.434367 1.258633 -0.197000
v 0.000000 1.272937 -0.197000
v 0.000000 1.272937 -0.197000
v -0.503558 0.991276 -0.700000
v 0.676207 0.984117 -0.700000
v 0.676207 0.984117 -0.700000
v 0.503558 0.991276 -0.700000
v 0.583292 1.247144 -0.197000
v 0.583292 1.247144 -0.197000
v 0.620524 1.243746 -0.197000
v 0.719369 0.982000 -0.700000
v 0.719369 0.982000 -0.700000
v -0.676207 0.984117 -0.700000
v -0.676207 0.984117 -0.700000
v -0.687295 0.951588 -0.755000
v -0.687295 0.951588 -0.755000
v -0.731165 0.949611 -0.755000
v 0.000000 0.966596 -0.755000
v -0.511816 0.958273 -0.755000
v 0.000000 1.000188 -0.700000
v -0.694351 0.930888 -0.790000
v -0.694351 0.930888 -0.790000
v 0.511816 0.958273 -0.755000
v 0.000000 0.945219 -0.790000
v 0.000000 0.945219 -0.790000
v 0.687295 0.951588 -0.755000
v 0.687295 0.951588 -0.755000
v 0.517070 0.937272 -0.790000
v 0.517070 0.937272 -0.790000
v 0.731165 0.949611 -0.755000
v -0.738672 0.929000 -0.790000
v -0.738672 0.929000 -0.790000
v -0.517070 0.937272 -0.790000
v -0.517070 0.937272 -0.790000
v -0.699360 0.904862 -0.800000
v -0.520800 0.911160 -0.800000
v 0.000000 0.919000 -0.800000
v 0.000000 0.919000 -0.800000
v 0.520800 0.911160 -0.800000
v 0.694351 0.930888 -0.790000
v 0.694351 0.930888 -0.790000
v 0.738672 0.929000 -0.790000
v 0.738672 0.929000 -0.790000
v 0.699360 0.904862 -0.800000
v -0.611199 1.266775 1.002000
v -0.574527 1.269882 1.002000
v -0.574527 1.269882 1.002000
v 0.000000 1.309000 0.960000
v 0.000000 1.309000 0.960000
v 0.569279 1.285143 0.960000
v 0.569279 1.285143 0.960000
v 0.574527 1.269882 1.002000
v 0.574527 1.269882 1.002000
v 0.611199 1.266775 1.002000
v -0.427840 1.280390 1.002000
v -0.427840 1.280390 1.002000
v -0.446264 1.207885 1.200000
v 0.000000 1.293471 1.002000
v 0.000000 1.293471 1.002000
v 0.446264 1.207885 1.200000
v 0.427840 1.280390 1.002000
v 0.427840 1.280390 1.002000
v -0.489103 1.024169 1.745000
v -0.489103 1.024169 1.745000
v -0.599269 1.197941 1.200000
v -0.599269 1.197941 1.200000
v 0.489103 1.024169 1.745000
v 0.489103 1.024169 1.745000
v 0.000000 1.220265 1.200000
v 0.698719 1.023186 1.745000
v 0.599269 1.197941 1.200000
v 0.599269 1.197941 1.200000
v -0.661545 1.009000 1.790000
v -0.698719 1.023186 1.745000
v -0.656796 1.023411 1.745000
v -0.656796 1.023411 1.745000
v -0.492640 1.009000 1.790000
v 0.000000 1.025113 1.745000
v 0.000000 1.025113 1.745000
v 0.000000 1.009000 1.790000
v 0.492640 1.009000 1.790000
v 0.661545 1.009000 1.790000
v 0.656796 1.023411 1.745000
v 0.656796 1.023411 1.745000
v -0.363511 0.830518 -1.825179
v -0.363511 0.830518 -1.825179
v -0.363511 0.830518 -1.825179
v -0.363511 0.830518 -1.825179
v -0.363511 0.830518 -1.825179
v -0.363511 0.830518 -1.825179
v -0.500153 0.820677 -1.819328
v -0.500153 0.820677 -1.819328
v -0.637111 0.808922 -1.818639
v -0.637111 0.808922 -1.818639
v -0.637111 0.808922 -1.818639
v -0.637111 0.808922 -1.818639
v -0.637111 0.808922 -1.818639
v -0.637111 0.808922 -1.818639
v -0.505181 0.854704 -1.856559
v -0.505181 0.854704 -1.856559
v -0.648432 0.866445 -1.915778
v -0.648432 0.866445 -1.915778
v -0.648432 0.866445 -1.915778
v -0.648432 0.866445 -1.915778
v -0.368420 0.865266 -1.860467
v -0.368420 0.865266 -1.860467
v -0.368420 0.865266 -1.860467
v -0.368420 0.865266 -1.860467
v -0.373851 0.893990 -1.906270
v -0.373851 0.893990 -1.906270
v -0.373851 0.893990 -1.906270
v -0.373851 0.893990 -1.906270
v -0.642374 0.841525 -1.859712
v -0.642374 0.841525 -1.859712
v -0.642374 0.841525 -1.859712
v -0.642374 0.841525 -1.859712
v -0.642374 0.841525 -1.859712
v -0.648432 0.854445 -1.975778
v -0.648432 0.854445 -1.975778
v -0.648432 0.854445 -1.975778
v -0.629000 0.721369 -1.773000
v -0.629000 0.721369 -1.773000
v -0.629000 0.721369 -1.773000
v -0.629000 0.721369 -1.773000
v -0.629000 0.721369 -1.773000
v -0.629000 0.721369 -1.773000
v -0.373851 0.873990 -1.917270
v -0.373851 0.873990 -1.917270
v -0.373851 0.873990 -1.917270
v -0.373851 0.873990 -1.917270
v -0.373851 0.873990 -1.917270
v -0.373851 0.873990 -1.917270
v -0.373851 0.881990 -1.966270
v -0.373851 0.881990 -1.966270
v -0.373851 0.881990 -1.966270
v -0.373851 0.889990 -1.968270
v -0.373851 0.889990 -1.968270
v -0.373851 0.889990 -1.968270
v -0.373851 0.895990 -1.938270
v -0.373851 0.895990 -1.938270
v -0.373851 0.895990 -1.938270
v -0.491779 0.746721 -1.769381
v -0.491779 0.746721 -1.769381
v -0.491779 0.746721 -1.769381
v -0.491779 0.746721 -1.769381
v -0.648432 0.868445 -1.947778
v -0.648432 0.868445 -1.947778
v -0.648432 0.868445 -1.947778
v -0.510822 0.882152 -1.905807
v -0.510822 0.882152 -1.905807
v -0.510822 0.882152 -1.905807
v -0.510822 0.884152 -1.937807
v -0.510822 0.884152 -1.937807
v -0.510822 0.884152 -1.937807
v -0.510822 0.884152 -1.937807
v -0.510822 0.878152 -1.967807
v -0.510822 0.878152 -1.967807
v -0.510822 0.878152 -1.967807
v -0.510822 0.878152 -1.967807
v -0.648432 0.862445 -1.977778
v -0.648432 0.862445 -1.977778
v -0.648432 0.862445 -1.977778
v -0.510822 0.862152 -1.916807
v -0.510822 0.862152 -1.916807
v -0.510822 0.862152 -1.916807
v -0.510822 0.862152 -1.916807
v -0.510822 0.862152 -1.916807
v -0.648432 0.846445 -1.926778
v -0.648432 0.846445 -1.926778
v -0.648432 0.846445 -1.926778
v -0.648432 0.846445 -1.926778
v -0.648432 0.846445 -1.926778
v -0.648432 0.846445 -1.926778
v -0.510822 0.870152 -1.965807
v -0.510822 0.870152 -1.965807
v -0.510822 0.870152 -1.965807
v -0.510822 0.870152 -1.965807
v -0.355000 0.619000 -1.965000
v -0.355000 0.619000 -1.965000
v -0.355000 0.619000 -1.965000
v -0.355000 0.619000 -1.965000
v -0.355000 0.619000 -1.965000
v -0.355000 0.619000 -1.965000
v -0.591500 0.810000 -1.937688
v -0.392500 0.810000 -1.937688
v -0.392500 0.658000 -1.965790
v -0.591500 0.658000 -1.965790
v -0.629000 0.619000 -1.965000
v -0.629000 0.619000 -1.965000
v -0.629000 0.619000 -1.965000
v -0.629000 0.619000 -1.965000
v -0.629000 0.619000 -1.965000
v -0.355000 0.745390 -1.773000
v -0.355000 0.745390 -1.773000
v -0.355000 0.745390 -1.773000
v -0.355000 0.745390 -1.773000
v -0.355000 0.745390 -1.773000
v -0.355000 0.757390 -1.773000
v -0.355000 0.757390 -1.773000
v -0.355000 0.757390 -1.773000
v -0.355000 0.757390 -1.773000
v -0.355000 0.757390 -1.773000
v -0.355000 0.602390 -1.773000
v -0.355000 0.602390 -1.773000
v -0.355000 0.602390 -1.773000
v -0.629000 0.578369 -1.773000
v -0.629000 0.578369 -1.773000
v -0.629000 0.578369 -1.773000
v -0.629000 0.578369 -1.773000
v -0.355000 0.672910 -1.965000
v -0.355000 0.672910 -1.965000
v -0.355000 0.517910 -1.965000
v -0.355000 0.517910 -1.965000
v -0.355000 0.517910 -1.965000
v -0.355000 0.517910 -1.965000
v -0.629000 0.643250 -1.965000
v -0.629000 0.643250 -1.965000
v -0.629000 0.488250 -1.965000
v -0.629000 0.488250 -1.965000
v -0.629000 0.488250 -1.965000
v -0.629000 0.733369 -1.773000
v -0.629000 0.733369 -1.773000
v -0.629000 0.733369 -1.773000
v -0.629000 0.733369 -1.773000
v -0.629000 0.733369 -1.773000
v 0.491779 0.746721 -1.769381
v 0.491779 0.746721 -1.769381
v 0.491779 0.746721 -1.769381
v 0.491779 0.746721 -1.769381
v 0.629000 0.733369 -1.773000
v 0.629000 0.733369 -1.773000
v 0.629000 0.733369 -1.773000
v 0.629000 0.733369 -1.773000
v 0.629000 0.733369 -1.773000
v 0.500153 0.820677 -1.819328
v 0.500153 0.820677 -1.819328
v 0.505181 0.854704 -1.856559
v 0.505181 0.854704 -1.856559
v 0.373851 0.893990 -1.906270
v 0.373851 0.893990 -1.906270
v 0.373851 0.893990 -1.906270
v 0.373851 0.893990 -1.906270
v 0.642374 0.841525 -1.859712
v 0.642374 0.841525 -1.859712
v 0.642374 0.841525 -1.859712
v 0.642374 0.841525 -1.859712
v 0.642374 0.841525 -1.859712
v 0.648432 0.866445 -1.915778
v 0.648432 0.866445 -1.915778
v 0.648432 0.866445 -1.915778
v 0.648432 0.866445 -1.915778
v 0.510822 0.882152 -1.905807
v 0.510822 0.882152 -1.905807
v 0.510822 0.882152 -1.905807
v 0.355000 0.757390 -1.773000
v 0.355000 0.757390 -1.773000
v 0.355000 0.757390 -1.773000
v 0.355000 0.757390 -1.773000
v 0.355000 0.757390 -1.773000
v 0.363511 0.830518 -1.825179
v 0.363511 0.830518 -1.825179
v 0.363511 0.830518 -1.825179
v 0.363511 0.830518 -1.825179
v 0.363511 0.830518 -1.825179
v 0.363511 0.830518 -1.825179
v 0.368420 0.865266 -1.860467
v 0.368420 0.865266 -1.860467
v 0.368420 0.865266 -1.860467
v 0.368420 0.865266 -1.860467
v 0.373851 0.895990 -1.938270
v 0.373851 0.895990 -1.938270
v 0.373851 0.895990 -1.938270
v 0.355000 0.619000 -1.965000
v 0.355000 0.619000 -1.965000
v 0.355000 0.619000 -1.965000
v 0.355000 0.619000 -1.965000
v 0.355000 0.619000 -1.965000
v 0.355000 0.619000 -1.965000
v 0.629000 0.619000 -1.965000
v 0.629000 0.619000 -1.965000
v 0.629000 0.619000 -1.965000
v 0.629000 0.619000 -1.965000
v 0.629000 0.619000 -1.965000
v 0.637111 0.808922 -1.818639
v 0.637111 0.808922 -1.818639
v 0.637111 0.808922 -1.818639
v 0.637111 0.808922 -1.818639
v 0.637111 0.808922 -1.818639
v 0.637111 0.808922 -1.818639
v 0.355000 0.745390 -1.773000
v 0.355000 0.745390 -1.773000
v 0.355000 0.745390 -1.773000
v 0.355000 0.745390 -1.773000
v 0.355000 0.745390 -1.773000
v 0.629000 0.721369 -1.773000
v 0.629000 0.721369 -1.773000
v 0.629000 0.721369 -1.773000
v 0.629000 0.721369 -1.773000
v 0.629000 0.721369 -1.773000
v 0.629000 0.721369 -1.773000
v 0.648432 0.868445 -1.947778
v 0.648432 0.868445 -1.947778
v 0.648432 0.868445 -1.947778
v 0.510822 0.884152 -1.937807
v 0.510822 0.884152 -1.937807
v 0.510822 0.884152 -1.937807
v 0.510822 0.884152 -1.937807
v 0.510822 0.878152 -1.967807
v 0.510822 0.878152 -1.967807
v 0.510822 0.878152 -1.967807
v 0.510822 0.878152 -1.967807
v 0.648432 0.862445 -1.977778
v 0.648432 0.862445 -1.977778
v 0.648432 0.862445 -1.977778
v 0.373851 0.889990 -1.968270
v 0.373851 0.889990 -1.968270
v 0.373851 0.889990 -1.968270
v 0.373851 0.881990 -1.966270
v 0.373851 0.881990 -1.966270
v 0.373851 0.881990 -1.966270
v 0.510822 0.870152 -1.965807
v 0.510822 0.870152 -1.965807
v 0.510822 0.870152 -1.965807
v 0.510822 0.870152 -1.965807
v 0.510822 0.862152 -1.916807
v 0.510822 0.862152 -1.916807
v 0.510822 0.862152 -1.916807
v 0.510822 0.862152 -1.916807
v 0.510822 0.862152 -1.916807
v 0.648432 0.854445 -1.975778
v 0.648432 0.854445 -1.975778
v 0.648432 0.854445 -1.975778
v 0.373851 0.873990 -1.917270
v 0.373851 0.873990 -1.917270
v 0.373851 0.873990 -1.917270
v 0.373851 0.873990 -1.917270
v 0.373851 0.873990 -1.917270
v 0.373851 0.873990 -1.917270
v 0.648432 0.846445 -1.926778
v 0.648432 0.846445 -1.926778
v 0.648432 0.846445 -1.926778
v 0.648432 0.846445 -1.926778
v 0.648432 0.846445 -1.926778
v 0.648432 0.846445 -1.926778
v 0.392500 0.810000 -1.937688
v 0.591500 0.810000 -1.937688
v 0.591500 0.658000 -1.965790
v 0.392500 0.658000 -1.965790
v 0.629000 0.578369 -1.773000
v 0.629000 0.578369 -1.773000
v 0.629000 0.578369 -1.773000
v 0.629000 0.578369 -1.773000
v 0.629000 0.643250 -1.965000
v 0.629000 0.643250 -1.965000
v 0.355000 0.517910 -1.965000
v 0.355000 0.517910 -1.965000
v 0.355000 0.517910 -1.965000
v 0.355000 0.517910 -1.965000
v 0.629000 0.488250 -1.965000
v 0.629000 0.488250 -1.965000
v 0.629000 0.488250 -1.965000
v 0.355000 0.672910 -1.965000
v 0.355000 0.672910 -1.965000
v 0.355000 0.602390 -1.773000
v 0.355000 0.602390 -1.773000
v 0.355000 0.602390 -1.773000
v -0.679824 0.618000 -1.965000
v -0.672950 0.591000 -1.965000
v -0.628800 0.642288 -1.965000
v -0.652631 0.618000 -1.965000
v -0.367105 0.618000 -1.965000
v -0.378534 0.591000 -1.965000
v -0.353700 0.671973 -1.965000
v 0.000000 0.591000 -1.965000
v 0.000000 0.591000 -1.965000
v 0.000000 0.618000 -1.965000
v 0.378534 0.591000 -1.965000
v 0.000000 0.678000 -1.965000
v 0.000000 0.678000 -1.965000
v 0.353700 0.671973 -1.965000
v 0.367105 0.618000 -1.965000
v 0.628800 0.642288 -1.965000
v 0.652631 0.618000 -1.965000
v 0.679824 0.618000 -1.965000
v 0.672950 0.591000 -1.965000
v -0.350000 0.631000 -1.967000
v 0.350000 0.631000 -1.967000
v 0.350000 0.625000 -1.967000
v -0.350000 0.625000 -1.967000
v -0.350000 0.656000 -1.967000
v 0.350000 0.656000 -1.967000
v 0.350000 0.650000 -1.967000
v -0.350000 0.650000 -1.967000
v -0.689727 0.270000 -1.552580
v -0.689727 0.270000 -1.552580
v -0.673380 0.296000 -1.509000
v -0.673380 0.296000 -1.509000
v -0.702052 0.296000 -1.550770
v -0.614220 0.296000 -1.878000
v -0.614220 0.296000 -1.878000
v -0.610690 0.270000 -1.886000
v -0.610690 0.270000 -1.886000
v -0.610690 0.270000 -1.886000
v -0.562250 0.270000 -1.907000
v -0.562250 0.270000 -1.907000
v 0.000000 0.296000 -1.913500
v 0.432500 0.270000 -1.919000
v 0.432500 0.270000 -1.919000
v 0.432500 0.270000 -1.919000
v 0.432500 0.270000 -1.919000
v 0.432500 0.270000 -1.919000
v 0.000000 0.270000 -1.921500
v 0.000000 0.270000 -1.921500
v 0.000000 0.270000 -1.921500
v 0.000000 0.270000 -1.921500
v 0.000000 0.270000 -1.921500
v 0.000000 0.270000 -1.921500
v 0.565500 0.296000 -1.899000
v 0.562250 0.270000 -1.907000
v 0.562250 0.270000 -1.907000
v 0.614220 0.296000 -1.878000
v 0.614220 0.296000 -1.878000
v 0.644670 0.296000 -1.779000
v 0.610690 0.270000 -1.886000
v 0.610690 0.270000 -1.886000
v 0.610690 0.270000 -1.886000
v 0.640965 0.270000 -1.787000
v 0.640965 0.270000 -1.787000
v 0.640965 0.270000 -1.787000
v 0.640965 0.270000 -1.787000
v 0.669510 0.270000 -1.517000
v 0.669510 0.270000 -1.517000
v 0.669510 0.270000 -1.517000
v 0.669510 0.270000 -1.517000
v 0.689727 0.270000 -1.552580
v 0.689727 0.270000 -1.552580
v 0.702052 0.296000 -1.550770
v -0.727760 0.340000 -1.544385
v -0.727760 0.340000 -1.544385
v -0.644670 0.296000 -1.779000
v -0.572000 0.340000 -1.914000
v -0.565500 0.296000 -1.899000
v -0.435000 0.296000 -1.911000
v 0.572000 0.340000 -1.914000
v 0.435000 0.296000 -1.911000
v 0.621280 0.340000 -1.893000
v 0.621280 0.340000 -1.893000
v 0.652080 0.340000 -1.794000
v 0.673380 0.296000 -1.509000
v 0.673380 0.296000 -1.509000
v 0.681120 0.340000 -1.524000
v 0.681120 0.340000 -1.524000
v 0.681120 0.340000 -1.524000
v -0.704340 0.413000 -1.576000
v -0.704340 0.413000 -1.576000
v -0.681120 0.340000 -1.524000
v -0.681120 0.340000 -1.524000
v -0.681120 0.340000 -1.524000
v -0.674310 0.413000 -1.846000
v -0.652080 0.340000 -1.794000
v -0.591500 0.413000 -1.966000
v -0.621280 0.340000 -1.893000
v -0.621280 0.340000 -1.893000
v -0.455000 0.413000 -1.978000
v -0.440000 0.340000 -1.926000
v 0.000000 0.413000 -1.980500
v 0.000000 0.340000 -1.928500
v 0.440000 0.340000 -1.926000
v 0.591500 0.413000 -1.966000
v 0.674310 0.413000 -1.846000
v 0.704340 0.413000 -1.576000
v 0.704340 0.413000 -1.576000
v 0.761452 0.413000 -1.523873
v 0.761452 0.413000 -1.523873
v 0.727760 0.340000 -1.544385
v 0.727760 0.340000 -1.544385
v -0.761452 0.413000 -1.523873
v -0.761452 0.413000 -1.523873
v -0.741000 0.490000 -1.880000
v -0.741000 0.490000 -1.880000
v -0.642460 0.413000 -1.945000
v -0.500000 0.490000 -2.012000
v 0.000000 0.490000 -2.014500
v 0.455000 0.413000 -1.978000
v 0.500000 0.490000 -2.012000
v 0.650000 0.490000 -2.000000
v 0.650000 0.490000 -2.000000
v 0.741000 0.490000 -1.880000
v 0.741000 0.490000 -1.880000
v 0.642460 0.413000 -1.945000
v 0.774000 0.490000 -1.610000
v 0.774000 0.490000 -1.610000
v 0.782965 0.490000 -1.486058
v 0.782965 0.490000 -1.486058
v -0.792542 0.560000 -1.430492
v -0.792542 0.560000 -1.430492
v -0.782965 0.490000 -1.486058
v -0.782965 0.490000 -1.486058
v -0.774000 0.490000 -1.610000
v -0.774000 0.490000 -1.610000
v -0.706000 0.560000 -1.973000
v -0.706000 0.560000 -1.973000
v -0.706000 0.560000 -1.973000
v -0.706000 0.560000 -1.973000
v -0.650000 0.490000 -2.000000
v -0.650000 0.490000 -2.000000
v -0.706000 0.490000 -1.979000
v -0.706000 0.490000 -1.979000
v -0.706000 0.490000 -1.979000
v 0.741000 0.560000 -1.874000
v 0.741000 0.560000 -1.874000
v 0.706000 0.490000 -1.979000
v 0.706000 0.490000 -1.979000
v 0.706000 0.490000 -1.979000
v 0.774000 0.560000 -1.604000
v 0.774000 0.560000 -1.604000
v -0.794204 0.574000 -1.415612
v -0.774000 0.574000 -1.608000
v -0.741000 0.574000 -1.878000
v -0.774000 0.560000 -1.604000
v -0.774000 0.560000 -1.604000
v -0.741000 0.560000 -1.874000
v -0.741000 0.560000 -1.874000
v -0.706000 0.574000 -1.977000
v -0.706000 0.574000 -1.977000
v -0.500000 0.560000 -2.006000
v -0.650000 0.560000 -1.994000
v -0.650000 0.560000 -1.994000
v 0.000000 0.574000 -2.012500
v 0.000000 0.560000 -2.008500
v 0.650000 0.560000 -1.994000
v 0.650000 0.560000 -1.994000
v 0.500000 0.560000 -2.006000
v 0.706000 0.574000 -1.977000
v 0.706000 0.574000 -1.977000
v 0.706000 0.560000 -1.973000
v 0.706000 0.560000 -1.973000
v 0.706000 0.560000 -1.973000
v 0.706000 0.560000 -1.973000
v 0.741000 0.574000 -1.878000
v 0.774000 0.574000 -1.608000
v 0.794204 0.574000 -1.415612
v 0.792542 0.560000 -1.430492
v 0.792542 0.560000 -1.430492
v -0.768582 0.591000 -1.606000
v -0.768582 0.591000 -1.606000
v -0.645450 0.591000 -1.996000
v -0.645450 0.591000 -1.996000
v -0.650000 0.574000 -1.998000
v -0.500000 0.574000 -2.010000
v 0.500000 0.574000 -2.010000
v 0.650000 0.574000 -1.998000
v 0.794434 0.591000 -1.394980
v 0.794434 0.591000 -1.394980
v -0.719444 0.335000 1.580000
v -0.719444 0.335000 1.580000
v -0.719444 0.335000 1.580000
v -0.746863 0.354000 1.540332
v -0.662838 0.335000 1.984000
v -0.662838 0.335000 1.984000
v -0.711360 0.354000 1.815000
v -0.593450 0.335000 2.029000
v -0.593450 0.335000 2.029000
v -0.608400 0.354000 2.054000
v 0.456500 0.335000 2.046000
v 0.456500 0.335000 2.046000
v 0.456500 0.335000 2.046000
v 0.456500 0.335000 2.046000
v 0.456500 0.335000 2.046000
v 0.000000 0.354000 2.080000
v 0.593450 0.335000 2.029000
v 0.593450 0.335000 2.029000
v 0.608400 0.354000 2.054000
v 0.468000 0.354000 2.071000
v 0.693880 0.335000 1.790000
v 0.693880 0.335000 1.790000
v 0.693880 0.335000 1.790000
v 0.693880 0.335000 1.790000
v 0.735537 0.335000 1.544591
v 0.735537 0.335000 1.544591
v 0.746863 0.354000 1.540332
v 0.737568 0.354000 1.605000
v -0.767512 0.390000 1.647000
v -0.737568 0.354000 1.605000
v -0.707124 0.390000 2.051000
v -0.679536 0.354000 2.009000
v -0.633100 0.390000 2.096000
v -0.468000 0.354000 2.071000
v -0.487000 0.390000 2.113000
v 0.487000 0.390000 2.113000
v 0.679536 0.354000 2.009000
v 0.711360 0.354000 1.815000
v 0.767512 0.390000 1.647000
v -0.765346 0.390000 1.529681
v -0.780153 0.440000 1.508666
v -0.784060 0.440000 1.690000
v -0.740240 0.390000 1.857000
v -0.756200 0.440000 1.900000
v -0.646750 0.440000 2.139000
v 0.000000 0.390000 2.122000
v 0.000000 0.440000 2.165000
v 0.497500 0.440000 2.156000
v 0.633100 0.390000 2.096000
v 0.646750 0.440000 2.139000
v 0.707124 0.390000 2.051000
v 0.740240 0.390000 1.857000
v 0.765346 0.390000 1.529681
v 0.780153 0.440000 1.508666
v -0.760000 0.505000 1.909000
v -0.760000 0.505000 1.909000
v -0.722370 0.440000 2.094000
v -0.722370 0.440000 2.094000
v -0.497500 0.440000 2.156000
v 0.000000 0.505000 2.174000
v 0.000000 0.505000 2.174000
v -0.500000 0.505000 2.165000
v -0.500000 0.505000 2.165000
v 0.500000 0.505000 2.165000
v 0.500000 0.505000 2.165000
v 0.722370 0.440000 2.094000
v 0.722370 0.440000 2.094000
v 0.756200 0.440000 1.900000
v 0.760000 0.505000 1.909000
v 0.760000 0.505000 1.909000
v 0.784060 0.440000 1.690000
v -0.795420 0.505000 1.467800
v -0.795420 0.505000 1.467800
v -0.788000 0.505000 1.699000
v -0.788000 0.505000 1.699000
v -0.798870 0.531000 1.445646
v -0.720192 0.531000 2.089000
v -0.753920 0.531000 1.895000
v -0.726000 0.505000 2.103000
v -0.726000 0.505000 2.103000
v -0.726000 0.505000 2.103000
v -0.726000 0.505000 2.103000
v -0.650000 0.505000 2.148000
v -0.650000 0.505000 2.148000
v -0.644800 0.531000 2.134000
v 0.000000 0.531000 2.160000
v 0.644800 0.531000 2.134000
v 0.650000 0.505000 2.148000
v 0.650000 0.505000 2.148000
v 0.726000 0.505000 2.103000
v 0.726000 0.505000 2.103000
v 0.726000 0.505000 2.103000
v 0.726000 0.505000 2.103000
v 0.788000 0.505000 1.699000
v 0.788000 0.505000 1.699000
v 0.795420 0.505000 1.467800
v 0.795420 0.505000 1.467800
v -0.781696 0.531000 1.685000
v -0.771452 0.547000 1.659000
v -0.771452 0.547000 1.659000
v -0.496000 0.531000 2.151000
v 0.000000 0.547000 2.134000
v 0.000000 0.547000 2.134000
v 0.496000 0.531000 2.151000
v 0.636350 0.547000 2.108000
v 0.636350 0.547000 2.108000
v 0.720192 0.531000 2.089000
v 0.744040 0.547000 1.869000
v 0.744040 0.547000 1.869000
v 0.753920 0.531000 1.895000
v 0.781696 0.531000 1.685000
v 0.798870 0.531000 1.445646
v 0.771452 0.547000 1.659000
v 0.771452 0.547000 1.659000
v -0.801080 0.547000 1.429743
v -0.801080 0.547000 1.429743
v -0.802647 0.558000 1.417563
v -0.802647 0.558000 1.417563
v -0.744040 0.547000 1.869000
v -0.744040 0.547000 1.869000
v -0.742520 0.558000 1.870000
v -0.742520 0.558000 1.870000
v -0.742520 0.558000 1.870000
v -0.710754 0.547000 2.063000
v -0.710754 0.547000 2.063000
v -0.710754 0.547000 2.063000
v -0.636350 0.547000 2.108000
v -0.636350 0.547000 2.108000
v -0.709302 0.558000 2.064000
v -0.709302 0.558000 2.064000
v -0.709302 0.558000 2.064000
v -0.489500 0.547000 2.125000
v -0.489500 0.547000 2.125000
v -0.635050 0.558000 2.109000
v -0.635050 0.558000 2.109000
v 0.000000 0.558000 2.135000
v 0.000000 0.558000 2.135000
v -0.488500 0.558000 2.126000
v -0.488500 0.558000 2.126000
v -0.488500 0.558000 2.126000
v 0.489500 0.547000 2.125000
v 0.489500 0.547000 2.125000
v 0.635050 0.558000 2.109000
v 0.635050 0.558000 2.109000
v 0.710754 0.547000 2.063000
v 0.710754 0.547000 2.063000
v 0.710754 0.547000 2.063000
v 0.709302 0.558000 2.064000
v 0.709302 0.558000 2.064000
v 0.709302 0.558000 2.064000
v 0.769876 0.558000 1.660000
v 0.769876 0.558000 1.660000
v 0.769876 0.558000 1.660000
v 0.801080 0.547000 1.429743
v 0.801080 0.547000 1.429743
v -0.781039 0.591000 -1.606000
v -0.794434 0.591000 -1.394980
v -0.794434 0.591000 -1.394980
v -0.736560 0.591000 -1.876000
v -0.736560 0.591000 -1.876000
v -0.700990 0.591000 -1.965000
v -0.700990 0.591000 -1.965000
v -0.700990 0.591000 -1.965000
v -0.735813 0.591000 -1.876000
v -0.735813 0.591000 -1.876000
v -0.735813 0.591000 -1.876000
v -0.645450 0.591000 -1.965000
v -0.701058 0.591000 -1.975000
v -0.701058 0.591000 -1.975000
v -0.701058 0.591000 -1.975000
v -0.701058 0.591000 -1.975000
v -0.496500 0.591000 -1.965000
v -0.496500 0.591000 -2.008000
v -0.496500 0.591000 -2.008000
v 0.496500 0.591000 -1.965000
v 0.000000 0.591000 -2.010500
v 0.000000 0.591000 -2.010500
v 0.645450 0.591000 -1.965000
v 0.645450 0.591000 -1.996000
v 0.645450 0.591000 -1.996000
v 0.496500 0.591000 -2.008000
v 0.496500 0.591000 -2.008000
v 0.736560 0.591000 -1.876000
v 0.736560 0.591000 -1.876000
v 0.735813 0.591000 -1.876000
v 0.735813 0.591000 -1.876000
v 0.735813 0.591000 -1.876000
v 0.701058 0.591000 -1.975000
v 0.701058 0.591000 -1.975000
v 0.701058 0.591000 -1.975000
v 0.768582 0.591000 -1.606000
v 0.768582 0.591000 -1.606000
v 0.781039 0.591000 -1.606000
v -0.650000 0.490000 -1.974000
v -0.650000 0.490000 -1.974000
v -0.650000 0.490000 -1.974000
v 0.650000 0.490000 -1.974000
v 0.650000 0.490000 -1.974000
v 0.650000 0.490000 -1.974000
v 0.650000 0.560000 -1.974000
v 0.650000 0.560000 -1.974000
v 0.650000 0.560000 -1.974000
v 0.650000 0.490000 -2.015000
v 0.650000 0.490000 -2.015000
v 0.650000 0.560000 -2.009000
v 0.650000 0.560000 -2.009000
v -0.650000 0.490000 -2.015000
v -0.650000 0.490000 -2.015000
v -0.650000 0.560000 -2.009000
v -0.650000 0.560000 -2.009000
v -0.650000 0.560000 -1.974000
v -0.650000 0.560000 -1.974000
v -0.650000 0.560000 -1.974000
v -0.304000 0.552000 -1.994000
v -0.296000 0.552000 -1.994000
v -0.296000 0.492000 -1.994000
v -0.304000 0.492000 -1.994000
v -0.154000 0.552000 -1.994000
v -0.146000 0.552000 -1.994000
v -0.146000 0.492000 -1.994000
v -0.154000 0.492000 -1.994000
v -0.004000 0.552000 -1.994000
v 0.004000 0.552000 -1.994000
v 0.004000 0.492000 -1.994000
v -0.004000 0.492000 -1.994000
v 0.146000 0.552000 -1.994000
v 0.154000 0.552000 -1.994000
v 0.154000 0.492000 -1.994000
v 0.146000 0.492000 -1.994000
v 0.296000 0.552000 -1.994000
v 0.304000 0.552000 -1.994000
v 0.304000 0.492000 -1.994000
v 0.296000 0.492000 -1.994000
v -0.650000 0.524000 -1.994000
v 0.650000 0.524000 -1.994000
v 0.650000 0.519000 -1.994000
v -0.650000 0.519000 -1.994000
v -0.340000 0.490000 -2.010000
v -0.340000 0.560000 -2.010000
v -0.573000 0.490000 -2.010000
v -0.650000 0.490000 -2.010000
v -0.650000 0.560000 -2.010000
v -0.366000 0.490000 -2.010000
v -0.573000 0.500000 -2.010000
v -0.366000 0.500000 -2.010000
v -0.366000 0.554000 -2.010000
v -0.573000 0.554000 -2.010000
v -0.573000 0.560000 -2.010000
v -0.366000 0.560000 -2.010000
v 0.340000 0.560000 -2.010000
v 0.340000 0.490000 -2.010000
v 0.650000 0.560000 -2.010000
v 0.650000 0.490000 -2.010000
v 0.573000 0.490000 -2.010000
v 0.366000 0.500000 -2.010000
v 0.573000 0.500000 -2.010000
v 0.366000 0.490000 -2.010000
v 0.366000 0.560000 -2.010000
v 0.573000 0.560000 -2.010000
v 0.573000 0.554000 -2.010000
v 0.366000 0.554000 -2.010000
v -0.573000 0.554000 -2.009000
v -0.366000 0.554000 -2.009000
v -0.366000 0.500000 -2.009000
v -0.573000 0.500000 -2.009000
v 0.366000 0.554000 -2.009000
v 0.573000 0.554000 -2.009000
v 0.573000 0.500000 -2.009000
v 0.366000 0.500000 -2.009000
v -0.748387 0.635000 -1.755000
v -0.748387 0.635000 -1.755000
v -0.748387 0.635000 -1.755000
v -0.748387 0.635000 -1.755000
v -0.735611 0.651000 -1.773000
v -0.735611 0.651000 -1.773000
v -0.735611 0.651000 -1.773000
v -0.735611 0.651000 -1.773000
v -0.751300 0.611000 -1.773000
v -0.751300 0.611000 -1.773000
v -0.751300 0.611000 -1.773000
v -0.751300 0.611000 -1.773000
v -0.744750 0.635000 -1.773000
v -0.744750 0.635000 -1.773000
v -0.744750 0.635000 -1.773000
v -0.744750 0.635000 -1.773000
v -0.744750 0.635000 -1.773000
v -0.744750 0.635000 -1.773000
v -0.716625 0.651000 -1.860000
v -0.716625 0.651000 -1.860000
v -0.716625 0.651000 -1.860000
v -0.716625 0.651000 -1.860000
v -0.705118 0.635000 -1.905000
v -0.705118 0.635000 -1.905000
v -0.705118 0.635000 -1.905000
v -0.705118 0.635000 -1.905000
v -0.705118 0.635000 -1.905000
v -0.705118 0.635000 -1.905000
v -0.663773 0.651000 -1.930000
v -0.663773 0.651000 -1.930000
v -0.663773 0.651000 -1.930000
v -0.678407 0.635000 -1.930000
v -0.678407 0.635000 -1.930000
v -0.678407 0.635000 -1.930000
v -0.678407 0.635000 -1.930000
v -0.754793 0.611000 -1.755000
v -0.754793 0.611000 -1.755000
v -0.754793 0.611000 -1.755000
v -0.741448 0.651000 -1.755000
v -0.741448 0.651000 -1.755000
v -0.741448 0.651000 -1.755000
v -0.739448 0.651000 -1.755000
v -0.739448 0.651000 -1.755000
v -0.739448 0.651000 -1.755000
v -0.739448 0.651000 -1.755000
v -0.737611 0.651000 -1.773000
v -0.737611 0.651000 -1.773000
v -0.736282 0.611000 -1.860000
v -0.736282 0.611000 -1.860000
v -0.736282 0.611000 -1.860000
v -0.734282 0.611000 -1.860000
v -0.734282 0.611000 -1.860000
v -0.734282 0.611000 -1.860000
v -0.734282 0.611000 -1.860000
v -0.734282 0.611000 -1.860000
v -0.726911 0.635000 -1.860000
v -0.726911 0.635000 -1.860000
v -0.726911 0.635000 -1.860000
v -0.726911 0.635000 -1.860000
v -0.726911 0.635000 -1.860000
v -0.726911 0.635000 -1.860000
v -0.726911 0.635000 -1.860000
v -0.753300 0.611000 -1.773000
v -0.753300 0.611000 -1.773000
v -0.728911 0.635000 -1.860000
v -0.717319 0.611000 -1.905000
v -0.717319 0.611000 -1.905000
v -0.715319 0.611000 -1.905000
v -0.715319 0.611000 -1.905000
v -0.715319 0.611000 -1.905000
v -0.715319 0.611000 -1.905000
v -0.691120 0.651000 -1.905000
v -0.691120 0.651000 -1.905000
v -0.691120 0.651000 -1.905000
v -0.691120 0.651000 -1.905000
v -0.680407 0.635000 -1.930000
v -0.680407 0.635000 -1.930000
v -0.680407 0.635000 -1.930000
v -0.697113 0.611000 -1.930000
v -0.697113 0.611000 -1.930000
v -0.697113 0.611000 -1.930000
v -0.697113 0.611000 -1.930000
v -0.697113 0.611000 -1.930000
v -0.699113 0.611000 -1.930000
v -0.699113 0.611000 -1.930000
v -0.699113 0.611000 -1.930000
v -0.665773 0.651000 -1.930000
v -0.665773 0.651000 -1.930000
v -0.665773 0.651000 -1.930000
v 0.726911 0.635000 -1.860000
v 0.726911 0.635000 -1.860000
v 0.726911 0.635000 -1.860000
v 0.726911 0.635000 -1.860000
v 0.726911 0.635000 -1.860000
v 0.726911 0.635000 -1.860000
v 0.726911 0.635000 -1.860000
v 0.735611 0.651000 -1.773000
v 0.735611 0.651000 -1.773000
v 0.735611 0.651000 -1.773000
v 0.735611 0.651000 -1.773000
v 0.744750 0.635000 -1.773000
v 0.744750 0.635000 -1.773000
v 0.744750 0.635000 -1.773000
v 0.744750 0.635000 -1.773000
v 0.744750 0.635000 -1.773000
v 0.744750 0.635000 -1.773000
v 0.715319 0.611000 -1.905000
v 0.715319 0.611000 -1.905000
v 0.715319 0.611000 -1.905000
v 0.715319 0.611000 -1.905000
v 0.691120 0.651000 -1.905000
v 0.691120 0.651000 -1.905000
v 0.691120 0.651000 -1.905000
v 0.691120 0.651000 -1.905000
v 0.716625 0.651000 -1.860000
v 0.716625 0.651000 -1.860000
v 0.716625 0.651000 -1.860000
v 0.716625 0.651000 -1.860000
v 0.705118 0.635000 -1.905000
v 0.705118 0.635000 -1.905000
v 0.705118 0.635000 -1.905000
v 0.705118 0.635000 -1.905000
v 0.705118 0.635000 -1.905000
v 0.705118 0.635000 -1.905000
v 0.756793 0.611000 -1.755000
v 0.756793 0.611000 -1.755000
v 0.756793 0.611000 -1.755000
v 0.754793 0.611000 -1.755000
v 0.754793 0.611000 -1.755000
v 0.754793 0.611000 -1.755000
v 0.748387 0.635000 -1.755000
v 0.748387 0.635000 -1.755000
v 0.748387 0.635000 -1.755000
v 0.748387 0.635000 -1.755000
v 0.741448 0.651000 -1.755000
v 0.741448 0.651000 -1.755000
v 0.741448 0.651000 -1.755000
v 0.739448 0.651000 -1.755000
v 0.739448 0.651000 -1.755000
v 0.739448 0.651000 -1.755000
v 0.739448 0.651000 -1.755000
v 0.736282 0.611000 -1.860000
v 0.736282 0.611000 -1.860000
v 0.736282 0.611000 -1.860000
v 0.753300 0.611000 -1.773000
v 0.753300 0.611000 -1.773000
v 0.751300 0.611000 -1.773000
v 0.751300 0.611000 -1.773000
v 0.751300 0.611000 -1.773000
v 0.751300 0.611000 -1.773000
v 0.734282 0.611000 -1.860000
v 0.734282 0.611000 -1.860000
v 0.734282 0.611000 -1.860000
v 0.734282 0.611000 -1.860000
v 0.734282 0.611000 -1.860000
v 0.737611 0.651000 -1.773000
v 0.737611 0.651000 -1.773000
v 0.718625 0.651000 -1.860000
v 0.718625 0.651000 -1.860000
v 0.728911 0.635000 -1.860000
v 0.680407 0.635000 -1.930000
v 0.680407 0.635000 -1.930000
v 0.680407 0.635000 -1.930000
v 0.697113 0.611000 -1.930000
v 0.697113 0.611000 -1.930000
v 0.697113 0.611000 -1.930000
v 0.697113 0.611000 -1.930000
v 0.697113 0.611000 -1.930000
v 0.699113 0.611000 -1.930000
v 0.699113 0.611000 -1.930000
v 0.699113 0.611000 -1.930000
v 0.717319 0.611000 -1.905000
v 0.717319 0.611000 -1.905000
v 0.678407 0.635000 -1.930000
v 0.678407 0.635000 -1.930000
v 0.678407 0.635000 -1.930000
v 0.678407 0.635000 -1.930000
v 0.663773 0.651000 -1.930000
v 0.663773 0.651000 -1.930000
v 0.663773 0.651000 -1.930000
v 0.703506 0.951929 1.960000
v -0.703772 1.009000 1.790000
v -0.703772 1.009000 1.790000
v -0.703772 1.009000 1.790000
v -0.698000 0.915000 2.070000
v -0.698000 0.915000 2.070000
v 0.698000 0.915000 2.070000
v 0.698000 0.915000 2.070000
v -0.703506 0.951929 1.960000
v 0.698000 0.915000 2.071000
v -0.698000 0.915000 2.071000
v -0.782800 0.558000 1.780000
v -0.782800 0.558000 1.780000
v -0.782800 0.558000 1.780000
v -0.775556 0.570000 1.860000
v -0.774356 0.558000 1.860000
v -0.774356 0.558000 1.860000
v -0.763800 0.558000 1.960000
v -0.763800 0.558000 1.960000
v -0.700000 0.558000 2.070000
v -0.700000 0.558000 2.070000
v -0.700000 0.558000 2.070000
v -0.700000 0.558000 2.070000
v -0.270000 0.558000 2.070000
v -0.270000 0.558000 2.070000
v -0.270000 0.570000 2.070000
v -0.700000 0.570000 2.070000
v -0.700000 0.570000 2.070000
v -0.180000 0.558000 2.070000
v -0.180000 0.558000 2.070000
v -0.180000 0.570000 2.070000
v 0.000000 0.558000 2.070000
v 0.000000 0.558000 2.070000
v 0.180000 0.558000 2.070000
v 0.180000 0.558000 2.070000
v 0.270000 0.558000 2.070000
v 0.270000 0.558000 2.070000
v 0.746755 0.558000 2.035000
v 0.746755 0.558000 2.035000
v 0.747955 0.570000 2.035000
v 0.747955 0.570000 2.035000
v 0.763800 0.558000 1.960000
v 0.763800 0.558000 1.960000
v 0.774356 0.558000 1.860000
v 0.774356 0.558000 1.860000
v -0.784000 0.570000 1.780000
v -0.784000 0.570000 1.780000
v -0.775211 0.600000 1.860000
v -0.765000 0.570000 1.960000
v -0.764671 0.600000 1.960000
v -0.747955 0.570000 2.035000
v -0.747955 0.570000 2.035000
v -0.747710 0.600000 2.035000
v -0.747710 0.600000 2.035000
v -0.270000 0.600000 2.070000
v -0.180000 0.600000 2.070000
v 0.000000 0.570000 2.070000
v 0.180000 0.600000 2.070000
v 0.000000 0.600000 2.070000
v 0.180000 0.570000 2.070000
v 0.270000 0.570000 2.070000
v 0.700000 0.600000 2.070000
v 0.700000 0.600000 2.070000
v 0.270000 0.600000 2.070000
v 0.700000 0.570000 2.070000
v 0.700000 0.570000 2.070000
v 0.765000 0.570000 1.960000
v 0.775556 0.570000 1.860000
v -0.783642 0.600000 1.780000
v -0.783642 0.600000 1.780000
v -0.783006 0.620000 1.780000
v -0.783006 0.620000 1.780000
v -0.774598 0.620000 1.860000
v -0.700000 0.600000 2.070000
v -0.700000 0.600000 2.070000
v -0.700000 0.620000 2.070000
v -0.700000 0.620000 2.070000
v -0.700000 0.620000 2.070000
v 0.180000 0.620000 2.070000
v 0.270000 0.620000 2.070000
v 0.270000 0.620000 2.070000
v 0.700000 0.620000 2.070000
v 0.700000 0.620000 2.070000
v 0.700000 0.620000 2.070000
v 0.747710 0.600000 2.035000
v 0.747710 0.600000 2.035000
v 0.764671 0.600000 1.960000
v 0.764087 0.620000 1.960000
v 0.764087 0.620000 1.960000
v 0.775211 0.600000 1.860000
v 0.774598 0.620000 1.860000
v -0.764087 0.620000 1.960000
v -0.764087 0.620000 1.960000
v -0.747276 0.620000 2.035000
v -0.747276 0.620000 2.035000
v -0.746807 0.635000 2.035000
v -0.270000 0.620000 2.070000
v -0.270000 0.620000 2.070000
v -0.700000 0.635000 2.070000
v -0.180000 0.620000 2.070000
v -0.270000 0.635000 2.070000
v -0.270000 0.635000 2.070000
v 0.270000 0.635000 2.070000
v 0.270000 0.635000 2.070000
v 0.180000 0.635000 2.070000
v 0.747276 0.620000 2.035000
v 0.747276 0.620000 2.035000
v 0.746807 0.635000 2.035000
v 0.763456 0.635000 1.960000
v 0.763456 0.635000 1.960000
v -0.782320 0.635000 1.780000
v -0.782320 0.635000 1.780000
v -0.773938 0.635000 1.860000
v -0.760168 0.685000 1.960000
v -0.760168 0.685000 1.960000
v -0.763456 0.635000 1.960000
v -0.763456 0.635000 1.960000
v -0.744363 0.685000 2.035000
v -0.270000 0.685000 2.070000
v -0.270000 0.685000 2.070000
v -0.700000 0.685000 2.070000
v -0.180000 0.635000 2.070000
v -0.180000 0.685000 2.070000
v 0.270000 0.685000 2.070000
v 0.270000 0.685000 2.070000
v 0.180000 0.685000 2.070000
v 0.700000 0.685000 2.070000
v 0.700000 0.635000 2.070000
v 0.760168 0.685000 1.960000
v 0.760168 0.685000 1.960000
v 0.744363 0.685000 2.035000
v 0.773938 0.635000 1.860000
v -0.770492 0.685000 1.860000
v -0.763830 0.745000 1.860000
v -0.270000 0.745000 2.070000
v -0.270000 0.745000 2.070000
v 0.180000 0.745000 2.070000
v 0.763830 0.745000 1.860000
v 0.770492 0.685000 1.860000
v -0.771823 0.745000 1.780000
v -0.771823 0.745000 1.780000
v -0.768725 0.766000 1.780000
v -0.768725 0.766000 1.780000
v -0.753812 0.745000 1.960000
v -0.753812 0.745000 1.960000
v -0.739638 0.745000 2.035000
v -0.750965 0.766000 1.960000
v -0.750965 0.766000 1.960000
v -0.700000 0.745000 2.070000
v -0.700000 0.766000 2.070000
v -0.700000 0.766000 2.070000
v -0.700000 0.766000 2.070000
v -0.700000 0.766000 2.070000
v -0.180000 0.745000 2.070000
v -0.180000 0.766000 2.070000
v 0.270000 0.745000 2.070000
v 0.270000 0.745000 2.070000
v 0.270000 0.766000 2.070000
v 0.270000 0.766000 2.070000
v 0.700000 0.745000 2.070000
v 0.739638 0.745000 2.035000
v 0.753812 0.745000 1.960000
v 0.753812 0.745000 1.960000
v 0.768725 0.766000 1.780000
v 0.768725 0.766000 1.780000
v 0.760847 0.766000 1.860000
v -0.760847 0.766000 1.860000
v -0.765790 0.784000 1.780000
v -0.765790 0.784000 1.780000
v -0.748269 0.784000 1.960000
v -0.758021 0.784000 1.860000
v -0.737522 0.766000 2.035000
v -0.737522 0.766000 2.035000
v -0.700000 0.784000 2.070000
v -0.700000 0.784000 2.070000
v -0.735518 0.784000 2.035000
v -0.270000 0.766000 2.070000
v -0.270000 0.766000 2.070000
v -0.270000 0.784000 2.070000
v 0.180000 0.766000 2.070000
v 0.700000 0.766000 2.070000
v 0.700000 0.766000 2.070000
v 0.700000 0.766000 2.070000
v 0.700000 0.766000 2.070000
v 0.700000 0.784000 2.070000
v 0.700000 0.784000 2.070000
v 0.737522 0.766000 2.035000
v 0.737522 0.766000 2.035000
v 0.750965 0.766000 1.960000
v 0.750965 0.766000 1.960000
v 0.758021 0.784000 1.860000
v 0.748269 0.784000 1.960000
v 0.765790 0.784000 1.780000
v 0.765790 0.784000 1.780000
v -0.180000 0.784000 2.070000
v -0.270000 0.795000 2.070000
v 0.000000 0.784000 2.070000
v 0.000000 0.795000 2.070000
v -0.180000 0.795000 2.070000
v 0.180000 0.795000 2.070000
v 0.180000 0.784000 2.070000
v 0.270000 0.784000 2.070000
v 0.270000 0.795000 2.070000
v 0.735518 0.784000 2.035000
v -0.769876 0.558000 1.660000
v -0.769876 0.558000 1.660000
v -0.746755 0.558000 2.035000
v -0.746755 0.558000 2.035000
v 0.782800 0.558000 1.780000
v 0.782800 0.558000 1.780000
v 0.782800 0.558000 1.780000
v 0.700000 0.558000 2.070000
v 0.700000 0.558000 2.070000
v 0.700000 0.558000 2.070000
v 0.700000 0.558000 2.070000
v 0.488500 0.558000 2.126000
v 0.488500 0.558000 2.126000
v 0.488500 0.558000 2.126000
v 0.742520 0.558000 1.870000
v 0.742520 0.558000 1.870000
v 0.802647 0.558000 1.417563
v 0.802647 0.558000 1.417563
v -0.180000 0.600000 2.071000
v -0.180000 0.600000 2.071000
v -0.180000 0.600000 2.046000
v -0.180000 0.600000 2.046000
v -0.180000 0.600000 2.046000
v 0.180000 0.600000 2.071000
v 0.180000 0.600000 2.071000
v 0.180000 0.784000 2.071000
v 0.180000 0.784000 2.071000
v -0.180000 0.784000 2.071000
v -0.180000 0.784000 2.071000
v 0.180000 0.600000 2.046000
v 0.180000 0.600000 2.046000
v 0.180000 0.600000 2.046000
v 0.180000 0.784000 2.046000
v 0.180000 0.784000 2.046000
v 0.180000 0.784000 2.046000
v -0.180000 0.784000 2.046000
v -0.180000 0.784000 2.046000
v -0.180000 0.784000 2.046000
v -0.152400 0.617300 2.049000
v 0.152400 0.617300 2.049000
v 0.152400 0.769700 2.049000
v -0.152400 0.769700 2.049000
v -0.231000 0.251000 1.553000
v -0.231000 0.251000 1.553000
v -0.231000 0.251000 1.553000
v -0.231000 0.251000 1.553000
v -0.231000 0.251000 1.553000
v -0.231000 0.251000 1.553000
v -0.550000 0.268000 1.553000
v -0.550000 0.268000 1.553000
v -0.550000 0.268000 1.553000
v -0.550000 0.268000 1.553000
v -0.550000 0.268000 1.553000
v -0.550000 0.268000 1.553000
v -0.082500 0.304000 1.553000
v -0.082500 0.304000 1.553000
v -0.082500 0.304000 1.553000
v -0.082500 0.304000 1.553000
v 0.105720 0.304000 0.857000
v 0.105720 0.304000 0.857000
v 0.105720 0.304000 0.857000
v 0.105720 0.304000 0.857000
v 0.105720 0.304000 0.857000
v 0.296017 0.251000 0.857000
v 0.296017 0.251000 0.857000
v 0.296017 0.251000 0.857000
v 0.296017 0.251000 0.857000
v 0.296017 0.251000 0.857000
v 0.296017 0.251000 0.857000
v 0.550000 0.268000 1.553000
v 0.550000 0.268000 1.553000
v 0.550000 0.268000 1.553000
v 0.550000 0.268000 1.553000
v 0.550000 0.268000 1.553000
v 0.550000 0.268000 1.553000
v -0.105407 0.304000 0.000000
v -0.105407 0.304000 0.000000
v -0.105407 0.304000 0.000000
v -0.105407 0.304000 0.000000
v -0.296017 0.251000 0.857000
v -0.296017 0.251000 0.857000
v -0.296017 0.251000 0.857000
v -0.296017 0.251000 0.857000
v -0.296017 0.251000 0.857000
v -0.296017 0.251000 0.857000
v -0.105720 0.304000 0.857000
v -0.105720 0.304000 0.857000
v -0.105720 0.304000 0.857000
v -0.105720 0.304000 0.857000
v -0.105720 0.304000 0.857000
v 0.105407 0.304000 0.000000
v 0.105407 0.304000 0.000000
v 0.105407 0.304000 0.000000
v 0.105407 0.304000 0.000000
v 0.295140 0.251000 0.000000
v 0.295140 0.251000 0.000000
v 0.295140 0.251000 0.000000
v 0.295140 0.251000 0.000000
v 0.295140 0.251000 0.000000
v 0.295140 0.251000 0.000000
v 0.704802 0.268000 0.857000
v 0.704802 0.268000 0.857000
v 0.704802 0.268000 0.857000
v -0.695563 0.268000 -0.857000
v -0.695563 0.268000 -0.857000
v -0.695563 0.268000 -0.857000
v -0.695563 0.268000 -0.857000
v -0.292136 0.251000 -0.857000
v -0.292136 0.251000 -0.857000
v -0.292136 0.251000 -0.857000
v -0.292136 0.251000 -0.857000
v -0.292136 0.251000 -0.857000
v -0.292136 0.251000 -0.857000
v -0.702714 0.268000 0.000000
v -0.702714 0.268000 0.000000
v -0.702714 0.268000 0.000000
v -0.295140 0.251000 0.000000
v -0.295140 0.251000 0.000000
v -0.295140 0.251000 0.000000
v -0.295140 0.251000 0.000000
v -0.295140 0.251000 0.000000
v -0.295140 0.251000 0.000000
v 0.702714 0.268000 0.000000
v 0.702714 0.268000 0.000000
v 0.702714 0.268000 0.000000
v -0.231000 0.251000 -1.553000
v -0.231000 0.251000 -1.553000
v -0.231000 0.251000 -1.553000
v -0.231000 0.251000 -1.553000
v -0.231000 0.251000 -1.553000
v -0.231000 0.251000 -1.553000
v -0.082500 0.304000 -1.553000
v -0.082500 0.304000 -1.553000
v -0.082500 0.304000 -1.553000
v -0.082500 0.304000 -1.553000
v -0.104334 0.304000 -0.857000
v -0.104334 0.304000 -0.857000
v -0.104334 0.304000 -0.857000
v -0.104334 0.304000 -0.857000
v 0.082500 0.304000 -1.553000
v 0.082500 0.304000 -1.553000
v 0.082500 0.304000 -1.553000
v 0.082500 0.304000 -1.553000
v 0.104334 0.304000 -0.857000
v 0.104334 0.304000 -0.857000
v 0.104334 0.304000 -0.857000
v 0.104334 0.304000 -0.857000
v 0.231000 0.251000 -1.553000
v 0.231000 0.251000 -1.553000
v 0.231000 0.251000 -1.553000
v 0.231000 0.251000 -1.553000
v 0.231000 0.251000 -1.553000
v 0.231000 0.251000 -1.553000
v 0.292136 0.251000 -0.857000
v 0.292136 0.251000 -0.857000
v 0.292136 0.251000 -0.857000
v 0.292136 0.251000 -0.857000
v 0.292136 0.251000 -0.857000
v 0.292136 0.251000 -0.857000
v 0.550000 0.268000 -1.553000
v 0.550000 0.268000 -1.553000
v 0.550000 0.268000 -1.553000
v 0.550000 0.268000 -1.553000
v 0.550000 0.268000 -1.553000
v 0.550000 0.268000 -1.553000
v 0.695563 0.268000 -0.857000
v 0.695563 0.268000 -0.857000
v 0.695563 0.268000 -0.857000
v 0.695563 0.268000 -0.857000
v -0.669510 0.270000 -1.517000
v -0.669510 0.270000 -1.517000
v -0.669510 0.270000 -1.517000
v -0.669510 0.270000 -1.517000
v -0.640965 0.270000 -1.787000
v -0.640965 0.270000 -1.787000
v -0.640965 0.270000 -1.787000
v -0.640965 0.270000 -1.787000
v -0.432500 0.270000 -1.919000
v -0.432500 0.270000 -1.919000
v -0.432500 0.270000 -1.919000
v -0.432500 0.270000 -1.919000
v -0.432500 0.270000 -1.919000
v -0.550000 0.268000 -1.553000
v -0.550000 0.268000 -1.553000
v -0.550000 0.268000 -1.553000
v -0.550000 0.268000 -1.553000
v -0.550000 0.268000 -1.553000
v -0.550000 0.268000 -1.553000
v 0.082500 0.304000 1.553000
v 0.082500 0.304000 1.553000
v 0.082500 0.304000 1.553000
v 0.082500 0.304000 1.553000
v 0.231000 0.251000 1.553000
v 0.231000 0.251000 1.553000
v 0.231000 0.251000 1.553000
v 0.231000 0.251000 1.553000
v 0.231000 0.251000 1.553000
v 0.231000 0.251000 1.553000
v 0.719444 0.335000 1.580000
v 0.719444 0.335000 1.580000
v 0.719444 0.335000 1.580000
v 0.662838 0.335000 1.984000
v 0.662838 0.335000 1.984000
v 0.000000 0.335000 2.055000
v 0.000000 0.335000 2.055000
v 0.000000 0.335000 2.055000
v 0.000000 0.335000 2.055000
v 0.000000 0.335000 2.055000
v 0.000000 0.335000 2.055000
v -0.456500 0.335000 2.046000
v -0.456500 0.335000 2.046000
v -0.456500 0.335000 2.046000
v -0.456500 0.335000 2.046000
v -0.456500 0.335000 2.046000
v -0.693880 0.335000 1.790000
v -0.693880 0.335000 1.790000
v -0.693880 0.335000 1.790000
v -0.693880 0.335000 1.790000
v -0.735537 0.335000 1.544591
v -0.735537 0.335000 1.544591
v -0.704802 0.268000 0.857000
v -0.704802 0.268000 0.857000
v -0.704802 0.268000 0.857000
v -0.704000 0.255000 0.730000
v -0.704000 0.255000 0.730000
v -0.704000 0.255000 0.730000
v -0.703962 0.255000 0.710000
v -0.703962 0.255000 0.710000
v -0.704000 0.268000 0.730000
v -0.704000 0.268000 0.730000
v -0.703962 0.268000 0.710000
v -0.702000 0.255000 -0.500000
v -0.702000 0.255000 -0.500000
v -0.702000 0.255000 -0.500000
v -0.702000 0.268000 -0.500000
v -0.702000 0.268000 -0.500000
v -0.703000 0.268000 0.200000
v -0.703000 0.268000 0.200000
v -0.695000 0.268000 -0.800000
v -0.695000 0.268000 -0.800000
v -0.695467 0.268000 -0.780000
v 0.704802 0.255000 0.857000
v 0.704802 0.255000 0.857000
v 0.704000 0.268000 0.730000
v 0.704000 0.268000 0.730000
v 0.703962 0.268000 0.710000
v 0.703962 0.255000 0.710000
v 0.703962 0.255000 0.710000
v 0.702000 0.255000 -0.500000
v 0.702000 0.255000 -0.500000
v 0.702000 0.255000 -0.500000
v 0.702000 0.268000 -0.500000
v 0.702000 0.268000 -0.500000
v 0.703000 0.268000 0.200000
v 0.703000 0.268000 0.200000
v 0.695467 0.268000 -0.780000
v 0.695000 0.268000 -0.800000
v 0.695000 0.268000 -0.800000
v 0.695563 0.255000 -0.857000
v 0.695563 0.255000 -0.857000
v 0.640000 0.261091 1.186000
v 0.640000 0.261091 1.186000
v 0.640000 0.261091 1.186000
v -0.640000 0.294000 1.167000
v -0.640000 0.294000 1.167000
v -0.640000 0.294000 1.167000
v 0.640000 0.294000 1.167000
v 0.640000 0.294000 1.167000
v 0.640000 0.294000 1.167000
v -0.640000 0.326909 1.186000
v -0.640000 0.326909 1.186000
v -0.640000 0.326909 1.186000
v 0.640000 0.326909 1.224000
v 0.640000 0.326909 1.224000
v 0.640000 0.326909 1.224000
v 0.640000 0.326909 1.186000
v 0.640000 0.326909 1.186000
v 0.640000 0.326909 1.186000
v -0.640000 0.326909 1.224000
v -0.640000 0.326909 1.224000
v -0.640000 0.326909 1.224000
v -0.640000 0.261091 1.186000
v -0.640000 0.261091 1.186000
v -0.640000 0.261091 1.186000
v -0.640000 0.261091 1.224000
v -0.640000 0.261091 1.224000
v -0.640000 0.261091 1.224000
v -0.640000 0.294000 1.243000
v -0.640000 0.294000 1.243000
v -0.640000 0.294000 1.243000
v 0.640000 0.294000 1.243000
v 0.640000 0.294000 1.243000
v 0.640000 0.294000 1.243000
v 0.640000 0.261091 1.224000
v 0.640000 0.261091 1.224000
v 0.640000 0.261091 1.224000
v 0.088000 0.294000 1.320000
v 0.088000 0.294000 1.320000
v 0.088000 0.294000 1.320000
v 0.044000 0.217790 1.320000
v 0.044000 0.217790 1.320000
v 0.044000 0.217790 1.320000
v -0.044000 0.217790 1.320000
v -0.044000 0.217790 1.320000
v -0.044000 0.217790 1.320000
v -0.088000 0.294000 1.130000
v -0.088000 0.294000 1.130000
v -0.088000 0.294000 1.130000
v -0.044000 0.217790 1.130000
v -0.044000 0.217790 1.130000
v -0.044000 0.217790 1.130000
v -0.044000 0.370210 1.320000
v -0.044000 0.370210 1.320000
v -0.044000 0.370210 1.320000
v -0.044000 0.370210 1.130000
v -0.044000 0.370210 1.130000
v -0.044000 0.370210 1.130000
v 0.044000 0.370210 1.320000
v 0.044000 0.370210 1.320000
v 0.044000 0.370210 1.320000
v -0.088000 0.294000 1.320000
v -0.088000 0.294000 1.320000
v -0.088000 0.294000 1.320000
v 0.088000 0.294000 1.130000
v 0.088000 0.294000 1.130000
v 0.088000 0.294000 1.130000
v 0.044000 0.217790 1.130000
v 0.044000 0.217790 1.130000
v 0.044000 0.217790 1.130000
v 0.044000 0.370210 1.130000
v 0.044000 0.370210 1.130000
v 0.044000 0.370210 1.130000
v -0.404946 0.330305 1.580000
v -0.404946 0.330305 1.580000
v -0.404946 0.330305 1.580000
v -0.470000 0.347000 1.580000
v -0.470000 0.347000 1.580000
v -0.470000 0.347000 1.580000
v -0.535054 0.330305 1.580000
v -0.535054 0.330305 1.580000
v -0.535054 0.330305 1.580000
v -0.470000 0.347000 1.940000
v -0.470000 0.347000 1.940000
v -0.470000 0.347000 1.940000
v -0.562000 0.290000 1.580000
v -0.562000 0.290000 1.580000
v -0.562000 0.290000 1.580000
v -0.562000 0.290000 1.940000
v -0.562000 0.290000 1.940000
v -0.562000 0.290000 1.940000
v -0.535054 0.249695 1.940000
v -0.535054 0.249695 1.940000
v -0.535054 0.249695 1.940000
v -0.535054 0.249695 1.580000
v -0.535054 0.249695 1.580000
v -0.535054 0.249695 1.580000
v -0.470000 0.233000 1.580000
v -0.470000 0.233000 1.580000
v -0.470000 0.233000 1.580000
v -0.470000 0.233000 1.940000
v -0.470000 0.233000 1.940000
v -0.470000 0.233000 1.940000
v -0.404946 0.249695 1.940000
v -0.404946 0.249695 1.940000
v -0.404946 0.249695 1.940000
v -0.404946 0.249695 1.580000
v -0.404946 0.249695 1.580000
v -0.404946 0.249695 1.580000
v -0.378000 0.290000 1.580000
v -0.378000 0.290000 1.580000
v -0.378000 0.290000 1.580000
v -0.378000 0.290000 1.940000
v -0.378000 0.290000 1.940000
v -0.378000 0.290000 1.940000
v -0.404946 0.330305 1.940000
v -0.404946 0.330305 1.940000
v -0.404946 0.330305 1.940000
v -0.535054 0.330305 1.940000
v -0.535054 0.330305 1.940000
v -0.535054 0.330305 1.940000
v -0.493000 0.276000 1.880000
v -0.493000 0.276000 1.880000
v -0.493000 0.276000 1.880000
v -0.493000 0.276000 1.880000
v -0.486263 0.259817 1.878382
v -0.486263 0.259817 1.878382
v -0.486263 0.259817 1.878382
v -0.486263 0.259817 1.878382
v -0.470000 0.253114 1.877711
v -0.470000 0.253114 1.877711
v -0.470000 0.253114 1.877711
v -0.470000 0.253114 1.877711
v -0.453737 0.259817 1.878382
v -0.453737 0.259817 1.878382
v -0.453737 0.259817 1.878382
v -0.453737 0.259817 1.878382
v -0.453737 0.259817 1.878382
v -0.453812 0.281253 1.991675
v -0.453812 0.281253 1.991675
v -0.453812 0.281253 1.991675
v -0.453812 0.281253 1.991675
v -0.453812 0.281253 1.991675
v -0.453812 0.281253 1.991675
v -0.470000 0.298886 1.882289
v -0.470000 0.298886 1.882289
v -0.470000 0.298886 1.882289
v -0.470000 0.298886 1.882289
v -0.470056 0.287985 1.990839
v -0.470056 0.287985 1.990839
v -0.470056 0.287985 1.990839
v -0.470056 0.287985 1.990839
v -0.470056 0.287985 1.990839
v -0.470056 0.287985 1.990839
v -0.486263 0.292183 1.881618
v -0.486263 0.292183 1.881618
v -0.486263 0.292183 1.881618
v -0.492949 0.265000 1.988470
v -0.492949 0.265000 1.988470
v -0.492949 0.265000 1.988470
v -0.492949 0.265000 1.988470
v -0.492949 0.265000 1.988470
v -0.492949 0.265000 1.988470
v -0.486188 0.248747 1.988325
v -0.486188 0.248747 1.988325
v -0.486188 0.248747 1.988325
v -0.486188 0.248747 1.988325
v -0.486188 0.248747 1.988325
v -0.486188 0.248747 1.988325
v -0.506174 0.248737 2.178298
v -0.506174 0.248737 2.178298
v -0.506174 0.248737 2.178298
v -0.506174 0.248737 2.178298
v -0.512874 0.265000 2.177592
v -0.512874 0.265000 2.177592
v -0.512874 0.265000 2.177592
v -0.512874 0.265000 2.177592
v -0.490000 0.242000 2.180000
v -0.490000 0.242000 2.180000
v -0.490000 0.242000 2.180000
v -0.490000 0.242000 2.180000
v -0.490000 0.242000 2.180000
v -0.469944 0.242015 1.989161
v -0.469944 0.242015 1.989161
v -0.469944 0.242015 1.989161
v -0.469944 0.242015 1.989161
v -0.469944 0.242015 1.989161
v -0.469944 0.242015 1.989161
v -0.473826 0.248737 2.181703
v -0.473826 0.248737 2.181703
v -0.473826 0.248737 2.181703
v -0.473826 0.248737 2.181703
v -0.473826 0.248737 2.181703
v -0.473826 0.248737 2.181703
v -0.453733 0.248747 1.990489
v -0.453733 0.248747 1.990489
v -0.453733 0.248747 1.990489
v -0.453733 0.248747 1.990489
v -0.447051 0.265000 1.991530
v -0.447051 0.265000 1.991530
v -0.447051 0.265000 1.991530
v -0.447051 0.265000 1.991530
v -0.447051 0.265000 1.991530
v -0.447051 0.265000 1.991530
v -0.467126 0.265000 2.182408
v -0.467126 0.265000 2.182408
v -0.467126 0.265000 2.182408
v -0.467126 0.265000 2.182408
v -0.490000 0.288000 2.180000
v -0.490000 0.288000 2.180000
v -0.490000 0.288000 2.180000
v -0.490000 0.288000 2.180000
v -0.490000 0.288000 2.180000
v -0.486267 0.281253 1.989511
v -0.486267 0.281253 1.989511
v -0.486267 0.281253 1.989511
v -0.486267 0.281253 1.989511
v -0.486267 0.281253 1.989511
v -0.486267 0.281253 1.989511
v -0.486267 0.281253 1.989511
v -0.486267 0.281253 1.989511
v -0.506174 0.281263 2.178298
v -0.506174 0.281263 2.178298
v -0.506174 0.281263 2.178298
v -0.453737 0.292183 1.881618
v -0.453737 0.292183 1.881618
v -0.453737 0.292183 1.881618
v -0.453737 0.292183 1.881618
v -0.447000 0.276000 1.880000
v -0.447000 0.276000 1.880000
v -0.447000 0.276000 1.880000
v -0.447000 0.276000 1.880000
v -0.506469 0.265000 2.178267
v -0.506469 0.265000 2.178267
v -0.506469 0.265000 2.178267
v -0.501645 0.253290 2.178774
v -0.501645 0.253290 2.178774
v -0.501645 0.253290 2.178774
v -0.478355 0.253290 2.181226
v -0.478355 0.253290 2.181226
v -0.478355 0.253290 2.181226
v -0.478355 0.253290 2.181226
v -0.473826 0.281263 2.181703
v -0.473826 0.281263 2.181703
v -0.473826 0.281263 2.181703
v -0.473826 0.281263 2.181703
v -0.473826 0.281263 2.181703
v -0.473531 0.265000 2.181734
v -0.473531 0.265000 2.181734
v -0.473531 0.265000 2.181734
v -0.490000 0.281560 2.180000
v -0.490000 0.281560 2.180000
v -0.490000 0.281560 2.180000
v -0.501645 0.276710 2.178774
v -0.501645 0.276710 2.178774
v -0.501645 0.276710 2.178774
v -0.502805 0.265000 2.143459
v -0.502805 0.265000 2.143459
v -0.502805 0.265000 2.143459
v -0.497981 0.253290 2.143966
v -0.497981 0.253290 2.143966
v -0.497981 0.253290 2.143966
v -0.490000 0.248440 2.180000
v -0.490000 0.248440 2.180000
v -0.490000 0.248440 2.180000
v -0.474691 0.253290 2.146418
v -0.474691 0.253290 2.146418
v -0.474691 0.253290 2.146418
v -0.469867 0.265000 2.146926
v -0.469867 0.265000 2.146926
v -0.469867 0.265000 2.146926
v -0.478355 0.276710 2.181226
v -0.478355 0.276710 2.181226
v -0.478355 0.276710 2.181226
v -0.478355 0.276710 2.181226
v -0.497981 0.276710 2.143966
v -0.497981 0.276710 2.143966
v -0.497981 0.276710 2.143966
v -0.486336 0.248440 2.145192
v -0.486336 0.248440 2.145192
v -0.486336 0.248440 2.145192
v -0.474691 0.276710 2.146418
v -0.474691 0.276710 2.146418
v -0.474691 0.276710 2.146418
v -0.486336 0.281560 2.145192
v -0.486336 0.281560 2.145192
v -0.486336 0.281560 2.145192
v -0.492000 0.290000 1.650000
v -0.492000 0.290000 1.650000
v -0.492000 0.290000 1.650000
v -0.481000 0.271150 1.647228
v -0.481000 0.271150 1.647228
v -0.481000 0.271150 1.647228
v -0.459000 0.271150 1.647228
v -0.459000 0.271150 1.647228
v -0.459000 0.271150 1.647228
v -0.459000 0.308850 1.652772
v -0.459000 0.308850 1.652772
v -0.459000 0.308850 1.652772
v -0.448000 0.290000 1.650000
v -0.448000 0.290000 1.650000
v -0.448000 0.290000 1.650000
v -0.459000 0.333850 1.482772
v -0.459000 0.333850 1.482772
v -0.459000 0.333850 1.482772
v -0.481000 0.333850 1.482772
v -0.481000 0.333850 1.482772
v -0.481000 0.333850 1.482772
v -0.492000 0.315000 1.480000
v -0.492000 0.315000 1.480000
v -0.492000 0.315000 1.480000
v -0.481000 0.308850 1.652772
v -0.481000 0.308850 1.652772
v -0.481000 0.308850 1.652772
v -0.448000 0.315000 1.480000
v -0.448000 0.315000 1.480000
v -0.448000 0.315000 1.480000
v -0.459000 0.296150 1.477228
v -0.459000 0.296150 1.477228
v -0.459000 0.296150 1.477228
v -0.481000 0.296150 1.477228
v -0.481000 0.296150 1.477228
v -0.481000 0.296150 1.477228
v -0.538211 0.324170 1.655500
v -0.538211 0.324170 1.655500
v -0.538211 0.324170 1.655500
v -0.568211 0.375170 1.655500
v -0.568211 0.375170 1.655500
v -0.568211 0.375170 1.655500
v -0.521789 0.333830 1.655500
v -0.521789 0.333830 1.655500
v -0.521789 0.333830 1.655500
v -0.551789 0.384830 1.655500
v -0.551789 0.384830 1.655500
v -0.551789 0.384830 1.655500
v -0.530000 0.329000 1.639000
v -0.530000 0.329000 1.639000
v -0.530000 0.329000 1.639000
v -0.560000 0.380000 1.639000
v -0.560000 0.380000 1.639000
v -0.560000 0.380000 1.639000
v -0.560000 0.380000 1.869000
v -0.560000 0.380000 1.869000
v -0.560000 0.380000 1.869000
v -0.551789 0.384830 1.885500
v -0.551789 0.384830 1.885500
v -0.551789 0.384830 1.885500
v -0.521789 0.333830 1.885500
v -0.521789 0.333830 1.885500
v -0.521789 0.333830 1.885500
v -0.538211 0.324170 1.885500
v -0.538211 0.324170 1.885500
v -0.538211 0.324170 1.885500
v -0.530000 0.329000 1.869000
v -0.530000 0.329000 1.869000
v -0.530000 0.329000 1.869000
v -0.568211 0.375170 1.885500
v -0.568211 0.375170 1.885500
v -0.568211 0.375170 1.885500
v -0.049380 0.987948 -0.693462
v -0.049380 0.987948 -0.693462
v -0.049380 0.987948 -0.693462
v -0.520071 0.973052 -0.730516
v -0.520071 0.973052 -0.730516
v -0.520071 0.973052 -0.730516
v -0.519380 0.960948 -0.730462
v -0.519380 0.960948 -0.730462
v -0.519380 0.960948 -0.730462
v -0.520549 0.967000 -0.720022
v -0.520549 0.967000 -0.720022
v -0.520549 0.967000 -0.720022
v -0.050549 0.994000 -0.683022
v -0.050549 0.994000 -0.683022
v -0.050549 0.994000 -0.683022
v -0.050071 1.000052 -0.693516
v -0.050071 1.000052 -0.693516
v -0.050071 1.000052 -0.693516
v 0.080086 0.973059 -0.730505
v 0.080086 0.973059 -0.730505
v 0.080086 0.973059 -0.730505
v 0.529426 0.982000 -0.683024
v 0.529426 0.982000 -0.683024
v 0.529426 0.982000 -0.683024
v 0.530086 0.988059 -0.693505
v 0.530086 0.988059 -0.693505
v 0.530086 0.988059 -0.693505
v 0.080487 0.960941 -0.730472
v 0.080487 0.960941 -0.730472
v 0.080487 0.960941 -0.730472
v 0.079426 0.967000 -0.720024
v 0.079426 0.967000 -0.720024
v 0.079426 0.967000 -0.720024
v 0.530487 0.975941 -0.693472
v 0.530487 0.975941 -0.693472
v 0.530487 0.975941 -0.693472
v 0.033999 1.173000 1.350100
v 0.033999 1.173000 1.350100
v 0.033999 1.173000 1.350100
v 0.033999 1.173000 1.350100
v 0.033999 1.173000 1.350100
v 0.018030 1.027735 1.748792
v 0.018030 1.027735 1.748792
v 0.018030 1.027735 1.748792
v 0.018030 1.027735 1.748792
v 0.027972 1.176265 1.351108
v 0.027972 1.176265 1.351108
v 0.027972 1.176265 1.351108
v 0.017972 1.034265 1.751108
v 0.017972 1.034265 1.751108
v 0.017972 1.034265 1.751108
v 0.017972 1.034265 1.751108
v 0.023999 1.031000 1.750100
v 0.023999 1.031000 1.750100
v 0.023999 1.031000 1.750100
v 0.028030 1.169735 1.348792
v 0.028030 1.169735 1.348792
v 0.028030 1.169735 1.348792
vn 0.9886 0.1503 -0.0045
vn 0.9882 0.1532 -0.0045
vn 0.9958 0.0912 -0.0057
vn 0.9260 0.3776 0.0059
vn 0.9229 0.3850 -0.0004
vn 0.9722 0.2341 0.0100
vn 0.9733 0.2296 -0.0022
vn 0.9876 0.1563 0.0134
vn 0.9928 0.1189 0.0145
vn 0.9317 0.3631 -0.0035
vn 0.9759 0.2170 0.0231
vn 0.9890 0.1445 0.0316
vn 0.9393 0.3432 -0.0030
vn 0.9791 0.2020 0.0237
vn 0.9904 0.1344 0.0319
vn 0.9957 0.0859 0.0360
vn 0.9449 0.3273 -0.0025
vn 0.9814 0.1904 0.0242
vn 0.9915 0.1264 0.0321
vn -0.9597 0.0214 0.2802
vn -0.8360 0.1031 0.5389
vn -0.9241 0.0103 0.3819
vn 0.9968 0.0717 0.0364
vn 0.9992 0.0150 0.0382
vn 0.9964 0.0762 0.0363
vn 0.9484 0.3172 -0.0023
vn 0.9828 0.1831 0.0244
vn 0.9921 0.1215 0.0323
vn 0.9970 0.0690 0.0364
vn 0.9980 -0.0496 0.0383
vn 0.9943 -0.0994 0.0381
vn 0.9495 0.3137 -0.0022
vn 0.9832 0.1806 0.0245
vn 0.9923 0.1198 0.0323
vn 0.9970 0.0681 0.0364
vn -0.9142 0.1581 0.3731
vn -0.9783 0.1608 0.1303
vn 0.9507 0.3101 0.0036
vn 0.9833 0.1781 0.0361
vn 0.9920 0.1181 0.0453
vn 0.9965 0.0671 0.0502
vn 0.9974 -0.0496 0.0524
vn 0.9674 0.2487 0.0486
vn 0.9822 0.1758 0.0664
vn 0.9736 0.2267 0.0257
vn 0.9835 0.1673 0.0682
vn 0.9760 0.2161 0.0282
vn 0.9856 0.1536 0.0709
vn 0.9795 0.1987 0.0320
vn 0.9877 0.1375 0.0740
vn 0.9926 0.0908 0.0806
vn 0.9951 0.0515 0.0841
vn 0.9956 0.0396 0.0848
vn -0.9663 0.2426 0.0866
vn -0.9811 0.1690 0.0946
vn 0.9974 0.0516 0.0511
vn 0.9961 0.0238 0.0854
vn 0.9982 0.0310 0.0520
vn 0.9951 -0.0495 0.0857
vn 0.9937 -0.0994 0.0522
vn 0.9651 0.2473 0.0863
vn 0.9801 0.1746 0.0942
vn 0.9664 0.2424 0.0860
vn 0.9811 0.1690 0.0946
vn 0.9678 0.2348 0.0909
vn 0.9783 0.1608 0.1303
vn 0.9142 0.1581 0.3731
vn 0.8360 0.1031 0.5389
vn 0.9597 0.0213 0.2802
vn -0.0000 -0.1465 -0.9892
vn -0.0000 0.1465 0.9892
vn -0.9651 0.2473 0.0863
vn -0.9801 0.1746 0.0942
vn -0.0000 -0.0000 -1.0000
vn -0.0000 -0.0000 1.0000
vn 1.0000 -0.0000 -0.0000
vn -1.0000 -0.0000 -0.0000
vn -0.0000 1.0000 -0.0000
vn -0.0000 -1.0000 -0.0000
vn -0.9600 0.2799 0.0004
vn -0.9923 0.1239 0.0004
vn -0.9965 -0.0833 0.0035
vn -0.9279 -0.3710 0.0368
vn -0.8622 -0.5065 -0.0016
vn -0.8622 -0.5066 -0.0016
vn -0.9674 0.2487 0.0486
vn -0.9822 0.1758 0.0664
vn -0.8622 -0.5065 -0.0014
vn -0.8622 -0.5066 -0.0012
vn -0.9951 -0.0495 0.0857
vn -0.9937 -0.0994 0.0522
vn -0.9914 -0.0991 0.0854
vn -0.9982 0.0310 0.0520
vn -0.9974 -0.0496 0.0524
vn -0.9961 0.0238 0.0854
vn -0.9974 0.0516 0.0511
vn -0.9956 0.0396 0.0848
vn -0.9965 0.0671 0.0502
vn -0.9951 0.0515 0.0841
vn -0.9920 0.1181 0.0453
vn -0.9926 0.0908 0.0806
vn -0.9833 0.1781 0.0361
vn -0.9877 0.1375 0.0740
vn -0.9795 0.1987 0.0320
vn -0.9856 0.1536 0.0709
vn -0.9760 0.2161 0.0282
vn -0.9835 0.1674 0.0682
vn -0.9736 0.2267 0.0257
vn -0.9507 0.3101 0.0036
vn -0.8622 -0.5065 -0.0012
vn -0.9943 -0.0994 0.0381
vn -0.9970 0.0681 0.0364
vn -0.9980 -0.0496 0.0383
vn -0.9923 0.1198 0.0323
vn -0.9833 0.1806 0.0243
vn -0.9495 0.3137 -0.0022
vn -0.8621 -0.5065 -0.0140
vn -0.8620 -0.5064 -0.0201
vn -0.9970 0.0690 0.0364
vn -0.9921 0.1214 0.0323
vn -0.9828 0.1831 0.0244
vn -0.9484 0.3172 -0.0023
vn -0.9334 -0.3531 -0.0636
vn -0.9966 -0.0704 -0.0423
vn -0.9943 -0.0995 0.0381
vn -0.9968 0.0717 0.0364
vn -0.9915 0.1264 0.0321
vn -0.9814 0.1904 0.0242
vn -0.9449 0.3273 -0.0025
vn -0.9947 0.1030 -0.0076
vn -0.9714 0.2343 -0.0388
vn -0.9992 0.0150 0.0382
vn -0.9904 0.1344 0.0319
vn -0.9964 0.0764 0.0363
vn -0.9791 0.2020 0.0237
vn -0.9393 0.3432 -0.0030
vn -1.0000 -0.0000 0.0001
vn -0.9957 0.0859 0.0360
vn -0.9759 0.2170 0.0231
vn -0.9890 0.1445 0.0316
vn -0.9317 0.3631 -0.0035
vn -0.9928 0.1189 0.0145
vn -0.9722 0.2341 0.0100
vn -0.9876 0.1563 0.0134
vn -0.9229 0.3850 -0.0004
vn -0.0000 -0.1342 -0.9910
vn -0.9882 0.1532 -0.0045
vn -0.9958 0.0912 -0.0057
vn -0.9259 0.3776 0.0059
vn -0.9733 0.2296 -0.0022
vn -0.0000 -0.3994 -0.9168
vn -0.0000 -0.6499 -0.7600
vn -0.0000 -0.8590 -0.5119
vn -0.9963 0.0857 -0.0057
vn -0.9998 0.0168 -0.0063
vn -0.9886 0.1503 -0.0045
vn -0.9287 0.3708 0.0059
vn -0.9743 0.2254 -0.0022
vn -0.0000 -0.9833 -0.1821
vn -0.0000 -0.9833 0.1821
vn -0.9987 -0.0496 -0.0063
vn -0.9950 -0.0995 -0.0063
vn -0.9964 0.0843 -0.0057
vn -0.9890 0.1481 -0.0045
vn -0.9309 0.3653 0.0060
vn -0.9750 0.2221 -0.0022
vn -0.0000 -0.8590 0.5119
vn -0.9824 -0.1867 -0.0062
vn -0.8622 -0.5065 -0.0054
vn -0.9965 0.0834 -0.0057
vn -0.9892 0.1466 -0.0045
vn -0.9322 0.3618 0.0060
vn -0.9755 0.2200 -0.0022
vn -0.8846 -0.4663 -0.0056
vn -0.9738 -0.2273 -0.0062
vn -0.9965 0.0831 -0.0057
vn -0.9893 0.1461 -0.0045
vn -0.9328 0.3603 0.0059
vn -0.9756 0.2193 -0.0022
vn -0.8846 -0.4663 -0.0037
vn -0.9738 -0.2273 -0.0040
vn -0.9824 -0.1867 -0.0040
vn -0.9988 -0.0496 -0.0040
vn -0.9967 0.0810 -0.0038
vn -0.9898 0.1423 -0.0032
vn -0.9364 0.3510 0.0018
vn -0.9769 0.2137 -0.0020
vn -0.8847 -0.4663 -0.0017
vn -0.9738 -0.2273 -0.0018
vn -0.9824 -0.1867 -0.0019
vn -0.9988 -0.0496 -0.0019
vn -0.9967 0.0810 -0.0019
vn -0.9898 0.1423 -0.0019
vn -0.9769 0.2137 -0.0018
vn -0.8847 -0.4663 -0.0015
vn -0.9738 -0.2274 -0.0016
vn -0.9824 -0.1867 -0.0016
vn -0.9988 -0.0496 -0.0017
vn -0.9967 0.0810 -0.0015
vn -0.9898 0.1423 -0.0011
vn -0.9365 0.3507 -0.0018
vn -0.9769 0.2137 -0.0004
vn -0.8846 -0.4662 -0.0113
vn -0.9738 -0.2272 -0.0121
vn -0.9823 -0.1867 -0.0122
vn -0.9987 -0.0497 -0.0123
vn -0.9972 0.0744 -0.0117
vn -0.9804 0.1968 -0.0074
vn -0.9914 0.1308 -0.0102
vn -0.9363 0.3513 0.0018
vn -0.8845 -0.4661 -0.0213
vn -0.9736 -0.2272 -0.0227
vn -0.9822 -0.1866 -0.0229
vn -0.9985 -0.0496 -0.0231
vn -0.9976 0.0661 -0.0224
vn -0.9930 0.1163 -0.0204
vn -0.9401 0.3410 0.0012
vn -0.9843 0.1755 -0.0165
vn -0.8846 -0.4663 -0.0061
vn -0.9738 -0.2274 -0.0066
vn -0.9824 -0.1867 -0.0066
vn -0.9987 -0.0497 -0.0067
vn -0.9978 0.0655 -0.0093
vn -0.9932 0.1154 -0.0147
vn -0.9478 0.3188 -0.0040
vn -0.9844 0.1740 -0.0250
vn -0.9738 -0.2273 0.0096
vn -0.8846 -0.4663 0.0088
vn -0.9824 -0.1867 0.0097
vn -0.9971 0.0766 0.0032
vn -0.9987 -0.0496 0.0099
vn -0.9908 0.1347 -0.0110
vn -0.9257 0.3508 -0.1417
vn -0.9786 0.2023 -0.0378
vn -0.8622 -0.5065 0.0085
vn -0.9824 -0.1866 0.0097
vn -0.9968 0.0801 0.0030
vn -0.9900 0.1409 -0.0116
vn -0.9211 0.3621 -0.1431
vn -0.9766 0.2113 -0.0392
vn -0.0000 -0.6499 0.7600
vn -0.9950 -0.0995 0.0098
vn -0.9959 0.0910 0.0023
vn -0.9871 0.1597 -0.0136
vn -0.9068 0.3950 -0.1470
vn -0.9701 0.2386 -0.0436
vn -0.0000 -0.3994 0.9168
vn -0.0000 -0.1342 0.9910
vn -0.9989 0.0464 0.0083
vn -0.9939 0.1100 0.0011
vn -0.9812 0.1921 -0.0172
vn -0.8817 0.4463 -0.1529
vn -0.9571 0.2852 -0.0513
vn -0.2102 0.0226 0.9774
vn -0.7575 0.0698 0.6491
vn -0.8495 0.2926 0.4389
vn -0.9837 0.1796 -0.0082
vn -0.9706 0.2395 -0.0226
vn -0.8450 0.5104 -0.1597
vn -0.9344 0.3508 -0.0626
vn -0.8819 0.4194 0.2154
vn -0.8530 0.5184 0.0602
vn -0.8107 0.5743 -0.1143
vn -0.7943 0.5403 -0.2776
vn -0.9599 0.2771 -0.0418
vn -0.9524 0.3012 -0.0463
vn -0.8010 0.5814 -0.1428
vn -0.8982 0.4322 -0.0796
vn -0.7547 0.3835 -0.5323
vn -0.5750 0.1981 -0.7938
vn -0.2124 0.0196 -0.9770
vn -0.9399 0.3350 -0.0660
vn -0.9654 0.2545 -0.0574
vn -0.7917 0.5987 -0.1218
vn -0.8756 0.4748 -0.0890
vn -0.9738 0.2207 -0.0543
vn -0.9944 0.0946 -0.0478
vn -0.9258 0.3713 -0.0701
vn -0.7792 0.6143 -0.1244
vn -0.8496 0.5185 -0.0970
vn -0.9684 0.2430 -0.0557
vn -0.9956 0.0807 -0.0473
vn -0.9115 0.4046 -0.0742
vn -0.7680 0.6278 -0.1266
vn -0.8241 0.5566 -0.1049
vn -0.9951 0.0865 -0.0475
vn -0.9641 0.2593 -0.0569
vn -0.9003 0.4284 -0.0772
vn -0.7601 0.6371 -0.1282
vn -0.8050 0.5828 -0.1108
vn -0.0000 -0.1403 -0.9901
vn -0.0000 -0.4148 -0.9099
vn -0.0000 -0.6667 -0.7453
vn -0.9931 0.0881 -0.0771
vn -0.9607 0.2637 -0.0869
vn -0.8943 0.4342 -0.1082
vn -0.7542 0.6369 -0.1597
vn -0.7960 0.5882 -0.1432
vn -0.0000 -0.8689 -0.4949
vn -0.0000 -0.9847 -0.1743
vn -0.0000 -0.9847 0.1743
vn -0.9904 0.0883 -0.1065
vn -0.9574 0.2642 -0.1164
vn -0.8900 0.4345 -0.1381
vn -0.7496 0.6340 -0.1903
vn -0.7905 0.5872 -0.1739
vn -0.0000 -0.8689 0.4949
vn -0.0000 -0.6667 0.7453
vn -0.0000 -0.4148 0.9099
vn -0.9818 0.1224 -0.1454
vn -0.9217 0.3557 -0.1548
vn -0.8131 0.5552 -0.1749
vn -0.7171 0.6685 -0.1971
vn -0.0000 -0.1403 0.9901
vn -0.2191 0.0235 0.9754
vn -0.8164 -0.0023 0.5775
vn -0.8502 0.2814 0.4449
vn -0.8952 0.3763 0.2389
vn -0.8829 0.4585 0.1012
vn -0.9749 0.1270 -0.1827
vn -0.9745 0.1299 -0.1827
vn -0.9528 0.2423 -0.1832
vn -0.9514 0.2475 -0.1832
vn -0.9116 0.3675 -0.1844
vn -0.7993 0.5701 -0.1900
vn -0.8739 0.4492 -0.1858
vn -0.8780 0.4411 -0.1857
vn -0.7134 0.6725 -0.1973
vn -0.7930 0.5787 -0.1905
vn -0.8732 0.4818 -0.0738
vn -0.8608 0.4510 -0.2356
vn -0.8157 0.3434 -0.4656
vn -0.6016 0.1991 -0.7736
vn -0.2572 -0.0007 -0.9664
vn -0.9538 0.1432 -0.2640
vn -0.8259 0.4779 -0.2991
vn -0.7113 0.6746 -0.1973
vn -0.7290 0.5988 -0.3318
vn -0.4836 0.7446 -0.4602
vn -0.5658 0.8228 -0.0543
vn -0.8923 0.4259 -0.1497
vn -0.5499 0.5924 -0.5888
vn -0.4510 0.5815 -0.6771
vn -0.4614 0.5817 -0.6699
vn -0.4835 0.7446 -0.4602
vn -0.9236 0.2705 -0.2716
vn -0.9147 0.1899 -0.3568
vn -0.6727 0.5386 -0.5074
vn -0.6680 0.6537 -0.3557
vn -0.8514 0.3451 -0.3949
vn -0.7396 0.4720 -0.4798
vn -0.8755 0.2863 -0.3893
vn -0.5623 0.5689 -0.6002
vn -0.8342 0.4216 -0.3554
vn -0.8755 0.2862 -0.3893
vn -0.2207 0.0237 -0.9751
vn -0.8287 -0.0024 -0.5596
vn -0.8604 0.2847 -0.4226
vn -0.9009 0.3793 -0.2110
vn -0.8833 0.4628 -0.0744
vn -0.8712 0.4807 0.1001
vn -0.8566 0.4449 0.2612
vn -0.8060 0.3388 0.4854
vn -0.5927 0.1961 0.7812
vn -0.2552 -0.0007 0.9669
vn -0.2082 0.0224 -0.9778
vn -0.7440 0.0686 -0.6647
vn -0.8381 0.2887 -0.4628
vn -0.8652 0.4396 -0.2413
vn -0.8213 0.5587 -0.1154
vn -0.8146 0.5770 0.0590
vn -0.8281 0.5032 0.2472
vn -0.7821 0.3719 0.5000
vn -0.5847 0.2014 0.7859
vn -0.2145 0.0198 0.9765
vn -0.9674 0.2524 0.0207
vn -0.9945 0.0996 -0.0330
vn -0.9979 -0.0638 -0.0070
vn -0.9412 -0.3377 0.0121
vn -0.9333 -0.3583 -0.0232
vn -0.9966 -0.0828 -0.0053
vn -0.9923 0.1241 -0.0041
vn -0.9600 0.2801 -0.0040
vn 0.9241 0.0147 0.3819
vn -0.9464 0.3154 -0.0692
vn 0.9914 -0.0991 0.0854
vn 0.9998 0.0168 -0.0063
vn 0.9963 0.0857 -0.0057
vn 0.9287 0.3708 0.0059
vn 0.9743 0.2254 -0.0022
vn 0.9950 -0.0995 -0.0063
vn 0.9987 -0.0496 -0.0063
vn 0.9964 0.0843 -0.0057
vn 0.9890 0.1481 -0.0045
vn 0.9309 0.3653 0.0060
vn 0.9750 0.2221 -0.0022
vn 0.8622 -0.5065 -0.0054
vn 0.9824 -0.1867 -0.0062
vn 0.9965 0.0834 -0.0057
vn 0.9892 0.1466 -0.0045
vn 0.9322 0.3618 0.0060
vn 0.9755 0.2200 -0.0022
vn 0.9738 -0.2273 -0.0062
vn 0.8846 -0.4663 -0.0056
vn 0.9965 0.0831 -0.0057
vn 0.9893 0.1461 -0.0045
vn 0.9327 0.3605 0.0060
vn 0.9756 0.2193 -0.0022
vn 0.8846 -0.4663 -0.0036
vn 0.9738 -0.2273 -0.0040
vn 0.9824 -0.1867 -0.0040
vn 0.9988 -0.0496 -0.0041
vn 0.9967 0.0810 -0.0038
vn 0.9898 0.1423 -0.0032
vn 0.9365 0.3506 0.0019
vn 0.9769 0.2137 -0.0020
vn 0.8847 -0.4663 -0.0017
vn 0.9738 -0.2273 -0.0018
vn 0.9824 -0.1867 -0.0019
vn 0.9988 -0.0496 -0.0019
vn 0.9967 0.0810 -0.0019
vn 0.9898 0.1423 -0.0019
vn 0.9769 0.2137 -0.0018
vn 0.8847 -0.4663 -0.0015
vn 0.9738 -0.2274 -0.0016
vn 0.9824 -0.1867 -0.0016
vn 0.9988 -0.0496 -0.0017
vn 0.9967 0.0810 -0.0015
vn 0.9898 0.1423 -0.0011
vn 0.9769 0.2137 -0.0004
vn 0.9363 0.3511 -0.0018
vn 0.8846 -0.4663 -0.0110
vn 0.9738 -0.2272 -0.0121
vn 0.9823 -0.1867 -0.0122
vn 0.9987 -0.0497 -0.0124
vn 0.9972 0.0744 -0.0117
vn 0.9804 0.1968 -0.0074
vn 0.9914 0.1308 -0.0102
vn 0.9363 0.3511 0.0018
vn 0.8845 -0.4661 -0.0206
vn 0.9736 -0.2272 -0.0227
vn 0.9822 -0.1866 -0.0229
vn 0.9985 -0.0496 -0.0233
vn 0.9976 0.0661 -0.0224
vn 0.9930 0.1163 -0.0204
vn 0.9843 0.1755 -0.0165
vn 0.9401 0.3410 0.0012
vn 0.8846 -0.4663 -0.0059
vn 0.9738 -0.2274 -0.0066
vn 0.9824 -0.1867 -0.0066
vn 0.9987 -0.0496 -0.0067
vn 0.9978 0.0655 -0.0093
vn 0.9932 0.1154 -0.0147
vn 0.9844 0.1740 -0.0250
vn 0.9478 0.3188 -0.0040
vn 0.9738 -0.2273 0.0096
vn 0.8846 -0.4663 0.0088
vn 0.9824 -0.1867 0.0097
vn 0.9971 0.0766 0.0032
vn 0.9987 -0.0496 0.0099
vn 0.9908 0.1347 -0.0110
vn 0.9257 0.3508 -0.1417
vn 0.9786 0.2023 -0.0378
vn 0.8622 -0.5065 0.0085
vn 0.9824 -0.1866 0.0097
vn 0.9968 0.0801 0.0030
vn 0.9900 0.1409 -0.0116
vn 0.9211 0.3621 -0.1431
vn 0.9766 0.2113 -0.0393
vn 0.9950 -0.0995 0.0098
vn 0.9959 0.0910 0.0023
vn 0.9871 0.1597 -0.0136
vn 0.9068 0.3950 -0.1470
vn 0.9701 0.2386 -0.0436
vn 0.9989 0.0464 0.0083
vn 0.9939 0.1100 0.0011
vn 0.9812 0.1921 -0.0172
vn 0.8817 0.4463 -0.1529
vn 0.9571 0.2852 -0.0513
vn 0.9837 0.1796 -0.0082
vn 0.9706 0.2395 -0.0226
vn 0.8450 0.5104 -0.1597
vn 0.9344 0.3508 -0.0626
vn 0.9599 0.2771 -0.0418
vn 0.9524 0.3012 -0.0463
vn 0.8010 0.5814 -0.1428
vn 0.8983 0.4322 -0.0796
vn 0.9399 0.3350 -0.0660
vn 0.9654 0.2545 -0.0574
vn 0.7916 0.5987 -0.1218
vn 0.8756 0.4748 -0.0890
vn 0.9944 0.0946 -0.0478
vn 0.9738 0.2207 -0.0543
vn 0.9259 0.3713 -0.0701
vn 0.7793 0.6142 -0.1244
vn 0.8496 0.5185 -0.0971
vn 0.9684 0.2430 -0.0557
vn 0.9956 0.0807 -0.0473
vn 0.9115 0.4046 -0.0741
vn 0.7680 0.6278 -0.1266
vn 0.8241 0.5566 -0.1049
vn 0.9951 0.0865 -0.0475
vn 0.9641 0.2593 -0.0569
vn 0.9003 0.4284 -0.0772
vn 0.7601 0.6371 -0.1282
vn 0.8050 0.5828 -0.1108
vn 0.9931 0.0881 -0.0771
vn 0.9607 0.2637 -0.0869
vn 0.8943 0.4342 -0.1081
vn 0.7542 0.6369 -0.1596
vn 0.7960 0.5882 -0.1432
vn 0.9904 0.0883 -0.1065
vn 0.9574 0.2642 -0.1164
vn 0.8900 0.4345 -0.1381
vn 0.7496 0.6339 -0.1903
vn 0.7905 0.5872 -0.1739
vn 0.9818 0.1224 -0.1454
vn 0.9217 0.3557 -0.1548
vn 0.8131 0.5552 -0.1749
vn 0.7171 0.6685 -0.1971
vn 0.9749 0.1270 -0.1827
vn 0.9527 0.2423 -0.1832
vn 0.9745 0.1299 -0.1828
vn 0.9514 0.2475 -0.1832
vn 0.9116 0.3675 -0.1844
vn 0.8739 0.4492 -0.1858
vn 0.7993 0.5701 -0.1900
vn 0.8780 0.4411 -0.1857
vn 0.7930 0.5788 -0.1903
vn 0.7134 0.6724 -0.1973
vn 0.9538 0.1432 -0.2640
vn 0.8259 0.4779 -0.2991
vn 0.7290 0.5988 -0.3318
vn 0.7113 0.6746 -0.1973
vn 0.9147 0.1899 -0.3568
vn 0.9236 0.2705 -0.2716
vn 0.6727 0.5386 -0.5074
vn 0.5499 0.5924 -0.5888
vn 0.6680 0.6537 -0.3557
vn 0.8342 0.4216 -0.3554
vn 0.5623 0.5689 -0.6002
vn 0.8755 0.2862 -0.3893
vn 0.8755 0.2863 -0.3893
vn 0.8514 0.3451 -0.3949
vn 0.4836 0.7445 -0.4602
vn 0.4510 0.5815 -0.6771
vn 0.4614 0.5817 -0.6699
vn 0.8923 0.4258 -0.1498
vn 0.5658 0.8228 -0.0543
vn 0.4836 0.7446 -0.4602
vn -0.9678 0.2348 0.0909
vn 0.2207 0.0237 -0.9751
vn 0.8287 -0.0024 -0.5596
vn 0.8604 0.2847 -0.4226
vn 0.9009 0.3793 -0.2110
vn 0.8833 0.4628 -0.0744
vn 0.8712 0.4807 0.1001
vn 0.8567 0.4449 0.2612
vn 0.8060 0.3388 0.4854
vn 0.5927 0.1961 0.7812
vn 0.2552 -0.0007 0.9669
vn 1.0000 -0.0000 -0.0002
vn 0.2082 0.0224 -0.9778
vn 0.7440 0.0686 -0.6647
vn 0.8381 0.2887 -0.4628
vn 0.8652 0.4396 -0.2413
vn 0.8213 0.5587 -0.1154
vn 0.8146 0.5770 0.0590
vn 0.8281 0.5032 0.2472
vn 0.7821 0.3719 0.5000
vn 0.5847 0.2014 0.7859
vn 0.2145 0.0198 0.9765
vn 0.9674 0.2524 0.0207
vn 0.9945 0.0996 -0.0330
vn 0.9979 -0.0638 -0.0070
vn 0.9412 -0.3377 0.0121
vn 0.8620 -0.5064 -0.0201
vn 0.8621 -0.5065 -0.0140
vn 0.8622 -0.5065 -0.0012
vn 0.8622 -0.5065 -0.0014
vn 0.8622 -0.5065 -0.0016
vn 0.8622 -0.5066 -0.0016
vn 0.9333 -0.3583 -0.0232
vn 0.9966 -0.0828 -0.0053
vn 0.9923 0.1241 -0.0042
vn 0.9600 0.2801 -0.0040
vn -0.0470 0.9944 -0.0950
vn -0.0467 0.9852 -0.1649
vn -0.0364 0.9977 -0.0570
vn -0.0167 0.9958 -0.0905
vn -0.0619 0.9892 -0.1328
vn -0.0126 0.9911 -0.1325
vn -0.0000 0.9967 -0.0817
vn 0.0126 0.9911 -0.1325
vn -0.0000 0.9900 -0.1410
vn 0.0470 0.9944 -0.0950
vn 0.0167 0.9958 -0.0905
vn 0.0467 0.9852 -0.1649
vn 0.0619 0.9892 -0.1328
vn -0.0500 0.9850 -0.1652
vn -0.0179 0.9957 -0.0906
vn -0.0666 0.9888 -0.1334
vn -0.0000 0.9967 -0.0814
vn 0.0179 0.9957 -0.0906
vn 0.0500 0.9850 -0.1652
vn 0.0666 0.9888 -0.1334
vn -0.0595 0.9843 -0.1660
vn -0.0216 0.9956 -0.0910
vn -0.0804 0.9875 -0.1355
vn -0.0000 0.9967 -0.0813
vn 0.0216 0.9956 -0.0910
vn 0.0595 0.9843 -0.1660
vn 0.0804 0.9875 -0.1355
vn -0.0744 0.9831 -0.1672
vn -0.0276 0.9954 -0.0915
vn -0.1031 0.9850 -0.1386
vn 0.0276 0.9954 -0.0915
vn 0.0744 0.9831 -0.1672
vn 0.1031 0.9850 -0.1386
vn -0.0936 0.9812 -0.1687
vn -0.0357 0.9951 -0.0922
vn -0.1336 0.9807 -0.1427
vn -0.0000 0.9967 -0.0812
vn 0.0357 0.9951 -0.0922
vn 0.0936 0.9812 -0.1687
vn 0.1336 0.9807 -0.1427
vn -0.1150 0.9767 -0.1810
vn -0.0451 0.9889 -0.1419
vn -0.1695 0.9714 -0.1661
vn -0.0000 0.9906 -0.1366
vn 0.0451 0.9889 -0.1419
vn 0.1150 0.9767 -0.1810
vn 0.1695 0.9714 -0.1661
vn -0.1671 0.9685 -0.1845
vn -0.1131 0.9766 -0.1828
vn -0.0442 0.9808 -0.1898
vn -0.0000 0.9817 -0.1906
vn 0.0442 0.9808 -0.1898
vn 0.1671 0.9685 -0.1845
vn -0.1654 0.9688 -0.1845
vn -0.1114 0.9768 -0.1828
vn -0.0437 0.9808 -0.1898
vn 0.0437 0.9808 -0.1898
vn 0.1131 0.9766 -0.1828
vn 0.1654 0.9688 -0.1845
vn -0.1640 0.9691 -0.1845
vn -0.1100 0.9770 -0.1828
vn -0.0433 0.9809 -0.1898
vn 0.0433 0.9809 -0.1898
vn 0.1114 0.9768 -0.1828
vn 0.1640 0.9691 -0.1845
vn -0.1631 0.9692 -0.1845
vn -0.1091 0.9771 -0.1828
vn -0.0431 0.9809 -0.1898
vn 0.0431 0.9809 -0.1898
vn 0.1100 0.9770 -0.1828
vn 0.1631 0.9692 -0.1845
vn -0.1618 0.9630 -0.2156
vn -0.1081 0.9707 -0.2144
vn -0.0427 0.9755 -0.2157
vn -0.0000 0.9766 -0.2153
vn 0.0427 0.9755 -0.2157
vn 0.1091 0.9771 -0.1828
vn 0.1618 0.9630 -0.2156
vn -0.1608 0.9558 -0.2460
vn -0.1073 0.9628 -0.2480
vn -0.0425 0.9696 -0.2411
vn -0.0000 0.9708 -0.2399
vn 0.0425 0.9696 -0.2411
vn 0.1081 0.9707 -0.2144
vn 0.1608 0.9558 -0.2460
vn -0.1708 0.9596 -0.2236
vn -0.1119 0.9739 -0.1974
vn -0.0446 0.9661 -0.2541
vn -0.0000 0.9654 -0.2607
vn 0.0446 0.9661 -0.2541
vn 0.1073 0.9628 -0.2480
vn 0.1708 0.9596 -0.2236
vn -0.0949 0.9835 -0.1541
vn -0.1119 0.9739 -0.1973
vn -0.0382 0.9632 -0.2661
vn -0.1491 0.9694 -0.1950
vn -0.0000 0.9597 -0.2809
vn 0.0382 0.9632 -0.2661
vn 0.0949 0.9835 -0.1541
vn 0.1491 0.9694 -0.1950
vn -0.0609 0.9293 -0.3643
vn -0.0000 0.9383 -0.3459
vn -0.0262 0.9366 -0.3493
vn 0.0609 0.9293 -0.3642
vn 0.1012 0.9249 -0.3664
vn -0.1012 0.9249 -0.3664
vn -0.0659 0.7604 -0.6461
vn -0.0000 0.8641 -0.5034
vn -0.0322 0.8487 -0.5279
vn 0.0262 0.9366 -0.3493
vn 0.0659 0.7604 -0.6461
vn 0.1149 0.7697 -0.6280
vn -0.1882 0.8542 -0.4847
vn -0.1080 0.8725 -0.4766
vn -0.0000 0.8702 -0.4927
vn -0.0484 0.8695 -0.4916
vn 0.0322 0.8487 -0.5279
vn 0.1881 0.8543 -0.4846
vn -0.1881 0.8543 -0.4846
vn -0.1056 0.9942 -0.0189
vn -0.1080 0.8725 -0.4765
vn -0.0000 0.9794 -0.2017
vn -0.0475 0.9835 -0.1747
vn 0.0484 0.8695 -0.4916
vn 0.1882 0.8543 -0.4846
vn 0.1056 0.9942 -0.0189
vn 0.1877 0.9813 -0.0420
vn -0.0469 0.9902 -0.1314
vn -0.0620 0.9892 -0.1328
vn -0.0667 0.9887 -0.1342
vn -0.0806 0.9873 -0.1368
vn -0.1033 0.9847 -0.1406
vn -0.1338 0.9803 -0.1452
vn -0.1693 0.9682 -0.1845
vn -0.1674 0.9685 -0.1845
vn -0.1658 0.9688 -0.1845
vn -0.1644 0.9690 -0.1845
vn -0.1634 0.9692 -0.1845
vn -0.1610 0.9558 -0.2459
vn -0.1611 0.9557 -0.2462
vn -0.1721 0.9650 -0.1980
vn 0.0469 0.9902 -0.1314
vn 0.0620 0.9892 -0.1328
vn 0.0667 0.9887 -0.1342
vn 0.0806 0.9873 -0.1368
vn 0.1033 0.9847 -0.1405
vn 0.1338 0.9803 -0.1452
vn 0.1693 0.9682 -0.1845
vn 0.1674 0.9685 -0.1845
vn 0.1658 0.9688 -0.1845
vn 0.1644 0.9690 -0.1845
vn 0.1634 0.9692 -0.1845
vn 0.1610 0.9558 -0.2459
vn 0.1611 0.9557 -0.2462
vn 0.1721 0.9650 -0.1980
vn -0.9551 0.2961 -0.0096
vn -0.9808 0.1941 -0.0173
vn -0.9997 0.0241 -0.0008
vn -0.9298 0.3676 -0.0152
vn -0.9698 0.2433 -0.0162
vn -0.9315 0.3636 -0.0073
vn -0.9319 0.3628 -0.0037
vn -0.9334 0.3587 -0.0005
vn -0.9309 0.3654 -0.0023
vn -0.9331 0.3596 -0.0006
vn -0.9333 0.3590 -0.0018
vn -0.9362 0.3513 0.0128
vn -0.9319 0.3627 -0.0034
vn -0.9704 0.2411 -0.0116
vn -0.9369 0.3495 0.0012
vn -0.9764 0.2095 0.0529
vn -1.0000 -0.0008 -0.0029
vn -0.9963 0.0815 -0.0272
vn -0.9495 0.3137 0.0110
vn -0.9997 0.0242 -0.0008
vn -0.9475 0.3198 0.0072
vn -0.9360 0.3521 0.0013
vn -0.9335 0.3587 -0.0005
vn -0.9357 0.3529 0.0021
vn -0.9357 0.3527 0.0011
vn -0.9353 0.3539 -0.0030
vn -0.9360 0.3521 -0.0013
vn -0.9347 0.3555 -0.0040
vn -0.9678 0.2492 -0.0363
vn -0.9520 0.3058 -0.0118
vn -0.0000 0.6912 0.7226
vn -0.0000 0.7887 -0.6147
vn -0.0000 0.6839 -0.7295
vn -0.0000 0.9173 -0.3982
vn -0.0000 0.8187 -0.5743
vn -0.0000 0.9694 -0.2456
vn -0.0000 0.9213 -0.3890
vn -0.0000 0.9976 -0.0699
vn -0.0000 0.9724 -0.2333
vn -0.0000 0.9762 0.2169
vn -0.0000 0.9977 -0.0680
vn -0.0000 0.9698 0.2440
vn -0.0000 0.8906 0.4548
vn -0.0000 0.1550 0.9879
vn -0.0000 0.9363 -0.3511
vn -0.0000 0.9853 -0.1709
vn -0.0000 0.9854 -0.1701
vn -0.0000 0.9999 0.0161
vn -0.9377 0.3474 -0.0027
vn -0.9546 0.2979 0.0051
vn -0.9640 0.2658 0.0128
vn -0.9315 0.3635 -0.0112
vn -0.9245 0.3809 -0.0123
vn -0.9235 0.3836 -0.0077
vn -0.9231 0.3847 -0.0038
vn -0.9271 0.3748 0.0017
vn -0.9333 0.3589 0.0070
vn -0.9608 0.2767 -0.0157
vn -0.9846 0.1673 -0.0511
vn -0.9363 0.3511 -0.0109
vn -0.9789 0.1974 -0.0519
vn -0.9303 0.3667 0.0077
vn -0.9322 0.3619 0.0080
vn -0.9314 0.3638 0.0087
vn -0.9330 0.3597 0.0066
vn -0.9308 0.3654 0.0087
vn -0.9394 0.3427 0.0103
vn -0.9306 0.3659 0.0089
vn -0.9387 0.3368 0.0734
vn -0.9266 0.3703 0.0661
vn -0.9570 0.2677 0.1116
vn -0.9107 0.3887 0.1396
vn -0.9610 -0.2733 0.0416
vn -0.9570 0.2677 0.1115
vn -0.9341 0.3569 0.0072
vn -0.9356 0.3529 0.0036
vn -0.9315 0.3638 0.0087
vn -0.9333 0.3590 0.0077
vn -0.9350 0.3546 0.0049
vn -0.9376 0.3478 0.0034
vn -0.9352 0.3542 0.0047
vn -0.9417 0.3366 0.0025
vn -0.9323 0.3616 0.0055
vn -0.0000 0.1418 0.9899
vn -0.0000 0.9998 -0.0178
vn -0.0000 0.9806 -0.1961
vn -0.0000 0.9724 0.2335
vn -0.0000 0.9999 -0.0143
vn -0.0000 0.9705 0.2412
vn -0.0000 0.9525 0.3046
vn -0.0000 0.9527 0.3040
vn -0.0000 0.9164 0.4003
vn -0.0000 0.9080 0.4191
vn -0.0000 0.8575 0.5145
vn -0.0000 0.9655 -0.2605
vn -0.0000 0.8878 -0.4603
vn -0.0000 0.9998 -0.0189
vn -0.0000 0.9733 -0.2297
vn -0.9254 0.3787 0.0163
vn -0.9326 0.3610 -0.0053
vn -0.9397 0.3418 -0.0069
vn -0.9221 0.3869 0.0052
vn -0.9106 0.4129 0.0188
vn -0.8993 0.4359 0.0351
vn -0.9444 0.3287 0.0124
vn -0.9344 0.3557 0.0190
vn -0.9313 0.3637 0.0200
vn -0.9774 0.1918 0.0890
vn -0.9218 0.1607 0.3528
vn -0.9610 0.0214 0.2757
vn -0.9178 0.3603 0.1669
vn -0.9687 0.2368 0.0749
vn -0.9238 0.3626 0.1232
vn -0.9210 0.3615 0.1451
vn -0.9909 0.0271 0.1321
vn -0.9975 -0.0000 0.0712
vn -0.9651 0.2472 0.0863
vn -1.0000 -0.0000 0.0094
vn -1.0000 -0.0000 0.0093
vn -0.9507 0.3100 0.0036
vn -0.9484 0.3171 -0.0023
vn -0.9449 0.3272 -0.0025
vn -0.9318 0.3631 -0.0035
vn -0.9260 0.3776 0.0059
vn -0.9287 0.3707 0.0059
vn -0.9309 0.3652 0.0060
vn -0.9328 0.3602 0.0059
vn -0.9358 0.3526 -0.0018
vn -0.9357 0.3527 -0.0011
vn -0.9357 0.3527 0.0020
vn -0.9357 0.3527 -0.0018
vn -1.0000 -0.0000 -0.0025
vn -1.0000 -0.0000 -0.0097
vn -0.9478 0.3187 -0.0040
vn -0.9875 0.1573 -0.0125
vn -0.9467 0.3179 -0.0523
vn -0.7904 -0.0000 -0.6126
vn -0.0000 -0.6097 0.7926
vn -0.0000 -0.8051 -0.5932
vn -0.0000 -0.0202 -0.9998
vn -0.0000 0.6178 -0.7863
vn -0.0000 0.9999 -0.0141
vn -0.0000 0.7311 0.6823
vn -0.0000 -0.0099 1.0000
vn 0.9808 0.1941 -0.0173
vn 0.9551 0.2961 -0.0096
vn 0.9997 0.0241 -0.0008
vn 0.9298 0.3676 -0.0152
vn 0.9698 0.2433 -0.0162
vn 0.9319 0.3628 -0.0037
vn 0.9315 0.3636 -0.0073
vn 0.9309 0.3654 -0.0023
vn 0.9334 0.3587 -0.0005
vn 0.9331 0.3596 -0.0006
vn 0.9333 0.3590 -0.0018
vn 0.9362 0.3513 0.0128
vn 0.9319 0.3627 -0.0034
vn 0.9704 0.2411 -0.0116
vn 0.9369 0.3495 0.0012
vn 1.0000 -0.0008 -0.0029
vn 0.9764 0.2095 0.0529
vn 0.9963 0.0815 -0.0272
vn 0.9997 0.0242 -0.0008
vn 0.9495 0.3137 0.0110
vn 0.9475 0.3198 0.0072
vn 0.9360 0.3521 0.0013
vn 0.9357 0.3529 0.0021
vn 0.9357 0.3527 0.0011
vn 0.9353 0.3539 -0.0030
vn 0.9360 0.3521 -0.0013
vn 0.9347 0.3555 -0.0040
vn 0.9678 0.2492 -0.0363
vn 0.9520 0.3058 -0.0118
vn 0.9640 0.2658 0.0128
vn 0.9546 0.2979 0.0051
vn 0.9377 0.3474 -0.0027
vn 0.9315 0.3635 -0.0112
vn 0.9245 0.3809 -0.0123
vn 0.9235 0.3836 -0.0077
vn 0.9231 0.3847 -0.0038
vn 0.9271 0.3748 0.0017
vn 0.9333 0.3589 0.0070
vn 0.9608 0.2767 -0.0157
vn 0.9846 0.1673 -0.0511
vn 0.9363 0.3511 -0.0109
vn 0.9789 0.1974 -0.0519
vn 0.9303 0.3667 0.0077
vn 0.9322 0.3619 0.0080
vn 0.9314 0.3638 0.0087
vn 0.9308 0.3654 0.0087
vn 0.9330 0.3597 0.0066
vn 0.9306 0.3659 0.0089
vn 0.9394 0.3427 0.0104
vn 0.9265 0.3703 0.0661
vn 0.9387 0.3368 0.0734
vn 0.9570 0.2677 0.1116
vn 0.9107 0.3887 0.1396
vn 0.9610 -0.2733 0.0416
vn 0.9341 0.3569 0.0072
vn 0.9356 0.3529 0.0036
vn 0.9315 0.3638 0.0087
vn 0.9333 0.3590 0.0077
vn 0.9350 0.3546 0.0049
vn 0.9376 0.3478 0.0034
vn 0.9352 0.3542 0.0047
vn 0.9417 0.3366 0.0025
vn 0.9323 0.3616 0.0055
vn 0.9397 0.3418 -0.0069
vn 0.9326 0.3610 -0.0053
vn 0.9254 0.3787 0.0163
vn 0.9221 0.3869 0.0052
vn 0.9106 0.4129 0.0188
vn 0.8993 0.4359 0.0351
vn 0.9444 0.3287 0.0124
vn 0.9344 0.3557 0.0190
vn 0.9313 0.3637 0.0200
vn 0.9218 0.1607 0.3528
vn 0.9774 0.1918 0.0890
vn 0.9610 0.0214 0.2757
vn 0.9687 0.2368 0.0749
vn 0.9178 0.3603 0.1669
vn 0.9238 0.3626 0.1232
vn 0.9210 0.3615 0.1451
vn 0.9909 0.0271 0.1321
vn 0.9238 0.3625 0.1232
vn 0.9975 -0.0000 0.0712
vn 1.0000 -0.0000 0.0094
vn 0.9507 0.3100 0.0036
vn 1.0000 -0.0000 0.0093
vn 0.9484 0.3171 -0.0023
vn 0.9449 0.3272 -0.0025
vn 0.9318 0.3631 -0.0035
vn 0.9260 0.3775 0.0059
vn 0.9287 0.3707 0.0059
vn 0.9309 0.3652 0.0060
vn 0.9358 0.3526 0.0019
vn 0.9358 0.3527 0.0019
vn 0.9358 0.3526 -0.0018
vn 0.9357 0.3527 0.0020
vn 1.0000 -0.0000 -0.0025
vn 0.9358 0.3526 -0.0020
vn 0.9478 0.3187 -0.0040
vn 1.0000 -0.0000 -0.0097
vn 0.9467 0.3178 -0.0523
vn 0.9875 0.1573 -0.0125
vn 0.7904 -0.0000 -0.6126
vn -0.0774 0.9712 0.2253
vn -0.0994 0.9939 0.0470
vn -0.0835 0.9696 0.2302
vn -0.0513 0.9711 0.2330
vn -0.0915 0.9946 0.0493
vn -0.0000 0.9702 0.2425
vn -0.0596 0.9966 0.0576
vn 0.0596 0.9966 0.0576
vn -0.0000 0.9977 0.0679
vn 0.0513 0.9711 0.2330
vn 0.0915 0.9946 0.0493
vn 0.0774 0.9712 0.2253
vn 0.0994 0.9939 0.0470
vn -0.1019 0.9945 0.0230
vn -0.1102 0.9937 0.0210
vn -0.0667 0.9973 0.0318
vn -0.0000 0.9991 0.0435
vn 0.0667 0.9973 0.0318
vn 0.1019 0.9945 0.0230
vn -0.1144 0.9929 0.0318
vn -0.1051 0.9940 0.0315
vn -0.0684 0.9971 0.0340
vn 0.0684 0.9971 0.0340
vn -0.0000 0.9993 0.0377
vn 0.1051 0.9940 0.0315
vn 0.1144 0.9929 0.0318
vn -0.0836 0.9930 -0.0838
vn -0.0904 0.9922 -0.0856
vn -0.0551 0.9949 -0.0846
vn -0.0000 0.9964 -0.0850
vn 0.0551 0.9949 -0.0846
vn 0.0836 0.9930 -0.0838
vn -0.0830 0.9662 -0.2439
vn -0.0901 0.9641 -0.2499
vn -0.0538 0.9685 -0.2431
vn -0.0000 0.9706 -0.2405
vn 0.0538 0.9685 -0.2431
vn 0.0904 0.9922 -0.0856
vn 0.0830 0.9662 -0.2439
vn -0.0795 0.9178 -0.3890
vn -0.0860 0.9149 -0.3945
vn -0.0517 0.9171 -0.3954
vn -0.0000 0.9159 -0.4014
vn 0.0517 0.9171 -0.3954
vn 0.0901 0.9641 -0.2499
vn 0.0795 0.9178 -0.3890
vn -0.0737 0.8885 -0.4530
vn -0.0803 0.8899 -0.4490
vn -0.0477 0.8841 -0.4649
vn -0.0517 0.9170 -0.3955
vn -0.0000 0.8794 -0.4760
vn 0.0517 0.9170 -0.3955
vn 0.0477 0.8841 -0.4649
vn 0.0860 0.9149 -0.3945
vn 0.0737 0.8885 -0.4530
vn -0.0394 0.8764 -0.4800
vn -0.0422 0.8756 -0.4813
vn -0.0268 0.8727 -0.4874
vn -0.0000 0.8681 -0.4964
vn -0.0000 0.8793 -0.4762
vn 0.0268 0.8727 -0.4874
vn 0.0803 0.8899 -0.4490
vn 0.0394 0.8764 -0.4800
vn -0.0358 0.8634 -0.5033
vn -0.0383 0.8643 -0.5015
vn -0.0238 0.8590 -0.5115
vn -0.0000 0.8536 -0.5209
vn 0.0238 0.8590 -0.5115
vn 0.0422 0.8756 -0.4813
vn 0.0358 0.8634 -0.5033
vn -0.0259 0.6492 -0.7602
vn -0.0260 0.6126 -0.7900
vn -0.0172 0.6457 -0.7634
vn -0.0000 0.6413 -0.7673
vn 0.0172 0.6457 -0.7634
vn 0.0383 0.8643 -0.5015
vn 0.0259 0.6492 -0.7602
vn -0.0142 0.3611 -0.9324
vn -0.0151 0.3616 -0.9322
vn -0.0095 0.3589 -0.9333
vn -0.0000 0.3564 -0.9343
vn -0.0000 0.6412 -0.7674
vn 0.0095 0.3589 -0.9333
vn 0.0260 0.6126 -0.7900
vn 0.0142 0.3611 -0.9324
vn -0.0730 0.9401 0.3330
vn -0.0835 0.9695 0.2302
vn -0.0792 0.9403 0.3310
vn -0.0478 0.9393 0.3397
vn -0.0000 0.9381 0.3464
vn -0.0000 0.9701 0.2425
vn 0.0478 0.9393 0.3397
vn 0.0730 0.9401 0.3330
vn 0.0835 0.9695 0.2302
vn -0.0647 0.9455 0.3192
vn -0.0712 0.9471 0.3129
vn -0.0416 0.9429 0.3304
vn -0.0000 0.9400 0.3412
vn -0.0000 0.9381 0.3465
vn 0.0416 0.9429 0.3304
vn 0.0647 0.9455 0.3192
vn 0.0792 0.9403 0.3310
vn -0.0045 0.9527 0.3040
vn -0.0038 0.9535 0.3015
vn -0.0050 0.9487 0.3162
vn -0.0045 0.9526 0.3041
vn -0.0000 0.9433 0.3320
vn 0.0050 0.9487 0.3162
vn 0.0045 0.9527 0.3040
vn 0.0712 0.9471 0.3129
vn -0.0012 0.9528 0.3036
vn -0.0000 0.9537 0.3007
vn -0.0019 0.9481 0.3180
vn -0.0000 0.9419 0.3360
vn 0.0019 0.9481 0.3180
vn 0.0012 0.9528 0.3036
vn 0.0038 0.9535 0.3015
vn -0.1089 0.5104 0.8530
vn -0.0304 0.6531 0.7566
vn -0.0778 0.6581 0.7489
vn -0.0445 0.5577 0.8288
vn -0.0011 0.6505 0.7595
vn -0.0778 0.6582 0.7488
vn -0.0650 0.8106 0.5820
vn -0.1218 0.8484 0.5152
vn -0.0304 0.6532 0.7566
vn -0.0268 0.7869 0.6165
vn -0.1219 0.8484 0.5151
vn -0.0924 0.7531 0.6514
vn -0.1781 0.7393 0.6494
vn -0.0650 0.8107 0.5819
vn -0.0388 0.7592 0.6497
vn -0.9966 -0.0722 0.0385
vn 0.9950 0.0482 -0.0877
vn 0.0265 -0.0000 0.9997
vn -0.1176 0.9911 0.0619
vn -0.0857 0.9944 0.0621
vn -0.0973 0.9759 -0.1952
vn -0.0851 0.9770 -0.1954
vn 0.0975 -0.2414 -0.9655
vn 0.0177 -0.2425 -0.9700
vn 0.1234 -0.9794 -0.1599
vn 0.0845 -0.9834 -0.1606
vn -0.0000 0.1944 -0.9809
vn -0.0000 0.1818 -0.9833
vn -0.0000 -0.8824 0.4705
vn -0.0975 0.9009 -0.4229
vn 0.0445 0.5577 0.8288
vn 0.0011 0.6505 0.7595
vn 0.0047 0.5812 0.8138
vn 0.1089 0.5104 0.8530
vn 0.0304 0.6531 0.7566
vn 0.0304 0.6532 0.7566
vn 0.0268 0.7868 0.6166
vn 0.0011 0.6506 0.7594
vn 0.0778 0.6582 0.7488
vn 0.0650 0.8106 0.5820
vn 0.0650 0.8107 0.5819
vn 0.0396 0.7591 0.6497
vn 0.0268 0.7869 0.6165
vn 0.1219 0.8484 0.5151
vn 0.0924 0.7531 0.6514
vn -0.9964 0.0710 -0.0467
vn 0.9951 -0.0475 0.0864
vn 0.0264 -0.0000 0.9997
vn 0.0857 0.9944 0.0621
vn 0.1176 0.9911 0.0619
vn 0.0851 0.9770 -0.1954
vn 0.0973 0.9759 -0.1952
vn -0.0177 -0.2425 -0.9700
vn -0.0975 -0.2414 -0.9655
vn -0.0845 -0.9834 -0.1606
vn -0.1234 -0.9794 -0.1599
vn -0.0730 -0.8330 0.5484
vn 0.0800 0.9124 -0.4014
vn -0.7837 -0.3580 0.5076
vn -0.8297 -0.1536 0.5366
vn -0.6944 -0.2695 0.6672
vn -0.9713 -0.1546 -0.1806
vn -0.9879 -0.1144 -0.1050
vn -0.9814 -0.1608 -0.1044
vn -0.9458 -0.1436 -0.2914
vn -0.9732 -0.0707 -0.2190
vn -0.2534 -0.0485 -0.9661
vn -0.3863 0.2241 -0.8947
vn -0.3931 -0.0919 -0.9149
vn -0.0490 -0.0199 -0.9986
vn -0.2221 0.2614 -0.9393
vn -0.0000 -0.0151 -0.9999
vn -0.0441 0.2899 -0.9560
vn 0.0441 0.2899 -0.9560
vn -0.0000 0.2941 -0.9558
vn 0.0490 -0.0199 -0.9986
vn 0.2221 0.2614 -0.9393
vn 0.2534 -0.0485 -0.9661
vn 0.3863 0.2241 -0.8947
vn 0.9458 -0.1436 -0.2914
vn 0.9732 -0.0707 -0.2190
vn 0.9555 -0.0398 -0.2922
vn 0.9713 -0.1546 -0.1806
vn 0.9879 -0.1144 -0.1050
vn 0.7837 -0.3580 0.5076
vn 0.8297 -0.1536 0.5366
vn 0.8369 -0.2709 0.4756
vn -0.6378 -0.1556 0.7544
vn -0.3760 -0.3445 0.8602
vn -0.9595 -0.2625 -0.1025
vn -0.9313 -0.3135 -0.1856
vn -0.2119 -0.4860 -0.8479
vn -0.3425 -0.4864 -0.8038
vn -0.0424 -0.4626 -0.8856
vn -0.0000 -0.4565 -0.8897
vn 0.0424 -0.4626 -0.8856
vn 0.2119 -0.4860 -0.8479
vn 0.3931 -0.0919 -0.9149
vn 0.9313 -0.3135 -0.1856
vn 0.8861 -0.3705 -0.2787
vn 0.9595 -0.2625 -0.1025
vn 0.6944 -0.2695 0.6672
vn 0.6378 -0.1556 0.7544
vn -0.3678 -0.2677 -0.8905
vn -0.0636 -0.3793 -0.9231
vn -0.6706 -0.1030 -0.7347
vn -0.7895 -0.5705 -0.2263
vn -0.8050 -0.5644 -0.1827
vn -0.8861 -0.3705 -0.2787
vn -0.5339 -0.6282 -0.5660
vn -0.0361 -0.5035 -0.8632
vn -0.1761 -0.5475 -0.8181
vn -0.0000 -0.4945 -0.8692
vn 0.0361 -0.5035 -0.8632
vn 0.5339 -0.6282 -0.5660
vn 0.1761 -0.5475 -0.8181
vn 0.8050 -0.5644 -0.1827
vn 0.7895 -0.5705 -0.2263
vn 0.3678 -0.2677 -0.8905
vn 0.0636 -0.3793 -0.9231
vn -0.3545 -0.4651 -0.8112
vn -0.9363 -0.3172 -0.1507
vn -0.8132 -0.4877 -0.3175
vn -0.9906 -0.1040 -0.0892
vn -0.7108 -0.6826 -0.1697
vn -0.2791 -0.3427 -0.8970
vn -0.5225 -0.4150 -0.7448
vn -0.0512 -0.4307 -0.9010
vn -0.0000 -0.4042 -0.9147
vn 0.0512 -0.4307 -0.9010
vn 0.2791 -0.3427 -0.8970
vn 0.7108 -0.6826 -0.1697
vn 0.5226 -0.4150 -0.7448
vn 0.9363 -0.3172 -0.1507
vn 0.8132 -0.4877 -0.3175
vn -0.9941 -0.0169 -0.1068
vn -0.9943 -0.0198 -0.1050
vn -0.9760 -0.0205 -0.2166
vn -0.9422 -0.0364 -0.3331
vn -0.9720 0.0201 -0.2342
vn -0.2641 -0.1543 -0.9521
vn -0.5226 -0.4149 -0.7448
vn -0.3498 -0.0867 -0.9328
vn 0.2641 -0.1543 -0.9521
vn 0.5226 -0.4149 -0.7448
vn 0.9422 -0.0364 -0.3331
vn 0.9720 0.0201 -0.2342
vn 0.9424 0.0286 -0.3332
vn 0.9760 -0.0205 -0.2166
vn 0.9941 -0.0169 -0.1068
vn 0.9906 -0.1040 -0.0892
vn -0.9833 0.1425 -0.1128
vn -0.9876 0.1055 -0.1164
vn -0.9641 0.1193 -0.2372
vn -0.3507 -0.0514 -0.9351
vn -0.2252 -0.0468 -0.9732
vn -0.0410 -0.2745 -0.9607
vn -0.0447 -0.0752 -0.9962
vn -0.0000 -0.2747 -0.9615
vn 0.0447 -0.0752 -0.9962
vn -0.0000 -0.0804 -0.9968
vn 0.2252 -0.0468 -0.9732
vn 0.0410 -0.2745 -0.9607
vn 0.3507 -0.0514 -0.9351
vn 0.9641 0.1193 -0.2372
vn 0.9358 0.1215 -0.3308
vn 0.9833 0.1425 -0.1128
vn 0.9943 -0.0198 -0.1050
vn -0.9452 0.3083 -0.1071
vn -0.9838 0.1330 -0.1205
vn -0.9270 0.3082 -0.2137
vn -0.8994 0.3002 -0.3177
vn -0.3439 0.2064 -0.9160
vn -0.1956 0.1659 -0.9666
vn -0.0377 0.1244 -0.9915
vn 0.0377 0.1244 -0.9915
vn -0.0000 0.1169 -0.9931
vn 0.1956 0.1659 -0.9666
vn 0.3439 0.2064 -0.9160
vn 0.8994 0.3002 -0.3177
vn 0.9270 0.3082 -0.2137
vn 0.9452 0.3083 -0.1071
vn 0.9876 0.1055 -0.1164
vn -0.6926 -0.7092 0.1317
vn -0.8533 -0.4876 0.1848
vn -0.8302 -0.4103 0.3773
vn -0.6703 -0.7365 0.0903
vn -0.7249 -0.6861 0.0616
vn -0.5304 -0.8074 0.2585
vn -0.6903 -0.7166 0.0997
vn -0.1724 -0.8319 0.5275
vn -0.5200 -0.7961 0.3095
vn -0.0430 -0.7865 0.6161
vn -0.1908 -0.8136 0.5492
vn -0.0364 -0.8036 0.5941
vn -0.0000 -0.7779 0.6284
vn 0.0364 -0.8036 0.5941
vn -0.0000 -0.7962 0.6051
vn 0.1724 -0.8319 0.5275
vn 0.0430 -0.7865 0.6161
vn 0.5200 -0.7961 0.3095
vn 0.1908 -0.8136 0.5492
vn 0.5304 -0.8074 0.2585
vn 0.6903 -0.7166 0.0997
vn 0.6703 -0.7365 0.0903
vn 0.7249 -0.6861 0.0616
vn 0.6926 -0.7092 0.1317
vn 0.8533 -0.4876 0.1848
vn -0.9232 -0.3839 0.0180
vn -0.8589 -0.5104 0.0412
vn -0.8218 -0.5565 0.1219
vn -0.2264 -0.7333 0.6411
vn -0.6469 -0.6626 0.3774
vn -0.0487 -0.7145 0.6979
vn -0.0000 -0.7074 0.7069
vn 0.0487 -0.7145 0.6979
vn 0.2264 -0.7333 0.6411
vn 0.8218 -0.5565 0.1219
vn 0.6469 -0.6626 0.3774
vn 0.8589 -0.5104 0.0412
vn 0.9232 -0.3839 0.0180
vn -0.9743 -0.2252 0.0082
vn -0.9731 -0.2212 0.0644
vn -0.9574 -0.2473 0.1490
vn -0.4623 -0.4352 0.7726
vn -0.0610 -0.4126 0.9089
vn -0.2899 -0.4119 0.8639
vn -0.0000 -0.4102 0.9120
vn 0.0610 -0.4126 0.9089
vn 0.4623 -0.4352 0.7726
vn 0.2899 -0.4119 0.8639
vn 0.9574 -0.2473 0.1490
vn 0.9652 -0.1997 0.1688
vn 0.9731 -0.2212 0.0644
vn 0.9743 -0.2252 0.0082
vn -0.9918 0.0990 0.0810
vn -0.9931 -0.1023 0.0578
vn -0.9652 -0.1997 0.1688
vn -0.9815 0.1128 0.1545
vn -0.5017 0.1921 0.8434
vn -0.0665 0.1780 0.9818
vn -0.3140 0.1788 0.9324
vn -0.0000 0.1766 0.9843
vn 0.0665 0.1780 0.9818
vn 0.5017 0.1921 0.8435
vn 0.3140 0.1788 0.9324
vn 0.9815 0.1128 0.1545
vn 0.9811 0.0887 0.1719
vn 0.9918 0.0990 0.0810
vn -0.8868 0.4552 0.0798
vn -0.9937 -0.0085 0.1118
vn -0.9918 0.0992 0.0810
vn -0.8640 0.4855 0.1333
vn -0.6609 0.6169 0.4274
vn -0.2303 0.6875 0.6887
vn -0.0665 0.1781 0.9818
vn -0.3140 0.1790 0.9324
vn -0.0000 0.1767 0.9843
vn -0.0477 0.6874 0.7247
vn 0.0477 0.6874 0.7247
vn -0.0000 0.6849 0.7286
vn 0.0665 0.1781 0.9818
vn 0.2303 0.6875 0.6887
vn 0.5017 0.1921 0.8434
vn 0.3140 0.1790 0.9324
vn 0.6609 0.6169 0.4274
vn 0.9918 0.0992 0.0810
vn 0.8640 0.4855 0.1333
vn 0.9931 -0.1023 0.0578
vn 0.8868 0.4552 0.0798
vn -0.9203 0.3777 0.1015
vn -0.9912 0.0049 0.1324
vn -0.9068 0.4003 0.1322
vn -0.7655 0.5965 0.2413
vn -0.1627 0.8634 0.4776
vn -0.0321 0.8548 0.5180
vn 0.0321 0.8548 0.5180
vn -0.0000 0.8517 0.5241
vn 0.1627 0.8634 0.4776
vn 0.7655 0.5965 0.2413
vn 0.9068 0.4003 0.1322
vn 0.9937 -0.0085 0.1118
vn 0.9203 0.3777 0.1015
vn -0.9836 0.1274 0.1279
vn -0.9910 0.0071 0.1340
vn -0.9204 0.3776 0.1015
vn -0.9812 0.1219 0.1494
vn -0.3418 -0.0446 0.9387
vn -0.5175 -0.0100 0.8556
vn -0.5175 -0.0095 0.8556
vn -0.0696 -0.0839 0.9940
vn -0.3058 -0.0504 0.9508
vn -0.0000 -0.0905 0.9959
vn -0.0637 -0.0846 0.9944
vn 0.0637 -0.0846 0.9944
vn 0.0696 -0.0839 0.9940
vn 0.3058 -0.0504 0.9508
vn 0.3418 -0.0446 0.9387
vn 0.5175 -0.0100 0.8556
vn 0.9812 0.1219 0.1494
vn 0.9792 0.1140 0.1677
vn 0.9836 0.1274 0.1279
vn 0.9912 0.0049 0.1324
vn 0.9204 0.3776 0.1015
vn -0.9496 0.2535 -0.1843
vn -0.8538 0.4877 -0.1820
vn -0.9480 0.2587 -0.1854
vn -0.8549 0.4883 -0.1753
vn -0.8867 0.2723 -0.3737
vn -0.7790 0.5008 -0.3773
vn -0.7645 0.3250 -0.5567
vn -0.5865 0.5131 -0.6267
vn 0.9496 0.2535 -0.1843
vn 0.8538 0.4877 -0.1820
vn 0.9480 0.2587 -0.1854
vn 0.8549 0.4883 -0.1753
vn 0.8867 0.2723 -0.3737
vn 0.7790 0.5008 -0.3773
vn 0.7645 0.3250 -0.5567
vn 0.5865 0.5131 -0.6267
vn -0.0000 0.9480 0.3183
vn -0.0000 -0.0083 1.0000
vn -0.9933 -0.0494 0.1048
vn -0.9896 -0.0990 0.1045
vn -0.9852 -0.0491 0.1640
vn -0.9817 -0.0982 0.1634
vn -0.7394 -0.0369 0.6722
vn -0.7442 -0.0744 0.6638
vn -0.3130 -0.0016 0.9497
vn -0.7394 -0.0369 0.6723
vn -0.3130 -0.0016 0.9498
vn -0.3158 -0.0000 0.9488
vn 0.3158 -0.0000 0.9488
vn 0.7442 -0.0744 0.6638
vn 0.3130 -0.0016 0.9497
vn 0.3159 -0.0000 0.9488
vn 0.9817 -0.0982 0.1634
vn 0.7394 -0.0369 0.6722
vn 0.9896 -0.0990 0.1045
vn 0.9852 -0.0491 0.1640
vn 0.9933 -0.0494 0.1049
vn -0.9942 0.0227 0.1048
vn -0.9863 0.0216 0.1635
vn -0.7415 0.0121 0.6708
vn -0.3120 0.0007 0.9501
vn 0.3130 -0.0016 0.9498
vn 0.7415 0.0121 0.6708
vn 0.3120 0.0007 0.9501
vn 0.9863 0.0216 0.1635
vn 0.7416 0.0121 0.6707
vn 0.9942 0.0227 0.1048
vn -0.9938 0.0380 0.1045
vn -0.7416 0.0121 0.6707
vn -0.9861 0.0359 0.1624
vn -0.7446 0.0202 0.6672
vn -0.3142 0.0008 0.9494
vn 0.7446 0.0202 0.6672
vn 0.3143 0.0008 0.9493
vn 0.9861 0.0359 0.1624
vn 0.9938 0.0380 0.1045
vn -0.9933 0.0494 0.1041
vn -0.9858 0.0468 0.1613
vn -0.7478 0.0264 0.6634
vn -0.3188 0.0036 0.9478
vn 0.3142 0.0008 0.9493
vn 0.7478 0.0264 0.6634
vn 0.3188 0.0036 0.9478
vn 0.9858 0.0468 0.1613
vn 0.9933 0.0494 0.1041
vn -0.9909 0.0873 0.1022
vn -0.9844 0.0827 0.1553
vn -0.7648 0.0478 0.6425
vn -0.3338 0.0070 0.9426
vn 0.7648 0.0478 0.6425
vn 0.3338 0.0070 0.9426
vn 0.9844 0.0827 0.1553
vn 0.9909 0.0873 0.1022
vn -0.9863 0.1322 0.0987
vn -0.9816 0.1255 0.1436
vn -0.7980 0.0758 0.5978
vn -0.3586 0.0044 0.9335
vn 0.7980 0.0758 0.5978
vn 0.3586 0.0044 0.9335
vn 0.9816 0.1255 0.1436
vn 0.9863 0.1322 0.0987
vn -0.9843 0.1472 0.0971
vn -0.9804 0.1404 0.1384
vn -0.8129 0.0865 0.5759
vn 0.8129 0.0866 0.5759
vn 0.6899 0.0084 0.7239
vn 0.9804 0.1404 0.1384
vn 0.9843 0.1472 0.0971
vn -0.9823 0.1608 0.0956
vn -0.9792 0.1531 0.1335
vn -0.6899 0.0084 0.7239
vn -0.8270 0.0961 0.5539
vn 0.8270 0.0961 0.5539
vn 0.7076 0.0059 0.7066
vn 0.9792 0.1531 0.1335
vn 0.9823 0.1608 0.0956
vn -0.7076 0.0059 0.7066
vn 0.7151 0.0080 0.6989
vn -0.0415 -0.9991 0.0092
vn 0.2682 -0.9630 -0.0251
vn -0.3361 -0.9418 -0.0112
vn 0.0532 -0.9986 0.0050
vn -0.0416 -0.9991 -0.0001
vn 0.2683 -0.9633 0.0003
vn -0.2690 -0.9631 0.0001
vn 0.0417 -0.9991 -0.0000
vn -0.0417 -0.9991 -0.0003
vn 0.2690 -0.9631 0.0009
vn -0.2716 -0.9624 0.0003
vn 0.0421 -0.9991 -0.0001
vn -0.0421 -0.9991 -0.0088
vn 0.2715 -0.9621 0.0239
vn -0.3361 -0.9418 0.0105
vn 0.0532 -0.9986 -0.0047
vn 0.0143 -0.9999 0.0081
vn 0.1787 -0.9699 0.1657
vn 1.0000 -0.0000 0.0063
vn 1.0000 -0.0000 0.0019
vn 1.0000 -0.0000 0.0014
vn 0.9997 -0.0000 0.0233
vn 1.0000 -0.0000 -0.0099
vn 1.0000 -0.0000 -0.0063
vn 1.0000 -0.0000 -0.0019
vn 1.0000 -0.0000 -0.0014
vn 0.9997 -0.0000 -0.0233
vn 1.0000 -0.0000 0.0099
vn -0.0000 -0.5000 0.8660
vn -0.0000 -0.5000 -0.8660
vn -0.0000 0.5000 -0.8660
vn -0.0000 0.5000 0.8660
vn 0.8660 -0.5000 -0.0000
vn -0.8660 -0.5000 -0.0000
vn -0.8660 0.5000 -0.0000
vn 0.8660 0.5000 -0.0000
vn 0.8313 0.5558 -0.0000
vn 0.2486 0.9686 -0.0000
vn -0.2486 0.9686 -0.0000
vn -0.8313 0.5558 -0.0000
vn -0.8313 -0.5558 -0.0000
vn -0.2486 -0.9686 -0.0000
vn 0.2486 -0.9686 -0.0000
vn 0.8313 -0.5558 -0.0000
vn -0.9239 -0.3808 -0.0382
vn -0.3827 -0.9193 -0.0923
vn 0.3827 -0.9193 -0.0917
vn 0.9251 -0.3779 -0.0373
vn 0.9227 0.3835 0.0382
vn 0.3772 0.9216 0.0918
vn -0.3883 0.9169 0.0919
vn -0.9239 0.3807 0.0385
vn -0.9188 -0.3827 -0.0968
vn -0.3806 -0.9239 -0.0401
vn 0.3806 -0.9239 0.0399
vn 0.9184 -0.3838 0.0965
vn 0.9193 0.3816 0.0967
vn 0.3808 0.9238 0.0401
vn -0.3804 0.9239 -0.0402
vn -0.9188 0.3827 -0.0969
vn -0.0000 0.0995 -0.9950
vn -0.1047 -0.0000 0.9945
vn -0.1047 -0.0001 0.9945
vn -0.9188 -0.3827 -0.0967
vn 0.3806 -0.9239 0.0401
vn 0.9188 -0.3827 0.0967
vn 0.9188 0.3827 0.0967
vn 0.3806 0.9239 0.0401
vn -0.3806 0.9239 -0.0401
vn -0.9188 0.3827 -0.0967
vn -0.8660 -0.4947 -0.0727
vn -0.0000 -0.9894 -0.1455
vn 0.8660 -0.4947 -0.0727
vn 0.8660 0.4947 0.0727
vn -0.0000 0.9894 0.1455
vn -0.8660 0.4947 0.0727
vn -0.0000 0.1455 -0.9894
vn -0.0000 -0.1455 0.9894
vn -0.7465 -0.4391 -0.5000
vn 0.7465 0.4391 -0.5000
vn 0.5070 -0.8619 -0.0000
vn -0.5070 0.8619 -0.0000
vn 0.0101 -0.8646 0.5023
vn 0.0785 -0.0000 -0.9969
vn -0.0886 0.8646 0.4946
vn -0.9953 -0.0572 -0.0784
vn 0.9953 0.0572 0.0784
vn -0.0123 -0.8655 0.5007
vn 0.0819 -0.0000 -0.9966
vn -0.0696 0.8655 0.4960
vn -0.9961 -0.0332 -0.0819
vn 0.9961 0.0332 0.0819
vn 0.5071 -0.8161 -0.2771
vn -0.9997 -0.0000 -0.0250
vn 0.4926 0.8161 0.3020
vn -0.0236 -0.3344 0.9421
vn 0.0236 0.3344 -0.9421
vn 0.9464 0.3154 -0.0692
vn 0.7396 0.4720 -0.4798
vn 0.2572 -0.0007 -0.9664
vn 0.6016 0.1991 -0.7736
vn 0.8157 0.3434 -0.4656
vn 0.8608 0.4510 -0.2356
vn 0.8732 0.4818 -0.0738
vn 0.8829 0.4585 0.1012
vn 0.8952 0.3763 0.2389
vn 0.8502 0.2814 0.4449
vn 0.8164 -0.0023 0.5775
vn 0.2191 0.0235 0.9754
vn 0.2124 0.0196 -0.9770
vn 0.5750 0.1981 -0.7938
vn 0.7547 0.3835 -0.5323
vn 0.7943 0.5403 -0.2776
vn 0.8107 0.5743 -0.1143
vn 0.8530 0.5184 0.0602
vn 0.8819 0.4194 0.2154
vn 0.8495 0.2926 0.4389
vn 0.7575 0.0698 0.6491
vn 0.2102 0.0226 0.9774
vn 0.9714 0.2343 -0.0388
vn 0.9947 0.1030 -0.0076
vn 0.9966 -0.0704 -0.0423
vn 0.9334 -0.3531 -0.0636
vn 0.8620 -0.5065 -0.0201
vn 0.8622 -0.5066 -0.0012
vn 0.9279 -0.3710 0.0368
vn 0.9965 -0.0833 0.0035
vn 0.9923 0.1239 0.0004
vn 0.9600 0.2799 0.0004
vn 0.0364 0.9977 -0.0570
vn 0.1119 0.9739 -0.1974
vn -0.1149 0.7697 -0.6280
vn -0.1882 0.8542 -0.4846
vn 0.1080 0.8725 -0.4766
vn -0.1882 0.8543 -0.4846
vn -0.1877 0.9813 -0.0420
vn 0.0475 0.9835 -0.1747
vn 0.1080 0.8725 -0.4765
vn -0.0621 0.9893 -0.1321
vn -0.0667 0.9888 -0.1336
vn -0.0806 0.9876 -0.1349
vn -0.1033 0.9851 -0.1374
vn -0.1339 0.9809 -0.1410
vn -0.1704 0.9746 -0.1453
vn -0.1675 0.9685 -0.1845
vn -0.1633 0.9692 -0.1844
vn -0.1612 0.9558 -0.2461
vn -0.1702 0.9542 -0.2460
vn -0.1494 0.9689 -0.1974
vn 0.0621 0.9893 -0.1321
vn 0.0667 0.9888 -0.1336
vn 0.0806 0.9876 -0.1349
vn 0.1033 0.9851 -0.1374
vn 0.1339 0.9809 -0.1410
vn 0.1704 0.9746 -0.1453
vn 0.1675 0.9685 -0.1845
vn 0.1633 0.9692 -0.1844
vn 0.1612 0.9558 -0.2461
vn 0.1702 0.9542 -0.2460
vn 0.1494 0.9689 -0.1974
vn -0.0000 0.6912 0.7227
vn -0.9358 0.3526 0.0020
vn -0.9358 0.3526 -0.0017
vn -0.6814 0.3773 -0.6271
vn 0.9658 0.2433 0.0898
vn 0.9365 0.3507 0.0019
vn 0.9358 0.3526 -0.0017
vn 0.6814 0.3773 -0.6271
vn 0.0835 0.9696 0.2302
vn 0.1102 0.9937 0.0210
vn 0.0151 0.3616 -0.9322
vn 0.0045 0.9526 0.3041
vn -0.0047 0.5811 0.8138
vn -0.0011 0.6506 0.7594
vn -0.0268 0.7868 0.6166
vn -0.1218 0.8484 0.5151
vn -0.9846 -0.0000 0.1750
vn -0.9949 -0.0522 0.0860
vn -0.9951 -0.0475 0.0864
vn -0.9928 -0.0967 0.0704
vn 0.9870 -0.0000 -0.1610
vn 0.9964 0.0710 -0.0467
vn 0.9937 0.0867 -0.0707
vn 0.9948 0.0521 -0.0871
vn -0.0264 -0.0000 0.9997
vn 0.0230 -0.2621 0.9648
vn 0.0519 0.1698 -0.9841
vn -0.0191 0.1826 -0.9830
vn 0.0730 -0.8330 0.5484
vn -0.0800 0.9124 -0.4014
vn 0.0778 0.6581 0.7489
vn 0.1218 0.8484 0.5152
vn 0.1218 0.8484 0.5151
vn 0.1781 0.7393 0.6494
vn -0.9870 -0.0000 -0.1610
vn -0.9948 0.0521 -0.0871
vn -0.9950 0.0482 -0.0877
vn -0.9937 0.0867 -0.0707
vn 0.9846 -0.0000 0.1750
vn 0.9966 -0.0722 0.0385
vn 0.9928 -0.0967 0.0704
vn 0.9949 -0.0522 0.0860
vn -0.0265 -0.0000 0.9997
vn -0.0230 -0.2621 0.9648
vn 0.0191 0.1826 -0.9830
vn -0.0519 0.1698 -0.9841
vn 0.0975 0.9009 -0.4229
vn -0.8369 -0.2709 0.4756
vn -0.9555 -0.0398 -0.2922
vn 0.9814 -0.1608 -0.1044
vn 0.3425 -0.4864 -0.8038
vn 0.3760 -0.3445 0.8602
vn 0.3545 -0.4651 -0.8112
vn 0.6706 -0.1030 -0.7347
vn -0.9424 0.0286 -0.3332
vn 0.3498 -0.0867 -0.9328
vn -0.9358 0.1215 -0.3308
vn 0.9838 0.1330 -0.1205
vn 0.8302 -0.4103 0.3773
vn -0.9811 0.0887 0.1719
vn -0.9792 0.1140 0.1677
vn 0.5175 -0.0095 0.8556
vn 0.9910 0.0071 0.1340
vn -0.9469 0.2584 -0.1913
vn -0.8597 0.4803 -0.1737
vn -0.9381 0.2881 -0.1924
vn -0.8274 0.5319 -0.1806
vn -0.8406 0.3573 -0.4071
vn -0.6923 0.6056 -0.3924
vn -0.6031 0.4701 -0.6444
vn -0.5742 0.5252 -0.6281
vn -0.0000 0.0001 1.0000
vn 0.9469 0.2584 -0.1913
vn 0.8597 0.4803 -0.1737
vn 0.9381 0.2881 -0.1924
vn 0.8274 0.5319 -0.1806
vn 0.8406 0.3573 -0.4071
vn 0.6923 0.6056 -0.3924
vn 0.6031 0.4701 -0.6444
vn 0.5742 0.5252 -0.6281
vn -0.0000 -0.0001 -1.0000
vn -0.3159 -0.0000 0.9488
vn 0.7394 -0.0369 0.6723
vn -0.3143 0.0008 0.9493
vn 0.3142 0.0008 0.9494
vn -0.7151 0.0080 0.6989
vn -0.0532 -0.9986 0.0050
vn 0.3361 -0.9418 -0.0112
vn -0.2682 -0.9630 -0.0251
vn 0.0415 -0.9991 0.0092
vn -0.0417 -0.9991 -0.0000
vn 0.2690 -0.9631 0.0001
vn -0.2683 -0.9633 0.0003
vn 0.0416 -0.9991 -0.0001
vn -0.0421 -0.9991 -0.0001
vn 0.2716 -0.9624 0.0003
vn -0.2690 -0.9631 0.0009
vn 0.0417 -0.9991 -0.0003
vn -0.0532 -0.9986 -0.0047
vn 0.3361 -0.9418 0.0105
vn -0.2715 -0.9621 0.0239
vn 0.0421 -0.9991 -0.0088
vn -0.0173 -0.9998 -0.0018
vn -0.0003 -0.9987 -0.0517
vn 0.0003 -0.9987 -0.0517
vn -0.0532 -0.9983 -0.0225
vn 0.0173 -0.9998 -0.0018
vn 0.0043 -1.0000 -0.0069
vn -0.0043 -1.0000 -0.0069
vn -0.0000 -0.9958 0.0919
vn 0.3318 -0.9297 0.1601
vn -0.3318 -0.9297 0.1601
vn 0.0532 -0.9983 -0.0225
vn -0.0143 -0.9999 0.0081
vn -0.0527 -0.9881 0.1443
vn 0.3361 -0.9418 0.0029
vn -0.0033 -0.9860 0.1665
vn -0.3361 -0.9418 0.0029
vn 0.0527 -0.9881 0.1443
vn -0.3417 -0.9269 0.1553
vn -0.3613 -0.9314 0.0440
vn 0.0033 -0.9860 0.1665
vn 0.3417 -0.9269 0.1553
vn 0.3613 -0.9314 0.0440
vn -0.1787 -0.9699 0.1657
vn -0.0000 -0.9981 0.0616
vn -0.9227 -0.3835 -0.0380
vn -0.3772 -0.9216 -0.0916
vn 0.3883 -0.9171 -0.0906
vn 0.9239 -0.3809 -0.0371
vn 0.9239 0.3807 0.0384
vn 0.3827 0.9192 0.0925
vn -0.3827 0.9192 0.0931
vn -0.9251 0.3778 0.0388
vn -0.9193 -0.3816 -0.0967
vn -0.3808 -0.9238 -0.0401
vn 0.3804 -0.9240 0.0399
vn 0.9188 -0.3827 0.0966
vn -0.3806 0.9239 -0.0402
vn -0.9183 0.3838 -0.0968
vn -0.1047 0.0001 0.9945
vn 0.5071 -0.8162 -0.2771
vn 0.4926 0.8162 0.3021
vt 0.134828 0.389878
vt 0.123042 0.389878
vt 0.123042 0.373936
vt 0.123042 0.454044
vt 0.109976 0.454274
vt 0.109976 0.410214
vt 0.123042 0.410214
vt 0.109976 0.389878
vt 0.109976 0.380388
vt 0.096911 0.455472
vt 0.096911 0.410214
vt 0.096911 0.389878
vt 0.085125 0.456553
vt 0.085125 0.410214
vt 0.085125 0.389878
vt 0.096911 0.373936
vt 0.075771 0.457411
vt 0.075771 0.410214
vt 0.075771 0.389878
vt 0.004883 0.457663
vt 0.009135 0.427160
vt 0.004883 0.427160
vt 0.075771 0.372932
vt 0.085125 0.355209
vt 0.085125 0.372932
vt 0.069765 0.457962
vt 0.069765 0.410214
vt 0.069765 0.389878
vt 0.069765 0.372932
vt 0.069765 0.350902
vt 0.075771 0.346835
vt 0.075771 0.350902
vt 0.067696 0.458152
vt 0.067696 0.410214
vt 0.067696 0.389878
vt 0.067696 0.372932
vt 0.067696 0.350902
vt 0.069765 0.346835
vt 0.009135 0.459820
vt 0.018247 0.427160
vt 0.065631 0.458341
vt 0.065631 0.410214
vt 0.065631 0.389878
vt 0.065631 0.372932
vt 0.065631 0.350902
vt 0.067696 0.346835
vt 0.040117 0.461052
vt 0.040117 0.427160
vt 0.065631 0.427160
vt 0.040117 0.423432
vt 0.065631 0.423432
vt 0.040117 0.417331
vt 0.065631 0.417331
vt 0.040117 0.410214
vt 0.040117 0.389878
vt 0.040117 0.372932
vt 0.040117 0.367848
vt 0.030397 0.462559
vt 0.030397 0.427160
vt 0.065631 0.367848
vt 0.040117 0.361070
vt 0.065631 0.361070
vt 0.040117 0.350902
vt 0.065631 0.346835
vt 0.038902 0.461241
vt 0.038902 0.427160
vt 0.018247 0.464442
vt 0.218750 0.937500
vt 0.093750 0.937500
vt 0.339844 0.937500
vt 0.040117 0.346835
vt 0.134828 0.372932
vt 0.134828 0.355209
vt 0.134828 0.453836
vt 0.134828 0.410214
vt 0.144182 0.350902
vt 0.144182 0.326041
vt 0.144182 0.372932
vt 0.144182 0.389878
vt 0.144182 0.453671
vt 0.144182 0.410214
vt 0.150188 0.320399
vt 0.150188 0.283187
vt 0.150188 0.350902
vt 0.150188 0.372932
vt 0.150188 0.389878
vt 0.150188 0.453565
vt 0.150188 0.410214
vt 0.152257 0.259392
vt 0.152257 0.244141
vt 0.152257 0.320399
vt 0.152257 0.350902
vt 0.152257 0.372932
vt 0.152257 0.389878
vt 0.152257 0.453529
vt 0.152257 0.410214
vt 0.167687 0.259392
vt 0.167687 0.244141
vt 0.167687 0.320399
vt 0.167687 0.350902
vt 0.167687 0.372932
vt 0.167687 0.389878
vt 0.167687 0.453257
vt 0.167687 0.410214
vt 0.170117 0.259392
vt 0.170117 0.244141
vt 0.170117 0.320399
vt 0.170117 0.350902
vt 0.170117 0.372932
vt 0.170117 0.389878
vt 0.170117 0.410214
vt 0.232079 0.259392
vt 0.232079 0.244141
vt 0.232079 0.320399
vt 0.232079 0.350902
vt 0.232079 0.372932
vt 0.232079 0.389878
vt 0.170117 0.453257
vt 0.232079 0.410214
vt 0.317126 0.259392
vt 0.317126 0.244141
vt 0.317126 0.320399
vt 0.317126 0.350902
vt 0.317126 0.372932
vt 0.317126 0.410214
vt 0.317126 0.389878
vt 0.232079 0.453257
vt 0.351145 0.259392
vt 0.351145 0.244141
vt 0.351145 0.320399
vt 0.351145 0.350902
vt 0.351145 0.372932
vt 0.351145 0.389878
vt 0.317126 0.458680
vt 0.351145 0.410214
vt 0.353575 0.259392
vt 0.353575 0.244141
vt 0.353575 0.320399
vt 0.353575 0.350902
vt 0.353575 0.372932
vt 0.353575 0.389878
vt 0.351145 0.463425
vt 0.353575 0.410214
vt 0.360500 0.244141
vt 0.360500 0.259392
vt 0.360500 0.320399
vt 0.360500 0.372932
vt 0.360500 0.350902
vt 0.360500 0.389878
vt 0.360500 0.460616
vt 0.360500 0.410214
vt 0.362569 0.285072
vt 0.362569 0.320399
vt 0.362569 0.372932
vt 0.362569 0.350902
vt 0.362569 0.389878
vt 0.362569 0.459675
vt 0.362569 0.410214
vt 0.368575 0.329627
vt 0.368575 0.372932
vt 0.368575 0.350902
vt 0.368575 0.389878
vt 0.368575 0.456945
vt 0.368575 0.410214
vt 0.377929 0.360144
vt 0.377929 0.372932
vt 0.377929 0.389878
vt 0.377929 0.452692
vt 0.377929 0.410214
vt 0.389715 0.379738
vt 0.389715 0.389878
vt 0.389715 0.447334
vt 0.389715 0.410214
vt 0.402781 0.386489
vt 0.402781 0.389878
vt 0.402781 0.441395
vt 0.402781 0.410214
vt 0.415846 0.389878
vt 0.415846 0.379738
vt 0.415846 0.434633
vt 0.415846 0.410214
vt 0.427632 0.372932
vt 0.427632 0.360144
vt 0.427632 0.389878
vt 0.427632 0.428534
vt 0.427632 0.410214
vt 0.436986 0.372932
vt 0.436986 0.358019
vt 0.436986 0.389878
vt 0.436986 0.423694
vt 0.436986 0.410214
vt 0.442992 0.358019
vt 0.442992 0.372932
vt 0.442992 0.389878
vt 0.442992 0.420586
vt 0.442992 0.410214
vt 0.444697 0.358019
vt 0.444697 0.372932
vt 0.444697 0.389878
vt 0.444697 0.419704
vt 0.444697 0.410214
vt 0.445061 0.358019
vt 0.445061 0.372932
vt 0.445061 0.389878
vt 0.445061 0.419446
vt 0.445061 0.410214
vt 0.465351 0.358019
vt 0.465351 0.372932
vt 0.465351 0.389878
vt 0.465351 0.405130
vt 0.469603 0.358019
vt 0.471790 0.358019
vt 0.469603 0.364798
vt 0.471790 0.364798
vt 0.469603 0.372932
vt 0.469603 0.389878
vt 0.471790 0.378355
vt 0.469603 0.378355
vt 0.469603 0.403435
vt 0.471790 0.389878
vt 0.482360 0.358019
vt 0.482360 0.378355
vt 0.471790 0.402564
vt 0.482360 0.389878
vt 0.493052 0.373610
vt 0.495117 0.373610
vt 0.495117 0.372932
vt 0.493052 0.372932
vt 0.495117 0.358019
vt 0.487827 0.388861
vt 0.490865 0.379994
vt 0.490865 0.378355
vt 0.482360 0.364798
vt 0.487827 0.358019
vt 0.487828 0.378355
vt 0.482360 0.398351
vt 0.487828 0.364798
vt 0.490865 0.364798
vt 0.490865 0.358019
vt 0.490865 0.372932
vt 0.493052 0.358019
vt 0.353575 0.463764
vt 0.030558 0.009766
vt 0.014094 0.020277
vt 0.013291 0.009766
vt 0.071698 0.020277
vt 0.030558 0.020277
vt 0.071698 0.009766
vt 0.125000 0.020277
vt 0.178302 0.009766
vt 0.125000 0.009766
vt 0.219442 0.009766
vt 0.178302 0.020277
vt 0.235906 0.020277
vt 0.219442 0.020277
vt 0.014334 0.023418
vt 0.071698 0.023418
vt 0.030558 0.023418
vt 0.125000 0.023418
vt 0.178302 0.023418
vt 0.235666 0.023418
vt 0.219442 0.023418
vt 0.015030 0.032534
vt 0.071698 0.032534
vt 0.030558 0.032534
vt 0.125000 0.032534
vt 0.178302 0.032534
vt 0.234970 0.032534
vt 0.219442 0.032534
vt 0.016115 0.046732
vt 0.071698 0.046732
vt 0.030558 0.046732
vt 0.125000 0.046732
vt 0.178302 0.046732
vt 0.233885 0.046732
vt 0.219442 0.046732
vt 0.017482 0.064622
vt 0.071698 0.064622
vt 0.030558 0.064622
vt 0.125000 0.064622
vt 0.178302 0.064622
vt 0.232518 0.064622
vt 0.219442 0.064622
vt 0.018997 0.084454
vt 0.071698 0.084454
vt 0.030558 0.084454
vt 0.125000 0.084454
vt 0.178302 0.084454
vt 0.231003 0.084454
vt 0.219442 0.084454
vt 0.030558 0.104285
vt 0.019231 0.104285
vt 0.071698 0.104285
vt 0.125000 0.104285
vt 0.178302 0.104285
vt 0.219442 0.104285
vt 0.030558 0.122176
vt 0.019442 0.122176
vt 0.071698 0.122176
vt 0.125000 0.122176
vt 0.178302 0.122176
vt 0.230769 0.104285
vt 0.219442 0.122176
vt 0.030558 0.136374
vt 0.019609 0.136374
vt 0.071698 0.136374
vt 0.125000 0.136374
vt 0.178302 0.136374
vt 0.230558 0.122176
vt 0.219442 0.136374
vt 0.030558 0.145489
vt 0.019717 0.145489
vt 0.071698 0.145489
vt 0.125000 0.145489
vt 0.178302 0.145489
vt 0.230391 0.136374
vt 0.219442 0.145489
vt 0.030558 0.148077
vt 0.019747 0.148077
vt 0.071698 0.148077
vt 0.125000 0.148077
vt 0.178302 0.148077
vt 0.230283 0.145489
vt 0.219442 0.148077
vt 0.030558 0.148630
vt 0.019766 0.148630
vt 0.071698 0.148630
vt 0.125000 0.148630
vt 0.178302 0.148630
vt 0.230253 0.148077
vt 0.219442 0.148630
vt 0.030558 0.179428
vt 0.020798 0.179428
vt 0.071698 0.179428
vt 0.125000 0.179428
vt 0.178302 0.179428
vt 0.230234 0.148630
vt 0.219442 0.179428
vt 0.021935 0.189202
vt 0.071698 0.189202
vt 0.030558 0.189202
vt 0.125000 0.189202
vt 0.178302 0.189202
vt 0.228065 0.189202
vt 0.219442 0.189202
vt 0.023801 0.205246
vt 0.125000 0.205246
vt 0.071698 0.205246
vt 0.226199 0.205246
vt 0.219442 0.205246
vt 0.030558 0.205246
vt 0.025002 0.213544
vt 0.125000 0.213544
vt 0.071698 0.213544
vt 0.178302 0.205246
vt 0.224998 0.213544
vt 0.219442 0.213544
vt 0.030558 0.221474
vt 0.026204 0.221474
vt 0.125000 0.221474
vt 0.071698 0.221474
vt 0.178302 0.213544
vt 0.219442 0.221474
vt 0.026654 0.224609
vt 0.125000 0.224609
vt 0.071698 0.224609
vt 0.178302 0.221474
vt 0.223346 0.224609
vt 0.219442 0.224609
vt 0.031250 0.937500
vt 0.156250 0.937500
vt 0.281250 0.937500
vt 0.323242 0.865234
vt 0.200195 0.650391
vt 0.200195 0.865234
vt 0.495117 0.865234
vt 0.333008 0.775391
vt 0.333008 0.865234
vt 0.333008 0.829297
vt 0.349682 0.775391
vt 0.333008 0.775391
vt 0.349682 0.829297
vt 0.333008 0.865234
vt 0.349682 0.865234
vt 0.430273 0.775391
vt 0.430273 0.829297
vt 0.471959 0.775391
vt 0.430273 0.775391
vt 0.430274 0.865234
vt 0.471959 0.829297
vt 0.495117 0.775391
vt 0.471959 0.865234
vt 0.495117 0.829297
vt 0.040117 0.346835
vt 0.030397 0.350902
vt 0.040117 0.350902
vt 0.030397 0.346835
vt 0.018247 0.350902
vt 0.018247 0.346835
vt 0.009135 0.350902
vt 0.009135 0.346835
vt 0.004883 0.350902
vt 0.004883 0.346835
vt 0.040117 0.361070
vt 0.030397 0.361070
vt 0.018247 0.361070
vt 0.009135 0.361070
vt 0.004883 0.361070
vt 0.040117 0.367848
vt 0.030397 0.367848
vt 0.018247 0.367848
vt 0.009135 0.367848
vt 0.004883 0.367848
vt 0.040117 0.372932
vt 0.030397 0.372932
vt 0.232637 0.494141
vt 0.256230 0.508187
vt 0.256230 0.494141
vt 0.209043 0.494141
vt 0.232637 0.508187
vt 0.495117 0.494141
vt 0.209043 0.508187
vt 0.495117 0.508187
vt 0.018247 0.372932
vt 0.040117 0.389878
vt 0.030397 0.389878
vt 0.256230 0.555009
vt 0.232637 0.555009
vt 0.209043 0.555009
vt 0.495117 0.555009
vt 0.018247 0.389878
vt 0.040117 0.410214
vt 0.030397 0.410214
vt 0.256230 0.611194
vt 0.232637 0.611194
vt 0.209043 0.611194
vt 0.495117 0.611194
vt 0.018247 0.410214
vt 0.040117 0.417331
vt 0.030397 0.417331
vt 0.256230 0.630859
vt 0.232637 0.630859
vt 0.209043 0.630859
vt 0.495117 0.630859
vt 0.018247 0.417331
vt 0.040117 0.423432
vt 0.030397 0.423432
vt 0.009135 0.417331
vt 0.018247 0.423432
vt 0.004883 0.417331
vt 0.009135 0.423432
vt 0.004883 0.423432
vt 0.040117 0.427160
vt 0.398438 0.937500
vt 0.844848 0.302190
vt 0.926228 0.131589
vt 0.975829 0.302190
vt 0.783874 0.302190
vt 0.824016 0.131589
vt 0.716126 0.302190
vt 0.776434 0.131589
vt 0.675984 0.131589
vt 0.723566 0.131589
vt 0.655152 0.302190
vt 0.573772 0.131589
vt 0.975160 0.512256
vt 0.844567 0.512256
vt 0.716226 0.512256
vt 0.783774 0.512256
vt 0.655433 0.512256
vt 0.524840 0.512256
vt 0.972869 0.722321
vt 0.843605 0.722321
vt 0.716570 0.722321
vt 0.783430 0.722321
vt 0.656395 0.722321
vt 0.527131 0.722321
vt 0.926228 0.892923
vt 0.824016 0.892923
vt 0.723566 0.892923
vt 0.776434 0.892923
vt 0.675984 0.892923
vt 0.573772 0.892923
vt 0.535479 0.884099
vt 0.529001 0.892820
vt 0.527671 0.073496
vt 0.603731 0.010746
vt 0.975572 0.333320
vt 0.975560 0.338223
vt 0.975251 0.463232
vt 0.974931 0.634814
vt 0.972838 0.703447
vt 0.972688 0.708350
vt 0.524428 0.333320
vt 0.524171 0.302190
vt 0.524440 0.338223
vt 0.524749 0.463232
vt 0.525069 0.634814
vt 0.527162 0.703447
vt 0.527312 0.708350
vt 0.236709 0.009766
vt 0.229202 0.179428
vt 0.030558 0.213544
vt 0.223796 0.221474
vt 0.030558 0.224609
vt 0.178302 0.224609
vt 0.323242 0.650391
vt 0.495117 0.775391
vt 0.495117 0.865234
vt 0.964521 0.884099
vt 0.955375 0.950280
vt 0.945674 0.974547
vt 0.930153 0.979694
vt 0.888579 0.982636
vt 0.750000 0.983249
vt 0.611421 0.982636
vt 0.569847 0.979694
vt 0.544625 0.950280
vt 0.554326 0.974547
vt 0.970999 0.892820
vt 0.896269 0.010746
vt 0.750000 0.009766
vt 0.985677 0.133650
vt 0.980520 0.124971
vt 0.972329 0.073496
vt 0.514323 0.133650
vt 0.519480 0.124971
vt 0.962383 0.025943
vt 0.940150 0.014913
vt 0.537617 0.025943
vt 0.559850 0.014913
s 1
usemtl Vehicle_Atlas
f 716/1/1 712/2/2 942/3/3
f 715/4/4 710/5/5 708/6/6
f 712/2/2 713/7/7 708/6/6
f 712/2/2 711/8/8 706/9/9
f 710/5/5 698/10/10 695/11/11
f 708/6/6 695/11/11 707/12/12
f 706/9/9 711/8/8 707/12/12
f 698/10/10 692/13/13 699/14/14
f 695/11/11 699/14/14 696/15/15
f 703/16/16 707/12/12 696/15/15
f 692/13/13 681/17/17 693/18/18
f 699/14/14 693/18/18 690/19/19
f 1693/20/20 5/21/21 4/22/22
f 696/15/15 690/19/19 689/23/23
f 687/24/24 694/25/25 689/23/23
f 681/17/17 683/26/26 673/27/27
f 693/18/18 673/27/27 678/28/28
f 690/19/19 678/28/28 679/29/29
f 689/23/23 679/29/29 677/30/30
f 676/31/31 688/32/30 677/30/30
f 683/26/26 666/33/32 674/34/33
f 673/27/27 674/34/33 664/35/34
f 678/28/28 664/35/34 672/36/35
f 679/29/29 672/36/35 671/37/30
f 675/38/31 677/30/30 671/37/30
f 1691/39/36 6/40/37 5/21/21
f 666/33/32 668/41/38 669/42/39
f 674/34/33 669/42/39 663/43/40
f 664/35/34 663/43/40 661/44/41
f 672/36/35 661/44/41 662/45/42
f 670/46/31 671/37/30 662/45/42
f 668/41/38 1977/47/43 640/48/44
f 659/49/45 640/48/44 3355/50/46
f 658/51/47 3355/50/46 3326/52/48
f 657/53/49 3326/52/48 655/54/50
f 669/42/39 655/54/50 653/55/51
f 663/43/40 653/55/51 651/56/52
f 661/44/41 651/56/52 649/57/53
f 6/40/37 7/58/54 9/59/55
f 648/60/56 649/57/53 643/61/57
f 647/62/58 643/61/57 645/63/59
f 660/64/60 662/45/42 645/63/59
f 1977/47/43 1975/65/61 642/66/62
f 1975/65/61 1968/58/63 639/59/64
f 1968/58/63 636/67/65 638/40/66
f 638/40/66 636/67/65 1962/39/67
f 635/21/68 1962/39/67 1960/20/69
s 0
f 628/68/70 629/68/70 630/68/70
f 623/68/71 624/68/71 625/68/71
f 620/68/70 621/68/70 622/68/70
f 615/68/71 616/68/71 617/68/71
s 1
f 9/59/55 1699/65/72 10/66/73
s 0
f 597/69/74 591/69/74 612/69/74
f 609/69/75 594/69/75 600/69/75
f 593/69/76 599/69/76 596/69/76
f 605/69/77 614/69/77 608/69/77
f 595/69/78 598/69/78 604/69/78
f 592/69/79 610/69/79 607/69/79
f 586/70/80 582/70/80 589/70/80
f 577/70/81 579/70/81 584/70/81
f 573/70/82 575/70/82 580/70/82
f 567/70/83 569/70/83 570/70/83
s 1
f 562/70/84 563/70/84 565/70/84
s 0
f 556/70/85 554/70/85 558/70/85
s 1
f 10/66/73 14/47/86 11/48/87
s 0
f 549/70/85 552/70/85 554/70/85
f 544/70/88 547/70/88 553/70/88
f 540/70/89 542/70/89 546/70/89
s 1
f 3208/63/90 25/64/91 3175/71/92
f 3208/63/90 15/62/93 26/45/94
f 3231/61/95 16/60/96 15/62/93
f 3233/57/97 30/44/98 16/60/96
f 3273/56/99 32/43/100 30/44/98
f 17/55/101 19/42/102 32/43/100
f 3302/54/103 21/53/104 19/42/102
f 3304/52/105 20/51/106 21/53/104
f 3330/50/107 24/49/108 20/51/106
f 11/48/87 23/41/109 24/49/108
s 0
f 536/70/89 538/70/89 542/70/89
f 535/70/110 533/70/110 539/70/110
s 1
f 26/45/94 27/46/111 25/64/91
f 26/45/94 28/36/112 29/37/113
f 30/44/98 31/35/114 28/36/112
f 32/43/100 35/34/115 31/35/114
f 19/42/102 37/33/116 35/34/115
s 0
f 530/70/117 531/70/117 532/70/117
f 527/70/118 528/70/118 529/70/118
s 1
f 29/37/113 33/38/111 27/46/111
f 29/37/113 38/29/119 34/30/113
f 28/36/112 39/28/120 38/29/119
f 31/35/114 41/27/121 39/28/120
f 35/34/115 1705/26/122 41/27/121
s 0
f 521/70/123 523/70/123 524/70/123
f 513/70/124 517/70/124 518/70/124
s 1
f 34/30/113 42/31/125 33/38/111
f 34/30/113 44/23/126 43/32/113
f 38/29/119 45/19/127 44/23/126
f 39/28/120 40/18/128 45/19/127
f 41/27/121 1709/17/129 40/18/128
s 0
f 509/70/130 510/70/130 512/70/130
f 504/70/131 505/70/131 507/70/131
s 1
f 42/31/125 43/32/113 50/24/132
f 44/23/126 50/24/132 43/32/113
f 44/23/126 51/15/133 46/25/134
f 45/19/127 57/14/135 51/15/133
f 40/18/128 1712/13/136 57/14/135
s 0
f 478/68/137 485/68/137 500/68/137
f 477/68/76 501/68/76 498/68/76
f 469/68/76 498/68/76 497/68/76
s 1
f 50/24/132 46/25/134 56/16/138
f 51/15/133 56/16/138 46/25/134
f 51/15/133 61/11/139 52/12/140
f 57/14/135 63/10/141 61/11/139
s 0
f 461/68/76 497/68/76 496/68/76
f 458/68/76 496/68/76 494/68/76
f 446/68/76 455/68/76 494/68/76
f 438/68/76 446/68/76 495/68/76
s 1
f 52/12/140 60/9/142 56/16/138
f 52/12/140 64/6/143 69/8/144
f 61/11/139 1718/5/145 64/6/143
s 0
f 430/68/76 438/68/76 493/68/76
f 489/68/76 430/68/76 492/68/76
f 421/68/76 489/68/76 490/68/76
f 475/68/146 484/68/146 413/68/146
s 1
f 60/9/142 77/2/147 68/3/148
f 64/6/143 77/2/147 69/8/144
f 64/6/143 1716/4/149 70/7/150
s 0
f 467/68/151 476/68/151 409/68/151
f 459/68/152 468/68/152 480/68/152
f 460/68/153 471/68/153 462/68/153
s 1
f 68/3/148 75/72/154 74/73/155
f 68/3/148 76/1/156 75/72/154
f 70/7/150 76/1/156 77/2/147
f 70/7/150 1722/74/157 84/75/158
s 0
f 457/68/159 463/68/159 448/68/159
f 453/68/160 447/68/160 440/68/160
s 1
f 74/73/155 82/76/161 81/77/162
f 74/73/155 88/78/163 82/76/161
f 76/1/156 88/78/163 75/72/154
f 84/75/158 83/79/164 76/1/156
f 84/75/158 86/80/165 91/81/166
s 0
f 437/68/167 444/68/167 439/68/167
s 1
f 81/77/162 96/82/168 87/83/169
f 81/77/162 97/84/161 96/82/168
f 88/78/163 97/84/161 82/76/161
f 83/79/164 89/85/170 88/78/163
f 91/81/166 90/86/171 83/79/164
f 91/81/166 1726/87/172 99/88/173
f 87/83/169 95/89/174 93/90/175
f 87/83/169 94/91/168 95/89/174
f 96/82/168 98/92/161 94/91/168
f 89/85/170 98/92/161 97/84/161
f 90/86/171 100/93/176 89/85/170
f 99/88/173 102/94/177 90/86/171
f 99/88/173 1728/95/178 104/96/179
f 93/90/175 108/97/180 3592/98/181
f 95/89/174 109/99/182 108/97/180
f 94/91/168 110/100/183 109/99/182
f 100/93/176 110/100/183 98/92/161
f 102/94/177 101/101/184 100/93/176
f 104/96/179 103/102/185 102/94/177
f 104/96/179 107/103/186 115/104/187
f 3592/98/181 116/105/188 3594/106/189
f 108/97/180 111/107/190 116/105/188
f 109/99/182 113/108/191 111/107/190
f 101/101/184 113/108/191 110/100/183
f 103/102/185 112/109/192 101/101/184
f 115/104/187 114/110/193 103/102/185
f 107/103/186 122/111/194 115/104/187
f 3594/106/189 117/112/195 127/113/196
f 116/105/188 118/114/197 117/112/195
f 111/107/190 119/115/198 118/114/197
f 112/109/192 119/115/198 113/108/191
f 114/110/193 131/116/199 112/109/192
f 122/111/194 120/117/200 114/110/193
f 1734/118/201 121/119/202 122/111/194
f 127/113/196 128/120/203 3600/121/204
f 117/112/195 129/122/205 128/120/203
f 118/114/197 135/123/206 129/122/205
f 131/116/199 135/123/206 119/115/198
f 120/117/200 130/124/207 131/116/199
f 120/117/200 132/125/208 133/126/209
f 124/127/210 132/125/208 121/119/202
f 3600/121/204 138/128/211 137/129/212
f 128/120/203 134/130/213 138/128/211
f 129/122/205 139/131/214 134/130/213
f 130/124/207 139/131/214 135/123/206
f 133/126/209 140/132/215 130/124/207
f 132/125/208 141/133/216 133/126/209
f 1737/134/217 142/135/218 132/125/208
f 137/129/212 148/136/219 147/137/220
f 138/128/211 152/138/221 148/136/219
f 134/130/213 155/139/222 152/138/221
f 140/132/215 155/139/222 139/131/214
f 141/133/216 156/140/223 140/132/215
f 142/135/218 158/141/224 141/133/216
f 144/142/225 159/143/226 142/135/218
f 148/136/219 151/144/227 147/137/220
f 152/138/221 149/145/228 148/136/219
f 155/139/222 153/146/229 152/138/221
f 155/139/222 157/147/230 154/148/231
f 158/141/224 157/147/230 156/140/223
f 159/143/226 168/149/232 158/141/224
f 159/143/226 1275/150/233 165/151/234
f 151/144/227 149/145/228 172/152/235
f 153/146/229 172/152/235 149/145/228
f 154/148/231 167/153/236 153/146/229
f 154/148/231 173/154/237 166/155/231
f 168/149/232 173/154/237 157/147/230
f 165/151/234 174/156/238 168/149/232
f 165/151/234 171/157/239 169/158/240
s 0
f 436/68/241 431/68/241 397/68/241
s 1
f 172/152/235 167/153/236 180/159/242
f 166/155/231 180/159/242 167/153/236
f 166/155/231 183/160/243 181/161/231
f 174/156/238 183/160/243 173/154/237
f 169/158/240 184/162/244 174/156/238
f 169/158/240 176/163/245 185/164/246
s 0
f 428/68/247 396/68/247 424/68/247
f 487/68/248 423/68/248 389/68/248
s 1
f 180/159/242 181/161/231 407/165/249
f 183/160/243 407/165/249 181/161/231
f 184/162/244 182/166/250 183/160/243
f 185/164/246 190/167/251 184/162/244
f 185/164/246 194/168/252 192/169/253
s 0
f 410/69/254 414/69/254 415/69/254
f 482/69/255 412/69/255 419/69/255
f 473/69/256 483/69/256 179/69/256
s 1
f 407/165/249 182/166/250 189/170/257
f 190/167/251 189/170/257 182/166/250
f 192/169/253 191/171/258 190/167/251
f 192/169/253 1301/172/259 196/173/260
s 0
f 466/69/261 474/69/261 406/69/261
f 452/69/262 465/69/262 188/69/262
f 449/69/263 198/69/263 202/69/263
f 441/69/264 201/69/264 211/69/264
s 1
f 191/171/258 200/174/265 189/170/257
f 196/173/260 195/175/266 191/171/258
f 196/173/260 207/176/267 197/177/268
s 0
f 433/69/269 210/69/269 402/69/269
f 398/69/270 401/69/270 392/69/270
f 426/69/271 391/69/271 395/69/271
f 385/68/137 365/68/137 387/68/137
s 1
f 200/174/265 215/178/272 204/179/273
f 197/177/268 215/178/272 195/175/266
f 197/177/268 209/180/274 205/181/275
s 0
f 384/68/76 388/68/76 378/68/76
f 381/68/76 378/68/76 376/68/76
f 363/68/76 376/68/76 377/68/76
s 1
f 204/179/273 214/182/276 213/183/277
f 204/179/273 216/184/278 214/182/276
f 205/181/275 216/184/278 215/178/272
f 205/181/275 1325/185/279 218/186/280
s 0
f 355/68/76 377/68/76 375/68/76
f 343/68/76 346/68/76 375/68/76
f 371/68/76 343/68/76 374/68/76
s 1
f 213/183/277 223/187/281 222/188/282
f 216/184/278 223/187/281 214/182/276
f 218/186/280 217/189/283 216/184/278
f 218/186/280 221/190/284 219/191/285
s 0
f 330/68/76 371/68/76 372/68/76
f 322/68/76 330/68/76 373/68/76
f 318/68/76 322/68/76 367/68/76
s 1
f 223/187/281 225/192/286 222/188/282
f 217/189/283 227/193/287 223/187/281
f 219/191/285 229/194/288 217/189/283
f 219/191/285 1332/195/289 224/196/290
s 0
f 382/68/291 364/68/291 313/68/291
f 379/68/292 383/68/292 306/68/292
f 361/68/293 380/68/293 301/68/293
s 1
f 227/193/287 231/197/294 225/192/286
f 229/194/288 226/198/295 227/193/287
f 224/196/290 228/199/296 229/194/288
f 224/196/290 1347/200/297 230/201/298
s 0
f 353/68/299 362/68/299 357/68/299
f 345/68/300 354/68/300 293/68/300
f 342/68/301 344/68/301 347/68/301
s 1
f 226/198/295 232/202/302 231/197/294
f 228/199/296 233/203/303 226/198/295
f 230/201/298 235/204/304 228/199/296
f 230/201/298 241/205/305 239/206/306
s 0
f 370/68/307 341/68/307 336/68/307
f 369/68/308 287/68/308 332/68/308
f 328/68/309 331/68/309 324/68/309
s 1
f 233/203/303 234/207/310 232/202/302
f 235/204/304 243/208/311 233/203/303
f 239/206/306 249/209/312 235/204/304
f 239/206/306 241/205/305 238/210/313
s 0
f 320/68/314 323/68/314 280/68/314
f 307/69/315 314/69/315 315/69/315
f 303/69/316 309/69/316 312/69/316
f 359/69/317 304/69/317 299/69/317
f 296/69/318 360/69/318 49/69/318
f 351/69/319 295/69/319 55/69/319
s 1
f 243/208/311 242/211/320 234/207/310
f 253/212/321 246/213/322 3046/214/323
f 249/209/312 248/215/324 243/208/311
f 252/216/325 3029/217/326 3023/218/327
f 238/210/313 252/216/325 249/209/312
f 250/219/328 251/220/329 252/216/325
s 0
f 350/69/330 59/69/330 66/69/330
f 338/69/331 65/69/331 72/69/331
f 289/69/332 71/69/332 79/69/332
f 333/69/333 78/69/333 285/69/333
f 326/69/334 284/69/334 283/69/334
s 1
f 3046/214/323 254/221/335 253/212/321
f 251/220/329 256/222/336 3029/217/326
f 259/223/337 257/224/338 251/220/329
f 276/225/339 279/226/340 272/227/340
f 266/228/339 272/227/340 2876/229/341
f 271/230/342 269/231/343 3071/232/344
f 269/231/343 275/225/345 266/228/339
f 3032/233/346 260/234/347 254/221/335
f 257/224/338 268/235/348 256/222/336
f 257/224/338 262/236/349 271/230/342
f 3049/237/350 3068/238/351 264/239/352
f 3060/240/353 266/228/339 263/241/354
f 257/224/338 271/230/342 268/235/348
f 3032/233/346 3049/237/350 260/234/347
f 259/223/337 262/236/349 257/224/338
f 251/220/329 257/224/338 256/222/336
f 3046/214/323 3032/233/346 254/221/335
f 3060/240/353 263/241/354 265/239/355
f 3049/237/350 264/239/352 260/234/347
f 269/231/343 266/228/339 3060/240/353
f 271/230/342 3071/232/344 268/235/348
f 250/219/328 259/223/337 251/220/329
f 238/210/313 250/219/328 252/216/325
f 252/216/325 251/220/329 3029/217/326
f 249/209/312 252/216/325 248/215/324
f 253/212/321 242/211/320 246/213/322
f 243/208/311 248/215/324 242/211/320
f 239/206/306 238/210/313 249/209/312
f 266/228/339 2876/229/341 263/241/354
f 276/225/339 272/227/340 266/228/339
f 235/204/304 249/209/312 243/208/311
f 233/203/303 243/208/311 234/207/310
s 0
f 325/69/356 282/69/356 281/69/356
f 334/69/357 286/69/357 327/69/357
f 290/69/358 80/69/358 335/69/358
f 340/69/359 73/69/359 291/69/359
s 1
f 352/69/360 67/69/360 339/69/360
s 0
f 349/69/361 54/69/361 58/69/361
f 294/69/362 48/69/362 53/69/362
f 358/69/363 298/69/363 47/69/363
f 302/69/364 311/69/364 297/69/364
s 1
f 308/69/365 316/69/365 310/69/365
s 0
f 320/68/314 280/68/314 317/68/314
f 328/68/309 324/68/309 321/68/309
f 369/68/308 332/68/308 329/68/308
f 370/68/307 336/68/307 288/68/307
f 342/68/301 347/68/301 337/68/301
f 345/68/300 293/68/300 348/68/300
f 353/68/299 357/68/299 292/68/299
f 361/68/293 301/68/293 356/68/293
s 1
f 379/68/292 306/68/292 300/68/292
s 0
f 382/68/291 313/68/291 305/68/291
f 319/68/77 368/68/77 366/68/77
f 322/68/76 373/68/76 367/68/76
f 330/68/76 372/68/76 373/68/76
f 371/68/76 374/68/76 372/68/76
f 343/68/76 375/68/76 374/68/76
f 355/68/76 375/68/76 346/68/76
f 363/68/76 377/68/76 355/68/76
f 381/68/76 376/68/76 363/68/76
f 384/68/76 378/68/76 381/68/76
f 384/68/76 386/68/76 388/68/76
f 425/69/366 394/69/366 390/69/366
f 399/69/367 393/69/367 427/69/367
f 434/69/368 403/69/368 400/69/368
f 443/69/369 212/69/369 435/69/369
f 451/69/370 203/69/370 442/69/370
f 450/69/371 186/69/371 199/69/371
f 464/69/372 405/69/372 187/69/372
f 472/69/373 178/69/373 404/69/373
f 481/69/374 418/69/374 177/69/374
f 411/69/375 416/69/375 417/69/375
f 487/68/248 389/68/248 420/68/248
f 428/68/247 424/68/247 488/68/247
f 436/68/241 397/68/241 429/68/241
f 437/68/167 439/68/167 432/68/167
f 453/68/160 440/68/160 445/68/160
f 457/68/159 448/68/159 454/68/159
f 460/68/153 462/68/153 456/68/153
s 1
f 459/68/152 480/68/152 470/68/152
s 0
f 467/68/151 409/68/151 479/68/151
f 475/68/146 413/68/146 408/68/146
f 422/68/77 491/68/77 486/68/77
f 489/68/76 492/68/76 490/68/76
f 430/68/76 493/68/76 492/68/76
f 438/68/76 495/68/76 493/68/76
f 446/68/76 494/68/76 495/68/76
f 458/68/76 494/68/76 455/68/76
f 461/68/76 496/68/76 458/68/76
f 469/68/76 497/68/76 461/68/76
f 477/68/76 498/68/76 469/68/76
f 477/68/76 499/68/76 501/68/76
f 503/70/376 506/70/376 502/70/376
f 508/70/377 511/70/377 515/70/377
f 514/70/378 519/70/378 516/70/378
f 522/70/379 525/70/379 520/70/379
f 527/70/118 529/70/118 526/70/118
f 530/70/117 532/70/117 534/70/117
f 535/70/110 539/70/110 537/70/110
f 537/70/110 543/70/110 541/70/110
f 541/70/110 548/70/110 545/70/110
f 544/70/88 553/70/88 551/70/88
f 550/70/84 555/70/84 557/70/84
f 557/70/84 559/70/84 560/70/84
f 561/70/85 564/70/85 566/70/85
f 568/70/380 571/70/380 572/70/380
f 574/70/381 581/70/381 578/70/381
f 576/70/382 583/70/382 587/70/382
f 585/70/383 588/70/383 590/70/383
f 592/69/79 607/69/79 613/69/79
f 595/69/78 604/69/78 601/69/78
f 605/69/77 608/69/77 602/69/77
f 593/69/76 596/69/76 611/69/76
f 609/69/75 600/69/75 606/69/75
f 597/69/74 612/69/74 603/69/74
f 615/68/71 617/68/71 618/68/71
s 1
f 620/68/70 622/68/70 619/68/70
s 0
f 623/68/71 625/68/71 626/68/71
f 628/68/70 630/68/70 627/68/70
s 1
f 230/201/298 1347/200/297 241/205/305
f 230/201/298 239/206/306 235/204/304
f 228/199/296 235/204/304 233/203/303
f 226/198/295 233/203/303 232/202/302
f 224/196/290 1332/195/289 1347/200/297
f 224/196/290 230/201/298 228/199/296
f 229/194/288 228/199/296 226/198/295
f 227/193/287 226/198/295 231/197/294
f 219/191/285 221/190/284 1332/195/289
f 219/191/285 224/196/290 229/194/288
f 217/189/283 229/194/288 227/193/287
f 223/187/281 227/193/287 225/192/286
f 635/21/68 1960/20/69 634/22/384
f 218/186/280 1325/185/279 221/190/284
f 218/186/280 219/191/285 217/189/283
f 216/184/278 217/189/283 223/187/281
f 213/183/277 214/182/276 223/187/281
f 205/181/275 209/180/274 1325/185/279
f 205/181/275 218/186/280 216/184/278
f 204/179/273 215/178/272 216/184/278
f 197/177/268 207/176/267 209/180/274
f 197/177/268 205/181/275 215/178/272
f 200/174/265 195/175/266 215/178/272
f 196/173/260 1301/172/259 207/176/267
f 196/173/260 197/177/268 195/175/266
f 638/40/66 1962/39/67 635/21/68
f 191/171/258 195/175/266 200/174/265
f 192/169/253 194/168/252 1301/172/259
f 192/169/253 196/173/260 191/171/258
f 190/167/251 191/171/258 189/170/257
f 185/164/246 176/163/245 194/168/252
f 185/164/246 192/169/253 190/167/251
f 184/162/244 190/167/251 182/166/250
f 183/160/243 182/166/250 407/165/249
f 169/158/240 171/157/239 176/163/245
f 169/158/240 185/164/246 184/162/244
f 174/156/238 184/162/244 183/160/243
f 166/155/231 173/154/237 183/160/243
f 1968/58/63 638/40/66 639/59/64
f 166/155/231 181/161/231 180/159/242
f 165/151/234 1275/150/233 171/157/239
f 165/151/234 169/158/240 174/156/238
f 168/149/232 174/156/238 173/154/237
f 154/148/231 157/147/230 173/154/237
f 154/148/231 166/155/231 167/153/236
f 153/146/229 167/153/236 172/152/235
f 159/143/226 162/242/385 1275/150/233
f 159/143/226 165/151/234 168/149/232
f 158/141/224 168/149/232 157/147/230
f 155/139/222 156/140/223 157/147/230
f 155/139/222 154/148/231 153/146/229
f 1975/65/61 639/59/64 642/66/62
f 152/138/221 153/146/229 149/145/228
f 148/136/219 149/145/228 151/144/227
f 144/142/225 162/242/385 159/143/226
f 142/135/218 159/143/226 158/141/224
f 141/133/216 158/141/224 156/140/223
f 140/132/215 156/140/223 155/139/222
f 134/130/213 139/131/214 155/139/222
f 138/128/211 134/130/213 152/138/221
f 137/129/212 138/128/211 148/136/219
f 1737/134/217 144/142/225 142/135/218
f 132/125/208 142/135/218 141/133/216
f 133/126/209 141/133/216 140/132/215
f 1977/47/43 642/66/62 640/48/44
f 130/124/207 140/132/215 139/131/214
f 129/122/205 135/123/206 139/131/214
f 128/120/203 129/122/205 134/130/213
f 660/64/60 645/63/59 3372/71/386
f 647/62/58 645/63/59 662/45/42
f 648/60/56 643/61/57 647/62/58
f 661/44/41 649/57/53 648/60/56
f 663/43/40 651/56/52 661/44/41
f 669/42/39 653/55/51 663/43/40
f 657/53/49 655/54/50 669/42/39
f 658/51/47 3326/52/48 657/53/49
f 659/49/45 3355/50/46 658/51/47
f 668/41/38 640/48/44 659/49/45
f 3600/121/204 128/120/203 138/128/211
f 124/127/210 1737/134/217 132/125/208
f 670/46/31 662/45/42 660/64/60
f 672/36/35 662/45/42 671/37/30
f 664/35/34 661/44/41 672/36/35
f 674/34/33 663/43/40 664/35/34
f 666/33/32 669/42/39 674/34/33
f 120/117/200 121/119/202 132/125/208
f 120/117/200 133/126/209 130/124/207
f 675/38/31 671/37/30 670/46/31
f 679/29/29 671/37/30 677/30/30
f 678/28/28 672/36/35 679/29/29
f 673/27/27 664/35/34 678/28/28
f 683/26/26 674/34/33 673/27/27
f 131/116/199 130/124/207 135/123/206
f 118/114/197 119/115/198 135/123/206
f 676/31/31 677/30/30 675/38/31
f 689/23/23 677/30/30 688/32/30
f 690/19/19 679/29/29 689/23/23
f 693/18/18 678/28/28 690/19/19
f 681/17/17 673/27/27 693/18/18
f 117/112/195 118/114/197 129/122/205
f 127/113/196 117/112/195 128/120/203
f 687/24/24 688/32/30 676/31/31
f 687/24/24 689/23/23 688/32/30
f 696/15/15 689/23/23 694/25/25
f 699/14/14 690/19/19 696/15/15
f 692/13/13 693/18/18 699/14/14
f 1734/118/201 124/127/210 121/119/202
f 122/111/194 121/119/202 120/117/200
f 114/110/193 120/117/200 131/116/199
f 703/16/16 694/25/25 687/24/24
f 703/16/16 696/15/15 694/25/25
f 695/11/11 696/15/15 707/12/12
f 698/10/10 699/14/14 695/11/11
f 112/109/192 131/116/199 119/115/198
f 111/107/190 113/108/191 119/115/198
f 116/105/188 111/107/190 118/114/197
f 3594/106/189 116/105/188 117/112/195
f 706/9/9 707/12/12 703/16/16
f 708/6/6 707/12/12 711/8/8
f 710/5/5 695/11/11 708/6/6
f 107/103/186 1734/118/201 122/111/194
f 115/104/187 122/111/194 114/110/193
f 103/102/185 114/110/193 112/109/192
f 101/101/184 112/109/192 113/108/191
f 712/2/2 706/9/9 942/3/3
f 712/2/2 708/6/6 711/8/8
f 715/4/4 708/6/6 713/7/7
f 109/99/182 110/100/183 113/108/191
f 108/97/180 109/99/182 111/107/190
f 3592/98/181 108/97/180 116/105/188
f 726/73/387 722/72/388 942/3/3
f 716/1/1 942/3/3 722/72/388
f 716/1/1 713/7/7 712/2/2
f 1988/74/389 713/7/7 728/75/390
f 104/96/179 1728/95/178 107/103/186
f 104/96/179 115/104/187 103/102/185
f 720/77/391 721/76/392 726/73/387
f 727/78/393 726/73/387 721/76/392
f 727/78/393 716/1/1 722/72/388
f 733/79/394 728/75/390 716/1/1
f 1992/80/395 728/75/390 734/81/396
f 102/94/177 103/102/185 101/101/184
f 729/83/397 730/82/398 720/77/391
f 731/84/392 720/77/391 730/82/398
f 731/84/392 727/78/393 721/76/392
f 732/85/399 733/79/394 727/78/393
f 738/86/400 734/81/396 733/79/394
f 1994/87/401 734/81/396 739/88/402
f 3608/90/403 735/89/404 729/83/397
f 744/91/398 729/83/397 735/89/404
f 736/92/392 730/82/398 744/91/398
f 736/92/392 732/85/399 731/84/392
f 737/93/405 738/86/400 732/85/399
f 747/94/406 739/88/402 738/86/400
f 1996/95/407 739/88/402 746/96/408
f 743/97/409 3608/90/403 740/98/410
f 745/99/411 735/89/404 743/97/409
f 748/100/412 744/91/398 745/99/411
f 748/100/412 737/93/405 736/92/392
f 750/101/413 747/94/406 737/93/405
f 751/102/414 746/96/408 747/94/406
f 2000/103/415 746/96/408 755/104/416
f 756/105/417 740/98/410 3613/106/418
f 757/107/419 743/97/409 756/105/417
f 749/108/420 745/99/411 757/107/419
f 749/108/420 750/101/413 748/100/412
f 759/109/421 751/102/414 750/101/413
f 761/110/422 755/104/416 751/102/414
f 760/111/423 2000/103/415 755/104/416
f 762/112/424 3613/106/418 763/113/425
f 767/114/426 756/105/417 762/112/424
f 758/115/427 757/107/419 767/114/426
f 758/115/427 759/109/421 749/108/420
f 770/116/428 761/110/422 759/109/421
f 772/117/429 760/111/423 761/110/422
f 773/119/430 754/118/431 760/111/423
f 766/120/432 763/113/425 3615/121/433
f 777/122/434 762/112/424 766/120/432
f 768/123/435 767/114/426 777/122/434
f 768/123/435 770/116/428 758/115/427
f 769/124/436 772/117/429 770/116/428
f 780/125/437 772/117/429 771/126/438
f 780/125/437 775/127/439 773/119/430
f 776/128/440 3615/121/433 784/129/441
f 786/130/442 766/120/432 776/128/440
f 788/131/443 777/122/434 786/130/442
f 788/131/443 769/124/436 768/123/435
f 789/132/444 771/126/438 769/124/436
f 778/133/445 780/125/437 771/126/438
f 779/135/446 2006/134/447 780/125/437
f 792/136/448 784/129/441 781/137/449
f 787/138/450 776/128/440 792/136/448
f 795/139/451 786/130/442 787/138/450
f 795/139/451 789/132/444 788/131/443
f 794/140/452 778/133/445 789/132/444
f 797/141/453 779/135/446 778/133/445
f 799/143/454 791/142/455 779/135/446
f 3625/144/456 792/136/448 781/137/449
f 800/145/457 787/138/450 792/136/448
f 802/146/458 795/139/451 787/138/450
f 803/147/459 795/139/451 793/148/460
f 803/147/459 797/141/453 794/140/452
f 796/149/461 799/143/454 797/141/453
f 1286/150/462 799/143/454 798/151/463
f 811/152/464 800/145/457 3625/144/456
f 811/152/464 802/146/458 800/145/457
f 801/153/465 793/148/460 802/146/458
f 814/154/466 793/148/460 812/155/460
f 814/154/466 796/149/461 803/147/459
f 804/156/467 798/151/463 796/149/461
f 806/157/468 798/151/463 815/158/469
f 100/93/176 101/101/184 110/100/183
f 810/159/470 801/153/465 811/152/464
f 810/159/470 812/155/460 801/153/465
f 813/160/471 812/155/460 817/161/460
f 813/160/471 804/156/467 814/154/466
f 820/162/472 815/158/469 804/156/467
f 822/163/473 815/158/469 816/164/474
f 94/91/168 98/92/161 110/100/183
f 95/89/174 94/91/168 109/99/182
f 1068/165/475 817/161/460 810/159/470
f 1068/165/475 813/160/471 817/161/460
f 818/166/476 820/162/472 813/160/471
f 819/167/477 816/164/474 820/162/472
f 826/168/478 816/164/474 827/169/479
f 93/90/175 95/89/174 108/97/180
f 99/88/173 1726/87/172 1728/95/178
f 99/88/173 104/96/179 102/94/177
f 831/170/480 818/166/476 1068/165/475
f 831/170/480 819/167/477 818/166/476
f 823/171/481 827/169/479 819/167/477
f 1314/172/482 827/169/479 824/173/483
f 90/86/171 102/94/177 100/93/176
f 89/85/170 100/93/176 98/92/161
f 96/82/168 97/84/161 98/92/161
f 87/83/169 96/82/168 94/91/168
f 834/174/484 823/171/481 831/170/480
f 842/175/485 824/173/483 823/171/481
f 837/176/486 824/173/483 835/177/487
f 91/81/166 86/80/165 1726/87/172
f 91/81/166 99/88/173 90/86/171
f 83/79/164 90/86/171 89/85/170
f 88/78/163 89/85/170 97/84/161
f 846/178/488 834/174/484 841/179/489
f 846/178/488 835/177/487 842/175/485
f 848/180/490 835/177/487 843/181/491
f 81/77/162 82/76/161 97/84/161
f 84/75/158 1722/74/157 86/80/165
f 84/75/158 91/81/166 83/79/164
f 852/183/492 844/182/493 841/179/489
f 855/184/494 841/179/489 844/182/493
f 855/184/494 843/181/491 846/178/488
f 859/185/495 843/181/491 845/186/496
f 76/1/156 83/79/164 88/78/163
f 74/73/155 75/72/154 88/78/163
f 70/7/150 1716/4/149 1722/74/157
f 854/187/497 852/183/492 853/188/498
f 854/187/497 855/184/494 844/182/493
f 856/189/499 845/186/496 855/184/494
f 867/190/500 845/186/496 857/191/501
f 70/7/150 84/75/158 76/1/156
f 68/3/148 77/2/147 76/1/156
f 64/6/143 1718/5/145 1716/4/149
f 860/192/502 854/187/497 853/188/498
f 861/193/503 856/189/499 854/187/497
f 862/194/504 857/191/501 856/189/499
f 865/195/505 857/191/501 863/196/506
f 64/6/143 70/7/150 77/2/147
f 60/9/142 69/8/144 77/2/147
f 61/11/139 63/10/141 1718/5/145
f 868/197/507 861/193/503 860/192/502
f 872/198/508 862/194/504 861/193/503
f 869/199/509 863/196/506 862/194/504
f 1344/200/510 863/196/506 870/201/511
f 52/12/140 61/11/139 64/6/143
f 52/12/140 69/8/144 60/9/142
f 57/14/135 1712/13/136 63/10/141
f 871/202/512 872/198/508 868/197/507
f 874/203/513 869/199/509 872/198/508
f 873/204/514 870/201/511 869/199/509
f 1353/205/515 870/201/511 879/206/516
f 51/15/133 57/14/135 61/11/139
f 51/15/133 52/12/140 56/16/138
f 40/18/128 1709/17/129 1712/13/136
f 881/207/517 874/203/513 871/202/512
f 875/208/518 873/204/514 874/203/513
f 876/209/519 879/206/516 873/204/514
f 878/210/520 1353/205/515 879/206/516
f 45/19/127 40/18/128 57/14/135
f 44/23/126 45/19/127 51/15/133
f 44/23/126 46/25/134 50/24/132
f 41/27/121 1705/26/122 1709/17/129
f 39/28/120 41/27/121 40/18/128
f 38/29/119 39/28/120 45/19/127
f 880/211/521 875/208/518 881/207/517
f 3109/213/522 882/212/523 3128/214/524
f 884/215/525 876/209/519 875/208/518
f 3139/217/526 885/216/527 3119/218/528
f 885/216/527 878/210/520 876/209/519
f 886/220/529 887/219/530 885/216/527
f 34/30/113 38/29/119 44/23/126
f 34/30/113 43/32/113 42/31/125
f 35/34/115 37/33/116 1705/26/122
f 31/35/114 35/34/115 41/27/121
f 28/36/112 31/35/114 39/28/120
f 893/221/531 3128/214/524 882/212/523
f 3141/222/532 886/220/529 3139/217/526
f 888/224/533 892/223/534 886/220/529
f 29/37/113 28/36/112 38/29/119
f 29/37/113 34/30/113 33/38/111
f 19/42/102 23/41/109 37/33/116
f 32/43/100 19/42/102 35/34/115
f 894/234/535 3126/233/536 893/221/531
f 896/235/537 888/224/533 3141/222/532
f 899/230/538 890/236/539 888/224/533
f 30/44/98 32/43/100 31/35/114
f 26/45/94 30/44/98 28/36/112
f 26/45/94 29/37/113 27/46/111
f 11/48/87 14/47/86 23/41/109
f 3330/50/107 11/48/87 24/49/108
f 3304/52/105 3330/50/107 20/51/106
f 3302/54/103 3304/52/105 21/53/104
f 900/241/540 3145/240/541 902/239/542
f 901/239/543 3155/237/544 894/234/535
f 915/228/545 903/231/546 3145/240/541
f 906/232/547 899/230/538 896/235/537
f 17/55/101 3302/54/103 19/42/102
f 3273/56/99 17/55/101 32/43/100
f 3233/57/97 3273/56/99 30/44/98
f 3231/61/95 3233/57/97 16/60/96
f 3208/63/90 3231/61/95 15/62/93
f 3208/63/90 26/45/94 25/64/91
f 10/66/73 1699/65/72 14/47/86
f 913/229/548 915/228/545 900/241/540
f 914/227/549 909/225/550 915/228/545
f 9/59/55 7/58/54 1699/65/72
f 6/40/37 1696/67/551 7/58/54
s 0
f 919/69/552 926/69/552 974/69/552
f 923/69/553 932/69/553 928/69/553
f 719/69/554 937/69/554 933/69/554
f 725/69/555 947/69/555 938/69/555
f 941/69/556 988/69/556 946/69/556
f 701/69/557 985/69/557 704/69/557
f 685/69/558 950/69/558 700/69/558
f 959/69/559 955/69/559 684/69/559
f 962/69/560 994/69/560 958/69/560
s 1
f 965/69/561 971/69/561 961/69/561
s 0
f 973/68/314 1006/68/314 975/68/314
f 925/68/309 977/68/309 1007/68/309
f 930/68/308 980/68/308 978/68/308
f 943/68/307 981/68/307 935/68/307
f 983/68/301 1013/68/301 944/68/301
f 949/68/300 990/68/300 984/68/300
f 954/68/299 1018/68/299 948/68/299
f 993/68/293 1000/68/293 953/68/293
f 969/68/292 997/68/292 992/68/292
f 966/68/291 1029/68/291 968/68/291
f 1003/68/562 1008/68/562 976/68/562
f 1010/68/77 1009/68/77 1005/68/77
f 1011/68/77 979/68/77 1010/68/77
f 1015/68/77 982/68/77 1011/68/77
f 1016/68/77 1014/68/77 1015/68/77
f 1016/68/77 1020/68/77 991/68/77
f 1017/68/77 1002/68/77 1020/68/77
f 1021/68/77 999/68/77 1002/68/77
f 1022/68/77 1031/68/77 999/68/77
f 1024/68/77 1028/68/77 1031/68/77
f 1032/69/563 1085/69/563 1082/69/563
f 1036/69/564 1048/69/564 1087/69/564
f 1039/69/565 1043/69/565 1049/69/565
f 851/69/566 1054/69/566 1044/69/566
f 840/69/567 1104/69/567 1053/69/567
f 828/69/568 1103/69/568 833/69/568
f 1066/69/569 1062/69/569 829/69/569
f 808/69/570 1057/69/570 1065/69/570
f 1070/69/571 1114/69/571 807/69/571
f 1078/69/572 1075/69/572 1069/69/572
f 1081/68/248 1088/68/248 1092/68/248
f 1084/68/247 1094/68/247 1089/68/247
f 1046/68/241 1097/68/241 1095/68/241
f 1050/68/167 1098/68/167 1041/68/167
f 1051/68/160 1130/68/160 1126/68/160
f 1101/68/159 1110/68/159 1131/68/159
f 1060/68/153 1107/68/153 1109/68/153
f 1113/68/152 1106/68/152 1055/68/152
f 1073/68/151 1136/68/151 1112/68/151
f 1079/68/146 1141/68/146 1072/68/146
f 1120/68/562 1090/68/562 1093/68/562
f 1123/68/77 1091/68/77 1122/68/77
f 1124/68/77 1096/68/77 1123/68/77
f 1128/68/77 1099/68/77 1124/68/77
f 1129/68/77 1127/68/77 1128/68/77
f 1129/68/77 1111/68/77 1132/68/77
f 1133/68/77 1108/68/77 1111/68/77
f 1134/68/77 1138/68/77 1108/68/77
f 1135/68/77 1143/68/77 1138/68/77
f 1140/68/77 1119/68/77 1143/68/77
f 1145/70/573 1148/70/573 1150/70/573
f 1157/70/574 1152/70/574 1161/70/574
f 1155/70/575 1160/70/575 1162/70/575
f 1164/70/576 1167/70/576 1168/70/576
f 1169/70/577 1171/70/577 1172/70/577
f 1175/70/578 1178/70/578 1173/70/578
f 1180/70/579 1174/70/579 1182/70/579
f 1187/70/579 1182/70/579 1189/70/579
f 1185/70/579 1189/70/579 1194/70/579
f 1198/70/580 1193/70/580 1192/70/580
f 1203/70/581 1191/70/581 1196/70/581
f 1201/70/581 1196/70/581 1199/70/581
f 1205/70/582 1208/70/582 1204/70/582
f 1212/70/583 1215/70/583 1210/70/583
f 1224/70/584 1218/70/584 1227/70/584
f 1220/70/585 1225/70/585 1233/70/585
f 1229/70/586 1231/70/586 1228/70/586
f 1250/69/79 1253/69/79 1247/69/79
f 1241/69/78 1256/69/78 1238/69/78
f 1257/69/77 1254/69/77 1239/69/77
f 1251/69/76 1242/69/76 1236/69/76
f 1234/69/75 1237/69/75 1252/69/75
f 1243/69/74 1246/69/74 1255/69/74
f 1259/68/71 1261/68/71 1258/68/71
f 1262/68/70 1264/68/70 1265/68/70
s 1
f 1267/68/71 1269/68/71 1266/68/71
f 1270/68/70 1272/68/70 1273/68/70
f 1276/243/587 1274/244/588 161/245/589
f 1276/243/587 1278/246/590 1279/247/591
f 1277/248/592 1282/249/593 1278/246/590
f 1280/250/594 1282/249/593 2197/251/595
f 1281/252/596 1283/253/597 1280/250/594
f 1281/252/596 1285/254/598 1284/255/599
f 1279/247/591 170/256/600 1274/244/588
f 1279/247/591 1289/257/601 1287/258/602
f 1278/246/590 1291/259/603 1289/257/601
f 1283/253/597 1291/259/603 1282/249/593
f 1284/255/599 1292/260/604 1283/253/597
f 1284/255/599 805/261/605 1293/262/606
f 1287/258/602 175/263/607 170/256/600
f 1287/258/602 1290/264/608 1288/265/609
f 1289/257/601 1294/266/610 1290/264/608
f 1292/260/604 1294/266/610 1291/259/603
f 1293/262/606 1297/267/611 1292/260/604
f 1293/262/606 821/268/612 1299/269/613
f 1288/265/609 193/270/614 175/263/607
f 1288/265/609 1296/271/615 1302/272/616
f 1290/264/608 1295/273/603 1296/271/615
f 1297/267/611 1295/273/603 1294/266/610
f 1299/269/613 1298/274/617 1297/267/611
f 1299/269/613 825/275/618 1304/276/619
f 1302/272/616 1300/277/620 193/270/614
f 1302/272/616 1303/278/621 1306/279/622
f 1296/271/615 1310/280/623 1303/278/621
f 1298/274/617 1310/280/623 1295/273/603
f 1304/276/619 1311/281/624 1298/274/617
f 1304/276/619 1313/282/625 1305/283/626
f 1306/279/622 206/284/627 1300/277/620
f 1306/279/622 1309/285/628 1307/286/629
f 1303/278/621 1308/287/630 1309/285/628
f 1311/281/624 1308/287/630 1310/280/623
f 1305/283/626 1312/288/631 1311/281/624
f 1305/283/626 836/289/632 1315/290/633
f 206/284/627 1316/291/634 208/292/635
f 1307/286/629 1317/293/636 1316/291/634
f 1309/285/628 1319/294/637 1317/293/636
f 1312/288/631 1319/294/637 1308/287/630
f 1315/290/633 1321/295/638 1312/288/631
f 836/289/632 1323/296/639 1315/290/633
f 208/292/635 1326/297/640 1324/298/641
f 1316/291/634 1318/299/642 1326/297/640
f 1317/293/636 1320/300/637 1318/299/642
f 1321/295/638 1320/300/637 1319/294/637
f 1323/296/639 1322/301/643 1321/295/638
f 847/302/644 1329/303/645 1323/296/639
f 1324/298/641 1328/304/646 220/305/647
f 1326/297/640 1327/306/648 1328/304/646
f 1318/299/642 1333/307/637 1327/306/648
f 1322/301/643 1333/307/637 1320/300/637
f 1329/303/645 1335/308/649 1322/301/643
f 858/309/650 1330/310/651 1329/303/645
f 220/305/647 1337/311/652 1331/312/653
f 1328/304/646 1338/313/654 1337/311/652
f 1327/306/648 1341/314/637 1338/313/654
f 1335/308/649 1341/314/637 1333/307/637
f 1330/310/651 1334/315/655 1335/308/649
f 866/316/656 1336/317/657 1330/310/651
f 1331/312/653 1339/318/658 1346/319/659
f 1337/311/652 1349/320/660 1339/318/658
f 1338/313/654 1340/321/661 1349/320/660
f 1334/315/655 1340/321/661 1341/314/637
f 1336/317/657 1342/322/662 1334/315/655
f 864/323/663 1345/324/664 1336/317/657
f 1346/319/659 1348/325/665 240/326/666
f 1339/318/658 1350/327/667 1348/325/665
f 1349/320/660 1351/328/668 1350/327/667
f 1342/322/662 1351/328/668 1340/321/661
f 1345/324/664 1355/329/669 1342/322/662
f 1343/330/670 1356/331/671 1345/324/664
f 240/326/666 1359/332/672 236/333/673
f 1348/325/665 1361/334/674 1359/332/672
f 1350/327/667 1362/335/675 1361/334/674
f 1355/329/669 1362/335/675 1351/328/668
f 1356/331/671 1354/336/676 1355/329/669
f 1352/337/677 1357/338/678 1356/331/671
f 1359/332/672 258/339/679 237/333/680
f 1359/332/672 1360/340/681 1358/341/682
f 1361/334/674 1365/342/683 1360/340/681
f 1354/336/676 1365/342/683 1362/335/675
f 1357/338/678 1363/343/684 1354/336/676
f 1357/338/678 891/344/685 1367/345/686
f 1358/341/682 261/346/687 258/339/679
f 1360/340/681 1364/347/688 1370/348/689
f 1363/343/684 1364/347/688 1365/342/683
f 1367/345/686 889/349/690 1373/350/691
f 1368/351/692 270/352/693 261/346/687
f 1370/348/689 1379/353/694 1371/354/695
f 1366/355/696 1379/353/694 1364/347/688
f 1373/350/691 897/356/697 1374/357/698
f 270/352/693 1377/358/699 273/359/700
f 1371/354/695 1382/360/701 1378/361/702
f 1372/362/703 1382/360/701 1379/353/694
f 897/356/697 1385/363/704 1374/357/698
f 1375/358/705 278/364/706 274/359/707
f 1378/361/702 2538/365/708 1381/366/709
f 1383/367/710 2538/365/708 1382/360/701
f 1386/363/711 917/368/712 1387/369/713
s 0
f 1388/70/714 1394/70/714 1396/70/714
f 1397/70/715 1391/70/715 1389/70/715
f 1406/70/716 1404/70/716 1399/70/716
f 1418/70/717 1401/70/717 1408/70/717
f 1409/70/718 1415/70/718 1419/70/718
f 1421/70/719 1412/70/719 1410/70/719
f 1432/70/720 1425/70/720 1422/70/720
f 1438/70/721 1428/70/721 1430/70/721
f 1434/70/722 1436/70/722 1437/70/722
f 1444/70/723 1442/70/723 1433/70/723
f 1450/70/724 1440/70/724 1443/70/724
f 1457/70/725 1445/70/725 1448/70/725
f 1451/70/726 1454/70/726 1458/70/726
f 1461/70/727 1465/70/727 1453/70/727
f 1467/70/728 1469/70/728 1466/70/728
f 1472/70/729 1478/70/729 1470/70/729
f 1476/70/730 1481/70/730 1480/70/730
f 1485/70/731 1487/70/731 1483/70/731
f 1490/70/732 1493/70/732 1488/70/732
f 1496/70/733 1499/70/733 1494/70/733
f 1503/70/734 1510/70/734 1500/70/734
f 1506/70/735 1514/70/735 1508/70/735
f 1512/70/736 1518/70/736 1513/70/736
f 1516/70/737 1522/70/737 1517/70/737
f 1520/70/738 1528/70/738 1521/70/738
f 1523/70/739 1532/70/739 1526/70/739
f 1529/70/740 1538/70/740 1533/70/740
f 1537/70/741 1543/70/741 1540/70/741
s 1
f 1561/370/742 164/370/743 1580/370/744
f 1561/370/742 1545/370/745 2191/370/746
f 1563/370/747 1550/370/748 1545/370/745
f 1565/370/749 2132/370/750 1550/370/748
f 1546/370/751 2129/370/750 2132/370/750
f 1569/370/752 1552/370/750 2129/370/750
f 1575/370/753 1552/370/750 1573/370/754
f 1575/370/753 1559/370/755 1627/370/756
f 1553/370/757 1560/370/758 1559/370/755
f 1580/370/744 1560/370/758 1555/370/759
f 1587/68/760 1581/68/761 1590/68/762
f 1587/68/760 1564/68/747 1562/68/742
f 1592/68/763 1566/68/764 1564/68/747
f 1601/68/765 1547/68/751 1566/68/764
f 1568/68/766 1570/68/752 1547/68/751
f 1572/68/767 1570/68/752 1607/68/768
f 1610/68/769 1574/68/754 1572/68/767
f 1579/68/770 1576/68/753 1610/68/769
f 1579/68/770 1556/68/759 1554/68/757
f 1590/68/762 1556/68/759 1620/68/771
s 0
f 1582/69/772 1586/69/772 1588/69/772
s 1
f 1591/69/773 1593/69/774 1585/69/774
f 1600/69/775 1598/69/776 1591/69/773
f 1567/69/777 1596/69/778 1600/69/775
f 1606/69/779 1604/69/780 1567/69/777
f 1606/69/779 1614/69/781 1602/69/782
f 1571/69/783 1612/69/784 1614/69/781
s 0
f 1608/69/785 1616/69/785 1611/69/785
s 1
f 1617/69/786 1619/69/787 1578/69/786
f 1622/69/788 1589/69/789 1619/69/787
f 1621/371/790 1595/371/791 1584/371/792
f 1621/371/790 1599/371/793 1595/371/791
f 1621/371/790 1597/371/794 1599/371/793
f 1621/371/790 1605/371/795 1597/371/794
f 1621/371/790 1603/371/796 1605/371/795
f 1621/371/790 1615/371/797 1603/371/796
f 1621/371/790 1613/371/798 1615/371/797
f 1621/371/790 1618/371/799 1613/371/798
f 1621/371/790 1623/371/800 1618/371/799
f 1621/371/790 1584/371/792 1623/371/800
f 1624/370/801 1559/370/755 1653/370/802
f 1624/370/801 2099/370/803 1627/370/756
f 1644/370/804 2099/370/803 1628/370/805
f 1633/370/806 1632/370/807 1644/370/804
f 1635/370/808 1638/370/809 1633/370/806
f 1648/370/810 3166/370/811 1635/370/808
f 1648/370/810 1642/370/812 1639/370/813
f 1646/370/814 1559/370/755 1643/370/815
f 1657/68/816 1654/68/802 1652/68/817
f 1657/68/816 1629/68/818 1625/68/801
f 1659/68/819 1645/68/804 1629/68/818
f 1663/68/820 1634/68/806 1645/68/804
f 1671/68/821 1634/68/806 1665/68/822
f 1674/68/823 1636/68/808 1671/68/821
f 1674/68/823 1647/68/814 1649/68/810
f 1681/68/824 1654/68/802 1647/68/814
s 0
f 1685/69/825 1655/69/825 1650/69/825
s 1
f 1658/69/826 1683/69/827 1656/69/827
f 1658/69/826 1688/69/828 1660/69/829
f 1662/69/830 1668/69/831 1688/69/828
f 1664/69/832 1666/69/833 1668/69/831
f 1670/69/834 1675/69/835 1666/69/833
f 1678/69/836 1673/69/837 1676/69/837
f 1686/69/838 1680/69/839 1678/69/836
f 1690/371/840 1684/371/841 1687/371/842
f 1690/371/840 1661/371/843 1684/371/841
f 1690/371/840 1689/371/844 1661/371/843
f 1690/371/840 1669/371/845 1689/371/844
f 1690/371/840 1667/371/846 1669/371/845
f 1690/371/840 1677/371/847 1667/371/846
f 1690/371/840 1679/371/848 1677/371/847
f 1690/371/840 1687/371/842 1679/371/848
f 3168/370/849 1692/370/850 1694/370/851
f 1695/370/852 1697/370/853 1692/370/850
f 1641/370/854 1697/370/853 1640/370/855
f 1700/370/856 8/370/54 1641/370/854
f 1701/370/857 1698/370/858 1700/370/856
f 1702/370/859 13/370/86 1701/370/857
f 1703/370/860 22/370/861 1702/370/859
f 1706/370/860 36/370/116 1703/370/860
f 1707/370/860 1704/370/862 1706/370/860
f 1710/370/860 1708/370/863 1707/370/860
f 1713/370/860 1711/370/136 1710/370/860
f 1714/370/860 62/370/864 1713/370/860
f 1719/370/860 1717/370/145 1714/370/860
f 1720/370/860 1715/370/865 1719/370/860
f 1723/370/860 1721/370/866 1720/370/860
f 1724/370/860 85/370/867 1723/370/860
f 1729/370/860 1725/370/172 1724/370/860
f 1729/370/860 106/370/186 1727/370/868
f 1732/370/869 1730/370/870 105/370/871
f 1557/370/872 123/370/210 1733/370/201
f 1735/370/873 1736/370/217 123/370/210
f 1738/370/874 143/370/875 1736/370/217
f 1739/370/876 163/370/877 143/370/875
s 0
f 1742/69/878 1745/69/878 1740/69/878
f 1747/69/79 1750/69/79 1759/69/79
f 1765/69/78 1756/69/78 1753/69/78
f 1757/69/77 1751/69/77 1754/69/77
f 1748/69/76 1766/69/76 1763/69/76
f 1761/69/75 1752/69/75 1749/69/75
f 1767/69/74 1758/69/74 1755/69/74
f 1770/69/879 1774/69/879 1810/69/879
f 1783/69/79 1780/69/79 1771/69/79
f 1786/69/880 1776/69/880 1782/69/880
f 1789/69/881 1794/69/881 1785/69/881
f 1797/69/882 1791/69/882 1788/69/882
f 1801/69/883 1813/69/883 1798/69/883
s 1
f 1803/69/884 1815/69/884 1800/69/884
s 0
f 1809/69/885 1807/69/885 1804/69/885
f 1808/69/76 1793/69/76 1817/69/76
f 1784/69/77 1772/69/77 1811/69/77
f 1819/372/75 1821/372/75 1818/372/75
s 1
f 2013/370/886 1824/370/887 1822/370/888
f 2171/370/889 1824/370/887 2202/370/890
f 2155/370/891 1826/370/892 2171/370/889
f 2144/370/893 1843/370/894 2155/370/891
f 1829/370/893 1845/370/895 2144/370/893
f 2121/370/893 1847/370/896 1829/370/893
f 2121/370/893 1832/370/897 1830/370/898
f 1836/370/899 1832/370/897 2113/370/900
f 1839/370/901 1837/370/902 1836/370/899
f 1839/370/901 1822/370/888 1861/370/903
f 1823/68/904 1842/68/905 1865/68/906
f 1827/68/892 1842/68/905 1825/68/887
f 1844/68/894 1872/68/907 1827/68/892
f 1846/68/895 1878/68/908 1844/68/894
f 1848/68/896 1876/68/909 1846/68/895
f 1848/68/896 1850/68/910 1852/68/911
f 1831/68/898 1858/68/912 1850/68/910
f 1833/68/897 1855/68/913 1858/68/912
f 1862/68/903 1855/68/913 1838/68/902
f 1862/68/903 1865/68/906 1860/68/914
s 0
f 1841/69/772 1882/69/772 1863/69/772
s 1
f 1866/69/774 1871/69/773 1840/69/774
f 1869/69/776 1877/69/775 1871/69/773
f 1873/69/778 1875/69/777 1877/69/775
f 1885/69/780 1851/69/779 1875/69/777
f 1889/69/781 1851/69/779 1887/69/782
f 1892/69/784 1849/69/783 1889/69/781
s 0
f 1879/69/785 1856/69/785 1891/69/785
s 1
f 1859/69/787 1880/69/786 1854/69/786
f 1864/69/789 1894/69/788 1859/69/787
f 1884/371/915 1868/371/916 1896/371/917
f 1868/371/916 1870/371/918 1896/371/917
f 1870/371/918 1874/371/919 1896/371/917
f 1874/371/919 1886/371/920 1896/371/917
f 1886/371/920 1888/371/921 1896/371/917
f 1888/371/921 1890/371/922 1896/371/917
f 1890/371/922 1893/371/923 1896/371/917
f 1893/371/923 1881/371/924 1896/371/917
f 1881/371/924 1895/371/925 1896/371/917
f 1895/371/925 1884/371/915 1896/371/917
f 1836/370/899 1899/370/926 1913/370/927
f 2109/370/928 1899/370/926 2113/370/900
f 2109/370/928 1918/370/929 1897/370/930
f 1903/370/931 1906/370/932 1918/370/929
f 1905/370/933 1911/370/934 1906/370/932
f 1910/370/935 1922/370/936 1911/370/934
f 1972/370/937 1922/370/936 1965/370/938
f 1836/370/899 1927/370/939 1972/370/937
f 1914/68/927 1917/68/940 1931/68/941
f 1898/68/942 1917/68/940 1900/68/926
f 1919/68/929 1938/68/943 1898/68/942
f 1907/68/932 1944/68/944 1919/68/929
f 1907/68/932 1921/68/945 1942/68/946
f 1912/68/934 1926/68/947 1921/68/945
f 1928/68/939 1926/68/947 1923/68/936
f 1914/68/927 1953/68/948 1928/68/939
s 0
f 1915/69/825 1932/69/825 1929/69/825
s 1
f 1955/69/827 1937/69/826 1916/69/827
f 1939/69/828 1937/69/826 1935/69/829
f 1945/69/831 1943/69/830 1939/69/828
f 1947/69/833 1941/69/832 1945/69/831
f 1949/69/835 1920/69/834 1947/69/833
f 1925/69/837 1958/69/836 1950/69/837
f 1952/69/839 1933/69/838 1958/69/836
f 1934/371/949 1956/371/950 1957/371/951
f 1956/371/950 1936/371/952 1957/371/951
f 1936/371/952 1940/371/953 1957/371/951
f 1940/371/953 1946/371/954 1957/371/951
f 1946/371/954 1948/371/955 1957/371/951
f 1948/371/955 1951/371/956 1957/371/951
f 1951/371/956 1959/371/957 1957/371/951
f 1959/371/957 1934/371/949 1957/371/951
f 1963/370/958 3170/370/959 1961/370/960
f 637/370/961 1964/370/962 1963/370/958
f 637/370/961 1970/370/963 1966/370/964
f 1969/370/63 1973/370/965 1971/370/966
f 1974/370/61 1979/370/967 1973/370/965
f 1976/370/43 1978/370/968 1979/370/967
f 667/370/969 1980/370/970 1978/370/968
f 665/370/32 1981/370/970 1980/370/970
f 682/370/971 1983/370/970 1981/370/970
f 680/370/972 1982/370/970 1983/370/970
f 691/370/13 1984/370/970 1982/370/970
f 697/370/973 1985/370/970 1984/370/970
f 709/370/5 1986/370/970 1985/370/970
f 714/370/974 1990/370/970 1986/370/970
f 1987/370/975 1989/370/970 1990/370/970
f 1991/370/976 1997/370/970 1989/370/970
f 1993/370/401 2003/370/970 1997/370/970
f 1995/370/407 2002/370/977 2003/370/970
f 2001/370/978 752/370/979 1998/370/980
f 753/370/431 2004/370/981 1834/370/982
f 2005/370/447 2004/370/981 774/370/439
f 790/370/983 2008/370/984 2005/370/447
f 790/370/983 2012/370/985 2007/370/986
s 0
f 2015/69/987 2018/69/987 2019/69/987
f 2036/69/79 2033/69/79 2042/69/79
f 2024/69/78 2030/69/78 2027/69/78
f 2031/69/77 2034/69/77 2028/69/77
f 2037/69/76 2025/69/76 2022/69/76
f 2020/69/75 2026/69/75 2032/69/75
f 2038/69/74 2041/69/74 2029/69/74
f 2086/69/879 2048/69/879 2075/69/879
f 2054/69/79 2045/69/79 2087/69/79
f 2084/69/880 2050/69/880 2053/69/880
f 2081/69/881 2056/69/881 2083/69/881
f 2062/69/882 2059/69/882 2080/69/882
f 2066/69/883 2072/69/883 2063/69/883
f 2077/69/884 2068/69/884 2065/69/884
f 2074/69/885 2090/69/885 2078/69/885
f 2055/69/77 2088/69/77 2076/69/77
f 2091/69/76 2061/69/76 2070/69/76
f 2093/372/75 2095/372/75 2092/372/75
s 1
f 2096/370/988 2098/370/989 1630/370/990
f 2100/370/991 2110/370/992 2096/370/988
f 2207/370/993 2102/370/994 2100/370/991
f 2207/370/993 2103/370/995 2104/370/996
f 2105/370/997 2107/370/998 2103/370/995
f 2209/370/999 2108/370/1000 2107/370/998
f 2098/370/989 2114/370/1001 1626/370/1002
f 2110/370/992 2115/370/1003 2114/370/1001
f 2102/370/994 2116/370/1004 2115/370/1003
f 2103/370/995 2116/370/1004 2104/370/996
f 2107/370/998 2111/370/1005 2103/370/995
f 2108/370/1000 2119/370/1006 2107/370/998
f 2114/370/1001 1551/370/1007 1626/370/1002
f 2115/370/1003 2122/370/1008 2114/370/1001
f 2116/370/1004 2123/370/1009 2115/370/1003
f 2116/370/1004 2117/370/1010 2118/370/1011
f 2111/370/1005 2126/370/1012 2117/370/1010
f 2119/370/1006 2120/370/1013 2126/370/1012
f 1551/370/1007 2133/370/1014 2128/370/1015
f 2122/370/1008 2124/370/1016 2133/370/1014
f 2123/370/1009 2135/370/1017 2124/370/1016
f 2117/370/1010 2135/370/1017 2118/370/1011
f 2126/370/1012 2125/370/1018 2117/370/1010
f 2120/370/1013 2127/370/1019 2126/370/1012
f 2128/370/1015 2130/370/1020 2131/370/1021
f 2133/370/1014 2134/370/1022 2130/370/1020
f 2124/370/1016 2142/370/1023 2134/370/1022
f 2125/370/1018 2142/370/1023 2135/370/1017
f 2127/370/1019 2136/370/1024 2125/370/1018
f 1828/370/1025 2137/370/1026 2127/370/1019
f 2131/370/1021 2138/370/1027 1548/370/1028
f 2130/370/1020 2140/370/1029 2138/370/1027
f 2134/370/1022 2147/370/1030 2140/370/1029
f 2136/370/1024 2147/370/1030 2142/370/1023
f 2137/370/1026 2149/370/1031 2136/370/1024
f 2143/370/1032 2145/370/1033 2137/370/1026
f 1549/68/1028 2158/68/1034 2156/68/1035
f 2139/68/1027 2160/68/1036 2158/68/1034
f 2141/68/1037 2162/68/1038 2160/68/1036
f 2150/68/1039 2162/68/1038 2148/68/1030
f 2146/68/1033 2152/68/1040 2150/68/1039
f 2154/68/1041 2168/68/1042 2146/68/1033
f 2156/68/1035 2173/68/1043 1544/68/1044
f 2157/371/1034 2163/371/1045 2172/371/1043
f 2159/371/1036 2179/371/1046 2163/371/1045
f 2151/371/1040 2179/371/1046 2161/371/1047
f 2167/371/1042 2166/371/1048 2151/371/1040
f 2169/68/1049 2165/68/1050 2168/68/1042
f 1544/68/1044 2175/68/1051 2176/68/1052
f 2172/371/1043 2178/371/1053 2174/371/1051
f 2163/371/1045 2177/371/1054 2178/371/1053
f 2166/371/1048 2177/371/1054 2179/371/1046
f 2164/371/1050 2182/371/1055 2166/371/1048
f 2170/68/1056 2186/68/1057 2165/68/1050
f 2176/68/1052 2181/68/1058 2190/68/1059
f 2174/371/1051 2192/371/1060 2180/371/1058
f 2178/371/1053 2183/371/1061 2192/371/1060
f 2182/371/1055 2183/371/1061 2177/371/1054
f 2185/371/1057 2187/371/1062 2182/371/1055
f 2189/68/1063 2200/68/1064 2186/68/1057
f 2190/68/1059 2194/68/1065 160/68/1066
f 2181/68/1058 2195/68/1067 2194/68/1065
f 2193/68/1060 2196/68/1068 2195/68/1067
f 2188/68/1062 2196/68/1068 2184/68/1069
f 2200/68/1064 2198/68/1070 2188/68/1062
f 2201/68/1071 2203/68/1072 2200/68/1064
f 2206/68/1073 1631/68/1074 2204/68/1075
f 2215/68/1076 2097/68/988 2206/68/1073
f 2218/68/1077 2101/68/991 2215/68/1076
f 2218/68/1077 2106/68/997 2208/68/1078
f 2221/68/1079 2210/68/999 2106/68/997
f 2212/68/1080 1902/68/1081 2210/68/999
f 2225/68/1082 2204/68/1075 1637/68/1083
f 2216/371/1084 2205/371/1073 2224/371/1082
f 2228/371/1085 2214/371/1076 2216/371/1084
f 2228/371/1085 2220/371/1079 2217/371/1086
f 2219/371/1087 2211/371/1080 2220/371/1079
f 2231/68/1088 2213/68/1089 2212/68/1080
f 2235/68/1090 1637/68/1083 2233/68/1091
f 2222/371/1092 2224/371/1082 2234/371/1093
f 2237/371/1094 2216/371/1084 2222/371/1092
f 2237/371/1094 2219/371/1087 2228/371/1085
f 2226/371/1095 2230/371/1088 2219/371/1087
f 2243/68/1096 1904/68/1097 2231/68/1088
f 2232/68/1098 2233/68/1091 3165/68/1099
f 2236/68/1100 2235/68/1090 2232/68/1098
f 2239/68/1101 2223/68/1092 2236/68/1100
f 2239/68/1101 2227/68/1095 2238/68/1094
f 2240/68/1102 2243/68/1096 2227/68/1095
f 2241/68/1103 2229/68/1104 2243/68/1096
f 2383/370/1105 2251/370/1106 2252/370/1107
f 2304/370/1108 2248/370/1109 2251/370/1106
f 2253/370/1110 2258/370/1111 2272/370/1112
f 2250/370/1113 2266/370/1114 2258/370/1111
f 2274/370/1115 2309/370/1116 2261/370/1117
f 2259/370/1118 2270/370/1119 2309/370/1116
s 0
f 2351/69/1120 2285/69/1120 2257/69/1120
f 2268/69/1121 2265/69/1121 2289/69/1121
f 2353/69/1122 2358/69/1122 2302/69/1122
f 2260/69/1123 2314/69/1123 2306/69/1123
f 2271/69/1124 2312/69/1124 2308/69/1124
f 2305/69/1125 2318/69/1125 2320/69/1125
f 2311/69/1126 2297/69/1126 2317/69/1126
f 2319/370/1127 2335/370/1127 2277/370/1127
f 2315/370/1128 2292/370/1128 2333/370/1128
f 2336/69/1129 2328/69/1129 2278/69/1129
f 2334/69/1130 2286/69/1130 2324/69/1130
f 2322/69/1131 2337/69/1131 2347/69/1131
f 2344/373/1132 2346/374/1132 2343/375/1132
f 2338/69/1133 2280/69/1133 2348/69/1133
f 2380/69/74 2362/69/74 2365/69/74
f 2370/69/77 2364/69/77 2361/69/77
f 2375/69/75 2371/69/75 2369/69/75
f 2376/69/76 2366/69/76 2378/69/76
f 2368/69/1134 2373/69/1134 2379/69/1134
s 1
f 2386/370/1135 2419/370/1136 2415/370/1137
f 2391/370/1138 2395/370/1139 2386/370/1135
f 2394/370/1140 2426/370/1141 2420/370/1142
f 2444/370/1143 2396/370/1144 2394/370/1140
f 2397/370/1145 2398/370/1146 2425/370/1147
f 2404/370/1148 2412/370/1149 2397/370/1145
s 0
f 2437/69/1150 2453/69/1150 2424/69/1150
f 2409/69/1151 2406/69/1151 2500/69/1151
f 2455/69/1152 2390/69/1152 2385/69/1152
f 2399/69/1153 2464/69/1153 2430/69/1153
f 2407/69/1154 2466/69/1154 2413/69/1154
f 2463/69/1155 2474/69/1155 2429/69/1155
f 2460/69/1156 2468/69/1156 2465/69/1156
f 2469/370/1157 2477/370/1157 2475/370/1157
f 2473/370/1158 2482/370/1158 2470/370/1158
f 2481/69/1159 2493/69/1159 2478/69/1159
f 2483/69/1160 2503/69/1160 2488/69/1160
f 2484/69/1131 2438/69/1131 2432/69/1131
f 2505/373/1132 2507/374/1132 2504/375/1132
f 2435/69/1161 2459/69/1161 2451/69/1161
f 2389/69/74 2523/69/74 2414/69/74
f 2513/69/77 2511/69/77 2393/69/77
f 2512/69/75 2514/69/75 2518/69/75
f 2522/69/76 2525/69/76 2517/69/76
f 2509/69/1162 2515/69/1162 2524/69/1162
f 2526/69/74 2527/69/74 2874/69/74
f 277/69/74 2529/69/74 2526/69/74
f 2529/69/74 2531/69/74 2527/69/74
f 2528/69/74 2530/69/74 2529/69/74
f 2530/69/74 2533/69/74 2531/69/74
f 2532/69/74 2535/69/74 2530/69/74
f 2540/69/74 2533/69/74 2535/69/74
f 2539/69/74 2535/69/74 2537/69/74
f 2542/69/74 2536/69/74 2540/69/74
f 2541/69/74 2540/69/74 2539/69/74
f 2543/69/74 2544/69/74 2542/69/74
f 916/69/74 2542/69/74 2541/69/74
f 2546/68/74 2548/68/74 2545/68/74
f 2550/68/74 2552/68/74 2549/68/74
s 1
f 2554/69/1163 2555/69/1164 2557/69/1165
f 2599/69/1166 3539/69/1167 2556/69/1168
f 2559/69/1169 3543/69/1170 2599/69/1166
f 2601/69/1171 2561/69/1172 2558/69/1173
f 2602/69/1174 2564/69/1175 2601/69/1171
f 2565/69/1176 3547/69/1177 2602/69/1174
f 2565/69/1176 2569/69/1178 2571/69/1179
f 2604/69/1180 2579/69/1181 2569/69/1178
f 2577/69/1182 2584/69/1183 2579/69/1181
f 2581/69/1184 2589/69/1185 2585/69/1186
f 2582/69/1187 2593/69/1188 2589/69/1185
f 2595/69/1189 2608/69/1190 2592/69/1191
f 2557/69/1165 2616/69/1192 2598/69/1193
f 2617/69/1194 2599/69/1166 2556/69/1168
f 2619/69/1195 2559/69/1169 2599/69/1166
f 2600/69/1196 2558/69/1173 2621/69/1197
f 2624/69/1198 2601/69/1171 2600/69/1196
f 2626/69/1199 2602/69/1174 2624/69/1198
f 2626/69/1199 2604/69/1180 2565/69/1176
f 2627/69/1200 2577/69/1182 2604/69/1180
f 2603/69/1201 2580/69/1202 2577/69/1182
f 2607/69/1203 2581/69/1184 2606/69/1204
f 2611/69/1205 2582/69/1187 2607/69/1203
f 2596/69/1206 2610/69/1207 2608/69/1190
f 2613/69/1208 2597/69/1209 2636/69/1210
f 2614/69/1211 2619/69/1195 2617/69/1194
f 2618/69/1212 2622/69/1213 2619/69/1195
f 2640/69/1214 2600/69/1196 2621/69/1197
f 2623/69/1215 2600/69/1196 2620/69/1216
f 2625/69/1217 2624/69/1198 2623/69/1215
f 2625/69/1217 2627/69/1200 2626/69/1199
f 2643/69/1218 2603/69/1201 2627/69/1200
f 2649/69/1219 2603/69/1201 2628/69/1220
f 2629/69/1221 2606/69/1204 2649/69/1219
f 2631/69/1222 2607/69/1203 2629/69/1221
f 2630/69/1223 2634/69/1224 2612/69/1225
f 2659/69/1226 2637/69/1227 2657/69/1228
f 2659/69/1226 2618/69/1212 2614/69/1211
f 2638/69/1229 2640/69/1214 2618/69/1212
f 2665/69/1230 2640/69/1214 2667/69/1231
f 2641/69/1232 2620/69/1216 2665/69/1230
f 2642/69/1233 2623/69/1215 2641/69/1232
f 2642/69/1233 2643/69/1218 2625/69/1217
f 2644/69/1234 2628/69/1220 2643/69/1218
f 2646/69/1235 2649/69/1219 2628/69/1220
f 2647/69/1236 2649/69/1219 2672/69/1237
f 2651/69/1238 2629/69/1221 2647/69/1236
f 2651/69/1238 2633/69/1239 2631/69/1222
f 2679/370/1240 2656/370/1228 2654/370/1241
f 2681/370/1242 2658/370/1226 2679/370/1240
f 2662/370/1243 2639/370/1244 2681/370/1242
f 2686/370/1245 2666/370/1246 2660/370/1247
f 2690/370/1248 2671/370/1249 2645/370/1235
f 2697/370/1250 2648/370/1251 2673/370/1252
f 2669/370/1253 2650/370/1238 2648/370/1251
f 2674/370/1254 2652/370/1255 2650/370/1238
f 2677/69/1256 2655/69/1241 2676/69/1257
f 2677/69/1256 2682/69/1242 2680/69/1240
f 2678/69/1258 2663/69/1243 2682/69/1242
f 2683/69/1259 2687/69/1245 2661/69/1247
f 2708/69/1260 2685/69/1261 2687/69/1245
f 2709/69/1262 2689/69/1263 2685/69/1261
f 2710/69/1264 2689/69/1263 2688/69/1265
f 2711/69/1266 2692/69/1267 2710/69/1264
f 2693/69/1268 2691/69/1248 2711/69/1266
f 2699/69/1269 2698/69/1250 2694/69/1270
f 2700/69/1271 2670/69/1253 2699/69/1269
f 2700/69/1271 2703/69/1272 2675/69/1254
f 2705/69/1273 2676/69/1257 2871/69/1274
f 2879/69/1275 2677/69/1256 2705/69/1273
f 2884/69/1276 2678/69/1258 2879/69/1275
f 2883/69/1277 2708/69/1260 2683/69/1259
f 2707/69/1278 2709/69/1262 2708/69/1260
f 2887/69/1279 2688/69/1265 2709/69/1262
f 2895/69/1280 2688/69/1265 2889/69/1281
f 2893/69/1282 2710/69/1264 2895/69/1280
f 2902/69/1283 2711/69/1266 2893/69/1282
f 2903/69/1284 2699/69/1269 2694/69/1270
f 2900/69/1285 2700/69/1271 2699/69/1269
f 2905/69/1286 2701/69/1287 2700/69/1271
f 2716/69/1288 2717/69/1289 3586/69/1290
f 3584/69/1291 2743/69/1292 2716/69/1288
f 2719/69/1293 2720/69/1294 3584/69/1291
f 2722/69/1295 2745/69/1296 2719/69/1293
f 2722/69/1295 2747/69/1297 2723/69/1298
f 3578/69/1299 2729/69/1300 2747/69/1297
f 2726/69/1301 2729/69/1300 3570/69/1302
f 2731/69/1303 2733/69/1304 2726/69/1301
f 2731/69/1303 2750/69/1305 2732/69/1306
f 3569/69/1307 2751/69/1308 2750/69/1305
f 2737/69/1309 2741/69/1310 2751/69/1308
f 3567/69/1311 2740/69/1312 2741/69/1310
f 2743/69/1292 2753/69/1313 2717/69/1289
f 2720/69/1294 2742/69/1314 2743/69/1292
f 2745/69/1296 2756/69/1315 2720/69/1294
f 2745/69/1296 2746/69/1316 2744/69/1317
f 2723/69/1298 2748/69/1318 2746/69/1316
f 2747/69/1297 2759/69/1319 2748/69/1318
f 2733/69/1304 2759/69/1319 2729/69/1300
f 2732/69/1306 2749/69/1320 2733/69/1304
f 2750/69/1305 2762/69/1321 2732/69/1306
f 2750/69/1305 2765/69/1322 2764/69/1323
f 2751/69/1308 2752/69/1324 2765/69/1322
f 2741/69/1310 2766/69/1325 2752/69/1324
f 2742/69/1314 2754/69/1326 2753/69/1313
f 2756/69/1315 2755/69/1327 2742/69/1314
f 2744/69/1317 2757/69/1328 2756/69/1315
f 2746/69/1316 2770/69/1329 2744/69/1317
f 2746/69/1316 2772/69/1330 2758/69/1331
f 2748/69/1318 2760/69/1332 2772/69/1330
f 2749/69/1320 2760/69/1332 2759/69/1319
f 2762/69/1321 2761/69/1333 2749/69/1320
f 2762/69/1321 2779/69/1334 2763/69/1335
f 2764/69/1323 2781/69/1336 2780/69/1337
f 2765/69/1322 2784/69/1338 2781/69/1336
f 2752/69/1324 2767/69/1339 2784/69/1338
f 2754/69/1326 2788/69/1340 2786/69/1341
f 2757/69/1328 2788/69/1340 2755/69/1327
f 2771/69/1342 2769/69/1343 2757/69/1328
f 2758/69/1331 2793/69/1344 2770/69/1329
f 2758/69/1331 2776/69/1345 2797/69/1346
f 2772/69/1330 2774/69/1347 2776/69/1345
f 2761/69/1333 2774/69/1347 2760/69/1332
f 2763/69/1335 2778/69/1348 2761/69/1333
f 2763/69/1335 2804/69/1349 2802/69/1350
f 2780/69/1337 2783/69/1351 2806/69/1352
f 2781/69/1336 2808/69/1353 2783/69/1351
f 2767/69/1339 2808/69/1353 2784/69/1338
f 2785/370/1341 2811/370/1354 2789/370/1355
f 2787/370/1356 2791/370/1357 2811/370/1354
f 2768/370/1343 2790/370/1358 2791/370/1357
f 2792/370/1344 2798/370/1359 2790/370/1358
f 2775/370/1360 2798/370/1359 2796/370/1361
f 2773/370/1362 2814/370/1363 2775/370/1360
f 2773/370/1362 2817/370/1364 2799/370/1365
f 2777/370/1366 2800/370/1367 2817/370/1364
f 2803/370/1368 2800/370/1367 2801/370/1369
f 2782/370/1351 2820/370/1370 2805/370/1352
f 2807/370/1371 2823/370/1372 2782/370/1351
f 2809/370/1373 2824/370/1374 2807/370/1371
f 2789/370/1355 2812/370/1375 2828/370/1376
f 2811/370/1354 2832/370/1377 2812/370/1375
f 2791/370/1357 2838/370/1378 2832/370/1377
f 2790/370/1358 2840/370/1379 2838/370/1378
f 2814/370/1363 2840/370/1379 2798/370/1359
f 2799/370/1365 2845/370/1380 2814/370/1363
f 2799/370/1365 2854/370/1381 2815/370/1382
f 2817/370/1364 2818/370/1383 2854/370/1381
f 2820/370/1370 2818/370/1383 2800/370/1367
f 2823/370/1372 2859/370/1384 2820/370/1370
f 2824/370/1374 2821/370/1385 2823/370/1372
f 2825/370/1386 2826/370/1387 2824/370/1374
f 2829/69/1376 3368/69/1388 2831/69/1389
f 2833/69/1377 3368/69/1388 2813/69/1390
f 2839/69/1378 2836/69/1391 2833/69/1377
f 2841/69/1392 2843/69/1393 2837/69/1394
f 2846/69/1395 2848/69/1396 2841/69/1392
f 2816/69/1397 2853/69/1398 2846/69/1395
f 2816/69/1397 3380/69/1399 2850/69/1397
f 2855/69/1400 2857/69/1401 3380/69/1399
f 2819/69/1402 2862/69/1403 2857/69/1401
f 2860/69/1384 3382/69/1404 2863/69/1405
f 2822/69/1385 2866/69/1406 3382/69/1404
f 2868/69/1407 2866/69/1406 2827/69/1408
s 0
f 2870/69/78 2704/69/78 2869/69/78
f 2704/69/78 2872/69/78 2869/69/78
f 2873/69/79 2882/69/79 2878/69/79
f 2880/69/78 2881/69/78 2875/69/78
f 2885/69/78 2706/69/78 2880/69/78
f 2534/69/78 2886/69/78 2885/69/78
f 2534/69/78 2894/69/78 2890/69/78
f 2888/69/78 2892/69/78 2894/69/78
f 2891/69/78 2901/69/78 2892/69/78
f 911/69/78 2898/69/78 2901/69/78
f 2904/69/78 2896/69/78 2898/69/78
f 2904/69/78 2712/69/78 2906/69/78
f 2911/69/78 2920/69/78 2908/69/78
f 2912/69/77 2919/69/77 2917/69/77
f 2925/69/79 2918/69/79 2914/69/79
f 2909/69/76 2923/69/76 2926/69/76
f 2913/68/74 2907/68/74 2924/68/74
f 2928/69/74 2930/69/74 2927/69/74
f 2932/69/74 2934/69/74 2931/69/74
f 2936/69/74 2938/69/74 2935/69/74
f 2940/69/74 2942/69/74 2939/69/74
f 2944/69/74 2946/69/74 2943/69/74
f 2948/69/74 2950/69/74 2947/69/74
f 2956/370/74 2952/370/74 2951/370/74
f 2954/370/74 2961/370/74 2953/370/74
f 2953/370/74 2958/370/74 2956/370/74
f 2960/370/74 2962/370/74 2959/370/74
f 2971/370/74 2964/370/74 2963/370/74
f 2965/370/74 2967/370/74 2972/370/74
f 2969/370/74 2970/370/74 2968/370/74
f 2972/370/74 2974/370/74 2971/370/74
f 2976/376/74 2978/377/74 2975/378/74
f 2980/376/74 2982/377/74 2979/378/74
f 2986/379/1409 2994/380/1409 3020/381/1409
f 2995/382/1410 3026/383/1410 2989/384/1410
f 3000/382/1411 3037/385/1411 2993/380/1411
f 2990/384/1412 3042/386/1412 2996/382/1412
f 3043/386/1413 3053/387/1413 3035/388/1413
f 3003/389/1414 3009/390/1414 3039/386/1414
f 3008/390/1415 3065/391/1415 3051/387/1415
f 3056/392/1416 3016/393/1416 3005/390/1416
f 3045/69/78 3019/69/78 2991/69/78
f 247/69/74 3018/69/74 244/69/74
f 3021/69/74 2983/69/74 247/69/74
f 3028/69/79 3025/69/79 3022/69/79
f 3047/69/75 3033/69/75 3038/69/75
f 3031/69/78 2991/69/78 3034/69/78
f 255/69/79 2987/69/79 3028/69/79
s 1
f 1691/39/36 1696/67/551 6/40/37
s 0
f 3048/69/78 3034/69/78 3050/69/78
f 267/69/79 3001/69/79 255/69/79
f 3058/69/75 3061/69/75 3014/69/75
f 3067/69/78 3050/69/78 3063/69/78
f 3070/69/79 3054/69/79 267/69/79
f 3069/69/75 3014/69/75 3011/69/75
s 1
f 3132/380/1417 3116/379/1417 3112/381/1417
s 0
f 3122/383/1418 3083/382/1418 3081/384/1418
f 3137/385/1419 3088/382/1419 3131/380/1419
f 3076/386/1420 3082/384/1420 3084/382/1420
f 3092/387/1421 3077/386/1421 3135/388/1421
f 3105/390/1422 3099/389/1422 3073/386/1422
f 3150/391/1423 3104/390/1423 3090/387/1423
f 3158/393/1424 3095/392/1424 3101/390/1424
f 3127/69/79 3111/69/79 3129/69/79
f 883/69/75 3110/69/75 3107/69/75
f 3117/69/75 3113/69/75 883/69/75
f 3138/69/78 3121/69/78 3118/69/78
f 3142/69/74 3133/69/74 3072/69/74
f 3125/69/79 3129/69/79 3134/69/79
f 3140/69/78 3079/69/78 3138/69/78
s 1
f 1693/20/20 1691/39/36 5/21/21
s 0
f 3154/69/79 3134/69/79 3089/69/79
f 895/69/78 3097/69/78 3140/69/78
f 3143/69/74 3146/69/74 3156/69/74
f 3152/69/79 3089/69/79 3148/69/79
f 905/69/78 3093/69/78 895/69/78
f 904/69/74 3156/69/74 3160/69/74
f 3163/370/1425 3164/370/1425 3171/370/1425
f 3167/370/1425 3163/370/1425 3171/370/1425
f 632/370/1426 3173/370/1426 2/370/1426
s 1
f 3176/394/92 3177/395/1427 3209/396/90
f 3179/397/1428 3211/398/1429 3177/395/1427
f 3181/399/1430 3214/400/1431 3211/398/1429
f 3370/401/1432 3189/402/1433 3213/400/1434
f 3186/69/75 3190/69/1435 3185/69/1436
s 0
f 3191/69/75 3188/69/75 3186/69/75
f 3194/69/75 3193/69/75 3191/69/75
f 3196/69/75 3219/69/75 3194/69/75
f 3198/69/75 3222/69/75 3196/69/75
s 1
f 3377/69/1437 3223/69/75 3198/69/75
f 3201/401/1438 3227/402/1439 3376/403/1440
f 3205/399/1441 3203/400/1442 3201/401/1438
f 3207/397/1443 3229/398/1444 3205/399/1441
f 3373/394/386 3230/395/1445 3207/397/1443
f 3177/395/1427 3232/404/95 3209/396/90
f 3211/398/1429 3210/405/1446 3177/395/1427
f 3214/400/1431 3212/406/1447 3211/398/1429
f 3189/402/1433 3215/407/1448 3213/400/1434
f 3188/69/75 3237/69/1449 3190/69/1435
s 0
f 3193/69/75 3217/69/75 3188/69/75
f 3219/69/75 3218/69/75 3193/69/75
f 3222/69/75 3221/69/75 3219/69/75
f 3223/69/75 3220/69/75 3222/69/75
s 1
f 3228/69/1450 3226/69/75 3223/69/75
f 3227/402/1439 3247/407/1451 3224/408/1452
f 3203/400/1442 3249/406/1453 3248/407/1454
f 3229/398/1444 3252/405/1455 3249/406/1453
f 3230/395/1445 644/404/57 3252/405/1455
f 3210/405/1446 3234/409/97 3232/404/95
f 3212/406/1447 3235/410/1456 3210/405/1446
f 3216/407/1457 3254/411/1458 3212/406/1447
f 3236/408/1449 3256/412/1459 3215/407/1448
f 3217/69/75 3239/69/1460 3237/69/1449
s 0
f 3218/69/75 3259/69/75 3217/69/75
f 3226/69/75 3241/69/75 3220/69/75
s 1
f 3225/69/1452 3242/69/75 3226/69/75
f 3224/408/1452 3268/412/1461 3244/413/1462
f 3248/407/1454 3250/411/1463 3268/412/1461
f 3249/406/1453 3253/410/1464 3250/411/1463
f 3252/405/1455 650/409/53 3253/410/1464
f 3235/410/1456 3274/414/99 3234/409/97
f 3254/411/1458 3275/415/1465 3235/410/1456
f 3257/416/1459 3279/417/1466 3255/418/1458
f 3240/419/1460 3258/420/1467 3257/416/1459
f 3260/421/75 3261/422/1468 3240/419/1460
s 0
f 3262/69/75 3263/69/75 3259/69/75
f 3242/69/75 3267/69/75 3241/69/75
s 1
f 3246/419/1469 3266/423/75 3243/421/75
f 3246/419/1469 3270/420/1470 3290/422/1471
f 3269/416/1461 3272/417/1472 3270/420/1470
f 3250/411/1463 3294/415/1473 3271/424/1472
f 3253/410/1464 652/414/52 3294/415/1473
f 3275/415/1465 18/425/101 3274/414/99
f 3278/424/1466 3295/426/1474 3275/415/1465
f 3258/420/1467 3277/427/1475 3279/417/1466
f 3261/422/1468 3280/428/1476 3258/420/1467
f 3264/423/75 3283/429/1477 3261/422/1468
s 0
f 3284/69/75 3281/69/75 3263/69/75
f 3265/69/75 3288/69/75 3267/69/75
s 1
f 3290/422/1471 3287/430/75 3266/423/75
f 3290/422/1471 3293/428/1478 3289/429/1479
f 3270/420/1470 3292/427/1480 3293/428/1478
f 3271/424/1472 3301/426/1481 3291/431/1480
f 3294/415/1473 654/425/51 3301/426/1481
f 3295/426/1474 3303/432/103 18/425/101
f 3276/431/1475 3296/433/1482 3295/426/1474
f 3280/428/1476 3307/434/1483 3277/427/1475
f 3283/429/1477 3308/435/1484 3280/428/1476
f 3282/430/75 3311/436/1485 3283/429/1477
s 0
f 3285/69/75 3297/69/75 3281/69/75
f 3286/69/75 3299/69/75 3288/69/75
s 1
f 3289/429/1479 3319/437/75 3287/430/75
f 3289/429/1479 3323/435/1486 3322/436/1487
f 3293/428/1478 3325/434/1488 3323/435/1486
f 3291/431/1480 3300/433/1489 3324/438/1488
f 3301/426/1481 656/432/50 3300/433/1489
f 3296/433/1482 3305/439/105 3303/432/103
f 3306/438/1483 3329/440/1490 3296/433/1482
f 3308/435/1484 3310/441/1491 3307/434/1483
f 3311/436/1485 3335/442/1492 3308/435/1484
f 3298/437/75 3313/443/75 3311/436/1485
s 0
f 3316/69/75 3339/69/75 3297/69/75
f 3318/69/75 3342/69/75 3299/69/75
s 1
f 3322/436/1487 3321/444/75 3319/437/75
f 3322/436/1487 3350/442/1493 3346/443/1494
f 3323/435/1486 3352/441/1495 3350/442/1493
f 3324/438/1488 3328/440/1496 3351/445/1495
f 3300/433/1489 3327/439/48 3328/440/1496
f 3329/440/1490 3331/446/107 3305/439/105
f 3309/445/1491 3333/447/1497 3329/440/1490
f 3334/448/1492 3332/449/1498 3309/445/1491
f 3314/450/1499 3338/451/1500 3334/448/1492
s 0
f 3339/69/75 3336/69/75 3312/69/75
f 3317/69/75 3341/69/75 3339/69/75
f 3320/69/75 3363/69/75 3342/69/75
f 3343/69/75 3364/69/75 3320/69/75
s 1
f 3345/450/1494 3366/451/1501 3348/452/1502
f 3349/448/1493 3354/449/1503 3366/451/1501
f 3351/445/1495 3353/447/1504 3354/449/1503
f 3328/440/1496 3356/446/46 3353/447/1504
f 3333/447/1497 12/453/87 3331/446/107
f 3332/449/1498 9/59/55 3333/447/1497
f 3338/451/1500 6/40/37 3332/449/1498
f 3337/452/1505 5/21/21 3338/451/1500
s 0
f 3341/69/75 1/69/75 3336/69/75
f 3357/69/75 3358/69/75 3341/69/75
f 3359/69/75 3361/69/75 3357/69/75
f 3363/69/75 3360/69/75 3359/69/75
f 3364/69/75 3362/69/75 3363/69/75
f 3347/69/75 3365/69/75 3364/69/75
s 1
f 3348/452/1502 635/21/68 633/22/1506
f 3366/451/1501 638/40/66 635/21/68
f 3354/449/1503 639/59/64 638/40/66
f 3353/447/1504 641/453/44 639/59/64
s 0
f 3183/69/79 3369/69/79 3180/69/79
f 3375/69/79 3379/69/79 3204/69/79
f 3390/69/78 3388/69/78 3385/69/78
f 3393/69/77 3398/69/77 3391/69/77
f 3394/69/79 3400/69/79 3392/69/79
f 3386/69/76 3404/69/76 3395/69/76
f 3396/68/75 3402/68/75 3387/68/75
f 3406/454/75 3408/454/75 3405/454/75
f 3448/455/1507 3415/456/1507 3588/457/1507
f 3453/458/1508 3409/459/1508 3446/455/1508
f 3425/460/79 3422/461/79 3452/458/79
f 3429/460/1509 3563/462/1509 3557/463/1509
f 3433/464/1510 3438/465/1510 3561/462/1510
f 3480/466/1511 3449/455/1511 3589/457/1511
s 1
f 3483/467/1512 3454/458/1512 3447/455/1512
s 0
f 3457/468/79 3452/458/79 3442/469/79
f 3466/470/1513 3428/460/1513 3459/468/1513
f 3490/471/1514 3432/464/1514 3461/470/1514
f 3471/472/1515 3487/467/1515 3482/466/1515
f 3474/473/1516 3443/469/1516 3484/467/1516
f 3510/474/79 3442/469/79 3502/475/79
f 3525/476/1517 3460/468/1517 3512/474/1517
f 3534/477/1518 3463/470/1518 3521/476/1518
s 1
f 3552/478/1519 3477/473/1519 3472/472/1519
s 0
f 3492/479/1520 3503/475/1520 3475/473/1520
f 3507/480/79 3502/475/79 3499/481/79
f 3519/482/1521 3513/474/1521 3509/480/1521
f 3530/483/1522 3522/476/1522 3515/482/1522
f 2590/484/1523 3527/483/1523 2594/485/1523
f 3439/465/1524 2735/486/1524 2728/487/1524
f 3590/488/1525 3587/457/1525 92/457/1525
f 3593/489/1526 3596/488/1526 3591/488/1526
f 125/490/1526 3597/489/1526 3593/489/1526
f 3599/491/1527 3604/490/1527 126/490/1527
f 136/492/1528 3601/491/1528 3598/491/1528
f 145/493/1528 3607/492/1528 136/492/1528
f 150/472/1529 3606/493/1529 146/493/1529
f 741/494/1530 3469/495/1530 3609/495/1530
f 3614/496/1531 3611/494/1531 742/494/1531
f 764/497/1531 3612/496/1531 3614/496/1531
f 3617/498/1532 3621/497/1532 765/497/1532
f 785/499/1533 3618/498/1533 3616/498/1533
f 782/500/1533 3622/499/1533 785/499/1533
f 3626/477/1534 3624/500/1534 783/500/1534
f 3651/69/1535 3658/69/1535 3655/69/1535
f 3649/69/79 3661/69/79 3652/69/79
f 3631/69/1536 3627/69/1536 3648/69/1536
f 3636/69/1537 3633/69/1537 3630/69/1537
f 3646/69/78 3643/69/78 3637/69/78
f 3654/69/1538 3639/69/1538 3645/69/1538
f 3650/69/77 3653/69/77 3656/69/77
f 3635/69/76 3644/69/76 3641/69/76
f 3668/69/1539 3692/69/1539 3665/69/1539
f 3670/69/79 3694/69/79 3667/69/79
f 3689/69/1540 3677/69/1540 3671/69/1540
f 3680/69/1541 3673/69/1541 3688/69/1541
f 3685/69/78 3682/69/78 3679/69/78
f 3664/69/1542 3698/69/1542 3686/69/1542
f 3678/69/75 3669/69/75 3663/69/75
f 3693/69/74 3672/69/74 3696/69/74
f 3701/372/1543 3739/372/1543 3736/372/1543
s 1
f 3703/372/1544 3742/372/1544 3700/372/1544
f 3706/372/1545 3710/372/1545 3704/372/1545
s 0
f 3712/372/1546 3746/372/1546 3707/372/1546
f 3722/372/1547 3716/372/1547 3713/372/1547
f 3725/372/1548 3718/372/1548 3721/372/1548
f 3733/372/1549 3727/372/1549 3724/372/1549
f 3737/372/1550 3731/372/1550 3734/372/1550
f 3702/372/74 3699/372/74 3732/372/74
f 3717/372/75 3726/372/75 3744/372/75
f 3754/372/1551 3787/372/1551 3748/372/1551
f 3758/372/1552 3792/372/1552 3752/372/1552
f 3760/372/1553 3810/372/1553 3756/372/1553
f 3763/372/1554 3829/372/1554 3823/372/1554
f 3855/372/1555 3768/372/1555 3827/372/1555
f 3851/372/1556 3774/372/1556 3764/372/1556
f 3773/372/1557 3842/372/1557 3779/372/1557
f 3749/372/1558 3845/372/1558 3782/372/1558
f 3784/372/1559 3797/372/1559 3802/372/1559
f 3790/372/1560 3806/372/1560 3796/372/1560
f 3809/372/1561 3815/372/1561 3803/372/1561
f 3824/372/1562 3816/372/1562 3822/372/1562
s 1
f 3767/372/1563 3832/372/1563 3826/372/1563
s 0
f 3776/372/1564 3869/372/1564 3765/372/1564
s 1
f 3839/372/1565 3837/372/1565 3778/372/1565
s 0
f 3844/372/1566 3801/372/1566 3849/372/1566
f 3755/372/1567 3751/372/1567 3747/372/1567
f 3799/372/1568 3861/372/1568 3858/372/1568
f 3804/372/1568 3861/372/1568 3795/372/1568
f 3804/372/1568 3866/372/1568 3889/372/1568
f 3818/372/1568 3875/372/1568 3866/372/1568
f 3871/372/1568 3875/372/1568 3833/372/1568
f 3836/372/1569 3900/372/1569 3872/372/1569
f 3847/372/1568 3877/372/1568 3835/372/1568
f 3799/372/1568 3879/372/1568 3847/372/1568
f 3887/69/1570 3860/69/1570 3884/69/1570
f 3906/69/1560 3862/69/1560 3886/69/1560
s 1
f 3891/69/1571 3888/69/1571 3904/69/1571
s 0
f 3892/69/1572 3874/69/1572 3865/69/1572
f 3908/69/1573 3873/69/1573 3894/69/1573
f 3907/69/1574 3876/69/1574 3897/69/1574
f 3912/69/1575 3880/69/1575 3878/69/1575
f 3883/69/1576 3881/69/1576 3903/69/1576
f 3901/69/1568 3885/69/1568 3893/69/1568
f 3936/372/1577 3918/372/1577 3915/372/1577
f 3944/372/1578 3917/372/1578 3947/372/1578
f 3942/372/1579 3921/372/1579 3945/372/1579
f 3930/372/1580 3926/372/1580 3941/372/1580
f 3932/372/1581 3922/372/1581 3929/372/1581
f 3935/372/1582 3939/372/1582 3933/372/1582
f 3943/372/1583 3946/372/1583 3934/372/1583
f 3925/372/1584 3923/372/1584 3938/372/1584
f 3963/69/1585 3954/69/1585 3966/69/1585
f 3955/69/75 3952/69/75 3949/69/75
f 3957/69/1586 3964/69/1586 3959/69/1586
f 3956/69/1587 3950/69/1587 3961/69/1587
f 3965/69/1588 3953/69/1588 3960/69/1588
f 3978/69/1585 3969/69/1585 3981/69/1585
f 3973/69/75 3982/69/75 3976/69/75
f 3975/69/1586 3967/69/1586 3971/69/1586
f 3974/69/1587 3977/69/1587 3979/69/1587
f 3968/69/1588 3983/69/1588 3972/69/1588
f 3994/68/1589 3985/68/1589 3997/68/1589
f 3988/68/1590 3986/68/1590 3992/68/1590
f 3995/68/1591 4002/68/1591 3989/68/1591
f 3990/68/1592 3993/68/1592 3996/68/1592
f 3998/68/1593 3987/68/1593 4001/68/1593
f 4013/68/1594 4007/68/1594 4015/68/1594
f 4003/68/1595 4018/68/1595 4012/68/1595
f 4016/68/1596 4011/68/1596 4004/68/1596
f 4005/68/1597 4014/68/1597 4017/68/1597
f 4006/68/1598 4019/68/1598 4010/68/1598
f 4027/68/1599 4025/68/1599 4038/68/1599
f 4036/68/1600 4042/68/1600 4029/68/1600
f 4034/68/1601 4023/68/1601 4031/68/1601
f 4035/68/1602 4028/68/1602 4039/68/1602
f 4021/68/1603 4040/68/1603 4030/68/1603
s 1
f 716/1/1 728/75/390 713/7/7
f 1988/74/389 715/4/4 713/7/7
f 727/78/393 722/72/388 726/73/387
f 727/78/393 733/79/394 716/1/1
f 733/79/394 734/81/396 728/75/390
f 1992/80/395 1988/74/389 728/75/390
f 731/84/392 721/76/392 720/77/391
f 731/84/392 732/85/399 727/78/393
f 732/85/399 738/86/400 733/79/394
f 738/86/400 739/88/402 734/81/396
f 1994/87/401 1992/80/395 734/81/396
f 744/91/398 730/82/398 729/83/397
f 736/92/392 731/84/392 730/82/398
f 736/92/392 737/93/405 732/85/399
f 737/93/405 747/94/406 738/86/400
f 747/94/406 746/96/408 739/88/402
f 1996/95/407 1994/87/401 739/88/402
f 743/97/409 735/89/404 3608/90/403
f 745/99/411 744/91/398 735/89/404
f 748/100/412 736/92/392 744/91/398
f 748/100/412 750/101/413 737/93/405
f 750/101/413 751/102/414 747/94/406
f 751/102/414 755/104/416 746/96/408
f 2000/103/415 1996/95/407 746/96/408
f 756/105/417 743/97/409 740/98/410
f 757/107/419 745/99/411 743/97/409
f 749/108/420 748/100/412 745/99/411
f 749/108/420 759/109/421 750/101/413
f 759/109/421 761/110/422 751/102/414
f 761/110/422 760/111/423 755/104/416
f 760/111/423 754/118/431 2000/103/415
f 762/112/424 756/105/417 3613/106/418
f 767/114/426 757/107/419 756/105/417
f 758/115/427 749/108/420 757/107/419
f 758/115/427 770/116/428 759/109/421
f 770/116/428 772/117/429 761/110/422
f 772/117/429 773/119/430 760/111/423
f 773/119/430 775/127/439 754/118/431
f 766/120/432 762/112/424 763/113/425
f 777/122/434 767/114/426 762/112/424
f 768/123/435 758/115/427 767/114/426
f 768/123/435 769/124/436 770/116/428
f 769/124/436 771/126/438 772/117/429
f 780/125/437 773/119/430 772/117/429
f 780/125/437 2006/134/447 775/127/439
f 776/128/440 766/120/432 3615/121/433
f 786/130/442 777/122/434 766/120/432
f 788/131/443 768/123/435 777/122/434
f 788/131/443 789/132/444 769/124/436
f 789/132/444 778/133/445 771/126/438
f 778/133/445 779/135/446 780/125/437
f 779/135/446 791/142/455 2006/134/447
f 792/136/448 776/128/440 784/129/441
f 787/138/450 786/130/442 776/128/440
f 795/139/451 788/131/443 786/130/442
f 795/139/451 794/140/452 789/132/444
f 794/140/452 797/141/453 778/133/445
f 797/141/453 799/143/454 779/135/446
f 799/143/454 2011/242/1604 791/142/455
f 3625/144/456 800/145/457 792/136/448
f 800/145/457 802/146/458 787/138/450
f 802/146/458 793/148/460 795/139/451
f 803/147/459 794/140/452 795/139/451
f 803/147/459 796/149/461 797/141/453
f 796/149/461 798/151/463 799/143/454
f 1286/150/462 2011/242/1604 799/143/454
f 811/152/464 801/153/465 802/146/458
f 801/153/465 812/155/460 793/148/460
f 814/154/466 803/147/459 793/148/460
f 814/154/466 804/156/467 796/149/461
f 804/156/467 815/158/469 798/151/463
f 806/157/468 1286/150/462 798/151/463
f 810/159/470 817/161/460 812/155/460
f 813/160/471 814/154/466 812/155/460
f 813/160/471 820/162/472 804/156/467
f 820/162/472 816/164/474 815/158/469
f 822/163/473 806/157/468 815/158/469
f 1068/165/475 818/166/476 813/160/471
f 818/166/476 819/167/477 820/162/472
f 819/167/477 827/169/479 816/164/474
f 826/168/478 822/163/473 816/164/474
f 831/170/480 823/171/481 819/167/477
f 823/171/481 824/173/483 827/169/479
f 1314/172/482 826/168/478 827/169/479
f 834/174/484 842/175/485 823/171/481
f 842/175/485 835/177/487 824/173/483
f 837/176/486 1314/172/482 824/173/483
f 846/178/488 842/175/485 834/174/484
f 846/178/488 843/181/491 835/177/487
f 848/180/490 837/176/486 835/177/487
f 855/184/494 846/178/488 841/179/489
f 855/184/494 845/186/496 843/181/491
f 859/185/495 848/180/490 843/181/491
f 854/187/497 844/182/493 852/183/492
f 854/187/497 856/189/499 855/184/494
f 856/189/499 857/191/501 845/186/496
f 867/190/500 859/185/495 845/186/496
f 860/192/502 861/193/503 854/187/497
f 861/193/503 862/194/504 856/189/499
f 862/194/504 863/196/506 857/191/501
f 865/195/505 867/190/500 857/191/501
f 868/197/507 872/198/508 861/193/503
f 872/198/508 869/199/509 862/194/504
f 869/199/509 870/201/511 863/196/506
f 1344/200/510 865/195/505 863/196/506
f 871/202/512 874/203/513 872/198/508
f 874/203/513 873/204/514 869/199/509
f 873/204/514 879/206/516 870/201/511
f 1353/205/515 1344/200/510 870/201/511
f 881/207/517 875/208/518 874/203/513
f 875/208/518 876/209/519 873/204/514
f 876/209/519 878/210/520 879/206/516
f 880/211/521 884/215/525 875/208/518
f 3109/213/522 880/211/521 882/212/523
f 884/215/525 885/216/527 876/209/519
f 3139/217/526 886/220/529 885/216/527
f 885/216/527 887/219/530 878/210/520
f 886/220/529 892/223/534 887/219/530
f 893/221/531 3126/233/536 3128/214/524
f 3141/222/532 888/224/533 886/220/529
f 888/224/533 890/236/539 892/223/534
f 894/234/535 3155/237/544 3126/233/536
f 896/235/537 899/230/538 888/224/533
f 900/241/540 915/228/545 3145/240/541
f 901/239/543 3153/238/1605 3155/237/544
f 915/228/545 909/225/550 903/231/546
f 906/232/547 903/231/546 898/230/538
f 913/229/548 914/227/549 915/228/545
f 914/227/549 918/226/549 909/225/550
s 0
f 920/69/1606 921/69/1606 927/69/1606
f 922/69/1607 717/69/1607 931/69/1607
f 718/69/1608 723/69/1608 936/69/1608
f 724/69/1609 939/69/1609 945/69/1609
f 940/69/1610 705/69/1610 986/69/1610
f 702/69/1611 951/69/1611 987/69/1611
f 686/69/1612 957/69/1612 952/69/1612
f 960/69/1613 996/69/1613 956/69/1613
f 963/69/1614 972/69/1614 995/69/1614
f 964/69/1615 967/69/1615 970/69/1615
f 973/68/314 924/68/314 1006/68/314
f 925/68/309 929/68/309 977/68/309
f 930/68/308 934/68/308 980/68/308
f 943/68/307 1012/68/307 981/68/307
f 983/68/301 989/68/301 1013/68/301
f 949/68/300 1019/68/300 990/68/300
f 954/68/299 1001/68/299 1018/68/299
f 993/68/293 998/68/293 1000/68/293
f 969/68/292 1030/68/292 997/68/292
f 966/68/291 1026/68/291 1029/68/291
f 1004/68/77 1005/68/77 1009/68/77
f 1010/68/77 979/68/77 1009/68/77
f 1011/68/77 982/68/77 979/68/77
f 1015/68/77 1014/68/77 982/68/77
f 1016/68/77 991/68/77 1014/68/77
f 1016/68/77 1017/68/77 1020/68/77
f 1017/68/77 1021/68/77 1002/68/77
f 1021/68/77 1022/68/77 999/68/77
f 1022/68/77 1024/68/77 1031/68/77
f 1023/68/76 1025/68/76 1027/68/76
f 1033/69/1616 1034/69/1616 1086/69/1616
f 1035/69/1617 1037/69/1617 1047/69/1617
f 1038/69/1618 849/69/1618 1042/69/1618
f 850/69/1619 838/69/1619 1052/69/1619
f 839/69/1620 832/69/1620 1102/69/1620
f 830/69/1621 1063/69/1621 1105/69/1621
f 1067/69/1622 1059/69/1622 1064/69/1622
s 1
f 809/69/1623 1116/69/1623 1058/69/1623
s 0
f 1071/69/1624 1076/69/1624 1115/69/1624
f 1077/69/1625 1080/69/1625 1074/69/1625
f 1081/68/248 1083/68/248 1088/68/248
f 1084/68/247 1045/68/247 1094/68/247
s 1
f 1046/68/241 1040/68/241 1097/68/241
s 0
f 1050/68/167 1125/68/167 1098/68/167
f 1051/68/160 1100/68/160 1130/68/160
f 1101/68/159 1061/68/159 1110/68/159
f 1060/68/153 1056/68/153 1107/68/153
f 1113/68/152 1137/68/152 1106/68/152
f 1073/68/151 1142/68/151 1136/68/151
f 1079/68/146 1117/68/146 1141/68/146
f 1121/68/77 1122/68/77 1091/68/77
f 1123/68/77 1096/68/77 1091/68/77
f 1124/68/77 1099/68/77 1096/68/77
f 1128/68/77 1127/68/77 1099/68/77
f 1129/68/77 1132/68/77 1127/68/77
f 1129/68/77 1133/68/77 1111/68/77
f 1133/68/77 1134/68/77 1108/68/77
f 1134/68/77 1135/68/77 1138/68/77
f 1135/68/77 1140/68/77 1143/68/77
f 1139/68/76 1144/68/76 1118/68/76
f 1146/70/1626 1147/70/1626 1149/70/1626
f 1158/70/1627 1151/70/1627 1153/70/1627
f 1154/70/1628 1156/70/1628 1159/70/1628
s 1
f 1163/70/1629 1165/70/1629 1166/70/1629
s 0
f 1169/70/1630 1170/70/1630 1171/70/1630
f 1175/70/578 1177/70/578 1178/70/578
f 1180/70/579 1176/70/579 1174/70/579
f 1186/70/1631 1179/70/1631 1181/70/1631
f 1183/70/1631 1186/70/1631 1188/70/1631
f 1198/70/580 1184/70/580 1193/70/580
f 1202/70/582 1197/70/582 1190/70/582
f 1200/70/582 1202/70/582 1195/70/582
f 1206/70/581 1207/70/581 1209/70/581
f 1211/70/1632 1213/70/1632 1214/70/1632
f 1223/70/1633 1216/70/1633 1217/70/1633
f 1221/70/1634 1222/70/1634 1226/70/1634
f 1230/70/1635 1219/70/1635 1232/70/1635
f 1250/69/79 1235/69/79 1253/69/79
f 1241/69/78 1244/69/78 1256/69/78
f 1257/69/77 1248/69/77 1254/69/77
f 1251/69/76 1245/69/76 1242/69/76
f 1234/69/75 1240/69/75 1237/69/75
f 1243/69/74 1249/69/74 1246/69/74
f 1259/68/71 1260/68/71 1261/68/71
f 1262/68/70 1263/68/70 1264/68/70
f 1267/68/71 1268/68/71 1269/68/71
s 1
f 1270/68/70 1271/68/70 1272/68/70
f 1276/243/587 1279/247/591 1274/244/588
f 1276/243/587 1277/248/592 1278/246/590
f 1277/248/592 2197/251/595 1282/249/593
f 1280/250/594 1283/253/597 1282/249/593
f 1281/252/596 1284/255/599 1283/253/597
f 1281/252/596 2010/501/1636 1285/254/598
f 1279/247/591 1287/258/602 170/256/600
f 1279/247/591 1278/246/590 1289/257/601
f 1278/246/590 1282/249/593 1291/259/603
f 1283/253/597 1292/260/604 1291/259/603
f 1284/255/599 1293/262/606 1292/260/604
f 1284/255/599 1285/254/598 805/261/605
f 1287/258/602 1288/265/609 175/263/607
f 1287/258/602 1289/257/601 1290/264/608
f 1289/257/601 1291/259/603 1294/266/610
f 1292/260/604 1297/267/611 1294/266/610
f 1293/262/606 1299/269/613 1297/267/611
f 1293/262/606 805/261/605 821/268/612
f 1288/265/609 1302/272/616 193/270/614
f 1288/265/609 1290/264/608 1296/271/615
f 1290/264/608 1294/266/610 1295/273/603
f 1297/267/611 1298/274/617 1295/273/603
f 1299/269/613 1304/276/619 1298/274/617
f 1299/269/613 821/268/612 825/275/618
f 1302/272/616 1306/279/622 1300/277/620
f 1302/272/616 1296/271/615 1303/278/621
f 1296/271/615 1295/273/603 1310/280/623
f 1298/274/617 1311/281/624 1310/280/623
f 1304/276/619 1305/283/626 1311/281/624
f 1304/276/619 825/275/618 1313/282/625
f 1306/279/622 1307/286/629 206/284/627
f 1306/279/622 1303/278/621 1309/285/628
f 1303/278/621 1310/280/623 1308/287/630
f 1311/281/624 1312/288/631 1308/287/630
f 1305/283/626 1315/290/633 1312/288/631
f 1305/283/626 1313/282/625 836/289/632
f 206/284/627 1307/286/629 1316/291/634
f 1307/286/629 1309/285/628 1317/293/636
f 1309/285/628 1308/287/630 1319/294/637
f 1312/288/631 1321/295/638 1319/294/637
f 1315/290/633 1323/296/639 1321/295/638
f 836/289/632 847/302/644 1323/296/639
f 208/292/635 1316/291/634 1326/297/640
f 1316/291/634 1317/293/636 1318/299/642
f 1317/293/636 1319/294/637 1320/300/637
f 1321/295/638 1322/301/643 1320/300/637
f 1323/296/639 1329/303/645 1322/301/643
f 847/302/644 858/309/650 1329/303/645
f 1324/298/641 1326/297/640 1328/304/646
f 1326/297/640 1318/299/642 1327/306/648
f 1318/299/642 1320/300/637 1333/307/637
f 1322/301/643 1335/308/649 1333/307/637
f 1329/303/645 1330/310/651 1335/308/649
f 858/309/650 866/316/656 1330/310/651
f 220/305/647 1328/304/646 1337/311/652
f 1328/304/646 1327/306/648 1338/313/654
f 1327/306/648 1333/307/637 1341/314/637
f 1335/308/649 1334/315/655 1341/314/637
f 1330/310/651 1336/317/657 1334/315/655
f 866/316/656 864/323/663 1336/317/657
f 1331/312/653 1337/311/652 1339/318/658
f 1337/311/652 1338/313/654 1349/320/660
f 1338/313/654 1341/314/637 1340/321/661
f 1334/315/655 1342/322/662 1340/321/661
f 1336/317/657 1345/324/664 1342/322/662
f 864/323/663 1343/330/670 1345/324/664
f 1346/319/659 1339/318/658 1348/325/665
f 1339/318/658 1349/320/660 1350/327/667
f 1349/320/660 1340/321/661 1351/328/668
f 1342/322/662 1355/329/669 1351/328/668
f 1345/324/664 1356/331/671 1355/329/669
f 1343/330/670 1352/337/677 1356/331/671
f 240/326/666 1348/325/665 1359/332/672
f 1348/325/665 1350/327/667 1361/334/674
f 1350/327/667 1351/328/668 1362/335/675
f 1355/329/669 1354/336/676 1362/335/675
f 1356/331/671 1357/338/678 1354/336/676
f 1352/337/677 877/502/1637 1357/338/678
f 1359/332/672 1358/341/682 258/339/679
f 1359/332/672 1361/334/674 1360/340/681
f 1361/334/674 1362/335/675 1365/342/683
f 1354/336/676 1363/343/684 1365/342/683
f 1357/338/678 1367/345/686 1363/343/684
f 1357/338/678 877/502/1637 891/344/685
f 1358/341/682 1368/351/692 261/346/687
f 1360/340/681 1365/342/683 1364/347/688
f 1363/343/684 1366/355/696 1364/347/688
f 1367/345/686 891/344/685 889/349/690
f 1368/351/692 1369/503/1638 270/352/693
f 1370/348/689 1364/347/688 1379/353/694
f 1366/355/696 1372/362/703 1379/353/694
f 1373/350/691 889/349/690 897/356/697
f 270/352/693 1369/503/1638 1376/358/1639
f 1371/354/695 1379/353/694 1382/360/701
f 1372/362/703 1383/367/710 1382/360/701
f 897/356/697 907/504/1640 1385/363/704
f 1376/358/1641 1380/505/1642 278/364/706
f 1378/361/702 1382/360/701 2538/365/708
f 1383/367/710 1384/506/1643 2538/365/708
f 1386/363/711 908/504/1644 917/368/712
s 0
f 1390/70/1645 1392/70/1645 1395/70/1645
f 1398/70/1646 1403/70/1646 1393/70/1646
f 1407/70/1647 1400/70/1647 1405/70/1647
f 1420/70/1648 1416/70/1648 1402/70/1648
s 1
f 1411/70/1649 1413/70/1649 1417/70/1649
s 0
f 1423/70/1650 1426/70/1650 1414/70/1650
f 1431/70/1651 1429/70/1651 1424/70/1651
f 1437/70/722 1436/70/722 1427/70/722
f 1433/70/723 1442/70/723 1435/70/723
f 1443/70/724 1440/70/724 1441/70/724
f 1449/70/1652 1447/70/1652 1439/70/1652
f 1459/70/1653 1455/70/1653 1446/70/1653
f 1452/70/1654 1464/70/1654 1456/70/1654
f 1460/70/1655 1462/70/1655 1463/70/1655
f 1468/70/1656 1473/70/1656 1471/70/1656
f 1474/70/1657 1475/70/1657 1479/70/1657
f 1477/70/1658 1484/70/1658 1482/70/1658
f 1486/70/1659 1491/70/1659 1489/70/1659
f 1492/70/1660 1497/70/1660 1495/70/1660
f 1498/70/1661 1504/70/1661 1501/70/1661
f 1502/70/1662 1507/70/1662 1509/70/1662
f 1505/70/736 1512/70/736 1513/70/736
f 1511/70/737 1516/70/737 1517/70/737
f 1515/70/738 1520/70/738 1521/70/738
f 1519/70/1663 1525/70/1663 1527/70/1663
f 1524/70/1664 1530/70/1664 1534/70/1664
f 1531/70/1665 1536/70/1665 1539/70/1665
f 1535/70/1666 1541/70/1666 1542/70/1666
s 1
f 1561/370/742 2191/370/746 164/370/743
f 1561/370/742 1563/370/747 1545/370/745
f 1563/370/747 1565/370/749 1550/370/748
f 1565/370/749 1546/370/751 2132/370/750
f 1546/370/751 1569/370/752 2129/370/750
f 1569/370/752 1573/370/754 1552/370/750
f 1575/370/753 1627/370/756 1552/370/750
f 1575/370/753 1553/370/757 1559/370/755
f 1553/370/757 1555/370/759 1560/370/758
f 1580/370/744 164/370/743 1560/370/758
f 1587/68/760 1562/68/742 1581/68/761
f 1587/68/760 1592/68/763 1564/68/747
f 1592/68/763 1601/68/765 1566/68/764
f 1601/68/765 1568/68/766 1547/68/751
f 1568/68/766 1607/68/768 1570/68/752
f 1572/68/767 1574/68/754 1570/68/752
f 1610/68/769 1576/68/753 1574/68/754
f 1579/68/770 1554/68/757 1576/68/753
f 1579/68/770 1620/68/771 1556/68/759
f 1590/68/762 1581/68/761 1556/68/759
s 0
f 1582/69/1667 1594/69/1667 1586/69/1667
s 1
f 1591/69/773 1598/69/776 1593/69/774
f 1600/69/775 1596/69/778 1598/69/776
f 1567/69/777 1604/69/780 1596/69/778
f 1606/69/779 1602/69/782 1604/69/780
f 1606/69/779 1571/69/783 1614/69/781
f 1571/69/783 1609/69/784 1612/69/784
s 0
f 1608/69/785 1577/69/785 1616/69/785
s 1
f 1617/69/786 1622/69/788 1619/69/787
f 1622/69/788 1583/69/789 1589/69/789
f 1624/370/801 1627/370/756 1559/370/755
f 1624/370/801 1628/370/805 2099/370/803
f 1644/370/804 1632/370/807 2099/370/803
f 1633/370/806 1638/370/809 1632/370/807
f 1635/370/808 3166/370/811 1638/370/809
f 1648/370/810 1639/370/813 3166/370/811
f 1648/370/810 1646/370/814 1642/370/812
f 1646/370/814 1653/370/802 1559/370/755
f 1657/68/816 1625/68/801 1654/68/802
f 1657/68/816 1659/68/819 1629/68/818
f 1659/68/819 1663/68/820 1645/68/804
f 1663/68/820 1665/68/822 1634/68/806
f 1671/68/821 1636/68/808 1634/68/806
f 1674/68/823 1649/68/810 1636/68/808
f 1674/68/823 1681/68/824 1647/68/814
f 1681/68/824 1652/68/817 1654/68/802
s 0
f 1685/69/825 1682/69/825 1655/69/825
s 1
f 1658/69/826 1660/69/829 1683/69/827
f 1658/69/826 1662/69/830 1688/69/828
f 1662/69/830 1664/69/832 1668/69/831
f 1664/69/832 1670/69/834 1666/69/833
f 1670/69/834 1672/69/835 1675/69/835
f 1678/69/836 1680/69/839 1673/69/837
f 1686/69/838 1651/69/838 1680/69/839
f 3168/370/849 1695/370/852 1692/370/850
f 1695/370/852 1640/370/855 1697/370/853
f 1641/370/854 8/370/54 1697/370/853
f 1700/370/856 1698/370/858 8/370/54
f 1701/370/857 13/370/86 1698/370/858
f 1702/370/859 22/370/861 13/370/86
f 1703/370/860 36/370/116 22/370/861
f 1706/370/860 1704/370/862 36/370/116
f 1707/370/860 1708/370/863 1704/370/862
f 1710/370/860 1711/370/136 1708/370/863
f 1713/370/860 62/370/864 1711/370/136
f 1714/370/860 1717/370/145 62/370/864
f 1719/370/860 1715/370/865 1717/370/145
f 1720/370/860 1721/370/866 1715/370/865
f 1723/370/860 85/370/867 1721/370/866
f 1724/370/860 1725/370/172 85/370/867
f 1729/370/860 1727/370/868 1725/370/172
f 1729/370/860 1731/370/1668 106/370/186
f 1732/370/869 1558/370/1669 1730/370/870
f 1557/370/872 1735/370/873 123/370/210
f 1735/370/873 1738/370/874 1736/370/217
f 1738/370/874 1739/370/876 143/370/875
f 1741/69/1670 1743/69/1670 1744/69/1670
s 0
f 1747/69/79 1762/69/79 1750/69/79
f 1765/69/78 1768/69/78 1756/69/78
f 1757/69/77 1760/69/77 1751/69/77
f 1748/69/76 1769/69/76 1766/69/76
f 1761/69/75 1764/69/75 1752/69/75
f 1767/69/74 1746/69/74 1758/69/74
f 1770/69/879 1779/69/879 1774/69/879
f 1783/69/79 1777/69/79 1780/69/79
f 1786/69/880 1795/69/880 1776/69/880
f 1789/69/881 1792/69/881 1794/69/881
f 1797/69/882 1812/69/882 1791/69/882
f 1801/69/883 1816/69/883 1813/69/883
s 1
f 1803/69/884 1806/69/884 1815/69/884
s 0
f 1809/69/885 1773/69/885 1807/69/885
f 1808/69/76 1775/69/76 1796/69/76
f 1775/69/76 1781/69/76 1778/69/76
f 1796/69/76 1775/69/76 1778/69/76
f 1796/69/76 1793/69/76 1808/69/76
f 1793/69/76 1814/69/76 1817/69/76
f 1811/69/77 1805/69/77 1787/69/77
f 1805/69/77 1802/69/77 1790/69/77
f 1802/69/77 1799/69/77 1790/69/77
f 1790/69/77 1787/69/77 1805/69/77
f 1787/69/77 1784/69/77 1811/69/77
f 1819/372/75 1820/372/75 1821/372/75
s 1
f 2013/370/886 2202/370/890 1824/370/887
f 2171/370/889 1826/370/892 1824/370/887
f 2155/370/891 1843/370/894 1826/370/892
f 2144/370/893 1845/370/895 1843/370/894
f 1829/370/893 1847/370/896 1845/370/895
f 2121/370/893 1830/370/898 1847/370/896
f 2121/370/893 2113/370/900 1832/370/897
f 1836/370/899 1837/370/902 1832/370/897
f 1839/370/901 1861/370/903 1837/370/902
f 1839/370/901 2013/370/886 1822/370/888
f 1823/68/904 1825/68/887 1842/68/905
f 1827/68/892 1872/68/907 1842/68/905
f 1844/68/894 1878/68/908 1872/68/907
f 1846/68/895 1876/68/909 1878/68/908
f 1848/68/896 1852/68/911 1876/68/909
f 1848/68/896 1831/68/898 1850/68/910
f 1831/68/898 1833/68/897 1858/68/912
f 1833/68/897 1838/68/902 1855/68/913
f 1862/68/903 1860/68/914 1855/68/913
f 1862/68/903 1823/68/904 1865/68/906
f 1841/69/1667 1867/69/1667 1882/69/1667
f 1866/69/774 1869/69/776 1871/69/773
f 1869/69/776 1873/69/778 1877/69/775
f 1873/69/778 1885/69/780 1875/69/777
f 1885/69/780 1887/69/782 1851/69/779
f 1889/69/781 1849/69/783 1851/69/779
f 1892/69/784 1857/69/784 1849/69/783
s 0
f 1879/69/785 1853/69/785 1856/69/785
s 1
f 1859/69/787 1894/69/788 1880/69/786
f 1864/69/789 1883/69/789 1894/69/788
f 1836/370/899 2113/370/900 1899/370/926
f 2109/370/928 1897/370/930 1899/370/926
f 2109/370/928 1903/370/931 1918/370/929
f 1903/370/931 1905/370/933 1906/370/932
f 1905/370/933 1910/370/935 1911/370/934
f 1910/370/935 1965/370/938 1922/370/936
f 1972/370/937 1927/370/939 1922/370/936
f 1836/370/899 1913/370/927 1927/370/939
f 1914/68/927 1900/68/926 1917/68/940
f 1898/68/942 1938/68/943 1917/68/940
f 1919/68/929 1944/68/944 1938/68/943
f 1907/68/932 1942/68/946 1944/68/944
f 1907/68/932 1912/68/934 1921/68/945
f 1912/68/934 1923/68/936 1926/68/947
f 1928/68/939 1953/68/948 1926/68/947
f 1914/68/927 1931/68/941 1953/68/948
s 0
f 1915/69/825 1954/69/825 1932/69/825
s 1
f 1955/69/827 1935/69/829 1937/69/826
f 1939/69/828 1943/69/830 1937/69/826
f 1945/69/831 1941/69/832 1943/69/830
f 1947/69/833 1920/69/834 1941/69/832
f 1949/69/835 1924/69/835 1920/69/834
f 1925/69/837 1952/69/839 1958/69/836
f 1952/69/839 1930/69/838 1933/69/838
f 1963/370/958 1964/370/962 3170/370/959
f 637/370/961 1966/370/964 1964/370/962
f 637/370/961 1967/370/1671 1970/370/963
f 1969/370/63 1974/370/61 1973/370/965
f 1974/370/61 1976/370/43 1979/370/967
f 1976/370/43 667/370/969 1978/370/968
f 667/370/969 665/370/32 1980/370/970
f 665/370/32 682/370/971 1981/370/970
f 682/370/971 680/370/972 1983/370/970
f 680/370/972 691/370/13 1982/370/970
f 691/370/13 697/370/973 1984/370/970
f 697/370/973 709/370/5 1985/370/970
f 709/370/5 714/370/974 1986/370/970
f 714/370/974 1987/370/975 1990/370/970
f 1987/370/975 1991/370/976 1989/370/970
f 1991/370/976 1993/370/401 1997/370/970
f 1993/370/401 1995/370/407 2003/370/970
f 1995/370/407 1999/370/1672 2002/370/977
f 2001/370/978 1835/370/1673 752/370/979
f 753/370/431 774/370/439 2004/370/981
f 2005/370/447 2008/370/984 2004/370/981
f 790/370/983 2007/370/986 2008/370/984
s 0
f 2014/69/1674 2016/69/1674 2017/69/1674
f 2036/69/79 2021/69/79 2033/69/79
f 2024/69/78 2039/69/78 2030/69/78
f 2031/69/77 2043/69/77 2034/69/77
f 2037/69/76 2040/69/76 2025/69/76
f 2020/69/75 2023/69/75 2026/69/75
f 2038/69/74 2035/69/74 2041/69/74
f 2086/69/879 2044/69/879 2048/69/879
f 2054/69/79 2051/69/79 2045/69/79
f 2084/69/880 2057/69/880 2050/69/880
f 2081/69/881 2060/69/881 2056/69/881
f 2062/69/882 2071/69/882 2059/69/882
f 2066/69/883 2069/69/883 2072/69/883
f 2077/69/884 2089/69/884 2068/69/884
f 2074/69/885 2047/69/885 2090/69/885
f 2076/69/77 2079/69/77 2085/69/77
f 2079/69/77 2067/69/77 2082/69/77
f 2067/69/77 2064/69/77 2082/69/77
f 2082/69/77 2085/69/77 2079/69/77
f 2085/69/77 2055/69/77 2076/69/77
f 2091/69/76 2049/69/76 2058/69/76
f 2049/69/76 2046/69/76 2052/69/76
f 2058/69/76 2049/69/76 2052/69/76
f 2058/69/76 2061/69/76 2091/69/76
f 2061/69/76 2073/69/76 2070/69/76
f 2093/372/75 2094/372/75 2095/372/75
s 1
f 2096/370/988 2110/370/992 2098/370/989
f 2100/370/991 2102/370/994 2110/370/992
f 2207/370/993 2104/370/996 2102/370/994
f 2207/370/993 2105/370/997 2103/370/995
f 2105/370/997 2209/370/999 2107/370/998
f 2209/370/999 1901/370/1675 2108/370/1000
f 2098/370/989 2110/370/992 2114/370/1001
f 2110/370/992 2102/370/994 2115/370/1003
f 2102/370/994 2104/370/996 2116/370/1004
f 2103/370/995 2111/370/1005 2116/370/1004
f 2107/370/998 2119/370/1006 2111/370/1005
f 2108/370/1000 2112/370/1676 2119/370/1006
f 2114/370/1001 2122/370/1008 1551/370/1007
f 2115/370/1003 2123/370/1009 2122/370/1008
f 2116/370/1004 2118/370/1011 2123/370/1009
f 2116/370/1004 2111/370/1005 2117/370/1010
f 2111/370/1005 2119/370/1006 2126/370/1012
f 2119/370/1006 2112/370/1676 2120/370/1013
f 1551/370/1007 2122/370/1008 2133/370/1014
f 2122/370/1008 2123/370/1009 2124/370/1016
f 2123/370/1009 2118/370/1011 2135/370/1017
f 2117/370/1010 2125/370/1018 2135/370/1017
f 2126/370/1012 2127/370/1019 2125/370/1018
f 2120/370/1013 1828/370/1025 2127/370/1019
f 2128/370/1015 2133/370/1014 2130/370/1020
f 2133/370/1014 2124/370/1016 2134/370/1022
f 2124/370/1016 2135/370/1017 2142/370/1023
f 2125/370/1018 2136/370/1024 2142/370/1023
f 2127/370/1019 2137/370/1026 2136/370/1024
f 1828/370/1025 2143/370/1032 2137/370/1026
f 2131/370/1021 2130/370/1020 2138/370/1027
f 2130/370/1020 2134/370/1022 2140/370/1029
f 2134/370/1022 2142/370/1023 2147/370/1030
f 2136/370/1024 2149/370/1031 2147/370/1030
f 2137/370/1026 2145/370/1033 2149/370/1031
f 2143/370/1032 2153/370/1041 2145/370/1033
f 1549/68/1028 2139/68/1027 2158/68/1034
f 2139/68/1027 2141/68/1037 2160/68/1036
f 2141/68/1037 2148/68/1030 2162/68/1038
f 2150/68/1039 2152/68/1040 2162/68/1038
f 2146/68/1033 2168/68/1042 2152/68/1040
f 2154/68/1041 2169/68/1049 2168/68/1042
f 2156/68/1035 2158/68/1034 2173/68/1043
f 2157/371/1034 2159/371/1036 2163/371/1045
f 2159/371/1036 2161/371/1047 2179/371/1046
f 2151/371/1040 2166/371/1048 2179/371/1046
f 2167/371/1042 2164/371/1050 2166/371/1048
f 2169/68/1049 2170/68/1056 2165/68/1050
f 1544/68/1044 2173/68/1043 2175/68/1051
f 2172/371/1043 2163/371/1045 2178/371/1053
f 2163/371/1045 2179/371/1046 2177/371/1054
f 2166/371/1048 2182/371/1055 2177/371/1054
f 2164/371/1050 2185/371/1057 2182/371/1055
f 2170/68/1056 2189/68/1063 2186/68/1057
f 2176/68/1052 2175/68/1051 2181/68/1058
f 2174/371/1051 2178/371/1053 2192/371/1060
f 2178/371/1053 2177/371/1054 2183/371/1061
f 2182/371/1055 2187/371/1062 2183/371/1061
f 2185/371/1057 2199/371/1064 2187/371/1062
f 2189/68/1063 2201/68/1071 2200/68/1064
f 2190/68/1059 2181/68/1058 2194/68/1065
f 2181/68/1058 2193/68/1060 2195/68/1067
f 2193/68/1060 2184/68/1069 2196/68/1068
f 2188/68/1062 2198/68/1070 2196/68/1068
f 2200/68/1064 2203/68/1072 2198/68/1070
f 2201/68/1071 2009/68/1677 2203/68/1072
f 2206/68/1073 2097/68/988 1631/68/1074
f 2215/68/1076 2101/68/991 2097/68/988
f 2218/68/1077 2208/68/1078 2101/68/991
f 2218/68/1077 2221/68/1079 2106/68/997
f 2221/68/1079 2212/68/1080 2210/68/999
f 2212/68/1080 2213/68/1089 1902/68/1081
f 2225/68/1082 2206/68/1073 2204/68/1075
f 2216/371/1084 2214/371/1076 2205/371/1073
f 2228/371/1085 2217/371/1086 2214/371/1076
f 2228/371/1085 2219/371/1087 2220/371/1079
f 2219/371/1087 2230/371/1088 2211/371/1080
f 2231/68/1088 1904/68/1097 2213/68/1089
f 2235/68/1090 2225/68/1082 1637/68/1083
f 2222/371/1092 2216/371/1084 2224/371/1082
f 2237/371/1094 2228/371/1085 2216/371/1084
f 2237/371/1094 2226/371/1095 2219/371/1087
f 2226/371/1095 2242/371/1678 2230/371/1088
f 2243/68/1096 2229/68/1104 1904/68/1097
f 2232/68/1098 2235/68/1090 2233/68/1091
f 2236/68/1100 2223/68/1092 2235/68/1090
f 2239/68/1101 2238/68/1094 2223/68/1092
f 2239/68/1101 2240/68/1102 2227/68/1095
f 2240/68/1102 2241/68/1103 2243/68/1096
f 2241/68/1103 1909/68/1099 2229/68/1104
f 2383/370/1105 2304/370/1108 2251/370/1106
f 2304/370/1108 2360/370/1679 2248/370/1109
f 2253/370/1110 2250/370/1113 2258/370/1111
f 2250/370/1113 2249/370/1680 2267/370/1681
f 2273/370/1682 2259/370/1118 2309/370/1116
f 2259/370/1118 2266/370/1114 2270/370/1119
s 0
f 2284/69/1683 2384/69/1683 2254/69/1683
f 2256/69/1684 2275/69/1684 2330/69/1684
f 2276/69/1685 2262/69/1685 2331/69/1685
f 2263/69/77 2307/69/77 2332/69/77
f 2307/69/77 2321/69/77 2279/69/77
f 2332/69/77 2307/69/77 2279/69/77
f 2329/69/1686 2350/69/1686 2255/69/1686
f 2359/69/1687 2355/69/1687 2244/69/1687
f 2356/69/1688 2341/69/1688 2247/69/1688
f 2290/69/76 2294/69/76 2298/69/76
f 2294/69/76 2296/69/76 2298/69/76
f 2340/69/1689 2287/69/1689 2245/69/1689
f 2264/69/1690 2246/69/1690 2288/69/1690
f 2298/69/76 2269/69/76 2290/69/76
f 2382/69/1691 2283/69/1691 2303/69/1691
f 2281/69/1692 2352/69/1692 2301/69/1692
f 2260/69/1123 2310/69/1123 2314/69/1123
f 2271/69/1124 2300/69/1124 2312/69/1124
f 2305/69/1125 2313/69/1125 2318/69/1125
f 2311/69/1126 2299/69/1126 2297/69/1126
f 2319/370/1127 2316/370/1127 2335/370/1127
f 2315/370/1128 2295/370/1128 2292/370/1128
f 2336/69/1129 2325/69/1129 2328/69/1129
f 2334/69/1130 2293/69/1130 2286/69/1130
f 2349/69/1693 2327/69/1693 2323/69/1693
f 2326/69/1694 2291/69/1694 2342/69/1694
f 2344/373/1132 2345/507/1132 2346/374/1132
f 2339/69/1695 2354/69/1695 2282/69/1695
f 2380/69/74 2357/69/74 2362/69/74
f 2370/69/77 2374/69/77 2364/69/77
f 2375/69/75 2377/69/75 2371/69/75
f 2376/69/76 2381/69/76 2366/69/76
f 2367/69/1696 2363/69/1696 2372/69/1696
s 1
f 2386/370/1135 2395/370/1139 2419/370/1136
f 2391/370/1138 2443/370/1697 2395/370/1139
f 2394/370/1140 2396/370/1144 2425/370/1147
f 2444/370/1143 2402/370/1698 2396/370/1144
f 2397/370/1145 2412/370/1149 2398/370/1146
f 2403/370/1699 2408/370/1700 2412/370/1149
s 0
f 2452/69/1701 2418/69/1701 2421/69/1701
f 2423/69/1702 2427/69/1702 2495/69/1702
f 2428/69/1703 2400/69/1703 2496/69/1703
f 2401/69/77 2431/69/77 2497/69/77
f 2431/69/77 2476/69/77 2479/69/77
f 2497/69/77 2431/69/77 2479/69/77
f 2494/69/1704 2436/69/1704 2422/69/1704
f 2392/69/1705 2456/69/1705 2445/69/1705
f 2457/69/1706 2441/69/1706 2448/69/1706
f 2501/69/76 2489/69/76 2462/69/76
f 2489/69/76 2472/69/76 2462/69/76
f 2440/69/1707 2498/69/1707 2446/69/1707
f 2405/69/1708 2447/69/1708 2499/69/1708
f 2462/69/76 2410/69/76 2501/69/76
f 2417/69/1709 2450/69/1709 2388/69/1709
f 2449/69/1710 2458/69/1710 2387/69/1710
f 2399/69/1153 2411/69/1153 2464/69/1153
f 2407/69/1154 2461/69/1154 2466/69/1154
f 2463/69/1155 2467/69/1155 2474/69/1155
f 2460/69/1156 2471/69/1156 2468/69/1156
f 2469/370/1157 2480/370/1157 2477/370/1157
f 2473/370/1158 2490/370/1158 2482/370/1158
f 2481/69/1159 2487/69/1159 2493/69/1159
f 2483/69/1160 2491/69/1160 2503/69/1160
f 2434/69/1711 2492/69/1711 2485/69/1711
f 2486/69/1712 2502/69/1712 2442/69/1712
f 2505/373/1132 2506/507/1132 2507/374/1132
f 2433/69/1133 2439/69/1133 2454/69/1133
f 2389/69/74 2508/69/74 2523/69/74
f 2513/69/77 2520/69/77 2511/69/77
f 2512/69/75 2521/69/75 2514/69/75
f 2522/69/76 2416/69/76 2525/69/76
f 2510/69/1713 2519/69/1713 2516/69/1713
f 2526/69/74 2529/69/74 2527/69/74
f 277/69/74 2528/69/74 2529/69/74
f 2529/69/74 2530/69/74 2531/69/74
f 2528/69/74 2532/69/74 2530/69/74
f 2530/69/74 2535/69/74 2533/69/74
f 2532/69/74 2537/69/74 2535/69/74
f 2540/69/74 2536/69/74 2533/69/74
f 2539/69/74 2540/69/74 2535/69/74
f 2542/69/74 2544/69/74 2536/69/74
f 2541/69/74 2542/69/74 2540/69/74
f 2543/69/74 910/69/74 2544/69/74
f 916/69/74 2543/69/74 2542/69/74
f 2546/68/74 2547/68/74 2548/68/74
f 2550/68/74 2551/68/74 2552/68/74
s 1
f 2554/69/1163 3538/69/1714 2555/69/1164
f 2599/69/1166 3543/69/1170 3539/69/1167
f 2559/69/1169 2562/69/1715 3543/69/1170
f 2601/69/1171 2564/69/1175 2561/69/1172
f 2602/69/1174 3547/69/1177 2564/69/1175
f 2565/69/1176 2571/69/1179 3547/69/1177
f 2565/69/1176 2604/69/1180 2569/69/1178
f 2604/69/1180 2577/69/1182 2579/69/1181
f 2577/69/1182 2580/69/1202 2584/69/1183
f 2581/69/1184 2582/69/1187 2589/69/1185
f 2582/69/1187 2609/69/1716 2593/69/1188
f 2595/69/1189 2596/69/1206 2608/69/1190
f 2557/69/1165 2555/69/1164 2616/69/1192
f 2617/69/1194 2619/69/1195 2599/69/1166
f 2619/69/1195 2622/69/1213 2559/69/1169
f 2600/69/1196 2601/69/1171 2558/69/1173
f 2624/69/1198 2602/69/1174 2601/69/1171
f 2626/69/1199 2565/69/1176 2602/69/1174
f 2626/69/1199 2627/69/1200 2604/69/1180
f 2627/69/1200 2603/69/1201 2577/69/1182
f 2603/69/1201 2605/69/1717 2580/69/1202
f 2607/69/1203 2582/69/1187 2581/69/1184
f 2611/69/1205 2609/69/1716 2582/69/1187
f 2596/69/1206 2635/69/1718 2610/69/1207
f 2613/69/1208 2615/69/1719 2597/69/1209
f 2614/69/1211 2618/69/1212 2619/69/1195
f 2618/69/1212 2640/69/1214 2622/69/1213
f 2640/69/1214 2620/69/1216 2600/69/1196
f 2623/69/1215 2624/69/1198 2600/69/1196
f 2625/69/1217 2626/69/1199 2624/69/1198
f 2625/69/1217 2643/69/1218 2627/69/1200
f 2643/69/1218 2628/69/1220 2603/69/1201
f 2649/69/1219 2605/69/1717 2603/69/1201
f 2629/69/1221 2607/69/1203 2606/69/1204
f 2631/69/1222 2611/69/1205 2607/69/1203
f 2630/69/1223 2632/69/1720 2634/69/1224
f 2659/69/1226 2614/69/1211 2637/69/1227
f 2659/69/1226 2638/69/1229 2618/69/1212
f 2638/69/1229 2667/69/1231 2640/69/1214
f 2665/69/1230 2620/69/1216 2640/69/1214
f 2641/69/1232 2623/69/1215 2620/69/1216
f 2642/69/1233 2625/69/1217 2623/69/1215
f 2642/69/1233 2644/69/1234 2643/69/1218
f 2644/69/1234 2646/69/1235 2628/69/1220
f 2646/69/1235 2672/69/1237 2649/69/1219
f 2647/69/1236 2629/69/1221 2649/69/1219
f 2651/69/1238 2631/69/1222 2629/69/1221
f 2651/69/1238 2653/69/1255 2633/69/1239
f 2679/370/1240 2658/370/1226 2656/370/1228
f 2681/370/1242 2639/370/1244 2658/370/1226
f 2662/370/1243 2668/370/1721 2639/370/1244
f 2686/370/1245 2664/370/1230 2666/370/1246
f 2690/370/1248 2695/370/1722 2671/370/1249
f 2697/370/1250 2669/370/1253 2648/370/1251
f 2669/370/1253 2674/370/1254 2650/370/1238
f 2674/370/1254 2702/370/1272 2652/370/1255
f 2677/69/1256 2680/69/1240 2655/69/1241
f 2677/69/1256 2678/69/1258 2682/69/1242
f 2678/69/1258 2684/69/1723 2663/69/1243
f 2683/69/1259 2708/69/1260 2687/69/1245
f 2708/69/1260 2709/69/1262 2685/69/1261
f 2709/69/1262 2688/69/1265 2689/69/1263
f 2710/69/1264 2692/69/1267 2689/69/1263
f 2711/69/1266 2691/69/1248 2692/69/1267
f 2693/69/1268 2696/69/1722 2691/69/1248
f 2699/69/1269 2670/69/1253 2698/69/1250
f 2700/69/1271 2675/69/1254 2670/69/1253
f 2700/69/1271 2701/69/1287 2703/69/1272
f 2705/69/1273 2677/69/1256 2676/69/1257
f 2879/69/1275 2678/69/1258 2677/69/1256
f 2884/69/1276 2684/69/1723 2678/69/1258
f 2883/69/1277 2707/69/1278 2708/69/1260
f 2707/69/1278 2887/69/1279 2709/69/1262
f 2887/69/1279 2889/69/1281 2688/69/1265
f 2895/69/1280 2710/69/1264 2688/69/1265
f 2893/69/1282 2711/69/1266 2710/69/1264
f 2902/69/1283 2693/69/1268 2711/69/1266
f 2903/69/1284 2900/69/1285 2699/69/1269
f 2900/69/1285 2905/69/1286 2700/69/1271
f 2905/69/1286 2713/69/1724 2701/69/1287
f 2716/69/1288 2743/69/1292 2717/69/1289
f 3584/69/1291 2720/69/1294 2743/69/1292
f 2719/69/1293 2745/69/1296 2720/69/1294
f 2722/69/1295 2723/69/1298 2745/69/1296
f 2722/69/1295 3578/69/1299 2747/69/1297
f 3578/69/1299 3570/69/1302 2729/69/1300
f 2726/69/1301 2733/69/1304 2729/69/1300
f 2731/69/1303 2732/69/1306 2733/69/1304
f 2731/69/1303 3569/69/1307 2750/69/1305
f 3569/69/1307 2737/69/1309 2751/69/1308
f 2737/69/1309 3567/69/1311 2741/69/1310
f 3567/69/1311 2739/69/1725 2740/69/1312
f 2743/69/1292 2742/69/1314 2753/69/1313
f 2720/69/1294 2756/69/1315 2742/69/1314
f 2745/69/1296 2744/69/1317 2756/69/1315
f 2745/69/1296 2723/69/1298 2746/69/1316
f 2723/69/1298 2747/69/1297 2748/69/1318
f 2747/69/1297 2729/69/1300 2759/69/1319
f 2733/69/1304 2749/69/1320 2759/69/1319
f 2732/69/1306 2762/69/1321 2749/69/1320
f 2750/69/1305 2764/69/1323 2762/69/1321
f 2750/69/1305 2751/69/1308 2765/69/1322
f 2751/69/1308 2741/69/1310 2752/69/1324
f 2741/69/1310 2740/69/1312 2766/69/1325
f 2742/69/1314 2755/69/1327 2754/69/1326
f 2756/69/1315 2757/69/1328 2755/69/1327
f 2744/69/1317 2771/69/1342 2757/69/1328
f 2746/69/1316 2758/69/1331 2770/69/1329
f 2746/69/1316 2748/69/1318 2772/69/1330
f 2748/69/1318 2759/69/1319 2760/69/1332
f 2749/69/1320 2761/69/1333 2760/69/1332
f 2762/69/1321 2763/69/1335 2761/69/1333
f 2762/69/1321 2764/69/1323 2779/69/1334
f 2764/69/1323 2765/69/1322 2781/69/1336
f 2765/69/1322 2752/69/1324 2784/69/1338
f 2752/69/1324 2766/69/1325 2767/69/1339
f 2754/69/1326 2755/69/1327 2788/69/1340
f 2757/69/1328 2769/69/1343 2788/69/1340
f 2771/69/1342 2795/69/1726 2769/69/1343
f 2758/69/1331 2797/69/1346 2793/69/1344
f 2758/69/1331 2772/69/1330 2776/69/1345
f 2772/69/1330 2760/69/1332 2774/69/1347
f 2761/69/1333 2778/69/1348 2774/69/1347
f 2763/69/1335 2802/69/1350 2778/69/1348
f 2763/69/1335 2779/69/1334 2804/69/1349
f 2780/69/1337 2781/69/1336 2783/69/1351
f 2781/69/1336 2784/69/1338 2808/69/1353
f 2767/69/1339 2810/69/1373 2808/69/1353
f 2785/370/1341 2787/370/1356 2811/370/1354
f 2787/370/1356 2768/370/1343 2791/370/1357
f 2768/370/1343 2794/370/1726 2790/370/1358
f 2792/370/1344 2796/370/1361 2798/370/1359
f 2775/370/1360 2814/370/1363 2798/370/1359
f 2773/370/1362 2799/370/1365 2814/370/1363
f 2773/370/1362 2777/370/1366 2817/370/1364
f 2777/370/1366 2801/370/1369 2800/370/1367
f 2803/370/1368 2820/370/1370 2800/370/1367
f 2782/370/1351 2823/370/1372 2820/370/1370
f 2807/370/1371 2824/370/1374 2823/370/1372
f 2809/370/1373 2825/370/1386 2824/370/1374
f 2789/370/1355 2811/370/1354 2812/370/1375
f 2811/370/1354 2791/370/1357 2832/370/1377
f 2791/370/1357 2790/370/1358 2838/370/1378
f 2790/370/1358 2798/370/1359 2840/370/1379
f 2814/370/1363 2845/370/1380 2840/370/1379
f 2799/370/1365 2815/370/1382 2845/370/1380
f 2799/370/1365 2817/370/1364 2854/370/1381
f 2817/370/1364 2800/370/1367 2818/370/1383
f 2820/370/1370 2859/370/1384 2818/370/1383
f 2823/370/1372 2821/370/1385 2859/370/1384
f 2824/370/1374 2826/370/1387 2821/370/1385
f 2825/370/1386 2867/370/1407 2826/370/1387
f 2829/69/1376 2813/69/1390 3368/69/1388
f 2833/69/1377 2836/69/1391 3368/69/1388
f 2839/69/1378 2844/69/1727 2836/69/1391
f 2841/69/1392 2848/69/1396 2843/69/1393
f 2846/69/1395 2853/69/1398 2848/69/1396
f 2816/69/1397 2850/69/1397 2853/69/1398
f 2816/69/1397 2855/69/1400 3380/69/1399
f 2855/69/1400 2819/69/1402 2857/69/1401
f 2819/69/1402 2858/69/1728 2862/69/1403
f 2860/69/1384 2822/69/1385 3382/69/1404
f 2822/69/1385 2827/69/1408 2866/69/1406
f 2868/69/1407 3384/69/1729 2866/69/1406
s 0
f 2704/69/78 2877/69/78 2872/69/78
f 2872/69/78 2875/69/78 2881/69/78
f 2880/69/78 2706/69/78 2881/69/78
f 2885/69/78 2886/69/78 2706/69/78
f 2534/69/78 2890/69/78 2886/69/78
f 2534/69/78 2888/69/78 2894/69/78
f 2888/69/78 2891/69/78 2892/69/78
f 2891/69/78 911/69/78 2901/69/78
f 912/69/79 2897/69/79 2899/69/79
f 2904/69/78 2906/69/78 2896/69/78
f 2911/69/78 2916/69/78 2920/69/78
f 2912/69/77 2915/69/77 2919/69/77
f 2925/69/79 2922/69/79 2918/69/79
f 2909/69/76 2921/69/76 2923/69/76
f 2913/68/74 2910/68/74 2907/68/74
f 2928/69/74 2929/69/74 2930/69/74
f 2932/69/74 2933/69/74 2934/69/74
f 2936/69/74 2937/69/74 2938/69/74
f 2940/69/74 2941/69/74 2942/69/74
f 2944/69/74 2945/69/74 2946/69/74
f 2948/69/74 2949/69/74 2950/69/74
f 2956/370/74 2962/370/74 2952/370/74
f 2954/370/74 2955/370/74 2961/370/74
f 2953/370/74 2957/370/74 2958/370/74
f 2960/370/74 2961/370/74 2962/370/74
f 2971/370/74 2970/370/74 2964/370/74
f 2965/370/74 2966/370/74 2967/370/74
f 2969/370/74 2967/370/74 2970/370/74
f 2972/370/74 2973/370/74 2974/370/74
f 2976/376/74 2977/508/74 2978/377/74
f 2980/376/74 2981/508/74 2982/377/74
f 2985/379/1730 2999/382/1730 2992/380/1730
f 2997/382/1731 2984/379/1731 3027/383/1731
f 2998/382/1732 3044/386/1732 3036/385/1732
f 2988/384/1733 3004/389/1733 3040/386/1733
f 3041/386/1734 3010/390/1734 3052/387/1734
f 3002/389/1735 3057/392/1735 3007/390/1735
f 3006/390/1736 3017/393/1736 3064/391/1736
f 3055/392/1737 3013/509/1737 3015/393/1737
f 3045/69/78 245/69/78 3019/69/78
f 247/69/74 2983/69/74 3018/69/74
f 3021/69/74 3024/69/74 2983/69/74
f 3028/69/79 2987/69/79 3025/69/79
f 3047/69/75 3030/69/75 3033/69/75
f 3031/69/78 3045/69/78 2991/69/78
f 255/69/79 3001/69/79 2987/69/79
f 3048/69/78 3031/69/78 3034/69/78
f 267/69/79 3054/69/79 3001/69/79
f 3059/69/1738 3066/69/1738 3062/69/1738
f 3067/69/78 3048/69/78 3050/69/78
f 3070/69/79 3012/69/79 3054/69/79
f 3069/69/75 3058/69/75 3014/69/75
f 3130/380/1739 3087/382/1739 3115/379/1739
f 3123/383/1740 3114/379/1740 3085/382/1740
f 3136/385/1741 3078/386/1741 3086/382/1741
f 3074/386/1742 3100/389/1742 3080/384/1742
f 3091/387/1743 3106/390/1743 3075/386/1743
f 3103/390/1744 3096/392/1744 3098/389/1744
f 3149/391/1745 3159/393/1745 3102/390/1745
f 3157/393/1746 3162/509/1746 3094/392/1746
f 3127/69/79 3108/69/79 3111/69/79
f 883/69/75 3113/69/75 3110/69/75
f 3117/69/75 3120/69/75 3113/69/75
f 3138/69/78 3079/69/78 3121/69/78
f 3142/69/74 3124/69/74 3133/69/74
f 3125/69/79 3127/69/79 3129/69/79
f 3140/69/78 3097/69/78 3079/69/78
f 3154/69/79 3125/69/79 3134/69/79
f 895/69/78 3093/69/78 3097/69/78
f 3144/69/1747 3151/69/1747 3147/69/1747
f 3152/69/79 3154/69/79 3089/69/79
f 905/69/78 3161/69/78 3093/69/78
f 904/69/74 3143/69/74 3156/69/74
f 3163/370/1425 1908/370/1425 3164/370/1425
f 3167/370/1425 3169/370/1425 3163/370/1425
s 1
f 632/370/1426 3172/370/1426 3173/370/1426
f 3176/394/92 3179/397/1428 3177/395/1427
f 3179/397/1428 3181/399/1430 3211/398/1429
f 3181/399/1430 3370/401/1432 3214/400/1431
f 3370/401/1432 3184/403/1748 3189/402/1433
f 3186/69/75 3188/69/75 3190/69/1435
s 0
f 3191/69/75 3193/69/75 3188/69/75
f 3194/69/75 3219/69/75 3193/69/75
f 3196/69/75 3222/69/75 3219/69/75
f 3198/69/75 3223/69/75 3222/69/75
s 1
f 3377/69/1437 3228/69/1450 3223/69/75
f 3201/401/1438 3202/400/1749 3227/402/1439
f 3205/399/1441 3229/398/1444 3203/400/1442
f 3207/397/1443 3230/395/1445 3229/398/1444
f 3373/394/386 646/396/59 3230/395/1445
f 3177/395/1427 3210/405/1446 3232/404/95
f 3211/398/1429 3212/406/1447 3210/405/1446
f 3214/400/1431 3216/407/1457 3212/406/1447
f 3189/402/1433 3236/408/1449 3215/407/1448
f 3188/69/75 3217/69/75 3237/69/1449
s 0
f 3193/69/75 3218/69/75 3217/69/75
f 3219/69/75 3221/69/75 3218/69/75
f 3222/69/75 3220/69/75 3221/69/75
f 3223/69/75 3226/69/75 3220/69/75
s 1
f 3228/69/1450 3225/69/1452 3226/69/75
f 3227/402/1439 3202/400/1749 3247/407/1451
f 3203/400/1442 3229/398/1444 3249/406/1453
f 3229/398/1444 3230/395/1445 3252/405/1455
f 3230/395/1445 646/396/59 644/404/57
f 3210/405/1446 3235/410/1456 3234/409/97
f 3212/406/1447 3254/411/1458 3235/410/1456
f 3216/407/1457 3256/412/1459 3254/411/1458
f 3236/408/1449 3238/413/1750 3256/412/1459
f 3217/69/75 3259/69/75 3239/69/1460
s 0
f 3218/69/75 3262/69/75 3259/69/75
f 3226/69/75 3242/69/75 3241/69/75
s 1
f 3225/69/1452 3245/69/1751 3242/69/75
f 3224/408/1452 3247/407/1451 3268/412/1461
f 3248/407/1454 3249/406/1453 3250/411/1463
f 3249/406/1453 3252/405/1455 3253/410/1464
f 3252/405/1455 644/404/57 650/409/53
f 3235/410/1456 3275/415/1465 3274/414/99
f 3254/411/1458 3278/424/1466 3275/415/1465
f 3257/416/1459 3258/420/1467 3279/417/1466
f 3240/419/1460 3261/422/1468 3258/420/1467
f 3260/421/75 3264/423/75 3261/422/1468
s 0
f 3262/69/75 3284/69/75 3263/69/75
f 3242/69/75 3265/69/75 3267/69/75
s 1
f 3246/419/1469 3290/422/1471 3266/423/75
f 3246/419/1469 3269/416/1461 3270/420/1470
f 3269/416/1461 3251/418/1463 3272/417/1472
f 3250/411/1463 3253/410/1464 3294/415/1473
f 3253/410/1464 650/409/53 652/414/52
f 3275/415/1465 3295/426/1474 18/425/101
f 3278/424/1466 3276/431/1475 3295/426/1474
f 3258/420/1467 3280/428/1476 3277/427/1475
f 3261/422/1468 3283/429/1477 3280/428/1476
f 3264/423/75 3282/430/75 3283/429/1477
s 0
f 3284/69/75 3285/69/75 3281/69/75
f 3265/69/75 3286/69/75 3288/69/75
s 1
f 3290/422/1471 3289/429/1479 3287/430/75
f 3290/422/1471 3270/420/1470 3293/428/1478
f 3270/420/1470 3272/417/1472 3292/427/1480
f 3271/424/1472 3294/415/1473 3301/426/1481
f 3294/415/1473 652/414/52 654/425/51
f 3295/426/1474 3296/433/1482 3303/432/103
f 3276/431/1475 3306/438/1483 3296/433/1482
f 3280/428/1476 3308/435/1484 3307/434/1483
f 3283/429/1477 3311/436/1485 3308/435/1484
f 3282/430/75 3298/437/75 3311/436/1485
s 0
f 3285/69/75 3316/69/75 3297/69/75
f 3286/69/75 3318/69/75 3299/69/75
s 1
f 3289/429/1479 3322/436/1487 3319/437/75
f 3289/429/1479 3293/428/1478 3323/435/1486
f 3293/428/1478 3292/427/1480 3325/434/1488
f 3291/431/1480 3301/426/1481 3300/433/1489
f 3301/426/1481 654/425/51 656/432/50
f 3296/433/1482 3329/440/1490 3305/439/105
f 3306/438/1483 3309/445/1491 3329/440/1490
f 3308/435/1484 3335/442/1492 3310/441/1491
f 3311/436/1485 3315/443/1499 3335/442/1492
s 0
f 3298/437/75 3340/444/75 3313/443/75
f 3316/69/75 3317/69/75 3339/69/75
f 3318/69/75 3320/69/75 3342/69/75
s 1
f 3322/436/1487 3344/443/75 3321/444/75
f 3322/436/1487 3323/435/1486 3350/442/1493
f 3323/435/1486 3325/434/1488 3352/441/1495
f 3324/438/1488 3300/433/1489 3328/440/1496
f 3300/433/1489 656/432/50 3327/439/48
f 3329/440/1490 3333/447/1497 3331/446/107
f 3309/445/1491 3332/449/1498 3333/447/1497
f 3334/448/1492 3338/451/1500 3332/449/1498
f 3314/450/1499 3337/452/1505 3338/451/1500
s 0
f 3339/69/75 3341/69/75 3336/69/75
f 3317/69/75 3357/69/75 3341/69/75
f 3320/69/75 3364/69/75 3363/69/75
f 3343/69/75 3347/69/75 3364/69/75
s 1
f 3345/450/1494 3349/448/1493 3366/451/1501
f 3349/448/1493 3351/445/1495 3354/449/1503
f 3351/445/1495 3328/440/1496 3353/447/1504
f 3328/440/1496 3327/439/48 3356/446/46
f 3333/447/1497 9/59/55 12/453/87
f 3332/449/1498 6/40/37 9/59/55
f 3338/451/1500 5/21/21 6/40/37
f 3337/452/1505 3/22/1752 5/21/21
s 0
f 3341/69/75 3358/69/75 1/69/75
f 3357/69/75 3361/69/75 3358/69/75
f 3359/69/75 3360/69/75 3361/69/75
f 3363/69/75 3362/69/75 3360/69/75
f 3364/69/75 3365/69/75 3362/69/75
f 3347/69/75 631/69/75 3365/69/75
s 1
f 3348/452/1502 3366/451/1501 635/21/68
f 3366/451/1501 3354/449/1503 638/40/66
f 3354/449/1503 3353/447/1504 639/59/64
f 3353/447/1504 3356/446/46 641/453/44
s 0
f 3367/69/79 2835/69/79 3174/69/79
f 2834/69/78 2842/69/78 2847/69/78
f 2851/69/78 2834/69/78 2847/69/78
f 2851/69/78 2849/69/78 3187/69/78
f 2849/69/78 3195/69/78 3192/69/78
f 2849/69/78 3192/69/78 3187/69/78
f 2835/69/79 2852/69/79 3183/69/79
f 3180/69/79 2835/69/79 3183/69/79
f 2830/69/79 3367/69/79 3174/69/79
f 2835/69/79 3180/69/79 3178/69/79
f 2851/69/78 3187/69/78 3182/69/78
f 2835/69/79 3178/69/79 3174/69/79
f 3371/69/79 3206/69/79 3379/69/79
f 3206/69/79 3204/69/79 3379/69/79
f 3375/69/79 3204/69/79 3200/69/79
f 2861/69/78 3381/69/78 2856/69/78
f 3381/69/78 2864/69/78 3378/69/78
f 3378/69/78 2856/69/78 3381/69/78
f 3195/69/78 2849/69/78 3197/69/78
f 2849/69/78 3378/69/78 3199/69/78
f 3197/69/78 2849/69/78 3199/69/78
f 3379/69/79 2865/69/79 3371/69/79
f 2865/69/79 3383/69/79 3371/69/79
f 3374/69/78 3199/69/78 3378/69/78
f 3390/69/78 3397/69/78 3388/69/78
f 3393/69/77 3401/69/77 3398/69/77
f 3394/69/79 3403/69/79 3400/69/79
f 3386/69/76 3389/69/76 3404/69/76
f 3396/68/75 3399/68/75 3402/68/75
f 3406/454/75 3407/454/75 3408/454/75
f 3451/455/1753 3414/459/1753 3417/456/1753
f 3456/458/1754 3423/461/1754 3410/459/1754
f 3425/460/79 3556/463/79 3422/461/79
f 3426/460/1755 3434/464/1755 3562/462/1755
f 3430/464/1756 3467/495/1756 3436/465/1756
f 3481/466/1757 3486/467/1757 3450/455/1757
f 3485/467/1758 3444/469/1758 3455/458/1758
f 3457/468/79 3425/460/79 3452/458/79
s 1
f 3464/470/1759 3435/464/1759 3427/460/1759
s 0
f 3489/471/1760 3468/495/1760 3431/464/1760
f 3473/472/1761 3478/473/1761 3488/467/1761
f 3476/473/1762 3504/475/1762 3445/469/1762
f 3510/474/79 3457/468/79 3442/469/79
f 3523/476/1763 3465/470/1763 3458/468/1763
f 3532/477/1764 3491/471/1764 3462/470/1764
f 3553/478/1765 3496/479/1765 3479/473/1765
f 3494/479/1766 3501/481/1766 3505/475/1766
f 3507/480/79 3510/474/79 3502/475/79
f 3517/482/1767 3524/476/1767 3511/474/1767
s 1
f 3529/483/1768 3533/477/1768 3520/476/1768
s 0
f 3537/510/1769 3542/511/1769 3551/478/1769
f 3540/511/79 2560/512/79 2563/513/79
f 3544/514/79 3540/511/79 2563/513/79
f 3545/514/1770 2575/515/1770 3495/479/1770
f 2573/515/1771 2567/516/1771 3514/482/1771
f 3548/514/1772 3497/479/1772 3554/478/1772
f 2566/516/79 2578/517/79 2586/518/79
f 2578/517/79 2583/519/79 2586/518/79
f 2588/518/1773 2591/484/1773 3528/483/1773
f 2568/516/1774 2587/518/1774 3526/483/1774
f 3541/511/1775 3546/514/1775 3549/478/1775
f 3506/480/1776 3498/481/1776 2572/515/1776
f 3500/481/1777 3493/479/1777 2574/515/1777
f 3518/482/1778 3508/480/1778 2576/515/1778
f 2570/516/1779 3531/483/1779 3516/482/1779
f 3550/478/1780 3536/510/1780 2553/520/1780
f 3416/456/1781 3413/459/1781 3579/521/1781
f 3411/459/1782 3424/461/1782 3573/522/1782
f 3577/521/1783 3412/459/1783 3574/522/1783
f 3558/463/1784 3564/462/1784 3575/522/1784
f 3560/462/1785 3437/465/1785 2727/487/1785
f 3585/523/1786 3419/456/1786 2714/524/1786
f 2715/524/1787 3420/456/1787 3583/525/1787
f 3559/462/1788 2725/487/1788 3572/522/1788
f 3440/465/1789 2738/526/1789 3565/527/1789
f 3441/465/1790 3566/527/1790 2736/486/1790
f 3418/456/1791 3580/521/1791 3582/525/1791
f 3421/461/1792 3555/463/1792 3571/522/1792
f 2718/528/79 3581/525/79 2721/529/79
f 3576/521/79 2721/529/79 3581/525/79
f 3568/530/79 2730/531/79 2734/486/79
f 2730/531/79 2724/487/79 2734/486/79
f 3590/488/1525 3595/488/1525 3587/457/1525
f 3593/489/1526 3597/489/1526 3596/488/1526
f 125/490/1526 3603/490/1526 3597/489/1526
f 3599/491/1527 3602/491/1527 3604/490/1527
f 136/492/1528 3607/492/1528 3601/491/1528
f 145/493/1528 3605/493/1528 3607/492/1528
f 150/472/1529 3470/472/1529 3606/493/1529
f 741/494/1530 3610/494/1530 3469/495/1530
f 3614/496/1531 3612/496/1531 3611/494/1531
f 764/497/1531 3620/497/1531 3612/496/1531
f 3617/498/1532 3619/498/1532 3621/497/1532
f 785/499/1533 3622/499/1533 3618/498/1533
f 782/500/1533 3623/500/1533 3622/499/1533
f 3626/477/1534 3535/477/1534 3624/500/1534
f 3651/69/1535 3660/69/1535 3658/69/1535
f 3649/69/79 3628/69/79 3661/69/79
f 3631/69/1536 3634/69/1536 3627/69/1536
f 3636/69/1537 3642/69/1537 3633/69/1537
f 3646/69/78 3640/69/78 3643/69/78
f 3654/69/1538 3657/69/1538 3639/69/1538
f 3656/69/77 3647/69/77 3638/69/77
f 3638/69/77 3632/69/77 3656/69/77
f 3632/69/77 3650/69/77 3656/69/77
f 3641/69/76 3659/69/76 3635/69/76
f 3659/69/76 3662/69/76 3635/69/76
f 3662/69/76 3629/69/76 3635/69/76
f 3668/69/1539 3695/69/1539 3692/69/1539
f 3670/69/79 3676/69/79 3694/69/79
f 3689/69/1540 3674/69/1540 3677/69/1540
f 3680/69/1541 3683/69/1541 3673/69/1541
f 3685/69/78 3697/69/78 3682/69/78
f 3664/69/1542 3691/69/1542 3698/69/1542
f 3663/69/75 3684/69/75 3678/69/75
f 3678/69/75 3687/69/75 3669/69/75
f 3669/69/75 3666/69/75 3663/69/75
f 3696/69/74 3690/69/74 3693/69/74
f 3693/69/74 3675/69/74 3672/69/74
f 3672/69/74 3681/69/74 3696/69/74
f 3701/372/1543 3743/372/1543 3739/372/1543
s 1
f 3703/372/1544 3709/372/1544 3742/372/1544
s 0
f 3706/372/1545 3745/372/1545 3710/372/1545
f 3712/372/1546 3715/372/1546 3746/372/1546
f 3722/372/1547 3719/372/1547 3716/372/1547
f 3725/372/1548 3728/372/1548 3718/372/1548
f 3733/372/1549 3730/372/1549 3727/372/1549
f 3737/372/1550 3740/372/1550 3731/372/1550
f 3735/372/74 3732/372/74 3699/372/74
f 3732/372/74 3723/372/74 3702/372/74
f 3723/372/74 3720/372/74 3702/372/74
f 3720/372/74 3711/372/74 3705/372/74
f 3702/372/74 3720/372/74 3705/372/74
f 3729/372/75 3738/372/75 3741/372/75
f 3741/372/75 3708/372/75 3729/372/75
f 3708/372/75 3744/372/75 3726/372/75
f 3729/372/75 3708/372/75 3726/372/75
f 3744/372/75 3714/372/75 3717/372/75
f 3753/372/1793 3794/372/1793 3786/372/1793
f 3757/372/1794 3812/372/1794 3789/372/1794
f 3761/372/1795 3821/372/1795 3811/372/1795
f 3762/372/1796 3856/372/1796 3828/372/1796
f 3857/372/1797 3853/372/1797 3769/372/1797
f 3852/372/1798 3771/372/1798 3777/372/1798
f 3772/372/1799 3781/372/1799 3841/372/1799
f 3750/372/1800 3788/372/1800 3846/372/1800
f 3785/372/1801 3793/372/1801 3798/372/1801
f 3791/372/1802 3813/372/1802 3807/372/1802
f 3808/372/1803 3820/372/1803 3814/372/1803
f 3825/372/1804 3831/372/1804 3817/372/1804
s 1
f 3766/372/1573 3870/372/1573 3830/372/1573
s 0
f 3775/372/1574 3834/372/1574 3868/372/1574
f 3840/372/1805 3848/372/1805 3838/372/1805
f 3843/372/1806 3783/372/1806 3800/372/1806
f 3747/372/1567 3780/372/1567 3854/372/1567
f 3780/372/1567 3770/372/1567 3854/372/1567
f 3770/372/1567 3850/372/1567 3854/372/1567
f 3854/372/1567 3759/372/1567 3747/372/1567
f 3759/372/1567 3755/372/1567 3747/372/1567
f 3799/372/1568 3795/372/1568 3861/372/1568
f 3804/372/1568 3889/372/1568 3861/372/1568
f 3805/372/1807 3819/372/1807 3867/372/1807
f 3818/372/1568 3833/372/1568 3875/372/1568
f 3871/372/1568 3899/372/1568 3875/372/1568
f 3835/372/1568 3877/372/1568 3899/372/1568
f 3847/372/1568 3879/372/1568 3877/372/1568
f 3799/372/1568 3858/372/1568 3879/372/1568
f 3887/69/1570 3863/69/1570 3860/69/1570
f 3906/69/1560 3890/69/1560 3862/69/1560
f 3891/69/1571 3864/69/1571 3888/69/1571
f 3892/69/1572 3895/69/1572 3874/69/1572
f 3908/69/1573 3898/69/1573 3873/69/1573
s 1
f 3907/69/1574 3910/69/1574 3876/69/1574
s 0
f 3912/69/1575 3902/69/1575 3880/69/1575
s 1
f 3883/69/1576 3859/69/1576 3881/69/1576
s 0
f 3901/69/1568 3882/69/1568 3885/69/1568
f 3885/69/1568 3905/69/1568 3893/69/1568
f 3893/69/1568 3896/69/1568 3909/69/1568
f 3909/69/1568 3911/69/1568 3893/69/1568
f 3911/69/1568 3901/69/1568 3893/69/1568
f 3936/372/1577 3948/372/1577 3918/372/1577
f 3944/372/1578 3920/372/1578 3917/372/1578
f 3942/372/1579 3927/372/1579 3921/372/1579
f 3930/372/1580 3924/372/1580 3926/372/1580
f 3932/372/1581 3937/372/1581 3922/372/1581
f 3935/372/1582 3914/372/1582 3939/372/1582
f 3934/372/1583 3931/372/1583 3928/372/1583
f 3928/372/1583 3940/372/1583 3934/372/1583
f 3940/372/1583 3943/372/1583 3934/372/1583
f 3938/372/1584 3913/372/1584 3925/372/1584
f 3913/372/1584 3916/372/1584 3925/372/1584
f 3916/372/1584 3919/372/1584 3925/372/1584
f 3963/69/1585 3951/69/1585 3954/69/1585
f 3955/69/75 3958/69/75 3952/69/75
f 3957/69/1586 3962/69/1586 3964/69/1586
f 3978/69/1585 3984/69/1585 3969/69/1585
f 3973/69/75 3970/69/75 3982/69/75
f 3975/69/1586 3980/69/1586 3967/69/1586
s 1
f 3994/68/1589 3991/68/1589 3985/68/1589
s 0
f 3988/68/1590 4000/68/1590 3986/68/1590
f 3995/68/1591 3999/68/1591 4002/68/1591
f 4013/68/1594 4020/68/1594 4007/68/1594
f 4003/68/1595 4009/68/1595 4018/68/1595
f 4016/68/1596 4008/68/1596 4011/68/1596
f 4026/68/1808 4041/68/1808 4024/68/1808
f 4036/68/1600 4032/68/1600 4042/68/1600
f 4033/68/1809 4037/68/1809 4022/68/1809
o Wheel_FL
v -0.784000 0.535104 -1.289479
v -0.784000 0.550000 -1.205000
v -0.777000 0.568933 -1.301792
v -0.784000 0.492213 -1.363769
v -0.784000 0.426500 -1.418908
v -0.777000 0.444500 -1.450085
v -0.777000 0.352142 -1.483701
v -0.784000 0.345891 -1.448248
v -0.784000 0.260109 -1.448248
v -0.777000 0.161500 -1.450085
v -0.784000 0.179500 -1.418908
v -0.784000 0.113787 -1.363769
v -0.784000 0.070896 -1.289479
v -0.784000 0.070896 -1.120521
v -0.784000 0.056000 -1.205000
v -0.777000 0.161500 -0.959915
v -0.784000 0.179500 -0.991092
v -0.784000 0.113787 -1.046232
v -0.777000 0.253858 -0.926299
v -0.784000 0.260109 -0.961753
v -0.784000 0.345891 -0.961753
v -0.777000 0.444500 -0.959915
v -0.784000 0.426500 -0.991092
v -0.784000 0.492213 -1.046232
v -0.777000 0.519791 -1.023091
v -0.777000 0.568933 -1.108208
v -0.784000 0.535104 -1.120521
v -0.777000 0.586000 -1.205000
v -0.754000 0.535111 -1.399765
v -0.754000 0.535111 -1.399765
v -0.777000 0.519791 -1.386909
v -0.754000 0.250385 -1.503397
v -0.754000 0.250385 -1.503397
v -0.777000 0.253858 -1.483701
v -0.777000 0.086209 -1.386909
v -0.777000 0.037067 -1.301792
v -0.777000 0.020000 -1.205000
v -0.777000 0.086209 -1.023091
v -0.777000 0.037067 -1.108208
v -0.754000 0.151500 -0.942594
v -0.754000 0.151500 -0.942594
v -0.777000 0.352142 -0.926299
v -0.754000 0.454500 -0.942594
v -0.754000 0.454500 -0.942594
v -0.754000 0.535111 -1.010235
v -0.754000 0.535111 -1.010235
v -0.754000 0.587727 -1.101368
v -0.754000 0.587727 -1.101368
v -0.754000 0.606000 -1.205000
v -0.754000 0.606000 -1.205000
v -0.754000 0.587727 -1.308632
v -0.754000 0.587727 -1.308632
v -0.614000 0.454500 -1.467406
v -0.614000 0.454500 -1.467406
v -0.614000 0.355615 -1.503397
v -0.614000 0.355615 -1.503397
v -0.754000 0.454500 -1.467406
v -0.754000 0.454500 -1.467406
v -0.754000 0.355615 -1.503397
v -0.754000 0.355615 -1.503397
v -0.614000 0.250385 -1.503397
v -0.614000 0.250385 -1.503397
v -0.614000 0.151500 -1.467406
v -0.614000 0.151500 -1.467406
v -0.754000 0.070889 -1.399765
v -0.754000 0.070889 -1.399765
v -0.754000 0.151500 -1.467406
v -0.754000 0.151500 -1.467406
v -0.614000 0.070889 -1.399765
v -0.614000 0.070889 -1.399765
v -0.614000 0.018273 -1.308632
v -0.614000 0.018273 -1.308632
v -0.754000 0.018273 -1.308632
v -0.754000 0.018273 -1.308632
v -0.754000 0.018273 -1.101368
v -0.754000 0.018273 -1.101368
v -0.754000 0.000000 -1.205000
v -0.754000 0.000000 -1.205000
v -0.754000 0.070889 -1.010235
v -0.754000 0.070889 -1.010235
v -0.614000 0.070889 -1.010235
v -0.614000 0.070889 -1.010235
v -0.754000 0.355615 -0.906603
v -0.754000 0.355615 -0.906603
v -0.754000 0.250385 -0.906603
v -0.754000 0.250385 -0.906603
v -0.614000 0.535111 -1.010235
v -0.614000 0.535111 -1.010235
v -0.614000 0.606000 -1.205000
v -0.614000 0.606000 -1.205000
v -0.614000 0.587727 -1.308632
v -0.614000 0.587727 -1.308632
v -0.591000 0.519791 -1.386909
v -0.591000 0.444500 -1.450085
v -0.614000 0.535111 -1.399765
v -0.614000 0.535111 -1.399765
v -0.591000 0.352142 -1.483701
v -0.591000 0.161500 -1.450085
v -0.591000 0.086209 -1.386909
v -0.591000 0.037067 -1.301792
v -0.614000 0.000000 -1.205000
v -0.614000 0.000000 -1.205000
v -0.591000 0.037067 -1.108208
v -0.614000 0.018273 -1.101368
v -0.614000 0.018273 -1.101368
v -0.614000 0.151500 -0.942594
v -0.614000 0.151500 -0.942594
v -0.614000 0.250385 -0.906603
v -0.614000 0.250385 -0.906603
v -0.614000 0.355615 -0.906603
v -0.614000 0.355615 -0.906603
v -0.591000 0.444500 -0.959915
v -0.614000 0.454500 -0.942594
v -0.614000 0.454500 -0.942594
v -0.591000 0.568933 -1.108208
v -0.614000 0.587727 -1.101368
v -0.614000 0.587727 -1.101368
v -0.591000 0.586000 -1.205000
v -0.584000 0.550000 -1.205000
v -0.584000 0.535104 -1.289479
v -0.591000 0.568933 -1.301792
v -0.584000 0.492213 -1.363769
v -0.584000 0.426500 -1.418908
v -0.584000 0.345891 -1.448248
v -0.584000 0.260109 -1.448248
v -0.591000 0.253858 -1.483701
v -0.584000 0.179500 -1.418908
v -0.584000 0.113787 -1.363769
v -0.584000 0.070896 -1.289479
v -0.584000 0.056000 -1.205000
v -0.591000 0.020000 -1.205000
v -0.584000 0.070896 -1.120521
v -0.591000 0.086209 -1.023091
v -0.584000 0.113787 -1.046232
v -0.584000 0.179500 -0.991092
v -0.584000 0.260109 -0.961753
v -0.591000 0.253858 -0.926299
v -0.591000 0.161500 -0.959915
v -0.584000 0.345891 -0.961753
v -0.591000 0.352142 -0.926299
v -0.584000 0.426500 -0.991092
v -0.584000 0.492213 -1.046232
v -0.591000 0.519791 -1.023091
v -0.584000 0.535104 -1.120521
v -0.785000 0.550000 -1.205000
v -0.785000 0.535104 -1.289479
v -0.785000 0.492213 -1.363769
v -0.785000 0.426500 -1.418908
v -0.785000 0.345891 -1.448248
v -0.785000 0.260109 -1.448248
v -0.785000 0.179500 -1.418908
v -0.785000 0.113787 -1.363769
v -0.785000 0.070896 -1.289479
v -0.785000 0.056000 -1.205000
v -0.785000 0.070896 -1.120521
v -0.785000 0.113787 -1.046232
v -0.785000 0.179500 -0.991092
v -0.785000 0.260109 -0.961753
v -0.785000 0.345891 -0.961753
v -0.785000 0.426500 -0.991092
v -0.785000 0.492213 -1.046232
v -0.785000 0.535104 -1.120521
v -0.583000 0.535104 -1.120521
v -0.583000 0.492213 -1.046232
v -0.583000 0.426500 -0.991092
v -0.583000 0.345891 -0.961753
v -0.583000 0.260109 -0.961753
v -0.583000 0.179500 -0.991092
v -0.583000 0.113787 -1.046232
v -0.583000 0.070896 -1.120521
v -0.583000 0.056000 -1.205000
v -0.583000 0.070896 -1.289479
v -0.583000 0.113787 -1.363769
v -0.583000 0.179500 -1.418908
v -0.583000 0.260109 -1.448248
v -0.583000 0.345891 -1.448248
v -0.583000 0.426500 -1.418908
v -0.583000 0.492213 -1.363769
v -0.583000 0.535104 -1.289479
v -0.583000 0.550000 -1.205000
vn -0.8504 0.4944 -0.1799
vn -0.9816 0.1909 -0.0000
vn -0.8504 0.5261 -0.0000
vn -0.9816 0.1462 -0.1227
vn -0.9816 0.1794 -0.0653
vn -0.8504 0.2630 -0.4556
vn -0.8504 0.4030 -0.3382
vn -0.8504 0.0914 -0.5181
vn -0.9816 0.0954 -0.1653
vn -0.8504 -0.0914 -0.5181
vn -0.9816 0.0331 -0.1880
vn -0.8504 -0.2630 -0.4556
vn -0.9816 -0.0331 -0.1880
vn -0.8504 -0.4030 -0.3382
vn -0.9816 -0.0954 -0.1653
vn -0.8504 -0.4944 -0.1799
vn -0.9816 -0.1462 -0.1227
vn -0.9816 -0.1909 -0.0000
vn -0.9816 -0.1794 -0.0653
vn -0.8504 -0.4944 0.1799
vn -0.8504 -0.5261 -0.0000
vn -0.9816 -0.1462 0.1227
vn -0.9816 -0.1794 0.0653
vn -0.8504 -0.2630 0.4556
vn -0.8504 -0.4030 0.3382
vn -0.8504 -0.0914 0.5181
vn -0.9816 -0.0954 0.1653
vn -0.8504 0.0914 0.5181
vn -0.9816 -0.0331 0.1880
vn -0.8504 0.2630 0.4556
vn -0.9816 0.0331 0.1880
vn -0.8504 0.4030 0.3382
vn -0.9816 0.0954 0.1653
vn -0.8504 0.4944 0.1799
vn -0.9816 0.1462 0.1227
vn -0.9816 0.1794 0.0653
vn -0.6562 0.7091 -0.2581
vn -0.6562 0.7546 -0.0000
vn -0.6562 0.5781 -0.4851
vn -0.6562 0.3773 -0.6535
vn -0.6562 0.1310 -0.7431
vn -0.6562 -0.1310 -0.7431
vn -0.6562 -0.3773 -0.6535
vn -0.6562 -0.5781 -0.4851
vn -0.6562 -0.7091 -0.2581
vn -0.6562 -0.7091 0.2581
vn -0.6562 -0.7546 -0.0000
vn -0.6562 -0.5781 0.4851
vn -0.6562 -0.3773 0.6535
vn -0.6562 -0.1310 0.7431
vn -0.6562 0.1310 0.7431
vn -0.6562 0.3773 0.6535
vn -0.6562 0.5781 0.4851
vn -0.6562 0.7091 0.2581
vn -0.0000 0.9397 -0.3420
vn -0.0000 1.0000 -0.0000
vn -0.0000 0.7660 -0.6428
vn -0.0000 0.5000 -0.8660
vn -0.0000 0.1737 -0.9848
vn -0.0000 -0.1736 -0.9848
vn -0.0000 0.1736 -0.9848
vn -0.0000 -0.5000 -0.8660
vn -0.0000 -0.1737 -0.9848
vn -0.0000 -0.7660 -0.6428
vn -0.0000 -0.9397 -0.3420
vn -0.0000 -1.0000 -0.0000
vn -0.0000 -0.9397 0.3420
vn -0.0000 -0.7660 0.6428
vn -0.0000 -0.5000 0.8660
vn -0.0000 -0.1737 0.9848
vn -0.0000 0.1736 0.9848
vn -0.0000 -0.1736 0.9848
vn -0.0000 0.5000 0.8660
vn -0.0000 0.1737 0.9848
vn -0.0000 0.7660 0.6428
vn -0.0000 0.9397 0.3420
vn 0.8504 0.4944 -0.1799
vn 0.6562 0.7546 -0.0000
vn 0.8504 0.5261 -0.0000
vn 0.6562 0.5781 -0.4851
vn 0.6562 0.7091 -0.2581
vn 0.8504 0.4030 -0.3382
vn 0.6562 0.3773 -0.6535
vn 0.8504 0.2630 -0.4556
vn 0.6562 0.1310 -0.7431
vn 0.8504 -0.0914 -0.5181
vn 0.8504 0.0914 -0.5181
vn 0.8504 -0.2630 -0.4556
vn 0.6562 -0.1310 -0.7431
vn 0.8504 -0.4030 -0.3382
vn 0.6562 -0.3773 -0.6535
vn 0.8504 -0.4944 -0.1799
vn 0.6562 -0.5781 -0.4851
vn 0.8504 -0.5261 -0.0000
vn 0.6562 -0.7091 -0.2581
vn 0.8504 -0.4944 0.1799
vn 0.6562 -0.7546 -0.0000
vn 0.6562 -0.5781 0.4851
vn 0.6562 -0.7091 0.2581
vn 0.8504 -0.4030 0.3382
vn 0.6562 -0.3773 0.6535
vn 0.8504 -0.2630 0.4556
vn 0.6562 -0.1310 0.7431
vn 0.8504 0.0914 0.5181
vn 0.8504 -0.0914 0.5181
vn 0.8504 0.2630 0.4556
vn 0.6562 0.1310 0.7431
vn 0.8504 0.4030 0.3382
vn 0.6562 0.3773 0.6535
vn 0.8504 0.4944 0.1799
vn 0.6562 0.5781 0.4851
vn 0.6562 0.7091 0.2581
vn 0.9816 0.1794 -0.0653
vn 0.9816 0.1909 -0.0000
vn 0.9816 0.1462 -0.1227
vn 0.9816 0.0954 -0.1653
vn 0.9816 0.0331 -0.1880
vn 0.9816 -0.0331 -0.1880
vn 0.9816 -0.0954 -0.1653
vn 0.9816 -0.1462 -0.1227
vn 0.9816 -0.1794 -0.0653
vn 0.9816 -0.1794 0.0653
vn 0.9816 -0.1909 -0.0000
vn 0.9816 -0.1462 0.1227
vn 0.9816 -0.0954 0.1653
vn 0.9816 -0.0331 0.1880
vn 0.9816 0.0331 0.1880
vn 0.9816 0.0954 0.1653
vn 0.9816 0.1462 0.1227
vn 0.9816 0.1794 0.0653
vn -1.0000 -0.0000 -0.0000
vn 1.0000 -0.0000 -0.0000
vt 0.218750 0.937500
vt 0.178000 0.772461
vt 0.038023 0.537550
vt 0.017312 0.772461
vt 0.157290 0.821825
vt 0.097656 0.865234
vt 0.006292 0.711907
vt 0.065926 0.854045
vt 0.129387 0.854045
vt 0.189020 0.711907
vt 0.189020 0.647468
vt 0.178000 0.586914
vt 0.157290 0.537550
vt 0.129387 0.505330
vt 0.097656 0.494141
vt 0.065926 0.505330
vt 0.017312 0.586914
vt 0.006292 0.647468
vt 0.038023 0.821825
s 1
usemtl Vehicle_Atlas
f 4045/532/1810 4044/532/1811 4070/532/1812
f 4045/532/1810 4046/532/1813 4043/532/1814
f 4048/532/1815 4046/532/1813 4073/532/1816
f 4049/532/1817 4047/532/1818 4048/532/1815
f 4076/532/1819 4050/532/1820 4049/532/1817
f 4052/532/1821 4051/532/1822 4076/532/1819
f 4077/532/1823 4053/532/1824 4052/532/1821
f 4078/532/1825 4054/532/1826 4077/532/1823
f 4078/532/1825 4057/532/1827 4055/532/1828
f 4081/532/1829 4057/532/1827 4079/532/1830
f 4081/532/1829 4060/532/1831 4056/532/1832
f 4058/532/1833 4060/532/1831 4080/532/1834
f 4061/532/1835 4059/532/1836 4058/532/1833
f 4084/532/1837 4062/532/1838 4061/532/1835
f 4064/532/1839 4063/532/1840 4084/532/1837
f 4067/532/1841 4065/532/1842 4064/532/1839
f 4068/532/1843 4066/532/1844 4067/532/1841
f 4068/532/1843 4044/532/1811 4069/532/1845
f 4094/532/1846 4070/532/1812 4092/532/1847
f 4072/532/1848 4045/532/1810 4094/532/1846
f 4100/532/1849 4073/532/1816 4072/532/1848
f 4102/532/1850 4048/532/1815 4100/532/1849
f 4075/532/1851 4049/532/1817 4102/532/1850
f 4110/532/1852 4076/532/1819 4075/532/1851
f 4110/532/1852 4077/532/1823 4052/532/1821
f 4108/532/1853 4078/532/1825 4077/532/1823
f 4116/532/1854 4079/532/1830 4078/532/1825
f 4118/532/1855 4079/532/1830 4120/532/1856
f 4122/532/1857 4081/532/1829 4118/532/1855
f 4083/532/1858 4080/532/1834 4122/532/1857
f 4128/532/1859 4058/532/1833 4083/532/1858
f 4126/532/1860 4061/532/1835 4128/532/1859
f 4086/532/1861 4084/532/1837 4126/532/1860
f 4086/532/1861 4067/532/1841 4064/532/1839
f 4088/532/1862 4068/532/1843 4067/532/1841
f 4090/532/1863 4070/532/1812 4068/532/1843
f 4133/532/1864 4091/532/1865 4131/532/1865
f 4137/532/1866 4093/532/1864 4133/532/1864
f 4095/532/1867 4071/532/1866 4137/532/1866
f 4097/532/1868 4099/532/1867 4095/532/1867
f 4103/532/1869 4101/532/1870 4097/532/1868
f 4105/532/1871 4074/532/1872 4103/532/1869
f 4111/532/1873 4109/532/1871 4105/532/1871
f 4113/532/1874 4107/532/1873 4111/532/1873
f 4143/532/1875 4115/532/1874 4113/532/1874
f 4146/532/1876 4119/532/1875 4143/532/1875
f 4123/532/1877 4117/532/1876 4146/532/1876
f 4148/532/1878 4121/532/1877 4123/532/1877
f 4150/532/1879 4082/532/1878 4148/532/1878
f 4152/532/1880 4127/532/1881 4150/532/1879
f 4155/532/1882 4125/532/1883 4152/532/1880
f 4129/532/1884 4085/532/1882 4155/532/1882
f 4158/532/1885 4087/532/1884 4129/532/1884
f 4131/532/1865 4089/532/1885 4158/532/1885
f 4163/532/1886 4132/532/1887 4160/532/1888
f 4163/532/1886 4138/532/1889 4134/532/1890
f 4135/532/1891 4096/532/1892 4138/532/1889
f 4136/532/1893 4098/532/1894 4096/532/1892
f 4168/532/1895 4098/532/1894 4139/532/1896
f 4140/532/1897 4104/532/1898 4168/532/1895
f 4141/532/1899 4106/532/1900 4140/532/1897
f 4142/532/1901 4112/532/1902 4141/532/1899
f 4173/532/1903 4114/532/1904 4142/532/1901
f 4145/532/1905 4144/532/1906 4173/532/1903
f 4145/532/1905 4124/532/1907 4147/532/1908
f 4175/532/1909 4149/532/1910 4124/532/1907
f 4180/532/1911 4151/532/1912 4149/532/1910
f 4182/532/1913 4151/532/1912 4179/532/1914
f 4154/532/1915 4153/532/1916 4182/532/1913
f 4185/532/1917 4156/532/1918 4154/532/1915
f 4157/532/1919 4130/532/1920 4185/532/1917
f 4160/532/1888 4159/532/1921 4157/532/1919
f 4162/532/1922 4160/532/1888 4161/532/1923
f 4164/532/1924 4163/532/1886 4162/532/1922
f 4165/532/1925 4135/532/1891 4164/532/1924
f 4166/532/1926 4136/532/1893 4165/532/1925
f 4167/532/1927 4139/532/1896 4166/532/1926
f 4169/532/1928 4168/532/1895 4167/532/1927
f 4169/532/1928 4141/532/1899 4140/532/1897
f 4170/532/1929 4142/532/1901 4141/532/1899
f 4171/532/1930 4173/532/1903 4142/532/1901
f 4174/532/1931 4173/532/1903 4172/532/1932
f 4176/532/1933 4145/532/1905 4174/532/1931
f 4177/532/1934 4175/532/1909 4176/532/1933
f 4178/532/1935 4180/532/1911 4177/532/1934
f 4181/532/1936 4179/532/1914 4178/532/1935
f 4183/532/1937 4182/532/1913 4181/532/1936
f 4183/532/1937 4185/532/1917 4154/532/1915
f 4184/532/1938 4157/532/1919 4185/532/1917
f 4186/532/1939 4160/532/1888 4157/532/1919
s 0
f 4190/533/1940 4198/534/1940 4202/535/1940
f 4220/536/1941 4222/537/1941 4208/538/1941
s 1
f 4045/532/1810 4043/532/1814 4044/532/1811
f 4045/532/1810 4073/532/1816 4046/532/1813
f 4048/532/1815 4047/532/1818 4046/532/1813
f 4049/532/1817 4050/532/1820 4047/532/1818
f 4076/532/1819 4051/532/1822 4050/532/1820
f 4052/532/1821 4053/532/1824 4051/532/1822
f 4077/532/1823 4054/532/1826 4053/532/1824
f 4078/532/1825 4055/532/1828 4054/532/1826
f 4078/532/1825 4079/532/1830 4057/532/1827
f 4081/532/1829 4056/532/1832 4057/532/1827
f 4081/532/1829 4080/532/1834 4060/532/1831
f 4058/532/1833 4059/532/1836 4060/532/1831
f 4061/532/1835 4062/532/1838 4059/532/1836
f 4084/532/1837 4063/532/1840 4062/532/1838
f 4064/532/1839 4065/532/1842 4063/532/1840
f 4067/532/1841 4066/532/1844 4065/532/1842
f 4068/532/1843 4069/532/1845 4066/532/1844
f 4068/532/1843 4070/532/1812 4044/532/1811
f 4094/532/1846 4045/532/1810 4070/532/1812
f 4072/532/1848 4073/532/1816 4045/532/1810
f 4100/532/1849 4048/532/1815 4073/532/1816
f 4102/532/1850 4049/532/1817 4048/532/1815
f 4075/532/1851 4076/532/1819 4049/532/1817
f 4110/532/1852 4052/532/1821 4076/532/1819
f 4110/532/1852 4108/532/1853 4077/532/1823
f 4108/532/1853 4116/532/1854 4078/532/1825
f 4116/532/1854 4120/532/1856 4079/532/1830
f 4118/532/1855 4081/532/1829 4079/532/1830
f 4122/532/1857 4080/532/1834 4081/532/1829
f 4083/532/1858 4058/532/1833 4080/532/1834
f 4128/532/1859 4061/532/1835 4058/532/1833
f 4126/532/1860 4084/532/1837 4061/532/1835
f 4086/532/1861 4064/532/1839 4084/532/1837
f 4086/532/1861 4088/532/1862 4067/532/1841
f 4088/532/1862 4090/532/1863 4068/532/1843
f 4090/532/1863 4092/532/1847 4070/532/1812
f 4133/532/1864 4093/532/1864 4091/532/1865
f 4137/532/1866 4071/532/1866 4093/532/1864
f 4095/532/1867 4099/532/1867 4071/532/1866
f 4097/532/1868 4101/532/1870 4099/532/1867
f 4103/532/1869 4074/532/1872 4101/532/1870
f 4105/532/1871 4109/532/1871 4074/532/1872
f 4111/532/1873 4107/532/1873 4109/532/1871
f 4113/532/1874 4115/532/1874 4107/532/1873
f 4143/532/1875 4119/532/1875 4115/532/1874
f 4146/532/1876 4117/532/1876 4119/532/1875
f 4123/532/1877 4121/532/1877 4117/532/1876
f 4148/532/1878 4082/532/1878 4121/532/1877
f 4150/532/1879 4127/532/1881 4082/532/1878
f 4152/532/1880 4125/532/1883 4127/532/1881
f 4155/532/1882 4085/532/1882 4125/532/1883
f 4129/532/1884 4087/532/1884 4085/532/1882
f 4158/532/1885 4089/532/1885 4087/532/1884
f 4131/532/1865 4091/532/1865 4089/532/1885
f 4163/532/1886 4134/532/1890 4132/532/1887
f 4163/532/1886 4135/532/1891 4138/532/1889
f 4135/532/1891 4136/532/1893 4096/532/1892
f 4136/532/1893 4139/532/1896 4098/532/1894
f 4168/532/1895 4104/532/1898 4098/532/1894
f 4140/532/1897 4106/532/1900 4104/532/1898
f 4141/532/1899 4112/532/1902 4106/532/1900
f 4142/532/1901 4114/532/1904 4112/532/1902
f 4173/532/1903 4144/532/1906 4114/532/1904
f 4145/532/1905 4147/532/1908 4144/532/1906
f 4145/532/1905 4175/532/1909 4124/532/1907
f 4175/532/1909 4180/532/1911 4149/532/1910
f 4180/532/1911 4179/532/1914 4151/532/1912
f 4182/532/1913 4153/532/1916 4151/532/1912
f 4154/532/1915 4156/532/1918 4153/532/1916
f 4185/532/1917 4130/532/1920 4156/532/1918
f 4157/532/1919 4159/532/1921 4130/532/1920
f 4160/532/1888 4132/532/1887 4159/532/1921
f 4162/532/1922 4163/532/1886 4160/532/1888
f 4164/532/1924 4135/532/1891 4163/532/1886
f 4165/532/1925 4136/532/1893 4135/532/1891
f 4166/532/1926 4139/532/1896 4136/532/1893
f 4167/532/1927 4168/532/1895 4139/532/1896
f 4169/532/1928 4140/532/1897 4168/532/1895
f 4169/532/1928 4170/532/1929 4141/532/1899
f 4170/532/1929 4171/532/1930 4142/532/1901
f 4171/532/1930 4172/532/1932 4173/532/1903
f 4174/532/1931 4145/532/1905 4173/532/1903
f 4176/532/1933 4175/532/1909 4145/532/1905
f 4177/532/1934 4180/532/1911 4175/532/1909
f 4178/532/1935 4179/532/1914 4180/532/1911
f 4181/532/1936 4182/532/1913 4179/532/1914
f 4183/532/1937 4154/532/1915 4182/532/1913
f 4183/532/1937 4184/532/1938 4185/532/1917
f 4184/532/1938 4186/532/1939 4157/532/1919
f 4186/532/1939 4161/532/1923 4160/532/1888
s 0
f 4204/539/1940 4187/537/1940 4188/540/1940
f 4188/540/1940 4189/536/1940 4204/539/1940
f 4189/536/1940 4190/533/1940 4204/539/1940
f 4190/533/1940 4191/541/1940 4192/542/1940
f 4192/542/1940 4193/543/1940 4190/533/1940
f 4193/543/1940 4194/544/1940 4190/533/1940
f 4194/544/1940 4195/545/1940 4196/546/1940
f 4196/546/1940 4197/547/1940 4198/534/1940
f 4198/534/1940 4199/548/1940 4200/549/1940
f 4200/549/1940 4201/538/1940 4198/534/1940
f 4201/538/1940 4202/535/1940 4198/534/1940
f 4202/535/1940 4203/550/1940 4190/533/1940
f 4203/550/1940 4204/539/1940 4190/533/1940
f 4194/544/1940 4196/546/1940 4190/533/1940
f 4196/546/1940 4198/534/1940 4190/533/1940
f 4222/537/1941 4205/539/1941 4206/550/1941
f 4206/550/1941 4207/535/1941 4208/538/1941
f 4208/538/1941 4209/549/1941 4210/548/1941
f 4210/548/1941 4211/534/1941 4212/547/1941
f 4212/547/1941 4213/546/1941 4214/545/1941
f 4214/545/1941 4215/544/1941 4212/547/1941
f 4215/544/1941 4216/543/1941 4212/547/1941
f 4216/543/1941 4217/542/1941 4218/541/1941
f 4218/541/1941 4219/533/1941 4220/536/1941
f 4220/536/1941 4221/540/1941 4222/537/1941
f 4222/537/1941 4206/550/1941 4208/538/1941
f 4208/538/1941 4210/548/1941 4216/543/1941
f 4210/548/1941 4212/547/1941 4216/543/1941
f 4216/543/1941 4218/541/1941 4208/538/1941
f 4218/541/1941 4220/536/1941 4208/538/1941
o Wheel_FR
v 0.584000 0.535104 -1.289479
v 0.584000 0.550000 -1.205000
v 0.591000 0.568933 -1.301792
v 0.584000 0.492213 -1.363769
v 0.584000 0.426500 -1.418908
v 0.591000 0.444500 -1.450085
v 0.591000 0.352142 -1.483701
v 0.584000 0.345891 -1.448248
v 0.584000 0.260109 -1.448248
v 0.591000 0.161500 -1.450085
v 0.584000 0.179500 -1.418908
v 0.584000 0.113787 -1.363769
v 0.584000 0.070896 -1.289479
v 0.584000 0.070896 -1.120521
v 0.584000 0.056000 -1.205000
v 0.591000 0.161500 -0.959915
v 0.584000 0.179500 -0.991092
v 0.584000 0.113787 -1.046232
v 0.591000 0.253858 -0.926299
v 0.584000 0.260109 -0.961753
v 0.584000 0.345891 -0.961753
v 0.591000 0.444500 -0.959915
v 0.584000 0.426500 -0.991092
v 0.584000 0.492213 -1.046232
v 0.591000 0.519791 -1.023091
v 0.591000 0.568933 -1.108208
v 0.584000 0.535104 -1.120521
v 0.591000 0.586000 -1.205000
v 0.614000 0.535111 -1.399765
v 0.614000 0.535111 -1.399765
v 0.591000 0.519791 -1.386909
v 0.614000 0.250385 -1.503397
v 0.614000 0.250385 -1.503397
v 0.591000 0.253858 -1.483701
v 0.591000 0.086209 -1.386909
v 0.591000 0.037067 -1.301792
v 0.591000 0.020000 -1.205000
v 0.591000 0.086209 -1.023091
v 0.591000 0.037067 -1.108208
v 0.614000 0.151500 -0.942594
v 0.614000 0.151500 -0.942594
v 0.591000 0.352142 -0.926299
v 0.614000 0.454500 -0.942594
v 0.614000 0.454500 -0.942594
v 0.614000 0.535111 -1.010235
v 0.614000 0.535111 -1.010235
v 0.614000 0.587727 -1.101368
v 0.614000 0.587727 -1.101368
v 0.614000 0.606000 -1.205000
v 0.614000 0.606000 -1.205000
v 0.614000 0.587727 -1.308632
v 0.614000 0.587727 -1.308632
v 0.754000 0.454500 -1.467406
v 0.754000 0.454500 -1.467406
v 0.754000 0.355615 -1.503397
v 0.754000 0.355615 -1.503397
v 0.614000 0.454500 -1.467406
v 0.614000 0.454500 -1.467406
v 0.614000 0.355615 -1.503397
v 0.614000 0.355615 -1.503397
v 0.754000 0.250385 -1.503397
v 0.754000 0.250385 -1.503397
v 0.754000 0.151500 -1.467406
v 0.754000 0.151500 -1.467406
v 0.614000 0.070889 -1.399765
v 0.614000 0.070889 -1.399765
v 0.614000 0.151500 -1.467406
v 0.614000 0.151500 -1.467406
v 0.754000 0.070889 -1.399765
v 0.754000 0.070889 -1.399765
v 0.754000 0.018273 -1.308632
v 0.754000 0.018273 -1.308632
v 0.614000 0.018273 -1.308632
v 0.614000 0.018273 -1.308632
v 0.614000 0.018273 -1.101368
v 0.614000 0.018273 -1.101368
v 0.614000 0.000000 -1.205000
v 0.614000 0.000000 -1.205000
v 0.614000 0.070889 -1.010235
v 0.614000 0.070889 -1.010235
v 0.754000 0.070889 -1.010235
v 0.754000 0.070889 -1.010235
v 0.614000 0.355615 -0.906603
v 0.614000 0.355615 -0.906603
v 0.614000 0.250385 -0.906603
v 0.614000 0.250385 -0.906603
v 0.754000 0.535111 -1.010235
v 0.754000 0.535111 -1.010235
v 0.754000 0.606000 -1.205000
v 0.754000 0.606000 -1.205000
v 0.754000 0.587727 -1.308632
v 0.754000 0.587727 -1.308632
v 0.777000 0.519791 -1.386909
v 0.777000 0.444500 -1.450085
v 0.754000 0.535111 -1.399765
v 0.754000 0.535111 -1.399765
v 0.777000 0.352142 -1.483701
v 0.777000 0.161500 -1.450085
v 0.777000 0.086209 -1.386909
v 0.777000 0.037067 -1.301792
v 0.754000 0.000000 -1.205000
v 0.754000 0.000000 -1.205000
v 0.777000 0.037067 -1.108208
v 0.754000 0.018273 -1.101368
v 0.754000 0.018273 -1.101368
v 0.754000 0.151500 -0.942594
v 0.754000 0.151500 -0.942594
v 0.754000 0.250385 -0.906603
v 0.754000 0.250385 -0.906603
v 0.754000 0.355615 -0.906603
v 0.754000 0.355615 -0.906603
v 0.777000 0.444500 -0.959915
v 0.754000 0.454500 -0.942594
v 0.754000 0.454500 -0.942594
v 0.777000 0.568933 -1.108208
v 0.754000 0.587727 -1.101368
v 0.754000 0.587727 -1.101368
v 0.777000 0.586000 -1.205000
v 0.784000 0.550000 -1.205000
v 0.784000 0.535104 -1.289479
v 0.777000 0.568933 -1.301792
v 0.784000 0.492213 -1.363769
v 0.784000 0.426500 -1.418908
v 0.784000 0.345891 -1.448248
v 0.784000 0.260109 -1.448248
v 0.777000 0.253858 -1.483701
v 0.784000 0.179500 -1.418908
v 0.784000 0.113787 -1.363769
v 0.784000 0.070896 -1.289479
v 0.784000 0.056000 -1.205000
v 0.777000 0.020000 -1.205000
v 0.784000 0.070896 -1.120521
v 0.777000 0.086209 -1.023091
v 0.784000 0.113787 -1.046232
v 0.784000 0.179500 -0.991092
v 0.784000 0.260109 -0.961753
v 0.777000 0.253858 -0.926299
v 0.777000 0.161500 -0.959915
v 0.784000 0.345891 -0.961753
v 0.777000 0.352142 -0.926299
v 0.784000 0.426500 -0.991092
v 0.784000 0.492213 -1.046232
v 0.777000 0.519791 -1.023091
v 0.784000 0.535104 -1.120521
v 0.583000 0.550000 -1.205000
v 0.583000 0.535104 -1.289479
v 0.583000 0.492213 -1.363769
v 0.583000 0.426500 -1.418908
v 0.583000 0.345891 -1.448248
v 0.583000 0.260109 -1.448248
v 0.583000 0.179500 -1.418908
v 0.583000 0.113787 -1.363769
v 0.583000 0.070896 -1.289479
v 0.583000 0.056000 -1.205000
v 0.583000 0.070896 -1.120521
v 0.583000 0.113787 -1.046232
v 0.583000 0.179500 -0.991092
v 0.583000 0.260109 -0.961753
v 0.583000 0.345891 -0.961753
v 0.583000 0.426500 -0.991092
v 0.583000 0.492213 -1.046232
v 0.583000 0.535104 -1.120521
v 0.785000 0.535104 -1.120521
v 0.785000 0.492213 -1.046232
v 0.785000 0.426500 -0.991092
v 0.785000 0.345891 -0.961753
v 0.785000 0.260109 -0.961753
v 0.785000 0.179500 -0.991092
v 0.785000 0.113787 -1.046232
v 0.785000 0.070896 -1.120521
v 0.785000 0.056000 -1.205000
v 0.785000 0.070896 -1.289479
v 0.785000 0.113787 -1.363769
v 0.785000 0.179500 -1.418908
v 0.785000 0.260109 -1.448248
v 0.785000 0.345891 -1.448248
v 0.785000 0.426500 -1.418908
v 0.785000 0.492213 -1.363769
v 0.785000 0.535104 -1.289479
v 0.785000 0.550000 -1.205000
vn -0.8504 0.4944 -0.1799
vn -0.9816 0.1909 -0.0000
vn -0.8504 0.5261 -0.0000
vn -0.9816 0.1462 -0.1227
vn -0.9816 0.1794 -0.0653
vn -0.8504 0.2630 -0.4556
vn -0.8504 0.4030 -0.3382
vn -0.8504 0.0914 -0.5181
vn -0.9816 0.0954 -0.1653
vn -0.8504 -0.0914 -0.5181
vn -0.9816 0.0331 -0.1880
vn -0.8504 -0.2630 -0.4556
vn -0.9816 -0.0331 -0.1880
vn -0.8504 -0.4030 -0.3382
vn -0.9816 -0.0954 -0.1653
vn -0.8504 -0.4944 -0.1799
vn -0.9816 -0.1462 -0.1227
vn -0.9816 -0.1909 -0.0000
vn -0.9816 -0.1794 -0.0653
vn -0.8504 -0.4944 0.1799
vn -0.8504 -0.5261 -0.0000
vn -0.9816 -0.1462 0.1227
vn -0.9816 -0.1794 0.0653
vn -0.8504 -0.2630 0.4556
vn -0.8504 -0.4030 0.3382
vn -0.8504 -0.0914 0.5181
vn -0.9816 -0.0954 0.1653
vn -0.8504 0.0914 0.5181
vn -0.9816 -0.0331 0.1880
vn -0.8504 0.2630 0.4556
vn -0.9816 0.0331 0.1880
vn -0.8504 0.4030 0.3382
vn -0.9816 0.0954 0.1653
vn -0.8504 0.4944 0.1799
vn -0.9816 0.1462 0.1227
vn -0.9816 0.1794 0.0653
vn -0.6562 0.7091 -0.2581
vn -0.6562 0.7546 -0.0000
vn -0.6562 0.5781 -0.4851
vn -0.6562 0.3773 -0.6535
vn -0.6562 0.1310 -0.7431
vn -0.6562 -0.1310 -0.7431
vn -0.6562 -0.3773 -0.6535
vn -0.6562 -0.5781 -0.4851
vn -0.6562 -0.7091 -0.2581
vn -0.6562 -0.7091 0.2581
vn -0.6562 -0.7546 -0.0000
vn -0.6562 -0.5781 0.4851
vn -0.6562 -0.3773 0.6535
vn -0.6562 -0.1310 0.7431
vn -0.6562 0.1310 0.7431
vn -0.6562 0.3773 0.6535
vn -0.6562 0.5781 0.4851
vn -0.6562 0.7091 0.2581
vn -0.0000 0.9397 -0.3420
vn -0.0000 1.0000 -0.0000
vn -0.0000 0.7660 -0.6428
vn -0.0000 0.5000 -0.8660
vn -0.0000 0.1737 -0.9848
vn -0.0000 -0.1736 -0.9848
vn -0.0000 0.1736 -0.9848
vn -0.0000 -0.5000 -0.8660
vn -0.0000 -0.1737 -0.9848
vn -0.0000 -0.7660 -0.6428
vn -0.0000 -0.9397 -0.3420
vn -0.0000 -1.0000 -0.0000
vn -0.0000 -0.9397 0.3420
vn -0.0000 -0.7660 0.6428
vn -0.0000 -0.5000 0.8660
vn -0.0000 -0.1737 0.9848
vn -0.0000 0.1736 0.9848
vn -0.0000 -0.1736 0.9848
vn -0.0000 0.5000 0.8660
vn -0.0000 0.1737 0.9848
vn -0.0000 0.7660 0.6428
vn -0.0000 0.9397 0.3420
vn 0.8504 0.4944 -0.1799
vn 0.6562 0.7546 -0.0000
vn 0.8504 0.5261 -0.0000
vn 0.6562 0.5781 -0.4851
vn 0.6562 0.7091 -0.2581
vn 0.8504 0.4030 -0.3382
vn 0.6562 0.3773 -0.6535
vn 0.8504 0.2630 -0.4556
vn 0.6562 0.1310 -0.7431
vn 0.8504 -0.0914 -0.5181
vn 0.8504 0.0914 -0.5181
vn 0.8504 -0.2630 -0.4556
vn 0.6562 -0.1310 -0.7431
vn 0.8504 -0.4030 -0.3382
vn 0.6562 -0.3773 -0.6535
vn 0.8504 -0.4944 -0.1799
vn 0.6562 -0.5781 -0.4851
vn 0.8504 -0.5261 -0.0000
vn 0.6562 -0.7091 -0.2581
vn 0.8504 -0.4944 0.1799
vn 0.6562 -0.7546 -0.0000
vn 0.6562 -0.5781 0.4851
vn 0.6562 -0.7091 0.2581
vn 0.8504 -0.4030 0.3382
vn 0.6562 -0.3773 0.6535
vn 0.8504 -0.2630 0.4556
vn 0.6562 -0.1310 0.7431
vn 0.8504 0.0914 0.5181
vn 0.8504 -0.0914 0.5181
vn 0.8504 0.2630 0.4556
vn 0.6562 0.1310 0.7431
vn 0.8504 0.4030 0.3382
vn 0.6562 0.3773 0.6535
vn 0.8504 0.4944 0.1799
vn 0.6562 0.5781 0.4851
vn 0.6562 0.7091 0.2581
vn 0.9816 0.1794 -0.0653
vn 0.9816 0.1909 -0.0000
vn 0.9816 0.1462 -0.1227
vn 0.9816 0.0954 -0.1653
vn 0.9816 0.0331 -0.1880
vn 0.9816 -0.0331 -0.1880
vn 0.9816 -0.0954 -0.1653
vn 0.9816 -0.1462 -0.1227
vn 0.9816 -0.1794 -0.0653
vn 0.9816 -0.1794 0.0653
vn 0.9816 -0.1909 -0.0000
vn 0.9816 -0.1462 0.1227
vn 0.9816 -0.0954 0.1653
vn 0.9816 -0.0331 0.1880
vn 0.9816 0.0331 0.1880
vn 0.9816 0.0954 0.1653
vn 0.9816 0.1462 0.1227
vn 0.9816 0.1794 0.0653
vn -1.0000 -0.0000 -0.0000
vn 1.0000 -0.0000 -0.0000
vt 0.218750 0.937500
vt 0.178000 0.772461
vt 0.038023 0.537550
vt 0.017312 0.772461
vt 0.157290 0.821825
vt 0.097656 0.865234
vt 0.006292 0.711907
vt 0.065926 0.854045
vt 0.129387 0.854045
vt 0.189020 0.711907
vt 0.189020 0.647468
vt 0.178000 0.586914
vt 0.157290 0.537550
vt 0.129387 0.505330
vt 0.097656 0.494141
vt 0.065926 0.505330
vt 0.017312 0.586914
vt 0.006292 0.647468
vt 0.038023 0.821825
s 1
usemtl Vehicle_Atlas
f 4225/551/1942 4224/551/1943 4250/551/1944
f 4225/551/1942 4226/551/1945 4223/551/1946
f 4228/551/1947 4226/551/1945 4253/551/1948
f 4229/551/1949 4227/551/1950 4228/551/1947
f 4256/551/1951 4230/551/1952 4229/551/1949
f 4232/551/1953 4231/551/1954 4256/551/1951
f 4257/551/1955 4233/551/1956 4232/551/1953
f 4258/551/1957 4234/551/1958 4257/551/1955
f 4258/551/1957 4237/551/1959 4235/551/1960
f 4261/551/1961 4237/551/1959 4259/551/1962
f 4261/551/1961 4240/551/1963 4236/551/1964
f 4238/551/1965 4240/551/1963 4260/551/1966
f 4241/551/1967 4239/551/1968 4238/551/1965
f 4264/551/1969 4242/551/1970 4241/551/1967
f 4244/551/1971 4243/551/1972 4264/551/1969
f 4247/551/1973 4245/551/1974 4244/551/1971
f 4248/551/1975 4246/551/1976 4247/551/1973
f 4248/551/1975 4224/551/1943 4249/551/1977
f 4274/551/1978 4250/551/1944 4272/551/1979
f 4252/551/1980 4225/551/1942 4274/551/1978
f 4280/551/1981 4253/551/1948 4252/551/1980
f 4282/551/1982 4228/551/1947 4280/551/1981
f 4255/551/1983 4229/551/1949 4282/551/1982
f 4290/551/1984 4256/551/1951 4255/551/1983
f 4290/551/1984 4257/551/1955 4232/551/1953
f 4288/551/1985 4258/551/1957 4257/551/1955
f 4296/551/1986 4259/551/1962 4258/551/1957
f 4298/551/1987 4259/551/1962 4300/551/1988
f 4302/551/1989 4261/551/1961 4298/551/1987
f 4263/551/1990 4260/551/1966 4302/551/1989
f 4308/551/1991 4238/551/1965 4263/551/1990
f 4306/551/1992 4241/551/1967 4308/551/1991
f 4266/551/1993 4264/551/1969 4306/551/1992
f 4266/551/1993 4247/551/1973 4244/551/1971
f 4268/551/1994 4248/551/1975 4247/551/1973
f 4270/551/1995 4250/551/1944 4248/551/1975
f 4313/551/1996 4271/551/1997 4311/551/1997
f 4317/551/1998 4273/551/1996 4313/551/1996
f 4275/551/1999 4251/551/1998 4317/551/1998
f 4277/551/2000 4279/551/1999 4275/551/1999
f 4283/551/2001 4281/551/2002 4277/551/2000
f 4285/551/2003 4254/551/2004 4283/551/2001
f 4291/551/2005 4289/551/2003 4285/551/2003
f 4293/551/2006 4287/551/2005 4291/551/2005
f 4323/551/2007 4295/551/2006 4293/551/2006
f 4326/551/2008 4299/551/2007 4323/551/2007
f 4303/551/2009 4297/551/2008 4326/551/2008
f 4328/551/2010 4301/551/2009 4303/551/2009
f 4330/551/2011 4262/551/2010 4328/551/2010
f 4332/551/2012 4307/551/2013 4330/551/2011
f 4335/551/2014 4305/551/2015 4332/551/2012
f 4309/551/2016 4265/551/2014 4335/551/2014
f 4338/551/2017 4267/551/2016 4309/551/2016
f 4311/551/1997 4269/551/2017 4338/551/2017
f 4343/551/2018 4312/551/2019 4340/551/2020
f 4343/551/2018 4318/551/2021 4314/551/2022
f 4315/551/2023 4276/551/2024 4318/551/2021
f 4316/551/2025 4278/551/2026 4276/551/2024
f 4348/551/2027 4278/551/2026 4319/551/2028
f 4320/551/2029 4284/551/2030 4348/551/2027
f 4321/551/2031 4286/551/2032 4320/551/2029
f 4322/551/2033 4292/551/2034 4321/551/2031
f 4353/551/2035 4294/551/2036 4322/551/2033
f 4325/551/2037 4324/551/2038 4353/551/2035
f 4325/551/2037 4304/551/2039 4327/551/2040
f 4355/551/2041 4329/551/2042 4304/551/2039
f 4360/551/2043 4331/551/2044 4329/551/2042
f 4362/551/2045 4331/551/2044 4359/551/2046
f 4334/551/2047 4333/551/2048 4362/551/2045
f 4365/551/2049 4336/551/2050 4334/551/2047
f 4337/551/2051 4310/551/2052 4365/551/2049
f 4340/551/2020 4339/551/2053 4337/551/2051
f 4342/551/2054 4340/551/2020 4341/551/2055
f 4344/551/2056 4343/551/2018 4342/551/2054
f 4345/551/2057 4315/551/2023 4344/551/2056
f 4346/551/2058 4316/551/2025 4345/551/2057
f 4347/551/2059 4319/551/2028 4346/551/2058
f 4349/551/2060 4348/551/2027 4347/551/2059
f 4349/551/2060 4321/551/2031 4320/551/2029
f 4350/551/2061 4322/551/2033 4321/551/2031
f 4351/551/2062 4353/551/2035 4322/551/2033
f 4354/551/2063 4353/551/2035 4352/551/2064
f 4356/551/2065 4325/551/2037 4354/551/2063
f 4357/551/2066 4355/551/2041 4356/551/2065
f 4358/551/2067 4360/551/2043 4357/551/2066
f 4361/551/2068 4359/551/2046 4358/551/2067
f 4363/551/2069 4362/551/2045 4361/551/2068
f 4363/551/2069 4365/551/2049 4334/551/2047
f 4364/551/2070 4337/551/2051 4365/551/2049
f 4366/551/2071 4340/551/2020 4337/551/2051
s 0
f 4370/552/2072 4378/553/2072 4382/554/2072
f 4400/555/2073 4402/556/2073 4388/557/2073
s 1
f 4225/551/1942 4223/551/1946 4224/551/1943
f 4225/551/1942 4253/551/1948 4226/551/1945
f 4228/551/1947 4227/551/1950 4226/551/1945
f 4229/551/1949 4230/551/1952 4227/551/1950
f 4256/551/1951 4231/551/1954 4230/551/1952
f 4232/551/1953 4233/551/1956 4231/551/1954
f 4257/551/1955 4234/551/1958 4233/551/1956
f 4258/551/1957 4235/551/1960 4234/551/1958
f 4258/551/1957 4259/551/1962 4237/551/1959
f 4261/551/1961 4236/551/1964 4237/551/1959
f 4261/551/1961 4260/551/1966 4240/551/1963
f 4238/551/1965 4239/551/1968 4240/551/1963
f 4241/551/1967 4242/551/1970 4239/551/1968
f 4264/551/1969 4243/551/1972 4242/551/1970
f 4244/551/1971 4245/551/1974 4243/551/1972
f 4247/551/1973 4246/551/1976 4245/551/1974
f 4248/551/1975 4249/551/1977 4246/551/1976
f 4248/551/1975 4250/551/1944 4224/551/1943
f 4274/551/1978 4225/551/1942 4250/551/1944
f 4252/551/1980 4253/551/1948 4225/551/1942
f 4280/551/1981 4228/551/1947 4253/551/1948
f 4282/551/1982 4229/551/1949 4228/551/1947
f 4255/551/1983 4256/551/1951 4229/551/1949
f 4290/551/1984 4232/551/1953 4256/551/1951
f 4290/551/1984 4288/551/1985 4257/551/1955
f 4288/551/1985 4296/551/1986 4258/551/1957
f 4296/551/1986 4300/551/1988 4259/551/1962
f 4298/551/1987 4261/551/1961 4259/551/1962
f 4302/551/1989 4260/551/1966 4261/551/1961
f 4263/551/1990 4238/551/1965 4260/551/1966
f 4308/551/1991 4241/551/1967 4238/551/1965
f 4306/551/1992 4264/551/1969 4241/551/1967
f 4266/551/1993 4244/551/1971 4264/551/1969
f 4266/551/1993 4268/551/1994 4247/551/1973
f 4268/551/1994 4270/551/1995 4248/551/1975
f 4270/551/1995 4272/551/1979 4250/551/1944
f 4313/551/1996 4273/551/1996 4271/551/1997
f 4317/551/1998 4251/551/1998 4273/551/1996
f 4275/551/1999 4279/551/1999 4251/551/1998
f 4277/551/2000 4281/551/2002 4279/551/1999
f 4283/551/2001 4254/551/2004 4281/551/2002
f 4285/551/2003 4289/551/2003 4254/551/2004
f 4291/551/2005 4287/551/2005 4289/551/2003
f 4293/551/2006 4295/551/2006 4287/551/2005
f 4323/551/2007 4299/551/2007 4295/551/2006
f 4326/551/2008 4297/551/2008 4299/551/2007
f 4303/551/2009 4301/551/2009 4297/551/2008
f 4328/551/2010 4262/551/2010 4301/551/2009
f 4330/551/2011 4307/551/2013 4262/551/2010
f 4332/551/2012 4305/551/2015 4307/551/2013
f 4335/551/2014 4265/551/2014 4305/551/2015
f 4309/551/2016 4267/551/2016 4265/551/2014
f 4338/551/2017 4269/551/2017 4267/551/2016
f 4311/551/1997 4271/551/1997 4269/551/2017
f 4343/551/2018 4314/551/2022 4312/551/2019
f 4343/551/2018 4315/551/2023 4318/551/2021
f 4315/551/2023 4316/551/2025 4276/551/2024
f 4316/551/2025 4319/551/2028 4278/551/2026
f 4348/551/2027 4284/551/2030 4278/551/2026
f 4320/551/2029 4286/551/2032 4284/551/2030
f 4321/551/2031 4292/551/2034 4286/551/2032
f 4322/551/2033 4294/551/2036 4292/551/2034
f 4353/551/2035 4324/551/2038 4294/551/2036
f 4325/551/2037 4327/551/2040 4324/551/2038
f 4325/551/2037 4355/551/2041 4304/551/2039
f 4355/551/2041 4360/551/2043 4329/551/2042
f 4360/551/2043 4359/551/2046 4331/551/2044
f 4362/551/2045 4333/551/2048 4331/551/2044
f 4334/551/2047 4336/551/2050 4333/551/2048
f 4365/551/2049 4310/551/2052 4336/551/2050
f 4337/551/2051 4339/551/2053 4310/551/2052
f 4340/551/2020 4312/551/2019 4339/551/2053
f 4342/551/2054 4343/551/2018 4340/551/2020
f 4344/551/2056 4315/551/2023 4343/551/2018
f 4345/551/2057 4316/551/2025 4315/551/2023
f 4346/551/2058 4319/551/2028 4316/551/2025
f 4347/551/2059 4348/551/2027 4319/551/2028
f 4349/551/2060 4320/551/2029 4348/551/2027
f 4349/551/2060 4350/551/2061 4321/551/2031
f 4350/551/2061 4351/551/2062 4322/551/2033
f 4351/551/2062 4352/551/2064 4353/551/2035
f 4354/551/2063 4325/551/2037 4353/551/2035
f 4356/551/2065 4355/551/2041 4325/551/2037
f 4357/551/2066 4360/551/2043 4355/551/2041
f 4358/551/2067 4359/551/2046 4360/551/2043
f 4361/551/2068 4362/551/2045 4359/551/2046
f 4363/551/2069 4334/551/2047 4362/551/2045
f 4363/551/2069 4364/551/2070 4365/551/2049
f 4364/551/2070 4366/551/2071 4337/551/2051
f 4366/551/2071 4341/551/2055 4340/551/2020
s 0
f 4384/558/2072 4367/556/2072 4368/559/2072
f 4368/559/2072 4369/555/2072 4384/558/2072
f 4369/555/2072 4370/552/2072 4384/558/2072
f 4370/552/2072 4371/560/2072 4372/561/2072
f 4372/561/2072 4373/562/2072 4370/552/2072
f 4373/562/2072 4374/563/2072 4370/552/2072
f 4374/563/2072 4375/564/2072 4376/565/2072
f 4376/565/2072 4377/566/2072 4378/553/2072
f 4378/553/2072 4379/567/2072 4380/568/2072
f 4380/568/2072 4381/557/2072 4378/553/2072
f 4381/557/2072 4382/554/2072 4378/553/2072
f 4382/554/2072 4383/569/2072 4370/552/2072
f 4383/569/2072 4384/558/2072 4370/552/2072
f 4374/563/2072 4376/565/2072 4370/552/2072
f 4376/565/2072 4378/553/2072 4370/552/2072
f 4402/556/2073 4385/558/2073 4386/569/2073
f 4386/569/2073 4387/554/2073 4388/557/2073
f 4388/557/2073 4389/568/2073 4390/567/2073
f 4390/567/2073 4391/553/2073 4392/566/2073
f 4392/566/2073 4393/565/2073 4394/564/2073
f 4394/564/2073 4395/563/2073 4392/566/2073
f 4395/563/2073 4396/562/2073 4392/566/2073
f 4396/562/2073 4397/561/2073 4398/560/2073
f 4398/560/2073 4399/552/2073 4400/555/2073
f 4400/555/2073 4401/559/2073 4402/556/2073
f 4402/556/2073 4386/569/2073 4388/557/2073
f 4388/557/2073 4390/567/2073 4396/562/2073
f 4390/567/2073 4392/566/2073 4396/562/2073
f 4396/562/2073 4398/560/2073 4388/557/2073
f 4398/560/2073 4400/555/2073 4388/557/2073
o Wheel_RL
v -0.789000 0.535104 1.120521
v -0.789000 0.550000 1.205000
v -0.782000 0.568933 1.108208
v -0.789000 0.492213 1.046232
v -0.789000 0.426500 0.991092
v -0.782000 0.444500 0.959915
v -0.782000 0.352142 0.926299
v -0.789000 0.345891 0.961753
v -0.789000 0.260109 0.961753
v -0.782000 0.161500 0.959915
v -0.789000 0.179500 0.991092
v -0.789000 0.113787 1.046232
v -0.789000 0.070896 1.120521
v -0.789000 0.070896 1.289479
v -0.789000 0.056000 1.205000
v -0.782000 0.161500 1.450085
v -0.789000 0.179500 1.418908
v -0.789000 0.113787 1.363769
v -0.782000 0.253858 1.483701
v -0.789000 0.260109 1.448248
v -0.789000 0.345891 1.448248
v -0.782000 0.444500 1.450085
v -0.789000 0.426500 1.418908
v -0.789000 0.492213 1.363769
v -0.782000 0.519791 1.386909
v -0.782000 0.568933 1.301792
v -0.789000 0.535104 1.289479
v -0.782000 0.586000 1.205000
v -0.759000 0.535111 1.010235
v -0.759000 0.535111 1.010235
v -0.782000 0.519791 1.023091
v -0.759000 0.250385 0.906603
v -0.759000 0.250385 0.906603
v -0.782000 0.253858 0.926299
v -0.782000 0.086209 1.023091
v -0.782000 0.037067 1.108208
v -0.782000 0.020000 1.205000
v -0.782000 0.086209 1.386909
v -0.782000 0.037067 1.301792
v -0.759000 0.151500 1.467406
v -0.759000 0.151500 1.467406
v -0.782000 0.352142 1.483701
v -0.759000 0.454500 1.467406
v -0.759000 0.454500 1.467406
v -0.759000 0.535111 1.399765
v -0.759000 0.535111 1.399765
v -0.759000 0.587727 1.308632
v -0.759000 0.587727 1.308632
v -0.759000 0.606000 1.205000
v -0.759000 0.606000 1.205000
v -0.759000 0.587727 1.101368
v -0.759000 0.587727 1.101368
v -0.619000 0.454500 0.942594
v -0.619000 0.454500 0.942594
v -0.619000 0.355615 0.906603
v -0.619000 0.355615 0.906603
v -0.759000 0.454500 0.942594
v -0.759000 0.454500 0.942594
v -0.759000 0.355615 0.906603
v -0.759000 0.355615 0.906603
v -0.619000 0.250385 0.906603
v -0.619000 0.250385 0.906603
v -0.619000 0.151500 0.942594
v -0.619000 0.151500 0.942594
v -0.759000 0.070889 1.010235
v -0.759000 0.070889 1.010235
v -0.759000 0.151500 0.942594
v -0.759000 0.151500 0.942594
v -0.619000 0.070889 1.010235
v -0.619000 0.070889 1.010235
v -0.619000 0.018273 1.101368
v -0.619000 0.018273 1.101368
v -0.759000 0.018273 1.101368
v -0.759000 0.018273 1.101368
v -0.759000 0.018273 1.308632
v -0.759000 0.018273 1.308632
v -0.759000 0.000000 1.205000
v -0.759000 0.000000 1.205000
v -0.759000 0.070889 1.399765
v -0.759000 0.070889 1.399765
v -0.619000 0.070889 1.399765
v -0.619000 0.070889 1.399765
v -0.759000 0.355615 1.503397
v -0.759000 0.355615 1.503397
v -0.759000 0.250385 1.503397
v -0.759000 0.250385 1.503397
v -0.619000 0.535111 1.399765
v -0.619000 0.535111 1.399765
v -0.619000 0.606000 1.205000
v -0.619000 0.606000 1.205000
v -0.619000 0.587727 1.101368
v -0.619000 0.587727 1.101368
v -0.596000 0.519791 1.023091
v -0.596000 0.444500 0.959915
v -0.619000 0.535111 1.010235
v -0.619000 0.535111 1.010235
v -0.596000 0.352142 0.926299
v -0.596000 0.161500 0.959915
v -0.596000 0.086209 1.023091
v -0.596000 0.037067 1.108208
v -0.619000 0.000000 1.205000
v -0.619000 0.000000 1.205000
v -0.596000 0.037067 1.301792
v -0.619000 0.018273 1.308632
v -0.619000 0.018273 1.308632
v -0.619000 0.151500 1.467406
v -0.619000 0.151500 1.467406
v -0.619000 0.250385 1.503397
v -0.619000 0.250385 1.503397
v -0.619000 0.355615 1.503397
v -0.619000 0.355615 1.503397
v -0.596000 0.444500 1.450085
v -0.619000 0.454500 1.467406
v -0.619000 0.454500 1.467406
v -0.596000 0.568933 1.301792
v -0.619000 0.587727 1.308632
v -0.619000 0.587727 1.308632
v -0.596000 0.586000 1.205000
v -0.589000 0.550000 1.205000
v -0.589000 0.535104 1.120521
v -0.596000 0.568933 1.108208
v -0.589000 0.492213 1.046232
v -0.589000 0.426500 0.991092
v -0.589000 0.345891 0.961753
v -0.589000 0.260109 0.961753
v -0.596000 0.253858 0.926299
v -0.589000 0.179500 0.991092
v -0.589000 0.113787 1.046232
v -0.589000 0.070896 1.120521
v -0.589000 0.056000 1.205000
v -0.596000 0.020000 1.205000
v -0.589000 0.070896 1.289479
v -0.596000 0.086209 1.386909
v -0.589000 0.113787 1.363769
v -0.589000 0.179500 1.418908
v -0.589000 0.260109 1.448248
v -0.596000 0.253858 1.483701
v -0.596000 0.161500 1.450085
v -0.589000 0.345891 1.448248
v -0.596000 0.352142 1.483701
v -0.589000 0.426500 1.418908
v -0.589000 0.492213 1.363769
v -0.596000 0.519791 1.386909
v -0.589000 0.535104 1.289479
v -0.790000 0.550000 1.205000
v -0.790000 0.535104 1.120521
v -0.790000 0.492213 1.046232
v -0.790000 0.426500 0.991092
v -0.790000 0.345891 0.961753
v -0.790000 0.260109 0.961753
v -0.790000 0.179500 0.991092
v -0.790000 0.113787 1.046232
v -0.790000 0.070896 1.120521
v -0.790000 0.056000 1.205000
v -0.790000 0.070896 1.289479
v -0.790000 0.113787 1.363769
v -0.790000 0.179500 1.418908
v -0.790000 0.260109 1.448248
v -0.790000 0.345891 1.448248
v -0.790000 0.426500 1.418908
v -0.790000 0.492213 1.363769
v -0.790000 0.535104 1.289479
v -0.588000 0.535104 1.289479
v -0.588000 0.492213 1.363769
v -0.588000 0.426500 1.418908
v -0.588000 0.345891 1.448248
v -0.588000 0.260109 1.448248
v -0.588000 0.179500 1.418908
v -0.588000 0.113787 1.363769
v -0.588000 0.070896 1.289479
v -0.588000 0.056000 1.205000
v -0.588000 0.070896 1.120521
v -0.588000 0.113787 1.046232
v -0.588000 0.179500 0.991092
v -0.588000 0.260109 0.961753
v -0.588000 0.345891 0.961753
v -0.588000 0.426500 0.991092
v -0.588000 0.492213 1.046232
v -0.588000 0.535104 1.120521
v -0.588000 0.550000 1.205000
vn -0.8504 0.4944 -0.1799
vn -0.9816 0.1909 -0.0000
vn -0.8504 0.5261 -0.0000
vn -0.9816 0.1462 -0.1227
vn -0.9816 0.1794 -0.0653
vn -0.8504 0.2630 -0.4556
vn -0.8504 0.4030 -0.3382
vn -0.8504 0.0914 -0.5181
vn -0.9816 0.0954 -0.1653
vn -0.8504 -0.0914 -0.5181
vn -0.9816 0.0331 -0.1880
vn -0.8504 -0.2630 -0.4556
vn -0.9816 -0.0331 -0.1880
vn -0.8504 -0.4030 -0.3382
vn -0.9816 -0.0954 -0.1653
vn -0.8504 -0.4944 -0.1799
vn -0.9816 -0.1462 -0.1227
vn -0.9816 -0.1909 -0.0000
vn -0.9816 -0.1794 -0.0653
vn -0.8504 -0.4944 0.1799
vn -0.8504 -0.5261 -0.0000
vn -0.9816 -0.1462 0.1227
vn -0.9816 -0.1794 0.0653
vn -0.8504 -0.2630 0.4556
vn -0.8504 -0.4030 0.3382
vn -0.8504 -0.0914 0.5181
vn -0.9816 -0.0954 0.1653
vn -0.8504 0.0914 0.5181
vn -0.9816 -0.0331 0.1880
vn -0.8504 0.2630 0.4556
vn -0.9816 0.0331 0.1880
vn -0.8504 0.4030 0.3382
vn -0.9816 0.0954 0.1653
vn -0.8504 0.4944 0.1799
vn -0.9816 0.1462 0.1227
vn -0.9816 0.1794 0.0653
vn -0.6562 0.7091 -0.2581
vn -0.6562 0.7546 -0.0000
vn -0.6562 0.5781 -0.4851
vn -0.6562 0.3773 -0.6535
vn -0.6562 0.1310 -0.7431
vn -0.6562 -0.1310 -0.7431
vn -0.6562 -0.3773 -0.6535
vn -0.6562 -0.5781 -0.4851
vn -0.6562 -0.7091 -0.2581
vn -0.6562 -0.7091 0.2581
vn -0.6562 -0.7546 -0.0000
vn -0.6562 -0.5781 0.4851
vn -0.6562 -0.3773 0.6535
vn -0.6562 -0.1310 0.7431
vn -0.6562 0.1310 0.7431
vn -0.6562 0.3773 0.6535
vn -0.6562 0.5781 0.4851
vn -0.6562 0.7091 0.2581
vn -0.0000 0.9397 -0.3420
vn -0.0000 1.0000 -0.0000
vn -0.0000 0.7660 -0.6428
vn -0.0000 0.5000 -0.8660
vn -0.0000 0.1737 -0.9848
vn -0.0000 -0.1736 -0.9848
vn -0.0000 0.1736 -0.9848
vn -0.0000 -0.5000 -0.8660
vn -0.0000 -0.1737 -0.9848
vn -0.0000 -0.7660 -0.6428
vn -0.0000 -0.9397 -0.3420
vn -0.0000 -1.0000 -0.0000
vn -0.0000 -0.9397 0.3420
vn -0.0000 -0.7660 0.6428
vn -0.0000 -0.5000 0.8660
vn -0.0000 -0.1737 0.9848
vn -0.0000 0.1736 0.9848
vn -0.0000 -0.1736 0.9848
vn -0.0000 0.5000 0.8660
vn -0.0000 0.1737 0.9848
vn -0.0000 0.7660 0.6428
vn -0.0000 0.9397 0.3420
vn 0.8504 0.4944 -0.1799
vn 0.6562 0.7546 -0.0000
vn 0.8504 0.5261 -0.0000
vn 0.6562 0.5781 -0.4851
vn 0.6562 0.7091 -0.2581
vn 0.8504 0.4030 -0.3382
vn 0.6562 0.3773 -0.6535
vn 0.8504 0.2630 -0.4556
vn 0.6562 0.1310 -0.7431
vn 0.8504 -0.0914 -0.5181
vn 0.8504 0.0914 -0.5181
vn 0.8504 -0.2630 -0.4556
vn 0.6562 -0.1310 -0.7431
vn 0.8504 -0.4030 -0.3382
vn 0.6562 -0.3773 -0.6535
vn 0.8504 -0.4944 -0.1799
vn 0.6562 -0.5781 -0.4851
vn 0.8504 -0.5261 -0.0000
vn 0.6562 -0.7091 -0.2581
vn 0.8504 -0.4944 0.1799
vn 0.6562 -0.7546 -0.0000
vn 0.6562 -0.5781 0.4851
vn 0.6562 -0.7091 0.2581
vn 0.8504 -0.4030 0.3382
vn 0.6562 -0.3773 0.6535
vn 0.8504 -0.2630 0.4556
vn 0.6562 -0.1310 0.7431
vn 0.8504 0.0914 0.5181
vn 0.8504 -0.0914 0.5181
vn 0.8504 0.2630 0.4556
vn 0.6562 0.1310 0.7431
vn 0.8504 0.4030 0.3382
vn 0.6562 0.3773 0.6535
vn 0.8504 0.4944 0.1799
vn 0.6562 0.5781 0.4851
vn 0.6562 0.7091 0.2581
vn 0.9816 0.1794 -0.0653
vn 0.9816 0.1909 -0.0000
vn 0.9816 0.1462 -0.1227
vn 0.9816 0.0954 -0.1653
vn 0.9816 0.0331 -0.1880
vn 0.9816 -0.0331 -0.1880
vn 0.9816 -0.0954 -0.1653
vn 0.9816 -0.1462 -0.1227
vn 0.9816 -0.1794 -0.0653
vn 0.9816 -0.1794 0.0653
vn 0.9816 -0.1909 -0.0000
vn 0.9816 -0.1462 0.1227
vn 0.9816 -0.0954 0.1653
vn 0.9816 -0.0331 0.1880
vn 0.9816 0.0331 0.1880
vn 0.9816 0.0954 0.1653
vn 0.9816 0.1462 0.1227
vn 0.9816 0.1794 0.0653
vn -1.0000 -0.0000 -0.0000
vn 1.0000 -0.0000 -0.0000
vt 0.218750 0.937500
vt 0.178000 0.772461
vt 0.038023 0.537550
vt 0.017312 0.772461
vt 0.157290 0.821825
vt 0.097656 0.865234
vt 0.006292 0.711907
vt 0.065926 0.854045
vt 0.129387 0.854045
vt 0.189020 0.711907
vt 0.189020 0.647468
vt 0.178000 0.586914
vt 0.157290 0.537550
vt 0.129387 0.505330
vt 0.097656 0.494141
vt 0.065926 0.505330
vt 0.017312 0.586914
vt 0.006292 0.647468
vt 0.038023 0.821825
s 1
usemtl Vehicle_Atlas
f 4405/570/2074 4404/570/2075 4430/570/2076
f 4405/570/2074 4406/570/2077 4403/570/2078
f 4408/570/2079 4406/570/2077 4433/570/2080
f 4409/570/2081 4407/570/2082 4408/570/2079
f 4436/570/2083 4410/570/2084 4409/570/2081
f 4412/570/2085 4411/570/2086 4436/570/2083
f 4437/570/2087 4413/570/2088 4412/570/2085
f 4438/570/2089 4414/570/2090 4437/570/2087
f 4438/570/2089 4417/570/2091 4415/570/2092
f 4441/570/2093 4417/570/2091 4439/570/2094
f 4441/570/2093 4420/570/2095 4416/570/2096
f 4418/570/2097 4420/570/2095 4440/570/2098
f 4421/570/2099 4419/570/2100 4418/570/2097
f 4444/570/2101 4422/570/2102 4421/570/2099
f 4424/570/2103 4423/570/2104 4444/570/2101
f 4427/570/2105 4425/570/2106 4424/570/2103
f 4428/570/2107 4426/570/2108 4427/570/2105
f 4428/570/2107 4404/570/2075 4429/570/2109
f 4454/570/2110 4430/570/2076 4452/570/2111
f 4432/570/2112 4405/570/2074 4454/570/2110
f 4460/570/2113 4433/570/2080 4432/570/2112
f 4462/570/2114 4408/570/2079 4460/570/2113
f 4435/570/2115 4409/570/2081 4462/570/2114
f 4470/570/2116 4436/570/2083 4435/570/2115
f 4470/570/2116 4437/570/2087 4412/570/2085
f 4468/570/2117 4438/570/2089 4437/570/2087
f 4476/570/2118 4439/570/2094 4438/570/2089
f 4478/570/2119 4439/570/2094 4480/570/2120
f 4482/570/2121 4441/570/2093 4478/570/2119
f 4443/570/2122 4440/570/2098 4482/570/2121
f 4488/570/2123 4418/570/2097 4443/570/2122
f 4486/570/2124 4421/570/2099 4488/570/2123
f 4446/570/2125 4444/570/2101 4486/570/2124
f 4446/570/2125 4427/570/2105 4424/570/2103
f 4448/570/2126 4428/570/2107 4427/570/2105
f 4450/570/2127 4430/570/2076 4428/570/2107
f 4493/570/2128 4451/570/2129 4491/570/2129
f 4497/570/2130 4453/570/2128 4493/570/2128
f 4455/570/2131 4431/570/2130 4497/570/2130
f 4457/570/2132 4459/570/2131 4455/570/2131
f 4463/570/2133 4461/570/2134 4457/570/2132
f 4465/570/2135 4434/570/2136 4463/570/2133
f 4471/570/2137 4469/570/2135 4465/570/2135
f 4473/570/2138 4467/570/2137 4471/570/2137
f 4503/570/2139 4475/570/2138 4473/570/2138
f 4506/570/2140 4479/570/2139 4503/570/2139
f 4483/570/2141 4477/570/2140 4506/570/2140
f 4508/570/2142 4481/570/2141 4483/570/2141
f 4510/570/2143 4442/570/2142 4508/570/2142
f 4512/570/2144 4487/570/2145 4510/570/2143
f 4515/570/2146 4485/570/2147 4512/570/2144
f 4489/570/2148 4445/570/2146 4515/570/2146
f 4518/570/2149 4447/570/2148 4489/570/2148
f 4491/570/2129 4449/570/2149 4518/570/2149
f 4523/570/2150 4492/570/2151 4520/570/2152
f 4523/570/2150 4498/570/2153 4494/570/2154
f 4495/570/2155 4456/570/2156 4498/570/2153
f 4496/570/2157 4458/570/2158 4456/570/2156
f 4528/570/2159 4458/570/2158 4499/570/2160
f 4500/570/2161 4464/570/2162 4528/570/2159
f 4501/570/2163 4466/570/2164 4500/570/2161
f 4502/570/2165 4472/570/2166 4501/570/2163
f 4533/570/2167 4474/570/2168 4502/570/2165
f 4505/570/2169 4504/570/2170 4533/570/2167
f 4505/570/2169 4484/570/2171 4507/570/2172
f 4535/570/2173 4509/570/2174 4484/570/2171
f 4540/570/2175 4511/570/2176 4509/570/2174
f 4542/570/2177 4511/570/2176 4539/570/2178
f 4514/570/2179 4513/570/2180 4542/570/2177
f 4545/570/2181 4516/570/2182 4514/570/2179
f 4517/570/2183 4490/570/2184 4545/570/2181
f 4520/570/2152 4519/570/2185 4517/570/2183
f 4522/570/2186 4520/570/2152 4521/570/2187
f 4524/570/2188 4523/570/2150 4522/570/2186
f 4525/570/2189 4495/570/2155 4524/570/2188
f 4526/570/2190 4496/570/2157 4525/570/2189
f 4527/570/2191 4499/570/2160 4526/570/2190
f 4529/570/2192 4528/570/2159 4527/570/2191
f 4529/570/2192 4501/570/2163 4500/570/2161
f 4530/570/2193 4502/570/2165 4501/570/2163
f 4531/570/2194 4533/570/2167 4502/570/2165
f 4534/570/2195 4533/570/2167 4532/570/2196
f 4536/570/2197 4505/570/2169 4534/570/2195
f 4537/570/2198 4535/570/2173 4536/570/2197
f 4538/570/2199 4540/570/2175 4537/570/2198
f 4541/570/2200 4539/570/2178 4538/570/2199
f 4543/570/2201 4542/570/2177 4541/570/2200
f 4543/570/2201 4545/570/2181 4514/570/2179
f 4544/570/2202 4517/570/2183 4545/570/2181
f 4546/570/2203 4520/570/2152 4517/570/2183
s 0
f 4550/571/2204 4558/572/2204 4562/573/2204
f 4580/574/2205 4582/575/2205 4568/576/2205
s 1
f 4405/570/2074 4403/570/2078 4404/570/2075
f 4405/570/2074 4433/570/2080 4406/570/2077
f 4408/570/2079 4407/570/2082 4406/570/2077
f 4409/570/2081 4410/570/2084 4407/570/2082
f 4436/570/2083 4411/570/2086 4410/570/2084
f 4412/570/2085 4413/570/2088 4411/570/2086
f 4437/570/2087 4414/570/2090 4413/570/2088
f 4438/570/2089 4415/570/2092 4414/570/2090
f 4438/570/2089 4439/570/2094 4417/570/2091
f 4441/570/2093 4416/570/2096 4417/570/2091
f 4441/570/2093 4440/570/2098 4420/570/2095
f 4418/570/2097 4419/570/2100 4420/570/2095
f 4421/570/2099 4422/570/2102 4419/570/2100
f 4444/570/2101 4423/570/2104 4422/570/2102
f 4424/570/2103 4425/570/2106 4423/570/2104
f 4427/570/2105 4426/570/2108 4425/570/2106
f 4428/570/2107 4429/570/2109 4426/570/2108
f 4428/570/2107 4430/570/2076 4404/570/2075
f 4454/570/2110 4405/570/2074 4430/570/2076
f 4432/570/2112 4433/570/2080 4405/570/2074
f 4460/570/2113 4408/570/2079 4433/570/2080
f 4462/570/2114 4409/570/2081 4408/570/2079
f 4435/570/2115 4436/570/2083 4409/570/2081
f 4470/570/2116 4412/570/2085 4436/570/2083
f 4470/570/2116 4468/570/2117 4437/570/2087
f 4468/570/2117 4476/570/2118 4438/570/2089
f 4476/570/2118 4480/570/2120 4439/570/2094
f 4478/570/2119 4441/570/2093 4439/570/2094
f 4482/570/2121 4440/570/2098 4441/570/2093
f 4443/570/2122 4418/570/2097 4440/570/2098
f 4488/570/2123 4421/570/2099 4418/570/2097
f 4486/570/2124 4444/570/2101 4421/570/2099
f 4446/570/2125 4424/570/2103 4444/570/2101
f 4446/570/2125 4448/570/2126 4427/570/2105
f 4448/570/2126 4450/570/2127 4428/570/2107
f 4450/570/2127 4452/570/2111 4430/570/2076
f 4493/570/2128 4453/570/2128 4451/570/2129
f 4497/570/2130 4431/570/2130 4453/570/2128
f 4455/570/2131 4459/570/2131 4431/570/2130
f 4457/570/2132 4461/570/2134 4459/570/2131
f 4463/570/2133 4434/570/2136 4461/570/2134
f 4465/570/2135 4469/570/2135 4434/570/2136
f 4471/570/2137 4467/570/2137 4469/570/2135
f 4473/570/2138 4475/570/2138 4467/570/2137
f 4503/570/2139 4479/570/2139 4475/570/2138
f 4506/570/2140 4477/570/2140 4479/570/2139
f 4483/570/2141 4481/570/2141 4477/570/2140
f 4508/570/2142 4442/570/2142 4481/570/2141
f 4510/570/2143 4487/570/2145 4442/570/2142
f 4512/570/2144 4485/570/2147 4487/570/2145
f 4515/570/2146 4445/570/2146 4485/570/2147
f 4489/570/2148 4447/570/2148 4445/570/2146
f 4518/570/2149 4449/570/2149 4447/570/2148
f 4491/570/2129 4451/570/2129 4449/570/2149
f 4523/570/2150 4494/570/2154 4492/570/2151
f 4523/570/2150 4495/570/2155 4498/570/2153
f 4495/570/2155 4496/570/2157 4456/570/2156
f 4496/570/2157 4499/570/2160 4458/570/2158
f 4528/570/2159 4464/570/2162 4458/570/2158
f 4500/570/2161 4466/570/2164 4464/570/2162
f 4501/570/2163 4472/570/2166 4466/570/2164
f 4502/570/2165 4474/570/2168 4472/570/2166
f 4533/570/2167 4504/570/2170 4474/570/2168
f 4505/570/2169 4507/570/2172 4504/570/2170
f 4505/570/2169 4535/570/2173 4484/570/2171
f 4535/570/2173 4540/570/2175 4509/570/2174
f 4540/570/2175 4539/570/2178 4511/570/2176
f 4542/570/2177 4513/570/2180 4511/570/2176
f 4514/570/2179 4516/570/2182 4513/570/2180
f 4545/570/2181 4490/570/2184 4516/570/2182
f 4517/570/2183 4519/570/2185 4490/570/2184
f 4520/570/2152 4492/570/2151 4519/570/2185
f 4522/570/2186 4523/570/2150 4520/570/2152
f 4524/570/2188 4495/570/2155 4523/570/2150
f 4525/570/2189 4496/570/2157 4495/570/2155
f 4526/570/2190 4499/570/2160 4496/570/2157
f 4527/570/2191 4528/570/2159 4499/570/2160
f 4529/570/2192 4500/570/2161 4528/570/2159
f 4529/570/2192 4530/570/2193 4501/570/2163
f 4530/570/2193 4531/570/2194 4502/570/2165
f 4531/570/2194 4532/570/2196 4533/570/2167
f 4534/570/2195 4505/570/2169 4533/570/2167
f 4536/570/2197 4535/570/2173 4505/570/2169
f 4537/570/2198 4540/570/2175 4535/570/2173
f 4538/570/2199 4539/570/2178 4540/570/2175
f 4541/570/2200 4542/570/2177 4539/570/2178
f 4543/570/2201 4514/570/2179 4542/570/2177
f 4543/570/2201 4544/570/2202 4545/570/2181
f 4544/570/2202 4546/570/2203 4517/570/2183
f 4546/570/2203 4521/570/2187 4520/570/2152
s 0
f 4564/577/2204 4547/575/2204 4548/578/2204
f 4548/578/2204 4549/574/2204 4564/577/2204
f 4549/574/2204 4550/571/2204 4564/577/2204
f 4550/571/2204 4551/579/2204 4552/580/2204
f 4552/580/2204 4553/581/2204 4550/571/2204
f 4553/581/2204 4554/582/2204 4550/571/2204
f 4554/582/2204 4555/583/2204 4556/584/2204
f 4556/584/2204 4557/585/2204 4558/572/2204
f 4558/572/2204 4559/586/2204 4560/587/2204
f 4560/587/2204 4561/576/2204 4558/572/2204
f 4561/576/2204 4562/573/2204 4558/572/2204
f 4562/573/2204 4563/588/2204 4550/571/2204
f 4563/588/2204 4564/577/2204 4550/571/2204
f 4554/582/2204 4556/584/2204 4550/571/2204
f 4556/584/2204 4558/572/2204 4550/571/2204
f 4582/575/2205 4565/577/2205 4566/588/2205
f 4566/588/2205 4567/573/2205 4568/576/2205
f 4568/576/2205 4569/587/2205 4570/586/2205
f 4570/586/2205 4571/572/2205 4572/585/2205
f 4572/585/2205 4573/584/2205 4574/583/2205
f 4574/583/2205 4575/582/2205 4572/585/2205
f 4575/582/2205 4576/581/2205 4572/585/2205
f 4576/581/2205 4577/580/2205 4578/579/2205
f 4578/579/2205 4579/571/2205 4580/574/2205
f 4580/574/2205 4581/578/2205 4582/575/2205
f 4582/575/2205 4566/588/2205 4568/576/2205
f 4568/576/2205 4570/586/2205 4576/581/2205
f 4570/586/2205 4572/585/2205 4576/581/2205
f 4576/581/2205 4578/579/2205 4568/576/2205
f 4578/579/2205 4580/574/2205 4568/576/2205
o Wheel_RR
v 0.589000 0.535104 1.120521
v 0.589000 0.550000 1.205000
v 0.596000 0.568933 1.108208
v 0.589000 0.492213 1.046232
v 0.589000 0.426500 0.991092
v 0.596000 0.444500 0.959915
v 0.596000 0.352142 0.926299
v 0.589000 0.345891 0.961753
v 0.589000 0.260109 0.961753
v 0.596000 0.161500 0.959915
v 0.589000 0.179500 0.991092
v 0.589000 0.113787 1.046232
v 0.589000 0.070896 1.120521
v 0.589000 0.070896 1.289479
v 0.589000 0.056000 1.205000
v 0.596000 0.161500 1.450085
v 0.589000 0.179500 1.418908
v 0.589000 0.113787 1.363769
v 0.596000 0.253858 1.483701
v 0.589000 0.260109 1.448248
v 0.589000 0.345891 1.448248
v 0.596000 0.444500 1.450085
v 0.589000 0.426500 1.418908
v 0.589000 0.492213 1.363769
v 0.596000 0.519791 1.386909
v 0.596000 0.568933 1.301792
v 0.589000 0.535104 1.289479
v 0.596000 0.586000 1.205000
v 0.619000 0.535111 1.010235
v 0.619000 0.535111 1.010235
v 0.596000 0.519791 1.023091
v 0.619000 0.250385 0.906603
v 0.619000 0.250385 0.906603
v 0.596000 0.253858 0.926299
v 0.596000 0.086209 1.023091
v 0.596000 0.037067 1.108208
v 0.596000 0.020000 1.205000
v 0.596000 0.086209 1.386909
v 0.596000 0.037067 1.301792
v 0.619000 0.151500 1.467406
v 0.619000 0.151500 1.467406
v 0.596000 0.352142 1.483701
v 0.619000 0.454500 1.467406
v 0.619000 0.454500 1.467406
v 0.619000 0.535111 1.399765
v 0.619000 0.535111 1.399765
v 0.619000 0.587727 1.308632
v 0.619000 0.587727 1.308632
v 0.619000 0.606000 1.205000
v 0.619000 0.606000 1.205000
v 0.619000 0.587727 1.101368
v 0.619000 0.587727 1.101368
v 0.759000 0.454500 0.942594
v 0.759000 0.454500 0.942594
v 0.759000 0.355615 0.906603
v 0.759000 0.355615 0.906603
v 0.619000 0.454500 0.942594
v 0.619000 0.454500 0.942594
v 0.619000 0.355615 0.906603
v 0.619000 0.355615 0.906603
v 0.759000 0.250385 0.906603
v 0.759000 0.250385 0.906603
v 0.759000 0.151500 0.942594
v 0.759000 0.151500 0.942594
v 0.619000 0.070889 1.010235
v 0.619000 0.070889 1.010235
v 0.619000 0.151500 0.942594
v 0.619000 0.151500 0.942594
v 0.759000 0.070889 1.010235
v 0.759000 0.070889 1.010235
v 0.759000 0.018273 1.101368
v 0.759000 0.018273 1.101368
v 0.619000 0.018273 1.101368
v 0.619000 0.018273 1.101368
v 0.619000 0.018273 1.308632
v 0.619000 0.018273 1.308632
v 0.619000 0.000000 1.205000
v 0.619000 0.000000 1.205000
v 0.619000 0.070889 1.399765
v 0.619000 0.070889 1.399765
v 0.759000 0.070889 1.399765
v 0.759000 0.070889 1.399765
v 0.619000 0.355615 1.503397
v 0.619000 0.355615 1.503397
v 0.619000 0.250385 1.503397
v 0.619000 0.250385 1.503397
v 0.759000 0.535111 1.399765
v 0.759000 0.535111 1.399765
v 0.759000 0.606000 1.205000
v 0.759000 0.606000 1.205000
v 0.759000 0.587727 1.101368
v 0.759000 0.587727 1.101368
v 0.782000 0.519791 1.023091
v 0.782000 0.444500 0.959915
v 0.759000 0.535111 1.010235
v 0.759000 0.535111 1.010235
v 0.782000 0.352142 0.926299
v 0.782000 0.161500 0.959915
v 0.782000 0.086209 1.023091
v 0.782000 0.037067 1.108208
v 0.759000 0.000000 1.205000
v 0.759000 0.000000 1.205000
v 0.782000 0.037067 1.301792
v 0.759000 0.018273 1.308632
v 0.759000 0.018273 1.308632
v 0.759000 0.151500 1.467406
v 0.759000 0.151500 1.467406
v 0.759000 0.250385 1.503397
v 0.759000 0.250385 1.503397
v 0.759000 0.355615 1.503397
v 0.759000 0.355615 1.503397
v 0.782000 0.444500 1.450085
v 0.759000 0.454500 1.467406
v 0.759000 0.454500 1.467406
v 0.782000 0.568933 1.301792
v 0.759000 0.587727 1.308632
v 0.759000 0.587727 1.308632
v 0.782000 0.586000 1.205000
v 0.789000 0.550000 1.205000
v 0.789000 0.535104 1.120521
v 0.782000 0.568933 1.108208
v 0.789000 0.492213 1.046232
v 0.789000 0.426500 0.991092
v 0.789000 0.345891 0.961753
v 0.789000 0.260109 0.961753
v 0.782000 0.253858 0.926299
v 0.789000 0.179500 0.991092
v 0.789000 0.113787 1.046232
v 0.789000 0.070896 1.120521
v 0.789000 0.056000 1.205000
v 0.782000 0.020000 1.205000
v 0.789000 0.070896 1.289479
v 0.782000 0.086209 1.386909
v 0.789000 0.113787 1.363769
v 0.789000 0.179500 1.418908
v 0.789000 0.260109 1.448248
v 0.782000 0.253858 1.483701
v 0.782000 0.161500 1.450085
v 0.789000 0.345891 1.448248
v 0.782000 0.352142 1.483701
v 0.789000 0.426500 1.418908
v 0.789000 0.492213 1.363769
v 0.782000 0.519791 1.386909
v 0.789000 0.535104 1.289479
v 0.588000 0.550000 1.205000
v 0.588000 0.535104 1.120521
v 0.588000 0.492213 1.046232
v 0.588000 0.426500 0.991092
v 0.588000 0.345891 0.961753
v 0.588000 0.260109 0.961753
v 0.588000 0.179500 0.991092
v 0.588000 0.113787 1.046232
v 0.588000 0.070896 1.120521
v 0.588000 0.056000 1.205000
v 0.588000 0.070896 1.289479
v 0.588000 0.113787 1.363769
v 0.588000 0.179500 1.418908
v 0.588000 0.260109 1.448248
v 0.588000 0.345891 1.448248
v 0.588000 0.426500 1.418908
v 0.588000 0.492213 1.363769
v 0.588000 0.535104 1.289479
v 0.790000 0.535104 1.289479
v 0.790000 0.492213 1.363769
v 0.790000 0.426500 1.418908
v 0.790000 0.345891 1.448248
v 0.790000 0.260109 1.448248
v 0.790000 0.179500 1.418908
v 0.790000 0.113787 1.363769
v 0.790000 0.070896 1.289479
v 0.790000 0.056000 1.205000
v 0.790000 0.070896 1.120521
v 0.790000 0.113787 1.046232
v 0.790000 0.179500 0.991092
v 0.790000 0.260109 0.961753
v 0.790000 0.345891 0.961753
v 0.790000 0.426500 0.991092
v 0.790000 0.492213 1.046232
v 0.790000 0.535104 1.120521
v 0.790000 0.550000 1.205000
vn -0.8504 0.4944 -0.1799
vn -0.9816 0.1909 -0.0000
vn -0.8504 0.5261 -0.0000
vn -0.9816 0.1462 -0.1227
vn -0.9816 0.1794 -0.0653
vn -0.8504 0.2630 -0.4556
vn -0.8504 0.4030 -0.3382
vn -0.8504 0.0914 -0.5181
vn -0.9816 0.0954 -0.1653
vn -0.8504 -0.0914 -0.5181
vn -0.9816 0.0331 -0.1880
vn -0.8504 -0.2630 -0.4556
vn -0.9816 -0.0331 -0.1880
vn -0.8504 -0.4030 -0.3382
vn -0.9816 -0.0954 -0.1653
vn -0.8504 -0.4944 -0.1799
vn -0.9816 -0.1462 -0.1227
vn -0.9816 -0.1909 -0.0000
vn -0.9816 -0.1794 -0.0653
vn -0.8504 -0.4944 0.1799
vn -0.8504 -0.5261 -0.0000
vn -0.9816 -0.1462 0.1227
vn -0.9816 -0.1794 0.0653
vn -0.8504 -0.2630 0.4556
vn -0.8504 -0.4030 0.3382
vn -0.8504 -0.0914 0.5181
vn -0.9816 -0.0954 0.1653
vn -0.8504 0.0914 0.5181
vn -0.9816 -0.0331 0.1880
vn -0.8504 0.2630 0.4556
vn -0.9816 0.0331 0.1880
vn -0.8504 0.4030 0.3382
vn -0.9816 0.0954 0.1653
vn -0.8504 0.4944 0.1799
vn -0.9816 0.1462 0.1227
vn -0.9816 0.1794 0.0653
vn -0.6562 0.7091 -0.2581
vn -0.6562 0.7546 -0.0000
vn -0.6562 0.5781 -0.4851
vn -0.6562 0.3773 -0.6535
vn -0.6562 0.1310 -0.7431
vn -0.6562 -0.1310 -0.7431
vn -0.6562 -0.3773 -0.6535
vn -0.6562 -0.5781 -0.4851
vn -0.6562 -0.7091 -0.2581
vn -0.6562 -0.7091 0.2581
vn -0.6562 -0.7546 -0.0000
vn -0.6562 -0.5781 0.4851
vn -0.6562 -0.3773 0.6535
vn -0.6562 -0.1310 0.7431
vn -0.6562 0.1310 0.7431
vn -0.6562 0.3773 0.6535
vn -0.6562 0.5781 0.4851
vn -0.6562 0.7091 0.2581
vn -0.0000 0.9397 -0.3420
vn -0.0000 1.0000 -0.0000
vn -0.0000 0.7660 -0.6428
vn -0.0000 0.5000 -0.8660
vn -0.0000 0.1737 -0.9848
vn -0.0000 -0.1736 -0.9848
vn -0.0000 0.1736 -0.9848
vn -0.0000 -0.5000 -0.8660
vn -0.0000 -0.1737 -0.9848
vn -0.0000 -0.7660 -0.6428
vn -0.0000 -0.9397 -0.3420
vn -0.0000 -1.0000 -0.0000
vn -0.0000 -0.9397 0.3420
vn -0.0000 -0.7660 0.6428
vn -0.0000 -0.5000 0.8660
vn -0.0000 -0.1737 0.9848
vn -0.0000 0.1736 0.9848
vn -0.0000 -0.1736 0.9848
vn -0.0000 0.5000 0.8660
vn -0.0000 0.1737 0.9848
vn -0.0000 0.7660 0.6428
vn -0.0000 0.9397 0.3420
vn 0.8504 0.4944 -0.1799
vn 0.6562 0.7546 -0.0000
vn 0.8504 0.5261 -0.0000
vn 0.6562 0.5781 -0.4851
vn 0.6562 0.7091 -0.2581
vn 0.8504 0.4030 -0.3382
vn 0.6562 0.3773 -0.6535
vn 0.8504 0.2630 -0.4556
vn 0.6562 0.1310 -0.7431
vn 0.8504 -0.0914 -0.5181
vn 0.8504 0.0914 -0.5181
vn 0.8504 -0.2630 -0.4556
vn 0.6562 -0.1310 -0.7431
vn 0.8504 -0.4030 -0.3382
vn 0.6562 -0.3773 -0.6535
vn 0.8504 -0.4944 -0.1799
vn 0.6562 -0.5781 -0.4851
vn 0.8504 -0.5261 -0.0000
vn 0.6562 -0.7091 -0.2581
vn 0.8504 -0.4944 0.1799
vn 0.6562 -0.7546 -0.0000
vn 0.6562 -0.5781 0.4851
vn 0.6562 -0.7091 0.2581
vn 0.8504 -0.4030 0.3382
vn 0.6562 -0.3773 0.6535
vn 0.8504 -0.2630 0.4556
vn 0.6562 -0.1310 0.7431
vn 0.8504 0.0914 0.5181
vn 0.8504 -0.0914 0.5181
vn 0.8504 0.2630 0.4556
vn 0.6562 0.1310 0.7431
vn 0.8504 0.4030 0.3382
vn 0.6562 0.3773 0.6535
vn 0.8504 0.4944 0.1799
vn 0.6562 0.5781 0.4851
vn 0.6562 0.7091 0.2581
vn 0.9816 0.1794 -0.0653
vn 0.9816 0.1909 -0.0000
vn 0.9816 0.1462 -0.1227
vn 0.9816 0.0954 -0.1653
vn 0.9816 0.0331 -0.1880
vn 0.9816 -0.0331 -0.1880
vn 0.9816 -0.0954 -0.1653
vn 0.9816 -0.1462 -0.1227
vn 0.9816 -0.1794 -0.0653
vn 0.9816 -0.1794 0.0653
vn 0.9816 -0.1909 -0.0000
vn 0.9816 -0.1462 0.1227
vn 0.9816 -0.0954 0.1653
vn 0.9816 -0.0331 0.1880
vn 0.9816 0.0331 0.1880
vn 0.9816 0.0954 0.1653
vn 0.9816 0.1462 0.1227
vn 0.9816 0.1794 0.0653
vn -1.0000 -0.0000 -0.0000
vn 1.0000 -0.0000 -0.0000
vt 0.218750 0.937500
vt 0.178000 0.772461
vt 0.038023 0.537550
vt 0.017312 0.772461
vt 0.157290 0.821825
vt 0.097656 0.865234
vt 0.006292 0.711907
vt 0.065926 0.854045
vt 0.129387 0.854045
vt 0.189020 0.711907
vt 0.189020 0.647468
vt 0.178000 0.586914
vt 0.157290 0.537550
vt 0.129387 0.505330
vt 0.097656 0.494141
vt 0.065926 0.505330
vt 0.017312 0.586914
vt 0.006292 0.647468
vt 0.038023 0.821825
s 1
usemtl Vehicle_Atlas
f 4585/589/2206 4584/589/2207 4610/589/2208
f 4585/589/2206 4586/589/2209 4583/589/2210
f 4588/589/2211 4586/589/2209 4613/589/2212
f 4589/589/2213 4587/589/2214 4588/589/2211
f 4616/589/2215 4590/589/2216 4589/589/2213
f 4592/589/2217 4591/589/2218 4616/589/2215
f 4617/589/2219 4593/589/2220 4592/589/2217
f 4618/589/2221 4594/589/2222 4617/589/2219
f 4618/589/2221 4597/589/2223 4595/589/2224
f 4621/589/2225 4597/589/2223 4619/589/2226
f 4621/589/2225 4600/589/2227 4596/589/2228
f 4598/589/2229 4600/589/2227 4620/589/2230
f 4601/589/2231 4599/589/2232 4598/589/2229
f 4624/589/2233 4602/589/2234 4601/589/2231
f 4604/589/2235 4603/589/2236 4624/589/2233
f 4607/589/2237 4605/589/2238 4604/589/2235
f 4608/589/2239 4606/589/2240 4607/589/2237
f 4608/589/2239 4584/589/2207 4609/589/2241
f 4634/589/2242 4610/589/2208 4632/589/2243
f 4612/589/2244 4585/589/2206 4634/589/2242
f 4640/589/2245 4613/589/2212 4612/589/2244
f 4642/589/2246 4588/589/2211 4640/589/2245
f 4615/589/2247 4589/589/2213 4642/589/2246
f 4650/589/2248 4616/589/2215 4615/589/2247
f 4650/589/2248 4617/589/2219 4592/589/2217
f 4648/589/2249 4618/589/2221 4617/589/2219
f 4656/589/2250 4619/589/2226 4618/589/2221
f 4658/589/2251 4619/589/2226 4660/589/2252
f 4662/589/2253 4621/589/2225 4658/589/2251
f 4623/589/2254 4620/589/2230 4662/589/2253
f 4668/589/2255 4598/589/2229 4623/589/2254
f 4666/589/2256 4601/589/2231 4668/589/2255
f 4626/589/2257 4624/589/2233 4666/589/2256
f 4626/589/2257 4607/589/2237 4604/589/2235
f 4628/589/2258 4608/589/2239 4607/589/2237
f 4630/589/2259 4610/589/2208 4608/589/2239
f 4673/589/2260 4631/589/2261 4671/589/2261
f 4677/589/2262 4633/589/2260 4673/589/2260
f 4635/589/2263 4611/589/2262 4677/589/2262
f 4637/589/2264 4639/589/2263 4635/589/2263
f 4643/589/2265 4641/589/2266 4637/589/2264
f 4645/589/2267 4614/589/2268 4643/589/2265
f 4651/589/2269 4649/589/2267 4645/589/2267
f 4653/589/2270 4647/589/2269 4651/589/2269
f 4683/589/2271 4655/589/2270 4653/589/2270
f 4686/589/2272 4659/589/2271 4683/589/2271
f 4663/589/2273 4657/589/2272 4686/589/2272
f 4688/589/2274 4661/589/2273 4663/589/2273
f 4690/589/2275 4622/589/2274 4688/589/2274
f 4692/589/2276 4667/589/2277 4690/589/2275
f 4695/589/2278 4665/589/2279 4692/589/2276
f 4669/589/2280 4625/589/2278 4695/589/2278
f 4698/589/2281 4627/589/2280 4669/589/2280
f 4671/589/2261 4629/589/2281 4698/589/2281
f 4703/589/2282 4672/589/2283 4700/589/2284
f 4703/589/2282 4678/589/2285 4674/589/2286
f 4675/589/2287 4636/589/2288 4678/589/2285
f 4676/589/2289 4638/589/2290 4636/589/2288
f 4708/589/2291 4638/589/2290 4679/589/2292
f 4680/589/2293 4644/589/2294 4708/589/2291
f 4681/589/2295 4646/589/2296 4680/589/2293
f 4682/589/2297 4652/589/2298 4681/589/2295
f 4713/589/2299 4654/589/2300 4682/589/2297
f 4685/589/2301 4684/589/2302 4713/589/2299
f 4685/589/2301 4664/589/2303 4687/589/2304
f 4715/589/2305 4689/589/2306 4664/589/2303
f 4720/589/2307 4691/589/2308 4689/589/2306
f 4722/589/2309 4691/589/2308 4719/589/2310
f 4694/589/2311 4693/589/2312 4722/589/2309
f 4725/589/2313 4696/589/2314 4694/589/2311
f 4697/589/2315 4670/589/2316 4725/589/2313
f 4700/589/2284 4699/589/2317 4697/589/2315
f 4702/589/2318 4700/589/2284 4701/589/2319
f 4704/589/2320 4703/589/2282 4702/589/2318
f 4705/589/2321 4675/589/2287 4704/589/2320
f 4706/589/2322 4676/589/2289 4705/589/2321
f 4707/589/2323 4679/589/2292 4706/589/2322
f 4709/589/2324 4708/589/2291 4707/589/2323
f 4709/589/2324 4681/589/2295 4680/589/2293
f 4710/589/2325 4682/589/2297 4681/589/2295
f 4711/589/2326 4713/589/2299 4682/589/2297
f 4714/589/2327 4713/589/2299 4712/589/2328
f 4716/589/2329 4685/589/2301 4714/589/2327
f 4717/589/2330 4715/589/2305 4716/589/2329
f 4718/589/2331 4720/589/2307 4717/589/2330
f 4721/589/2332 4719/589/2310 4718/589/2331
f 4723/589/2333 4722/589/2309 4721/589/2332
f 4723/589/2333 4725/589/2313 4694/589/2311
f 4724/589/2334 4697/589/2315 4725/589/2313
f 4726/589/2335 4700/589/2284 4697/589/2315
s 0
f 4730/590/2336 4738/591/2336 4742/592/2336
f 4760/593/2337 4762/594/2337 4748/595/2337
s 1
f 4585/589/2206 4583/589/2210 4584/589/2207
f 4585/589/2206 4613/589/2212 4586/589/2209
f 4588/589/2211 4587/589/2214 4586/589/2209
f 4589/589/2213 4590/589/2216 4587/589/2214
f 4616/589/2215 4591/589/2218 4590/589/2216
f 4592/589/2217 4593/589/2220 4591/589/2218
f 4617/589/2219 4594/589/2222 4593/589/2220
f 4618/589/2221 4595/589/2224 4594/589/2222
f 4618/589/2221 4619/589/2226 4597/589/2223
f 4621/589/2225 4596/589/2228 4597/589/2223
f 4621/589/2225 4620/589/2230 4600/589/2227
f 4598/589/2229 4599/589/2232 4600/589/2227
f 4601/589/2231 4602/589/2234 4599/589/2232
f 4624/589/2233 4603/589/2236 4602/589/2234
f 4604/589/2235 4605/589/2238 4603/589/2236
f 4607/589/2237 4606/589/2240 4605/589/2238
f 4608/589/2239 4609/589/2241 4606/589/2240
f 4608/589/2239 4610/589/2208 4584/589/2207
f 4634/589/2242 4585/589/2206 4610/589/2208
f 4612/589/2244 4613/589/2212 4585/589/2206
f 4640/589/2245 4588/589/2211 4613/589/2212
f 4642/589/2246 4589/589/2213 4588/589/2211
f 4615/589/2247 4616/589/2215 4589/589/2213
f 4650/589/2248 4592/589/2217 4616/589/2215
f 4650/589/2248 4648/589/2249 4617/589/2219
f 4648/589/2249 4656/589/2250 4618/589/2221
f 4656/589/2250 4660/589/2252 4619/589/2226
f 4658/589/2251 4621/589/2225 4619/589/2226
f 4662/589/2253 4620/589/2230 4621/589/2225
f 4623/589/2254 4598/589/2229 4620/589/2230
f 4668/589/2255 4601/589/2231 4598/589/2229
f 4666/589/2256 4624/589/2233 4601/589/2231
f 4626/589/2257 4604/589/2235 4624/589/2233
f 4626/589/2257 4628/589/2258 4607/589/2237
f 4628/589/2258 4630/589/2259 4608/589/2239
f 4630/589/2259 4632/589/2243 4610/589/2208
f 4673/589/2260 4633/589/2260 4631/589/2261
f 4677/589/2262 4611/589/2262 4633/589/2260
f 4635/589/2263 4639/589/2263 4611/589/2262
f 4637/589/2264 4641/589/2266 4639/589/2263
f 4643/589/2265 4614/589/2268 4641/589/2266
f 4645/589/2267 4649/589/2267 4614/589/2268
f 4651/589/2269 4647/589/2269 4649/589/2267
f 4653/589/2270 4655/589/2270 4647/589/2269
f 4683/589/2271 4659/589/2271 4655/589/2270
f 4686/589/2272 4657/589/2272 4659/589/2271
f 4663/589/2273 4661/589/2273 4657/589/2272
f 4688/589/2274 4622/589/2274 4661/589/2273
f 4690/589/2275 4667/589/2277 4622/589/2274
f 4692/589/2276 4665/589/2279 4667/589/2277
f 4695/589/2278 4625/589/2278 4665/589/2279
f 4669/589/2280 4627/589/2280 4625/589/2278
f 4698/589/2281 4629/589/2281 4627/589/2280
f 4671/589/2261 4631/589/2261 4629/589/2281
f 4703/589/2282 4674/589/2286 4672/589/2283
f 4703/589/2282 4675/589/2287 4678/589/2285
f 4675/589/2287 4676/589/2289 4636/589/2288
f 4676/589/2289 4679/589/2292 4638/589/2290
f 4708/589/2291 4644/589/2294 4638/589/2290
f 4680/589/2293 4646/589/2296 4644/589/2294
f 4681/589/2295 4652/589/2298 4646/589/2296
f 4682/589/2297 4654/589/2300 4652/589/2298
f 4713/589/2299 4684/589/2302 4654/589/2300
f 4685/589/2301 4687/589/2304 4684/589/2302
f 4685/589/2301 4715/589/2305 4664/589/2303
f 4715/589/2305 4720/589/2307 4689/589/2306
f 4720/589/2307 4719/589/2310 4691/589/2308
f 4722/589/2309 4693/589/2312 4691/589/2308
f 4694/589/2311 4696/589/2314 4693/589/2312
f 4725/589/2313 4670/589/2316 4696/589/2314
f 4697/589/2315 4699/589/2317 4670/589/2316
f 4700/589/2284 4672/589/2283 4699/589/2317
f 4702/589/2318 4703/589/2282 4700/589/2284
f 4704/589/2320 4675/589/2287 4703/589/2282
f 4705/589/2321 4676/589/2289 4675/589/2287
f 4706/589/2322 4679/589/2292 4676/589/2289
f 4707/589/2323 4708/589/2291 4679/589/2292
f 4709/589/2324 4680/589/2293 4708/589/2291
f 4709/589/2324 4710/589/2325 4681/589/2295
f 4710/589/2325 4711/589/2326 4682/589/2297
f 4711/589/2326 4712/589/2328 4713/589/2299
f 4714/589/2327 4685/589/2301 4713/589/2299
f 4716/589/2329 4715/589/2305 4685/589/2301
f 4717/589/2330 4720/589/2307 4715/589/2305
f 4718/589/2331 4719/589/2310 4720/589/2307
f 4721/589/2332 4722/589/2309 4719/589/2310
f 4723/589/2333 4694/589/2311 4722/589/2309
f 4723/589/2333 4724/589/2334 4725/589/2313
f 4724/589/2334 4726/589/2335 4697/589/2315
f 4726/589/2335 4701/589/2319 4700/589/2284
s 0
f 4744/596/2336 4727/594/2336 4728/597/2336
f 4728/597/2336 4729/593/2336 4744/596/2336
f 4729/593/2336 4730/590/2336 4744/596/2336
f 4730/590/2336 4731/598/2336 4732/599/2336
f 4732/599/2336 4733/600/2336 4730/590/2336
f 4733/600/2336 4734/601/2336 4730/590/2336
f 4734/601/2336 4735/602/2336 4736/603/2336
f 4736/603/2336 4737/604/2336 4738/591/2336
f 4738/591/2336 4739/605/2336 4740/606/2336
f 4740/606/2336 4741/595/2336 4738/591/2336
f 4741/595/2336 4742/592/2336 4738/591/2336
f 4742/592/2336 4743/607/2336 4730/590/2336
f 4743/607/2336 4744/596/2336 4730/590/2336
f 4734/601/2336 4736/603/2336 4730/590/2336
f 4736/603/2336 4738/591/2336 4730/590/2336
f 4762/594/2337 4745/596/2337 4746/607/2337
f 4746/607/2337 4747/592/2337 4748/595/2337
f 4748/595/2337 4749/606/2337 4750/605/2337
f 4750/605/2337 4751/591/2337 4752/604/2337
f 4752/604/2337 4753/603/2337 4754/602/2337
f 4754/602/2337 4755/601/2337 4752/604/2337
f 4755/601/2337 4756/600/2337 4752/604/2337
f 4756/600/2337 4757/599/2337 4758/598/2337
f 4758/598/2337 4759/590/2337 4760/593/2337
f 4760/593/2337 4761/597/2337 4762/594/2337
f 4762/594/2337 4746/607/2337 4748/595/2337
f 4748/595/2337 4750/605/2337 4756/600/2337
f 4750/605/2337 4752/604/2337 4756/600/2337
f 4756/600/2337 4758/598/2337 4748/595/2337
f 4758/598/2337 4760/593/2337 4748/595/2337
