# PSX Racing car model — generated by tools/carmodels/export_models.mjs
mtllib flatsix_coupe.mtl
v 0.000000 0.623074 2.100075
v 0.080003 0.697327 2.010075
v 0.000000 0.703414 2.010075
v 0.081094 0.617998 2.100075
v 0.160005 0.691240 2.010075
v 0.162287 0.614591 2.100075
v 0.240008 0.685154 2.010075
v 0.243480 0.611183 2.100075
v 0.320090 0.680411 2.010075
v 0.324672 0.607776 2.100075
v 0.400218 0.676647 2.010075
v 0.404403 0.596520 2.100075
v 0.474101 0.648414 2.010075
v 0.489101 0.427007 2.010075
v 0.479638 0.568074 2.100075
v 0.476869 0.212800 1.997123
v 0.469313 0.184800 1.880075
v 0.487138 0.307019 2.042123
v -0.451154 0.864905 1.753418
v -0.416681 0.870228 1.667072
v -0.503100 0.815037 1.672392
v 0.369799 0.205600 2.010075
v 0.366064 0.184800 1.880075
v 0.280588 0.220000 1.984171
v 0.374118 0.220000 1.984171
v 0.187059 0.220000 1.984171
v 0.277349 0.205600 2.010075
v 0.093529 0.220000 1.984171
v 0.184899 0.205600 2.010075
v 0.000000 0.220000 1.984171
v 0.092450 0.205600 2.010075
v -0.092450 0.205600 2.010075
v 0.000000 0.205600 2.010075
v -0.093529 0.220000 1.984171
v -0.184899 0.205600 2.010075
v -0.187059 0.220000 1.984171
v -0.277349 0.205600 2.010075
v -0.280588 0.220000 1.984171
v -0.369799 0.205600 2.010075
v -0.374118 0.220000 1.984171
v -0.474101 0.205600 2.010075
v -0.540000 0.905000 1.995075
v -0.540000 0.853000 1.995075
v -0.410000 0.851074 2.009898
v -0.479638 0.220000 1.984171
v -0.487138 0.307019 2.042123
v -0.479638 0.568074 2.100075
v -0.489101 0.427007 2.010075
v -0.487138 0.481056 2.100075
v -0.404403 0.596520 2.100075
v -0.474101 0.648414 2.010075
v -0.324672 0.607776 2.100075
v -0.400218 0.676647 2.010075
v -0.243480 0.611183 2.100075
v -0.320090 0.680411 2.010075
v -0.162287 0.614591 2.100075
v -0.240008 0.685154 2.010075
v -0.081094 0.617998 2.100075
v -0.160005 0.691240 2.010075
v -0.080003 0.697327 2.010075
v 0.079699 0.775529 1.880075
v 0.000000 0.779795 1.880075
v 0.159399 0.771264 1.880075
v 0.239098 0.766998 1.880075
v 0.318797 0.762733 1.880075
v 0.398559 0.759856 1.880075
v 0.469313 0.724795 1.880075
v 0.484313 0.454797 1.880075
v -0.066643 0.832260 1.910115
v 0.000000 0.818594 1.805623
v 0.274548 0.184800 1.880075
v 0.183032 0.184800 1.880075
v 0.091516 0.184800 1.880075
v -0.091516 0.184800 1.880075
v 0.000000 0.184800 1.880075
v -0.183032 0.184800 1.880075
v -0.274548 0.184800 1.880075
v -0.366064 0.184800 1.880075
v -0.469313 0.184800 1.880075
v 0.302487 0.643568 -1.739925
v 0.440888 0.669724 -1.739925
v 0.424738 0.573133 -1.839925
v -0.484313 0.454797 1.880075
v -0.469313 0.724795 1.880075
v -0.398559 0.759856 1.880075
v -0.318797 0.762733 1.880075
v -0.239098 0.766998 1.880075
v -0.159399 0.771264 1.880075
v -0.079699 0.775529 1.880075
v 0.092728 0.819393 1.794566
v 0.094309 0.832678 1.907187
v 0.188619 0.820356 1.784299
v 0.147724 0.819997 1.789116
v 0.287397 0.821296 1.774601
v 0.250659 0.821023 1.778752
v 0.375548 0.821623 1.761750
v 0.600585 0.725000 1.700075
v 0.615585 0.447500 1.700075
v 0.468456 0.170000 1.700075
v 0.600585 0.170000 1.700075
v 0.351342 0.170000 1.700075
v 0.234228 0.170000 1.700075
v 0.117114 0.170000 1.700075
v 0.000000 0.170000 1.700075
v -0.117114 0.170000 1.700075
v -0.234228 0.170000 1.700075
v -0.351342 0.170000 1.700075
v -0.468456 0.170000 1.700075
v -0.615585 0.447500 1.700075
v -0.600585 0.170000 1.700075
v -0.600585 0.725000 1.700075
v -0.516641 0.791800 1.700075
v -0.287244 0.821124 1.774933
v -0.320448 0.821427 1.771078
v -0.225393 0.820379 1.780535
v -0.188437 0.820050 1.784896
v -0.092682 0.819238 1.794867
v -0.133286 0.819521 1.790156
v -0.521550 0.860019 1.833733
v -0.410000 0.903074 2.009898
v -0.299218 0.835562 1.897397
v 0.117913 0.867139 1.700630
v 0.000000 0.958306 1.538125
v 0.000000 0.869727 1.707502
v 0.327583 0.869457 1.681461
v 0.249496 0.949361 1.538125
v 0.216163 0.868038 1.691564
v 0.358539 0.868327 1.662934
v 0.379424 0.868273 1.657741
v 0.374244 0.944889 1.538125
v 0.502706 0.814631 1.668941
v 0.516641 0.791800 1.700075
v 0.580601 0.819719 1.538125
v 0.653133 0.725000 1.538125
v 0.668133 0.442500 1.538125
v 0.509444 0.160000 1.538125
v 0.653133 0.160000 1.538125
v 0.382083 0.160000 1.538125
v 0.254722 0.160000 1.538125
v 0.127361 0.160000 1.538125
v 0.000000 0.160000 1.538125
v -0.127361 0.160000 1.538125
v -0.254722 0.160000 1.538125
v -0.382083 0.160000 1.538125
v -0.509444 0.160000 1.538125
v -0.668133 0.442500 1.538125
v -0.653133 0.160000 1.538125
v -0.653133 0.725000 1.538125
v -0.580601 0.819719 1.538125
v -0.493401 0.864781 1.588115
v -0.482926 0.897446 1.538125
v -0.380758 0.869791 1.673102
v -0.374244 0.944889 1.538125
v -0.249496 0.949361 1.538125
v -0.327638 0.869545 1.681293
v -0.216227 0.868194 1.691270
v -0.116492 0.867243 1.700539
v -0.124748 0.953834 1.538125
v 0.124748 0.953834 1.538125
v 0.000000 0.968418 1.519086
v 0.128019 0.963828 1.519086
v 0.256038 0.959239 1.519086
v 0.482926 0.897446 1.538125
v 0.384049 0.954466 1.519086
v 0.491335 0.898406 1.519086
v 0.592328 0.819652 1.519086
v 0.685278 0.532887 1.519086
v 0.670278 0.725000 1.519086
v 0.685278 0.340775 1.519086
v 0.488000 0.340775 1.519086
v 0.488000 0.160000 1.519086
v 0.366000 0.160000 1.519086
v 0.244000 0.160000 1.519086
v 0.122000 0.160000 1.519086
v -0.122000 0.160000 1.519086
v 0.000000 0.160000 1.519086
v -0.244000 0.160000 1.519086
v -0.366000 0.160000 1.519086
v -0.488000 0.160000 1.519086
v -0.488000 0.340775 1.519086
v -0.685278 0.340775 1.519086
v -0.685278 0.532887 1.519086
v -0.592328 0.819652 1.519086
v -0.670278 0.725000 1.519086
v -0.491335 0.898406 1.519086
v -0.384049 0.954466 1.519086
v -0.256038 0.959239 1.519086
v -0.128019 0.963828 1.519086
v 0.000000 0.997764 1.463833
v 0.138239 0.992808 1.463833
v 0.276478 0.987852 1.463833
v 0.414638 0.981081 1.463833
v 0.516138 0.896893 1.463833
v 0.629192 0.817207 1.463833
v 0.745713 0.614427 1.463833
v 0.730713 0.725000 1.463833
v 0.745713 0.503854 1.463833
v 0.488000 0.503854 1.463833
v 0.488000 0.160000 1.463833
v 0.366000 0.160000 1.463833
v 0.244000 0.160000 1.463833
v 0.122000 0.160000 1.463833
v 0.000000 0.160000 1.463833
v -0.122000 0.160000 1.463833
v -0.244000 0.160000 1.463833
v -0.366000 0.160000 1.463833
v -0.488000 0.160000 1.463833
v -0.488000 0.503854 1.463833
v -0.745713 0.503854 1.463833
v -0.745713 0.614427 1.463833
v -0.629192 0.817207 1.463833
v -0.730713 0.725000 1.463833
v -0.516138 0.896893 1.463833
v -0.414638 0.981081 1.463833
v -0.276478 0.987852 1.463833
v -0.138239 0.992808 1.463833
v 0.000000 1.043472 1.377774
v 0.148810 1.038137 1.377774
v 0.297538 1.030927 1.377774
v 0.443417 1.016853 1.377774
v 0.536543 0.907297 1.377774
v 0.658461 0.821806 1.377774
v 0.786196 0.679137 1.377774
v 0.771196 0.725000 1.377774
v 0.786196 0.633275 1.377774
v 0.488000 0.633275 1.377774
v 0.488000 0.160000 1.377774
v 0.366000 0.160000 1.377774
v 0.244000 0.160000 1.377774
v 0.122000 0.160000 1.377774
v 0.000000 0.160000 1.377774
v -0.122000 0.160000 1.377774
v -0.244000 0.160000 1.377774
v -0.366000 0.160000 1.377774
v -0.488000 0.160000 1.377774
v -0.488000 0.633275 1.377774
v -0.786196 0.633275 1.377774
v -0.786196 0.679137 1.377774
v -0.658461 0.821806 1.377774
v -0.771196 0.725000 1.377774
v -0.536543 0.907297 1.377774
v -0.443417 1.016853 1.377774
v -0.297538 1.030927 1.377774
v -0.148810 1.038137 1.377774
v 0.000000 1.101067 1.269333
v 0.155830 1.093439 1.269333
v 0.311647 1.085501 1.269333
v 0.547391 0.940669 1.269333
v 0.460377 1.060779 1.269333
v 0.669656 0.844886 1.269333
v 0.794258 0.751368 1.269333
v 0.809258 0.733868 1.269333
v 0.809258 0.716368 1.269333
v 0.488000 0.716368 1.269333
v 0.488000 0.160000 1.269333
v 0.366000 0.160000 1.269333
v 0.244000 0.160000 1.269333
v 0.122000 0.160000 1.269333
v 0.000000 0.160000 1.269333
v -0.122000 0.160000 1.269333
v -0.244000 0.160000 1.269333
v -0.366000 0.160000 1.269333
v -0.488000 0.160000 1.269333
v -0.488000 0.716368 1.269333
v -0.809258 0.716368 1.269333
v -0.809258 0.733868 1.269333
v -0.794258 0.751368 1.269333
v -0.669656 0.844886 1.269333
v -0.547391 0.940669 1.269333
v -0.311647 1.085501 1.269333
v -0.460377 1.060779 1.269333
v -0.155830 1.093439 1.269333
v 0.158517 1.140313 1.149125
v 0.000000 1.151382 1.149125
v 0.467927 1.105090 1.149125
v 0.317229 1.132373 1.149125
v 0.561902 0.984462 1.149125
v 0.673640 0.873241 1.149125
v 0.802321 0.780000 1.149125
v 0.817321 0.762500 1.149125
v 0.817321 0.745000 1.149125
v 0.488000 0.745000 1.149125
v 0.488000 0.160000 1.149125
v 0.366000 0.160000 1.149125
v 0.244000 0.160000 1.149125
v 0.122000 0.160000 1.149125
v 0.000000 0.160000 1.149125
v -0.122000 0.160000 1.149125
v -0.244000 0.160000 1.149125
v -0.366000 0.160000 1.149125
v -0.488000 0.160000 1.149125
v -0.488000 0.745000 1.149125
v -0.817321 0.745000 1.149125
v -0.817321 0.762500 1.149125
v -0.802321 0.780000 1.149125
v -0.673640 0.873241 1.149125
v -0.561902 0.984462 1.149125
v -0.467927 1.105090 1.149125
v -0.158517 1.140313 1.149125
v -0.317229 1.132373 1.149125
v 0.000000 1.199831 1.028917
v 0.168573 1.187123 1.028917
v 0.337261 1.176250 1.028917
v 0.591861 1.000635 1.028917
v 0.491684 1.133571 1.028917
v 0.680663 0.863188 1.028917
v 0.805030 0.751368 1.028917
v 0.817830 0.733868 1.028917
v 0.488000 0.716368 1.028917
v 0.820030 0.716368 1.028917
v 0.488000 0.160000 1.028917
v 0.366000 0.160000 1.028917
v 0.244000 0.160000 1.028917
v 0.122000 0.160000 1.028917
v 0.000000 0.160000 1.028917
v -0.122000 0.160000 1.028917
v -0.244000 0.160000 1.028917
v -0.366000 0.160000 1.028917
v -0.488000 0.716368 1.028917
v -0.488000 0.160000 1.028917
v -0.817830 0.733868 1.028917
v -0.820030 0.716368 1.028917
v -0.805030 0.751368 1.028917
v -0.680663 0.863188 1.028917
v -0.591861 1.000635 1.028917
v -0.337261 1.176250 1.028917
v -0.491684 1.133571 1.028917
v -0.168573 1.187123 1.028917
v 0.000000 1.243538 0.920476
v 0.176160 1.230258 0.920476
v 0.352321 1.216978 0.920476
v 0.599469 1.009092 0.920476
v 0.508469 1.159374 0.920476
v 0.682473 0.859772 0.920476
v 0.794905 0.725000 0.920476
v 0.809905 0.679137 0.920476
v 0.809905 0.633275 0.920476
v 0.488000 0.633275 0.920476
v 0.488000 0.160000 0.920476
v 0.366000 0.160000 0.920476
v 0.244000 0.160000 0.920476
v 0.122000 0.160000 0.920476
v 0.000000 0.160000 0.920476
v -0.122000 0.160000 0.920476
v -0.244000 0.160000 0.920476
v -0.366000 0.160000 0.920476
v -0.488000 0.633275 0.920476
v -0.488000 0.160000 0.920476
v -0.809905 0.633275 0.920476
v -0.809905 0.679137 0.920476
v -0.794905 0.725000 0.920476
v -0.682473 0.859772 0.920476
v -0.599469 1.009092 0.920476
v -0.352321 1.216978 0.920476
v -0.508469 1.159374 0.920476
v -0.176160 1.230258 0.920476
v 0.179414 1.257146 0.834417
v 0.000000 1.270943 0.834417
v 0.516584 1.181442 0.834417
v 0.358828 1.243349 0.834417
v 0.597337 1.021540 0.834417
v 0.676314 0.865784 0.834417
v 0.771565 0.725000 0.834417
v 0.786565 0.614427 0.834417
v 0.786565 0.503854 0.834417
v 0.488000 0.503854 0.834417
v 0.488000 0.160000 0.834417
v 0.366000 0.160000 0.834417
v 0.244000 0.160000 0.834417
v 0.122000 0.160000 0.834417
v 0.000000 0.160000 0.834417
v -0.122000 0.160000 0.834417
v -0.244000 0.160000 0.834417
v -0.366000 0.160000 0.834417
v -0.488000 0.503854 0.834417
v -0.488000 0.160000 0.834417
v -0.786565 0.503854 0.834417
v -0.786565 0.614427 0.834417
v -0.771565 0.725000 0.834417
v -0.676314 0.865784 0.834417
v -0.597337 1.021540 0.834417
v -0.516584 1.181442 0.834417
v -0.179414 1.257146 0.834417
v -0.358828 1.243349 0.834417
v 0.178326 1.266644 0.779164
v 0.000000 1.280357 0.779164
v 0.356651 1.252931 0.779164
v 0.516322 1.196291 0.779164
v 0.593895 1.036176 0.779164
v 0.664716 0.876399 0.779164
v 0.732072 0.725000 0.779164
v 0.747072 0.532887 0.779164
v 0.747072 0.340775 0.779164
v 0.488000 0.340775 0.779164
v 0.488000 0.160000 0.779164
v 0.366000 0.160000 0.779164
v 0.244000 0.160000 0.779164
v 0.122000 0.160000 0.779164
v 0.000000 0.160000 0.779164
v -0.122000 0.160000 0.779164
v -0.244000 0.160000 0.779164
v -0.366000 0.160000 0.779164
v -0.488000 0.340775 0.779164
v -0.488000 0.160000 0.779164
v -0.747072 0.340775 0.779164
v -0.747072 0.532887 0.779164
v -0.732072 0.725000 0.779164
v -0.664716 0.876399 0.779164
v -0.593895 1.036176 0.779164
v -0.516322 1.196291 0.779164
v -0.356651 1.252931 0.779164
v -0.178326 1.266644 0.779164
v 0.177356 1.269962 0.760125
v 0.000000 1.283600 0.760125
v 0.354715 1.256382 0.760125
v 0.515375 1.202889 0.760125
v 0.592016 1.043442 0.760125
v 0.658567 0.881958 0.760125
v 0.713665 0.725000 0.760125
v 0.728665 0.442500 0.760125
v 0.556659 0.160000 0.760125
v 0.713665 0.160000 0.760125
v 0.417494 0.160000 0.760125
v 0.278329 0.160000 0.760125
v 0.139165 0.160000 0.760125
v 0.000000 0.160000 0.760125
v -0.139165 0.160000 0.760125
v -0.278329 0.160000 0.760125
v -0.417494 0.160000 0.760125
v -0.556659 0.160000 0.760125
v -0.728665 0.442500 0.760125
v -0.713665 0.160000 0.760125
v -0.713665 0.725000 0.760125
v -0.658567 0.881958 0.760125
v -0.592016 1.043442 0.760125
v -0.515375 1.202889 0.760125
v -0.354715 1.256382 0.760125
v -0.177356 1.269962 0.760125
v 0.000000 1.314278 0.580075
v 0.182853 1.300233 0.580075
v 0.365914 1.289237 0.580075
v 0.591767 1.055987 0.580075
v 0.528410 1.227266 0.580075
v 0.655300 0.886036 0.580075
v 0.714943 0.725000 0.580075
v 0.722175 0.442500 0.580075
v 0.557656 0.160000 0.580075
v 0.714943 0.160000 0.580075
v 0.418242 0.160000 0.580075
v 0.278828 0.160000 0.580075
v 0.139414 0.160000 0.580075
v 0.000000 0.160000 0.580075
v -0.139414 0.160000 0.580075
v -0.278828 0.160000 0.580075
v -0.418242 0.160000 0.580075
v -0.557656 0.160000 0.580075
v -0.722175 0.442500 0.580075
v -0.714943 0.160000 0.580075
v -0.714943 0.725000 0.580075
v -0.655300 0.886036 0.580075
v -0.591767 1.055987 0.580075
v -0.365914 1.289237 0.580075
v -0.528410 1.227266 0.580075
v -0.182853 1.300233 0.580075
v 0.000000 1.344947 0.400075
v 0.188626 1.333372 0.400075
v 0.535265 1.248826 0.400075
v 0.377272 1.322073 0.400075
v 0.591553 1.068420 0.400075
v 0.652678 0.890408 0.400075
v 0.717249 0.725000 0.400075
v 0.716234 0.442500 0.400075
v 0.559454 0.160000 0.400075
v 0.717249 0.160000 0.400075
v 0.419591 0.160000 0.400075
v 0.279727 0.160000 0.400075
v 0.139864 0.160000 0.400075
v 0.000000 0.160000 0.400075
v -0.139864 0.160000 0.400075
v -0.279727 0.160000 0.400075
v -0.419591 0.160000 0.400075
v -0.559454 0.160000 0.400075
v -0.716234 0.442500 0.400075
v -0.717249 0.160000 0.400075
v -0.717249 0.725000 0.400075
v -0.652678 0.890408 0.400075
v -0.591553 1.068420 0.400075
v -0.535265 1.248826 0.400075
v -0.188626 1.333372 0.400075
v -0.377272 1.322073 0.400075
v 0.000000 1.340677 0.220075
v 0.376945 1.318836 0.220075
v 0.188494 1.330124 0.220075
v 0.594708 1.070053 0.220075
v 0.536338 1.249545 0.220075
v 0.654852 0.891751 0.220075
v 0.718353 0.442500 0.220075
v 0.719547 0.725000 0.220075
v 0.561246 0.160000 0.220075
v 0.719547 0.160000 0.220075
v 0.420935 0.160000 0.220075
v 0.280623 0.160000 0.220075
v 0.140312 0.160000 0.220075
v 0.000000 0.160000 0.220075
v -0.140312 0.160000 0.220075
v -0.280623 0.160000 0.220075
v -0.420935 0.160000 0.220075
v -0.561246 0.160000 0.220075
v -0.718353 0.442500 0.220075
v -0.719547 0.160000 0.220075
v -0.654852 0.891751 0.220075
v -0.719547 0.725000 0.220075
v -0.594708 1.070053 0.220075
v -0.376945 1.318836 0.220075
v -0.536338 1.249545 0.220075
v -0.188494 1.330124 0.220075
v 0.000000 1.331749 0.020075
v 0.375283 1.310913 0.020075
v 0.187651 1.321491 0.020075
v 0.535551 1.247663 0.020075
v 0.598588 1.070666 0.020075
v 0.657622 0.892770 0.020075
v 0.720707 0.442500 0.020075
v 0.719899 0.725000 0.020075
v 0.561521 0.160000 0.020075
v 0.719899 0.160000 0.020075
v 0.421141 0.160000 0.020075
v 0.280760 0.160000 0.020075
v 0.140380 0.160000 0.020075
v 0.000000 0.160000 0.020075
v -0.140380 0.160000 0.020075
v -0.280760 0.160000 0.020075
v -0.421141 0.160000 0.020075
v -0.561521 0.160000 0.020075
v -0.720707 0.442500 0.020075
v -0.719899 0.160000 0.020075
v -0.657622 0.892770 0.020075
v -0.719899 0.725000 0.020075
v -0.598588 1.070666 0.020075
v -0.535551 1.247663 0.020075
v -0.375283 1.310913 0.020075
v -0.187651 1.321491 0.020075
v 0.173929 1.255384 -0.169925
v 0.000000 1.281975 -0.169925
v 0.348846 1.235044 -0.169925
v 0.518468 1.192439 -0.169925
v 0.607390 1.049586 -0.169925
v 0.666908 0.884839 -0.169925
v 0.719974 0.725000 -0.169925
v 0.719974 0.160000 -0.169925
v 0.722943 0.442500 -0.169925
v 0.561580 0.160000 -0.169925
v 0.421185 0.160000 -0.169925
v 0.280790 0.160000 -0.169925
v 0.140395 0.160000 -0.169925
v 0.000000 0.160000 -0.169925
v -0.140395 0.160000 -0.169925
v -0.280790 0.160000 -0.169925
v -0.421185 0.160000 -0.169925
v -0.561580 0.160000 -0.169925
v -0.719974 0.160000 -0.169925
v -0.719974 0.725000 -0.169925
v -0.722943 0.442500 -0.169925
v -0.666908 0.884839 -0.169925
v -0.607390 1.049586 -0.169925
v -0.518468 1.192439 -0.169925
v -0.348846 1.235044 -0.169925
v -0.173929 1.255384 -0.169925
v 0.000000 1.139519 -0.359925
v 0.304858 1.078328 -0.359925
v 0.152429 1.108924 -0.359925
v 0.459090 1.059113 -0.359925
v 0.649922 0.943357 -0.255802
v 0.641806 0.966132 -0.258112
v 0.615000 1.004744 -0.260153
v 0.681539 0.869784 -0.359925
v 0.720050 0.725000 -0.359925
v 0.720050 0.160000 -0.359925
v 0.724497 0.442500 -0.359925
v 0.561639 0.160000 -0.359925
v 0.421229 0.160000 -0.359925
v 0.280819 0.160000 -0.359925
v 0.140410 0.160000 -0.359925
v 0.000000 0.160000 -0.359925
v -0.140410 0.160000 -0.359925
v -0.280819 0.160000 -0.359925
v -0.421229 0.160000 -0.359925
v -0.561639 0.160000 -0.359925
v -0.720050 0.160000 -0.359925
v -0.720050 0.725000 -0.359925
v -0.724497 0.442500 -0.359925
v -0.681539 0.869784 -0.359925
v -0.636730 0.931951 -0.252164
v -0.459090 1.059113 -0.359925
v -0.597186 0.993684 -0.359925
v -0.304858 1.078328 -0.359925
v -0.152429 1.108924 -0.359925
v 0.000000 1.004560 -0.539925
v 0.140485 0.976363 -0.539925
v 0.421454 0.919968 -0.539925
v 0.280970 0.948165 -0.539925
v 0.563306 0.903716 -0.539925
v 0.649666 0.918218 -0.406695
v 0.649393 0.917619 -0.377810
v 0.691154 0.861887 -0.539925
v 0.720121 0.725000 -0.539925
v 0.720121 0.160000 -0.539925
v 0.725527 0.442500 -0.539925
v 0.561694 0.160000 -0.539925
v 0.421271 0.160000 -0.539925
v 0.280847 0.160000 -0.539925
v 0.140424 0.160000 -0.539925
v 0.000000 0.160000 -0.539925
v -0.140424 0.160000 -0.539925
v -0.280847 0.160000 -0.539925
v -0.421271 0.160000 -0.539925
v -0.561694 0.160000 -0.539925
v -0.720121 0.160000 -0.539925
v -0.720121 0.725000 -0.539925
v -0.725527 0.442500 -0.539925
v -0.691154 0.861887 -0.539925
v -0.649056 0.917495 -0.359925
v -0.626899 0.909537 -0.412100
v -0.563306 0.903716 -0.539925
v -0.421454 0.919968 -0.539925
v -0.140485 0.976363 -0.539925
v -0.280970 0.948165 -0.539925
v 0.000000 0.935748 -0.699925
v 0.142256 0.931749 -0.699925
v 0.283727 0.920170 -0.699925
v 0.423372 0.893888 -0.699925
v 0.562900 0.901998 -0.699925
v 0.693141 0.862272 -0.699925
v 0.720184 0.725000 -0.699925
v 0.720184 0.160000 -0.699925
v 0.735184 0.442500 -0.699925
v 0.561744 0.160000 -0.699925
v 0.421308 0.160000 -0.699925
v 0.280872 0.160000 -0.699925
v 0.140436 0.160000 -0.699925
v 0.000000 0.160000 -0.699925
v -0.140436 0.160000 -0.699925
v -0.280872 0.160000 -0.699925
v -0.421308 0.160000 -0.699925
v -0.561744 0.160000 -0.699925
v -0.720184 0.160000 -0.699925
v -0.720184 0.725000 -0.699925
v -0.735184 0.442500 -0.699925
v -0.693141 0.862272 -0.699925
v -0.562900 0.901998 -0.699925
v -0.423372 0.893888 -0.699925
v -0.283727 0.920170 -0.699925
v -0.142256 0.931749 -0.699925
v 0.000000 0.908596 -0.760125
v 0.279932 0.907039 -0.760125
v 0.142987 0.904110 -0.760125
v 0.421265 0.887384 -0.760125
v 0.561272 0.897114 -0.760125
v 0.693368 0.863389 -0.760125
v 0.720208 0.725000 -0.760125
v 0.720208 0.160000 -0.760125
v 0.735208 0.442500 -0.760125
v 0.561762 0.160000 -0.760125
v 0.421322 0.160000 -0.760125
v 0.280881 0.160000 -0.760125
v 0.140441 0.160000 -0.760125
v 0.000000 0.160000 -0.760125
v -0.140441 0.160000 -0.760125
v -0.280881 0.160000 -0.760125
v -0.421322 0.160000 -0.760125
v -0.561762 0.160000 -0.760125
v -0.720208 0.160000 -0.760125
v -0.720208 0.725000 -0.760125
v -0.735208 0.442500 -0.760125
v -0.693368 0.863389 -0.760125
v -0.561272 0.897114 -0.760125
v -0.421265 0.887384 -0.760125
v -0.279932 0.907039 -0.760125
v -0.142987 0.904110 -0.760125
v 0.000000 0.904652 -0.779164
v 0.279811 0.902653 -0.779164
v 0.142959 0.900280 -0.779164
v 0.561296 0.895749 -0.779164
v 0.421432 0.885270 -0.779164
v 0.693365 0.863329 -0.779164
v 0.735216 0.532887 -0.779164
v 0.720216 0.725000 -0.779164
v 0.731309 0.340775 -0.779164
v 0.488000 0.160000 -0.779164
v 0.488000 0.340775 -0.779164
v 0.366000 0.160000 -0.779164
v 0.244000 0.160000 -0.779164
v 0.122000 0.160000 -0.779164
v -0.122000 0.160000 -0.779164
v 0.000000 0.160000 -0.779164
v -0.244000 0.160000 -0.779164
v -0.366000 0.160000 -0.779164
v -0.488000 0.160000 -0.779164
v -0.488000 0.340775 -0.779164
v -0.731309 0.340775 -0.779164
v -0.735216 0.532887 -0.779164
v -0.693365 0.863329 -0.779164
v -0.720216 0.725000 -0.779164
v -0.561296 0.895749 -0.779164
v -0.279811 0.902653 -0.779164
v -0.421432 0.885270 -0.779164
v -0.142959 0.900280 -0.779164
v 0.000000 0.893207 -0.834417
v 0.143587 0.889140 -0.834417
v 0.281815 0.889416 -0.834417
v 0.425039 0.878921 -0.834417
v 0.564963 0.893127 -0.834417
v 0.696465 0.859726 -0.834417
v 0.754279 0.614427 -0.834417
v 0.739279 0.725000 -0.834417
v 0.754279 0.503854 -0.834417
v 0.488000 0.503854 -0.834417
v 0.488000 0.160000 -0.834417
v 0.366000 0.160000 -0.834417
v 0.244000 0.160000 -0.834417
v 0.122000 0.160000 -0.834417
v 0.000000 0.160000 -0.834417
v -0.122000 0.160000 -0.834417
v -0.244000 0.160000 -0.834417
v -0.366000 0.160000 -0.834417
v -0.488000 0.160000 -0.834417
v -0.488000 0.503854 -0.834417
v -0.754279 0.503854 -0.834417
v -0.754279 0.614427 -0.834417
v -0.696465 0.859726 -0.834417
v -0.739279 0.725000 -0.834417
v -0.564963 0.893127 -0.834417
v -0.425039 0.878921 -0.834417
v -0.281815 0.889416 -0.834417
v -0.143587 0.889140 -0.834417
v 0.000000 0.875380 -0.920476
v 0.145325 0.871765 -0.920476
v 0.286232 0.876601 -0.920476
v 0.431232 0.866186 -0.920476
v 0.570561 0.890001 -0.920476
v 0.702354 0.852742 -0.920476
v 0.782133 0.679137 -0.920476
v 0.767133 0.725000 -0.920476
v 0.778717 0.633275 -0.920476
v 0.488000 0.633275 -0.920476
v 0.488000 0.160000 -0.920476
v 0.366000 0.160000 -0.920476
v 0.244000 0.160000 -0.920476
v 0.122000 0.160000 -0.920476
v 0.000000 0.160000 -0.920476
v -0.122000 0.160000 -0.920476
v -0.244000 0.160000 -0.920476
v -0.366000 0.160000 -0.920476
v -0.488000 0.160000 -0.920476
v -0.488000 0.633275 -0.920476
v -0.778717 0.633275 -0.920476
v -0.782133 0.679137 -0.920476
v -0.702354 0.852742 -0.920476
v -0.767133 0.725000 -0.920476
v -0.570561 0.890001 -0.920476
v -0.431232 0.866186 -0.920476
v -0.286232 0.876601 -0.920476
v -0.145325 0.871765 -0.920476
v 0.000000 0.852917 -1.028917
v 0.286904 0.853314 -1.028917
v 0.144977 0.849953 -1.028917
v 0.562852 0.883116 -1.028917
v 0.431562 0.843282 -1.028917
v 0.694988 0.851924 -1.028917
v 0.790707 0.751368 -1.028917
v 0.794642 0.733868 -1.028917
v 0.792312 0.716368 -1.028917
v 0.488000 0.716368 -1.028917
v 0.488000 0.160000 -1.028917
v 0.366000 0.160000 -1.028917
v 0.244000 0.160000 -1.028917
v 0.122000 0.160000 -1.028917
v 0.000000 0.160000 -1.028917
v -0.122000 0.160000 -1.028917
v -0.244000 0.160000 -1.028917
v -0.366000 0.160000 -1.028917
v -0.488000 0.160000 -1.028917
v -0.488000 0.716368 -1.028917
v -0.792312 0.716368 -1.028917
v -0.794642 0.733868 -1.028917
v -0.790707 0.751368 -1.028917
v -0.694988 0.851924 -1.028917
v -0.562852 0.883116 -1.028917
v -0.286904 0.853314 -1.028917
v -0.431562 0.843282 -1.028917
v -0.144977 0.849953 -1.028917
v 0.142645 0.825672 -1.149125
v 0.000000 0.828016 -1.149125
v 0.284019 0.826091 -1.149125
v 0.426451 0.818286 -1.149125
v 0.548313 0.872736 -1.149125
v 0.679350 0.854106 -1.149125
v 0.793860 0.773016 -1.149125
v 0.800795 0.759008 -1.149125
v 0.798930 0.745000 -1.149125
v 0.488000 0.745000 -1.149125
v 0.488000 0.160000 -1.149125
v 0.366000 0.160000 -1.149125
v 0.244000 0.160000 -1.149125
v 0.122000 0.160000 -1.149125
v 0.000000 0.160000 -1.149125
v -0.122000 0.160000 -1.149125
v -0.244000 0.160000 -1.149125
v -0.366000 0.160000 -1.149125
v -0.488000 0.160000 -1.149125
v -0.488000 0.745000 -1.149125
v -0.798930 0.745000 -1.149125
v -0.800795 0.759008 -1.149125
v -0.793860 0.773016 -1.149125
v -0.679350 0.854106 -1.149125
v -0.548313 0.872736 -1.149125
v -0.426451 0.818286 -1.149125
v -0.284019 0.826091 -1.149125
v -0.142645 0.825672 -1.149125
v 0.000000 0.803116 -1.269333
v 0.143969 0.800750 -1.269333
v 0.287496 0.798620 -1.269333
v 0.546054 0.865857 -1.269333
v 0.431351 0.792572 -1.269333
v 0.678071 0.849959 -1.269333
v 0.772445 0.748116 -1.269333
v 0.782630 0.732242 -1.269333
v 0.787445 0.716368 -1.269333
v 0.488000 0.716368 -1.269333
v 0.488000 0.160000 -1.269333
v 0.366000 0.160000 -1.269333
v 0.244000 0.160000 -1.269333
v 0.122000 0.160000 -1.269333
v 0.000000 0.160000 -1.269333
v -0.122000 0.160000 -1.269333
v -0.244000 0.160000 -1.269333
v -0.366000 0.160000 -1.269333
v -0.488000 0.716368 -1.269333
v -0.488000 0.160000 -1.269333
v -0.787445 0.716368 -1.269333
v -0.782630 0.732242 -1.269333
v -0.772445 0.748116 -1.269333
v -0.678071 0.849959 -1.269333
v -0.546054 0.865857 -1.269333
v -0.287496 0.798620 -1.269333
v -0.431351 0.792572 -1.269333
v -0.143969 0.800750 -1.269333
v 0.000000 0.777771 -1.377774
v 0.145616 0.775117 -1.377774
v 0.291201 0.771256 -1.377774
v 0.544937 0.858292 -1.377774
v 0.436740 0.765809 -1.377774
v 0.679194 0.842902 -1.377774
v 0.754765 0.722771 -1.377774
v 0.769765 0.678023 -1.377774
v 0.769765 0.633275 -1.377774
v 0.488000 0.633275 -1.377774
v 0.488000 0.160000 -1.377774
v 0.366000 0.160000 -1.377774
v 0.244000 0.160000 -1.377774
v 0.122000 0.160000 -1.377774
v 0.000000 0.160000 -1.377774
v -0.122000 0.160000 -1.377774
v -0.244000 0.160000 -1.377774
v -0.366000 0.160000 -1.377774
v -0.488000 0.633275 -1.377774
v -0.488000 0.160000 -1.377774
v -0.769765 0.633275 -1.377774
v -0.769765 0.678023 -1.377774
v -0.754765 0.722771 -1.377774
v -0.679194 0.842902 -1.377774
v -0.544937 0.858292 -1.377774
v -0.291201 0.771256 -1.377774
v -0.436740 0.765809 -1.377774
v -0.145616 0.775117 -1.377774
v 0.000000 0.750979 -1.463833
v 0.148490 0.748267 -1.463833
v 0.296950 0.744249 -1.463833
v 0.547974 0.850595 -1.463833
v 0.438884 0.753915 -1.463833
v 0.686086 0.830196 -1.463833
v 0.744527 0.695979 -1.463833
v 0.759527 0.599916 -1.463833
v 0.759527 0.503854 -1.463833
v 0.488000 0.503854 -1.463833
v 0.488000 0.160000 -1.463833
v 0.366000 0.160000 -1.463833
v 0.244000 0.160000 -1.463833
v 0.122000 0.160000 -1.463833
v 0.000000 0.160000 -1.463833
v -0.122000 0.160000 -1.463833
v -0.244000 0.160000 -1.463833
v -0.366000 0.160000 -1.463833
v -0.488000 0.503854 -1.463833
v -0.488000 0.160000 -1.463833
v -0.759527 0.503854 -1.463833
v -0.759527 0.599916 -1.463833
v -0.744527 0.695979 -1.463833
v -0.686086 0.830196 -1.463833
v -0.547974 0.850595 -1.463833
v -0.296950 0.744249 -1.463833
v -0.438884 0.753915 -1.463833
v -0.148490 0.748267 -1.463833
v 0.000000 0.733777 -1.519086
v 0.150193 0.730702 -1.519086
v 0.300364 0.726656 -1.519086
v 0.549798 0.845421 -1.519086
v 0.439118 0.748095 -1.519086
v 0.688842 0.820406 -1.519086
v 0.737954 0.678777 -1.519086
v 0.752954 0.509776 -1.519086
v 0.748946 0.340775 -1.519086
v 0.488000 0.340775 -1.519086
v 0.488000 0.163381 -1.519086
v 0.366000 0.163381 -1.519086
v 0.244000 0.163381 -1.519086
v 0.122000 0.163381 -1.519086
v 0.000000 0.163381 -1.519086
v -0.122000 0.163381 -1.519086
v -0.244000 0.163381 -1.519086
v -0.366000 0.163381 -1.519086
v -0.488000 0.340775 -1.519086
v -0.488000 0.163381 -1.519086
v -0.748946 0.340775 -1.519086
v -0.752954 0.509776 -1.519086
v -0.737954 0.678777 -1.519086
v -0.688842 0.820406 -1.519086
v -0.549798 0.845421 -1.519086
v -0.300364 0.726656 -1.519086
v -0.439118 0.748095 -1.519086
v -0.150193 0.730702 -1.519086
v 0.000000 0.727850 -1.538125
v 0.150701 0.724648 -1.538125
v 0.438502 0.747132 -1.538125
v 0.301382 0.720589 -1.538125
v 0.550503 0.843276 -1.538125
v 0.688789 0.816007 -1.538125
v 0.735689 0.672850 -1.538125
v 0.750689 0.416425 -1.538125
v 0.573838 0.160000 -1.538125
v 0.735689 0.160000 -1.538125
v 0.573838 0.166741 -1.538125
v 0.430378 0.166741 -1.538125
v 0.286919 0.166741 -1.538125
v 0.143459 0.166741 -1.538125
v 0.000000 0.166741 -1.538125
v -0.143459 0.166741 -1.538125
v -0.286919 0.166741 -1.538125
v -0.430378 0.166741 -1.538125
v -0.573838 0.166741 -1.538125
v -0.573838 0.160000 -1.538125
v -0.750689 0.416425 -1.538125
v -0.735689 0.160000 -1.538125
v -0.735689 0.672850 -1.538125
v -0.688789 0.816007 -1.538125
v -0.550503 0.843276 -1.538125
v -0.438502 0.747132 -1.538125
v -0.150701 0.724648 -1.538125
v -0.301382 0.720589 -1.538125
v 0.000000 0.699271 -1.629925
v 0.154211 0.695434 -1.629925
v 0.439157 0.741577 -1.629925
v 0.308415 0.691279 -1.629925
v 0.557320 0.834147 -1.629925
v 0.688635 0.791140 -1.629925
v 0.721852 0.644270 -1.629925
v 0.721852 0.182941 -1.629925
v 0.731836 0.413606 -1.629925
v 0.563045 0.182941 -1.629925
v 0.422283 0.182941 -1.629925
v 0.281522 0.182941 -1.629925
v 0.140761 0.182941 -1.629925
v -0.140761 0.182941 -1.629925
v 0.000000 0.182941 -1.629925
v -0.281522 0.182941 -1.629925
v -0.422283 0.182941 -1.629925
v -0.563045 0.182941 -1.629925
v -0.721852 0.182941 -1.629925
v -0.721852 0.644270 -1.629925
v -0.731836 0.413606 -1.629925
v -0.688635 0.791140 -1.629925
v -0.557320 0.834147 -1.629925
v -0.439157 0.741577 -1.629925
v -0.154211 0.695434 -1.629925
v -0.308415 0.691279 -1.629925
v 0.151243 0.647642 -1.739925
v 0.000000 0.651717 -1.739925
v 0.549806 0.774739 -1.739925
v 0.661338 0.735256 -1.739925
v 0.690544 0.596717 -1.739925
v 0.690544 0.202353 -1.739925
v 0.705544 0.399535 -1.739925
v 0.538625 0.202353 -1.739925
v 0.403969 0.202353 -1.739925
v 0.269312 0.202353 -1.739925
v 0.134656 0.202353 -1.739925
v -0.134656 0.202353 -1.739925
v 0.000000 0.202353 -1.739925
v -0.269312 0.202353 -1.739925
v -0.403969 0.202353 -1.739925
v -0.538625 0.202353 -1.739925
v -0.690544 0.202353 -1.739925
v -0.690544 0.596717 -1.739925
v -0.705544 0.399535 -1.739925
v -0.661338 0.735256 -1.739925
v -0.549806 0.774739 -1.739925
v -0.440888 0.669724 -1.739925
v -0.302487 0.643568 -1.739925
v -0.151243 0.647642 -1.739925
v 0.106508 0.594004 -1.839925
v 0.000000 0.596874 -1.839925
v 0.213001 0.590661 -1.839925
v 0.319487 0.587067 -1.839925
v 0.529898 0.556262 -1.839925
v 0.650469 0.380937 -1.839925
v 0.642969 0.461405 -1.839925
v 0.645600 0.300468 -1.840084
v 0.640732 0.220000 -1.840244
v 0.495665 0.220000 -1.931325
v 0.371749 0.220000 -1.969379
v 0.247833 0.220000 -1.983630
v 0.123916 0.220000 -1.991517
v -0.123916 0.220000 -1.991517
v 0.000000 0.220000 -1.999404
v -0.247833 0.220000 -1.983630
v -0.371749 0.220000 -1.969379
v -0.495665 0.220000 -1.931325
v -0.640732 0.220000 -1.840244
v -0.650469 0.380937 -1.839925
v -0.645600 0.300468 -1.840084
v -0.635469 0.541874 -1.839925
v -0.642969 0.461405 -1.839925
v -0.529898 0.556262 -1.839925
v -0.424738 0.573133 -1.839925
v -0.319487 0.587067 -1.839925
v -0.213001 0.590661 -1.839925
v -0.106508 0.594004 -1.839925
v -0.396832 0.502390 2.149360
v -0.337034 0.510832 2.149178
v -0.252757 0.513387 2.151855
v -0.168480 0.515943 2.154531
v -0.084203 0.518498 2.157208
v 0.000000 0.522305 2.159658
v 0.084203 0.518498 2.157208
v 0.168480 0.515943 2.154531
v 0.252757 0.513387 2.151855
v 0.337034 0.510832 2.149178
v 0.396832 0.502390 2.149360
v -0.494638 0.394037 2.100075
v -0.349395 0.413888 2.231190
v -0.262034 0.415592 2.234613
v -0.174673 0.417296 2.238036
v -0.087312 0.418999 2.241461
v 0.000000 0.421537 2.244880
v 0.087312 0.418999 2.241461
v 0.174673 0.417296 2.238036
v 0.262034 0.415592 2.234613
v 0.349395 0.413888 2.231190
v 0.494638 0.394037 2.100075
v 0.487138 0.481056 2.100075
v -0.371723 0.315537 2.191964
v -0.389260 0.408260 2.229655
v -0.271311 0.317796 2.196348
v -0.180866 0.318648 2.200327
v -0.090421 0.319499 2.204366
v 0.000000 0.320768 2.208643
v 0.090421 0.319499 2.204367
v 0.180866 0.318648 2.200327
v 0.271311 0.317796 2.196348
v 0.371723 0.315537 2.191964
v 0.389260 0.408260 2.229655
v -0.521340 0.472197 -1.967951
v -0.332552 0.495301 -2.015525
v -0.442470 0.484850 -1.991972
v -0.221709 0.497996 -2.016997
v -0.110860 0.500503 -2.018845
v 0.000000 0.502655 -2.021249
v 0.110860 0.500503 -2.018845
v 0.221709 0.497996 -2.016997
v 0.332552 0.495301 -2.015525
v 0.521340 0.472197 -1.967951
v 0.442470 0.484850 -1.991972
v -0.512782 0.388131 -1.954775
v -0.460202 0.396567 -1.970788
v -0.345618 0.403534 -2.005678
v -0.230417 0.405331 -2.014495
v -0.115212 0.407002 -2.023293
v 0.000000 0.408437 -2.031016
v 0.115212 0.407002 -2.023293
v 0.230417 0.405331 -2.014495
v 0.345618 0.403534 -2.005678
v 0.460202 0.396567 -1.970788
v 0.512782 0.388131 -1.954775
v -0.504224 0.304066 -1.941759
v -0.477934 0.308283 -1.950495
v -0.358683 0.311767 -1.987664
v -0.239125 0.312665 -1.999388
v -0.119564 0.313501 -2.007395
v 0.000000 0.314218 -2.015126
v 0.119564 0.313501 -2.007395
v 0.239125 0.312665 -1.999388
v 0.358683 0.311767 -1.987664
v 0.477934 0.308283 -1.950495
v 0.504224 0.304066 -1.941759
v -0.615000 0.965874 -0.311380
v -0.615000 1.036000 -0.264925
v -0.615000 0.989586 -0.257839
v -0.754000 0.958000 -0.381925
v -0.754000 0.956000 -0.264925
v -0.737000 1.039000 -0.282925
v -0.647019 0.916748 -0.249532
v -0.637930 0.930185 -0.252067
v -0.623817 0.954567 -0.359925
v -0.615000 0.966977 -0.343958
v 0.615000 0.978322 -0.330968
v 0.615000 1.036000 -0.264925
v 0.754000 0.958000 -0.381925
v 0.737000 1.039000 -0.282925
v 0.754000 0.956000 -0.264925
v 0.649056 0.917495 -0.359925
v -0.540000 0.955500 2.190075
v -0.410000 0.953574 2.204898
v -0.448276 0.868462 1.639448
v -0.498567 0.823646 1.661508
v 0.000000 0.845000 2.030075
v 0.000000 0.947500 2.225075
v 0.000000 0.897000 2.030075
v 0.410000 0.953574 2.204898
v 0.330330 0.836049 1.894325
v 0.410000 0.903074 2.009898
v 0.521353 0.859816 1.832008
v 0.410000 0.851074 2.009898
v 0.540000 0.955500 2.190075
v -0.501375 0.823936 1.657306
v 0.492909 0.864304 1.583268
v 0.448230 0.868424 1.639580
v 0.497769 0.836712 1.625769
v 0.478028 0.817507 1.700075
v -0.404113 0.821960 1.758643
v -0.478139 0.817434 1.700075
v 0.597186 0.993684 -0.359925
v 0.623817 0.954567 -0.359925
v 0.657869 0.920729 -0.251093
v 0.660180 0.921577 -0.305194
v 0.635469 0.541874 -1.839925
v 0.540000 0.853000 1.995075
v 0.540000 0.905000 1.995075
vt 0.744141 0.691886
vt 0.765843 0.708875
vt 0.744141 0.710268
vt 0.766139 0.690725
vt 0.787545 0.707482
vt 0.788164 0.689945
vt 0.809247 0.706090
vt 0.810189 0.689166
vt 0.830971 0.705005
vt 0.832214 0.688386
vt 0.852707 0.704144
vt 0.853842 0.685811
vt 0.872749 0.697684
vt 0.061521 0.076671
vt 0.061521 0.131708
vt 0.040952 0.111737
vt 0.064481 0.023423
vt 0.091232 0.016463
vt 0.054197 0.046844
vt 0.129495 0.403782
vt 0.138255 0.417070
vt 0.116295 0.416251
vt 0.808594 0.972656
vt 0.597656 0.756389
vt 0.597656 0.744492
vt 0.632921 0.744052
vt 0.122257 0.368274
vt 0.120351 0.359356
vt 0.123664 0.364287
vt 0.040952 0.090106
vt 0.634439 0.685811
vt 0.615533 0.697684
vt 0.614031 0.679303
vt 0.656068 0.688386
vt 0.635574 0.704144
vt 0.678093 0.689166
vt 0.657311 0.705005
vt 0.700117 0.689945
vt 0.679034 0.706090
vt 0.722142 0.690725
vt 0.700736 0.707482
vt 0.722439 0.708875
vt 0.765760 0.726767
vt 0.744141 0.727743
vt 0.787380 0.725791
vt 0.809000 0.724815
vt 0.830620 0.723839
vt 0.852257 0.723181
vt 0.871450 0.715160
vt 0.091232 0.083579
vt 0.091232 0.150695
vt 0.826195 0.463684
vt 0.863739 0.471016
vt 0.859358 0.443939
vt 0.616831 0.715160
vt 0.636025 0.723181
vt 0.657661 0.723839
vt 0.679281 0.724815
vt 0.700901 0.725791
vt 0.722521 0.726767
vt 0.110775 0.174210
vt 0.085036 0.177512
vt 0.091232 0.163306
vt 0.284646 0.384292
vt 0.292072 0.399030
vt 0.281680 0.398289
vt 0.304899 0.384292
vt 0.317173 0.400523
vt 0.307837 0.399884
vt 0.325152 0.384292
vt 0.345421 0.384292
vt 0.339574 0.402500
vt 0.363401 0.384292
vt 0.132371 0.150746
vt 0.132371 0.081765
vt 0.132371 0.012784
vt 0.124881 0.384292
vt 0.112854 0.411991
vt 0.091522 0.411991
vt 0.163129 0.384292
vt 0.171147 0.400472
vt 0.162710 0.401065
vt 0.186865 0.399610
vt 0.183382 0.384292
vt 0.196256 0.398939
vt 0.223888 0.384292
vt 0.220589 0.397404
vt 0.210271 0.398129
vt 0.111606 0.391423
vt 0.139953 0.364315
vt 0.274104 0.411906
vt 0.244141 0.436912
vt 0.244141 0.410848
vt 0.327385 0.414855
vt 0.307542 0.436912
vt 0.299071 0.413301
vt 0.335251 0.417706
vt 0.340559 0.418506
vt 0.339242 0.436912
vt 0.371886 0.416782
vt 0.375427 0.411991
vt 0.391681 0.436912
vt 0.396759 0.411991
vt 0.169384 0.150746
vt 0.169384 0.080522
vt 0.169384 0.010298
vt 0.169384 0.174291
vt 0.118759 0.429220
vt 0.121421 0.436912
vt 0.096601 0.436912
vt 0.147384 0.416142
vt 0.149039 0.436912
vt 0.180740 0.436912
vt 0.160883 0.414881
vt 0.189194 0.413346
vt 0.214538 0.411920
vt 0.212440 0.436912
vt 0.275841 0.436912
vt 0.244141 0.439842
vt 0.276672 0.439842
vt 0.309204 0.439842
vt 0.366860 0.436912
vt 0.341734 0.439842
vt 0.368997 0.439842
vt 0.173735 0.174274
vt 0.173735 0.102990
vt 0.173735 0.150746
vt 0.173735 0.055235
vt 0.119284 0.439842
vt 0.093620 0.439842
vt 0.146548 0.439842
vt 0.179077 0.439842
vt 0.211609 0.439842
vt 0.244141 0.448345
vt 0.279269 0.448345
vt 0.314398 0.448345
vt 0.349507 0.448345
vt 0.394661 0.439842
vt 0.375300 0.448345
vt 0.186363 0.173666
vt 0.186363 0.123260
vt 0.186363 0.150746
vt 0.186363 0.095773
vt 0.073812 0.439842
vt 0.084253 0.448345
vt 0.058455 0.448345
vt 0.112982 0.448345
vt 0.173735 0.193851
vt 0.186363 0.214402
vt 0.186363 0.193475
vt 0.173883 0.448345
vt 0.138774 0.448345
vt 0.209012 0.448345
vt 0.244141 0.461588
vt 0.281956 0.461588
vt 0.319750 0.461588
vt 0.356820 0.461588
vt 0.404029 0.448345
vt 0.380485 0.461588
vt 0.206032 0.174810
vt 0.206032 0.139345
vt 0.206032 0.150746
vt 0.206032 0.127945
vt 0.107796 0.461588
vt 0.076815 0.461588
vt 0.206032 0.223294
vt 0.206032 0.196061
vt 0.168531 0.461588
vt 0.131461 0.461588
vt 0.206326 0.461588
vt 0.244141 0.478275
vt 0.283740 0.478275
vt 0.323335 0.478275
vt 0.230816 0.204357
vt 0.230816 0.234214
vt 0.414311 0.478275
vt 0.383242 0.478275
vt 0.411466 0.461588
vt 0.445974 0.478275
vt 0.230816 0.152950
vt 0.230816 0.157300
vt 0.230816 0.148600
vt 0.073970 0.478275
vt 0.164946 0.478275
vt 0.127151 0.478275
vt 0.204542 0.478275
vt 0.284422 0.496773
vt 0.244141 0.496773
vt 0.363049 0.496773
vt 0.324754 0.496773
vt 0.258289 0.215243
vt 0.258289 0.245228
vt 0.258289 0.187595
vt 0.448024 0.496773
vt 0.415323 0.496773
vt 0.258289 0.160067
vt 0.258289 0.164418
vt 0.258289 0.155717
vt 0.040258 0.496773
vt 0.042307 0.478275
vt 0.230816 0.180547
vt 0.125233 0.496773
vt 0.203859 0.496773
vt 0.163528 0.496773
vt 0.244141 0.515270
vt 0.286978 0.515270
vt 0.329844 0.515270
vt 0.285762 0.219263
vt 0.285762 0.252308
vt 0.417108 0.515270
vt 0.285762 0.157300
vt 0.285762 0.152950
vt 0.285762 0.148600
vt 0.285762 0.185096
vt 0.158437 0.515270
vt 0.119196 0.515270
vt 0.201303 0.515270
vt 0.244141 0.531958
vt 0.288906 0.531958
vt 0.369086 0.515270
vt 0.333671 0.531958
vt 0.310546 0.221365
vt 0.310546 0.258722
vt 0.310546 0.184247
vt 0.310546 0.150746
vt 0.310546 0.139345
vt 0.310546 0.127945
vt 0.154610 0.531958
vt 0.114930 0.531958
vt 0.199375 0.531958
vt 0.289733 0.545201
vt 0.244141 0.545201
vt 0.375413 0.545201
vt 0.335325 0.545201
vt 0.330215 0.224459
vt 0.330215 0.264208
vt 0.330215 0.185742
vt 0.330215 0.150746
vt 0.330215 0.123260
vt 0.330215 0.095773
vt 0.112868 0.545201
vt 0.198549 0.545201
vt 0.152957 0.545201
vt 0.289456 0.553703
vt 0.244141 0.553703
vt 0.334771 0.553703
vt 0.375346 0.553703
vt 0.342843 0.228098
vt 0.342843 0.267899
vt 0.342843 0.188380
vt 0.342843 0.150746
vt 0.342843 0.102990
vt 0.342843 0.055235
vt 0.112935 0.553703
vt 0.153510 0.553703
vt 0.198825 0.553703
vt 0.289210 0.556633
vt 0.244141 0.556633
vt 0.334280 0.556633
vt 0.375106 0.556633
vt 0.347194 0.229904
vt 0.347194 0.269539
vt 0.347194 0.189762
vt 0.347194 0.150746
vt 0.347194 0.080522
vt 0.347194 0.010298
vt 0.113176 0.556633
vt 0.154002 0.556633
vt 0.199072 0.556633
vt 0.244141 0.584339
vt 0.290607 0.584339
vt 0.337125 0.584339
vt 0.388344 0.233022
vt 0.388344 0.275599
vt 0.388344 0.190776
vt 0.388344 0.150746
vt 0.388344 0.080522
vt 0.388344 0.010298
vt 0.151156 0.584339
vt 0.109863 0.584339
vt 0.197675 0.584339
vt 0.244141 0.612038
vt 0.292074 0.612038
vt 0.380160 0.612038
vt 0.340011 0.612038
vt 0.429483 0.236113
vt 0.429483 0.280958
vt 0.429483 0.191863
vt 0.429483 0.150746
vt 0.429483 0.080522
vt 0.429483 0.010298
vt 0.108121 0.612038
vt 0.196208 0.612038
vt 0.148270 0.612038
vt 0.244141 0.639737
vt 0.339929 0.639737
vt 0.292040 0.639737
vt 0.470621 0.236519
vt 0.470621 0.281137
vt 0.470621 0.192197
vt 0.470621 0.080522
vt 0.470621 0.150746
vt 0.470621 0.010298
vt 0.148353 0.639737
vt 0.107848 0.639737
vt 0.196241 0.639737
vt 0.244141 0.670514
vt 0.339506 0.670514
vt 0.291826 0.670514
vt 0.380433 0.639737
vt 0.516331 0.280669
vt 0.516331 0.236671
vt 0.516331 0.192450
vt 0.516331 0.080522
vt 0.516331 0.150746
vt 0.516331 0.010298
vt 0.148775 0.670514
vt 0.108048 0.670514
vt 0.196455 0.670514
vt 0.288339 0.699751
vt 0.244141 0.699751
vt 0.332788 0.699751
vt 0.375892 0.699751
vt 0.559755 0.266942
vt 0.559755 0.231431
vt 0.559755 0.190478
vt 0.559755 0.150746
vt 0.559755 0.010298
vt 0.559755 0.080522
vt 0.112389 0.699751
vt 0.155493 0.699751
vt 0.199942 0.699751
vt 0.244141 0.728989
vt 0.321610 0.728989
vt 0.282875 0.728989
vt 0.360803 0.728989
vt 0.603179 0.233799
vt 0.579382 0.205025
vt 0.409296 0.712966
vt 0.407234 0.713322
vt 0.400422 0.713636
vt 0.603179 0.186736
vt 0.603179 0.150746
vt 0.603179 0.010298
vt 0.603179 0.080522
vt 0.578550 0.202190
vt 0.089793 0.699751
vt 0.127478 0.728989
vt 0.092386 0.728989
vt 0.166671 0.728989
vt 0.205406 0.728989
vt 0.244141 0.756688
vt 0.279840 0.756688
vt 0.351239 0.756688
vt 0.315540 0.756688
vt 0.387286 0.756688
vt 0.613868 0.198776
vt 0.607266 0.198627
vt 0.644317 0.184773
vt 0.644317 0.150746
vt 0.644317 0.010298
vt 0.644317 0.080522
vt 0.603179 0.198596
vt 0.615103 0.196618
vt 0.100995 0.756688
vt 0.137042 0.756688
vt 0.208441 0.756688
vt 0.172742 0.756688
vt 0.244141 0.781309
vt 0.280290 0.781309
vt 0.316240 0.781309
vt 0.351726 0.781309
vt 0.419774 0.756688
vt 0.387183 0.781309
vt 0.680885 0.184869
vt 0.680885 0.150746
vt 0.680885 0.010298
vt 0.680885 0.080522
vt 0.068507 0.756688
vt 0.101099 0.781309
vt 0.068002 0.781309
vt 0.136555 0.781309
vt 0.172041 0.781309
vt 0.207991 0.781309
vt 0.244141 0.790573
vt 0.315276 0.790573
vt 0.280476 0.790573
vt 0.351191 0.790573
vt 0.386769 0.790573
vt 0.420337 0.790573
vt 0.694643 0.150746
vt 0.694643 0.185147
vt 0.694643 0.010298
vt 0.694643 0.080522
vt 0.067944 0.790573
vt 0.101512 0.790573
vt 0.137090 0.790573
vt 0.173005 0.790573
vt 0.207805 0.790573
vt 0.244141 0.793503
vt 0.315245 0.793503
vt 0.280469 0.793503
vt 0.386775 0.793503
vt 0.351233 0.793503
vt 0.698995 0.185131
vt 0.698995 0.102990
vt 0.698995 0.150746
vt 0.698995 0.055235
vt 0.101506 0.793503
vt 0.067945 0.793503
vt 0.173036 0.793503
vt 0.137048 0.793503
vt 0.207812 0.793503
vt 0.244141 0.802005
vt 0.280628 0.802005
vt 0.315754 0.802005
vt 0.352150 0.802005
vt 0.420336 0.793503
vt 0.387707 0.802005
vt 0.711623 0.184236
vt 0.711623 0.123260
vt 0.711623 0.150746
vt 0.711623 0.095773
vt 0.100574 0.802005
vt 0.067158 0.802005
vt 0.136131 0.802005
vt 0.172527 0.802005
vt 0.207653 0.802005
vt 0.244141 0.815248
vt 0.281070 0.815248
vt 0.316877 0.815248
vt 0.353724 0.815248
vt 0.421124 0.802005
vt 0.389129 0.815248
vt 0.731291 0.182500
vt 0.731291 0.139345
vt 0.731291 0.150746
vt 0.731291 0.127945
vt 0.099152 0.815248
vt 0.065661 0.815248
vt 0.134557 0.815248
vt 0.171404 0.815248
vt 0.207211 0.815248
vt 0.244141 0.831935
vt 0.317048 0.831935
vt 0.280982 0.831935
vt 0.387170 0.831935
vt 0.353807 0.831935
vt 0.420748 0.831935
vt 0.756075 0.157300
vt 0.756075 0.182296
vt 0.756075 0.152950
vt 0.756075 0.148600
vt 0.067533 0.831935
vt 0.101111 0.831935
vt 0.171234 0.831935
vt 0.134474 0.831935
vt 0.207300 0.831935
vt 0.280389 0.850433
vt 0.244141 0.850433
vt 0.316314 0.850433
vt 0.352509 0.850433
vt 0.383476 0.850433
vt 0.416775 0.850433
vt 0.445873 0.850433
vt 0.783548 0.159199
vt 0.783548 0.162682
vt 0.783548 0.155717
vt 0.071507 0.850433
vt 0.104805 0.850433
vt 0.135772 0.850433
vt 0.171967 0.850433
vt 0.207892 0.850433
vt 0.244141 0.868931
vt 0.280725 0.868931
vt 0.317198 0.868931
vt 0.382902 0.868931
vt 0.353754 0.868931
vt 0.416449 0.868931
vt 0.811022 0.156492
vt 0.811022 0.152546
vt 0.811022 0.148600
vt 0.811022 0.181808
vt 0.071832 0.868931
vt 0.105379 0.868931
vt 0.171083 0.868931
vt 0.134527 0.868931
vt 0.207556 0.868931
vt 0.244141 0.885618
vt 0.281144 0.885618
vt 0.318140 0.885618
vt 0.382618 0.885618
vt 0.355123 0.885618
vt 0.835805 0.180054
vt 0.835805 0.150192
vt 0.835805 0.139068
vt 0.835805 0.127945
vt 0.105663 0.885618
vt 0.071546 0.885618
vt 0.170142 0.885618
vt 0.133158 0.885618
vt 0.207137 0.885618
vt 0.244141 0.898861
vt 0.281874 0.898861
vt 0.319600 0.898861
vt 0.383390 0.898861
vt 0.355668 0.898861
vt 0.416735 0.885618
vt 0.855474 0.176895
vt 0.855474 0.143532
vt 0.855474 0.119653
vt 0.855474 0.095773
vt 0.104892 0.898861
vt 0.069795 0.898861
vt 0.168681 0.898861
vt 0.132613 0.898861
vt 0.206407 0.898861
vt 0.244141 0.907364
vt 0.282307 0.907364
vt 0.320468 0.907364
vt 0.383853 0.907364
vt 0.355728 0.907364
vt 0.418486 0.898861
vt 0.868102 0.174462
vt 0.868102 0.139256
vt 0.868102 0.097245
vt 0.868102 0.055235
vt 0.104428 0.907364
vt 0.069095 0.907364
vt 0.167813 0.907364
vt 0.132554 0.907364
vt 0.205974 0.907364
vt 0.244141 0.910294
vt 0.282436 0.910294
vt 0.355571 0.910294
vt 0.320727 0.910294
vt 0.384032 0.910294
vt 0.419187 0.907364
vt 0.872453 0.173368
vt 0.872453 0.137782
vt 0.872453 0.074040
vt 0.872453 0.010298
vt 0.104249 0.910294
vt 0.069108 0.910294
vt 0.132710 0.910294
vt 0.205845 0.910294
vt 0.167555 0.910294
vt 0.244141 0.924420
vt 0.283328 0.924420
vt 0.355738 0.924420
vt 0.322514 0.924420
vt 0.385765 0.924420
vt 0.419173 0.910294
vt 0.893434 0.167187
vt 0.893434 0.130678
vt 0.893434 0.016001
vt 0.893434 0.073340
vt 0.102517 0.924420
vt 0.069147 0.924420
vt 0.132544 0.924420
vt 0.204953 0.924420
vt 0.165767 0.924420
vt 0.282574 0.941347
vt 0.244141 0.941347
vt 0.321007 0.941347
vt 0.356177 0.941347
vt 0.863270 0.491159
vt 0.893285 0.500455
vt 0.930945 0.505053
vt 0.895323 0.517109
vt 0.918574 0.153295
vt 0.918574 0.118857
vt 0.918574 0.020826
vt 0.918574 0.069842
vt 0.557336 0.505053
vt 0.594996 0.500455
vt 0.564741 0.489387
vt 0.104426 0.941347
vt 0.660478 0.477059
vt 0.624542 0.471016
vt 0.625012 0.491159
vt 0.167274 0.941347
vt 0.205707 0.941347
vt 0.744141 0.465969
vt 0.773033 0.449790
vt 0.744141 0.450594
vt 0.785168 0.464826
vt 0.801921 0.448853
vt 0.830807 0.447845
vt 0.887885 0.439210
vt 0.931463 0.450550
vt 0.923540 0.489387
vt 0.935532 0.395274
vt 0.920592 0.390060
vt 0.918557 0.412618
vt 0.931463 0.339998
vt 0.919271 0.367503
vt 0.552749 0.395274
vt 0.567690 0.390060
vt 0.569010 0.367503
vt 0.556818 0.450550
vt 0.571759 0.435176
vt 0.569724 0.412618
vt 0.600396 0.439210
vt 0.628923 0.443939
vt 0.657474 0.447845
vt 0.662086 0.463684
vt 0.703113 0.464826
vt 0.686360 0.448853
vt 0.715249 0.449790
vt 0.636493 0.664274
vt 0.652714 0.666206
vt 0.675576 0.666791
vt 0.698438 0.667375
vt 0.721299 0.667960
vt 0.744141 0.668831
vt 0.766982 0.667960
vt 0.789844 0.667375
vt 0.812705 0.666791
vt 0.835567 0.666206
vt 0.851788 0.664274
vt 0.874251 0.679303
vt 0.609962 0.639484
vt 0.611996 0.659393
vt 0.649361 0.644026
vt 0.673059 0.644415
vt 0.696758 0.644805
vt 0.720456 0.645195
vt 0.744141 0.645776
vt 0.767825 0.645195
vt 0.791524 0.644805
vt 0.815222 0.644415
vt 0.838920 0.644026
vt 0.878320 0.639484
vt 0.876285 0.659393
vt 0.643304 0.621523
vt 0.638547 0.642738
vt 0.670543 0.622040
vt 0.695078 0.622235
vt 0.719612 0.622430
vt 0.744141 0.622720
vt 0.768669 0.622430
vt 0.793204 0.622235
vt 0.817738 0.622040
vt 0.844977 0.621523
vt 0.849734 0.642738
vt 0.602718 0.415643
vt 0.653930 0.422120
vt 0.624113 0.419190
vt 0.683998 0.422876
vt 0.714068 0.423579
vt 0.744141 0.424182
vt 0.774213 0.423579
vt 0.804283 0.422876
vt 0.834351 0.422120
vt 0.885563 0.415643
vt 0.864168 0.419190
vt 0.605040 0.392077
vt 0.619303 0.394442
vt 0.650386 0.396395
vt 0.681636 0.396899
vt 0.712887 0.397367
vt 0.744141 0.397770
vt 0.775394 0.397367
vt 0.806645 0.396899
vt 0.837895 0.396395
vt 0.868978 0.394442
vt 0.883242 0.392077
vt 0.607361 0.368511
vt 0.614493 0.369693
vt 0.646842 0.370670
vt 0.679274 0.370922
vt 0.711707 0.371156
vt 0.744141 0.371357
vt 0.776574 0.371156
vt 0.809007 0.370922
vt 0.841440 0.370670
vt 0.873788 0.369693
vt 0.880920 0.368511
vt 0.570331 0.344945
vt 0.609683 0.344945
vt 0.643297 0.344945
vt 0.676912 0.344945
vt 0.710526 0.344945
vt 0.744141 0.344945
vt 0.777755 0.344945
vt 0.811370 0.344945
vt 0.844984 0.344945
vt 0.878599 0.344945
vt 0.917950 0.344945
vt 0.087859 0.721519
vt 0.087859 0.714370
vt 0.087859 0.713280
vt 0.608207 0.208665
vt 0.581467 0.208168
vt 0.585581 0.228800
vt 0.052537 0.714370
vt 0.079723 0.712002
vt 0.082032 0.712392
vt 0.085619 0.728989
vt 0.056857 0.717140
vt 0.087859 0.726532
vt 0.400422 0.724533
vt 0.400422 0.714370
vt 0.435744 0.714370
vt 0.431424 0.717140
vt 0.435744 0.732375
vt 0.064949 0.195490
vt 0.101824 0.184309
vt 0.064949 0.182564
vt 0.130226 0.421320
vt 0.117447 0.417926
vt 0.106918 0.366596
vt 0.106918 0.336589
vt 0.139953 0.334307
vt 0.244141 0.361210
vt 0.348328 0.364315
vt 0.376625 0.391689
vt 0.348328 0.334307
vt 0.116733 0.418572
vt 0.369397 0.429966
vt 0.358043 0.421300
vt 0.370632 0.423425
vt 0.040952 0.068475
vt 0.244141 0.395749
vt 0.244141 0.384292
vt 0.264394 0.384292
vt 0.267704 0.397450
vt 0.365615 0.411991
vt 0.227206 0.379669
vt 0.142860 0.384292
vt 0.141449 0.402978
vt 0.122638 0.411991
vt 0.061521 0.021634
vt 0.203635 0.384292
vt 0.414469 0.439842
vt 0.429827 0.448345
vt 0.361130 0.478275
vt 0.105040 0.478275
vt 0.072958 0.496773
vt 0.071173 0.515270
vt 0.373351 0.531958
vt 0.378418 0.584339
vt 0.380233 0.670514
vt 0.398488 0.699751
vt 0.395895 0.728989
vt 0.596561 0.213716
vt 0.603179 0.207811
vt 0.603179 0.217535
vt 0.578305 0.199400
vt 0.590670 0.199611
vt 0.580376 0.220284
vt 0.577949 0.198410
vt 0.599530 0.210896
vt 0.592084 0.210622
vt 0.579847 0.216516
vt 0.578528 0.201751
vt 0.409231 0.736186
vt 0.644317 0.195171
vt 0.084835 0.737018
vt 0.070951 0.728989
vt 0.420279 0.781309
vt 0.422620 0.815248
vt 0.042408 0.850433
vt 0.419134 0.924420
vt 0.827803 0.477059
vt 0.383855 0.941347
vt 0.592958 0.517109
vt 0.132104 0.941347
vt 0.916523 0.435176
vt 0.556818 0.339998
vt 0.611996 0.619575
vt 0.876285 0.619575
vt 0.845627 0.599665
vt 0.873500 0.598018
vt 0.082337 0.712407
vt 0.052537 0.732375
vt 0.411316 0.712242
vt 0.402663 0.728989
vt 0.084367 0.177408
vt 0.110706 0.174171
vt 0.244141 0.331203
vt 0.102218 0.184258
vt 0.890625 0.744492
vt 0.890625 0.756389
vt 0.855360 0.744052
vt 0.381363 0.366596
vt 0.381363 0.336589
vt 0.268106 0.380120
vn 0.000000 0.637800 0.770200
vn 0.052100 0.806600 0.588800
vn 0.000000 0.809100 0.587700
vn 0.042600 0.632600 0.773300
vn 0.050100 0.808000 0.587100
vn 0.038900 0.633300 0.772900
vn 0.046800 0.810200 0.584200
vn 0.037400 0.633100 0.773200
vn 0.048000 0.808200 0.586900
vn 0.051900 0.630800 0.774200
vn 0.186700 0.795600 0.576300
vn 0.194700 0.584000 0.788000
vn 0.308700 0.760600 0.571200
vn 0.998800 0.031200 -0.036700
vn 0.997800 0.065100 -0.012700
vn 0.997000 0.075600 -0.013700
vn 0.995300 -0.079700 -0.054800
vn 0.948600 -0.056000 0.311600
vn 0.996800 -0.050300 -0.061700
vn -0.186000 0.923400 -0.335700
vn -0.234800 0.953600 0.188400
vn -0.476900 0.776700 0.411500
vn 0.049100 -0.980900 0.188100
vn 0.041800 -0.986800 0.156700
vn 0.009700 -0.991500 0.129700
vn 0.000000 0.874000 0.485900
vn -0.117400 -0.032000 0.992600
vn -0.113400 -0.000400 0.993600
vn -0.113300 0.000000 0.993600
vn 0.979400 0.163400 -0.118500
vn -0.997000 0.075600 -0.013700
vn -0.999100 0.028000 -0.033100
vn -0.194700 0.584000 0.788000
vn -0.308700 0.760600 0.571200
vn -0.329600 0.449700 0.830100
vn -0.052300 0.630600 0.774300
vn -0.186700 0.795600 0.576400
vn -0.037400 0.633100 0.773200
vn -0.048000 0.808200 0.586900
vn -0.038900 0.633300 0.772900
vn -0.046800 0.810200 0.584200
vn -0.042500 0.632600 0.773300
vn -0.050100 0.808000 0.587100
vn -0.052100 0.806600 0.588800
vn 0.047000 0.868200 0.493900
vn 0.190000 0.858200 0.476900
vn 0.049200 0.867200 0.495600
vn 0.049400 0.864200 0.500600
vn 0.088300 0.860600 0.501600
vn 0.289800 0.837200 0.463800
vn 0.673100 0.560500 0.482600
vn 0.953800 0.007200 0.300200
vn -0.380200 -0.916700 -0.123100
vn -0.380500 -0.916600 -0.122800
vn -0.383800 -0.915100 -0.123300
vn 0.000000 -0.987400 0.158000
vn 0.000000 -0.992800 0.120100
vn 0.000000 -0.993500 0.114100
vn -0.024900 0.891100 -0.453100
vn -0.292400 0.761600 -0.578400
vn 0.062900 0.841200 -0.537000
vn -0.997800 0.065100 -0.012700
vn -0.953800 0.007200 0.300200
vn -0.677800 0.551600 0.486100
vn -0.281100 0.825300 0.489700
vn -0.087500 0.856100 0.509400
vn -0.049400 0.864300 0.500500
vn -0.049000 0.867900 0.494200
vn -0.045900 0.866200 0.497600
vn 0.966300 -0.256800 0.015800
vn 0.966800 -0.255000 0.016500
vn 0.967600 -0.252000 0.014700
vn 0.042700 0.882400 0.468600
vn 0.043900 0.884200 0.465100
vn 0.049700 0.880900 0.470700
vn 0.042100 0.881300 0.470700
vn 0.195300 0.864200 0.463700
vn -0.998700 -0.048100 -0.018900
vn 0.813300 0.389500 0.432300
vn 0.891500 0.000000 0.453100
vn 0.000000 -0.989200 0.146600
vn 0.000000 -0.997400 0.071800
vn 0.000000 -0.997700 0.068400
vn -0.949800 -0.062800 0.306400
vn -0.891500 0.000000 0.453100
vn -0.890400 -0.048300 0.452600
vn -0.810200 0.388500 0.438800
vn -0.520000 0.757800 0.394100
vn -0.051300 0.880200 0.471900
vn -0.046200 0.882500 0.467900
vn -0.041800 0.882900 0.467700
vn -0.042400 0.883900 0.465700
vn -0.047300 0.884800 0.463600
vn -0.043600 0.885500 0.462600
vn -0.421900 0.904600 -0.060400
vn 0.008900 0.979100 -0.203300
vn -0.014000 -0.993500 0.113200
vn -0.053100 -0.992300 0.112000
vn -0.021100 -0.993000 0.116300
vn 0.017600 0.980900 0.193900
vn 0.000000 0.883500 0.468400
vn -0.000400 0.982400 0.186600
vn 0.074800 0.973400 0.216700
vn 0.032200 0.881900 0.470300
vn 0.007200 0.980400 0.196700
vn 0.132000 0.972000 0.194600
vn 0.168500 0.908700 0.381900
vn 0.173900 0.869600 0.462100
vn 0.473200 0.780200 0.409100
vn 0.549100 0.742600 0.383400
vn 0.625700 0.686700 0.370000
vn 0.794700 0.348700 0.496800
vn 0.890400 -0.048300 0.452600
vn 0.841500 -0.008500 0.540100
vn 0.000000 -0.998700 0.050100
vn 0.000000 -0.998100 0.061600
vn 0.000000 -0.999500 0.030800
vn -0.841500 -0.008500 0.540100
vn -0.934000 -0.048600 0.354000
vn -0.794700 0.348700 0.496800
vn -0.629200 0.684800 0.367700
vn -0.543900 0.758900 0.358200
vn -0.450800 0.803100 0.389600
vn -0.133100 0.960600 0.244100
vn -0.168100 0.876800 0.450600
vn -0.032200 0.881900 0.470300
vn -0.068900 0.977400 0.199800
vn -0.007100 0.980400 0.196900
vn -0.017400 0.980700 0.194600
vn -0.033700 0.882300 0.469600
vn 0.032800 0.880900 0.472200
vn 0.000000 0.883200 0.469100
vn 0.031600 0.882700 0.468800
vn 0.033200 0.884000 0.466300
vn 0.450600 0.797500 0.401200
vn 0.242500 0.858700 0.451500
vn 0.521700 0.769300 0.368700
vn 0.619600 0.667400 0.413100
vn 0.678300 0.027200 0.734300
vn 0.679800 0.327300 0.656300
vn 0.681800 -0.018600 0.731300
vn 0.000000 -0.104700 -0.994500
vn 0.033400 -0.210200 -0.977100
vn 0.000000 -0.231000 -0.973000
vn 0.323900 -0.061000 -0.944100
vn 0.663900 0.000000 -0.747800
vn 0.000000 -1.000000 0.000000
vn -0.323900 -0.061000 -0.944100
vn -0.033400 -0.210200 -0.977100
vn -0.663900 0.000000 -0.747800
vn -0.681800 -0.018600 0.731300
vn -0.678300 0.027200 0.734300
vn -0.619600 0.667400 0.413100
vn -0.679800 0.327300 0.656300
vn -0.521800 0.769300 0.368700
vn -0.242500 0.858700 0.451500
vn -0.033200 0.884000 0.466300
vn -0.031600 0.882700 0.468800
vn 0.033000 0.883500 0.467200
vn 0.042900 0.888700 0.456400
vn 0.342700 0.832000 0.436200
vn 0.580800 0.746700 0.324200
vn 0.602500 0.717000 0.350700
vn 0.794400 0.051900 0.605200
vn 0.741800 0.406700 0.533200
vn 0.727300 0.000000 0.686300
vn 0.000000 -0.441000 -0.897500
vn 0.000000 -0.463600 -0.886000
vn 1.000000 0.000000 0.000000
vn -1.000000 0.000000 0.000000
vn -0.727300 0.000000 0.686300
vn -0.794400 0.051900 0.605200
vn -0.602500 0.717000 0.350700
vn -0.741800 0.406700 0.533200
vn -0.580800 0.746700 0.324200
vn -0.342700 0.832000 0.436200
vn -0.042900 0.888700 0.456400
vn -0.033000 0.883500 0.467200
vn 0.000000 0.884900 0.465900
vn 0.037800 0.886100 0.462000
vn 0.066500 0.894100 0.443000
vn 0.440500 0.802500 0.402500
vn 0.634700 0.716400 0.289900
vn 0.596900 0.758800 0.260700
vn 0.924100 0.134300 0.357800
vn 0.782300 0.510400 0.356900
vn 0.929500 0.000000 0.368800
vn 0.000000 -0.683000 -0.730400
vn 0.000000 -0.699700 -0.714500
vn -0.929500 0.000000 0.368800
vn -0.924100 0.134300 0.357800
vn -0.596900 0.758800 0.260700
vn -0.782300 0.510400 0.356900
vn -0.634700 0.716400 0.289900
vn -0.440600 0.802300 0.402700
vn -0.066500 0.894100 0.443000
vn -0.037800 0.886100 0.462000
vn 0.000000 0.908000 0.418900
vn 0.046100 0.908900 0.414500
vn 0.093300 0.911600 0.400400
vn 0.687300 0.669800 0.281000
vn 0.486600 0.794200 0.363900
vn 0.598400 0.760800 0.251300
vn 0.709500 0.656000 0.257500
vn 0.936500 0.279800 0.211200
vn 0.987900 0.000000 0.155300
vn 0.000000 -0.903100 -0.429400
vn 0.000000 -0.910000 -0.414600
vn -0.987900 0.000000 0.155300
vn -0.936500 0.279800 0.211200
vn -0.709500 0.656000 0.257500
vn -0.598400 0.760800 0.251300
vn -0.687300 0.669800 0.281000
vn -0.093300 0.911600 0.400400
vn -0.486600 0.794200 0.363900
vn -0.046100 0.908900 0.414600
vn 0.055900 0.928600 0.366900
vn 0.000000 0.927800 0.373000
vn 0.489400 0.807700 0.328900
vn 0.115700 0.929300 0.350800
vn 0.741700 0.624900 0.243700
vn 0.666700 0.732700 0.136200
vn 0.687800 0.724300 0.047300
vn 0.919900 0.390700 0.033400
vn 0.999000 0.031400 0.032700
vn 0.000000 -1.000000 0.006700
vn -0.999000 0.031400 0.032700
vn -0.919900 0.390700 0.033400
vn -0.687800 0.724300 0.047300
vn -0.666700 0.732700 0.136200
vn -0.741700 0.624900 0.243700
vn -0.489400 0.807600 0.329000
vn -0.055900 0.928600 0.366900
vn -0.115700 0.929300 0.350800
vn 0.000000 0.928000 0.372600
vn 0.063900 0.928200 0.366700
vn 0.156800 0.926600 0.341800
vn 0.805900 0.570100 0.159700
vn 0.555500 0.780300 0.287400
vn 0.751500 0.659600 -0.012300
vn 0.764500 0.627900 -0.145600
vn 0.948700 0.291900 -0.121600
vn 0.000000 -0.903100 0.429400
vn 0.000000 -0.904700 0.426100
vn -0.948700 0.291900 -0.121600
vn -0.996800 0.045200 -0.065900
vn -0.764500 0.627900 -0.145600
vn -0.751500 0.659600 -0.012300
vn -0.805900 0.570200 0.159300
vn -0.156800 0.926600 0.341800
vn -0.555500 0.780300 0.287400
vn -0.063900 0.928200 0.366700
vn 0.000000 0.941200 0.337900
vn 0.069900 0.939700 0.334800
vn 0.196100 0.927600 0.317900
vn 0.858600 0.504800 0.088900
vn 0.621500 0.746400 0.237900
vn 0.817000 0.574700 -0.048300
vn 0.862600 0.462200 -0.205800
vn 0.996800 0.045200 -0.065900
vn 0.963300 0.145800 -0.225300
vn 0.000000 -0.691800 0.722100
vn 0.000000 -0.683000 0.730400
vn -0.963300 0.145800 -0.225300
vn -0.975300 0.009200 -0.220600
vn -0.862600 0.462200 -0.205800
vn -0.817000 0.574700 -0.048300
vn -0.858600 0.504800 0.088900
vn -0.196100 0.927600 0.317900
vn -0.621500 0.746400 0.237900
vn -0.069900 0.939700 0.334800
vn 0.074000 0.969400 0.234200
vn 0.000000 0.972100 0.234800
vn 0.662800 0.726100 0.182900
vn 0.214000 0.947500 0.237500
vn 0.888800 0.455700 0.047400
vn 0.859700 0.493900 -0.130200
vn 0.868400 0.339800 -0.361200
vn 0.975300 0.009200 -0.220600
vn 0.891300 0.058700 -0.449700
vn 0.000000 -0.455300 0.890300
vn 0.000000 -0.441000 0.897500
vn -0.891300 0.058700 -0.449700
vn -0.848700 0.000000 -0.528800
vn -0.868400 0.339800 -0.361200
vn -0.859700 0.493900 -0.130200
vn -0.888800 0.455700 0.047400
vn -0.662800 0.726100 0.182900
vn -0.074000 0.969400 0.234200
vn -0.214000 0.947500 0.237500
vn 0.075500 0.983000 0.167500
vn 0.000000 0.985800 0.168000
vn 0.206600 0.959700 0.190400
vn 0.668900 0.726300 0.158400
vn 0.905800 0.423200 0.018900
vn 0.881700 0.404500 -0.243000
vn 0.795600 0.236600 -0.557700
vn 0.848700 0.000000 -0.528800
vn 0.741800 0.027200 -0.670000
vn 0.000000 -0.228000 0.973700
vn -0.032200 -0.202300 0.978800
vn -0.741800 0.027200 -0.670000
vn -0.680700 -0.018500 -0.732300
vn -0.795600 0.236600 -0.557700
vn -0.881700 0.404500 -0.243000
vn -0.905800 0.423200 0.018900
vn -0.668900 0.726300 0.158400
vn -0.206600 0.959700 0.190400
vn -0.075500 0.983000 0.167500
vn 0.073400 0.982700 0.169800
vn 0.193400 0.963800 0.183800
vn 0.324200 0.925500 0.195600
vn 0.916800 0.397800 0.035900
vn 0.909500 0.407800 0.080500
vn 0.924000 0.365800 -0.111600
vn 0.918800 0.206300 -0.336600
vn 0.680700 -0.018500 -0.732300
vn 0.661400 -0.014500 -0.749900
vn 0.103200 -0.065400 0.992500
vn 0.000000 -0.104700 0.994500
vn 0.032200 -0.202300 0.978800
vn 0.267200 0.000000 0.963600
vn -0.267200 0.000000 0.963600
vn -0.103200 -0.065400 0.992500
vn -0.661400 -0.014500 -0.749900
vn -0.660700 -0.020900 -0.750400
vn -0.918800 0.206300 -0.336600
vn -0.924000 0.365800 -0.111600
vn -0.916800 0.397800 0.035900
vn -0.324200 0.925500 0.195600
vn -0.193400 0.963800 0.183800
vn -0.073400 0.982700 0.169800
vn 0.000000 0.985100 0.171800
vn 0.067300 0.982200 0.175200
vn 0.212800 0.961600 0.173200
vn 0.934600 0.354000 0.034400
vn 0.933600 0.353400 0.059400
vn 0.936900 0.349600 0.004600
vn 0.982000 0.189000 -0.005700
vn 0.999900 0.000000 -0.012300
vn 0.999100 -0.039300 -0.014400
vn 0.999900 0.000000 -0.014500
vn -0.999100 -0.039300 -0.014400
vn -0.999900 0.000000 -0.012300
vn -0.999600 -0.025200 -0.012300
vn -0.999900 0.000000 -0.014500
vn -0.982000 0.189000 -0.005700
vn -0.936900 0.349600 0.004600
vn -0.909500 0.407800 0.080500
vn -0.934600 0.354000 0.034400
vn -0.212800 0.961600 0.173200
vn -0.358000 0.919300 0.163400
vn -0.067300 0.982200 0.175200
vn 0.000000 0.997000 0.077500
vn 0.061500 0.994900 0.080200
vn 0.398300 0.914100 0.076400
vn 0.233400 0.969100 0.079500
vn 0.946800 0.321100 0.021900
vn 0.949500 0.312400 0.029900
vn 0.938800 0.344400 0.010400
vn 0.982800 0.184400 0.004700
vn 1.000000 0.000000 0.001100
vn 0.999600 -0.025200 -0.012300
vn -1.000000 0.000000 0.001100
vn -1.000000 -0.003500 0.001100
vn -0.982800 0.184400 0.004700
vn -0.938800 0.344400 0.010400
vn -0.933600 0.353400 0.059400
vn -0.946800 0.321100 0.021900
vn -0.398100 0.914200 0.076300
vn -0.061500 0.994900 0.080200
vn -0.233400 0.969100 0.079500
vn 0.000000 0.999500 -0.032800
vn 0.231200 0.972600 -0.022900
vn 0.057900 0.997800 -0.031200
vn 0.948600 0.316300 0.013300
vn 0.949700 0.313000 0.009800
vn 0.940600 0.339300 0.013800
vn 1.000000 0.000000 0.009500
vn 0.983400 0.181200 0.009900
vn 1.000000 -0.003500 0.001100
vn -1.000000 0.000000 0.009500
vn -1.000000 0.002400 0.009600
vn -0.940600 0.339300 0.013800
vn -0.983400 0.181200 0.009900
vn -0.949500 0.312400 0.029900
vn -0.948600 0.316300 0.013300
vn -0.231200 0.972600 -0.022900
vn -0.396300 0.918000 -0.015300
vn -0.057800 0.997800 -0.031000
vn 0.000000 0.985400 -0.170100
vn 0.208600 0.959000 -0.191900
vn 0.073000 0.979800 -0.186300
vn 0.396300 0.918000 -0.015300
vn 0.927400 0.371400 -0.045000
vn 0.936300 0.350800 -0.018000
vn 0.942900 0.332700 0.015400
vn 1.000000 0.000000 0.006500
vn 0.984400 0.175900 0.009500
vn 1.000000 0.002400 0.009600
vn -1.000000 0.000000 0.006500
vn -1.000000 -0.003000 0.006400
vn -0.942900 0.332800 0.015400
vn -0.984400 0.175900 0.009500
vn -0.936300 0.350800 -0.018000
vn -0.927400 0.371400 -0.045000
vn -0.208600 0.959000 -0.191900
vn -0.339400 0.921900 -0.187000
vn -0.073000 0.979800 -0.186300
vn 0.110000 0.870800 -0.479200
vn 0.000000 0.891600 -0.452800
vn 0.159300 0.855000 -0.493500
vn 0.541600 0.742200 -0.394600
vn 0.861300 0.482200 -0.160500
vn 0.939200 0.343300 0.002800
vn 0.986700 0.161800 0.013200
vn 0.999900 -0.009900 0.005200
vn 1.000000 0.000000 0.005200
vn -0.999900 -0.009900 0.005200
vn -0.986700 0.161800 0.013200
vn -1.000000 0.000000 0.005200
vn -0.938000 0.346400 -0.007900
vn -0.858700 0.483800 -0.169100
vn -0.541600 0.742200 -0.394600
vn -0.159400 0.855000 -0.493500
vn -0.110000 0.870800 -0.479200
vn 0.000000 0.795900 -0.605500
vn 0.137300 0.777000 -0.614300
vn 0.143400 0.782800 -0.605500
vn 0.284700 0.769700 -0.571400
vn 0.908200 0.415900 -0.046200
vn 0.103300 0.183200 0.977600
vn 0.120900 0.167400 0.978500
vn 0.102500 0.183900 0.977600
vn 0.890700 0.449300 -0.069200
vn 0.990200 0.138900 0.013600
vn 0.999900 -0.015300 0.003700
vn 1.000000 0.000000 0.003700
vn -0.999900 -0.015300 0.003700
vn -0.990200 0.138900 0.013600
vn -1.000000 0.000000 0.003700
vn -0.888600 0.452800 -0.073600
vn -0.900500 0.426100 -0.086400
vn -0.284700 0.769700 -0.571400
vn -0.628200 0.696100 -0.347500
vn -0.137300 0.777000 -0.614300
vn -0.143400 0.782800 -0.605500
vn 0.000000 0.877300 -0.480000
vn 0.142200 0.885700 -0.442000
vn 0.148700 0.919500 -0.363800
vn 0.155900 0.900600 -0.405700
vn 0.299300 0.922700 -0.243100
vn 0.584000 0.769500 -0.258500
vn 0.798100 0.599300 -0.062200
vn 0.992400 0.122200 0.015300
vn 0.999500 -0.026800 0.016700
vn 0.999900 0.000000 0.016700
vn -0.999500 -0.026800 0.016700
vn -0.992400 0.122200 0.015300
vn -0.999900 0.000000 0.016700
vn -0.797900 0.600200 -0.056900
vn -0.762000 0.624800 -0.170100
vn -0.585900 0.774400 -0.238800
vn -0.299800 0.923800 -0.238000
vn -0.148700 0.919500 -0.363800
vn -0.142200 0.885700 -0.442000
vn -0.156000 0.900600 -0.405600
vn 0.000000 0.927400 -0.374000
vn 0.075500 0.943700 -0.322100
vn 0.130000 0.967700 -0.216000
vn 0.076800 0.989000 -0.126600
vn 0.136800 0.989100 -0.054000
vn 0.980600 0.195900 0.005200
vn 0.992600 0.120600 0.010300
vn 0.998900 -0.044500 0.015400
vn 0.999900 0.000000 0.015400
vn -0.998900 -0.044500 0.015400
vn -0.992600 0.120600 0.010300
vn -0.999900 0.000000 0.015400
vn -0.980600 0.195900 0.005200
vn -0.136800 0.989100 -0.054000
vn -0.285400 0.958200 -0.017900
vn -0.076800 0.989000 -0.126600
vn -0.130000 0.967700 -0.216000
vn -0.075600 0.943700 -0.322100
vn 0.000000 0.950800 -0.309800
vn 0.073800 0.973000 -0.218900
vn 0.017000 0.957700 -0.287100
vn 0.039700 0.990700 -0.130400
vn 0.094200 0.993500 -0.064300
vn 0.256100 0.966000 -0.034700
vn 0.991400 0.125000 0.038300
vn 0.981600 0.191200 0.001800
vn 0.998600 -0.052200 0.000900
vn 0.999800 -0.016400 0.009000
vn -0.998600 -0.052200 0.000900
vn -0.991400 0.125000 0.038300
vn -0.999800 -0.016400 0.009000
vn -0.256100 0.966000 -0.034700
vn -0.094200 0.993500 -0.064300
vn -0.039700 0.990700 -0.130400
vn -0.073800 0.973000 -0.218900
vn -0.017000 0.957700 -0.287100
vn 0.000000 0.979800 -0.200100
vn 0.048400 0.980300 -0.191300
vn 0.007800 0.978400 -0.206600
vn 0.079200 0.994800 -0.064700
vn 0.017800 0.991400 -0.129700
vn 0.972000 0.217100 0.089600
vn 0.969400 0.032300 0.243300
vn 0.972100 0.149800 0.180300
vn 0.998500 -0.037200 0.041300
vn 0.094500 -0.066100 -0.993300
vn 0.000000 -0.220700 -0.975300
vn 0.249900 0.000000 -0.968300
vn 0.032000 -0.201500 -0.979000
vn -0.094500 -0.066100 -0.993300
vn -0.032000 -0.201500 -0.979000
vn -0.249900 0.000000 -0.968300
vn -0.998500 -0.037200 0.041300
vn -0.969400 0.032300 0.243300
vn -0.972000 0.217100 0.089600
vn -0.972100 0.149800 0.180300
vn -0.079200 0.994800 -0.064700
vn -0.242400 0.969400 -0.038000
vn -0.048400 0.980300 -0.191300
vn -0.017800 0.991400 -0.129700
vn -0.007800 0.978400 -0.206600
vn 0.007000 0.980300 -0.197500
vn 0.035100 0.983900 -0.175300
vn -0.013300 0.992100 -0.124700
vn 0.242400 0.969400 -0.038000
vn 0.070500 0.995200 -0.067700
vn 0.936100 0.305600 0.174400
vn 0.940000 0.055300 0.336600
vn 0.934400 0.224700 0.276300
vn 0.947100 -0.013700 0.320700
vn 0.000000 -0.451700 -0.892200
vn -0.947100 -0.013800 0.320700
vn -0.940000 0.055300 0.336600
vn -0.936100 0.305600 0.174400
vn -0.934400 0.224700 0.276300
vn -0.070500 0.995200 -0.067700
vn -0.251000 0.967200 -0.039600
vn 0.013300 0.992100 -0.124700
vn -0.035100 0.983900 -0.175300
vn -0.007000 0.980300 -0.197500
vn 0.000300 0.980900 -0.194300
vn 0.024200 0.983100 -0.181500
vn -0.058500 0.987700 -0.144800
vn 0.251000 0.967200 -0.039600
vn 0.047500 0.995700 -0.079600
vn 0.628300 0.775700 0.059800
vn 0.968900 0.079100 0.234300
vn 0.907800 0.345700 0.237600
vn 0.975700 -0.039500 0.215400
vn 0.000000 -0.693000 -0.720900
vn -0.975700 -0.039500 0.215400
vn -0.968900 0.079100 0.234300
vn -0.628300 0.775700 0.059800
vn -0.907800 0.345700 0.237600
vn -0.047500 0.995700 -0.079600
vn 0.058500 0.987700 -0.144800
vn -0.024200 0.983100 -0.181500
vn -0.000300 0.980900 -0.194300
vn 0.000000 0.979700 -0.200700
vn 0.022400 0.977700 -0.208700
vn -0.000300 0.979100 -0.203400
vn -0.030200 0.995600 -0.088400
vn -0.117200 0.979200 -0.165900
vn 0.506100 0.862300 0.016400
vn 0.860000 0.492800 0.132200
vn 0.986100 0.109600 0.125100
vn 0.993200 -0.105800 0.047700
vn 0.000000 -0.907600 -0.419900
vn -0.993200 -0.105800 0.047700
vn -0.986100 0.109600 0.125100
vn -0.860000 0.492800 0.132200
vn -0.506100 0.862300 0.016400
vn 0.030200 0.995600 -0.088400
vn -0.022400 0.977700 -0.208700
vn 0.117200 0.979200 -0.165900
vn 0.000300 0.979100 -0.203400
vn 0.006900 0.978500 -0.206300
vn 0.000000 0.979400 -0.201800
vn 0.024700 0.976800 -0.212500
vn -0.179200 0.968700 -0.171700
vn -0.139400 0.986300 -0.088600
vn 0.412500 0.909200 -0.057600
vn 0.792300 0.606700 -0.064600
vn 0.971700 0.226200 -0.067900
vn 0.998000 -0.017400 -0.061100
vn 0.000000 -1.000000 -0.003100
vn -0.998000 -0.017400 -0.061100
vn -0.971700 0.226200 -0.067900
vn -0.792300 0.606700 -0.064600
vn -0.412500 0.909200 -0.057600
vn 0.139400 0.986300 -0.088600
vn 0.179200 0.968700 -0.171700
vn -0.024700 0.976800 -0.212500
vn -0.006900 0.978500 -0.206300
vn 0.000000 0.976500 -0.215700
vn 0.014700 0.975300 -0.220300
vn 0.028000 0.973700 -0.226100
vn -0.216700 0.971100 -0.099700
vn -0.258200 0.947600 -0.188300
vn 0.394200 0.913600 -0.099400
vn 0.803700 0.559200 -0.203400
vn 0.938400 0.271300 -0.214300
vn 0.000000 -0.909500 0.415600
vn -0.938400 0.271300 -0.214300
vn -0.981700 0.085500 -0.170300
vn -0.803700 0.559200 -0.203400
vn -0.457100 0.887600 -0.056800
vn 0.216700 0.971100 -0.099700
vn -0.028000 0.973700 -0.226100
vn 0.258200 0.947600 -0.188300
vn -0.014700 0.975300 -0.220300
vn 0.000000 0.964800 -0.262900
vn 0.019900 0.964000 -0.265100
vn 0.018100 0.968100 -0.250000
vn -0.274900 0.954700 -0.113900
vn -0.324500 0.927300 -0.186700
vn 0.532200 0.839000 -0.113700
vn 0.886600 0.419900 -0.193900
vn 0.981700 0.085500 -0.170300
vn 0.962900 0.167900 -0.211200
vn 0.000000 -0.690400 0.723500
vn -0.962900 0.167900 -0.211200
vn -0.990400 0.020700 -0.136600
vn -0.886600 0.419900 -0.193900
vn -0.532200 0.839000 -0.113700
vn 0.274900 0.954700 -0.113900
vn -0.018100 0.968100 -0.250000
vn 0.324500 0.927300 -0.186700
vn -0.019900 0.964000 -0.265100
vn 0.000000 0.954400 -0.298500
vn 0.021900 0.953900 -0.299400
vn -0.017200 0.965900 -0.258200
vn -0.656100 0.748600 -0.096000
vn -0.380000 0.910300 -0.164100
vn 0.144500 0.982500 -0.117400
vn 0.900300 0.417900 -0.122000
vn 0.941200 0.287300 -0.177700
vn 0.990400 0.020700 -0.136600
vn 0.981500 0.071500 -0.177500
vn 0.000000 -0.445800 0.895100
vn 0.000000 -0.999500 -0.030600
vn -0.981500 0.071500 -0.177500
vn -0.992800 -0.012400 -0.119400
vn -0.941200 0.287200 -0.177700
vn -0.900300 0.417900 -0.122000
vn -0.144500 0.982500 -0.117400
vn -0.145800 0.982200 -0.118100
vn 0.656100 0.748600 -0.096000
vn 0.017200 0.965900 -0.258200
vn 0.380000 0.910300 -0.164100
vn -0.021800 0.954000 -0.299000
vn 0.000000 0.954000 -0.299900
vn 0.022500 0.953400 -0.301000
vn -0.056600 0.966600 -0.249800
vn -0.657000 0.750100 -0.075200
vn -0.415800 0.898500 -0.140700
vn 0.145800 0.982200 -0.118100
vn 0.171300 0.974600 -0.144100
vn 0.930900 0.341400 -0.130000
vn 0.957200 0.215800 -0.193100
vn 0.992800 -0.012400 -0.119400
vn 0.977600 0.033700 -0.207500
vn 0.000000 -0.218800 0.975800
vn 0.000000 -0.990900 -0.134600
vn 0.000000 -0.993100 -0.117600
vn 0.000000 -0.231900 0.972700
vn -0.977600 0.033700 -0.207500
vn -0.995200 -0.041600 -0.089000
vn -0.957100 0.215800 -0.193200
vn -0.930900 0.341400 -0.130000
vn -0.171300 0.974600 -0.144100
vn -0.172100 0.974300 -0.145500
vn 0.657000 0.750100 -0.075200
vn 0.056600 0.966600 -0.249800
vn 0.415800 0.898500 -0.140700
vn -0.022500 0.953400 -0.301000
vn 0.023300 0.953300 -0.301000
vn -0.442000 0.886800 -0.135100
vn -0.097000 0.964200 -0.246800
vn -0.643400 0.761900 -0.075000
vn 0.172100 0.974300 -0.145500
vn 0.214300 0.962600 -0.165500
vn 0.944700 0.293800 -0.145600
vn 0.964600 0.174300 -0.198100
vn 0.995200 -0.041600 -0.089000
vn 0.989900 -0.018100 -0.140900
vn 0.076100 -0.068600 0.994700
vn 0.031400 -0.199600 0.979400
vn 0.216500 0.000000 0.976300
vn -0.216500 0.000000 -0.976300
vn 0.000000 -0.984800 -0.173800
vn -0.216500 0.000000 0.976300
vn 0.216500 0.000000 -0.976300
vn -0.989900 -0.018100 -0.140900
vn -0.983600 -0.050000 -0.173500
vn -0.964600 0.174300 -0.198100
vn -0.944700 0.293800 -0.145600
vn -0.214200 0.962600 -0.165500
vn -0.216800 0.962000 -0.165700
vn 0.643400 0.761900 -0.075000
vn 0.442000 0.886800 -0.135100
vn -0.023300 0.953300 -0.301000
vn 0.097000 0.964200 -0.246800
vn 0.000000 0.937100 -0.349000
vn 0.024100 0.936400 -0.350200
vn -0.464700 0.835000 -0.294700
vn -0.123200 0.929300 -0.348100
vn -0.626800 0.745700 -0.225800
vn 0.216800 0.962000 -0.165700
vn 0.268200 0.909100 -0.318800
vn 0.944400 0.240100 -0.224800
vn 0.959900 0.142700 -0.241200
vn 0.975600 -0.053000 -0.213000
vn 0.975100 0.001700 -0.221900
vn 0.000000 -0.970200 -0.242400
vn 0.000000 -0.977000 -0.213000
vn -0.993200 0.000000 0.116800
vn 0.000000 -0.981800 -0.189800
vn 0.993200 0.000000 0.116800
vn -0.975600 -0.053000 -0.213000
vn -0.959900 0.142700 -0.241200
vn -0.975100 0.001700 -0.221900
vn -0.944400 0.240100 -0.224800
vn -0.268200 0.909100 -0.318800
vn -0.269400 0.905000 -0.329200
vn 0.626800 0.745700 -0.225800
vn 0.464700 0.835000 -0.294700
vn -0.024100 0.936400 -0.350200
vn 0.123200 0.929300 -0.348100
vn 0.024400 0.897300 -0.440800
vn 0.000000 0.898200 -0.439600
vn -0.142100 0.712800 -0.686800
vn 0.269300 0.905000 -0.329200
vn 0.546200 0.511700 -0.663200
vn 0.846700 0.083600 -0.525400
vn 0.934200 -0.058700 -0.351800
vn 0.927500 0.004000 -0.373800
vn 0.015300 -0.987300 -0.158400
vn 0.014300 -0.989600 -0.143300
vn 0.004400 -0.991800 -0.127400
vn 0.001700 -0.992300 -0.123600
vn 0.001100 -0.992500 -0.122100
vn -0.001100 -0.992500 -0.122100
vn 0.000000 -0.992600 -0.121400
vn -0.001700 -0.992300 -0.123600
vn -0.004400 -0.991800 -0.127400
vn -0.014300 -0.989600 -0.143300
vn -0.015300 -0.987300 -0.158400
vn -0.934200 -0.058700 -0.351800
vn -0.861900 0.102200 -0.496600
vn -0.927500 0.004000 -0.373800
vn -0.546200 0.511700 -0.663200
vn 0.142100 0.712800 -0.686800
vn 0.216800 0.719500 -0.659800
vn 0.044900 0.870800 -0.489700
vn -0.024400 0.897300 -0.440800
vn 0.025400 0.881300 -0.471900
vn 0.000000 0.882100 -0.471100
vn 0.011500 0.879600 -0.475600
vn 0.010200 0.883200 -0.468800
vn 0.176700 0.671200 -0.720000
vn 0.777000 -0.043600 -0.628000
vn 0.777000 0.028100 -0.628900
vn 0.753200 -0.084600 -0.652300
vn 0.040700 -0.990300 -0.132800
vn 0.020400 -0.994900 -0.098800
vn 0.007400 -0.996800 -0.079100
vn 0.003100 -0.997300 -0.072800
vn 0.002100 -0.997500 -0.070000
vn -0.002100 -0.997500 -0.070000
vn 0.000000 -0.997600 -0.068900
vn -0.003100 -0.997300 -0.072800
vn -0.007400 -0.996800 -0.079100
vn -0.020400 -0.994900 -0.098800
vn -0.040700 -0.990300 -0.132800
vn -0.777000 -0.043600 -0.628000
vn -0.753200 -0.084600 -0.652300
vn -0.894300 -0.096500 -0.437000
vn -0.814200 0.086300 -0.574200
vn -0.100400 0.836100 -0.539400
vn -0.157100 0.851800 -0.499700
vn -0.121400 0.929100 -0.349200
vn -0.259900 0.629600 -0.732200
vn -0.086000 0.846000 -0.526200
vn -0.035000 0.904400 -0.425300
vn -0.011500 0.879600 -0.475600
vn -0.025300 0.881200 -0.472000
vn -0.323100 0.434000 0.841000
vn -0.059200 0.553900 0.830500
vn -0.037400 0.561900 0.826400
vn -0.037600 0.568400 0.821900
vn -0.041400 0.574500 0.817400
vn 0.000000 0.576400 0.817100
vn 0.041400 0.574500 0.817500
vn 0.037500 0.568400 0.821900
vn 0.037400 0.561900 0.826400
vn 0.059300 0.554100 0.830400
vn 0.323100 0.434000 0.841000
vn 0.329600 0.449700 0.830100
vn -0.654900 0.262700 0.708600
vn -0.548600 0.283400 0.786600
vn -0.074700 0.647000 0.758800
vn -0.043300 0.647700 0.760700
vn -0.043000 0.647100 0.761200
vn -0.046400 0.646200 0.761700
vn 0.000000 0.646600 0.762800
vn 0.046500 0.646200 0.761700
vn 0.043200 0.647000 0.761200
vn 0.042700 0.648000 0.760500
vn 0.074700 0.647000 0.758800
vn 0.654900 0.262700 0.708600
vn 0.548600 0.283400 0.786600
vn -0.696000 -0.391700 0.601800
vn -0.291900 -0.648400 0.703100
vn -0.664800 -0.374400 0.646400
vn 0.004200 -0.378000 0.925800
vn -0.020600 -0.369600 0.929000
vn -0.017400 -0.683900 0.729300
vn -0.032000 -0.360000 0.932400
vn -0.021000 -0.683700 0.729400
vn -0.034000 -0.354700 0.934400
vn -0.020500 -0.682500 0.730600
vn -0.033700 -0.347200 0.937200
vn 0.000000 -0.343400 0.939200
vn 0.033700 -0.347200 0.937200
vn 0.020400 -0.682500 0.730600
vn 0.034000 -0.354700 0.934400
vn 0.020900 -0.683700 0.729400
vn 0.031900 -0.360000 0.932400
vn 0.017400 -0.683900 0.729300
vn 0.020600 -0.369600 0.929000
vn 0.289800 -0.651900 0.700700
vn -0.004200 -0.378000 0.925800
vn 0.696000 -0.391700 0.601800
vn 0.664800 -0.374400 0.646400
vn -0.476100 -0.660800 0.580200
vn -0.172000 -0.860300 0.479800
vn 0.020900 -0.993100 0.115500
vn 0.021100 -0.993100 0.115500
vn 0.017600 -0.993400 0.113300
vn -0.003000 -0.908800 0.417200
vn -0.004800 -0.909700 0.415300
vn -0.004100 -0.911100 0.412100
vn 0.000000 -0.911800 0.410600
vn 0.000000 -0.911800 0.410700
vn 0.004000 -0.911100 0.412100
vn 0.004800 -0.909700 0.415300
vn 0.003000 -0.908800 0.417200
vn -0.021000 -0.993000 0.116300
vn 0.229100 -0.896000 0.380500
vn 0.589500 -0.660100 0.465600
vn -0.049700 -0.007800 -0.998700
vn 0.030800 0.031300 -0.999000
vn 0.189800 -0.046500 -0.980700
vn -0.382800 0.802500 -0.457700
vn -0.089200 0.881100 -0.464400
vn -0.174500 0.856100 -0.486500
vn -0.028100 0.886400 -0.462000
vn -0.026700 0.886400 -0.462100
vn 0.000000 0.886800 -0.462200
vn 0.026700 0.886400 -0.462100
vn 0.028100 0.886400 -0.462000
vn 0.089200 0.881100 -0.464400
vn 0.382800 0.802500 -0.457700
vn 0.174500 0.856100 -0.486500
vn 0.528800 0.698300 -0.482400
vn -0.466700 -0.132100 -0.874500
vn -0.437500 -0.184000 -0.880200
vn -0.265900 -0.157200 -0.951100
vn -0.248600 -0.144000 -0.957800
vn -0.163400 -0.128800 -0.978100
vn -0.129700 -0.089300 -0.987500
vn -0.060900 -0.094800 -0.993600
vn -0.045900 -0.021100 -0.998700
vn -0.056600 -0.059400 -0.996600
vn -0.046600 0.046500 -0.997800
vn 0.000000 -0.043600 -0.999100
vn 0.046600 0.046500 -0.997800
vn 0.000000 0.076600 -0.997100
vn 0.045900 -0.021100 -0.998700
vn 0.056600 -0.059400 -0.996600
vn 0.129700 -0.089300 -0.987500
vn 0.060900 -0.094800 -0.993600
vn 0.248600 -0.144000 -0.957800
vn 0.163400 -0.128800 -0.978100
vn 0.437500 -0.184000 -0.880200
vn 0.265900 -0.157200 -0.951100
vn 0.466700 -0.132100 -0.874500
vn -0.438000 -0.132400 -0.889100
vn -0.283000 -0.155000 -0.946500
vn -0.192000 -0.159700 -0.968300
vn -0.079600 -0.164300 -0.983200
vn -0.064600 -0.162800 -0.984500
vn 0.000000 -0.165100 -0.986300
vn 0.064700 -0.162900 -0.984500
vn 0.079700 -0.164300 -0.983200
vn 0.192100 -0.159700 -0.968300
vn 0.283000 -0.155000 -0.946500
vn 0.438000 -0.132400 -0.889100
vn -0.746300 -0.080900 -0.660700
vn -0.423900 -0.123900 -0.897200
vn -0.208400 -0.157400 -0.965300
vn -0.085200 -0.166000 -0.982400
vn -0.063100 -0.163400 -0.984500
vn 0.000000 -0.164600 -0.986400
vn 0.063300 -0.163600 -0.984500
vn 0.085200 -0.166000 -0.982400
vn 0.208400 -0.157400 -0.965300
vn 0.423900 -0.123900 -0.897200
vn 0.746300 -0.080800 -0.660700
vn -0.979500 0.201400 0.003400
vn -0.352400 -0.935800 -0.008500
vn -0.103000 0.183500 0.977600
vn -0.103000 0.183400 0.977600
vn 0.123700 0.751500 -0.648000
vn 0.979500 0.201400 0.003400
vn 0.353000 -0.935600 -0.009000
vn 0.101100 0.185200 0.977500
vn -0.123500 0.751700 -0.647800
vn -0.123400 0.751700 -0.647800
vn -0.161000 -0.920100 0.357000
vn -0.109900 -0.970200 0.215800
vn -0.050400 -0.884000 0.464700
vn -0.989400 -0.004600 -0.145300
vn -0.996600 -0.006200 -0.082100
vn -0.991700 0.001200 -0.128800
vn -0.402500 0.831900 0.382100
vn -0.317400 0.853500 0.413300
vn 0.053600 0.968100 -0.244600
vn 0.078300 0.959300 -0.271200
vn 0.000000 -0.954600 0.297800
vn 0.000000 -0.885200 0.465300
vn 0.034400 0.967500 -0.250600
vn -0.000100 0.984600 -0.175000
vn 0.050400 -0.884000 0.464700
vn 0.067400 -0.992000 0.107000
vn 0.020900 -0.993100 0.115600
vn -0.008700 0.978600 -0.205600
vn 0.165200 0.974100 -0.154400
vn -0.034400 0.967500 -0.250600
vn 0.110800 -0.969000 0.220700
vn 0.187200 -0.902500 0.388000
vn 0.111700 -0.977600 0.178600
vn -0.382400 0.880500 0.280200
vn 0.597300 0.695900 0.398700
vn 0.308300 0.709600 0.633500
vn 0.559000 0.736500 0.380900
vn 0.998800 0.017200 -0.045600
vn -0.997400 0.010500 -0.071200
vn 0.393900 0.815400 0.424300
vn 0.042700 0.884200 0.465200
vn 0.334600 0.893800 0.298500
vn 0.025400 -0.472700 0.880800
vn 0.026400 -0.469800 0.882400
vn 0.023400 -0.470900 0.881900
vn -0.256800 0.854700 0.451200
vn -0.360300 0.790000 0.496100
vn -0.993300 -0.113800 -0.017600
vn 0.671900 0.656900 0.342200
vn 0.934000 -0.048600 0.354000
vn 0.660700 -0.020900 -0.750400
vn 0.358000 0.919300 0.163400
vn -0.949700 0.313000 0.009800
vn 0.339400 0.921900 -0.187000
vn 1.000000 -0.003000 0.006400
vn 0.632900 0.695000 -0.341100
vn 0.691800 0.692000 -0.206200
vn 0.908300 0.415900 -0.046200
vn 0.770700 0.616900 -0.159500
vn -0.900500 0.426100 -0.086300
vn -0.688100 0.696800 -0.202300
vn -0.900500 0.426200 -0.086300
vn -0.900600 0.426100 -0.086400
vn 0.285400 0.958200 -0.017900
vn -0.981600 0.191200 0.001800
vn 0.983600 -0.050000 -0.173500
vn 0.098100 0.837700 -0.537300
vn 0.007900 0.924000 -0.382300
vn 0.163300 0.843300 -0.512100
vn 0.932800 -0.013400 -0.360100
vn 0.118300 -0.988500 0.094400
vn 0.010200 -0.999000 -0.042900
vn -0.424400 0.534200 0.731100
vn 0.424400 0.534200 0.731100
vn -0.338900 -0.785300 0.518200
vn -0.145200 -0.469700 0.870800
vn 0.205100 -0.717000 0.666200
vn -0.148600 -0.392700 0.907600
vn -0.531200 0.678200 -0.507800
vn 0.045600 -0.021200 -0.998700
vn -0.135100 -0.141200 -0.980700
vn -0.007400 0.043300 -0.999000
vn -0.365500 -0.902000 0.229800
vn -0.130200 -0.968500 0.212200
vn -0.117200 -0.988300 0.097600
vn 0.005600 -0.999000 -0.043300
vn 0.411100 0.874300 -0.258000
vn -0.971800 0.114000 0.206300
vn -0.971200 0.114400 0.208800
vn -0.972000 0.116200 0.204300
vn -0.021600 -0.993000 0.116400
vn -0.020800 -0.993000 0.116200
vn -0.021000 -0.993000 0.116200
vn 0.000000 0.968100 -0.250700
vn 0.996400 -0.006800 -0.084300
vn 0.989300 -0.003300 -0.145800
vn 0.993600 0.000000 -0.113300
vn 0.020600 -0.992800 0.117600
vn 0.112300 0.015200 0.993600
vn 0.118700 -0.032200 0.992400
vn 0.113300 0.000000 0.993600
vn 0.166400 -0.953400 0.251600
vn 0.171200 -0.949900 0.261600
vn -0.036300 0.961900 -0.270900
vn -0.050400 0.955700 -0.289900
vn -0.165800 -0.953900 0.250100
vn 0.365300 -0.902400 0.228600
vn 0.017500 -0.432200 0.901600
vn 0.017900 -0.432300 0.901500
vn 0.016500 -0.429100 0.903100
vn -0.178400 -0.952800 0.245700
o flatsix_coupe
usemtl flatsix_coupe
f 1/1/1 2/2/2 3/3/3
f 4/4/4 5/5/5 2/2/2
f 6/6/6 7/7/7 5/5/5
f 8/8/8 9/9/9 7/7/7
f 10/10/10 11/11/11 9/9/9
f 12/12/12 13/13/13 11/11/11
f 14/14/14 13/15/15 15/16/16
f 16/17/17 17/18/18 18/19/19
f 19/20/20 20/21/21 21/22/22
f 16/23/23 22/23/24 23/23/25
f 24/23/26 22/23/26 25/23/26
f 26/23/26 27/23/26 24/23/26
f 28/23/26 29/23/26 26/23/26
f 30/23/26 31/23/26 28/23/26
f 30/23/26 32/23/26 33/23/26
f 34/23/26 35/23/26 32/23/26
f 36/23/26 37/23/26 35/23/26
f 38/23/26 39/23/26 37/23/26
f 40/23/26 41/23/26 39/23/26
f 42/24/27 43/25/28 44/26/29
f 45/27/30 46/28/30 41/29/30
f 47/16/31 48/14/32 49/30/31
f 50/31/33 51/32/34 47/33/35
f 52/34/36 53/35/37 50/31/33
f 54/36/38 55/37/39 52/34/36
f 56/38/40 57/39/41 54/36/38
f 58/40/42 59/41/43 56/38/40
f 1/1/1 60/42/44 58/40/42
f 3/3/3 61/43/45 62/44/46
f 2/2/2 63/45/47 61/43/45
f 5/5/5 64/46/48 63/45/47
f 7/7/7 65/47/49 64/46/48
f 9/9/9 66/48/50 65/47/49
f 11/11/11 67/49/51 66/48/50
f 13/15/15 68/50/52 67/51/51
f 14/14/14 18/19/19 68/50/52
f 69/23/53 70/23/54 61/23/55
f 27/23/56 23/23/25 22/23/24
f 29/23/56 71/23/57 27/23/56
f 31/23/56 72/23/57 29/23/56
f 33/23/56 73/23/57 31/23/56
f 33/23/56 74/23/57 75/23/57
f 32/23/56 76/23/57 74/23/57
f 35/23/56 77/23/57 76/23/57
f 37/23/56 78/23/57 77/23/57
f 39/23/56 79/23/58 78/23/57
f 80/52/59 81/53/60 82/54/61
f 51/15/62 83/50/63 48/14/32
f 53/35/37 84/55/64 51/32/34
f 55/37/39 85/56/65 53/35/37
f 57/39/41 86/57/66 55/37/39
f 59/41/43 87/58/67 57/39/41
f 60/42/44 88/59/68 59/41/43
f 3/3/3 89/60/69 60/42/44
f 90/61/70 91/62/71 61/63/72
f 63/64/47 92/65/73 93/66/74
f 64/67/48 94/68/75 95/69/76
f 65/70/49 66/71/50 96/72/77
f 66/71/50 67/73/51 96/72/77
f 46/19/78 48/14/32 83/50/63
f 68/50/52 97/74/79 67/51/51
f 17/18/18 98/75/80 68/50/52
f 17/23/81 99/23/82 100/23/83
f 23/23/25 101/23/82 99/23/82
f 71/23/57 102/23/82 101/23/82
f 72/23/57 103/23/82 102/23/82
f 73/23/57 104/23/82 103/23/82
f 74/23/57 104/23/82 75/23/57
f 76/23/57 105/23/82 74/23/57
f 77/23/57 106/23/82 76/23/57
f 78/23/57 107/23/82 77/23/57
f 79/23/58 108/23/82 78/23/57
f 79/18/84 109/75/85 110/76/86
f 83/50/63 111/74/87 109/75/85
f 84/77/64 112/78/88 111/79/87
f 86/80/66 113/81/89 114/82/90
f 115/83/91 87/84/67 116/85/92
f 89/86/69 117/87/93 118/88/94
f 19/20/20 119/89/95 120/90/96
f 69/23/97 121/23/98 116/23/99
f 122/91/100 123/92/101 124/93/102
f 125/94/103 126/95/104 127/96/105
f 128/97/106 129/98/107 130/99/108
f 131/100/109 132/101/110 133/102/111
f 97/103/79 133/102/111 132/101/110
f 98/75/80 134/104/112 97/74/79
f 100/76/113 135/105/114 98/75/80
f 100/23/83 136/23/115 137/23/116
f 99/23/82 138/23/117 136/23/115
f 101/23/82 139/23/117 138/23/117
f 102/23/82 140/23/117 139/23/117
f 103/23/82 141/23/117 140/23/117
f 105/23/82 141/23/117 104/23/82
f 106/23/82 142/23/117 105/23/82
f 107/23/82 143/23/117 106/23/82
f 108/23/82 144/23/117 107/23/82
f 110/23/83 145/23/115 108/23/82
f 110/76/86 146/105/118 147/106/119
f 109/75/85 148/104/120 146/105/118
f 111/74/87 149/107/121 148/104/120
f 150/108/122 151/109/123 149/110/121
f 20/21/21 152/111/124 153/112/125
f 154/113/126 155/114/127 156/115/128
f 157/116/129 158/117/130 156/115/128
f 157/116/129 123/92/101 158/117/130
f 159/118/131 160/119/132 123/92/101
f 126/95/104 161/120/133 159/118/131
f 130/99/108 162/121/134 126/95/104
f 163/122/135 164/123/136 130/99/108
f 133/102/111 165/124/137 163/122/135
f 134/104/112 166/125/138 133/107/111
f 134/104/112 167/126/139 168/127/140
f 135/105/114 169/128/141 167/126/139
f 137/23/142 170/23/143 169/23/144
f 136/23/145 171/23/146 170/23/143
f 138/23/117 171/23/147 136/23/115
f 139/23/117 172/23/147 138/23/117
f 140/23/117 173/23/147 139/23/117
f 141/23/117 174/23/147 140/23/117
f 141/23/117 175/23/147 176/23/147
f 142/23/117 177/23/147 175/23/147
f 143/23/117 178/23/147 177/23/147
f 144/23/117 179/23/147 178/23/147
f 145/23/148 180/23/149 179/23/150
f 147/23/142 180/23/149 145/23/148
f 146/105/118 181/128/151 147/106/119
f 148/104/120 182/126/152 146/105/118
f 148/104/120 183/125/153 184/127/154
f 149/110/121 185/129/155 183/130/153
f 151/109/123 186/131/156 185/129/155
f 153/112/125 187/132/157 186/131/156
f 154/113/126 188/133/158 187/132/157
f 158/117/130 160/119/132 188/133/158
f 161/120/133 189/134/132 160/119/132
f 162/121/134 190/135/159 161/120/133
f 164/123/136 191/136/160 162/121/134
f 165/124/137 192/137/161 164/123/136
f 166/138/138 193/139/162 165/124/137
f 168/127/140 194/140/163 166/125/138
f 168/127/140 195/141/164 196/142/165
f 167/126/139 197/143/166 195/141/164
f 169/23/144 198/23/167 197/23/168
f 170/23/169 199/23/169 198/23/169
f 172/23/147 199/23/147 171/23/147
f 173/23/147 200/23/147 172/23/147
f 174/23/147 201/23/147 173/23/147
f 176/23/147 202/23/147 174/23/147
f 175/23/147 203/23/147 176/23/147
f 177/23/147 204/23/147 175/23/147
f 178/23/147 205/23/147 177/23/147
f 179/23/147 206/23/147 178/23/147
f 180/23/170 207/23/170 179/23/170
f 181/23/144 208/23/167 180/23/149
f 182/126/152 209/143/171 181/128/151
f 184/127/154 210/141/172 182/126/152
f 184/144/154 211/145/173 212/146/174
f 183/130/153 213/147/175 211/145/173
f 185/148/155 214/149/176 213/150/175
f 186/131/156 215/151/177 214/152/176
f 187/132/157 216/153/178 215/151/177
f 188/133/158 189/134/132 216/153/178
f 190/135/159 217/154/179 189/134/132
f 191/136/160 218/155/180 190/135/159
f 192/137/161 219/156/181 191/136/160
f 193/139/162 220/157/182 192/137/161
f 194/158/163 221/159/183 193/139/162
f 196/142/165 222/160/184 194/140/163
f 196/142/165 223/161/185 224/162/186
f 195/141/164 225/163/187 223/161/185
f 197/23/168 226/23/188 225/23/189
f 198/23/169 227/23/169 226/23/169
f 200/23/147 227/23/147 199/23/147
f 201/23/147 228/23/147 200/23/147
f 202/23/147 229/23/147 201/23/147
f 203/23/147 230/23/147 202/23/147
f 204/23/147 231/23/147 203/23/147
f 205/23/147 232/23/147 204/23/147
f 206/23/147 233/23/147 205/23/147
f 207/23/147 234/23/147 206/23/147
f 208/23/170 235/23/170 207/23/170
f 209/23/168 236/23/188 208/23/167
f 210/141/172 237/163/190 209/143/171
f 212/142/174 238/161/191 210/141/172
f 212/142/174 239/160/192 240/162/193
f 211/145/173 241/164/194 239/165/192
f 213/150/175 242/166/195 241/167/194
f 214/152/176 243/168/196 242/169/195
f 215/151/177 244/170/197 243/168/196
f 216/153/178 217/154/179 244/170/197
f 218/155/180 245/171/198 217/154/179
f 219/156/181 246/172/199 218/155/180
f 220/157/182 247/173/200 219/156/181
f 220/166/182 248/174/201 249/175/202
f 221/159/183 250/176/203 248/177/201
f 222/178/184 251/179/204 250/176/203
f 224/162/186 252/180/205 251/181/204
f 223/161/185 253/182/206 252/180/205
f 225/23/189 254/23/207 253/23/208
f 226/23/169 255/23/169 254/23/169
f 228/23/147 255/23/147 227/23/147
f 229/23/147 256/23/147 228/23/147
f 230/23/147 257/23/147 229/23/147
f 231/23/147 258/23/147 230/23/147
f 232/23/147 259/23/147 231/23/147
f 233/23/147 260/23/147 232/23/147
f 234/23/147 261/23/147 233/23/147
f 235/23/147 262/23/147 234/23/147
f 236/23/170 263/23/170 235/23/170
f 237/23/189 264/23/207 236/23/188
f 238/161/191 265/182/209 237/163/190
f 240/162/193 266/180/210 238/161/191
f 239/160/192 267/181/211 240/162/193
f 241/164/194 268/183/212 239/165/192
f 242/166/195 269/174/213 241/167/194
f 242/169/195 270/184/214 271/185/215
f 243/168/196 272/186/216 270/184/214
f 244/170/197 245/171/198 272/186/216
f 245/171/198 273/187/217 274/188/218
f 247/173/200 273/187/217 246/172/199
f 247/173/200 275/189/219 276/190/220
f 249/175/202 277/191/221 275/192/219
f 248/174/201 278/193/222 277/191/221
f 250/176/203 279/194/223 278/195/222
f 251/181/204 280/196/224 279/197/223
f 252/180/205 281/198/225 280/196/224
f 253/23/208 282/23/147 281/23/226
f 254/23/169 283/23/169 282/23/169
f 256/23/147 283/23/147 255/23/147
f 257/23/147 284/23/147 256/23/147
f 258/23/147 285/23/147 257/23/147
f 259/23/147 286/23/147 258/23/147
f 260/23/147 287/23/147 259/23/147
f 261/23/147 288/23/147 260/23/147
f 262/23/147 289/23/147 261/23/147
f 263/23/147 290/23/147 262/23/147
f 264/23/170 291/23/170 263/23/170
f 265/23/208 292/23/147 264/23/207
f 266/180/210 293/198/227 265/182/209
f 267/181/211 294/196/228 266/180/210
f 268/183/212 295/199/229 267/200/211
f 269/174/213 296/193/230 268/201/212
f 271/175/215 297/191/231 269/174/213
f 270/184/214 298/202/232 271/185/215
f 270/184/214 299/203/233 300/204/234
f 245/171/198 299/203/233 272/186/216
f 273/187/217 301/205/235 274/188/218
f 276/190/220 302/206/236 273/187/217
f 275/189/219 303/207/237 276/190/220
f 275/192/219 304/208/238 305/209/239
f 278/193/222 304/208/238 277/191/221
f 279/194/223 306/210/240 278/195/222
f 280/196/224 307/211/241 279/197/223
f 281/198/225 308/212/242 280/196/224
f 281/23/226 309/23/243 310/23/244
f 283/23/169 309/23/169 282/23/169
f 284/23/147 311/23/147 283/23/147
f 285/23/147 312/23/147 284/23/147
f 286/23/147 313/23/147 285/23/147
f 287/23/147 314/23/147 286/23/147
f 288/23/147 315/23/147 287/23/147
f 289/23/147 316/23/147 288/23/147
f 290/23/147 317/23/147 289/23/147
f 291/23/147 318/23/147 290/23/147
f 291/23/170 319/23/170 320/23/170
f 293/23/226 319/23/243 292/23/147
f 293/198/227 321/212/245 322/213/246
f 294/196/228 323/211/247 321/212/245
f 295/197/229 324/214/248 323/211/247
f 296/193/230 325/208/249 324/214/248
f 298/192/232 325/208/249 297/191/231
f 298/202/232 326/215/250 327/216/251
f 300/204/234 328/217/252 326/215/250
f 299/203/233 301/205/235 328/217/252
f 302/206/236 329/218/253 301/205/235
f 303/207/237 330/219/254 302/206/236
f 305/220/239 331/221/255 303/207/237
f 305/209/239 332/222/256 333/223/257
f 306/214/240 332/222/256 304/208/238
f 307/211/241 334/224/258 306/214/240
f 308/212/242 335/225/259 307/211/241
f 310/213/260 336/226/261 308/212/242
f 309/23/243 337/23/262 310/23/244
f 311/23/169 338/23/169 309/23/169
f 312/23/147 339/23/147 311/23/147
f 313/23/147 340/23/147 312/23/147
f 314/23/147 341/23/147 313/23/147
f 315/23/147 342/23/147 314/23/147
f 316/23/147 343/23/147 315/23/147
f 317/23/147 344/23/147 316/23/147
f 318/23/147 345/23/147 317/23/147
f 320/23/147 346/23/147 318/23/147
f 320/23/170 347/23/170 348/23/170
f 319/23/243 349/23/262 347/23/263
f 322/213/246 350/226/264 349/227/265
f 321/212/245 351/225/266 350/226/264
f 323/211/247 352/224/267 351/225/266
f 324/214/248 353/222/268 352/224/267
f 327/209/251 353/222/268 325/208/249
f 327/216/251 354/228/269 355/229/270
f 326/215/250 356/230/271 354/228/269
f 328/217/252 329/218/253 356/230/271
f 329/218/253 357/231/272 358/232/273
f 331/221/255 357/231/272 330/219/254
f 331/221/255 359/233/274 360/234/275
f 333/223/257 361/235/276 359/236/274
f 332/222/256 362/237/277 361/235/276
f 334/224/258 363/238/278 362/237/277
f 336/226/261 363/238/278 335/225/259
f 337/227/279 364/239/280 336/226/261
f 338/23/263 365/23/281 337/23/262
f 339/23/169 366/23/169 338/23/169
f 340/23/147 367/23/147 339/23/147
f 341/23/147 368/23/147 340/23/147
f 342/23/147 369/23/147 341/23/147
f 343/23/147 370/23/147 342/23/147
f 344/23/147 371/23/147 343/23/147
f 345/23/147 372/23/147 344/23/147
f 346/23/147 373/23/147 345/23/147
f 348/23/147 374/23/147 346/23/147
f 348/23/170 375/23/170 376/23/170
f 347/23/263 377/23/281 375/23/282
f 349/227/265 378/239/283 377/240/284
f 350/226/264 379/238/285 378/239/283
f 352/224/267 379/238/285 351/225/266
f 353/222/268 380/237/286 352/224/267
f 355/223/270 381/235/287 353/222/268
f 354/228/269 382/241/288 355/229/270
f 354/228/269 383/242/289 384/243/290
f 329/218/253 383/242/289 356/230/271
f 358/232/273 385/244/291 386/245/292
f 357/231/272 387/246/293 385/244/291
f 360/234/275 388/247/294 387/246/293
f 359/236/274 389/248/295 388/249/294
f 361/235/276 390/250/296 389/248/295
f 362/237/277 391/251/297 390/250/296
f 364/239/280 391/251/297 363/238/278
f 365/240/298 392/252/299 364/239/280
f 366/23/282 393/23/300 365/23/281
f 367/23/169 394/23/169 366/23/169
f 368/23/147 395/23/147 367/23/147
f 369/23/147 396/23/147 368/23/147
f 370/23/147 397/23/147 369/23/147
f 371/23/147 398/23/147 370/23/147
f 372/23/147 399/23/147 371/23/147
f 373/23/147 400/23/147 372/23/147
f 374/23/147 401/23/147 373/23/147
f 376/23/147 402/23/147 374/23/147
f 376/23/170 403/23/170 404/23/170
f 375/23/282 405/23/300 403/23/301
f 377/240/284 406/252/302 405/253/303
f 378/239/283 407/251/304 406/252/302
f 380/237/286 407/251/304 379/238/285
f 381/235/287 408/250/305 380/237/286
f 382/236/288 409/248/306 381/235/287
f 384/243/290 410/254/307 382/241/288
f 383/242/289 411/255/308 384/243/290
f 358/232/273 412/256/309 383/242/289
f 386/245/292 413/257/310 414/258/292
f 385/244/291 415/259/311 413/257/310
f 387/246/293 416/260/312 415/259/311
f 388/249/294 417/261/313 416/262/314
f 389/248/295 418/263/315 417/261/313
f 390/250/296 419/264/316 418/263/315
f 392/252/299 419/264/316 391/251/297
f 393/253/317 420/265/318 392/252/299
f 393/23/300 421/23/319 422/23/320
f 394/23/321 395/23/322 421/23/319
f 395/23/147 423/23/147 421/23/147
f 396/23/147 424/23/147 423/23/147
f 397/23/147 425/23/147 424/23/147
f 398/23/147 426/23/147 425/23/147
f 400/23/147 426/23/147 399/23/147
f 401/23/147 427/23/147 400/23/147
f 402/23/147 428/23/147 401/23/147
f 404/23/147 429/23/147 402/23/147
f 404/23/323 403/23/301 430/23/324
f 405/23/300 430/23/324 403/23/301
f 405/253/303 431/265/325 432/266/326
f 406/252/302 433/264/327 431/265/325
f 408/250/305 433/264/327 407/251/304
f 409/248/306 434/263/328 408/250/305
f 410/249/307 435/261/329 409/248/306
f 411/255/308 436/267/330 410/254/307
f 412/256/309 437/268/331 411/255/308
f 386/245/292 438/269/332 412/256/309
f 413/257/310 439/270/333 414/258/292
f 415/259/311 440/271/334 413/257/310
f 416/260/312 441/272/335 415/259/311
f 416/262/314 442/273/336 443/274/337
f 417/261/313 444/275/338 442/273/336
f 418/263/315 445/276/339 444/275/338
f 419/264/316 446/277/340 445/276/339
f 422/266/341 446/277/340 420/265/342
f 422/23/147 447/23/147 448/23/147
f 421/23/147 449/23/147 447/23/147
f 423/23/147 450/23/147 449/23/147
f 424/23/147 451/23/147 450/23/147
f 425/23/147 452/23/147 451/23/147
f 427/23/147 452/23/147 426/23/147
f 428/23/147 453/23/147 427/23/147
f 429/23/147 454/23/147 428/23/147
f 430/23/147 455/23/147 429/23/147
f 432/23/147 456/23/147 430/23/147
f 432/266/343 457/277/344 458/278/345
f 433/264/327 457/277/344 431/265/346
f 434/263/328 459/276/347 433/264/327
f 435/261/329 460/275/348 434/263/328
f 436/262/349 461/273/350 435/261/329
f 436/267/330 462/279/351 463/280/352
f 437/268/331 464/281/353 462/279/351
f 438/269/332 439/270/333 464/281/353
f 440/271/334 465/282/354 439/270/333
f 441/272/335 466/283/355 440/271/334
f 441/272/335 467/284/356 468/285/357
f 443/274/337 469/286/358 467/287/359
f 442/273/336 470/288/360 469/286/358
f 444/275/338 471/289/361 470/288/360
f 445/276/339 472/290/362 471/289/361
f 448/278/363 472/290/362 446/277/340
f 448/23/147 473/23/147 474/23/147
f 447/23/147 475/23/147 473/23/147
f 449/23/147 476/23/147 475/23/147
f 450/23/147 477/23/147 476/23/147
f 451/23/147 478/23/147 477/23/147
f 453/23/147 478/23/147 452/23/147
f 454/23/147 479/23/147 453/23/147
f 455/23/147 480/23/147 454/23/147
f 456/23/147 481/23/147 455/23/147
f 458/23/147 482/23/147 456/23/147
f 458/278/345 483/290/364 484/291/365
f 459/276/347 483/290/364 457/277/344
f 460/275/348 485/289/366 459/276/347
f 461/273/350 486/288/367 460/275/348
f 463/274/368 487/286/369 461/273/350
f 462/279/351 488/292/370 463/280/352
f 462/279/351 489/293/371 490/294/372
f 464/281/353 465/282/354 489/293/371
f 466/283/355 491/295/373 465/282/354
f 466/283/355 492/296/374 493/297/375
f 467/284/356 492/296/374 468/285/357
f 467/287/359 494/298/376 495/299/377
f 469/286/358 496/300/378 494/298/376
f 471/289/361 496/300/378 470/288/360
f 471/289/361 497/301/379 498/302/380
f 474/291/381 497/301/379 472/290/362
f 474/23/147 499/23/147 500/23/147
f 473/23/147 501/23/147 499/23/147
f 475/23/147 502/23/147 501/23/147
f 476/23/147 503/23/147 502/23/147
f 477/23/147 504/23/147 503/23/147
f 479/23/147 504/23/147 478/23/147
f 480/23/147 505/23/147 479/23/147
f 481/23/147 506/23/147 480/23/147
f 482/23/147 507/23/147 481/23/147
f 484/23/147 508/23/147 482/23/147
f 484/291/365 509/301/382 510/303/383
f 485/289/366 509/301/382 483/290/364
f 485/289/366 511/300/384 512/302/385
f 487/286/369 511/300/384 486/288/367
f 488/287/386 513/298/387 487/286/369
f 488/292/370 514/304/388 515/305/389
f 489/293/371 514/304/388 490/294/372
f 489/293/371 491/295/373 516/306/390
f 493/297/375 517/307/391 491/295/373
f 493/297/375 518/308/392 519/309/393
f 495/310/394 518/308/392 492/296/374
f 494/298/376 520/311/395 495/299/377
f 496/300/378 521/312/396 494/298/376
f 498/302/380 522/313/397 496/300/378
f 498/302/380 523/314/398 524/315/399
f 500/303/400 523/314/398 497/301/379
f 500/23/147 525/23/147 526/23/147
f 499/23/147 527/23/147 525/23/147
f 501/23/147 528/23/147 527/23/147
f 502/23/147 529/23/147 528/23/147
f 503/23/147 530/23/147 529/23/147
f 505/23/147 530/23/147 504/23/147
f 506/23/147 531/23/147 505/23/147
f 507/23/147 532/23/147 506/23/147
f 508/23/147 533/23/147 507/23/147
f 510/23/147 534/23/147 508/23/147
f 510/303/383 535/314/401 536/316/402
f 512/302/385 535/314/401 509/301/382
f 512/302/385 537/313/403 538/315/404
f 511/300/384 539/312/405 537/313/403
f 513/298/387 540/311/406 539/312/405
f 515/305/389 541/317/407 540/318/408
f 516/306/390 541/317/407 514/304/388
f 516/306/390 517/307/391 542/319/409
f 517/307/391 543/320/410 544/321/411
f 519/309/393 545/322/412 543/320/410
f 518/308/392 546/323/413 545/322/412
f 521/312/396 546/324/413 520/311/395
f 522/313/397 547/325/414 521/312/396
f 524/315/399 548/326/415 522/313/397
f 523/314/398 549/327/416 524/315/399
f 523/314/398 550/328/417 551/329/418
f 526/23/147 552/23/147 550/23/147
f 525/23/147 553/23/147 552/23/147
f 527/23/147 554/23/147 553/23/147
f 528/23/147 555/23/147 554/23/147
f 529/23/147 556/23/147 555/23/147
f 531/23/147 556/23/147 530/23/147
f 532/23/147 557/23/147 531/23/147
f 533/23/147 558/23/147 532/23/147
f 534/23/147 559/23/147 533/23/147
f 536/23/147 560/23/147 534/23/147
f 535/314/401 561/328/419 536/316/402
f 535/314/401 562/327/420 563/329/421
f 538/315/404 564/326/422 562/327/420
f 537/313/403 565/325/423 564/326/422
f 539/312/405 566/324/424 565/325/423
f 541/317/407 566/330/424 540/318/408
f 542/319/409 567/331/425 541/317/407
f 517/307/391 568/332/426 542/319/409
f 543/320/410 569/333/427 544/321/411
f 543/320/410 570/334/428 571/335/429
f 545/322/412 572/336/430 570/334/428
f 547/325/414 572/337/430 546/324/413
f 573/338/431 547/325/414 548/326/415
f 573/339/432 574/340/433 575/341/434
f 549/327/416 576/342/435 548/326/415
f 551/329/418 577/343/436 549/327/416
f 551/329/418 578/344/437 579/345/438
f 550/23/147 580/23/147 578/23/147
f 552/23/147 581/23/147 580/23/147
f 553/23/147 582/23/147 581/23/147
f 554/23/147 583/23/147 582/23/147
f 555/23/147 584/23/147 583/23/147
f 557/23/147 584/23/147 556/23/147
f 558/23/147 585/23/147 557/23/147
f 559/23/147 586/23/147 558/23/147
f 560/23/147 587/23/147 559/23/147
f 561/23/147 588/23/147 560/23/147
f 563/329/421 589/344/439 561/328/419
f 563/329/421 590/343/440 591/345/441
f 562/327/420 592/342/442 590/343/440
f 593/346/443 564/326/422 565/325/423
f 565/347/423 594/348/444 595/349/445
f 567/331/425 594/348/444 566/330/424
f 568/332/426 596/350/446 567/331/425
f 568/332/426 569/333/427 597/351/447
f 571/335/429 598/352/448 569/333/427
f 570/334/428 599/353/449 571/335/429
f 570/334/428 600/354/450 601/355/451
f 572/336/430 602/356/452 600/354/450
f 603/357/453 604/358/453 576/342/435
f 577/343/436 605/359/454 576/342/435
f 579/345/438 606/360/455 577/343/436
f 579/345/438 607/361/456 608/362/457
f 578/23/147 609/23/147 607/23/147
f 580/23/147 610/23/147 609/23/147
f 581/23/147 611/23/147 610/23/147
f 582/23/147 612/23/147 611/23/147
f 583/23/147 613/23/147 612/23/147
f 585/23/147 613/23/147 584/23/147
f 586/23/147 614/23/147 585/23/147
f 587/23/147 615/23/147 586/23/147
f 588/23/147 616/23/147 587/23/147
f 589/23/147 617/23/147 588/23/147
f 591/345/441 618/361/458 589/344/439
f 591/345/441 619/360/459 620/362/460
f 590/343/440 621/359/461 619/360/459
f 592/342/442 622/363/462 623/364/463
f 594/348/444 624/365/464 595/349/445
f 596/350/446 625/366/465 594/348/444
f 596/350/446 626/367/466 627/368/467
f 597/351/447 598/352/448 626/367/466
f 599/353/449 628/369/468 598/352/448
f 601/355/451 629/370/469 599/353/449
f 600/354/450 630/371/470 601/355/451
f 602/356/452 631/372/471 600/354/450
f 605/373/454 632/374/472 602/356/452
f 606/360/455 633/375/473 605/359/454
f 608/362/457 634/376/474 606/360/455
f 608/362/457 635/377/475 636/378/476
f 607/23/147 637/23/147 635/23/147
f 609/23/147 638/23/147 637/23/147
f 610/23/147 639/23/147 638/23/147
f 611/23/147 640/23/147 639/23/147
f 612/23/147 641/23/147 640/23/147
f 614/23/147 641/23/147 613/23/147
f 615/23/147 642/23/147 614/23/147
f 616/23/147 643/23/147 615/23/147
f 617/23/147 644/23/147 616/23/147
f 618/23/147 645/23/147 617/23/147
f 620/362/460 646/377/477 618/361/458
f 620/362/460 647/376/478 648/378/479
f 619/360/459 649/375/480 647/376/478
f 621/379/461 650/380/481 649/381/482
f 624/365/464 651/382/483 650/380/481
f 625/366/465 652/383/484 651/382/483
f 627/368/467 653/384/485 652/383/484
f 626/367/466 628/369/468 653/384/485
f 629/370/469 654/385/486 628/369/468
f 629/370/469 655/386/487 656/387/488
f 630/371/470 657/388/489 655/386/487
f 631/372/471 658/389/490 657/388/489
f 632/374/472 659/390/491 658/389/490
f 633/375/473 660/391/492 659/392/493
f 636/378/476 660/391/492 634/376/474
f 636/378/476 661/393/494 662/394/495
f 635/23/147 663/23/147 661/23/147
f 637/23/147 664/23/147 663/23/147
f 638/23/147 665/23/147 664/23/147
f 639/23/147 666/23/147 665/23/147
f 640/23/147 667/23/147 666/23/147
f 642/23/147 667/23/147 641/23/147
f 643/23/147 668/23/147 642/23/147
f 644/23/147 669/23/147 643/23/147
f 645/23/147 670/23/147 644/23/147
f 646/23/147 671/23/147 645/23/147
f 648/378/479 672/393/496 646/377/477
f 648/378/479 673/391/497 674/394/498
f 649/375/480 673/391/497 647/376/478
f 650/380/481 675/395/499 649/381/482
f 651/382/483 676/396/500 650/380/481
f 652/383/484 677/397/501 651/382/483
f 653/384/485 678/398/502 652/383/484
f 653/384/485 654/385/486 679/399/503
f 656/387/488 680/400/504 654/385/486
f 656/387/488 681/401/505 682/402/506
f 657/388/489 681/401/505 655/386/487
f 657/388/489 683/403/507 684/404/508
f 659/390/491 683/403/507 658/389/490
f 660/391/492 685/405/509 659/392/493
f 660/391/492 686/406/510 687/407/511
f 662/394/495 688/408/512 686/406/510
f 663/23/513 688/23/514 661/23/142
f 663/23/513 689/23/515 690/23/516
f 664/23/147 689/23/147 663/23/147
f 665/23/147 691/23/147 664/23/147
f 666/23/147 692/23/147 665/23/147
f 667/23/147 693/23/147 666/23/147
f 667/23/147 694/23/147 695/23/147
f 668/23/147 696/23/147 694/23/147
f 669/23/147 697/23/147 696/23/147
f 670/23/147 698/23/147 697/23/147
f 671/23/517 699/23/518 698/23/519
f 671/23/517 700/23/514 699/23/518
f 674/394/498 700/408/520 672/393/496
f 673/391/497 701/406/521 674/394/498
f 673/391/497 702/405/522 703/407/523
f 675/395/499 704/409/524 702/410/525
f 677/397/501 704/409/524 676/396/500
f 677/397/501 705/411/526 706/412/527
f 679/399/503 705/411/526 678/398/502
f 679/399/503 680/400/504 707/413/528
f 682/402/506 708/414/504 680/400/504
f 681/401/505 709/415/529 682/402/506
f 684/404/508 710/416/530 681/401/505
f 683/403/507 711/417/531 684/404/508
f 685/418/532 712/419/533 683/403/507
f 687/407/511 713/420/534 685/405/509
f 687/407/511 714/421/535 715/422/536
f 686/406/510 716/423/537 714/421/535
f 688/23/514 717/23/167 716/23/538
f 690/23/169 718/23/169 717/23/169
f 691/23/147 718/23/147 689/23/147
f 692/23/147 719/23/147 691/23/147
f 693/23/147 720/23/147 692/23/147
f 695/23/147 721/23/147 693/23/147
f 694/23/147 722/23/147 695/23/147
f 696/23/147 723/23/147 694/23/147
f 697/23/147 724/23/147 696/23/147
f 698/23/147 725/23/147 697/23/147
f 699/23/170 726/23/170 698/23/170
f 700/23/514 727/23/167 699/23/518
f 701/406/521 728/423/539 700/408/520
f 703/407/523 729/421/540 701/406/521
f 703/407/523 730/420/541 731/422/542
f 702/410/525 732/424/543 730/425/544
f 704/409/524 733/426/545 732/424/543
f 706/412/527 734/427/546 733/426/545
f 705/411/526 735/428/547 734/427/546
f 707/413/528 708/414/504 735/428/547
f 709/415/529 736/429/504 708/414/504
f 710/416/530 737/430/548 709/415/529
f 711/417/531 738/431/549 710/416/530
f 712/419/533 739/432/550 711/417/531
f 713/433/551 740/434/552 712/419/533
f 715/422/536 741/435/553 713/420/534
f 715/422/536 742/436/554 743/437/555
f 714/421/535 744/438/556 742/436/554
f 716/23/538 745/23/188 744/23/557
f 717/23/169 746/23/169 745/23/169
f 719/23/147 746/23/147 718/23/147
f 720/23/147 747/23/147 719/23/147
f 721/23/147 748/23/147 720/23/147
f 722/23/147 749/23/147 721/23/147
f 723/23/147 750/23/147 722/23/147
f 724/23/147 751/23/147 723/23/147
f 725/23/147 752/23/147 724/23/147
f 726/23/147 753/23/147 725/23/147
f 727/23/170 754/23/170 726/23/170
f 728/23/538 755/23/188 727/23/167
f 729/421/540 756/438/558 728/423/539
f 731/422/542 757/436/559 729/421/540
f 731/422/542 758/435/560 759/437/561
f 730/425/544 760/439/562 758/440/560
f 732/424/543 761/441/563 760/439/562
f 733/426/545 762/442/564 761/441/563
f 734/427/546 763/443/565 762/442/564
f 735/428/547 736/429/504 763/443/565
f 737/430/548 764/444/566 736/429/504
f 737/430/548 765/445/567 766/446/568
f 739/432/550 765/445/567 738/431/549
f 739/432/550 767/447/569 768/448/570
f 740/434/552 769/449/571 767/447/569
f 741/435/553 770/450/572 769/451/571
f 743/437/555 771/452/573 770/450/572
f 742/436/554 772/453/574 771/452/573
f 744/23/557 773/23/207 772/23/575
f 745/23/169 774/23/169 773/23/169
f 747/23/147 774/23/147 746/23/147
f 748/23/147 775/23/147 747/23/147
f 749/23/147 776/23/147 748/23/147
f 750/23/147 777/23/147 749/23/147
f 751/23/147 778/23/147 750/23/147
f 752/23/147 779/23/147 751/23/147
f 753/23/147 780/23/147 752/23/147
f 754/23/147 781/23/147 753/23/147
f 755/23/170 782/23/170 754/23/170
f 756/23/557 783/23/207 755/23/188
f 757/436/559 784/453/576 756/438/558
f 759/437/561 785/452/577 757/436/559
f 758/435/560 786/450/578 759/437/561
f 760/439/562 787/454/579 758/440/560
f 761/441/563 788/455/580 760/439/562
f 761/441/563 789/456/581 790/457/582
f 763/443/565 789/456/581 762/442/564
f 763/443/565 764/444/566 791/458/583
f 764/444/566 792/459/584 793/460/585
f 766/446/568 794/461/586 792/459/584
f 765/445/567 795/462/587 794/461/586
f 768/448/570 796/463/588 795/462/587
f 767/447/569 797/464/589 796/463/588
f 769/449/571 798/465/590 797/464/589
f 770/450/572 799/466/591 798/467/590
f 771/452/573 800/468/592 799/466/591
f 772/23/575 801/23/147 800/23/593
f 773/23/169 802/23/169 801/23/169
f 775/23/147 802/23/147 774/23/147
f 776/23/147 803/23/147 775/23/147
f 777/23/147 804/23/147 776/23/147
f 778/23/147 805/23/147 777/23/147
f 779/23/147 806/23/147 778/23/147
f 780/23/147 807/23/147 779/23/147
f 781/23/147 808/23/147 780/23/147
f 782/23/147 809/23/147 781/23/147
f 783/23/170 810/23/170 782/23/170
f 784/23/575 811/23/147 783/23/207
f 785/452/577 812/468/594 784/453/576
f 786/450/578 813/466/595 785/452/577
f 787/451/579 814/467/596 786/450/578
f 788/455/580 815/469/597 787/454/579
f 790/457/582 816/470/598 788/455/580
f 789/456/581 817/471/599 790/457/582
f 791/458/583 818/472/600 789/456/581
f 764/444/566 819/473/601 791/458/583
f 792/459/584 820/474/602 793/460/585
f 794/461/586 821/475/603 792/459/584
f 795/462/587 822/476/604 794/461/586
f 795/462/587 823/477/605 824/478/606
f 796/463/588 825/479/607 823/477/605
f 798/465/590 825/479/607 797/464/589
f 799/466/591 826/480/608 798/467/590
f 800/468/592 827/481/609 799/466/591
f 801/23/147 828/23/610 800/23/593
f 802/23/169 829/23/169 801/23/169
f 803/23/147 830/23/147 802/23/147
f 804/23/147 831/23/147 803/23/147
f 805/23/147 832/23/147 804/23/147
f 806/23/147 833/23/147 805/23/147
f 807/23/147 834/23/147 806/23/147
f 808/23/147 835/23/147 807/23/147
f 809/23/147 836/23/147 808/23/147
f 810/23/147 837/23/147 809/23/147
f 810/23/170 838/23/170 839/23/170
f 811/23/147 840/23/610 838/23/243
f 812/468/594 841/481/611 840/482/612
f 813/466/595 842/480/613 841/481/611
f 814/467/596 843/483/614 842/480/613
f 816/470/598 843/484/614 815/469/597
f 817/471/599 844/485/615 816/470/598
f 817/471/599 845/486/616 846/487/617
f 818/472/600 847/488/618 845/486/616
f 819/473/601 820/474/602 847/488/618
f 821/475/603 848/489/619 820/474/602
f 822/476/604 849/490/620 821/475/603
f 824/478/606 850/491/621 822/476/604
f 824/478/606 851/492/622 852/493/623
f 825/479/607 851/492/622 823/477/605
f 826/480/608 853/494/624 825/483/607
f 827/481/609 854/495/625 826/480/608
f 828/482/626 855/496/627 827/481/609
f 829/23/243 856/23/628 828/23/610
f 830/23/169 857/23/169 829/23/169
f 831/23/147 858/23/147 830/23/147
f 832/23/147 859/23/147 831/23/147
f 833/23/147 860/23/147 832/23/147
f 834/23/147 861/23/147 833/23/147
f 835/23/147 862/23/147 834/23/147
f 836/23/147 863/23/147 835/23/147
f 837/23/147 864/23/147 836/23/147
f 839/23/147 865/23/147 837/23/147
f 839/23/170 866/23/170 867/23/170
f 838/23/243 868/23/628 866/23/263
f 840/482/612 869/496/629 868/497/630
f 841/481/611 870/495/631 869/496/629
f 842/480/613 871/494/632 870/495/631
f 843/484/614 872/498/633 871/499/632
f 846/487/617 872/498/633 844/485/615
f 846/487/617 873/500/634 874/501/635
f 845/486/616 875/502/636 873/500/634
f 847/488/618 848/489/619 875/502/636
f 849/490/620 876/503/637 848/489/619
f 850/491/621 877/504/638 849/490/620
f 852/493/623 878/505/639 850/491/621
f 852/493/623 879/506/640 880/507/641
f 853/508/624 879/506/642 851/492/622
f 854/495/625 881/509/643 853/494/624
f 855/496/627 882/510/644 854/495/625
f 856/497/645 883/511/646 855/496/627
f 857/23/263 884/23/647 856/23/628
f 858/23/169 885/23/169 857/23/169
f 859/23/147 886/23/648 858/23/147
f 860/23/147 887/23/648 859/23/147
f 861/23/147 888/23/648 860/23/147
f 862/23/147 889/23/648 861/23/147
f 863/23/147 890/23/648 862/23/147
f 864/23/147 891/23/648 863/23/147
f 865/23/147 892/23/648 864/23/147
f 867/23/147 893/23/648 865/23/147
f 867/23/170 894/23/170 895/23/170
f 866/23/263 896/23/647 894/23/282
f 868/497/630 897/511/649 896/512/650
f 869/496/629 898/510/651 897/511/649
f 870/495/631 899/509/652 898/510/651
f 871/499/632 900/513/653 899/514/654
f 874/501/635 900/513/655 872/498/633
f 874/501/635 901/515/656 902/516/657
f 873/500/634 903/517/658 901/515/656
f 875/502/636 876/503/637 903/517/658
f 877/504/638 904/518/659 876/503/637
f 878/505/639 905/519/660 877/504/638
f 880/507/641 906/520/661 878/505/639
f 880/507/641 907/521/662 908/522/663
f 881/523/664 907/521/665 879/506/642
f 882/510/644 909/524/666 881/509/643
f 883/511/646 910/525/667 882/510/644
f 884/512/668 911/526/669 883/511/646
f 885/23/282 912/23/670 884/23/647
f 886/23/169 913/23/169 885/23/169
f 887/23/648 914/23/671 886/23/648
f 888/23/648 915/23/672 887/23/648
f 889/23/648 916/23/672 888/23/648
f 890/23/648 917/23/672 889/23/648
f 891/23/648 918/23/672 890/23/648
f 892/23/648 919/23/672 891/23/648
f 893/23/648 920/23/672 892/23/648
f 895/23/648 921/23/672 893/23/648
f 895/23/170 922/23/170 923/23/170
f 894/23/282 924/23/670 922/23/673
f 896/512/650 925/526/674 924/527/675
f 897/511/649 926/525/676 925/526/674
f 898/510/651 927/524/677 926/525/676
f 899/514/654 928/528/678 927/529/679
f 902/516/657 928/528/680 900/513/655
f 902/516/657 929/530/681 930/531/682
f 901/515/656 931/532/683 929/530/681
f 903/517/658 904/518/659 931/532/683
f 905/519/660 932/533/659 904/518/659
f 906/520/661 933/534/684 905/519/660
f 906/520/661 934/535/685 935/536/686
f 908/522/663 936/537/687 934/535/685
f 909/538/688 936/537/689 907/521/665
f 910/525/667 937/539/690 909/524/666
f 911/526/669 938/540/691 910/525/667
f 912/527/692 939/541/693 911/526/669
f 912/23/670 940/23/694 941/23/320
f 913/23/695 914/23/696 940/23/694
f 914/23/697 942/23/697 940/23/697
f 914/23/671 943/23/698 942/23/698
f 915/23/672 944/23/698 943/23/698
f 916/23/672 945/23/698 944/23/698
f 917/23/672 946/23/698 945/23/698
f 919/23/672 946/23/698 918/23/672
f 920/23/672 947/23/698 919/23/672
f 921/23/672 948/23/698 920/23/672
f 923/23/671 949/23/698 921/23/672
f 923/23/699 922/23/699 950/23/699
f 922/23/700 951/23/700 950/23/700
f 924/23/670 951/23/320 922/23/673
f 924/527/675 952/541/701 953/542/702
f 925/526/674 954/540/703 952/541/701
f 926/525/676 955/539/704 954/540/703
f 927/529/679 956/543/705 955/544/706
f 930/531/682 956/543/707 928/528/680
f 929/530/681 957/545/708 930/531/682
f 929/530/681 958/546/709 959/547/710
f 931/532/683 932/533/659 958/546/709
f 933/534/684 960/548/711 932/533/659
f 935/536/686 961/549/712 933/534/684
f 935/536/686 962/550/713 963/551/714
f 934/535/685 964/552/715 962/550/713
f 937/553/716 964/552/717 936/537/689
f 938/540/691 965/554/718 937/539/690
f 939/541/693 966/555/719 938/540/691
f 939/541/693 967/556/720 968/557/721
f 940/23/722 967/23/723 941/23/722
f 940/23/724 942/23/724 969/23/724
f 943/23/698 969/23/725 942/23/698
f 944/23/698 970/23/698 943/23/698
f 945/23/698 971/23/698 944/23/698
f 946/23/698 972/23/698 945/23/698
f 946/23/698 973/23/698 974/23/698
f 947/23/698 975/23/698 973/23/698
f 948/23/698 976/23/698 975/23/698
f 949/23/698 977/23/725 976/23/698
f 950/23/726 951/23/726 977/23/726
f 951/23/722 978/23/723 977/23/725
f 952/541/701 978/556/727 953/542/702
f 952/541/701 979/555/728 980/557/729
f 954/540/703 981/554/730 979/555/728
f 955/544/706 982/558/731 981/559/732
f 957/545/708 982/558/733 956/543/707
f 959/547/710 983/560/734 957/545/708
f 959/547/710 984/561/735 985/562/736
f 958/546/709 960/548/711 984/561/735
f 960/548/711 986/563/737 987/564/738
f 961/549/712 80/565/59 986/563/737
f 963/551/714 81/566/60 80/565/59
f 962/567/713 988/568/739 81/53/60
f 965/569/740 988/568/739 964/570/717
f 966/555/719 989/571/741 965/554/718
f 968/557/721 990/572/742 966/555/719
f 968/557/721 991/573/743 992/574/744
f 969/23/725 991/23/745 967/23/723
f 970/23/698 993/23/746 969/23/725
f 971/23/698 994/23/747 970/23/698
f 972/23/698 995/23/748 971/23/698
f 974/23/698 996/23/749 972/23/698
f 974/23/698 997/23/750 998/23/751
f 973/23/698 999/23/752 997/23/750
f 975/23/698 1000/23/753 999/23/752
f 976/23/698 1001/23/754 1000/23/753
f 977/23/725 1002/23/755 1001/23/754
f 980/557/729 1002/573/756 978/556/727
f 980/557/729 1003/572/757 1004/574/758
f 979/555/728 1005/571/759 1003/572/757
f 981/575/732 1006/576/760 1005/577/759
f 983/560/734 1006/578/760 982/558/733
f 985/579/736 1007/580/761 983/581/734
f 984/561/735 1008/582/762 985/562/736
f 960/548/711 1009/583/763 984/561/735
f 987/584/738 1010/585/764 1011/586/765
f 986/587/737 1012/588/766 1010/585/764
f 80/52/59 1013/589/767 1012/588/766
f 1013/589/767 80/52/59 82/54/61
f 82/54/61 81/53/60 1014/590/768
f 990/591/742 1014/590/768 989/592/741
f 992/593/744 1015/594/769 1016/595/770
f 991/596/743 1017/597/771 992/593/744
f 993/23/746 1018/23/772 991/23/745
f 994/23/747 1019/23/773 993/23/746
f 995/23/748 1020/23/774 994/23/747
f 996/23/749 1021/23/775 995/23/748
f 998/23/751 1022/23/776 996/23/749
f 998/23/751 1023/23/777 1024/23/778
f 997/23/750 1025/23/779 1023/23/777
f 999/23/752 1026/23/780 1025/23/779
f 1000/23/753 1027/23/781 1026/23/780
f 1001/23/754 1028/23/782 1027/23/781
f 1004/598/758 1029/599/783 1030/600/784
f 1003/601/757 1031/602/785 1032/603/786
f 1003/601/787 1033/604/788 1031/602/789
f 1006/576/760 1033/604/790 1005/577/759
f 1034/605/791 1033/604/790 1007/580/761
f 1035/606/792 1034/605/791 1008/607/762
f 1009/608/763 1036/609/793 1008/607/762
f 987/584/738 1037/610/794 1009/608/763
f 47/33/35 1038/611/795 50/31/33
f 50/31/33 1039/612/796 52/34/36
f 52/34/36 1040/613/797 54/36/38
f 54/36/38 1041/614/798 56/38/40
f 56/38/40 1042/615/799 58/40/42
f 58/40/42 1043/616/800 1/1/1
f 1043/616/800 4/4/4 1/1/1
f 1044/617/801 6/6/6 4/4/4
f 1045/618/802 8/8/8 6/6/6
f 1046/619/803 10/10/10 8/8/8
f 1047/620/804 12/12/12 10/10/10
f 1048/621/805 15/622/806 12/12/12
f 1049/623/807 1038/611/795 49/624/808
f 1038/611/795 1050/625/809 1039/612/796
f 1039/612/796 1051/626/810 1040/613/797
f 1040/613/797 1052/627/811 1041/614/798
f 1041/614/798 1053/628/812 1042/615/799
f 1042/615/799 1054/629/813 1043/616/800
f 1054/629/813 1044/617/801 1043/616/800
f 1055/630/814 1045/618/802 1044/617/801
f 1056/631/815 1046/619/803 1045/618/802
f 1057/632/816 1047/620/804 1046/619/803
f 1058/633/817 1048/621/805 1047/620/804
f 1048/621/805 1059/634/818 1060/635/819
f 1049/623/820 1061/636/821 1062/637/822
f 1062/637/823 1061/636/821 1050/625/824
f 1050/625/824 1063/638/825 1051/626/826
f 1051/626/826 1064/639/827 1052/627/828
f 1052/627/828 1065/640/829 1053/628/830
f 1053/628/830 1066/641/831 1054/629/831
f 1066/641/831 1055/630/832 1054/629/831
f 1067/642/833 1056/631/834 1055/630/832
f 1068/643/835 1057/632/836 1056/631/834
f 1069/644/837 1058/633/838 1057/632/836
f 1070/645/839 1071/646/840 1058/633/838
f 1070/645/839 1059/634/841 1071/646/842
f 46/23/843 40/23/844 1061/23/821
f 93/23/845 92/23/846 91/23/847
f 1061/23/821 38/23/848 1063/23/825
f 1063/23/825 36/23/849 1064/23/827
f 1064/23/827 34/23/850 1065/23/829
f 1065/23/829 30/23/851 1066/23/852
f 30/23/851 1067/23/833 1066/23/852
f 28/23/853 1068/23/835 1067/23/833
f 26/23/854 1069/23/837 1068/23/835
f 24/23/855 1070/23/839 1069/23/837
f 115/23/856 116/23/99 121/23/98
f 25/23/857 18/23/858 1070/23/839
f 1033/604/859 1032/603/860 1031/602/861
f 1034/605/791 1072/647/862 1033/604/790
f 1034/605/791 1073/648/863 1074/649/864
f 1035/606/792 1075/650/865 1073/648/863
f 1036/609/793 1076/651/866 1075/650/865
f 1037/610/794 1077/652/867 1076/651/866
f 1010/585/764 1077/652/867 1011/586/765
f 1012/588/766 1078/653/868 1010/585/764
f 1013/589/767 1079/654/869 1012/588/766
f 82/54/61 1080/655/870 1013/589/767
f 82/54/61 1081/656/871 1082/657/872
f 1014/590/768 1016/595/873 1081/656/871
f 1032/603/786 1083/658/874 1029/599/783
f 1072/647/875 1084/659/876 1083/658/874
f 1074/649/877 1085/660/878 1084/659/876
f 1073/648/879 1086/661/880 1085/660/878
f 1075/650/881 1087/662/882 1086/661/880
f 1076/651/883 1088/663/884 1087/662/882
f 1078/653/885 1088/663/884 1077/652/886
f 1079/654/887 1089/664/888 1078/653/885
f 1080/655/889 1090/665/890 1079/654/887
f 1082/657/891 1091/666/892 1080/655/889
f 1081/656/893 1092/667/894 1082/657/891
f 1016/595/770 1093/668/895 1081/656/893
f 1029/599/783 1094/669/896 1030/600/784
f 1083/658/874 1095/670/897 1094/669/896
f 1084/659/876 1096/671/898 1095/670/897
f 1085/660/878 1097/672/899 1096/671/898
f 1086/661/880 1098/673/900 1097/672/899
f 1087/662/882 1099/674/901 1098/673/900
f 1089/664/888 1099/674/901 1088/663/884
f 1090/665/890 1100/675/902 1089/664/888
f 1091/666/892 1101/676/903 1090/665/890
f 1092/667/894 1102/677/904 1091/666/892
f 1093/668/895 1103/678/905 1092/667/894
f 1015/594/769 1104/679/906 1093/668/895
f 1094/669/896 1028/680/907 1030/600/784
f 1094/669/896 1095/670/897 1027/681/908
f 1095/670/897 1026/682/909 1027/681/908
f 1096/671/898 1025/683/910 1026/682/909
f 1097/672/899 1023/684/911 1025/683/910
f 1098/673/900 1024/685/912 1023/684/911
f 1100/675/902 1024/685/912 1099/674/901
f 1101/676/903 1022/686/913 1100/675/902
f 1102/677/904 1021/687/914 1101/676/903
f 1103/678/905 1020/688/915 1102/677/904
f 1103/678/905 1104/679/906 1019/689/916
f 1104/679/906 1018/690/917 1019/689/916
f 1105/691/169 1106/692/169 1107/693/169
f 1108/694/918 1109/695/918 1110/696/918
f 1108/23/919 623/23/919 622/23/919
f 1109/697/920 1111/698/921 1112/699/921
f 1113/700/922 1110/701/922 1114/702/922
f 1115/703/170 575/341/170 1116/704/170
f 1117/694/923 1118/696/923 1119/695/923
f 1120/23/924 604/23/924 1117/23/924
f 574/340/433 573/339/432 1119/705/925
f 1118/706/926 1117/707/927 1115/703/927
f 1121/23/928 44/23/929 1122/23/930
f 42/708/931 119/709/932 43/710/933
f 1123/711/934 1124/712/935 20/21/21
f 42/713/936 1121/714/937 120/90/96
f 1122/23/930 1125/23/938 1126/23/939
f 121/23/98 69/23/97 1125/23/938
f 156/115/128 155/114/127 120/90/96
f 1122/715/940 1127/716/941 120/90/96
f 119/89/95 19/20/20 21/22/22
f 1125/23/938 1128/23/942 1126/23/939
f 94/23/845 1129/23/943 95/23/944
f 1130/717/945 1131/718/946 125/94/103
f 1127/716/941 1128/719/947 1130/717/945
f 1132/23/948 1133/23/949 1128/23/942
f 1129/23/943 94/23/845 96/23/950
f 150/108/122 1134/720/951 1124/712/935
f 1135/721/952 1136/722/953 1137/723/954
f 1/1/1 4/4/4 2/2/2
f 4/4/4 6/6/6 5/5/5
f 6/6/6 8/8/8 7/7/7
f 8/8/8 10/10/10 9/9/9
f 10/10/10 12/12/12 11/11/11
f 12/12/12 15/622/806 13/13/13
f 15/16/16 1060/30/16 14/14/14
f 1060/30/16 1059/724/955 14/14/14
f 14/14/14 1059/724/955 18/19/19
f 25/23/26 22/23/26 16/23/26
f 24/23/26 27/23/26 22/23/26
f 26/23/26 29/23/26 27/23/26
f 28/23/26 31/23/26 29/23/26
f 30/23/26 33/23/26 31/23/26
f 30/23/26 34/23/26 32/23/26
f 34/23/26 36/23/26 35/23/26
f 36/23/26 38/23/26 37/23/26
f 38/23/26 40/23/26 39/23/26
f 40/23/26 45/23/26 41/23/26
f 46/19/78 1049/724/956 48/14/32
f 51/15/62 48/14/32 47/16/31
f 48/14/32 1049/724/956 49/30/31
f 50/31/33 53/35/37 51/32/34
f 52/34/36 55/37/39 53/35/37
f 54/36/38 57/39/41 55/37/39
f 56/38/40 59/41/43 57/39/41
f 58/40/42 60/42/44 59/41/43
f 1/1/1 3/3/3 60/42/44
f 3/3/3 2/2/2 61/43/45
f 2/2/2 5/5/5 63/45/47
f 5/5/5 7/7/7 64/46/48
f 7/7/7 9/9/9 65/47/49
f 9/9/9 11/11/11 66/48/50
f 11/11/11 13/13/13 67/49/51
f 13/15/15 14/14/14 68/50/52
f 18/19/19 17/18/18 68/50/52
f 17/23/81 16/23/23 23/23/25
f 27/23/56 71/23/57 23/23/25
f 29/23/56 72/23/57 71/23/57
f 31/23/56 73/23/57 72/23/57
f 33/23/56 75/23/57 73/23/57
f 33/23/56 32/23/56 74/23/57
f 32/23/56 35/23/56 76/23/57
f 35/23/56 37/23/56 77/23/57
f 37/23/56 39/23/56 78/23/57
f 39/23/56 41/23/56 79/23/58
f 79/18/84 46/19/78 83/50/63
f 51/15/62 84/51/64 83/50/63
f 53/35/37 85/56/65 84/55/64
f 55/37/39 86/57/66 85/56/65
f 57/39/41 87/58/67 86/57/66
f 59/41/43 88/59/68 87/58/67
f 60/42/44 89/60/69 88/59/68
f 3/3/3 62/44/46 89/60/69
f 70/725/957 62/726/46 61/727/45
f 93/66/74 90/728/958 63/64/47
f 90/728/958 61/727/45 63/64/47
f 95/69/76 92/65/73 64/67/48
f 92/65/73 63/64/47 64/67/48
f 96/72/77 94/68/75 65/70/49
f 94/68/75 64/67/48 65/70/49
f 67/73/51 132/101/110 1138/729/959
f 96/72/77 67/73/51 1138/729/959
f 69/730/960 89/86/961 62/726/962
f 67/73/51 97/103/79 132/101/110
f 68/50/52 98/75/80 97/74/79
f 17/18/18 100/76/113 98/75/80
f 17/23/81 23/23/25 99/23/82
f 23/23/25 71/23/57 101/23/82
f 71/23/57 72/23/57 102/23/82
f 72/23/57 73/23/57 103/23/82
f 73/23/57 75/23/57 104/23/82
f 74/23/57 105/23/82 104/23/82
f 76/23/57 106/23/82 105/23/82
f 77/23/57 107/23/82 106/23/82
f 78/23/57 108/23/82 107/23/82
f 79/23/58 110/23/83 108/23/82
f 79/18/84 83/50/63 109/75/85
f 83/50/63 84/51/64 111/74/87
f 85/731/65 1139/732/963 84/77/64
f 1139/732/963 1140/733/964 112/78/88
f 79/18/84 41/734/965 46/19/78
f 85/731/65 86/80/66 114/82/90
f 86/80/66 87/84/67 113/81/89
f 1139/732/963 85/731/65 114/82/90
f 113/81/89 87/84/67 115/83/91
f 87/84/67 88/735/68 116/85/92
f 116/85/92 88/735/68 118/88/94
f 88/735/68 89/86/69 118/88/94
f 70/725/957 69/730/966 62/726/46
f 122/91/100 159/118/131 123/92/101
f 122/91/100 127/96/105 159/118/131
f 127/96/105 126/95/104 159/118/131
f 125/94/103 130/99/108 126/95/104
f 129/98/107 1136/722/953 130/99/108
f 1136/722/953 163/122/135 130/99/108
f 130/99/108 125/94/103 128/97/106
f 163/122/135 1136/722/953 1135/721/952
f 133/102/111 163/122/135 1135/721/952
f 131/100/109 1138/729/959 132/101/110
f 133/102/111 1135/721/952 1137/723/954
f 1137/723/954 131/100/109 133/102/111
f 97/74/79 134/104/112 133/107/111
f 98/75/80 135/105/114 134/104/112
f 100/76/113 137/106/967 135/105/114
f 100/23/83 99/23/82 136/23/115
f 99/23/82 101/23/82 138/23/117
f 101/23/82 102/23/82 139/23/117
f 102/23/82 103/23/82 140/23/117
f 103/23/82 104/23/82 141/23/117
f 105/23/82 142/23/117 141/23/117
f 106/23/82 143/23/117 142/23/117
f 107/23/82 144/23/117 143/23/117
f 108/23/82 145/23/115 144/23/117
f 110/23/83 147/23/116 145/23/115
f 110/76/86 109/75/85 146/105/118
f 109/75/85 111/74/87 148/104/120
f 111/79/87 112/78/88 149/110/121
f 21/22/22 1124/712/935 1134/720/951
f 150/108/122 1123/711/934 151/109/123
f 21/22/22 1134/720/951 112/78/88
f 1134/720/951 150/108/122 149/110/121
f 112/78/88 1140/733/964 21/22/22
f 1134/720/951 149/110/121 112/78/88
f 152/111/124 155/114/127 153/112/125
f 153/112/125 151/109/123 1123/711/934
f 1123/711/934 20/21/21 153/112/125
f 154/113/126 153/112/125 155/114/127
f 158/117/130 154/113/126 156/115/128
f 157/116/129 124/93/102 123/92/101
f 159/118/131 161/120/133 160/119/132
f 126/95/104 162/121/134 161/120/133
f 130/99/108 164/123/136 162/121/134
f 163/122/135 165/124/137 164/123/136
f 133/102/111 166/138/138 165/124/137
f 134/104/112 168/127/140 166/125/138
f 134/104/112 135/105/114 167/126/139
f 135/105/114 137/106/967 169/128/141
f 137/23/142 136/23/145 170/23/143
f 138/23/117 172/23/147 171/23/147
f 139/23/117 173/23/147 172/23/147
f 140/23/117 174/23/147 173/23/147
f 141/23/117 176/23/147 174/23/147
f 141/23/117 142/23/117 175/23/147
f 142/23/117 143/23/117 177/23/147
f 143/23/117 144/23/117 178/23/147
f 144/23/117 145/23/115 179/23/147
f 147/23/142 181/23/144 180/23/149
f 146/105/118 182/126/152 181/128/151
f 148/104/120 184/127/154 182/126/152
f 148/104/120 149/107/121 183/125/153
f 149/110/121 151/109/123 185/129/155
f 151/109/123 153/112/125 186/131/156
f 153/112/125 154/113/126 187/132/157
f 154/113/126 158/117/130 188/133/158
f 158/117/130 123/92/101 160/119/132
f 161/120/133 190/135/159 189/134/132
f 162/121/134 191/136/160 190/135/159
f 164/123/136 192/137/161 191/136/160
f 165/148/137 193/150/162 192/149/161
f 166/138/138 194/158/163 193/139/162
f 168/736/140 196/737/165 194/158/163
f 168/127/140 167/126/139 195/141/164
f 167/126/139 169/128/141 197/143/166
f 169/23/144 170/23/143 198/23/167
f 170/23/169 171/23/169 199/23/169
f 172/23/147 200/23/147 199/23/147
f 173/23/147 201/23/147 200/23/147
f 174/23/147 202/23/147 201/23/147
f 176/23/147 203/23/147 202/23/147
f 175/23/147 204/23/147 203/23/147
f 177/23/147 205/23/147 204/23/147
f 178/23/147 206/23/147 205/23/147
f 179/23/147 207/23/147 206/23/147
f 180/23/170 208/23/170 207/23/170
f 181/23/144 209/23/168 208/23/167
f 182/126/152 210/141/172 209/143/171
f 184/127/154 212/142/174 210/141/172
f 184/127/154 183/125/153 211/140/173
f 183/130/153 185/129/155 213/147/175
f 185/129/155 186/131/156 214/152/176
f 186/131/156 187/132/157 215/151/177
f 187/132/157 188/133/158 216/153/178
f 188/133/158 160/119/132 189/134/132
f 190/135/159 218/155/180 217/154/179
f 191/136/160 219/156/181 218/155/180
f 192/137/161 220/157/182 219/156/181
f 193/150/162 221/167/183 220/166/182
f 194/158/163 222/178/184 221/159/183
f 196/142/165 224/162/186 222/160/184
f 196/142/165 195/141/164 223/161/185
f 195/141/164 197/143/166 225/163/187
f 197/23/168 198/23/167 226/23/188
f 198/23/169 199/23/169 227/23/169
f 200/23/147 228/23/147 227/23/147
f 201/23/147 229/23/147 228/23/147
f 202/23/147 230/23/147 229/23/147
f 203/23/147 231/23/147 230/23/147
f 204/23/147 232/23/147 231/23/147
f 205/23/147 233/23/147 232/23/147
f 206/23/147 234/23/147 233/23/147
f 207/23/147 235/23/147 234/23/147
f 208/23/170 236/23/170 235/23/170
f 209/23/168 237/23/189 236/23/188
f 210/141/172 238/161/191 237/163/190
f 212/142/174 240/162/193 238/161/191
f 212/142/174 211/140/173 239/160/192
f 211/145/173 213/147/175 241/164/194
f 213/147/175 214/152/176 242/169/195
f 214/152/176 215/151/177 243/168/196
f 215/151/177 216/153/178 244/170/197
f 216/153/178 189/134/132 217/154/179
f 218/155/180 246/172/199 245/171/198
f 219/156/181 247/173/200 246/172/199
f 220/157/182 249/738/202 247/173/200
f 220/166/182 221/167/183 248/174/201
f 221/159/183 222/178/184 250/176/203
f 222/160/184 224/162/186 251/181/204
f 224/162/186 223/161/185 252/180/205
f 223/161/185 225/163/187 253/182/206
f 225/23/189 226/23/188 254/23/207
f 226/23/169 227/23/169 255/23/169
f 228/23/147 256/23/147 255/23/147
f 229/23/147 257/23/147 256/23/147
f 230/23/147 258/23/147 257/23/147
f 231/23/147 259/23/147 258/23/147
f 232/23/147 260/23/147 259/23/147
f 233/23/147 261/23/147 260/23/147
f 234/23/147 262/23/147 261/23/147
f 235/23/147 263/23/147 262/23/147
f 236/23/170 264/23/170 263/23/170
f 237/23/189 265/23/208 264/23/207
f 238/161/191 266/180/210 265/182/209
f 240/162/193 267/181/211 266/180/210
f 239/165/192 268/183/212 267/200/211
f 241/164/194 269/739/213 268/183/212
f 242/166/195 271/175/215 269/174/213
f 242/169/195 243/168/196 270/184/214
f 243/168/196 244/170/197 272/186/216
f 244/170/197 217/154/179 245/171/198
f 245/171/198 246/172/199 273/187/217
f 247/173/200 276/190/220 273/187/217
f 247/173/200 249/738/202 275/189/219
f 249/175/202 248/174/201 277/191/221
f 248/174/201 250/201/203 278/193/222
f 250/176/203 251/179/204 279/194/223
f 251/181/204 252/180/205 280/196/224
f 252/180/205 253/182/206 281/198/225
f 253/23/208 254/23/207 282/23/147
f 254/23/169 255/23/169 283/23/169
f 256/23/147 284/23/147 283/23/147
f 257/23/147 285/23/147 284/23/147
f 258/23/147 286/23/147 285/23/147
f 259/23/147 287/23/147 286/23/147
f 260/23/147 288/23/147 287/23/147
f 261/23/147 289/23/147 288/23/147
f 262/23/147 290/23/147 289/23/147
f 263/23/147 291/23/147 290/23/147
f 264/23/170 292/23/170 291/23/170
f 265/23/208 293/23/226 292/23/147
f 266/180/210 294/196/228 293/198/227
f 267/181/211 295/197/229 294/196/228
f 268/183/212 296/740/230 295/199/229
f 269/174/213 297/191/231 296/193/230
f 271/175/215 298/192/232 297/191/231
f 270/184/214 300/204/234 298/202/232
f 270/184/214 272/186/216 299/203/233
f 245/171/198 274/188/218 299/203/233
f 273/187/217 302/206/236 301/205/235
f 276/190/220 303/207/237 302/206/236
f 275/189/219 305/220/239 303/207/237
f 275/192/219 277/191/221 304/208/238
f 278/193/222 306/214/240 304/208/238
f 279/197/223 307/211/241 306/214/240
f 280/196/224 308/212/242 307/211/241
f 281/198/225 310/213/260 308/212/242
f 281/23/226 282/23/147 309/23/243
f 283/23/169 311/23/169 309/23/169
f 284/23/147 312/23/147 311/23/147
f 285/23/147 313/23/147 312/23/147
f 286/23/147 314/23/147 313/23/147
f 287/23/147 315/23/147 314/23/147
f 288/23/147 316/23/147 315/23/147
f 289/23/147 317/23/147 316/23/147
f 290/23/147 318/23/147 317/23/147
f 291/23/147 320/23/147 318/23/147
f 291/23/170 292/23/170 319/23/170
f 293/23/226 322/23/244 319/23/243
f 293/198/227 294/196/228 321/212/245
f 294/196/228 295/197/229 323/211/247
f 295/199/229 296/740/230 324/741/248
f 296/193/230 297/191/231 325/208/249
f 298/192/232 327/209/251 325/208/249
f 298/202/232 300/204/234 326/215/250
f 300/204/234 299/203/233 328/217/252
f 299/203/233 274/188/218 301/205/235
f 302/206/236 330/219/254 329/218/253
f 303/207/237 331/221/255 330/219/254
f 305/220/239 333/742/257 331/221/255
f 305/209/239 304/208/238 332/222/256
f 306/214/240 334/224/258 332/222/256
f 307/211/241 335/225/259 334/224/258
f 308/212/242 336/226/261 335/225/259
f 310/213/260 337/227/279 336/226/261
f 309/23/243 338/23/263 337/23/262
f 311/23/169 339/23/169 338/23/169
f 312/23/147 340/23/147 339/23/147
f 313/23/147 341/23/147 340/23/147
f 314/23/147 342/23/147 341/23/147
f 315/23/147 343/23/147 342/23/147
f 316/23/147 344/23/147 343/23/147
f 317/23/147 345/23/147 344/23/147
f 318/23/147 346/23/147 345/23/147
f 320/23/147 348/23/147 346/23/147
f 320/23/170 319/23/170 347/23/170
f 319/23/243 322/23/244 349/23/262
f 322/213/246 321/212/245 350/226/264
f 321/212/245 323/211/247 351/225/266
f 323/211/247 324/214/248 352/224/267
f 324/214/248 325/208/249 353/222/268
f 327/209/251 355/223/270 353/222/268
f 327/216/251 326/215/250 354/228/269
f 326/215/250 328/217/252 356/230/271
f 328/217/252 301/205/235 329/218/253
f 329/218/253 330/219/254 357/231/272
f 331/221/255 360/234/275 357/231/272
f 331/221/255 333/742/257 359/233/274
f 333/223/257 332/222/256 361/235/276
f 332/222/256 334/224/258 362/237/277
f 334/224/258 335/225/259 363/238/278
f 336/226/261 364/239/280 363/238/278
f 337/227/279 365/240/298 364/239/280
f 338/23/263 366/23/282 365/23/281
f 339/23/169 367/23/169 366/23/169
f 340/23/147 368/23/147 367/23/147
f 341/23/147 369/23/147 368/23/147
f 342/23/147 370/23/147 369/23/147
f 343/23/147 371/23/147 370/23/147
f 344/23/147 372/23/147 371/23/147
f 345/23/147 373/23/147 372/23/147
f 346/23/147 374/23/147 373/23/147
f 348/23/147 376/23/147 374/23/147
f 348/23/170 347/23/170 375/23/170
f 347/23/263 349/23/262 377/23/281
f 349/227/265 350/226/264 378/239/283
f 350/226/264 351/225/266 379/238/285
f 352/224/267 380/237/286 379/238/285
f 353/222/268 381/235/287 380/237/286
f 355/223/270 382/236/288 381/235/287
f 354/228/269 384/243/290 382/241/288
f 354/228/269 356/230/271 383/242/289
f 329/218/253 358/232/273 383/242/289
f 358/232/273 357/231/272 385/244/291
f 357/231/272 360/234/275 387/246/293
f 360/234/275 359/233/274 388/247/294
f 359/236/274 361/235/276 389/248/295
f 361/235/276 362/237/277 390/250/296
f 362/237/277 363/238/278 391/251/297
f 364/239/280 392/252/299 391/251/297
f 365/240/298 393/253/317 392/252/299
f 366/23/282 394/23/321 393/23/300
f 367/23/169 395/23/169 394/23/169
f 368/23/147 396/23/147 395/23/147
f 369/23/147 397/23/147 396/23/147
f 370/23/147 398/23/147 397/23/147
f 371/23/147 399/23/147 398/23/147
f 372/23/147 400/23/147 399/23/147
f 373/23/147 401/23/147 400/23/147
f 374/23/147 402/23/147 401/23/147
f 376/23/147 404/23/147 402/23/147
f 376/23/170 375/23/170 403/23/170
f 375/23/282 377/23/281 405/23/300
f 377/240/284 378/239/283 406/252/302
f 378/239/283 379/238/285 407/251/304
f 380/237/286 408/250/305 407/251/304
f 381/235/287 409/248/306 408/250/305
f 382/236/288 410/249/307 409/248/306
f 384/243/290 411/255/308 410/254/307
f 383/242/289 412/256/309 411/255/308
f 358/232/273 386/245/292 412/256/309
f 386/245/292 385/244/291 413/257/310
f 385/244/291 387/246/293 415/259/311
f 387/246/293 388/247/294 416/260/312
f 388/249/294 389/248/295 417/261/313
f 389/248/295 390/250/296 418/263/315
f 390/250/296 391/251/297 419/264/316
f 392/252/299 420/265/318 419/264/316
f 393/253/317 422/266/968 420/265/318
f 393/23/300 394/23/321 421/23/319
f 395/23/147 396/23/147 423/23/147
f 396/23/147 397/23/147 424/23/147
f 397/23/147 398/23/147 425/23/147
f 398/23/147 399/23/147 426/23/147
f 400/23/147 427/23/147 426/23/147
f 401/23/147 428/23/147 427/23/147
f 402/23/147 429/23/147 428/23/147
f 404/23/147 430/23/147 429/23/147
f 405/23/300 432/23/320 430/23/324
f 405/253/303 406/252/302 431/265/325
f 406/252/302 407/251/304 433/264/327
f 408/250/305 434/263/328 433/264/327
f 409/248/306 435/261/329 434/263/328
f 410/249/307 436/262/349 435/261/329
f 411/255/308 437/268/331 436/267/330
f 412/256/309 438/269/332 437/268/331
f 386/245/292 414/258/292 438/269/332
f 413/257/310 440/271/334 439/270/333
f 415/259/311 441/272/335 440/271/334
f 416/260/312 443/743/969 441/272/335
f 416/262/314 417/261/313 442/273/336
f 417/261/313 418/263/315 444/275/338
f 418/263/315 419/264/316 445/276/339
f 419/264/316 420/265/342 446/277/340
f 422/266/341 448/278/363 446/277/340
f 422/23/147 421/23/147 447/23/147
f 421/23/147 423/23/147 449/23/147
f 423/23/147 424/23/147 450/23/147
f 424/23/147 425/23/147 451/23/147
f 425/23/147 426/23/147 452/23/147
f 427/23/147 453/23/147 452/23/147
f 428/23/147 454/23/147 453/23/147
f 429/23/147 455/23/147 454/23/147
f 430/23/147 456/23/147 455/23/147
f 432/23/147 458/23/147 456/23/147
f 432/266/343 431/265/346 457/277/344
f 433/264/327 459/276/347 457/277/344
f 434/263/328 460/275/348 459/276/347
f 435/261/329 461/273/350 460/275/348
f 436/262/349 463/274/368 461/273/350
f 436/267/330 437/268/331 462/279/351
f 437/268/331 438/269/332 464/281/353
f 438/269/332 414/258/292 439/270/333
f 440/271/334 466/283/355 465/282/354
f 441/272/335 468/285/357 466/283/355
f 441/272/335 443/743/969 467/284/356
f 443/274/337 442/273/336 469/286/358
f 442/273/336 444/275/338 470/288/360
f 444/275/338 445/276/339 471/289/361
f 445/276/339 446/277/340 472/290/362
f 448/278/363 474/291/381 472/290/362
f 448/23/147 447/23/147 473/23/147
f 447/23/147 449/23/147 475/23/147
f 449/23/147 450/23/147 476/23/147
f 450/23/147 451/23/147 477/23/147
f 451/23/147 452/23/147 478/23/147
f 453/23/147 479/23/147 478/23/147
f 454/23/147 480/23/147 479/23/147
f 455/23/147 481/23/147 480/23/147
f 456/23/147 482/23/147 481/23/147
f 458/23/147 484/23/147 482/23/147
f 458/278/345 457/277/344 483/290/364
f 459/276/347 485/289/366 483/290/364
f 460/275/348 486/288/367 485/289/366
f 461/273/350 487/286/369 486/288/367
f 463/274/368 488/287/386 487/286/369
f 462/279/351 490/294/372 488/292/370
f 462/279/351 464/281/353 489/293/371
f 464/281/353 439/270/333 465/282/354
f 466/283/355 493/297/375 491/295/373
f 466/283/355 468/285/357 492/296/374
f 467/284/356 495/310/394 492/296/374
f 467/287/359 469/286/358 494/298/376
f 469/286/358 470/288/360 496/300/378
f 471/289/361 498/302/380 496/300/378
f 471/289/361 472/290/362 497/301/379
f 474/291/381 500/303/400 497/301/379
f 474/23/147 473/23/147 499/23/147
f 473/23/147 475/23/147 501/23/147
f 475/23/147 476/23/147 502/23/147
f 476/23/147 477/23/147 503/23/147
f 477/23/147 478/23/147 504/23/147
f 479/23/147 505/23/147 504/23/147
f 480/23/147 506/23/147 505/23/147
f 481/23/147 507/23/147 506/23/147
f 482/23/147 508/23/147 507/23/147
f 484/23/147 510/23/147 508/23/147
f 484/291/365 483/290/364 509/301/382
f 485/289/366 512/302/385 509/301/382
f 485/289/366 486/288/367 511/300/384
f 487/286/369 513/298/387 511/300/384
f 488/287/386 515/299/970 513/298/387
f 488/292/370 490/294/372 514/304/388
f 489/293/371 516/306/390 514/304/388
f 489/293/371 465/282/354 491/295/373
f 493/297/375 519/309/393 517/307/391
f 493/297/375 492/296/374 518/308/392
f 495/310/394 520/744/971 518/308/392
f 494/298/376 521/312/396 520/311/395
f 496/300/378 522/313/397 521/312/396
f 498/302/380 524/315/399 522/313/397
f 498/302/380 497/301/379 523/314/398
f 500/303/400 526/316/972 523/314/398
f 500/23/147 499/23/147 525/23/147
f 499/23/147 501/23/147 527/23/147
f 501/23/147 502/23/147 528/23/147
f 502/23/147 503/23/147 529/23/147
f 503/23/147 504/23/147 530/23/147
f 505/23/147 531/23/147 530/23/147
f 506/23/147 532/23/147 531/23/147
f 507/23/147 533/23/147 532/23/147
f 508/23/147 534/23/147 533/23/147
f 510/23/147 536/23/147 534/23/147
f 510/303/383 509/301/382 535/314/401
f 512/302/385 538/315/404 535/314/401
f 512/302/385 511/300/384 537/313/403
f 511/300/384 513/298/387 539/312/405
f 513/298/387 515/299/970 540/311/406
f 515/305/389 514/304/388 541/317/407
f 516/306/390 542/319/409 541/317/407
f 516/306/390 491/295/373 517/307/391
f 517/307/391 519/309/393 543/320/410
f 519/309/393 518/308/392 545/322/412
f 518/308/392 520/744/971 546/323/413
f 521/312/396 547/325/414 546/324/413
f 522/313/397 548/326/415 547/325/414
f 524/315/399 549/327/416 548/326/415
f 523/314/398 551/329/418 549/327/416
f 523/314/398 526/316/972 550/328/417
f 526/23/147 525/23/147 552/23/147
f 525/23/147 527/23/147 553/23/147
f 527/23/147 528/23/147 554/23/147
f 528/23/147 529/23/147 555/23/147
f 529/23/147 530/23/147 556/23/147
f 531/23/147 557/23/147 556/23/147
f 532/23/147 558/23/147 557/23/147
f 533/23/147 559/23/147 558/23/147
f 534/23/147 560/23/147 559/23/147
f 536/23/147 561/23/147 560/23/147
f 535/314/401 563/329/421 561/328/419
f 535/314/401 538/315/404 562/327/420
f 538/315/404 537/313/403 564/326/422
f 537/313/403 539/312/405 565/325/423
f 539/312/405 540/311/406 566/324/424
f 541/317/407 567/331/425 566/330/424
f 542/319/409 568/332/426 567/331/425
f 517/307/391 544/321/411 568/332/426
f 543/320/410 571/335/429 569/333/427
f 543/320/410 545/322/412 570/334/428
f 545/322/412 546/323/413 572/336/430
f 547/745/414 1141/746/973 572/336/430
f 1115/747/431 1142/748/974 1141/749/973
f 548/326/415 576/342/435 1143/750/975
f 576/342/435 1120/363/976 1144/751/431
f 576/342/435 1144/751/431 1143/750/975
f 1115/747/431 1141/749/973 575/752/431
f 1141/749/973 547/325/414 575/752/431
f 1143/750/975 573/338/431 548/326/415
f 573/338/431 575/752/431 547/325/414
f 549/327/416 577/343/436 576/342/435
f 551/329/418 579/345/438 577/343/436
f 551/329/418 550/328/417 578/344/437
f 550/23/147 552/23/147 580/23/147
f 552/23/147 553/23/147 581/23/147
f 553/23/147 554/23/147 582/23/147
f 554/23/147 555/23/147 583/23/147
f 555/23/147 556/23/147 584/23/147
f 557/23/147 585/23/147 584/23/147
f 558/23/147 586/23/147 585/23/147
f 559/23/147 587/23/147 586/23/147
f 560/23/147 588/23/147 587/23/147
f 561/23/147 589/23/147 588/23/147
f 563/329/421 591/345/441 589/344/439
f 563/329/421 562/327/420 590/343/440
f 562/327/420 564/326/422 592/342/442
f 1111/753/977 622/363/462 592/342/442
f 595/749/445 1113/748/978 1114/754/979
f 1114/754/979 1105/755/443 595/749/445
f 1105/755/443 1107/756/980 595/749/445
f 593/346/443 1112/757/979 564/326/422
f 1112/757/979 1111/753/977 564/326/422
f 1107/756/980 593/346/443 565/325/423
f 1111/753/977 592/342/442 564/326/422
f 565/325/423 595/749/445 1107/756/980
f 565/325/423 566/324/424 594/337/444
f 567/331/425 596/350/446 594/348/444
f 568/332/426 597/351/447 596/350/446
f 568/332/426 544/321/411 569/333/427
f 571/335/429 599/353/449 598/352/448
f 570/334/428 601/355/451 599/353/449
f 570/334/428 572/336/430 600/354/450
f 572/336/430 1141/746/973 602/356/452
f 604/358/453 1120/363/976 576/342/435
f 576/342/435 605/359/454 603/357/453
f 605/373/454 602/356/452 603/758/453
f 602/356/452 1141/746/973 603/758/453
f 1141/749/973 1142/748/974 603/357/453
f 577/343/436 606/360/455 605/359/454
f 579/345/438 608/362/457 606/360/455
f 579/345/438 578/344/437 607/361/456
f 578/23/147 580/23/147 609/23/147
f 580/23/147 581/23/147 610/23/147
f 581/23/147 582/23/147 611/23/147
f 582/23/147 583/23/147 612/23/147
f 583/23/147 584/23/147 613/23/147
f 585/23/147 614/23/147 613/23/147
f 586/23/147 615/23/147 614/23/147
f 587/23/147 616/23/147 615/23/147
f 588/23/147 617/23/147 616/23/147
f 589/23/147 618/23/147 617/23/147
f 591/345/441 620/362/460 618/361/458
f 591/345/441 590/343/440 619/360/459
f 590/343/440 592/342/442 621/359/461
f 623/364/463 1113/748/978 595/749/445
f 595/749/445 624/759/464 623/364/463
f 624/365/464 621/379/461 623/760/463
f 621/379/461 592/761/442 623/760/463
f 594/348/444 625/366/465 624/365/464
f 596/350/446 627/368/467 625/366/465
f 596/350/446 597/351/447 626/367/466
f 597/351/447 569/333/427 598/352/448
f 599/353/449 629/370/469 628/369/468
f 601/355/451 630/371/470 629/370/469
f 600/354/450 631/372/471 630/371/470
f 602/356/452 632/374/472 631/372/471
f 605/373/454 633/762/981 632/374/472
f 606/360/455 634/376/474 633/375/473
f 608/362/457 636/378/476 634/376/474
f 608/362/457 607/361/456 635/377/475
f 607/23/147 609/23/147 637/23/147
f 609/23/147 610/23/147 638/23/147
f 610/23/147 611/23/147 639/23/147
f 611/23/147 612/23/147 640/23/147
f 612/23/147 613/23/147 641/23/147
f 614/23/147 642/23/147 641/23/147
f 615/23/147 643/23/147 642/23/147
f 616/23/147 644/23/147 643/23/147
f 617/23/147 645/23/147 644/23/147
f 618/23/147 646/23/147 645/23/147
f 620/362/460 648/378/479 646/377/477
f 620/362/460 619/360/459 647/376/478
f 619/360/459 621/359/461 649/375/480
f 621/379/461 624/365/464 650/380/481
f 624/365/464 625/366/465 651/382/483
f 625/366/465 627/368/467 652/383/484
f 627/368/467 626/367/466 653/384/485
f 626/367/466 598/352/448 628/369/468
f 629/370/469 656/387/488 654/385/486
f 629/370/469 630/371/470 655/386/487
f 630/371/470 631/372/471 657/388/489
f 631/372/471 632/374/472 658/389/490
f 632/374/472 633/762/981 659/390/491
f 633/375/473 634/376/474 660/391/492
f 636/378/476 662/394/495 660/391/492
f 636/378/476 635/377/475 661/393/494
f 635/23/147 637/23/147 663/23/147
f 637/23/147 638/23/147 664/23/147
f 638/23/147 639/23/147 665/23/147
f 639/23/147 640/23/147 666/23/147
f 640/23/147 641/23/147 667/23/147
f 642/23/147 668/23/147 667/23/147
f 643/23/147 669/23/147 668/23/147
f 644/23/147 670/23/147 669/23/147
f 645/23/147 671/23/147 670/23/147
f 646/23/147 672/23/147 671/23/147
f 648/378/479 674/394/498 672/393/496
f 648/378/479 647/376/478 673/391/497
f 649/375/480 675/392/982 673/391/497
f 650/380/481 676/396/500 675/395/499
f 651/382/483 677/397/501 676/396/500
f 652/383/484 678/398/502 677/397/501
f 653/384/485 679/399/503 678/398/502
f 653/384/485 628/369/468 654/385/486
f 656/387/488 682/402/506 680/400/504
f 656/387/488 655/386/487 681/401/505
f 657/388/489 684/404/508 681/401/505
f 657/388/489 658/389/490 683/403/507
f 659/390/491 685/418/532 683/403/507
f 660/391/492 687/407/511 685/405/509
f 660/391/492 662/394/495 686/406/510
f 662/394/495 661/393/494 688/408/512
f 663/23/513 690/23/516 688/23/514
f 664/23/147 691/23/147 689/23/147
f 665/23/147 692/23/147 691/23/147
f 666/23/147 693/23/147 692/23/147
f 667/23/147 695/23/147 693/23/147
f 667/23/147 668/23/147 694/23/147
f 668/23/147 669/23/147 696/23/147
f 669/23/147 670/23/147 697/23/147
f 670/23/147 671/23/147 698/23/147
f 671/23/517 672/23/142 700/23/514
f 674/394/498 701/406/521 700/408/520
f 673/391/497 703/407/523 701/406/521
f 673/391/497 675/392/982 702/405/522
f 675/395/499 676/396/500 704/409/524
f 677/397/501 706/412/527 704/409/524
f 677/397/501 678/398/502 705/411/526
f 679/399/503 707/413/528 705/411/526
f 679/399/503 654/385/486 680/400/504
f 682/402/506 709/415/529 708/414/504
f 681/401/505 710/416/530 709/415/529
f 684/404/508 711/417/531 710/416/530
f 683/403/507 712/419/533 711/417/531
f 685/418/532 713/433/551 712/419/533
f 687/407/511 715/422/536 713/420/534
f 687/407/511 686/406/510 714/421/535
f 686/406/510 688/408/512 716/423/537
f 688/23/514 690/23/516 717/23/167
f 690/23/169 689/23/169 718/23/169
f 691/23/147 719/23/147 718/23/147
f 692/23/147 720/23/147 719/23/147
f 693/23/147 721/23/147 720/23/147
f 695/23/147 722/23/147 721/23/147
f 694/23/147 723/23/147 722/23/147
f 696/23/147 724/23/147 723/23/147
f 697/23/147 725/23/147 724/23/147
f 698/23/147 726/23/147 725/23/147
f 699/23/170 727/23/170 726/23/170
f 700/23/514 728/23/538 727/23/167
f 701/406/521 729/421/540 728/423/539
f 703/407/523 731/422/542 729/421/540
f 703/407/523 702/405/522 730/420/541
f 702/410/525 704/409/524 732/424/543
f 704/409/524 706/412/527 733/426/545
f 706/412/527 705/411/526 734/427/546
f 705/411/526 707/413/528 735/428/547
f 707/413/528 680/400/504 708/414/504
f 709/415/529 737/430/548 736/429/504
f 710/416/530 738/431/549 737/430/548
f 711/417/531 739/432/550 738/431/549
f 712/419/533 740/434/552 739/432/550
f 713/433/551 741/763/553 740/434/552
f 715/422/536 743/437/555 741/435/553
f 715/422/536 714/421/535 742/436/554
f 714/421/535 716/423/537 744/438/556
f 716/23/538 717/23/167 745/23/188
f 717/23/169 718/23/169 746/23/169
f 719/23/147 747/23/147 746/23/147
f 720/23/147 748/23/147 747/23/147
f 721/23/147 749/23/147 748/23/147
f 722/23/147 750/23/147 749/23/147
f 723/23/147 751/23/147 750/23/147
f 724/23/147 752/23/147 751/23/147
f 725/23/147 753/23/147 752/23/147
f 726/23/147 754/23/147 753/23/147
f 727/23/170 755/23/170 754/23/170
f 728/23/538 756/23/557 755/23/188
f 729/421/540 757/436/559 756/438/558
f 731/422/542 759/437/561 757/436/559
f 731/422/542 730/420/541 758/435/560
f 730/425/544 732/424/543 760/439/562
f 732/424/543 733/426/545 761/441/563
f 733/426/545 734/427/546 762/442/564
f 734/427/546 735/428/547 763/443/565
f 735/428/547 708/414/504 736/429/504
f 737/430/548 766/446/568 764/444/566
f 737/430/548 738/431/549 765/445/567
f 739/432/550 768/448/570 765/445/567
f 739/432/550 740/434/552 767/447/569
f 740/434/552 741/763/553 769/449/571
f 741/435/553 743/437/555 770/450/572
f 743/437/555 742/436/554 771/452/573
f 742/436/554 744/438/556 772/453/574
f 744/23/557 745/23/188 773/23/207
f 745/23/169 746/23/169 774/23/169
f 747/23/147 775/23/147 774/23/147
f 748/23/147 776/23/147 775/23/147
f 749/23/147 777/23/147 776/23/147
f 750/23/147 778/23/147 777/23/147
f 751/23/147 779/23/147 778/23/147
f 752/23/147 780/23/147 779/23/147
f 753/23/147 781/23/147 780/23/147
f 754/23/147 782/23/147 781/23/147
f 755/23/170 783/23/170 782/23/170
f 756/23/557 784/23/575 783/23/207
f 757/436/559 785/452/577 784/453/576
f 759/437/561 786/450/578 785/452/577
f 758/435/560 787/451/579 786/450/578
f 760/439/562 788/455/580 787/454/579
f 761/441/563 790/457/582 788/455/580
f 761/441/563 762/442/564 789/456/581
f 763/443/565 791/458/583 789/456/581
f 763/443/565 736/429/504 764/444/566
f 764/444/566 766/446/568 792/459/584
f 766/446/568 765/445/567 794/461/586
f 765/445/567 768/448/570 795/462/587
f 768/448/570 767/447/569 796/463/588
f 767/447/569 769/449/571 797/464/589
f 769/451/571 770/450/572 798/467/590
f 770/450/572 771/452/573 799/466/591
f 771/452/573 772/453/574 800/468/592
f 772/23/575 773/23/207 801/23/147
f 773/23/169 774/23/169 802/23/169
f 775/23/147 803/23/147 802/23/147
f 776/23/147 804/23/147 803/23/147
f 777/23/147 805/23/147 804/23/147
f 778/23/147 806/23/147 805/23/147
f 779/23/147 807/23/147 806/23/147
f 780/23/147 808/23/147 807/23/147
f 781/23/147 809/23/147 808/23/147
f 782/23/147 810/23/147 809/23/147
f 783/23/170 811/23/170 810/23/170
f 784/23/575 812/23/593 811/23/147
f 785/452/577 813/466/595 812/468/594
f 786/450/578 814/467/596 813/466/595
f 787/454/579 815/469/597 814/764/596
f 788/455/580 816/470/598 815/469/597
f 790/457/582 817/471/599 816/470/598
f 789/456/581 818/472/600 817/471/599
f 791/458/583 819/473/601 818/472/600
f 764/444/566 793/460/585 819/473/601
f 792/459/584 821/475/603 820/474/602
f 794/461/586 822/476/604 821/475/603
f 795/462/587 824/478/606 822/476/604
f 795/462/587 796/463/588 823/477/605
f 796/463/588 797/464/589 825/479/607
f 798/467/590 826/480/608 825/483/607
f 799/466/591 827/481/609 826/480/608
f 800/468/592 828/482/626 827/481/609
f 801/23/147 829/23/243 828/23/610
f 802/23/169 830/23/169 829/23/169
f 803/23/147 831/23/147 830/23/147
f 804/23/147 832/23/147 831/23/147
f 805/23/147 833/23/147 832/23/147
f 806/23/147 834/23/147 833/23/147
f 807/23/147 835/23/147 834/23/147
f 808/23/147 836/23/147 835/23/147
f 809/23/147 837/23/147 836/23/147
f 810/23/147 839/23/147 837/23/147
f 810/23/170 811/23/170 838/23/170
f 811/23/147 812/23/593 840/23/610
f 812/468/594 813/466/595 841/481/611
f 813/466/595 814/467/596 842/480/613
f 814/764/596 815/469/597 843/484/614
f 816/470/598 844/485/615 843/484/614
f 817/471/599 846/487/617 844/485/615
f 817/471/599 818/472/600 845/486/616
f 818/472/600 819/473/601 847/488/618
f 819/473/601 793/460/585 820/474/602
f 821/475/603 849/490/620 848/489/619
f 822/476/604 850/491/621 849/490/620
f 824/478/606 852/493/623 850/491/621
f 824/478/606 823/477/605 851/492/622
f 825/479/607 853/508/624 851/492/622
f 826/480/608 854/495/625 853/494/624
f 827/481/609 855/496/627 854/495/625
f 828/482/626 856/497/645 855/496/627
f 829/23/243 857/23/263 856/23/628
f 830/23/169 858/23/169 857/23/169
f 831/23/147 859/23/147 858/23/147
f 832/23/147 860/23/147 859/23/147
f 833/23/147 861/23/147 860/23/147
f 834/23/147 862/23/147 861/23/147
f 835/23/147 863/23/147 862/23/147
f 836/23/147 864/23/147 863/23/147
f 837/23/147 865/23/147 864/23/147
f 839/23/147 867/23/147 865/23/147
f 839/23/170 838/23/170 866/23/170
f 838/23/243 840/23/610 868/23/628
f 840/482/612 841/481/611 869/496/629
f 841/481/611 842/480/613 870/495/631
f 842/480/613 843/483/614 871/494/632
f 843/484/614 844/485/615 872/498/633
f 846/487/617 874/501/635 872/498/633
f 846/487/617 845/486/616 873/500/634
f 845/486/616 847/488/618 875/502/636
f 847/488/618 820/474/602 848/489/619
f 849/490/620 877/504/638 876/503/637
f 850/491/621 878/505/639 877/504/638
f 852/493/623 880/507/641 878/505/639
f 852/493/623 851/492/622 879/506/640
f 853/508/624 881/523/664 879/506/642
f 854/495/625 882/510/644 881/509/643
f 855/496/627 883/511/646 882/510/644
f 856/497/645 884/512/668 883/511/646
f 857/23/263 885/23/282 884/23/647
f 858/23/169 886/23/169 885/23/169
f 859/23/147 887/23/648 886/23/648
f 860/23/147 888/23/648 887/23/648
f 861/23/147 889/23/648 888/23/648
f 862/23/147 890/23/648 889/23/648
f 863/23/147 891/23/648 890/23/648
f 864/23/147 892/23/648 891/23/648
f 865/23/147 893/23/648 892/23/648
f 867/23/147 895/23/648 893/23/648
f 867/23/170 866/23/170 894/23/170
f 866/23/263 868/23/628 896/23/647
f 868/497/630 869/496/629 897/511/649
f 869/496/629 870/495/631 898/510/651
f 870/495/631 871/494/632 899/509/652
f 871/499/632 872/498/633 900/513/653
f 874/501/635 902/516/657 900/513/655
f 874/501/635 873/500/634 901/515/656
f 873/500/634 875/502/636 903/517/658
f 875/502/636 848/489/619 876/503/637
f 877/504/638 905/519/660 904/518/659
f 878/505/639 906/520/661 905/519/660
f 880/507/641 908/522/663 906/520/661
f 880/507/641 879/506/640 907/521/662
f 881/523/664 909/538/688 907/521/665
f 882/510/644 910/525/667 909/524/666
f 883/511/646 911/526/669 910/525/667
f 884/512/668 912/527/692 911/526/669
f 885/23/282 913/23/695 912/23/670
f 886/23/169 914/23/169 913/23/169
f 887/23/648 915/23/672 914/23/671
f 888/23/648 916/23/672 915/23/672
f 889/23/648 917/23/672 916/23/672
f 890/23/648 918/23/672 917/23/672
f 891/23/648 919/23/672 918/23/672
f 892/23/648 920/23/672 919/23/672
f 893/23/648 921/23/672 920/23/672
f 895/23/648 923/23/671 921/23/672
f 895/23/170 894/23/170 922/23/170
f 894/23/282 896/23/647 924/23/670
f 896/512/650 897/511/649 925/526/674
f 897/511/649 898/510/651 926/525/676
f 898/510/651 899/509/652 927/524/677
f 899/514/654 900/513/653 928/528/678
f 902/516/657 930/531/682 928/528/680
f 902/516/657 901/515/656 929/530/681
f 901/515/656 903/517/658 931/532/683
f 903/517/658 876/503/637 904/518/659
f 905/519/660 933/534/684 932/533/659
f 906/520/661 935/536/686 933/534/684
f 906/520/661 908/522/663 934/535/685
f 908/522/663 907/521/662 936/537/687
f 909/538/688 937/553/716 936/537/689
f 910/525/667 938/540/691 937/539/690
f 911/526/669 939/541/693 938/540/691
f 912/527/692 941/542/983 939/541/693
f 912/23/670 913/23/695 940/23/694
f 914/23/671 915/23/672 943/23/698
f 915/23/672 916/23/672 944/23/698
f 916/23/672 917/23/672 945/23/698
f 917/23/672 918/23/672 946/23/698
f 919/23/672 947/23/698 946/23/698
f 920/23/672 948/23/698 947/23/698
f 921/23/672 949/23/698 948/23/698
f 923/23/671 950/23/698 949/23/698
f 924/23/670 953/23/320 951/23/320
f 924/527/675 925/526/674 952/541/701
f 925/526/674 926/525/676 954/540/703
f 926/525/676 927/524/677 955/539/704
f 927/529/679 928/528/678 956/543/705
f 930/531/682 957/545/708 956/543/707
f 929/530/681 959/547/710 957/545/708
f 929/530/681 931/532/683 958/546/709
f 931/532/683 904/518/659 932/533/659
f 933/534/684 961/549/712 960/548/711
f 935/536/686 963/551/714 961/549/712
f 935/536/686 934/535/685 962/550/713
f 934/535/685 936/537/687 964/552/715
f 937/553/716 965/765/740 964/552/717
f 938/540/691 966/555/719 965/554/718
f 939/541/693 968/557/721 966/555/719
f 939/541/693 941/542/983 967/556/720
f 940/23/722 969/23/725 967/23/723
f 943/23/698 970/23/698 969/23/725
f 944/23/698 971/23/698 970/23/698
f 945/23/698 972/23/698 971/23/698
f 946/23/698 974/23/698 972/23/698
f 946/23/698 947/23/698 973/23/698
f 947/23/698 948/23/698 975/23/698
f 948/23/698 949/23/698 976/23/698
f 949/23/698 950/23/698 977/23/725
f 951/23/722 953/23/722 978/23/723
f 952/541/701 980/557/729 978/556/727
f 952/541/701 954/540/703 979/555/728
f 954/540/703 955/539/704 981/554/730
f 955/544/706 956/543/705 982/558/731
f 957/545/708 983/560/734 982/558/733
f 959/547/710 985/562/736 983/560/734
f 959/547/710 958/546/709 984/561/735
f 958/546/709 932/533/659 960/548/711
f 960/548/711 961/549/712 986/563/737
f 961/549/712 963/551/714 80/565/59
f 963/766/714 962/567/713 81/53/60
f 962/550/713 964/552/715 988/767/739
f 965/569/740 989/592/741 988/568/739
f 966/555/719 990/572/742 989/571/741
f 968/557/721 992/574/744 990/572/742
f 968/557/721 967/556/720 991/573/743
f 969/23/725 993/23/746 991/23/745
f 970/23/698 994/23/747 993/23/746
f 971/23/698 995/23/748 994/23/747
f 972/23/698 996/23/749 995/23/748
f 974/23/698 998/23/751 996/23/749
f 974/23/698 973/23/698 997/23/750
f 973/23/698 975/23/698 999/23/752
f 975/23/698 976/23/698 1000/23/753
f 976/23/698 977/23/725 1001/23/754
f 977/23/725 978/23/723 1002/23/755
f 980/557/729 1004/574/758 1002/573/756
f 980/557/729 979/555/728 1003/572/757
f 979/555/728 981/554/730 1005/571/759
f 981/575/732 982/768/731 1006/576/760
f 983/581/734 1007/580/761 1006/576/760
f 985/562/736 1008/582/762 1007/769/761
f 984/561/735 1009/583/763 1008/582/762
f 960/548/711 987/564/738 1009/583/763
f 987/584/738 986/587/737 1010/585/764
f 986/587/737 80/52/59 1012/588/766
f 1034/605/791 1007/580/761 1008/607/762
f 1033/604/790 1006/576/760 1007/580/761
f 988/568/739 989/592/741 1014/590/768
f 990/591/984 1145/770/985 1014/590/986
f 1016/595/770 1145/770/987 990/591/742
f 990/591/742 992/593/744 1016/595/770
f 1018/690/917 1017/597/771 991/596/743
f 1017/597/771 1015/594/769 992/593/744
f 993/23/746 1019/23/773 1018/23/772
f 994/23/747 1020/23/774 1019/23/773
f 995/23/748 1021/23/775 1020/23/774
f 996/23/749 1022/23/776 1021/23/775
f 998/23/751 1024/23/778 1022/23/776
f 998/23/751 997/23/750 1023/23/777
f 997/23/750 999/23/752 1025/23/779
f 999/23/752 1000/23/753 1026/23/780
f 1000/23/753 1001/23/754 1027/23/781
f 1001/23/754 1002/23/755 1028/23/782
f 1030/600/784 1028/680/907 1002/771/756
f 1002/771/756 1004/598/758 1030/600/784
f 1032/603/786 1029/599/783 1004/598/758
f 1004/598/758 1003/601/757 1032/603/786
f 1003/601/757 1005/577/759 1033/604/790
f 1131/23/988 1146/23/989 1132/23/948
f 1008/607/762 1036/609/793 1035/606/792
f 1009/608/763 1037/610/794 1036/609/793
f 987/584/738 1011/586/765 1037/610/794
f 47/33/35 49/624/808 1038/611/795
f 50/31/33 1038/611/795 1039/612/796
f 52/34/36 1039/612/796 1040/613/797
f 54/36/38 1040/613/797 1041/614/798
f 56/38/40 1041/614/798 1042/615/799
f 58/40/42 1042/615/799 1043/616/800
f 1043/616/800 1044/617/801 4/4/4
f 1044/617/801 1045/618/802 6/6/6
f 1045/618/802 1046/619/803 8/8/8
f 1046/619/803 1047/620/804 10/10/10
f 1047/620/804 1048/621/805 12/12/12
f 1048/621/805 1060/635/819 15/622/806
f 1049/623/807 1062/637/990 1038/611/795
f 1038/611/795 1062/637/990 1050/625/809
f 1039/612/796 1050/625/809 1051/626/810
f 1040/613/797 1051/626/810 1052/627/811
f 1041/614/798 1052/627/811 1053/628/812
f 1042/615/799 1053/628/812 1054/629/813
f 1054/629/813 1055/630/814 1044/617/801
f 1055/630/814 1056/631/815 1045/618/802
f 1056/631/815 1057/632/816 1046/619/803
f 1057/632/816 1058/633/817 1047/620/804
f 1058/633/817 1071/646/991 1048/621/805
f 1048/621/805 1071/646/991 1059/634/818
f 1049/623/820 46/772/843 1061/636/821
f 1132/23/948 1125/23/938 91/23/847
f 1050/625/824 1061/636/821 1063/638/825
f 1051/626/826 1063/638/825 1064/639/827
f 1052/627/828 1064/639/827 1065/640/829
f 1053/628/830 1065/640/829 1066/641/831
f 1066/641/831 1067/642/833 1055/630/832
f 1067/642/833 1068/643/835 1056/631/834
f 1068/643/835 1069/644/837 1057/632/836
f 1069/644/837 1070/645/839 1058/633/838
f 1125/23/938 44/23/929 121/23/98
f 1070/645/839 18/773/858 1059/634/841
f 46/23/843 45/23/992 40/23/844
f 1061/23/821 40/23/844 38/23/848
f 1063/23/825 38/23/848 36/23/849
f 1064/23/827 36/23/849 34/23/850
f 1065/23/829 34/23/850 30/23/851
f 30/23/851 28/23/853 1067/23/833
f 28/23/853 26/23/854 1068/23/835
f 26/23/854 24/23/855 1069/23/837
f 24/23/855 25/23/857 1070/23/839
f 25/774/993 16/775/994 18/773/995
f 1033/604/790 1072/647/862 1032/603/996
f 1034/605/791 1074/649/864 1072/647/862
f 1034/605/791 1035/606/792 1073/648/863
f 1035/606/792 1036/609/793 1075/650/865
f 1036/609/793 1037/610/794 1076/651/866
f 1037/610/794 1011/586/765 1077/652/867
f 1010/585/764 1078/653/868 1077/652/867
f 1012/588/766 1079/654/869 1078/653/868
f 1013/589/767 1080/655/870 1079/654/869
f 82/54/61 1082/657/872 1080/655/870
f 82/54/61 1014/590/768 1081/656/871
f 1014/590/997 1145/770/998 1016/595/999
f 1032/603/786 1072/647/875 1083/658/874
f 1072/647/875 1074/649/877 1084/659/876
f 1074/649/877 1073/648/879 1085/660/878
f 1073/648/879 1075/650/881 1086/661/880
f 1075/650/881 1076/651/883 1087/662/882
f 1076/651/883 1077/652/886 1088/663/884
f 1078/653/885 1089/664/888 1088/663/884
f 1079/654/887 1090/665/890 1089/664/888
f 1080/655/889 1091/666/892 1090/665/890
f 1082/657/891 1092/667/894 1091/666/892
f 1081/656/893 1093/668/895 1092/667/894
f 1016/595/770 1015/594/769 1093/668/895
f 1029/599/783 1083/658/874 1094/669/896
f 1083/658/874 1084/659/876 1095/670/897
f 1084/659/876 1085/660/878 1096/671/898
f 1085/660/878 1086/661/880 1097/672/899
f 1086/661/880 1087/662/882 1098/673/900
f 1087/662/882 1088/663/884 1099/674/901
f 1089/664/888 1100/675/902 1099/674/901
f 1090/665/890 1101/676/903 1100/675/902
f 1091/666/892 1102/677/904 1101/676/903
f 1092/667/894 1103/678/905 1102/677/904
f 1093/668/895 1104/679/906 1103/678/905
f 1015/594/769 1017/597/771 1104/679/906
f 1094/669/896 1027/681/908 1028/680/907
f 1095/670/897 1096/671/898 1026/682/909
f 1096/671/898 1097/672/899 1025/683/910
f 1097/672/899 1098/673/900 1023/684/911
f 1098/673/900 1099/674/901 1024/685/912
f 1100/675/902 1022/686/913 1024/685/912
f 1101/676/903 1021/687/914 1022/686/913
f 1102/677/904 1020/688/915 1021/687/914
f 1103/678/905 1019/689/916 1020/688/915
f 1104/679/906 1017/597/771 1018/690/917
f 1105/691/169 1114/702/169 1106/692/169
f 622/23/919 1111/23/919 1109/23/919
f 1109/23/919 1108/23/919 622/23/919
f 1112/699/921 593/776/921 1109/697/920
f 593/776/921 1107/693/920 1109/697/920
f 1107/693/920 1106/692/920 1110/701/920
f 1110/701/920 1109/697/920 1107/693/920
f 1113/700/922 623/760/922 1108/777/922
f 1108/777/922 1110/701/922 1113/700/922
f 1110/701/922 1106/692/922 1114/702/922
f 604/23/924 603/23/924 1117/23/924
f 1117/23/924 1119/23/924 1144/23/924
f 1119/23/924 1143/23/924 1144/23/924
f 1144/23/924 1120/23/924 1117/23/924
f 573/339/432 1143/778/925 1119/705/925
f 1119/705/925 1118/706/925 574/340/433
f 1118/706/925 1116/704/925 575/341/434
f 574/340/433 1118/706/925 575/341/434
f 603/758/927 1142/779/927 1117/707/927
f 1142/779/927 1115/703/927 1117/707/927
f 1115/703/927 1116/704/927 1118/706/926
f 1121/23/928 42/23/1000 44/23/929
f 1139/23/1001 121/23/98 119/23/1002
f 43/23/1003 119/23/1002 44/23/929
f 1139/732/963 112/78/88 84/77/64
f 155/114/127 19/20/20 120/90/96
f 20/21/21 19/20/20 152/111/124
f 150/108/122 1124/712/935 1123/711/934
f 1121/714/937 1122/715/940 120/90/96
f 1131/718/946 131/100/1004 129/98/107
f 1122/23/930 44/23/929 1125/23/938
f 69/780/1005 117/781/1006 89/63/1007
f 121/23/98 44/23/929 119/23/1002
f 114/23/1008 121/23/98 1139/23/1001
f 113/23/856 121/23/98 114/23/1008
f 117/23/1009 69/23/97 118/23/1010
f 115/23/856 121/23/98 113/23/856
f 118/23/1010 69/23/97 116/23/99
f 19/20/20 155/114/127 152/111/124
f 120/90/96 1127/716/941 156/115/128
f 1127/716/941 124/93/102 157/116/129
f 156/115/128 1127/716/941 157/116/129
f 1122/715/940 1126/782/1011 1127/716/941
f 1131/783/1012 1147/708/1013 1146/710/1014
f 1125/23/938 1132/23/948 1128/23/942
f 1129/23/943 96/23/950 1131/23/988
f 1129/23/943 91/23/847 92/23/846
f 95/23/944 1129/23/943 92/23/846
f 1125/23/938 69/23/97 91/23/847
f 91/23/847 1129/23/943 1132/23/948
f 93/23/845 91/23/847 90/23/1015
f 129/98/107 128/97/106 125/94/103
f 125/94/103 127/96/105 1130/717/945
f 127/96/105 122/91/100 1127/716/941
f 1130/717/945 127/96/105 1127/716/941
f 122/91/100 124/93/102 1127/716/941
f 1127/716/941 1126/782/1011 1128/719/947
f 1131/718/946 129/98/107 125/94/103
f 1146/784/1016 1147/785/1017 1132/786/1018
f 1131/23/988 1138/23/1019 131/23/1020
f 1132/23/948 1129/23/943 1131/23/988
f 1138/23/1019 1131/23/988 96/23/950
f 1131/718/946 1130/717/945 1147/787/1021
f 81/53/60 988/568/739 1014/590/768
f 1130/717/945 1128/719/947 1133/788/1022
f 119/89/95 42/713/936 120/90/96
f 119/23/1002 1140/23/1023 1139/23/1001
f 1133/788/1022 1147/787/1021 1130/717/945
f 1147/23/1024 1133/23/949 1132/23/948
f 91/789/1025 69/730/1026 61/727/1027
f 131/100/109 1136/722/953 129/98/107
f 20/21/21 1124/712/935 21/22/22
f 119/23/1002 21/23/1028 1140/23/1023
f 1137/723/954 1136/722/953 131/100/109
