# PSX Racing car model — generated by tools/carmodels/export_models.mjs
mtllib ford_transit.mtl
v -0.853174 0.744976 0.960893
v -0.853174 0.606754 0.961256
v -0.853174 0.745995 1.070379
v -0.617497 1.984394 2.139100
v -0.579098 2.027364 2.067023
v -0.642576 1.984589 2.115739
v -0.689922 0.619802 2.281745
v -0.689922 0.619802 2.256325
v -0.690076 0.673229 2.253381
v -0.856586 1.260373 -1.390851
v -0.822221 1.259301 -1.396562
v -0.814819 1.360594 -1.397792
v -0.935002 1.263101 -1.377819
v -0.868212 1.260777 -1.388919
v -0.935554 1.287402 -1.377727
v 0.853174 0.744976 0.960893
v 0.853174 0.745995 1.070380
v 0.853174 0.606754 0.961256
v 0.617496 1.984394 2.139100
v 0.642575 1.984589 2.115739
v 0.579098 2.027364 2.067023
v 0.689921 0.619802 2.281745
v 0.690076 0.673229 2.253381
v 0.689921 0.619802 2.256325
v 0.856586 1.260373 -1.390851
v 0.814819 1.360594 -1.397792
v 0.822221 1.259301 -1.396562
v 0.935002 1.263101 -1.377818
v 0.935554 1.287402 -1.377727
v 0.868212 1.260777 -1.388919
v -0.743137 0.607181 -2.244273
v -0.836357 0.606817 -2.141964
v -0.836357 0.635185 -2.124757
v -0.743137 0.635962 -2.210693
v -0.736563 0.457030 -2.226184
v -0.829783 0.453791 -2.139369
v -0.837844 0.341134 -1.951333
v -0.846600 0.451494 -1.941296
v -0.846600 0.452069 -1.989947
v -0.837844 0.343016 -1.995812
v -0.697238 1.952732 -0.288527
v -0.697471 1.951591 -0.370709
v -0.724522 1.901093 -0.370709
v -0.725132 1.901479 -0.288141
v -0.836357 0.729332 -2.118432
v -0.836357 0.794335 -2.107327
v -0.743137 0.796608 -2.205893
v -0.743137 0.734597 -2.217108
v -0.591012 2.015673 -0.289001
v -0.591255 2.014484 -0.377817
v -0.836357 0.917887 -2.079038
v -0.853174 0.901424 -2.006534
v -0.853174 0.950199 -1.975852
v -0.836357 0.989477 -2.031450
v -0.743137 1.040733 -2.085524
v -0.743137 0.925484 -2.174966
v -0.853174 0.727612 -2.039614
v -0.853174 0.792545 -2.029731
v -0.853174 0.606486 -2.047562
v -0.853174 0.634472 -2.045718
v -0.846600 0.452732 -2.047517
v -0.853174 0.606164 -1.955554
v -0.836357 1.102669 -1.906754
v -0.743137 1.144521 -1.963133
v -0.692522 1.975751 1.369735
v -0.693751 1.969753 0.937617
v -0.724449 1.907206 0.939486
v -0.724211 1.909221 1.371353
v -0.790519 1.578945 -1.314497
v -0.733116 1.859145 -1.026560
v -0.710136 1.889228 -1.091023
v -0.766659 1.613325 -1.369505
v -0.834209 1.303687 -1.583942
v -0.829714 1.352897 -1.535771
v -0.809999 1.384625 -1.598277
v -0.816988 1.308104 -1.674821
v -0.853174 1.068624 -1.843263
v -0.845331 1.181914 -1.718282
v -0.825066 1.219668 -1.779227
v -0.729197 1.248663 -1.832992
v -0.853174 0.633533 -1.941751
v -0.728800 1.880212 -0.954501
v -0.700827 1.917840 -0.974195
v -0.725741 1.895145 -0.800448
v -0.693361 1.937227 -0.795497
v -0.853174 0.632932 -1.875301
v -0.853174 0.705422 -1.795430
v -0.853174 0.712358 -1.871758
v -0.853174 0.740824 -1.719347
v -0.853174 0.786781 -1.777352
v -0.853174 0.829201 -1.658481
v -0.722394 1.323141 -1.739919
v -0.724670 1.900370 -0.499028
v -0.698837 1.944928 -0.479720
v -0.844968 1.185886 -1.511115
v -0.853174 1.087878 -1.509436
v -0.853174 1.091906 -0.364709
v -0.842962 1.207850 -0.365569
v -0.853174 0.761634 -1.626965
v -0.853174 0.767066 -1.532605
v -0.853174 0.829268 -1.514070
v -0.853174 0.605990 -1.905891
v -0.841135 0.361313 -1.053171
v -0.841120 0.360849 -1.128982
v -0.839527 0.313565 -1.116115
v -0.839516 0.313243 -1.054477
v -0.853174 0.571122 -1.129951
v -0.853174 0.563059 -1.219755
v -0.853174 0.724470 -1.242449
v -0.853174 0.660837 -1.291542
v -0.853174 0.814297 -1.379329
v -0.853174 0.737574 -1.393033
v -0.840230 0.334444 0.991001
v -0.841961 0.385825 0.997167
v -0.841943 0.385276 0.944231
v -0.840204 0.333668 0.940264
v -0.839491 0.312499 -0.444222
v -0.841459 0.370905 -0.443527
v -0.602291 1.960615 -0.973607
v -0.607795 1.933748 -1.073543
v -0.596687 1.987972 -0.796034
v -0.592356 2.009112 -0.476303
v -0.853174 0.578287 1.026854
v -0.853174 0.704120 1.126282
v -0.841517 0.372633 -0.269747
v -0.839578 0.315068 -0.269314
v -0.853174 0.767139 1.254590
v -0.853174 0.819741 1.227773
v -0.853174 0.776579 1.381238
v -0.853174 0.839427 1.378101
v -0.853174 0.667780 1.769267
v -0.850215 0.592045 1.814366
v -0.849888 0.602405 1.980147
v -0.851408 0.670251 1.978312
v -0.853174 0.819079 1.523325
v -0.853174 0.765451 1.495015
v -0.853174 0.721850 1.610962
v -0.853174 0.768690 1.648634
v -0.853174 0.663998 1.686754
v -0.851728 0.535292 1.761886
v -0.850282 0.484063 1.772195
v -0.844497 0.485310 1.834080
v -0.847356 0.538677 1.824223
v -0.846996 0.494718 1.983059
v -0.848442 0.548562 1.981603
v -0.837748 0.373293 1.785604
v -0.837748 0.380182 1.835158
v -0.812196 0.512535 2.265213
v -0.832951 0.401094 1.985592
v -0.798093 0.437241 2.245616
v -0.853174 0.586522 1.739302
v -0.853174 0.583213 -0.420318
v -0.853174 0.585634 -0.278228
v -0.853174 0.733433 -0.279342
v -0.853174 0.732273 -0.404023
v -0.853174 0.816593 -0.279968
v -0.853174 0.816353 -0.394832
v -0.853174 1.092951 -0.282050
v -0.798093 0.673229 2.230145
v -0.796571 0.777641 2.221265
v -0.851408 0.773799 1.975511
v -0.853174 1.114227 1.385863
v -0.853174 1.108794 0.959938
v -0.853174 0.819184 0.960698
v -0.798093 0.829535 2.220370
v -0.851408 0.825841 1.974103
v -0.798093 1.124516 2.215279
v -0.851408 1.121425 1.966108
v -0.842818 1.209434 -0.282928
v -0.840622 1.233477 0.959611
v -0.672189 1.637767 -1.391216
v -0.715476 1.398890 -1.626380
v -0.839865 1.241759 1.387582
v -0.837111 1.252577 1.962561
v -0.586464 2.037872 1.368225
v -0.587651 2.032079 0.935755
v -0.821028 0.347819 -2.109306
v -0.727807 0.354870 -2.184381
v -0.837844 0.345162 -2.046521
v -0.783928 1.614373 0.948233
v -0.787603 1.595051 -0.285832
v -0.677952 1.981711 1.942840
v -0.577823 2.042270 1.941202
v -0.775126 1.630095 1.952350
v -0.782651 1.621108 1.378358
v -0.783365 1.257289 2.212988
v -0.812196 0.578320 2.261101
v -0.812196 0.619802 2.258508
v -0.728039 1.634528 2.162272
v -0.371569 1.257289 2.248772
v -0.361330 1.633350 2.198783
v -0.675726 1.634327 2.185632
v -0.694411 1.257289 2.236224
v -0.371568 2.015122 -0.476303
v -0.371568 1.993982 -0.796034
v -0.426587 0.767139 1.254590
v -0.426587 0.776579 1.381239
v -0.371568 2.021683 -0.289001
v -0.371568 2.020494 -0.377817
v -0.426587 0.333668 0.940264
v -0.426587 0.334444 0.991001
v -0.426587 0.345162 -2.046521
v -0.426587 0.343016 -1.995812
v -0.371568 0.607181 -2.292931
v -0.371568 0.457030 -2.274842
v -0.371568 0.796608 -2.254551
v -0.371568 0.734597 -2.265766
v -0.426587 0.535292 1.761886
v -0.426587 0.484063 1.772195
v -0.426587 0.605990 -1.905891
v -0.426587 0.632932 -1.875301
v -0.426587 0.373293 1.785604
v -0.411237 0.401094 1.985592
v -0.393467 0.417287 2.102073
v -0.681243 0.417489 2.103528
v -0.351261 2.032240 2.080292
v -0.351261 2.048280 1.941202
v -0.371569 0.437241 2.281400
v -0.378620 0.512535 2.300997
v -0.693154 0.512535 2.288449
v -0.685747 0.437241 2.268852
v -0.371569 2.043882 1.368224
v -0.426587 0.315068 -0.269314
v -0.378620 0.619802 2.268872
v -0.371569 0.673229 2.265929
v -0.371568 1.323141 -1.788577
v -0.371568 1.248663 -1.881650
v -0.426587 0.341134 -1.951333
v -0.426587 0.451494 -1.941296
v -0.426587 0.313565 -1.116115
v -0.426587 0.313243 -1.054477
v -0.426587 0.705422 -1.795429
v -0.411236 0.347819 -2.109306
v -0.426587 0.360849 -1.128982
v -0.371569 0.829535 2.256154
v -0.371569 1.124516 2.251063
v -0.702724 1.124516 2.238516
v -0.694457 0.829535 2.243606
v -0.371569 0.777641 2.257050
v -0.691481 0.777641 2.244502
v -0.426587 0.380182 1.835158
v -0.426587 0.740824 -1.719347
v -0.426587 0.761634 -1.626965
v -0.426587 0.578287 1.026854
v -0.426587 0.704120 1.126282
v -0.426587 0.563059 -1.219755
v -0.371568 0.354870 -2.233039
v -0.426587 0.385825 0.997167
v -0.426587 0.660837 -1.291541
v -0.371569 2.038089 0.935756
v -0.426587 0.663998 1.686754
v -0.426587 0.586522 1.739302
v -0.371568 0.635962 -2.259351
v -0.426587 0.737574 -1.393033
v -0.371568 1.637766 -1.439874
v -0.371568 1.398890 -1.675038
v -0.378620 0.579066 2.296839
v -0.686490 0.581371 2.284314
v -0.371568 0.925484 -2.223624
v -0.371568 1.144521 -2.011791
v -0.371568 1.040733 -2.134181
v -0.426587 0.767066 -1.532605
v -0.426587 0.721850 1.610962
v -0.426587 0.312499 -0.444222
v -0.371568 1.966625 -0.973607
v -0.426587 0.765451 1.495015
v -0.371568 1.933748 -1.108382
v -0.715225 1.911896 1.944728
v -0.787484 1.593758 -0.368430
v -0.670070 1.913876 2.125139
v -0.353712 1.913123 2.161594
v 0.000000 1.913504 2.168546
v 0.000000 1.983455 2.159248
v -0.351261 1.983455 2.152245
v -0.630035 1.913728 2.148507
v 0.000000 1.971028 -0.973607
v 0.000000 1.933748 -1.123451
v 0.000000 1.040733 -2.149251
v 0.000000 0.925484 -2.238694
v 0.000000 0.635962 -2.274420
v 0.000000 0.607181 -2.308000
v 0.000000 1.637766 -1.454944
v 0.000000 2.042492 0.935756
v 0.000000 2.026086 -0.289001
v 0.000000 1.998385 -0.796034
v 0.000000 0.312499 -0.444222
v 0.000000 0.315068 -0.269314
v 0.000000 0.313243 -1.054477
v 0.000000 1.248663 -1.896719
v 0.000000 1.144521 -2.026861
v 0.000000 1.398890 -1.690107
v 0.000000 1.323141 -1.803647
v 0.000000 0.796608 -2.269621
v 0.000000 0.512535 2.308000
v 0.000000 0.579514 2.303814
v 0.000000 0.734597 -2.280835
v 0.000000 0.354870 -2.248109
v 0.000000 0.347819 -2.109306
v 0.000000 2.048285 1.368224
v 0.000000 0.380182 1.835158
v 0.000000 0.401094 1.985592
v 0.000000 0.777641 2.264053
v 0.000000 0.829535 2.263158
v 0.000000 0.457030 -2.289912
v 0.000000 1.124516 2.258067
v 0.000000 1.257289 2.255775
v 0.000000 0.343016 -1.995812
v 0.000000 0.341134 -1.951333
v 0.000000 0.373293 1.785604
v 0.000000 0.673229 2.272932
v 0.000000 0.345162 -2.046521
v 0.000000 0.313565 -1.116115
v 0.000000 0.619802 2.275876
v 0.000000 0.333668 0.940264
v 0.000000 2.052683 1.941202
v 0.000000 0.437241 2.288404
v 0.000000 2.036643 2.087296
v 0.000000 0.417010 2.100084
v 0.000000 2.024897 -0.377817
v 0.000000 2.019525 -0.476303
v 0.000000 0.334444 0.991001
v 0.000000 1.633300 2.205793
v -0.686490 0.581371 2.258894
v -0.378620 0.579066 2.271419
v 0.000000 0.579514 2.278394
v -0.991499 1.490967 -1.429757
v -0.986028 1.522264 -1.430666
v -0.957204 1.528074 -1.435457
v -0.960995 1.492810 -1.445048
v -0.827676 1.259301 -1.429386
v -0.862041 1.260373 -1.423674
v -0.865785 1.283693 -1.450650
v -0.830414 1.282911 -1.456528
v -0.994148 1.434304 -1.429317
v -0.987570 1.312611 -1.430410
v -1.013457 1.314824 -1.398510
v -1.024031 1.433267 -1.396753
v -0.866699 1.307681 -1.460719
v -0.879127 1.307983 -1.458654
v -0.874169 1.338717 -1.449257
v -0.867832 1.338491 -1.450310
v -0.929564 1.526122 -1.440050
v -0.920646 1.494280 -1.441532
v -0.830323 1.306775 -1.466765
v -0.826460 1.337018 -1.457185
v -0.865845 1.365878 -1.423042
v -0.906063 1.339852 -1.443956
v -0.915620 1.436561 -1.442368
v -0.865742 1.437822 -1.423060
v -1.018432 1.489168 -1.397683
v -0.949155 1.309688 -1.447016
v -0.964484 1.435250 -1.444468
v -0.997607 1.540439 -1.401144
v -0.875370 1.260837 -1.421459
v -0.879093 1.284412 -1.448438
v -0.860286 1.437822 -1.390236
v -0.860389 1.365878 -1.390219
v -0.940457 1.263101 -1.410642
v -0.981060 1.274677 -1.403894
v -0.967629 1.295239 -1.433724
v -0.946303 1.288043 -1.437268
v -0.879541 1.495672 -1.420766
v -0.903998 1.548891 -1.416702
v -0.820275 1.360594 -1.430616
v -0.951389 1.550370 -1.408826
v -0.992152 1.540439 -1.368321
v -0.945934 1.550370 -1.376002
v -0.975605 1.274677 -1.371071
v -1.008002 1.314824 -1.365686
v -0.898542 1.548891 -1.383878
v -0.874085 1.495672 -1.387943
v -1.012977 1.489168 -1.364860
v -1.018576 1.433267 -1.363929
v -0.996161 1.477201 -1.367654
v -0.979975 1.520246 -1.370344
v -0.877560 1.373691 -1.387365
v -0.877481 1.434093 -1.387378
v -0.879305 1.434093 -1.398358
v -0.879385 1.373691 -1.398344
v -0.944051 1.528583 -1.376315
v -0.907215 1.527342 -1.382437
v -0.882055 1.322967 -1.386618
v -0.992294 1.330827 -1.368297
v -1.000513 1.430268 -1.366931
v -0.967113 1.297121 -1.372482
v -0.888206 1.482661 -1.385596
v -0.890031 1.482661 -1.396575
v -0.901898 1.294598 -1.383320
v -0.903723 1.294598 -1.394300
v -0.937379 1.287402 -1.388706
v -0.968938 1.297121 -1.383461
v -0.883879 1.322967 -1.397598
v -0.994119 1.330827 -1.379276
v -1.002337 1.430268 -1.377910
v -0.997986 1.477201 -1.378634
v -0.945876 1.528583 -1.387294
v -0.909040 1.527342 -1.393416
v -0.981799 1.520246 -1.381323
v 0.743137 0.607181 -2.244273
v 0.743137 0.635962 -2.210693
v 0.836357 0.635185 -2.124757
v 0.836357 0.606817 -2.141964
v 0.736563 0.457030 -2.226184
v 0.829784 0.453791 -2.139369
v 0.837845 0.341134 -1.951333
v 0.837845 0.343016 -1.995812
v 0.846601 0.452069 -1.989947
v 0.846601 0.451494 -1.941296
v 0.697237 1.952732 -0.288527
v 0.725131 1.901479 -0.288141
v 0.724522 1.901093 -0.370709
v 0.697471 1.951591 -0.370709
v 0.836357 0.729332 -2.118432
v 0.743137 0.734597 -2.217108
v 0.743137 0.796608 -2.205893
v 0.836357 0.794335 -2.107327
v 0.591012 2.015673 -0.289001
v 0.591255 2.014484 -0.377817
v 0.836357 0.917887 -2.079038
v 0.836357 0.989477 -2.031450
v 0.853174 0.950199 -1.975851
v 0.853174 0.901424 -2.006534
v 0.743137 0.925484 -2.174966
v 0.743137 1.040733 -2.085524
v 0.853174 0.792545 -2.029731
v 0.853174 0.727612 -2.039614
v 0.853174 0.634472 -2.045718
v 0.853174 0.606486 -2.047562
v 0.853174 0.606164 -1.955554
v 0.846601 0.452732 -2.047517
v 0.743137 1.144521 -1.963133
v 0.836357 1.102669 -1.906753
v 0.692522 1.975751 1.369735
v 0.724211 1.909221 1.371353
v 0.724449 1.907206 0.939486
v 0.693751 1.969753 0.937618
v 0.790519 1.578945 -1.314496
v 0.766659 1.613325 -1.369505
v 0.710136 1.889228 -1.091023
v 0.733116 1.859145 -1.026560
v 0.834209 1.303687 -1.583942
v 0.816988 1.308104 -1.674821
v 0.809999 1.384625 -1.598276
v 0.829714 1.352897 -1.535771
v 0.825066 1.219668 -1.779227
v 0.845331 1.181914 -1.718282
v 0.853174 1.068624 -1.843263
v 0.729197 1.248663 -1.832992
v 0.853174 0.633533 -1.941751
v 0.700827 1.917840 -0.974195
v 0.728800 1.880212 -0.954501
v 0.693361 1.937227 -0.795497
v 0.725741 1.895145 -0.800448
v 0.853174 0.632932 -1.875301
v 0.853174 0.712358 -1.871757
v 0.853174 0.705422 -1.795429
v 0.853174 0.786781 -1.777351
v 0.853174 0.740824 -1.719347
v 0.853174 0.829201 -1.658481
v 0.722394 1.323141 -1.739919
v 0.698837 1.944928 -0.479720
v 0.724670 1.900370 -0.499028
v 0.844968 1.185886 -1.511115
v 0.842962 1.207850 -0.365568
v 0.853174 1.091906 -0.364709
v 0.853174 1.087878 -1.509435
v 0.853174 0.761634 -1.626965
v 0.853174 0.829268 -1.514069
v 0.853174 0.767066 -1.532605
v 0.853174 0.605990 -1.905891
v 0.841135 0.361313 -1.053171
v 0.839516 0.313243 -1.054477
v 0.839527 0.313565 -1.116115
v 0.841120 0.360849 -1.128981
v 0.853174 0.571122 -1.129951
v 0.853174 0.563059 -1.219755
v 0.853174 0.724470 -1.242449
v 0.853174 0.660837 -1.291541
v 0.853174 0.814297 -1.379328
v 0.853174 0.737574 -1.393033
v 0.840230 0.334444 0.991001
v 0.840204 0.333668 0.940264
v 0.841943 0.385276 0.944231
v 0.841961 0.385825 0.997168
v 0.841458 0.370905 -0.443527
v 0.839491 0.312499 -0.444222
v 0.607795 1.933748 -1.073543
v 0.602291 1.960615 -0.973607
v 0.596686 1.987972 -0.796034
v 0.592356 2.009112 -0.476303
v 0.853174 0.578287 1.026854
v 0.853174 0.704120 1.126282
v 0.839577 0.315068 -0.269314
v 0.841517 0.372633 -0.269747
v 0.853174 0.819741 1.227774
v 0.853174 0.767139 1.254590
v 0.853174 0.839427 1.378102
v 0.853174 0.776579 1.381239
v 0.853174 0.667780 1.769267
v 0.851407 0.670251 1.978312
v 0.849887 0.602405 1.980147
v 0.850214 0.592045 1.814366
v 0.853174 0.819079 1.523326
v 0.853174 0.768690 1.648634
v 0.853174 0.721850 1.610962
v 0.853174 0.765451 1.495016
v 0.853174 0.663998 1.686754
v 0.851728 0.535292 1.761886
v 0.847355 0.538677 1.824223
v 0.844496 0.485310 1.834080
v 0.850281 0.484063 1.772196
v 0.848441 0.548562 1.981603
v 0.846995 0.494718 1.983060
v 0.837747 0.380182 1.835158
v 0.837747 0.373293 1.785604
v 0.812196 0.512535 2.265213
v 0.798092 0.437241 2.245616
v 0.832950 0.401094 1.985592
v 0.853174 0.586522 1.739302
v 0.853174 0.583213 -0.420318
v 0.853174 0.585634 -0.278228
v 0.853174 0.732273 -0.404023
v 0.853174 0.733433 -0.279341
v 0.853174 0.816353 -0.394832
v 0.853174 0.816593 -0.279968
v 0.853174 1.092951 -0.282050
v 0.798092 0.673229 2.230145
v 0.851407 0.773799 1.975512
v 0.796571 0.777641 2.221266
v 0.853174 0.819184 0.960698
v 0.853174 1.108794 0.959939
v 0.853174 1.114227 1.385863
v 0.798092 0.829535 2.220370
v 0.851407 0.825841 1.974104
v 0.798092 1.124516 2.215279
v 0.851407 1.121425 1.966109
v 0.842817 1.209434 -0.282928
v 0.840621 1.233477 0.959611
v 0.715476 1.398890 -1.626380
v 0.672189 1.637767 -1.391216
v 0.839865 1.241759 1.387582
v 0.837110 1.252577 1.962561
v 0.586464 2.037872 1.368225
v 0.587650 2.032079 0.935756
v 0.821028 0.347819 -2.109306
v 0.727807 0.354870 -2.184381
v 0.837845 0.345162 -2.046521
v 0.787603 1.595051 -0.285832
v 0.783927 1.614373 0.948233
v 0.577823 2.042270 1.941202
v 0.677952 1.981711 1.942840
v 0.782650 1.621108 1.378358
v 0.775126 1.630095 1.952351
v 0.783365 1.257289 2.212988
v 0.812196 0.619802 2.258509
v 0.812196 0.578320 2.261101
v 0.728038 1.634528 2.162272
v 0.371568 1.257289 2.248772
v 0.694411 1.257289 2.236224
v 0.675726 1.634327 2.185632
v 0.361329 1.633350 2.198783
v 0.371568 2.015122 -0.476303
v 0.371568 1.993982 -0.796034
v 0.426587 0.767139 1.254590
v 0.426587 0.776579 1.381239
v 0.371568 2.021683 -0.289001
v 0.371568 2.020494 -0.377817
v 0.426587 0.333668 0.940264
v 0.426587 0.334444 0.991001
v 0.426587 0.345162 -2.046521
v 0.426587 0.343016 -1.995812
v 0.371568 0.607181 -2.292931
v 0.371568 0.457030 -2.274842
v 0.371568 0.796608 -2.254551
v 0.371568 0.734597 -2.265766
v 0.426587 0.535292 1.761886
v 0.426587 0.484063 1.772195
v 0.426587 0.605990 -1.905891
v 0.426587 0.632932 -1.875301
v 0.426587 0.373293 1.785604
v 0.411236 0.401094 1.985592
v 0.681243 0.417489 2.103528
v 0.393466 0.417287 2.102073
v 0.351260 2.032240 2.080292
v 0.351260 2.048280 1.941202
v 0.371568 0.437241 2.281400
v 0.685746 0.437241 2.268852
v 0.693154 0.512535 2.288449
v 0.378620 0.512535 2.300997
v 0.371568 2.043882 1.368224
v 0.426587 0.315068 -0.269314
v 0.378620 0.619802 2.268872
v 0.371568 0.673229 2.265929
v 0.371568 1.323141 -1.788577
v 0.371568 1.248663 -1.881650
v 0.426587 0.341134 -1.951333
v 0.426587 0.451494 -1.941296
v 0.426587 0.313565 -1.116115
v 0.426587 0.313243 -1.054477
v 0.426587 0.705422 -1.795429
v 0.411237 0.347819 -2.109306
v 0.426587 0.360849 -1.128982
v 0.371568 0.829535 2.256154
v 0.694456 0.829535 2.243606
v 0.702723 1.124516 2.238516
v 0.371568 1.124516 2.251063
v 0.691480 0.777641 2.244502
v 0.371568 0.777641 2.257050
v 0.426587 0.380182 1.835158
v 0.426587 0.740824 -1.719347
v 0.426587 0.761634 -1.626965
v 0.426587 0.578287 1.026854
v 0.426587 0.704120 1.126282
v 0.426587 0.563059 -1.219755
v 0.371568 0.354870 -2.233039
v 0.426587 0.385825 0.997168
v 0.426587 0.660837 -1.291541
v 0.371568 2.038089 0.935756
v 0.426587 0.663998 1.686754
v 0.426587 0.586522 1.739302
v 0.371568 0.635962 -2.259351
v 0.426587 0.737574 -1.393033
v 0.371568 1.637766 -1.439874
v 0.371568 1.398890 -1.675038
v 0.686489 0.581371 2.284314
v 0.378620 0.579066 2.296839
v 0.371568 0.925484 -2.223624
v 0.371568 1.144521 -2.011791
v 0.371568 1.040733 -2.134181
v 0.426587 0.767066 -1.532605
v 0.426587 0.721850 1.610962
v 0.426587 0.312499 -0.444222
v 0.371568 1.966625 -0.973607
v 0.426587 0.765451 1.495015
v 0.371568 1.933748 -1.108382
v 0.715225 1.911896 1.944728
v 0.787484 1.593758 -0.368430
v 0.670070 1.913876 2.125139
v 0.353712 1.913123 2.161594
v 0.351260 1.983455 2.152245
v 0.630034 1.913728 2.148507
v 0.686489 0.581371 2.258894
v 0.378620 0.579066 2.271419
v 0.991499 1.490967 -1.429757
v 0.960995 1.492810 -1.445048
v 0.957204 1.528074 -1.435456
v 0.986028 1.522264 -1.430666
v 0.827676 1.259301 -1.429386
v 0.830414 1.282911 -1.456528
v 0.865785 1.283693 -1.450649
v 0.862041 1.260373 -1.423674
v 0.994148 1.434304 -1.429316
v 1.024031 1.433267 -1.396752
v 1.013457 1.314824 -1.398510
v 0.987570 1.312611 -1.430410
v 0.866699 1.307681 -1.460719
v 0.867832 1.338491 -1.450310
v 0.874169 1.338717 -1.449256
v 0.879127 1.307983 -1.458653
v 0.920646 1.494280 -1.441532
v 0.929564 1.526122 -1.440050
v 0.830323 1.306775 -1.466764
v 0.826460 1.337018 -1.457185
v 0.865845 1.365878 -1.423042
v 0.865742 1.437822 -1.423059
v 0.915620 1.436561 -1.442367
v 0.906063 1.339852 -1.443956
v 1.018432 1.489168 -1.397683
v 0.949155 1.309688 -1.447015
v 0.964484 1.435250 -1.444468
v 0.997607 1.540439 -1.401144
v 0.879093 1.284412 -1.448438
v 0.875370 1.260837 -1.421459
v 0.860389 1.365878 -1.390219
v 0.860287 1.437822 -1.390236
v 0.940457 1.263101 -1.410642
v 0.946303 1.288043 -1.437268
v 0.967630 1.295239 -1.433724
v 0.981060 1.274677 -1.403894
v 0.879541 1.495672 -1.420766
v 0.903998 1.548891 -1.416701
v 0.820275 1.360594 -1.430616
v 0.951389 1.550370 -1.408825
v 0.945934 1.550370 -1.376002
v 0.992152 1.540439 -1.368320
v 0.975605 1.274677 -1.371070
v 1.008002 1.314824 -1.365686
v 0.874085 1.495672 -1.387942
v 0.898542 1.548891 -1.383878
v 1.012977 1.489168 -1.364859
v 1.018576 1.433267 -1.363929
v 0.979975 1.520246 -1.370344
v 0.996161 1.477201 -1.367654
v 0.877560 1.373691 -1.387365
v 0.879385 1.373691 -1.398344
v 0.879305 1.434093 -1.398357
v 0.877481 1.434093 -1.387378
v 0.907215 1.527342 -1.382437
v 0.944051 1.528583 -1.376315
v 0.882055 1.322967 -1.386618
v 1.000513 1.430268 -1.366931
v 0.992294 1.330827 -1.368297
v 0.967113 1.297121 -1.372482
v 0.888206 1.482661 -1.385596
v 0.890031 1.482661 -1.396575
v 0.901898 1.294598 -1.383320
v 0.937379 1.287402 -1.388706
v 0.903723 1.294598 -1.394299
v 0.968938 1.297121 -1.383461
v 0.883879 1.322967 -1.397597
v 1.002338 1.430268 -1.377910
v 0.994119 1.330827 -1.379276
v 0.997986 1.477201 -1.378633
v 0.909040 1.527342 -1.393415
v 0.945876 1.528583 -1.387294
v 0.981799 1.520246 -1.381323
vt 0.309919 0.188926
vt 0.289882 0.189169
vt 0.309834 0.173022
vt 0.756198 0.002277
vt 0.761694 0.012526
vt 0.752537 0.005640
vt 0.976204 0.964712
vt 0.972526 0.964464
vt 0.972621 0.956694
vt 0.945764 0.596757
vt 0.940758 0.596757
vt 0.940114 0.582017
vt 0.957187 0.596716
vt 0.947457 0.596751
vt 0.957371 0.593191
vt 0.673203 0.188885
vt 0.673289 0.172981
vt 0.693242 0.189131
vt 0.935307 0.003560
vt 0.938920 0.006976
vt 0.929665 0.013729
vt 0.380844 0.972317
vt 0.384431 0.964301
vt 0.384523 0.972070
vt 0.992705 0.258378
vt 1.000000 0.244400
vt 0.997635 0.258963
vt 0.981461 0.257005
vt 0.981694 0.253482
vt 0.991038 0.258175
vt 0.965071 0.311789
vt 0.956611 0.329922
vt 0.951944 0.329897
vt 0.958738 0.312792
vt 0.448094 0.661220
vt 0.446794 0.647431
vt 0.468964 0.646454
vt 0.972526 0.884912
vt 0.972526 0.860294
vt 0.985641 0.867350
vt 0.257638 0.612771
vt 0.273578 0.611073
vt 0.273765 0.618138
vt 0.258005 0.619227
vt 0.488295 0.367867
vt 0.488304 0.379806
vt 0.480872 0.379903
vt 0.480750 0.367910
vt 0.254347 0.878832
vt 0.256781 0.871092
vt 0.274097 0.880290
vt 0.271810 0.887738
vt 0.757524 0.354523
vt 0.757396 0.367420
vt 0.741997 0.366647
vt 0.742116 0.354713
vt 0.341520 0.630084
vt 0.338910 0.619582
vt 0.345915 0.615021
vt 0.351796 0.623019
vt 0.261002 0.855636
vt 0.261692 0.843445
vt 0.278810 0.843063
vt 0.278420 0.864020
vt 0.314272 0.636209
vt 0.313785 0.624759
vt 0.323176 0.623184
vt 0.323671 0.634457
vt 0.300638 0.637330
vt 0.296562 0.639890
vt 0.296244 0.626173
vt 0.300297 0.625845
vt 0.273983 0.626498
vt 0.296001 0.612810
vt 0.260003 0.819041
vt 0.276807 0.819852
vt 0.488124 0.126973
vt 0.488169 0.189746
vt 0.478971 0.189596
vt 0.478346 0.126868
vt 0.274402 0.639844
vt 0.250274 0.889031
vt 0.424616 0.876150
vt 0.409402 0.862301
vt 0.423737 0.862359
vt 0.435909 0.517643
vt 0.476151 0.475246
vt 0.480744 0.484553
vt 0.441108 0.525569
vt 0.396400 0.557350
vt 0.403450 0.550250
vt 0.408264 0.559268
vt 0.397305 0.570547
vt 0.367939 0.604665
vt 0.362799 0.595510
vt 0.378988 0.577118
vt 0.384674 0.585897
vt 0.259746 0.793862
vt 0.276130 0.795682
vt 0.299939 0.610747
vt 0.479069 0.464737
vt 0.484681 0.467528
vt 0.480919 0.442331
vt 0.487142 0.441535
vt 0.299711 0.601097
vt 0.310049 0.589341
vt 0.311217 0.600412
vt 0.315019 0.578215
vt 0.321804 0.586541
vt 0.327700 0.569185
vt 0.259043 0.774002
vt 0.275249 0.778423
vt 0.481039 0.398542
vt 0.487564 0.395653
vt 0.379125 0.547020
vt 0.364880 0.546983
vt 0.363029 0.380714
vt 0.379880 0.380594
vt 0.317839 0.564752
vt 0.318426 0.551036
vt 0.327403 0.548210
vt 0.295871 0.605597
vt 0.258639 0.482277
vt 0.258733 0.493289
vt 0.251858 0.491522
vt 0.251680 0.482570
vt 0.289166 0.492974
vt 0.288188 0.506034
vt 0.311634 0.508985
vt 0.302514 0.516251
vt 0.324946 0.528673
vt 0.313854 0.530828
vt 0.250399 0.185438
vt 0.257827 0.184431
vt 0.257860 0.192121
vt 0.250395 0.192808
vt 0.250274 0.393938
vt 0.258731 0.393711
vt 0.740883 0.454428
vt 0.755176 0.454194
vt 0.754273 0.468851
vt 0.739411 0.471543
vt 0.742152 0.428387
vt 0.756174 0.428267
vt 0.741685 0.382506
vt 0.757134 0.381744
vt 0.285616 0.179703
vt 0.303645 0.164992
vt 0.258612 0.368467
vt 0.250274 0.368529
vt 0.312507 0.146221
vt 0.320189 0.150004
vt 0.313606 0.127807
vt 0.322723 0.128128
vt 0.297009 0.071682
vt 0.285948 0.065296
vt 0.287098 0.041195
vt 0.296930 0.041316
vt 0.319465 0.107079
vt 0.311751 0.111305
vt 0.305184 0.094559
vt 0.311894 0.088987
vt 0.296637 0.083675
vt 0.277826 0.073039
vt 0.270384 0.071652
vt 0.270457 0.062663
vt 0.278202 0.063979
vt 0.271494 0.041004
vt 0.279296 0.041100
vt 0.254351 0.069947
vt 0.255244 0.062735
vt 0.273620 0.000000
vt 0.257975 0.040843
vt 0.262806 0.003013
vt 0.285294 0.076209
vt 0.289409 0.389880
vt 0.289457 0.369238
vt 0.310884 0.369083
vt 0.310981 0.387194
vt 0.322940 0.368996
vt 0.323150 0.385679
vt 0.363005 0.368706
vt 0.297047 0.004755
vt 0.312208 0.005821
vt 0.311946 0.041501
vt 0.362541 0.126411
vt 0.362659 0.188285
vt 0.320677 0.188795
vt 0.319726 0.005839
vt 0.319493 0.041594
vt 0.362496 0.005947
vt 0.362357 0.042121
vt 0.379935 0.368588
vt 0.380786 0.188070
vt 0.262524 0.710976
vt 0.276716 0.709945
vt 0.273291 0.758912
vt 0.259212 0.758249
vt 0.381079 0.125894
vt 0.381435 0.042361
vt 0.233115 0.845951
vt 0.233115 0.803021
vt 0.236018 0.824851
vt 0.280827 0.646454
vt 0.266910 0.653651
vt 0.759902 0.113876
vt 0.759282 0.176675
vt 0.743893 0.176661
vt 0.744520 0.113911
vt 0.431170 0.648636
vt 0.432910 0.662390
vt 0.258424 0.626588
vt 0.259013 0.635708
vt 0.436258 0.188929
vt 0.436067 0.368206
vt 0.747227 0.030714
vt 0.761750 0.030700
vt 0.436438 0.043061
vt 0.436325 0.126444
vt 0.381808 0.006001
vt 0.283165 0.000456
vt 0.289184 0.000744
vt 0.436829 0.012581
vt 0.600556 0.710428
vt 0.545935 0.712082
vt 0.545771 0.666477
vt 0.600535 0.663594
vt 0.789155 0.381938
vt 0.788823 0.428466
vt 0.563281 0.951265
vt 0.563281 0.932840
vt 0.625150 0.932840
vt 0.625150 0.951265
vt 0.789349 0.354715
vt 0.789257 0.367613
vt 0.183726 0.196159
vt 0.183729 0.188789
vt 0.243720 0.188809
vt 0.243714 0.196179
vt 0.183582 0.629838
vt 0.183584 0.622482
vt 0.243230 0.622502
vt 0.243227 0.629858
vt 0.470463 0.714392
vt 0.448560 0.714368
vt 0.469997 0.660289
vt 0.400289 0.808205
vt 0.409156 0.808197
vt 0.400535 0.862309
vt 0.220920 0.796264
vt 0.213408 0.796244
vt 0.213408 0.734712
vt 0.220920 0.734522
vt 0.135628 0.952583
vt 0.135628 0.948045
vt 0.197497 0.948045
vt 0.197497 0.952584
vt 0.197249 0.796226
vt 0.197249 0.736514
vt 0.181551 0.044122
vt 0.178979 0.027148
vt 0.220716 0.026950
vt 0.242713 0.044142
vt 0.794751 0.010808
vt 0.794608 0.030901
vt 0.719536 0.710343
vt 0.708649 0.709244
vt 0.708628 0.663616
vt 0.719515 0.664767
vt 0.791068 0.114064
vt 0.183668 0.371872
vt 0.243564 0.371892
vt 0.693039 0.709357
vt 0.685286 0.710389
vt 0.685265 0.664185
vt 0.693018 0.664199
vt 0.321884 0.780482
vt 0.323616 0.797682
vt 0.242385 0.925298
vt 0.226397 0.925257
vt 0.226397 0.864266
vt 0.242385 0.865579
vt 0.183627 0.494844
vt 0.183630 0.485895
vt 0.243518 0.485915
vt 0.243516 0.494864
vt 0.135628 0.936186
vt 0.197497 0.936186
vt 0.181352 0.638945
vt 0.240785 0.638964
vt 0.375668 0.957323
vt 0.368702 0.957295
vt 0.368702 0.897325
vt 0.375668 0.897122
vt 0.662602 0.710419
vt 0.619815 0.710425
vt 0.619794 0.662384
vt 0.662581 0.663578
vt 0.670129 0.710418
vt 0.670108 0.664009
vt 0.183767 0.073263
vt 0.183770 0.066042
vt 0.243401 0.066062
vt 0.243399 0.073283
vt 0.204051 0.925120
vt 0.204051 0.863175
vt 0.135628 0.925011
vt 0.135628 0.911522
vt 0.197497 0.911522
vt 0.197497 0.925011
vt 0.449252 0.957327
vt 0.431170 0.956956
vt 0.431170 0.895011
vt 0.449252 0.895382
vt 0.183586 0.616030
vt 0.243232 0.616049
vt 0.405800 0.957548
vt 0.405800 0.895595
vt 0.433376 0.714267
vt 0.477113 0.957444
vt 0.477113 0.897127
vt 0.420638 0.957737
vt 0.420638 0.895784
vt 0.790620 0.176864
vt 0.240265 0.796457
vt 0.228550 0.796320
vt 0.228550 0.734367
vt 0.240265 0.734504
vt 0.175593 0.656885
vt 0.227262 0.649836
vt 0.423492 0.808255
vt 0.135628 0.877638
vt 0.135628 0.863175
vt 0.197497 0.863175
vt 0.197497 0.877638
vt 0.317069 0.712431
vt 0.319060 0.761030
vt 0.698994 0.709256
vt 0.698639 0.664596
vt 0.381935 0.808244
vt 0.382181 0.862349
vt 0.563281 0.970122
vt 0.625150 0.970122
vt 0.326038 0.821734
vt 0.328040 0.844945
vt 0.135628 0.897800
vt 0.197497 0.897800
vt 0.563281 0.899677
vt 0.563281 0.888879
vt 0.625150 0.888879
vt 0.625150 0.899677
vt 0.183659 0.397280
vt 0.243543 0.397300
vt 0.788637 0.454399
vt 0.563281 0.916358
vt 0.625150 0.916358
vt 0.312345 0.648055
vt 0.484554 0.957469
vt 0.484554 0.897403
vt 0.957006 0.263480
vt 0.963339 0.262477
vt 0.327650 0.865902
vt 0.788496 0.474152
vt 0.477551 0.043588
vt 0.487829 0.043728
vt 0.436056 0.380205
vt 0.477641 0.017399
vt 0.488025 0.018624
vt 0.505299 0.713313
vt 0.505256 0.764650
vt 0.495096 0.764681
vt 0.495084 0.713700
vt 0.505129 0.667508
vt 0.505189 0.673236
vt 0.494926 0.675088
vt 0.494858 0.671532
vt 0.842525 0.454759
vt 0.842369 0.476726
vt 0.375381 0.843344
vt 0.374991 0.864301
vt 0.951944 0.216311
vt 0.958277 0.215307
vt 0.359686 0.646454
vt 0.364410 0.710830
vt 0.844508 0.177225
vt 0.843237 0.355076
vt 0.842711 0.428826
vt 0.121791 0.397260
vt 0.121799 0.371851
vt 0.121761 0.485874
vt 0.370957 0.796081
vt 0.373378 0.820132
vt 0.366401 0.759429
vt 0.369225 0.778880
vt 0.382011 0.754238
vt 0.400365 0.754199
vt 0.708661 0.764197
vt 0.698941 0.764210
vt 0.409232 0.754191
vt 0.423567 0.754249
vt 0.121703 0.659055
vt 0.121710 0.638925
vt 0.844956 0.114424
vt 0.121901 0.066022
vt 0.121908 0.044102
vt 0.670141 0.764348
vt 0.662614 0.764349
vt 0.448704 0.768374
vt 0.433520 0.768273
vt 0.619827 0.764355
vt 0.600568 0.764358
vt 0.121716 0.622461
vt 0.121718 0.616009
vt 0.121899 0.073242
vt 0.685298 0.764319
vt 0.121713 0.629817
vt 0.121758 0.494823
vt 0.693051 0.764311
vt 0.121858 0.196139
vt 0.845550 0.031240
vt 0.719548 0.764273
vt 0.845701 0.010131
vt 0.121914 0.027419
vt 0.845774 0.000000
vt 0.794824 0.000652
vt 0.843145 0.367973
vt 0.843043 0.382298
vt 0.470607 0.768398
vt 0.121860 0.188768
vt 0.545954 0.764525
vt 0.545703 0.658966
vt 0.693061 0.664105
vt 0.685226 0.648585
vt 0.693022 0.646435
vt 0.708589 0.646415
vt 0.719476 0.648538
vt 0.699042 0.646427
vt 0.121923 0.000000
vt 0.175812 0.001035
vt 0.221377 0.002872
vt 0.237670 0.006252
vt 0.600496 0.650762
vt 0.662542 0.648614
vt 0.670069 0.648834
vt 0.619755 0.648620
vt 0.698596 0.664689
vt 0.698951 0.709349
vt 0.698898 0.764303
vt 0.976204 0.970318
vt 0.972526 0.970070
vt 0.731587 0.691135
vt 0.727903 0.691135
vt 0.726102 0.646415
vt 0.729785 0.646415
vt 0.732600 0.746133
vt 0.728917 0.746133
vt 0.320917 0.971930
vt 0.318429 0.968048
vt 0.320917 0.964554
vt 0.271479 0.971723
vt 0.271479 0.964475
vt 0.274754 0.968075
vt 0.926219 0.970371
vt 0.926228 0.965310
vt 0.930092 0.965411
vt 0.930083 0.970620
vt 0.486657 0.707116
vt 0.486657 0.724759
vt 0.482021 0.724501
vt 0.481918 0.707346
vt 0.153159 0.991775
vt 0.151358 0.991612
vt 0.152377 0.987313
vt 0.153294 0.987406
vt 0.141493 0.964113
vt 0.142392 0.959148
vt 0.146384 0.959695
vt 0.147330 0.964383
vt 0.158430 0.992255
vt 0.159284 0.988017
vt 0.153782 0.983725
vt 0.147759 0.986842
vt 0.147429 0.972773
vt 0.154584 0.973328
vt 0.481184 0.760662
vt 0.478413 0.754719
vt 0.483760 0.751970
vt 0.486818 0.757671
vt 0.141210 0.990692
vt 0.135628 0.989996
vt 0.136004 0.972345
vt 0.140358 0.972398
vt 0.477161 0.747589
vt 0.482401 0.748392
vt 0.926231 0.963347
vt 0.930095 0.963451
vt 0.972869 0.950130
vt 0.972525 0.939689
vt 0.977291 0.939553
vt 0.977634 0.949994
vt 0.926246 0.953762
vt 0.926219 0.947776
vt 0.930088 0.950408
vt 0.930106 0.953553
vt 0.138333 0.992698
vt 0.136059 0.995799
vt 0.482765 0.730204
vt 0.153213 0.964835
vt 0.137008 0.964181
vt 0.403592 0.969657
vt 0.403990 0.965389
vt 0.409553 0.964301
vt 0.409553 0.972353
vt 0.141351 0.993943
vt 0.152992 0.995346
vt 0.151068 0.995114
vt 0.374290 0.964301
vt 0.374290 0.969827
vt 0.368702 0.970343
vt 0.369087 0.964393
vt 0.158119 0.995799
vt 0.475934 0.970829
vt 0.475901 0.964033
vt 0.480723 0.964051
vt 0.480756 0.970848
vt 0.921422 0.953751
vt 0.921395 0.947765
vt 0.478007 0.730137
vt 0.477264 0.724435
vt 0.972565 0.931231
vt 0.972869 0.923396
vt 0.977634 0.923259
vt 0.977330 0.931094
vt 0.921395 0.970360
vt 0.921403 0.965299
vt 0.482711 0.691682
vt 0.482131 0.699208
vt 0.477373 0.699141
vt 0.477954 0.691615
vt 0.477161 0.707279
vt 0.250274 0.971211
vt 0.250274 0.964496
vt 0.255096 0.964475
vt 0.255096 0.971190
vt 0.921406 0.963587
vt 0.475901 0.977809
vt 0.480723 0.977827
vt 0.374290 0.970674
vt 0.374290 0.974934
vt 0.484365 0.736768
vt 0.486818 0.741984
vt 0.484434 0.744754
vt 0.480385 0.741696
vt 0.966688 0.556710
vt 0.969500 0.564248
vt 0.967001 0.565910
vt 0.964830 0.559587
vt 0.946768 0.581457
vt 0.976618 0.633426
vt 0.976654 0.624656
vt 0.978245 0.624670
vt 0.978210 0.633440
vt 0.953102 0.555059
vt 0.960005 0.555059
vt 0.959638 0.558213
vt 0.954272 0.558227
vt 0.947060 0.571011
vt 0.949546 0.571630
vt 0.949300 0.580400
vt 0.949737 0.587785
vt 0.970076 0.572390
vt 0.968031 0.589538
vt 0.965814 0.587143
vt 0.967434 0.572743
vt 0.963145 0.595220
vt 0.962005 0.591923
vt 0.949315 0.562675
vt 0.951315 0.564628
vt 0.976418 0.617647
vt 0.978009 0.617661
vt 0.281308 0.973862
vt 0.281308 0.964475
vt 0.283132 0.969182
vt 0.299671 0.969131
vt 0.299721 0.974080
vt 0.298108 0.974082
vt 0.298059 0.969133
vt 0.299721 0.964475
vt 0.298108 0.964477
vt 0.975975 0.645009
vt 0.976479 0.640809
vt 0.978071 0.640823
vt 0.977567 0.645023
vt 0.977907 0.698644
vt 0.977570 0.713112
vt 0.975976 0.713089
vt 0.976312 0.698621
vt 0.383334 0.882715
vt 0.383334 0.888784
vt 0.381935 0.888907
vt 0.381935 0.882837
vt 0.977877 0.691845
vt 0.976282 0.691822
vt 0.486635 0.825677
vt 0.486618 0.820252
vt 0.488231 0.820248
vt 0.488248 0.825673
vt 0.486635 0.814967
vt 0.488248 0.814963
vt 0.975975 0.611237
vt 0.977567 0.611250
vt 0.977570 0.685652
vt 0.975976 0.685629
vt 0.845487 0.743645
vt 0.846265 0.737271
vt 0.863094 0.729869
vt 0.863283 0.734540
vt 0.955146 0.475784
vt 0.951944 0.454085
vt 0.966900 0.454085
vt 0.972526 0.916695
vt 0.972526 0.891477
vt 0.984620 0.902725
vt 0.725493 0.612737
vt 0.725125 0.619193
vt 0.709362 0.618095
vt 0.709549 0.611030
vt 0.494867 0.367916
vt 0.502404 0.367938
vt 0.502282 0.379931
vt 0.494858 0.379854
vt 0.859413 0.719523
vt 0.841623 0.727755
vt 0.839622 0.720224
vt 0.857276 0.711695
vt 0.928950 0.355751
vt 0.944354 0.356162
vt 0.944302 0.368097
vt 0.928894 0.368648
vt 0.641606 0.630039
vt 0.631329 0.622973
vt 0.637205 0.614963
vt 0.644211 0.619525
vt 0.853647 0.696089
vt 0.835922 0.703802
vt 0.836330 0.682846
vt 0.853420 0.683881
vt 0.668856 0.636168
vt 0.659456 0.634415
vt 0.659945 0.623129
vt 0.669337 0.624705
vt 0.682490 0.637290
vt 0.682826 0.625793
vt 0.686879 0.626121
vt 0.686566 0.639851
vt 0.687122 0.612759
vt 0.709143 0.626455
vt 0.839215 0.659727
vt 0.856038 0.659559
vt 0.495040 0.127031
vt 0.504809 0.126903
vt 0.504183 0.189630
vt 0.494994 0.189802
vt 0.708730 0.639812
vt 0.547226 0.517624
vt 0.542034 0.525566
vt 0.502414 0.484590
vt 0.507000 0.475266
vt 0.586723 0.557302
vt 0.585823 0.570511
vt 0.574867 0.559237
vt 0.579674 0.550204
vt 0.615185 0.604618
vt 0.598452 0.585856
vt 0.604133 0.577063
vt 0.620320 0.595451
vt 0.840813 0.635601
vt 0.857254 0.634408
vt 0.683184 0.610695
vt 0.498480 0.467571
vt 0.504083 0.464759
vt 0.971625 0.329245
vt 0.971625 0.307103
vt 0.978840 0.309657
vt 0.502234 0.442357
vt 0.683412 0.601046
vt 0.671906 0.600359
vt 0.673073 0.589289
vt 0.661318 0.586487
vt 0.668103 0.578162
vt 0.655421 0.569131
vt 0.842350 0.618388
vt 0.858712 0.614589
vt 0.496021 0.441584
vt 0.495597 0.395699
vt 0.502114 0.398569
vt 0.603996 0.546967
vt 0.603242 0.380546
vt 0.620090 0.380660
vt 0.618239 0.546925
vt 0.665283 0.564700
vt 0.655719 0.548157
vt 0.664696 0.550984
vt 0.687253 0.605547
vt 0.724491 0.482244
vt 0.731450 0.482539
vt 0.731272 0.491490
vt 0.724397 0.493255
vt 0.693958 0.492927
vt 0.694936 0.505988
vt 0.671489 0.508935
vt 0.680609 0.516202
vt 0.658176 0.528620
vt 0.669268 0.530777
vt 0.732731 0.185415
vt 0.732736 0.192785
vt 0.725269 0.192095
vt 0.725303 0.184406
vt 0.724398 0.393680
vt 0.732856 0.393910
vt 0.944162 0.455885
vt 0.945390 0.473018
vt 0.930568 0.470114
vt 0.929874 0.455446
vt 0.943265 0.429828
vt 0.929247 0.429508
vt 0.944387 0.383958
vt 0.928951 0.382975
vt 0.697508 0.179665
vt 0.679478 0.164953
vt 0.732856 0.368501
vt 0.724518 0.368437
vt 0.662933 0.149962
vt 0.670615 0.146181
vt 0.660399 0.128087
vt 0.669516 0.127767
vt 0.686114 0.071646
vt 0.686194 0.041282
vt 0.696027 0.041164
vt 0.697178 0.065263
vt 0.663658 0.107039
vt 0.671229 0.088948
vt 0.677939 0.094521
vt 0.671372 0.111266
vt 0.686487 0.083638
vt 0.705299 0.073006
vt 0.704924 0.063951
vt 0.712671 0.062638
vt 0.712742 0.071622
vt 0.703830 0.041071
vt 0.711634 0.040977
vt 0.727887 0.062716
vt 0.728781 0.069928
vt 0.709518 0.000000
vt 0.720338 0.003025
vt 0.725157 0.040828
vt 0.697830 0.076174
vt 0.693715 0.389837
vt 0.693666 0.369195
vt 0.672141 0.387148
vt 0.672238 0.369037
vt 0.659972 0.385631
vt 0.660182 0.368948
vt 0.620115 0.368653
vt 0.686094 0.004762
vt 0.671177 0.041465
vt 0.670933 0.005828
vt 0.662445 0.188753
vt 0.620460 0.188237
vt 0.620579 0.126365
vt 0.663415 0.005844
vt 0.663630 0.041557
vt 0.620642 0.005945
vt 0.620763 0.042079
vt 0.603187 0.368541
vt 0.602337 0.188029
vt 0.857634 0.551476
vt 0.859144 0.598841
vt 0.845049 0.598967
vt 0.843491 0.549904
vt 0.602044 0.125855
vt 0.601688 0.042327
vt 0.480064 0.840616
vt 0.477161 0.819515
vt 0.480064 0.797685
vt 0.841801 0.486302
vt 0.855434 0.494025
vt 0.930010 0.115095
vt 0.945390 0.115351
vt 0.945120 0.178102
vt 0.929733 0.177896
vt 0.431170 0.887108
vt 0.432910 0.873786
vt 0.448094 0.875159
vt 0.446794 0.888447
vt 0.724706 0.626553
vt 0.724123 0.635685
vt 0.547069 0.368193
vt 0.546879 0.188924
vt 0.929351 0.031901
vt 0.943871 0.032123
vt 0.546813 0.126441
vt 0.546703 0.043066
vt 0.601333 0.006008
vt 0.693954 0.000742
vt 0.699973 0.000455
vt 0.546327 0.012623
vt 0.600556 0.818339
vt 0.600535 0.865265
vt 0.545771 0.862722
vt 0.545935 0.817020
vt 0.896931 0.382710
vt 0.896598 0.429238
vt 0.693573 0.951265
vt 0.631704 0.951265
vt 0.631704 0.932840
vt 0.693573 0.932840
vt 0.897125 0.355488
vt 0.897033 0.368385
vt 0.059989 0.196118
vt 0.000001 0.196098
vt 0.000000 0.188727
vt 0.059991 0.188747
vt 0.059844 0.629796
vt 0.000199 0.629776
vt 0.000201 0.622420
vt 0.059847 0.622440
vt 0.470463 0.822316
vt 0.469997 0.876137
vt 0.448560 0.822293
vt 0.400729 0.700281
vt 0.401414 0.646462
vt 0.410281 0.646454
vt 0.409596 0.700273
vt 0.220920 0.665657
vt 0.220920 0.727400
vt 0.213408 0.727170
vt 0.213408 0.665637
vt 0.556727 0.978287
vt 0.494858 0.978287
vt 0.494858 0.973748
vt 0.556727 0.973748
vt 0.197249 0.725332
vt 0.197249 0.665620
vt 0.062266 0.044082
vt 0.001104 0.044061
vt 0.023112 0.026884
vt 0.064849 0.027110
vt 0.896636 0.011538
vt 0.896493 0.031631
vt 0.719536 0.818254
vt 0.719515 0.863922
vt 0.708628 0.864923
vt 0.708649 0.819203
vt 0.898844 0.114836
vt 0.059930 0.371831
vt 0.000034 0.371811
vt 0.693039 0.819316
vt 0.693018 0.864567
vt 0.685265 0.864598
vt 0.685286 0.818301
vt 0.795671 0.618664
vt 0.793285 0.635786
vt 0.974993 0.750388
vt 0.974993 0.810107
vt 0.959006 0.811337
vt 0.959006 0.750346
vt 0.059889 0.494803
vt 0.000000 0.494783
vt 0.000005 0.485833
vt 0.059892 0.485853
vt 0.494858 0.961890
vt 0.556727 0.961890
vt 0.062068 0.638905
vt 0.002635 0.638885
vt 0.317179 0.895623
vt 0.317179 0.955825
vt 0.310213 0.955566
vt 0.310213 0.895595
vt 0.662602 0.818330
vt 0.662581 0.865263
vt 0.619794 0.866470
vt 0.619815 0.818336
vt 0.670108 0.864830
vt 0.670129 0.818329
vt 0.060030 0.073222
vt 0.000399 0.073202
vt 0.000401 0.065981
vt 0.060032 0.066001
vt 0.936660 0.812155
vt 0.936660 0.750210
vt 0.556727 0.950715
vt 0.494858 0.950715
vt 0.494858 0.937225
vt 0.556727 0.937225
vt 0.268356 0.895966
vt 0.268356 0.957911
vt 0.250274 0.957540
vt 0.250274 0.895595
vt 0.000204 0.615968
vt 0.059849 0.615988
vt 0.347311 0.895847
vt 0.347311 0.957800
vt 0.433376 0.822191
vt 0.296217 0.896083
vt 0.296217 0.956400
vt 0.362148 0.896037
vt 0.362148 0.957989
vt 0.898395 0.177637
vt 0.240265 0.665850
vt 0.240265 0.727803
vt 0.228550 0.727665
vt 0.228550 0.665713
vt 0.067815 0.656849
vt 0.016151 0.649766
vt 0.424616 0.646512
vt 0.423931 0.700331
vt 0.556727 0.903341
vt 0.494858 0.903341
vt 0.494858 0.888879
vt 0.556727 0.888879
vt 0.803073 0.550847
vt 0.799233 0.599334
vt 0.698639 0.863967
vt 0.698994 0.819215
vt 0.382375 0.700321
vt 0.383060 0.646502
vt 0.693573 0.970123
vt 0.631704 0.970123
vt 0.789949 0.659727
vt 0.787064 0.682845
vt 0.556727 0.923503
vt 0.494858 0.923503
vt 0.693573 0.899677
vt 0.631704 0.899677
vt 0.631704 0.888879
vt 0.693573 0.888879
vt 0.000038 0.397219
vt 0.059922 0.397239
vt 0.896413 0.455171
vt 0.631704 0.916358
vt 0.693573 0.916358
vt 0.810245 0.486698
vt 0.303658 0.896108
vt 0.303658 0.956173
vt 0.796999 0.737271
vt 0.796221 0.743645
vt 0.786656 0.703802
vt 0.896272 0.474925
vt 0.495339 0.043799
vt 0.505606 0.043633
vt 0.547080 0.380192
vt 0.495155 0.018723
vt 0.505531 0.017479
vt 0.505299 0.816038
vt 0.495084 0.815714
vt 0.505129 0.862111
vt 0.494858 0.858150
vt 0.494926 0.854422
vt 0.505189 0.856212
vt 0.739819 0.679437
vt 0.739411 0.700393
vt 0.749754 0.733863
vt 0.748976 0.740237
vt 0.763000 0.483290
vt 0.755828 0.547439
vt 0.746040 0.632377
vt 0.742704 0.656319
vt 0.751988 0.595926
vt 0.748425 0.615255
vt 0.896709 0.001382
vt 0.545703 0.870404
vt 0.693061 0.864473
vt 0.693022 0.882314
vt 0.685226 0.880368
vt 0.719476 0.880321
vt 0.708589 0.882294
vt 0.699042 0.882307
vt 0.068033 0.000999
vt 0.022467 0.002806
vt 0.006172 0.006175
vt 0.600496 0.878268
vt 0.670069 0.880175
vt 0.662542 0.880397
vt 0.619755 0.880404
vt 0.698596 0.864061
vt 0.698951 0.819309
vt 0.380844 0.977924
vt 0.384523 0.977677
vt 0.731587 0.801130
vt 0.729785 0.845850
vt 0.726102 0.845850
vt 0.727903 0.801130
vt 0.264925 0.971723
vt 0.261650 0.968075
vt 0.264925 0.964475
vt 0.327471 0.971918
vt 0.327471 0.964554
vt 0.329946 0.968026
vt 0.481047 0.869787
vt 0.477184 0.870036
vt 0.477174 0.864827
vt 0.481039 0.864726
vt 0.477161 0.661958
vt 0.481922 0.662176
vt 0.481816 0.679337
vt 0.477161 0.679605
vt 0.171999 0.991768
vt 0.171788 0.987406
vt 0.172699 0.987312
vt 0.173788 0.991604
vt 0.183474 0.964106
vt 0.177617 0.964385
vt 0.178538 0.959698
vt 0.182501 0.959148
vt 0.166764 0.992252
vt 0.165838 0.988019
vt 0.171128 0.983738
vt 0.170288 0.973344
vt 0.177554 0.972773
vt 0.177285 0.986839
vt 0.482795 0.791121
vt 0.477161 0.788130
vt 0.480219 0.782429
vt 0.485566 0.785177
vt 0.183867 0.990679
vt 0.184638 0.972389
vt 0.188904 0.972338
vt 0.189351 0.989985
vt 0.481578 0.778851
vt 0.486818 0.778048
vt 0.477172 0.862867
vt 0.481036 0.862763
vt 0.730863 0.879300
vt 0.726102 0.879161
vt 0.726456 0.868721
vt 0.731217 0.868860
vt 0.481021 0.853178
vt 0.477161 0.852968
vt 0.477179 0.849824
vt 0.481047 0.847192
vt 0.481050 0.685051
vt 0.188789 0.995799
vt 0.186675 0.992688
vt 0.171614 0.964852
vt 0.187873 0.964177
vt 0.397038 0.969657
vt 0.391077 0.972353
vt 0.391077 0.964301
vt 0.396641 0.965389
vt 0.183682 0.993934
vt 0.172121 0.995343
vt 0.174032 0.995110
vt 0.477161 0.876600
vt 0.482364 0.876692
vt 0.482749 0.882642
vt 0.477161 0.882126
vt 0.167029 0.995799
vt 0.469313 0.970829
vt 0.464491 0.970847
vt 0.464525 0.964051
vt 0.469347 0.964033
vt 0.485871 0.847181
vt 0.485845 0.853166
vt 0.486570 0.679270
vt 0.485803 0.684984
vt 0.731176 0.860397
vt 0.726416 0.860258
vt 0.726102 0.852414
vt 0.730863 0.852553
vt 0.485863 0.864715
vt 0.485871 0.869775
vt 0.481105 0.646521
vt 0.485859 0.646454
vt 0.486457 0.653973
vt 0.481704 0.654040
vt 0.486675 0.662110
vt 0.420930 0.971037
vt 0.416108 0.971016
vt 0.416108 0.964301
vt 0.420930 0.964322
vt 0.485860 0.863002
vt 0.469347 0.977809
vt 0.464525 0.977827
vt 0.477161 0.882973
vt 0.477161 0.887233
vt 0.479614 0.767227
vt 0.483594 0.772155
vt 0.479545 0.775212
vt 0.477161 0.772443
vt 0.976802 0.216167
vt 0.978295 0.219241
vt 0.975414 0.225266
vt 0.973149 0.223325
vt 0.993513 0.243067
vt 0.241544 0.954064
vt 0.239954 0.954078
vt 0.239917 0.945307
vt 0.241507 0.945293
vt 0.990375 0.216113
vt 0.988851 0.219122
vt 0.983569 0.218483
vt 0.983578 0.215307
vt 0.991144 0.241722
vt 0.991931 0.232984
vt 0.994452 0.232659
vt 0.989846 0.249005
vt 0.971625 0.231343
vt 0.974185 0.232002
vt 0.974090 0.246491
vt 0.971625 0.248610
vt 0.975770 0.254823
vt 0.977279 0.251682
vt 0.993210 0.224118
vt 0.991012 0.225824
vt 0.240161 0.938294
vt 0.241751 0.938280
vt 0.291504 0.973831
vt 0.289686 0.969180
vt 0.291504 0.964475
vt 0.310262 0.969210
vt 0.311875 0.969212
vt 0.311826 0.974161
vt 0.310213 0.974159
vt 0.310213 0.964554
vt 0.311826 0.964556
vt 0.242206 0.965639
vt 0.240616 0.965652
vt 0.240097 0.961460
vt 0.241687 0.961446
vt 0.975975 0.664595
vt 0.977568 0.664571
vt 0.977916 0.679041
vt 0.976323 0.679065
vt 0.486618 0.832241
vt 0.488017 0.832364
vt 0.488017 0.838434
vt 0.486618 0.838311
vt 0.976006 0.657798
vt 0.977599 0.657774
vt 0.488232 0.808399
vt 0.486618 0.808395
vt 0.486635 0.802970
vt 0.488249 0.802974
vt 0.486618 0.797685
vt 0.488232 0.797689
vt 0.240616 0.931876
vt 0.242206 0.931863
vt 0.976323 0.651611
vt 0.977916 0.651587
vt 0.871076 0.656320
vt 0.873443 0.690396
vt 0.869837 0.669993
vt 0.874533 0.643007
vt 0.880026 0.632131
vt 0.884077 0.705497
vt 0.890912 0.620882
vt 0.897901 0.716386
vt 0.894962 0.616569
vt 0.917517 0.612167
vt 0.926766 0.730529
vt 0.933555 0.611237
vt 0.933555 0.732623
vt 0.128604 0.937420
vt 0.126657 0.902550
vt 0.129074 0.918978
vt 0.120387 0.956483
vt 0.119523 0.886038
vt 0.110609 0.875452
vt 0.102870 0.971802
vt 0.099019 0.868379
vt 0.091441 0.865466
vt 0.075212 0.977475
vt 0.083950 0.864334
vt 0.067816 0.863175
vt 0.067816 0.978735
vt 0.972599 0.272835
vt 0.972361 0.288734
vt 0.971625 0.279992
vt 0.973622 0.296023
vt 0.976842 0.299895
vt 0.974822 0.266142
vt 0.981812 0.300538
vt 0.980152 0.265527
vt 0.986275 0.298758
vt 0.985466 0.266309
vt 0.989525 0.293582
vt 0.988331 0.272348
vt 0.989525 0.279090
vt 0.441281 0.978789
vt 0.436515 0.964033
vt 0.441281 0.964108
vt 0.432615 0.967389
vt 0.431170 0.971749
vt 0.432615 0.975231
vt 0.436515 0.978714
vt 0.929954 0.562454
vt 0.932321 0.528379
vt 0.933560 0.542052
vt 0.928864 0.515067
vt 0.923370 0.504190
vt 0.919320 0.577553
vt 0.912484 0.492940
vt 0.905495 0.588440
vt 0.908434 0.488627
vt 0.885877 0.484222
vt 0.876628 0.602579
vt 0.869838 0.483290
vt 0.869838 0.604672
vt 0.002417 0.902541
vt 0.000470 0.937410
vt 0.000000 0.918968
vt 0.008688 0.956473
vt 0.009552 0.886030
vt 0.018466 0.875446
vt 0.026205 0.971794
vt 0.030057 0.868374
vt 0.037635 0.865463
vt 0.053865 0.977471
vt 0.045127 0.864332
vt 0.061262 0.863175
vt 0.061262 0.978732
vt 0.973710 0.825556
vt 0.972526 0.846789
vt 0.972526 0.832299
vt 0.976552 0.819511
vt 0.975749 0.851959
vt 0.981821 0.818719
vt 0.980175 0.853730
vt 0.987107 0.819324
vt 0.985104 0.853077
vt 0.989312 0.826011
vt 0.988297 0.849199
vt 0.990277 0.833166
vt 0.989547 0.841908
vt 0.456494 0.967384
vt 0.447835 0.964112
vt 0.452597 0.964033
vt 0.447835 0.978790
vt 0.457937 0.971743
vt 0.456494 0.975225
vt 0.452597 0.978711
vn -1.000000 0.000000 0.000000
vn -0.999700 -0.022800 -0.002000
vn -0.278400 0.554900 0.784000
vn -0.422900 0.812700 0.400700
vn -0.461200 0.653200 0.600500
vn 0.577800 0.251000 0.776600
vn 0.699800 0.075000 0.710400
vn -0.060000 0.324200 0.944100
vn 0.093200 -0.707100 0.700900
vn 0.632900 -0.605600 0.482400
vn 0.714300 0.519700 0.468700
vn 0.000700 -0.723500 0.690300
vn 0.092000 -0.706700 0.701500
vn 0.153400 0.640300 0.752700
vn 1.000000 0.000000 0.000000
vn 0.999700 -0.022800 -0.002000
vn 0.281400 0.552900 0.784300
vn 0.493100 0.831100 0.257200
vn 0.346000 0.813900 0.466700
vn -0.574200 0.255300 0.777900
vn 0.196500 0.140900 0.970300
vn -0.699800 0.075000 0.710400
vn -0.093200 -0.707100 0.700900
vn -0.714300 0.519700 0.468700
vn -0.632900 -0.605600 0.482400
vn -0.000700 -0.723500 0.690400
vn -0.153400 0.640300 0.752700
vn -0.092000 -0.706700 0.701500
vn -0.664100 0.326700 -0.672500
vn -0.861600 0.159900 -0.481800
vn -0.787100 0.086600 -0.610700
vn -0.555800 -0.010500 -0.831300
vn -0.643300 -0.246600 -0.724800
vn -0.855200 -0.148100 -0.496700
vn -0.692000 0.222500 0.686800
vn -0.951700 -0.187200 -0.243200
vn -0.998100 -0.061100 -0.000800
vn -0.390000 -0.457000 0.799400
vn -0.724600 0.689100 -0.007700
vn -0.716800 0.697000 -0.018200
vn -0.938400 0.345500 -0.005800
vn -0.941900 0.335700 -0.003700
vn -0.837100 0.383700 -0.390000
vn -0.676900 0.102100 -0.729000
vn -0.447100 0.181500 -0.875900
vn -0.437800 0.062900 -0.896800
vn -0.271300 0.934500 -0.230600
vn -0.483700 0.875000 -0.018700
vn -0.975800 0.160400 -0.148900
vn -0.992000 0.051800 -0.114800
vn -0.991400 0.085600 -0.098600
vn -0.788800 0.031300 -0.613900
vn -0.369400 0.638500 -0.675100
vn -0.412300 0.383200 -0.826500
vn -0.994100 0.012700 -0.107900
vn -0.993900 0.021100 -0.108300
vn -0.995600 -0.002900 -0.093700
vn -0.994800 0.022300 -0.099100
vn -0.992300 -0.071500 -0.101000
vn -0.999800 -0.021300 -0.000100
vn -0.550700 0.599700 -0.580600
vn -0.350400 0.722200 -0.596400
vn -0.732800 0.680400 0.000900
vn -0.730800 0.682600 -0.006800
vn -0.945400 0.325900 -0.001500
vn -0.945400 0.325800 0.005700
vn -0.965100 0.248900 -0.081800
vn -0.929700 0.362500 -0.064900
vn -0.686600 0.450000 -0.571000
vn -0.913600 0.395500 -0.093900
vn -0.980700 0.176300 -0.084400
vn -0.973200 0.214900 -0.082300
vn -0.924700 0.102600 -0.366700
vn -0.873800 0.486100 0.011300
vn -0.989900 0.119000 -0.077700
vn -0.982100 0.170700 -0.079100
vn -0.750800 0.198300 -0.630000
vn -0.307700 0.747600 -0.588500
vn -0.913700 0.405300 -0.028300
vn -0.628900 0.768600 -0.117100
vn -0.914300 0.404700 -0.014100
vn -0.651800 0.756600 -0.051800
vn -0.383700 0.278500 0.880500
vn -0.686600 -0.431600 -0.585100
vn -0.821700 -0.081500 -0.564100
vn -0.271400 0.770700 -0.576600
vn -0.927100 0.374800 -0.007400
vn -0.704700 0.708900 -0.027700
vn -0.994800 0.102300 0.000600
vn -0.999100 0.041300 -0.000600
vn -0.999100 0.043300 -0.000200
vn -0.993600 0.113200 0.000100
vn -0.354400 -0.283800 0.891000
vn -0.940500 0.222300 0.256900
vn -0.922100 0.287900 -0.258500
vn -0.999000 -0.045000 0.000900
vn -0.332800 -0.937100 -0.105400
vn -0.937500 -0.246800 0.245200
vn -0.988100 0.151300 0.027800
vn -0.999600 -0.027700 0.000900
vn -0.326900 -0.943800 0.049000
vn -0.336600 -0.897600 0.284700
vn -0.276200 -0.746800 0.605000
vn -0.652000 0.286600 0.701900
vn -0.957300 -0.183900 -0.223200
vn -0.999100 -0.043400 -0.003700
vn -0.427500 -0.429600 0.795400
vn -0.989100 0.145800 0.019900
vn -0.999000 -0.044400 0.000200
vn -0.225000 0.911000 -0.345600
vn -0.410200 0.883600 -0.225700
vn -0.255800 0.921900 -0.291000
vn -0.275200 0.919900 -0.279400
vn -0.946900 0.097000 -0.306600
vn -0.927400 0.035500 -0.372400
vn -0.999000 -0.044200 0.000100
vn -0.397600 -0.398200 0.826700
vn -0.938100 0.193700 -0.287300
vn -0.960200 0.270400 -0.069200
vn -0.999900 0.000000 0.014800
vn -0.999900 -0.003300 0.011400
vn -0.999500 -0.023700 0.021400
vn -0.996700 0.025000 0.076900
vn -0.994200 0.041500 0.098800
vn -1.000000 0.000500 0.001300
vn -0.339500 -0.601100 0.723400
vn -0.535600 0.219900 -0.815300
vn -1.000000 0.001900 0.002600
vn -0.590600 0.442400 -0.674900
vn -0.274700 -0.959100 -0.067800
vn -0.896800 -0.182600 0.403000
vn -0.997400 -0.063800 0.034100
vn -0.999000 -0.029700 0.034100
vn -0.994100 -0.081400 0.071400
vn -0.997800 -0.023600 0.061800
vn -0.952600 0.120100 -0.279600
vn -0.979800 0.148200 0.134300
vn -0.980600 -0.195100 0.016300
vn -0.479900 -0.302800 0.823400
vn -0.678400 0.143100 0.720600
vn -0.850400 -0.316300 0.420500
vn -0.999600 -0.027700 0.000400
vn -0.999600 -0.026800 0.000300
vn -0.998900 0.046000 -0.000200
vn -0.423100 0.834000 0.354300
vn -0.993800 0.024100 0.108200
vn -0.993900 0.005000 0.110500
vn -0.998600 0.052000 0.001000
vn -0.998800 0.049000 -0.000300
vn -0.996100 -0.008300 0.088100
vn -0.994000 -0.000100 0.109100
vn -0.993900 0.050300 0.097800
vn -0.992800 0.055800 0.106100
vn -0.993000 0.117900 -0.000900
vn -0.992500 0.122000 -0.000500
vn -0.201200 0.719000 -0.665200
vn -0.223300 0.750800 -0.621600
vn -0.991700 0.128400 0.002200
vn -0.985100 0.135400 0.106100
vn -0.270400 0.936400 -0.223500
vn -0.479000 0.877800 -0.009100
vn -0.754800 -0.044300 -0.654500
vn -0.680400 -0.710900 -0.178200
vn -0.981800 0.120800 -0.146400
vn -0.985000 0.172700 -0.000300
vn -0.985200 0.171200 -0.002200
vn -0.741100 0.666200 0.083700
vn -0.318700 0.933200 -0.165700
vn -0.976200 0.185700 0.112100
vn -0.984200 0.176800 0.004400
vn -0.981200 0.148700 0.123100
vn -0.990700 0.124600 -0.054000
vn -0.965700 0.256100 0.041900
vn -0.967000 0.213100 0.139300
vn -0.029100 0.075300 0.996700
vn -0.030600 0.133300 0.990600
vn -0.221100 0.158800 0.962200
vn -0.156100 0.087200 0.983900
vn -0.019400 0.998000 -0.060100
vn -0.019100 0.993800 -0.109100
vn -0.666800 -0.719200 0.195500
vn -0.688300 -0.725400 -0.008400
vn -0.019600 0.999700 -0.013400
vn -0.019600 0.999200 -0.033900
vn 0.000000 -0.999900 0.015300
vn -0.261400 -0.912800 0.313900
vn 0.000000 -0.999100 -0.042300
vn -0.079200 0.356900 -0.930800
vn -0.083500 -0.251500 -0.964200
vn -0.083400 0.204900 -0.975200
vn -0.084800 0.056600 -0.994800
vn -0.683600 -0.220500 -0.695800
vn -0.698400 -0.113700 -0.706600
vn -0.644200 -0.391300 0.657200
vn -0.705400 -0.528400 0.472400
vn -0.288200 -0.936100 -0.201900
vn 0.000000 -0.990500 0.137700
vn -0.001200 -0.992200 0.124700
vn -0.001000 -0.991600 0.129700
vn -0.022200 0.994600 0.101100
vn -0.019900 0.998400 0.053400
vn -0.093100 -0.155000 0.983500
vn -0.029400 -0.096700 0.994900
vn -0.119300 -0.100100 0.987800
vn 0.599600 -0.581600 0.549700
vn -0.020000 0.999700 -0.010200
vn 0.000000 -0.999900 0.015000
vn -0.029600 0.059900 0.997800
vn -0.028600 0.070700 0.997100
vn -0.052700 0.805900 -0.589700
vn -0.054600 0.780600 -0.622700
vn -0.287400 -0.921300 0.262000
vn -0.692300 -0.113500 0.712600
vn -0.230800 -0.929600 -0.287400
vn 0.000000 -1.000000 -0.003200
vn -0.674800 -0.614800 0.408300
vn -0.001700 -0.998500 -0.054100
vn -0.689900 -0.244000 -0.681500
vn -0.028700 0.024800 0.999300
vn -0.032700 0.017400 0.999300
vn -0.140700 0.022000 0.989800
vn -0.131600 0.013600 0.991200
vn -0.028900 0.051000 0.998300
vn -0.126600 0.048100 0.990800
vn -0.683800 -0.690600 0.235400
vn -0.689100 -0.717600 0.100800
vn -0.654000 -0.302200 0.693600
vn -0.660600 -0.584100 0.471700
vn -0.684100 -0.367200 -0.630200
vn -0.633900 -0.660000 -0.403300
vn -0.703300 -0.096500 0.704300
vn -0.676000 -0.517400 -0.524700
vn -0.019800 0.999700 -0.013400
vn -0.672700 -0.508400 -0.537700
vn -0.687400 -0.351800 -0.635500
vn 0.325800 0.353500 -0.876900
vn -0.661200 -0.682600 -0.311200
vn -0.066900 0.722900 -0.687700
vn -0.058400 0.772400 -0.632400
vn -0.018100 0.725500 0.687900
vn 0.177100 0.401400 0.898600
vn -0.076700 0.429500 -0.899800
vn -0.054600 0.771000 -0.634500
vn -0.061900 0.688900 -0.722300
vn -0.678500 -0.732500 -0.055300
vn -0.675700 -0.644800 -0.357200
vn 0.000000 -1.000000 0.006700
vn -0.019800 0.980100 -0.197700
vn -0.678800 -0.715200 -0.166400
vn -0.047500 0.724400 -0.687800
vn -0.939300 0.324700 0.111200
vn -0.985400 0.170000 -0.001100
vn -0.584700 0.659400 0.472500
vn -0.032900 0.134100 0.990400
vn 0.000000 0.131900 0.991300
vn -0.000300 0.515500 0.856900
vn -0.031600 0.527700 0.848800
vn -0.286800 0.192500 0.938400
vn 0.000000 0.980600 -0.196000
vn -0.259800 0.855600 -0.447800
vn 0.000000 0.690300 -0.723500
vn 0.000000 0.430800 -0.902400
vn 0.000000 0.729400 -0.684100
vn 0.000000 0.358700 -0.933500
vn 0.000000 0.723700 -0.690100
vn 0.000000 0.999900 -0.013400
vn 0.000000 0.994000 -0.109200
vn 0.000000 0.780800 -0.624800
vn 0.000000 0.771600 -0.636100
vn 0.000000 0.772000 -0.635600
vn 0.000000 0.806500 -0.591200
vn 0.000000 0.205600 -0.978600
vn 0.000000 -0.095800 0.995400
vn 0.000000 0.725100 0.688700
vn 0.000000 0.056800 -0.998400
vn 0.000000 -0.999600 0.029600
vn 0.000000 -0.998900 -0.047900
vn 0.000000 0.999900 -0.010500
vn -0.019400 0.057600 0.998200
vn -0.014800 0.017300 0.999700
vn 0.000000 -0.250600 -0.968100
vn 0.000000 0.032000 0.999500
vn 0.000000 0.074700 0.997200
vn 0.000000 -0.999300 -0.037600
vn 0.000000 -0.995600 0.093400
vn 0.000000 0.070400 0.997500
vn 0.000000 -0.999800 -0.019100
vn 0.000000 0.059400 0.998200
vn 0.000000 0.998600 0.052200
vn 0.000000 -0.156200 0.987700
vn 0.000000 0.995500 0.095200
vn 0.000000 -0.992400 0.123200
vn 0.000000 0.999400 -0.033900
vn 0.000000 0.998200 -0.060200
vn 0.000000 -0.999500 0.032100
vn 0.000000 0.131800 0.991300
vn 0.542800 0.613300 0.573800
vn -0.017700 0.732100 0.680900
vn 0.000000 0.732600 0.680700
vn -0.621000 0.127800 -0.773300
vn -0.502700 0.420300 -0.755400
vn -0.177200 0.520700 -0.835200
vn -0.186400 0.081900 -0.979100
vn 0.545500 -0.756400 -0.360900
vn -0.088000 -0.937100 -0.337900
vn -0.152400 -0.589900 -0.793000
vn 0.529000 -0.480700 -0.699400
vn -0.613600 -0.000900 -0.789600
vn -0.606300 -0.255700 -0.753000
vn -0.911300 -0.336000 -0.237800
vn -0.964900 0.002700 -0.262600
vn -0.165100 -0.040700 -0.985400
vn -0.167100 -0.047500 -0.984800
vn -0.122500 0.522400 -0.843800
vn -0.115200 0.530600 -0.839700
vn 0.135700 0.433100 -0.891100
vn 0.257800 0.127800 -0.957700
vn 0.498300 -0.069100 -0.864200
vn 0.563200 0.363100 -0.742300
vn 0.438000 0.590100 -0.678200
vn 0.019300 0.231100 -0.972700
vn 0.225600 0.038200 -0.973500
vn 0.791400 0.102000 -0.602800
vn -0.950200 0.200700 -0.238300
vn -0.241900 -0.160100 -0.957000
vn -0.214100 0.005000 -0.976800
vn -0.658500 0.711800 -0.244400
vn -0.092200 -0.935400 -0.341300
vn -0.158200 -0.589200 -0.792400
vn 0.828800 0.086100 0.552900
vn 0.480400 0.301900 0.823500
vn -0.199200 -0.926200 -0.320000
vn -0.563200 -0.786800 -0.252400
vn -0.439800 -0.506700 -0.741600
vn -0.249000 -0.581100 -0.774800
vn 0.771300 0.273900 -0.574500
vn 0.454800 0.763900 -0.457800
vn 0.643100 0.658300 -0.391400
vn -0.131300 0.940900 -0.312300
vn -0.396600 0.605500 0.689900
vn 0.047400 0.729200 0.682600
vn -0.307000 -0.639200 0.705100
vn -0.590500 -0.288600 0.753700
vn 0.531200 0.664200 0.526000
vn 0.790300 0.240500 0.563500
vn -0.594200 0.179400 0.784100
vn -0.605100 0.004000 0.796200
vn 0.768600 -0.153000 0.621200
vn 0.497200 -0.420900 0.758800
vn -0.569200 0.031700 0.821600
vn -0.547000 -0.074300 0.833800
vn -0.580200 0.514400 0.631500
vn -0.957200 0.045300 0.286000
vn 0.184700 -0.672500 0.716700
vn -0.153900 -0.435900 0.886700
vn -0.463400 0.220400 0.858300
vn 0.708700 0.225900 0.668400
vn 0.796000 -0.003500 0.605300
vn 0.478900 0.509600 0.714800
vn -0.523100 -0.211300 0.825700
vn -0.683500 0.379400 0.623600
vn -0.295600 0.651600 0.698600
vn 0.167800 0.838200 0.518900
vn 0.075800 0.984500 0.158100
vn 0.585100 0.810900 0.012100
vn -0.316500 0.763500 0.562900
vn 0.810000 -0.407200 0.421900
vn 0.995000 -0.005000 -0.099800
vn 0.967000 -0.225600 -0.118400
vn -0.371100 -0.717500 0.589400
vn -0.519500 -0.831000 0.198900
vn 0.082800 -0.850900 0.518700
vn 0.454900 0.566900 -0.686900
vn 0.741700 0.173400 -0.648000
vn 0.946400 0.224900 -0.231700
vn 0.860900 0.159700 -0.483100
vn 0.418200 0.052400 -0.906800
vn 0.854900 -0.148200 -0.497300
vn 0.639800 -0.692000 -0.334500
vn 0.991200 0.130900 0.018600
vn 0.998100 -0.061100 -0.000800
vn 0.312700 -0.908200 0.278200
vn 0.724600 0.689100 -0.007700
vn 0.941900 0.335700 -0.003700
vn 0.938400 0.345500 -0.005800
vn 0.716800 0.697000 -0.018200
vn 0.671800 0.071400 -0.737300
vn 0.437900 0.062900 -0.896800
vn 0.447100 0.181500 -0.875900
vn 0.835100 -0.234400 -0.497600
vn 0.480800 0.876700 -0.011800
vn 0.270000 0.943300 0.192900
vn 0.819100 0.510200 -0.262100
vn 0.978300 0.163300 -0.127500
vn 0.991400 0.085600 -0.098600
vn 0.992000 0.051800 -0.114800
vn 0.412100 0.383400 -0.826600
vn 0.369400 0.638500 -0.675200
vn 0.993900 0.021100 -0.108300
vn 0.994100 0.012700 -0.107900
vn 0.994800 0.022300 -0.099000
vn 0.995600 -0.002900 -0.093700
vn 0.999800 -0.021300 -0.000100
vn 0.992300 -0.071500 -0.101100
vn 0.350500 0.722100 -0.596400
vn 0.771500 0.134600 -0.621900
vn 0.732800 0.680400 0.000900
vn 0.945400 0.325800 0.005700
vn 0.945400 0.325900 -0.001500
vn 0.730800 0.682600 -0.006800
vn 0.965100 0.249100 -0.081200
vn 0.542700 0.836000 -0.080700
vn 0.686600 0.450000 -0.571000
vn 0.929700 0.362700 -0.064800
vn 0.980700 0.176200 -0.084400
vn 0.679400 0.730600 -0.067400
vn 0.924700 0.102600 -0.366700
vn 0.973100 0.215100 -0.082000
vn 0.946200 0.320400 -0.043900
vn 0.982100 0.170700 -0.079100
vn 0.989800 0.118900 -0.077800
vn 0.308300 0.748000 -0.587700
vn 0.628900 0.768600 -0.117100
vn 0.913900 0.405000 -0.028300
vn 0.651800 0.756600 -0.052000
vn 0.914300 0.404700 -0.014100
vn 0.703100 -0.518000 -0.487300
vn 0.332900 -0.821300 -0.463200
vn 0.342600 -0.660600 -0.668000
vn 0.271800 0.770800 -0.576100
vn 0.704700 0.708900 -0.027700
vn 0.927100 0.374800 -0.007900
vn 0.994800 0.102300 0.000600
vn 0.993600 0.113200 0.000100
vn 0.999100 0.043300 -0.000200
vn 0.999100 0.041300 -0.000600
vn 0.924100 0.148900 -0.352000
vn 0.336400 -0.355400 -0.872100
vn 0.922100 0.287900 -0.258500
vn 0.999000 -0.045000 0.000900
vn 0.402000 -0.411900 -0.817700
vn 0.937500 -0.246800 0.245200
vn 0.902800 -0.329700 0.276300
vn 0.999600 -0.027700 0.000900
vn 0.872400 -0.327800 0.362700
vn 0.954800 0.287600 0.074500
vn 0.908800 0.398100 -0.125300
vn 0.628500 -0.685800 -0.367000
vn 0.989700 0.103800 0.098300
vn 0.999100 -0.043400 -0.003700
vn 0.344700 -0.899700 0.267700
vn 0.999000 -0.044400 0.000200
vn 0.405800 -0.420800 -0.811300
vn 0.410200 0.883600 -0.225700
vn 0.377600 0.906700 -0.187800
vn 0.439600 0.892900 -0.096800
vn 0.488800 0.870100 -0.063200
vn 0.269000 -0.957600 0.103600
vn 0.313900 -0.878300 -0.360700
vn 0.987100 0.159900 0.005700
vn 0.999000 -0.043800 0.000200
vn 0.320900 -0.647000 -0.691700
vn 0.999800 0.000000 0.020900
vn 0.336000 -0.381300 -0.861200
vn 0.999900 -0.003300 0.011400
vn 0.994200 0.041500 0.098900
vn 0.996700 0.025000 0.076900
vn 0.999500 -0.023700 0.021400
vn 1.000000 0.000500 0.001300
vn 1.000000 0.001900 0.002600
vn 0.535600 0.219900 -0.815300
vn 0.932000 0.155700 0.327400
vn 0.590600 0.442400 -0.674900
vn 0.883500 -0.217200 0.415000
vn 0.999000 -0.029700 0.034200
vn 0.997400 -0.063800 0.034100
vn 0.362500 0.808300 -0.463900
vn 0.997800 -0.023700 0.061800
vn 0.994100 -0.081400 0.071400
vn 0.404700 -0.535500 -0.741300
vn 0.952600 0.120100 -0.279600
vn 0.489100 -0.761100 0.426100
vn 0.603600 -0.729100 -0.322600
vn 0.479900 -0.302800 0.823400
vn 0.339000 0.568100 -0.749900
vn 0.999600 -0.027700 0.000400
vn 0.999600 -0.027000 0.000300
vn 0.998900 0.046100 -0.000200
vn 0.942700 0.332000 0.033500
vn 0.993900 0.005000 0.110500
vn 0.543900 -0.600500 0.586200
vn 0.998800 0.049000 -0.000300
vn 0.998600 0.052000 0.001000
vn 0.533600 -0.635900 0.557600
vn 0.994000 -0.000100 0.109100
vn 0.588900 -0.572900 0.570100
vn 0.992800 0.055800 0.106100
vn 0.993000 0.117900 -0.000900
vn 0.992500 0.122000 -0.000500
vn 0.223300 0.750800 -0.621600
vn 0.201400 0.718600 -0.665700
vn 0.991700 0.128400 0.002200
vn 0.985100 0.135300 0.106200
vn 0.477200 0.878800 -0.005100
vn 0.268700 0.940900 0.206400
vn -0.021900 -0.614100 -0.788900
vn 0.325900 -0.231500 -0.916600
vn 0.276000 -0.462800 -0.842400
vn 0.985200 0.171500 -0.002300
vn 0.985000 0.172700 -0.000300
vn 0.318700 0.933200 -0.165700
vn 0.741200 0.666100 0.083400
vn 0.984200 0.176800 0.004400
vn 0.976200 0.185700 0.112100
vn 0.651500 -0.483700 0.584400
vn 0.614300 -0.446700 0.650400
vn 0.990700 0.124600 -0.054000
vn 0.731200 -0.319200 0.602900
vn 0.029100 0.075300 0.996700
vn 0.156100 0.087100 0.983900
vn 0.221100 0.158800 0.962200
vn 0.030600 0.133300 0.990600
vn 0.019400 0.998000 -0.060100
vn 0.019100 0.993800 -0.109100
vn 0.666800 -0.719200 0.195500
vn 0.688300 -0.725400 -0.008400
vn 0.019600 0.999700 -0.013400
vn 0.019600 0.999200 -0.033900
vn 0.261400 -0.912800 0.313900
vn 0.079200 0.357000 -0.930700
vn 0.083500 -0.251500 -0.964300
vn 0.083400 0.204900 -0.975200
vn 0.084800 0.056600 -0.994800
vn 0.683600 -0.220500 -0.695800
vn 0.698400 -0.113700 -0.706600
vn 0.644200 -0.391300 0.657200
vn 0.705400 -0.528400 0.472400
vn 0.288200 -0.936100 -0.201900
vn 0.001000 -0.991600 0.129700
vn 0.001200 -0.992200 0.124700
vn 0.272000 0.906100 0.323900
vn 0.019900 0.998400 0.053400
vn 0.660800 -0.579300 0.477300
vn 0.159700 -0.119800 0.979900
vn 0.119300 -0.100100 0.987800
vn 0.028600 -0.107100 0.993800
vn 0.020000 0.999700 -0.010200
vn 0.037700 0.060500 0.997500
vn 0.029600 0.063500 0.997500
vn 0.052700 0.805900 -0.589700
vn 0.054600 0.780600 -0.622600
vn 0.287400 -0.921300 0.262000
vn 0.692300 -0.113500 0.712600
vn 0.230800 -0.929600 -0.287400
vn 0.674800 -0.614800 0.408300
vn 0.001400 -0.998500 -0.054200
vn 0.689900 -0.244000 -0.681500
vn 0.028700 0.017100 0.999400
vn 0.132900 0.087200 0.987300
vn 0.107300 -0.010100 0.994200
vn 0.028500 0.013500 0.999500
vn 0.096200 0.029700 0.994900
vn 0.028900 0.016400 0.999400
vn 0.683800 -0.690600 0.235400
vn 0.689100 -0.717600 0.100800
vn 0.654000 -0.302200 0.693600
vn 0.660600 -0.584100 0.471700
vn 0.684100 -0.367200 -0.630200
vn 0.059500 -0.291900 -0.954600
vn 0.703300 -0.096500 0.704300
vn 0.676000 -0.517400 -0.524700
vn 0.019800 0.999700 -0.013400
vn 0.672700 -0.508400 -0.537700
vn 0.687400 -0.351800 -0.635500
vn 0.088100 -0.008800 -0.996100
vn 0.661200 -0.682600 -0.311200
vn 0.066900 0.722900 -0.687700
vn 0.058400 0.772500 -0.632400
vn -0.176900 0.401400 0.898600
vn 0.018300 0.719800 0.693900
vn 0.076700 0.429500 -0.899800
vn 0.054600 0.771000 -0.634500
vn 0.061900 0.688900 -0.722300
vn 0.678500 -0.732500 -0.055300
vn 0.675700 -0.644800 -0.357200
vn 0.019800 0.980100 -0.197700
vn 0.678800 -0.715200 -0.166400
vn 0.305700 0.854500 -0.419900
vn 0.939300 0.324700 0.111000
vn 0.985400 0.170000 -0.001100
vn 0.942800 0.295800 0.153600
vn 0.032800 0.134100 0.990400
vn 0.031500 0.527700 0.848800
vn 0.285800 0.193400 0.938600
vn -0.542600 0.613600 0.573700
vn 0.027400 0.732200 0.680500
vn 0.619700 0.128900 -0.774200
vn 0.185300 0.082800 -0.979200
vn 0.177200 0.520700 -0.835200
vn 0.502400 0.420500 -0.755500
vn -0.545700 -0.756100 -0.361200
vn -0.529100 -0.480600 -0.699400
vn 0.152400 -0.589900 -0.793000
vn 0.087900 -0.936900 -0.338400
vn 0.613700 -0.001000 -0.789500
vn 0.964900 0.002800 -0.262600
vn 0.911300 -0.336000 -0.237800
vn 0.606400 -0.255600 -0.753000
vn 0.165300 -0.040800 -0.985400
vn 0.115100 0.530600 -0.839800
vn 0.122500 0.522400 -0.843800
vn 0.167300 -0.047500 -0.984800
vn -0.260200 0.130100 -0.956800
vn -0.135700 0.433100 -0.891100
vn -0.498300 -0.069100 -0.864200
vn -0.563000 0.363300 -0.742300
vn -0.438100 0.590100 -0.678100
vn -0.791300 0.102300 -0.602800
vn -0.225600 0.038200 -0.973500
vn -0.019700 0.230000 -0.973000
vn 0.950100 0.201000 -0.238500
vn 0.241300 -0.160300 -0.957100
vn 0.214300 0.005300 -0.976800
vn 0.656400 0.713300 -0.245700
vn 0.158100 -0.589200 -0.792400
vn 0.092300 -0.935500 -0.341100
vn -0.480400 0.301900 0.823500
vn -0.828800 0.086100 0.552900
vn 0.199200 -0.926300 -0.319900
vn 0.249200 -0.580900 -0.774900
vn 0.439800 -0.506600 -0.741600
vn 0.563600 -0.786400 -0.252800
vn -0.771300 0.273900 -0.574500
vn -0.454700 0.763900 -0.457900
vn -0.642100 0.659300 -0.391200
vn 0.130900 0.941000 -0.312200
vn -0.047400 0.729200 0.682600
vn 0.396600 0.605500 0.689900
vn 0.307000 -0.639200 0.705100
vn 0.590500 -0.288500 0.753700
vn -0.790300 0.240500 0.563500
vn -0.531200 0.664200 0.526000
vn 0.594200 0.179400 0.784100
vn 0.605100 0.004000 0.796200
vn -0.497200 -0.420900 0.758800
vn -0.768600 -0.153000 0.621200
vn 0.569200 0.031700 0.821600
vn 0.490300 -0.562300 0.665900
vn 0.575600 0.531700 0.621200
vn 0.547000 -0.074300 0.833800
vn 0.153900 -0.435900 0.886700
vn -0.184700 -0.672500 0.716700
vn 0.463400 0.220400 0.858300
vn -0.796000 -0.003500 0.605300
vn -0.708700 0.225900 0.668400
vn -0.478900 0.509600 0.714800
vn 0.523100 -0.211300 0.825700
vn 0.683800 0.371400 0.628100
vn 0.341300 0.620800 0.705800
vn 0.377700 0.615200 0.692000
vn -0.167700 0.838300 0.518800
vn 0.022200 0.778200 0.627700
vn 0.307000 0.772900 0.555400
vn -0.618700 0.635400 0.462000
vn -0.810000 -0.407200 0.421900
vn -0.735400 0.509100 0.447100
vn -0.182200 -0.731500 0.657000
vn 0.371100 -0.717600 0.589300
vn -0.082800 -0.850900 0.518700
o ford_transit
usemtl ford_transit
f 1/1/1 2/2/2 3/3/1
f 4/4/3 5/5/4 6/6/5
f 7/7/6 8/8/7 9/9/8
f 10/10/9 11/11/10 12/12/11
f 13/13/12 14/14/13 15/15/14
f 16/16/15 17/17/15 18/18/16
f 19/19/17 20/20/18 21/21/19
f 22/22/20 23/23/21 24/24/22
f 25/25/23 26/26/24 27/27/25
f 28/28/26 29/29/27 30/30/28
f 31/31/29 32/32/30 33/33/31
f 31/31/29 33/33/31 34/34/32
f 35/35/33 36/36/34 32/37/30
f 35/38/33 32/39/30 31/40/29
f 37/41/35 38/42/36 39/43/37
f 37/41/35 39/43/37 40/44/38
f 41/45/39 42/46/40 43/47/41
f 41/45/39 43/47/41 44/48/42
f 45/49/43 46/50/44 47/51/45
f 45/49/43 47/51/45 48/52/46
f 49/53/47 50/54/48 42/55/40
f 49/53/47 42/55/40 41/56/39
f 51/57/49 52/58/50 53/59/51
f 51/57/49 53/59/51 54/60/52
f 51/61/49 54/62/52 55/63/53
f 51/61/49 55/63/53 56/64/54
f 45/65/43 57/66/55 58/67/56
f 45/65/43 58/67/56 46/68/44
f 33/69/31 32/70/30 59/71/57
f 33/69/31 59/71/57 60/72/58
f 59/71/57 61/73/59 39/43/37
f 59/71/57 39/43/37 62/74/60
f 54/62/52 63/75/61 64/76/62
f 54/62/52 64/76/62 55/63/53
f 65/77/63 66/78/64 67/79/65
f 65/77/63 67/79/65 68/80/66
f 32/70/30 36/81/34 61/73/59
f 32/70/30 61/73/59 59/71/57
f 33/82/31 45/49/43 48/52/46
f 33/83/31 48/84/46 34/85/32
f 69/86/67 70/87/68 71/88/69
f 69/86/67 71/88/69 72/89/70
f 73/90/71 74/91/72 75/92/73
f 73/90/71 75/92/73 76/93/74
f 63/94/61 77/95/75 78/96/76
f 63/94/61 78/96/76 79/97/77
f 54/60/52 53/59/51 77/95/75
f 54/60/52 77/95/75 63/94/61
f 64/76/62 63/75/61 79/98/77
f 64/76/62 79/98/77 80/99/78
f 60/72/58 57/66/55 45/65/43
f 60/72/58 45/65/43 33/69/31
f 60/72/58 59/71/57 62/74/60
f 60/72/58 62/74/60 81/100/1
f 70/87/68 82/101/79 83/102/80
f 70/87/68 83/102/80 71/88/69
f 83/102/80 82/101/79 84/103/81
f 83/102/80 84/103/81 85/104/82
f 86/105/83 87/106/84 88/107/1
f 86/105/83 88/107/1 81/100/1
f 87/106/84 89/108/85 90/109/1
f 87/106/84 90/109/1 88/107/1
f 53/59/51 90/109/1 91/110/1
f 53/59/51 91/110/1 77/95/75
f 80/99/78 79/98/77 76/111/74
f 80/99/78 76/111/74 92/112/86
f 79/97/77 78/96/76 73/90/71
f 79/97/77 73/90/71 76/93/74
f 84/103/81 93/113/87 94/114/88
f 84/103/81 94/114/88 85/104/82
f 93/113/87 43/47/41 42/46/40
f 93/113/87 42/46/40 94/114/88
f 95/115/89 96/116/90 97/117/91
f 95/115/89 97/117/91 98/118/92
f 77/95/75 96/116/90 95/115/89
f 77/95/75 95/115/89 78/96/76
f 99/119/93 100/120/94 101/121/1
f 99/119/93 101/121/1 91/110/1
f 81/100/1 88/107/1 57/66/55
f 81/100/1 57/66/55 60/72/58
f 91/110/1 101/121/1 96/116/90
f 91/110/1 96/116/90 77/95/75
f 88/107/1 90/109/1 58/67/56
f 88/107/1 58/67/56 57/66/55
f 91/110/1 90/109/1 89/108/85
f 91/110/1 89/108/85 99/119/93
f 81/100/1 62/74/60 102/122/95
f 81/100/1 102/122/95 86/105/83
f 62/74/60 39/43/37 38/42/36
f 62/74/60 38/42/36 102/122/95
f 103/123/96 104/124/97 105/125/98
f 103/123/96 105/125/98 106/126/99
f 107/127/100 108/128/101 104/124/97
f 107/127/100 104/124/97 103/123/96
f 109/129/1 110/130/102 108/128/101
f 109/129/1 108/128/101 107/127/100
f 111/131/1 112/132/103 110/130/102
f 111/131/1 110/130/102 109/129/1
f 100/120/94 112/132/103 111/131/1
f 100/120/94 111/131/1 101/121/1
f 113/133/104 114/134/105 115/135/106
f 113/133/104 115/135/106 116/136/107
f 106/126/99 117/137/108 118/138/109
f 106/126/99 118/138/109 103/123/96
f 83/139/80 119/140/110 120/141/111
f 83/139/80 120/141/111 71/142/69
f 85/143/82 121/144/112 119/140/110
f 85/143/82 119/140/110 83/139/80
f 94/145/88 122/146/113 121/144/112
f 94/145/88 121/144/112 85/143/82
f 42/55/40 50/54/48 122/146/113
f 42/55/40 122/146/113 94/145/88
f 114/134/105 123/147/114 2/2/2
f 114/134/105 2/2/2 115/135/106
f 123/147/114 124/148/115 3/3/1
f 123/147/114 3/3/1 2/2/2
f 116/136/107 115/135/106 125/149/116
f 116/136/107 125/149/116 126/150/117
f 124/148/115 127/151/118 128/152/1
f 124/148/115 128/152/1 3/3/1
f 127/151/118 129/153/119 130/154/120
f 127/151/118 130/154/120 128/152/1
f 131/155/121 132/156/122 133/157/123
f 131/155/121 133/157/123 134/158/124
f 135/159/125 136/160/126 137/161/127
f 135/159/125 137/161/127 138/162/128
f 138/162/128 137/161/127 139/163/129
f 138/162/128 139/163/129 131/155/121
f 130/154/120 129/153/119 136/160/126
f 130/154/120 136/160/126 135/159/125
f 140/164/130 141/165/131 142/166/132
f 140/164/130 142/166/132 143/167/133
f 143/167/133 142/166/132 144/168/134
f 143/167/133 144/168/134 145/169/135
f 142/166/132 141/165/131 146/170/136
f 142/166/132 146/170/136 147/171/137
f 148/172/138 144/168/134 149/173/139
f 148/172/138 149/173/139 150/174/140
f 139/163/129 151/175/141 132/156/122
f 139/163/129 132/156/122 131/155/121
f 152/176/142 107/127/100 103/123/96
f 152/176/142 103/123/96 118/138/109
f 118/138/109 125/149/116 153/177/143
f 118/138/109 153/177/143 152/176/142
f 152/176/142 153/177/143 154/178/1
f 152/176/142 154/178/1 155/179/1
f 155/179/1 109/129/1 107/127/100
f 155/179/1 107/127/100 152/176/142
f 155/179/1 154/178/1 156/180/1
f 155/179/1 156/180/1 157/181/1
f 157/181/1 111/131/1 109/129/1
f 157/181/1 109/129/1 155/179/1
f 157/181/1 156/180/1 158/182/144
f 157/181/1 158/182/144 97/117/91
f 47/51/45 46/50/44 51/61/49
f 47/51/45 51/61/49 56/64/54
f 58/67/56 90/109/1 53/59/51
f 58/67/56 53/59/51 52/58/50
f 46/68/44 58/67/56 52/58/50
f 46/68/44 52/58/50 51/57/49
f 159/183/145 160/184/146 161/185/147
f 159/183/145 161/185/147 134/158/124
f 128/152/1 162/186/148 163/187/149
f 128/152/1 163/187/149 164/188/1
f 165/189/150 166/190/151 161/185/147
f 165/189/150 161/185/147 160/184/146
f 167/191/152 168/192/153 166/190/151
f 167/191/152 166/190/151 165/189/150
f 169/193/154 158/182/144 163/187/149
f 169/193/154 163/187/149 170/194/155
f 126/150/117 125/149/116 118/138/109
f 126/150/117 118/138/109 117/137/108
f 154/178/1 153/177/143 2/2/2
f 154/178/1 2/2/2 1/1/1
f 72/195/70 171/196/156 172/197/157
f 72/195/70 172/197/157 75/198/73
f 156/180/1 154/178/1 1/1/1
f 156/180/1 1/1/1 164/188/1
f 153/177/143 125/149/116 115/135/106
f 153/177/143 115/135/106 2/2/2
f 173/199/158 162/186/148 168/192/153
f 173/199/158 168/192/153 174/200/159
f 97/117/91 158/182/144 169/193/154
f 97/117/91 169/193/154 98/118/92
f 135/159/125 162/186/148 128/152/1
f 135/201/125 128/202/1 130/203/120
f 75/92/73 74/91/72 69/86/67
f 75/92/73 69/86/67 72/89/70
f 75/198/73 172/197/157 92/112/86
f 75/198/73 92/112/86 76/111/74
f 95/115/89 74/91/72 73/90/71
f 95/115/89 73/90/71 78/96/76
f 120/204/111 171/196/156 72/195/70
f 120/204/111 72/195/70 71/205/69
f 175/206/160 176/207/161 66/208/64
f 175/206/160 66/208/64 65/209/63
f 177/210/162 36/36/34 35/35/33
f 177/210/162 35/35/33 178/211/163
f 179/212/164 61/73/59 36/81/34
f 179/212/164 36/81/34 177/213/162
f 40/44/38 39/43/37 61/73/59
f 40/44/38 61/73/59 179/212/164
f 164/188/1 163/187/149 158/182/144
f 164/188/1 158/182/144 156/180/1
f 66/208/64 176/207/161 49/53/47
f 66/208/64 49/53/47 41/56/39
f 164/188/1 1/1/1 3/3/1
f 164/188/1 3/3/1 128/152/1
f 170/194/155 180/214/165 181/215/166
f 170/194/155 181/215/166 169/193/154
f 170/194/155 163/187/149 162/186/148
f 170/194/155 162/186/148 173/199/158
f 65/209/63 182/216/167 183/217/168
f 65/209/63 183/217/168 175/206/160
f 174/200/159 184/218/169 185/219/170
f 174/200/159 185/219/170 173/199/158
f 174/200/159 168/192/153 167/191/152
f 174/200/159 167/191/152 186/220/171
f 133/157/123 145/169/135 187/221/172
f 133/157/123 187/221/172 188/222/173
f 134/158/124 161/185/147 138/162/128
f 134/158/124 138/162/128 131/155/121
f 161/185/147 166/190/151 135/159/125
f 161/185/147 135/159/125 138/162/128
f 183/217/168 182/216/167 6/6/5
f 183/217/168 6/6/5 5/5/4
f 166/190/151 168/192/153 162/186/148
f 166/190/151 162/186/148 135/159/125
f 134/158/124 133/157/123 188/222/173
f 134/158/124 188/222/173 159/183/145
f 149/173/139 144/168/134 142/166/132
f 149/173/139 142/166/132 147/171/137
f 186/220/171 189/223/174 184/218/169
f 186/220/171 184/218/169 174/200/159
f 190/224/175 191/225/176 192/226/177
f 190/224/175 192/226/177 193/227/178
f 194/228/179 195/229/180 121/144/112
f 194/228/179 121/144/112 122/146/113
f 196/230/181 197/231/182 129/232/119
f 196/230/181 129/232/119 127/233/118
f 198/234/183 199/235/184 50/54/48
f 198/234/183 50/54/48 49/53/47
f 200/236/185 201/237/186 113/238/104
f 200/236/185 113/238/104 116/239/107
f 202/240/187 203/241/187 40/242/38
f 202/240/187 40/242/38 179/243/164
f 204/244/188 205/245/189 35/35/33
f 204/244/188 35/35/33 31/246/29
f 206/247/190 207/248/191 48/84/46
f 206/247/190 48/84/46 47/249/45
f 208/250/192 209/251/193 141/252/131
f 208/250/192 141/252/131 140/253/130
f 199/235/184 194/228/179 122/146/113
f 199/235/184 122/146/113 50/54/48
f 210/254/194 211/255/195 86/256/83
f 210/254/194 86/256/83 102/257/95
f 209/251/193 212/258/196 146/259/136
f 209/251/193 146/259/136 141/252/131
f 213/260/197 214/261/198 215/262/199
f 213/260/197 215/262/199 149/263/139
f 216/264/200 217/265/201 183/217/168
f 216/264/200 183/217/168 5/5/4
f 218/266/202 219/267/203 220/268/204
f 218/266/202 220/268/204 221/269/205
f 217/265/201 222/270/206 175/206/160
f 217/265/201 175/206/160 183/217/168
f 223/271/207 200/236/185 116/239/107
f 223/271/207 116/239/107 126/272/117
f 224/273/208 225/274/209 9/275/8
f 224/273/208 9/275/8 8/276/7
f 226/277/210 227/278/211 80/99/78
f 226/277/210 80/99/78 92/112/86
f 228/279/212 229/280/213 38/281/36
f 228/279/212 38/281/36 37/282/35
f 230/283/214 231/284/215 106/285/99
f 230/283/214 106/285/99 105/286/98
f 211/255/195 232/287/216 87/288/84
f 211/255/195 87/288/84 86/256/83
f 233/289/217 202/240/187 179/243/164
f 233/289/217 179/243/164 177/290/162
f 234/291/218 230/292/214 105/293/98
f 234/291/218 105/293/98 104/294/97
f 235/295/219 236/296/220 237/297/221
f 235/295/219 237/297/221 238/298/222
f 225/274/209 239/299/223 240/300/224
f 225/274/209 240/300/224 9/275/8
f 212/301/196 241/302/197 147/303/137
f 212/301/196 147/303/137 146/304/136
f 229/280/213 210/305/194 102/306/95
f 229/280/213 102/306/95 38/281/36
f 242/307/225 243/308/226 99/309/93
f 242/307/225 99/309/93 89/310/85
f 244/311/227 245/312/228 124/313/115
f 244/311/227 124/313/115 123/314/114
f 203/241/187 228/315/212 37/316/35
f 203/241/187 37/316/35 40/242/38
f 246/317/229 234/291/218 104/294/97
f 246/317/229 104/294/97 108/318/101
f 236/296/220 190/224/175 193/227/178
f 236/296/220 193/227/178 237/297/221
f 205/245/189 247/319/230 178/211/163
f 205/245/189 178/211/163 35/35/33
f 239/299/223 235/295/219 238/298/222
f 239/299/223 238/298/222 240/300/224
f 232/287/216 242/307/225 89/310/85
f 232/287/216 89/310/85 87/288/84
f 241/302/197 213/260/197 149/263/139
f 241/302/197 149/263/139 147/303/137
f 248/320/231 244/311/227 123/314/114
f 248/320/231 123/314/114 114/321/105
f 249/322/232 246/317/229 108/318/101
f 249/322/232 108/318/101 110/323/102
f 222/270/206 250/324/233 176/207/161
f 222/270/206 176/207/161 175/206/160
f 251/325/234 252/326/235 151/327/141
f 251/325/234 151/327/141 139/328/129
f 247/329/230 233/289/217 177/290/162
f 247/329/230 177/290/162 178/330/163
f 207/248/191 253/331/236 34/85/32
f 207/248/191 34/85/32 48/84/46
f 254/332/237 249/333/232 110/334/102
f 254/332/237 110/334/102 112/335/103
f 255/336/238 256/337/239 172/197/157
f 255/336/238 172/197/157 171/196/156
f 219/267/203 257/338/240 258/339/241
f 219/267/203 258/339/241 220/268/204
f 259/340/242 206/247/190 47/249/45
f 259/340/242 47/249/45 56/341/54
f 256/337/239 226/277/210 92/112/86
f 256/337/239 92/112/86 172/197/157
f 245/342/228 196/230/181 127/233/118
f 245/342/228 127/233/118 124/343/115
f 260/344/243 261/345/244 55/63/53
f 260/344/243 55/63/53 64/76/62
f 262/346/245 254/332/237 112/335/103
f 262/346/245 112/335/103 100/347/94
f 227/278/211 260/344/243 64/76/62
f 227/278/211 64/76/62 80/99/78
f 263/348/246 251/349/234 139/350/129
f 263/348/246 139/350/129 137/351/127
f 231/284/215 264/352/247 117/353/108
f 231/284/215 117/353/108 106/285/99
f 243/308/226 262/346/245 100/347/94
f 243/308/226 100/347/94 99/309/93
f 264/352/247 223/271/207 126/272/117
f 264/352/247 126/272/117 117/353/108
f 195/229/180 265/354/248 119/140/110
f 195/229/180 119/140/110 121/144/112
f 197/231/182 266/355/249 136/356/126
f 197/231/182 136/356/126 129/232/119
f 250/324/233 198/234/183 49/53/47
f 250/324/233 49/53/47 176/207/161
f 267/357/250 255/336/238 171/196/156
f 267/357/250 171/196/156 120/204/111
f 201/358/186 248/320/231 114/321/105
f 201/358/186 114/321/105 113/359/104
f 253/360/236 204/361/188 31/31/29
f 253/360/236 31/31/29 34/34/32
f 261/345/244 259/362/242 56/64/54
f 261/345/244 56/64/54 55/63/53
f 266/355/249 263/348/246 137/351/127
f 266/355/249 137/351/127 136/356/126
f 265/354/248 267/363/250 120/141/111
f 265/354/248 120/141/111 119/140/110
f 68/80/66 67/79/65 180/214/165
f 68/80/66 180/214/165 185/219/170
f 68/80/66 268/364/251 182/365/167
f 68/80/66 182/365/167 65/77/63
f 44/48/42 67/79/65 66/78/64
f 44/48/42 66/78/64 41/45/39
f 44/48/42 43/47/41 269/366/252
f 44/48/42 269/366/252 181/215/166
f 268/364/251 270/367/253 6/368/5
f 268/364/251 6/368/5 182/365/167
f 271/369/254 272/370/255 273/371/256
f 271/369/254 273/371/256 274/372/257
f 270/373/253 275/374/258 4/375/3
f 270/373/253 4/375/3 6/376/5
f 276/377/259 277/378/260 267/363/250
f 276/377/259 267/363/250 265/354/248
f 278/379/261 279/380/262 259/362/242
f 278/379/261 259/362/242 261/345/244
f 280/381/263 281/382/264 204/361/188
f 280/381/263 204/361/188 253/360/236
f 277/383/260 282/384/265 255/336/238
f 277/383/260 255/336/238 267/357/250
f 283/385/266 284/386/266 198/234/183
f 283/385/266 198/234/183 250/324/233
f 285/387/267 276/377/259 265/354/248
f 285/387/267 265/354/248 195/229/180
f 286/388/247 287/389/207 223/271/207
f 286/388/247 223/271/207 264/352/247
f 288/390/215 286/388/247 264/352/247
f 288/390/215 264/352/247 231/284/215
f 289/391/268 290/392/269 260/344/243
f 289/391/268 260/344/243 227/278/211
f 290/392/269 278/379/261 261/345/244
f 290/392/269 261/345/244 260/344/243
f 291/393/270 292/394/271 226/277/210
f 291/393/270 226/277/210 256/337/239
f 279/395/262 293/396/272 206/247/190
f 279/395/262 206/247/190 259/340/242
f 294/397/273 295/398/274 257/338/240
f 294/397/273 257/338/240 219/267/203
f 282/384/265 291/393/270 256/337/239
f 282/384/265 256/337/239 255/336/238
f 296/399/275 280/400/263 253/331/236
f 296/399/275 253/331/236 207/248/191
f 297/401/276 298/402/277 233/289/217
f 297/401/276 233/289/217 247/329/230
f 299/403/278 283/385/266 250/324/233
f 299/403/278 250/324/233 222/270/206
f 300/404/197 301/405/197 213/260/197
f 300/404/197 213/260/197 241/302/197
f 302/406/279 303/407/280 235/295/219
f 302/406/279 235/295/219 239/299/223
f 304/408/281 297/409/276 247/319/230
f 304/408/281 247/319/230 205/245/189
f 305/410/282 306/411/283 190/224/175
f 305/410/282 190/224/175 236/296/220
f 307/412/187 308/413/284 228/315/212
f 307/412/187 228/315/212 203/241/187
f 309/414/285 300/404/197 241/302/197
f 309/414/285 241/302/197 212/301/196
f 310/415/286 302/406/279 239/299/223
f 310/415/286 239/299/223 225/274/209
f 303/407/280 305/410/282 236/296/220
f 303/407/280 236/296/220 235/295/219
f 298/402/277 311/416/187 202/240/187
f 298/402/277 202/240/187 233/289/217
f 312/417/287 288/390/215 231/284/215
f 312/417/287 231/284/215 230/283/214
f 292/394/271 289/391/268 227/278/211
f 292/394/271 227/278/211 226/277/210
f 313/418/288 310/415/286 225/274/209
f 313/418/288 225/274/209 224/273/208
f 287/389/207 314/419/185 200/236/185
f 287/389/207 200/236/185 223/271/207
f 315/420/289 299/403/278 222/270/206
f 315/420/289 222/270/206 217/265/201
f 316/421/290 294/397/273 219/267/203
f 316/421/290 219/267/203 218/266/202
f 317/422/291 315/420/289 217/265/201
f 317/422/291 217/265/201 216/264/200
f 301/405/197 318/423/292 214/261/198
f 301/405/197 214/261/198 213/260/197
f 273/424/256 317/422/291 216/264/200
f 273/424/256 216/264/200 274/425/257
f 319/426/293 320/427/294 194/228/179
f 319/426/293 194/228/179 199/235/184
f 293/396/272 296/399/275 207/248/191
f 293/396/272 207/248/191 206/247/190
f 281/428/264 304/408/281 205/245/189
f 281/428/264 205/245/189 204/244/188
f 311/416/187 307/412/187 203/241/187
f 311/416/187 203/241/187 202/240/187
f 314/419/185 321/429/295 201/237/186
f 314/419/185 201/237/186 200/236/185
f 284/386/266 319/426/293 199/235/184
f 284/386/266 199/235/184 198/234/183
f 320/427/294 285/387/267 195/229/180
f 320/427/294 195/229/180 194/228/179
f 306/411/283 322/430/296 191/225/176
f 306/411/283 191/225/176 190/224/175
f 184/218/169 189/223/174 270/367/253
f 184/218/169 270/367/253 268/364/251
f 185/219/170 184/218/169 268/364/251
f 185/219/170 268/364/251 68/80/66
f 181/215/166 180/214/165 67/79/65
f 181/215/166 67/79/65 44/48/42
f 181/215/166 269/366/252 98/118/92
f 181/215/166 98/118/92 169/193/154
f 185/219/170 180/214/165 170/194/155
f 185/219/170 170/194/155 173/199/158
f 191/225/176 322/430/296 272/370/255
f 191/225/176 272/370/255 271/369/254
f 189/431/174 192/226/177 275/374/258
f 189/431/174 275/374/258 270/373/253
f 7/432/6 9/275/8 159/433/145
f 7/432/6 159/433/145 188/434/173
f 221/269/205 220/268/204 148/435/138
f 221/269/205 148/435/138 150/436/140
f 220/268/204 258/339/241 187/437/172
f 220/268/204 187/437/172 148/435/138
f 214/261/198 318/423/292 316/438/290
f 214/261/198 316/438/290 218/439/202
f 221/440/205 215/262/199 214/261/198
f 221/440/205 214/261/198 218/439/202
f 149/263/139 215/262/199 221/440/205
f 149/263/139 221/440/205 150/441/140
f 275/374/258 192/226/177 191/225/176
f 275/374/258 191/225/176 271/369/254
f 193/227/178 192/226/177 189/431/174
f 193/227/178 189/431/174 186/442/171
f 4/375/3 275/374/258 271/369/254
f 4/375/3 271/369/254 274/372/257
f 240/300/224 238/298/222 165/443/150
f 240/300/224 165/443/150 160/444/146
f 238/298/222 237/297/221 167/445/152
f 238/298/222 167/445/152 165/443/150
f 9/275/8 240/300/224 160/444/146
f 9/275/8 160/444/146 159/433/145
f 237/297/221 193/227/178 186/442/171
f 237/297/221 186/442/171 167/445/152
f 216/264/200 5/5/4 4/4/3
f 216/264/200 4/4/3 274/425/257
f 323/446/297 324/447/298 224/273/208
f 323/446/297 224/273/208 8/276/7
f 324/447/298 325/448/299 313/418/288
f 324/447/298 313/418/288 224/273/208
f 187/437/172 258/339/241 7/432/6
f 187/437/172 7/432/6 188/434/173
f 252/326/235 208/250/192 140/253/130
f 252/326/235 140/253/130 151/327/141
f 132/156/122 143/167/133 145/169/135
f 132/156/122 145/169/135 133/157/123
f 151/175/141 140/164/130 143/167/133
f 151/175/141 143/167/133 132/156/122
f 187/221/172 145/169/135 144/168/134
f 187/221/172 144/168/134 148/172/138
f 258/449/241 323/450/297 8/8/7
f 258/449/241 8/8/7 7/7/6
f 257/451/240 324/452/298 323/453/297
f 257/451/240 323/453/297 258/454/241
f 295/455/274 325/456/299 324/452/298
f 295/455/274 324/452/298 257/451/240
f 308/413/284 312/417/287 230/283/214
f 308/413/284 230/283/214 228/315/212
f 201/237/186 321/429/295 309/414/285
f 201/237/186 309/414/285 212/301/196
f 326/457/300 327/458/301 328/459/302
f 326/460/300 328/461/302 329/462/303
f 330/463/304 331/464/305 332/465/306
f 330/463/304 332/465/306 333/466/307
f 334/467/308 335/468/309 336/469/310
f 334/467/308 336/469/310 337/470/311
f 338/471/312 339/472/313 340/473/314
f 338/471/312 340/473/314 341/474/315
f 329/475/303 328/476/302 342/477/316
f 329/475/303 342/477/316 343/478/317
f 344/479/318 338/471/312 341/474/315
f 344/479/318 341/474/315 345/480/319
f 346/481/320 347/482/321 348/483/322
f 346/481/320 348/483/322 349/484/323
f 337/485/311 350/486/324 326/487/300
f 337/485/311 326/487/300 334/488/308
f 351/489/325 335/490/309 334/491/308
f 351/489/325 334/491/308 352/492/326
f 350/486/324 353/493/327 327/494/301
f 350/486/324 327/494/301 326/487/300
f 352/492/326 329/475/303 343/478/317
f 352/492/326 343/478/317 348/483/322
f 331/464/305 354/495/328 355/496/329
f 331/464/305 355/496/329 332/465/306
f 346/497/320 349/498/323 356/499/330
f 346/497/320 356/499/330 357/500/331
f 358/501/332 359/502/333 360/503/334
f 358/501/332 360/503/334 361/504/335
f 335/490/309 360/505/334 359/506/333
f 335/468/309 359/507/333 336/469/310
f 348/483/322 343/478/317 362/508/336
f 348/483/322 362/508/336 349/484/323
f 334/491/308 326/509/300 329/475/303
f 334/491/308 329/475/303 352/492/326
f 343/510/317 342/511/316 363/512/337
f 343/510/317 363/512/337 362/513/336
f 361/514/335 360/505/334 335/490/309
f 361/514/335 335/490/309 351/489/325
f 332/515/306 355/516/329 339/472/313
f 332/515/306 339/472/313 338/471/312
f 345/517/319 341/518/315 346/519/320
f 345/517/319 346/519/320 364/520/338
f 348/483/322 347/482/321 351/489/325
f 348/483/322 351/489/325 352/492/326
f 333/521/307 332/515/306 338/471/312
f 333/521/307 338/471/312 344/479/318
f 365/522/339 353/523/327 366/524/340
f 365/522/339 366/524/340 367/525/341
f 359/502/333 358/501/332 13/526/12
f 359/502/333 13/526/12 368/527/342
f 336/469/310 359/507/333 368/528/342
f 336/469/310 368/528/342 369/529/343
f 362/530/336 363/531/337 370/532/344
f 362/530/336 370/532/344 371/533/345
f 331/464/305 330/463/304 11/534/10
f 331/464/305 11/534/10 10/535/9
f 353/536/327 350/537/324 372/538/346
f 353/536/327 372/538/346 366/539/340
f 337/470/311 336/469/310 369/529/343
f 337/470/311 369/529/343 373/540/347
f 364/541/338 346/542/320 357/543/331
f 364/541/338 357/543/331 12/544/11
f 349/498/323 362/530/336 371/533/345
f 349/498/323 371/533/345 356/499/330
f 350/537/324 337/470/311 373/540/347
f 350/537/324 373/540/347 372/538/346
f 358/501/332 354/495/328 14/545/13
f 358/501/332 14/545/13 13/526/12
f 363/546/337 365/522/339 367/525/341
f 363/546/337 367/525/341 370/547/344
f 340/548/314 347/549/321 346/519/320
f 340/548/314 346/519/320 341/518/315
f 363/550/337 342/551/316 328/552/302
f 363/550/337 328/552/302 365/553/339
f 327/494/301 353/493/327 365/553/339
f 327/494/301 365/553/339 328/552/302
f 366/554/340 372/555/346 374/556/348
f 366/554/340 374/556/348 375/557/349
f 12/12/11 357/558/331 14/14/13
f 12/12/11 14/14/13 10/10/9
f 339/472/313 355/516/329 361/514/335
f 339/472/313 361/514/335 351/489/325
f 340/473/314 339/472/313 351/489/325
f 340/473/314 351/489/325 347/482/321
f 14/545/13 354/495/328 331/464/305
f 14/545/13 331/464/305 10/535/9
f 355/496/329 354/495/328 358/501/332
f 355/496/329 358/501/332 361/504/335
f 376/559/350 377/560/351 378/561/352
f 376/559/350 378/561/352 379/562/353
f 370/563/344 367/564/341 380/565/354
f 370/563/344 380/565/354 381/566/355
f 357/558/331 356/567/330 377/568/351
f 357/558/331 377/568/351 376/569/350
f 367/564/341 366/554/340 375/557/349
f 367/564/341 375/557/349 380/565/354
f 14/14/13 357/558/331 376/569/350
f 14/14/13 376/569/350 382/570/356
f 373/571/347 369/572/343 383/573/357
f 373/571/347 383/573/357 384/574/358
f 368/575/342 13/13/12 15/15/14
f 368/575/342 15/15/14 385/576/359
f 371/577/345 370/563/344 381/566/355
f 371/577/345 381/566/355 386/578/360
f 372/555/346 373/571/347 384/574/358
f 372/555/346 384/574/358 374/556/348
f 369/572/343 368/575/342 385/576/359
f 369/572/343 385/576/359 383/573/357
f 356/567/330 371/577/345 386/578/360
f 356/567/330 386/578/360 377/568/351
f 377/560/351 386/579/360 387/580/361
f 377/560/351 387/580/361 378/561/352
f 15/15/14 14/14/13 382/570/356
f 15/581/14 382/582/356 388/583/362
f 15/584/14 388/585/362 389/586/363
f 15/584/14 389/586/363 390/587/364
f 385/588/359 15/584/14 390/587/364
f 385/588/359 390/587/364 391/589/365
f 388/590/362 382/591/356 392/592/366
f 388/590/362 392/592/366 389/593/363
f 384/594/358 383/595/357 393/596/367
f 384/594/358 393/596/367 394/597/368
f 383/598/357 385/599/359 391/600/365
f 383/598/357 391/600/365 393/601/367
f 374/602/348 384/594/358 394/597/368
f 374/602/348 394/597/368 395/603/369
f 382/591/356 376/559/350 379/562/353
f 382/591/356 379/562/353 392/592/366
f 381/604/355 380/605/354 396/606/370
f 381/604/355 396/606/370 397/607/371
f 380/605/354 375/608/349 398/609/372
f 380/605/354 398/609/372 396/606/370
f 386/579/360 381/610/355 397/611/371
f 386/579/360 397/611/371 387/580/361
f 375/612/349 374/602/348 395/603/369
f 375/612/349 395/603/369 398/613/372
f 399/614/373 400/615/374 401/616/375
f 399/614/373 401/616/375 402/617/376
f 403/618/377 399/619/373 402/620/376
f 403/621/377 402/622/376 404/623/378
f 405/624/379 406/625/380 407/626/381
f 405/624/379 407/626/381 408/627/382
f 409/628/383 410/629/384 411/630/385
f 409/628/383 411/630/385 412/631/386
f 413/632/387 414/633/388 415/634/389
f 413/632/387 415/634/389 416/635/390
f 417/636/391 409/637/383 412/638/386
f 417/636/391 412/638/386 418/639/392
f 419/640/393 420/641/394 421/642/395
f 419/640/393 421/642/395 422/643/396
f 419/644/393 423/645/397 424/646/398
f 419/644/393 424/646/398 420/647/394
f 413/648/387 416/649/390 425/650/399
f 413/648/387 425/650/399 426/651/400
f 401/652/375 427/653/401 428/654/402
f 401/652/375 428/654/402 402/655/376
f 428/654/402 429/656/403 407/626/381
f 428/654/402 407/626/381 430/657/404
f 420/647/394 424/646/398 431/658/405
f 420/647/394 431/658/405 432/659/406
f 433/660/407 434/661/408 435/662/409
f 433/660/407 435/662/409 436/663/410
f 402/655/376 428/654/402 430/657/404
f 402/655/376 430/657/404 404/664/378
f 401/616/375 400/615/374 414/633/388
f 401/616/375 414/633/388 413/632/387
f 437/665/411 438/666/412 439/667/413
f 437/665/411 439/667/413 440/668/414
f 441/669/415 442/670/416 443/671/417
f 441/669/415 443/671/417 444/672/418
f 432/673/406 445/674/419 446/675/420
f 432/673/406 446/675/420 447/676/421
f 420/641/394 432/673/406 447/676/421
f 420/641/394 447/676/421 421/642/395
f 431/658/405 448/677/422 445/678/419
f 431/658/405 445/678/419 432/659/406
f 427/653/401 401/652/375 413/648/387
f 427/653/401 413/648/387 426/651/400
f 427/653/401 449/679/15 429/656/403
f 427/653/401 429/656/403 428/654/402
f 440/668/414 439/667/413 450/680/423
f 440/668/414 450/680/423 451/681/424
f 450/682/423 452/683/425 453/684/426
f 450/680/423 453/685/426 451/681/424
f 454/686/427 449/679/15 455/687/15
f 454/686/427 455/687/15 456/688/428
f 456/688/428 455/687/15 457/689/15
f 456/688/428 457/689/15 458/690/429
f 421/642/395 447/676/421 459/691/15
f 421/642/395 459/691/15 457/689/15
f 448/677/422 460/692/430 442/693/416
f 448/677/422 442/693/416 445/678/419
f 445/674/419 442/670/416 441/669/415
f 445/674/419 441/669/415 446/675/420
f 453/685/426 452/694/425 461/695/431
f 453/685/426 461/695/431 462/696/432
f 462/696/432 461/695/431 412/631/386
f 462/696/432 412/631/386 411/630/385
f 463/697/433 464/698/434 465/699/435
f 463/697/433 465/699/435 466/700/436
f 447/676/421 446/675/420 463/697/433
f 447/676/421 463/697/433 466/700/436
f 467/701/437 459/691/15 468/702/15
f 467/701/437 468/702/15 469/703/438
f 449/679/15 427/653/401 426/651/400
f 449/679/15 426/651/400 455/687/15
f 459/691/15 447/676/421 466/700/436
f 459/691/15 466/700/436 468/702/15
f 455/687/15 426/651/400 425/650/399
f 455/687/15 425/650/399 457/689/15
f 459/691/15 467/701/437 458/690/429
f 459/691/15 458/690/429 457/689/15
f 449/679/15 454/686/427 470/704/439
f 449/679/15 470/704/439 429/656/403
f 429/656/403 470/704/439 408/627/382
f 429/656/403 408/627/382 407/626/381
f 471/705/440 472/706/441 473/707/442
f 471/705/440 473/707/442 474/708/443
f 475/709/444 471/705/440 474/708/443
f 475/709/444 474/708/443 476/710/445
f 477/711/15 475/709/444 476/710/445
f 477/711/15 476/710/445 478/712/446
f 479/713/15 477/711/15 478/712/446
f 479/713/15 478/712/446 480/714/447
f 469/703/438 468/702/15 479/713/15
f 469/703/438 479/713/15 480/714/447
f 481/715/448 482/716/449 483/717/450
f 481/715/448 483/717/450 484/718/451
f 472/706/441 471/705/440 485/719/452
f 472/706/441 485/719/452 486/720/453
f 450/721/423 439/722/413 487/723/454
f 450/721/423 487/723/454 488/724/455
f 452/725/425 450/721/423 488/724/455
f 452/725/425 488/724/455 489/726/456
f 461/727/431 452/725/425 489/726/456
f 461/727/431 489/726/456 490/728/457
f 412/638/386 461/727/431 490/728/457
f 412/638/386 490/728/457 418/639/392
f 484/718/451 483/717/450 18/18/16
f 484/718/451 18/18/16 491/729/458
f 491/729/458 18/18/16 17/17/15
f 491/729/458 17/17/15 492/730/459
f 482/716/449 493/731/460 494/732/461
f 482/716/449 494/732/461 483/717/450
f 492/730/459 17/17/15 495/733/15
f 492/730/459 495/733/15 496/734/462
f 496/734/462 495/733/15 497/735/463
f 496/734/462 497/735/463 498/736/464
f 499/737/465 500/738/466 501/739/467
f 499/737/465 501/739/467 502/740/468
f 503/741/469 504/742/470 505/743/471
f 503/741/469 505/743/471 506/744/472
f 504/742/470 499/737/465 507/745/473
f 504/742/470 507/745/473 505/743/471
f 497/735/463 503/741/469 506/744/472
f 497/735/463 506/744/472 498/736/464
f 508/746/474 509/747/475 510/748/476
f 508/746/474 510/748/476 511/749/477
f 509/747/475 512/750/478 513/751/479
f 509/747/475 513/751/479 510/748/476
f 510/748/476 514/752/480 515/753/481
f 510/748/476 515/753/481 511/749/477
f 516/754/482 517/755/483 518/756/484
f 516/754/482 518/756/484 513/751/479
f 507/745/473 499/737/465 502/740/468
f 507/745/473 502/740/468 519/757/485
f 520/758/486 485/719/452 471/705/440
f 520/758/486 471/705/440 475/709/444
f 485/719/452 520/758/486 521/759/487
f 485/719/452 521/759/487 494/732/461
f 520/758/486 522/760/15 523/761/15
f 520/758/486 523/761/15 521/759/487
f 522/760/15 520/758/486 475/709/444
f 522/760/15 475/709/444 477/711/15
f 522/760/15 524/762/15 525/763/15
f 522/760/15 525/763/15 523/761/15
f 524/762/15 522/760/15 477/711/15
f 524/762/15 477/711/15 479/713/15
f 524/762/15 465/699/435 526/764/488
f 524/762/15 526/764/488 525/763/15
f 415/634/389 423/645/397 419/644/393
f 415/634/389 419/644/393 416/635/390
f 425/650/399 422/643/396 421/642/395
f 425/650/399 421/642/395 457/689/15
f 416/649/390 419/640/393 422/643/396
f 416/649/390 422/643/396 425/650/399
f 527/765/489 500/738/466 528/766/490
f 527/765/489 528/766/490 529/767/491
f 495/733/15 530/768/15 531/769/492
f 495/733/15 531/769/492 532/770/493
f 533/771/494 529/767/491 528/766/490
f 533/771/494 528/766/490 534/772/495
f 535/773/496 533/771/494 534/772/495
f 535/773/496 534/772/495 536/774/497
f 537/775/498 538/776/499 531/769/492
f 537/775/498 531/769/492 526/764/488
f 493/731/460 486/720/453 485/719/452
f 493/731/460 485/719/452 494/732/461
f 523/761/15 16/16/15 18/18/16
f 523/761/15 18/18/16 521/759/487
f 438/777/412 443/778/417 539/779/500
f 438/777/412 539/779/500 540/780/501
f 525/763/15 530/768/15 16/16/15
f 525/763/15 16/16/15 523/761/15
f 521/759/487 18/18/16 483/717/450
f 521/759/487 483/717/450 494/732/461
f 541/781/502 542/782/503 536/774/497
f 541/781/502 536/774/497 532/770/493
f 465/699/435 464/698/434 537/775/498
f 465/699/435 537/775/498 526/764/488
f 503/783/469 497/784/463 495/785/15
f 503/741/469 495/733/15 532/770/493
f 443/671/417 438/666/412 437/665/411
f 443/671/417 437/665/411 444/672/418
f 443/778/417 442/693/416 460/692/430
f 443/778/417 460/692/430 539/779/500
f 463/697/433 446/675/420 441/669/415
f 463/697/433 441/669/415 444/672/418
f 487/786/454 439/787/413 438/777/412
f 487/786/454 438/777/412 540/780/501
f 543/788/504 433/789/407 436/790/410
f 543/788/504 436/790/410 544/791/505
f 545/792/506 546/793/507 403/794/377
f 545/792/506 403/794/377 404/795/378
f 547/796/508 545/797/506 404/664/378
f 547/796/508 404/664/378 430/657/404
f 406/625/380 547/796/508 430/657/404
f 406/625/380 430/657/404 407/626/381
f 530/768/15 525/763/15 526/764/488
f 530/768/15 526/764/488 531/769/492
f 436/790/410 409/637/383 417/636/391
f 436/790/410 417/636/391 544/791/505
f 530/768/15 495/733/15 17/17/15
f 530/768/15 17/17/15 16/16/15
f 538/776/499 537/775/498 548/798/509
f 538/776/499 548/798/509 549/799/510
f 538/776/499 541/781/502 532/770/493
f 538/776/499 532/770/493 531/769/492
f 433/789/407 543/788/504 550/800/511
f 433/789/407 550/800/511 551/801/512
f 542/782/503 541/781/502 552/802/513
f 542/782/503 552/802/513 553/803/514
f 542/782/503 554/804/515 535/773/496
f 542/782/503 535/773/496 536/774/497
f 501/739/467 555/805/516 556/806/517
f 501/739/467 556/806/517 512/750/478
f 500/738/466 499/737/465 504/742/470
f 500/738/466 504/742/470 528/766/490
f 528/766/490 504/742/470 503/741/469
f 528/766/490 503/741/469 534/772/495
f 550/800/511 21/21/19 20/20/18
f 550/800/511 20/20/18 551/801/512
f 534/772/495 503/741/469 532/770/493
f 534/772/495 532/770/493 536/774/497
f 500/738/466 527/765/489 555/805/516
f 500/738/466 555/805/516 501/739/467
f 518/756/484 514/752/480 510/748/476
f 518/756/484 510/748/476 513/751/479
f 554/804/515 542/782/503 553/803/514
f 554/804/515 553/803/514 557/807/518
f 558/808/519 559/809/520 560/810/521
f 558/808/519 560/810/521 561/811/522
f 562/812/523 490/728/457 489/726/456
f 562/812/523 489/726/456 563/813/524
f 564/814/525 496/815/462 498/816/464
f 564/814/525 498/816/464 565/817/526
f 566/818/527 417/636/391 418/639/392
f 566/818/527 418/639/392 567/819/528
f 568/820/185 482/821/449 481/822/448
f 568/820/185 481/822/448 569/823/529
f 570/824/187 547/825/508 406/826/380
f 570/824/187 406/826/380 571/827/187
f 572/828/530 399/829/373 403/794/377
f 572/828/530 403/794/377 573/830/531
f 574/831/532 415/832/389 414/833/388
f 574/831/532 414/833/388 575/834/533
f 576/835/534 508/836/474 511/837/477
f 576/835/534 511/837/477 577/838/535
f 567/819/528 418/639/392 490/728/457
f 567/819/528 490/728/457 562/812/523
f 578/839/536 470/840/439 454/841/427
f 578/839/536 454/841/427 579/842/537
f 577/838/535 511/837/477 515/843/481
f 577/838/535 515/843/481 580/844/538
f 581/845/197 518/846/484 582/847/539
f 581/845/197 582/847/539 583/848/540
f 584/849/541 21/21/19 550/800/511
f 584/849/541 550/800/511 585/850/542
f 586/851/543 587/852/544 588/853/545
f 586/851/543 588/853/545 589/854/546
f 585/850/542 550/800/511 543/788/504
f 585/850/542 543/788/504 590/855/547
f 591/856/207 493/857/460 482/821/449
f 591/856/207 482/821/449 568/820/185
f 592/858/548 24/859/22 23/860/21
f 592/858/548 23/860/21 593/861/549
f 594/862/550 460/692/430 448/677/422
f 594/862/550 448/677/422 595/863/551
f 596/864/552 405/865/379 408/866/382
f 596/864/552 408/866/382 597/867/553
f 598/868/554 473/869/442 472/870/441
f 598/868/554 472/870/441 599/871/215
f 579/842/537 454/841/427 456/872/428
f 579/842/537 456/872/428 600/873/555
f 601/874/556 545/875/506 547/825/508
f 601/874/556 547/825/508 570/824/187
f 602/876/557 474/877/443 473/878/442
f 602/876/557 473/878/442 598/879/554
f 603/880/558 604/881/559 605/882/560
f 603/880/558 605/882/560 606/883/561
f 593/861/549 23/860/21 607/884/562
f 593/861/549 607/884/562 608/885/563
f 580/886/538 515/887/481 514/888/480
f 580/886/538 514/888/480 609/889/197
f 597/867/553 408/866/382 470/890/439
f 597/867/553 470/890/439 578/891/536
f 610/892/564 458/893/429 467/894/437
f 610/892/564 467/894/437 611/895/565
f 612/896/566 491/897/458 492/898/459
f 612/896/566 492/898/459 613/899/567
f 571/827/187 406/826/380 405/900/379
f 571/827/187 405/900/379 596/901/552
f 614/902/568 476/903/445 474/877/443
f 614/902/568 474/877/443 602/876/557
f 606/883/561 605/882/560 559/809/520
f 606/883/561 559/809/520 558/808/519
f 573/830/531 403/794/377 546/793/507
f 573/830/531 546/793/507 615/904/569
f 608/885/563 607/884/562 604/881/559
f 608/885/563 604/881/559 603/880/558
f 600/873/555 456/872/428 458/893/429
f 600/873/555 458/893/429 610/892/564
f 609/889/197 514/888/480 518/846/484
f 609/889/197 518/846/484 581/845/197
f 616/905/570 484/906/451 491/897/458
f 616/905/570 491/897/458 612/896/566
f 617/907/571 478/908/446 476/903/445
f 617/907/571 476/903/445 614/902/568
f 590/855/547 543/788/504 544/791/505
f 590/855/547 544/791/505 618/909/572
f 619/910/573 507/911/473 519/912/485
f 619/910/573 519/912/485 620/913/574
f 615/914/569 546/915/507 545/875/506
f 615/914/569 545/875/506 601/874/556
f 575/834/533 414/833/388 400/916/374
f 575/834/533 400/916/374 621/917/575
f 622/918/576 480/919/447 478/920/446
f 622/918/576 478/920/446 617/921/571
f 623/922/577 540/780/501 539/779/500
f 623/922/577 539/779/500 624/923/578
f 589/854/546 588/853/545 625/924/579
f 589/854/546 625/924/579 626/925/580
f 627/926/581 423/927/397 415/832/389
f 627/926/581 415/832/389 574/831/532
f 624/923/578 539/779/500 460/692/430
f 624/923/578 460/692/430 594/862/550
f 613/928/567 492/929/459 496/815/462
f 613/928/567 496/815/462 564/814/525
f 628/930/582 431/658/405 424/646/398
f 628/930/582 424/646/398 629/931/583
f 630/932/584 469/933/438 480/919/447
f 630/932/584 480/919/447 622/918/576
f 595/863/551 448/677/422 431/658/405
f 595/863/551 431/658/405 628/930/582
f 631/934/585 505/935/471 507/936/473
f 631/934/585 507/936/473 619/937/573
f 599/871/215 472/870/441 486/938/453
f 599/871/215 486/938/453 632/939/247
f 611/895/565 467/894/437 469/933/438
f 611/895/565 469/933/438 630/932/584
f 632/939/247 486/938/453 493/857/460
f 632/939/247 493/857/460 591/856/207
f 563/813/524 489/726/456 488/724/455
f 563/813/524 488/724/455 633/940/586
f 565/817/526 498/816/464 506/941/472
f 565/817/526 506/941/472 634/942/587
f 618/909/572 544/791/505 417/636/391
f 618/909/572 417/636/391 566/818/527
f 635/943/588 487/786/454 540/780/501
f 635/943/588 540/780/501 623/922/577
f 569/944/529 481/945/448 484/906/451
f 569/944/529 484/906/451 616/905/570
f 621/946/575 400/615/374 399/614/373
f 621/946/575 399/614/373 572/947/530
f 629/931/583 424/646/398 423/645/397
f 629/931/583 423/645/397 627/948/581
f 634/942/587 506/941/472 505/935/471
f 634/942/587 505/935/471 631/934/585
f 633/940/586 488/724/455 487/723/454
f 633/940/586 487/723/454 635/949/588
f 434/661/408 552/802/513 549/799/510
f 434/661/408 549/799/510 435/662/409
f 434/661/408 433/660/407 551/950/512
f 434/661/408 551/950/512 636/951/589
f 410/629/384 409/628/383 436/663/410
f 410/629/384 436/663/410 435/662/409
f 410/629/384 548/798/509 637/952/590
f 410/629/384 637/952/590 411/630/385
f 636/951/589 551/950/512 20/953/18
f 636/951/589 20/953/18 638/954/591
f 639/955/592 640/956/593 273/371/256
f 639/955/592 273/371/256 272/370/255
f 638/957/591 20/958/18 19/959/17
f 638/957/591 19/959/17 641/960/594
f 276/377/259 633/940/586 635/949/588
f 276/377/259 635/949/588 277/378/260
f 278/961/261 629/931/583 627/948/581
f 278/961/261 627/948/581 279/962/262
f 280/963/263 621/946/575 572/947/530
f 280/963/263 572/947/530 281/964/264
f 277/965/260 635/943/588 623/922/577
f 277/965/260 623/922/577 282/966/265
f 283/385/266 618/909/572 566/818/527
f 283/385/266 566/818/527 284/386/266
f 285/387/267 563/813/524 633/940/586
f 285/387/267 633/940/586 276/377/259
f 286/388/247 632/939/247 591/856/207
f 286/388/247 591/856/207 287/389/207
f 288/390/215 599/871/215 632/939/247
f 288/390/215 632/939/247 286/388/247
f 289/967/268 595/863/551 628/930/582
f 289/967/268 628/930/582 290/968/269
f 290/968/269 628/930/582 629/931/583
f 290/968/269 629/931/583 278/961/261
f 291/969/270 624/923/578 594/862/550
f 291/969/270 594/862/550 292/970/271
f 279/395/262 627/926/581 574/831/532
f 279/395/262 574/831/532 293/396/272
f 294/397/273 589/854/546 626/925/580
f 294/397/273 626/925/580 295/398/274
f 282/966/265 623/922/577 624/923/578
f 282/966/265 624/923/578 291/969/270
f 296/399/275 575/834/533 621/917/575
f 296/399/275 621/917/575 280/400/263
f 297/401/276 615/914/569 601/874/556
f 297/401/276 601/874/556 298/402/277
f 299/403/278 590/855/547 618/909/572
f 299/403/278 618/909/572 283/385/266
f 300/404/197 609/889/197 581/845/197
f 300/404/197 581/845/197 301/405/197
f 302/406/279 608/885/563 603/880/558
f 302/406/279 603/880/558 303/407/280
f 304/408/281 573/830/531 615/904/569
f 304/408/281 615/904/569 297/409/276
f 305/410/282 606/883/561 558/808/519
f 305/410/282 558/808/519 306/411/283
f 307/412/187 571/827/187 596/901/552
f 307/412/187 596/901/552 308/413/284
f 309/414/285 580/886/538 609/889/197
f 309/414/285 609/889/197 300/404/197
f 310/415/286 593/861/549 608/885/563
f 310/415/286 608/885/563 302/406/279
f 303/407/280 603/880/558 606/883/561
f 303/407/280 606/883/561 305/410/282
f 298/402/277 601/874/556 570/824/187
f 298/402/277 570/824/187 311/416/187
f 312/417/287 598/868/554 599/871/215
f 312/417/287 599/871/215 288/390/215
f 292/970/271 594/862/550 595/863/551
f 292/970/271 595/863/551 289/967/268
f 313/418/288 592/858/548 593/861/549
f 313/418/288 593/861/549 310/415/286
f 287/389/207 591/856/207 568/820/185
f 287/389/207 568/820/185 314/419/185
f 315/420/289 585/850/542 590/855/547
f 315/420/289 590/855/547 299/403/278
f 316/421/290 586/851/543 589/854/546
f 316/421/290 589/854/546 294/397/273
f 317/422/291 584/849/541 585/850/542
f 317/422/291 585/850/542 315/420/289
f 301/405/197 581/845/197 583/848/540
f 301/405/197 583/848/540 318/423/292
f 273/424/256 640/971/593 584/849/541
f 273/424/256 584/849/541 317/422/291
f 319/426/293 567/819/528 562/812/523
f 319/426/293 562/812/523 320/427/294
f 293/396/272 574/831/532 575/834/533
f 293/396/272 575/834/533 296/399/275
f 281/428/264 572/828/530 573/830/531
f 281/428/264 573/830/531 304/408/281
f 311/416/187 570/824/187 571/827/187
f 311/416/187 571/827/187 307/412/187
f 314/419/185 568/820/185 569/823/529
f 314/419/185 569/823/529 321/429/295
f 284/386/266 566/818/527 567/819/528
f 284/386/266 567/819/528 319/426/293
f 320/427/294 562/812/523 563/813/524
f 320/427/294 563/813/524 285/387/267
f 306/411/283 558/808/519 561/811/522
f 306/411/283 561/811/522 322/430/296
f 553/803/514 636/951/589 638/954/591
f 553/803/514 638/954/591 557/807/518
f 552/802/513 434/661/408 636/951/589
f 552/802/513 636/951/589 553/803/514
f 548/798/509 410/629/384 435/662/409
f 548/798/509 435/662/409 549/799/510
f 548/798/509 537/775/498 464/698/434
f 548/798/509 464/698/434 637/952/590
f 552/802/513 541/781/502 538/776/499
f 552/802/513 538/776/499 549/799/510
f 561/811/522 639/955/592 272/370/255
f 561/811/522 272/370/255 322/430/296
f 557/972/518 638/957/591 641/960/594
f 557/972/518 641/960/594 560/810/521
f 22/973/20 555/974/516 527/975/489
f 22/973/20 527/975/489 23/860/21
f 587/852/544 517/976/483 516/977/482
f 587/852/544 516/977/482 588/853/545
f 588/853/545 516/977/482 556/978/517
f 588/853/545 556/978/517 625/924/579
f 583/848/540 586/979/543 316/438/290
f 583/848/540 316/438/290 318/423/292
f 587/980/544 586/979/543 583/848/540
f 587/980/544 583/848/540 582/847/539
f 518/846/484 517/981/483 587/980/544
f 518/846/484 587/980/544 582/847/539
f 641/960/594 639/955/592 561/811/522
f 641/960/594 561/811/522 560/810/521
f 559/809/520 554/982/515 557/972/518
f 559/809/520 557/972/518 560/810/521
f 19/959/17 640/956/593 639/955/592
f 19/959/17 639/955/592 641/960/594
f 607/884/562 529/983/491 533/984/494
f 607/884/562 533/984/494 604/881/559
f 604/881/559 533/984/494 535/985/496
f 604/881/559 535/985/496 605/882/560
f 23/860/21 527/975/489 529/983/491
f 23/860/21 529/983/491 607/884/562
f 605/882/560 535/985/496 554/982/515
f 605/882/560 554/982/515 559/809/520
f 584/849/541 640/971/593 19/19/17
f 584/849/541 19/19/17 21/21/19
f 642/986/595 24/859/22 592/858/548
f 642/986/595 592/858/548 643/987/596
f 643/987/596 592/858/548 313/418/288
f 643/987/596 313/418/288 325/448/299
f 556/978/517 555/974/516 22/973/20
f 556/978/517 22/973/20 625/924/579
f 620/913/574 519/912/485 508/836/474
f 620/913/574 508/836/474 576/835/534
f 502/740/468 501/739/467 512/750/478
f 502/740/468 512/750/478 509/747/475
f 519/757/485 502/740/468 509/747/475
f 519/757/485 509/747/475 508/746/474
f 556/806/517 516/754/482 513/751/479
f 556/806/517 513/751/479 512/750/478
f 625/988/579 22/22/20 24/24/22
f 625/988/579 24/24/22 642/989/595
f 626/990/580 625/991/579 642/992/595
f 626/990/580 642/992/595 643/993/596
f 295/455/274 626/990/580 643/993/596
f 295/455/274 643/993/596 325/456/299
f 308/413/284 596/901/552 598/868/554
f 308/413/284 598/868/554 312/417/287
f 569/823/529 580/886/538 309/414/285
f 569/823/529 309/414/285 321/429/295
f 644/994/597 645/995/598 646/996/599
f 644/997/597 646/998/599 647/999/600
f 648/1000/601 649/1001/602 650/1002/603
f 648/1000/601 650/1002/603 651/1003/604
f 652/1004/605 653/1005/606 654/1006/607
f 652/1004/605 654/1006/607 655/1007/608
f 656/1008/609 657/1009/610 658/1010/611
f 656/1008/609 658/1010/611 659/1011/612
f 645/1012/598 660/1013/613 661/1014/614
f 645/1012/598 661/1014/614 646/1015/599
f 662/1016/615 663/1017/616 657/1009/610
f 662/1016/615 657/1009/610 656/1008/609
f 664/1018/617 665/1019/618 666/1020/619
f 664/1018/617 666/1020/619 667/1021/620
f 653/1022/606 652/1023/605 644/1024/597
f 653/1022/606 644/1024/597 668/1025/621
f 669/1026/622 670/1027/623 652/1028/605
f 669/1026/622 652/1028/605 655/1029/608
f 668/1025/621 644/1024/597 647/1030/600
f 668/1025/621 647/1030/600 671/1031/624
f 670/1027/623 666/1020/619 660/1013/613
f 670/1027/623 660/1013/613 645/1012/598
f 651/1003/604 650/1002/603 672/1032/625
f 651/1003/604 672/1032/625 673/1033/626
f 664/1034/617 674/1035/627 675/1036/628
f 664/1034/617 675/1036/628 665/1037/618
f 676/1038/629 677/1039/630 678/1040/631
f 676/1038/629 678/1040/631 679/1041/632
f 655/1007/608 654/1006/607 679/1042/632
f 655/1029/608 679/1043/632 678/1044/631
f 666/1020/619 665/1019/618 680/1045/633
f 666/1020/619 680/1045/633 660/1013/613
f 652/1028/605 670/1027/623 645/1012/598
f 652/1028/605 645/1012/598 644/1046/597
f 660/1047/613 680/1048/633 681/1049/634
f 660/1047/613 681/1049/634 661/1050/614
f 677/1051/630 669/1026/622 655/1029/608
f 677/1051/630 655/1029/608 678/1044/631
f 650/1052/603 656/1008/609 659/1011/612
f 650/1052/603 659/1011/612 672/1053/625
f 663/1054/616 682/1055/635 664/1056/617
f 663/1054/616 664/1056/617 657/1057/610
f 666/1020/619 670/1027/623 669/1026/622
f 666/1020/619 669/1026/622 667/1021/620
f 649/1058/602 662/1016/615 656/1008/609
f 649/1058/602 656/1008/609 650/1052/603
f 683/1059/636 684/1060/637 685/1061/638
f 683/1059/636 685/1061/638 671/1062/624
f 679/1041/632 686/1063/639 28/1064/26
f 679/1041/632 28/1064/26 676/1038/629
f 654/1006/607 687/1065/640 686/1066/639
f 654/1006/607 686/1066/639 679/1042/632
f 680/1067/633 688/1068/641 689/1069/642
f 680/1067/633 689/1069/642 681/1070/634
f 651/1003/604 25/1071/23 27/1072/25
f 651/1003/604 27/1072/25 648/1000/601
f 671/1073/624 685/1074/638 690/1075/643
f 671/1073/624 690/1075/643 668/1076/621
f 653/1005/606 691/1077/644 687/1065/640
f 653/1005/606 687/1065/640 654/1006/607
f 682/1078/635 26/1079/24 674/1080/627
f 682/1078/635 674/1080/627 664/1081/617
f 665/1037/618 675/1036/628 688/1068/641
f 665/1037/618 688/1068/641 680/1067/633
f 668/1076/621 690/1075/643 691/1077/644
f 668/1076/621 691/1077/644 653/1005/606
f 676/1038/629 28/1064/26 30/1082/28
f 676/1038/629 30/1082/28 673/1033/626
f 681/1083/634 689/1084/642 684/1060/637
f 681/1083/634 684/1060/637 683/1059/636
f 658/1085/611 657/1057/610 664/1056/617
f 658/1085/611 664/1056/617 667/1086/620
f 681/1087/634 683/1088/636 646/1089/599
f 681/1087/634 646/1089/599 661/1090/614
f 647/1030/600 646/1089/599 683/1088/636
f 647/1030/600 683/1088/636 671/1031/624
f 685/1091/638 692/1092/645 693/1093/646
f 685/1091/638 693/1093/646 690/1094/643
f 26/26/24 25/25/23 30/30/28
f 26/26/24 30/30/28 674/1095/627
f 659/1011/612 669/1026/622 677/1051/630
f 659/1011/612 677/1051/630 672/1053/625
f 658/1010/611 667/1021/620 669/1026/622
f 658/1010/611 669/1026/622 659/1011/612
f 30/1082/28 25/1071/23 651/1003/604
f 30/1082/28 651/1003/604 673/1033/626
f 672/1032/625 677/1039/630 676/1038/629
f 672/1032/625 676/1038/629 673/1033/626
f 694/1096/647 695/1097/648 696/1098/649
f 694/1096/647 696/1098/649 697/1099/650
f 689/1100/642 698/1101/651 699/1102/652
f 689/1100/642 699/1102/652 684/1103/637
f 674/1095/627 694/1104/647 697/1105/650
f 674/1095/627 697/1105/650 675/1106/628
f 684/1103/637 699/1102/652 692/1092/645
f 684/1103/637 692/1092/645 685/1091/638
f 30/30/28 700/1107/653 694/1104/647
f 30/30/28 694/1104/647 674/1095/627
f 691/1108/644 701/1109/654 702/1110/655
f 691/1108/644 702/1110/655 687/1111/640
f 686/1112/639 703/1113/656 29/29/27
f 686/1112/639 29/29/27 28/28/26
f 688/1114/641 704/1115/657 698/1101/651
f 688/1114/641 698/1101/651 689/1100/642
f 690/1094/643 693/1093/646 701/1109/654
f 690/1094/643 701/1109/654 691/1108/644
f 687/1111/640 702/1110/655 703/1113/656
f 687/1111/640 703/1113/656 686/1112/639
f 675/1106/628 697/1105/650 704/1115/657
f 675/1106/628 704/1115/657 688/1114/641
f 697/1099/650 696/1098/649 705/1116/658
f 697/1099/650 705/1116/658 704/1117/657
f 29/1118/27 706/1119/659 700/1120/653
f 29/29/27 700/1107/653 30/30/28
f 29/1121/27 707/1122/660 708/1123/661
f 29/1121/27 708/1123/661 706/1124/659
f 703/1125/656 709/1126/662 707/1122/660
f 703/1125/656 707/1122/660 29/1121/27
f 706/1127/659 708/1128/661 710/1129/663
f 706/1127/659 710/1129/663 700/1130/653
f 701/1131/654 711/1132/664 712/1133/665
f 701/1131/654 712/1133/665 702/1134/655
f 702/1135/655 712/1136/665 709/1137/662
f 702/1135/655 709/1137/662 703/1138/656
f 693/1139/646 713/1140/666 711/1132/664
f 693/1139/646 711/1132/664 701/1131/654
f 700/1130/653 710/1129/663 695/1097/648
f 700/1130/653 695/1097/648 694/1096/647
f 698/1141/651 714/1142/667 715/1143/668
f 698/1141/651 715/1143/668 699/1144/652
f 699/1144/652 715/1143/668 716/1145/669
f 699/1144/652 716/1145/669 692/1146/645
f 704/1117/657 705/1116/658 714/1147/667
f 704/1117/657 714/1147/667 698/1148/651
f 692/1149/645 716/1150/669 713/1140/666
f 692/1149/645 713/1140/666 693/1139/646
f 69/86/67 98/118/92 269/366/252
f 98/118/92 69/86/67 74/91/72
f 98/118/92 74/91/72 95/115/89
f 96/116/90 157/181/1 97/117/91
f 157/181/1 96/116/90 101/121/1
f 157/181/1 101/121/1 111/131/1
f 93/113/87 269/366/252 43/47/41
f 269/366/252 93/113/87 84/103/81
f 269/366/252 84/103/81 82/101/79
f 269/366/252 82/101/79 70/87/68
f 269/366/252 70/87/68 69/86/67
f 243/1151/226 254/1152/237 262/1153/245
f 254/1152/237 243/1151/226 242/1154/225
f 254/1152/237 242/1154/225 232/1155/216
f 254/1152/237 232/1155/216 249/1156/232
f 249/1156/232 232/1155/216 211/1157/195
f 249/1156/232 211/1157/195 246/1158/229
f 246/1158/229 211/1157/195 210/1159/194
f 246/1158/229 210/1159/194 229/1160/213
f 246/1158/229 229/1160/213 234/1161/218
f 234/1161/218 229/1160/213 228/1162/212
f 234/1161/218 228/1162/212 230/1163/214
f 196/1164/181 266/1165/249 197/1166/182
f 266/1165/249 196/1164/181 245/1167/228
f 266/1165/249 245/1167/228 263/1168/246
f 263/1168/246 245/1167/228 251/1169/234
f 251/1169/234 245/1167/228 244/1170/227
f 251/1169/234 244/1170/227 252/1171/235
f 252/1171/235 244/1170/227 208/1172/192
f 208/1172/192 244/1170/227 248/1173/231
f 208/1172/192 248/1173/231 209/1174/193
f 209/1174/193 248/1173/231 212/1175/196
f 212/1175/196 248/1173/231 201/1176/186
f 387/1177/361 379/1178/353 378/1179/352
f 379/1178/353 387/1177/361 392/1180/366
f 392/1180/366 387/1177/361 389/1181/363
f 389/1181/363 387/1177/361 397/1182/371
f 389/1181/363 397/1182/371 390/1183/364
f 390/1183/364 397/1182/371 396/1184/370
f 390/1183/364 396/1184/370 391/1185/365
f 391/1185/365 396/1184/370 398/1186/372
f 391/1185/365 398/1186/372 393/1187/367
f 393/1187/367 398/1186/372 395/1188/369
f 393/1187/367 395/1188/369 394/1189/368
f 11/1190/10 364/1191/338 12/1192/11
f 364/1191/338 11/1190/10 345/1193/319
f 345/1193/319 11/1190/10 344/1194/318
f 344/1194/318 11/1190/10 333/1195/307
f 333/1195/307 11/1190/10 330/1196/304
f 464/698/434 437/665/411 637/952/590
f 437/665/411 464/698/434 444/672/418
f 444/672/418 464/698/434 463/697/433
f 524/762/15 466/700/436 465/699/435
f 466/700/436 524/762/15 468/702/15
f 468/702/15 524/762/15 479/713/15
f 637/952/590 462/696/432 411/630/385
f 462/696/432 637/952/590 453/685/426
f 453/685/426 637/952/590 451/681/424
f 451/681/424 637/952/590 440/668/414
f 440/668/414 637/952/590 437/665/411
f 622/1197/576 611/1198/565 630/1199/584
f 611/1198/565 622/1197/576 610/1200/564
f 610/1200/564 622/1197/576 600/1201/555
f 600/1201/555 622/1197/576 617/1202/571
f 600/1201/555 617/1202/571 579/1203/537
f 579/1203/537 617/1202/571 614/1204/568
f 579/1203/537 614/1204/568 578/1205/536
f 578/1205/536 614/1204/568 597/1206/553
f 597/1206/553 614/1204/568 602/1207/557
f 597/1206/553 602/1207/557 596/1208/552
f 596/1208/552 602/1207/557 598/1209/554
f 634/1210/587 564/1211/525 565/1212/526
f 564/1211/525 634/1210/587 613/1213/567
f 613/1213/567 634/1210/587 631/1214/585
f 613/1213/567 631/1214/585 619/1215/573
f 613/1213/567 619/1215/573 612/1216/566
f 612/1216/566 619/1215/573 620/1217/574
f 612/1216/566 620/1217/574 576/1218/534
f 612/1216/566 576/1218/534 616/1219/570
f 616/1219/570 576/1218/534 577/1220/535
f 616/1219/570 577/1220/535 580/1221/538
f 616/1219/570 580/1221/538 569/1222/529
f 713/1223/666 712/1224/665 711/1225/664
f 712/1224/665 713/1223/666 716/1226/669
f 712/1224/665 716/1226/669 709/1227/662
f 709/1227/662 716/1226/669 715/1228/668
f 709/1227/662 715/1228/668 707/1229/660
f 707/1229/660 715/1228/668 714/1230/667
f 707/1229/660 714/1230/667 708/1231/661
f 708/1231/661 714/1230/667 705/1232/658
f 708/1231/661 705/1232/658 710/1233/663
f 710/1233/663 705/1232/658 696/1234/649
f 710/1233/663 696/1234/649 695/1235/648
f 663/1236/616 26/1237/24 682/1238/635
f 26/1237/24 663/1236/616 27/1239/25
f 27/1239/25 663/1236/616 662/1240/615
f 27/1239/25 662/1240/615 649/1241/602
f 27/1239/25 649/1241/602 648/1242/601
