# PSX Racing car model — generated by tools/carmodels/export_models.mjs
mtllib nissan_180sx.mtl
v -0.764191 0.818079 -0.870222
v -0.762614 0.804773 -1.240316
v -0.786200 0.802204 -1.240316
v -0.789911 0.772590 -1.482276
v -0.766213 0.775508 -1.486779
v -0.785922 0.748085 -1.561958
v -0.754637 0.898351 1.703280
v -0.744178 0.893301 1.564382
v -0.767194 0.887937 1.561550
v -0.754852 0.875201 1.240316
v -0.778198 0.868221 1.240316
v -0.756326 0.869173 0.890227
v -0.779718 0.861752 0.890227
v -0.778198 0.859219 0.650166
v -0.754852 0.866751 0.650166
v -0.772197 0.851217 0.000000
v -0.749031 0.858465 0.000000
v -0.755192 0.825210 -0.650166
v -0.741265 0.824584 -0.870222
v -0.762344 0.752188 -1.572687
v -0.775087 0.718193 -1.615542
v -0.751834 0.724065 -1.631419
v -0.768188 0.697317 -1.653488
v -0.745142 0.703034 -1.672625
v -0.763510 0.681966 -1.685074
v -0.740604 0.686764 -1.706414
v -0.738057 0.638163 -1.776230
v -0.732208 0.888744 1.876089
v -0.722184 0.883225 1.981118
v -0.710242 0.894811 1.896096
v -0.697578 0.738770 -1.663942
v -0.650166 0.751779 -1.680428
v -0.649718 0.750711 -1.683055
v -0.700519 0.889660 2.002218
v -0.658987 0.910015 1.935176
v -0.668961 0.913843 1.838860
v -0.720992 0.900516 1.805898
v -0.679173 0.915174 1.737123
v -0.690474 0.906714 1.569915
v -0.731999 0.903164 1.714740
v -0.694977 0.876673 0.000000
v -0.679673 0.856421 -0.650166
v -0.732537 0.834082 -0.650166
v -0.687771 0.840900 -0.870222
v -0.707330 0.762393 -1.594664
v -0.664251 0.640144 -1.852827
v -0.679173 0.568686 -1.898820
v -0.715915 0.638789 -1.801356
v -0.743290 0.895185 1.789023
v -0.700379 0.892726 1.240316
v -0.701746 0.887822 0.890227
v -0.700379 0.885681 0.650166
v -0.707580 0.811072 -1.240316
v -0.710920 0.782695 -1.496002
v -0.691369 0.717349 -1.711826
v -0.687158 0.698738 -1.750127
v -0.700178 0.571146 -1.872638
v -0.531401 0.646042 -1.941000
v -0.538890 0.672651 -1.893599
v -0.489625 0.691154 -1.894983
v -0.519973 0.926137 2.116792
v -0.527189 0.929441 2.004731
v -0.649966 0.905799 2.043435
v -0.550217 0.861413 -0.870222
v -0.393100 0.828912 -1.240316
v -0.566064 0.821798 -1.240316
v -0.568736 0.794290 -1.511803
v -0.394956 0.801222 -1.518281
v -0.565864 0.776935 -1.632313
v -0.392961 0.783250 -1.647748
v -0.507629 0.771048 -1.684929
v -0.630161 0.562187 -1.952453
v -0.614157 0.644385 -1.891482
v -0.504128 0.560412 -2.044328
v 0.000000 0.935238 2.170553
v 0.000000 0.938733 2.055707
v -0.361092 0.931237 2.158050
v -0.366104 0.934732 2.043851
v 0.000000 0.941111 1.940522
v -0.371645 0.937110 1.930522
v 0.000000 0.941426 1.806154
v -0.377318 0.937425 1.799365
v 0.000000 0.934048 1.586980
v -0.383597 0.930047 1.585302
v 0.000000 0.923235 1.240316
v -0.389099 0.919234 1.240316
v 0.000000 0.919201 0.890227
v -0.389858 0.915200 0.890227
v -0.389099 0.913275 0.650166
v 0.000000 0.917276 0.650166
v -0.386098 0.903710 0.000000
v 0.000000 0.907711 0.000000
v -0.377596 0.886649 -0.650166
v -0.365093 0.747201 -1.793957
v 0.000000 0.745379 -1.813483
v -0.365093 0.741740 -1.806856
v -0.535168 0.931434 1.897527
v -0.543338 0.931479 1.776959
v -0.552380 0.924390 1.579763
v -0.560303 0.914418 1.240316
v -0.561396 0.910614 0.890227
v -0.560303 0.908747 0.650166
v -0.555982 0.899034 0.000000
v -0.543739 0.882818 -0.650166
v -0.382095 0.866476 -0.870222
v 0.000000 0.805223 -1.519921
v -0.365093 0.776306 -1.689431
v -0.390624 0.775364 -1.688624
v -0.365093 0.702945 -1.898484
v -0.369028 0.654167 -1.977147
v -0.377308 0.701789 -1.898141
v -0.350089 0.570145 -2.081994
v -0.561316 0.763790 -1.683234
v -0.632161 0.708902 -1.785955
v 0.000000 0.574146 -2.091533
v 0.000000 0.658168 -1.986302
v 0.350089 0.570145 -2.081994
v 0.394956 0.801222 -1.518281
v 0.392961 0.783250 -1.647748
v 0.000000 0.767103 -1.748283
v 0.000000 0.787251 -1.651657
v 0.365093 0.776306 -1.689431
v 0.365093 0.761436 -1.742832
v 0.365093 0.747201 -1.793957
v 0.365093 0.741740 -1.806856
v 0.000000 0.870477 -0.870222
v 0.000000 0.890650 -0.650166
v 0.377596 0.886649 -0.650166
v 0.382095 0.866476 -0.870222
v 0.000000 0.832913 -1.240316
v 0.000000 0.724962 -1.863484
v 0.365093 0.702945 -1.898484
v 0.369028 0.654167 -1.977147
v 0.560303 0.914418 1.240316
v 0.561396 0.910614 0.890227
v 0.389858 0.915200 0.890227
v 0.560303 0.908747 0.650166
v 0.550217 0.861413 -0.870222
v 0.566064 0.821798 -1.240316
v 0.393100 0.828912 -1.240316
v 0.568736 0.794290 -1.511803
v 0.565864 0.776935 -1.632313
v 0.507629 0.771048 -1.684929
v 0.650166 0.751779 -1.680428
v 0.561316 0.763790 -1.683234
v 0.538890 0.672651 -1.893599
v 0.605648 0.647580 -1.891721
v 0.531401 0.646042 -1.941000
v 0.614157 0.644385 -1.891482
v 0.630161 0.562187 -1.952453
v 0.504128 0.560412 -2.044328
v 0.366104 0.934732 2.043851
v 0.361092 0.931237 2.158050
v 0.519973 0.926137 2.116792
v 0.527189 0.929441 2.004731
v 0.371645 0.937110 1.930522
v 0.535168 0.931434 1.897527
v 0.377318 0.937425 1.799365
v 0.543338 0.931479 1.776959
v 0.383597 0.930047 1.585302
v 0.552380 0.924390 1.579763
v 0.389099 0.919234 1.240316
v 0.389099 0.913275 0.650166
v 0.555982 0.899034 0.000000
v 0.386098 0.903710 0.000000
v 0.543739 0.882818 -0.650166
v 0.390624 0.775364 -1.688624
v 0.377308 0.701789 -1.898141
v 0.489625 0.691154 -1.894983
v 0.722184 0.883225 1.981118
v 0.732208 0.888744 1.876089
v 0.710242 0.894811 1.896096
v 0.658987 0.910015 1.935176
v 0.649966 0.905799 2.043435
v 0.700519 0.889660 2.002218
v 0.668961 0.913843 1.838860
v 0.720992 0.900516 1.805898
v 0.679173 0.915174 1.737123
v 0.690474 0.906714 1.569915
v 0.731999 0.903164 1.714740
v 0.697578 0.738770 -1.663942
v 0.707330 0.762393 -1.594664
v 0.715915 0.638789 -1.801356
v 0.700178 0.571146 -1.872638
v 0.679173 0.568686 -1.898820
v 0.749031 0.858465 0.000000
v 0.755192 0.825210 -0.650166
v 0.732537 0.834082 -0.650166
v 0.741265 0.824584 -0.870222
v 0.762614 0.804773 -1.240316
v 0.764191 0.818079 -0.870222
v 0.786200 0.802204 -1.240316
v 0.789911 0.772590 -1.482276
v 0.766213 0.775508 -1.486779
v 0.785922 0.748085 -1.561958
v 0.762344 0.752188 -1.572687
v 0.775087 0.718193 -1.615542
v 0.744178 0.893301 1.564382
v 0.754637 0.898351 1.703280
v 0.767194 0.887937 1.561550
v 0.754852 0.875201 1.240316
v 0.778198 0.868221 1.240316
v 0.756326 0.869173 0.890227
v 0.779718 0.861752 0.890227
v 0.778198 0.859219 0.650166
v 0.754852 0.866751 0.650166
v 0.772197 0.851217 0.000000
v 0.751834 0.724065 -1.631419
v 0.768188 0.697317 -1.653488
v 0.745142 0.703034 -1.672625
v 0.763510 0.681966 -1.685074
v 0.740604 0.686764 -1.706414
v 0.738057 0.638163 -1.776230
v 0.743290 0.895185 1.789023
v 0.700379 0.892726 1.240316
v 0.701746 0.887822 0.890227
v 0.700379 0.885681 0.650166
v 0.694977 0.876673 0.000000
v 0.679673 0.856421 -0.650166
v 0.687771 0.840900 -0.870222
v 0.707580 0.811072 -1.240316
v 0.710920 0.782695 -1.496002
v 0.691369 0.717349 -1.711826
v 0.687158 0.698738 -1.750127
v 0.649718 0.750711 -1.683055
v 0.664251 0.640144 -1.852827
v -0.365093 0.761436 -1.742832
v 0.365093 0.720912 -1.856049
v -0.365093 0.720912 -1.856049
v 0.615197 0.648113 -1.885385
v 0.632161 0.708902 -1.785955
v -0.640602 0.729004 -1.736482
v -0.633263 0.711527 -1.779493
v -0.605648 0.647580 -1.891721
v 0.633263 0.711527 -1.779493
v 0.640602 0.729004 -1.736482
v -0.615197 0.648113 -1.885385
v -0.722106 0.176045 1.936105
v -0.750297 0.250287 1.898610
v -0.731989 0.176045 1.833409
v -0.740735 0.250299 2.005390
v -0.761434 0.342939 2.082747
v -0.771122 0.343309 1.971804
v -0.788991 0.454179 2.043924
v -0.807258 0.526907 1.948394
v -0.799471 0.452759 1.928622
v -0.796435 0.526308 2.064560
v -0.800455 0.587665 2.018029
v -0.811729 0.595883 1.902891
v -0.800539 0.653411 1.922763
v -0.760840 0.250252 1.807525
v -0.742910 0.176045 1.753025
v -0.781933 0.344371 1.869491
v -0.779388 0.454674 2.159778
v -0.786654 0.526099 2.179274
v -0.790470 0.584795 2.130322
v -0.790668 0.647027 2.031642
v -0.768436 0.770076 2.020010
v -0.778643 0.774229 1.913079
v -0.722184 0.883225 1.981118
v -0.732208 0.888744 1.876089
v -0.810472 0.671693 1.824451
v -0.817970 0.703308 1.725544
v -0.823558 0.610095 1.767898
v -0.787932 0.786125 1.818873
v -0.793619 0.806696 1.720499
v -0.743290 0.895185 1.789023
v -0.754637 0.898351 1.703280
v -0.797049 0.307578 1.602909
v -0.771912 0.250192 1.715661
v -0.793397 0.346206 1.758352
v -0.810290 0.450306 1.796812
v -0.823020 0.446397 1.584675
v -0.819198 0.420398 1.585040
v -0.831717 0.529593 1.588108
v -0.818538 0.527944 1.811548
v -0.836380 0.632730 1.570284
v -0.818590 0.753661 1.567248
v -0.790246 0.839458 1.563607
v -0.767194 0.887937 1.561550
v -0.754181 0.176045 1.678837
v -0.837410 0.445113 0.890227
v -0.834016 0.420398 0.890591
v -0.836767 0.445113 0.903184
v -0.845346 0.522175 0.942449
v -0.845793 0.530135 0.890227
v -0.820391 0.770196 1.240316
v -0.846312 0.654803 1.124996
v -0.842688 0.672671 1.237815
v -0.820180 0.770196 0.890227
v -0.821134 0.350089 0.650166
v -0.798958 0.250064 0.650166
v -0.813629 0.307578 0.872722
v -0.785480 0.850217 0.890227
v -0.782721 0.850217 0.650166
v -0.818154 0.770196 0.650166
v -0.757088 0.176045 -0.650166
v -0.773105 0.176045 0.000000
v -0.793966 0.250064 0.000000
v -0.778601 0.250064 -0.650166
v -0.816404 0.350089 0.000000
v -0.800252 0.350089 -0.650166
v -0.831883 0.445113 0.000000
v -0.778821 0.176045 0.650166
v -0.836477 0.445113 0.650166
v -0.844860 0.530135 0.650166
v -0.840198 0.530135 0.000000
v -0.846676 0.640163 0.650166
v -0.841066 0.640163 0.000000
v -0.810064 0.770196 0.000000
v -0.772702 0.850217 0.000000
v -0.772197 0.851217 0.000000
v -0.778198 0.859219 0.650166
v -0.779718 0.861752 0.890227
v -0.847876 0.640163 0.890227
v -0.787154 0.850217 1.240316
v -0.778198 0.868221 1.240316
v -0.822900 0.446350 1.571817
v -0.819934 0.425560 1.582409
v -0.833718 0.522175 1.533182
v -0.842889 0.654803 1.350635
v -0.814965 0.445113 -0.650166
v -0.821902 0.445113 -0.870222
v -0.807914 0.350089 -0.870222
v -0.822490 0.530135 -0.650166
v -0.828967 0.530135 -0.870222
v -0.819513 0.640163 -0.650166
v -0.824930 0.640163 -0.870222
v -0.782522 0.770196 -0.650166
v -0.787656 0.770196 -0.870222
v -0.819895 0.420398 -0.890591
v -0.831733 0.522175 -0.942449
v -0.832136 0.530135 -0.950409
v -0.832657 0.640163 -1.096264
v -0.835818 0.602945 -1.023219
v -0.799804 0.770196 -1.240316
v -0.831413 0.654803 -1.124996
v -0.764191 0.818079 -0.870222
v -0.755192 0.825210 -0.650166
v -0.801807 0.728421 -1.479794
v -0.828676 0.654803 -1.350635
v -0.820420 0.613956 -1.476591
v -0.805278 0.577719 -1.547800
v -0.810478 0.522175 -1.533182
v -0.799192 0.657607 -1.550941
v -0.828497 0.672671 -1.237815
v -0.776998 0.441130 -1.605172
v -0.778884 0.420398 -1.585040
v -0.787407 0.456291 -1.577233
v -0.776952 0.528783 -1.627284
v -0.787228 0.547756 -1.594094
v -0.775685 0.573040 -1.630432
v -0.784930 0.602427 -1.597509
v -0.775020 0.590657 -1.632335
v -0.784146 0.617041 -1.598774
v -0.768188 0.697317 -1.653488
v -0.775087 0.718193 -1.615542
v -0.770309 0.430886 -1.629769
v -0.741053 0.493840 -1.742391
v -0.741192 0.413271 -1.714423
v -0.770296 0.515964 -1.655627
v -0.740589 0.531758 -1.746469
v -0.769425 0.555897 -1.658846
v -0.736370 0.307578 -1.602909
v -0.700178 0.353840 -1.781972
v -0.700178 0.283907 -1.678734
v -0.740230 0.554887 -1.749973
v -0.700178 0.571146 -1.872638
v -0.700178 0.551391 -1.866079
v -0.738057 0.638163 -1.776230
v -0.740920 0.357519 -1.655925
v -0.700178 0.408364 -1.827880
v -0.700178 0.487779 -1.843119
v -0.700178 0.527289 -1.847224
v -0.768851 0.575541 -1.661060
v -0.763510 0.681966 -1.685074
v -0.798083 0.667483 -1.550916
v -0.785922 0.748085 -1.561958
v -0.800324 0.734548 -1.480393
v -0.789911 0.772590 -1.482276
v -0.766309 0.176045 -0.870222
v -0.787203 0.250064 -0.870222
v -0.799927 0.307578 -0.872722
v -0.821820 0.582891 -1.472466
v -0.841707 0.602945 1.452412
v -0.849521 0.602945 1.023219
v -0.821311 0.350089 0.879455
v -0.845758 0.530135 0.950409
v -0.764320 0.381748 -1.591161
v -0.775339 0.410991 -1.586529
v -0.759166 0.368076 -1.593327
v -0.738608 0.313518 -1.601968
v -0.842487 0.637157 1.385266
v -0.834463 0.529697 1.525660
v -0.825566 0.602945 -1.452412
v -0.833599 0.418098 0.890227
v -0.786200 0.802204 -1.240316
v -0.736122 0.286279 -1.613901
v -0.735191 0.206507 -1.655075
v -0.700178 0.204887 -1.771393
v -0.799039 0.250064 0.872722
v -0.734544 0.176045 -1.673751
v -0.700178 0.176045 -1.755272
v -0.842693 0.672275 1.240316
v -0.826735 0.622422 -1.414186
v -0.780150 0.176045 0.872722
v -0.828501 0.672288 -1.240236
v -0.805142 0.348802 1.596380
v -0.783123 0.250112 1.593022
v -0.783123 0.250112 1.593022
v -0.764823 0.176045 1.576410
v -0.754181 0.176045 1.678837
v -0.847218 0.640163 1.096264
v -0.807451 0.350089 -0.879455
v -0.822770 0.445113 -0.903184
v -0.806136 0.508191 -1.540308
v -0.791411 0.460754 -1.564478
v -0.788038 0.449888 -1.570014
v -0.766459 0.176045 -0.872722
v -0.785319 0.250064 -0.872722
v -0.797049 0.307578 1.602909
v -0.604154 0.420398 1.585040
v -0.604154 0.307578 1.602909
v -0.819198 0.420398 1.585040
v -0.604154 0.522175 1.533182
v -0.604154 0.420398 1.585040
v -0.833718 0.522175 1.533182
v -0.604154 0.602945 1.452412
v -0.604154 0.522175 1.533182
v -0.841707 0.602945 1.452412
v -0.604154 0.654803 1.350635
v -0.604154 0.602945 1.452412
v -0.842688 0.672671 1.237815
v -0.604154 0.654803 1.350635
v -0.842889 0.654803 1.350635
v -0.842688 0.672671 1.237815
v -0.604154 0.654803 1.124996
v -0.604154 0.672671 1.237815
v -0.846312 0.654803 1.124996
v -0.604154 0.602945 1.023219
v -0.604154 0.654803 1.124996
v -0.845346 0.522175 0.942449
v -0.604154 0.602945 1.023219
v -0.849521 0.602945 1.023219
v -0.834016 0.420398 0.890591
v -0.604154 0.522175 0.942449
v -0.845346 0.522175 0.942449
v -0.813629 0.307578 0.872722
v -0.604154 0.420398 0.890591
v -0.834016 0.420398 0.890591
v -0.799927 0.307578 -0.872722
v -0.604154 0.420398 -0.890591
v -0.604154 0.307578 -0.872722
v -0.819895 0.420398 -0.890591
v -0.604154 0.522175 -0.942449
v -0.604154 0.420398 -0.890591
v -0.831733 0.522175 -0.942449
v -0.604154 0.602945 -1.023219
v -0.604154 0.522175 -0.942449
v -0.831413 0.654803 -1.124996
v -0.604154 0.602945 -1.023219
v -0.835818 0.602945 -1.023219
v -0.828497 0.672671 -1.237815
v -0.604154 0.654803 -1.124996
v -0.831413 0.654803 -1.124996
v -0.828497 0.672671 -1.237815
v -0.604154 0.654803 -1.350635
v -0.604154 0.672671 -1.237815
v -0.825566 0.602945 -1.452412
v -0.604154 0.654803 -1.350635
v -0.828676 0.654803 -1.350635
v -0.810478 0.522175 -1.533182
v -0.604154 0.602945 -1.452412
v -0.825566 0.602945 -1.452412
v -0.778884 0.420398 -1.585040
v -0.604154 0.522175 -1.533182
v -0.810478 0.522175 -1.533182
v -0.736370 0.307578 -1.602909
v -0.604154 0.420398 -1.585040
v -0.778884 0.420398 -1.585040
v -0.600153 0.181046 1.833409
v -0.722106 0.176045 1.936105
v -0.731989 0.176045 1.833409
v -0.600153 0.181046 1.753025
v -0.742910 0.176045 1.753025
v -0.600153 0.181046 1.678836
v -0.754181 0.176045 1.678837
v -0.773105 0.176045 0.000000
v -0.600153 0.181046 0.650166
v -0.778821 0.176045 0.650166
v -0.757088 0.176045 -0.650166
v -0.600153 0.181046 0.000000
v -0.600153 0.181046 -0.870222
v -0.766309 0.176045 -0.870222
v -0.769567 0.176045 -1.567703
v -0.600153 0.181046 -1.544369
v -0.776673 0.176045 -1.544369
v -0.764724 0.176045 -1.589416
v -0.600153 0.181046 -1.567703
v -0.738826 0.176045 -1.663594
v -0.600153 0.181046 -1.589416
v -0.700178 0.176045 -1.755272
v -0.600153 0.181046 -1.663594
v 0.731989 0.176045 1.833409
v 0.750297 0.250287 1.898610
v 0.722106 0.176045 1.936105
v 0.740735 0.250299 2.005390
v 0.761434 0.342939 2.082747
v 0.771122 0.343309 1.971804
v 0.799471 0.452759 1.928622
v 0.807258 0.526907 1.948394
v 0.788991 0.454179 2.043924
v 0.796435 0.526308 2.064560
v 0.800455 0.587665 2.018029
v 0.811729 0.595883 1.902891
v 0.800539 0.653411 1.922763
v 0.742910 0.176045 1.753025
v 0.760840 0.250252 1.807525
v 0.781933 0.344371 1.869491
v 0.779388 0.454674 2.159778
v 0.786654 0.526099 2.179274
v 0.790470 0.584795 2.130322
v 0.790668 0.647027 2.031642
v 0.768436 0.770076 2.020010
v 0.778643 0.774229 1.913079
v 0.722184 0.883225 1.981118
v 0.732208 0.888744 1.876089
v 0.823558 0.610095 1.767898
v 0.817970 0.703308 1.725544
v 0.810472 0.671693 1.824451
v 0.787932 0.786125 1.818873
v 0.793619 0.806696 1.720499
v 0.743290 0.895185 1.789023
v 0.754637 0.898351 1.703280
v 0.793397 0.346206 1.758352
v 0.771912 0.250192 1.715661
v 0.797049 0.307578 1.602909
v 0.819198 0.420398 1.585040
v 0.823020 0.446397 1.584675
v 0.810290 0.450306 1.796812
v 0.831717 0.529593 1.588108
v 0.818538 0.527944 1.811548
v 0.836380 0.632730 1.570284
v 0.818590 0.753661 1.567248
v 0.790246 0.839458 1.563607
v 0.767194 0.887937 1.561550
v 0.754181 0.176045 1.678837
v 0.836767 0.445113 0.903184
v 0.834016 0.420398 0.890591
v 0.837410 0.445113 0.890227
v 0.845793 0.530135 0.890227
v 0.845346 0.522175 0.942449
v 0.842688 0.672671 1.237815
v 0.846312 0.654803 1.124996
v 0.820391 0.770196 1.240316
v 0.820180 0.770196 0.890227
v 0.813629 0.307578 0.872722
v 0.798958 0.250064 0.650166
v 0.821134 0.350089 0.650166
v 0.818154 0.770196 0.650166
v 0.782721 0.850217 0.650166
v 0.785480 0.850217 0.890227
v 0.793966 0.250064 0.000000
v 0.773105 0.176045 0.000000
v 0.757088 0.176045 -0.650166
v 0.778601 0.250064 -0.650166
v 0.816404 0.350089 0.000000
v 0.800252 0.350089 -0.650166
v 0.831883 0.445113 0.000000
v 0.778821 0.176045 0.650166
v 0.836477 0.445113 0.650166
v 0.844860 0.530135 0.650166
v 0.840198 0.530135 0.000000
v 0.846676 0.640163 0.650166
v 0.841066 0.640163 0.000000
v 0.810064 0.770196 0.000000
v 0.772702 0.850217 0.000000
v 0.772197 0.851217 0.000000
v 0.778198 0.859219 0.650166
v 0.779718 0.861752 0.890227
v 0.847876 0.640163 0.890227
v 0.787154 0.850217 1.240316
v 0.778198 0.868221 1.240316
v 0.819934 0.425560 1.582409
v 0.822900 0.446350 1.571817
v 0.833718 0.522175 1.533182
v 0.842889 0.654803 1.350635
v 0.807914 0.350089 -0.870222
v 0.821902 0.445113 -0.870222
v 0.814965 0.445113 -0.650166
v 0.822490 0.530135 -0.650166
v 0.828967 0.530135 -0.870222
v 0.819513 0.640163 -0.650166
v 0.824930 0.640163 -0.870222
v 0.782522 0.770196 -0.650166
v 0.787656 0.770196 -0.870222
v 0.819895 0.420398 -0.890591
v 0.831733 0.522175 -0.942449
v 0.832136 0.530135 -0.950409
v 0.835818 0.602945 -1.023219
v 0.832657 0.640163 -1.096264
v 0.831413 0.654803 -1.124996
v 0.799804 0.770196 -1.240316
v 0.764191 0.818079 -0.870222
v 0.755192 0.825210 -0.650166
v 0.828676 0.654803 -1.350635
v 0.801807 0.728421 -1.479794
v 0.810478 0.522175 -1.533182
v 0.805278 0.577719 -1.547800
v 0.820420 0.613956 -1.476591
v 0.799192 0.657607 -1.550941
v 0.828497 0.672671 -1.237815
v 0.787407 0.456291 -1.577233
v 0.778884 0.420398 -1.585040
v 0.776998 0.441130 -1.605172
v 0.776952 0.528783 -1.627284
v 0.787228 0.547756 -1.594094
v 0.775685 0.573040 -1.630432
v 0.784930 0.602427 -1.597509
v 0.775020 0.590657 -1.632335
v 0.784146 0.617041 -1.598774
v 0.768188 0.697317 -1.653488
v 0.775087 0.718193 -1.615542
v 0.741192 0.413271 -1.714423
v 0.741053 0.493840 -1.742391
v 0.770309 0.430886 -1.629769
v 0.770296 0.515964 -1.655627
v 0.740589 0.531758 -1.746469
v 0.769425 0.555897 -1.658846
v 0.700178 0.283907 -1.678734
v 0.700178 0.353840 -1.781972
v 0.736370 0.307578 -1.602909
v 0.700178 0.551391 -1.866079
v 0.700178 0.571146 -1.872638
v 0.740230 0.554887 -1.749973
v 0.738057 0.638163 -1.776230
v 0.740920 0.357519 -1.655925
v 0.700178 0.408364 -1.827880
v 0.700178 0.487779 -1.843119
v 0.700178 0.527289 -1.847224
v 0.768851 0.575541 -1.661060
v 0.763510 0.681966 -1.685074
v 0.798083 0.667483 -1.550916
v 0.785922 0.748085 -1.561958
v 0.800324 0.734548 -1.480393
v 0.789911 0.772590 -1.482276
v 0.766309 0.176045 -0.870222
v 0.787203 0.250064 -0.870222
v 0.799927 0.307578 -0.872722
v 0.821820 0.582891 -1.472466
v 0.841707 0.602945 1.452412
v 0.849521 0.602945 1.023219
v 0.821311 0.350089 0.879455
v 0.845758 0.530135 0.950409
v 0.764320 0.381748 -1.591161
v 0.775339 0.410991 -1.586529
v 0.759166 0.368076 -1.593327
v 0.738608 0.313518 -1.601968
v 0.842487 0.637157 1.385266
v 0.834463 0.529697 1.525660
v 0.825566 0.602945 -1.452412
v 0.833599 0.418098 0.890227
v 0.786200 0.802204 -1.240316
v 0.736122 0.286279 -1.613901
v 0.700178 0.204887 -1.771393
v 0.735191 0.206507 -1.655075
v 0.799039 0.250064 0.872722
v 0.734544 0.176045 -1.673751
v 0.700178 0.176045 -1.755272
v 0.842693 0.672275 1.240316
v 0.826735 0.622422 -1.414186
v 0.780150 0.176045 0.872722
v 0.778821 0.176045 0.650166
v 0.828501 0.672288 -1.240236
v 0.805142 0.348802 1.596380
v 0.783123 0.250112 1.593022
v 0.764823 0.176045 1.576410
v 0.847218 0.640163 1.096264
v 0.807451 0.350089 -0.879455
v 0.822770 0.445113 -0.903184
v 0.806136 0.508191 -1.540308
v 0.791411 0.460754 -1.564478
v 0.788038 0.449888 -1.570014
v 0.766459 0.176045 -0.872722
v 0.785319 0.250064 -0.872722
v 0.797049 0.307578 1.602909
v 0.604154 0.420398 1.585040
v 0.604154 0.307578 1.602909
v 0.819198 0.420398 1.585040
v 0.604154 0.522175 1.533182
v 0.604154 0.420398 1.585040
v 0.833718 0.522175 1.533182
v 0.604154 0.602945 1.452412
v 0.604154 0.522175 1.533182
v 0.841707 0.602945 1.452412
v 0.604154 0.654803 1.350635
v 0.604154 0.602945 1.452412
v 0.842688 0.672671 1.237815
v 0.604154 0.654803 1.350635
v 0.842889 0.654803 1.350635
v 0.842688 0.672671 1.237815
v 0.604154 0.654803 1.124996
v 0.604154 0.672671 1.237815
v 0.846312 0.654803 1.124996
v 0.604154 0.602945 1.023219
v 0.604154 0.654803 1.124996
v 0.845346 0.522175 0.942449
v 0.604154 0.602945 1.023219
v 0.849521 0.602945 1.023219
v 0.834016 0.420398 0.890591
v 0.604154 0.522175 0.942449
v 0.845346 0.522175 0.942449
v 0.813629 0.307578 0.872722
v 0.604154 0.420398 0.890591
v 0.834016 0.420398 0.890591
v 0.799927 0.307578 -0.872722
v 0.604154 0.420398 -0.890591
v 0.604154 0.307578 -0.872722
v 0.819895 0.420398 -0.890591
v 0.604154 0.522175 -0.942449
v 0.604154 0.420398 -0.890591
v 0.831733 0.522175 -0.942449
v 0.604154 0.602945 -1.023219
v 0.604154 0.522175 -0.942449
v 0.831413 0.654803 -1.124996
v 0.604154 0.602945 -1.023219
v 0.835818 0.602945 -1.023219
v 0.828497 0.672671 -1.237815
v 0.604154 0.654803 -1.124996
v 0.831413 0.654803 -1.124996
v 0.828497 0.672671 -1.237815
v 0.604154 0.654803 -1.350635
v 0.604154 0.672671 -1.237815
v 0.825566 0.602945 -1.452412
v 0.604154 0.654803 -1.350635
v 0.828676 0.654803 -1.350635
v 0.810478 0.522175 -1.533182
v 0.604154 0.602945 -1.452412
v 0.825566 0.602945 -1.452412
v 0.778884 0.420398 -1.585040
v 0.604154 0.522175 -1.533182
v 0.810478 0.522175 -1.533182
v 0.736370 0.307578 -1.602909
v 0.604154 0.420398 -1.585040
v 0.778884 0.420398 -1.585040
v 0.722106 0.176045 1.936105
v 0.600153 0.181046 1.833409
v 0.731989 0.176045 1.833409
v 0.600153 0.181046 1.753025
v 0.742910 0.176045 1.753025
v 0.600153 0.181046 1.678836
v 0.754181 0.176045 1.678837
v 0.600153 0.181046 0.650166
v 0.773105 0.176045 0.000000
v 0.778821 0.176045 0.650166
v 0.600153 0.181046 0.000000
v 0.757088 0.176045 -0.650166
v 0.600153 0.181046 -0.870222
v 0.766309 0.176045 -0.870222
v 0.600153 0.181046 -1.544369
v 0.769567 0.176045 -1.567703
v 0.776673 0.176045 -1.544369
v 0.600153 0.181046 -1.567703
v 0.764724 0.176045 -1.589416
v 0.600153 0.181046 -1.589416
v 0.738826 0.176045 -1.663594
v 0.600153 0.181046 -1.663594
v 0.700178 0.176045 -1.755272
v -0.679173 0.176045 -1.794539
v -0.679173 0.204707 -1.812128
v -0.630161 0.204233 -1.893500
v -0.630161 0.176045 -1.872998
v -0.679173 0.283236 -1.721980
v -0.679173 0.352733 -1.824985
v -0.679173 0.406918 -1.870606
v -0.679173 0.485839 -1.881477
v -0.679173 0.525103 -1.881214
v -0.679173 0.549054 -1.893905
v -0.679173 0.568686 -1.898820
v -0.630161 0.281462 -1.808245
v -0.614157 0.306078 -1.861575
v -0.602153 0.294075 -1.861668
v -0.504128 0.280978 -1.955329
v -0.504128 0.204104 -2.030622
v -0.602153 0.347088 -1.948264
v -0.614157 0.335085 -1.911772
v -0.630161 0.349809 -1.909856
v -0.504128 0.349010 -2.058735
v -0.630161 0.403097 -1.955793
v -0.590150 0.432110 -2.017437
v -0.504128 0.402052 -2.102360
v -0.600153 0.442113 -2.004112
v -0.630161 0.480712 -1.959195
v -0.600153 0.478122 -1.999297
v -0.599945 0.478330 -1.999515
v -0.590150 0.488124 -2.009803
v -0.630161 0.519325 -1.952443
v -0.504128 0.176045 -2.005603
v -0.630161 0.542880 -1.952473
v -0.630161 0.562187 -1.952453
v -0.405103 0.488124 -2.141868
v -0.504128 0.488124 -2.071196
v -0.504128 0.517748 -2.073957
v -0.350089 0.266068 -2.031517
v -0.033008 0.266068 -2.058552
v -0.350089 0.204814 -2.103462
v -0.344088 0.560143 -2.094368
v -0.350089 0.554141 -2.100509
v -0.350089 0.570145 -2.081994
v -0.350089 0.486990 -2.159056
v 0.000000 0.529957 -2.145731
v 0.000000 0.490147 -2.178544
v -0.350089 0.526400 -2.130467
v -0.344088 0.542138 -2.115687
v -0.039010 0.542138 -2.131618
v -0.350089 0.548140 -2.107629
v 0.000000 0.410129 -2.205563
v -0.033008 0.407104 -2.205280
v -0.350089 0.407776 -2.181754
v -0.039010 0.560143 -2.108174
v 0.000000 0.176045 -2.097600
v -0.350089 0.176045 -2.076204
v 0.000000 0.205106 -2.125528
v -0.025006 0.284656 -2.068505
v 0.000000 0.284727 -2.060202
v -0.025006 0.274070 -2.056014
v -0.350089 0.407104 -2.178178
v -0.367094 0.407104 -2.176725
v -0.395101 0.442113 -2.163675
v -0.395101 0.478122 -2.149811
v -0.401978 0.485000 -2.144350
v -0.504128 0.541194 -2.058847
v -0.350089 0.550440 -2.104899
v -0.504128 0.560412 -2.044328
v -0.367094 0.266068 -2.030066
v -0.375096 0.274070 -2.024804
v -0.375096 0.283369 -2.035768
v -0.504128 0.294075 -1.965415
v -0.494126 0.294075 -1.976001
v -0.504128 0.347088 -2.053304
v -0.494126 0.347088 -2.064022
v -0.482123 0.335085 -2.053816
v -0.375096 0.352953 -2.117807
v -0.375096 0.399102 -2.172217
v -0.504128 0.432110 -2.084704
v -0.405103 0.432110 -2.162140
v 0.033008 0.407104 -2.205280
v 0.025006 0.399102 -2.203546
v 0.350089 0.407776 -2.181754
v 0.033008 0.548140 -2.123901
v 0.000000 0.554241 -2.115875
v 0.350089 0.266068 -2.031517
v 0.367094 0.266068 -2.030066
v 0.350089 0.204814 -2.103462
v 0.350089 0.526400 -2.130467
v 0.350089 0.486990 -2.159056
v 0.039010 0.542138 -2.131618
v 0.039010 0.560143 -2.108174
v 0.033008 0.554141 -2.116005
v 0.000000 0.574146 -2.091533
v 0.504128 0.280978 -1.955329
v 0.504128 0.204104 -2.030622
v 0.375096 0.274070 -2.024804
v 0.395101 0.478122 -2.149811
v 0.395101 0.442113 -2.163675
v 0.401978 0.485000 -2.144350
v 0.405103 0.488124 -2.141868
v 0.504128 0.176045 -2.005603
v 0.350089 0.176045 -2.076204
v 0.350089 0.407104 -2.178178
v 0.367094 0.407104 -2.176725
v 0.504128 0.402052 -2.102360
v 0.375096 0.399102 -2.172217
v 0.344088 0.542138 -2.115687
v 0.350089 0.548140 -2.107629
v 0.344088 0.560143 -2.094368
v 0.350089 0.570145 -2.081994
v 0.350089 0.554141 -2.100509
v 0.590150 0.432110 -2.017437
v 0.504128 0.432110 -2.084704
v 0.590150 0.488124 -2.009803
v 0.504128 0.488124 -2.071196
v 0.504128 0.517748 -2.073957
v 0.630161 0.281462 -1.808245
v 0.602153 0.294075 -1.861668
v 0.614157 0.306078 -1.861575
v 0.630161 0.349809 -1.909856
v 0.614157 0.335085 -1.911772
v 0.602153 0.347088 -1.948264
v 0.504128 0.347088 -2.053304
v 0.504128 0.349010 -2.058735
v 0.630161 0.403097 -1.955793
v 0.600153 0.442113 -2.004112
v 0.630161 0.480712 -1.959195
v 0.600153 0.478122 -1.999297
v 0.599945 0.478330 -1.999515
v 0.630161 0.519325 -1.952443
v 0.679173 0.525103 -1.881214
v 0.679173 0.485839 -1.881477
v 0.630161 0.542880 -1.952473
v 0.679173 0.549054 -1.893905
v 0.679173 0.568686 -1.898820
v 0.679173 0.176045 -1.794539
v 0.679173 0.204707 -1.812128
v 0.679173 0.283236 -1.721980
v 0.679173 0.352733 -1.824985
v 0.679173 0.406918 -1.870606
v 0.630161 0.562187 -1.952453
v 0.630161 0.176045 -1.872998
v 0.630161 0.204233 -1.893500
v 0.504128 0.541194 -2.058847
v 0.504128 0.560412 -2.044328
v 0.504128 0.294075 -1.965415
v 0.405103 0.432110 -2.162140
v 0.350089 0.550440 -2.104899
v 0.033008 0.266068 -2.058552
v 0.025006 0.274070 -2.056014
v 0.025006 0.355074 -2.151595
v 0.000000 0.355191 -2.170669
v -0.025006 0.399102 -2.203546
v -0.033008 0.548140 -2.123901
v -0.033008 0.553927 -2.116287
v -0.033008 0.554141 -2.116005
v 0.033008 0.553927 -2.116287
v 0.494126 0.294075 -1.976001
v 0.494126 0.347088 -2.064022
v 0.375096 0.283369 -2.035768
v -0.025006 0.355074 -2.151595
v 0.025006 0.284656 -2.068505
v -0.482123 0.306078 -2.002617
v 0.482123 0.335085 -2.053816
v 0.375096 0.352953 -2.117807
v 0.482123 0.306078 -2.002617
v -0.398101 0.444042 -2.153979
v -0.395101 0.478122 -2.149811
v -0.395101 0.442113 -2.163675
v -0.398101 0.476192 -2.141580
v -0.405103 0.488124 -2.141868
v -0.395101 0.478122 -2.149811
v -0.407811 0.485124 -2.134115
v -0.590150 0.488124 -2.009803
v -0.405103 0.488124 -2.141868
v -0.587443 0.485124 -2.005344
v -0.600153 0.478122 -1.999297
v -0.590150 0.488124 -2.009803
v -0.597152 0.444042 -1.999847
v -0.600153 0.478122 -1.999297
v -0.597152 0.476192 -1.995269
v -0.587443 0.435111 -2.012728
v -0.600153 0.442113 -2.004112
v -0.597152 0.444042 -1.999847
v -0.407811 0.435111 -2.152422
v -0.590150 0.432110 -2.017437
v -0.587443 0.435111 -2.012728
v -0.398101 0.444042 -2.153979
v -0.405103 0.432110 -2.162140
v -0.407811 0.435111 -2.152422
v -0.587443 0.435111 -2.012728
v -0.597152 0.444042 -1.999847
v -0.597152 0.476192 -1.995269
v -0.587443 0.485124 -2.005344
v -0.407811 0.435111 -2.152422
v -0.398101 0.476192 -2.141580
v -0.398101 0.444042 -2.153979
v -0.407811 0.485124 -2.134115
v -0.037009 0.548890 -2.112916
v -0.033008 0.554141 -2.116005
v -0.033008 0.548140 -2.123901
v -0.037009 0.553391 -2.106991
v -0.039010 0.560143 -2.108174
v -0.033008 0.554141 -2.116005
v -0.042860 0.557892 -2.101084
v -0.344088 0.560143 -2.094368
v -0.039010 0.560143 -2.108174
v -0.346088 0.553391 -2.092101
v -0.344088 0.560143 -2.094368
v -0.340238 0.557892 -2.087663
v -0.346088 0.548890 -2.097471
v -0.350089 0.554141 -2.100509
v -0.346088 0.553391 -2.092101
v -0.340238 0.544389 -2.103795
v -0.350089 0.548140 -2.107629
v -0.346088 0.548890 -2.097471
v -0.042860 0.544389 -2.118757
v -0.344088 0.542138 -2.115687
v -0.340238 0.544389 -2.103795
v -0.042860 0.544389 -2.118757
v -0.033008 0.548140 -2.123901
v -0.039010 0.542138 -2.131618
v -0.340238 0.544389 -2.103795
v -0.346088 0.548890 -2.097471
v -0.346088 0.553391 -2.092101
v -0.340238 0.557892 -2.087663
v -0.037009 0.548890 -2.112916
v -0.042860 0.544389 -2.118757
v -0.042860 0.557892 -2.101084
v -0.037009 0.553391 -2.106991
v -0.029007 0.395555 -2.175320
v -0.025006 0.274070 -2.056014
v -0.029007 0.277617 -2.029271
v -0.036826 0.403103 -2.177582
v -0.025006 0.399102 -2.203546
v -0.029007 0.395555 -2.175320
v -0.036826 0.403103 -2.177582
v -0.367094 0.407104 -2.176725
v -0.033008 0.407104 -2.205280
v -0.363276 0.403103 -2.150107
v -0.375096 0.399102 -2.172217
v -0.367094 0.407104 -2.176725
v -0.371095 0.395555 -2.145231
v -0.375096 0.274070 -2.024804
v -0.375096 0.399102 -2.172217
v -0.363276 0.270069 -2.002411
v -0.375096 0.274070 -2.024804
v -0.371095 0.277617 -1.999317
v -0.036826 0.270069 -2.029801
v -0.367094 0.266068 -2.030066
v -0.363276 0.270069 -2.002411
v -0.036826 0.270069 -2.029801
v -0.025006 0.274070 -2.056014
v -0.033008 0.266068 -2.058552
v -0.363276 0.270069 -2.002411
v -0.371095 0.277617 -1.999317
v -0.371095 0.395555 -2.145231
v -0.363276 0.403103 -2.150107
v -0.036826 0.270069 -2.029801
v -0.029007 0.395555 -2.175320
v -0.029007 0.277617 -2.029271
v -0.036826 0.403103 -2.177582
v -0.486124 0.332896 -2.029088
v -0.482123 0.306078 -2.002617
v -0.486124 0.308268 -1.985334
v -0.497400 0.343087 -2.037423
v -0.482123 0.335085 -2.053816
v -0.486124 0.332896 -2.029088
v -0.497400 0.343087 -2.037423
v -0.602153 0.347088 -1.948264
v -0.494126 0.347088 -2.064022
v -0.598880 0.343087 -1.928814
v -0.614157 0.335085 -1.911772
v -0.602153 0.347088 -1.948264
v -0.610156 0.332896 -1.895916
v -0.614157 0.306078 -1.861575
v -0.614157 0.335085 -1.911772
v -0.610156 0.308268 -1.852964
v -0.602153 0.294075 -1.861668
v -0.614157 0.306078 -1.861575
v -0.497400 0.298076 -1.960878
v -0.602153 0.294075 -1.861668
v -0.598880 0.298076 -1.853425
v -0.486124 0.308268 -1.985334
v -0.494126 0.294075 -1.976001
v -0.497400 0.298076 -1.960878
v -0.598880 0.298076 -1.853425
v -0.610156 0.308268 -1.852964
v -0.610156 0.332896 -1.895916
v -0.598880 0.343087 -1.928814
v -0.486124 0.308268 -1.985334
v -0.497400 0.298076 -1.960878
v -0.497400 0.343087 -2.037423
v -0.486124 0.332896 -2.029088
v 0.407811 0.435111 -2.152422
v 0.590150 0.432110 -2.017437
v 0.405103 0.432110 -2.162140
v 0.587443 0.435111 -2.012728
v 0.600153 0.442113 -2.004112
v 0.590150 0.432110 -2.017437
v 0.597152 0.444042 -1.999847
v 0.600153 0.478122 -1.999297
v 0.600153 0.442113 -2.004112
v 0.587443 0.485124 -2.005344
v 0.600153 0.478122 -1.999297
v 0.597152 0.476192 -1.995269
v 0.407811 0.485124 -2.134115
v 0.590150 0.488124 -2.009803
v 0.587443 0.485124 -2.005344
v 0.398101 0.476192 -2.141580
v 0.405103 0.488124 -2.141868
v 0.407811 0.485124 -2.134115
v 0.398101 0.444042 -2.153979
v 0.395101 0.478122 -2.149811
v 0.398101 0.476192 -2.141580
v 0.398101 0.444042 -2.153979
v 0.405103 0.432110 -2.162140
v 0.395101 0.442113 -2.163675
v 0.407811 0.435111 -2.152422
v 0.398101 0.444042 -2.153979
v 0.398101 0.476192 -2.141580
v 0.407811 0.485124 -2.134115
v 0.597152 0.444042 -1.999847
v 0.587443 0.435111 -2.012728
v 0.587443 0.485124 -2.005344
v 0.597152 0.476192 -1.995269
v 0.042860 0.544389 -2.118757
v 0.344088 0.542138 -2.115687
v 0.039010 0.542138 -2.131618
v 0.340238 0.544389 -2.103795
v 0.350089 0.548140 -2.107629
v 0.344088 0.542138 -2.115687
v 0.346088 0.548890 -2.097471
v 0.350089 0.554141 -2.100509
v 0.350089 0.548140 -2.107629
v 0.346088 0.553391 -2.092101
v 0.344088 0.560143 -2.094368
v 0.350089 0.554141 -2.100509
v 0.042860 0.557892 -2.101084
v 0.344088 0.560143 -2.094368
v 0.340238 0.557892 -2.087663
v 0.037009 0.553391 -2.106991
v 0.039010 0.560143 -2.108174
v 0.042860 0.557892 -2.101084
v 0.037009 0.548890 -2.112916
v 0.033008 0.554141 -2.116005
v 0.037009 0.553391 -2.106991
v 0.042860 0.544389 -2.118757
v 0.033008 0.548140 -2.123901
v 0.037009 0.548890 -2.112916
v 0.042860 0.544389 -2.118757
v 0.037009 0.548890 -2.112916
v 0.037009 0.553391 -2.106991
v 0.042860 0.557892 -2.101084
v 0.346088 0.548890 -2.097471
v 0.340238 0.544389 -2.103795
v 0.340238 0.557892 -2.087663
v 0.346088 0.553391 -2.092101
v 0.036826 0.270069 -2.029801
v 0.367094 0.266068 -2.030066
v 0.033008 0.266068 -2.058552
v 0.363276 0.270069 -2.002411
v 0.375096 0.274070 -2.024804
v 0.367094 0.266068 -2.030066
v 0.371095 0.395555 -2.145231
v 0.375096 0.274070 -2.024804
v 0.371095 0.277617 -1.999317
v 0.363276 0.403103 -2.150107
v 0.375096 0.399102 -2.172217
v 0.371095 0.395555 -2.145231
v 0.036826 0.403103 -2.177582
v 0.367094 0.407104 -2.176725
v 0.363276 0.403103 -2.150107
v 0.036826 0.403103 -2.177582
v 0.025006 0.399102 -2.203546
v 0.033008 0.407104 -2.205280
v 0.029007 0.395555 -2.175320
v 0.025006 0.274070 -2.056014
v 0.025006 0.399102 -2.203546
v 0.036826 0.270069 -2.029801
v 0.025006 0.274070 -2.056014
v 0.029007 0.277617 -2.029271
v 0.036826 0.270069 -2.029801
v 0.029007 0.277617 -2.029271
v 0.029007 0.395555 -2.175320
v 0.036826 0.403103 -2.177582
v 0.363276 0.270069 -2.002411
v 0.371095 0.395555 -2.145231
v 0.371095 0.277617 -1.999317
v 0.363276 0.403103 -2.150107
v 0.497400 0.298076 -1.960878
v 0.602153 0.294075 -1.861668
v 0.494126 0.294075 -1.976001
v 0.610156 0.308268 -1.852964
v 0.602153 0.294075 -1.861668
v 0.598880 0.298076 -1.853425
v 0.610156 0.332896 -1.895916
v 0.614157 0.306078 -1.861575
v 0.610156 0.308268 -1.852964
v 0.598880 0.343087 -1.928814
v 0.614157 0.335085 -1.911772
v 0.610156 0.332896 -1.895916
v 0.497400 0.343087 -2.037423
v 0.602153 0.347088 -1.948264
v 0.598880 0.343087 -1.928814
v 0.497400 0.343087 -2.037423
v 0.482123 0.335085 -2.053816
v 0.494126 0.347088 -2.064022
v 0.486124 0.332896 -2.029088
v 0.482123 0.306078 -2.002617
v 0.482123 0.335085 -2.053816
v 0.486124 0.308268 -1.985334
v 0.494126 0.294075 -1.976001
v 0.482123 0.306078 -2.002617
v 0.497400 0.298076 -1.960878
v 0.486124 0.308268 -1.985334
v 0.486124 0.332896 -2.029088
v 0.497400 0.343087 -2.037423
v 0.610156 0.308268 -1.852964
v 0.598880 0.298076 -1.853425
v 0.598880 0.343087 -1.928814
v 0.610156 0.332896 -1.895916
v -0.170245 0.439062 -2.184887
v -0.350314 0.446146 -2.171775
v -0.170014 0.446241 -2.182479
v -0.680760 0.438448 -1.874130
v -0.612529 0.445598 -1.986890
v -0.610596 0.438628 -1.989587
v -0.681433 0.438467 -1.872894
v -0.742119 0.445545 -1.725854
v -0.682021 0.445585 -1.872793
v 0.350314 0.446146 -2.171775
v 0.170245 0.439017 -2.186422
v 0.170014 0.446197 -2.184382
v 0.612529 0.445598 -1.986890
v 0.680780 0.438453 -1.873947
v 0.610596 0.438628 -1.989587
v 0.742119 0.445545 -1.725854
v 0.681453 0.438473 -1.872572
v 0.682041 0.445591 -1.872352
v -0.700178 0.181046 -1.755272
v -0.679173 0.181046 -1.630416
v -0.700178 0.181046 -1.630416
v -0.679173 0.181046 -1.794539
v -0.630161 0.181046 -1.630416
v -0.630161 0.181046 -1.872998
v -0.504128 0.181046 -1.630416
v -0.504128 0.181046 -2.005603
v -0.350089 0.181046 -1.630416
v -0.350089 0.181046 -2.076204
v 0.000000 0.181046 -1.630416
v 0.350089 0.181046 -2.076204
v 0.000000 0.181046 -2.097600
v 0.504128 0.181046 -2.005603
v 0.350089 0.181046 -1.630416
v 0.630161 0.181046 -1.872998
v 0.504128 0.181046 -1.630416
v 0.679173 0.181046 -1.794539
v 0.630161 0.181046 -1.630416
v 0.700178 0.181046 -1.755272
v 0.679173 0.181046 -1.630416
v -0.740735 0.250299 2.005390
v -0.722106 0.176045 1.936105
v -0.700443 0.176045 1.958927
v -0.718704 0.250974 2.027235
v -0.761434 0.342939 2.082747
v -0.738870 0.344458 2.103276
v -0.779388 0.454674 2.159778
v -0.756313 0.457210 2.178192
v -0.786654 0.526099 2.179274
v -0.769196 0.669171 2.041673
v -0.775198 0.690176 2.031966
v -0.790668 0.647027 2.031642
v -0.770889 0.756497 2.021294
v -0.753192 0.802204 2.014483
v -0.722184 0.883225 1.981118
v -0.763678 0.781719 2.016009
v -0.700519 0.889660 2.002218
v -0.724185 0.821209 2.028589
v -0.683174 0.830212 2.058129
v -0.710908 0.657167 2.087250
v -0.711932 0.597842 2.163703
v -0.641496 0.657167 2.130677
v -0.702430 0.463568 2.215143
v -0.708745 0.537273 2.224256
v -0.763295 0.529284 2.194522
v -0.766931 0.588514 2.142779
v -0.649966 0.905799 2.043435
v -0.649896 0.176045 2.004527
v -0.667284 0.252669 2.071082
v -0.686198 0.348267 2.144642
v -0.790470 0.584795 2.130322
v -0.766665 0.651313 2.050500
v -0.742189 0.657167 2.067679
v -0.765170 0.667381 2.045549
v -0.729539 0.817701 2.025985
v -0.455449 0.830212 2.169333
v -0.519973 0.926137 2.116792
v -0.537983 0.830212 2.140733
v -0.534272 0.254805 2.144320
v -0.519917 0.176045 2.081595
v -0.361053 0.176045 2.122628
v -0.371100 0.255340 2.182759
v -0.549604 0.353067 2.212877
v -0.381781 0.354270 2.248175
v -0.562617 0.471581 2.274668
v -0.394174 0.549865 2.305020
v -0.395703 0.612546 2.237621
v -0.567493 0.547340 2.275936
v -0.440112 0.657167 2.192615
v -0.540805 0.657167 2.170053
v -0.569778 0.609598 2.207328
v -0.568727 0.657167 2.159134
v -0.341587 0.830212 2.188045
v -0.361092 0.931237 2.158050
v -0.373599 0.830212 2.182784
v 0.000000 0.551846 2.313396
v 0.000000 0.614859 2.244608
v 0.000000 0.681668 2.208787
v 0.000000 0.355215 2.259181
v 0.000000 0.475167 2.314437
v -0.390821 0.473591 2.304988
v -0.227725 0.830212 2.194995
v 0.000000 0.176045 2.135062
v 0.000000 0.255760 2.194583
v -0.416106 0.666170 2.194744
v -0.393698 0.679003 2.197055
v -0.363093 0.706180 2.202825
v -0.393289 0.683390 2.198222
v -0.569312 0.830212 2.129877
v -0.672478 0.830212 2.064868
v 0.394174 0.549865 2.305020
v 0.395703 0.612546 2.237621
v 0.113862 0.830212 2.196599
v 0.000000 0.935238 2.170553
v 0.000000 0.830212 2.196706
v 0.227725 0.830212 2.194995
v 0.440112 0.657167 2.192615
v 0.416106 0.666170 2.194744
v 0.393698 0.679003 2.197055
v 0.361092 0.931237 2.158050
v 0.373599 0.830212 2.182784
v 0.455449 0.830212 2.169333
v 0.519973 0.926137 2.116792
v 0.537983 0.830212 2.140733
v 0.569312 0.830212 2.129877
v 0.540805 0.657167 2.170053
v 0.569778 0.609598 2.207328
v 0.568727 0.657167 2.159134
v 0.371100 0.255340 2.182759
v 0.361053 0.176045 2.122628
v 0.519917 0.176045 2.081595
v 0.534272 0.254805 2.144320
v 0.381781 0.354270 2.248175
v 0.549604 0.353067 2.212877
v 0.390821 0.473591 2.304988
v 0.562617 0.471581 2.274668
v 0.567493 0.547340 2.275936
v 0.399197 0.678932 2.197322
v 0.393289 0.683390 2.198222
v 0.341587 0.830212 2.188045
v 0.711932 0.597842 2.163703
v 0.710908 0.657167 2.087250
v 0.641496 0.657167 2.130677
v 0.667284 0.252669 2.071082
v 0.649896 0.176045 2.004527
v 0.700443 0.176045 1.958927
v 0.718704 0.250974 2.027235
v 0.686198 0.348267 2.144642
v 0.738870 0.344458 2.103276
v 0.702430 0.463568 2.215143
v 0.756313 0.457210 2.178192
v 0.708745 0.537273 2.224256
v 0.766931 0.588514 2.142779
v 0.766665 0.651313 2.050500
v 0.779388 0.454674 2.159778
v 0.786654 0.526099 2.179274
v 0.763295 0.529284 2.194522
v 0.790470 0.584795 2.130322
v 0.790668 0.647027 2.031642
v 0.769196 0.669171 2.041673
v 0.775198 0.690176 2.031966
v 0.722106 0.176045 1.936105
v 0.722106 0.176045 1.936105
v 0.740735 0.250299 2.005390
v 0.761434 0.342939 2.082747
v 0.765170 0.667381 2.045549
v 0.753192 0.802204 2.014483
v 0.722184 0.883225 1.981118
v 0.700519 0.889660 2.002218
v 0.683174 0.830212 2.058129
v 0.724185 0.821209 2.028589
v 0.649966 0.905799 2.043435
v 0.672478 0.830212 2.064868
v 0.051870 0.706180 2.211565
v 0.000000 0.706180 2.211565
v -0.113862 0.830212 2.196599
v -0.734422 0.657167 2.072538
v 0.742189 0.657167 2.067679
v 0.734422 0.657167 2.072538
v 0.729539 0.817701 2.025985
v 0.363093 0.706180 2.202825
v 0.259352 0.706180 2.209292
v 0.155611 0.706180 2.211274
v 0.763677 0.781719 2.016009
v -0.399197 0.678932 2.197322
v 0.770889 0.756497 2.021294
v -0.051870 0.706180 2.211565
v -0.155611 0.706180 2.211274
v -0.259352 0.706180 2.209292
v -0.775198 0.690176 2.031966
v -0.766218 0.671798 2.037544
v -0.772197 0.692074 2.028424
v -0.769196 0.669171 2.041673
v -0.739316 0.660211 2.062784
v -0.766218 0.671798 2.037544
v -0.639014 0.660211 2.125059
v -0.742189 0.657167 2.067679
v -0.739316 0.660211 2.062784
v -0.540805 0.657167 2.170053
v -0.639014 0.660211 2.125059
v -0.641496 0.657167 2.130677
v -0.440112 0.657167 2.192615
v -0.538711 0.660211 2.163985
v -0.540805 0.657167 2.170053
v -0.438409 0.660211 2.186287
v -0.416106 0.666170 2.194744
v -0.440112 0.657167 2.192615
v -0.414496 0.668901 2.188712
v -0.363093 0.706180 2.202825
v -0.416106 0.666170 2.194744
v -0.259352 0.706180 2.209292
v -0.361687 0.707523 2.197148
v -0.363093 0.706180 2.202825
v -0.155611 0.706180 2.211274
v -0.258348 0.707523 2.203528
v -0.259352 0.706180 2.209292
v -0.051870 0.706180 2.211565
v -0.155009 0.707523 2.205482
v -0.155611 0.706180 2.211274
v 0.051870 0.706180 2.211565
v -0.051669 0.707523 2.205770
v -0.051870 0.706180 2.211565
v 0.051870 0.706180 2.211565
v 0.155009 0.707523 2.205482
v 0.051669 0.707523 2.205770
v 0.155611 0.706180 2.211274
v 0.258348 0.707523 2.203528
v 0.155009 0.707523 2.205482
v 0.259352 0.706180 2.209292
v 0.361687 0.707523 2.197148
v 0.258348 0.707523 2.203528
v 0.414496 0.668901 2.188712
v 0.363093 0.706180 2.202825
v 0.361687 0.707523 2.197148
v 0.438409 0.660211 2.186287
v 0.416106 0.666170 2.194744
v 0.414496 0.668901 2.188712
v 0.440112 0.657167 2.192615
v 0.538711 0.660211 2.163985
v 0.438409 0.660211 2.186287
v 0.540805 0.657167 2.170053
v 0.639014 0.660211 2.125059
v 0.538711 0.660211 2.163985
v 0.639014 0.660211 2.125059
v 0.742189 0.657167 2.067679
v 0.641496 0.657167 2.130677
v 0.769196 0.669171 2.041673
v 0.739316 0.660211 2.062784
v 0.742189 0.657167 2.067679
v 0.775198 0.690176 2.031966
v 0.766218 0.671798 2.037544
v 0.769196 0.669171 2.041673
v 0.770196 0.772197 2.017066
v 0.772197 0.692074 2.028424
v 0.775198 0.690176 2.031966
v 0.753192 0.802204 2.014483
v 0.767215 0.771251 2.014608
v 0.770196 0.772197 2.017066
v 0.724185 0.821209 2.028589
v 0.750276 0.800218 2.012885
v 0.753192 0.802204 2.014483
v 0.721381 0.818564 2.027187
v 0.683174 0.830212 2.058129
v 0.724185 0.821209 2.028589
v 0.680529 0.827254 2.056241
v 0.569312 0.830212 2.129877
v 0.683174 0.830212 2.058129
v 0.455449 0.830212 2.169333
v 0.567108 0.827254 2.126360
v 0.569312 0.830212 2.129877
v 0.341587 0.830212 2.188045
v 0.453687 0.827254 2.164921
v 0.455449 0.830212 2.169333
v 0.227725 0.830212 2.194995
v 0.340265 0.827254 2.183207
v 0.341587 0.830212 2.188045
v 0.113862 0.830212 2.196599
v 0.226843 0.827254 2.190000
v 0.227725 0.830212 2.194995
v 0.000000 0.830212 2.196706
v 0.113422 0.827254 2.191568
v 0.113862 0.830212 2.196599
v 0.000000 0.830212 2.196706
v -0.113422 0.827254 2.191568
v 0.000000 0.827254 2.191673
v -0.113862 0.830212 2.196599
v -0.226843 0.827254 2.190000
v -0.113422 0.827254 2.191568
v -0.227725 0.830212 2.194995
v -0.340265 0.827254 2.183207
v -0.226843 0.827254 2.190000
v -0.341587 0.830212 2.188045
v -0.453687 0.827254 2.164921
v -0.340265 0.827254 2.183207
v -0.455449 0.830212 2.169333
v -0.567108 0.827254 2.126360
v -0.453687 0.827254 2.164921
v -0.680529 0.827254 2.056241
v -0.569312 0.830212 2.129877
v -0.567108 0.827254 2.126360
v -0.721381 0.818564 2.027187
v -0.683174 0.830212 2.058129
v -0.680529 0.827254 2.056241
v -0.724185 0.821209 2.028589
v -0.750276 0.800218 2.012885
v -0.721381 0.818564 2.027187
v -0.753192 0.802204 2.014483
v -0.767215 0.771251 2.014608
v -0.750276 0.800218 2.012885
v -0.770196 0.772197 2.017066
v -0.772197 0.692074 2.028424
v -0.767215 0.771251 2.014608
v -0.772197 0.692074 2.028424
v -0.766218 0.671798 2.037544
v -0.739316 0.660211 2.062784
v -0.767215 0.771251 2.014608
v -0.721381 0.818564 2.027187
v -0.750276 0.800218 2.012885
v -0.550140 0.780199 2.153974
v -0.550140 0.730186 2.161286
v -0.453687 0.827254 2.164921
v -0.538711 0.660211 2.163985
v -0.639014 0.660211 2.125059
v -0.680529 0.827254 2.056241
v -0.567108 0.827254 2.126360
v -0.150038 0.780199 2.205651
v -0.150038 0.730186 2.208808
v -0.051669 0.707523 2.205770
v -0.113422 0.827254 2.191568
v -0.155009 0.707523 2.205482
v -0.258348 0.707523 2.203528
v -0.226843 0.827254 2.190000
v -0.350089 0.730186 2.201235
v -0.361687 0.707523 2.197148
v -0.350089 0.780199 2.197417
v -0.340265 0.827254 2.183207
v -0.438409 0.660211 2.186287
v -0.414496 0.668901 2.188712
v 0.000000 0.827254 2.191673
v 0.051669 0.707523 2.205770
v 0.113422 0.827254 2.191568
v 0.155009 0.707523 2.205482
v 0.150038 0.730186 2.208808
v 0.150038 0.780199 2.205651
v 0.361687 0.707523 2.197148
v 0.350089 0.730186 2.201235
v 0.258348 0.707523 2.203528
v 0.350089 0.780199 2.197417
v 0.226843 0.827254 2.190000
v 0.340265 0.827254 2.183207
v 0.639014 0.660211 2.125059
v 0.550140 0.730186 2.161286
v 0.538711 0.660211 2.163985
v 0.438409 0.660211 2.186287
v 0.453687 0.827254 2.164921
v 0.550140 0.780199 2.153974
v 0.567108 0.827254 2.126360
v 0.766218 0.671798 2.037544
v 0.772197 0.692074 2.028424
v 0.739316 0.660211 2.062784
v 0.767215 0.771251 2.014608
v 0.750276 0.800218 2.012885
v 0.721381 0.818564 2.027187
v 0.680529 0.827254 2.056241
v 0.414496 0.668901 2.188712
v -0.700443 0.181046 1.600408
v -0.722106 0.181046 1.936105
v -0.722106 0.181046 1.600408
v -0.649896 0.181046 1.600408
v -0.700443 0.181046 1.958927
v -0.519917 0.181046 1.600408
v -0.649896 0.181046 2.004527
v -0.361053 0.181046 1.600408
v -0.519917 0.181046 2.081595
v 0.000000 0.181046 1.600408
v -0.361053 0.181046 2.122628
v 0.361053 0.181046 2.122628
v 0.000000 0.181046 2.135062
v 0.361053 0.181046 1.600408
v 0.519917 0.181046 2.081595
v 0.519917 0.181046 1.600408
v 0.649896 0.181046 2.004527
v 0.649896 0.181046 1.600408
v 0.700443 0.181046 1.958927
v 0.700443 0.181046 1.600408
v 0.722106 0.181046 1.936105
v -0.715182 0.906424 1.749381
v -0.662329 0.980979 1.620413
v -0.712182 0.976249 1.620413
v -0.665120 0.917897 1.772617
v -0.512771 0.993109 1.620413
v -0.514931 0.933427 1.819980
v -0.270629 1.006202 1.620413
v 0.000000 0.941900 1.847668
v -0.271769 0.939840 1.845519
v 0.270629 1.006202 1.620413
v 0.000000 1.011258 1.620413
v 0.514931 0.933427 1.819980
v 0.271769 0.939840 1.845519
v 0.665120 0.917897 1.772617
v 0.512771 0.993109 1.620413
v 0.715182 0.906424 1.749381
v 0.662329 0.980979 1.620413
v -0.697178 1.134289 1.230314
v -0.648375 1.139018 1.230314
v -0.501968 1.151149 1.230314
v -0.264928 1.164243 1.230314
v 0.264928 1.164243 1.230314
v 0.000000 1.169298 1.230314
v 0.501968 1.151149 1.230314
v 0.648375 1.139018 1.230314
v 0.697178 1.134289 1.230314
v -0.672171 1.220311 0.910232
v -0.625119 1.225040 0.910232
v -0.483963 1.237171 0.910232
v -0.255425 1.250265 0.910232
v 0.255425 1.250265 0.910232
v 0.000000 1.255320 0.910232
v 0.483963 1.237171 0.910232
v 0.625119 1.225040 0.910232
v 0.672171 1.220311 0.910232
v -0.625119 1.225040 0.910232
v -0.665170 1.250319 0.700178
v -0.672171 1.220311 0.910232
v -0.483963 1.237171 0.910232
v -0.618608 1.255049 0.700178
v -0.255425 1.250265 0.910232
v -0.478922 1.267179 0.700178
v 0.000000 1.255320 0.910232
v -0.252764 1.280272 0.700178
v 0.252764 1.280272 0.700178
v 0.000000 1.285328 0.700178
v 0.255425 1.250265 0.910232
v 0.478922 1.267179 0.700178
v 0.483963 1.237171 0.910232
v 0.618608 1.255049 0.700178
v 0.625119 1.225040 0.910232
v 0.665170 1.250319 0.700178
v -0.660168 1.258321 0.400102
v -0.613956 1.263050 0.400102
v -0.475321 1.275181 0.400102
v -0.250864 1.288274 0.400102
v 0.250864 1.288274 0.400102
v 0.000000 1.293330 0.400102
v 0.475321 1.275181 0.400102
v 0.613956 1.263050 0.400102
v 0.660168 1.258321 0.400102
v -0.654167 1.253319 0.050013
v -0.608375 1.258049 0.050013
v -0.471000 1.270180 0.050013
v -0.248583 1.283273 0.050013
v 0.248583 1.283273 0.050013
v 0.000000 1.288328 0.050013
v 0.471000 1.270180 0.050013
v 0.608375 1.258049 0.050013
v 0.654167 1.253319 0.050013
v -0.617677 1.218038 -0.130033
v -0.664169 1.213309 -0.130033
v -0.478202 1.230170 -0.130033
v -0.252384 1.243263 -0.130033
v 0.000000 1.248318 -0.130033
v 0.252384 1.243263 -0.130033
v 0.478202 1.230170 -0.130033
v 0.617677 1.218038 -0.130033
v -0.664169 1.213309 -0.130033
v -0.669771 1.040993 -0.430110
v -0.720184 1.036264 -0.430110
v -0.617677 1.218038 -0.130033
v -0.518532 1.053124 -0.430110
v -0.478202 1.230170 -0.130033
v -0.273670 1.066218 -0.430110
v -0.252384 1.243263 -0.130033
v 0.000000 1.071273 -0.430110
v 0.252384 1.243263 -0.130033
v 0.000000 1.248318 -0.130033
v 0.478202 1.230170 -0.130033
v 0.273670 1.066218 -0.430110
v 0.617677 1.218038 -0.130033
v 0.518532 1.053124 -0.430110
v 0.664169 1.213309 -0.130033
v 0.669771 1.040993 -0.430110
v -0.701399 0.843377 -0.750191
v -0.754192 0.822951 -0.750191
v -0.543018 0.875981 -0.750191
v -0.286593 0.881729 -0.750191
v 0.000000 0.883952 -0.750191
v 0.286593 0.881729 -0.750191
v 0.543018 0.875981 -0.750191
v 0.720184 1.036264 -0.430110
v 0.701399 0.843377 -0.750191
v -0.766356 0.889104 1.574245
v -0.715182 0.906424 1.749381
v -0.715182 0.906424 1.749381
v -0.765056 0.893461 1.576554
v -0.715182 0.906424 1.749381
v -0.715182 0.906424 1.749381
v -0.765056 0.893461 1.576554
v -0.749337 0.930933 1.596406
v -0.748390 0.995768 1.230314
v -0.775733 0.881222 1.230314
v -0.716299 0.971892 1.618104
v -0.702646 1.120970 1.230314
v -0.702646 1.120970 1.230314
v -0.716299 0.971892 1.618104
v -0.712182 0.976249 1.620413
v -0.697178 1.134289 1.230314
v -0.778384 0.867902 1.230314
v -0.775733 0.881222 1.230314
v -0.765056 0.893461 1.576554
v -0.715182 0.906424 1.749381
v -0.749337 0.930933 1.596406
v -0.715182 0.906424 1.749381
v -0.715182 0.906424 1.749381
v -0.715182 0.906424 1.749381
v -0.715182 0.906424 1.749381
v -0.715182 0.906424 1.749381
v -0.778475 0.859850 0.700178
v -0.779821 0.861955 0.910232
v -0.775847 0.879873 0.910232
v -0.774218 0.879374 0.700178
v -0.774218 0.879374 0.700178
v -0.775847 0.879873 0.910232
v -0.737134 1.033966 0.910232
v -0.733073 1.047275 0.700178
v -0.731056 1.049628 0.520133
v -0.773170 0.877773 0.520133
v -0.672243 1.230796 0.700178
v -0.669169 1.237468 0.520133
v -0.669169 1.237468 0.520133
v -0.672243 1.230796 0.700178
v -0.665170 1.250319 0.700178
v -0.661982 1.257451 0.520133
v -0.777539 0.857790 0.520133
v -0.773170 0.877773 0.520133
v -0.678962 1.202393 0.910232
v -0.678962 1.202393 0.910232
v -0.672171 1.220311 0.910232
v -0.776807 0.856828 0.400102
v -0.777071 0.857134 0.440112
v -0.772666 0.877185 0.440112
v -0.772383 0.876902 0.400102
v -0.772383 0.876902 0.400102
v -0.772666 0.877185 0.440112
v -0.730251 1.049617 0.440112
v -0.729805 1.049544 0.400102
v -0.724963 1.044850 0.050013
v -0.768500 0.872462 0.050013
v -0.667408 1.238246 0.400102
v -0.661519 1.233274 0.050013
v -0.661519 1.233274 0.050013
v -0.667408 1.238246 0.400102
v -0.660168 1.258321 0.400102
v -0.654167 1.253319 0.050013
v -0.773035 0.852417 0.050013
v -0.768500 0.872462 0.050013
v -0.668032 1.238088 0.440112
v -0.668032 1.238088 0.440112
v -0.660811 1.258138 0.440112
v -0.660168 1.258321 0.400102
v -0.757759 0.834648 -0.430110
v -0.768721 0.847158 -0.130033
v -0.764902 0.865466 -0.130033
v -0.757288 0.844729 -0.430110
v -0.757288 0.844729 -0.430110
v -0.764902 0.865466 -0.130033
v -0.727520 1.022911 -0.130033
v -0.748707 0.931423 -0.430110
v -0.765093 0.822292 -0.750191
v -0.759101 0.821746 -0.750191
v -0.723470 1.026184 -0.430110
v -0.755785 0.822887 -0.750191
v -0.755785 0.822887 -0.750191
v -0.723470 1.026184 -0.430110
v -0.720184 1.036264 -0.430110
v -0.754192 0.822951 -0.750191
v -0.757877 0.821682 -0.750191
v -0.759101 0.821746 -0.750191
v -0.670805 1.195002 -0.130033
v -0.670805 1.195002 -0.130033
v -0.664169 1.213309 -0.130033
v -0.731056 1.049628 0.520133
v -0.730251 1.049617 0.440112
v -0.721009 1.035977 -0.430195
v -0.669806 1.199818 -0.130051
v -0.665159 1.212634 -0.130050
v -0.754298 0.823642 -0.750272
v -0.723312 1.028918 -0.430193
v 0.766356 0.889104 1.574245
v 0.765056 0.893461 1.576554
v 0.715182 0.906424 1.749381
v 0.775733 0.881222 1.230314
v 0.748390 0.995768 1.230314
v 0.749337 0.930933 1.596406
v 0.716299 0.971892 1.618104
v 0.702646 1.120970 1.230314
v 0.712182 0.976249 1.620413
v 0.716299 0.971892 1.618104
v 0.702646 1.120970 1.230314
v 0.697178 1.134289 1.230314
v 0.778384 0.867902 1.230314
v 0.775733 0.881222 1.230314
v 0.765056 0.893461 1.576554
v 0.715182 0.906424 1.749381
v 0.715182 0.906424 1.749381
v 0.715182 0.906424 1.749381
v 0.775847 0.879873 0.910232
v 0.779821 0.861955 0.910232
v 0.778475 0.859850 0.700178
v 0.774218 0.879374 0.700178
v 0.737134 1.033966 0.910232
v 0.775847 0.879873 0.910232
v 0.774218 0.879374 0.700178
v 0.773170 0.877773 0.520133
v 0.731056 1.049628 0.520133
v 0.733073 1.047275 0.700178
v 0.672243 1.230796 0.700178
v 0.669169 1.237468 0.520133
v 0.665170 1.250319 0.700178
v 0.672243 1.230796 0.700178
v 0.669169 1.237468 0.520133
v 0.661982 1.257451 0.520133
v 0.777539 0.857790 0.520133
v 0.773170 0.877773 0.520133
v 0.678962 1.202393 0.910232
v 0.672171 1.220311 0.910232
v 0.678962 1.202393 0.910232
v 0.772666 0.877185 0.440112
v 0.777071 0.857134 0.440112
v 0.776807 0.856828 0.400102
v 0.772383 0.876902 0.400102
v 0.730251 1.049617 0.440112
v 0.772666 0.877185 0.440112
v 0.772383 0.876902 0.400102
v 0.768500 0.872462 0.050013
v 0.724963 1.044850 0.050013
v 0.729805 1.049544 0.400102
v 0.667408 1.238246 0.400102
v 0.661519 1.233274 0.050013
v 0.660168 1.258321 0.400102
v 0.667408 1.238246 0.400102
v 0.661519 1.233274 0.050013
v 0.654167 1.253319 0.050013
v 0.773035 0.852417 0.050013
v 0.768500 0.872462 0.050013
v 0.668032 1.238088 0.440112
v 0.660811 1.258138 0.440112
v 0.668032 1.238088 0.440112
v 0.764902 0.865466 -0.130033
v 0.768721 0.847158 -0.130033
v 0.757759 0.834648 -0.430110
v 0.757288 0.844729 -0.430110
v 0.727520 1.022911 -0.130033
v 0.764902 0.865466 -0.130033
v 0.757288 0.844729 -0.430110
v 0.759101 0.821746 -0.750191
v 0.765093 0.822292 -0.750191
v 0.748707 0.931423 -0.430110
v 0.723470 1.026184 -0.430110
v 0.755785 0.822887 -0.750191
v 0.720184 1.036264 -0.430110
v 0.723470 1.026184 -0.430110
v 0.755785 0.822887 -0.750191
v 0.754192 0.822951 -0.750191
v 0.757877 0.821682 -0.750191
v 0.759101 0.821746 -0.750191
v 0.670805 1.195002 -0.130033
v 0.664169 1.213309 -0.130033
v 0.670805 1.195002 -0.130033
v 0.731056 1.049628 0.520133
v 0.730251 1.049617 0.440112
v 0.669806 1.199818 -0.130051
v 0.721009 1.035977 -0.430195
v 0.665159 1.212634 -0.130050
v 0.723312 1.028918 -0.430193
v 0.754298 0.823642 -0.750272
v -0.682424 1.040387 -0.430548
v -0.645970 1.215847 -0.130313
v -0.629363 1.217527 -0.130313
v -0.714856 0.838746 -0.750257
v -0.700430 1.038705 -0.430551
v -0.598789 0.883964 -0.691358
v -0.351834 0.893072 -0.696362
v -0.599528 0.880801 -0.703343
v -0.351804 0.896526 -0.684402
v -0.148866 0.903992 -0.671373
v -0.351514 0.893086 -0.696338
v 0.645970 1.215847 -0.130313
v 0.682424 1.040387 -0.430548
v 0.629363 1.217527 -0.130313
v 0.700430 1.038705 -0.430551
v 0.714856 0.838746 -0.750257
v 0.351834 0.893072 -0.696362
v 0.598789 0.883964 -0.691358
v 0.599528 0.880801 -0.703343
v 0.148866 0.903992 -0.671373
v 0.351804 0.896526 -0.684402
v 0.351514 0.893086 -0.696338
v -0.291385 0.935694 2.091702
v -0.146169 0.937938 2.070188
v -0.292344 0.936522 2.065576
v -0.145691 0.937111 2.096399
v 0.000000 0.938985 2.070495
v 0.145691 0.937111 2.096399
v 0.000000 0.938158 2.096713
v 0.291385 0.935694 2.091702
v 0.146169 0.937938 2.070188
v -0.490345 0.606132 -1.844970
v -0.621478 0.623880 -1.735942
v -0.506909 0.686026 -1.634917
v -0.489625 0.691154 -1.894983
v -0.375776 0.617923 -1.848471
v -0.365093 0.702945 -1.898484
v -0.614157 0.644385 -1.891482
v -0.490345 0.606132 -1.844970
v -0.489625 0.691154 -1.894983
v -0.614157 0.644385 -1.891482
v -0.621478 0.623880 -1.735942
v -0.604914 0.559364 -1.841469
v -0.650166 0.751779 -1.680428
v -0.621478 0.623880 -1.735942
v -0.632161 0.708902 -1.785955
v -0.650166 0.751779 -1.680428
v -0.506909 0.686026 -1.634917
v -0.638043 0.666757 -1.630416
v -0.507629 0.771048 -1.684929
v -0.375776 0.691284 -1.639418
v -0.506909 0.686026 -1.634917
v -0.365093 0.776306 -1.689431
v -0.375776 0.662180 -1.743944
v -0.375776 0.691284 -1.639418
v -0.365093 0.747201 -1.793957
v -0.375776 0.617923 -1.848471
v -0.375776 0.662180 -1.743944
v -0.507037 0.684525 -1.633421
v -0.622978 0.622380 -1.735897
v -0.490217 0.604632 -1.846466
v -0.374611 0.616423 -1.849417
v -0.489497 0.691154 -1.896478
v -0.363929 0.702945 -1.899430
v -0.365093 0.702945 -1.898484
v -0.489497 0.691154 -1.896478
v -0.489625 0.691154 -1.894983
v -0.490217 0.604632 -1.846466
v -0.615284 0.644385 -1.892472
v -0.489497 0.691154 -1.896478
v -0.614157 0.644385 -1.891482
v -0.615284 0.644385 -1.892472
v -0.622978 0.622380 -1.735897
v -0.633660 0.708902 -1.785910
v -0.633660 0.708902 -1.785910
v -0.632161 0.708902 -1.785955
v -0.622978 0.622380 -1.735897
v -0.651382 0.751779 -1.679549
v -0.633660 0.708902 -1.785910
v -0.650166 0.751779 -1.680428
v -0.651382 0.751779 -1.679549
v -0.507037 0.684525 -1.633421
v -0.507757 0.771048 -1.683434
v -0.507757 0.771048 -1.683434
v -0.507629 0.771048 -1.684929
v -0.507757 0.771048 -1.683434
v -0.374577 0.689784 -1.638516
v -0.363895 0.776306 -1.688528
v -0.365093 0.776306 -1.689431
v -0.363895 0.776306 -1.688528
v -0.374276 0.660679 -1.743989
v -0.363594 0.747201 -1.794002
v -0.363594 0.747201 -1.794002
v -0.365093 0.747201 -1.793957
v -0.363594 0.747201 -1.794002
v -0.374611 0.616423 -1.849417
v -0.363929 0.702945 -1.899430
v -0.507530 0.770805 -1.686085
v -0.630693 0.709513 -1.785999
v -0.648498 0.751863 -1.681633
v -0.498627 0.739389 -1.789956
v -0.612886 0.646404 -1.890366
v -0.366561 0.776035 -1.690537
v -0.366561 0.747146 -1.793913
v -0.489724 0.691802 -1.893828
v -0.618806 0.664785 -1.864230
v -0.489625 0.690154 -1.894983
v -0.614157 0.643385 -1.891482
v -0.365093 0.717294 -1.864230
v -0.491949 0.705631 -1.864230
v -0.489724 0.691802 -1.893828
v -0.372564 0.670032 -1.858250
v -0.606885 0.670032 -1.858250
v -0.612886 0.646404 -1.890366
v -0.606885 0.670032 -1.858250
v -0.648498 0.716854 -1.696636
v -0.366561 0.741026 -1.705541
v -0.372564 0.596583 -1.784800
v -0.372564 0.670032 -1.858250
v -0.606885 0.596583 -1.784800
v -0.366561 0.741026 -1.705541
v -0.648498 0.716854 -1.696636
v -0.648498 0.751863 -1.681633
v -0.366561 0.741026 -1.705541
v -0.366561 0.776035 -1.690537
v -0.589310 0.604213 -1.788187
v -0.372564 0.596583 -1.784800
v -0.606885 0.596583 -1.784800
v -0.390137 0.604213 -1.788187
v -0.589310 0.666646 -1.850619
v -0.390137 0.666646 -1.850619
v -0.390137 0.666646 -1.850619
v -0.589310 0.604213 -1.788187
v -0.589310 0.666646 -1.850619
v 0.506909 0.686026 -1.634917
v 0.621478 0.623880 -1.735942
v 0.490345 0.606132 -1.844970
v 0.507629 0.771048 -1.684929
v 0.375776 0.691284 -1.639418
v 0.365093 0.776306 -1.689431
v 0.650166 0.751779 -1.680428
v 0.506909 0.686026 -1.634917
v 0.507629 0.771048 -1.684929
v 0.650166 0.751779 -1.680428
v 0.621478 0.623880 -1.735942
v 0.638043 0.666757 -1.630416
v 0.614157 0.644385 -1.891482
v 0.621478 0.623880 -1.735942
v 0.632161 0.708902 -1.785955
v 0.614157 0.644385 -1.891482
v 0.490345 0.606132 -1.844970
v 0.604914 0.559364 -1.841469
v 0.489625 0.691154 -1.894983
v 0.375776 0.617923 -1.848471
v 0.490345 0.606132 -1.844970
v 0.365093 0.747201 -1.793957
v 0.375776 0.617923 -1.848471
v 0.365093 0.702945 -1.898484
v 0.365093 0.776306 -1.689431
v 0.375776 0.662180 -1.743944
v 0.365093 0.747201 -1.793957
v 0.490217 0.604632 -1.846466
v 0.622978 0.622380 -1.735897
v 0.507037 0.684525 -1.633421
v 0.374577 0.689784 -1.638516
v 0.507757 0.771048 -1.683434
v 0.363895 0.776306 -1.688528
v 0.365093 0.776306 -1.689431
v 0.507757 0.771048 -1.683434
v 0.507629 0.771048 -1.684929
v 0.507037 0.684525 -1.633421
v 0.651382 0.751779 -1.679549
v 0.507757 0.771048 -1.683434
v 0.650166 0.751779 -1.680428
v 0.651382 0.751779 -1.679549
v 0.622978 0.622380 -1.735897
v 0.633660 0.708902 -1.785910
v 0.633660 0.708902 -1.785910
v 0.632161 0.708902 -1.785955
v 0.622978 0.622380 -1.735897
v 0.615284 0.644385 -1.892472
v 0.633660 0.708902 -1.785910
v 0.614157 0.644385 -1.891482
v 0.615284 0.644385 -1.892472
v 0.490217 0.604632 -1.846466
v 0.489497 0.691154 -1.896478
v 0.489497 0.691154 -1.896478
v 0.489625 0.691154 -1.894983
v 0.489497 0.691154 -1.896478
v 0.374611 0.616423 -1.849417
v 0.363929 0.702945 -1.899430
v 0.365093 0.702945 -1.898484
v 0.374611 0.616423 -1.849417
v 0.363594 0.747201 -1.794002
v 0.363929 0.702945 -1.899430
v 0.363594 0.747201 -1.794002
v 0.365093 0.747201 -1.793957
v 0.374276 0.660679 -1.743989
v 0.363895 0.776306 -1.688528
v 0.363594 0.747201 -1.794002
v 0.366561 0.776035 -1.690537
v 0.498627 0.739389 -1.789956
v 0.366561 0.747146 -1.793913
v 0.489724 0.691802 -1.893828
v 0.366561 0.703414 -1.897290
v 0.507530 0.770805 -1.686085
v 0.630693 0.709513 -1.785999
v 0.612886 0.646404 -1.890366
v 0.489625 0.690154 -1.894983
v 0.618806 0.664785 -1.864230
v 0.614157 0.643385 -1.891482
v 0.365093 0.717294 -1.864230
v 0.491949 0.705631 -1.864230
v 0.489724 0.691802 -1.893828
v 0.606885 0.670032 -1.858250
v 0.372564 0.670032 -1.858250
v 0.366561 0.703414 -1.897290
v 0.372564 0.670032 -1.858250
v 0.366561 0.741026 -1.705541
v 0.612886 0.646404 -1.890366
v 0.648498 0.716854 -1.696636
v 0.606885 0.670032 -1.858250
v 0.366561 0.741026 -1.705541
v 0.606885 0.596583 -1.784800
v 0.648498 0.716854 -1.696636
v 0.648498 0.751863 -1.681633
v 0.366561 0.741026 -1.705541
v 0.648498 0.716854 -1.696636
v 0.589310 0.604213 -1.788187
v 0.372564 0.596583 -1.784800
v 0.390137 0.604213 -1.788187
v 0.606885 0.596583 -1.784800
v 0.589310 0.666646 -1.850619
v 0.390137 0.666646 -1.850619
v 0.589310 0.666646 -1.850619
v 0.390137 0.604213 -1.788187
v 0.390137 0.666646 -1.850619
v -0.799903 0.249620 0.721680
v -0.808738 0.286892 0.718671
v -0.799901 0.249617 0.718679
v -0.808765 0.286898 0.721672
v -0.816987 0.324099 0.718671
v -0.817015 0.324106 0.721673
v -0.824021 0.361365 0.718679
v -0.824025 0.361373 0.721680
v -0.830029 0.398575 0.718679
v -0.830034 0.398587 0.721680
v -0.836380 0.435772 0.718672
v -0.836406 0.435784 0.721673
v -0.840504 0.473065 0.718677
v -0.840517 0.473080 0.721678
v -0.844173 0.510279 0.718676
v -0.844187 0.510295 0.721678
v -0.846457 0.547566 0.718677
v -0.846469 0.547584 0.721677
v -0.847105 0.584787 0.718675
v -0.847121 0.584807 0.721676
v -0.847720 0.622036 0.718674
v -0.847735 0.622058 0.721676
v -0.843918 0.659523 0.718674
v -0.843927 0.659547 0.721675
v -0.835861 0.696772 0.718670
v -0.835881 0.696797 0.721671
v -0.827697 0.733994 0.718670
v -0.827716 0.734021 0.721671
v -0.819283 0.771440 0.718669
v -0.819296 0.771468 0.721671
v -0.802998 0.808674 0.718666
v -0.803018 0.808705 0.721667
v -0.786503 0.845925 0.718665
v -0.789495 0.286908 -0.698623
v -0.781521 0.249599 -0.701623
v -0.781408 0.249611 -0.698623
v -0.797549 0.324121 -0.698623
v -0.789608 0.286891 -0.701623
v -0.804802 0.361363 -0.701628
v -0.797661 0.324097 -0.701624
v -0.804702 0.361394 -0.698628
v -0.810563 0.398575 -0.701629
v -0.810465 0.398611 -0.698628
v -0.816227 0.435795 -0.701633
v -0.816138 0.435838 -0.698632
v -0.820066 0.473066 -0.701633
v -0.819976 0.473115 -0.698633
v -0.823360 0.510284 -0.701636
v -0.823270 0.510333 -0.698633
v -0.824533 0.547601 -0.701636
v -0.824443 0.547662 -0.698635
v -0.823526 0.584841 -0.701637
v -0.823436 0.584908 -0.698637
v -0.822444 0.622118 -0.701644
v -0.822368 0.622191 -0.698643
v -0.816291 0.659603 -0.701646
v -0.816194 0.659682 -0.698646
v -0.805701 0.696830 -0.701647
v -0.805603 0.696914 -0.698646
v -0.795103 0.734086 -0.701648
v -0.795004 0.734176 -0.698648
v -0.784206 0.771485 -0.701651
v -0.784089 0.771581 -0.698651
v -0.765768 0.808740 -0.701651
v -0.765643 0.808842 -0.698651
v -0.700008 0.846082 -0.701710
v -0.798581 0.250670 0.450107
v -0.799640 0.248591 0.720178
v -0.800163 0.250647 0.720183
v -0.795125 0.250659 -0.000030
v -0.798039 0.248570 0.450101
v -0.798581 0.250670 0.450107
v -0.786848 0.250643 -0.350126
v -0.794587 0.248578 -0.000044
v -0.795125 0.250659 -0.000024
v -0.781702 0.250638 -0.700110
v -0.786306 0.248593 -0.350145
v -0.786848 0.250643 -0.350124
v -0.822428 0.745104 0.430211
v -0.827462 0.730063 0.590020
v -0.824166 0.745098 0.590256
v -0.379137 0.874031 -0.798943
v -0.379372 0.881214 -0.720329
v -0.377467 0.881238 -0.720330
v -0.381390 0.866747 -0.877554
v -0.381049 0.874006 -0.798942
v -0.383977 0.858768 -0.956144
v -0.383322 0.866707 -0.877553
v -0.386642 0.850789 -1.034721
v -0.385921 0.858723 -0.956143
v -0.389132 0.842812 -1.113302
v -0.388600 0.850737 -1.034720
v -0.391195 0.834838 -1.191890
v -0.391104 0.842756 -1.113302
v -0.392608 0.826920 -1.270480
v -0.393176 0.834788 -1.191889
v -0.393526 0.819192 -1.348020
v -0.394609 0.826857 -1.270479
v -0.394021 0.811936 -1.420861
v -0.395532 0.819115 -1.348017
v -0.396104 0.805035 -1.489523
v -0.396029 0.811859 -1.420848
v -0.394096 0.805096 -1.489552
v -0.395765 0.797057 -1.555086
v -0.393752 0.797122 -1.555137
v -0.394967 0.788250 -1.618462
v -0.392959 0.788319 -1.618541
v -0.392399 0.777848 -1.680737
v -0.390442 0.777911 -1.680844
v -0.388542 0.763751 -1.742618
v -0.815208 0.899729 -0.336086
v -0.765195 0.899729 -0.264067
v -0.815208 0.899729 -0.264067
v -0.765195 0.899729 -0.264067
v -0.815208 0.940740 -0.264067
v -0.815208 0.899729 -0.264067
v -0.765195 0.899729 -0.336086
v -0.765195 0.940740 -0.264067
v -0.765195 0.899729 -0.264067
v -0.815208 0.899729 -0.336086
v -0.765195 0.940740 -0.336086
v -0.765195 0.899729 -0.336086
v -0.815208 0.899729 -0.264067
v -0.815208 0.940740 -0.336086
v -0.815208 0.899729 -0.336086
v -0.765195 0.940740 -0.264067
v -0.815208 0.940740 -0.336086
v -0.815208 0.940740 -0.264067
v -0.815208 0.945241 -0.340087
v -0.905231 0.974946 -0.335947
v -0.905231 0.945241 -0.359092
v -0.815208 0.970703 -0.322508
v -0.905231 0.987252 -0.280071
v -0.905231 0.974946 -0.335947
v -0.815208 0.970703 -0.237635
v -0.905231 0.987252 -0.280071
v -0.815208 0.981250 -0.280071
v -0.815208 0.945241 -0.220056
v -0.905231 0.974946 -0.224196
v -0.815208 0.970703 -0.237635
v -0.815208 0.945241 -0.220056
v -0.905231 0.915535 -0.224196
v -0.905231 0.945241 -0.201051
v -0.815208 0.919778 -0.237635
v -0.905231 0.903230 -0.280071
v -0.905231 0.915535 -0.224196
v -0.815208 0.919778 -0.322508
v -0.905231 0.903230 -0.280071
v -0.815208 0.909232 -0.280071
v -0.815208 0.945241 -0.340087
v -0.905231 0.915535 -0.335947
v -0.815208 0.919778 -0.322508
v -0.905231 0.974946 -0.335947
v -0.944241 0.945241 -0.335085
v -0.905231 0.945241 -0.359092
v -0.905231 0.987252 -0.280071
v -0.944241 0.966459 -0.318972
v -0.905231 0.974946 -0.335947
v -0.905231 0.987252 -0.280071
v -0.944241 0.966459 -0.241170
v -0.944241 0.975249 -0.280071
v -0.905231 0.974946 -0.224196
v -0.944241 0.945241 -0.225057
v -0.944241 0.966459 -0.241170
v -0.905231 0.915535 -0.224196
v -0.944241 0.945241 -0.225057
v -0.905231 0.945241 -0.201051
v -0.905231 0.903230 -0.280071
v -0.944241 0.924023 -0.241170
v -0.905231 0.915535 -0.224196
v -0.905231 0.903230 -0.280071
v -0.944241 0.924023 -0.318972
v -0.944241 0.915233 -0.280071
v -0.905231 0.915535 -0.335947
v -0.944241 0.945241 -0.335085
v -0.944241 0.924023 -0.318972
v -0.944241 0.924023 -0.241170
v -0.944241 0.915233 -0.280071
v -0.944241 0.966459 -0.241170
v -0.815208 0.981250 -0.280071
v -0.815208 0.970703 -0.322508
v -0.815208 0.919778 -0.322508
v -0.713323 0.496893 -1.808963
v -0.746587 0.479460 -1.729846
v -0.752293 0.494728 -1.717609
v 0.808738 0.286892 0.718671
v 0.799903 0.249620 0.721680
v 0.799901 0.249617 0.718679
v 0.816987 0.324099 0.718671
v 0.808765 0.286898 0.721672
v 0.824021 0.361365 0.718679
v 0.817015 0.324106 0.721673
v 0.830029 0.398575 0.718679
v 0.824025 0.361373 0.721680
v 0.836379 0.435772 0.718672
v 0.830034 0.398587 0.721680
v 0.840504 0.473065 0.718677
v 0.836406 0.435784 0.721673
v 0.844174 0.510279 0.718676
v 0.840517 0.473080 0.721678
v 0.846457 0.547566 0.718677
v 0.844187 0.510295 0.721678
v 0.847105 0.584787 0.718675
v 0.846469 0.547584 0.721677
v 0.847720 0.622036 0.718674
v 0.847121 0.584807 0.721676
v 0.843917 0.659523 0.718674
v 0.847735 0.622058 0.721676
v 0.835861 0.696772 0.718670
v 0.843927 0.659547 0.721675
v 0.827697 0.733994 0.718670
v 0.835881 0.696797 0.721671
v 0.819283 0.771440 0.718669
v 0.827716 0.734021 0.721671
v 0.802998 0.808674 0.718666
v 0.819296 0.771468 0.721671
v 0.786503 0.845925 0.718665
v 0.803018 0.808705 0.721667
v 0.781522 0.249599 -0.701623
v 0.789494 0.286908 -0.698623
v 0.781407 0.249611 -0.698623
v 0.789608 0.286891 -0.701623
v 0.797549 0.324121 -0.698623
v 0.804802 0.361363 -0.701628
v 0.797661 0.324097 -0.701624
v 0.810564 0.398575 -0.701629
v 0.804702 0.361394 -0.698628
v 0.816227 0.435795 -0.701633
v 0.810465 0.398611 -0.698628
v 0.820066 0.473066 -0.701633
v 0.816138 0.435838 -0.698632
v 0.823359 0.510284 -0.701636
v 0.819976 0.473115 -0.698633
v 0.824533 0.547601 -0.701636
v 0.823270 0.510333 -0.698633
v 0.823526 0.584841 -0.701637
v 0.824443 0.547662 -0.698635
v 0.822444 0.622118 -0.701644
v 0.823436 0.584908 -0.698637
v 0.816291 0.659603 -0.701646
v 0.822368 0.622191 -0.698643
v 0.805700 0.696830 -0.701647
v 0.816194 0.659682 -0.698646
v 0.795103 0.734086 -0.701648
v 0.805603 0.696914 -0.698646
v 0.784206 0.771485 -0.701651
v 0.795003 0.734176 -0.698648
v 0.765769 0.808740 -0.701651
v 0.784090 0.771581 -0.698651
v 0.700008 0.846082 -0.701710
v 0.765643 0.808842 -0.698651
v 0.799640 0.248591 0.720178
v 0.798581 0.250670 0.450107
v 0.800163 0.250647 0.720183
v 0.798039 0.248570 0.450101
v 0.795125 0.250659 -0.000030
v 0.798581 0.250670 0.450107
v 0.794587 0.248578 -0.000044
v 0.786848 0.250643 -0.350126
v 0.795125 0.250659 -0.000024
v 0.786306 0.248593 -0.350145
v 0.781702 0.250638 -0.700110
v 0.786848 0.250643 -0.350124
v 0.827462 0.730063 0.590020
v 0.822428 0.745104 0.430211
v 0.824166 0.745098 0.590256
v 0.379372 0.881214 -0.720329
v 0.379137 0.874031 -0.798943
v 0.377467 0.881238 -0.720330
v 0.381049 0.874006 -0.798942
v 0.381390 0.866747 -0.877554
v 0.383322 0.866707 -0.877553
v 0.383977 0.858768 -0.956144
v 0.385921 0.858723 -0.956143
v 0.386642 0.850789 -1.034721
v 0.388600 0.850737 -1.034720
v 0.389132 0.842811 -1.113302
v 0.391104 0.842756 -1.113302
v 0.391195 0.834838 -1.191890
v 0.393176 0.834788 -1.191889
v 0.392608 0.826920 -1.270480
v 0.394609 0.826857 -1.270479
v 0.393526 0.819192 -1.348020
v 0.395532 0.819115 -1.348017
v 0.394021 0.811936 -1.420861
v 0.396104 0.805035 -1.489523
v 0.396029 0.811859 -1.420848
v 0.395765 0.797057 -1.555086
v 0.394096 0.805096 -1.489552
v 0.394967 0.788250 -1.618462
v 0.393752 0.797122 -1.555137
v 0.392399 0.777848 -1.680737
v 0.392959 0.788319 -1.618541
v 0.388542 0.763751 -1.742618
v 0.390442 0.777911 -1.680844
v 0.834238 0.659494 1.552041
v 0.824332 0.660928 1.707633
v 0.824346 0.659715 1.708961
v 0.834131 0.660637 1.550645
v 0.832187 0.677205 1.539144
v 0.834145 0.660118 1.552045
v 0.832131 0.678074 1.537500
v 0.807089 0.793490 1.538489
v 0.832244 0.676743 1.539377
v 0.801034 0.811104 1.548364
v 0.807132 0.793363 1.538450
v 0.806921 0.794120 1.536673
v 0.794026 0.811700 1.698994
v 0.801292 0.810246 1.549512
v 0.800961 0.811284 1.548935
v 0.798312 0.794185 1.712182
v 0.794541 0.810217 1.698858
v 0.794135 0.811302 1.699806
v 0.822132 0.677363 1.716211
v 0.798542 0.793628 1.710984
v 0.798420 0.793665 1.712392
v 0.822189 0.676827 1.716132
v 0.824343 0.660840 1.707593
v 0.822187 0.677869 1.714852
v 0.765195 0.899729 -0.336086
v 0.815208 0.899729 -0.264067
v 0.765195 0.899729 -0.264067
v 0.815208 0.899729 -0.264067
v 0.765195 0.940740 -0.264067
v 0.765195 0.899729 -0.264067
v 0.815208 0.899729 -0.336086
v 0.815208 0.940740 -0.264067
v 0.815208 0.899729 -0.264067
v 0.765195 0.899729 -0.336086
v 0.815208 0.940740 -0.336086
v 0.815208 0.899729 -0.336086
v 0.765195 0.899729 -0.264067
v 0.765195 0.940740 -0.336086
v 0.765195 0.899729 -0.336086
v 0.815208 0.940740 -0.264067
v 0.765195 0.940740 -0.336086
v 0.765195 0.940740 -0.264067
v 0.815208 0.945241 -0.340087
v 0.905231 0.974946 -0.335947
v 0.905231 0.945241 -0.359092
v 0.815208 0.970703 -0.322508
v 0.905231 0.987252 -0.280071
v 0.905231 0.974946 -0.335947
v 0.815208 0.970703 -0.237635
v 0.905231 0.987252 -0.280071
v 0.815208 0.981250 -0.280071
v 0.815208 0.945241 -0.220056
v 0.905231 0.974946 -0.224196
v 0.815208 0.970703 -0.237635
v 0.815208 0.945241 -0.220056
v 0.905231 0.915535 -0.224196
v 0.905231 0.945241 -0.201051
v 0.815208 0.919778 -0.237635
v 0.905231 0.903230 -0.280071
v 0.905231 0.915535 -0.224196
v 0.815208 0.919778 -0.322508
v 0.905231 0.903230 -0.280071
v 0.815208 0.909232 -0.280071
v 0.815208 0.945241 -0.340087
v 0.905231 0.915535 -0.335947
v 0.815208 0.919778 -0.322508
v 0.905231 0.974946 -0.335947
v 0.944241 0.945241 -0.335085
v 0.905231 0.945241 -0.359092
v 0.905231 0.987252 -0.280071
v 0.944241 0.966459 -0.318972
v 0.905231 0.974946 -0.335947
v 0.905231 0.987252 -0.280071
v 0.944241 0.966459 -0.241170
v 0.944241 0.975249 -0.280071
v 0.905231 0.974946 -0.224196
v 0.944241 0.945241 -0.225057
v 0.944241 0.966459 -0.241170
v 0.905231 0.915535 -0.224196
v 0.944241 0.945241 -0.225057
v 0.905231 0.945241 -0.201051
v 0.905231 0.903230 -0.280071
v 0.944241 0.924023 -0.241170
v 0.905231 0.915535 -0.224196
v 0.905231 0.903230 -0.280071
v 0.944241 0.924023 -0.318972
v 0.944241 0.915233 -0.280071
v 0.905231 0.915535 -0.335947
v 0.944241 0.945241 -0.335085
v 0.944241 0.924023 -0.318972
v 0.944241 0.924023 -0.241170
v 0.944241 0.915233 -0.280071
v 0.944241 0.966459 -0.241170
v 0.815208 0.981250 -0.280071
v 0.815208 0.970703 -0.322508
v 0.815208 0.919778 -0.322508
v 0.746587 0.479460 -1.729846
v 0.713323 0.496893 -1.808963
v 0.752293 0.494728 -1.717609
v -0.618969 0.925470 1.792070
v -0.616154 0.926362 1.771492
v -0.620680 0.925822 1.770061
v -0.617133 0.925148 1.814297
v -0.614455 0.926006 1.793637
v -0.615135 0.925202 1.836992
v -0.612633 0.925742 1.815997
v -0.613025 0.925266 1.860211
v -0.610649 0.925793 1.838820
v -0.610909 0.924417 1.884255
v -0.608554 0.925854 1.862158
v -0.608651 0.923392 1.908880
v -0.606453 0.924997 1.886315
v -0.606387 0.922705 1.934295
v -0.604211 0.923964 1.911040
v -0.604074 0.922268 1.960811
v -0.601962 0.923360 1.936547
v -0.601813 0.921267 1.988539
v -0.599668 0.922917 1.963140
v -0.599537 0.920120 2.017418
v -0.597423 0.921911 1.990931
v -0.597326 0.919151 2.047610
v -0.595163 0.920758 2.019858
v -0.596465 0.906451 2.082301
v -0.592969 0.919832 2.050079
v -0.595395 0.922807 1.980836
v -0.590443 0.902384 2.088023
v -0.591080 0.923850 1.975532
v -0.593750 0.882507 2.095140
v -0.590443 0.902384 2.088023
v -0.594761 0.901374 2.085743
v -0.593750 0.882507 2.095140
v -0.594653 0.864468 2.102935
v -0.589046 0.883492 2.097680
v -0.599417 0.863507 2.100347
v -0.600059 0.845466 2.108404
v -0.795229 0.640778 2.035912
v -0.805894 0.636883 1.934774
v -0.795512 0.636779 2.039063
v -0.805702 0.640870 1.930806
v -0.816879 0.636745 1.842887
v -0.816816 0.640737 1.838726
v -0.826137 0.636603 1.754041
v 0.616154 0.926362 1.771492
v 0.618969 0.925470 1.792070
v 0.620680 0.925822 1.770061
v 0.614455 0.926006 1.793637
v 0.617133 0.925148 1.814297
v 0.612633 0.925742 1.815997
v 0.615135 0.925202 1.836992
v 0.610649 0.925793 1.838820
v 0.613025 0.925266 1.860211
v 0.608554 0.925854 1.862158
v 0.610909 0.924417 1.884255
v 0.606453 0.924997 1.886315
v 0.608651 0.923392 1.908880
v 0.604211 0.923964 1.911040
v 0.606387 0.922705 1.934295
v 0.601962 0.923360 1.936547
v 0.604074 0.922268 1.960811
v 0.599668 0.922917 1.963140
v 0.601813 0.921267 1.988539
v 0.597423 0.921911 1.990931
v 0.599537 0.920120 2.017418
v 0.595163 0.920758 2.019858
v 0.597326 0.919151 2.047610
v 0.592969 0.919832 2.050079
v 0.596465 0.906451 2.082301
v 0.590443 0.902384 2.088023
v 0.595395 0.922807 1.980836
v 0.591080 0.923850 1.975532
v 0.590443 0.902384 2.088023
v 0.593750 0.882507 2.095140
v 0.594761 0.901374 2.085743
v 0.594653 0.864468 2.102935
v 0.593750 0.882507 2.095140
v 0.589046 0.883492 2.097680
v 0.600059 0.845466 2.108404
v 0.599417 0.863507 2.100347
v 0.805894 0.636883 1.934774
v 0.795229 0.640778 2.035912
v 0.795511 0.636779 2.039063
v 0.816879 0.636745 1.842887
v 0.805702 0.640870 1.930806
v 0.826137 0.636603 1.754041
v 0.816816 0.640737 1.838726
v -0.155040 0.286573 2.283582
v 0.155040 0.286573 2.301587
v -0.155040 0.286573 2.301587
v 0.155040 0.286573 2.301587
v -0.155040 0.431610 2.301587
v -0.155040 0.286573 2.301587
v 0.155040 0.286573 2.283582
v 0.155040 0.431610 2.301587
v 0.155040 0.286573 2.301587
v -0.155040 0.286573 2.283582
v 0.155040 0.431610 2.283582
v 0.155040 0.286573 2.283582
v -0.155040 0.286573 2.301587
v -0.155040 0.431610 2.283582
v -0.155040 0.286573 2.283582
v 0.155040 0.431610 2.301587
v -0.155040 0.431610 2.283582
v -0.155040 0.431610 2.301587
v -0.585149 0.204052 1.703834
v -0.585149 0.204052 2.037119
v -0.335085 0.204052 1.703834
v -0.357591 0.145037 2.007124
v -0.390400 0.145037 2.071428
v -0.529835 0.145037 2.071428
v -0.529835 0.145037 2.071428
v -0.375096 0.204052 2.115539
v -0.545139 0.204052 2.115539
v -0.390400 0.145037 2.071428
v -0.335085 0.204052 2.037119
v -0.375096 0.204052 2.115539
v -0.357591 0.145037 2.007124
v -0.335085 0.204052 1.703834
v -0.335085 0.204052 2.037119
v -0.335085 0.204052 1.703834
v -0.390400 0.145037 1.669526
v -0.375096 0.204052 1.625414
v -0.375096 0.204052 1.625414
v -0.529835 0.145037 1.669526
v -0.545139 0.204052 1.625414
v -0.529835 0.145037 1.669526
v -0.585149 0.204052 1.703834
v -0.545139 0.204052 1.625414
v -0.585149 0.204052 1.703834
v -0.562643 0.145037 2.007124
v -0.585149 0.204052 2.037119
v -0.585149 0.204052 2.037119
v -0.529835 0.145037 2.071428
v -0.545139 0.204052 2.115539
v -0.182046 0.180046 2.130543
v 0.000000 0.180046 2.116889
v 0.000000 0.180046 2.130543
v 0.182046 0.180046 2.130543
v 0.372095 0.180046 2.116889
v -0.372095 0.180046 2.116889
v 0.000000 0.180046 2.082753
v 0.572146 0.180046 2.082753
v -0.572146 0.180046 2.082753
v 0.000000 0.180046 2.014481
v 0.682174 0.180046 2.014481
v -0.682174 0.180046 2.014481
v 0.000000 0.180046 1.987173
v 0.693268 0.180046 1.987173
v -0.693268 0.180046 1.987173
v 0.000000 0.180046 1.864284
v 0.743189 0.180046 1.864284
v -0.743189 0.180046 1.864284
v 0.000000 0.180046 1.768705
v 0.748956 0.180046 1.768705
v -0.748956 0.180046 1.768705
v 0.000000 0.180046 1.600408
v 0.757193 0.180046 1.600408
v -0.757193 0.180046 1.600408
v -0.822363 0.511004 1.517807
v -0.605154 0.511004 1.517807
v -0.605154 0.180046 1.517807
v -0.605154 0.180046 1.517807
v -0.757193 0.180046 1.600408
v 0.757193 0.180046 1.600408
v 0.605154 0.511004 1.517807
v 0.822363 0.511004 1.517807
v 0.757193 0.180046 1.600408
v 0.605154 0.180046 1.517807
v 0.605154 0.511004 1.517807
v 0.605154 0.180046 1.517807
v -0.605154 0.587570 1.441241
v -0.605154 0.511004 1.517807
v -0.605154 0.180046 1.441241
v -0.605154 0.180046 1.517807
v -0.605154 0.180046 1.441241
v 0.000000 0.180046 1.517807
v 0.605154 0.587570 1.441241
v 0.832175 0.587570 1.441241
v 0.605154 0.511004 1.517807
v 0.605154 0.180046 1.441241
v 0.605154 0.587570 1.441241
v 0.605154 0.180046 1.441241
v -0.832175 0.587570 1.441241
v -0.605154 0.636728 1.344763
v -0.605154 0.587570 1.441241
v -0.605154 0.180046 1.344763
v -0.605154 0.180046 1.344763
v 0.000000 0.180046 1.441241
v 0.605154 0.636728 1.344763
v 0.839010 0.636728 1.344763
v 0.605154 0.180046 1.344763
v 0.605154 0.636728 1.344763
v 0.605154 0.180046 1.344763
v -0.839010 0.636728 1.344763
v -0.605154 0.653658 1.240316
v -0.605154 0.636728 1.344763
v -0.605154 0.180046 1.240316
v -0.605154 0.180046 1.240316
v 0.000000 0.180046 1.344763
v 0.605154 0.653658 1.240316
v 0.844580 0.653658 1.240316
v 0.605154 0.180046 1.240316
v 0.605154 0.653658 1.240316
v 0.605154 0.180046 1.240316
v -0.844570 0.653667 1.237815
v -0.844580 0.653658 1.240316
v -0.605154 0.653658 1.240316
v -0.605154 0.180046 1.237815
v -0.605154 0.180046 1.237815
v 0.000000 0.180046 1.240316
v 0.844570 0.653667 1.237815
v 0.605154 0.180046 1.237815
v 0.605154 0.653667 1.237815
v 0.605154 0.180046 1.237815
v -0.844441 0.636728 1.130868
v -0.605154 0.653667 1.237815
v -0.605154 0.636728 1.130868
v -0.605154 0.653667 1.237815
v -0.605154 0.180046 1.130868
v 0.000000 0.180046 1.237815
v 0.605154 0.653667 1.237815
v 0.844441 0.636728 1.130868
v 0.605154 0.636728 1.130868
v 0.605154 0.180046 1.130868
v -0.842640 0.587570 1.034390
v -0.605154 0.636728 1.130868
v -0.605154 0.587570 1.034390
v -0.605154 0.180046 1.130868
v -0.605154 0.180046 1.034390
v 0.000000 0.180046 1.130868
v 0.605154 0.636728 1.130868
v 0.842640 0.587570 1.034390
v 0.605154 0.180046 1.130868
v 0.605154 0.587570 1.034390
v 0.605154 0.180046 1.034390
v -0.840041 0.538743 0.980250
v -0.605154 0.587570 1.034390
v -0.605154 0.538743 0.980250
v -0.605154 0.180046 1.034390
v -0.605154 0.180046 0.980250
v 0.000000 0.180046 1.034390
v 0.605154 0.587570 1.034390
v 0.840041 0.538743 0.980250
v 0.605154 0.180046 1.034390
v 0.605154 0.538743 0.980250
v 0.605154 0.180046 0.980250
v -0.825720 0.414525 0.908666
v -0.605154 0.538743 0.980250
v -0.605154 0.414525 0.908666
v -0.605154 0.180046 0.980250
v -0.605154 0.180046 0.908666
v 0.000000 0.180046 0.980250
v 0.605154 0.538743 0.980250
v 0.825720 0.414525 0.908666
v 0.605154 0.180046 0.980250
v 0.605154 0.414525 0.908666
v 0.605154 0.180046 0.908666
v -0.775842 0.180046 0.840214
v -0.605154 0.414525 0.908666
v -0.605154 0.414525 0.908666
v -0.775842 0.180046 0.840214
v -0.605154 0.180046 0.908666
v 0.000000 0.180046 0.840214
v 0.000000 0.180046 0.908666
v 0.605154 0.414525 0.908666
v 0.775842 0.180046 0.840214
v 0.605154 0.180046 0.908666
v 0.775842 0.180046 0.840214
v -0.775198 0.180046 0.650166
v -0.775842 0.180046 0.840214
v 0.775198 0.180046 0.650166
v -0.775087 0.180046 0.600153
v 0.000000 0.180046 0.650166
v 0.775087 0.180046 0.600153
v -0.774641 0.180046 0.400102
v 0.000000 0.180046 0.600153
v 0.774641 0.180046 0.400102
v -0.773753 0.180046 0.000000
v 0.000000 0.180046 0.400102
v 0.773753 0.180046 0.000000
v -0.773197 0.180046 -0.250064
v 0.000000 0.180046 0.000000
v 0.773197 0.180046 -0.250064
v -0.772878 0.180046 -0.400102
v 0.000000 0.180046 -0.250064
v 0.772878 0.180046 -0.400102
v -0.772282 0.180046 -0.680173
v 0.000000 0.180046 -0.400102
v 0.772282 0.180046 -0.680173
v -0.772197 0.180046 -0.720184
v 0.000000 0.180046 -0.680173
v 0.772197 0.180046 -0.720184
v -0.771537 0.180046 -0.891727
v 0.000000 0.180046 -0.720184
v 0.771537 0.180046 -0.891727
v -0.771537 0.180046 -0.891727
v -0.831864 0.511004 -0.957824
v -0.605154 0.511004 -0.957824
v -0.605154 0.180046 -0.957824
v -0.605154 0.180046 -0.957824
v 0.000000 0.180046 -0.891727
v 0.771537 0.180046 -0.891727
v 0.605154 0.511004 -0.957824
v 0.831864 0.511004 -0.957824
v 0.771537 0.180046 -0.891727
v 0.605154 0.180046 -0.957824
v 0.605154 0.511004 -0.957824
v 0.605154 0.180046 -0.957824
v -0.605154 0.559257 -1.000255
v -0.605154 0.511004 -0.957824
v -0.605154 0.180046 -1.000255
v -0.605154 0.180046 -0.957824
v -0.605154 0.180046 -1.000255
v 0.000000 0.180046 -0.957824
v 0.605154 0.559257 -1.000255
v 0.836409 0.559257 -1.000255
v 0.605154 0.511004 -0.957824
v 0.605154 0.180046 -1.000255
v 0.605154 0.559257 -1.000255
v 0.605154 0.180046 -1.000255
v -0.836409 0.559257 -1.000255
v -0.605154 0.587570 -1.034390
v -0.605154 0.559257 -1.000255
v -0.605154 0.180046 -1.034390
v -0.605154 0.180046 -1.034390
v 0.000000 0.180046 -1.000255
v 0.605154 0.587570 -1.034390
v 0.837127 0.587570 -1.034390
v 0.605154 0.180046 -1.034390
v 0.605154 0.587570 -1.034390
v 0.605154 0.180046 -1.034390
v -0.837127 0.587570 -1.034390
v -0.605154 0.636728 -1.130868
v -0.605154 0.587570 -1.034390
v -0.605154 0.180046 -1.130868
v -0.605154 0.180046 -1.130868
v 0.000000 0.180046 -1.034390
v 0.605154 0.636728 -1.130868
v 0.838232 0.636728 -1.130868
v 0.605154 0.180046 -1.130868
v 0.605154 0.636728 -1.130868
v 0.605154 0.180046 -1.130868
v -0.837586 0.653667 -1.237815
v -0.838232 0.636728 -1.130868
v -0.605154 0.636728 -1.130868
v -0.605154 0.180046 -1.237815
v -0.605154 0.180046 -1.237815
v 0.000000 0.180046 -1.130868
v 0.837586 0.653667 -1.237815
v 0.605154 0.180046 -1.237815
v 0.605154 0.653667 -1.237815
v 0.605154 0.180046 -1.237815
v -0.837578 0.653658 -1.240316
v -0.605154 0.653667 -1.237815
v -0.605154 0.653658 -1.240316
v -0.605154 0.653667 -1.237815
v -0.605154 0.180046 -1.240316
v 0.000000 0.180046 -1.237815
v 0.605154 0.653667 -1.237815
v 0.837578 0.653658 -1.240316
v 0.605154 0.653658 -1.240316
v 0.605154 0.180046 -1.240316
v -0.827875 0.636728 -1.344763
v -0.605154 0.653658 -1.240316
v -0.605154 0.636728 -1.344763
v -0.605154 0.180046 -1.240316
v -0.605154 0.180046 -1.344763
v 0.000000 0.180046 -1.240316
v 0.605154 0.653658 -1.240316
v 0.827875 0.636728 -1.344763
v 0.605154 0.180046 -1.240316
v 0.605154 0.636728 -1.344763
v 0.605154 0.180046 -1.344763
v -0.821878 0.613122 -1.400357
v -0.605154 0.636728 -1.344763
v -0.605154 0.613122 -1.400357
v -0.605154 0.180046 -1.344763
v -0.605154 0.180046 -1.400357
v 0.000000 0.180046 -1.344763
v 0.605154 0.636728 -1.344763
v 0.821878 0.613122 -1.400357
v 0.605154 0.180046 -1.344763
v 0.605154 0.613122 -1.400357
v 0.605154 0.180046 -1.400357
v -0.817223 0.587570 -1.441241
v -0.605154 0.613122 -1.400357
v -0.605154 0.587570 -1.441241
v -0.605154 0.180046 -1.400357
v -0.605154 0.180046 -1.441241
v 0.000000 0.180046 -1.400357
v 0.605154 0.613122 -1.400357
v 0.817223 0.587570 -1.441241
v 0.605154 0.180046 -1.400357
v 0.605154 0.587570 -1.441241
v 0.605154 0.180046 -1.441241
v -0.804382 0.511004 -1.517807
v -0.605154 0.587570 -1.441241
v -0.605154 0.511004 -1.517807
v -0.605154 0.180046 -1.441241
v -0.605154 0.180046 -1.517807
v 0.000000 0.180046 -1.441241
v 0.605154 0.587570 -1.441241
v 0.804382 0.511004 -1.517807
v 0.605154 0.180046 -1.441241
v 0.605154 0.511004 -1.517807
v 0.605154 0.180046 -1.517807
v -0.788772 0.414525 -1.566965
v -0.605154 0.511004 -1.517807
v -0.605154 0.414525 -1.566965
v -0.605154 0.180046 -1.517807
v -0.605154 0.180046 -1.566965
v 0.000000 0.180046 -1.517807
v 0.605154 0.511004 -1.517807
v 0.788772 0.414525 -1.566965
v 0.605154 0.180046 -1.517807
v 0.605154 0.414525 -1.566965
v 0.605154 0.180046 -1.566965
v -0.732138 0.180046 -1.633203
v -0.605154 0.414525 -1.566965
v -0.605154 0.414525 -1.566965
v -0.732138 0.180046 -1.633203
v -0.605154 0.180046 -1.566965
v 0.000000 0.180046 -1.633203
v 0.000000 0.180046 -1.566965
v 0.605154 0.414525 -1.566965
v 0.732138 0.180046 -1.633203
v 0.605154 0.180046 -1.566965
v 0.732138 0.180046 -1.633203
v -0.731186 0.180046 -1.641402
v -0.732138 0.180046 -1.633203
v 0.731186 0.180046 -1.641402
v -0.676000 0.180046 -1.846373
v 0.000000 0.180046 -1.641402
v 0.676000 0.180046 -1.846373
v -0.667170 0.180046 -1.879168
v 0.000000 0.180046 -1.846373
v 0.667170 0.180046 -1.879168
v -0.601471 0.180046 -1.948858
v 0.000000 0.180046 -1.879168
v 0.601471 0.180046 -1.948858
v -0.582148 0.180046 -1.969354
v 0.000000 0.180046 -1.948858
v 0.582148 0.180046 -1.969354
v -0.372095 0.180046 -2.075939
v 0.000000 0.180046 -1.969354
v 0.372095 0.180046 -2.075939
v -0.172044 0.180046 -2.100535
v 0.000000 0.180046 -2.075939
v 0.172044 0.180046 -2.100535
v -0.518353 0.185127 2.000510
v -0.500127 0.191049 2.250574
v -0.500127 0.191049 2.000510
v -0.529618 0.169623 2.000510
v -0.518353 0.185127 2.250574
v -0.518353 0.185127 2.000510
v -0.529618 0.150458 2.000510
v -0.529618 0.169623 2.250574
v -0.529618 0.169623 2.000510
v -0.518353 0.134954 2.000510
v -0.529618 0.150458 2.250574
v -0.529618 0.150458 2.000510
v -0.500127 0.129033 2.000510
v -0.518353 0.134954 2.250574
v -0.518353 0.134954 2.000510
v -0.481902 0.134954 2.000510
v -0.500127 0.129033 2.250574
v -0.500127 0.129033 2.000510
v -0.470637 0.150458 2.000510
v -0.481902 0.134954 2.250574
v -0.481902 0.134954 2.000510
v -0.470637 0.169623 2.000510
v -0.470637 0.150458 2.250574
v -0.470637 0.150458 2.000510
v -0.481902 0.185127 2.000510
v -0.470637 0.169623 2.250574
v -0.470637 0.169623 2.000510
v -0.500127 0.191049 2.000510
v -0.481902 0.185127 2.250574
v -0.481902 0.185127 2.000510
v -0.492710 0.137210 2.251574
v -0.480707 0.145930 2.251574
v -0.507545 0.182872 2.251574
v -0.418328 0.185127 2.000510
v -0.400102 0.191049 2.250574
v -0.400102 0.191049 2.000510
v -0.429592 0.169623 2.000510
v -0.418328 0.185127 2.250574
v -0.418328 0.185127 2.000510
v -0.429592 0.150458 2.000510
v -0.429592 0.169623 2.250574
v -0.429592 0.169623 2.000510
v -0.418328 0.134954 2.000510
v -0.429592 0.150458 2.250574
v -0.429592 0.150458 2.000510
v -0.400102 0.129033 2.000510
v -0.418328 0.134954 2.250574
v -0.418328 0.134954 2.000510
v -0.381876 0.134954 2.000510
v -0.400102 0.129033 2.250574
v -0.400102 0.129033 2.000510
v -0.370611 0.150458 2.000510
v -0.381876 0.134954 2.250574
v -0.381876 0.134954 2.000510
v -0.370611 0.169623 2.000510
v -0.370611 0.150458 2.250574
v -0.370611 0.150458 2.000510
v -0.381876 0.185127 2.000510
v -0.370611 0.169623 2.250574
v -0.370611 0.169623 2.000510
v -0.400102 0.191049 2.000510
v -0.381876 0.185127 2.250574
v -0.381876 0.185127 2.000510
v -0.407520 0.182872 2.251574
v -0.424108 0.160041 2.251574
v -0.407520 0.137210 2.251574
v 0.605154 0.180046 1.517807
v -0.605154 0.180046 0.908666
v 0.605154 0.180046 0.908666
v 0.605154 0.180046 -0.957824
v -0.605154 0.180046 -1.566965
v 0.605154 0.180046 -1.566965
v 0.000000 0.180046 -2.100535
v -0.518353 0.185127 2.250574
v -0.529618 0.169623 2.250574
v -0.529618 0.150458 2.250574
v -0.518353 0.134954 2.250574
v -0.500127 0.129033 2.250574
v -0.481902 0.134954 2.250574
v -0.470637 0.150458 2.250574
v -0.470637 0.169623 2.250574
v -0.481902 0.185127 2.250574
v -0.500127 0.191049 2.250574
v -0.476121 0.160041 2.251574
v -0.480707 0.174151 2.251574
v -0.492710 0.182872 2.251574
v -0.519548 0.174151 2.251574
v -0.524134 0.160041 2.251574
v -0.519548 0.145930 2.251574
v -0.507545 0.137210 2.251574
v -0.418328 0.185127 2.250574
v -0.429592 0.169623 2.250574
v -0.429592 0.150458 2.250574
v -0.418328 0.134954 2.250574
v -0.400102 0.129033 2.250574
v -0.381876 0.134954 2.250574
v -0.370611 0.150458 2.250574
v -0.370611 0.169623 2.250574
v -0.381876 0.185127 2.250574
v -0.400102 0.191049 2.250574
v -0.380681 0.145930 2.251574
v -0.376096 0.160041 2.251574
v -0.380681 0.174151 2.251574
v -0.392684 0.182872 2.251574
v -0.419523 0.174151 2.251574
v -0.419523 0.145930 2.251574
v -0.392684 0.137210 2.251574
v -0.819198 0.420398 1.585040
v -0.833718 0.522175 1.533182
v -0.841707 0.602945 1.452412
v -0.842889 0.654803 1.350635
v -0.604154 0.672671 1.237815
v -0.846312 0.654803 1.124996
v -0.849521 0.602945 1.023219
v -0.604154 0.522175 0.942449
v -0.604154 0.420398 0.890591
v -0.604154 0.307578 0.872722
v -0.819895 0.420398 -0.890591
v -0.831733 0.522175 -0.942449
v -0.835818 0.602945 -1.023219
v -0.604154 0.654803 -1.124996
v -0.604154 0.672671 -1.237815
v -0.828676 0.654803 -1.350635
v -0.604154 0.602945 -1.452412
v -0.604154 0.522175 -1.533182
v -0.604154 0.420398 -1.585040
v -0.604154 0.307578 -1.602909
v -0.600153 0.181046 1.936105
v -0.600153 0.181046 -0.650166
v -0.600153 0.181046 -1.755272
v 0.819198 0.420398 1.585040
v 0.833718 0.522175 1.533182
v 0.841707 0.602945 1.452412
v 0.842889 0.654803 1.350635
v 0.604154 0.672671 1.237815
v 0.846312 0.654803 1.124996
v 0.849521 0.602945 1.023219
v 0.604154 0.522175 0.942449
v 0.604154 0.420398 0.890591
v 0.604154 0.307578 0.872722
v 0.819895 0.420398 -0.890591
v 0.831733 0.522175 -0.942449
v 0.835818 0.602945 -1.023219
v 0.604154 0.654803 -1.124996
v 0.604154 0.672671 -1.237815
v 0.828676 0.654803 -1.350635
v 0.604154 0.602945 -1.452412
v 0.604154 0.522175 -1.533182
v 0.604154 0.420398 -1.585040
v 0.604154 0.307578 -1.602909
v 0.600153 0.181046 1.936105
v 0.600153 0.181046 -0.650166
v 0.600153 0.181046 -1.755272
v -0.398101 0.444042 -2.153979
v -0.398101 0.476192 -2.141580
v -0.395101 0.478122 -2.149811
v -0.407811 0.485124 -2.134115
v -0.407811 0.485124 -2.134115
v -0.587443 0.485124 -2.005344
v -0.590150 0.488124 -2.009803
v -0.597152 0.476192 -1.995269
v -0.597152 0.444042 -1.999847
v -0.600153 0.442113 -2.004112
v -0.600153 0.478122 -1.999297
v -0.590150 0.432110 -2.017437
v -0.405103 0.432110 -2.162140
v -0.398101 0.444042 -2.153979
v -0.395101 0.442113 -2.163675
v -0.405103 0.432110 -2.162140
v -0.037009 0.548890 -2.112916
v -0.037009 0.553391 -2.106991
v -0.033008 0.554141 -2.116005
v -0.042860 0.557892 -2.101084
v -0.042860 0.557892 -2.101084
v -0.340238 0.557892 -2.087663
v -0.344088 0.560143 -2.094368
v -0.350089 0.554141 -2.100509
v -0.346088 0.548890 -2.097471
v -0.350089 0.548140 -2.107629
v -0.350089 0.554141 -2.100509
v -0.344088 0.542138 -2.115687
v -0.039010 0.542138 -2.131618
v -0.037009 0.548890 -2.112916
v -0.025006 0.399102 -2.203546
v -0.036826 0.403103 -2.177582
v -0.033008 0.407104 -2.205280
v -0.025006 0.399102 -2.203546
v -0.363276 0.403103 -2.150107
v -0.371095 0.395555 -2.145231
v -0.371095 0.395555 -2.145231
v -0.371095 0.277617 -1.999317
v -0.375096 0.274070 -2.024804
v -0.367094 0.266068 -2.030066
v -0.036826 0.270069 -2.029801
v -0.033008 0.266068 -2.058552
v -0.367094 0.266068 -2.030066
v -0.029007 0.277617 -2.029271
v -0.486124 0.332896 -2.029088
v -0.482123 0.335085 -2.053816
v -0.482123 0.306078 -2.002617
v -0.494126 0.347088 -2.064022
v -0.497400 0.343087 -2.037423
v -0.598880 0.343087 -1.928814
v -0.602153 0.347088 -1.948264
v -0.610156 0.332896 -1.895916
v -0.610156 0.308268 -1.852964
v -0.598880 0.298076 -1.853425
v -0.497400 0.298076 -1.960878
v -0.494126 0.294075 -1.976001
v -0.602153 0.294075 -1.861668
v -0.486124 0.308268 -1.985334
v -0.482123 0.306078 -2.002617
v -0.494126 0.294075 -1.976001
v 0.587443 0.435111 -2.012728
v 0.597152 0.444042 -1.999847
v 0.597152 0.444042 -1.999847
v 0.597152 0.476192 -1.995269
v 0.600153 0.478122 -1.999297
v 0.590150 0.488124 -2.009803
v 0.407811 0.485124 -2.134115
v 0.405103 0.488124 -2.141868
v 0.590150 0.488124 -2.009803
v 0.395101 0.478122 -2.149811
v 0.398101 0.444042 -2.153979
v 0.395101 0.442113 -2.163675
v 0.395101 0.478122 -2.149811
v 0.398101 0.444042 -2.153979
v 0.407811 0.435111 -2.152422
v 0.405103 0.432110 -2.162140
v 0.340238 0.544389 -2.103795
v 0.346088 0.548890 -2.097471
v 0.350089 0.548140 -2.107629
v 0.346088 0.553391 -2.092101
v 0.350089 0.554141 -2.100509
v 0.340238 0.557892 -2.087663
v 0.042860 0.557892 -2.101084
v 0.039010 0.560143 -2.108174
v 0.344088 0.560143 -2.094368
v 0.033008 0.554141 -2.116005
v 0.037009 0.548890 -2.112916
v 0.033008 0.548140 -2.123901
v 0.033008 0.554141 -2.116005
v 0.039010 0.542138 -2.131618
v 0.036826 0.270069 -2.029801
v 0.363276 0.270069 -2.002411
v 0.367094 0.266068 -2.030066
v 0.371095 0.277617 -1.999317
v 0.371095 0.395555 -2.145231
v 0.375096 0.399102 -2.172217
v 0.375096 0.274070 -2.024804
v 0.367094 0.407104 -2.176725
v 0.036826 0.403103 -2.177582
v 0.033008 0.407104 -2.205280
v 0.367094 0.407104 -2.176725
v 0.036826 0.403103 -2.177582
v 0.029007 0.395555 -2.175320
v 0.025006 0.399102 -2.203546
v 0.029007 0.277617 -2.029271
v 0.036826 0.270069 -2.029801
v 0.033008 0.266068 -2.058552
v 0.025006 0.274070 -2.056014
v 0.497400 0.298076 -1.960878
v 0.598880 0.298076 -1.853425
v 0.602153 0.294075 -1.861668
v 0.614157 0.306078 -1.861575
v 0.614157 0.335085 -1.911772
v 0.602153 0.347088 -1.948264
v 0.497400 0.343087 -2.037423
v 0.494126 0.347088 -2.064022
v 0.602153 0.347088 -1.948264
v 0.486124 0.332896 -2.029088
v 0.486124 0.308268 -1.985334
v 0.486124 0.308268 -1.985334
v 0.497400 0.298076 -1.960878
v 0.494126 0.294075 -1.976001
v -0.350549 0.439014 -2.173775
v -0.682694 0.445606 -1.871558
v -0.741507 0.438416 -1.724979
v 0.350549 0.439014 -2.173775
v 0.682714 0.445611 -1.870979
v 0.741507 0.438416 -1.724979
v 0.700178 0.181046 -1.630416
v -0.775198 0.690176 2.031966
v -0.769196 0.669171 2.041673
v -0.766218 0.671798 2.037544
v -0.769196 0.669171 2.041673
v -0.742189 0.657167 2.067679
v -0.739316 0.660211 2.062784
v -0.639014 0.660211 2.125059
v -0.641496 0.657167 2.130677
v -0.742189 0.657167 2.067679
v -0.538711 0.660211 2.163985
v -0.438409 0.660211 2.186287
v -0.414496 0.668901 2.188712
v -0.414496 0.668901 2.188712
v -0.361687 0.707523 2.197148
v -0.363093 0.706180 2.202825
v -0.259352 0.706180 2.209292
v -0.258348 0.707523 2.203528
v -0.361687 0.707523 2.197148
v -0.155009 0.707523 2.205482
v -0.051870 0.706180 2.211565
v -0.051669 0.707523 2.205770
v -0.155009 0.707523 2.205482
v 0.051669 0.707523 2.205770
v 0.051870 0.706180 2.211565
v 0.155611 0.706180 2.211274
v 0.155009 0.707523 2.205482
v 0.259352 0.706180 2.209292
v 0.363093 0.706180 2.202825
v 0.414496 0.668901 2.188712
v 0.416106 0.666170 2.194744
v 0.363093 0.706180 2.202825
v 0.440112 0.657167 2.192615
v 0.416106 0.666170 2.194744
v 0.540805 0.657167 2.170053
v 0.538711 0.660211 2.163985
v 0.641496 0.657167 2.130677
v 0.639014 0.660211 2.125059
v 0.739316 0.660211 2.062784
v 0.742189 0.657167 2.067679
v 0.769196 0.669171 2.041673
v 0.766218 0.671798 2.037544
v 0.739316 0.660211 2.062784
v 0.775198 0.690176 2.031966
v 0.772197 0.692074 2.028424
v 0.767215 0.771251 2.014608
v 0.753192 0.802204 2.014483
v 0.750276 0.800218 2.012885
v 0.767215 0.771251 2.014608
v 0.724185 0.821209 2.028589
v 0.721381 0.818564 2.027187
v 0.750276 0.800218 2.012885
v 0.680529 0.827254 2.056241
v 0.680529 0.827254 2.056241
v 0.567108 0.827254 2.126360
v 0.569312 0.830212 2.129877
v 0.453687 0.827254 2.164921
v 0.341587 0.830212 2.188045
v 0.340265 0.827254 2.183207
v 0.453687 0.827254 2.164921
v 0.227725 0.830212 2.194995
v 0.226843 0.827254 2.190000
v 0.113862 0.830212 2.196599
v 0.113422 0.827254 2.191568
v 0.226843 0.827254 2.190000
v 0.000000 0.830212 2.196706
v 0.000000 0.827254 2.191673
v 0.113422 0.827254 2.191568
v 0.000000 0.830212 2.196706
v -0.113862 0.830212 2.196599
v -0.113422 0.827254 2.191568
v -0.113862 0.830212 2.196599
v -0.227725 0.830212 2.194995
v -0.226843 0.827254 2.190000
v -0.341587 0.830212 2.188045
v -0.341587 0.830212 2.188045
v -0.455449 0.830212 2.169333
v -0.453687 0.827254 2.164921
v -0.569312 0.830212 2.129877
v -0.680529 0.827254 2.056241
v -0.683174 0.830212 2.058129
v -0.569312 0.830212 2.129877
v -0.724185 0.821209 2.028589
v -0.724185 0.821209 2.028589
v -0.753192 0.802204 2.014483
v -0.750276 0.800218 2.012885
v -0.753192 0.802204 2.014483
v -0.770196 0.772197 2.017066
v -0.767215 0.771251 2.014608
v -0.775198 0.690176 2.031966
v 0.722106 0.181046 1.600408
v 0.712182 0.976249 1.620413
v 0.672171 1.220311 0.910232
v 0.664169 1.213309 -0.130033
v 0.754192 0.822951 -0.750191
v -0.755415 0.823598 -0.750270
v 0.755415 0.823598 -0.750270
v -0.733704 0.831282 -0.750256
v -0.351485 0.896542 -0.684377
v -0.149467 0.908251 -0.659437
v 0.733704 0.831282 -0.750256
v 0.351485 0.896542 -0.684377
v 0.149467 0.908251 -0.659437
v 0.292344 0.936522 2.065576
v -0.375776 0.662180 -1.743944
v -0.375776 0.617923 -1.848471
v -0.604914 0.559364 -1.841469
v -0.638043 0.666757 -1.630416
v -0.375776 0.691284 -1.639418
v -0.490345 0.606132 -1.844970
v -0.604914 0.559364 -1.841469
v -0.632161 0.708902 -1.785955
v -0.638043 0.666757 -1.630416
v -0.507629 0.771048 -1.684929
v -0.365093 0.776306 -1.689431
v -0.365093 0.747201 -1.793957
v -0.365093 0.702945 -1.898484
v -0.374611 0.616423 -1.849417
v -0.374276 0.660679 -1.743989
v -0.374577 0.689784 -1.638516
v -0.639259 0.665257 -1.629536
v -0.606041 0.557863 -1.842460
v -0.490217 0.604632 -1.846466
v -0.363929 0.702945 -1.899430
v -0.606041 0.557863 -1.842460
v -0.615284 0.644385 -1.892472
v -0.606041 0.557863 -1.842460
v -0.639259 0.665257 -1.629536
v -0.651382 0.751779 -1.679549
v -0.639259 0.665257 -1.629536
v -0.507037 0.684525 -1.633421
v -0.363895 0.776306 -1.688528
v -0.374577 0.689784 -1.638516
v -0.374276 0.660679 -1.743989
v -0.366561 0.703414 -1.897290
v -0.365093 0.701945 -1.898484
v -0.612886 0.646404 -1.890366
v -0.366561 0.703414 -1.897290
v -0.648498 0.751863 -1.681633
v -0.606885 0.596583 -1.784800
v -0.366561 0.703414 -1.897290
v -0.366561 0.776035 -1.690537
v -0.372564 0.596583 -1.784800
v -0.648498 0.716854 -1.696636
v -0.390137 0.604213 -1.788187
v 0.375776 0.662180 -1.743944
v 0.375776 0.691284 -1.639418
v 0.638043 0.666757 -1.630416
v 0.604914 0.559364 -1.841469
v 0.375776 0.617923 -1.848471
v 0.506909 0.686026 -1.634917
v 0.638043 0.666757 -1.630416
v 0.632161 0.708902 -1.785955
v 0.604914 0.559364 -1.841469
v 0.489625 0.691154 -1.894983
v 0.365093 0.702945 -1.898484
v 0.375776 0.662180 -1.743944
v 0.375776 0.691284 -1.639418
v 0.374577 0.689784 -1.638516
v 0.374276 0.660679 -1.743989
v 0.374611 0.616423 -1.849417
v 0.606041 0.557863 -1.842460
v 0.639259 0.665257 -1.629536
v 0.507037 0.684525 -1.633421
v 0.363895 0.776306 -1.688528
v 0.639259 0.665257 -1.629536
v 0.651382 0.751779 -1.679549
v 0.639259 0.665257 -1.629536
v 0.606041 0.557863 -1.842460
v 0.615284 0.644385 -1.892472
v 0.606041 0.557863 -1.842460
v 0.490217 0.604632 -1.846466
v 0.363929 0.702945 -1.899430
v 0.374276 0.660679 -1.743989
v 0.374577 0.689784 -1.638516
v 0.648498 0.751863 -1.681633
v 0.365093 0.701945 -1.898484
v 0.366561 0.703414 -1.897290
v 0.612886 0.646404 -1.890366
v 0.366561 0.776035 -1.690537
v 0.372564 0.596583 -1.784800
v 0.648498 0.751863 -1.681633
v 0.606885 0.596583 -1.784800
v 0.372564 0.596583 -1.784800
v 0.366561 0.776035 -1.690537
v 0.589310 0.604213 -1.788187
v -0.786523 0.845957 0.721666
v -0.700141 0.846190 -0.698710
v -0.798040 0.248570 0.450102
v -0.794587 0.248577 -0.000037
v -0.786306 0.248593 -0.350144
v -0.781190 0.248632 -0.700133
v -0.826003 0.730098 0.429975
v -0.386605 0.763799 -1.742754
v -0.765195 0.899729 -0.336086
v -0.765195 0.940740 -0.264067
v -0.765195 0.940740 -0.336086
v -0.815208 0.940740 -0.336086
v -0.815208 0.940740 -0.264067
v -0.765195 0.940740 -0.336086
v -0.815208 0.970703 -0.322508
v -0.815208 0.981250 -0.280071
v -0.905231 0.974946 -0.224196
v -0.905231 0.945241 -0.201051
v -0.815208 0.919778 -0.237635
v -0.815208 0.909232 -0.280071
v -0.905231 0.915535 -0.335947
v -0.905231 0.945241 -0.359092
v -0.944241 0.966459 -0.318972
v -0.944241 0.975249 -0.280071
v -0.905231 0.974946 -0.224196
v -0.905231 0.945241 -0.201051
v -0.944241 0.924023 -0.241170
v -0.944241 0.915233 -0.280071
v -0.905231 0.915535 -0.335947
v -0.905231 0.945241 -0.359092
v -0.944241 0.924023 -0.318972
v -0.944241 0.945241 -0.335085
v -0.944241 0.966459 -0.318972
v -0.944241 0.975249 -0.280071
v -0.944241 0.945241 -0.225057
v -0.815208 0.945241 -0.340087
v -0.815208 0.909232 -0.280071
v -0.815208 0.919778 -0.237635
v -0.815208 0.970703 -0.237635
v -0.815208 0.945241 -0.220056
v -0.706003 0.477540 -1.826164
v 0.786523 0.845957 0.721666
v 0.700141 0.846190 -0.698710
v 0.798040 0.248570 0.450102
v 0.794587 0.248577 -0.000037
v 0.786306 0.248593 -0.350144
v 0.781191 0.248632 -0.700133
v 0.826003 0.730098 0.429975
v 0.386605 0.763799 -1.742754
v 0.834039 0.661258 1.550651
v 0.832189 0.677614 1.537732
v 0.806964 0.793993 1.536633
v 0.801221 0.810424 1.550082
v 0.794605 0.809905 1.699689
v 0.798650 0.793109 1.711192
v 0.822245 0.677333 1.714771
v 0.824335 0.659803 1.709001
v 0.815208 0.899729 -0.336086
v 0.815208 0.940740 -0.264067
v 0.815208 0.940740 -0.336086
v 0.765195 0.940740 -0.336086
v 0.765195 0.940740 -0.264067
v 0.815208 0.940740 -0.336086
v 0.815208 0.970703 -0.322508
v 0.815208 0.981250 -0.280071
v 0.905231 0.974946 -0.224196
v 0.905231 0.945241 -0.201051
v 0.815208 0.919778 -0.237635
v 0.815208 0.909232 -0.280071
v 0.905231 0.915535 -0.335947
v 0.905231 0.945241 -0.359092
v 0.944241 0.966459 -0.318972
v 0.944241 0.975249 -0.280071
v 0.905231 0.974946 -0.224196
v 0.905231 0.945241 -0.201051
v 0.944241 0.924023 -0.241170
v 0.944241 0.915233 -0.280071
v 0.905231 0.915535 -0.335947
v 0.905231 0.945241 -0.359092
v 0.944241 0.924023 -0.318972
v 0.944241 0.945241 -0.335085
v 0.944241 0.966459 -0.318972
v 0.944241 0.975249 -0.280071
v 0.944241 0.945241 -0.225057
v 0.815208 0.945241 -0.340087
v 0.815208 0.909232 -0.280071
v 0.815208 0.919778 -0.237635
v 0.815208 0.970703 -0.237635
v 0.815208 0.945241 -0.220056
v 0.706003 0.477540 -1.826164
v -0.592123 0.907066 2.084781
v -0.594761 0.901374 2.085743
v -0.589047 0.883492 2.097679
v -0.604838 0.844526 2.105836
v -0.826006 0.640602 1.750782
v 0.592123 0.907066 2.084781
v 0.589047 0.883492 2.097679
v 0.604838 0.844526 2.105836
v 0.826006 0.640602 1.750782
v 0.155040 0.286573 2.283582
v 0.155040 0.431610 2.301587
v 0.155040 0.431610 2.283582
v -0.155040 0.431610 2.283582
v -0.155040 0.431610 2.301587
v 0.155040 0.431610 2.283582
v -0.545139 0.204052 2.115539
v -0.375096 0.204052 2.115539
v -0.335085 0.204052 2.037119
v -0.375096 0.204052 1.625414
v -0.545139 0.204052 1.625414
v -0.562643 0.145037 2.007124
v -0.562643 0.145037 1.733830
v -0.529835 0.145037 1.669526
v -0.390400 0.145037 1.669526
v -0.357591 0.145037 1.733830
v -0.390400 0.145037 2.071428
v -0.357591 0.145037 2.007124
v -0.357591 0.145037 1.733830
v -0.357591 0.145037 1.733830
v -0.390400 0.145037 1.669526
v -0.562643 0.145037 1.733830
v -0.562643 0.145037 1.733830
v -0.562643 0.145037 2.007124
vt 0.250297 0.803245
vt 0.277516 0.803433
vt 0.277516 0.800616
vt 0.295311 0.800173
vt 0.295642 0.803003
vt 0.301171 0.800649
vt 0.061026 0.804386
vt 0.071241 0.805636
vt 0.071450 0.802886
vt 0.095075 0.804360
vt 0.095075 0.801572
vt 0.120823 0.804184
vt 0.120823 0.801390
vt 0.138478 0.801572
vt 0.138478 0.804360
vt 0.186295 0.802289
vt 0.186295 0.805056
vt 0.234113 0.804320
vt 0.250297 0.805984
vt 0.301960 0.803466
vt 0.305112 0.801943
vt 0.306280 0.804721
vt 0.307903 0.802767
vt 0.309310 0.805520
vt 0.310226 0.803326
vt 0.311796 0.806063
vt 0.316930 0.806367
vt 0.048316 0.807065
vt 0.040592 0.808263
vt 0.046845 0.809689
vt 0.308672 0.811202
vt 0.309884 0.816866
vt 0.310078 0.816919
vt 0.039040 0.810851
vt 0.043971 0.815812
vt 0.051054 0.814621
vt 0.053479 0.808405
vt 0.058537 0.813401
vt 0.070834 0.812051
vt 0.060183 0.807091
vt 0.186295 0.811513
vt 0.234113 0.813341
vt 0.234113 0.807026
vt 0.250297 0.812374
vt 0.303577 0.810037
vt 0.322564 0.815183
vt 0.325946 0.813401
vt 0.318778 0.809012
vt 0.054720 0.805742
vt 0.095075 0.810868
vt 0.120823 0.810704
vt 0.138478 0.810868
vt 0.277516 0.810007
vt 0.296321 0.809608
vt 0.312194 0.811944
vt 0.315010 0.812447
vt 0.324021 0.810892
vt 0.329048 0.831053
vt 0.325562 0.830158
vt 0.325664 0.836043
vt 0.030614 0.832418
vt 0.038855 0.831556
vt 0.036009 0.816890
vt 0.250297 0.828805
vt 0.277516 0.847574
vt 0.277516 0.826912
vt 0.297483 0.826593
vt 0.297959 0.847352
vt 0.306346 0.826936
vt 0.307481 0.847590
vt 0.310215 0.833892
vt 0.329891 0.819256
vt 0.325407 0.821167
vt 0.336648 0.834311
vt 0.026660 0.894531
vt 0.035106 0.894531
vt 0.027579 0.851397
vt 0.035978 0.850798
vt 0.043578 0.894531
vt 0.044313 0.850136
vt 0.053460 0.894531
vt 0.053959 0.849459
vt 0.069579 0.894531
vt 0.069703 0.848709
vt 0.095075 0.894531
vt 0.095075 0.848051
vt 0.120823 0.894531
vt 0.120823 0.847961
vt 0.138478 0.848051
vt 0.138478 0.894531
vt 0.186295 0.848410
vt 0.186295 0.894531
vt 0.234113 0.849426
vt 0.318234 0.850919
vt 0.319670 0.894531
vt 0.319183 0.850919
vt 0.046740 0.830603
vt 0.055607 0.829627
vt 0.070110 0.828547
vt 0.095075 0.827600
vt 0.120823 0.827470
vt 0.138478 0.827600
vt 0.186295 0.828117
vt 0.234113 0.829579
vt 0.250297 0.848888
vt 0.298080 0.894531
vt 0.310546 0.850919
vt 0.310487 0.847869
vt 0.325922 0.850919
vt 0.331707 0.850449
vt 0.325896 0.849460
vt 0.339418 0.852711
vt 0.310091 0.827479
vt 0.317645 0.819017
vt 0.340120 0.894531
vt 0.332380 0.894531
vt 0.314875 0.894531
vt 0.307768 0.894531
vt 0.314474 0.850919
vt 0.250297 0.894531
vt 0.234113 0.894531
vt 0.277516 0.894531
vt 0.323347 0.894531
vt 0.325424 0.822184
vt 0.325896 0.849460
vt 0.322801 0.850919
vt 0.324958 0.821043
vt 0.314007 0.818008
vt 0.317170 0.818885
vt 0.216046 0.043770
vt 0.218449 0.061528
vt 0.222627 0.043770
vt 0.211606 0.061531
vt 0.206648 0.083690
vt 0.213758 0.083779
vt 0.209136 0.110298
vt 0.215258 0.127695
vt 0.216525 0.109959
vt 0.207814 0.127551
vt 0.210796 0.142228
vt 0.218174 0.144194
vt 0.216901 0.157954
vt 0.224286 0.061520
vt 0.227778 0.043770
vt 0.220315 0.084033
vt 0.201712 0.110417
vt 0.200462 0.127501
vt 0.203599 0.141541
vt 0.209923 0.156427
vt 0.210669 0.185860
vt 0.217521 0.186853
vt 0.213161 0.212925
vt 0.219892 0.214245
vt 0.223201 0.162327
vt 0.229539 0.169889
vt 0.226825 0.147593
vt 0.223558 0.189699
vt 0.229863 0.194619
vt 0.225471 0.215786
vt 0.230966 0.216543
vt 0.237398 0.075232
vt 0.230173 0.061505
vt 0.227437 0.084472
vt 0.224972 0.109372
vt 0.238567 0.108437
vt 0.238543 0.102218
vt 0.238347 0.128337
vt 0.224028 0.127943
vt 0.239489 0.153007
vt 0.239683 0.181934
vt 0.239917 0.202456
vt 0.240049 0.214052
vt 0.232533 0.043770
vt 0.283070 0.108130
vt 0.283046 0.102218
vt 0.282239 0.108130
vt 0.279723 0.126563
vt 0.283070 0.128467
vt 0.260635 0.185889
vt 0.268025 0.158287
vt 0.260795 0.162561
vt 0.283070 0.185889
vt 0.298454 0.085400
vt 0.298454 0.061475
vt 0.284192 0.075232
vt 0.283070 0.205029
vt 0.298454 0.205029
vt 0.298454 0.185889
vt 0.381784 0.043770
vt 0.340119 0.043770
vt 0.340119 0.061475
vt 0.381784 0.061475
vt 0.340119 0.085400
vt 0.381784 0.085400
vt 0.340119 0.108130
vt 0.298454 0.043770
vt 0.298454 0.108130
vt 0.298454 0.128467
vt 0.340119 0.128467
vt 0.298454 0.154785
vt 0.340119 0.154785
vt 0.340119 0.185889
vt 0.340119 0.205029
vt 0.340119 0.205269
vt 0.298454 0.207183
vt 0.283070 0.207788
vt 0.283070 0.154785
vt 0.260635 0.205029
vt 0.260635 0.209336
vt 0.239391 0.108426
vt 0.238712 0.103453
vt 0.241867 0.126563
vt 0.253565 0.158287
vt 0.381784 0.108130
vt 0.395886 0.108130
vt 0.395886 0.085400
vt 0.381784 0.128467
vt 0.395886 0.128467
vt 0.381784 0.154785
vt 0.395886 0.154785
vt 0.381784 0.185889
vt 0.395886 0.185889
vt 0.397192 0.102218
vt 0.400515 0.126563
vt 0.401025 0.128467
vt 0.410372 0.154785
vt 0.405691 0.145883
vt 0.419604 0.185889
vt 0.412213 0.158287
vt 0.395886 0.197342
vt 0.381784 0.199048
vt 0.434950 0.175896
vt 0.426673 0.158287
vt 0.434745 0.148516
vt 0.439308 0.139849
vt 0.438372 0.126563
vt 0.439510 0.158958
vt 0.419443 0.162561
vt 0.442985 0.107177
vt 0.441695 0.102218
vt 0.441195 0.110804
vt 0.444402 0.128143
vt 0.442275 0.132682
vt 0.444604 0.138730
vt 0.442494 0.145759
vt 0.444726 0.142943
vt 0.442575 0.149255
vt 0.446081 0.168456
vt 0.443649 0.173450
vt 0.444561 0.104727
vt 0.451779 0.119785
vt 0.449986 0.100513
vt 0.446218 0.125077
vt 0.452040 0.128855
vt 0.446425 0.134629
vt 0.442840 0.075232
vt 0.454315 0.086298
vt 0.447699 0.069570
vt 0.452264 0.134388
vt 0.460125 0.138276
vt 0.459705 0.133551
vt 0.453947 0.154307
vt 0.446237 0.087178
vt 0.457257 0.099340
vt 0.458234 0.118335
vt 0.458497 0.127786
vt 0.446567 0.139328
vt 0.448105 0.164784
vt 0.439508 0.161320
vt 0.440216 0.180600
vt 0.434989 0.177362
vt 0.435109 0.186461
vt 0.395886 0.043770
vt 0.395886 0.061475
vt 0.396047 0.075232
vt 0.434481 0.141086
vt 0.247043 0.145883
vt 0.274547 0.145883
vt 0.283760 0.085400
vt 0.279213 0.128467
vt 0.442087 0.092973
vt 0.441790 0.099968
vt 0.442226 0.089703
vt 0.442780 0.076653
vt 0.251346 0.154066
vt 0.242349 0.128362
vt 0.433195 0.145883
vt 0.283070 0.101668
vt 0.419604 0.193545
vt 0.443544 0.070137
vt 0.446183 0.051056
vt 0.453637 0.050669
vt 0.284192 0.061475
vt 0.447380 0.043770
vt 0.452604 0.043770
vt 0.260635 0.162466
vt 0.430746 0.150541
vt 0.284192 0.043770
vt 0.419598 0.162469
vt 0.237817 0.085092
vt 0.238032 0.061486
vt 0.239096 0.043770
vt 0.269866 0.154785
vt 0.396478 0.085400
vt 0.397999 0.108130
vt 0.438828 0.123218
vt 0.440377 0.111871
vt 0.440732 0.109272
vt 0.396047 0.043770
vt 0.396047 0.061475
vt 0.990234 0.015625
vt 0.455120 0.043770
vt 0.456247 0.050626
vt 0.461462 0.050512
vt 0.460148 0.043770
vt 0.450471 0.069409
vt 0.457071 0.086033
vt 0.459995 0.098994
vt 0.460692 0.117871
vt 0.460675 0.127263
vt 0.461488 0.132992
vt 0.461803 0.137688
vt 0.455999 0.068985
vt 0.459416 0.074873
vt 0.459422 0.072002
vt 0.465424 0.068869
vt 0.470249 0.050481
vt 0.464972 0.084683
vt 0.462633 0.081812
vt 0.462510 0.085333
vt 0.472051 0.085142
vt 0.465454 0.098080
vt 0.469405 0.105020
vt 0.474847 0.097830
vt 0.468551 0.107412
vt 0.465672 0.116645
vt 0.468242 0.116025
vt 0.468256 0.116075
vt 0.468915 0.118418
vt 0.465239 0.125881
vt 0.468646 0.043770
vt 0.465241 0.131515
vt 0.465240 0.136134
vt 0.477379 0.118418
vt 0.472850 0.118418
vt 0.473027 0.125504
vt 0.470307 0.065303
vt 0.472039 0.065303
vt 0.474917 0.050651
vt 0.474335 0.135645
vt 0.474728 0.134209
vt 0.473542 0.138037
vt 0.478480 0.118147
vt 0.477626 0.128424
vt 0.479729 0.118902
vt 0.476648 0.127573
vt 0.475701 0.131338
vt 0.476722 0.131338
vt 0.475184 0.132773
vt 0.481460 0.099762
vt 0.481442 0.099038
vt 0.479935 0.099199
vt 0.475219 0.135645
vt 0.474542 0.043770
vt 0.473171 0.043770
vt 0.476331 0.050721
vt 0.472677 0.069749
vt 0.472145 0.069766
vt 0.471877 0.067217
vt 0.479705 0.099038
vt 0.479612 0.099038
vt 0.478776 0.107412
vt 0.477888 0.116025
vt 0.477538 0.117670
vt 0.472058 0.131112
vt 0.475010 0.133324
vt 0.471128 0.135709
vt 0.470214 0.065303
vt 0.469877 0.067217
vt 0.470579 0.069441
vt 0.466071 0.072002
vt 0.466749 0.072002
vt 0.471703 0.084683
vt 0.472390 0.084683
vt 0.471736 0.081812
vt 0.475837 0.086085
vt 0.479323 0.097124
vt 0.473715 0.105020
vt 0.478678 0.105020
vt 0.481331 0.097124
vt 0.476227 0.132773
vt 0.475713 0.134233
vt 0.475721 0.134209
vt 0.474153 0.138994
vt 0.478002 0.086593
vt 0.479224 0.086621
vt 0.475739 0.134158
vt 0.472677 0.069749
vt 0.468455 0.074873
vt 0.117188 0.953125
vt 0.156202 0.661900
vt 0.151763 0.678716
vt 0.151763 0.739253
vt 0.156202 0.756069
vt 0.238329 0.661900
vt 0.242769 0.739253
vt 0.242769 0.678716
vt 0.238329 0.756069
vt 0.210938 0.953125
vt 0.054688 0.953125
vt 0.156202 0.756069
vt 0.238329 0.756069
vt 0.422016 0.660136
vt 0.422773 0.634856
vt 0.423655 0.634856
vt 0.422912 0.660366
vt 0.421174 0.691676
vt 0.422091 0.692193
vt 0.420443 0.729717
vt 0.421382 0.730580
vt 0.420148 0.754035
vt 0.420858 0.802744
vt 0.420614 0.809896
vt 0.419984 0.795205
vt 0.420789 0.832475
vt 0.421509 0.848037
vt 0.422770 0.875621
vt 0.421082 0.841062
vt 0.423652 0.877812
vt 0.422689 0.854507
vt 0.424357 0.857572
vt 0.423229 0.798658
vt 0.423187 0.778460
vt 0.426053 0.798658
vt 0.423574 0.732745
vt 0.423317 0.757839
vt 0.421098 0.755119
vt 0.420950 0.775284
vt 0.425708 0.883306
vt 0.425711 0.634856
vt 0.425003 0.660943
vt 0.424234 0.693490
vt 0.419992 0.774018
vt 0.420961 0.796665
vt 0.421956 0.798658
vt 0.421022 0.802135
vt 0.422471 0.853313
vt 0.433621 0.857572
vt 0.430996 0.890231
vt 0.430263 0.857572
vt 0.430414 0.661670
vt 0.430998 0.634856
vt 0.437461 0.634856
vt 0.437052 0.661852
vt 0.429791 0.695124
vt 0.436618 0.695534
vt 0.429261 0.735474
vt 0.436114 0.762126
vt 0.436051 0.783466
vt 0.429063 0.761266
vt 0.434245 0.798658
vt 0.430149 0.798658
vt 0.428970 0.782463
vt 0.429013 0.798658
vt 0.438253 0.857572
vt 0.437459 0.891967
vt 0.436951 0.857572
vt 0.452148 0.762800
vt 0.452148 0.784253
vt 0.452148 0.806999
vt 0.452148 0.695856
vt 0.452148 0.736694
vt 0.436250 0.736158
vt 0.442885 0.857572
vt 0.452148 0.634856
vt 0.452148 0.661995
vt 0.435221 0.801723
vt 0.436133 0.806092
vt 0.437378 0.815345
vt 0.436150 0.807586
vt 0.428989 0.857572
vt 0.424792 0.857572
vt 0.468183 0.762126
vt 0.468246 0.783466
vt 0.456780 0.857572
vt 0.452148 0.893329
vt 0.452148 0.857572
vt 0.461412 0.857572
vt 0.470052 0.798658
vt 0.469076 0.801723
vt 0.468164 0.806092
vt 0.466838 0.891967
vt 0.467346 0.857572
vt 0.470676 0.857572
vt 0.473301 0.890231
vt 0.474033 0.857572
vt 0.475308 0.857572
vt 0.474148 0.798658
vt 0.475327 0.782463
vt 0.475284 0.798658
vt 0.467245 0.661852
vt 0.466836 0.634856
vt 0.473298 0.634856
vt 0.473882 0.661670
vt 0.467679 0.695534
vt 0.474506 0.695124
vt 0.468047 0.736158
vt 0.475036 0.735474
vt 0.475234 0.761266
vt 0.468388 0.806068
vt 0.468147 0.807586
vt 0.466044 0.857572
vt 0.481110 0.778460
vt 0.481068 0.798658
vt 0.478244 0.798658
vt 0.479293 0.660943
vt 0.478586 0.634856
vt 0.480642 0.634856
vt 0.481385 0.660366
vt 0.480063 0.693490
vt 0.482206 0.692193
vt 0.480723 0.732745
vt 0.482915 0.730580
vt 0.480980 0.757839
vt 0.483347 0.775284
vt 0.483336 0.796665
vt 0.483854 0.729717
vt 0.484149 0.754035
vt 0.483199 0.755119
vt 0.484305 0.774018
vt 0.484313 0.795205
vt 0.483439 0.802744
vt 0.483683 0.809896
vt 0.481524 0.634856
vt 0.482281 0.660136
vt 0.483123 0.691676
vt 0.483275 0.802135
vt 0.482788 0.848037
vt 0.481527 0.875621
vt 0.480645 0.877812
vt 0.479940 0.857572
vt 0.481608 0.854507
vt 0.478589 0.883306
vt 0.479505 0.857572
vt 0.454259 0.815345
vt 0.452148 0.815345
vt 0.447517 0.857572
vt 0.422272 0.798658
vt 0.482340 0.798658
vt 0.482025 0.798658
vt 0.481826 0.853313
vt 0.466919 0.815345
vt 0.462699 0.815345
vt 0.458479 0.815345
vt 0.483215 0.841062
vt 0.435909 0.806068
vt 0.483508 0.832475
vt 0.450038 0.815345
vt 0.445818 0.815345
vt 0.441598 0.815345
vt 0.014583 0.282994
vt 0.016398 0.270636
vt 0.024566 0.263574
vt 0.016095 0.331251
vt 0.030011 0.360088
vt 0.021238 0.348907
vt 0.082000 0.336705
vt 0.082000 0.306223
vt 0.111283 0.365385
vt 0.085470 0.263574
vt 0.055018 0.263574
vt 0.042413 0.365385
vt 0.076848 0.365385
vt 0.203472 0.336705
vt 0.203472 0.306223
vt 0.233336 0.292410
vt 0.214588 0.365385
vt 0.201962 0.292410
vt 0.170588 0.292410
vt 0.180153 0.365385
vt 0.142736 0.306223
vt 0.139215 0.292410
vt 0.142736 0.336705
vt 0.145718 0.365385
vt 0.115922 0.263574
vt 0.123182 0.268870
vt 0.249023 0.365385
vt 0.264710 0.292410
vt 0.283458 0.365385
vt 0.296084 0.292410
vt 0.294575 0.306223
vt 0.294575 0.336705
vt 0.358832 0.292410
vt 0.355311 0.306223
vt 0.327458 0.292410
vt 0.355311 0.336705
vt 0.317893 0.365385
vt 0.352329 0.365385
vt 0.443029 0.263574
vt 0.416047 0.306223
vt 0.412577 0.263574
vt 0.382125 0.263574
vt 0.386764 0.365385
vt 0.416047 0.336705
vt 0.421199 0.365385
vt 0.481649 0.270636
vt 0.483464 0.282994
vt 0.473481 0.263574
vt 0.481951 0.331251
vt 0.476809 0.348907
vt 0.468036 0.360088
vt 0.455634 0.365385
vt 0.374865 0.268870
vt 0.054688 0.422434
vt 0.068359 0.457373
vt 0.054688 0.455156
vt 0.068359 0.427811
vt 0.109375 0.463058
vt 0.109375 0.435089
vt 0.175781 0.469193
vt 0.250000 0.439059
vt 0.175781 0.438094
vt 0.324219 0.469193
vt 0.250000 0.471563
vt 0.390625 0.435089
vt 0.324219 0.438094
vt 0.431641 0.427811
vt 0.390625 0.463058
vt 0.445312 0.422434
vt 0.431641 0.457373
vt 0.054688 0.529219
vt 0.068359 0.531435
vt 0.109375 0.537120
vt 0.175781 0.543256
vt 0.324219 0.543256
vt 0.250000 0.545625
vt 0.390625 0.537120
vt 0.431641 0.531435
vt 0.445312 0.529219
vt 0.054688 0.569531
vt 0.068359 0.571748
vt 0.109375 0.577433
vt 0.175781 0.583568
vt 0.324219 0.583568
vt 0.250000 0.585938
vt 0.390625 0.577433
vt 0.431641 0.571748
vt 0.445312 0.569531
vt 0.119351 0.819858
vt 0.134800 0.815074
vt 0.119351 0.814237
vt 0.119351 0.836720
vt 0.134800 0.820636
vt 0.119351 0.864020
vt 0.134800 0.837322
vt 0.119351 0.894531
vt 0.134800 0.864337
vt 0.134800 0.894531
vt 0.156869 0.815671
vt 0.156869 0.821191
vt 0.156869 0.837752
vt 0.156869 0.864564
vt 0.156869 0.894531
vt 0.182617 0.816388
vt 0.182617 0.821858
vt 0.182617 0.838268
vt 0.182617 0.864837
vt 0.182617 0.894531
vt 0.195859 0.820747
vt 0.195859 0.815193
vt 0.195859 0.837408
vt 0.195859 0.864383
vt 0.195859 0.894531
vt 0.054688 0.566250
vt 0.068359 0.485498
vt 0.054688 0.483281
vt 0.068359 0.568466
vt 0.109375 0.491182
vt 0.109375 0.574151
vt 0.175781 0.497318
vt 0.175781 0.580287
vt 0.250000 0.499687
vt 0.324219 0.580287
vt 0.250000 0.582656
vt 0.390625 0.574151
vt 0.324219 0.497318
vt 0.431641 0.568466
vt 0.390625 0.491182
vt 0.445312 0.566250
vt 0.431641 0.485498
vt 0.068359 0.410156
vt 0.054688 0.410156
vt 0.109375 0.410156
vt 0.175781 0.410861
vt 0.250000 0.411903
vt 0.324219 0.410861
vt 0.390625 0.410156
vt 0.445312 0.483281
vt 0.431641 0.410156
vt 0.109727 0.445343
vt 0.141895 0.473607
vt 0.141895 0.423672
vt 0.107820 0.463199
vt 0.141895 0.528187
vt 0.111471 0.429008
vt 0.096285 0.434659
vt 0.096285 0.434659
vt 0.188477 0.422867
vt 0.170020 0.423084
vt 0.170020 0.490259
vt 0.188477 0.496061
vt 0.204297 0.497086
vt 0.204297 0.422169
vt 0.188477 0.576064
vt 0.204297 0.578973
vt 0.170020 0.563682
vt 0.214844 0.421790
vt 0.211328 0.421913
vt 0.211328 0.497082
vt 0.214844 0.497050
vt 0.245605 0.495004
vt 0.245605 0.419854
vt 0.214844 0.579312
vt 0.245605 0.577145
vt 0.211328 0.579243
vt 0.287793 0.410156
vt 0.261426 0.416804
vt 0.261426 0.485440
vt 0.287793 0.445557
vt 0.315918 0.410156
vt 0.287793 0.486866
vt 0.261426 0.560460
vt 0.273438 0.953125
vt 0.310300 0.833904
vt 0.317649 0.819192
vt 0.309973 0.817065
vt 0.317940 0.834968
vt 0.325324 0.821319
vt 0.310628 0.850744
vt 0.318231 0.850744
vt 0.325579 0.836031
vt 0.323402 0.820612
vt 0.323402 0.850919
vt 0.323402 0.835765
vt 0.132812 0.765625
vt 0.015625 0.648438
vt 0.015625 0.765625
vt 0.325834 0.850744
vt 0.148438 0.953125
vt 0.211307 0.797151
vt 0.211003 0.792969
vt 0.212705 0.792969
vt 0.210015 0.797151
vt 0.206894 0.792969
vt 0.203773 0.797151
vt 0.206894 0.797151
vt 0.202480 0.797151
vt 0.202784 0.792969
vt 0.201082 0.792969
vt 0.210940 0.792969
vt 0.209755 0.792969
vt 0.204033 0.792969
vt 0.202848 0.792969
vt 0.242188 0.953125
vt 0.574519 0.172378
vt 0.574519 0.097332
vt 0.646172 0.172378
vt 0.639724 0.104086
vt 0.630323 0.089607
vt 0.590369 0.089607
vt 0.634708 0.079674
vt 0.585984 0.079674
vt 0.646172 0.097332
vt 0.630323 0.180104
vt 0.634708 0.190036
vt 0.590369 0.180104
vt 0.585984 0.190036
vt 0.580968 0.104086
vt 0.690024 0.031250
vt 0.742188 0.035755
vt 0.742188 0.031250
vt 0.794351 0.031250
vt 0.848807 0.035755
vt 0.635568 0.035755
vt 0.742188 0.047016
vt 0.906130 0.047016
vt 0.578245 0.047016
vt 0.742188 0.069539
vt 0.937657 0.069539
vt 0.546718 0.069539
vt 0.742188 0.078548
vt 0.940836 0.078548
vt 0.543539 0.078548
vt 0.742188 0.119089
vt 0.955141 0.119089
vt 0.529234 0.119089
vt 0.742188 0.150621
vt 0.956793 0.150621
vt 0.527582 0.150621
vt 0.742188 0.195667
vt 0.959153 0.195667
vt 0.984375 0.031250
vt 0.568787 0.214266
vt 0.525222 0.195667
vt 0.915588 0.214266
vt 0.568787 0.231507
vt 0.742188 0.214266
vt 0.915588 0.231507
vt 0.568787 0.253231
vt 0.742188 0.231507
vt 0.915588 0.253231
vt 0.568787 0.276749
vt 0.742188 0.253231
vt 0.915588 0.276749
vt 0.568787 0.277313
vt 0.742188 0.276749
vt 0.915588 0.277313
vt 0.568787 0.301209
vt 0.742188 0.277313
vt 0.915588 0.301209
vt 0.568787 0.322766
vt 0.742188 0.301209
vt 0.915588 0.322766
vt 0.568787 0.334863
vt 0.742188 0.322766
vt 0.915588 0.334863
vt 0.568787 0.350858
vt 0.742188 0.334863
vt 0.915588 0.350858
vt 0.742188 0.366153
vt 0.742188 0.350858
vt 0.964497 0.366153
vt 0.520063 0.408617
vt 0.519878 0.366153
vt 0.964312 0.408617
vt 0.520095 0.419792
vt 0.742188 0.408617
vt 0.964280 0.419792
vt 0.520222 0.464492
vt 0.742188 0.419792
vt 0.964153 0.464492
vt 0.520477 0.553891
vt 0.742188 0.464492
vt 0.963898 0.553891
vt 0.520636 0.609765
vt 0.742188 0.553891
vt 0.963739 0.609765
vt 0.520728 0.643290
vt 0.742188 0.609765
vt 0.963647 0.643290
vt 0.520898 0.705869
vt 0.742188 0.643290
vt 0.963477 0.705869
vt 0.520923 0.714809
vt 0.742188 0.705869
vt 0.963452 0.714809
vt 0.521112 0.753139
vt 0.742188 0.714809
vt 0.963263 0.753139
vt 0.568787 0.767907
vt 0.742188 0.753139
vt 0.915588 0.767907
vt 0.568787 0.777388
vt 0.742188 0.767907
vt 0.915588 0.777388
vt 0.568787 0.785015
vt 0.742188 0.777388
vt 0.915588 0.785015
vt 0.568787 0.806572
vt 0.742188 0.785015
vt 0.915588 0.806572
vt 0.568787 0.830469
vt 0.742188 0.806572
vt 0.915588 0.830469
vt 0.568787 0.830905
vt 0.742188 0.830469
vt 0.915588 0.830905
vt 0.568787 0.849108
vt 0.742188 0.830905
vt 0.915588 0.849108
vt 0.568787 0.858797
vt 0.742188 0.849108
vt 0.915588 0.858797
vt 0.568787 0.865922
vt 0.742188 0.858797
vt 0.915588 0.865922
vt 0.568787 0.879266
vt 0.742188 0.865922
vt 0.915588 0.879266
vt 0.568787 0.887833
vt 0.742188 0.879266
vt 0.915588 0.887833
vt 0.742188 0.900635
vt 0.742188 0.887833
vt 0.951974 0.900635
vt 0.532674 0.902378
vt 0.532401 0.900635
vt 0.951701 0.902378
vt 0.548487 0.945959
vt 0.742188 0.902378
vt 0.935888 0.945959
vt 0.551017 0.952932
vt 0.742188 0.945959
vt 0.933358 0.952932
vt 0.569842 0.967750
vt 0.742188 0.952932
vt 0.914533 0.967750
vt 0.575379 0.972108
vt 0.742188 0.967750
vt 0.908996 0.972108
vt 0.635568 0.994770
vt 0.742188 0.972108
vt 0.848807 0.994770
vt 0.692890 1.000000
vt 0.742188 0.994770
vt 0.791485 1.000000
vt 0.742188 1.000000
vt 0.445312 0.455156
vt 0.445312 0.410156
vt 0.132812 0.648438
vt 0.580968 0.165624
vt 0.639724 0.165624
vn -0.131200 0.991100 -0.021000
vn -0.112000 0.991500 -0.066200
vn -0.052000 0.996500 -0.065900
vn -0.100300 0.969900 -0.222000
vn -0.160400 0.966500 -0.200300
vn 0.805800 0.572800 -0.150000
vn -0.188200 0.982100 0.001400
vn -0.230600 0.970900 -0.065100
vn -0.634600 0.772200 -0.030300
vn -0.300600 0.953500 -0.023300
vn -0.137900 0.990000 -0.029500
vn -0.317300 0.948300 -0.010700
vn -0.146000 0.989200 -0.010600
vn -0.148300 0.988800 -0.014100
vn -0.322300 0.946500 -0.013800
vn -0.144400 0.989100 -0.028300
vn -0.313100 0.949300 -0.028600
vn -0.179100 0.983100 -0.036900
vn -0.286200 0.957800 -0.027400
vn -0.325700 0.863400 -0.385400
vn 0.670100 0.694000 -0.263300
vn -0.503300 0.722200 -0.474500
vn 0.790300 0.585400 -0.180900
vn -0.532300 0.730100 -0.428500
vn 0.715900 0.668800 -0.200500
vn -0.540100 0.726200 -0.425200
vn 0.006800 0.893600 -0.448900
vn 0.118700 0.991400 0.054400
vn 0.056900 0.997900 0.031200
vn -0.352300 0.931100 0.094900
vn -0.426500 0.813300 -0.395700
vn -0.281600 0.903400 -0.323300
vn -0.286300 0.899400 -0.330300
vn -0.323200 0.945800 0.031000
vn -0.315500 0.946200 0.072200
vn -0.270000 0.960800 0.063000
vn -0.306500 0.947100 0.095400
vn -0.210000 0.977700 -0.005500
vn -0.227200 0.972800 -0.046100
vn -0.218900 0.975700 0.002000
vn -0.304700 0.952200 -0.023300
vn -0.372000 0.927600 -0.034300
vn -0.382200 0.923500 -0.032700
vn -0.277700 0.958000 -0.071700
vn -0.267200 0.920800 -0.284200
vn -0.552200 0.589600 -0.589400
vn -0.369300 0.839600 -0.398300
vn -0.616600 0.561700 -0.551600
vn 0.099000 0.993500 0.057100
vn -0.292300 0.956200 -0.017900
vn -0.308600 0.951200 -0.009100
vn -0.313200 0.949600 -0.012400
vn -0.109600 0.991300 -0.072700
vn -0.146800 0.975900 -0.161400
vn -0.474600 0.774400 -0.418300
vn -0.486000 0.758900 -0.433500
vn 0.315200 0.851800 -0.418500
vn -0.283400 0.711200 -0.643300
vn -0.251200 0.801900 -0.542100
vn -0.155600 0.854700 -0.495300
vn -0.099200 0.955400 0.278100
vn -0.076500 0.996200 0.042600
vn -0.303100 0.947700 0.100400
vn -0.059600 0.989800 -0.129700
vn -0.024700 0.996400 -0.080500
vn -0.056000 0.995200 -0.080600
vn -0.064100 0.990600 -0.121000
vn -0.027000 0.992700 -0.117500
vn -0.085600 0.980200 -0.178500
vn -0.032300 0.984900 -0.170200
vn -0.064300 0.975700 -0.209300
vn -0.284800 0.838400 -0.464700
vn -0.472300 0.631800 -0.614600
vn -0.197200 0.805900 -0.558200
vn 0.000000 0.912900 0.408100
vn 0.000000 0.988800 0.149400
vn -0.063700 0.923900 0.377200
vn -0.039800 0.991500 0.124000
vn 0.000000 0.999900 0.016100
vn -0.028000 0.999400 0.017900
vn 0.000000 0.999800 -0.020300
vn -0.024400 0.999500 -0.020300
vn 0.000000 0.999300 -0.038700
vn -0.024700 0.998900 -0.038700
vn 0.000000 0.999800 -0.019400
vn -0.025300 0.999500 -0.018800
vn 0.000000 1.000000 -0.007100
vn -0.025000 0.999700 -0.007100
vn -0.025300 0.999600 -0.010400
vn 0.000000 0.999900 -0.010700
vn -0.025300 0.999600 -0.016100
vn 0.000000 0.999900 -0.015800
vn -0.025900 0.998800 -0.041700
vn -0.045200 0.936300 -0.348200
vn 0.000000 0.933600 -0.358300
vn -0.047400 0.930800 -0.362500
vn -0.067200 0.997600 0.019300
vn -0.055300 0.998300 -0.020800
vn -0.057100 0.997700 -0.036900
vn -0.059200 0.998100 -0.017300
vn -0.059500 0.998200 -0.007100
vn -0.059800 0.998200 -0.010400
vn -0.060100 0.998100 -0.015500
vn -0.062100 0.997200 -0.041600
vn -0.025400 0.992100 -0.123000
vn 0.000000 0.993300 -0.115600
vn -0.030100 0.979500 -0.199300
vn -0.036200 0.978900 -0.201300
vn -0.061200 0.900300 -0.430900
vn -0.091700 0.770400 -0.630900
vn -0.067700 0.898000 -0.434700
vn -0.084900 0.803900 -0.588600
vn -0.104500 0.968400 -0.226300
vn -0.358200 0.820800 -0.445000
vn 0.000000 0.801000 -0.598700
vn 0.000000 0.777300 -0.629100
vn 0.084900 0.803900 -0.588600
vn 0.026900 0.992700 -0.117400
vn 0.032300 0.984900 -0.170200
vn 0.000000 0.965100 -0.261700
vn 0.000000 0.986100 -0.166100
vn 0.030100 0.979500 -0.199300
vn 0.036500 0.963400 -0.265500
vn 0.045200 0.936300 -0.348200
vn 0.047400 0.930800 -0.362500
vn 0.000000 0.992300 -0.123600
vn 0.000000 0.999100 -0.042000
vn 0.025900 0.998800 -0.041700
vn 0.025400 0.992100 -0.123000
vn 0.000000 0.996700 -0.080800
vn 0.000000 0.919600 -0.392900
vn 0.061200 0.900300 -0.430900
vn 0.091700 0.770400 -0.630900
vn 0.059200 0.998100 -0.017300
vn 0.059500 0.998200 -0.007100
vn 0.025000 0.999700 -0.007100
vn 0.059800 0.998200 -0.010400
vn 0.059600 0.989800 -0.129700
vn 0.056000 0.995200 -0.080600
vn 0.024700 0.996400 -0.080500
vn 0.064100 0.990600 -0.121000
vn 0.085600 0.980200 -0.178500
vn 0.064300 0.975700 -0.209300
vn 0.281600 0.903400 -0.323300
vn 0.104500 0.968400 -0.226300
vn 0.251200 0.801900 -0.542100
vn 0.443100 0.657000 -0.609900
vn 0.283400 0.711200 -0.643300
vn 0.472300 0.631800 -0.614600
vn 0.284800 0.838400 -0.464700
vn 0.197200 0.805900 -0.558200
vn 0.039800 0.991500 0.124000
vn 0.063700 0.923900 0.377200
vn 0.099200 0.955400 0.278100
vn 0.076500 0.996200 0.042600
vn 0.028000 0.999400 0.017900
vn 0.067200 0.997600 0.019300
vn 0.024400 0.999500 -0.020300
vn 0.055300 0.998300 -0.020800
vn 0.024700 0.998900 -0.038700
vn 0.057100 0.997700 -0.036900
vn 0.025300 0.999500 -0.018800
vn 0.025300 0.999600 -0.010400
vn 0.060100 0.998100 -0.015500
vn 0.025300 0.999600 -0.016100
vn 0.062100 0.997200 -0.041600
vn 0.036200 0.978900 -0.201300
vn 0.067800 0.898000 -0.434700
vn 0.155600 0.854700 -0.495300
vn -0.057000 0.997900 0.031300
vn -0.118700 0.991400 0.054400
vn 0.352300 0.931100 0.094900
vn 0.315500 0.946200 0.072200
vn 0.303100 0.947700 0.100400
vn 0.323200 0.945800 0.031000
vn 0.270000 0.960800 0.063000
vn 0.306500 0.947100 0.095400
vn 0.210000 0.977700 -0.005500
vn 0.227200 0.972800 -0.046100
vn 0.218900 0.975700 0.002000
vn 0.426500 0.813300 -0.395700
vn 0.267200 0.920800 -0.284200
vn 0.616600 0.561700 -0.551600
vn -0.315100 0.851900 -0.418300
vn 0.369300 0.839600 -0.398300
vn 0.313100 0.949300 -0.028600
vn 0.179100 0.983100 -0.036900
vn 0.382200 0.923500 -0.032700
vn 0.286200 0.957800 -0.027400
vn 0.112000 0.991500 -0.066200
vn 0.131200 0.991100 -0.021000
vn 0.052000 0.996500 -0.065900
vn 0.100300 0.969900 -0.222000
vn 0.160500 0.966500 -0.200200
vn -0.805800 0.572900 -0.150000
vn 0.325700 0.863400 -0.385400
vn -0.670100 0.694000 -0.263300
vn 0.230600 0.970900 -0.065100
vn 0.188200 0.982100 0.001400
vn 0.634600 0.772200 -0.030400
vn 0.300600 0.953500 -0.023300
vn 0.137900 0.990000 -0.029500
vn 0.317300 0.948300 -0.010700
vn 0.146000 0.989200 -0.010600
vn 0.148300 0.988800 -0.014100
vn 0.322300 0.946500 -0.013800
vn 0.144400 0.989100 -0.028300
vn 0.503300 0.722200 -0.474500
vn -0.790300 0.585400 -0.180800
vn 0.532300 0.730100 -0.428500
vn -0.715900 0.668800 -0.200400
vn 0.540100 0.726200 -0.425200
vn -0.006800 0.893600 -0.448900
vn -0.099000 0.993500 0.057100
vn 0.292300 0.956200 -0.018000
vn 0.308600 0.951200 -0.009100
vn 0.313200 0.949600 -0.012500
vn 0.304700 0.952200 -0.023300
vn 0.372000 0.927600 -0.034300
vn 0.277700 0.958000 -0.071600
vn 0.109600 0.991300 -0.072700
vn 0.146800 0.975900 -0.161400
vn 0.474600 0.774400 -0.418300
vn 0.486000 0.758900 -0.433500
vn 0.286300 0.899400 -0.330300
vn 0.552200 0.589600 -0.589400
vn -0.036400 0.963400 -0.265500
vn 0.054000 0.915700 -0.398100
vn -0.054000 0.915700 -0.398100
vn 0.465700 0.643500 -0.607500
vn 0.358200 0.820800 -0.445000
vn -0.342800 0.844000 -0.412500
vn -0.356900 0.823000 -0.441900
vn -0.443100 0.657100 -0.609900
vn 0.356900 0.823000 -0.441900
vn 0.342800 0.844000 -0.412500
vn -0.465700 0.643500 -0.607500
vn -0.985700 -0.164000 0.038300
vn -0.930200 -0.353900 0.097300
vn -0.968000 -0.223500 0.113800
vn -0.949900 -0.310500 0.036100
vn -0.976300 -0.213400 0.037000
vn -0.964200 -0.248200 0.093500
vn -0.980200 -0.176900 0.089100
vn -0.993500 -0.067800 0.091200
vn -0.980600 -0.173200 0.092000
vn -0.994000 -0.060300 0.090800
vn -0.990500 0.095100 0.099600
vn -0.989600 0.098200 0.104900
vn -0.987100 0.115500 0.111200
vn -0.928600 -0.352500 0.115600
vn -0.962600 -0.227600 0.146700
vn -0.964700 -0.242600 0.102700
vn -0.988400 -0.147400 0.037500
vn -0.996900 -0.068100 0.038300
vn -0.999200 0.011500 0.039300
vn -0.995800 0.082300 0.040100
vn -0.958900 0.280400 0.042500
vn -0.949200 0.290900 0.119700
vn -0.969100 0.242200 0.046400
vn -0.957800 0.258400 0.125800
vn -0.983600 0.126300 0.128400
vn -0.983000 0.157000 0.095000
vn -0.995400 0.053800 0.079100
vn -0.941500 0.307900 0.136900
vn -0.937700 0.335600 0.090000
vn -0.954700 0.256700 0.150600
vn -0.965100 0.240300 0.103800
vn -0.975300 -0.210500 0.066700
vn -0.941500 -0.322000 0.099500
vn -0.972800 -0.216400 0.083200
vn -0.985500 -0.154400 0.070900
vn -0.989400 -0.135500 0.052400
vn -0.986700 -0.153300 0.053800
vn -0.995900 -0.075900 0.049400
vn -0.994900 -0.075200 0.067300
vn -0.998100 0.029100 0.055200
vn -0.972300 0.230000 0.041500
vn -0.921600 0.387400 0.024600
vn -0.972300 0.230000 0.041100
vn -0.974100 -0.185200 0.129600
vn -0.991900 -0.127100 -0.003500
vn -0.989400 -0.145000 -0.003200
vn -0.991900 -0.127100 -0.002900
vn -0.997200 -0.075000 -0.001200
vn -0.997600 -0.069600 -0.003600
vn -0.950400 0.310900 0.009100
vn -0.993100 0.117200 0.005900
vn -0.988600 0.149700 0.015300
vn -0.944600 0.328200 -0.007300
vn -0.982400 -0.186800 -0.002200
vn -0.959000 -0.283500 -0.002900
vn -0.978900 -0.204200 -0.004100
vn -0.891000 0.454000 -0.009000
vn -0.890300 0.455200 -0.010600
vn -0.941900 0.335700 -0.007300
vn -0.980100 -0.198100 0.012800
vn -0.985200 -0.170400 -0.016400
vn -0.958100 -0.286100 -0.014300
vn -0.962600 -0.270800 0.012000
vn -0.981700 -0.189600 -0.015500
vn -0.982900 -0.183900 0.009900
vn -0.991700 -0.127600 -0.015300
vn -0.987400 -0.157900 -0.004100
vn -0.991800 -0.127700 -0.001800
vn -0.997600 -0.069600 -0.001800
vn -0.997500 -0.069500 -0.016100
vn -0.995500 0.095000 -0.003600
vn -0.993400 0.112600 -0.019700
vn -0.933900 0.356700 -0.025100
vn -0.892000 0.451300 -0.027600
vn -0.969500 0.244000 -0.023700
vn -0.971100 0.238700 -0.008100
vn -0.971700 0.235900 -0.007500
vn -0.996000 0.089000 -0.004700
vn -0.892500 0.451000 0.003200
vn -0.972200 0.233700 0.011000
vn -0.989500 -0.134900 0.051300
vn -0.987300 -0.149600 0.053300
vn -0.995700 -0.080700 0.044700
vn -0.994400 0.103100 0.022500
vn -0.993000 -0.117800 0.007700
vn -0.992700 -0.111200 0.046100
vn -0.983100 -0.175800 0.050400
vn -0.997800 -0.066000 0.006500
vn -0.997100 -0.061800 0.044000
vn -0.987300 0.158800 0.000000
vn -0.985400 0.165600 0.039900
vn -0.921900 0.387300 -0.006000
vn -0.922000 0.385200 0.040100
vn -0.990500 -0.128700 0.048400
vn -0.997000 -0.063600 0.045200
vn -0.997200 -0.059400 0.045200
vn -0.986200 0.163400 0.024700
vn -0.996000 0.081300 0.036300
vn -0.925100 0.379800 -0.004400
vn -0.982600 0.184500 0.019400
vn -0.970100 0.236600 0.053200
vn -0.969500 0.245200 0.001700
vn -0.969900 0.214100 -0.115600
vn -0.984200 0.168900 -0.052900
vn -0.978900 0.097800 -0.179300
vn -0.938900 0.036100 -0.342300
vn -0.955500 -0.031900 -0.293300
vn -0.944900 0.098700 -0.312200
vn -0.980600 0.195800 -0.011100
vn -0.966800 -0.123300 -0.223800
vn -0.953700 -0.164300 -0.251800
vn -0.930400 -0.142300 -0.337900
vn -0.970700 -0.000100 -0.240200
vn -0.934600 0.006500 -0.355600
vn -0.972600 0.014300 -0.232000
vn -0.942000 0.017300 -0.335100
vn -0.974800 0.009400 -0.222700
vn -0.942300 0.032800 -0.333100
vn -0.982300 0.064600 -0.175900
vn -0.962500 0.081300 -0.258900
vn -0.968200 -0.134100 -0.211400
vn -0.913200 -0.034400 -0.406200
vn -0.899300 -0.258900 -0.352600
vn -0.973300 -0.006800 -0.229500
vn -0.917000 -0.043000 -0.396500
vn -0.974600 0.006400 -0.224000
vn -0.861800 -0.329700 -0.385500
vn -0.972600 -0.180800 -0.145900
vn -0.981300 -0.105300 -0.161100
vn -0.915900 -0.017200 -0.401100
vn -0.984300 0.045100 -0.170600
vn -0.986200 -0.099400 -0.132300
vn -0.899900 0.106100 -0.423000
vn -0.835300 -0.450500 -0.315100
vn -0.984500 -0.068700 -0.161600
vn -0.986300 -0.035400 -0.161000
vn -0.986700 -0.072000 -0.145400
vn -0.976400 -0.000900 -0.215900
vn -0.980100 0.062800 -0.188100
vn -0.944100 0.113400 -0.309600
vn -0.978000 0.095000 -0.185700
vn -0.966300 0.231600 -0.112100
vn -0.990000 0.133800 -0.045100
vn -0.978200 -0.198300 0.061200
vn -0.965100 -0.256000 0.055600
vn -0.978800 -0.197800 0.052600
vn -0.980900 0.059100 -0.185400
vn -0.999100 -0.023600 0.036600
vn -1.000000 -0.005900 0.001800
vn -0.982700 -0.185000 -0.003500
vn -0.997500 -0.070100 -0.001200
vn -0.947200 -0.238800 -0.213900
vn -0.958000 -0.170400 -0.230600
vn -0.931700 -0.281300 -0.229900
vn -0.849200 -0.366500 -0.380200
vn -0.998300 0.052400 0.026200
vn -0.996200 -0.075100 0.043300
vn -0.984300 0.090700 -0.151400
vn -0.989200 -0.146800 -0.003500
vn -0.979400 0.200900 0.018100
vn -0.856600 0.184200 -0.482000
vn -0.898900 0.102300 -0.426100
vn -0.979900 0.108900 -0.167000
vn -0.959300 -0.282400 -0.004000
vn -0.854600 -0.329300 -0.401600
vn -0.975300 -0.150800 -0.161300
vn -0.988700 0.149100 0.015300
vn -0.986200 0.121700 -0.112000
vn -0.988100 -0.153900 -0.005300
vn -0.980700 0.195200 -0.012300
vn -0.979600 -0.191500 0.061400
vn -0.953600 -0.292000 0.073200
vn -0.953600 -0.292000 0.073100
vn -0.986700 -0.140100 0.082400
vn -0.974200 -0.185000 0.129600
vn -0.996600 0.082500 0.005400
vn -0.983100 -0.175800 0.050900
vn -0.992800 -0.109500 0.047900
vn -0.939700 -0.056500 -0.337400
vn -0.923200 -0.139000 -0.358400
vn -0.927900 -0.152900 -0.339900
vn -0.978100 -0.198900 0.061200
vn -0.965200 -0.255500 0.055900
vn 0.000000 -0.156400 -0.987700
vn 0.000000 -0.454000 -0.891000
vn 0.000000 -0.707100 -0.707100
vn 0.000000 -0.891000 -0.454000
vn 0.000000 -0.987700 -0.156400
vn 0.000000 -0.987700 0.156400
vn 0.000000 -0.891000 0.454000
vn 0.000000 -0.707100 0.707100
vn 0.000000 -0.454000 0.891000
vn 0.000000 -0.156400 0.987700
vn 0.000000 -1.000000 0.000000
vn 0.000100 -1.000000 0.000000
vn 0.000000 -1.000000 0.000200
vn 0.968000 -0.223500 0.113800
vn 0.930200 -0.353900 0.097300
vn 0.985700 -0.164100 0.038200
vn 0.949900 -0.310500 0.036100
vn 0.976300 -0.213300 0.037000
vn 0.964200 -0.248200 0.093500
vn 0.980600 -0.173200 0.092000
vn 0.993500 -0.067700 0.091100
vn 0.980200 -0.176900 0.089100
vn 0.994000 -0.060300 0.090800
vn 0.990500 0.095100 0.099600
vn 0.989600 0.098200 0.104900
vn 0.987100 0.115500 0.111300
vn 0.962600 -0.227600 0.146700
vn 0.928600 -0.352500 0.115600
vn 0.964700 -0.242600 0.102700
vn 0.988400 -0.147400 0.037600
vn 0.996900 -0.068200 0.038300
vn 0.999200 0.011500 0.039300
vn 0.995800 0.082200 0.040100
vn 0.958900 0.280400 0.042500
vn 0.949200 0.290900 0.119700
vn 0.969100 0.242200 0.046400
vn 0.957800 0.258400 0.125800
vn 0.995400 0.053800 0.079100
vn 0.983000 0.157000 0.095000
vn 0.983600 0.126300 0.128400
vn 0.941500 0.307900 0.136900
vn 0.937700 0.335600 0.090000
vn 0.954700 0.256700 0.150600
vn 0.965100 0.240300 0.103800
vn 0.972700 -0.216600 0.083300
vn 0.941500 -0.322000 0.099500
vn 0.975300 -0.210500 0.066700
vn 0.986700 -0.153300 0.053800
vn 0.989400 -0.135500 0.052400
vn 0.985500 -0.154300 0.070700
vn 0.995900 -0.075900 0.049400
vn 0.994900 -0.075200 0.067300
vn 0.998100 0.029100 0.055200
vn 0.972300 0.230000 0.041500
vn 0.921600 0.387400 0.024600
vn 0.972300 0.230000 0.041100
vn 0.974100 -0.185100 0.129600
vn 0.991900 -0.127100 -0.002900
vn 0.989400 -0.145100 -0.003200
vn 0.991900 -0.127100 -0.003500
vn 0.997600 -0.069600 -0.003600
vn 0.997200 -0.074900 -0.001200
vn 0.988600 0.149700 0.015300
vn 0.993100 0.117200 0.005900
vn 0.950400 0.310900 0.009100
vn 0.944600 0.328200 -0.007300
vn 0.978900 -0.204200 -0.004100
vn 0.959000 -0.283500 -0.002900
vn 0.982400 -0.186800 -0.002300
vn 0.941900 0.335700 -0.007300
vn 0.890300 0.455200 -0.010600
vn 0.891000 0.454000 -0.009000
vn 0.958100 -0.286100 -0.014300
vn 0.985200 -0.170400 -0.016400
vn 0.980100 -0.198100 0.012800
vn 0.962600 -0.270800 0.012000
vn 0.981700 -0.189600 -0.015500
vn 0.982900 -0.184000 0.010100
vn 0.991700 -0.127600 -0.015300
vn 0.987400 -0.157900 -0.004100
vn 0.991800 -0.127700 -0.001800
vn 0.997600 -0.069600 -0.001800
vn 0.997500 -0.069500 -0.016100
vn 0.995500 0.095000 -0.003600
vn 0.993400 0.112600 -0.019700
vn 0.933900 0.356700 -0.025000
vn 0.892000 0.451300 -0.027600
vn 0.969500 0.244000 -0.023700
vn 0.971100 0.238700 -0.008100
vn 0.971700 0.235900 -0.007500
vn 0.996000 0.089000 -0.004700
vn 0.892500 0.451000 0.003200
vn 0.972200 0.233700 0.011000
vn 0.987300 -0.149600 0.053400
vn 0.989500 -0.134900 0.051300
vn 0.995700 -0.080700 0.044700
vn 0.994400 0.103100 0.022500
vn 0.983100 -0.175800 0.050400
vn 0.992700 -0.111200 0.046100
vn 0.993000 -0.117800 0.007700
vn 0.997800 -0.066000 0.006500
vn 0.997100 -0.061800 0.044000
vn 0.987300 0.158800 0.000000
vn 0.985400 0.165600 0.039900
vn 0.921900 0.387300 -0.006000
vn 0.922000 0.385200 0.040100
vn 0.990500 -0.128700 0.048400
vn 0.997000 -0.063600 0.045100
vn 0.997200 -0.059400 0.045200
vn 0.996000 0.081300 0.036300
vn 0.986200 0.163400 0.024700
vn 0.982600 0.184500 0.019400
vn 0.925100 0.379800 -0.004400
vn 0.970100 0.236600 0.053200
vn 0.969500 0.245200 0.001700
vn 0.984200 0.168900 -0.052900
vn 0.969900 0.214100 -0.115600
vn 0.955500 -0.031900 -0.293300
vn 0.938900 0.036100 -0.342300
vn 0.978900 0.097800 -0.179400
vn 0.944900 0.098700 -0.312200
vn 0.980600 0.195800 -0.011100
vn 0.930400 -0.142300 -0.337900
vn 0.953700 -0.164300 -0.251800
vn 0.966800 -0.123300 -0.223800
vn 0.970700 -0.000100 -0.240200
vn 0.934600 0.006500 -0.355600
vn 0.972600 0.014300 -0.232000
vn 0.942000 0.017300 -0.335100
vn 0.974800 0.009400 -0.222700
vn 0.942300 0.032800 -0.333100
vn 0.982300 0.064600 -0.175900
vn 0.962500 0.081300 -0.258900
vn 0.899300 -0.258900 -0.352600
vn 0.913200 -0.034400 -0.406100
vn 0.968200 -0.134100 -0.211400
vn 0.973300 -0.006800 -0.229500
vn 0.917000 -0.043000 -0.396500
vn 0.974600 0.006400 -0.224000
vn 0.981300 -0.105300 -0.161100
vn 0.972600 -0.180900 -0.145900
vn 0.861700 -0.329500 -0.385900
vn 0.986200 -0.099500 -0.132200
vn 0.984300 0.045100 -0.170600
vn 0.915900 -0.017200 -0.401100
vn 0.899900 0.106100 -0.423000
vn 0.835300 -0.450500 -0.315100
vn 0.984500 -0.068700 -0.161500
vn 0.986300 -0.035400 -0.161100
vn 0.986800 -0.071900 -0.145400
vn 0.976400 -0.001000 -0.215900
vn 0.980100 0.062800 -0.188100
vn 0.944100 0.113400 -0.309600
vn 0.978000 0.095000 -0.185700
vn 0.966300 0.231600 -0.112100
vn 0.990000 0.133800 -0.045100
vn 0.978200 -0.198300 0.061200
vn 0.965100 -0.255900 0.055600
vn 0.978800 -0.197800 0.052600
vn 0.980900 0.059100 -0.185400
vn 0.999100 -0.023600 0.036600
vn 1.000000 -0.005900 0.001800
vn 0.982700 -0.185000 -0.003500
vn 0.997500 -0.070100 -0.001200
vn 0.947200 -0.238800 -0.213900
vn 0.958000 -0.170400 -0.230600
vn 0.931700 -0.281300 -0.229900
vn 0.849200 -0.366500 -0.380200
vn 0.998300 0.052400 0.026200
vn 0.996200 -0.075100 0.043300
vn 0.984300 0.090700 -0.151400
vn 0.989200 -0.146800 -0.003500
vn 0.979400 0.200900 0.018100
vn 0.856600 0.184200 -0.482000
vn 0.980000 0.108900 -0.166800
vn 0.898900 0.102300 -0.426100
vn 0.959300 -0.282400 -0.004000
vn 0.854600 -0.329300 -0.401600
vn 0.975300 -0.150800 -0.161500
vn 0.988700 0.149100 0.015300
vn 0.986200 0.121700 -0.112000
vn 0.988100 -0.153900 -0.005300
vn 0.980700 0.195300 -0.012300
vn 0.979600 -0.191500 0.061400
vn 0.953600 -0.292000 0.073200
vn 0.986700 -0.140100 0.082400
vn 0.996600 0.082500 0.005400
vn 0.983100 -0.175800 0.050900
vn 0.992800 -0.109500 0.047900
vn 0.939700 -0.056500 -0.337400
vn 0.923200 -0.139000 -0.358400
vn 0.927900 -0.152900 -0.339900
vn 0.978100 -0.198800 0.061200
vn 0.965200 -0.255400 0.055900
vn 0.000000 0.156400 0.987700
vn 0.000000 0.454000 0.891000
vn 0.000000 0.707100 0.707100
vn 0.000000 0.891000 0.454000
vn 0.000000 0.987700 0.156400
vn 0.000000 0.987700 -0.156400
vn 0.000000 0.891000 -0.454000
vn 0.000000 0.707100 -0.707100
vn 0.000000 0.454000 -0.891000
vn 0.000000 0.156400 -0.987700
vn -0.000100 -1.000000 0.000000
vn -0.937900 -0.240000 -0.250400
vn -0.953100 0.158100 -0.258200
vn -0.805800 0.227000 -0.547000
vn -0.698100 -0.522300 -0.489800
vn -0.957000 -0.154100 -0.245900
vn -0.933800 -0.280000 -0.222700
vn -0.962800 -0.104500 -0.249200
vn -0.963500 -0.044000 -0.263900
vn -0.956800 0.074100 -0.281200
vn -0.950600 0.144100 -0.275000
vn -0.907200 0.321600 -0.271100
vn -0.821100 -0.238500 -0.518500
vn -0.619700 -0.663800 -0.418700
vn -0.657000 -0.587100 -0.472900
vn -0.590300 -0.347800 -0.728400
vn -0.591700 0.182500 -0.785200
vn -0.624200 -0.643200 -0.443600
vn -0.602600 -0.688100 -0.404100
vn -0.689400 -0.584700 -0.427500
vn -0.434400 -0.731100 -0.526100
vn -0.824600 -0.217600 -0.522100
vn -0.783600 0.009500 -0.621200
vn -0.610700 -0.240900 -0.754400
vn -0.794000 0.043400 -0.606400
vn -0.817600 0.033700 -0.574800
vn -0.774000 0.089800 -0.626800
vn -0.773500 0.090800 -0.627300
vn -0.724000 0.185600 -0.664300
vn -0.592400 0.555300 -0.583600
vn -0.421000 -0.700500 -0.576200
vn -0.441500 0.691500 -0.571800
vn -0.318100 0.386500 -0.865700
vn -0.546400 0.298000 -0.782700
vn -0.354600 0.662700 -0.659600
vn -0.229700 0.467600 -0.853600
vn 0.000400 0.473000 -0.881000
vn -0.238400 0.228200 -0.944000
vn -0.084800 0.798400 -0.596100
vn -0.090700 0.796000 -0.598400
vn -0.084900 0.804000 -0.588600
vn -0.214400 0.408100 -0.887400
vn 0.000000 0.759300 -0.650700
vn 0.000000 0.447400 -0.894300
vn -0.123800 0.737400 -0.664000
vn -0.095700 0.784200 -0.613000
vn -0.005200 0.793800 -0.608100
vn -0.094300 0.791900 -0.603400
vn 0.000000 -0.059800 -0.998200
vn 0.000500 -0.125000 -0.992200
vn -0.258800 -0.127500 -0.957500
vn -0.006600 0.798900 -0.601400
vn 0.000000 -0.797200 -0.603700
vn -0.148300 -0.782700 -0.604500
vn 0.000000 0.246500 -0.969100
vn -0.000700 -0.672400 -0.740200
vn 0.000000 -0.674400 -0.738400
vn -0.000200 0.059900 -0.998200
vn -0.258300 -0.136100 -0.956400
vn -0.293900 -0.143300 -0.945000
vn -0.338900 0.256100 -0.905300
vn -0.307400 0.381800 -0.871600
vn -0.318600 0.374000 -0.871000
vn -0.258300 0.746800 -0.612800
vn -0.092800 0.793800 -0.601100
vn -0.197200 0.805900 -0.558300
vn -0.261900 0.468200 -0.843900
vn -0.315100 0.077400 -0.945900
vn -0.257600 -0.582500 -0.771000
vn -0.449000 -0.703700 -0.550700
vn -0.426400 -0.714200 -0.555000
vn -0.423900 -0.746500 -0.512900
vn -0.403900 -0.753100 -0.519300
vn -0.340900 -0.812900 -0.472200
vn -0.208000 -0.763700 -0.611200
vn -0.301700 -0.299300 -0.905200
vn -0.615800 0.080400 -0.783800
vn -0.371200 0.169500 -0.913000
vn -0.000600 -0.125000 -0.992200
vn 0.000000 -0.292500 -0.956300
vn 0.258800 -0.127500 -0.957500
vn 0.005000 0.798800 -0.601500
vn 0.000000 0.799800 -0.600300
vn 0.229700 0.467600 -0.853600
vn 0.261800 0.468200 -0.843900
vn 0.238400 0.228200 -0.944000
vn 0.123800 0.737400 -0.664000
vn 0.214400 0.408100 -0.887400
vn 0.005200 0.793800 -0.608100
vn 0.006600 0.798900 -0.601400
vn 0.005600 0.799800 -0.600200
vn 0.590300 -0.347800 -0.728400
vn 0.591700 0.182400 -0.785200
vn 0.315100 0.077400 -0.945900
vn 0.307400 0.381800 -0.871600
vn 0.338900 0.256100 -0.905300
vn 0.318600 0.374000 -0.871000
vn 0.318200 0.386500 -0.865700
vn 0.421000 -0.700500 -0.576300
vn 0.148300 -0.782700 -0.604500
vn 0.258300 -0.136100 -0.956400
vn 0.294100 -0.143300 -0.945000
vn 0.610700 -0.240900 -0.754400
vn 0.301700 -0.299300 -0.905200
vn 0.095700 0.784200 -0.613000
vn 0.094300 0.791900 -0.603400
vn 0.084800 0.798400 -0.596100
vn 0.084900 0.804000 -0.588600
vn 0.090700 0.796000 -0.598400
vn 0.783500 0.009500 -0.621300
vn 0.615800 0.080400 -0.783800
vn 0.724100 0.185500 -0.664300
vn 0.546400 0.298000 -0.782700
vn 0.354600 0.662800 -0.659600
vn 0.821100 -0.238500 -0.518500
vn 0.657000 -0.587100 -0.473000
vn 0.619700 -0.663800 -0.418700
vn 0.689400 -0.584800 -0.427500
vn 0.602600 -0.688200 -0.404100
vn 0.624100 -0.643200 -0.443600
vn 0.423900 -0.746500 -0.512900
vn 0.434500 -0.731100 -0.526100
vn 0.824600 -0.217700 -0.522100
vn 0.794000 0.043400 -0.606400
vn 0.817600 0.033700 -0.574800
vn 0.774000 0.089800 -0.626800
vn 0.773500 0.090800 -0.627300
vn 0.592500 0.555300 -0.583600
vn 0.956800 0.074000 -0.281200
vn 0.963500 -0.044000 -0.264000
vn 0.441300 0.691500 -0.571900
vn 0.950600 0.144000 -0.275000
vn 0.907200 0.321800 -0.271100
vn 0.937900 -0.240100 -0.250400
vn 0.953100 0.158100 -0.258300
vn 0.957000 -0.154000 -0.245900
vn 0.933800 -0.280000 -0.222700
vn 0.962800 -0.104500 -0.249200
vn 0.698100 -0.522300 -0.489800
vn 0.805800 0.227000 -0.546900
vn 0.258400 0.746800 -0.612800
vn 0.449000 -0.703700 -0.550700
vn 0.371200 0.169500 -0.913000
vn 0.092700 0.793800 -0.601100
vn -0.000400 0.473000 -0.881100
vn 0.000200 0.059900 -0.998200
vn 0.000100 -0.757400 -0.652900
vn 0.000000 -0.757200 -0.653200
vn -0.005000 0.798800 -0.601500
vn -0.005400 0.799700 -0.600300
vn -0.005500 0.799900 -0.600100
vn 0.005400 0.799700 -0.600300
vn 0.426400 -0.714200 -0.555000
vn 0.404000 -0.753100 -0.519300
vn 0.257500 -0.582400 -0.771000
vn -0.000100 -0.757400 -0.652900
vn 0.000700 -0.672400 -0.740200
vn -0.351200 -0.798400 -0.489200
vn 0.340900 -0.812900 -0.472200
vn 0.208000 -0.763700 -0.611200
vn 0.351200 -0.798400 -0.489200
vn -0.941200 0.121400 -0.315400
vn -0.777600 -0.466500 -0.421600
vn -0.300900 -0.855900 -0.420600
vn 0.166300 -0.799900 -0.576600
vn 0.807500 0.080500 -0.584400
vn 0.105000 0.841900 -0.529300
vn -0.286900 0.884500 -0.367900
vn -0.674700 0.643400 -0.361800
vn -0.777800 0.027500 -0.627900
vn -0.788600 0.053400 -0.612600
vn -0.770500 0.094300 -0.630400
vn -0.748600 0.102200 -0.655100
vn -0.376100 0.193500 -0.906100
vn -0.317500 0.376200 -0.870400
vn -0.342800 0.268600 -0.900200
vn -0.330700 0.366000 -0.869900
vn -0.834100 0.439100 -0.333800
vn -0.824700 -0.325400 -0.462600
vn -0.824700 -0.325500 -0.462600
vn -0.014000 -0.950700 -0.309700
vn 0.781300 -0.394000 -0.484100
vn 0.830900 0.425800 -0.358100
vn 0.830900 0.425800 -0.358200
vn 0.432900 0.859700 -0.271100
vn -0.009200 0.983800 -0.178900
vn -0.458500 0.850400 -0.258000
vn -0.113000 0.752600 -0.648700
vn -0.113300 0.759100 -0.641000
vn -0.108500 0.762700 -0.637500
vn -0.102100 0.763300 -0.638000
vn -0.000600 0.795200 -0.606400
vn -0.001200 0.788400 -0.615200
vn -0.000500 0.792500 -0.609900
vn -0.000600 0.796500 -0.604600
vn -0.974900 -0.171500 -0.141900
vn -0.663300 -0.723800 -0.190400
vn -0.012400 -0.989300 -0.145700
vn -0.012400 -0.989200 -0.145700
vn 0.625100 -0.755200 -0.197500
vn 0.972600 -0.179100 -0.148300
vn 0.631300 0.749500 -0.199300
vn -0.011900 0.990100 -0.140100
vn -0.668800 0.718300 -0.191900
vn -0.668800 0.718200 -0.191900
vn -0.276100 0.308800 -0.910200
vn -0.302900 -0.192100 -0.933500
vn -0.287900 -0.355600 -0.889200
vn -0.280900 -0.226000 -0.932700
vn -0.000400 0.313100 -0.949700
vn -0.001200 -0.353400 -0.935500
vn 0.000400 -0.216600 -0.976300
vn -0.002200 -0.216500 -0.976300
vn -0.932500 -0.314500 -0.177600
vn -0.932500 -0.314400 -0.177600
vn -0.600400 -0.779400 -0.179100
vn -0.180500 -0.969000 -0.168700
vn 0.251700 -0.943100 -0.217200
vn 0.836400 -0.475000 -0.273500
vn 0.595100 0.636500 -0.490600
vn -0.324200 0.895100 -0.306200
vn -0.903900 0.334200 -0.266800
vn -0.626300 -0.631300 -0.457300
vn -0.604900 -0.679200 -0.415700
vn -0.590300 -0.699100 -0.403400
vn -0.599500 -0.673100 -0.433000
vn -0.352400 -0.803600 -0.479600
vn -0.410700 -0.746100 -0.524100
vn -0.393700 -0.773400 -0.496900
vn -0.345800 -0.814600 -0.465600
vn 0.286900 0.884500 -0.367900
vn -0.105000 0.841900 -0.529300
vn -0.807400 0.080500 -0.584500
vn -0.166300 -0.799900 -0.576600
vn 0.300800 -0.855900 -0.420600
vn 0.777600 -0.466500 -0.421600
vn 0.941400 0.121400 -0.314700
vn 0.674700 0.643400 -0.361700
vn 0.376100 0.193500 -0.906100
vn 0.342800 0.268600 -0.900200
vn 0.317500 0.376200 -0.870400
vn 0.330700 0.366000 -0.869900
vn 0.788600 0.053500 -0.612600
vn 0.777800 0.027500 -0.627900
vn 0.748600 0.102200 -0.655100
vn 0.770500 0.094300 -0.630400
vn 0.009200 0.983800 -0.178900
vn -0.432900 0.859700 -0.271100
vn -0.830900 0.425900 -0.358000
vn -0.781300 -0.394000 -0.484100
vn 0.014000 -0.950600 -0.310000
vn 0.824700 -0.325500 -0.462600
vn 0.824600 -0.325500 -0.462600
vn 0.834100 0.439200 -0.333700
vn 0.458500 0.850400 -0.258000
vn 0.001200 0.788400 -0.615200
vn 0.000600 0.795200 -0.606400
vn 0.000600 0.796500 -0.604600
vn 0.000500 0.792500 -0.609900
vn 0.113300 0.759100 -0.641000
vn 0.113000 0.752600 -0.648700
vn 0.102100 0.763300 -0.638000
vn 0.108500 0.762700 -0.637500
vn 0.011900 0.990000 -0.140300
vn -0.631300 0.749500 -0.199300
vn -0.972600 -0.179000 -0.148300
vn -0.625100 -0.755200 -0.197500
vn 0.012400 -0.989300 -0.145700
vn 0.663200 -0.723800 -0.190400
vn 0.974900 -0.171500 -0.141900
vn 0.668700 0.718300 -0.191900
vn 0.000200 0.313200 -0.949700
vn -0.000400 -0.216600 -0.976300
vn 0.001300 -0.353300 -0.935500
vn 0.002000 -0.216500 -0.976300
vn 0.275700 0.308800 -0.910300
vn 0.287900 -0.355600 -0.889200
vn 0.302900 -0.192300 -0.933400
vn 0.280800 -0.225900 -0.932800
vn 0.324500 0.894800 -0.306600
vn -0.595100 0.636500 -0.490600
vn -0.836400 -0.475000 -0.273500
vn -0.251700 -0.943100 -0.217200
vn 0.180300 -0.969100 -0.168400
vn 0.180500 -0.969000 -0.168700
vn 0.600400 -0.779400 -0.179100
vn 0.932500 -0.314400 -0.177600
vn 0.903900 0.334300 -0.266700
vn 0.411200 -0.745300 -0.524800
vn 0.352500 -0.803600 -0.479600
vn 0.345800 -0.814600 -0.465600
vn 0.393700 -0.773400 -0.496900
vn 0.604900 -0.679200 -0.415800
vn 0.626300 -0.631300 -0.457300
vn 0.599500 -0.673100 -0.433000
vn 0.590400 -0.699100 -0.403400
vn -0.029100 0.287600 -0.957300
vn -0.238200 0.304200 -0.922400
vn -0.027200 0.339100 -0.940400
vn -0.965300 -0.034000 -0.259000
vn -0.808300 0.042800 -0.587300
vn -0.808700 0.021000 -0.587900
vn -0.966200 -0.034000 -0.255700
vn -0.985600 -0.022900 -0.167800
vn -0.966700 -0.026900 -0.254400
vn 0.238000 0.304200 -0.922400
vn 0.029100 0.287600 -0.957300
vn 0.027200 0.339100 -0.940400
vn 0.808300 0.042800 -0.587200
vn 0.965300 -0.034000 -0.259000
vn 0.808700 0.021000 -0.587900
vn 0.985600 -0.022800 -0.167800
vn 0.966200 -0.033900 -0.255700
vn 0.966700 -0.026900 -0.254300
vn -0.949900 -0.310400 0.036100
vn -0.925400 -0.314400 0.211600
vn -0.875300 -0.436200 0.208700
vn -0.976300 -0.213400 0.036900
vn -0.909100 -0.342600 0.237000
vn -0.924600 -0.271600 0.267200
vn -0.962700 0.148700 0.226100
vn -0.978200 0.154700 0.138500
vn -0.969700 0.240600 0.041700
vn -0.920800 0.384400 0.065500
vn -0.969200 0.242000 0.046400
vn -0.948500 0.313900 0.042400
vn -0.862400 0.504100 0.046400
vn -0.818900 0.551900 0.157400
vn -0.554300 0.749000 0.363000
vn -0.539900 0.265400 0.798800
vn -0.280000 0.844100 0.457300
vn -0.429800 0.257200 0.865500
vn -0.428700 -0.440300 0.788900
vn -0.446000 0.301800 0.842600
vn -0.953100 0.017900 0.302000
vn -0.936900 0.286700 0.199900
vn -0.499300 -0.603200 0.622000
vn -0.454800 -0.634100 0.625400
vn -0.451500 -0.551200 0.701700
vn -0.949100 0.173400 0.263100
vn -0.821900 0.227800 0.522100
vn -0.950500 0.155100 0.269400
vn -0.841700 0.520900 0.142200
vn -0.177300 0.625600 0.759700
vn -0.099200 0.955400 0.278200
vn -0.267900 0.675200 0.687300
vn -0.274300 -0.615000 0.739300
vn -0.301000 -0.614700 0.729100
vn -0.107600 -0.609600 0.785400
vn -0.099000 -0.589100 0.802000
vn -0.263800 -0.527400 0.807600
vn -0.093700 -0.502600 0.859400
vn -0.247900 -0.356700 0.900700
vn -0.085700 0.370900 0.924700
vn -0.055200 0.856500 0.513100
vn -0.246400 0.377200 0.892800
vn -0.155500 0.207800 0.965700
vn -0.277700 0.228700 0.933000
vn -0.157200 0.860100 0.485400
vn -0.317600 0.231200 0.919600
vn -0.088900 0.585700 0.805600
vn -0.110500 0.595600 0.795600
vn 0.000000 0.379400 0.925200
vn 0.000000 0.849600 0.527400
vn 0.000000 -0.051600 0.998700
vn 0.000000 -0.490100 0.871700
vn 0.000000 -0.290100 0.957000
vn -0.086500 -0.311200 0.946400
vn -0.033400 0.568200 0.822200
vn 0.000000 -0.603600 0.797300
vn 0.000000 -0.577200 0.816600
vn -0.135300 0.104400 0.985300
vn -0.118300 -0.015200 0.992900
vn -0.095400 -0.137900 0.985800
vn -0.117800 -0.044700 0.992000
vn -0.306900 0.695100 0.650100
vn -0.459100 0.778000 0.428900
vn 0.085700 0.370900 0.924700
vn 0.055300 0.856500 0.513100
vn 0.009000 0.561700 0.827300
vn 0.000000 0.559000 0.829200
vn 0.033400 0.568200 0.822200
vn 0.155500 0.207800 0.965700
vn 0.135300 0.104400 0.985300
vn 0.118300 -0.015200 0.992900
vn 0.110500 0.595600 0.795600
vn 0.177300 0.625600 0.759700
vn 0.099200 0.955400 0.278200
vn 0.267900 0.675200 0.687300
vn 0.306900 0.695100 0.650100
vn 0.277700 0.228700 0.933100
vn 0.157200 0.860100 0.485300
vn 0.317600 0.231200 0.919600
vn 0.099000 -0.589100 0.802000
vn 0.107700 -0.609600 0.785300
vn 0.301000 -0.614700 0.729100
vn 0.274300 -0.615000 0.739300
vn 0.093600 -0.502600 0.859400
vn 0.264200 -0.527100 0.807700
vn 0.086500 -0.311200 0.946400
vn 0.247900 -0.356700 0.900700
vn 0.246400 0.377200 0.892800
vn 0.122800 -0.013400 0.992300
vn 0.117800 -0.044700 0.992000
vn 0.088900 0.585700 0.805600
vn 0.280000 0.844100 0.457300
vn 0.539900 0.265400 0.798800
vn 0.429800 0.257200 0.865500
vn 0.454800 -0.634100 0.625400
vn 0.499300 -0.603100 0.622000
vn 0.925400 -0.314400 0.211600
vn 0.875300 -0.436300 0.208600
vn 0.451500 -0.551200 0.701700
vn 0.909100 -0.342600 0.237000
vn 0.428700 -0.440400 0.788900
vn 0.924600 -0.271600 0.267000
vn 0.446000 0.301800 0.842600
vn 0.936900 0.286700 0.199900
vn 0.949100 0.173400 0.263000
vn 0.953200 0.017900 0.301900
vn 0.995800 0.082100 0.040100
vn 0.962700 0.148600 0.226100
vn 0.978200 0.154800 0.138500
vn 0.985800 -0.163700 0.038100
vn 0.985700 -0.164000 0.038200
vn 0.949900 -0.310400 0.036100
vn 0.950500 0.155100 0.269400
vn 0.920900 0.384300 0.065400
vn 0.969200 0.242000 0.046300
vn 0.862400 0.504100 0.046400
vn 0.554300 0.749000 0.363000
vn 0.818900 0.552000 0.157400
vn 0.459100 0.778000 0.428900
vn 0.000800 -0.150700 0.988600
vn 0.000000 -0.152100 0.988400
vn -0.009000 0.561700 0.827300
vn -0.761000 0.242100 0.601900
vn 0.821800 0.227900 0.522200
vn 0.760900 0.242100 0.602000
vn 0.841700 0.520900 0.142100
vn 0.095400 -0.137900 0.985800
vn 0.035000 -0.147300 0.988500
vn 0.007000 -0.150600 0.988600
vn 0.948500 0.313900 0.042400
vn -0.122800 -0.013500 0.992300
vn 0.969700 0.240500 0.041700
vn -0.000800 -0.150700 0.988600
vn -0.007000 -0.150600 0.988600
vn -0.035000 -0.147400 0.988500
vn 0.536600 0.474100 0.698100
vn -0.086100 0.867500 0.490000
vn 0.243200 -0.888000 -0.390200
vn -0.158400 0.899800 0.406600
vn -0.092800 0.904700 0.415800
vn 0.354900 -0.879900 -0.315900
vn 0.604100 -0.788000 -0.118700
vn -0.014000 0.974000 0.225900
vn -0.004300 0.974200 0.225500
vn -0.000600 0.974100 0.225900
vn 0.000000 0.974200 0.225900
vn 0.000600 0.974200 0.225800
vn 0.004300 0.974200 0.225600
vn 0.014000 0.974100 0.225800
vn 0.014000 0.974100 0.225700
vn -0.604100 -0.788000 -0.118600
vn -0.354900 -0.879900 -0.315900
vn -0.355000 -0.879900 -0.315900
vn 0.092800 0.904700 0.415800
vn 0.158400 0.899800 0.406600
vn -0.243200 -0.888000 -0.390300
vn 0.086100 0.867500 0.490000
vn -0.536700 0.474100 0.698000
vn -0.536600 0.474100 0.698000
vn -0.699000 0.083200 0.710300
vn -0.479300 -0.213700 0.851200
vn 0.033100 -0.572000 0.819600
vn -0.316700 0.690000 -0.650800
vn -0.337500 0.770500 -0.540800
vn 0.181300 -0.829500 0.528200
vn 0.084100 -0.851900 0.516900
vn 0.030900 -0.859500 0.510200
vn 0.007100 -0.861700 0.507300
vn 0.000500 -0.862100 0.506800
vn -0.000500 -0.862200 0.506600
vn -0.007100 -0.861600 0.507500
vn -0.030900 -0.859500 0.510200
vn -0.084100 -0.851900 0.516900
vn -0.181300 -0.829500 0.528200
vn -0.181200 -0.829500 0.528300
vn 0.337500 0.770500 -0.540700
vn 0.316700 0.690000 -0.650800
vn -0.033200 -0.571900 0.819600
vn -0.033200 -0.572000 0.819600
vn 0.479100 -0.213600 0.851400
vn 0.479100 -0.213700 0.851300
vn 0.699000 0.083200 0.710300
vn -0.669300 0.102900 0.735900
vn -0.641000 0.189100 0.743900
vn -0.586000 0.261200 0.767100
vn -0.662300 0.357500 0.658500
vn -0.598000 0.475800 0.645000
vn -0.628300 0.458300 0.628600
vn -0.336300 0.299600 0.892800
vn -0.329300 -0.038500 0.943500
vn -0.214800 0.358700 0.908400
vn -0.277700 0.194600 0.940700
vn -0.429000 0.227000 0.874300
vn -0.551400 0.463800 0.693400
vn -0.382900 0.408200 0.828700
vn -0.007100 0.230000 0.973200
vn -0.005600 -0.115300 0.993300
vn -0.002300 -0.152100 0.988400
vn -0.004500 0.313600 0.949500
vn -0.008400 -0.151900 0.988400
vn -0.035000 -0.150200 0.988000
vn -0.029700 0.316900 0.948000
vn -0.089600 -0.103600 0.990600
vn -0.093900 -0.140900 0.985600
vn -0.094200 0.244800 0.965000
vn -0.092400 0.328000 0.940100
vn -0.154700 0.174200 0.972500
vn -0.135400 0.077000 0.987800
vn 0.000000 0.312900 0.949800
vn 0.002300 -0.152100 0.988400
vn 0.004500 0.313700 0.949500
vn 0.008300 -0.152000 0.988300
vn 0.005600 -0.115300 0.993300
vn 0.007100 0.230000 0.973200
vn 0.094000 -0.140900 0.985500
vn 0.089600 -0.103600 0.990600
vn 0.035000 -0.150200 0.988000
vn 0.094200 0.244800 0.965000
vn 0.029700 0.316900 0.948000
vn 0.092400 0.328000 0.940200
vn 0.429000 0.227000 0.874300
vn 0.329300 -0.038500 0.943400
vn 0.277700 0.194600 0.940700
vn 0.154800 0.174200 0.972500
vn 0.214800 0.358700 0.908400
vn 0.336300 0.299600 0.892800
vn 0.382900 0.408200 0.828700
vn 0.641000 0.189100 0.743900
vn 0.669300 0.102900 0.735900
vn 0.586000 0.261200 0.767100
vn 0.662300 0.357500 0.658500
vn 0.628300 0.458300 0.628600
vn 0.598000 0.475800 0.645000
vn 0.551400 0.463800 0.693400
vn 0.135400 0.077000 0.987800
vn -0.116600 0.969500 -0.215500
vn -0.079700 0.873900 0.479600
vn -0.085700 0.866800 0.491300
vn -0.118400 0.971600 -0.205000
vn -0.062600 0.879500 0.471700
vn -0.013100 0.986200 -0.164800
vn -0.032300 0.877900 0.477700
vn 0.000000 0.993400 -0.114300
vn -0.008600 0.992500 -0.121700
vn 0.032400 0.877900 0.477700
vn 0.000000 0.876400 0.481600
vn 0.013000 0.986300 -0.164700
vn 0.008500 0.992500 -0.121700
vn 0.118500 0.971600 -0.205000
vn 0.062600 0.879500 0.471700
vn 0.116800 0.969500 -0.215500
vn 0.079700 0.873900 0.479600
vn -0.095200 0.942800 0.319400
vn -0.087100 0.943600 0.319300
vn -0.067800 0.944500 0.321400
vn -0.035600 0.945500 0.323700
vn 0.035600 0.945500 0.323800
vn 0.000000 0.945800 0.324700
vn 0.067800 0.944500 0.321400
vn 0.087100 0.943600 0.319300
vn 0.095200 0.942800 0.319400
vn -0.101800 0.972900 0.207400
vn -0.094900 0.973500 0.208300
vn -0.072600 0.974800 0.210800
vn -0.038000 0.976200 0.213400
vn 0.038100 0.976200 0.213400
vn 0.000000 0.976800 0.214300
vn 0.072600 0.974800 0.210800
vn 0.094900 0.973500 0.208300
vn 0.101800 0.972900 0.207400
vn -0.103200 0.992100 0.070900
vn -0.097800 0.992600 0.072400
vn -0.076600 0.994400 0.073400
vn -0.039300 0.996400 0.074500
vn 0.039300 0.996400 0.074500
vn 0.000000 0.997200 0.074900
vn 0.076600 0.994400 0.073400
vn 0.097800 0.992600 0.072400
vn 0.103200 0.992100 0.070900
vn -0.104200 0.994600 0.002900
vn -0.098900 0.995100 0.003200
vn -0.075700 0.997100 0.003800
vn -0.039600 0.999200 0.004700
vn 0.039600 0.999200 0.004700
vn 0.000000 1.000000 0.005200
vn 0.075700 0.997100 0.003800
vn 0.098800 0.995100 0.003200
vn 0.104200 0.994600 0.002900
vn -0.106600 0.990800 -0.083000
vn -0.099400 0.991600 -0.083200
vn -0.076100 0.993600 -0.083700
vn -0.039900 0.995600 -0.085300
vn 0.039900 0.995600 -0.085300
vn 0.000000 0.996300 -0.085500
vn 0.076100 0.993600 -0.083700
vn 0.099400 0.991600 -0.083200
vn 0.106600 0.990800 -0.083000
vn -0.088400 0.911600 -0.401500
vn -0.096600 0.912000 -0.398700
vn -0.068700 0.911700 -0.405100
vn -0.036000 0.911400 -0.409900
vn 0.000000 0.911300 -0.411700
vn 0.036000 0.911400 -0.409900
vn 0.068700 0.911700 -0.405100
vn 0.088400 0.911600 -0.401500
vn -0.070900 0.778600 -0.623500
vn -0.074000 0.769600 -0.634200
vn -0.088400 0.911500 -0.401600
vn -0.054500 0.783500 -0.619000
vn -0.028300 0.776900 -0.629000
vn 0.000000 0.775000 -0.631900
vn 0.028300 0.776900 -0.629000
vn 0.088400 0.911500 -0.401600
vn 0.054500 0.783500 -0.619000
vn 0.096600 0.912000 -0.398700
vn 0.070900 0.778600 -0.623500
vn -0.367800 0.925000 -0.095600
vn -0.328400 0.939800 -0.094600
vn -0.058700 0.990800 -0.121800
vn -0.014100 0.991600 -0.128600
vn 0.000000 0.991100 -0.133000
vn 0.014100 0.991600 -0.128600
vn 0.058800 0.990800 -0.121900
vn 0.074000 0.769600 -0.634200
vn 0.367800 0.925000 -0.095600
vn -0.964700 0.260200 0.041300
vn -0.261400 -0.909200 0.324000
vn -1.000000 0.001200 0.002100
vn -0.963600 0.263100 0.047800
vn -0.404400 -0.854400 0.326100
vn 0.894400 0.447200 0.000000
vn -0.963500 0.263300 0.047800
vn -0.881900 0.449600 0.141900
vn -0.959500 0.280600 0.024700
vn -0.980600 0.195700 0.011600
vn -0.769800 0.567800 0.291700
vn -0.923300 0.376800 0.074200
vn -0.769700 0.567800 0.291700
vn -0.761800 0.571800 0.304300
vn -0.920600 0.382200 0.079600
vn -0.981500 0.191100 0.011500
vn -0.980600 0.195700 0.011900
vn -0.404500 -0.854400 0.326200
vn -0.881900 0.449500 0.141900
vn -0.404500 -0.854400 0.326100
vn -0.506600 0.720600 0.473400
vn -0.769700 0.567800 0.291800
vn -0.498100 -0.849200 0.175500
vn -0.498300 -0.849100 0.175600
vn -0.977700 0.209800 -0.008300
vn -0.977000 0.212900 -0.007600
vn -0.975700 0.219100 -0.007400
vn -0.976700 0.214300 -0.008500
vn -0.976700 0.214400 -0.008600
vn -0.959400 0.282100 -0.002100
vn -0.961900 0.273500 -0.005900
vn -0.961800 0.273500 -0.008500
vn -0.976700 0.214300 -0.006900
vn -0.940200 0.340700 0.002800
vn -0.940900 0.338500 -0.009000
vn -0.938900 0.344200 0.003600
vn -0.940100 0.340700 -0.008600
vn -0.977400 0.211300 -0.007100
vn -0.935400 0.353100 0.019600
vn -0.934400 0.355500 0.021700
vn -0.976900 0.213400 -0.008000
vn -0.976900 0.213500 -0.008000
vn -0.976600 0.214800 -0.007800
vn -0.976300 0.216100 -0.008900
vn -0.976300 0.216100 -0.009000
vn -0.962000 0.272800 -0.010600
vn -0.961300 0.275300 -0.011300
vn -0.960700 0.277100 -0.018200
vn -0.975100 0.220600 -0.020600
vn -0.940300 0.340000 -0.014500
vn -0.938800 0.343700 -0.021600
vn -0.940600 0.339100 -0.014600
vn -0.938700 0.344000 -0.021700
vn -0.975900 0.217400 -0.020500
vn -0.975200 0.220500 -0.020700
vn -0.941200 0.337500 -0.012400
vn -0.940200 0.340300 -0.012400
vn -0.940600 0.339100 -0.014400
vn -0.998500 0.044200 -0.031700
vn -0.978500 0.202100 -0.040500
vn -0.978000 0.205500 -0.036700
vn -0.998600 0.047300 -0.025400
vn -0.963200 0.268300 -0.016800
vn -0.985100 0.170900 -0.019700
vn -0.800100 0.599900 -0.007100
vn -0.048800 -0.998100 0.038400
vn -0.944500 0.307300 -0.116500
vn -0.039600 0.993000 -0.111600
vn -0.942900 0.309500 -0.122800
vn -0.016000 0.992900 -0.117500
vn -0.070400 -0.996900 0.034300
vn -0.940100 0.339900 -0.024700
vn -0.938600 0.343900 -0.026200
vn -0.943100 0.309400 -0.121800
vn -0.939900 0.340500 -0.025500
vn -0.939300 0.342200 -0.024900
vn -0.037500 0.992600 -0.115700
vn -0.944200 0.307300 -0.118200
vn 0.964700 0.260200 0.041400
vn 0.963600 0.263100 0.047900
vn 0.433200 0.809100 0.397100
vn 0.980600 0.195700 0.011600
vn 0.959500 0.280600 0.024700
vn 0.881900 0.449600 0.141900
vn 0.769800 0.567800 0.291700
vn 0.923300 0.376800 0.074200
vn 0.761800 0.571800 0.304300
vn 0.769700 0.567800 0.291700
vn 0.920600 0.382200 0.079600
vn 0.981500 0.191100 0.011500
vn 0.980600 0.195700 0.011900
vn 0.404500 -0.854400 0.326000
vn 0.433300 0.809000 0.397100
vn 0.498300 -0.849100 0.175600
vn 0.975700 0.219100 -0.007400
vn 0.977000 0.212900 -0.007600
vn 0.977700 0.209800 -0.008300
vn 0.976700 0.214400 -0.008600
vn 0.959400 0.282100 -0.002100
vn 0.976700 0.214300 -0.006900
vn 0.961900 0.273400 -0.008500
vn 0.961900 0.273500 -0.005900
vn 0.940200 0.340700 0.002800
vn 0.940900 0.338500 -0.009000
vn 0.938900 0.344200 0.003600
vn 0.940100 0.340700 -0.008600
vn 0.977400 0.211200 -0.007100
vn 0.935400 0.353100 0.019600
vn 0.934500 0.355400 0.021700
vn 0.976600 0.214800 -0.007800
vn 0.976900 0.213500 -0.008000
vn 0.976900 0.213400 -0.007900
vn 0.976300 0.216100 -0.008900
vn 0.962000 0.272700 -0.010600
vn 0.976300 0.216100 -0.009000
vn 0.975100 0.220600 -0.020600
vn 0.960600 0.277200 -0.018300
vn 0.961300 0.275300 -0.011300
vn 0.940300 0.340000 -0.014500
vn 0.938800 0.343700 -0.021600
vn 0.940600 0.339100 -0.014600
vn 0.938700 0.344000 -0.021800
vn 0.975900 0.217400 -0.020500
vn 0.975200 0.220500 -0.020700
vn 0.941200 0.337500 -0.012400
vn 0.940200 0.340500 -0.012400
vn 0.978000 0.205500 -0.036700
vn 0.978500 0.202100 -0.040500
vn 0.998500 0.044200 -0.031700
vn 0.998600 0.047300 -0.025400
vn 0.963200 0.268300 -0.016800
vn 0.048800 -0.998100 0.038400
vn 0.800000 0.600000 -0.007200
vn 0.985100 0.170900 -0.019700
vn 0.944400 0.307400 -0.116500
vn 0.039600 0.993000 -0.111600
vn 0.942900 0.309500 -0.122800
vn 0.015900 0.992900 -0.117500
vn 0.070400 -0.996900 0.034300
vn 0.940100 0.339900 -0.024700
vn 0.938600 0.343900 -0.026100
vn 0.961800 0.273400 -0.008500
vn 0.939700 0.341100 -0.024900
vn 0.943100 0.309400 -0.121800
vn 0.939300 0.342200 -0.025000
vn 0.944300 0.307300 -0.118100
vn 0.037500 0.992600 -0.115700
vn -0.072000 0.776600 -0.625900
vn -0.093300 0.911900 -0.399700
vn -0.090000 0.911900 -0.400400
vn -0.370300 0.924100 -0.094900
vn -0.073000 0.773200 -0.630000
vn -0.113800 0.959400 -0.258200
vn -0.024600 0.963700 -0.265900
vn -0.116600 0.964800 -0.235800
vn -0.025900 0.956900 -0.289100
vn -0.008300 0.945600 -0.325300
vn -0.024600 0.963500 -0.266500
vn 0.093300 0.911900 -0.399700
vn 0.072000 0.776600 -0.625900
vn 0.090100 0.911900 -0.400400
vn 0.073000 0.773200 -0.630000
vn 0.370300 0.924100 -0.094800
vn 0.024600 0.963700 -0.265900
vn 0.113900 0.959400 -0.258200
vn 0.116600 0.964800 -0.235800
vn 0.008300 0.945600 -0.325300
vn 0.025900 0.956900 -0.289100
vn 0.024600 0.963500 -0.266500
vn -0.018600 0.999300 0.032300
vn -0.006000 0.999500 0.031000
vn -0.018400 0.999300 0.031600
vn -0.007000 0.999500 0.031700
vn 0.000000 0.999500 0.030700
vn 0.006900 0.999500 0.031700
vn 0.000000 0.999500 0.031900
vn 0.018600 0.999300 0.032300
vn 0.006000 0.999500 0.031000
vn 0.000000 1.000000 -0.000100
vn 0.000000 1.000000 0.000000
vn -0.555200 0.000000 0.831700
vn -0.555300 -0.000100 0.831700
vn -0.555200 -0.000100 0.831700
vn 0.458500 0.000000 0.888700
vn 0.458500 -0.000100 0.888700
vn 0.931200 0.000100 0.364500
vn 0.929000 0.000000 -0.370000
vn 0.599200 0.000100 -0.800600
vn 0.599100 0.000200 -0.800600
vn -0.518300 0.000200 -0.855200
vn -0.518200 0.000200 -0.855300
vn -0.940500 0.000000 -0.339800
vn -0.921500 0.000000 0.388300
vn 0.000000 -1.000000 0.000100
vn 0.555200 0.000100 -0.831700
vn 0.555200 0.000200 -0.831700
vn 0.555300 0.000100 -0.831600
vn -0.000100 1.000000 -0.000100
vn -0.000100 1.000000 0.000000
vn -0.458500 0.000100 -0.888700
vn -0.458500 0.000200 -0.888700
vn -0.458500 0.000000 -0.888700
vn -0.931200 -0.000200 -0.364500
vn -0.931200 -0.000100 -0.364500
vn -0.931200 0.000000 -0.364500
vn -0.929000 0.000000 0.370000
vn -0.599200 -0.000100 0.800600
vn -0.599300 -0.000100 0.800600
vn 0.518400 -0.000100 0.855200
vn 0.518300 -0.000100 0.855200
vn 0.518200 -0.000100 0.855300
vn 0.000100 1.000000 -0.000100
vn 0.940500 -0.000100 0.339700
vn 0.000000 1.000000 -0.000200
vn 0.921500 0.000000 -0.388300
vn -0.064600 0.975500 -0.210500
vn -0.352000 0.823600 -0.444700
vn -0.276600 0.905000 -0.323100
vn -0.104400 0.918800 -0.380600
vn -0.466200 0.638300 -0.612600
vn -0.030400 0.979200 -0.200500
vn -0.046100 0.936200 -0.348400
vn -0.154500 0.856600 -0.492300
vn -0.438100 0.693100 -0.572400
vn -0.155700 0.854700 -0.495300
vn -0.472200 0.631800 -0.614700
vn -0.055100 0.914200 -0.401500
vn -0.131500 0.894900 -0.426400
vn 0.000000 -0.707300 -0.707000
vn 0.000000 -0.707200 -0.707000
vn -1.000000 0.000000 0.000100
vn -1.000000 0.000000 0.000000
vn -1.000000 0.000000 -0.000100
vn 1.000000 0.000000 0.000000
vn 1.000000 -0.000100 0.000000
vn 0.000200 -1.000000 0.000000
vn 0.000100 -0.000100 1.000000
vn 0.000000 -0.000100 1.000000
vn 0.000000 -0.707000 -0.707300
vn -0.000100 -0.707000 -0.707200
vn 0.000100 -0.707000 -0.707200
vn 0.518300 0.000100 -0.855200
vn 0.518200 0.000100 -0.855200
vn 0.518200 0.000300 -0.855300
vn -0.599200 0.000200 -0.800600
vn -0.599200 0.000100 -0.800600
vn -0.929000 0.000000 -0.370000
vn -0.929100 0.000000 -0.369900
vn -0.931200 0.000100 0.364500
vn -0.458500 -0.000100 0.888700
vn 0.555200 -0.000200 0.831700
vn 0.555300 -0.000100 0.831700
vn 0.921500 0.000100 0.388300
vn 0.921500 0.000000 0.388300
vn 0.921500 -0.000100 0.388300
vn 0.940500 0.000000 -0.339800
vn 0.940500 0.000100 -0.339800
vn -0.518200 -0.000100 0.855300
vn -0.518200 -0.000200 0.855300
vn 0.000100 1.000000 0.000000
vn 0.599200 -0.000100 0.800600
vn 0.929000 0.000100 0.370000
vn 0.929000 0.000000 0.370000
vn 0.931200 0.000000 -0.364500
vn 0.931200 0.000000 -0.364400
vn 0.931200 -0.000100 -0.364500
vn 0.458500 0.000000 -0.888700
vn 0.458500 0.000100 -0.888700
vn 0.458400 0.000100 -0.888700
vn 0.000200 1.000000 0.000000
vn 0.000300 1.000000 0.000000
vn -0.555300 0.000100 -0.831600
vn -0.555300 0.000000 -0.831600
vn -0.555200 0.000200 -0.831700
vn -0.921500 0.000000 -0.388300
vn -0.940500 0.000000 0.339800
vn -0.940500 -0.000100 0.339700
vn 0.030400 0.979200 -0.200500
vn 0.104400 0.918800 -0.380600
vn 0.046000 0.936200 -0.348400
vn 0.154500 0.856600 -0.492300
vn 0.061600 0.901700 -0.428000
vn 0.064600 0.975500 -0.210500
vn 0.352000 0.823600 -0.444700
vn 0.466200 0.638300 -0.612600
vn 0.155700 0.854700 -0.495300
vn 0.438100 0.693100 -0.572500
vn 0.472200 0.631900 -0.614600
vn 0.055100 0.914200 -0.401500
vn 0.131500 0.894900 -0.426400
vn -1.000000 -0.000100 0.000000
vn 1.000000 -0.000100 -0.000100
vn 0.017900 -0.999800 0.000900
vn -0.000100 -0.000100 1.000000
vn 0.000000 -0.707000 -0.707200
vn 0.000100 -0.707200 -0.707000
vn -0.959000 -0.283300 -0.004800
vn -0.977100 -0.212900 -0.004900
vn -0.980200 -0.198200 -0.004800
vn -0.980200 -0.198200 -0.004200
vn -0.983700 -0.180000 -0.004100
vn -0.983500 -0.180800 -0.004200
vn -0.987100 -0.160000 -0.004100
vn -0.987300 -0.159100 -0.004200
vn -0.991000 -0.134000 -0.003600
vn -0.991000 -0.133900 -0.004200
vn -0.994200 -0.107500 -0.003600
vn -0.994200 -0.107400 -0.003600
vn -0.996600 -0.082600 -0.004300
vn -0.996600 -0.082600 -0.003700
vn -0.997800 -0.066100 -0.003800
vn -0.997800 -0.066100 -0.004400
vn -0.999400 -0.033100 -0.004000
vn -0.999100 0.041700 -0.005300
vn -0.999100 0.042700 -0.004500
vn -0.990500 0.137200 -0.005200
vn -0.990400 0.138200 -0.005800
vn -0.978900 0.204000 -0.006400
vn -0.979200 0.203000 -0.006400
vn -0.970500 0.241100 -0.007400
vn -0.970500 0.240900 -0.007400
vn -0.942200 0.335100 -0.008400
vn -0.942400 0.334400 -0.008300
vn -0.925000 0.379900 -0.008800
vn -0.924700 0.380600 -0.009400
vn -0.888900 0.458000 -0.010700
vn -0.976500 -0.214000 0.024500
vn -0.963100 -0.267900 0.026300
vn -0.963100 -0.267900 0.025200
vn -0.980200 -0.196800 0.023800
vn -0.976700 -0.213100 0.025200
vn -0.984100 -0.175900 0.023500
vn -0.980100 -0.196800 0.024400
vn -0.984200 -0.175800 0.022900
vn -0.988100 -0.152000 0.022400
vn -0.988100 -0.152000 0.021900
vn -0.992100 -0.123400 0.021800
vn -0.992200 -0.123300 0.020700
vn -0.995100 -0.096300 0.021200
vn -0.995200 -0.096300 0.019900
vn -0.997400 -0.068900 0.019600
vn -0.997400 -0.069900 0.019100
vn -0.998500 -0.051400 0.018900
vn -0.998500 -0.050500 0.018900
vn -0.999700 0.015700 0.017500
vn -0.999700 0.015600 0.016900
vn -0.992700 0.119700 0.015500
vn -0.992700 0.119700 0.014200
vn -0.980300 0.197000 0.013700
vn -0.980200 0.197700 0.012400
vn -0.969700 0.244000 0.012200
vn -0.970000 0.242900 0.011600
vn -0.943000 0.332500 0.010900
vn -0.943100 0.332500 0.009600
vn -0.921500 0.388200 0.009700
vn -0.922000 0.387100 0.008400
vn -0.883600 0.468100 0.007700
vn -0.883700 0.468000 0.006800
vn -0.999600 0.000100 0.028000
vn -0.958900 -0.283600 -0.004900
vn -0.958600 -0.284900 -0.004200
vn -0.959500 -0.281800 -0.004800
vn -0.958600 -0.284400 -0.014600
vn -0.958000 -0.286800 -0.004900
vn -0.958900 -0.283700 -0.004900
vn -0.959700 -0.279000 -0.032400
vn -0.957700 -0.287500 -0.015200
vn -0.964000 -0.264600 0.026400
vn -0.958600 -0.283000 -0.032300
vn -0.961400 0.275200 -0.007000
vn -0.970600 0.240700 -0.005600
vn -0.963100 0.269100 -0.005900
vn -0.025700 0.993700 -0.109500
vn -0.025100 0.996600 -0.078000
vn -0.025500 0.992000 -0.123300
vn -0.025700 0.993700 -0.108900
vn -0.025400 0.992300 -0.120900
vn -0.024800 0.992000 -0.123400
vn -0.024600 0.994600 -0.101200
vn -0.025400 0.992400 -0.120400
vn -0.024400 0.996000 -0.086100
vn -0.025300 0.994600 -0.100600
vn -0.024200 0.996400 -0.080900
vn -0.025100 0.995900 -0.086600
vn -0.024900 0.996400 -0.081100
vn -0.025000 0.996400 -0.080900
vn -0.025000 0.995500 -0.090900
vn -0.025400 0.993600 -0.110100
vn -0.026500 0.993000 -0.114800
vn -0.025400 0.993600 -0.109900
vn -0.026500 0.993100 -0.114600
vn -0.028100 0.991700 -0.125300
vn -0.027200 0.991900 -0.124400
vn -0.030700 0.987900 -0.152300
vn -0.035600 0.980200 -0.194800
vn -0.035300 0.980200 -0.194700
vn -0.042800 0.961900 -0.269900
vn 0.000000 0.000000 1.000000
vn 0.000000 0.000000 -1.000000
vn -0.157000 -0.586500 0.794600
vn -0.072100 -0.971500 0.225800
vn -0.072100 -0.971500 -0.225800
vn -0.157000 -0.586500 -0.794600
vn -0.157000 0.586500 -0.794600
vn -0.072100 0.971500 -0.225800
vn -0.072100 0.971500 0.225800
vn -0.157000 0.586500 0.794600
vn 0.434500 -0.549900 0.713300
vn 0.290400 -0.934000 0.208000
vn 0.290600 -0.934000 0.207800
vn 0.290500 -0.934000 0.207900
vn 0.290400 -0.934000 -0.208000
vn 0.290600 -0.934000 -0.207800
vn 0.290500 -0.934000 -0.207900
vn 0.434500 -0.550000 -0.713300
vn 0.434500 -0.549900 -0.713300
vn 0.434500 0.549900 -0.713300
vn 0.290400 0.934000 -0.208000
vn 0.290600 0.934000 -0.207800
vn 0.290500 0.934000 -0.207900
vn 0.290400 0.934000 0.208000
vn 0.290600 0.934000 0.207800
vn 0.290500 0.934000 0.207900
vn 0.434500 0.549900 0.713300
vn -0.933100 -0.052600 -0.355800
vn -0.919500 -0.054700 -0.389300
vn -0.931900 -0.032400 -0.361300
vn 0.977100 -0.212900 -0.004900
vn 0.959000 -0.283300 -0.004800
vn 0.980200 -0.198100 -0.004700
vn 0.983600 -0.180100 -0.004100
vn 0.980200 -0.198100 -0.004100
vn 0.987100 -0.160000 -0.004100
vn 0.983500 -0.180800 -0.004100
vn 0.991000 -0.134000 -0.003600
vn 0.987300 -0.159100 -0.004200
vn 0.994200 -0.107500 -0.003600
vn 0.991000 -0.133900 -0.004200
vn 0.996600 -0.082600 -0.004300
vn 0.997800 -0.066100 -0.003800
vn 0.996600 -0.082500 -0.003700
vn 0.999400 -0.033100 -0.004000
vn 0.999100 0.041800 -0.005200
vn 0.990500 0.137200 -0.005200
vn 0.999100 0.042700 -0.004500
vn 0.979000 0.204000 -0.006400
vn 0.990400 0.138200 -0.005800
vn 0.970500 0.241100 -0.007400
vn 0.979200 0.203000 -0.006400
vn 0.942200 0.335100 -0.008300
vn 0.970500 0.240900 -0.007400
vn 0.925000 0.379900 -0.008800
vn 0.942400 0.334400 -0.008200
vn 0.888900 0.458000 -0.010700
vn 0.924700 0.380600 -0.009400
vn 0.963100 -0.267900 0.026300
vn 0.976500 -0.214000 0.024600
vn 0.963100 -0.267900 0.025200
vn 0.976700 -0.213100 0.025200
vn 0.980200 -0.196800 0.023800
vn 0.984100 -0.175900 0.023500
vn 0.980100 -0.196800 0.024400
vn 0.988100 -0.152000 0.022500
vn 0.984200 -0.175800 0.022900
vn 0.992100 -0.123400 0.021800
vn 0.988100 -0.152000 0.021800
vn 0.995100 -0.096300 0.021100
vn 0.992200 -0.123300 0.020700
vn 0.997400 -0.068900 0.019700
vn 0.995200 -0.096300 0.019900
vn 0.998500 -0.051500 0.018900
vn 0.997400 -0.069800 0.019100
vn 0.999700 0.015700 0.017500
vn 0.998500 -0.050600 0.018900
vn 0.992700 0.119700 0.015500
vn 0.999700 0.015700 0.016900
vn 0.980300 0.197000 0.013600
vn 0.992700 0.119700 0.014200
vn 0.969700 0.244000 0.012200
vn 0.980200 0.197700 0.012300
vn 0.943000 0.332600 0.010900
vn 0.970000 0.243000 0.011600
vn 0.921600 0.388100 0.009700
vn 0.943000 0.332600 0.009600
vn 0.883600 0.468100 0.007800
vn 0.922000 0.387100 0.008400
vn 0.999600 0.000100 0.027900
vn 0.883700 0.468000 0.006100
vn 0.958600 -0.284900 -0.004200
vn 0.958900 -0.283700 -0.004900
vn 0.959500 -0.281800 -0.004800
vn 0.958000 -0.286800 -0.004900
vn 0.958600 -0.284400 -0.014600
vn 0.957700 -0.287500 -0.015200
vn 0.959700 -0.279000 -0.032400
vn 0.958600 -0.283000 -0.032300
vn 0.964000 -0.264600 0.026400
vn 0.970600 0.240700 -0.005600
vn 0.961400 0.275200 -0.007000
vn 0.963100 0.269100 -0.005900
vn 0.025100 0.996600 -0.078000
vn 0.025700 0.993700 -0.109500
vn 0.025700 0.993700 -0.108900
vn 0.025500 0.992000 -0.123300
vn 0.024800 0.992000 -0.123400
vn 0.025400 0.992300 -0.120900
vn 0.025400 0.992400 -0.120400
vn 0.024400 0.994600 -0.101300
vn 0.025100 0.994600 -0.100700
vn 0.024400 0.996000 -0.086000
vn 0.025100 0.995900 -0.086600
vn 0.024200 0.996400 -0.080900
vn 0.025000 0.996400 -0.080900
vn 0.024900 0.996400 -0.081100
vn 0.025000 0.995500 -0.090900
vn 0.025400 0.993600 -0.110100
vn 0.026500 0.993000 -0.114800
vn 0.025400 0.993600 -0.109900
vn 0.028100 0.991700 -0.125300
vn 0.026500 0.993100 -0.114600
vn 0.030600 0.987900 -0.152300
vn 0.027200 0.991900 -0.124400
vn 0.035600 0.980200 -0.194800
vn 0.030700 0.987900 -0.152300
vn 0.042800 0.961900 -0.269900
vn 0.035300 0.980200 -0.194700
vn 0.994900 0.088300 0.047900
vn 0.992500 0.086700 0.086700
vn 0.992500 0.084600 0.087700
vn 0.994600 0.091600 0.048200
vn 0.990900 0.127900 0.042800
vn 0.994600 0.091200 0.049300
vn 0.990300 0.132000 0.043300
vn 0.946300 0.322200 0.026500
vn 0.990600 0.129500 0.045100
vn 0.937000 0.348400 0.025000
vn 0.946200 0.322400 0.026800
vn 0.945400 0.324800 0.026300
vn 0.936700 0.341400 0.077700
vn 0.937100 0.348200 0.025500
vn 0.936700 0.349100 0.025300
vn 0.948600 0.305500 0.082300
vn 0.937400 0.339400 0.078000
vn 0.936900 0.340700 0.078100
vn 0.989100 0.117000 0.089700
vn 0.949100 0.304000 0.082400
vn 0.949100 0.304000 0.082600
vn 0.989200 0.116200 0.089600
vn 0.992300 0.087100 0.087700
vn 0.989000 0.117400 0.089600
vn 0.434500 0.550000 0.713200
vn 0.919500 -0.054700 -0.389400
vn 0.933100 -0.052600 -0.355800
vn 0.931900 -0.032400 -0.361300
vn -0.113200 0.993600 0.005800
vn -0.099700 0.995000 -0.008500
vn -0.107600 0.994200 -0.007800
vn -0.119600 0.992700 0.017200
vn -0.105400 0.994400 0.005900
vn -0.125700 0.991800 0.024800
vn -0.110900 0.993700 0.015400
vn -0.130600 0.991000 0.029900
vn -0.116700 0.992900 0.023700
vn -0.136100 0.990200 0.032300
vn -0.121100 0.992200 0.028100
vn -0.141200 0.989500 0.032000
vn -0.125700 0.991600 0.030500
vn -0.149000 0.988100 0.039100
vn -0.129400 0.991200 0.029300
vn -0.155000 0.986900 0.043600
vn -0.137400 0.989800 0.037200
vn -0.159900 0.986100 0.046100
vn -0.143700 0.988700 0.042500
vn -0.162900 0.985600 0.045400
vn -0.148300 0.987900 0.044500
vn -0.162600 0.985800 0.041800
vn -0.149900 0.987700 0.044200
vn -0.151500 0.988300 0.017900
vn -0.150600 0.987700 0.041000
vn -0.511200 0.236200 0.826400
vn -0.497600 0.240600 0.833400
vn -0.502800 0.237500 0.831100
vn -0.473000 0.408000 0.780900
vn -0.507100 0.239400 0.828000
vn -0.473000 0.407700 0.781100
vn -0.455700 0.408500 0.790800
vn -0.465100 0.406500 0.786400
vn -0.463000 0.411200 0.785200
vn -0.443300 0.430500 0.786300
vn -0.996700 0.069800 0.040200
vn -0.982500 0.149600 0.111100
vn -0.996500 0.072500 0.040400
vn -0.985300 0.129600 0.111300
vn -0.980400 0.153700 0.123000
vn -0.982300 0.140400 0.123900
vn -0.990900 0.094200 0.096300
vn 0.099700 0.995000 -0.008400
vn 0.113200 0.993600 0.005800
vn 0.107600 0.994200 -0.007800
vn 0.105400 0.994400 0.005900
vn 0.119600 0.992700 0.017200
vn 0.110900 0.993700 0.015400
vn 0.125700 0.991800 0.024800
vn 0.116700 0.992900 0.023700
vn 0.130600 0.991000 0.029900
vn 0.121100 0.992200 0.028100
vn 0.136100 0.990200 0.032300
vn 0.125700 0.991600 0.030500
vn 0.141100 0.989500 0.032000
vn 0.129400 0.991200 0.029300
vn 0.149000 0.988100 0.039100
vn 0.137400 0.989800 0.037200
vn 0.155000 0.986900 0.043600
vn 0.143700 0.988700 0.042500
vn 0.159900 0.986100 0.046100
vn 0.148300 0.987900 0.044500
vn 0.162900 0.985600 0.045400
vn 0.149900 0.987700 0.044300
vn 0.162600 0.985800 0.041800
vn 0.150600 0.987700 0.041000
vn 0.151500 0.988300 0.017900
vn 0.497600 0.240600 0.833400
vn 0.511300 0.236300 0.826300
vn 0.502800 0.237500 0.831200
vn 0.497600 0.240500 0.833400
vn 0.473000 0.408000 0.780900
vn 0.507100 0.239300 0.828000
vn 0.455700 0.408500 0.790900
vn 0.473000 0.407700 0.781100
vn 0.465100 0.406400 0.786400
vn 0.443300 0.430500 0.786300
vn 0.463000 0.411300 0.785200
vn 0.982500 0.149700 0.111100
vn 0.996700 0.069800 0.040200
vn 0.996500 0.072500 0.040400
vn 0.980400 0.153700 0.123000
vn 0.985300 0.129600 0.111300
vn 0.990900 0.094200 0.096300
vn 0.982300 0.140400 0.123900
vn 0.000000 0.000100 1.000000
vn -0.000100 0.000100 1.000000
vn 0.454400 0.000100 0.890800
vn 0.454400 0.000100 -0.890800
vn 0.000100 0.000100 -1.000000
vn -0.000100 0.000100 -1.000000
vn 0.000000 0.000100 -1.000000
vn -0.454400 0.000100 -0.890800
vn -0.454400 0.000100 0.890800
vn -0.317300 -0.089900 -0.944100
vn 0.000000 -0.514500 -0.857500
vn -0.076600 -0.462900 -0.883100
vn -0.477400 0.000000 -0.878700
vn 0.317200 -0.089900 -0.944100
vn 0.076500 -0.463000 -0.883000
vn 0.317400 -0.089800 -0.944000
vn 0.477400 0.000000 -0.878700
vn 0.076500 -0.462900 -0.883100
vn 0.000000 -0.809000 -0.587800
vn 0.000000 -0.813600 -0.581500
vn 0.000000 -0.950500 -0.310700
vn 0.000000 -0.952300 -0.305200
vn 0.000000 -0.996600 -0.082100
vn 0.000000 -0.996700 -0.080800
vn 0.000000 -0.997100 0.076500
vn 0.000000 -0.951300 0.308200
vn 0.000000 -0.997100 0.076700
vn 0.000000 -0.825100 0.564900
vn 0.000000 -0.951100 0.309000
vn 0.000000 -0.634100 0.773300
vn 0.000000 -0.823900 0.566700
vn 0.000000 -0.403500 0.915000
vn 0.000000 -0.628700 0.777700
vn -0.201800 -0.136300 0.969900
vn -0.079900 -0.340400 0.936900
vn -0.080000 -0.340300 0.936900
vn -0.202000 -0.136100 0.969900
vn -0.372200 0.000000 0.928100
vn 0.080000 -0.340300 0.936900
vn 0.201900 -0.136200 0.969900
vn 0.372200 0.000000 0.928100
vn -0.237100 -0.074300 -0.968700
vn 0.000000 -0.462700 -0.886500
vn -0.060800 -0.416800 -0.907000
vn -0.369200 0.000000 -0.929400
vn 0.236800 -0.074300 -0.968700
vn 0.060700 -0.416800 -0.907000
vn 0.237200 -0.074200 -0.968600
vn 0.369200 0.000000 -0.929400
vn 0.060800 -0.416800 -0.907000
vn 0.000000 -0.717200 -0.696800
vn 0.000000 -0.718800 -0.695200
vn 0.000000 -0.835500 -0.549600
vn 0.000000 -0.836000 -0.548800
vn 0.000000 -0.951100 -0.309000
vn 0.000000 -0.951100 -0.308800
vn 0.000000 -0.997000 -0.076900
vn 0.000000 -0.996800 0.079600
vn 0.000000 -0.997100 -0.076700
vn 0.000000 -0.962800 0.270400
vn 0.000000 -0.996600 0.082100
vn 0.000000 -0.889200 0.457500
vn 0.000000 -0.960700 0.277400
vn 0.000000 -0.787400 0.616400
vn 0.000000 -0.887000 0.461800
vn 0.000000 -0.598500 0.801100
vn 0.000000 -0.782600 0.622600
vn 0.000000 -0.375800 0.926700
vn 0.000000 -0.587800 0.809000
vn -0.283300 -0.115600 0.952000
vn -0.081300 -0.324200 0.942500
vn -0.081500 -0.324200 0.942500
vn -0.283500 -0.115400 0.952000
vn -0.462500 0.000000 0.886600
vn 0.081400 -0.324200 0.942500
vn 0.283400 -0.115500 0.952000
vn 0.462500 0.000000 0.886600
vn -0.309000 0.951100 0.000000
vn -0.809000 0.587800 0.000000
vn -0.809000 -0.587800 0.000000
vn -0.309000 -0.951100 0.000000
vn 0.309000 -0.951100 0.000000
vn 0.809000 -0.587800 0.000000
vn 0.809000 0.587800 0.000000
vn 0.309000 0.951100 0.000000
vn -0.941400 0.121400 -0.314700
vn -0.300800 -0.855900 -0.420600
vn 0.166200 -0.800000 -0.576500
vn 0.807400 0.080500 -0.584500
vn -0.674700 0.643400 -0.361700
vn -0.834100 0.439200 -0.333700
vn -0.824600 -0.325500 -0.462600
vn -0.014000 -0.950600 -0.310000
vn -0.014000 -0.950600 -0.310100
vn 0.830900 0.425900 -0.358000
vn 0.830900 0.426000 -0.357900
vn -0.663300 -0.723700 -0.190400
vn 0.972600 -0.179000 -0.148300
vn -0.011900 0.990000 -0.140300
vn -0.180500 -0.969000 -0.168500
vn -0.324500 0.894800 -0.306600
vn -0.903900 0.334300 -0.266700
vn -0.807500 0.080500 -0.584400
vn 0.300900 -0.855900 -0.420600
vn 0.941200 0.121400 -0.315400
vn 0.674700 0.643400 -0.361800
vn -0.432800 0.859800 -0.271100
vn -0.830900 0.425800 -0.358100
vn 0.014000 -0.950700 -0.309700
vn 0.834100 0.439100 -0.333800
vn 0.011900 0.990100 -0.140100
vn -0.972600 -0.179100 -0.148300
vn 0.012400 -0.989200 -0.145800
vn 0.663300 -0.723800 -0.190400
vn 0.668800 0.718300 -0.191900
vn 0.324400 0.894900 -0.306500
vn 0.180400 -0.969000 -0.168500
vn 0.180500 -0.969000 -0.168600
vn 0.903900 0.334200 -0.266800
vn -0.245200 0.254700 -0.935400
vn -0.967600 -0.026800 -0.251200
vn -0.985500 -0.027400 -0.167600
vn 0.245200 0.254800 -0.935400
vn 0.967600 -0.026800 -0.251200
vn 0.985500 -0.027400 -0.167600
vn 0.536700 0.474100 0.698000
vn 0.536600 0.474100 0.698000
vn 0.243200 -0.888000 -0.390300
vn 0.604100 -0.788000 -0.118600
vn -0.014000 0.974100 0.225800
vn -0.004300 0.974200 0.225600
vn -0.000600 0.974200 0.225800
vn 0.000600 0.974100 0.226000
vn 0.004300 0.974200 0.225500
vn -0.604100 -0.788000 -0.118700
vn 0.092800 0.904700 0.415700
vn -0.243200 -0.888000 -0.390200
vn -0.479100 -0.213600 0.851400
vn 0.033200 -0.572000 0.819600
vn -0.337500 0.770500 -0.540700
vn 0.030800 -0.859500 0.510200
vn 0.007100 -0.861600 0.507600
vn 0.000500 -0.862200 0.506600
vn -0.000500 -0.862100 0.506800
vn -0.007100 -0.861700 0.507300
vn 0.337500 0.770500 -0.540800
vn -0.033100 -0.572000 0.819600
vn 0.479300 -0.213700 0.851200
vn 0.085700 0.866800 0.491300
vn 0.328400 0.939800 -0.094600
vn -0.037500 0.992800 -0.113400
vn 0.037500 0.992800 -0.113500
vn -0.359600 0.928400 -0.093200
vn -0.025200 0.957100 -0.288600
vn -0.009000 0.937700 -0.347400
vn 0.359600 0.928400 -0.093200
vn 0.025200 0.957100 -0.288600
vn 0.009000 0.937700 -0.347400
vn 0.018400 0.999300 0.031600
vn -0.518200 0.000200 -0.855200
vn -0.921500 0.000100 0.388300
vn 0.000100 -1.000000 0.000100
vn 0.000000 -1.000000 -0.000100
vn -0.458400 0.000100 -0.888700
vn -0.929100 0.000000 0.369900
vn 0.518200 -0.000300 0.855300
vn 0.940500 0.000000 0.339800
vn -0.061600 0.901700 -0.428000
vn -0.061200 0.900400 -0.430800
vn -1.000000 -0.000100 -0.000100
vn 0.000000 1.000000 0.000100
vn 0.555300 0.000000 0.831600
vn -0.000100 -1.000000 0.000100
vn -0.518300 -0.000100 0.855200
vn 0.929100 0.000000 0.369900
vn -0.555200 0.000100 -0.831700
vn -0.921500 -0.000100 -0.388300
vn 0.276600 0.905000 -0.323100
vn 0.061200 0.900400 -0.430800
vn -0.000100 -0.707200 -0.707000
vn 0.000100 -0.707100 -0.707100
vn 1.000000 0.000000 -0.000100
vn -0.889100 0.457700 -0.010200
vn -0.999600 0.000100 0.026800
vn -0.958000 -0.286700 -0.004900
vn -0.957400 -0.288300 -0.014600
vn -0.958500 -0.283100 -0.032300
vn -0.962400 -0.270400 0.025800
vn -0.970100 0.242700 -0.006200
vn -0.043500 0.962000 -0.269600
vn -0.941400 -0.041600 -0.334700
vn 0.889100 0.457600 -0.010200
vn 0.999600 0.000000 0.026800
vn 0.958000 -0.286700 -0.004900
vn 0.957500 -0.288200 -0.014600
vn 0.958500 -0.283100 -0.032300
vn 0.962400 -0.270400 0.025800
vn 0.970100 0.242700 -0.006200
vn 0.043500 0.962000 -0.269600
vn 0.994500 0.093100 0.048500
vn 0.990500 0.130300 0.044000
vn 0.946200 0.322700 0.026000
vn 0.936700 0.349100 0.026600
vn 0.937600 0.338800 0.078000
vn 0.949400 0.303100 0.082100
vn 0.941400 -0.041600 -0.334700
vn -0.139200 0.990100 0.017500
vn -0.507000 0.239300 0.828000
vn -0.465600 0.406500 0.786100
vn -0.451000 0.431900 0.781000
vn -0.991000 0.091700 0.097800
vn 0.139200 0.990100 0.017500
vn 0.465600 0.406500 0.786100
vn 0.451000 0.431900 0.781000
vn 0.991000 0.091700 0.097800
vn 0.000100 0.000100 1.000000
vn 0.454300 0.000000 0.890900
vn -0.454300 0.000000 -0.890900
o nissan_180sx
usemtl nissan_180sx
f 1/1/1 2/2/2 3/3/3
f 4/4/4 3/3/3 2/2/2
f 2/2/2 5/5/5 4/4/4
f 6/6/6 4/4/4 5/5/5
f 7/7/7 8/8/8 9/9/9
f 8/8/8 10/10/10 9/9/9
f 11/11/11 9/9/9 10/10/10
f 10/10/10 12/12/12 11/11/11
f 13/13/13 11/11/11 12/12/12
f 14/14/14 13/13/13 12/12/12
f 12/12/12 15/15/15 14/14/14
f 16/16/16 14/14/14 15/15/15
f 15/15/15 17/17/17 16/16/16
f 17/17/17 18/18/18 16/16/16
f 18/18/18 19/19/19 1/1/1
f 2/2/2 1/1/1 19/19/19
f 6/6/6 5/5/5 20/20/20
f 21/21/21 6/6/6 20/20/20
f 20/20/20 22/22/22 21/21/21
f 23/23/23 21/21/21 22/22/22
f 22/22/22 24/24/24 23/23/23
f 25/25/25 23/23/23 24/24/24
f 24/24/24 26/26/26 25/25/25
f 26/26/26 27/27/27 25/25/25
f 28/28/28 29/29/29 30/30/30
f 31/31/31 32/32/32 33/33/33
f 34/34/34 35/35/35 30/30/30
f 35/35/35 36/36/36 30/30/30
f 30/30/30 36/36/36 37/37/37
f 36/36/36 38/38/38 37/37/37
f 38/38/38 39/39/39 40/40/40
f 41/41/41 42/42/42 43/43/43
f 42/42/42 44/44/44 43/43/43
f 32/32/32 31/31/31 45/45/45
f 46/46/46 47/47/47 48/48/48
f 28/28/28 37/37/37 49/49/49
f 37/37/37 38/38/38 40/40/40
f 7/7/7 49/49/49 40/40/40
f 40/40/40 39/39/39 8/8/8
f 39/39/39 50/50/50 8/8/8
f 10/10/10 8/8/8 50/50/50
f 50/50/50 51/51/51 10/10/10
f 12/12/12 10/10/10 51/51/51
f 15/15/15 12/12/12 51/51/51
f 51/51/51 52/52/52 15/15/15
f 17/17/17 15/15/15 52/52/52
f 52/52/52 41/41/41 17/17/17
f 41/41/41 43/43/43 17/17/17
f 18/18/18 17/17/17 43/43/43
f 19/19/19 18/18/18 43/43/43
f 43/43/43 44/44/44 19/19/19
f 44/44/44 53/53/53 19/19/19
f 2/2/2 19/19/19 53/53/53
f 5/5/5 2/2/2 53/53/53
f 53/53/53 54/54/54 5/5/5
f 20/20/20 5/5/5 54/54/54
f 54/54/54 45/45/45 20/20/20
f 22/22/22 20/20/20 45/45/45
f 45/45/45 31/31/31 22/22/22
f 24/24/24 22/22/22 31/31/31
f 31/31/31 55/55/55 24/24/24
f 55/55/55 56/56/56 26/26/26
f 56/56/56 48/48/48 26/26/26
f 48/48/48 57/57/57 27/27/27
f 58/58/58 59/59/59 60/60/60
f 61/61/61 62/62/62 63/63/63
f 64/64/64 65/65/65 66/66/66
f 67/67/67 66/66/66 65/65/65
f 65/65/65 68/68/68 67/67/67
f 69/69/69 67/67/67 68/68/68
f 68/68/68 70/70/70 69/69/69
f 70/70/70 71/71/71 69/69/69
f 72/72/72 73/73/73 58/58/58
f 58/58/58 74/74/74 72/72/72
f 75/75/75 76/76/76 77/77/77
f 77/77/77 76/76/76 78/78/78
f 76/76/76 79/79/79 78/78/78
f 80/80/80 78/78/78 79/79/79
f 79/79/79 81/81/81 80/80/80
f 82/82/82 80/80/80 81/81/81
f 81/81/81 83/83/83 82/82/82
f 84/84/84 82/82/82 83/83/83
f 83/83/83 85/85/85 84/84/84
f 86/86/86 84/84/84 85/85/85
f 85/85/85 87/87/87 86/86/86
f 88/88/88 86/86/86 87/87/87
f 89/89/89 88/88/88 87/87/87
f 87/87/87 90/90/90 89/89/89
f 91/91/91 89/89/89 90/90/90
f 90/90/90 92/92/92 91/91/91
f 93/93/93 91/91/91 92/92/92
f 94/94/94 95/95/95 96/96/96
f 77/77/77 78/78/78 61/61/61
f 62/62/62 61/61/61 78/78/78
f 78/78/78 80/80/80 62/62/62
f 97/97/97 62/62/62 80/80/80
f 80/80/80 82/82/82 97/97/97
f 98/98/98 97/97/97 82/82/82
f 82/82/82 84/84/84 98/98/98
f 99/99/99 98/98/98 84/84/84
f 84/84/84 86/86/86 99/99/99
f 100/100/100 99/99/99 86/86/86
f 86/86/86 88/88/88 100/100/100
f 101/101/101 100/100/100 88/88/88
f 102/102/102 101/101/101 88/88/88
f 88/88/88 89/89/89 102/102/102
f 103/103/103 102/102/102 89/89/89
f 89/89/89 91/91/91 103/103/103
f 104/104/104 103/103/103 91/91/91
f 91/91/91 93/93/93 104/104/104
f 93/93/93 105/105/105 104/104/104
f 64/64/64 104/104/104 105/105/105
f 65/65/65 64/64/64 105/105/105
f 70/70/70 68/68/68 106/106/106
f 70/70/70 107/107/107 108/108/108
f 71/71/71 70/70/70 108/108/108
f 109/109/109 110/110/110 111/111/111
f 58/58/58 60/60/60 110/110/110
f 74/74/74 58/58/58 110/110/110
f 110/110/110 112/112/112 74/74/74
f 35/35/35 34/34/34 63/63/63
f 63/63/63 62/62/62 35/35/35
f 62/62/62 97/97/97 35/35/35
f 36/36/36 35/35/35 97/97/97
f 97/97/97 98/98/98 36/36/36
f 38/38/38 36/36/36 98/98/98
f 98/98/98 99/99/99 38/38/38
f 39/39/39 38/38/38 99/99/99
f 99/99/99 100/100/100 39/39/39
f 50/50/50 39/39/39 100/100/100
f 100/100/100 101/101/101 50/50/50
f 51/51/51 50/50/50 101/101/101
f 52/52/52 51/51/51 101/101/101
f 101/101/101 102/102/102 52/52/52
f 41/41/41 52/52/52 102/102/102
f 102/102/102 103/103/103 41/41/41
f 42/42/42 41/41/41 103/103/103
f 103/103/103 104/104/104 42/42/42
f 104/104/104 64/64/64 42/42/42
f 44/44/44 42/42/42 64/64/64
f 64/64/64 66/66/66 44/44/44
f 53/53/53 44/44/44 66/66/66
f 54/54/54 53/53/53 66/66/66
f 66/66/66 67/67/67 54/54/54
f 45/45/45 54/54/54 67/67/67
f 67/67/67 69/69/69 45/45/45
f 32/32/32 45/45/45 69/69/69
f 69/69/69 71/71/71 113/113/113
f 56/56/56 114/114/114 46/46/46
f 73/73/73 72/72/72 46/46/46
f 115/115/115 116/116/116 117/112/117
f 118/68/118 119/70/119 106/106/106
f 120/117/120 121/118/121 122/107/122
f 120/117/120 122/107/122 123/119/123
f 95/95/95 120/117/120 124/94/124
f 95/95/95 124/94/124 125/96/125
f 126/120/126 127/121/127 128/93/128
f 128/93/128 129/105/129 126/120/126
f 130/122/130 126/120/126 129/105/129
f 116/116/116 131/123/131 132/109/132
f 132/109/132 133/110/133 116/116/116
f 117/112/117 116/116/116 133/110/133
f 134/100/134 135/101/135 136/88/136
f 135/101/135 137/102/137 136/88/136
f 138/64/138 139/66/139 140/65/140
f 139/66/139 141/67/141 140/65/140
f 118/68/118 140/65/140 141/67/141
f 141/67/141 142/69/142 118/68/118
f 119/70/119 118/68/118 142/69/142
f 143/71/143 119/70/119 142/69/142
f 142/69/142 144/32/144 145/113/145
f 146/59/146 147/124/147 148/58/148
f 149/73/149 150/72/150 148/58/148
f 151/74/151 148/58/148 150/72/150
f 152/78/152 153/77/153 154/61/154
f 154/61/154 155/62/155 152/78/152
f 156/80/156 152/78/152 155/62/155
f 155/62/155 157/97/157 156/80/156
f 158/82/158 156/80/156 157/97/157
f 157/97/157 159/98/159 158/82/158
f 160/84/160 158/82/158 159/98/159
f 159/98/159 161/99/161 160/84/160
f 162/86/162 160/84/160 161/99/161
f 161/99/161 134/100/134 162/86/162
f 134/100/134 136/88/136 162/86/162
f 136/88/136 137/102/137 163/89/163
f 137/102/137 164/103/164 163/89/163
f 165/91/165 163/89/163 164/103/164
f 164/103/164 166/104/166 165/91/165
f 128/93/128 165/91/165 166/104/166
f 129/105/129 128/93/128 166/104/166
f 166/104/166 138/64/138 129/105/129
f 138/64/138 140/65/140 129/105/129
f 130/122/130 129/105/129 140/65/140
f 106/106/106 130/122/130 140/65/140
f 140/65/140 118/68/118 106/106/106
f 122/107/122 119/70/119 167/108/167
f 119/70/119 143/71/143 167/108/167
f 168/125/168 169/60/169 133/110/133
f 169/60/169 148/58/148 133/110/133
f 148/58/148 151/74/151 133/110/133
f 117/112/117 133/110/133 151/74/151
f 170/29/170 171/28/171 172/30/172
f 173/35/173 174/63/174 175/34/175
f 170/29/170 172/30/172 175/34/175
f 176/36/176 173/35/173 172/30/172
f 171/28/171 177/37/177 172/30/172
f 178/38/178 176/36/176 177/37/177
f 179/39/179 178/38/178 180/40/180
f 181/31/181 144/32/144 182/45/182
f 183/48/183 184/57/184 185/47/185
f 186/17/186 187/18/187 188/43/188
f 189/19/189 188/43/188 187/18/187
f 190/2/190 191/1/191 192/3/192
f 192/3/192 193/4/193 190/2/190
f 194/5/194 190/2/190 193/4/193
f 193/4/193 195/6/195 194/5/194
f 196/20/196 194/5/194 195/6/195
f 195/6/195 197/21/197 196/20/196
f 198/8/198 199/7/199 200/9/200
f 201/10/201 198/8/198 200/9/200
f 200/9/200 202/11/202 201/10/201
f 203/12/203 201/10/201 202/11/202
f 202/11/202 204/13/204 203/12/203
f 204/13/204 205/14/205 203/12/203
f 206/15/206 203/12/203 205/14/205
f 205/14/205 207/16/207 206/15/206
f 186/17/186 206/15/206 207/16/207
f 187/18/187 186/17/186 207/16/207
f 189/19/189 187/18/187 191/1/191
f 191/1/191 190/2/190 189/19/189
f 196/20/196 197/21/197 208/22/208
f 197/21/197 209/23/209 208/22/208
f 210/24/210 208/22/208 209/23/209
f 209/23/209 211/25/211 210/24/210
f 212/26/212 210/24/210 211/25/211
f 213/27/213 212/26/212 211/25/211
f 177/37/177 171/28/171 214/49/214
f 177/37/177 214/49/214 180/40/180
f 214/49/214 199/7/199 180/40/180
f 199/7/199 198/8/198 180/40/180
f 215/50/215 179/39/179 198/8/198
f 198/8/198 201/10/201 215/50/215
f 216/51/216 215/50/215 201/10/201
f 201/10/201 203/12/203 216/51/216
f 203/12/203 206/15/206 216/51/216
f 217/52/217 216/51/216 206/15/206
f 206/15/206 186/17/186 217/52/217
f 218/41/218 217/52/217 186/17/186
f 186/17/186 188/43/188 218/41/218
f 219/42/219 218/41/218 188/43/188
f 220/44/220 219/42/219 188/43/188
f 188/43/188 189/19/189 220/44/220
f 221/53/221 220/44/220 189/19/189
f 189/19/189 190/2/190 221/53/221
f 190/2/190 194/5/194 221/53/221
f 222/54/222 221/53/221 194/5/194
f 194/5/194 196/20/196 222/54/222
f 182/45/182 222/54/222 196/20/196
f 196/20/196 208/22/208 182/45/182
f 181/31/181 182/45/182 208/22/208
f 208/22/208 210/24/210 181/31/181
f 223/55/223 181/31/181 210/24/210
f 224/56/224 223/55/223 212/26/212
f 212/26/212 213/27/213 183/48/183
f 184/57/184 183/48/183 213/27/213
f 155/62/155 154/61/154 174/63/174
f 174/63/174 173/35/173 155/62/155
f 157/97/157 155/62/155 173/35/173
f 173/35/173 176/36/176 157/97/157
f 159/98/159 157/97/157 176/36/176
f 176/36/176 178/38/178 159/98/159
f 161/99/161 159/98/159 178/38/178
f 178/38/178 179/39/179 161/99/161
f 134/100/134 161/99/161 179/39/179
f 179/39/179 215/50/215 134/100/134
f 135/101/135 134/100/134 215/50/215
f 215/50/215 216/51/216 135/101/135
f 216/51/216 217/52/217 135/101/135
f 137/102/137 135/101/135 217/52/217
f 217/52/217 218/41/218 137/102/137
f 164/103/164 137/102/137 218/41/218
f 218/41/218 219/42/219 164/103/164
f 166/104/166 164/103/164 219/42/219
f 138/64/138 166/104/166 219/42/219
f 219/42/219 220/44/220 138/64/138
f 139/66/139 138/64/138 220/44/220
f 220/44/220 221/53/221 139/66/139
f 221/53/221 222/54/222 139/66/139
f 141/67/141 139/66/139 222/54/222
f 222/54/222 182/45/182 141/67/141
f 142/69/142 141/67/141 182/45/182
f 182/45/182 144/32/144 142/69/142
f 144/32/144 181/31/181 225/33/225
f 224/56/224 183/48/183 226/46/226
f 226/46/226 185/47/185 150/72/150
f 76/76/76 75/75/75 153/77/153
f 153/77/153 152/78/152 76/76/76
f 79/79/79 76/76/76 152/78/152
f 152/78/152 156/80/156 79/79/79
f 81/81/81 79/79/79 156/80/156
f 156/80/156 158/82/158 81/81/81
f 83/83/83 81/81/81 158/82/158
f 158/82/158 160/84/160 83/83/83
f 85/85/85 83/83/83 160/84/160
f 160/84/160 162/86/162 85/85/85
f 87/87/87 85/85/85 162/86/162
f 162/86/162 136/88/136 87/87/87
f 136/88/136 163/89/163 87/87/87
f 90/90/90 87/87/87 163/89/163
f 163/89/163 165/91/165 90/90/90
f 92/92/92 90/90/90 165/91/165
f 165/91/165 128/93/128 92/92/92
f 128/93/128 127/121/127 92/92/92
f 93/93/93 92/92/92 127/121/127
f 127/121/127 126/120/126 93/93/93
f 105/105/105 93/93/93 126/120/126
f 126/120/126 130/122/130 105/105/105
f 65/65/65 105/105/105 130/122/130
f 130/122/130 106/106/106 65/65/65
f 68/68/68 65/65/65 106/106/106
f 121/118/121 120/117/120 107/107/107
f 227/119/227 107/107/107 120/117/120
f 120/117/120 95/95/95 94/94/94
f 131/123/131 116/116/116 109/109/109
f 110/110/110 109/109/109 116/116/116
f 112/112/112 110/110/110 116/116/116
f 116/116/116 115/115/115 112/112/112
f 124/94/124 120/117/120 123/119/123
f 26/26/26 24/24/24 55/55/55
f 210/24/210 212/26/212 223/55/223
f 107/107/107 70/70/70 121/118/121
f 106/106/106 121/118/121 70/70/70
f 110/110/110 60/60/60 111/111/111
f 132/109/132 131/123/131 228/126/228
f 47/47/47 57/57/57 48/48/48
f 150/72/150 149/73/149 226/46/226
f 131/123/131 109/109/109 229/126/229
f 173/35/173 175/34/175 172/30/172
f 179/39/179 180/40/180 198/8/198
f 181/31/181 223/55/223 225/33/225
f 149/73/149 148/58/148 147/124/147
f 226/46/226 149/73/149 230/127/230
f 231/114/231 226/46/226 230/127/230
f 49/49/49 37/37/37 40/40/40
f 133/110/133 132/109/132 168/125/168
f 178/38/178 177/37/177 180/40/180
f 47/47/47 46/46/46 72/72/72
f 232/128/232 233/129/233 56/56/56
f 56/56/56 55/55/55 232/128/232
f 232/128/232 55/55/55 33/33/33
f 55/55/55 31/31/31 33/33/33
f 58/58/58 73/73/73 234/124/234
f 59/59/59 58/58/58 234/124/234
f 122/107/122 121/118/121 119/70/119
f 121/118/121 106/106/106 119/70/119
f 37/37/37 28/28/28 30/30/30
f 185/47/185 226/46/226 183/48/183
f 27/27/27 26/26/26 48/48/48
f 131/123/131 95/95/95 228/126/228
f 125/96/125 228/126/228 95/95/95
f 95/95/95 131/123/131 229/126/229
f 231/114/231 224/56/224 226/46/226
f 143/71/143 142/69/142 145/113/145
f 96/96/96 95/95/95 229/126/229
f 148/58/148 169/60/169 146/59/146
f 224/56/224 231/114/231 235/129/235
f 223/55/223 224/56/224 236/128/236
f 32/32/32 69/69/69 113/113/113
f 176/36/176 172/30/172 177/37/177
f 48/48/48 56/56/56 46/46/46
f 29/29/29 34/34/34 30/30/30
f 183/48/183 224/56/224 212/26/212
f 114/114/114 56/56/56 233/129/233
f 223/55/223 236/128/236 225/33/225
f 224/56/224 235/129/235 236/128/236
f 8/8/8 7/7/7 40/40/40
f 46/46/46 114/114/114 237/127/237
f 73/73/73 46/46/46 237/127/237
f 120/117/120 94/94/94 227/119/227
f 238/130/238 239/131/239 240/132/240
f 239/131/239 238/130/238 241/133/241
f 239/131/239 241/133/241 242/134/242
f 242/134/242 243/135/243 239/131/239
f 244/136/244 245/137/245 246/138/246
f 245/137/245 244/136/244 247/139/247
f 245/137/245 247/139/247 248/140/248
f 248/140/248 249/141/249 245/137/245
f 249/141/249 248/140/248 250/142/250
f 240/132/240 251/143/251 252/144/252
f 251/143/251 240/132/240 239/131/239
f 251/143/251 239/131/239 243/135/243
f 243/135/243 253/145/253 251/143/251
f 243/135/243 246/138/246 253/145/253
f 243/135/243 244/136/244 246/138/246
f 244/136/244 243/135/243 242/134/242
f 244/136/244 242/134/242 254/146/254
f 254/146/254 247/139/247 244/136/244
f 247/139/247 254/146/254 255/147/255
f 247/139/247 255/147/255 256/148/256
f 256/148/256 248/140/248 247/139/247
f 248/140/248 256/148/256 257/149/257
f 257/149/257 250/142/250 248/140/248
f 250/142/250 257/149/257 258/150/258
f 258/150/258 259/151/259 250/142/250
f 259/151/259 258/150/258 260/152/260
f 260/152/260 261/153/261 259/151/259
f 262/154/262 263/155/263 264/156/264
f 263/155/263 262/154/262 265/157/265
f 265/157/265 266/158/266 263/155/263
f 266/158/266 265/157/265 267/159/267
f 267/159/267 268/160/268 266/158/266
f 269/161/269 270/162/270 271/163/271
f 272/164/272 273/165/273 274/166/274
f 272/164/272 275/167/275 273/165/273
f 275/167/275 272/164/272 276/168/276
f 275/167/275 276/168/276 264/156/264
f 264/156/264 277/169/277 275/167/275
f 277/169/277 264/156/264 263/155/263
f 263/155/263 278/170/278 277/169/277
f 278/170/278 263/155/263 266/158/266
f 266/158/266 279/171/279 278/170/278
f 279/171/279 266/158/266 268/160/268
f 268/160/268 280/172/280 279/171/279
f 252/144/252 270/162/270 281/173/281
f 270/162/270 252/144/252 251/143/251
f 270/162/270 251/143/251 253/145/253
f 253/145/253 271/163/271 270/162/270
f 253/145/253 272/164/272 271/163/271
f 272/164/272 253/145/253 246/138/246
f 246/138/246 276/168/276 272/164/272
f 276/168/276 246/138/246 245/137/245
f 276/168/276 245/137/245 249/141/249
f 249/141/249 264/156/264 276/168/276
f 249/141/249 262/154/262 264/156/264
f 262/154/262 249/141/249 250/142/250
f 262/154/262 250/142/250 259/151/259
f 259/151/259 265/157/265 262/154/262
f 265/157/265 259/151/259 261/153/261
f 261/153/261 267/159/267 265/157/265
f 282/174/282 283/175/283 284/176/284
f 285/177/285 286/178/286 282/174/282
f 287/179/287 288/180/288 289/181/289
f 287/179/287 290/182/290 288/180/288
f 291/183/291 292/184/292 293/185/293
f 294/186/294 295/187/295 296/188/296
f 297/189/297 298/190/298 299/191/299
f 299/191/299 300/192/300 297/189/297
f 300/192/300 299/191/299 301/193/301
f 301/193/301 302/194/302 300/192/300
f 302/194/302 301/193/301 303/195/303
f 298/190/298 304/196/304 292/184/292
f 292/184/292 299/191/299 298/190/298
f 299/191/299 292/184/292 291/183/291
f 291/183/291 301/193/301 299/191/299
f 301/193/301 291/183/291 305/197/305
f 305/197/305 303/195/303 301/193/301
f 303/195/303 305/197/305 306/198/306
f 306/198/306 307/199/307 303/195/303
f 307/199/307 306/198/306 308/200/308
f 308/200/308 309/201/309 307/199/307
f 309/201/309 308/200/308 296/188/296
f 296/188/296 310/202/310 309/201/309
f 310/202/310 296/188/296 295/187/295
f 295/187/295 311/203/311 310/202/310
f 295/187/295 312/204/312 311/203/311
f 295/187/295 313/205/313 312/204/312
f 313/205/313 295/187/295 294/186/294
f 313/205/313 294/186/294 314/206/314
f 305/197/305 282/174/282 286/178/286
f 286/178/286 306/198/306 305/197/305
f 306/198/306 286/178/286 315/207/315
f 315/207/315 308/200/308 306/198/306
f 308/200/308 315/207/315 290/182/290
f 290/182/290 296/188/296 308/200/308
f 290/182/290 294/186/294 296/188/296
f 316/208/316 314/206/314 294/186/294
f 314/206/314 316/208/316 317/209/317
f 273/165/273 318/210/318 319/211/319
f 320/212/320 273/165/273 275/167/275
f 278/170/278 287/179/287 321/213/321
f 279/171/279 317/209/317 316/208/316
f 317/209/317 279/171/279 280/172/280
f 322/214/322 323/215/323 324/216/324
f 323/215/323 322/214/322 325/217/325
f 325/217/325 326/218/326 323/215/323
f 326/218/326 325/217/325 327/219/327
f 327/219/327 328/220/328 326/218/326
f 328/220/328 327/219/327 329/221/329
f 329/221/329 330/222/330 328/220/328
f 331/223/331 324/216/324 323/215/323
f 332/224/332 323/215/323 326/218/326
f 326/218/326 333/225/333 332/224/332
f 328/220/328 334/226/334 335/227/335
f 336/228/336 337/229/337 330/222/330
f 338/230/338 330/222/330 329/221/329
f 338/230/338 329/221/329 339/231/339
f 340/232/340 341/233/341 336/228/336
f 342/234/342 343/235/343 344/236/344
f 342/234/342 345/237/345 343/235/343
f 340/232/340 345/237/345 342/234/342
f 336/228/336 346/238/346 337/229/337
f 347/239/347 348/240/348 349/241/349
f 349/241/349 350/242/350 347/239/347
f 350/242/350 349/241/349 351/243/351
f 351/243/351 352/244/352 350/242/350
f 352/244/352 351/243/351 353/245/353
f 353/245/353 354/246/354 352/244/352
f 354/246/354 353/245/353 355/247/355
f 355/247/355 356/248/356 354/246/354
f 356/248/356 355/247/355 357/249/357
f 358/250/358 359/251/359 360/252/360
f 359/251/359 358/250/358 361/253/361
f 361/253/361 362/254/362 359/251/359
f 362/254/362 361/253/361 363/255/363
f 364/256/364 365/257/365 366/258/366
f 367/259/367 368/260/368 369/261/369
f 368/260/368 367/259/367 370/262/370
f 371/263/371 365/257/365 364/256/364
f 371/263/371 372/264/372 365/257/365
f 372/264/372 371/263/371 360/252/360
f 360/252/360 373/265/373 372/264/372
f 373/265/373 360/252/360 359/251/359
f 359/251/359 374/266/374 373/265/373
f 374/266/374 359/251/359 362/254/362
f 362/254/362 369/261/369 374/266/374
f 362/254/362 367/259/367 369/261/369
f 367/259/367 362/254/362 363/255/363
f 367/259/367 363/255/363 375/267/375
f 375/267/375 370/262/370 367/259/367
f 370/262/370 375/267/375 376/268/376
f 347/239/347 361/253/361 358/250/358
f 361/253/361 347/239/347 350/242/350
f 350/242/350 363/255/363 361/253/361
f 363/255/363 350/242/350 352/244/352
f 352/244/352 375/267/375 363/255/363
f 375/267/375 352/244/352 354/246/354
f 354/246/354 376/268/376 375/267/375
f 376/268/376 354/246/354 356/248/356
f 343/235/343 353/245/353 351/243/351
f 353/245/353 343/235/343 345/237/345
f 355/247/355 345/237/345 377/269/377
f 377/269/377 357/249/357 355/247/355
f 377/269/377 378/270/378 357/249/357
f 377/269/377 340/232/340 379/271/379
f 378/270/378 379/271/379 380/272/380
f 381/273/381 297/189/297 300/192/300
f 300/192/300 382/274/382 381/273/381
f 324/216/324 383/275/383 382/274/382
f 302/194/302 322/214/322 324/216/324
f 322/214/322 302/194/302 303/195/303
f 322/214/322 303/195/303 307/199/307
f 307/199/307 325/217/325 322/214/322
f 325/217/325 307/199/307 309/201/309
f 309/201/309 327/219/327 325/217/325
f 327/219/327 309/201/309 310/202/310
f 310/202/310 329/221/329 327/219/327
f 310/202/310 339/231/339 329/221/329
f 339/231/339 310/202/310 311/203/311
f 339/231/339 311/203/311 312/204/312
f 321/213/321 277/169/277 278/170/278
f 288/180/288 290/182/290 315/207/315
f 384/276/384 342/234/342 344/236/344
f 274/166/274 271/163/271 272/164/272
f 341/233/341 340/232/340 342/234/342
f 385/277/385 275/167/275 277/169/277
f 386/278/386 315/207/315 286/178/286
f 387/279/387 291/183/291 293/185/293
f 388/280/388 386/278/386 286/178/286
f 388/280/388 286/178/286 285/177/285
f 318/210/318 273/165/273 320/212/320
f 284/176/284 285/177/285 282/174/282
f 345/237/345 355/247/355 353/245/353
f 389/281/389 347/239/347 358/250/358
f 347/239/347 389/281/389 390/282/390
f 391/283/391 360/252/360 371/263/371
f 391/283/391 389/281/389 358/250/358
f 391/283/391 358/250/358 360/252/360
f 392/284/392 371/263/371 364/256/364
f 319/211/319 274/166/274 273/165/273
f 393/285/393 385/277/385 277/169/277
f 393/285/393 277/169/277 321/213/321
f 394/286/394 320/212/320 275/167/275
f 394/286/394 275/167/275 385/277/385
f 392/284/392 391/283/391 371/263/371
f 384/276/384 395/287/395 342/234/342
f 382/274/382 300/192/300 302/194/302
f 382/274/382 302/194/302 324/216/324
f 387/279/387 305/197/305 291/183/291
f 396/288/396 283/175/283 282/174/282
f 396/288/396 282/174/282 305/197/305
f 305/197/305 387/279/387 396/288/396
f 397/289/397 380/272/380 379/271/379
f 398/290/398 364/256/364 366/258/366
f 399/291/399 366/258/366 400/292/400
f 399/291/399 398/290/398 366/258/366
f 279/171/279 316/208/316 287/179/287
f 287/179/287 278/170/278 279/171/279
f 401/293/401 293/185/293 292/184/292
f 402/294/402 399/291/399 400/292/400
f 402/294/402 400/292/400 403/295/403
f 404/296/404 321/213/321 287/179/287
f 404/296/404 287/179/287 289/181/289
f 405/297/405 341/233/341 342/234/342
f 405/297/405 342/234/342 395/287/395
f 397/289/397 330/222/330 338/230/338
f 330/222/330 397/289/397 336/228/336
f 406/298/406 401/293/401 292/184/292
f 406/298/406 292/184/292 304/196/304
f 407/299/407 346/238/346 336/228/336
f 407/299/407 336/228/336 341/233/341
f 408/300/408 269/161/269 271/163/271
f 408/300/408 271/163/271 274/166/274
f 390/282/390 348/240/348 347/239/347
f 334/226/334 330/222/330 337/229/337
f 334/226/334 328/220/328 330/222/330
f 409/301/409 281/173/281 270/162/270
f 410/301/410 411/302/411 412/173/412
f 409/301/409 270/162/270 269/161/269
f 379/271/379 378/270/378 377/269/377
f 333/225/333 328/220/328 335/227/335
f 333/225/333 326/218/326 328/220/328
f 413/303/413 288/180/288 315/207/315
f 413/303/413 315/207/315 386/278/386
f 294/186/294 287/179/287 316/208/316
f 287/179/287 294/186/294 290/182/290
f 414/304/414 383/275/383 324/216/324
f 414/304/414 324/216/324 331/223/331
f 340/232/340 377/269/377 345/237/345
f 415/305/415 331/223/331 323/215/323
f 415/305/415 323/215/323 332/224/332
f 416/306/416 344/236/344 343/235/343
f 417/307/417 351/243/351 349/241/349
f 416/306/416 343/235/343 351/243/351
f 351/243/351 417/307/417 416/306/416
f 418/308/418 417/307/417 349/241/349
f 418/308/418 349/241/349 348/240/348
f 419/309/419 381/273/381 382/274/382
f 419/309/419 382/274/382 420/310/420
f 420/310/420 382/274/382 383/275/383
f 379/271/379 336/228/336 397/289/397
f 336/228/336 379/271/379 340/232/340
f 421/311/421 422/311/421 423/311/421
f 424/311/422 425/311/422 426/311/422
f 427/311/423 428/311/423 429/311/423
f 430/311/424 431/311/424 432/311/424
f 433/311/425 434/311/425 435/311/425
f 436/311/426 437/311/426 438/311/426
f 439/311/427 440/311/427 441/311/427
f 442/311/428 443/311/428 444/311/428
f 445/311/429 446/311/429 447/311/429
f 448/311/430 449/311/430 450/311/430
f 451/311/421 452/311/421 453/311/421
f 454/311/422 455/311/422 456/311/422
f 457/311/423 458/311/423 459/311/423
f 460/311/424 461/311/424 462/311/424
f 463/311/425 464/311/425 465/311/425
f 466/311/426 467/311/426 468/311/426
f 469/311/427 470/311/427 471/311/427
f 472/311/428 473/311/428 474/311/428
f 475/311/429 476/311/429 477/311/429
f 478/311/430 479/311/430 480/311/430
f 481/311/431 482/311/431 483/311/432
f 484/311/431 483/311/432 485/311/431
f 486/311/431 485/311/431 487/311/431
f 488/311/431 489/311/433 490/311/431
f 491/311/431 492/311/431 488/311/431
f 493/311/431 491/311/431 494/311/431
f 495/311/431 496/311/431 497/311/431
f 498/311/431 499/311/431 495/311/431
f 500/311/432 501/311/431 498/311/431
f 502/311/431 503/311/431 500/311/432
f 504/132/434 505/131/435 506/130/436
f 507/133/437 506/130/436 505/131/435
f 508/134/438 507/133/437 505/131/435
f 505/131/435 509/135/439 508/134/438
f 510/138/440 511/137/441 512/136/442
f 513/139/443 512/136/442 511/137/441
f 514/140/444 513/139/443 511/137/441
f 511/137/441 515/141/445 514/140/444
f 516/142/446 514/140/444 515/141/445
f 517/144/447 518/143/448 504/132/434
f 505/131/435 504/132/434 518/143/448
f 509/135/439 505/131/435 518/143/448
f 518/143/448 519/145/449 509/135/439
f 519/145/449 510/138/440 509/135/439
f 510/138/440 512/136/442 509/135/439
f 508/134/438 509/135/439 512/136/442
f 520/146/450 508/134/438 512/136/442
f 512/136/442 513/139/443 520/146/450
f 521/147/451 520/146/450 513/139/443
f 522/148/452 521/147/451 513/139/443
f 513/139/443 514/140/444 522/148/452
f 523/149/453 522/148/452 514/140/444
f 514/140/444 516/142/446 523/149/453
f 524/150/454 523/149/453 516/142/446
f 516/142/446 525/151/455 524/150/454
f 526/152/456 524/150/454 525/151/455
f 525/151/455 527/153/457 526/152/456
f 528/156/458 529/155/459 530/154/460
f 531/157/461 530/154/460 529/155/459
f 529/155/459 532/158/462 531/157/461
f 533/159/463 531/157/461 532/158/462
f 532/158/462 534/160/464 533/159/463
f 535/163/465 536/162/466 537/161/467
f 538/166/468 539/165/469 540/164/470
f 539/165/469 541/167/471 540/164/470
f 542/168/472 540/164/470 541/167/471
f 528/156/458 542/168/472 541/167/471
f 541/167/471 543/169/473 528/156/458
f 529/155/459 528/156/458 543/169/473
f 543/169/473 544/170/474 529/155/459
f 532/158/462 529/155/459 544/170/474
f 544/170/474 545/171/475 532/158/462
f 534/160/464 532/158/462 545/171/475
f 545/171/475 546/172/476 534/160/464
f 547/173/477 536/162/466 517/144/447
f 518/143/448 517/144/447 536/162/466
f 519/145/449 518/143/448 536/162/466
f 536/162/466 535/163/465 519/145/449
f 535/163/465 540/164/470 519/145/449
f 510/138/440 519/145/449 540/164/470
f 540/164/470 542/168/472 510/138/440
f 511/137/441 510/138/440 542/168/472
f 515/141/445 511/137/441 542/168/472
f 542/168/472 528/156/458 515/141/445
f 528/156/458 530/154/460 515/141/445
f 516/142/446 515/141/445 530/154/460
f 525/151/455 516/142/446 530/154/460
f 530/154/460 531/157/461 525/151/455
f 527/153/457 525/151/455 531/157/461
f 531/157/461 533/159/463 527/153/457
f 548/176/478 549/175/479 550/174/480
f 550/174/480 551/178/481 552/177/482
f 553/181/483 554/180/484 555/179/485
f 554/180/484 556/182/486 555/179/485
f 557/185/487 558/184/488 559/183/489
f 560/188/490 561/187/491 562/186/492
f 563/191/493 564/190/494 565/189/495
f 565/189/495 566/192/496 563/191/493
f 567/193/497 563/191/493 566/192/496
f 566/192/496 568/194/498 567/193/497
f 569/195/499 567/193/497 568/194/498
f 558/184/488 570/196/500 564/190/494
f 564/190/494 563/191/493 558/184/488
f 559/183/489 558/184/488 563/191/493
f 563/191/493 567/193/497 559/183/489
f 571/197/501 559/183/489 567/193/497
f 567/193/497 569/195/499 571/197/501
f 572/198/502 571/197/501 569/195/499
f 569/195/499 573/199/503 572/198/502
f 574/200/504 572/198/502 573/199/503
f 573/199/503 575/201/505 574/200/504
f 560/188/490 574/200/504 575/201/505
f 575/201/505 576/202/506 560/188/490
f 561/187/491 560/188/490 576/202/506
f 576/202/506 577/203/507 561/187/491
f 577/203/507 578/204/508 561/187/491
f 578/204/508 579/205/509 561/187/491
f 562/186/492 561/187/491 579/205/509
f 580/206/510 562/186/492 579/205/509
f 551/178/481 550/174/480 571/197/501
f 571/197/501 572/198/502 551/178/481
f 581/207/511 551/178/481 572/198/502
f 572/198/502 574/200/504 581/207/511
f 556/182/486 581/207/511 574/200/504
f 574/200/504 560/188/490 556/182/486
f 560/188/490 562/186/492 556/182/486
f 562/186/492 580/206/510 582/208/512
f 583/209/513 582/208/512 580/206/510
f 584/211/514 585/210/515 539/165/469
f 541/167/471 539/165/469 586/212/516
f 587/213/517 555/179/485 544/170/474
f 582/208/512 583/209/513 545/171/475
f 546/172/476 545/171/475 583/209/513
f 588/216/518 589/215/519 590/214/520
f 591/217/521 590/214/520 589/215/519
f 589/215/519 592/218/522 591/217/521
f 593/219/523 591/217/521 592/218/522
f 592/218/522 594/220/524 593/219/523
f 595/221/525 593/219/523 594/220/524
f 594/220/524 596/222/526 595/221/525
f 589/215/519 588/216/518 597/223/527
f 592/218/522 589/215/519 598/224/528
f 598/224/528 599/225/529 592/218/522
f 600/227/530 601/226/531 594/220/524
f 596/222/526 602/229/532 603/228/533
f 595/221/525 596/222/526 604/230/534
f 605/231/535 595/221/525 604/230/534
f 603/228/533 606/233/536 607/232/537
f 608/236/538 609/235/539 610/234/540
f 609/235/539 611/237/541 610/234/540
f 610/234/540 611/237/541 607/232/537
f 602/229/532 612/238/542 603/228/533
f 613/241/543 614/240/544 615/239/545
f 615/239/545 616/242/546 613/241/543
f 617/243/547 613/241/543 616/242/546
f 616/242/546 618/244/548 617/243/547
f 619/245/549 617/243/547 618/244/548
f 618/244/548 620/246/550 619/245/549
f 621/247/551 619/245/549 620/246/550
f 620/246/550 622/248/552 621/247/551
f 623/249/553 621/247/551 622/248/552
f 624/252/554 625/251/555 626/250/556
f 627/253/557 626/250/556 625/251/555
f 625/251/555 628/254/558 627/253/557
f 629/255/559 627/253/557 628/254/558
f 630/258/560 631/257/561 632/256/562
f 633/261/563 634/260/564 635/259/565
f 636/262/566 635/259/565 634/260/564
f 632/256/562 631/257/561 637/263/567
f 631/257/561 638/264/568 637/263/567
f 624/252/554 637/263/567 638/264/568
f 638/264/568 639/265/569 624/252/554
f 625/251/555 624/252/554 639/265/569
f 639/265/569 640/266/570 625/251/555
f 628/254/558 625/251/555 640/266/570
f 640/266/570 633/261/563 628/254/558
f 633/261/563 635/259/565 628/254/558
f 629/255/559 628/254/558 635/259/565
f 641/267/571 629/255/559 635/259/565
f 635/259/565 636/262/566 641/267/571
f 642/268/572 641/267/571 636/262/566
f 626/250/556 627/253/557 615/239/545
f 616/242/546 615/239/545 627/253/557
f 627/253/557 629/255/559 616/242/546
f 618/244/548 616/242/546 629/255/559
f 629/255/559 641/267/571 618/244/548
f 620/246/550 618/244/548 641/267/571
f 641/267/571 642/268/572 620/246/550
f 622/248/552 620/246/550 642/268/572
f 617/243/547 619/245/549 609/235/539
f 611/237/541 609/235/539 619/245/549
f 643/269/573 611/237/541 621/247/551
f 621/247/551 623/249/553 643/269/573
f 623/249/553 644/270/574 643/269/573
f 645/271/575 607/232/537 643/269/573
f 646/272/576 645/271/575 644/270/574
f 566/192/496 565/189/495 647/273/577
f 647/273/577 648/274/578 566/192/496
f 648/274/578 649/275/579 588/216/518
f 588/216/518 590/214/520 568/194/498
f 569/195/499 568/194/498 590/214/520
f 573/199/503 569/195/499 590/214/520
f 590/214/520 591/217/521 573/199/503
f 575/201/505 573/199/503 591/217/521
f 591/217/521 593/219/523 575/201/505
f 576/202/506 575/201/505 593/219/523
f 593/219/523 595/221/525 576/202/506
f 595/221/525 605/231/535 576/202/506
f 577/203/507 576/202/506 605/231/535
f 578/204/508 577/203/507 605/231/535
f 544/170/474 543/169/473 587/213/517
f 581/207/511 556/182/486 554/180/484
f 608/236/538 610/234/540 650/276/580
f 540/164/470 535/163/465 538/166/468
f 610/234/540 607/232/537 606/233/536
f 543/169/473 541/167/471 651/277/581
f 551/178/481 581/207/511 652/278/582
f 557/185/487 559/183/489 653/279/583
f 551/178/481 652/278/582 654/280/584
f 552/177/482 551/178/481 654/280/584
f 586/212/516 539/165/469 585/210/515
f 550/174/480 552/177/482 548/176/478
f 619/245/549 621/247/551 611/237/541
f 626/250/556 615/239/545 655/281/585
f 656/282/586 655/281/585 615/239/545
f 637/263/567 624/252/554 657/283/587
f 626/250/556 655/281/585 657/283/587
f 624/252/554 626/250/556 657/283/587
f 632/256/562 637/263/567 658/284/588
f 539/165/469 538/166/468 584/211/514
f 543/169/473 651/277/581 659/285/589
f 587/213/517 543/169/473 659/285/589
f 541/167/471 586/212/516 660/286/590
f 651/277/581 541/167/471 660/286/590
f 637/263/567 657/283/587 658/284/588
f 610/234/540 661/287/591 650/276/580
f 568/194/498 566/192/496 648/274/578
f 588/216/518 568/194/498 648/274/578
f 559/183/489 571/197/501 653/279/583
f 550/174/480 549/175/479 662/288/592
f 571/197/501 550/174/480 662/288/592
f 662/288/592 653/279/583 571/197/501
f 645/271/575 646/272/576 663/289/593
f 630/258/560 632/256/562 664/290/594
f 665/292/595 630/258/560 666/291/596
f 630/258/560 664/290/594 666/291/596
f 555/179/485 582/208/512 545/171/475
f 545/171/475 544/170/474 555/179/485
f 558/184/488 557/185/487 667/293/597
f 665/292/595 666/291/596 668/294/598
f 669/295/599 665/292/595 668/294/598
f 555/179/485 587/213/517 670/296/600
f 553/181/483 555/179/485 670/296/600
f 610/234/540 606/233/536 671/297/601
f 661/287/591 610/234/540 671/297/601
f 604/230/534 596/222/526 663/289/593
f 603/228/533 663/289/593 596/222/526
f 558/184/488 667/293/597 672/298/602
f 673/196/500 558/184/488 672/298/602
f 603/228/533 612/238/542 674/299/603
f 606/233/536 603/228/533 674/299/603
f 535/163/465 537/161/467 675/300/604
f 538/166/468 535/163/465 675/300/604
f 615/239/545 614/240/544 656/282/586
f 602/229/532 596/222/526 601/226/531
f 596/222/526 594/220/524 601/226/531
f 536/162/466 547/173/477 676/301/605
f 547/173/477 677/302/606 676/301/605
f 537/161/467 536/162/466 676/301/605
f 643/269/573 644/270/574 645/271/575
f 600/227/530 594/220/524 599/225/529
f 594/220/524 592/218/522 599/225/529
f 581/207/511 554/180/484 678/303/607
f 652/278/582 581/207/511 678/303/607
f 582/208/512 555/179/485 562/186/492
f 556/182/486 562/186/492 555/179/485
f 588/216/518 649/275/579 679/304/608
f 597/223/527 588/216/518 679/304/608
f 611/237/541 643/269/573 607/232/537
f 589/215/519 597/223/527 680/305/609
f 598/224/528 589/215/519 680/305/609
f 609/235/539 608/236/538 681/306/610
f 613/241/543 617/243/547 682/307/611
f 617/243/547 609/235/539 681/306/610
f 681/306/610 682/307/611 617/243/547
f 613/241/543 682/307/611 683/308/612
f 614/240/544 613/241/543 683/308/612
f 648/274/578 647/273/577 684/309/613
f 685/310/614 648/274/578 684/309/613
f 649/275/579 648/274/578 685/310/614
f 663/289/593 603/228/533 645/271/575
f 607/232/537 645/271/575 603/228/533
f 686/311/615 687/311/615 688/311/615
f 689/311/616 690/311/616 691/311/616
f 692/311/617 693/311/617 694/311/617
f 695/311/618 696/311/618 697/311/618
f 698/311/619 699/311/619 700/311/619
f 701/311/620 702/311/620 703/311/620
f 704/311/621 705/311/621 706/311/621
f 707/311/622 708/311/622 709/311/622
f 710/311/623 711/311/623 712/311/623
f 713/311/624 714/311/624 715/311/624
f 716/311/615 717/311/615 718/311/615
f 719/311/616 720/311/616 721/311/616
f 722/311/617 723/311/617 724/311/617
f 725/311/618 726/311/618 727/311/618
f 728/311/619 729/311/619 730/311/619
f 731/311/620 732/311/620 733/311/620
f 734/311/621 735/311/621 736/311/621
f 737/311/622 738/311/622 739/311/622
f 740/311/623 741/311/623 742/311/623
f 743/311/624 744/311/624 745/311/624
f 746/311/431 747/311/431 748/311/625
f 748/311/625 749/311/431 750/311/431
f 750/311/431 751/311/431 752/311/431
f 753/311/431 754/311/431 755/311/431
f 756/311/431 757/311/431 754/311/431
f 757/311/431 758/311/431 759/311/431
f 760/311/431 761/311/431 762/311/431
f 763/311/431 764/311/431 761/311/431
f 765/311/431 766/311/625 764/311/431
f 767/311/431 768/311/431 766/311/625
f 769/312/626 403/295/403 400/292/400
f 770/313/627 771/314/628 772/315/629
f 771/314/628 770/313/627 773/316/630
f 769/312/626 770/313/627 772/315/629
f 770/313/627 769/312/626 400/292/400
f 770/313/627 400/292/400 366/258/366
f 366/258/366 773/316/630 770/313/627
f 773/316/630 366/258/366 365/257/365
f 365/257/365 774/317/631 773/316/630
f 774/317/631 365/257/365 372/264/372
f 372/264/372 775/318/632 774/317/631
f 775/318/632 372/264/372 373/265/373
f 373/265/373 776/319/633 775/318/632
f 776/319/633 373/265/373 374/266/374
f 374/266/374 777/320/634 776/319/633
f 777/320/634 374/266/374 369/261/369
f 369/261/369 778/321/635 777/320/634
f 778/321/635 369/261/369 368/260/368
f 368/260/368 779/322/636 778/321/635
f 780/323/637 781/324/638 782/325/639
f 780/323/637 783/326/640 784/327/641
f 783/326/640 780/323/637 782/325/639
f 785/328/642 786/329/643 787/330/644
f 787/330/644 788/331/645 785/328/642
f 789/332/646 790/333/647 791/334/648
f 789/332/646 792/335/649 790/333/647
f 793/336/650 794/337/651 792/335/649
f 795/338/652 794/337/651 793/336/650
f 796/339/653 793/336/650 797/340/654
f 798/341/655 772/315/629 771/314/628
f 771/314/628 784/327/641 798/341/655
f 771/314/628 780/323/637 784/327/641
f 780/323/637 771/314/628 773/316/630
f 787/330/644 786/329/643 781/324/638
f 787/330/644 774/317/631 775/318/632
f 775/318/632 789/332/646 787/330/644
f 793/336/650 792/335/649 789/332/646
f 793/336/650 776/319/633 777/320/634
f 777/320/634 797/340/654 793/336/650
f 797/340/654 777/320/634 778/321/635
f 778/321/635 799/342/656 797/340/654
f 799/342/656 778/321/635 779/322/636
f 779/322/636 800/343/72 799/342/656
f 801/344/657 802/345/658 803/346/659
f 804/347/660 805/348/661 806/349/662
f 807/350/663 808/351/664 809/352/665
f 810/353/666 811/354/667 812/355/668
f 813/356/669 814/357/670 815/358/671
f 814/357/670 813/356/669 816/359/672
f 817/360/673 818/361/674 819/362/675
f 820/363/676 807/350/663 809/352/665
f 821/364/677 822/365/678 806/349/662
f 806/349/662 823/366/679 821/364/677
f 806/349/662 805/348/661 823/366/679
f 824/367/680 825/368/681 826/369/682
f 827/370/683 819/362/675 818/361/674
f 828/371/684 819/362/675 827/370/683
f 829/372/685 810/353/666 819/362/675
f 810/353/666 829/372/685 830/373/686
f 810/353/666 830/373/686 831/374/687
f 801/344/657 813/356/669 810/353/666
f 813/356/669 801/344/657 803/346/659
f 803/346/659 816/359/672 813/356/669
f 816/359/672 803/346/659 832/375/688
f 832/375/688 833/376/689 816/359/672
f 832/375/688 808/351/664 833/376/689
f 808/351/664 832/375/688 834/377/690
f 834/377/690 809/352/665 808/351/664
f 822/365/678 798/341/655 784/327/641
f 784/327/641 806/349/662 822/365/678
f 784/327/641 835/378/691 806/349/662
f 835/378/691 784/327/641 783/326/640
f 783/326/640 836/379/692 835/378/691
f 837/380/693 836/379/692 783/326/640
f 838/381/694 839/382/695 783/326/640
f 840/383/696 788/331/645 841/384/697
f 842/385/698 843/386/699 837/380/693
f 791/334/648 828/371/684 844/387/700
f 845/388/701 846/389/702 791/334/648
f 796/339/653 803/346/659 802/345/658
f 803/346/659 796/339/653 797/340/654
f 803/346/659 797/340/654 799/342/656
f 799/342/656 832/375/688 803/346/659
f 832/375/688 799/342/656 800/343/72
f 800/343/72 834/377/690 832/375/688
f 817/360/673 847/361/703 848/390/704
f 849/362/705 847/361/703 817/360/673
f 850/391/706 811/354/667 851/392/707
f 852/347/708 853/378/709 854/349/710
f 812/355/668 855/356/711 856/353/712
f 857/358/713 811/354/667 850/391/706
f 851/392/707 858/363/714 859/393/715
f 858/363/714 851/392/707 860/394/115
f 853/378/709 861/326/716 862/327/717
f 861/326/716 853/378/709 863/379/718
f 856/353/712 864/373/719 865/372/720
f 856/353/712 866/374/721 864/373/719
f 867/344/722 856/353/712 855/356/711
f 868/341/723 869/365/724 854/349/710
f 854/349/710 862/327/717 868/341/723
f 854/349/710 853/378/709 862/327/717
f 870/370/725 849/362/705 871/371/726
f 872/334/727 873/387/728 871/371/726
f 849/362/705 856/353/712 865/372/720
f 855/356/711 857/358/713 874/357/729
f 874/357/729 875/359/730 855/356/711
f 876/350/731 877/352/732 878/351/733
f 877/352/732 876/350/731 858/363/714
f 877/352/732 858/363/714 860/394/115
f 879/333/734 872/334/727 880/388/735
f 881/339/736 882/345/737 883/346/738
f 884/323/739 885/325/740 886/324/741
f 887/330/742 888/329/743 889/328/744
f 890/383/745 891/331/746 889/328/744
f 891/331/746 887/330/742 889/328/744
f 892/332/747 872/334/727 879/333/734
f 892/332/747 879/333/734 893/335/748
f 894/336/749 893/335/748 895/337/750
f 894/336/749 895/337/750 896/338/751
f 897/340/752 898/320/753 899/319/754
f 898/320/753 897/340/752 900/342/755
f 901/321/756 633/261/563 640/266/570
f 633/261/563 901/321/756 902/322/757
f 902/322/757 634/260/564 633/261/563
f 669/295/599 903/312/758 904/313/759
f 904/313/759 665/292/595 669/295/599
f 665/292/595 904/313/759 905/316/760
f 905/316/760 630/258/560 665/292/595
f 630/258/560 905/316/760 906/317/761
f 906/317/761 631/257/561 630/258/560
f 631/257/561 906/317/761 907/318/762
f 907/318/762 638/264/568 631/257/561
f 638/264/568 907/318/762 899/319/754
f 899/319/754 639/265/569 638/264/568
f 639/265/569 899/319/754 898/320/753
f 898/320/753 640/266/570 639/265/569
f 898/320/753 901/321/756 640/266/570
f 901/321/756 898/320/753 900/342/755
f 901/321/756 900/342/755 908/343/150
f 908/343/150 902/322/757 901/321/756
f 903/312/758 909/315/763 910/314/764
f 910/314/764 904/313/759 903/312/758
f 904/313/759 910/314/764 884/323/739
f 884/323/739 905/316/760 904/313/759
f 887/330/742 906/317/761 905/316/760
f 906/317/761 887/330/742 892/332/747
f 892/332/747 907/318/762 906/317/761
f 894/336/749 899/319/754 907/318/762
f 894/336/749 897/340/752 899/319/754
f 897/340/752 894/336/749 881/339/736
f 897/340/752 881/339/736 883/346/738
f 897/340/752 883/346/738 911/375/765
f 911/375/765 900/342/755 897/340/752
f 900/342/755 911/375/765 912/377/151
f 912/377/151 908/343/150 900/342/755
f 909/315/763 868/341/723 862/327/717
f 862/327/717 910/314/764 909/315/763
f 910/314/764 862/327/717 861/326/716
f 861/326/716 884/323/739 910/314/764
f 861/326/716 885/325/740 884/323/739
f 913/381/766 885/325/740 861/326/716
f 914/389/767 880/388/735 872/334/727
f 867/344/722 883/346/738 882/345/737
f 883/346/738 867/344/722 855/356/711
f 883/346/738 855/356/711 875/359/730
f 875/359/730 911/375/765 883/346/738
f 911/375/765 875/359/730 915/376/768
f 911/375/765 915/376/768 878/351/733
f 878/351/733 912/377/151 911/375/765
f 912/377/151 878/351/733 877/352/732
f 869/365/724 821/364/677 823/366/679
f 823/366/679 854/349/710 869/365/724
f 823/366/679 916/348/769 854/349/710
f 825/368/681 917/369/770 916/348/769
f 848/390/704 918/395/771 919/396/772
f 919/396/772 817/360/673 848/390/704
f 817/360/673 920/390/704 818/361/674
f 811/354/667 815/358/671 921/391/773
f 921/391/773 851/392/707 811/354/667
f 851/392/707 921/391/773 922/397/774
f 851/392/707 923/393/775 820/363/676
f 820/363/676 860/394/115 851/392/707
f 860/394/115 820/363/676 809/352/665
f 892/332/747 891/331/746 872/334/727
f 891/331/746 892/332/747 887/330/742
f 789/332/646 775/318/632 776/319/633
f 789/332/646 776/319/633 793/336/650
f 780/323/637 773/316/630 774/317/631
f 780/323/637 774/317/631 787/330/644
f 787/330/644 781/324/638 780/323/637
f 819/362/675 846/389/702 829/372/685
f 819/362/675 791/334/648 846/389/702
f 791/334/648 819/362/675 828/371/684
f 887/330/742 886/324/741 888/329/743
f 887/330/742 884/323/739 886/324/741
f 887/330/742 905/316/760 884/323/739
f 838/381/694 783/326/640 782/325/639
f 840/383/696 785/328/642 788/331/645
f 812/355/668 819/362/675 810/353/666
f 819/362/675 812/355/668 817/360/673
f 855/356/711 811/354/667 857/358/713
f 855/356/711 812/355/668 811/354/667
f 922/397/774 923/393/775 851/392/707
f 856/353/712 817/360/673 812/355/668
f 817/360/673 856/353/712 849/362/705
f 849/362/705 865/372/720 914/389/767
f 849/362/705 914/389/767 872/334/727
f 872/334/727 871/371/726 849/362/705
f 924/397/776 851/392/707 859/393/715
f 924/397/776 850/391/706 851/392/707
f 913/381/766 861/326/716 925/382/777
f 890/383/745 926/384/778 891/331/746
f 795/338/652 793/336/650 796/339/653
f 927/380/779 861/326/716 863/379/718
f 919/396/772 824/367/680 928/395/780
f 824/367/680 919/396/772 825/368/681
f 929/398/781 825/368/681 919/396/772
f 929/398/781 917/369/770 825/368/681
f 837/380/693 783/326/640 839/382/695
f 837/380/693 930/399/782 842/385/698
f 837/380/693 839/382/695 930/399/782
f 845/388/701 791/334/648 790/333/647
f 817/360/673 919/396/772 920/390/704
f 870/370/725 847/361/703 849/362/705
f 931/385/783 927/380/779 932/386/784
f 927/380/779 925/382/777 861/326/716
f 927/380/779 933/399/785 925/382/777
f 927/380/779 931/385/783 933/399/785
f 866/374/721 856/353/712 867/344/722
f 929/398/781 919/396/772 918/395/771
f 896/338/751 881/339/736 894/336/749
f 831/374/687 801/344/657 810/353/666
f 791/334/648 787/330/644 789/332/646
f 787/330/644 791/334/648 788/331/645
f 844/387/700 788/331/645 791/334/648
f 788/331/645 844/387/700 843/386/699
f 843/386/699 841/384/697 788/331/645
f 843/386/699 842/385/698 841/384/697
f 804/347/660 806/349/662 835/378/691
f 894/336/749 892/332/747 893/335/748
f 894/336/749 907/318/762 892/332/747
f 928/395/780 920/390/704 919/396/772
f 805/348/661 826/369/682 825/368/681
f 825/368/681 823/366/679 805/348/661
f 825/368/681 916/348/769 823/366/679
f 811/354/667 813/356/669 815/358/671
f 811/354/667 810/353/666 813/356/669
f 873/387/728 872/334/727 891/331/746
f 891/331/746 932/386/784 873/387/728
f 932/386/784 891/331/746 926/384/778
f 932/386/784 926/384/778 931/385/783
f 852/347/708 854/349/710 916/348/769
f 934/400/786 935/400/786 936/400/786
f 937/400/787 938/400/787 939/400/787
f 940/400/788 941/400/788 942/400/788
f 943/400/789 944/400/789 945/400/789
f 946/400/790 947/400/790 948/400/790
f 949/400/791 950/400/791 951/400/791
f 952/400/792 953/400/792 954/400/792
f 955/400/793 956/400/793 957/400/793
f 958/401/794 959/402/795 960/403/796
f 960/403/796 961/404/797 958/401/794
f 962/405/798 963/406/799 964/407/800
f 963/406/799 962/405/798 965/408/801
f 962/405/798 958/401/794 961/404/797
f 961/404/797 965/408/801 962/405/798
f 966/409/802 967/409/802 968/409/802
f 969/409/803 970/409/803 971/409/804
f 972/409/805 973/409/805 974/409/805
f 975/409/806 976/409/806 977/409/806
f 978/409/807 979/409/808 980/409/808
f 981/409/809 982/409/809 983/409/809
f 984/409/810 985/409/810 986/409/810
f 987/409/811 988/409/811 989/409/811
f 990/410/812 991/410/813 992/410/814
f 992/410/814 993/410/815 990/410/812
f 994/410/816 995/410/817 996/410/818
f 996/410/818 997/410/819 994/410/816
f 995/410/817 990/410/812 993/410/815
f 993/410/815 996/410/818 995/410/817
f 998/409/820 999/409/820 1000/409/820
f 1001/409/821 1002/409/821 1003/409/821
f 1004/409/822 1005/409/822 1006/409/823
f 1007/409/824 1008/409/824 1009/409/824
f 1010/409/825 1011/409/825 1012/409/825
f 1013/409/826 1014/409/826 1015/409/826
f 1016/409/827 1017/409/827 1018/409/827
f 1019/409/828 1020/409/829 1021/409/828
f 1022/410/830 1023/410/831 1024/410/832
f 1024/410/832 1025/410/833 1022/410/830
f 1026/410/834 1027/410/835 1028/410/836
f 1027/410/835 1026/410/834 1029/410/837
f 1026/410/834 1022/410/830 1025/410/833
f 1025/410/833 1029/410/837 1026/410/834
f 1030/409/838 1031/409/838 1032/409/839
f 1033/409/840 1034/409/840 1035/409/840
f 1036/409/841 1037/409/841 1038/409/841
f 1039/409/842 1040/409/842 1041/409/842
f 1042/409/843 1043/409/843 1044/409/843
f 1045/409/844 1046/409/844 1047/409/844
f 1048/409/845 1049/409/845 1050/409/845
f 1051/409/846 1052/409/846 1053/409/846
f 1054/410/847 1055/410/848 1056/410/849
f 1056/410/849 1057/410/850 1054/410/847
f 1058/410/851 1059/410/852 1060/410/853
f 1060/410/853 1061/410/854 1058/410/851
f 1059/410/852 1054/410/847 1057/410/850
f 1057/410/850 1060/410/853 1059/410/852
f 1062/400/855 1063/400/855 1064/400/855
f 1065/400/856 1066/400/856 1067/400/856
f 1068/400/857 1069/400/857 1070/400/857
f 1071/400/858 1072/400/858 1073/400/858
f 1074/400/859 1075/400/859 1076/400/859
f 1077/400/860 1078/400/860 1079/400/860
f 1080/400/861 1081/400/861 1082/400/861
f 1083/400/862 1084/400/862 1085/400/862
f 1086/401/863 1087/402/864 1088/403/865
f 1088/403/865 1089/411/866 1086/401/863
f 1090/407/867 1091/405/868 1092/412/869
f 1092/412/869 1093/406/870 1090/407/867
f 1091/405/868 1086/401/863 1089/411/866
f 1089/411/866 1092/412/869 1091/405/868
f 1094/409/871 1095/409/871 1096/409/871
f 1097/409/872 1098/409/872 1099/409/872
f 1100/409/873 1101/409/873 1102/409/873
f 1103/409/874 1104/409/874 1105/409/874
f 1106/409/875 1107/409/875 1108/409/875
f 1109/409/876 1110/409/876 1111/409/877
f 1112/409/878 1113/409/878 1114/409/878
f 1115/409/879 1116/409/879 1117/409/879
f 1118/410/880 1119/410/881 1120/410/882
f 1120/410/882 1121/410/883 1118/410/880
f 1122/410/884 1123/410/885 1124/410/886
f 1124/410/886 1125/410/887 1122/410/884
f 1123/410/885 1118/410/880 1121/410/883
f 1121/410/883 1124/410/886 1123/410/885
f 1126/409/888 1127/409/888 1128/409/888
f 1129/409/889 1130/409/889 1131/409/889
f 1132/409/890 1133/409/890 1134/409/890
f 1135/409/891 1136/409/891 1137/409/891
f 1138/409/892 1139/409/892 1140/409/892
f 1141/409/893 1142/409/893 1143/409/893
f 1144/409/894 1145/409/894 1146/409/894
f 1147/409/895 1148/409/895 1149/409/895
f 1150/410/896 1151/410/897 1152/410/898
f 1152/410/898 1153/410/899 1150/410/896
f 1154/410/900 1155/410/901 1156/410/902
f 1155/410/901 1154/410/900 1157/410/903
f 1154/410/900 1150/410/896 1153/410/899
f 1153/410/899 1157/410/903 1154/410/900
f 1158/409/904 1159/409/904 1160/409/904
f 1161/409/905 1162/409/905 1163/409/905
f 1164/409/906 1165/409/906 1166/409/906
f 1167/409/907 1168/409/907 1169/409/907
f 1170/409/908 1171/409/909 1172/409/909
f 1173/409/910 1174/409/910 1175/409/910
f 1176/409/911 1177/409/911 1178/409/911
f 1179/409/912 1180/409/912 1181/409/912
f 1182/410/913 1183/410/914 1184/410/915
f 1184/410/915 1185/410/916 1182/410/913
f 1186/410/917 1187/410/918 1188/410/919
f 1188/410/919 1189/410/920 1186/410/917
f 1187/410/918 1182/410/913 1185/410/916
f 1185/410/916 1188/410/919 1187/410/918
f 1190/410/921 1191/410/922 1192/410/923
f 1193/410/924 1194/410/925 1195/410/926
f 1196/410/927 1197/410/928 1198/410/929
f 1199/410/930 1200/410/931 1201/410/932
f 1202/410/933 1203/410/934 1204/410/935
f 1205/410/936 1206/410/937 1207/410/938
f 1208/311/431 1209/311/431 1210/311/431
f 1211/311/431 1212/311/431 1209/311/431
f 1213/311/431 1214/311/431 1212/311/431
f 1215/311/431 1216/311/431 1214/311/431
f 1217/311/431 1218/311/431 1216/311/431
f 1219/311/431 1218/311/431 1220/311/431
f 1221/311/431 1222/311/431 1219/311/431
f 1223/311/431 1224/311/431 1221/311/431
f 1225/311/431 1226/311/431 1223/311/431
f 1227/311/431 1228/311/431 1225/311/431
f 1229/413/939 1230/414/238 1231/415/940
f 1231/415/940 1232/416/941 1229/413/939
f 1233/417/942 1229/413/939 1232/416/941
f 1232/416/941 1234/418/943 1233/417/942
f 1235/419/254 1233/417/942 1234/418/943
f 1234/418/943 1236/420/944 1235/419/254
f 1237/421/255 1235/419/254 1236/420/944
f 1238/422/945 1239/423/946 1240/424/257
f 1240/424/257 1239/423/946 1241/425/947
f 1242/426/948 1243/427/949 1244/428/950
f 1245/429/951 1246/430/952 1247/431/953
f 1248/432/954 1249/433/955 1250/434/956
f 1251/435/957 1252/436/958 1253/437/959
f 1254/438/960 1253/437/959 1252/436/958
f 1252/436/958 1249/433/955 1254/438/960
f 1245/429/951 1247/431/953 1255/439/63
f 1232/416/941 1231/415/940 1256/440/961
f 1256/440/961 1257/441/962 1232/416/941
f 1234/418/943 1232/416/941 1257/441/962
f 1257/441/962 1258/442/963 1234/418/943
f 1236/420/944 1234/418/943 1258/442/963
f 1258/442/963 1251/435/957 1236/420/944
f 1251/435/957 1253/437/959 1236/420/944
f 1237/421/255 1236/420/944 1253/437/959
f 1259/443/256 1237/421/255 1253/437/959
f 1253/437/959 1254/438/960 1259/443/256
f 1240/424/257 1259/443/256 1254/438/960
f 1254/438/960 1260/444/964 1240/424/257
f 1238/422/945 1240/424/257 1260/444/964
f 1260/444/964 1261/445/965 1262/446/966
f 1246/430/952 1245/429/951 1263/447/967
f 1264/448/968 1265/449/969 1266/450/970
f 1267/451/971 1268/452/972 1269/453/973
f 1269/453/973 1270/454/974 1267/451/971
f 1271/455/975 1267/451/971 1270/454/974
f 1270/454/974 1272/456/976 1271/455/975
f 1273/457/977 1271/455/975 1272/456/976
f 1274/458/978 1275/459/979 1276/460/980
f 1277/461/981 1278/462/982 1279/463/983
f 1280/464/984 1279/463/983 1278/462/982
f 1281/465/985 1282/466/77 1283/467/986
f 1274/458/978 1284/468/987 1285/469/988
f 1285/469/988 1286/470/989 1275/459/979
f 1287/471/990 1288/472/991 1289/473/992
f 1274/458/978 1289/473/992 1288/472/991
f 1288/472/991 1284/468/987 1274/458/978
f 1282/466/77 1281/465/985 1290/474/993
f 1270/454/974 1269/453/973 1291/475/994
f 1291/475/994 1292/476/995 1270/454/974
f 1272/456/976 1270/454/974 1292/476/995
f 1292/476/995 1287/471/990 1272/456/976
f 1287/471/990 1289/473/992 1272/456/976
f 1273/457/977 1272/456/976 1289/473/992
f 1276/460/980 1273/457/977 1289/473/992
f 1289/473/992 1274/458/978 1276/460/980
f 1293/477/996 1277/461/981 1275/459/979
f 1275/459/979 1294/478/997 1293/477/996
f 1294/478/997 1295/479/998 1296/480/999
f 1265/449/969 1264/448/968 1282/466/77
f 1257/441/962 1256/440/961 1268/452/972
f 1268/452/972 1267/451/971 1257/441/962
f 1258/442/963 1257/441/962 1267/451/971
f 1267/451/971 1271/455/975 1258/442/963
f 1251/435/957 1258/442/963 1271/455/975
f 1271/455/975 1273/457/977 1251/435/957
f 1252/436/958 1251/435/957 1273/457/977
f 1273/457/977 1276/460/980 1252/436/958
f 1249/433/955 1252/436/958 1276/460/980
f 1276/460/980 1279/463/983 1249/433/955
f 1250/434/956 1249/433/955 1279/463/983
f 1279/463/983 1280/464/984 1250/434/956
f 1297/481/1000 1255/439/63 1298/482/1001
f 1297/481/1000 1265/449/969 1255/439/63
f 1299/483/1002 1300/484/1003 1284/468/987
f 1301/485/1004 1302/486/75 1303/487/1005
f 1302/486/75 1301/485/1004 1304/488/1006
f 1305/489/1007 1306/490/1008 1300/484/1003
f 1307/491/1009 1300/484/1003 1306/490/1008
f 1308/492/153 1309/493/1010 1310/494/1011
f 1311/495/1012 1312/496/1013 1313/497/1014
f 1314/498/1015 1305/489/1007 1315/499/1016
f 1315/499/1016 1316/500/1017 1314/498/1015
f 1312/496/1013 1311/495/1012 1310/494/1011
f 1308/492/153 1310/494/1011 1311/495/1012
f 1317/501/1018 1318/502/1019 1319/503/1020
f 1319/503/1020 1320/504/1021 1317/501/1018
f 1321/505/1022 1317/501/1018 1320/504/1021
f 1320/504/1021 1322/506/1023 1321/505/1022
f 1323/507/1024 1321/505/1022 1322/506/1023
f 1322/506/1023 1324/508/1025 1323/507/1024
f 1299/483/1002 1323/507/1024 1324/508/1025
f 1324/508/1025 1325/509/1026 1299/483/1002
f 1325/509/1026 1315/499/1016 1299/483/1002
f 1307/491/1009 1326/510/1027 1327/511/1028
f 1309/493/1010 1308/492/153 1328/512/1029
f 1304/488/1006 1328/512/1029 1308/492/153
f 1302/486/75 1304/488/1006 1308/492/153
f 1329/513/1030 1330/514/1031 1331/515/1032
f 1332/516/1033 1333/517/1034 1334/518/1035
f 1334/518/1035 1335/519/1036 1332/516/1033
f 1336/520/1037 1332/516/1033 1335/519/1036
f 1335/519/1036 1337/521/1038 1336/520/1037
f 1338/522/1039 1336/520/1037 1337/521/1038
f 1337/521/1038 1339/523/1040 1338/522/1039
f 1340/524/1041 1338/522/1039 1339/523/1040
f 1341/525/1042 1342/526/1043 1329/513/1030
f 1343/527/450 1344/528/451 1345/529/1044
f 1341/525/1042 1345/529/1044 1344/528/451
f 1344/528/451 1346/530/452 1341/525/1042
f 1342/526/1043 1341/525/1042 1346/530/452
f 1346/530/452 1347/531/1045 1342/526/1043
f 1348/532/1046 1342/526/1043 1347/531/1045
f 1349/533/1047 1348/532/1046 1347/531/1045
f 1335/519/1036 1334/518/1035 1350/534/1048
f 1351/534/1049 1352/535/1050 1335/519/1036
f 1337/521/1038 1335/519/1036 1352/535/1050
f 1352/535/1050 1353/536/438 1337/521/1038
f 1339/523/1040 1337/521/1038 1353/536/438
f 1353/536/438 1343/527/450 1339/523/1040
f 1343/527/450 1345/529/1044 1339/523/1040
f 1340/524/1041 1339/523/1040 1345/529/1044
f 1329/513/1030 1340/524/1041 1345/529/1044
f 1345/529/1044 1341/525/1042 1329/513/1030
f 1342/526/1043 1348/532/1046 1354/537/1051
f 1355/538/1052 1356/539/1053 1357/540/1054
f 1358/541/1055 1359/542/1056 1357/540/1054
f 1360/543/174 1358/541/1055 1357/540/1054
f 1320/504/1021 1319/503/1020 1333/517/1034
f 1333/517/1034 1332/516/1033 1320/504/1021
f 1322/506/1023 1320/504/1021 1332/516/1033
f 1332/516/1033 1336/520/1037 1322/506/1023
f 1324/508/1025 1322/506/1023 1336/520/1037
f 1336/520/1037 1338/522/1039 1324/508/1025
f 1325/509/1026 1324/508/1025 1338/522/1039
f 1338/522/1039 1340/524/1041 1325/509/1026
f 1315/499/1016 1325/509/1026 1340/524/1041
f 1340/524/1041 1329/513/1030 1315/499/1016
f 1329/513/1030 1331/515/1032 1315/499/1016
f 1316/500/1017 1315/499/1016 1331/515/1032
f 1358/541/1055 1360/543/174 1361/544/1057
f 1311/495/1012 1313/497/1014 1360/543/174
f 1292/476/995 1291/475/994 1318/502/1019
f 1318/502/1019 1317/501/1018 1292/476/995
f 1287/471/990 1292/476/995 1317/501/1018
f 1317/501/1018 1321/505/1022 1287/471/990
f 1288/472/991 1287/471/990 1321/505/1022
f 1321/505/1022 1323/507/1024 1288/472/991
f 1284/468/987 1288/472/991 1323/507/1024
f 1323/507/1024 1299/483/1002 1284/468/987
f 1286/470/989 1362/545/1058 1363/546/1059
f 1303/487/1005 1302/486/75 1364/547/1060
f 1290/474/993 1364/547/1060 1302/486/75
f 1282/466/77 1290/474/993 1302/486/75
f 1307/491/1009 1306/490/1008 1326/510/1027
f 1261/445/965 1260/444/964 1365/548/1061
f 1260/444/964 1254/438/960 1365/548/1061
f 1255/439/63 1247/431/953 1298/482/1001
f 1342/526/1043 1366/549/1062 1367/550/1063
f 1342/526/1043 1367/550/1063 1329/513/1030
f 1357/540/1054 1359/542/1056 1368/551/1064
f 1357/540/1054 1368/551/1064 1355/538/1052
f 1369/552/1065 1370/553/1066 1307/491/1009
f 1371/554/1067 1362/545/1058 1286/470/989
f 1286/470/989 1307/491/1009 1371/554/1067
f 1370/553/1066 1371/554/1067 1307/491/1009
f 1286/470/989 1285/469/988 1307/491/1009
f 1300/484/1003 1307/491/1009 1285/469/988
f 1285/469/988 1284/468/987 1300/484/1003
f 1356/539/1053 1355/538/1052 1372/555/1068
f 1293/477/996 1294/478/997 1373/556/1069
f 1265/449/969 1297/481/1000 1266/450/970
f 1349/533/1047 1347/531/1045 1374/557/1070
f 1375/558/1071 1286/470/989 1363/546/1059
f 1369/552/1065 1307/491/1009 1327/511/1028
f 1305/489/1007 1300/484/1003 1315/499/1016
f 1300/484/1003 1299/483/1002 1315/499/1016
f 1238/422/945 1260/444/964 1262/446/966
f 1330/514/1031 1329/513/1030 1367/550/1063
f 1277/461/981 1279/463/983 1275/459/979
f 1279/463/983 1276/460/980 1275/459/979
f 1243/427/949 1242/426/948 1263/447/967
f 1245/429/951 1243/427/949 1263/447/967
f 1275/459/979 1274/458/978 1285/469/988
f 1294/478/997 1296/480/999 1373/556/1069
f 1249/433/955 1248/432/954 1365/548/1061
f 1254/438/960 1249/433/955 1365/548/1061
f 1366/549/1062 1342/526/1043 1354/537/1051
f 1360/543/174 1313/497/1014 1361/544/1057
f 1282/466/77 1264/448/968 1283/467/986
f 1375/558/1071 1376/559/1072 1286/470/989
f 1377/560/1073 1295/479/998 1294/478/997
f 1294/478/997 1286/470/989 1376/559/1072
f 1376/559/1072 1377/560/1073 1294/478/997
f 1294/478/997 1275/459/979 1286/470/989
f 1378/410/1074 1379/410/1074 1380/410/1074
f 1381/410/1075 1382/410/1075 1383/410/1075
f 1384/410/1076 1385/410/1076 1386/410/1076
f 1387/410/1077 1388/410/1077 1389/410/1077
f 1390/410/1078 1391/410/1078 1392/410/1078
f 1393/410/1079 1394/410/1079 1395/410/1079
f 1396/410/1080 1397/410/1080 1398/410/1080
f 1399/410/1081 1400/410/1081 1401/410/1081
f 1402/410/1082 1403/410/1082 1404/410/1082
f 1405/410/1083 1406/410/1083 1407/410/1083
f 1408/410/1084 1409/410/1084 1410/410/1084
f 1411/410/1085 1412/410/1085 1413/410/1085
f 1414/410/1086 1415/410/1086 1416/410/1086
f 1417/410/1087 1418/410/1088 1419/410/1087
f 1420/410/1089 1421/410/1089 1422/410/1089
f 1423/410/1090 1424/410/1091 1425/410/1090
f 1426/410/1092 1427/410/1092 1428/410/1092
f 1429/410/1093 1430/410/1093 1431/410/1093
f 1432/410/1094 1433/410/1094 1434/410/1094
f 1435/410/1095 1436/410/1095 1437/410/1095
f 1438/410/1096 1439/410/1097 1440/410/1097
f 1441/410/1098 1442/410/1098 1443/410/1098
f 1444/410/1099 1445/410/1099 1446/410/1099
f 1447/410/1100 1448/410/1100 1449/410/1100
f 1450/410/1101 1451/410/1101 1452/410/1101
f 1453/410/1102 1454/410/1102 1455/410/1102
f 1456/410/1103 1457/410/1103 1458/410/1103
f 1459/410/1104 1460/410/1104 1461/410/1104
f 1462/410/1105 1463/410/1105 1464/410/1105
f 1465/410/1106 1466/410/1106 1467/410/1106
f 1468/410/1107 1469/410/1107 1470/410/1107
f 1471/410/1108 1472/410/1108 1473/410/1108
f 1474/410/1109 1475/410/1109 1476/410/1109
f 1477/410/1110 1478/410/1110 1479/410/1110
f 1480/410/1111 1481/410/1111 1482/410/1111
f 1483/410/1112 1484/410/1112 1485/410/1113
f 1486/410/1114 1487/410/1114 1488/410/1114
f 1489/410/1115 1490/410/1115 1491/410/1115
f 1492/410/1116 1493/410/1117 1494/410/1117
f 1495/410/1118 1496/410/1119 1497/410/1118
f 1498/410/1120 1499/410/1120 1500/410/1120
f 1501/561/1121 1502/562/1122 1503/563/1123
f 1504/564/1124 1501/561/1121 1503/563/1123
f 1505/565/1125 1506/566/1126 1504/564/1124
f 1507/567/1127 1508/568/1128 1509/569/1129
f 1510/570/1130 1508/568/1128 1511/571/1131
f 1512/572/1132 1511/571/1131 1508/568/1128
f 1508/568/1128 1507/567/1127 1512/572/1132
f 1513/573/1133 1512/572/1132 1507/567/1127
f 1507/567/1127 1509/569/1129 1513/573/1133
f 1504/564/1124 1503/563/1123 1511/571/1131
f 1505/565/1125 1504/564/1124 1511/571/1131
f 1511/571/1131 1512/572/1132 1505/565/1125
f 1514/574/1134 1515/575/1135 1516/576/1136
f 1516/576/1136 1517/577/1137 1514/574/1134
f 1516/576/1136 1515/575/1135 1518/578/1138
f 1519/579/1139 1518/578/1138 1515/575/1135
f 1515/575/1135 1514/574/1134 1519/579/1139
f 1520/580/1140 1519/579/1139 1514/574/1134
f 1514/574/1134 1517/577/1137 1520/580/1140
f 1521/581/1141 1522/582/1142 1519/579/1139
f 1523/583/1143 1521/581/1141 1519/579/1139
f 1519/579/1139 1520/580/1140 1523/583/1143
f 1524/584/1144 1523/583/1143 1520/580/1140
f 1508/568/1128 1510/570/1130 1525/585/1145
f 1509/569/1129 1508/568/1128 1525/585/1145
f 1525/585/1145 1526/586/1146 1509/569/1129
f 1526/586/1146 1522/582/1142 1509/569/1129
f 1522/582/1142 1521/581/1141 1509/569/1129
f 1521/581/1141 1523/583/1143 1509/569/1129
f 1523/583/1143 1524/584/1144 1509/569/1129
f 1527/587/1147 1528/588/1148 1529/589/1149
f 1530/590/1150 1531/591/1151 1528/588/1148
f 1531/591/1151 1532/592/1152 1528/588/1148
f 1529/589/1149 1528/588/1148 1532/592/1152
f 1533/593/1153 1534/594/1154 1535/595/1155
f 1534/594/1154 1536/596/1156 1535/595/1155
f 1537/597/1157 1535/595/1155 1536/596/1156
f 1538/598/1158 1537/597/1157 1536/596/1156
f 1531/591/1151 1530/590/1150 1535/595/1155
f 1532/592/1152 1531/591/1151 1535/595/1155
f 1535/595/1155 1537/597/1157 1532/592/1152
f 1529/589/1149 1532/592/1152 1537/597/1157
f 1539/599/1159 1540/600/1160 1541/601/1161
f 1542/602/1162 1541/601/1161 1540/600/1160
f 1543/603/1163 1542/602/1162 1540/600/1160
f 1540/600/1160 1544/604/1164 1543/603/1163
f 1544/604/1164 1545/605/1165 1543/603/1163
f 1546/606/1166 1547/607/1167 1548/608/1168
f 1547/607/1167 1549/609/1169 1548/608/1168
f 1549/609/1169 1550/610/1170 1551/611/1171
f 1548/608/1168 1549/609/1169 1539/599/1159
f 1549/609/1169 1551/611/1171 1539/599/1159
f 1551/611/1171 1552/612/1172 1539/599/1159
f 1540/600/1160 1539/599/1159 1552/612/1172
f 1544/604/1164 1540/600/1160 1552/612/1172
f 1545/605/1165 1544/604/1164 1552/612/1172
f 1542/602/1162 1543/603/1163 1553/613/1173
f 1533/593/1153 1553/613/1173 1543/603/1163
f 1534/594/1154 1533/593/1153 1543/603/1163
f 1536/596/1156 1534/594/1154 1543/603/1163
f 1538/598/1158 1536/596/1156 1543/603/1163
f 1528/588/1148 1527/587/1147 1516/576/1136
f 1517/577/1137 1516/576/1136 1527/587/1147
f 1554/311/431 1555/311/431 1556/311/431
f 1557/311/431 1558/311/431 1554/311/431
f 1559/311/431 1560/311/431 1557/311/431
f 1561/311/431 1562/311/431 1559/311/431
f 1563/311/431 1564/311/431 1561/311/431
f 1563/311/431 1565/311/431 1566/311/431
f 1567/311/431 1568/311/431 1565/311/431
f 1569/311/431 1570/311/431 1568/311/431
f 1571/311/431 1572/311/431 1570/311/431
f 1573/311/431 1574/311/431 1572/311/431
f 1575/614/1174 1576/615/1175 1577/616/1176
f 1578/617/1177 1579/618/1178 1576/615/1175
f 1580/619/1179 1581/620/1180 1579/618/1178
f 1582/621/1181 1581/620/1180 1583/622/1182
f 1582/621/1181 1584/623/1183 1585/624/1184
f 1586/625/1185 1584/623/1183 1587/626/1186
f 1588/627/1187 1589/628/1188 1586/625/1185
f 1590/629/1189 1591/630/1190 1588/627/1187
f 1576/615/1175 1592/631/1191 1577/616/1176
f 1579/618/1178 1593/632/1192 1576/615/1175
f 1581/620/1180 1594/633/1193 1579/618/1178
f 1585/624/1184 1595/634/1194 1581/620/1180
f 1585/624/1184 1596/635/1195 1597/636/1196
f 1584/623/1183 1598/637/1197 1596/635/1195
f 1589/628/1188 1599/638/1198 1598/637/1197
f 1591/630/1190 1600/639/1199 1599/638/1198
f 1593/632/1192 1601/640/1200 1592/631/1191
f 1594/633/1193 1602/641/1201 1593/632/1192
f 1595/634/1194 1603/642/1202 1594/633/1193
f 1597/636/1196 1604/643/1203 1595/634/1194
f 1597/636/1196 1605/644/1204 1606/645/1205
f 1596/635/1195 1607/646/1206 1605/644/1204
f 1598/637/1197 1608/647/1207 1607/646/1206
f 1599/638/1198 1609/648/1208 1608/647/1207
f 1610/649/1201 1611/650/1209 1612/651/1200
f 1613/652/1202 1614/653/1210 1610/649/1201
f 1615/654/1203 1616/655/1211 1613/652/1202
f 1617/656/1205 1618/657/1212 1615/654/1203
f 1617/656/1205 1619/657/1213 1620/658/1214
f 1621/654/1204 1622/655/1215 1619/657/1213
f 1623/652/1206 1624/653/1216 1622/655/1215
f 1625/649/1207 1626/650/1217 1624/653/1216
f 1614/653/1210 1627/659/1218 1611/650/1209
f 1616/655/1211 1628/660/1219 1614/653/1210
f 1618/657/1212 1629/661/1220 1616/655/1211
f 1620/658/1214 1630/662/1221 1618/657/1212
f 1620/658/1214 1631/662/1222 1632/663/1223
f 1619/657/1213 1633/661/1224 1631/662/1222
f 1622/655/1215 1634/660/1225 1633/661/1224
f 1624/653/1216 1635/659/1226 1634/660/1225
f 1628/660/1219 1636/664/1227 1627/659/1218
f 1629/661/1220 1637/665/1228 1628/660/1219
f 1630/662/1221 1638/666/1229 1629/661/1220
f 1632/663/1223 1639/667/1230 1630/662/1221
f 1632/663/1223 1640/667/1231 1641/668/1232
f 1631/662/1222 1642/666/1233 1640/667/1231
f 1633/661/1224 1643/665/1234 1642/666/1233
f 1634/660/1225 1644/664/1235 1643/665/1234
f 1636/664/1227 1645/669/1236 1646/670/1237
f 1637/665/1228 1647/671/1238 1645/669/1236
f 1638/666/1229 1648/672/1239 1647/671/1238
f 1639/667/1230 1649/673/1240 1648/672/1239
f 1640/667/1231 1649/673/1240 1641/668/1232
f 1642/666/1233 1650/672/1241 1640/667/1231
f 1643/665/1234 1651/671/1242 1642/666/1233
f 1644/664/1235 1652/669/1243 1643/665/1234
f 1653/674/1237 1654/675/1244 1655/676/1245
f 1656/677/1246 1657/678/1247 1654/675/1244
f 1658/679/1238 1659/680/1248 1657/678/1247
f 1660/681/1239 1661/682/1249 1659/680/1248
f 1662/683/1241 1661/682/1249 1663/684/1240
f 1664/685/1242 1665/686/1250 1662/683/1241
f 1666/687/1251 1667/688/1252 1664/685/1242
f 1668/689/1253 1669/690/1254 1666/687/1251
f 1655/676/1245 1670/691/1255 1671/692/1256
f 1654/675/1244 1672/693/1257 1670/691/1255
f 1657/678/1247 1673/694/1258 1672/693/1257
f 1659/680/1248 1674/695/1259 1673/694/1258
f 1665/686/1250 1674/695/1259 1661/682/1249
f 1667/688/1252 1675/696/1260 1665/686/1250
f 1669/690/1254 1676/697/1261 1667/688/1252
f 1677/698/1262 1678/699/1263 1669/690/1254
f 1679/410/1264 1680/410/1265 1681/410/1266
f 1681/410/1266 1682/410/1267 1679/410/1264
f 1683/410/1268 1684/410/1269 1685/410/1270
f 1686/700/1271 1687/701/1272 1688/702/1273
f 1687/701/1272 1686/700/1271 1689/703/1274
f 1689/703/1274 1690/704/1275 1687/701/1272
f 1691/410/1275 1692/410/1276 1693/410/1277
f 1693/410/1277 1694/410/1278 1691/410/1275
f 1695/410/1279 1679/410/1264 1682/410/1267
f 1682/410/1267 1696/410/1280 1695/410/1279
f 1697/705/1267 1686/700/1271 1688/702/1273
f 1686/700/1271 1697/705/1267 1698/706/1281
f 1699/410/1282 1700/410/1283 1701/410/1284
f 1702/707/1284 1689/703/1274 1686/700/1271
f 1692/410/1285 1701/410/1284 1703/410/1286
f 1704/410/1287 1693/410/1277 1692/410/1276
f 1705/410/1288 1706/410/1289 1707/410/1290
f 1707/410/1290 1708/410/1291 1705/410/1288
f 1709/708/1292 1710/709/1290 1711/710/1293
f 1712/711/1294 1713/712/1295 1714/713/1296
f 1713/712/1295 1712/711/1294 1715/714/1297
f 1715/714/1297 1716/715/1298 1713/712/1295
f 1717/410/1298 1718/410/1297 1719/410/1299
f 1719/410/1299 1720/410/1300 1717/410/1298
f 1721/410/1301 1705/410/1288 1708/410/1291
f 1708/410/1291 1722/410/1296 1721/410/1301
f 1709/708/1292 1712/711/1294 1714/713/1296
f 1712/711/1294 1709/708/1292 1711/710/1293
f 1712/711/1294 1711/710/1293 1723/716/1302
f 1723/716/1302 1715/714/1297 1712/711/1294
f 1718/410/1297 1724/410/1302 1725/410/1303
f 1725/410/1303 1719/410/1299 1718/410/1297
f 1706/410/1289 1695/410/1279 1696/410/1280
f 1696/410/1280 1707/410/1290 1706/410/1289
f 1710/709/1290 1688/702/1273 1687/701/1272
f 1687/701/1272 1711/710/1293 1710/709/1290
f 1711/710/1293 1687/701/1272 1690/704/1275
f 1690/704/1275 1723/716/1302 1711/710/1293
f 1724/410/1302 1691/410/1275 1694/410/1278
f 1694/410/1278 1725/410/1303 1724/410/1302
f 1726/410/1304 1727/410/1305 1728/410/1306
f 1728/410/1306 1729/410/1307 1726/410/1304
f 1730/717/1308 1731/718/1306 1732/719/1309
f 1733/720/1310 1734/721/1311 1735/722/1312
f 1734/721/1311 1733/720/1310 1736/723/1313
f 1736/723/1313 1737/724/1314 1734/721/1311
f 1738/410/1314 1739/410/1313 1740/410/1315
f 1740/410/1315 1741/410/1316 1738/410/1314
f 1742/410/1317 1726/410/1304 1729/410/1307
f 1729/410/1307 1743/410/1318 1742/410/1317
f 1730/717/1308 1733/720/1310 1735/722/1312
f 1733/720/1310 1730/717/1308 1732/719/1309
f 1733/720/1310 1732/719/1309 1744/725/1319
f 1744/725/1319 1736/723/1313 1733/720/1310
f 1739/410/1313 1745/410/1319 1746/410/1320
f 1746/410/1320 1747/410/1321 1739/410/1313
f 1748/410/1322 1749/410/1323 1750/410/1324
f 1750/410/1324 1751/410/1325 1748/410/1322
f 1752/726/1325 1753/727/1324 1754/728/1326
f 1755/729/1327 1756/730/1328 1757/730/1329
f 1756/730/1328 1755/729/1327 1758/731/1330
f 1758/731/1330 1759/730/1331 1756/730/1328
f 1760/410/1331 1761/410/1330 1762/410/1332
f 1762/410/1332 1763/410/1333 1760/410/1331
f 1764/410/1334 1748/410/1322 1751/410/1325
f 1751/410/1325 1765/410/1329 1764/410/1334
f 1752/726/1325 1755/729/1327 1757/730/1329
f 1755/729/1327 1752/726/1325 1754/728/1326
f 1755/729/1327 1754/728/1326 1766/732/1335
f 1766/732/1335 1758/731/1330 1755/729/1327
f 1761/410/1330 1767/410/1335 1768/410/1336
f 1768/410/1336 1762/410/1332 1761/410/1330
f 1749/410/1323 1742/410/1317 1743/410/1318
f 1743/410/1318 1750/410/1324 1749/410/1323
f 1753/727/1324 1735/722/1312 1734/721/1311
f 1734/721/1311 1754/728/1326 1753/727/1324
f 1754/728/1326 1734/721/1311 1737/724/1314
f 1737/724/1314 1766/732/1335 1754/728/1326
f 1767/410/1335 1738/410/1314 1741/410/1316
f 1741/410/1316 1768/410/1336 1767/410/1335
f 1727/410/1305 1721/410/1301 1722/410/1296
f 1722/410/1296 1728/410/1306 1727/410/1305
f 1728/410/1306 1722/410/1296 1769/410/1295
f 1769/410/1295 1770/410/1309 1728/410/1306
f 1770/410/1309 1769/410/1295 1717/410/1298
f 1717/410/1298 1745/410/1319 1770/410/1309
f 1745/410/1319 1717/410/1298 1720/410/1300
f 1720/410/1300 1746/410/1320 1745/410/1319
f 1771/410/1337 1772/410/1338 1773/410/1339
f 1774/410/1340 1775/410/1341 1771/410/1337
f 1776/410/1342 1777/410/1343 1778/410/1344
f 1779/702/1345 1780/701/1346 1781/700/1347
f 1782/703/1348 1781/700/1347 1780/701/1346
f 1780/701/1346 1783/704/1349 1782/703/1348
f 1784/410/1350 1785/410/1351 1786/410/1349
f 1786/410/1349 1787/410/1352 1784/410/1350
f 1777/410/1343 1776/410/1342 1788/410/1353
f 1788/410/1353 1789/410/1354 1777/410/1343
f 1779/702/1345 1781/700/1347 1790/705/1343
f 1791/706/1355 1790/705/1343 1781/700/1347
f 1781/700/1347 1782/703/1348 1792/706/1356
f 1785/410/1351 1784/410/1350 1793/410/1357
f 1794/410/1358 1795/410/1359 1796/410/1360
f 1796/410/1360 1797/410/1361 1794/410/1358
f 1798/710/1362 1799/709/1358 1800/708/1361
f 1801/713/1363 1802/712/1364 1803/711/1365
f 1804/714/1366 1803/711/1365 1802/712/1364
f 1802/712/1364 1805/715/1367 1804/714/1366
f 1806/410/1368 1807/410/1366 1808/410/1367
f 1808/410/1367 1809/410/1369 1806/410/1368
f 1797/410/1361 1796/410/1360 1810/410/1370
f 1810/410/1370 1811/410/1363 1797/410/1361
f 1801/713/1363 1803/711/1365 1800/708/1361
f 1798/710/1362 1800/708/1361 1803/711/1365
f 1812/716/1371 1798/710/1362 1803/711/1365
f 1803/711/1365 1804/714/1366 1812/716/1371
f 1813/410/1372 1814/410/1371 1807/410/1366
f 1807/410/1366 1806/410/1368 1813/410/1372
f 1789/410/1354 1788/410/1353 1795/410/1359
f 1795/410/1359 1794/410/1358 1789/410/1354
f 1780/701/1346 1779/702/1345 1799/709/1358
f 1799/709/1358 1798/710/1362 1780/701/1346
f 1783/704/1349 1780/701/1346 1798/710/1362
f 1798/710/1362 1812/716/1371 1783/704/1349
f 1787/410/1352 1786/410/1349 1814/410/1371
f 1814/410/1371 1813/410/1372 1787/410/1352
f 1815/410/1373 1816/410/1374 1817/410/1375
f 1817/410/1375 1818/410/1376 1815/410/1373
f 1819/719/1377 1820/718/1373 1821/717/1378
f 1822/722/1379 1823/721/1380 1824/720/1381
f 1825/723/1382 1824/720/1381 1823/721/1380
f 1823/721/1380 1826/724/1383 1825/723/1382
f 1827/410/1384 1828/410/1382 1829/410/1383
f 1829/410/1383 1830/410/1385 1827/410/1384
f 1818/410/1376 1817/410/1375 1831/410/1386
f 1831/410/1386 1832/410/1387 1818/410/1376
f 1822/722/1379 1824/720/1381 1821/717/1378
f 1819/719/1377 1821/717/1378 1824/720/1381
f 1833/725/1388 1819/719/1377 1824/720/1381
f 1824/720/1381 1825/723/1382 1833/725/1388
f 1834/410/1389 1835/410/1388 1828/410/1382
f 1828/410/1382 1827/410/1384 1834/410/1389
f 1836/410/1390 1837/410/1391 1838/410/1392
f 1838/410/1392 1839/410/1393 1836/410/1390
f 1840/728/1394 1841/727/1390 1842/726/1393
f 1843/730/1395 1844/730/1396 1845/729/1397
f 1846/731/1398 1845/729/1397 1844/730/1396
f 1844/730/1396 1847/730/1399 1846/731/1398
f 1848/410/1400 1849/410/1398 1850/410/1399
f 1850/410/1399 1851/410/1401 1848/410/1400
f 1839/410/1393 1838/410/1392 1852/410/1402
f 1852/410/1402 1853/410/1395 1839/410/1393
f 1843/730/1395 1845/729/1397 1842/726/1393
f 1840/728/1394 1842/726/1393 1845/729/1397
f 1854/732/1403 1840/728/1394 1845/729/1397
f 1845/729/1397 1846/731/1398 1854/732/1403
f 1855/410/1404 1856/410/1403 1849/410/1398
f 1849/410/1398 1848/410/1400 1855/410/1404
f 1832/410/1387 1831/410/1386 1837/410/1391
f 1837/410/1391 1836/410/1390 1832/410/1387
f 1823/721/1380 1822/722/1379 1841/727/1390
f 1841/727/1390 1840/728/1394 1823/721/1380
f 1826/724/1383 1823/721/1380 1840/728/1394
f 1840/728/1394 1854/732/1403 1826/724/1383
f 1830/410/1385 1829/410/1383 1856/410/1403
f 1856/410/1403 1855/410/1404 1830/410/1385
f 1811/410/1363 1810/410/1370 1816/410/1374
f 1816/410/1374 1815/410/1373 1811/410/1363
f 1857/410/1405 1811/410/1363 1815/410/1373
f 1815/410/1373 1858/410/1377 1857/410/1405
f 1808/410/1367 1857/410/1405 1858/410/1377
f 1858/410/1377 1835/410/1388 1808/410/1367
f 1809/410/1369 1808/410/1367 1835/410/1388
f 1835/410/1388 1834/410/1389 1809/410/1369
f 1859/410/1406 1860/410/1407 1861/410/1408
f 1862/410/1409 1863/410/1410 1860/410/1407
f 1864/410/1411 1865/410/1412 1866/410/1413
f 1867/410/1414 1868/410/1415 1864/410/1411
f 1869/410/1416 1870/410/1417 1871/410/1418
f 1872/410/1419 1873/410/1420 1874/410/1421
f 1875/410/1422 1876/410/1423 1877/410/1424
f 1878/410/1425 1879/410/1426 1876/410/1423
f 1880/410/1427 1881/410/1428 1882/410/1429
f 1883/410/1430 1884/410/1431 1885/410/1432
f 1886/733/1433 1887/733/1434 1888/733/1435
f 1889/733/1436 1890/733/1437 1887/733/1434
f 1891/733/1438 1890/733/1437 1892/733/1439
f 1893/733/1440 1894/733/1441 1891/733/1438
f 1895/410/1442 1896/410/1443 1897/410/1442
f 1898/410/1444 1899/410/1445 1900/410/1446
f 1901/410/1447 1902/410/1448 1903/410/1448
f 1904/410/1449 1905/410/1449 1906/410/1449
f 1907/410/1450 1908/410/1450 1909/410/1450
f 1910/410/1451 1911/410/1451 1912/410/1452
f 1913/410/1453 1914/410/1454 1915/410/1453
f 1916/410/1455 1917/410/1455 1918/410/1455
f 1919/410/1456 1920/410/1456 1921/410/1456
f 1922/410/1457 1923/410/1457 1924/410/625
f 1925/410/1458 1926/410/1459 1927/410/1460
f 1928/410/1461 1929/410/1462 1930/410/1462
f 1931/410/1463 1932/410/1464 1933/410/1465
f 1929/410/1462 1934/410/1443 1930/410/1462
f 1935/410/1466 1936/410/1467 1937/410/1468
f 1934/410/1443 1938/410/1461 1939/410/1442
f 1940/410/1469 1941/410/1469 1942/410/1469
f 1938/410/1461 1943/410/1461 1939/410/1442
f 1944/410/1470 1945/410/1471 1946/410/1470
f 1943/410/1461 1947/410/1462 1948/410/1443
f 1949/410/1472 1950/410/1473 1951/410/1474
f 1947/410/1462 1952/410/1475 1948/410/1443
f 1953/410/1476 1954/410/1476 1955/410/1476
f 1952/410/1475 1956/410/1442 1957/410/1477
f 1958/410/1478 1959/410/1478 1960/410/1478
f 1956/410/1442 1928/410/1461 1957/410/1477
f 1961/734/1479 1962/735/1480 1963/736/1481
f 1964/737/1482 1965/738/1483 1962/735/1480
f 1966/739/1484 1964/737/1482 1961/734/1479
f 1967/740/1485 1968/741/1486 1964/737/1482
f 1969/742/1487 1970/60/1488 1971/73/1489
f 1972/743/1490 1970/60/1488 1973/744/1491
f 1974/410/1492 1975/410/1493 1976/410/423
f 1977/410/1494 1978/410/1495 1979/410/1496
f 1980/410/1497 1981/410/1497 1982/410/1498
f 1983/410/1499 1984/410/432 1985/410/431
f 1986/410/1500 1987/410/1500 1988/410/1501
f 1989/410/1502 1990/410/1503 1991/410/1504
f 1992/410/1503 1975/410/1493 1990/410/1503
f 1993/410/1493 1975/410/1493 1994/410/1493
f 1989/410/1502 1976/410/423 1993/410/1493
f 1995/745/423 1996/746/423 1997/747/423
f 1998/410/1442 1999/410/1443 2000/410/1442
f 2001/410/1505 2002/410/1506 2003/410/1507
f 2004/410/1508 2005/410/1509 2006/410/1509
f 2007/410/1510 2008/410/1511 2009/410/1510
f 2010/410/1512 2011/410/1512 2012/410/1512
f 2013/410/1513 2014/410/1513 2015/410/1513
f 2016/410/1514 2017/410/1514 2018/410/1515
f 2019/410/1516 2020/410/1517 2021/410/1518
f 2022/410/1519 2023/410/1520 2024/410/1520
f 2025/410/431 2026/410/1457 2027/410/1457
f 2028/410/1521 2029/410/1522 2030/410/1521
f 2031/410/1461 2032/410/1523 2033/410/1443
f 2034/410/1524 2035/410/1524 2036/410/1524
f 2032/410/1523 2037/410/1475 2033/410/1443
f 2038/410/1525 2039/410/1526 2040/410/1526
f 2037/410/1475 2041/410/1442 2042/410/1442
f 2043/410/1527 2044/410/1528 2045/410/1529
f 2041/410/1442 2046/410/1442 2042/410/1442
f 2047/410/1530 2048/410/1531 2049/410/1532
f 2046/410/1442 2050/410/1533 2051/410/1534
f 2052/410/1535 2053/410/1536 2054/410/1537
f 2050/410/1533 2055/410/1475 2051/410/1534
f 2056/410/1538 2057/410/1538 2058/410/1538
f 2055/410/1475 2059/410/1442 2060/410/1477
f 2061/410/1539 2062/410/1539 2063/410/1540
f 2059/410/1442 2031/410/1461 2060/410/1477
f 2064/739/1541 2065/737/1542 2066/740/1543
f 2066/740/1543 2067/741/1544 2068/748/1545
f 2069/734/1546 2070/735/1547 2065/737/1542
f 2065/737/1542 2071/738/1548 2067/741/1544
f 2072/60/1549 2073/742/1550 2074/73/1551
f 2072/60/1549 2075/743/1552 2076/744/1553
f 2077/410/1492 2078/410/423 2079/410/1493
f 2080/410/1554 2081/410/1554 2082/410/1495
f 2083/410/1555 2084/410/1555 2085/410/1497
f 2086/410/1556 2087/410/431 2088/410/431
f 2089/410/1501 2090/410/1557 2091/410/1501
f 2092/410/1558 2093/410/1504 2094/410/1558
f 2092/410/1558 2078/410/423 2095/410/1503
f 2096/410/1493 2079/410/1493 2078/410/423
f 2094/410/1558 2079/410/1493 2097/410/1559
f 2098/745/423 2099/746/423 2100/747/423
f 2101/749/1560 2102/749/1561 2103/749/1560
f 2104/749/1561 2105/749/1562 2102/749/1561
f 2106/749/1563 2107/749/1564 2105/749/1562
f 2108/749/1565 2109/749/1566 2107/749/1564
f 2110/749/1567 2111/749/1568 2109/749/1566
f 2112/749/1569 2113/749/1570 2111/749/1568
f 2114/749/1571 2115/749/1572 2113/749/1570
f 2116/749/1573 2117/749/1574 2115/749/1572
f 2118/749/1575 2119/749/1576 2117/749/1574
f 2120/749/1576 2121/749/1577 2119/749/1576
f 2122/749/1578 2123/749/1579 2121/749/1577
f 2124/749/1580 2125/749/1581 2123/749/1579
f 2126/749/1582 2127/749/1583 2125/749/1581
f 2128/749/1584 2129/749/1585 2127/749/1583
f 2130/749/1586 2131/749/1587 2129/749/1585
f 2132/749/1588 2133/749/1589 2131/749/1587
f 2134/749/1590 2135/749/1591 2136/749/1592
f 2137/749/1593 2138/749/1594 2134/749/1590
f 2137/749/1593 2139/749/1595 2140/749/1596
f 2141/749/1597 2142/749/1598 2139/749/1595
f 2143/749/1599 2144/749/1600 2142/749/1598
f 2145/749/1601 2146/749/1602 2144/749/1600
f 2147/749/1603 2148/749/1604 2146/749/1602
f 2149/749/1605 2150/749/1606 2148/749/1604
f 2151/749/1607 2152/749/1608 2150/749/1606
f 2153/749/1609 2154/749/1610 2152/749/1608
f 2155/749/1611 2156/749/1612 2154/749/1610
f 2157/749/1613 2158/749/1614 2156/749/1612
f 2159/749/1615 2160/749/1616 2158/749/1614
f 2161/749/1617 2162/749/1618 2160/749/1616
f 2163/749/1619 2164/749/1620 2162/749/1618
f 2165/749/1621 2166/749/1622 2164/749/1620
f 2167/749/1623 2168/749/1624 2169/749/1625
f 2170/749/1626 2171/749/1627 2172/749/1628
f 2173/749/1629 2174/749/1630 2175/749/1626
f 2176/749/1631 2177/749/1632 2178/749/1629
f 2179/409/1633 2180/409/1634 2181/409/1635
f 2182/749/1636 2183/749/1637 2184/749/1637
f 2185/749/1638 2186/749/1639 2182/749/1636
f 2187/749/1640 2188/749/1641 2185/749/1638
f 2189/749/1642 2190/749/1643 2187/749/1640
f 2191/749/1644 2192/749/1645 2189/749/1642
f 2193/749/1646 2194/749/1647 2191/749/1644
f 2195/749/1648 2196/749/1649 2193/749/1646
f 2197/749/1650 2198/749/1648 2195/749/1648
f 2199/749/1651 2200/749/1650 2197/749/1650
f 2199/749/1651 2201/749/1652 2202/749/1653
f 2203/749/1654 2204/749/1655 2201/749/1652
f 2205/749/1656 2206/749/1657 2204/749/1655
f 2207/749/1657 2208/749/1658 2206/749/1657
f 2209/749/1659 2210/749/1660 2208/749/1658
f 2211/410/431 2212/410/431 2213/410/431
f 2214/410/1661 2215/410/1661 2216/410/1661
f 2217/410/1497 2218/410/1497 2219/410/1497
f 2220/410/1662 2221/410/1662 2222/410/1662
f 2223/410/1495 2224/410/1495 2225/410/1495
f 2226/410/1443 2227/410/1443 2228/410/1443
f 2229/750/1663 2230/751/1663 2231/752/1663
f 2232/753/1664 2233/754/1664 2234/751/1664
f 2235/755/1665 2236/754/1665 2237/756/1665
f 2238/757/1666 2239/758/1666 2240/755/1666
f 2241/757/1667 2242/758/1667 2243/759/1667
f 2244/755/1668 2245/754/1668 2246/758/1668
f 2247/753/1669 2248/754/1669 2249/756/1669
f 2250/750/1670 2251/751/1670 2252/753/1670
f 2253/751/1671 2254/760/1671 2255/752/1671
f 2256/754/1672 2257/761/1673 2258/751/1674
f 2259/754/1675 2260/762/1676 2261/754/1677
f 2262/758/1678 2263/763/1679 2264/762/1679
f 2265/758/1680 2266/763/1680 2267/759/1680
f 2268/754/1681 2269/762/1682 2270/758/1683
f 2271/754/1684 2272/761/1685 2273/754/1686
f 2274/751/1687 2275/760/1687 2276/761/1687
f 2277/762/1497 2278/754/1497 2279/762/1497
f 2280/410/1495 2281/410/1495 2282/410/1495
f 2283/764/1688 2284/764/1689 2285/764/1690
f 2286/749/1691 2287/749/1692 2288/749/1692
f 2289/749/1693 2290/749/1691 2286/749/1691
f 2291/749/1694 2292/749/1695 2289/749/1693
f 2293/749/1696 2294/749/1697 2291/749/1694
f 2295/749/1698 2296/749/1699 2293/749/1696
f 2297/749/1700 2298/749/1701 2295/749/1698
f 2299/749/1702 2300/749/1700 2297/749/1700
f 2301/749/1703 2302/749/1704 2299/749/1702
f 2303/749/1705 2304/749/1703 2301/749/1703
f 2305/749/1706 2306/749/1705 2303/749/1705
f 2307/749/1707 2308/749/1708 2305/749/1706
f 2309/749/1709 2310/749/1710 2307/749/1707
f 2311/749/1711 2312/749/1712 2309/749/1709
f 2313/749/1713 2314/749/1714 2311/749/1711
f 2315/749/1715 2316/749/1716 2313/749/1713
f 2317/749/1717 2318/749/1718 2315/749/1715
f 2319/749/1719 2320/749/1720 2321/749/1721
f 2322/749/1722 2323/749/1723 2320/749/1720
f 2324/749/1724 2323/749/1723 2325/749/1725
f 2326/749/1726 2327/749/1727 2324/749/1724
f 2328/749/1728 2329/749/1729 2326/749/1726
f 2330/749/1730 2331/749/1731 2328/749/1728
f 2332/749/1732 2333/749/1733 2330/749/1730
f 2334/749/1734 2335/749/1735 2332/749/1732
f 2336/749/1736 2337/749/1737 2334/749/1734
f 2338/749/1738 2339/749/1739 2336/749/1736
f 2340/749/1740 2341/749/1741 2338/749/1738
f 2342/749/1742 2343/749/1743 2340/749/1740
f 2344/749/1744 2345/749/1745 2342/749/1742
f 2346/749/1746 2347/749/1747 2344/749/1744
f 2348/749/1748 2349/749/1749 2346/749/1746
f 2350/749/1750 2351/749/1751 2348/749/1748
f 2352/749/1752 2353/749/1753 2354/749/1754
f 2355/749/1755 2356/749/1756 2357/749/1753
f 2358/749/1757 2359/749/1758 2360/749/1756
f 2361/749/1759 2362/749/1760 2363/749/1758
f 2364/409/1761 2365/409/1762 2366/409/1763
f 2367/749/1764 2368/749/1765 2369/749/1764
f 2370/749/1766 2371/749/1767 2368/749/1765
f 2372/749/1768 2373/749/1769 2371/749/1767
f 2374/749/1770 2375/749/1771 2373/749/1769
f 2376/749/1772 2377/749/1773 2375/749/1771
f 2378/749/1774 2379/749/1775 2377/749/1773
f 2380/749/1776 2381/749/1777 2379/749/1775
f 2382/749/1777 2383/749/1778 2381/749/1777
f 2384/749/1778 2385/749/1779 2383/749/1778
f 2386/749/1780 2385/749/1779 2387/749/1781
f 2388/749/1782 2389/749/1783 2386/749/1780
f 2390/749/1784 2391/749/1785 2388/749/1782
f 2392/749/1786 2393/749/1787 2390/749/1784
f 2394/749/1788 2395/749/1789 2392/749/1786
f 2396/749/1790 2397/749/1791 2398/749/1792
f 2399/749/1793 2400/749/1794 2401/749/1795
f 2402/749/1796 2403/749/1797 2404/749/1798
f 2405/749/1799 2406/749/1800 2407/749/1801
f 2408/749/1802 2409/749/1803 2410/749/1804
f 2411/749/1805 2412/749/1806 2413/749/1807
f 2414/749/1808 2415/749/1809 2416/749/1810
f 2417/749/1811 2418/749/1812 2419/749/1813
f 2420/410/431 2421/410/431 2422/410/431
f 2423/410/1661 2424/410/1661 2425/410/1661
f 2426/410/1497 2427/410/1497 2428/410/1497
f 2429/410/1662 2430/410/1662 2431/410/1662
f 2432/410/1495 2433/410/1495 2434/410/1495
f 2435/410/1443 2436/410/1443 2437/410/1443
f 2438/750/1667 2439/751/1667 2440/752/1667
f 2441/753/1668 2442/754/1668 2443/751/1668
f 2444/755/1669 2445/754/1669 2446/756/1669
f 2447/757/1670 2448/758/1670 2449/755/1670
f 2450/757/1663 2451/758/1663 2452/759/1663
f 2453/755/1664 2454/754/1664 2455/758/1664
f 2456/753/1665 2457/754/1665 2458/756/1665
f 2459/750/1666 2460/751/1666 2461/753/1666
f 2462/751/1680 2463/760/1680 2464/752/1680
f 2465/754/1681 2466/761/1682 2467/751/1682
f 2468/754/1684 2469/762/1685 2470/754/1686
f 2471/758/1814 2472/763/1687 2473/762/1687
f 2474/758/1671 2475/763/1671 2476/759/1671
f 2477/754/1672 2478/762/1673 2479/758/1674
f 2480/754/1675 2481/761/1676 2482/754/1677
f 2483/751/1679 2484/760/1679 2485/761/1679
f 2486/762/1497 2487/754/1497 2488/762/1497
f 2489/410/1495 2490/410/1495 2491/410/1495
f 2492/764/1815 2493/764/1816 2494/764/1817
f 2495/749/1818 2496/749/1819 2497/749/1820
f 2498/749/1821 2499/749/1822 2495/749/1818
f 2500/749/1823 2501/749/1824 2498/749/1821
f 2502/749/1825 2503/749/1826 2500/749/1823
f 2504/749/1827 2505/749/1828 2502/749/1825
f 2506/749/1829 2507/749/1830 2504/749/1827
f 2508/749/1831 2509/749/1832 2506/749/1829
f 2510/749/1833 2511/749/1834 2508/749/1831
f 2512/749/1835 2513/749/1836 2510/749/1833
f 2514/749/1837 2515/749/1838 2512/749/1835
f 2516/749/1839 2517/749/1840 2514/749/1837
f 2518/749/1841 2519/749/1842 2516/749/1839
f 2520/749/1843 2521/749/1844 2522/749/1845
f 2523/749/1846 2524/749/1844 2525/749/1847
f 2526/749/1848 2527/749/1849 2528/749/1850
f 2529/749/1851 2530/749/1852 2527/749/1849
f 2531/749/1853 2532/749/1854 2533/749/1855
f 2534/749/1856 2535/749/1857 2532/749/1854
f 2536/749/1858 2537/749/1859 2535/749/1857
f 2538/749/1860 2539/749/1861 2540/749/1862
f 2541/749/1863 2542/749/1864 2539/749/1861
f 2543/749/1865 2544/749/1866 2542/749/1864
f 2545/749/1867 2546/749/1868 2544/749/1866
f 2547/749/1869 2548/749/1870 2546/749/1868
f 2549/749/1871 2550/749/1872 2548/749/1870
f 2551/749/1873 2552/749/1874 2550/749/1872
f 2553/749/1875 2554/749/1876 2552/749/1874
f 2555/749/1877 2556/749/1878 2554/749/1876
f 2557/749/1879 2558/749/1880 2556/749/1878
f 2559/749/1881 2560/749/1882 2558/749/1880
f 2561/749/1883 2562/749/1884 2560/749/1882
f 2563/749/1885 2564/749/1886 2565/749/1887
f 2566/749/1888 2567/749/1889 2568/749/1890
f 2569/749/1891 2570/749/1892 2571/749/1893
f 2572/749/1894 2573/749/1895 2569/749/1891
f 2574/749/1896 2575/749/1897 2576/749/1898
f 2577/749/1899 2578/749/1900 2574/749/1896
f 2579/749/1901 2580/749/1902 2577/749/1899
f 2581/764/431 2582/764/431 2583/764/431
f 2584/764/1661 2585/764/1661 2586/764/1661
f 2587/764/1497 2588/764/1497 2589/764/1497
f 2590/764/1662 2591/764/1662 2592/764/1662
f 2593/764/1495 2594/764/1495 2595/764/1495
f 2596/764/1443 2597/764/1443 2598/764/1443
f 2599/765/1443 2600/766/1443 2601/767/1443
f 2602/768/431 2603/769/431 2604/770/431
f 2605/770/1903 2606/771/1903 2607/772/1904
f 2608/769/1905 2609/773/1905 2610/771/1905
f 2611/768/1498 2612/767/1498 2613/773/1498
f 2614/767/1906 2615/774/1906 2616/775/1906
f 2617/775/1907 2618/776/1908 2619/777/1909
f 2620/776/1910 2621/765/1910 2622/777/1910
f 2623/765/1554 2624/778/1554 2625/766/1554
f 2626/766/1911 2627/770/1911 2628/772/1911
f 2629/779/431 2630/780/431 2631/781/431
f 2632/782/431 2630/780/431 2633/783/431
f 2634/784/431 2635/785/431 2630/780/431
f 2633/783/431 2635/785/431 2636/786/431
f 2637/787/431 2638/788/431 2635/785/431
f 2636/786/431 2638/788/431 2639/789/431
f 2640/790/431 2641/791/431 2638/788/431
f 2639/789/431 2641/791/431 2642/792/431
f 2643/793/431 2644/794/431 2641/791/431
f 2642/792/431 2644/794/431 2645/795/431
f 2646/796/431 2647/797/431 2644/794/431
f 2645/795/431 2647/797/431 2648/798/431
f 2649/799/431 2650/800/431 2647/797/431
f 2648/798/431 2650/800/431 2651/801/431
f 2652/802/1912 2653/802/1913 2654/802/1914
f 2652/802/1912 2654/802/1914 2655/802/1915
f 2656/803/431 2650/800/431 2657/804/431
f 2658/802/1916 2659/802/1917 2660/802/1913
f 2661/802/1918 2662/802/1919 2663/802/1920
f 2650/800/431 2664/805/431 2651/801/431
f 2653/802/1913 2665/802/1921 2654/802/1914
f 2666/802/1495 2667/802/1495 2668/802/1495
f 2669/806/431 2670/807/431 2656/803/431
f 2660/802/1913 2671/802/1921 2672/802/1922
f 2673/802/1497 2674/802/1497 2675/802/1497
f 2670/807/431 2676/808/431 2664/805/431
f 2677/802/1922 2678/802/1923 2665/802/1921
f 2679/802/1495 2680/802/1495 2667/802/1495
f 2681/809/431 2682/810/431 2669/806/431
f 2672/802/1922 2683/802/1923 2684/802/1924
f 2675/802/1497 2685/802/1497 2686/802/1497
f 2682/810/431 2687/811/431 2676/808/431
f 2688/802/1924 2689/802/1925 2678/802/1923
f 2690/802/1495 2691/802/1495 2680/802/1495
f 2692/812/431 2693/813/431 2681/809/431
f 2684/802/1924 2694/802/1925 2695/802/1926
f 2686/802/1497 2696/802/1497 2697/802/1497
f 2693/813/431 2698/814/431 2687/811/431
f 2699/802/1927 2689/802/1925 2700/802/1926
f 2701/802/1495 2702/802/1495 2691/802/1495
f 2703/815/431 2704/816/431 2692/812/431
f 2694/802/1925 2705/802/1927 2695/802/1926
f 2697/802/1497 2706/802/1497 2707/802/1497
f 2704/816/431 2708/817/431 2698/814/431
f 2709/802/1928 2710/802/1929 2699/802/1927
f 2711/802/1495 2702/802/1495 2712/802/1495
f 2713/818/431 2714/819/431 2703/815/431
f 2715/802/1929 2716/802/1928 2705/802/1927
f 2706/802/1497 2717/802/1497 2707/802/1497
f 2714/819/431 2718/820/431 2708/817/431
f 2719/802/1930 2720/802/1931 2709/802/1928
f 2721/802/1495 2722/802/1495 2711/802/1495
f 2723/821/431 2724/822/431 2713/818/431
f 2725/802/1931 2726/802/1930 2716/802/1928
f 2727/802/1497 2728/802/1497 2717/802/1497
f 2724/822/431 2729/823/431 2718/820/431
f 2730/802/1932 2731/802/1933 2719/802/1930
f 2732/802/1495 2733/802/1495 2721/802/1495
f 2734/824/431 2735/825/431 2723/821/431
f 2736/802/1933 2737/802/1932 2726/802/1930
f 2738/802/1497 2739/802/1497 2728/802/1497
f 2735/825/431 2740/826/431 2729/823/431
f 2741/802/1934 2742/802/1935 2730/802/1932
f 2743/802/1495 2744/802/1495 2732/802/1495
f 2745/827/431 2746/828/431 2734/824/431
f 2747/802/1935 2748/802/1934 2737/802/1932
f 2749/802/1497 2750/802/1497 2739/802/1497
f 2746/828/431 2751/829/431 2740/826/431
f 2741/802/1934 2752/802/1936 2753/802/1937
f 2754/802/1938 2755/802/1939 2756/802/1940
f 2745/827/431 2757/830/431 2758/831/431
f 2748/802/1934 2759/802/1941 2760/802/1942
f 2759/802/1941 2761/802/1943 2760/802/1942
f 2751/829/431 2757/830/431 2762/832/431
f 2763/833/431 2757/830/431 2764/834/431
f 2757/830/431 2765/835/431 2762/832/431
f 2766/836/431 2767/837/431 2763/833/431
f 2767/837/431 2768/838/431 2765/835/431
f 2769/839/431 2770/840/431 2766/836/431
f 2770/840/431 2771/841/431 2768/838/431
f 2772/842/431 2773/843/431 2769/839/431
f 2773/843/431 2774/844/431 2771/841/431
f 2775/845/431 2776/846/431 2772/842/431
f 2776/846/431 2777/847/431 2774/844/431
f 2778/848/431 2779/849/431 2775/845/431
f 2779/849/431 2780/850/431 2777/847/431
f 2781/851/431 2782/852/431 2778/848/431
f 2782/852/431 2783/853/431 2780/850/431
f 2784/854/431 2785/855/431 2781/851/431
f 2785/855/431 2786/856/431 2783/853/431
f 2787/857/431 2788/858/431 2784/854/431
f 2788/858/431 2789/859/431 2786/856/431
f 2790/802/1944 2791/802/1945 2792/802/1946
f 2790/802/1944 2792/802/1946 2793/802/1947
f 2794/860/431 2795/861/431 2787/857/431
f 2796/802/1948 2797/802/1949 2798/802/1945
f 2799/802/1950 2800/802/1951 2801/802/1952
f 2795/861/431 2802/862/431 2789/859/431
f 2791/802/1945 2803/802/1953 2792/802/1946
f 2804/802/1495 2805/802/1495 2806/802/1495
f 2807/863/431 2808/864/431 2794/860/431
f 2798/802/1945 2809/802/1953 2810/802/1954
f 2811/802/1497 2812/802/1497 2813/802/1497
f 2808/864/431 2814/865/431 2802/862/431
f 2815/802/1954 2816/802/1955 2803/802/1953
f 2817/802/1495 2818/802/1495 2805/802/1495
f 2819/866/431 2820/867/431 2807/863/431
f 2810/802/1954 2821/802/1955 2822/802/1956
f 2813/802/1497 2823/802/1497 2824/802/1497
f 2820/867/431 2825/868/431 2814/865/431
f 2826/802/1956 2827/802/1957 2816/802/1955
f 2828/802/1495 2829/802/1495 2818/802/1495
f 2830/869/431 2831/870/431 2819/866/431
f 2822/802/1956 2832/802/1957 2833/802/1958
f 2824/802/1497 2834/802/1497 2835/802/1497
f 2831/870/431 2836/871/431 2825/868/431
f 2837/802/1959 2827/802/1957 2838/802/1958
f 2839/802/1495 2840/802/1495 2829/802/1495
f 2841/872/431 2842/873/431 2830/869/431
f 2832/802/1957 2843/802/1959 2833/802/1958
f 2835/802/1497 2844/802/1497 2845/802/1497
f 2842/873/431 2846/874/431 2836/871/431
f 2847/802/1960 2848/802/1961 2837/802/1959
f 2849/802/1495 2840/802/1495 2850/802/1495
f 2851/875/431 2852/876/431 2841/872/431
f 2853/802/1961 2854/802/1960 2843/802/1959
f 2844/802/1497 2855/802/1497 2845/802/1497
f 2852/876/431 2856/877/431 2846/874/431
f 2857/802/1962 2858/802/1963 2847/802/1960
f 2859/802/1495 2860/802/1495 2849/802/1495
f 2861/878/431 2862/879/431 2851/875/431
f 2863/802/1963 2864/802/1962 2854/802/1960
f 2865/802/1497 2866/802/1497 2855/802/1497
f 2862/879/431 2867/880/431 2856/877/431
f 2868/802/1964 2869/802/1965 2857/802/1962
f 2870/802/1495 2871/802/1495 2859/802/1495
f 2872/881/431 2873/882/431 2861/878/431
f 2874/802/1965 2875/802/1964 2864/802/1962
f 2876/802/1497 2877/802/1497 2866/802/1497
f 2873/882/431 2878/883/431 2867/880/431
f 2879/802/1966 2880/802/1967 2868/802/1964
f 2881/802/1495 2882/802/1495 2870/802/1495
f 2883/884/431 2884/885/431 2872/881/431
f 2885/802/1967 2886/802/1966 2875/802/1964
f 2887/802/1497 2888/802/1497 2877/802/1497
f 2884/885/431 2889/886/431 2878/883/431
f 2890/802/1968 2891/802/1969 2879/802/1966
f 2892/802/1495 2893/802/1495 2881/802/1495
f 2894/887/431 2895/888/431 2883/884/431
f 2896/802/1969 2897/802/1968 2886/802/1966
f 2898/802/1497 2899/802/1497 2888/802/1497
f 2895/888/431 2900/889/431 2889/886/431
f 2901/802/1970 2902/802/1971 2890/802/1968
f 2903/802/1495 2904/802/1495 2892/802/1495
f 2905/890/431 2906/891/431 2894/887/431
f 2907/802/1971 2908/802/1970 2897/802/1968
f 2909/802/1497 2910/802/1497 2899/802/1497
f 2906/891/431 2911/892/431 2900/889/431
f 2901/802/1970 2912/802/1972 2913/802/1973
f 2914/802/1974 2915/802/1975 2916/802/1976
f 2905/890/431 2917/893/431 2918/894/431
f 2908/802/1970 2919/802/1977 2920/802/1978
f 2919/802/1977 2921/802/1979 2920/802/1978
f 2911/892/431 2917/893/431 2922/895/431
f 2923/896/431 2917/893/431 2924/897/431
f 2917/893/431 2925/898/431 2922/895/431
f 2926/899/431 2927/900/431 2923/896/431
f 2927/900/431 2928/901/431 2925/898/431
f 2929/902/431 2930/903/431 2926/899/431
f 2930/903/431 2931/904/431 2928/901/431
f 2932/905/431 2933/906/431 2929/902/431
f 2933/906/431 2934/907/431 2931/904/431
f 2935/908/431 2936/909/431 2932/905/431
f 2936/909/431 2937/910/431 2934/907/431
f 2938/911/431 2939/912/431 2935/908/431
f 2939/912/431 2940/913/431 2937/910/431
f 2941/914/431 2942/915/431 2938/911/431
f 2942/915/431 2943/916/431 2940/913/431
f 2944/400/1980 2945/400/1980 2946/400/1980
f 2947/400/1981 2948/400/1981 2949/400/1981
f 2950/400/1495 2951/400/1495 2952/400/1495
f 2953/400/1982 2954/400/1982 2955/400/1982
f 2956/400/1983 2957/400/1983 2958/400/1983
f 2959/400/1984 2960/400/1984 2961/400/1984
f 2962/400/1985 2963/400/1985 2964/400/1985
f 2965/400/1497 2966/400/1497 2967/400/1497
f 2968/400/1986 2969/400/1986 2970/400/1986
f 2971/400/1987 2972/400/1987 2973/400/1987
f 2974/410/1661 2975/410/1661 2976/410/1661
f 2977/400/1980 2978/400/1980 2979/400/1980
f 2980/400/1981 2981/400/1981 2982/400/1981
f 2983/400/1495 2984/400/1495 2985/400/1495
f 2986/400/1982 2987/400/1982 2988/400/1982
f 2989/400/1983 2990/400/1983 2991/400/1983
f 2992/400/1984 2993/400/1984 2994/400/1984
f 2995/400/1985 2996/400/1985 2997/400/1985
f 2998/400/1497 2999/400/1497 3000/400/1497
f 3001/400/1986 3002/400/1986 3003/400/1986
f 3004/400/1987 3005/400/1987 3006/400/1987
f 3007/410/1661 3008/410/1661 3009/410/1661
f 2629/779/431 2634/784/431 2630/780/431
f 2632/782/431 2631/781/431 2630/780/431
f 2634/784/431 2637/787/431 2635/785/431
f 2633/783/431 2630/780/431 2635/785/431
f 2637/787/431 2640/790/431 2638/788/431
f 2636/786/431 2635/785/431 2638/788/431
f 2640/790/431 2643/793/431 2641/791/431
f 2639/789/431 2638/788/431 2641/791/431
f 2643/793/431 2646/796/431 2644/794/431
f 2642/792/431 2641/791/431 2644/794/431
f 2646/796/431 2649/799/431 2647/797/431
f 2645/795/431 2644/794/431 2647/797/431
f 2649/799/431 2657/804/431 2650/800/431
f 2648/798/431 2647/797/431 2650/800/431
f 2656/803/431 2670/807/431 2650/800/431
f 2650/800/431 2670/807/431 2664/805/431
f 2653/802/1913 2677/802/1922 2665/802/1921
f 2666/802/1495 2679/802/1495 2667/802/1495
f 2669/806/431 2682/810/431 2670/807/431
f 2660/802/1913 2659/802/1917 2671/802/1921
f 2673/802/1497 3010/802/1497 2674/802/1497
f 2670/807/431 2682/810/431 2676/808/431
f 2677/802/1922 2688/802/1924 2678/802/1923
f 2679/802/1495 2690/802/1495 2680/802/1495
f 2681/809/431 2693/813/431 2682/810/431
f 2672/802/1922 2671/802/1921 2683/802/1923
f 2675/802/1497 2674/802/1497 2685/802/1497
f 2682/810/431 2693/813/431 2687/811/431
f 2688/802/1924 2700/802/1926 2689/802/1925
f 2690/802/1495 2701/802/1495 2691/802/1495
f 2692/812/431 2704/816/431 2693/813/431
f 2684/802/1924 2683/802/1923 2694/802/1925
f 2686/802/1497 2685/802/1497 2696/802/1497
f 2693/813/431 2704/816/431 2698/814/431
f 2699/802/1927 2710/802/1929 2689/802/1925
f 2701/802/1495 2712/802/1495 2702/802/1495
f 2703/815/431 2714/819/431 2704/816/431
f 2694/802/1925 2715/802/1929 2705/802/1927
f 2697/802/1497 2696/802/1497 2706/802/1497
f 2704/816/431 2714/819/431 2708/817/431
f 2709/802/1928 2720/802/1931 2710/802/1929
f 2711/802/1495 2722/802/1495 2702/802/1495
f 2713/818/431 2724/822/431 2714/819/431
f 2715/802/1929 2725/802/1931 2716/802/1928
f 2706/802/1497 2727/802/1497 2717/802/1497
f 2714/819/431 2724/822/431 2718/820/431
f 2719/802/1930 2731/802/1933 2720/802/1931
f 2721/802/1495 2733/802/1495 2722/802/1495
f 2723/821/431 2735/825/431 2724/822/431
f 2725/802/1931 2736/802/1933 2726/802/1930
f 2727/802/1497 2738/802/1497 2728/802/1497
f 2724/822/431 2735/825/431 2729/823/431
f 2730/802/1932 2742/802/1935 2731/802/1933
f 2732/802/1495 2744/802/1495 2733/802/1495
f 2734/824/431 2746/828/431 2735/825/431
f 2736/802/1933 2747/802/1935 2737/802/1932
f 2738/802/1497 2749/802/1497 2739/802/1497
f 2735/825/431 2746/828/431 2740/826/431
f 2741/802/1934 2753/802/1937 2742/802/1935
f 2743/802/1495 3011/802/1495 2744/802/1495
f 2745/827/431 2758/831/431 2746/828/431
f 2747/802/1935 2759/802/1941 2748/802/1934
f 2749/802/1497 3012/802/1497 2750/802/1497
f 2746/828/431 2758/831/431 2751/829/431
f 2745/827/431 2764/834/431 2757/830/431
f 2751/829/431 2758/831/431 2757/830/431
f 2763/833/431 2767/837/431 2757/830/431
f 2757/830/431 2767/837/431 2765/835/431
f 2766/836/431 2770/840/431 2767/837/431
f 2767/837/431 2770/840/431 2768/838/431
f 2769/839/431 2773/843/431 2770/840/431
f 2770/840/431 2773/843/431 2771/841/431
f 2772/842/431 2776/846/431 2773/843/431
f 2773/843/431 2776/846/431 2774/844/431
f 2775/845/431 2779/849/431 2776/846/431
f 2776/846/431 2779/849/431 2777/847/431
f 2778/848/431 2782/852/431 2779/849/431
f 2779/849/431 2782/852/431 2780/850/431
f 2781/851/431 2785/855/431 2782/852/431
f 2782/852/431 2785/855/431 2783/853/431
f 2784/854/431 2788/858/431 2785/855/431
f 2785/855/431 2788/858/431 2786/856/431
f 2787/857/431 2795/861/431 2788/858/431
f 2788/858/431 2795/861/431 2789/859/431
f 2794/860/431 2808/864/431 2795/861/431
f 2795/861/431 2808/864/431 2802/862/431
f 2791/802/1945 2815/802/1954 2803/802/1953
f 2804/802/1495 2817/802/1495 2805/802/1495
f 2807/863/431 2820/867/431 2808/864/431
f 2798/802/1945 2797/802/1949 2809/802/1953
f 2811/802/1497 3013/802/1497 2812/802/1497
f 2808/864/431 2820/867/431 2814/865/431
f 2815/802/1954 2826/802/1956 2816/802/1955
f 2817/802/1495 2828/802/1495 2818/802/1495
f 2819/866/431 2831/870/431 2820/867/431
f 2810/802/1954 2809/802/1953 2821/802/1955
f 2813/802/1497 2812/802/1497 2823/802/1497
f 2820/867/431 2831/870/431 2825/868/431
f 2826/802/1956 2838/802/1958 2827/802/1957
f 2828/802/1495 2839/802/1495 2829/802/1495
f 2830/869/431 2842/873/431 2831/870/431
f 2822/802/1956 2821/802/1955 2832/802/1957
f 2824/802/1497 2823/802/1497 2834/802/1497
f 2831/870/431 2842/873/431 2836/871/431
f 2837/802/1959 2848/802/1961 2827/802/1957
f 2839/802/1495 2850/802/1495 2840/802/1495
f 2841/872/431 2852/876/431 2842/873/431
f 2832/802/1957 2853/802/1961 2843/802/1959
f 2835/802/1497 2834/802/1497 2844/802/1497
f 2842/873/431 2852/876/431 2846/874/431
f 2847/802/1960 2858/802/1963 2848/802/1961
f 2849/802/1495 2860/802/1495 2840/802/1495
f 2851/875/431 2862/879/431 2852/876/431
f 2853/802/1961 2863/802/1963 2854/802/1960
f 2844/802/1497 2865/802/1497 2855/802/1497
f 2852/876/431 2862/879/431 2856/877/431
f 2857/802/1962 2869/802/1965 2858/802/1963
f 2859/802/1495 2871/802/1495 2860/802/1495
f 2861/878/431 2873/882/431 2862/879/431
f 2863/802/1963 2874/802/1965 2864/802/1962
f 2865/802/1497 2876/802/1497 2866/802/1497
f 2862/879/431 2873/882/431 2867/880/431
f 2868/802/1964 2880/802/1967 2869/802/1965
f 2870/802/1495 2882/802/1495 2871/802/1495
f 2872/881/431 2884/885/431 2873/882/431
f 2874/802/1965 2885/802/1967 2875/802/1964
f 2876/802/1497 2887/802/1497 2877/802/1497
f 2873/882/431 2884/885/431 2878/883/431
f 2879/802/1966 2891/802/1969 2880/802/1967
f 2881/802/1495 2893/802/1495 2882/802/1495
f 2883/884/431 2895/888/431 2884/885/431
f 2885/802/1967 2896/802/1969 2886/802/1966
f 2887/802/1497 2898/802/1497 2888/802/1497
f 2884/885/431 2895/888/431 2889/886/431
f 2890/802/1968 2902/802/1971 2891/802/1969
f 2892/802/1495 2904/802/1495 2893/802/1495
f 2894/887/431 2906/891/431 2895/888/431
f 2896/802/1969 2907/802/1971 2897/802/1968
f 2898/802/1497 2909/802/1497 2899/802/1497
f 2895/888/431 2906/891/431 2900/889/431
f 2901/802/1970 2913/802/1973 2902/802/1971
f 2903/802/1495 3014/802/1495 2904/802/1495
f 2905/890/431 2918/894/431 2906/891/431
f 2907/802/1971 2919/802/1977 2908/802/1970
f 2909/802/1497 3015/802/1497 2910/802/1497
f 2906/891/431 2918/894/431 2911/892/431
f 2905/890/431 2924/897/431 2917/893/431
f 2911/892/431 2918/894/431 2917/893/431
f 2923/896/431 2927/900/431 2917/893/431
f 2917/893/431 2927/900/431 2925/898/431
f 2926/899/431 2930/903/431 2927/900/431
f 2927/900/431 2930/903/431 2928/901/431
f 2929/902/431 2933/906/431 2930/903/431
f 2930/903/431 2933/906/431 2931/904/431
f 2932/905/431 2936/909/431 2933/906/431
f 2933/906/431 2936/909/431 2934/907/431
f 2935/908/431 2939/912/431 2936/909/431
f 2936/909/431 2939/912/431 2937/910/431
f 2938/911/431 2942/915/431 2939/912/431
f 2939/912/431 2942/915/431 2940/913/431
f 2941/914/431 3016/917/431 2942/915/431
f 2942/915/431 3016/917/431 2943/916/431
f 2944/400/1980 3017/400/1980 2945/400/1980
f 2947/400/1981 3018/400/1981 2948/400/1981
f 2950/400/1495 3019/400/1495 2951/400/1495
f 2953/400/1982 3020/400/1982 2954/400/1982
f 2956/400/1983 3021/400/1983 2957/400/1983
f 2959/400/1984 3022/400/1984 2960/400/1984
f 2962/400/1985 3023/400/1985 2963/400/1985
f 2965/400/1497 3024/400/1497 2966/400/1497
f 2968/400/1986 3025/400/1986 2969/400/1986
f 2971/400/1987 3026/400/1987 2972/400/1987
f 2975/410/1661 3027/410/1661 2976/410/1661
f 3027/410/1661 3028/410/1661 2976/410/1661
f 3028/410/1661 3029/410/1661 2976/410/1661
f 2976/410/1661 3030/410/1661 3031/410/1661
f 3031/410/1661 3032/410/1661 2976/410/1661
f 3032/410/1661 3033/410/1661 2976/410/1661
f 3033/410/1661 2974/410/1661 2976/410/1661
f 2977/400/1980 3034/400/1980 2978/400/1980
f 2980/400/1981 3035/400/1981 2981/400/1981
f 2983/400/1495 3036/400/1495 2984/400/1495
f 2986/400/1982 3037/400/1982 2987/400/1982
f 2989/400/1983 3038/400/1983 2990/400/1983
f 2992/400/1984 3039/400/1984 2993/400/1984
f 2995/400/1985 3040/400/1985 2996/400/1985
f 2998/400/1497 3041/400/1497 2999/400/1497
f 3001/400/1986 3042/400/1986 3002/400/1986
f 3004/400/1987 3043/400/1987 3005/400/1987
f 3044/410/1661 3045/410/1661 3046/410/1661
f 3046/410/1661 3047/410/1661 3007/410/1661
f 3007/410/1661 3048/410/1661 3008/410/1661
f 3008/410/1661 3049/410/1661 3009/410/1661
f 3009/410/1661 3050/410/1661 3007/410/1661
f 3050/410/1661 3044/410/1661 3007/410/1661
f 3044/410/1661 3046/410/1661 3007/410/1661
f 421/311/421 3051/311/421 422/311/421
f 424/311/422 3052/311/422 425/311/422
f 427/311/423 3053/311/423 428/311/423
f 430/311/424 3054/311/424 431/311/424
f 433/311/425 3055/311/425 434/311/425
f 436/311/426 3056/311/426 437/311/426
f 439/311/427 3057/311/427 440/311/427
f 442/311/428 3058/311/428 443/311/428
f 445/311/429 3059/311/429 446/311/429
f 448/311/430 3060/311/430 449/311/430
f 451/311/421 3061/311/421 452/311/421
f 454/311/422 3062/311/422 455/311/422
f 457/311/423 3063/311/423 458/311/423
f 460/311/424 3064/311/424 461/311/424
f 463/311/425 3065/311/425 464/311/425
f 466/311/426 3066/311/426 467/311/426
f 469/311/427 3067/311/427 470/311/427
f 472/311/428 3068/311/428 473/311/428
f 475/311/429 3069/311/429 476/311/429
f 478/311/430 3070/311/430 479/311/430
f 481/311/431 3071/311/431 482/311/431
f 484/311/431 481/311/431 483/311/432
f 486/311/431 484/311/431 485/311/431
f 488/311/431 492/311/431 489/311/433
f 491/311/431 3072/311/431 492/311/431
f 493/311/431 3072/311/431 491/311/431
f 495/311/431 499/311/431 496/311/431
f 498/311/431 501/311/431 499/311/431
f 500/311/432 503/311/431 501/311/431
f 502/311/431 3073/311/432 503/311/431
f 686/311/615 3074/311/615 687/311/615
f 689/311/616 3075/311/616 690/311/616
f 692/311/617 3076/311/617 693/311/617
f 695/311/618 3077/311/618 696/311/618
f 698/311/619 3078/311/619 699/311/619
f 701/311/620 3079/311/620 702/311/620
f 704/311/621 3080/311/621 705/311/621
f 707/311/622 3081/311/622 708/311/622
f 710/311/623 3082/311/623 711/311/623
f 713/311/624 3083/311/624 714/311/624
f 716/311/615 3084/311/615 717/311/615
f 719/311/616 3085/311/616 720/311/616
f 722/311/617 3086/311/617 723/311/617
f 725/311/618 3087/311/618 726/311/618
f 728/311/619 3088/311/619 729/311/619
f 731/311/620 3089/311/620 732/311/620
f 734/311/621 3090/311/621 735/311/621
f 737/311/622 3091/311/622 738/311/622
f 740/311/623 3092/311/623 741/311/623
f 743/311/624 3093/311/624 744/311/624
f 746/311/431 3094/311/431 747/311/431
f 748/311/625 747/311/431 749/311/431
f 750/311/431 749/311/431 751/311/431
f 753/311/431 756/311/431 754/311/431
f 756/311/431 3095/311/431 757/311/431
f 757/311/431 3095/311/431 758/311/431
f 760/311/431 763/311/431 761/311/431
f 763/311/431 765/311/431 764/311/431
f 765/311/431 767/311/431 766/311/625
f 767/311/431 3096/311/625 768/311/431
f 3097/400/1988 3098/400/1988 3099/400/1988
f 937/400/787 3100/400/787 938/400/787
f 3101/400/1989 3102/400/1989 3103/400/1989
f 943/400/789 3104/400/1990 944/400/789
f 3105/400/1991 3106/400/1991 3107/400/1991
f 949/400/791 3108/400/791 950/400/791
f 952/400/792 3109/400/792 953/400/792
f 3110/400/1992 3111/400/1992 3112/400/1992
f 3113/409/1993 3114/409/1993 3115/409/1993
f 969/409/803 3116/409/1994 970/409/803
f 3117/409/1995 3118/409/1996 3119/409/1995
f 975/409/806 3120/409/806 976/409/806
f 3121/409/1997 3122/409/1997 3123/409/1998
f 981/409/809 3124/409/809 982/409/809
f 984/409/810 3125/409/810 985/409/810
f 987/409/811 3126/409/811 988/409/811
f 998/409/820 3127/409/820 999/409/820
f 3128/409/1999 3129/409/1999 3130/409/1999
f 1004/409/822 3131/409/822 1005/409/822
f 1007/409/824 3132/409/824 1008/409/824
f 3133/409/2000 3134/409/825 3135/409/2000
f 1013/409/826 3136/409/826 1014/409/826
f 3137/409/2001 3138/409/2001 3139/409/2001
f 1019/409/828 3140/409/828 1020/409/829
f 3141/409/839 3142/409/839 3143/409/839
f 1033/409/840 3144/409/840 1034/409/840
f 3145/409/841 3146/409/2002 3147/409/841
f 1039/409/842 3148/409/842 1040/409/842
f 1042/409/843 3149/409/843 1043/409/843
f 1045/409/844 3150/409/844 1046/409/844
f 3151/409/2003 3152/409/2003 3153/409/2003
f 3154/409/2004 3155/409/2004 3156/409/2004
f 1062/400/855 3157/400/855 1063/400/855
f 1065/400/856 3158/400/856 1066/400/856
f 3159/400/2005 3160/400/2005 3161/400/2005
f 1071/400/858 3162/400/858 1072/400/858
f 3163/400/2006 3164/400/2006 3165/400/2006
f 1077/400/860 3166/400/860 1078/400/860
f 3167/400/2007 3168/400/2007 3169/400/2007
f 3170/400/2008 3171/400/2008 3172/400/2008
f 1094/409/871 3173/409/871 1095/409/871
f 1097/409/872 3174/409/872 3175/409/2009
f 1100/409/2010 3176/409/873 3177/409/2010
f 1103/409/874 3178/409/874 1104/409/874
f 3179/409/2011 3180/409/2011 3181/409/2011
f 1109/409/876 3182/409/876 1110/409/876
f 3183/409/2012 3184/409/2012 3185/409/2012
f 1115/409/879 3186/409/879 1116/409/879
f 3187/409/2013 3188/409/2013 3189/409/2013
f 1129/409/889 3190/409/889 1130/409/889
f 3191/409/2014 3192/409/2014 3193/409/2014
f 1135/409/891 3194/409/891 1136/409/891
f 3195/409/2015 3196/409/2015 3197/409/2015
f 3198/409/2016 3199/409/2016 3200/409/2016
f 1144/409/894 3201/409/894 1145/409/894
f 3202/409/2017 3203/409/2017 3204/409/2017
f 3205/409/2018 3206/409/2018 3207/409/2018
f 1161/409/905 3208/409/905 1162/409/905
f 1164/409/906 3209/409/906 1165/409/906
f 1167/409/907 3210/409/907 1168/409/907
f 3211/409/2019 3212/409/2020 3213/409/2019
f 1173/409/910 3214/409/910 1174/409/910
f 1176/409/911 3215/409/911 1177/409/911
f 3216/409/2021 3217/409/2021 3218/409/2021
f 1190/410/921 3219/410/2022 1191/410/922
f 1193/410/924 3220/410/2023 1194/410/925
f 1196/410/927 3221/410/2024 1197/410/928
f 1199/410/930 3222/410/2025 1200/410/931
f 1202/410/933 3223/410/2026 1203/410/934
f 1205/410/936 3224/410/2027 1206/410/937
f 1208/311/431 1211/311/431 1209/311/431
f 1211/311/431 1213/311/431 1212/311/431
f 1213/311/431 1215/311/431 1214/311/431
f 1215/311/431 1217/311/431 1216/311/431
f 1217/311/431 1220/311/431 1218/311/431
f 1219/311/431 1222/311/431 1218/311/431
f 1221/311/431 1224/311/431 1222/311/431
f 1223/311/431 1226/311/431 1224/311/431
f 1225/311/431 1228/311/431 1226/311/431
f 1227/311/431 3225/311/431 1228/311/431
f 3226/410/2028 3227/410/2029 3228/410/2029
f 3229/410/1075 3230/410/1075 3231/410/1075
f 3232/410/2030 3233/410/2030 3234/410/2030
f 1387/410/1077 3235/410/1077 1388/410/1077
f 1390/410/1078 3236/410/1078 1391/410/1078
f 1393/410/1079 3237/410/1079 1394/410/1079
f 3238/410/2031 3239/410/2031 3240/410/2031
f 3241/410/2032 3242/410/2032 3243/410/2032
f 1402/410/2033 3244/410/2033 1403/410/2033
f 3245/410/2034 3246/410/2034 3247/410/2034
f 1408/410/1084 3248/410/1084 1409/410/1084
f 3249/410/2035 3250/410/2035 3251/410/2035
f 1414/410/2036 3252/410/2036 1415/410/2036
f 1417/410/1087 3253/410/1087 1418/410/1088
f 3254/410/2037 3255/410/2037 3256/410/2037
f 1423/410/1090 3257/410/1090 3258/410/1090
f 1426/410/1092 3259/410/2038 3260/410/2038
f 1429/410/1093 3261/410/1093 1430/410/1093
f 3262/410/2039 3263/410/2039 3264/410/2039
f 3265/410/1095 3266/410/1095 3267/410/1095
f 3268/410/1097 3269/410/1097 1439/410/1097
f 1441/410/1098 3270/410/1098 1442/410/1098
f 3271/410/2040 3272/410/2040 3273/410/2040
f 3274/410/2041 3275/410/2041 3276/410/2041
f 1450/410/1101 3277/410/1101 1451/410/1101
f 3278/410/2042 3279/410/2042 3280/410/2042
f 1456/410/1103 3281/410/1103 1457/410/1103
f 3282/410/1104 3283/410/1104 3284/410/1104
f 3285/410/2043 3286/410/1105 1463/410/1105
f 3287/410/2044 3288/410/2044 3289/410/2044
f 3290/410/2045 3291/410/2045 3292/410/2045
f 3293/410/2046 3294/410/2046 3295/410/2046
f 3296/410/2047 3297/410/2047 3298/410/2047
f 1477/410/1110 3299/410/1110 1478/410/1110
f 3300/410/1111 3301/410/1111 3302/410/1111
f 1483/410/1112 3303/410/1112 1484/410/1112
f 3304/410/2048 3305/410/2048 3306/410/2048
f 1489/410/1115 3307/410/1115 1490/410/1115
f 3308/410/2049 3309/410/2049 3310/410/2049
f 3311/410/2050 3312/410/2050 3313/410/2050
f 1498/410/1120 3314/410/1120 1499/410/1120
f 1554/311/431 1558/311/431 1555/311/431
f 1557/311/431 1560/311/431 1558/311/431
f 1559/311/431 1562/311/431 1560/311/431
f 1561/311/431 1564/311/431 1562/311/431
f 1563/311/431 1566/311/431 1564/311/431
f 1563/311/431 1567/311/431 1565/311/431
f 1567/311/431 1569/311/431 1568/311/431
f 1569/311/431 1571/311/431 1570/311/431
f 1571/311/431 1573/311/431 1572/311/431
f 1573/311/431 3315/311/431 1574/311/431
f 1575/614/1174 1578/617/1177 1576/615/1175
f 1578/617/1177 1580/619/1179 1579/618/1178
f 1580/619/1179 1583/622/1182 1581/620/1180
f 1582/621/1181 1585/624/1184 1581/620/1180
f 1582/621/1181 1587/626/1186 1584/623/1183
f 1586/625/1185 1589/628/1188 1584/623/1183
f 1588/627/1187 1591/630/1190 1589/628/1188
f 1590/629/1189 3316/918/2051 1591/630/1190
f 1576/615/1175 1593/632/1192 1592/631/1191
f 1579/618/1178 1594/633/1193 1593/632/1192
f 1581/620/1180 1595/634/1194 1594/633/1193
f 1585/624/1184 1597/636/1196 1595/634/1194
f 1585/624/1184 1584/623/1183 1596/635/1195
f 1584/623/1183 1589/628/1188 1598/637/1197
f 1589/628/1188 1591/630/1190 1599/638/1198
f 1591/630/1190 3316/918/2051 1600/639/1199
f 1593/632/1192 1602/641/1201 1601/640/1200
f 1594/633/1193 1603/642/1202 1602/641/1201
f 1595/634/1194 1604/643/1203 1603/642/1202
f 1597/636/1196 1606/645/1205 1604/643/1203
f 1597/636/1196 1596/635/1195 1605/644/1204
f 1596/635/1195 1598/637/1197 1607/646/1206
f 1598/637/1197 1599/638/1198 1608/647/1207
f 1599/638/1198 1600/639/1199 1609/648/1208
f 1610/649/1201 1614/653/1210 1611/650/1209
f 1613/652/1202 1616/655/1211 1614/653/1210
f 1615/654/1203 1618/657/1212 1616/655/1211
f 1617/656/1205 1620/658/1214 1618/657/1212
f 1617/656/1205 1621/654/1204 1619/657/1213
f 1621/654/1204 1623/652/1206 1622/655/1215
f 1623/652/1206 1625/649/1207 1624/653/1216
f 1625/649/1207 3317/651/1208 1626/650/1217
f 1614/653/1210 1628/660/1219 1627/659/1218
f 1616/655/1211 1629/661/1220 1628/660/1219
f 1618/657/1212 1630/662/1221 1629/661/1220
f 1620/658/1214 1632/663/1223 1630/662/1221
f 1620/658/1214 1619/657/1213 1631/662/1222
f 1619/657/1213 1622/655/1215 1633/661/1224
f 1622/655/1215 1624/653/1216 1634/660/1225
f 1624/653/1216 1626/650/1217 1635/659/1226
f 1628/660/1219 1637/665/1228 1636/664/1227
f 1629/661/1220 1638/666/1229 1637/665/1228
f 1630/662/1221 1639/667/1230 1638/666/1229
f 1632/663/1223 1641/668/1232 1639/667/1230
f 1632/663/1223 1631/662/1222 1640/667/1231
f 1631/662/1222 1633/661/1224 1642/666/1233
f 1633/661/1224 1634/660/1225 1643/665/1234
f 1634/660/1225 1635/659/1226 1644/664/1235
f 1636/664/1227 1637/665/1228 1645/669/1236
f 1637/665/1228 1638/666/1229 1647/671/1238
f 1638/666/1229 1639/667/1230 1648/672/1239
f 1639/667/1230 1641/668/1232 1649/673/1240
f 1640/667/1231 1650/672/1241 1649/673/1240
f 1642/666/1233 1651/671/1242 1650/672/1241
f 1643/665/1234 1652/669/1243 1651/671/1242
f 1644/664/1235 3318/670/1253 1652/669/1243
f 1653/674/1237 1656/677/1246 1654/675/1244
f 1656/677/1246 1658/679/1238 1657/678/1247
f 1658/679/1238 1660/681/1239 1659/680/1248
f 1660/681/1239 1663/684/1240 1661/682/1249
f 1662/683/1241 1665/686/1250 1661/682/1249
f 1664/685/1242 1667/688/1252 1665/686/1250
f 1666/687/1251 1669/690/1254 1667/688/1252
f 1668/689/1253 1677/698/1262 1669/690/1254
f 1655/676/1245 1654/675/1244 1670/691/1255
f 1654/675/1244 1657/678/1247 1672/693/1257
f 1657/678/1247 1659/680/1248 1673/694/1258
f 1659/680/1248 1661/682/1249 1674/695/1259
f 1665/686/1250 1675/696/1260 1674/695/1259
f 1667/688/1252 1676/697/1261 1675/696/1260
f 1669/690/1254 1678/699/1263 1676/697/1261
f 1677/698/1262 3319/919/2052 1678/699/1263
f 1771/410/1337 1775/410/1341 1772/410/1338
f 1774/410/1340 3320/410/2053 1775/410/1341
f 1859/410/1406 1862/410/1409 1860/410/1407
f 1862/410/1409 3321/410/2054 1863/410/1410
f 1864/410/1411 1868/410/1415 1865/410/1412
f 1867/410/1414 3322/410/2055 1868/410/1415
f 1869/410/1416 3323/410/2056 1870/410/1417
f 1872/410/1419 3324/410/2057 1873/410/1420
f 1875/410/1422 1878/410/1425 1876/410/1423
f 1878/410/1425 3325/410/2058 1879/410/1426
f 1880/410/1427 3326/410/2059 1881/410/1428
f 1883/410/1430 3327/410/2060 1884/410/1431
f 1886/733/1433 1889/733/1436 1887/733/1434
f 1889/733/1436 1892/733/1439 1890/733/1437
f 1891/733/1438 1894/733/1441 1890/733/1437
f 1893/733/1440 3328/733/2061 1894/733/1441
f 3329/410/1461 3330/410/1442 1895/410/1442
f 1895/410/1442 3331/410/1443 1896/410/1443
f 1896/410/1443 3332/410/1442 1897/410/1442
f 1897/410/1442 3333/410/1442 3329/410/1461
f 3329/410/1461 1895/410/1442 1897/410/1442
f 1898/410/1444 3334/410/1446 1899/410/1445
f 1901/410/1447 3335/410/1448 1902/410/1448
f 1904/410/1449 3336/410/1449 1905/410/1449
f 1907/410/1450 3337/410/1450 1908/410/1450
f 1910/410/1451 3338/410/1451 1911/410/1451
f 1913/410/1453 3339/410/2062 1914/410/1454
f 1916/410/1455 3340/410/1455 1917/410/1455
f 1919/410/1456 3341/410/2063 1920/410/1456
f 3342/410/1457 3343/410/2064 1924/410/625
f 3343/410/2064 3344/410/2064 1922/410/1457
f 1924/410/625 3343/410/2064 1922/410/1457
f 1922/410/1457 3345/410/432 1923/410/1457
f 1923/410/1457 3346/410/2065 1924/410/625
f 1925/410/1458 3347/410/1460 1926/410/1459
f 1928/410/1461 3348/410/1461 1929/410/1462
f 1931/410/1463 3349/410/2066 1932/410/1464
f 1929/410/1462 3350/410/1442 1934/410/1443
f 1935/410/1466 3351/410/1467 1936/410/1467
f 1934/410/1443 3350/410/1442 1938/410/1461
f 1940/410/1469 3352/410/2067 1941/410/1469
f 1938/410/1461 3353/410/1461 1943/410/1461
f 1944/410/1470 3354/410/1470 1945/410/1471
f 1943/410/1461 3353/410/1461 1947/410/1462
f 1949/410/1472 3355/410/2068 1950/410/1473
f 1947/410/1462 3356/410/1475 1952/410/1475
f 1953/410/1476 3357/410/2069 1954/410/1476
f 1952/410/1475 3356/410/1475 1956/410/1442
f 1958/410/1478 3358/410/1478 1959/410/1478
f 1956/410/1442 3348/410/1461 1928/410/1461
f 1961/734/1479 1964/737/1482 1962/735/1480
f 1964/737/1482 1968/741/1486 1965/738/1483
f 1966/739/1484 1967/740/1485 1964/737/1482
f 1967/740/1485 3359/748/2070 1968/741/1486
f 1969/742/1487 1973/744/1491 1970/60/1488
f 1972/743/1490 3360/109/2071 1970/60/1488
f 1976/410/423 3361/410/423 1974/410/1492
f 1974/410/1492 3362/410/1559 1975/410/1493
f 1979/410/1496 3363/410/1496 1977/410/1494
f 1978/410/1495 3364/410/2072 1979/410/1496
f 1982/410/1498 3365/410/1498 1980/410/1497
f 3365/410/1497 3366/410/1497 1980/410/1497
f 1983/410/1499 3367/410/2064 1984/410/432
f 1986/410/1500 3368/410/1501 1987/410/1500
f 1989/410/1502 1992/410/1503 1990/410/1503
f 1992/410/1503 1994/410/1493 1975/410/1493
f 1993/410/1493 1976/410/423 1975/410/1493
f 1989/410/1502 1991/410/1504 1976/410/423
f 1995/745/423 3369/920/423 1996/746/423
f 3370/410/1475 3371/410/1442 1998/410/1442
f 1998/410/1442 3372/410/1523 1999/410/1443
f 1999/410/1443 3373/410/2073 2000/410/1442
f 2000/410/1442 3374/410/1475 3370/410/1475
f 3370/410/1475 1998/410/1442 2000/410/1442
f 2001/410/1505 3375/410/1507 2002/410/1506
f 2004/410/1508 3376/410/1509 2005/410/1509
f 2007/410/1510 3377/410/1510 2008/410/1511
f 2010/410/1512 3378/410/1512 2011/410/1512
f 2013/410/1513 3379/410/1513 2014/410/1513
f 2016/410/1514 3380/410/2074 2017/410/1514
f 2019/410/1516 3381/410/1517 2020/410/1517
f 2022/410/1519 3382/410/1520 2023/410/1520
f 3383/410/2075 3384/410/2075 2027/410/1457
f 3384/410/2075 3385/410/1457 2025/410/431
f 2025/410/431 3386/410/432 2026/410/1457
f 3384/410/2075 2025/410/431 2027/410/1457
f 3387/410/2075 2027/410/1457 2026/410/1457
f 2028/410/1521 3388/410/2076 2029/410/1522
f 2031/410/1461 3389/410/1461 2032/410/1523
f 2034/410/1524 3390/410/1524 2035/410/1524
f 2032/410/1523 3391/410/1442 2037/410/1475
f 2038/410/1525 3392/410/2077 2039/410/1526
f 2037/410/1475 3391/410/1442 2041/410/1442
f 2043/410/1527 3393/410/1529 2044/410/1528
f 2041/410/1442 3394/410/1442 2046/410/1442
f 2047/410/1530 3395/410/1532 2048/410/1531
f 2046/410/1442 3394/410/1442 2050/410/1533
f 2052/410/1535 3396/410/2078 2053/410/1536
f 2050/410/1533 3397/410/1475 2055/410/1475
f 2056/410/1538 3398/410/2079 2057/410/1538
f 2055/410/1475 3397/410/1475 2059/410/1442
f 2061/410/1539 3399/410/1539 2062/410/1539
f 2059/410/1442 3389/410/1461 2031/410/1461
f 2064/739/1541 2069/734/1546 2065/737/1542
f 2066/740/1543 2065/737/1542 2067/741/1544
f 2069/734/1546 3400/736/2080 2070/735/1547
f 2065/737/1542 2070/735/1547 2071/738/1548
f 2072/60/1549 2076/744/1553 2073/742/1550
f 2072/60/1549 3401/109/2081 2075/743/1552
f 2079/410/1493 3402/410/2082 2077/410/1492
f 2077/410/1492 3403/410/2083 2078/410/423
f 2082/410/1495 3404/410/1495 2080/410/1495
f 2081/410/1554 3405/410/1495 2082/410/1495
f 2083/410/1555 3406/410/2084 2084/410/1555
f 2084/410/1555 3407/410/1555 2085/410/1497
f 2086/410/1556 3408/410/2075 2087/410/431
f 2089/410/1501 3409/410/1501 2090/410/1557
f 2092/410/1558 2095/410/1503 2093/410/1504
f 2092/410/1558 2096/410/1493 2078/410/423
f 2096/410/1493 2097/410/1559 2079/410/1493
f 2094/410/1558 2093/410/1504 2079/410/1493
f 2098/745/423 3410/920/423 2099/746/423
f 2101/749/1560 2104/749/1561 2102/749/1561
f 2104/749/1561 2106/749/1563 2105/749/1562
f 2106/749/1563 2108/749/1565 2107/749/1564
f 2108/749/1565 2110/749/1567 2109/749/1566
f 2110/749/1567 2112/749/1569 2111/749/1568
f 2112/749/1569 2114/749/1571 2113/749/1570
f 2114/749/1571 2116/749/1573 2115/749/1572
f 2116/749/1573 2118/749/1575 2117/749/1574
f 2118/749/1575 2120/749/1576 2119/749/1576
f 2120/749/1576 2122/749/1578 2121/749/1577
f 2122/749/1578 2124/749/1580 2123/749/1579
f 2124/749/1580 2126/749/1582 2125/749/1581
f 2126/749/1582 2128/749/1584 2127/749/1583
f 2128/749/1584 2130/749/1586 2129/749/1585
f 2130/749/1586 2132/749/1588 2131/749/1587
f 2132/749/1588 3411/749/2085 2133/749/1589
f 2134/749/1590 2138/749/1594 2135/749/1591
f 2137/749/1593 2140/749/1596 2138/749/1594
f 2137/749/1593 2141/749/1597 2139/749/1595
f 2141/749/1597 2143/749/1599 2142/749/1598
f 2143/749/1599 2145/749/1601 2144/749/1600
f 2145/749/1601 2147/749/1603 2146/749/1602
f 2147/749/1603 2149/749/1605 2148/749/1604
f 2149/749/1605 2151/749/1607 2150/749/1606
f 2151/749/1607 2153/749/1609 2152/749/1608
f 2153/749/1609 2155/749/1611 2154/749/1610
f 2155/749/1611 2157/749/1613 2156/749/1612
f 2157/749/1613 2159/749/1615 2158/749/1614
f 2159/749/1615 2161/749/1617 2160/749/1616
f 2161/749/1617 2163/749/1619 2162/749/1618
f 2163/749/1619 2165/749/1621 2164/749/1620
f 2165/749/1621 3412/749/2086 2166/749/1622
f 2167/749/1623 3413/749/2087 2168/749/1624
f 2170/749/1626 3414/749/2088 2171/749/1627
f 2173/749/1629 3415/749/2089 2174/749/1630
f 2176/749/1631 3416/749/2090 2177/749/1632
f 2179/409/1633 3417/409/2091 2180/409/1634
f 2182/749/1636 2186/749/1639 2183/749/1637
f 2185/749/1638 2188/749/1641 2186/749/1639
f 2187/749/1640 2190/749/1643 2188/749/1641
f 2189/749/1642 2192/749/1645 2190/749/1643
f 2191/749/1644 2194/749/1647 2192/749/1645
f 2193/749/1646 2196/749/1649 2194/749/1647
f 2195/749/1648 2198/749/1648 2196/749/1649
f 2197/749/1650 2200/749/1650 2198/749/1648
f 2199/749/1651 2202/749/1653 2200/749/1650
f 2199/749/1651 2203/749/1654 2201/749/1652
f 2203/749/1654 2205/749/1656 2204/749/1655
f 2205/749/1656 2207/749/1657 2206/749/1657
f 2207/749/1657 2209/749/1659 2208/749/1658
f 2209/749/1659 3418/749/2092 2210/749/1660
f 2211/410/431 3419/410/431 2212/410/431
f 2214/410/1661 3420/410/1661 2215/410/1661
f 2217/410/1497 3421/410/1497 2218/410/1497
f 2220/410/1662 3422/410/1662 2221/410/1662
f 2223/410/1495 3423/410/1495 2224/410/1495
f 2226/410/1443 3424/410/1443 2227/410/1443
f 2229/750/1663 3425/753/1663 2230/751/1663
f 2232/753/1664 3426/756/1664 2233/754/1664
f 2235/755/1665 3427/758/1665 2236/754/1665
f 2238/757/1666 3428/759/1666 2239/758/1666
f 2241/757/1667 3429/755/1667 2242/758/1667
f 2244/755/1668 3430/756/1668 2245/754/1668
f 2247/753/1669 3431/751/1669 2248/754/1669
f 2250/750/1670 3432/752/1670 2251/751/1670
f 2253/751/1671 3433/761/1671 2254/760/1671
f 2256/754/1672 3434/754/1674 2257/761/1673
f 2259/754/1675 3435/758/1677 2260/762/1676
f 2262/758/1678 3436/759/1679 2263/763/1679
f 2265/758/1680 3437/762/1680 2266/763/1680
f 2268/754/1681 3438/754/1683 2269/762/1682
f 2271/754/1684 3439/751/1686 2272/761/1685
f 2274/751/1687 3440/752/1687 2275/760/1687
f 3441/761/1497 3442/760/1497 3443/761/1497
f 3443/761/1497 3444/754/1497 3441/761/1497
f 3444/754/1497 2279/762/1497 2278/754/1497
f 3441/761/1497 3444/754/1497 2278/754/1497
f 2279/762/1497 3445/763/1497 2277/762/1497
f 3446/410/1495 2282/410/1495 2281/410/1495
f 2282/410/1495 3447/410/1495 2280/410/1495
f 3447/410/1495 3448/410/1495 3449/410/1495
f 3448/410/1495 3450/410/1495 3449/410/1495
f 3449/410/1495 2280/410/1495 3447/410/1495
f 2283/764/1688 3451/764/2093 2284/764/1689
f 2286/749/1691 2290/749/1691 2287/749/1692
f 2289/749/1693 2292/749/1695 2290/749/1691
f 2291/749/1694 2294/749/1697 2292/749/1695
f 2293/749/1696 2296/749/1699 2294/749/1697
f 2295/749/1698 2298/749/1701 2296/749/1699
f 2297/749/1700 2300/749/1700 2298/749/1701
f 2299/749/1702 2302/749/1704 2300/749/1700
f 2301/749/1703 2304/749/1703 2302/749/1704
f 2303/749/1705 2306/749/1705 2304/749/1703
f 2305/749/1706 2308/749/1708 2306/749/1705
f 2307/749/1707 2310/749/1710 2308/749/1708
f 2309/749/1709 2312/749/1712 2310/749/1710
f 2311/749/1711 2314/749/1714 2312/749/1712
f 2313/749/1713 2316/749/1716 2314/749/1714
f 2315/749/1715 2318/749/1718 2316/749/1716
f 2317/749/1717 3452/749/2094 2318/749/1718
f 2319/749/1719 2322/749/1722 2320/749/1720
f 2322/749/1722 2325/749/1725 2323/749/1723
f 2324/749/1724 2327/749/1727 2323/749/1723
f 2326/749/1726 2329/749/1729 2327/749/1727
f 2328/749/1728 2331/749/1731 2329/749/1729
f 2330/749/1730 2333/749/1733 2331/749/1731
f 2332/749/1732 2335/749/1735 2333/749/1733
f 2334/749/1734 2337/749/1737 2335/749/1735
f 2336/749/1736 2339/749/1739 2337/749/1737
f 2338/749/1738 2341/749/1741 2339/749/1739
f 2340/749/1740 2343/749/1743 2341/749/1741
f 2342/749/1742 2345/749/1745 2343/749/1743
f 2344/749/1744 2347/749/1747 2345/749/1745
f 2346/749/1746 2349/749/1749 2347/749/1747
f 2348/749/1748 2351/749/1751 2349/749/1749
f 2350/749/1750 3453/749/2095 2351/749/1751
f 2352/749/1752 3454/749/2096 2353/749/1753
f 2355/749/1755 3455/749/2097 2356/749/1756
f 2358/749/1757 3456/749/2098 2359/749/1758
f 2361/749/1759 3457/749/2099 2362/749/1760
f 2364/409/1761 3458/409/2100 2365/409/1762
f 2367/749/1764 2370/749/1766 2368/749/1765
f 2370/749/1766 2372/749/1768 2371/749/1767
f 2372/749/1768 2374/749/1770 2373/749/1769
f 2374/749/1770 2376/749/1772 2375/749/1771
f 2376/749/1772 2378/749/1774 2377/749/1773
f 2378/749/1774 2380/749/1776 2379/749/1775
f 2380/749/1776 2382/749/1777 2381/749/1777
f 2382/749/1777 2384/749/1778 2383/749/1778
f 2384/749/1778 2387/749/1781 2385/749/1779
f 2386/749/1780 2389/749/1783 2385/749/1779
f 2388/749/1782 2391/749/1785 2389/749/1783
f 2390/749/1784 2393/749/1787 2391/749/1785
f 2392/749/1786 2395/749/1789 2393/749/1787
f 2394/749/1788 3459/749/2101 2395/749/1789
f 2396/749/1790 3460/749/2102 2397/749/1791
f 2399/749/1793 3461/749/2103 2400/749/1794
f 2402/749/1796 3462/749/2104 2403/749/1797
f 2405/749/1799 3463/749/2105 2406/749/1800
f 2408/749/1802 3464/749/2106 2409/749/1803
f 2411/749/1805 3465/749/2107 2412/749/1806
f 2414/749/1808 3466/749/1808 2415/749/1809
f 2417/749/1811 3467/749/1792 2418/749/1812
f 2420/410/431 3468/410/431 2421/410/431
f 2423/410/1661 3469/410/1661 2424/410/1661
f 2426/410/1497 3470/410/1497 2427/410/1497
f 2429/410/1662 3471/410/1662 2430/410/1662
f 2432/410/1495 3472/410/1495 2433/410/1495
f 2435/410/1443 3473/410/1443 2436/410/1443
f 2438/750/1667 3474/753/1667 2439/751/1667
f 2441/753/1668 3475/756/1668 2442/754/1668
f 2444/755/1669 3476/758/1669 2445/754/1669
f 2447/757/1670 3477/759/1670 2448/758/1670
f 2450/757/1663 3478/755/1663 2451/758/1663
f 2453/755/1664 3479/756/1664 2454/754/1664
f 2456/753/1665 3480/751/1665 2457/754/1665
f 2459/750/1666 3481/752/1666 2460/751/1666
f 2462/751/1680 3482/761/1680 2463/760/1680
f 2465/754/1681 3483/754/1683 2466/761/1682
f 2468/754/1684 3484/758/1686 2469/762/1685
f 2471/758/1814 3485/759/1687 2472/763/1687
f 2474/758/1671 3486/762/1671 2475/763/1671
f 2477/754/1672 3487/754/1674 2478/762/1673
f 2480/754/1675 3488/751/1677 2481/761/1676
f 2483/751/1679 3489/752/1679 2484/760/1679
f 3490/761/1497 3491/760/1497 3492/761/1497
f 3492/761/1497 3493/754/1497 3490/761/1497
f 3493/754/1497 2488/762/1497 2487/754/1497
f 3490/761/1497 3493/754/1497 2487/754/1497
f 2488/762/1497 3494/763/1497 2486/762/1497
f 3495/410/1495 2491/410/1495 2490/410/1495
f 2491/410/1495 3496/410/1495 2489/410/1495
f 3496/410/1495 3497/410/1495 3498/410/1495
f 3497/410/1495 3499/410/1495 3498/410/1495
f 3498/410/1495 2489/410/1495 3496/410/1495
f 2492/764/1815 3500/764/2108 2493/764/1816
f 2495/749/1818 2499/749/1822 2496/749/1819
f 2498/749/1821 2501/749/1824 2499/749/1822
f 2500/749/1823 2503/749/1826 2501/749/1824
f 2502/749/1825 2505/749/1828 2503/749/1826
f 2504/749/1827 2507/749/1830 2505/749/1828
f 2506/749/1829 2509/749/1832 2507/749/1830
f 2508/749/1831 2511/749/1834 2509/749/1832
f 2510/749/1833 2513/749/1836 2511/749/1834
f 2512/749/1835 2515/749/1838 2513/749/1836
f 2514/749/1837 2517/749/1840 2515/749/1838
f 2516/749/1839 2519/749/1842 2517/749/1840
f 2518/749/1841 3501/749/2109 2519/749/1842
f 2520/749/1843 3502/749/2110 2521/749/1844
f 2523/749/1846 3503/749/2111 2524/749/1844
f 2526/749/1848 2529/749/1851 2527/749/1849
f 2529/749/1851 3504/749/2112 2530/749/1852
f 2531/749/1853 2534/749/1856 2532/749/1854
f 2534/749/1856 2536/749/1858 2535/749/1857
f 2536/749/1858 3505/749/2113 2537/749/1859
f 2538/749/1860 2541/749/1863 2539/749/1861
f 2541/749/1863 2543/749/1865 2542/749/1864
f 2543/749/1865 2545/749/1867 2544/749/1866
f 2545/749/1867 2547/749/1869 2546/749/1868
f 2547/749/1869 2549/749/1871 2548/749/1870
f 2549/749/1871 2551/749/1873 2550/749/1872
f 2551/749/1873 2553/749/1875 2552/749/1874
f 2553/749/1875 2555/749/1877 2554/749/1876
f 2555/749/1877 2557/749/1879 2556/749/1878
f 2557/749/1879 2559/749/1881 2558/749/1880
f 2559/749/1881 2561/749/1883 2560/749/1882
f 2561/749/1883 3506/749/2114 2562/749/1884
f 2563/749/1885 2568/749/1890 2564/749/1886
f 2566/749/1888 3507/749/2115 2567/749/1889
f 2569/749/1891 2573/749/1895 2570/749/1892
f 2572/749/1894 3508/749/2116 2573/749/1895
f 2574/749/1896 2578/749/1900 2575/749/1897
f 2577/749/1899 2580/749/1902 2578/749/1900
f 2579/749/1901 3509/749/2117 2580/749/1902
f 2581/764/431 3510/764/431 2582/764/431
f 2584/764/1661 3511/764/1661 2585/764/1661
f 2587/764/1497 3512/764/1497 2588/764/1497
f 2590/764/1662 3513/764/1662 2591/764/1662
f 2593/764/1495 3514/764/1495 2594/764/1495
f 2596/764/1443 3515/764/1443 2597/764/1443
f 2600/766/1443 3516/772/1443 3517/771/1443
f 3517/771/1443 3518/773/1443 2600/766/1443
f 3518/773/1443 2601/767/1443 2600/766/1443
f 2601/767/1443 3519/775/1443 3520/777/1443
f 3520/777/1443 2599/765/1443 2601/767/1443
f 2604/770/431 3521/778/431 2602/768/431
f 3521/778/431 3522/921/431 2602/768/431
f 3522/921/431 3523/776/431 3524/774/431
f 3524/774/431 3525/922/431 3522/921/431
f 3525/922/431 2602/768/431 3522/921/431
f 2605/770/1903 3526/769/2118 2606/771/1903
f 2608/769/1905 3527/768/2119 2609/773/1905
f 2611/768/1498 3528/922/1498 2612/767/1498
f 2614/767/1906 3529/922/1906 2615/774/1906
f 2617/775/1907 3530/774/1909 2618/776/1908
f 2620/776/1910 3531/921/2120 2621/765/1910
f 2623/765/1554 3532/921/1554 2624/778/1554
f 2626/766/1911 3533/778/1911 2627/770/1911
