# PSX Racing car model — generated by tools/carmodels/export_models.mjs
mtllib coupe_99.mtl
v 0.000000 0.708000 -1.994570
v -0.200600 0.656400 -2.145840
v -0.214200 0.712200 -1.994378
v 0.000000 0.652000 -2.148170
v -0.407100 0.665600 -2.130604
v -0.434700 0.721050 -1.987817
v -0.590000 0.684000 -2.095474
v -0.632787 0.739000 -1.971627
v -0.779053 0.609750 -2.038890
v -0.773434 0.684000 -1.940283
v -0.840041 0.608125 -1.934291
v -0.806696 0.570000 -2.030165
v -0.844802 0.403810 -1.997885
v -0.810955 0.410000 -2.120340
v -0.807409 0.370000 -2.117536
v -0.807438 0.501250 -2.130205
v -0.851783 0.505000 -2.003297
v -0.830715 0.177619 -2.033194
v -0.804048 0.233750 -2.170196
v -0.794000 0.170000 -2.167413
v -0.803525 0.285000 -2.089484
v -0.799691 0.310000 -2.114429
v -0.796475 0.285000 -2.113126
v -0.839270 0.235000 -2.034719
v -0.825382 0.235000 -2.092916
v -0.568000 0.177619 -2.094051
v -0.568000 0.170000 -2.239298
v -0.426000 0.177619 -2.111469
v -0.426000 0.170000 -2.265118
v -0.284000 0.177619 -2.120414
v -0.284000 0.170000 -2.278376
v -0.142000 0.177619 -2.123709
v -0.142000 0.170000 -2.283261
v 0.000000 0.177619 -2.124180
v 0.000000 0.170000 -2.283958
v 0.142000 0.170000 -2.283261
v 0.142000 0.177619 -2.123709
v 0.284000 0.170000 -2.278376
v 0.284000 0.177619 -2.120414
v 0.426000 0.170000 -2.265118
v 0.426000 0.177619 -2.111469
v 0.568000 0.170000 -2.239298
v 0.568000 0.177619 -2.094051
v 0.794000 0.170000 -2.167413
v 0.830715 0.177619 -2.033194
v 0.844802 0.403810 -1.997885
v 0.799691 0.310000 -2.114429
v 0.807409 0.370000 -2.117536
v 0.803525 0.285000 -2.089484
v 0.832398 0.285000 -1.992749
v 0.796475 0.285000 -2.113126
v 0.804048 0.233750 -2.170196
v 0.810955 0.410000 -2.120340
v 0.807438 0.501250 -2.130205
v 0.840041 0.608125 -1.934291
v 0.779053 0.609750 -2.038890
v 0.773434 0.684000 -1.940283
v 0.632787 0.739000 -1.971627
v 0.590000 0.684000 -2.095474
v 0.434700 0.721050 -1.987817
v 0.407100 0.665600 -2.130604
v 0.214200 0.712200 -1.994378
v 0.200600 0.656400 -2.145840
v 0.000000 0.762000 -1.840820
v -0.226440 0.763200 -1.840206
v -0.459540 0.766800 -1.835053
v -0.667055 0.778000 -1.823283
v -0.771298 0.739000 -1.808873
v -0.863589 0.685000 -1.794045
v -0.861087 0.505000 -1.893207
v -0.863096 0.436548 -1.831358
v -0.866058 0.505000 -1.833157
v -0.850864 0.235000 -1.888992
v -0.849283 0.188095 -1.848349
v -0.853862 0.235000 -1.848949
v -0.568000 0.188095 -1.884953
v -0.426000 0.188095 -1.894232
v -0.284000 0.188095 -1.898996
v -0.142000 0.188095 -1.900752
v 0.000000 0.188095 -1.901002
v 0.142000 0.188095 -1.900752
v 0.284000 0.188095 -1.898996
v 0.426000 0.188095 -1.894232
v 0.568000 0.188095 -1.884953
v 0.849283 0.188095 -1.848349
v 0.843272 0.285000 -1.901651
v 0.863096 0.436548 -1.831358
v 0.851656 0.285000 -1.828171
v 0.863589 0.685000 -1.794045
v 0.862574 0.605000 -1.796680
v 0.771298 0.739000 -1.808873
v 0.667055 0.778000 -1.823283
v 0.459540 0.766800 -1.835053
v 0.226440 0.763200 -1.840206
v 0.000000 0.798534 -1.647584
v -0.230681 0.797595 -1.647413
v -0.468148 0.797453 -1.646158
v -0.678475 0.803841 -1.643243
v -0.770000 0.774643 -1.641238
v -0.873584 0.720643 -1.638317
v -0.868584 0.460310 -1.638476
v -0.862574 0.605000 -1.796680
v -0.861941 0.555000 -1.798331
v -0.855584 0.199976 -1.638878
v -0.568000 0.199976 -1.645037
v -0.426000 0.199976 -1.646509
v -0.284000 0.199976 -1.647266
v -0.142000 0.199976 -1.647544
v 0.000000 0.199976 -1.647584
v 0.142000 0.199976 -1.647544
v 0.284000 0.199976 -1.647266
v 0.426000 0.199976 -1.646509
v 0.568000 0.199976 -1.645037
v 0.855584 0.199976 -1.638878
v 0.868584 0.460310 -1.638476
v 0.853862 0.235000 -1.848949
v 0.873584 0.720643 -1.638317
v 0.861941 0.555000 -1.798331
v 0.770000 0.774643 -1.641238
v 0.678475 0.803841 -1.643243
v 0.468148 0.797453 -1.646158
v 0.230681 0.797595 -1.647413
v 0.000000 0.801100 -1.630093
v -0.230979 0.800011 -1.629982
v -0.468752 0.799606 -1.629161
v -0.679351 0.805656 -1.627255
v -0.874397 0.723146 -1.624042
v -0.770000 0.777146 -1.625961
v -0.869397 0.535428 -1.624145
v -0.856397 0.347710 -1.624408
v -0.568000 0.347710 -1.628434
v -0.568000 0.200000 -1.628434
v -0.426000 0.200000 -1.629393
v -0.142000 0.168000 -1.630067
v -0.284000 0.168000 -1.629886
v 0.000000 0.168000 -1.630093
v 0.142000 0.168000 -1.630067
v 0.426000 0.200000 -1.629393
v 0.284000 0.168000 -1.629886
v 0.568000 0.347710 -1.628434
v 0.568000 0.200000 -1.628434
v 0.856397 0.347710 -1.624408
v 0.869397 0.535428 -1.624145
v 0.874397 0.723146 -1.624042
v 0.679351 0.805656 -1.627255
v 0.770000 0.777146 -1.625961
v 0.468752 0.799606 -1.629161
v 0.230979 0.800011 -1.629982
v 0.000000 0.806238 -1.579333
v -0.231515 0.804760 -1.579333
v -0.469838 0.803675 -1.579333
v -0.770000 0.782700 -1.579333
v -0.680925 0.808850 -1.579333
v -0.875000 0.728700 -1.579333
v -0.870000 0.604831 -1.579333
v -0.857000 0.480961 -1.579333
v -0.568000 0.480961 -1.579333
v -0.568000 0.200000 -1.579333
v -0.426000 0.200000 -1.579333
v -0.284000 0.168000 -1.579333
v -0.142000 0.168000 -1.579333
v 0.000000 0.168000 -1.579333
v 0.142000 0.168000 -1.579333
v 0.284000 0.168000 -1.579333
v 0.426000 0.200000 -1.579333
v 0.568000 0.200000 -1.579333
v 0.568000 0.480961 -1.579333
v 0.857000 0.480961 -1.579333
v 0.870000 0.604831 -1.579333
v 0.875000 0.728700 -1.579333
v 0.770000 0.782700 -1.579333
v 0.469838 0.803675 -1.579333
v 0.680925 0.808850 -1.579333
v 0.231515 0.804760 -1.579333
v 0.000000 0.813009 -1.500272
v -0.232172 0.810951 -1.500272
v -0.471173 0.808850 -1.500272
v -0.770000 0.790439 -1.500272
v -0.682860 0.812720 -1.500272
v -0.875000 0.736439 -1.500272
v -0.870000 0.661575 -1.500272
v -0.857000 0.586710 -1.500272
v -0.568000 0.200000 -1.500272
v -0.568000 0.586710 -1.500272
v -0.426000 0.200000 -1.500272
v -0.284000 0.168000 -1.500272
v -0.142000 0.168000 -1.500272
v 0.000000 0.168000 -1.500272
v 0.142000 0.168000 -1.500272
v 0.284000 0.168000 -1.500272
v 0.426000 0.200000 -1.500272
v 0.568000 0.200000 -1.500272
v 0.568000 0.586710 -1.500272
v 0.857000 0.586710 -1.500272
v 0.870000 0.661575 -1.500272
v 0.875000 0.736439 -1.500272
v 0.770000 0.790439 -1.500272
v 0.471173 0.808850 -1.500272
v 0.682860 0.812720 -1.500272
v 0.232172 0.810951 -1.500272
v 0.000000 0.821542 -1.400649
v -0.233001 0.818752 -1.400649
v -0.472855 0.815371 -1.400649
v -0.770000 0.800191 -1.400649
v -0.685298 0.817595 -1.400649
v -0.875000 0.746191 -1.400649
v -0.870000 0.700398 -1.400649
v -0.857000 0.654605 -1.400649
v -0.568000 0.200000 -1.400649
v -0.568000 0.654605 -1.400649
v -0.426000 0.200000 -1.400649
v -0.284000 0.168000 -1.400649
v -0.142000 0.168000 -1.400649
v 0.000000 0.168000 -1.400649
v 0.142000 0.168000 -1.400649
v 0.284000 0.168000 -1.400649
v 0.426000 0.200000 -1.400649
v 0.568000 0.200000 -1.400649
v 0.568000 0.654605 -1.400649
v 0.857000 0.654605 -1.400649
v 0.870000 0.700398 -1.400649
v 0.875000 0.746191 -1.400649
v 0.770000 0.800191 -1.400649
v 0.472855 0.815371 -1.400649
v 0.685298 0.817595 -1.400649
v 0.233001 0.818752 -1.400649
v 0.000000 0.831000 -1.290216
v -0.233920 0.827400 -1.290216
v -0.474720 0.822600 -1.290216
v -0.770000 0.811000 -1.290216
v -0.688000 0.823000 -1.290216
v -0.875000 0.757000 -1.290216
v -0.870000 0.717500 -1.290216
v -0.857000 0.678000 -1.290216
v -0.568000 0.200000 -1.290216
v -0.568000 0.678000 -1.290216
v -0.426000 0.200000 -1.290216
v -0.284000 0.168000 -1.290216
v -0.142000 0.168000 -1.290216
v 0.000000 0.168000 -1.290216
v 0.142000 0.168000 -1.290216
v 0.284000 0.168000 -1.290216
v 0.426000 0.200000 -1.290216
v 0.568000 0.200000 -1.290216
v 0.568000 0.678000 -1.290216
v 0.857000 0.678000 -1.290216
v 0.870000 0.717500 -1.290216
v 0.875000 0.757000 -1.290216
v 0.770000 0.811000 -1.290216
v 0.474720 0.822600 -1.290216
v 0.688000 0.823000 -1.290216
v 0.233920 0.827400 -1.290216
v 0.000000 0.841147 -1.179784
v -0.234303 0.836814 -1.179784
v -0.475498 0.830732 -1.179784
v -0.770000 0.818892 -1.179784
v -0.689127 0.829483 -1.179784
v -0.872745 0.764892 -1.179784
v -0.867745 0.709749 -1.179784
v -0.854745 0.654605 -1.179784
v -0.568000 0.654605 -1.179784
v -0.568000 0.200000 -1.179784
v -0.426000 0.200000 -1.179784
v -0.284000 0.168000 -1.179784
v -0.142000 0.168000 -1.179784
v 0.000000 0.168000 -1.179784
v 0.142000 0.168000 -1.179784
v 0.284000 0.168000 -1.179784
v 0.426000 0.200000 -1.179784
v 0.568000 0.654605 -1.179784
v 0.568000 0.200000 -1.179784
v 0.854745 0.654605 -1.179784
v 0.867745 0.709749 -1.179784
v 0.872745 0.764892 -1.179784
v 0.770000 0.818892 -1.179784
v 0.475498 0.830732 -1.179784
v 0.689127 0.829483 -1.179784
v 0.234303 0.836814 -1.179784
v -0.234649 0.845306 -1.080161
v 0.000000 0.850300 -1.080161
v -0.476200 0.838067 -1.080161
v -0.770000 0.826011 -1.080161
v -0.690144 0.835331 -1.080161
v -0.870711 0.772011 -1.080161
v -0.865711 0.679361 -1.080161
v -0.852711 0.586710 -1.080161
v -0.568000 0.586710 -1.080161
v -0.568000 0.200000 -1.080161
v -0.426000 0.200000 -1.080161
v -0.284000 0.168000 -1.080161
v -0.142000 0.168000 -1.080161
v 0.000000 0.168000 -1.080161
v 0.142000 0.168000 -1.080161
v 0.284000 0.168000 -1.080161
v 0.426000 0.200000 -1.080161
v 0.568000 0.586710 -1.080161
v 0.568000 0.200000 -1.080161
v 0.852711 0.586710 -1.080161
v 0.865711 0.679361 -1.080161
v 0.870711 0.772011 -1.080161
v 0.770000 0.826011 -1.080161
v 0.476200 0.838067 -1.080161
v 0.690144 0.835331 -1.080161
v 0.234649 0.845306 -1.080161
v -0.234924 0.852046 -1.001100
v 0.000000 0.857565 -1.001100
v -0.476757 0.843889 -1.001100
v -0.770000 0.831661 -1.001100
v -0.690952 0.839972 -1.001100
v -0.869097 0.777661 -1.001100
v -0.864097 0.629311 -1.001100
v -0.851097 0.480961 -1.001100
v -0.568000 0.480961 -1.001100
v -0.568000 0.200000 -1.001100
v -0.426000 0.200000 -1.001100
v -0.284000 0.168000 -1.001100
v -0.142000 0.168000 -1.001100
v 0.000000 0.168000 -1.001100
v 0.142000 0.168000 -1.001100
v 0.284000 0.168000 -1.001100
v 0.426000 0.200000 -1.001100
v 0.568000 0.480961 -1.001100
v 0.568000 0.200000 -1.001100
v 0.851097 0.480961 -1.001100
v 0.864097 0.629311 -1.001100
v 0.869097 0.777661 -1.001100
v 0.770000 0.831661 -1.001100
v 0.476757 0.843889 -1.001100
v 0.690952 0.839972 -1.001100
v 0.234924 0.852046 -1.001100
v -0.235100 0.856373 -0.950340
v 0.000000 0.862229 -0.950340
v -0.477114 0.847626 -0.950340
v -0.770000 0.835289 -0.950340
v -0.691470 0.842952 -0.950340
v -0.868060 0.781289 -0.950340
v -0.863060 0.564499 -0.950340
v -0.850060 0.347710 -0.950340
v -0.568000 0.347710 -0.950340
v -0.568000 0.200000 -0.950340
v -0.426000 0.200000 -0.950340
v -0.284000 0.168000 -0.950340
v -0.142000 0.168000 -0.950340
v 0.000000 0.168000 -0.950340
v 0.142000 0.168000 -0.950340
v 0.284000 0.168000 -0.950340
v 0.426000 0.200000 -0.950340
v 0.568000 0.347710 -0.950340
v 0.568000 0.200000 -0.950340
v 0.850060 0.347710 -0.950340
v 0.863060 0.564499 -0.950340
v 0.868060 0.781289 -0.950340
v 0.770000 0.835289 -0.950340
v 0.477114 0.847626 -0.950340
v 0.691470 0.842952 -0.950340
v 0.235100 0.856373 -0.950340
v 0.000000 0.863836 -0.932849
v -0.235160 0.857864 -0.932849
v -0.477237 0.848914 -0.932849
v -0.691648 0.843978 -0.932849
v -0.770000 0.836539 -0.932849
v -0.867703 0.782539 -0.932849
v -0.862703 0.491269 -0.932849
v -0.849703 0.200000 -0.932849
v -0.568000 0.200000 -0.932849
v -0.284000 0.200000 -0.932849
v -0.426000 0.200000 -0.932849
v -0.142000 0.200000 -0.932849
v 0.000000 0.200000 -0.932849
v 0.142000 0.200000 -0.932849
v 0.284000 0.200000 -0.932849
v 0.426000 0.200000 -0.932849
v 0.568000 0.200000 -0.932849
v 0.849703 0.200000 -0.932849
v 0.862703 0.491269 -0.932849
v 0.867703 0.782539 -0.932849
v 0.770000 0.836539 -0.932849
v 0.477237 0.848914 -0.932849
v 0.691648 0.843978 -0.932849
v 0.235160 0.857864 -0.932849
v -0.235960 0.875000 -0.688781
v 0.000000 0.883000 -0.688781
v -0.478860 0.861000 -0.688781
v -0.770000 0.853000 -0.688781
v -0.694000 0.865000 -0.688781
v -0.861000 0.799000 -0.688781
v -0.856000 0.499500 -0.688781
v -0.843000 0.200000 -0.688781
v -0.568000 0.200000 -0.688781
v -0.426000 0.200000 -0.688781
v -0.284000 0.200000 -0.688781
v -0.142000 0.200000 -0.688781
v 0.000000 0.200000 -0.688781
v 0.142000 0.200000 -0.688781
v 0.284000 0.200000 -0.688781
v 0.426000 0.200000 -0.688781
v 0.843000 0.200000 -0.688781
v 0.568000 0.200000 -0.688781
v 0.856000 0.499500 -0.688781
v 0.861000 0.799000 -0.688781
v 0.770000 0.853000 -0.688781
v 0.478860 0.861000 -0.688781
v 0.694000 0.865000 -0.688781
v 0.235960 0.875000 -0.688781
v -0.236300 0.900000 -0.618905
v 0.000000 0.908000 -0.618905
v -0.653300 0.884000 -0.618905
v -0.695000 0.875000 -0.618905
v -0.770000 0.857000 -0.618905
v -0.860000 0.803000 -0.618905
v -0.855000 0.501500 -0.618905
v -0.842000 0.200000 -0.618905
v -0.568000 0.200000 -0.618905
v -0.426000 0.200000 -0.618905
v -0.284000 0.200000 -0.618905
v -0.142000 0.200000 -0.618905
v 0.000000 0.200000 -0.618905
v 0.142000 0.200000 -0.618905
v 0.284000 0.200000 -0.618905
v 0.426000 0.200000 -0.618905
v 0.842000 0.200000 -0.618905
v 0.568000 0.200000 -0.618905
v 0.855000 0.501500 -0.618905
v 0.860000 0.803000 -0.618905
v 0.770000 0.857000 -0.618905
v 0.653300 0.884000 -0.618905
v 0.695000 0.875000 -0.618905
v 0.236300 0.900000 -0.618905
v -0.232752 0.938609 -0.559011
v 0.000000 0.946609 -0.559011
v -0.643491 0.918174 -0.559011
v -0.684565 0.909174 -0.559011
v -0.770000 0.858826 -0.559011
v -0.957000 0.947000 -0.646855
v -0.957000 0.890000 -0.501113
v -0.859478 0.804826 -0.559011
v -0.957000 0.928000 -0.485141
v -0.957000 0.947000 -0.501113
v -0.957000 0.890000 -0.646855
v -0.957000 0.911000 -0.661829
v -0.854478 0.502413 -0.559011
v -0.841478 0.200000 -0.559011
v -0.568000 0.200000 -0.559011
v -0.426000 0.200000 -0.559011
v -0.284000 0.200000 -0.559011
v -0.142000 0.200000 -0.559011
v 0.000000 0.200000 -0.559011
v 0.142000 0.200000 -0.559011
v 0.284000 0.200000 -0.559011
v 0.426000 0.200000 -0.559011
v 0.841478 0.200000 -0.559011
v 0.568000 0.200000 -0.559011
v 0.854478 0.502413 -0.559011
v 0.770000 0.858826 -0.559011
v 0.957000 0.947000 -0.646855
v 0.859478 0.804826 -0.559011
v 0.957000 0.890000 -0.501113
v 0.957000 0.928000 -0.485141
v 0.957000 0.947000 -0.501113
v 0.957000 0.890000 -0.646855
v 0.957000 0.911000 -0.661829
v 0.684565 0.909174 -0.559011
v 0.643491 0.918174 -0.559011
v 0.232752 0.938609 -0.559011
v -0.222700 1.048000 -0.389311
v 0.000000 1.056000 -0.389311
v -0.615700 1.015000 -0.389311
v -0.655000 1.006000 -0.389311
v -0.770000 0.864000 -0.389311
v -0.858000 0.810000 -0.389311
v -0.853000 0.505000 -0.389311
v -0.840000 0.200000 -0.389311
v -0.568000 0.200000 -0.389311
v -0.426000 0.200000 -0.389311
v -0.284000 0.200000 -0.389311
v -0.142000 0.200000 -0.389311
v 0.000000 0.200000 -0.389311
v 0.142000 0.200000 -0.389311
v 0.284000 0.200000 -0.389311
v 0.426000 0.200000 -0.389311
v 0.840000 0.200000 -0.389311
v 0.568000 0.200000 -0.389311
v 0.853000 0.505000 -0.389311
v 0.858000 0.810000 -0.389311
v 0.770000 0.864000 -0.389311
v 0.655000 1.006000 -0.389311
v 0.615700 1.015000 -0.389311
v 0.222700 1.048000 -0.389311
v -0.208080 1.224000 -0.129770
v 0.000000 1.232000 -0.129770
v -0.575280 1.205000 -0.129770
v -0.612000 1.196000 -0.129770
v -0.770000 0.874000 -0.129770
v -0.858000 0.820000 -0.129770
v -0.853000 0.510000 -0.129770
v -0.840000 0.200000 -0.129770
v -0.568000 0.200000 -0.129770
v -0.426000 0.200000 -0.129770
v -0.284000 0.200000 -0.129770
v -0.142000 0.200000 -0.129770
v 0.000000 0.200000 -0.129770
v 0.142000 0.200000 -0.129770
v 0.284000 0.200000 -0.129770
v 0.426000 0.200000 -0.129770
v 0.568000 0.200000 -0.129770
v 0.840000 0.200000 -0.129770
v 0.853000 0.510000 -0.129770
v 0.858000 0.820000 -0.129770
v 0.770000 0.874000 -0.129770
v 0.612000 1.196000 -0.129770
v 0.575280 1.205000 -0.129770
v 0.208080 1.224000 -0.129770
v -0.208080 1.266000 -0.069876
v 0.000000 1.274000 -0.069876
v -0.501840 1.250000 -0.069876
v -0.612000 1.230000 -0.069876
v -0.770000 0.880000 -0.069876
v -0.860000 0.826000 -0.069876
v -0.855000 0.513000 -0.069876
v -0.842000 0.200000 -0.069876
v -0.568000 0.200000 -0.069876
v -0.426000 0.200000 -0.069876
v -0.284000 0.200000 -0.069876
v -0.142000 0.200000 -0.069876
v 0.000000 0.200000 -0.069876
v 0.142000 0.200000 -0.069876
v 0.284000 0.200000 -0.069876
v 0.426000 0.200000 -0.069876
v 0.568000 0.200000 -0.069876
v 0.842000 0.200000 -0.069876
v 0.855000 0.513000 -0.069876
v 0.860000 0.826000 -0.069876
v 0.770000 0.880000 -0.069876
v 0.612000 1.230000 -0.069876
v 0.501840 1.250000 -0.069876
v 0.208080 1.266000 -0.069876
v -0.209780 1.294000 0.139753
v 0.000000 1.302000 0.139753
v -0.617000 1.258000 0.139753
v -0.505940 1.278000 0.139753
v -0.770000 0.887000 0.139753
v -0.865000 0.833000 0.139753
v -0.860000 0.516500 0.139753
v -0.847000 0.200000 0.139753
v -0.568000 0.200000 0.139753
v -0.426000 0.200000 0.139753
v -0.284000 0.200000 0.139753
v -0.142000 0.200000 0.139753
v 0.000000 0.200000 0.139753
v 0.142000 0.200000 0.139753
v 0.284000 0.200000 0.139753
v 0.426000 0.200000 0.139753
v 0.568000 0.200000 0.139753
v 0.847000 0.200000 0.139753
v 0.860000 0.516500 0.139753
v 0.865000 0.833000 0.139753
v 0.770000 0.887000 0.139753
v 0.617000 1.258000 0.139753
v 0.209780 1.294000 0.139753
v 0.505940 1.278000 0.139753
v 0.000000 1.308000 0.429240
v -0.212160 1.300000 0.429240
v -0.511680 1.284000 0.429240
v -0.770000 0.894000 0.429240
v -0.624000 1.270000 0.429240
v -0.869000 0.520000 0.429240
v -0.874000 0.840000 0.429240
v -0.856000 0.200000 0.429240
v -0.568000 0.200000 0.429240
v -0.426000 0.200000 0.429240
v -0.284000 0.200000 0.429240
v -0.142000 0.200000 0.429240
v 0.000000 0.200000 0.429240
v 0.142000 0.200000 0.429240
v 0.284000 0.200000 0.429240
v 0.426000 0.200000 0.429240
v 0.568000 0.200000 0.429240
v 0.856000 0.200000 0.429240
v 0.869000 0.520000 0.429240
v 0.770000 0.894000 0.429240
v 0.874000 0.840000 0.429240
v 0.511680 1.284000 0.429240
v 0.624000 1.270000 0.429240
v 0.212160 1.300000 0.429240
v 0.000000 1.307000 0.499117
v -0.212840 1.299000 0.499117
v -0.513320 1.283000 0.499117
v -0.770000 0.899000 0.499117
v -0.626000 1.266000 0.499117
v -0.874000 0.845000 0.499117
v -0.869000 0.522500 0.499117
v -0.856000 0.200000 0.499117
v -0.568000 0.200000 0.499117
v -0.426000 0.200000 0.499117
v -0.284000 0.200000 0.499117
v -0.142000 0.200000 0.499117
v 0.000000 0.200000 0.499117
v 0.142000 0.200000 0.499117
v 0.284000 0.200000 0.499117
v 0.426000 0.200000 0.499117
v 0.568000 0.200000 0.499117
v 0.856000 0.200000 0.499117
v 0.869000 0.522500 0.499117
v 0.874000 0.845000 0.499117
v 0.770000 0.899000 0.499117
v 0.513320 1.283000 0.499117
v 0.626000 1.266000 0.499117
v 0.212840 1.299000 0.499117
v 0.000000 1.300000 0.588958
v -0.213860 1.292000 0.588958
v -0.515780 1.276000 0.588958
v -0.629000 1.257000 0.588958
v -0.875000 0.849000 0.588958
v -0.770000 0.903000 0.588958
v -0.870000 0.524500 0.588958
v -0.857000 0.200000 0.588958
v -0.568000 0.200000 0.588958
v -0.426000 0.200000 0.588958
v -0.284000 0.200000 0.588958
v -0.142000 0.200000 0.588958
v 0.000000 0.200000 0.588958
v 0.142000 0.200000 0.588958
v 0.284000 0.200000 0.588958
v 0.426000 0.200000 0.588958
v 0.568000 0.200000 0.588958
v 0.857000 0.200000 0.588958
v 0.870000 0.524500 0.588958
v 0.875000 0.849000 0.588958
v 0.629000 1.257000 0.588958
v 0.770000 0.903000 0.588958
v 0.515780 1.276000 0.588958
v 0.213860 1.292000 0.588958
v 0.000000 1.271000 0.828534
v -0.218620 1.263000 0.828534
v -0.527260 1.247000 0.828534
v -0.643000 1.145000 0.828534
v -0.875000 0.860000 0.828534
v -0.770000 0.914000 0.828534
v -0.870000 0.530000 0.828534
v -0.857000 0.200000 0.828534
v -0.568000 0.200000 0.828534
v -0.426000 0.200000 0.828534
v -0.284000 0.200000 0.828534
v -0.142000 0.200000 0.828534
v 0.000000 0.200000 0.828534
v 0.142000 0.200000 0.828534
v 0.284000 0.200000 0.828534
v 0.426000 0.200000 0.828534
v 0.568000 0.200000 0.828534
v 0.857000 0.200000 0.828534
v 0.870000 0.530000 0.828534
v 0.875000 0.860000 0.828534
v 0.643000 1.145000 0.828534
v 0.770000 0.914000 0.828534
v 0.527260 1.247000 0.828534
v 0.218620 1.263000 0.828534
v 0.000000 1.219745 0.932849
v -0.223527 1.211745 0.932849
v -0.539093 1.195745 0.932849
v -0.657431 1.057917 0.932849
v -0.875000 0.865474 0.932849
v -0.770000 0.919474 0.932849
v -0.870000 0.535282 0.932849
v -0.857000 0.205090 0.932849
v -0.568000 0.205090 0.932849
v -0.426000 0.205090 0.932849
v -0.284000 0.205090 0.932849
v -0.142000 0.205090 0.932849
v 0.000000 0.205090 0.932849
v 0.142000 0.205090 0.932849
v 0.284000 0.205090 0.932849
v 0.426000 0.205090 0.932849
v 0.568000 0.205090 0.932849
v 0.857000 0.205090 0.932849
v 0.870000 0.535282 0.932849
v 0.875000 0.865474 0.932849
v 0.657431 1.057917 0.932849
v 0.770000 0.919474 0.932849
v 0.539093 1.195745 0.932849
v 0.223527 1.211745 0.932849
v 0.000000 1.211151 0.950340
v -0.224349 1.203151 0.950340
v -0.541077 1.187151 0.950340
v -0.659851 1.043315 0.950340
v -0.875000 0.866392 0.950340
v -0.770000 0.920392 0.950340
v -0.870000 0.609174 0.950340
v -0.857000 0.351957 0.950340
v -0.568000 0.206146 0.950340
v -0.568000 0.351957 0.950340
v -0.426000 0.206146 0.950340
v -0.284000 0.206146 0.950340
v -0.142000 0.206146 0.950340
v 0.000000 0.206146 0.950340
v 0.142000 0.206146 0.950340
v 0.284000 0.206146 0.950340
v 0.426000 0.206146 0.950340
v 0.568000 0.351957 0.950340
v 0.568000 0.206146 0.950340
v 0.857000 0.351957 0.950340
v 0.870000 0.609174 0.950340
v 0.875000 0.866392 0.950340
v 0.659851 1.043315 0.950340
v 0.770000 0.920392 0.950340
v 0.541077 1.187151 0.950340
v 0.224349 1.203151 0.950340
v 0.000000 1.186210 1.001100
v -0.226737 1.178210 1.001100
v -0.546836 1.162210 1.001100
v -0.666873 1.000940 1.001100
v -0.875000 0.869055 1.001100
v -0.770000 0.923055 1.001100
v -0.870000 0.676906 1.001100
v -0.857000 0.484758 1.001100
v -0.568000 0.209209 1.001100
v -0.568000 0.484758 1.001100
v -0.426000 0.209209 1.001100
v -0.284000 0.209209 1.001100
v -0.142000 0.209209 1.001100
v 0.000000 0.209209 1.001100
v 0.142000 0.209209 1.001100
v 0.284000 0.209209 1.001100
v 0.426000 0.209209 1.001100
v 0.568000 0.209209 1.001100
v 0.568000 0.484758 1.001100
v 0.857000 0.484758 1.001100
v 0.870000 0.676906 1.001100
v 0.875000 0.869055 1.001100
v 0.666873 1.000940 1.001100
v 0.770000 0.923055 1.001100
v 0.546836 1.162210 1.001100
v 0.226737 1.178210 1.001100
v 0.000000 1.142433 1.080161
v -0.230186 1.134433 1.080161
v -0.555153 1.118433 1.080161
v -0.677016 0.967735 1.080161
v -0.875000 0.872133 1.080161
v -0.770000 0.926133 1.080161
v -0.870000 0.730756 1.080161
v -0.857000 0.589380 1.080161
v -0.568000 0.213980 1.080161
v -0.568000 0.589380 1.080161
v -0.426000 0.213980 1.080161
v -0.284000 0.213980 1.080161
v -0.142000 0.213980 1.080161
v 0.000000 0.213980 1.080161
v 0.142000 0.213980 1.080161
v 0.284000 0.213980 1.080161
v 0.426000 0.213980 1.080161
v 0.568000 0.213980 1.080161
v 0.568000 0.589380 1.080161
v 0.857000 0.589380 1.080161
v 0.870000 0.730756 1.080161
v 0.875000 0.872133 1.080161
v 0.677016 0.967735 1.080161
v 0.770000 0.926133 1.080161
v 0.555153 1.118433 1.080161
v 0.230186 1.134433 1.080161
v 0.000000 1.081786 1.179784
v -0.234231 1.073786 1.179784
v -0.564911 1.057786 1.179784
v -0.688915 0.962361 1.179784
v -0.875000 0.874820 1.179784
v -0.770000 0.928820 1.179784
v -0.870000 0.765202 1.179784
v -0.857000 0.655584 1.179784
v -0.568000 0.219992 1.179784
v -0.568000 0.655584 1.179784
v -0.426000 0.219992 1.179784
v -0.284000 0.219992 1.179784
v -0.142000 0.219992 1.179784
v 0.000000 0.219992 1.179784
v 0.142000 0.219992 1.179784
v 0.284000 0.219992 1.179784
v 0.426000 0.219992 1.179784
v 0.568000 0.219992 1.179784
v 0.568000 0.655584 1.179784
v 0.857000 0.655584 1.179784
v 0.870000 0.765202 1.179784
v 0.875000 0.874820 1.179784
v 0.688915 0.962361 1.179784
v 0.770000 0.928820 1.179784
v 0.564911 1.057786 1.179784
v 0.234231 1.073786 1.179784
v 0.000000 1.014558 1.290216
v -0.238716 1.006558 1.290216
v -0.575727 0.990558 1.290216
v -0.702106 0.956404 1.290216
v -0.875000 0.877798 1.290216
v -0.770000 0.931798 1.290216
v -0.870000 0.777899 1.290216
v -0.857000 0.678000 1.290216
v -0.568000 0.226657 1.290216
v -0.568000 0.678000 1.290216
v -0.426000 0.226657 1.290216
v -0.284000 0.226657 1.290216
v -0.142000 0.226657 1.290216
v 0.000000 0.226657 1.290216
v 0.142000 0.226657 1.290216
v 0.284000 0.226657 1.290216
v 0.426000 0.226657 1.290216
v 0.568000 0.226657 1.290216
v 0.568000 0.678000 1.290216
v 0.857000 0.678000 1.290216
v 0.870000 0.777899 1.290216
v 0.875000 0.877798 1.290216
v 0.702106 0.956404 1.290216
v 0.770000 0.931798 1.290216
v 0.575727 0.990558 1.290216
v 0.238716 1.006558 1.290216
v 0.000000 0.980780 1.400649
v -0.489419 0.958780 1.400649
v -0.241163 0.972780 1.400649
v -0.709302 0.940531 1.400649
v -0.869271 0.875135 1.400649
v -0.770000 0.929135 1.400649
v -0.864271 0.765686 1.400649
v -0.851271 0.656236 1.400649
v -0.568000 0.656236 1.400649
v -0.568000 0.233321 1.400649
v -0.426000 0.233321 1.400649
v -0.284000 0.233321 1.400649
v -0.142000 0.233321 1.400649
v 0.000000 0.233321 1.400649
v 0.142000 0.233321 1.400649
v 0.284000 0.233321 1.400649
v 0.426000 0.233321 1.400649
v 0.568000 0.656236 1.400649
v 0.568000 0.233321 1.400649
v 0.851271 0.656236 1.400649
v 0.864271 0.765686 1.400649
v 0.869271 0.875135 1.400649
v 0.709302 0.940531 1.400649
v 0.770000 0.929135 1.400649
v 0.489419 0.958780 1.400649
v 0.241163 0.972780 1.400649
v 0.000000 0.958427 1.500272
v -0.242589 0.950427 1.500272
v -0.492314 0.936427 1.500272
v -0.713498 0.928427 1.500272
v -0.863925 0.872140 1.500272
v -0.770000 0.926140 1.500272
v -0.858925 0.733181 1.500272
v -0.845925 0.594222 1.500272
v -0.568000 0.594222 1.500272
v -0.568000 0.239333 1.500272
v -0.426000 0.239333 1.500272
v -0.284000 0.239333 1.500272
v -0.142000 0.239333 1.500272
v 0.000000 0.239333 1.500272
v 0.142000 0.239333 1.500272
v 0.284000 0.239333 1.500272
v 0.426000 0.239333 1.500272
v 0.568000 0.594222 1.500272
v 0.568000 0.239333 1.500272
v 0.845925 0.594222 1.500272
v 0.858925 0.733181 1.500272
v 0.863925 0.872140 1.500272
v 0.713498 0.928427 1.500272
v 0.770000 0.926140 1.500272
v 0.492314 0.936427 1.500272
v 0.242589 0.950427 1.500272
v -0.242000 0.948447 1.579333
v 0.000000 0.956447 1.579333
v -0.491118 0.934447 1.579333
v -0.711766 0.926447 1.579333
v -0.770000 0.923170 1.579333
v -0.860213 0.869170 1.579333
v -0.855213 0.684156 1.579333
v -0.842213 0.499142 1.579333
v -0.568000 0.499142 1.579333
v -0.568000 0.244104 1.579333
v -0.426000 0.244104 1.579333
v -0.284000 0.244104 1.579333
v -0.142000 0.244104 1.579333
v 0.000000 0.244104 1.579333
v 0.142000 0.244104 1.579333
v 0.284000 0.244104 1.579333
v 0.426000 0.244104 1.579333
v 0.568000 0.499142 1.579333
v 0.568000 0.244104 1.579333
v 0.842213 0.499142 1.579333
v 0.855213 0.684156 1.579333
v 0.860213 0.869170 1.579333
v 0.770000 0.923170 1.579333
v 0.711766 0.926447 1.579333
v 0.491118 0.934447 1.579333
v 0.242000 0.948447 1.579333
v -0.241622 0.947176 1.629921
v 0.000000 0.955176 1.630093
v -0.490351 0.933176 1.628652
v -0.710654 0.925176 1.625706
v -0.770000 0.921263 1.624513
v -0.857829 0.867263 1.622378
v -0.852829 0.623783 1.622512
v -0.839829 0.380302 1.622853
v -0.568000 0.380302 1.627853
v -0.568000 0.247167 1.627853
v -0.426000 0.247167 1.629148
v -0.284000 0.247167 1.629813
v -0.142000 0.247167 1.630058
v 0.142000 0.247167 1.630058
v 0.000000 0.247167 1.630093
v 0.284000 0.247167 1.629813
v 0.426000 0.247167 1.629148
v 0.568000 0.247167 1.627853
v 0.568000 0.380302 1.627853
v 0.839829 0.380302 1.622853
v 0.852829 0.623783 1.622512
v 0.857829 0.867263 1.622378
v 0.770000 0.921263 1.624513
v 0.710654 0.925176 1.625706
v 0.490351 0.933176 1.628652
v 0.241622 0.947176 1.629921
v -0.241492 0.946738 1.647320
v 0.000000 0.954737 1.647584
v -0.490087 0.932738 1.645374
v -0.710270 0.924738 1.640858
v -0.770000 0.920606 1.639015
v -0.857008 0.866606 1.635769
v -0.852008 0.557415 1.635975
v -0.839008 0.248223 1.636498
v -0.568000 0.248223 1.644144
v -0.426000 0.248223 1.646133
v -0.284000 0.248223 1.647154
v -0.142000 0.248223 1.647530
v 0.000000 0.248223 1.647584
v 0.142000 0.248223 1.647530
v 0.284000 0.248223 1.647154
v 0.426000 0.248223 1.646133
v 0.568000 0.248223 1.644144
v 0.839008 0.248223 1.636498
v 0.852008 0.557415 1.635975
v 0.857008 0.866606 1.635769
v 0.770000 0.920606 1.639015
v 0.710270 0.924738 1.640858
v 0.490087 0.932738 1.645374
v 0.241492 0.946738 1.647320
v -0.240380 0.943000 1.766509
v 0.000000 0.951000 1.767327
v -0.487830 0.929000 1.760491
v -0.707000 0.921000 1.746520
v -0.770000 0.915000 1.740447
v -0.850000 0.861000 1.731169
v -0.845751 0.605000 1.736462
v -0.847687 0.505000 1.751229
v -0.849653 0.556196 1.753397
v -0.831316 0.278393 1.767776
v -0.568000 0.258571 1.767557
v -0.426000 0.258571 1.774563
v -0.284000 0.258571 1.778160
v -0.142000 0.258571 1.779485
v 0.000000 0.258571 1.779675
v 0.142000 0.258571 1.779485
v 0.284000 0.258571 1.778160
v 0.426000 0.258571 1.774563
v 0.568000 0.258571 1.767557
v 0.831316 0.278393 1.767776
v 0.847687 0.505000 1.751229
v 0.845751 0.605000 1.736462
v 0.849653 0.556196 1.753397
v 0.850000 0.861000 1.731169
v 0.770000 0.915000 1.740447
v 0.707000 0.921000 1.746520
v 0.487830 0.929000 1.760491
v 0.240380 0.943000 1.766509
v -0.229160 0.890000 2.132739
v 0.000000 0.898000 2.136219
v -0.465060 0.876000 2.107132
v -0.634060 0.879516 1.986064
v -0.654299 0.869234 2.038872
v -0.745000 0.883023 1.892031
v -0.710000 0.890296 1.892205
v -0.621711 0.906058 1.848023
v -0.803000 0.800000 1.996627
v -0.745000 0.863965 1.983173
v -0.676560 0.895278 1.891232
v 0.627953 0.892677 1.917610
v 0.465060 0.876000 2.107132
v 0.803000 0.800000 1.996627
v 0.745000 0.883023 1.892031
v 0.745000 0.863965 1.983173
v -0.800500 0.672500 2.009673
v -0.827149 0.605000 1.848657
v -0.837325 0.505000 1.882455
v -0.815943 0.417500 2.092649
v -0.821352 0.505000 2.090205
v -0.780058 0.285000 2.001103
v -0.556705 0.285000 2.070113
v -0.414705 0.285000 2.096848
v -0.272705 0.285000 2.110528
v -0.130705 0.285000 2.115541
v 0.000000 0.285000 2.116255
v 0.130705 0.285000 2.115541
v 0.000000 0.290000 2.188301
v 0.272705 0.285000 2.110528
v 0.142000 0.290000 2.187473
v 0.414705 0.285000 2.096848
v 0.284000 0.290000 2.181677
v 0.568000 0.290000 2.135308
v 0.556705 0.285000 2.070113
v 0.795407 0.290000 2.049511
v 0.780058 0.285000 2.001103
v 0.815943 0.417500 2.092649
v 0.800500 0.672500 2.009673
v 0.827149 0.605000 1.848657
v 0.710000 0.890296 1.892205
v 0.656252 0.869159 2.038769
v 0.634060 0.879516 1.986064
v 0.621711 0.906058 1.848023
v 0.605000 0.952000 2.042350
v 0.520000 0.968000 1.850128
v 0.229160 0.890000 2.132739
v 0.778304 0.555000 -2.043685
v 0.734808 0.533200 -2.102879
v 0.746300 0.555000 -2.057545
v 0.716419 0.555000 -2.067980
v 0.658302 0.555000 -2.085372
v 0.514873 0.605000 -2.117145
v 0.391016 0.557870 -2.140980
v 0.392048 0.605000 -2.137326
v 0.564794 0.605000 -2.108066
v 0.567568 0.561550 -2.110378
v 0.304566 0.605000 -2.143416
v 0.192549 0.556030 -2.154246
v 0.194407 0.605000 -2.150258
v 0.095579 0.605000 -2.151222
v -0.000142 0.555075 -2.156175
v 0.000000 0.605000 -2.152053
v -0.095579 0.605000 -2.151222
v -0.192549 0.556030 -2.154246
v -0.194407 0.605000 -2.150258
v -0.304566 0.605000 -2.143416
v -0.391016 0.557870 -2.140980
v -0.392048 0.605000 -2.137326
v -0.514873 0.605000 -2.117145
v -0.567568 0.561550 -2.110378
v -0.564794 0.605000 -2.108066
v -0.716419 0.555000 -2.067980
v -0.734808 0.533200 -2.102879
v -0.746300 0.555000 -2.057545
v -0.658302 0.555000 -2.085372
v -0.778304 0.555000 -2.043685
v 0.738053 0.505000 -2.160982
v 0.706216 0.442400 -2.166121
v 0.650667 0.505000 -2.188201
v 0.524400 0.478400 -2.213699
v 0.532887 0.505000 -2.214056
v 0.481540 0.505000 -2.222367
v 0.357860 0.467360 -2.236773
v 0.367209 0.505000 -2.238910
v 0.288544 0.505000 -2.243755
v 0.177160 0.461840 -2.246136
v 0.182360 0.505000 -2.249533
v 0.095609 0.505000 -2.250284
v 0.000000 0.459200 -2.247275
v 0.000000 0.505000 -2.251016
v -0.095609 0.505000 -2.250284
v -0.177160 0.461840 -2.246136
v -0.182360 0.505000 -2.249533
v -0.288544 0.505000 -2.243755
v -0.357860 0.467360 -2.236773
v -0.367209 0.505000 -2.238910
v -0.481540 0.505000 -2.222367
v -0.524400 0.478400 -2.213699
v -0.532887 0.505000 -2.214056
v -0.650667 0.505000 -2.188201
v -0.706216 0.442400 -2.166121
v -0.738053 0.505000 -2.160982
v 0.683127 0.397000 -2.169224
v 0.508000 0.427000 -2.209475
v 0.345550 0.417800 -2.210218
v 0.171300 0.413200 -2.214183
v 0.000000 0.411000 -2.213081
v -0.171300 0.413200 -2.214183
v -0.345550 0.417800 -2.210218
v -0.508000 0.427000 -2.209475
v -0.683127 0.397000 -2.169224
v 0.648494 0.328900 -2.173135
v 0.483400 0.349900 -2.190351
v 0.327085 0.343460 -2.185372
v 0.162510 0.340240 -2.192591
v 0.000000 0.338700 -2.193511
v -0.162510 0.340240 -2.192591
v -0.327085 0.343460 -2.185372
v -0.483400 0.349900 -2.190351
v -0.648494 0.328900 -2.173135
v 0.550100 0.285000 -2.182614
v 0.453276 0.238025 -2.248666
v 0.462693 0.285000 -2.191931
v 0.626167 0.285000 -2.175014
v 0.651117 0.235388 -2.221992
v 0.402020 0.285000 -2.189911
v 0.305185 0.237335 -2.263891
v 0.312564 0.285000 -2.198148
v 0.243126 0.285000 -2.200911
v 0.157817 0.236990 -2.271269
v 0.155855 0.285000 -2.204849
v 0.084577 0.285000 -2.205103
v 0.001792 0.235913 -2.274199
v 0.000000 0.285000 -2.205817
v -0.084577 0.285000 -2.205103
v -0.157817 0.236990 -2.271269
v -0.155855 0.285000 -2.204849
v -0.243126 0.285000 -2.200911
v -0.305185 0.237335 -2.263891
v -0.312564 0.285000 -2.198148
v -0.402020 0.285000 -2.189911
v -0.453276 0.238025 -2.248666
v -0.462693 0.285000 -2.191931
v -0.550100 0.285000 -2.182614
v -0.651117 0.235388 -2.221992
v -0.626167 0.285000 -2.175014
v 0.757500 0.847431 2.011656
v 0.719500 0.713000 2.042892
v 0.612000 0.722000 2.083437
v 0.704305 0.854936 2.035052
v 0.419795 0.729500 2.127597
v 0.207370 0.740000 2.145384
v 0.000000 0.746000 2.147376
v -0.207370 0.740000 2.145384
v -0.419795 0.729500 2.127597
v -0.612000 0.722000 2.083437
v -0.719500 0.713000 2.042892
v -0.704305 0.854936 2.035052
v -0.757500 0.847431 2.011656
v 0.712179 0.605000 2.054310
v 0.680819 0.605000 2.069643
v 0.686820 0.572000 2.124000
v 0.561625 0.605000 2.109654
v 0.656460 0.605000 2.079053
v 0.374530 0.583000 2.178924
v 0.526795 0.605000 2.117823
v 0.381328 0.605000 2.145051
v 0.550000 0.578000 2.153490
v 0.351106 0.605000 2.147750
v -0.351106 0.605000 2.147750
v -0.381328 0.605000 2.145051
v -0.374530 0.583000 2.178924
v -0.526795 0.605000 2.117823
v -0.561625 0.605000 2.109654
v -0.550000 0.578000 2.153490
v -0.656460 0.605000 2.079053
v -0.680819 0.605000 2.069643
v -0.686820 0.572000 2.124000
v -0.712179 0.605000 2.054310
v 0.643900 0.431000 2.167620
v 0.748478 0.505000 2.124821
v 0.671358 0.505000 2.158087
v 0.821352 0.505000 2.090205
v 0.488000 0.434000 2.202435
v 0.584017 0.505000 2.177844
v 0.518569 0.505000 2.195283
v 0.329265 0.436500 2.225719
v 0.433930 0.505000 2.211210
v 0.350430 0.505000 2.223442
v 0.163790 0.440000 2.234772
v 0.265145 0.505000 2.229501
v 0.173232 0.505000 2.234521
v 0.000000 0.442000 2.236042
v 0.094658 0.505000 2.235308
v 0.000000 0.505000 2.236042
v -0.094658 0.505000 2.235308
v -0.173232 0.505000 2.234521
v -0.163790 0.440000 2.234772
v -0.265145 0.505000 2.229501
v -0.350430 0.505000 2.223442
v -0.329265 0.436500 2.225719
v -0.433930 0.505000 2.211210
v -0.518569 0.505000 2.195283
v -0.488000 0.434000 2.202435
v -0.584017 0.505000 2.177844
v -0.671358 0.505000 2.158087
v -0.643900 0.431000 2.167620
v -0.748478 0.505000 2.124821
v 0.426000 0.290000 2.165944
v -0.142000 0.290000 2.187473
v -0.284000 0.290000 2.181677
v -0.426000 0.290000 2.165944
v -0.568000 0.290000 2.135308
v -0.795407 0.290000 2.049511
v 0.850864 0.235000 -1.888992
v 0.825382 0.235000 -2.092916
v 0.839270 0.235000 -2.034719
v -0.843272 0.285000 -1.901651
v -0.851656 0.285000 -1.828171
v -0.832398 0.285000 -1.992749
v -0.711040 0.285000 -2.145225
v 0.711040 0.285000 -2.145225
v -0.842519 0.555000 -1.932810
v -0.850137 0.555000 -1.880548
v -0.560718 0.555000 2.184752
v -0.540097 0.555000 2.190246
v -0.814928 0.555000 -2.008360
v -0.395853 0.555000 2.217389
v 0.851783 0.505000 -2.003297
v 0.861087 0.505000 -1.893207
v -0.365879 0.555000 2.221781
v -0.218342 0.555000 2.232262
v -0.180496 0.555000 2.234329
v 0.041479 0.555000 2.235721
v 0.000000 0.555000 2.236042
v -0.041479 0.555000 2.235721
v 0.837325 0.505000 1.882455
v 0.218342 0.555000 2.232262
v 0.180496 0.555000 2.234329
v 0.365879 0.555000 2.221781
v 0.395853 0.555000 2.217389
v 0.540097 0.555000 2.190246
v 0.560718 0.555000 2.184752
v -0.689911 0.555000 2.151645
v -0.709479 0.555000 2.143204
v 0.689911 0.555000 2.151645
v 0.709479 0.555000 2.143204
v 0.777222 0.555000 2.111446
v -0.823976 0.550000 2.089033
v -0.841669 0.555000 1.860327
v -0.777222 0.555000 2.111446
v 0.866058 0.505000 -1.833157
v 0.814928 0.555000 -2.008360
v 0.806696 0.570000 -2.030165
v -0.182208 0.601250 2.164950
v 0.000000 0.599500 2.169410
v 0.182208 0.601250 2.164950
v 0.669118 0.605000 -2.078636
v 0.842519 0.555000 -1.932810
v 0.823976 0.550000 2.089033
v 0.799176 0.605000 2.016608
v 0.841669 0.555000 1.860327
v -0.669118 0.605000 -2.078636
v 0.850137 0.555000 -1.880548
v -0.799176 0.605000 2.016608
v 0.745000 0.986000 2.065000
v -0.745000 0.983000 1.940000
v -0.627953 0.892677 1.917610
v 0.745000 0.983000 1.940000
v 0.710000 0.986918 2.066835
v 0.676560 0.895278 1.891232
v 0.710000 0.983918 1.935412
v 0.665000 0.988032 2.069065
v 0.605000 0.947000 1.848405
v 0.665000 0.985032 1.929838
v 0.605000 0.989405 2.071810
v 0.605000 0.986405 1.922974
v 0.520000 0.991128 2.075256
v 0.520000 0.973000 2.058717
v 0.000000 0.993000 1.890000
v 0.520000 0.988128 1.914359
v 0.000000 0.996000 2.085000
v 0.000000 0.976000 2.105000
v 0.000000 0.971000 1.855000
v -0.520000 0.968000 1.850128
v -0.520000 0.988128 1.914359
v -0.520000 0.991128 2.075256
v -0.520000 0.973000 2.058717
v -0.605000 0.986405 1.922974
v -0.605000 0.989405 2.071810
v -0.605000 0.952000 2.042350
v -0.605000 0.947000 1.848405
v -0.665000 0.985032 1.929838
v -0.665000 0.988032 2.069065
v -0.710000 0.983918 1.935412
v -0.710000 0.986918 2.066835
v -0.745000 0.986000 2.065000
vt 0.125000 0.472256
vt 0.152643 0.444715
vt 0.154518 0.473649
vt 0.125000 0.443447
vt 0.181100 0.447365
vt 0.184903 0.477547
vt 0.206304 0.452682
vt 0.211816 0.485850
vt 0.231545 0.438253
vt 0.231109 0.473857
vt 0.240146 0.451230
vt 0.235243 0.427603
vt 0.239928 0.371947
vt 0.234692 0.373730
vt 0.234554 0.362207
vt 0.233413 0.401669
vt 0.240237 0.411697
vt 0.238137 0.306785
vt 0.233066 0.322955
vt 0.232763 0.304590
vt 0.234795 0.337720
vt 0.234017 0.344922
vt 0.233793 0.337720
vt 0.238591 0.323315
vt 0.236351 0.323315
vt 0.980122 0.315679
vt 0.972261 0.368143
vt 0.965739 0.307155
vt 0.987826 0.368143
vt 0.974127 0.401107
vt 0.990593 0.401107
vt 0.975086 0.434071
vt 0.992013 0.434071
vt 0.975439 0.467036
vt 0.992537 0.467036
vt 0.975489 0.500000
vt 0.992612 0.500000
vt 0.992537 0.532964
vt 0.975439 0.532964
vt 0.992013 0.565929
vt 0.975086 0.565929
vt 0.990593 0.598893
vt 0.974127 0.598893
vt 0.987826 0.631857
vt 0.972261 0.631857
vt 0.980122 0.684321
vt 0.965739 0.692845
vt 0.010072 0.371947
vt 0.015983 0.344922
vt 0.015446 0.362207
vt 0.015205 0.337720
vt 0.011013 0.337720
vt 0.016207 0.337720
vt 0.017237 0.304590
vt 0.016934 0.322955
vt 0.011863 0.306785
vt 0.015308 0.373730
vt 0.016587 0.401669
vt 0.009854 0.451230
vt 0.018455 0.438253
vt 0.018891 0.473857
vt 0.038184 0.485850
vt 0.043696 0.452682
vt 0.065097 0.477547
vt 0.068900 0.447365
vt 0.095482 0.473649
vt 0.097357 0.444715
vt 0.125000 0.513164
vt 0.156204 0.513625
vt 0.188326 0.515510
vt 0.216777 0.520704
vt 0.231109 0.511068
vt 0.243787 0.497336
vt 0.242220 0.409482
vt 0.243098 0.381378
vt 0.243288 0.413327
vt 0.241007 0.323315
vt 0.241306 0.309803
vt 0.241645 0.323315
vt 0.949853 0.368143
vt 0.945931 0.302845
vt 0.950848 0.401107
vt 0.951358 0.434071
vt 0.951546 0.467036
vt 0.951573 0.500000
vt 0.951546 0.532964
vt 0.951358 0.565929
vt 0.950848 0.598893
vt 0.949853 0.631857
vt 0.945931 0.697155
vt 0.009313 0.337720
vt 0.006902 0.381378
vt 0.007995 0.337720
vt 0.006213 0.497336
vt 0.006435 0.459999
vt 0.018891 0.511068
vt 0.033223 0.520704
vt 0.061674 0.515510
vt 0.093796 0.513625
vt 0.093750 0.703976
vt 0.120171 0.650440
vt 0.120666 0.704013
vt 0.093750 0.650225
vt 0.147369 0.652025
vt 0.148374 0.704284
vt 0.171459 0.655704
vt 0.172915 0.704913
vt 0.454102 0.595703
vt 0.071040 0.204890
vt 0.048924 0.175293
vt 0.071362 0.187061
vt 0.047179 0.193122
vt 0.071345 0.101107
vt 0.048890 0.148879
vt 0.048869 0.132371
vt 0.048819 0.093261
vt 0.071300 0.015152
vt 0.048602 0.026716
vt 0.048552 0.011229
vt 0.924143 0.368143
vt 0.923483 0.301382
vt 0.924301 0.401107
vt 0.924382 0.434071
vt 0.924412 0.467036
vt 0.924416 0.500000
vt 0.924412 0.532964
vt 0.924382 0.565929
vt 0.924301 0.598893
vt 0.924143 0.631857
vt 0.923483 0.698618
vt 0.048602 0.026716
vt 0.048656 0.043225
vt 0.048869 0.132371
vt 0.048890 0.148879
vt 0.016041 0.655704
vt 0.039126 0.704284
vt 0.014585 0.704913
vt 0.040131 0.652025
vt 0.066834 0.704013
vt 0.067329 0.650440
vt 0.093750 0.707751
vt 0.120701 0.707775
vt 0.148444 0.707952
vt 0.072938 0.187888
vt 0.072726 0.205717
vt 0.072927 0.125909
vt 0.072898 0.063930
vt 0.485352 0.595703
vt 0.922467 0.401107
vt 0.922364 0.368143
vt 0.925671 0.436025
vt 0.923825 0.468989
vt 0.923805 0.436025
vt 0.925701 0.468989
vt 0.923828 0.501953
vt 0.925701 0.534917
vt 0.925705 0.501953
vt 0.925671 0.567882
vt 0.923825 0.534917
vt 0.923752 0.600846
vt 0.923805 0.567882
vt 0.922467 0.598893
vt 0.039056 0.707952
vt 0.014483 0.708363
vt 0.066799 0.707775
vt 0.093750 0.718706
vt 0.120763 0.718706
vt 0.173017 0.708363
vt 0.148571 0.718706
vt 0.077873 0.189722
vt 0.077873 0.207551
vt 0.077873 0.148823
vt 0.077873 0.107925
vt 0.917102 0.401107
vt 0.917102 0.368143
vt 0.917102 0.434071
vt 0.922520 0.434071
vt 0.917102 0.467036
vt 0.922539 0.467036
vt 0.917102 0.500000
vt 0.922539 0.532964
vt 0.922542 0.500000
vt 0.922520 0.565929
vt 0.917102 0.532964
vt 0.917102 0.565929
vt 0.922364 0.631857
vt 0.917102 0.598893
vt 0.038929 0.718706
vt 0.014300 0.718706
vt 0.066737 0.718706
vt 0.093750 0.735769
vt 0.120840 0.735769
vt 0.173200 0.718706
vt 0.148727 0.735769
vt 0.086600 0.192277
vt 0.086600 0.210106
vt 0.086600 0.167559
vt 0.086600 0.142840
vt 0.908630 0.368143
vt 0.908630 0.401107
vt 0.908630 0.434071
vt 0.908630 0.467036
vt 0.908630 0.500000
vt 0.908630 0.532964
vt 0.908630 0.565929
vt 0.917102 0.631857
vt 0.908630 0.598893
vt 0.038773 0.735769
vt 0.014074 0.735769
vt 0.066660 0.735769
vt 0.093750 0.757269
vt 0.120937 0.757269
vt 0.173426 0.735769
vt 0.148923 0.757269
vt 0.097597 0.195496
vt 0.097597 0.213326
vt 0.097597 0.180377
vt 0.097597 0.165257
vt 0.897954 0.368143
vt 0.897954 0.401107
vt 0.897954 0.434071
vt 0.897954 0.467036
vt 0.897954 0.500000
vt 0.897954 0.532964
vt 0.897954 0.565929
vt 0.908630 0.631857
vt 0.897954 0.598893
vt 0.038577 0.757269
vt 0.013789 0.757269
vt 0.066563 0.757269
vt 0.093750 0.781102
vt 0.121044 0.781102
vt 0.173711 0.757269
vt 0.149140 0.781102
vt 0.109787 0.199065
vt 0.109787 0.216895
vt 0.109787 0.186024
vt 0.109787 0.172982
vt 0.886120 0.368143
vt 0.886120 0.401107
vt 0.886120 0.434071
vt 0.886120 0.467036
vt 0.886120 0.500000
vt 0.886120 0.532964
vt 0.886120 0.565929
vt 0.897954 0.631857
vt 0.886120 0.598893
vt 0.038360 0.781102
vt 0.013474 0.781102
vt 0.066456 0.781102
vt 0.093750 0.804935
vt 0.121089 0.804935
vt 0.174026 0.781102
vt 0.149231 0.804935
vt 0.121976 0.201671
vt 0.121976 0.219500
vt 0.121976 0.183464
vt 0.874285 0.368143
vt 0.874285 0.401107
vt 0.874285 0.434071
vt 0.874285 0.467036
vt 0.874285 0.500000
vt 0.874285 0.532964
vt 0.874285 0.565929
vt 0.886120 0.631857
vt 0.874285 0.598893
vt 0.121976 0.165257
vt 0.038269 0.804935
vt 0.013342 0.804935
vt 0.066411 0.804935
vt 0.121129 0.826436
vt 0.093750 0.826436
vt 0.174158 0.804935
vt 0.149313 0.826436
vt 0.132973 0.204022
vt 0.132973 0.221851
vt 0.132973 0.173431
vt 0.863610 0.368143
vt 0.863610 0.401107
vt 0.863610 0.434071
vt 0.863610 0.467036
vt 0.863610 0.500000
vt 0.863610 0.532964
vt 0.863610 0.565929
vt 0.874285 0.631857
vt 0.863610 0.598893
vt 0.132973 0.142840
vt 0.038187 0.826436
vt 0.013224 0.826436
vt 0.066371 0.826436
vt 0.121161 0.843498
vt 0.093750 0.843498
vt 0.174276 0.826436
vt 0.149378 0.843498
vt 0.141700 0.205887
vt 0.141700 0.223716
vt 0.141700 0.156906
vt 0.855137 0.368143
vt 0.855137 0.401107
vt 0.855137 0.434071
vt 0.855137 0.467036
vt 0.855137 0.500000
vt 0.855137 0.532964
vt 0.855137 0.565929
vt 0.863610 0.631857
vt 0.855137 0.598893
vt 0.141700 0.107925
vt 0.038122 0.843498
vt 0.013130 0.843498
vt 0.066339 0.843498
vt 0.121181 0.854453
vt 0.093750 0.854453
vt 0.174370 0.843498
vt 0.149420 0.854453
vt 0.147303 0.207085
vt 0.147303 0.224914
vt 0.147303 0.135507
vt 0.849698 0.368143
vt 0.849698 0.401107
vt 0.849698 0.434071
vt 0.849698 0.467036
vt 0.849698 0.500000
vt 0.849698 0.532964
vt 0.849698 0.565929
vt 0.855137 0.631857
vt 0.849698 0.598893
vt 0.147303 0.063930
vt 0.038080 0.854453
vt 0.013069 0.854453
vt 0.066319 0.854453
vt 0.093750 0.858228
vt 0.121189 0.858228
vt 0.149434 0.858228
vt 0.174431 0.854453
vt 0.174452 0.858228
vt 0.149234 0.207497
vt 0.149234 0.225327
vt 0.149234 0.111329
vt 0.847823 0.368143
vt 0.847823 0.434071
vt 0.847823 0.401107
vt 0.850854 0.468989
vt 0.848977 0.436025
vt 0.850854 0.436025
vt 0.850854 0.501953
vt 0.848977 0.468989
vt 0.850854 0.534917
vt 0.848977 0.501953
vt 0.850854 0.567882
vt 0.848977 0.534917
vt 0.850854 0.600846
vt 0.848977 0.567882
vt 0.849698 0.631857
vt 0.847823 0.598893
vt 0.149234 0.015160
vt 0.038066 0.858228
vt 0.013048 0.858228
vt 0.066311 0.858228
vt 0.121282 0.910902
vt 0.093750 0.910902
vt 0.149623 0.910902
vt 0.176174 0.212932
vt 0.176174 0.230762
vt 0.176174 0.114046
vt 0.176174 0.015160
vt 0.821668 0.304304
vt 0.847823 0.302747
vt 0.821668 0.368143
vt 0.821668 0.401107
vt 0.847823 0.467036
vt 0.821668 0.434071
vt 0.847823 0.500000
vt 0.821668 0.467036
vt 0.847823 0.532964
vt 0.821668 0.500000
vt 0.847823 0.565929
vt 0.821668 0.532964
vt 0.821668 0.565929
vt 0.847823 0.631857
vt 0.821668 0.598893
vt 0.821668 0.695696
vt 0.821668 0.631857
vt 0.037877 0.910902
vt 0.012774 0.910902
vt 0.066218 0.910902
vt 0.235352 0.612259
vt 0.246890 0.619889
vt 0.235352 0.623479
vt 0.258733 0.602385
vt 0.267251 0.612708
vt 0.246873 0.608669
vt 0.183888 0.214253
vt 0.183888 0.232082
vt 0.183888 0.114707
vt 0.183888 0.015160
vt 0.814180 0.304536
vt 0.814180 0.368143
vt 0.814180 0.401107
vt 0.814180 0.434071
vt 0.814180 0.467036
vt 0.814180 0.500000
vt 0.814180 0.532964
vt 0.814180 0.565929
vt 0.814180 0.598893
vt 0.814180 0.695464
vt 0.814180 0.631857
vt 0.211970 0.602385
vt 0.223813 0.619889
vt 0.203452 0.612708
vt 0.223830 0.608669
vt 0.246716 0.637216
vt 0.235352 0.640807
vt 0.266772 0.628045
vt 0.454102 0.666016
vt 0.190499 0.115008
vt 0.190499 0.214856
vt 0.190499 0.015160
vt 0.807762 0.304657
vt 0.807762 0.368143
vt 0.807762 0.401107
vt 0.807762 0.434071
vt 0.807762 0.467036
vt 0.807762 0.500000
vt 0.807762 0.532964
vt 0.807762 0.565929
vt 0.807762 0.598893
vt 0.807762 0.695343
vt 0.807762 0.631857
vt 0.203931 0.628045
vt 0.223987 0.637216
vt 0.246226 0.686311
vt 0.235352 0.689902
vt 0.265415 0.671501
vt 0.268778 0.624006
vt 0.272949 0.603732
vt 0.267334 0.667462
vt 0.190499 0.232685
vt 0.209231 0.216564
vt 0.209231 0.234394
vt 0.209231 0.115862
vt 0.209231 0.015160
vt 0.789576 0.305000
vt 0.789576 0.368143
vt 0.789576 0.401107
vt 0.789576 0.434071
vt 0.789576 0.467036
vt 0.789576 0.500000
vt 0.789576 0.532964
vt 0.789576 0.565929
vt 0.789576 0.598893
vt 0.789576 0.695000
vt 0.789576 0.631857
vt 0.201926 0.624006
vt 0.197754 0.603732
vt 0.197754 0.601410
vt 0.205288 0.671501
vt 0.224478 0.686311
vt 0.245512 0.765301
vt 0.235352 0.768891
vt 0.263441 0.756774
vt 0.272949 0.608220
vt 0.265234 0.752734
vt 0.237879 0.219866
vt 0.237879 0.237695
vt 0.237879 0.117513
vt 0.237879 0.015160
vt 0.761763 0.305000
vt 0.761763 0.368143
vt 0.761763 0.401107
vt 0.761763 0.434071
vt 0.761763 0.467036
vt 0.761763 0.500000
vt 0.761763 0.532964
vt 0.761763 0.565929
vt 0.761763 0.598893
vt 0.761763 0.631857
vt 0.203369 0.667462
vt 0.197754 0.608220
vt 0.207262 0.756774
vt 0.225191 0.765301
vt 0.272949 0.610913
vt 0.265234 0.767994
vt 0.244491 0.221847
vt 0.244491 0.239676
vt 0.244491 0.118504
vt 0.244491 0.015160
vt 0.755345 0.368143
vt 0.755345 0.304536
vt 0.755345 0.401107
vt 0.755345 0.434071
vt 0.755345 0.467036
vt 0.755345 0.500000
vt 0.755345 0.532964
vt 0.755345 0.565929
vt 0.755345 0.598893
vt 0.761763 0.695000
vt 0.755345 0.631857
vt 0.205469 0.752734
vt 0.197754 0.610913
vt 0.272949 0.614054
vt 0.265479 0.780560
vt 0.267630 0.224158
vt 0.267630 0.241988
vt 0.267630 0.119659
vt 0.267630 0.015160
vt 0.732880 0.368143
vt 0.732880 0.303375
vt 0.732880 0.401107
vt 0.732880 0.434071
vt 0.732880 0.467036
vt 0.732880 0.500000
vt 0.732880 0.532964
vt 0.732880 0.565929
vt 0.732880 0.598893
vt 0.755345 0.695464
vt 0.732880 0.631857
vt 0.205469 0.767994
vt 0.197754 0.614054
vt 0.272949 0.617196
vt 0.265820 0.785946
vt 0.299584 0.244299
vt 0.299584 0.120815
vt 0.299584 0.226469
vt 0.299584 0.015160
vt 0.701858 0.368143
vt 0.701858 0.301286
vt 0.701858 0.401107
vt 0.701858 0.434071
vt 0.701858 0.467036
vt 0.701858 0.500000
vt 0.701858 0.532964
vt 0.701858 0.565929
vt 0.701858 0.598893
vt 0.732880 0.696625
vt 0.701858 0.631857
vt 0.205225 0.780560
vt 0.197754 0.617196
vt 0.272949 0.619440
vt 0.265918 0.784151
vt 0.307297 0.228120
vt 0.307297 0.245950
vt 0.307297 0.121640
vt 0.307297 0.015160
vt 0.694370 0.301286
vt 0.694370 0.368143
vt 0.694370 0.401107
vt 0.694370 0.434071
vt 0.694370 0.467036
vt 0.694370 0.500000
vt 0.694370 0.532964
vt 0.694370 0.565929
vt 0.694370 0.598893
vt 0.701858 0.698714
vt 0.694370 0.631857
vt 0.204883 0.785946
vt 0.197754 0.619440
vt 0.317214 0.229441
vt 0.317214 0.247270
vt 0.317214 0.122301
vt 0.317214 0.015160
vt 0.684743 0.368143
vt 0.684743 0.301054
vt 0.684743 0.401107
vt 0.684743 0.434071
vt 0.684743 0.467036
vt 0.684743 0.500000
vt 0.684743 0.532964
vt 0.684743 0.565929
vt 0.684743 0.598893
vt 0.694370 0.698714
vt 0.684743 0.631857
vt 0.272949 0.621235
vt 0.266748 0.729845
vt 0.266064 0.780111
vt 0.343659 0.233073
vt 0.343659 0.250902
vt 0.343659 0.124116
vt 0.343659 0.015160
vt 0.659069 0.301054
vt 0.659069 0.368143
vt 0.659069 0.401107
vt 0.659069 0.434071
vt 0.659069 0.467036
vt 0.659069 0.500000
vt 0.659069 0.532964
vt 0.659069 0.565929
vt 0.659069 0.598893
vt 0.684743 0.698946
vt 0.659069 0.631857
vt 0.197754 0.621235
vt 0.203955 0.729845
vt 0.197754 0.626172
vt 0.246026 0.782804
vt 0.235352 0.763391
vt 0.235352 0.786395
vt 0.261097 0.775623
vt 0.246266 0.759801
vt 0.272949 0.626172
vt 0.267453 0.690762
vt 0.355174 0.234880
vt 0.355174 0.252709
vt 0.355174 0.125860
vt 0.355174 0.016841
vt 0.647890 0.301054
vt 0.647890 0.368143
vt 0.647890 0.401107
vt 0.647890 0.434071
vt 0.647890 0.467036
vt 0.647890 0.500000
vt 0.647890 0.532964
vt 0.647890 0.565929
vt 0.647890 0.598893
vt 0.659069 0.698946
vt 0.647890 0.631857
vt 0.203250 0.690762
vt 0.197754 0.628629
vt 0.209606 0.775623
vt 0.224437 0.759801
vt 0.209029 0.752620
vt 0.224677 0.782804
vt 0.235352 0.759534
vt 0.261674 0.752620
vt 0.246306 0.755944
vt 0.272949 0.628629
vt 0.267571 0.684209
vt 0.357105 0.235183
vt 0.357105 0.253012
vt 0.357105 0.150257
vt 0.357105 0.065332
vt 0.646016 0.368143
vt 0.646016 0.401107
vt 0.646016 0.434071
vt 0.646016 0.467036
vt 0.646016 0.500000
vt 0.646016 0.532964
vt 0.646016 0.565929
vt 0.646016 0.598893
vt 0.203132 0.684209
vt 0.197754 0.629040
vt 0.224397 0.755944
vt 0.208932 0.748763
vt 0.235352 0.748341
vt 0.261771 0.748763
vt 0.246423 0.744750
vt 0.272949 0.629040
vt 0.267914 0.665191
vt 0.362708 0.236063
vt 0.362708 0.253892
vt 0.362708 0.172621
vt 0.362708 0.109179
vt 0.640576 0.368143
vt 0.640576 0.401107
vt 0.640576 0.434071
vt 0.640576 0.467036
vt 0.640576 0.500000
vt 0.640576 0.532964
vt 0.640576 0.565929
vt 0.646016 0.631857
vt 0.640576 0.598893
vt 0.202789 0.665191
vt 0.197754 0.630236
vt 0.224280 0.744750
vt 0.208651 0.737570
vt 0.235352 0.728693
vt 0.262053 0.737570
vt 0.246591 0.725103
vt 0.272949 0.630236
vt 0.268409 0.650288
vt 0.371435 0.237079
vt 0.371435 0.254908
vt 0.371435 0.190400
vt 0.371435 0.143722
vt 0.632104 0.368143
vt 0.632104 0.401107
vt 0.632104 0.434071
vt 0.632104 0.467036
vt 0.632104 0.500000
vt 0.632104 0.532964
vt 0.632104 0.565929
vt 0.640576 0.631857
vt 0.632104 0.598893
vt 0.202294 0.650288
vt 0.197754 0.631617
vt 0.224112 0.725103
vt 0.208244 0.717922
vt 0.235352 0.701475
vt 0.262459 0.717922
vt 0.246789 0.697884
vt 0.382431 0.237966
vt 0.382431 0.255795
vt 0.382431 0.201773
vt 0.382431 0.165580
vt 0.621428 0.368143
vt 0.621428 0.401107
vt 0.621428 0.434071
vt 0.621428 0.467036
vt 0.621428 0.500000
vt 0.621428 0.532964
vt 0.621428 0.565929
vt 0.632104 0.631857
vt 0.621428 0.598893
vt 0.223914 0.697884
vt 0.207768 0.690703
vt 0.235352 0.671302
vt 0.262935 0.690703
vt 0.247008 0.667712
vt 0.394621 0.238949
vt 0.394621 0.256779
vt 0.394621 0.205966
vt 0.394621 0.172982
vt 0.609594 0.368143
vt 0.609594 0.401107
vt 0.609594 0.434071
vt 0.609594 0.467036
vt 0.609594 0.500000
vt 0.609594 0.532964
vt 0.609594 0.565929
vt 0.621428 0.631857
vt 0.609594 0.598893
vt 0.223696 0.667712
vt 0.207240 0.660531
vt 0.406811 0.238070
vt 0.406811 0.255899
vt 0.406811 0.201933
vt 0.597760 0.368143
vt 0.597760 0.401107
vt 0.597760 0.434071
vt 0.597760 0.467036
vt 0.597760 0.500000
vt 0.597760 0.532964
vt 0.597760 0.565929
vt 0.609594 0.631857
vt 0.597760 0.598893
vt 0.406811 0.165796
vt 0.417807 0.237081
vt 0.417807 0.254911
vt 0.417807 0.191201
vt 0.587084 0.368143
vt 0.587084 0.401107
vt 0.587084 0.434071
vt 0.587084 0.467036
vt 0.587084 0.500000
vt 0.587084 0.532964
vt 0.587084 0.565929
vt 0.597760 0.631857
vt 0.587084 0.598893
vt 0.417807 0.145321
vt 0.426534 0.236101
vt 0.426534 0.253930
vt 0.426534 0.175014
vt 0.578611 0.368143
vt 0.578611 0.401107
vt 0.578611 0.434071
vt 0.578611 0.467036
vt 0.578611 0.500000
vt 0.578611 0.532964
vt 0.578611 0.565929
vt 0.587084 0.631857
vt 0.578611 0.598893
vt 0.426534 0.113928
vt 0.431286 0.235471
vt 0.431521 0.253300
vt 0.431300 0.155081
vt 0.573412 0.368143
vt 0.573273 0.401107
vt 0.573202 0.434071
vt 0.573175 0.467036
vt 0.573175 0.532964
vt 0.573172 0.500000
vt 0.573202 0.565929
vt 0.573273 0.598893
vt 0.573412 0.631857
vt 0.431338 0.074690
vt 0.432764 0.235254
vt 0.433122 0.253083
vt 0.432786 0.133168
vt 0.571666 0.368143
vt 0.571453 0.401107
vt 0.571343 0.434071
vt 0.571303 0.467036
vt 0.571297 0.500000
vt 0.571303 0.532964
vt 0.571343 0.565929
vt 0.571453 0.598893
vt 0.571666 0.631857
vt 0.432844 0.031082
vt 0.445376 0.233403
vt 0.446701 0.251232
vt 0.445453 0.148879
vt 0.445509 0.115862
vt 0.445468 0.133161
vt 0.445687 0.038862
vt 0.558417 0.307016
vt 0.558441 0.368143
vt 0.572485 0.305230
vt 0.557690 0.401107
vt 0.557304 0.434071
vt 0.557162 0.467036
vt 0.557142 0.500000
vt 0.557162 0.532964
vt 0.557304 0.565929
vt 0.557690 0.598893
vt 0.558441 0.631857
vt 0.558417 0.692984
vt 0.572485 0.694770
vt 0.445509 0.115862
vt 0.472427 0.510922
vt 0.477310 0.499185
vt 0.472841 0.501359
vt 0.485656 0.473237
vt 0.477664 0.493159
vt 0.470222 0.502614
vt 0.454102 0.595703
vt 0.264344 0.473237
vt 0.272336 0.498335
vt 0.272336 0.493159
vt 0.481109 0.509053
vt 0.492133 0.492235
vt 0.485312 0.433528
vt 0.491548 0.412505
vt 0.491368 0.397306
vt 0.488984 0.412505
vt 0.488606 0.381361
vt 0.484072 0.354109
vt 0.484686 0.381361
vt 0.533413 0.318915
vt 0.526018 0.370765
vt 0.523153 0.403729
vt 0.521687 0.436694
vt 0.521150 0.469658
vt 0.521073 0.500000
vt 0.521150 0.530342
vt 0.513353 0.500000
vt 0.521687 0.563306
vt 0.513441 0.532964
vt 0.523153 0.596271
vt 0.514063 0.565929
vt 0.519032 0.631857
vt 0.526018 0.629235
vt 0.528226 0.684648
vt 0.533413 0.681085
vt 0.265928 0.354109
vt 0.265794 0.312843
vt 0.260772 0.310785
vt 0.264688 0.433528
vt 0.257867 0.492235
vt 0.261016 0.412505
vt 0.258452 0.412505
vt 0.268891 0.509053
vt 0.277573 0.510922
vt 0.277159 0.501359
vt 0.272690 0.499185
vt 0.018711 0.421231
vt 0.024458 0.411970
vt 0.023122 0.419291
vt 0.027239 0.417856
vt 0.035248 0.417003
vt 0.054049 0.429907
vt 0.071117 0.416330
vt 0.070974 0.429907
vt 0.047169 0.429911
vt 0.046787 0.417390
vt 0.083030 0.429907
vt 0.098466 0.415800
vt 0.098210 0.429907
vt 0.111829 0.429907
vt 0.125020 0.415525
vt 0.125000 0.429907
vt 0.138171 0.429907
vt 0.151534 0.415800
vt 0.151790 0.429907
vt 0.166970 0.429907
vt 0.178883 0.416330
vt 0.179026 0.429907
vt 0.195951 0.429907
vt 0.203213 0.417390
vt 0.202831 0.429911
vt 0.222761 0.417856
vt 0.225542 0.411970
vt 0.226878 0.419291
vt 0.214752 0.417003
vt 0.231289 0.421231
vt 0.026187 0.402993
vt 0.030026 0.383064
vt 0.038230 0.401099
vt 0.052736 0.393436
vt 0.051566 0.401099
vt 0.058642 0.401099
vt 0.075686 0.390255
vt 0.074397 0.401099
vt 0.085237 0.401099
vt 0.100587 0.388665
vt 0.099870 0.401099
vt 0.111825 0.401099
vt 0.125000 0.387904
vt 0.125000 0.401099
vt 0.138175 0.401099
vt 0.149413 0.388665
vt 0.150130 0.401099
vt 0.164763 0.401099
vt 0.174314 0.390255
vt 0.175603 0.401099
vt 0.191358 0.401099
vt 0.197264 0.393436
vt 0.198434 0.401099
vt 0.211770 0.401099
vt 0.219974 0.383064
vt 0.223813 0.402993
vt 0.032809 0.369985
vt 0.054996 0.378628
vt 0.077382 0.375978
vt 0.101394 0.374652
vt 0.125000 0.374019
vt 0.148606 0.374652
vt 0.172618 0.375978
vt 0.195004 0.378628
vt 0.217191 0.369985
vt 0.036985 0.350367
vt 0.058386 0.356416
vt 0.079926 0.354561
vt 0.102605 0.353634
vt 0.125000 0.353190
vt 0.147394 0.353634
vt 0.170074 0.354561
vt 0.191614 0.356416
vt 0.213015 0.350367
vt 0.049194 0.337720
vt 0.062537 0.324187
vt 0.061239 0.337720
vt 0.039676 0.337720
vt 0.037341 0.323427
vt 0.069600 0.337720
vt 0.082944 0.323988
vt 0.081927 0.337720
vt 0.091496 0.337720
vt 0.103252 0.323889
vt 0.103523 0.337720
vt 0.113345 0.337720
vt 0.124753 0.323578
vt 0.125000 0.337720
vt 0.136655 0.337720
vt 0.146748 0.323889
vt 0.146477 0.337720
vt 0.158504 0.337720
vt 0.167056 0.323988
vt 0.168073 0.337720
vt 0.180400 0.337720
vt 0.187463 0.324187
vt 0.188761 0.337720
vt 0.200806 0.337720
vt 0.212659 0.323427
vt 0.210324 0.337720
vt 0.046727 0.304590
vt 0.066296 0.304590
vt 0.085864 0.304590
vt 0.105432 0.304590
vt 0.144568 0.304590
vt 0.164136 0.304590
vt 0.183704 0.304590
vt 0.203273 0.304590
vt 0.270614 0.488009
vt 0.275850 0.446141
vt 0.282120 0.493792
vt 0.290664 0.448944
vt 0.277944 0.490346
vt 0.310913 0.496907
vt 0.317151 0.451280
vt 0.343421 0.501267
vt 0.346424 0.454550
vt 0.375000 0.503758
vt 0.375000 0.456419
vt 0.406579 0.501267
vt 0.403576 0.454550
vt 0.439087 0.496907
vt 0.432849 0.451280
vt 0.467880 0.493792
vt 0.459336 0.448944
vt 0.474150 0.446141
vt 0.472056 0.490346
vt 0.479386 0.488009
vt 0.276859 0.412505
vt 0.281181 0.412505
vt 0.282809 0.402228
vt 0.297606 0.412505
vt 0.284537 0.412505
vt 0.323388 0.405654
vt 0.302406 0.412505
vt 0.322452 0.412505
vt 0.299208 0.404096
vt 0.326616 0.412505
vt 0.423384 0.412505
vt 0.427548 0.412505
vt 0.426612 0.405654
vt 0.447594 0.412505
vt 0.452394 0.412505
vt 0.450792 0.404096
vt 0.465463 0.412505
vt 0.468819 0.412505
vt 0.467191 0.402228
vt 0.473141 0.412505
vt 0.289768 0.358314
vt 0.275489 0.381361
vt 0.286116 0.381361
vt 0.265314 0.381361
vt 0.307752 0.359248
vt 0.294520 0.381361
vt 0.303539 0.381361
vt 0.329626 0.360027
vt 0.315203 0.381361
vt 0.326709 0.381361
vt 0.352429 0.361117
vt 0.338462 0.381361
vt 0.351128 0.381361
vt 0.375000 0.361740
vt 0.361956 0.381361
vt 0.375000 0.381361
vt 0.388044 0.381361
vt 0.398872 0.381361
vt 0.397571 0.361117
vt 0.411538 0.381361
vt 0.423291 0.381361
vt 0.420374 0.360027
vt 0.434797 0.381361
vt 0.446461 0.381361
vt 0.442248 0.359248
vt 0.455480 0.381361
vt 0.463884 0.381361
vt 0.460232 0.358314
vt 0.474511 0.381361
vt 0.296727 0.314400
vt 0.266824 0.314400
vt 0.316296 0.314400
vt 0.335864 0.314400
vt 0.355432 0.314400
vt 0.375000 0.314400
vt 0.394568 0.314400
vt 0.414136 0.314400
vt 0.433704 0.314400
vt 0.453273 0.314400
vt 0.483176 0.314400
vt 0.008694 0.309803
vt 0.008993 0.323315
vt 0.008355 0.323315
vt 0.013649 0.323315
vt 0.011409 0.323315
vt 0.240687 0.337720
vt 0.242005 0.337720
vt 0.238987 0.337720
vt 0.222019 0.337720
vt 0.027981 0.337720
vt 0.484206 0.312843
vt 0.489228 0.310785
vt 0.513441 0.467036
vt 0.514063 0.434071
vt 0.515749 0.401107
vt 0.519032 0.368143
vt 0.528226 0.315352
vt 0.240389 0.431338
vt 0.241579 0.430009
vt 0.452269 0.396933
vt 0.449427 0.396933
vt 0.236391 0.424471
vt 0.429550 0.396933
vt 0.009763 0.411697
vt 0.007780 0.409482
vt 0.425419 0.396933
vt 0.405088 0.396933
vt 0.399873 0.396933
vt 0.369284 0.396933
vt 0.375000 0.396933
vt 0.380716 0.396933
vt 0.261394 0.381361
vt 0.344912 0.396933
vt 0.350127 0.396933
vt 0.324581 0.396933
vt 0.320450 0.396933
vt 0.300573 0.396933
vt 0.297731 0.396933
vt 0.243426 0.436663
vt 0.466352 0.396933
vt 0.469048 0.396933
vt 0.283648 0.396933
vt 0.280952 0.396933
vt 0.271617 0.396933
vt 0.484981 0.395376
vt 0.489348 0.396933
vt 0.478383 0.396933
vt 0.006712 0.413327
vt 0.013609 0.424471
vt 0.014757 0.427603
vt 0.400109 0.411337
vt 0.375000 0.410792
vt 0.349891 0.411337
vt 0.243565 0.459999
vt 0.033618 0.431354
vt 0.009611 0.431338
vt 0.265019 0.395376
vt 0.264870 0.412505
vt 0.260652 0.396933
vt 0.216382 0.431354
vt 0.258882 0.381361
vt 0.258632 0.397306
vt 0.008421 0.430009
vt 0.485130 0.412505
vt 0.006574 0.436663
vt 0.048848 0.115862
vt 0.048848 0.115862
vt 0.923752 0.403060
vt 0.850854 0.403060
vt 0.174726 0.910902
vt 0.847823 0.697253
vt 0.272949 0.601410
vt 0.204785 0.784151
vt 0.204639 0.780111
vt 0.647890 0.698946
vt 0.272949 0.631617
vt 0.263463 0.660531
vt 0.578611 0.631857
vt 0.515749 0.598893
vt 0.125000 0.304590
vt 0.491118 0.381361
vt 0.279778 0.502614
vn 0.000000 0.941400 -0.337400
vn 0.017000 0.938900 -0.343900
vn 0.019100 0.943100 -0.332000
vn 0.000000 0.939500 -0.342500
vn 0.023700 0.934800 -0.354400
vn 0.034300 0.944200 -0.327500
vn -0.139100 0.891500 -0.431200
vn -0.196800 0.902000 -0.384300
vn -0.618500 0.625500 -0.475600
vn -0.567700 0.727800 -0.384700
vn -0.890700 0.321600 -0.321400
vn -0.858700 0.297700 -0.417100
vn -0.977700 -0.083900 -0.192700
vn -0.962400 -0.043300 -0.268200
vn -0.956600 -0.122500 -0.264300
vn -0.688100 0.583300 -0.431600
vn -0.946100 0.218600 -0.238900
vn -0.974500 -0.151800 -0.165500
vn -0.964700 0.026600 -0.262100
vn -0.954200 -0.161400 -0.251900
vn -0.951900 0.138200 -0.273300
vn -0.953800 -0.130500 -0.270400
vn -0.941600 0.192000 -0.276600
vn -0.979200 0.087100 -0.183400
vn -0.959800 0.121900 -0.252800
vn 0.014800 -0.998200 0.058100
vn 0.009800 -0.998600 0.051600
vn 0.010900 -0.998300 0.056700
vn 0.011500 -0.998600 0.051500
vn 0.004800 -0.998800 0.049100
vn 0.006200 -0.998800 0.049100
vn 0.002200 -0.998900 0.047900
vn 0.002900 -0.998800 0.048000
vn 0.000700 -0.998900 0.047400
vn 0.000900 -0.998900 0.047700
vn 0.000000 -0.998900 0.047300
vn 0.000000 -0.998900 0.047600
vn -0.000900 -0.998900 0.047700
vn -0.000700 -0.998900 0.047400
vn -0.002900 -0.998800 0.048000
vn -0.002200 -0.998900 0.047900
vn -0.006200 -0.998800 0.049100
vn -0.004800 -0.998800 0.049100
vn -0.011500 -0.998600 0.051500
vn -0.009800 -0.998600 0.051600
vn -0.014800 -0.998200 0.058100
vn -0.010900 -0.998300 0.056700
vn 0.977700 -0.083900 -0.192700
vn 0.953800 -0.130500 -0.270400
vn 0.956600 -0.122500 -0.264300
vn 0.951900 0.138200 -0.273300
vn 0.982800 0.063600 -0.173400
vn 0.941600 0.192000 -0.276600
vn 0.954200 -0.161400 -0.251900
vn 0.964700 0.026600 -0.262100
vn 0.974500 -0.151800 -0.165500
vn 0.962400 -0.043300 -0.268200
vn 0.688100 0.583300 -0.431600
vn 0.890700 0.321600 -0.321400
vn 0.618500 0.625500 -0.475600
vn 0.567700 0.727800 -0.384700
vn 0.196800 0.902000 -0.384300
vn 0.139100 0.891500 -0.431200
vn -0.034300 0.944200 -0.327500
vn -0.023700 0.934800 -0.354400
vn -0.019100 0.943100 -0.332000
vn -0.017000 0.938900 -0.343900
vn 0.000000 0.966700 -0.255800
vn 0.009300 0.969800 -0.243600
vn 0.028600 0.975300 -0.219200
vn -0.184400 0.955400 -0.230700
vn -0.459500 0.843800 -0.277400
vn -0.503100 0.795700 -0.337200
vn -0.990600 0.098300 -0.094900
vn -0.996300 -0.059800 -0.062000
vn -0.995800 0.063300 -0.066000
vn -0.996100 0.012300 -0.087000
vn -0.993200 -0.102400 -0.055600
vn -0.998500 -0.003500 -0.055100
vn 0.005600 -0.998700 0.050200
vn 0.005200 -0.998500 0.055200
vn 0.002500 -0.998800 0.048200
vn 0.001200 -0.998900 0.047300
vn 0.000400 -0.998900 0.046900
vn 0.000000 -0.998900 0.046900
vn -0.000400 -0.998900 0.046900
vn -0.001200 -0.998900 0.047300
vn -0.002500 -0.998800 0.048200
vn -0.005600 -0.998700 0.050200
vn -0.005200 -0.998500 0.055200
vn 0.994000 0.012700 -0.108400
vn 0.996300 -0.059800 -0.062000
vn 0.997600 -0.015600 -0.067200
vn 0.995500 -0.013000 -0.094200
vn 0.994800 -0.006400 -0.101900
vn 0.459500 0.843800 -0.277400
vn 0.503100 0.795700 -0.337200
vn 0.184400 0.955400 -0.230700
vn -0.028600 0.975300 -0.219200
vn -0.009300 0.969800 -0.243600
vn 0.000000 0.986600 -0.163200
vn -0.001100 0.987900 -0.154900
vn 0.015600 0.990000 -0.140300
vn -0.146000 0.979100 -0.141500
vn -0.385300 0.906000 -0.175500
vn -0.457200 0.866000 -0.202800
vn -0.995500 -0.013000 -0.094200
vn -0.990600 -0.044600 0.128900
vn -0.998300 -0.023100 -0.053100
vn -0.994800 -0.006400 -0.101900
vn -0.996400 0.042700 -0.072800
vn -0.998800 -0.049200 -0.001400
vn 0.001600 -0.999400 0.034400
vn 0.001200 -0.998400 0.056700
vn 0.000400 -0.999700 0.025000
vn 0.000400 -0.999000 0.045700
vn 0.000100 -0.998900 0.047000
vn -0.000100 -0.998900 0.047000
vn -0.000400 -0.999000 0.045700
vn -0.000400 -0.999700 0.025000
vn -0.001600 -0.999400 0.034400
vn -0.001200 -0.998400 0.056700
vn 0.998800 -0.049200 -0.001400
vn 0.990600 -0.044600 0.128900
vn 0.998500 -0.003500 -0.055100
vn 0.998300 -0.023100 -0.053100
vn 0.996400 0.042700 -0.072800
vn 0.385300 0.906000 -0.175500
vn 0.457200 0.866000 -0.202800
vn 0.146000 0.979100 -0.141500
vn -0.015600 0.990000 -0.140300
vn 0.001100 0.987900 -0.154900
vn 0.000000 0.992400 -0.122800
vn -0.003600 0.993300 -0.115500
vn 0.012500 0.994600 -0.103500
vn -0.137100 0.985600 -0.098900
vn -0.458600 0.876600 -0.146200
vn -0.378600 0.916400 -0.130100
vn -0.994000 -0.052100 0.095900
vn -0.999200 -0.032500 -0.024000
vn -0.918800 -0.049100 0.391800
vn 0.016100 -0.101700 0.994700
vn 0.016200 -0.228000 0.973500
vn 0.008900 -0.214700 0.976600
vn -1.000000 0.000000 0.000000
vn -0.056400 -0.998400 0.000700
vn 0.000000 -1.000000 0.000700
vn -0.054600 -0.477000 -0.877200
vn -0.000900 -0.479400 -0.877600
vn -0.052100 -0.476900 -0.877400
vn -0.000900 -0.479600 -0.877500
vn 0.000000 -0.479800 -0.877400
vn 0.000900 -0.479600 -0.877500
vn 0.000000 -0.479900 -0.877300
vn 0.054600 -0.477000 -0.877200
vn 0.000900 -0.479400 -0.877600
vn 0.110000 -0.474600 -0.873300
vn 0.052100 -0.476900 -0.877400
vn 0.056400 -0.998400 0.000700
vn 1.000000 0.000000 0.000000
vn -0.016100 -0.101700 0.994700
vn -0.016200 -0.228000 0.973500
vn -0.021300 -0.111700 0.993500
vn 0.918800 -0.049100 0.391800
vn 0.994000 -0.052100 0.095900
vn 0.458600 0.876600 -0.146200
vn 0.137100 0.985600 -0.098900
vn 0.378600 0.916400 -0.130100
vn -0.012500 0.994600 -0.103500
vn 0.003600 0.993300 -0.115500
vn 0.000000 0.995700 -0.092500
vn -0.005400 0.996300 -0.085800
vn 0.009900 0.997300 -0.073300
vn -0.372700 0.922900 -0.097000
vn -0.126600 0.989700 -0.066400
vn -0.456500 0.884000 -0.100300
vn -0.994700 -0.072600 0.073300
vn -0.998900 -0.047100 0.005800
vn -0.981900 -0.081700 0.170700
vn 0.004700 -0.473800 0.880600
vn 0.000000 -0.465600 0.885000
vn -0.110600 -0.993900 0.000000
vn 0.000000 -1.000000 0.000000
vn -0.110400 -0.993900 0.000000
vn 0.110400 -0.993900 0.000000
vn 0.110600 -0.993900 0.000000
vn -0.008900 -0.214700 0.976600
vn -0.004700 -0.473800 0.880600
vn 0.981900 -0.081700 0.170700
vn 0.999200 -0.032500 -0.024000
vn 0.994700 -0.072600 0.073300
vn 0.456500 0.884000 -0.100300
vn 0.372700 0.922900 -0.097000
vn -0.009900 0.997300 -0.073300
vn 0.126600 0.989700 -0.066400
vn 0.005400 0.996300 -0.085800
vn 0.000000 0.996400 -0.084600
vn -0.008500 0.996900 -0.078000
vn 0.004900 0.997900 -0.065100
vn -0.358000 0.929700 -0.086300
vn -0.111600 0.992100 -0.058100
vn -0.455600 0.885900 -0.086700
vn -0.991000 -0.116500 0.065700
vn -0.997300 -0.072600 0.014700
vn -0.981000 -0.147700 0.125700
vn 0.000000 -0.722400 0.691500
vn 0.981000 -0.147700 0.125700
vn 0.998900 -0.047100 0.005800
vn 0.991000 -0.116500 0.065700
vn 0.455600 0.885900 -0.086700
vn 0.358000 0.929700 -0.086300
vn -0.004900 0.997900 -0.065100
vn 0.111600 0.992100 -0.058100
vn 0.008500 0.996900 -0.078000
vn 0.000000 0.996400 -0.084400
vn -0.012600 0.996900 -0.077900
vn -0.001500 0.997900 -0.065100
vn -0.336400 0.937800 -0.085900
vn -0.091500 0.994100 -0.058500
vn -0.982100 -0.183200 0.044700
vn -0.993800 -0.110500 0.013400
vn -0.963400 -0.252700 0.089100
vn 0.000000 -0.919700 0.392600
vn 0.963400 -0.252700 0.089100
vn 0.997300 -0.072600 0.014700
vn 0.982100 -0.183200 0.044700
vn 0.336400 0.937800 -0.085900
vn 0.001500 0.997900 -0.065100
vn 0.091500 0.994100 -0.058500
vn 0.012600 0.996900 -0.077900
vn 0.000000 0.996200 -0.087400
vn -0.017100 0.996600 -0.081200
vn -0.008400 0.997600 -0.069000
vn -0.310900 0.947700 -0.072300
vn -0.071700 0.995800 -0.057700
vn -0.456200 0.887000 -0.070900
vn -0.977500 -0.209700 0.020600
vn -0.991900 -0.125600 0.021200
vn -0.954900 -0.296200 0.020300
vn 0.000000 -1.000000 0.001300
vn 0.954900 -0.296200 0.020300
vn 0.993800 -0.110500 0.013400
vn 0.977500 -0.209700 0.020600
vn 0.456200 0.887000 -0.070900
vn 0.310900 0.947700 -0.072300
vn 0.008400 0.997600 -0.069000
vn 0.071700 0.995800 -0.057700
vn 0.017100 0.996600 -0.081200
vn 0.000000 0.996000 -0.089700
vn -0.020800 0.996200 -0.084200
vn -0.015000 0.997200 -0.073100
vn -0.304200 0.950400 -0.065100
vn -0.067600 0.995800 -0.061800
vn -0.462400 0.884900 -0.056100
vn -0.995300 -0.094100 0.022300
vn -0.987800 -0.155400 -0.008000
vn 0.000000 -0.920600 -0.390500
vn 0.000000 -0.919700 -0.392600
vn 0.987800 -0.155400 -0.008000
vn 0.977100 -0.207600 -0.047700
vn 0.995300 -0.094100 0.022300
vn 0.462400 0.884900 -0.056100
vn 0.304200 0.950400 -0.065100
vn 0.015000 0.997200 -0.073100
vn 0.067600 0.995800 -0.061800
vn 0.020800 0.996200 -0.084200
vn -0.024100 0.996100 -0.084700
vn 0.000000 0.995900 -0.090800
vn -0.020800 0.997100 -0.073100
vn -0.301400 0.951300 -0.065400
vn -0.064000 0.996100 -0.061400
vn -0.469700 0.881000 -0.055600
vn -0.998100 -0.059600 0.018100
vn -0.977100 -0.207600 -0.047700
vn -0.995000 -0.096200 -0.027700
vn 0.000000 -0.723500 -0.690400
vn 0.000000 -0.722400 -0.691500
vn 0.995000 -0.096200 -0.027700
vn 0.989800 -0.117400 -0.081200
vn 0.998100 -0.059600 0.018100
vn 0.469700 0.881000 -0.055600
vn 0.301400 0.951300 -0.065400
vn 0.020800 0.997100 -0.073100
vn 0.064000 0.996100 -0.061400
vn 0.024100 0.996100 -0.084700
vn -0.027300 0.996000 -0.084800
vn 0.000000 0.995800 -0.091100
vn -0.025400 0.997000 -0.073100
vn -0.298800 0.952000 -0.065900
vn -0.060900 0.996300 -0.060700
vn -0.475900 0.877800 -0.054900
vn -0.999100 -0.039000 0.018100
vn -0.989800 -0.117400 -0.081200
vn -0.997300 -0.062700 -0.039600
vn 0.000000 -0.482800 -0.875700
vn 0.000000 -0.482000 -0.876200
vn 0.997300 -0.062700 -0.039600
vn 0.990300 -0.068900 -0.120900
vn 0.999100 -0.039000 0.018100
vn 0.475900 0.877800 -0.054900
vn 0.298800 0.952000 -0.065900
vn 0.025400 0.997000 -0.073100
vn 0.060900 0.996300 -0.060700
vn 0.027300 0.996000 -0.084800
vn -0.029700 0.995900 -0.084900
vn 0.000000 0.995800 -0.091500
vn -0.028300 0.996900 -0.073200
vn -0.296700 0.952600 -0.066700
vn -0.059100 0.996500 -0.059700
vn -0.480200 0.875500 -0.054100
vn -0.999500 -0.027000 0.019200
vn -0.990300 -0.068900 -0.120900
vn -0.996400 -0.044600 -0.072100
vn 0.000000 -0.239000 -0.971000
vn -0.056300 -0.998400 0.000000
vn 0.056300 -0.998400 0.000000
vn 0.000000 -0.238600 -0.971100
vn 0.996400 -0.044600 -0.072100
vn 0.949600 -0.044600 -0.310400
vn 0.999500 -0.027000 0.019200
vn 0.480200 0.875500 -0.054100
vn 0.296700 0.952600 -0.066700
vn 0.028300 0.996900 -0.073200
vn 0.059100 0.996500 -0.059700
vn 0.029700 0.995900 -0.084900
vn 0.000000 0.996600 -0.082600
vn -0.030900 0.996500 -0.077400
vn -0.032200 0.997400 -0.064000
vn -0.056900 0.996300 -0.063800
vn -0.297200 0.952700 -0.063200
vn -0.482500 0.874500 -0.049800
vn -0.999500 -0.019700 0.023500
vn -0.949600 -0.044600 -0.310400
vn -0.994600 -0.043100 -0.094700
vn 0.000000 -0.117600 -0.993100
vn 0.000000 -0.479600 0.877500
vn -0.052800 -0.478900 0.876300
vn -0.050300 -0.479000 0.876400
vn 0.050300 -0.479000 0.876400
vn 0.107500 -0.476800 0.872400
vn 0.052800 -0.478900 0.876300
vn 0.994600 -0.043100 -0.094700
vn 0.999000 -0.044600 0.000700
vn 0.999500 -0.019700 0.023500
vn 0.482500 0.874500 -0.049800
vn 0.297200 0.952700 -0.063200
vn 0.032200 0.997400 -0.064000
vn 0.056900 0.996300 -0.063800
vn 0.030900 0.996500 -0.077400
vn -0.041200 0.978100 -0.204100
vn 0.000000 0.977700 -0.210000
vn -0.030000 0.975600 -0.217300
vn -0.336300 0.939700 -0.061900
vn -0.098700 0.987000 -0.126900
vn -0.506100 0.861100 -0.048500
vn -0.999300 -0.030000 0.021800
vn -0.999600 -0.016600 0.021600
vn -0.998800 -0.043700 0.021200
vn 0.998800 -0.043700 0.021200
vn 0.999300 -0.030000 0.021800
vn 0.506100 0.861100 -0.048500
vn 0.336300 0.939700 -0.061900
vn 0.030000 0.975600 -0.217300
vn 0.098700 0.987000 -0.126900
vn 0.041200 0.978100 -0.204100
vn -0.038300 0.896000 -0.442400
vn 0.000000 0.896500 -0.443100
vn -0.093600 0.925400 -0.367200
vn -0.268400 0.931400 -0.246100
vn -0.121100 0.991200 -0.053900
vn -0.511400 0.858200 -0.044500
vn -0.999500 -0.029800 0.012200
vn -0.999800 -0.016600 0.012100
vn -0.999000 -0.043200 0.011600
vn 0.999000 -0.043200 0.011600
vn 0.999600 -0.016600 0.021600
vn 0.999500 -0.029800 0.012200
vn 0.511400 0.858200 -0.044500
vn 0.121100 0.991200 -0.053900
vn 0.093600 0.925400 -0.367200
vn 0.268400 0.931400 -0.246100
vn 0.038300 0.896000 -0.442400
vn -0.040800 0.843200 -0.536000
vn 0.000000 0.840700 -0.541500
vn -0.114700 0.870200 -0.479100
vn -0.397200 0.848300 -0.350100
vn -0.226900 0.971500 -0.067900
vn 0.428400 0.903600 -0.005100
vn 0.218800 -0.366800 0.904200
vn 0.216500 -0.375100 0.901300
vn 0.219600 -0.363900 0.905200
vn 0.215600 -0.378400 0.900200
vn 0.475400 0.566100 0.673400
vn -0.664900 -0.746800 0.014000
vn -0.661900 -0.749600 0.008000
vn -0.671900 -0.740100 0.028400
vn 0.081900 -0.136500 -0.987300
vn 0.641500 0.294600 -0.708300
vn -0.275100 -0.558200 -0.782800
vn -0.999500 -0.029700 0.009100
vn -0.999800 -0.016500 0.009200
vn -0.999000 -0.043000 0.008700
vn 0.999000 -0.043000 0.008700
vn 0.999800 -0.016600 0.012100
vn 0.999500 -0.029700 0.009100
vn 0.226900 0.971500 -0.067900
vn -0.428400 0.903600 -0.005100
vn -0.218800 -0.366800 0.904200
vn -0.219600 -0.363900 0.905200
vn -0.216500 -0.375100 0.901300
vn -0.215600 -0.378400 0.900200
vn -0.475400 0.566100 0.673400
vn 0.664900 -0.746800 0.014000
vn 0.661900 -0.749600 0.008000
vn 0.657800 -0.753200 0.000000
vn -0.081900 -0.136500 -0.987300
vn -0.641500 0.294600 -0.708300
vn 0.275100 -0.558200 -0.782800
vn 0.397200 0.848300 -0.350100
vn 0.114700 0.870200 -0.479100
vn 0.040800 0.843200 -0.536000
vn -0.045800 0.832300 -0.552400
vn 0.000000 0.834300 -0.551300
vn -0.125100 0.838400 -0.530500
vn -0.552500 0.757200 -0.348400
vn -0.635100 0.770000 -0.061800
vn -0.521700 0.852700 -0.028600
vn -0.999600 -0.029400 0.004800
vn -0.999900 -0.016300 0.004800
vn -0.999100 -0.042700 0.004500
vn 0.999100 -0.042700 0.004500
vn 0.999800 -0.016500 0.009200
vn 0.999600 -0.029400 0.004800
vn 0.521700 0.852700 -0.028600
vn 0.516600 0.856000 -0.021600
vn 0.635100 0.770000 -0.061800
vn 0.552500 0.757200 -0.348400
vn 0.125100 0.838400 -0.530500
vn 0.045800 0.832300 -0.552400
vn -0.037300 0.823200 -0.566500
vn 0.000000 0.823200 -0.567800
vn -0.134300 0.836600 -0.531100
vn -0.202000 0.826200 -0.525900
vn -0.718400 0.691600 -0.074500
vn -0.888200 0.414000 -0.199500
vn -0.521800 0.850400 -0.067100
vn -0.999500 -0.029100 -0.015700
vn -0.999700 -0.016100 -0.016300
vn -0.999000 -0.042100 -0.016500
vn 0.999000 -0.042100 -0.016500
vn 0.999900 -0.016300 0.004800
vn 0.999500 -0.029100 -0.015700
vn 0.521800 0.850400 -0.067100
vn 0.718400 0.691600 -0.074500
vn 0.202000 0.826200 -0.525900
vn 0.134300 0.836600 -0.531100
vn 0.037300 0.823200 -0.566500
vn -0.043200 0.930700 -0.363100
vn 0.000000 0.932300 -0.361800
vn -0.094800 0.933900 -0.344800
vn -0.178500 0.933500 -0.310900
vn -0.743000 0.667300 -0.052300
vn -0.910100 0.395600 -0.123800
vn -0.516100 0.853700 -0.069000
vn -0.999200 -0.028600 -0.027700
vn -0.999500 -0.015900 -0.027400
vn -0.998700 -0.041700 -0.028500
vn 0.998700 -0.041700 -0.028500
vn 0.999700 -0.016100 -0.016300
vn 0.999200 -0.028600 -0.027700
vn 0.516100 0.853700 -0.069000
vn 0.888200 0.414000 -0.199500
vn 0.743000 0.667300 -0.052300
vn 0.178500 0.933500 -0.310900
vn 0.094800 0.933900 -0.344800
vn 0.043200 0.930700 -0.363100
vn -0.045900 0.996000 -0.076900
vn 0.000000 0.997100 -0.076600
vn -0.170500 0.982000 -0.081200
vn -0.115100 0.990300 -0.078200
vn -0.746600 0.664800 -0.024300
vn -0.925900 0.374700 -0.048500
vn -0.492900 0.869600 -0.028500
vn -0.999200 -0.028400 -0.027100
vn -0.999500 -0.015700 -0.027100
vn -0.998800 -0.041200 -0.027300
vn 0.998800 -0.041200 -0.027300
vn 0.999500 -0.015900 -0.027400
vn 0.999200 -0.028400 -0.027100
vn 0.492900 0.869600 -0.028500
vn 0.910100 0.395600 -0.123800
vn 0.746600 0.664800 -0.024300
vn 0.170500 0.982000 -0.081200
vn 0.045900 0.996000 -0.076900
vn 0.115100 0.990300 -0.078200
vn 0.000000 1.000000 -0.003300
vn -0.045600 0.999000 -0.003700
vn -0.091700 0.995700 -0.009200
vn -0.740700 0.670800 -0.038100
vn -0.931400 0.363300 -0.023000
vn -0.999500 -0.028200 -0.014900
vn -0.999800 -0.015600 -0.014400
vn -0.999100 -0.040700 -0.015400
vn 0.999100 -0.040700 -0.015400
vn 0.999500 -0.015700 -0.027100
vn 0.999500 -0.028200 -0.014900
vn 0.740700 0.670800 -0.038100
vn 0.460300 0.886400 -0.049500
vn 0.925900 0.374700 -0.048500
vn 0.091700 0.995700 -0.009200
vn 0.132100 0.991200 -0.002300
vn 0.045600 0.999000 -0.003700
vn 0.000000 0.998900 0.045900
vn -0.045300 0.997900 0.045500
vn -0.132100 0.991200 -0.002300
vn -0.096700 0.994200 0.047000
vn -0.930600 0.365600 -0.018600
vn -0.930900 0.365300 -0.000400
vn -0.460100 0.886200 -0.054100
vn -0.459200 0.886800 -0.052300
vn -0.999600 -0.027800 -0.004800
vn -0.999900 -0.015500 -0.004900
vn -0.999200 -0.040400 -0.005500
vn 0.999200 -0.040400 -0.005500
vn 0.999800 -0.015600 -0.014400
vn 0.999600 -0.027800 -0.004800
vn 0.460100 0.886200 -0.054100
vn 0.931400 0.363300 -0.023000
vn 0.930600 0.365600 -0.018600
vn 0.096700 0.994200 0.047000
vn 0.153700 0.985700 0.068800
vn 0.045300 0.997900 0.045500
vn 0.000000 0.995100 0.098800
vn -0.044900 0.994200 0.098200
vn -0.153700 0.985700 0.068800
vn -0.105900 0.989700 0.096800
vn -0.637400 0.762700 0.109200
vn -0.458000 0.888000 -0.041700
vn -0.729300 0.684000 -0.014400
vn -0.999600 -0.027600 -0.005000
vn -0.999900 -0.015300 -0.004800
vn -0.999200 -0.040100 -0.005500
vn 0.999200 -0.040100 -0.005500
vn 0.999900 -0.015500 -0.004900
vn 0.999600 -0.027600 -0.005000
vn 0.459200 0.886800 -0.052300
vn 0.458000 0.888000 -0.041700
vn 0.637400 0.762700 0.109200
vn 0.729300 0.684000 -0.014400
vn 0.105900 0.989700 0.096800
vn 0.044900 0.994200 0.098200
vn 0.000000 0.959000 0.283300
vn -0.042300 0.958200 0.282900
vn -0.310900 0.904800 0.291000
vn -0.783100 0.570800 0.246900
vn -0.456900 0.888400 -0.043700
vn -0.675900 0.737000 -0.010000
vn -0.999600 -0.027400 0.001000
vn -0.999900 -0.015100 0.000700
vn -0.999200 -0.039600 0.001100
vn 0.000000 -0.999700 0.024400
vn 0.999200 -0.039600 0.001100
vn 0.999900 -0.015300 -0.004800
vn 0.999600 -0.027400 0.001000
vn 0.456900 0.888400 -0.043700
vn 0.783100 0.570800 0.246900
vn 0.675900 0.737000 -0.010000
vn 0.310900 0.904800 0.291000
vn 0.042300 0.958200 0.282900
vn 0.000000 0.897600 0.440800
vn -0.039000 0.897600 0.439000
vn -0.393600 0.832200 0.390500
vn -0.758000 0.565000 0.326000
vn -0.456900 0.888300 -0.046600
vn -0.621200 0.782900 -0.033400
vn -0.994100 -0.036900 0.101800
vn -0.999800 -0.017300 0.002300
vn -0.998900 -0.039300 0.024300
vn 0.000000 -0.998800 0.048700
vn 0.000000 -0.998600 0.052600
vn 0.000000 -0.998500 0.054500
vn 0.998900 -0.039300 0.024300
vn 0.999900 -0.015100 0.000700
vn 0.994100 -0.036900 0.101800
vn 0.456900 0.888300 -0.046600
vn 0.758000 0.565000 0.326000
vn 0.621200 0.782900 -0.033400
vn 0.393600 0.832200 0.390500
vn 0.039000 0.897600 0.439000
vn 0.000000 0.897500 0.441000
vn -0.038600 0.897500 0.439200
vn -0.743100 0.628100 0.230700
vn -0.722500 0.584100 0.369900
vn -0.582400 0.812800 -0.013300
vn -0.996300 -0.036600 0.077600
vn -0.999700 -0.022300 0.003200
vn -0.955800 -0.039200 0.291300
vn 0.000000 -0.118300 0.993000
vn 0.000000 -0.239500 0.970900
vn 0.000000 -0.998200 0.060200
vn 0.955800 -0.039200 0.291300
vn 0.999800 -0.017300 0.002300
vn 0.996300 -0.036600 0.077600
vn 0.722500 0.584100 0.369900
vn 0.582400 0.812800 -0.013300
vn 0.743100 0.628100 0.230700
vn 0.038600 0.897500 0.439200
vn 0.045200 0.898500 0.436500
vn 0.000000 0.886600 0.462500
vn -0.045200 0.898500 0.436500
vn -0.037800 0.886500 0.461100
vn -0.762300 0.600400 0.241700
vn -0.704100 0.653700 0.277200
vn -0.457000 0.888600 -0.040700
vn -0.504500 0.863300 -0.009000
vn -0.997800 -0.047700 0.045900
vn -0.999600 -0.029300 0.004100
vn -0.991400 -0.055300 0.118300
vn 0.000000 -0.484800 0.874600
vn 0.991400 -0.055300 0.118300
vn 0.999700 -0.022300 0.003200
vn 0.997800 -0.047700 0.045900
vn 0.457000 0.888600 -0.040700
vn 0.704100 0.653700 0.277200
vn 0.504500 0.863300 -0.009000
vn 0.762300 0.600400 0.241700
vn 0.037800 0.886500 0.461100
vn 0.044000 0.886600 0.460500
vn 0.000000 0.864900 0.502000
vn -0.044000 0.886600 0.460500
vn -0.036400 0.864800 0.500800
vn -0.765600 0.594000 0.247100
vn -0.595600 0.796600 0.103600
vn -0.457200 0.888900 -0.029300
vn -0.429900 0.902500 -0.026400
vn -0.997500 -0.062700 0.032100
vn -0.999300 -0.038100 0.003900
vn -0.994000 -0.079200 0.075400
vn 0.000000 -0.728200 0.685400
vn 0.994000 -0.079200 0.075400
vn 0.999600 -0.029300 0.004100
vn 0.997500 -0.062700 0.032100
vn 0.457200 0.888900 -0.029300
vn 0.595600 0.796600 0.103600
vn 0.429900 0.902500 -0.026400
vn 0.765600 0.594000 0.247100
vn 0.036400 0.864800 0.500800
vn 0.042300 0.864900 0.500100
vn 0.000000 0.854300 0.519900
vn -0.042300 0.864900 0.500100
vn -0.035300 0.854300 0.518600
vn -0.374200 0.826700 0.420200
vn -0.452100 0.890800 0.046400
vn -0.457200 0.889000 -0.024000
vn -0.416400 0.909000 -0.019900
vn -0.996800 -0.078700 0.016900
vn -0.998900 -0.046600 0.002300
vn -0.993200 -0.108500 0.041200
vn 0.000000 -0.923600 0.383300
vn 0.993200 -0.108500 0.041200
vn 0.999300 -0.038100 0.003900
vn 0.996800 -0.078700 0.016900
vn 0.457200 0.889000 -0.024000
vn 0.452100 0.890800 0.046400
vn 0.416400 0.909000 -0.019900
vn 0.374200 0.826700 0.420200
vn 0.035300 0.854300 0.518600
vn 0.000000 0.912000 0.410300
vn -0.038500 0.911500 0.409500
vn -0.196000 0.922200 0.333400
vn -0.305700 0.950200 0.059800
vn -0.457300 0.889200 0.010100
vn -0.390100 0.920600 0.017100
vn -0.996000 -0.085500 0.026000
vn -0.998400 -0.050000 0.026000
vn -0.992000 -0.123500 0.026000
vn 0.000000 -1.000000 0.006100
vn 0.000000 -1.000000 0.002800
vn 0.992000 -0.123500 0.026000
vn 0.998900 -0.046600 0.002300
vn 0.996000 -0.085500 0.026000
vn 0.457300 0.889200 0.010100
vn 0.305700 0.950200 0.059800
vn 0.390100 0.920600 0.017100
vn 0.196000 0.922200 0.333400
vn 0.038500 0.911500 0.409500
vn 0.000000 0.966700 0.256000
vn -0.061900 0.962200 0.265400
vn -0.043300 0.966000 0.255000
vn -0.162800 0.977800 0.132200
vn -0.472000 0.880600 0.042600
vn -0.326700 0.944200 0.042700
vn -0.997600 -0.046600 0.050300
vn -0.996200 -0.079100 0.036300
vn 0.000000 -0.932300 -0.361700
vn 0.000000 -0.930300 -0.366900
vn 0.996200 -0.079100 0.036300
vn 0.993900 -0.109300 0.013300
vn 0.997600 -0.046600 0.050300
vn 0.472000 0.880600 0.042600
vn 0.162800 0.977800 0.132200
vn 0.326700 0.944200 0.042700
vn 0.061900 0.962200 0.265400
vn 0.043300 0.966000 0.255000
vn 0.000000 0.992400 0.122800
vn -0.044300 0.991500 0.122400
vn -0.054100 0.991900 0.114900
vn -0.052900 0.996900 0.058700
vn -0.492200 0.869100 0.047800
vn -0.279600 0.959500 0.034900
vn -0.998200 -0.038500 0.046400
vn -0.993900 -0.109300 0.013300
vn -0.997800 -0.064000 0.019700
vn 0.000000 -0.756300 -0.654200
vn 0.000000 -0.753800 -0.657100
vn 0.997800 -0.064000 0.019700
vn 0.996400 -0.081600 -0.022300
vn 0.998200 -0.038500 0.046400
vn 0.492200 0.869100 0.047800
vn 0.052900 0.996900 0.058700
vn 0.279600 0.959500 0.034900
vn 0.054100 0.991900 0.114900
vn 0.044300 0.991500 0.122400
vn -0.044600 0.998700 0.025400
vn 0.000000 0.999700 0.025100
vn -0.046200 0.998600 0.026100
vn -0.047700 0.998500 0.028700
vn -0.293800 0.955100 0.038300
vn -0.508200 0.859400 0.056200
vn -0.998400 -0.030100 0.047100
vn -0.996400 -0.081600 -0.022300
vn -0.998800 -0.048700 0.005500
vn 0.000000 -0.501200 -0.865300
vn 0.000000 -0.998100 0.061600
vn -0.000100 -0.998100 0.060900
vn -0.000100 -0.998200 0.060400
vn 0.000000 -0.998200 0.060300
vn 0.000100 -0.998200 0.060400
vn 0.000100 -0.998100 0.060900
vn -0.006200 -0.510300 -0.860000
vn 0.998800 -0.048700 0.005500
vn 0.995400 -0.058200 -0.075700
vn 0.998400 -0.030100 0.047100
vn 0.508200 0.859400 0.056200
vn 0.293800 0.955100 0.038300
vn 0.047700 0.998500 0.028700
vn 0.046200 0.998600 0.026100
vn 0.044600 0.998700 0.025400
vn -0.044700 0.998700 0.025500
vn 0.000000 0.999700 0.025000
vn -0.046500 0.998600 0.026700
vn -0.052200 0.998200 0.029900
vn -0.303700 0.951900 0.040900
vn -0.519500 0.851900 0.065900
vn -0.998200 -0.023300 0.055000
vn -0.995400 -0.058200 -0.075700
vn -0.998800 -0.038600 -0.031700
vn 0.006200 -0.510300 -0.860000
vn 0.011500 -0.231300 -0.972800
vn -0.000400 -0.998000 0.063700
vn -0.000400 -0.998100 0.061700
vn -0.000200 -0.998200 0.060700
vn -0.000100 -0.998200 0.060300
vn 0.000100 -0.998200 0.060300
vn 0.000200 -0.998200 0.060700
vn 0.000400 -0.998100 0.061700
vn 0.000400 -0.998000 0.063700
vn -0.011500 -0.231300 -0.972800
vn -0.021300 -0.249200 -0.968200
vn 0.998800 -0.038600 -0.031700
vn 0.951400 -0.041900 -0.305100
vn 0.998200 -0.023300 0.055000
vn 0.519500 0.851900 0.065900
vn 0.303700 0.951900 0.040900
vn 0.052200 0.998200 0.029900
vn 0.046500 0.998600 0.026700
vn 0.044700 0.998700 0.025500
vn -0.044900 0.998600 0.028700
vn 0.000000 0.999600 0.028200
vn -0.046900 0.998400 0.030400
vn -0.056100 0.997800 0.036600
vn -0.312200 0.948600 0.052400
vn -0.525800 0.846900 0.079200
vn -0.997700 -0.018300 0.064700
vn -0.951400 -0.041900 -0.305100
vn -0.996500 -0.035300 -0.075500
vn 0.021300 -0.249200 -0.968200
vn 0.021100 -0.108300 -0.993900
vn -0.019000 -0.995600 0.091400
vn -0.001100 -0.997400 0.071500
vn -0.000500 -0.997600 0.069900
vn -0.000200 -0.997600 0.069300
vn 0.000000 -0.997600 0.069200
vn 0.000200 -0.997600 0.069300
vn 0.000500 -0.997600 0.069900
vn 0.001100 -0.997400 0.071500
vn 0.019000 -0.995600 0.091400
vn -0.021100 -0.108300 -0.993900
vn -0.028000 -0.122400 -0.992100
vn 0.996500 -0.035300 -0.075500
vn 0.998400 -0.041900 0.038700
vn 0.997700 -0.018300 0.064700
vn 0.525800 0.846900 0.079200
vn 0.312200 0.948600 0.052400
vn 0.056100 0.997800 0.036600
vn 0.046900 0.998400 0.030400
vn 0.044900 0.998600 0.028700
vn -0.047400 0.994800 0.090200
vn 0.000000 0.996200 0.087500
vn -0.054800 0.993500 0.099400
vn -0.080600 0.989300 0.121400
vn -0.353700 0.923000 0.151400
vn -0.555100 0.815100 0.166000
vn -0.994100 0.039000 0.100800
vn -0.993300 -0.012800 0.114800
vn -0.997400 -0.056900 0.043200
vn -0.996200 0.050100 0.071600
vn -0.998400 -0.041900 0.038700
vn -0.992000 -0.096400 0.081900
vn -0.047900 -0.991400 0.122000
vn -0.033700 -0.996300 0.079400
vn -0.006300 -0.974500 0.224300
vn -0.003700 -0.996600 0.081900
vn -0.001700 -0.996800 0.079500
vn -0.000500 -0.996900 0.078500
vn 0.000000 -0.996900 0.078200
vn 0.000500 -0.996900 0.078500
vn 0.001700 -0.996800 0.079500
vn 0.003700 -0.996600 0.081900
vn 0.033700 -0.996300 0.079400
vn 0.047900 -0.991400 0.122000
vn 0.006300 -0.974500 0.224300
vn 0.997400 -0.056900 0.043200
vn 0.992000 -0.096400 0.081900
vn 0.994100 0.039000 0.100800
vn 0.996200 0.050100 0.071600
vn 0.993300 -0.012800 0.114800
vn 0.555100 0.815100 0.166000
vn 0.353700 0.923000 0.151400
vn 0.080600 0.989300 0.121400
vn 0.054800 0.993500 0.099400
vn 0.047400 0.994800 0.090200
vn -0.053800 0.988100 0.143900
vn 0.000000 0.989800 0.142200
vn -0.076900 0.985200 0.153500
vn -0.101400 0.980200 0.170000
vn -0.091600 0.983400 0.156400
vn -0.483800 0.844100 0.231400
vn -0.170900 0.964800 0.199800
vn -0.047600 0.981700 0.184500
vn -0.670400 0.719800 0.180400
vn -0.928500 0.370700 -0.021300
vn -0.099100 0.975900 0.194300
vn 0.080800 0.982600 0.167400
vn 0.076800 0.985200 0.153400
vn 0.670400 0.719800 0.180400
vn 0.483800 0.844100 0.231400
vn 0.928500 0.370700 -0.021300
vn -0.985800 -0.004900 0.168100
vn -0.984700 -0.001500 0.174000
vn -0.980000 0.135000 0.146600
vn -0.995400 -0.058100 0.076000
vn -0.988600 -0.133700 0.068800
vn -0.995400 -0.057800 0.076500
vn -0.040400 -0.996000 0.079200
vn -0.019800 -0.996600 0.079600
vn -0.010700 -0.997100 0.075700
vn -0.004700 -0.997200 0.074100
vn -0.001400 -0.997300 0.073700
vn 0.000000 -0.997300 0.073700
vn 0.001400 -0.997300 0.073700
vn 0.004700 -0.997200 0.074100
vn 0.001600 -0.997600 0.069200
vn 0.010700 -0.997100 0.075700
vn 0.005000 -0.997600 0.069600
vn 0.020200 -0.997200 0.072300
vn 0.019800 -0.996600 0.079600
vn 0.028600 -0.995500 0.089900
vn 0.040400 -0.996000 0.079200
vn 0.988600 -0.133700 0.068800
vn 0.950200 -0.304200 0.067700
vn 0.985800 -0.004900 0.168100
vn 0.984700 -0.001500 0.174000
vn 0.980000 0.135000 0.146600
vn 0.170900 0.964800 0.199800
vn 0.090700 0.983700 0.155100
vn 0.100900 0.980400 0.169300
vn 0.047600 0.981700 0.184500
vn -0.748900 -0.641300 0.167200
vn -0.593400 -0.795700 0.121500
vn -0.224700 -0.971000 0.082000
vn 0.053800 0.988100 0.143900
vn 0.303700 0.851900 -0.426600
vn 0.176900 0.876200 -0.448400
vn 0.188300 0.865600 -0.464000
vn 0.149800 0.872100 -0.465800
vn 0.163000 0.879900 -0.446400
vn 0.173000 0.075700 -0.982000
vn 0.114500 0.071100 -0.990900
vn 0.112300 0.078600 -0.990600
vn 0.219000 0.076400 -0.972700
vn 0.224500 0.063700 -0.972400
vn 0.067000 0.081200 -0.994400
vn 0.035500 0.078600 -0.996300
vn 0.035100 0.080600 -0.996100
vn 0.009500 0.082500 -0.996500
vn 0.000000 0.081700 -0.996700
vn 0.000000 0.082300 -0.996600
vn -0.009500 0.082500 -0.996500
vn -0.035500 0.078600 -0.996300
vn -0.035100 0.080600 -0.996100
vn -0.067000 0.081200 -0.994400
vn -0.114600 0.071100 -0.990900
vn -0.112300 0.078600 -0.990600
vn -0.173000 0.075700 -0.982000
vn -0.224500 0.063700 -0.972400
vn -0.219000 0.076400 -0.972700
vn -0.149800 0.872100 -0.465800
vn -0.176900 0.876200 -0.448400
vn -0.188300 0.865600 -0.464000
vn -0.163000 0.879900 -0.446400
vn -0.303700 0.851900 -0.426600
vn 0.174000 0.889700 -0.422100
vn 0.383300 -0.098900 -0.918300
vn 0.369400 -0.095500 -0.924300
vn 0.317800 -0.097300 -0.943200
vn 0.242700 -0.119500 -0.962700
vn 0.180600 -0.103900 -0.978100
vn 0.191900 -0.074300 -0.978600
vn 0.361400 -0.107800 -0.926200
vn 0.145600 -0.086600 -0.985600
vn 0.075800 -0.270000 -0.959900
vn 0.108200 -0.083100 -0.990700
vn 0.055300 -0.082800 -0.995000
vn 0.028900 -0.322900 -0.946000
vn 0.033100 -0.082400 -0.996000
vn 0.007800 -0.081100 -0.996700
vn 0.000000 -0.340700 -0.940200
vn 0.000000 -0.081400 -0.996700
vn -0.007800 -0.081100 -0.996700
vn -0.028900 -0.322900 -0.946000
vn -0.033100 -0.082400 -0.996000
vn -0.055300 -0.082800 -0.995000
vn -0.075800 -0.270000 -0.959900
vn -0.108200 -0.083100 -0.990700
vn -0.145600 -0.086600 -0.985600
vn -0.180600 -0.103900 -0.978100
vn -0.191900 -0.074300 -0.978600
vn -0.242700 -0.119500 -0.962700
vn -0.317800 -0.097300 -0.943200
vn -0.361400 -0.107800 -0.926200
vn -0.383300 -0.098900 -0.918300
vn -0.369400 -0.095500 -0.924300
vn 0.292500 -0.090400 -0.952000
vn 0.364400 -0.095900 -0.926300
vn 0.116600 -0.196300 -0.973600
vn 0.026600 -0.398500 -0.916800
vn 0.022100 -0.427300 -0.903800
vn 0.000000 -0.428000 -0.903800
vn -0.022100 -0.427300 -0.903800
vn -0.026600 -0.398500 -0.916800
vn -0.116600 -0.196300 -0.973600
vn -0.292500 -0.090400 -0.952000
vn -0.364400 -0.095900 -0.926300
vn 0.354500 -0.098500 -0.929900
vn 0.244800 -0.095200 -0.964900
vn 0.040800 -0.136700 -0.989800
vn 0.028200 -0.076200 -0.996700
vn 0.024000 -0.035800 -0.999100
vn 0.000000 -0.019500 -0.999800
vn -0.024000 -0.035800 -0.999100
vn -0.028200 -0.076200 -0.996700
vn -0.040800 -0.136700 -0.989800
vn -0.244800 -0.095200 -0.964900
vn -0.354500 -0.098500 -0.929900
vn 0.088100 0.735000 -0.672300
vn 0.050100 0.774600 -0.630400
vn 0.028000 0.767700 -0.640200
vn 0.140200 0.717000 -0.682800
vn 0.165800 0.726200 -0.667200
vn 0.032200 0.794800 -0.606000
vn 0.039200 0.807200 -0.589000
vn 0.040300 0.806800 -0.589500
vn 0.026000 0.809500 -0.586500
vn 0.015300 0.810900 -0.585000
vn 0.014200 0.810600 -0.585500
vn 0.004400 0.811800 -0.584000
vn 0.000100 0.812300 -0.583300
vn -0.000100 0.812400 -0.583200
vn -0.004300 0.811700 -0.584000
vn -0.015300 0.810900 -0.585000
vn -0.014200 0.810600 -0.585500
vn -0.026000 0.809500 -0.586500
vn -0.039200 0.807200 -0.589000
vn -0.040300 0.806800 -0.589500
vn -0.032200 0.794800 -0.606000
vn -0.050100 0.774600 -0.630400
vn -0.028000 0.767700 -0.640200
vn -0.088100 0.735000 -0.672300
vn -0.165800 0.726200 -0.667200
vn -0.140200 0.717000 -0.682800
vn 0.268900 -0.079700 -0.959900
vn 0.177800 0.056800 -0.982400
vn 0.140700 0.163900 -0.976400
vn 0.126800 0.181900 -0.975100
vn 0.075600 0.189700 -0.978900
vn 0.063400 0.185800 -0.980500
vn 0.029200 0.174300 -0.984300
vn 0.022600 0.166900 -0.985700
vn 0.000200 0.153800 -0.988100
vn -0.022500 0.167100 -0.985700
vn -0.029000 0.174400 -0.984300
vn -0.063400 0.185800 -0.980500
vn -0.075600 0.189700 -0.978900
vn -0.126800 0.181900 -0.975100
vn -0.140700 0.163900 -0.976400
vn -0.177800 0.056800 -0.982400
vn -0.268900 -0.079700 -0.959900
vn 0.394700 -0.038900 0.918000
vn 0.379100 0.100500 0.919900
vn 0.406400 0.093300 0.908900
vn 0.406800 0.079800 0.910000
vn 0.117500 -0.032500 0.992500
vn 0.308400 0.125900 0.942900
vn 0.208200 -0.093300 0.973600
vn 0.207800 0.109700 0.972000
vn 0.155100 0.092500 0.983500
vn 0.060100 0.082600 0.994800
vn 0.053100 0.100700 0.993500
vn 0.000000 0.076500 0.997100
vn 0.000000 0.108000 0.994200
vn -0.060100 0.082600 0.994800
vn -0.053100 0.100700 0.993500
vn -0.208500 0.110400 0.971800
vn -0.155100 0.092500 0.983500
vn -0.118800 -0.029200 0.992500
vn -0.308900 0.127200 0.942600
vn -0.378600 0.101000 0.920000
vn -0.207900 -0.093800 0.973600
vn -0.394700 -0.038900 0.918000
vn -0.406400 0.093300 0.908900
vn -0.406800 0.079800 0.910000
vn 0.224500 0.843700 0.487700
vn 0.217700 0.844800 0.488800
vn 0.188900 0.844600 0.501000
vn 0.146200 0.828500 0.540600
vn 0.175800 0.846400 0.502700
vn 0.070400 0.830100 0.553200
vn 0.113600 0.826300 0.551600
vn 0.081500 0.828300 0.554300
vn 0.131200 0.824700 0.550100
vn 0.042100 0.830900 0.554800
vn -0.042100 0.830900 0.554800
vn -0.081500 0.828300 0.554300
vn -0.070400 0.830100 0.553200
vn -0.113600 0.826300 0.551600
vn -0.146200 0.828500 0.540600
vn -0.131200 0.824700 0.550100
vn -0.175800 0.846400 0.502700
vn -0.217700 0.844800 0.488800
vn -0.188900 0.844600 0.501000
vn -0.224500 0.843700 0.487700
vn 0.292800 -0.166000 0.941700
vn 0.412000 -0.016300 0.911000
vn 0.309700 0.007600 0.950800
vn 0.429900 -0.002400 0.902900
vn 0.387100 -0.189200 0.902400
vn 0.186000 -0.152300 0.970700
vn 0.237400 0.011800 0.971300
vn 0.221400 0.002900 0.975200
vn 0.094100 -0.154400 0.983500
vn 0.165000 0.003700 0.986300
vn 0.108000 -0.000300 0.994200
vn 0.027600 -0.152700 0.987900
vn 0.062700 0.003600 0.998000
vn 0.032300 -0.000800 0.999500
vn 0.000000 -0.150700 0.988600
vn 0.008900 0.001200 1.000000
vn 0.000000 0.000000 1.000000
vn -0.008900 0.001200 1.000000
vn -0.032300 -0.000800 0.999500
vn -0.027600 -0.152700 0.987900
vn -0.062700 0.003600 0.998000
vn -0.108000 -0.000300 0.994200
vn -0.094100 -0.154400 0.983500
vn -0.165000 0.003700 0.986300
vn -0.221400 0.002900 0.975200
vn -0.186000 -0.152300 0.970700
vn -0.237400 0.011800 0.971300
vn -0.309700 0.007600 0.950800
vn -0.292800 -0.166000 0.941700
vn -0.412000 -0.016300 0.911000
vn -0.429900 -0.002400 0.902900
vn -0.387100 -0.189200 0.902400
vn 0.248500 -0.341800 0.906300
vn 0.340700 -0.361000 0.868100
vn 0.150600 -0.312400 0.937900
vn 0.068200 -0.308500 0.948800
vn 0.020300 -0.302900 0.952800
vn 0.000000 -0.299700 0.954000
vn -0.020300 -0.302900 0.952800
vn -0.068200 -0.308500 0.948800
vn -0.150600 -0.312400 0.937900
vn -0.248500 -0.341800 0.906300
vn -0.340700 -0.361000 0.868100
vn 0.993200 -0.102400 -0.055600
vn 0.996100 0.012300 -0.087000
vn 0.959800 0.121900 -0.252800
vn 0.979200 0.087100 -0.183400
vn 0.314300 -0.101100 -0.943900
vn 0.318600 -0.091400 -0.943500
vn -0.994000 0.012700 -0.108400
vn -0.997600 -0.015600 -0.067200
vn -0.982800 0.063600 -0.173400
vn -0.232900 0.733600 -0.638400
vn -0.237200 0.738200 -0.631500
vn -0.229600 0.730100 -0.643600
vn 0.237200 0.738200 -0.631500
vn 0.232900 0.733600 -0.638400
vn 0.229600 0.730100 -0.643600
vn -0.346200 -0.099700 -0.932800
vn 0.346200 -0.099700 -0.932800
vn -0.022700 0.017100 -0.999600
vn -0.102600 -0.012000 -0.994600
vn -0.950200 -0.304200 0.067700
vn -0.953500 -0.053200 -0.296800
vn 0.006900 0.068700 -0.997600
vn -0.060400 0.198800 -0.978200
vn -0.001600 -0.997600 0.069200
vn -0.039900 0.205500 -0.977800
vn -0.022200 0.214000 -0.976600
vn -0.005000 -0.997600 0.069600
vn -0.004400 0.217500 -0.976000
vn 0.000000 0.223400 -0.974700
vn 0.004400 0.217500 -0.976000
vn 0.039900 0.205500 -0.977800
vn 0.022200 0.214000 -0.976600
vn -0.011400 -0.997500 0.070300
vn -0.006900 0.068700 -0.997600
vn 0.060400 0.198800 -0.978200
vn -0.020200 -0.997200 0.072300
vn -0.028600 -0.995500 0.089900
vn 0.102600 -0.012000 -0.994600
vn 0.022700 0.017100 -0.999600
vn -0.181800 -0.050400 -0.982000
vn 0.181800 -0.050400 -0.982000
vn -0.960800 0.195300 -0.196700
vn -0.982500 0.124500 -0.138200
vn -0.254200 -0.015200 0.967000
vn -0.231000 -0.001400 0.973000
vn -0.851500 0.393000 -0.347200
vn -0.156600 -0.002800 0.987700
vn 0.946100 0.218600 -0.238900
vn 0.990600 0.098300 -0.094900
vn -0.025700 0.878800 -0.476500
vn -0.051600 0.873300 -0.484400
vn -0.014300 0.880900 -0.473100
vn -0.115100 -0.002600 0.993400
vn -0.002200 0.882900 -0.469600
vn 0.000000 0.883600 -0.468300
vn -0.058800 -0.000100 0.998300
vn -0.034300 -0.001100 0.999400
vn 0.014300 0.880900 -0.473100
vn 0.002200 0.882900 -0.469600
vn 0.008300 0.000600 1.000000
vn -0.008300 0.000600 1.000000
vn 0.995400 -0.058100 0.076000
vn 0.995400 -0.057800 0.076500
vn 0.051600 0.873300 -0.484400
vn 0.025700 0.878800 -0.476500
vn 0.058800 -0.000100 0.998300
vn 0.034300 -0.001100 0.999400
vn 0.121200 0.868900 -0.479800
vn 0.071600 0.868000 -0.491300
vn 0.115100 -0.002600 0.993400
vn 0.156600 -0.002800 0.987700
vn 0.231000 -0.001400 0.973000
vn 0.254200 -0.015200 0.967000
vn -0.174000 0.889700 -0.422100
vn -0.143100 0.876100 -0.460400
vn -0.071600 0.868000 -0.491300
vn -0.121200 0.868900 -0.479800
vn -0.334100 -0.009500 0.942500
vn -0.403800 -0.021300 0.914600
vn 0.334100 -0.009500 0.942500
vn 0.403800 -0.021300 0.914600
vn 0.255100 0.832400 0.491900
vn 0.221300 0.845000 0.486900
vn -0.990100 0.115400 0.079600
vn -0.985700 0.139000 0.095200
vn -0.428300 -0.003200 0.903700
vn 0.995800 0.063300 -0.066000
vn -0.149400 0.822600 0.548700
vn -0.119300 0.826900 0.549600
vn -0.094300 0.829000 0.551200
vn -0.056900 0.830500 0.554100
vn 0.851500 0.393000 -0.347200
vn 0.858700 0.297700 -0.417100
vn -0.021900 0.832300 0.554000
vn -0.035700 0.832500 0.552900
vn -0.017600 0.831700 0.554900
vn 0.000000 0.831900 0.555000
vn 0.000000 0.831600 0.555400
vn 0.005100 0.831800 0.555000
vn -0.005100 0.831800 0.555000
vn 0.021900 0.832300 0.554000
vn 0.017600 0.831700 0.554900
vn 0.035700 0.832500 0.552900
vn 0.056900 0.830500 0.554100
vn 0.094300 0.829000 0.551200
vn 0.119300 0.826900 0.549600
vn 0.149400 0.822600 0.548700
vn -0.221300 0.845000 0.486900
vn -0.166900 0.848100 0.502900
vn 0.166900 0.848100 0.502900
vn 0.362700 0.100000 -0.926500
vn 0.320000 0.105000 -0.941600
vn 0.304500 0.098900 -0.947400
vn 0.960800 0.195300 -0.196700
vn 0.325100 0.803400 0.498800
vn 0.250900 0.831100 0.496300
vn 0.428300 -0.003200 0.903700
vn -0.578000 -0.553900 -0.599300
vn 0.578000 -0.553900 -0.599300
vn -0.396300 0.074700 -0.915100
vn -0.362700 0.100000 -0.926500
vn 0.990100 0.115400 0.079600
vn 0.985700 0.139000 0.095200
vn 0.946900 0.297900 0.120900
vn -0.320000 0.105000 -0.941600
vn -0.304500 0.098900 -0.947400
vn 0.277300 0.068800 -0.958300
vn 0.143100 0.876100 -0.460400
vn -0.277300 0.068800 -0.958300
vn 0.982500 0.124500 -0.138200
vn -0.255100 0.832400 0.491900
vn -0.946900 0.297900 0.120900
vn 0.241500 0.091000 -0.966100
vn -0.241500 0.091000 -0.966100
vn 0.255500 0.105400 0.961100
vn 0.338300 0.093500 0.936400
vn 0.388600 0.088000 0.917200
vn -0.421900 0.070100 0.903900
vn -0.388600 0.088000 0.917200
vn -0.338300 0.093500 0.936400
vn -0.255500 0.105400 0.961100
vn 0.421900 0.070100 0.903900
vn 0.396200 0.086200 0.914100
vn -0.214900 0.108500 0.970600
vn -0.126600 0.099300 0.987000
vn -0.090700 0.114000 0.989300
vn -0.052300 0.133000 0.989700
vn -0.128100 0.084400 -0.988200
vn 0.000000 0.148700 0.988900
vn 0.052300 0.133000 0.989700
vn -0.039500 0.083400 -0.995700
vn 0.039500 0.083400 -0.995700
vn 0.090700 0.114000 0.989300
vn 0.000000 0.083000 -0.996600
vn 0.128100 0.084400 -0.988200
vn 0.126600 0.099300 0.987000
vn 0.214900 0.108500 0.970600
vn -0.396200 0.086200 0.914100
vn 0.021300 -0.111700 0.993500
vn -0.110000 -0.474600 -0.873300
vn 0.000000 -1.000000 0.001400
vn 0.991900 -0.125600 0.021200
vn -0.999000 -0.044600 0.000700
vn -0.107500 -0.476800 0.872400
vn 0.426500 0.904500 0.000000
vn -0.657800 -0.753200 0.000000
vn -0.426500 0.904500 0.000000
vn 0.671900 -0.740100 0.028400
vn -0.516600 0.856000 -0.021600
vn -0.460300 0.886400 -0.049500
vn 0.930900 0.365300 -0.000400
vn 0.998400 -0.050000 0.026000
vn 0.028000 -0.122400 -0.992100
vn 0.011400 -0.997500 0.070300
vn 0.953500 -0.053200 -0.296800
vn -0.000100 0.146500 -0.989200
vn -0.314300 -0.101100 -0.943900
vn -0.318600 -0.091400 -0.943500
vn -0.350200 -0.093600 -0.932000
vn 0.350200 -0.093600 -0.932000
vn -0.046000 0.874300 -0.483200
vn -0.014100 0.880800 -0.473200
vn 0.000000 0.884300 -0.466900
vn 0.014100 0.880800 -0.473200
vn 0.046000 0.874300 -0.483200
vn 0.091300 0.861100 -0.500200
vn -0.091300 0.861100 -0.500200
vn -0.432100 -0.001700 0.901800
vn 0.348900 0.108400 -0.930900
vn 0.432100 -0.001700 0.901800
vn -0.348900 0.108400 -0.930900
vn -0.250900 0.831100 0.496300
vn -0.325100 0.803400 0.498800
vn 0.396300 0.074700 -0.915100
vn 0.997400 0.039900 -0.059500
vn 0.859000 0.505000 -0.083800
vn -0.080800 0.982600 0.167400
vn 0.028500 0.999300 -0.023000
vn 0.024600 0.999400 -0.023300
vn 0.024900 0.999400 -0.024000
vn 0.116500 -0.255500 0.959800
vn 0.372700 0.398500 -0.838100
vn 0.122200 0.411900 -0.903000
vn 0.091100 0.423300 -0.901400
vn 0.027800 0.999400 -0.022300
vn 0.023100 0.999500 -0.022000
vn 0.647400 0.324700 -0.689600
vn 0.351900 0.407700 -0.842500
vn 0.037000 0.991900 -0.121700
vn 0.021100 0.999600 -0.020600
vn -0.118100 -0.466700 0.876500
vn -0.057300 -0.327800 0.943000
vn -0.925800 -0.378000 0.010400
vn 0.076300 0.934600 -0.347400
vn 0.065900 0.970500 -0.232100
vn 0.166800 0.871800 -0.460700
vn 0.014600 0.999700 -0.019100
vn 0.011400 -0.623800 0.781500
vn 0.033700 -0.664900 0.746200
vn -0.209400 -0.801700 -0.559800
vn 0.000000 0.959600 -0.281200
vn 0.026600 0.986400 -0.162500
vn 0.000000 0.999900 -0.016000
vn 0.039500 -0.673500 0.738200
vn 0.061700 -0.672700 0.737300
vn -0.110500 -0.993600 0.023200
vn 0.000000 -0.999800 0.021000
vn -0.076300 0.934600 -0.347400
vn 0.000000 0.846600 -0.532200
vn -0.026600 0.986400 -0.162500
vn -0.019900 0.707000 0.707000
vn 0.000000 0.707100 0.707100
vn 0.110500 -0.993600 0.023200
vn 0.000000 -0.999800 0.020000
vn -0.065900 0.970500 -0.232100
vn -0.014600 0.999700 -0.019100
vn -0.011400 -0.623800 0.781500
vn -0.033700 -0.664900 0.746200
vn -0.039500 -0.673500 0.738200
vn 0.596400 -0.794100 0.116800
vn 0.224700 -0.971000 0.082000
vn -0.166800 0.871800 -0.460700
vn -0.037000 0.991900 -0.121700
vn -0.021100 0.999600 -0.020600
vn 0.056700 -0.326400 0.943500
vn 0.120500 -0.463700 0.877800
vn 0.897200 -0.431800 0.092900
vn 0.748900 -0.641300 0.167200
vn -0.351900 0.407700 -0.842500
vn -0.372700 0.398500 -0.838100
vn -0.122200 0.411900 -0.903000
vn -0.027800 0.999400 -0.022300
vn -0.023100 0.999500 -0.022000
vn -0.091100 0.423300 -0.901400
vn -0.119700 0.418900 -0.900100
vn -0.028500 0.999300 -0.023000
vn -0.024600 0.999400 -0.023300
vn -0.859000 0.505000 -0.083800
vn -0.997400 0.039900 -0.059500
vn 0.119700 0.418900 -0.900100
vn 0.085100 0.431000 -0.898300
vn -0.893200 -0.437800 0.102700
vn 0.019900 0.707000 0.707000
vn -0.061700 -0.672700 0.737300
vn -0.647400 0.324700 -0.689600
vn 0.925800 -0.378000 0.010400
vn -0.039000 -0.240800 0.969800
vn -0.085100 0.431000 -0.898300
vn -0.024900 0.999400 -0.024000
vn -0.116500 -0.255500 0.959800
vn 0.038900 -0.240800 0.969800
vn 0.099100 0.975900 0.194300
vn 0.628400 0.263300 -0.732000
vn 0.833800 -0.505900 0.221100
vn -0.820100 -0.517900 0.243500
vn 0.209400 -0.801700 -0.559800
vn -0.628400 0.263300 -0.732000
o coupe_99
usemtl coupe_99
f 1/1/1 2/2/2 3/3/3
f 4/4/4 2/2/2 1/1/1
f 3/3/3 5/5/5 6/6/6
f 2/2/2 5/5/5 3/3/3
f 6/6/6 7/7/7 8/8/8
f 5/5/5 7/7/7 6/6/6
f 8/8/8 9/9/9 10/10/10
f 7/7/7 9/9/9 8/8/8
f 9/9/9 11/11/11 10/10/10
f 9/9/9 12/12/12 11/11/11
f 13/13/13 14/14/14 15/15/15
f 13/13/13 16/16/16 14/14/14
f 16/16/16 13/13/13 17/17/17
f 18/18/18 19/19/19 20/20/20
f 21/21/21 22/22/22 23/23/23
f 24/24/24 25/25/25 18/18/18
f 15/15/15 22/22/22 13/13/13
f 20/26/26 26/27/27 18/28/28
f 20/26/26 27/29/29 26/27/27
f 27/29/29 28/30/30 26/27/27
f 27/29/29 29/31/31 28/30/30
f 29/31/31 30/32/32 28/30/30
f 29/31/31 31/33/33 30/32/32
f 31/33/33 32/34/34 30/32/32
f 31/33/33 33/35/35 32/34/34
f 33/35/35 34/36/36 32/34/34
f 33/35/35 35/37/37 34/36/36
f 34/36/36 36/38/38 37/39/39
f 35/37/37 36/38/38 34/36/36
f 37/39/39 38/40/40 39/41/41
f 36/38/38 38/40/40 37/39/39
f 39/41/41 40/42/42 41/43/43
f 38/40/40 40/42/42 39/41/41
f 41/43/43 42/44/44 43/45/45
f 40/42/42 42/44/44 41/43/43
f 43/45/45 44/46/46 45/47/47
f 42/44/44 44/46/46 43/45/45
f 46/48/48 47/49/49 48/50/50
f 49/51/51 46/48/48 50/52/52
f 49/51/51 51/53/53 47/49/49
f 44/54/54 52/55/55 45/56/56
f 46/48/48 53/57/57 54/58/58
f 48/50/50 53/57/57 46/48/48
f 55/59/59 56/60/60 57/61/61
f 56/60/60 58/62/62 57/61/61
f 56/60/60 59/63/63 58/62/62
f 59/63/63 60/64/64 58/62/62
f 59/63/63 61/65/65 60/64/64
f 61/65/65 62/66/66 60/64/64
f 61/65/65 63/67/67 62/66/66
f 63/67/67 1/1/1 62/66/66
f 63/67/67 4/4/4 1/1/1
f 64/68/68 3/3/3 65/69/69
f 1/1/1 3/3/3 64/68/68
f 65/69/69 6/6/6 66/70/70
f 3/3/3 6/6/6 65/69/69
f 66/70/70 8/8/8 67/71/71
f 6/6/6 8/8/8 66/70/70
f 67/71/71 10/10/10 68/72/72
f 8/8/8 10/10/10 67/71/71
f 68/72/72 11/11/11 69/73/73
f 10/10/10 11/11/11 68/72/72
f 70/74/74 71/75/75 72/76/76
f 13/13/13 70/74/74 17/17/17
f 73/77/77 74/78/78 75/79/79
f 18/18/18 73/77/77 24/24/24
f 18/28/28 76/80/80 74/81/81
f 18/28/28 26/27/27 76/80/80
f 26/27/27 77/82/82 76/80/80
f 26/27/27 28/30/30 77/82/82
f 28/30/30 78/83/83 77/82/82
f 28/30/30 30/32/32 78/83/83
f 30/32/32 79/84/84 78/83/83
f 30/32/32 32/34/34 79/84/84
f 32/34/34 80/85/85 79/84/84
f 32/34/34 34/36/36 80/85/85
f 80/85/85 37/39/39 81/86/86
f 34/36/36 37/39/39 80/85/85
f 81/86/86 39/41/41 82/87/87
f 37/39/39 39/41/41 81/86/86
f 82/87/87 41/43/43 83/88/88
f 39/41/41 41/43/43 82/87/87
f 83/88/88 43/45/45 84/89/89
f 41/43/43 43/45/45 83/88/88
f 84/89/89 45/47/47 85/90/90
f 43/45/45 45/47/47 84/89/89
f 86/91/91 87/92/92 88/93/93
f 50/52/52 46/48/48 86/91/91
f 55/59/59 89/94/94 90/95/95
f 55/59/59 91/96/96 89/94/97
f 55/59/59 57/61/61 91/96/96
f 57/61/61 92/97/98 91/96/96
f 57/61/61 58/62/62 92/97/98
f 58/62/62 93/98/99 92/97/98
f 58/62/62 60/64/64 93/98/99
f 60/64/64 94/99/100 93/98/99
f 60/64/64 62/66/66 94/99/100
f 62/66/66 64/68/68 94/99/100
f 62/66/66 1/1/1 64/68/68
f 95/100/101 65/101/69 96/102/102
f 64/103/68 65/101/69 95/100/101
f 96/102/102 66/104/70 97/105/103
f 65/101/69 66/104/70 96/102/102
f 97/105/103 67/106/71 98/107/104
f 66/104/70 67/106/71 97/105/103
f 98/108/104 68/108/72 99/108/105
f 67/108/71 68/108/72 98/108/104
f 99/109/105 69/110/73 100/111/106
f 68/112/72 69/110/73 99/109/105
f 69/110/107 101/113/108 100/111/109
f 101/113/108 102/114/110 103/115/111
f 71/116/75 104/117/112 101/113/108
f 75/118/79 74/119/78 104/117/112
f 74/81/81 105/120/113 104/121/114
f 74/81/81 76/80/80 105/120/113
f 76/80/80 106/122/115 105/120/113
f 76/80/80 77/82/82 106/122/115
f 77/82/82 107/123/116 106/122/115
f 77/82/82 78/83/83 107/123/116
f 78/83/83 108/124/117 107/123/116
f 78/83/83 79/84/84 108/124/117
f 79/84/84 109/125/85 108/124/117
f 79/84/84 80/85/85 109/125/85
f 109/125/85 81/86/86 110/126/118
f 80/85/85 81/86/86 109/125/85
f 110/126/118 82/87/87 111/127/119
f 81/86/86 82/87/87 110/126/118
f 111/127/119 83/88/88 112/128/120
f 82/87/87 83/88/88 111/127/119
f 112/128/120 84/89/89 113/129/121
f 83/88/88 84/89/89 112/128/120
f 113/129/121 85/90/90 114/130/122
f 84/89/89 85/90/90 113/129/121
f 114/117/123 87/116/92 115/113/124
f 116/131/125 88/132/93 114/117/123
f 115/113/124 89/110/94 117/111/126
f 118/133/127 90/134/95 115/113/124
f 89/110/97 119/109/128 117/111/129
f 89/110/97 91/112/96 119/109/128
f 91/108/96 120/108/130 119/108/128
f 91/108/96 92/108/98 120/108/130
f 92/135/98 121/136/131 120/137/130
f 92/135/98 93/138/99 121/136/131
f 93/138/99 122/139/132 121/136/131
f 93/138/99 94/140/100 122/139/132
f 94/140/100 95/100/101 122/139/132
f 94/140/100 64/103/68 95/100/101
f 123/141/133 96/102/102 124/142/134
f 95/100/101 96/102/102 123/141/133
f 124/142/134 97/105/103 125/143/135
f 96/102/102 97/105/103 124/142/134
f 98/107/104 125/143/135 97/105/103
f 99/108/105 126/108/136 98/108/104
f 99/109/105 127/144/137 128/145/138
f 100/111/109 129/146/139 127/144/140
f 101/113/108 130/147/141 129/146/139
f 104/148/142 131/148/143 130/148/144
f 105/148/145 132/148/145 131/148/145
f 105/120/113 133/149/146 132/150/147
f 107/123/116 133/149/146 106/122/115
f 107/151/148 134/152/149 135/153/150
f 108/154/151 136/155/152 134/152/149
f 110/156/153 136/155/152 109/157/154
f 111/158/155 137/159/156 110/156/153
f 111/158/155 138/160/157 139/161/158
f 113/129/121 138/162/159 112/128/120
f 113/148/160 140/148/160 141/148/160
f 114/148/161 140/148/162 113/148/163
f 115/113/124 142/147/164 114/117/123
f 117/111/126 143/146/165 115/113/124
f 119/109/128 144/144/166 117/111/129
f 119/108/128 145/108/167 146/108/168
f 120/137/130 147/163/169 145/164/167
f 121/136/131 148/165/170 147/163/169
f 121/136/131 122/139/132 148/165/170
f 122/139/132 123/141/133 148/165/170
f 122/139/132 95/100/101 123/141/133
f 124/142/134 149/166/171 123/141/133
f 125/143/135 150/167/172 124/142/134
f 126/168/136 151/169/173 125/143/135
f 126/108/136 152/108/174 153/108/175
f 128/145/138 154/170/176 152/171/174
f 127/144/140 155/172/177 154/170/178
f 129/146/139 156/173/179 155/172/177
f 130/148/144 157/148/180 156/148/181
f 131/148/145 158/148/145 157/148/145
f 131/148/145 132/148/145 158/148/145
f 132/150/147 159/174/182 158/175/183
f 133/149/146 160/176/182 159/174/182
f 135/177/184 161/178/183 160/176/182
f 134/179/183 162/180/183 161/178/183
f 137/181/183 162/180/183 136/182/183
f 139/183/185 163/184/183 137/181/183
f 138/162/159 164/185/186 139/183/185
f 141/186/147 165/187/186 138/162/159
f 140/148/160 166/148/160 141/148/160
f 142/148/187 167/148/188 140/148/162
f 143/146/165 168/173/189 142/147/164
f 144/144/190 169/172/191 143/146/165
f 146/145/168 170/170/192 144/144/166
f 145/108/167 171/108/193 146/108/168
f 145/164/167 172/188/194 173/189/195
f 147/163/169 174/190/196 172/188/194
f 148/165/170 149/166/171 174/190/196
f 150/167/172 175/191/197 149/166/171
f 151/169/173 176/192/198 150/167/172
f 153/193/175 177/194/199 151/169/173
f 153/108/175 178/108/200 179/108/201
f 152/171/174 180/195/202 178/196/200
f 154/170/178 181/197/203 180/195/204
f 155/172/177 182/198/205 181/197/203
f 157/148/180 182/148/206 156/148/181
f 157/148/145 183/148/145 184/148/145
f 157/148/145 158/148/145 183/148/145
f 159/174/182 183/199/183 158/175/183
f 160/176/182 185/200/182 159/174/182
f 161/178/183 186/201/182 160/176/182
f 162/180/183 187/202/183 161/178/183
f 163/184/183 188/203/183 162/180/183
f 164/185/186 189/204/183 163/184/183
f 165/187/186 190/205/186 164/185/186
f 166/206/183 191/207/186 165/187/186
f 167/148/160 192/148/160 166/148/160
f 168/148/181 193/148/206 167/148/188
f 169/172/191 194/198/207 168/173/189
f 170/170/208 195/197/209 169/172/191
f 171/171/193 196/195/210 170/170/192
f 173/108/195 197/108/211 171/108/193
f 173/189/195 198/208/212 199/209/213
f 172/188/194 200/210/214 198/208/212
f 174/190/196 175/191/197 200/210/214
f 176/192/198 201/211/215 175/191/197
f 177/194/199 202/212/216 176/192/198
f 179/213/201 203/214/217 177/194/199
f 179/108/201 204/108/218 205/108/219
f 178/196/200 206/215/202 204/216/218
f 180/195/204 207/217/220 206/215/221
f 181/197/203 208/218/222 207/217/220
f 184/148/206 208/148/223 182/148/206
f 184/148/145 209/148/145 210/148/145
f 185/200/182 209/219/183 183/199/183
f 186/201/182 211/220/182 185/200/182
f 187/202/183 212/221/182 186/201/182
f 188/203/183 213/222/183 187/202/183
f 189/204/183 214/223/183 188/203/183
f 190/205/186 215/224/183 189/204/183
f 191/207/186 216/225/186 190/205/186
f 192/226/183 217/227/186 191/207/186
f 193/148/160 218/148/160 192/148/160
f 194/148/206 219/148/223 193/148/206
f 195/197/209 220/218/224 194/198/207
f 196/195/225 221/217/226 195/197/209
f 197/196/211 222/215/210 196/195/210
f 199/108/213 223/108/227 197/108/211
f 199/209/213 224/228/228 225/229/229
f 198/208/212 226/230/230 224/228/228
f 200/210/214 201/211/215 226/230/230
f 202/212/216 227/231/231 201/211/215
f 203/214/217 228/232/232 202/212/216
f 205/233/219 229/234/233 203/214/217
f 205/108/219 230/108/234 231/108/235
f 204/216/218 232/235/236 230/236/234
f 206/215/221 233/237/237 232/235/238
f 207/217/220 234/238/239 233/237/237
f 210/148/223 234/148/240 208/148/223
f 210/148/145 235/148/145 236/148/145
f 211/220/182 235/239/183 209/219/183
f 212/221/182 237/240/182 211/220/182
f 213/222/183 238/241/182 212/221/182
f 214/223/183 239/242/183 213/222/183
f 215/224/183 240/243/183 214/223/183
f 216/225/186 241/244/183 215/224/183
f 217/227/186 242/245/186 216/225/186
f 218/246/183 243/247/186 217/227/186
f 219/148/160 244/148/160 218/148/160
f 220/148/223 245/148/183 219/148/223
f 221/217/226 246/238/241 220/218/224
f 222/215/242 247/237/243 221/217/226
f 223/216/227 248/235/244 222/215/210
f 225/108/229 249/108/245 223/108/227
f 225/229/229 250/248/246 251/249/247
f 224/228/228 252/250/248 250/248/246
f 226/230/230 227/231/231 252/250/248
f 228/232/232 253/251/249 227/231/231
f 229/234/233 254/252/250 228/232/232
f 231/253/235 255/254/251 229/234/233
f 231/108/235 256/108/252 257/108/253
f 230/236/234 258/255/254 256/256/252
f 233/237/237 258/255/255 232/235/238
f 234/238/239 259/257/256 233/237/237
f 236/148/183 260/148/257 234/148/240
f 235/148/145 261/148/145 236/148/145
f 237/240/182 262/258/183 235/239/183
f 238/241/182 263/259/182 237/240/182
f 239/242/183 264/260/182 238/241/182
f 240/243/183 265/261/183 239/242/183
f 241/244/183 266/262/183 240/243/183
f 242/245/186 267/263/183 241/244/183
f 243/247/186 268/264/186 242/245/186
f 244/265/183 269/266/186 243/247/186
f 244/148/160 270/148/160 271/148/160
f 245/148/183 272/148/257 270/148/258
f 246/238/241 273/257/259 272/267/260
f 247/237/243 274/255/261 273/257/259
f 249/236/245 274/255/262 248/235/244
f 251/108/247 275/108/263 249/108/245
f 251/249/247 276/268/264 277/269/265
f 250/248/246 278/270/266 276/268/264
f 252/250/248 253/251/249 278/270/266
f 253/251/249 279/271/267 280/272/268
f 255/254/251 279/271/267 254/252/250
f 257/273/253 281/274/269 255/254/251
f 257/108/253 282/108/270 283/108/271
f 256/256/252 284/275/272 282/276/270
f 259/257/256 284/275/273 258/255/255
f 260/267/274 285/277/275 259/257/256
f 261/148/258 286/148/276 260/148/257
f 262/148/145 287/148/145 261/148/145
f 263/259/182 288/278/183 262/258/183
f 264/260/182 289/279/182 263/259/182
f 265/261/183 290/280/182 264/260/182
f 266/262/183 291/281/183 265/261/183
f 267/263/183 292/282/183 266/262/183
f 268/264/186 293/283/183 267/263/183
f 269/266/186 294/284/186 268/264/186
f 271/285/183 295/286/186 269/266/186
f 271/148/160 296/148/160 297/148/160
f 270/148/258 298/148/276 296/148/277
f 272/267/260 299/277/278 298/287/279
f 273/257/259 300/275/280 299/277/278
f 275/256/263 300/275/281 274/255/262
f 277/108/265 301/108/282 275/108/263
f 277/269/265 302/288/283 303/289/284
f 276/268/264 304/290/285 302/288/283
f 253/251/249 304/290/285 278/270/266
f 280/272/268 305/291/286 306/292/287
f 281/274/269 305/291/286 279/271/267
f 283/293/271 307/294/288 281/274/269
f 283/108/271 308/108/289 309/108/290
f 282/276/270 310/295/291 308/296/289
f 285/277/275 310/295/292 284/275/273
f 286/287/293 311/297/294 285/277/275
f 287/148/277 312/148/295 286/148/276
f 288/148/145 313/148/145 287/148/145
f 289/279/182 314/298/183 288/278/183
f 290/280/182 315/299/182 289/279/182
f 291/281/183 316/300/182 290/280/182
f 292/282/183 317/301/183 291/281/183
f 293/283/183 318/302/183 292/282/183
f 294/284/186 319/303/183 293/283/183
f 295/286/186 320/304/186 294/284/186
f 297/305/183 321/306/186 295/286/186
f 297/148/160 322/148/160 323/148/160
f 297/148/160 296/148/160 322/148/160
f 296/148/277 324/148/295 322/148/296
f 298/287/279 325/297/297 324/307/298
f 299/277/278 326/295/299 325/297/297
f 301/276/282 326/295/300 300/275/281
f 303/108/284 327/108/301 301/108/282
f 303/289/284 328/308/302 329/309/303
f 302/288/283 330/310/304 328/308/302
f 280/272/268 330/310/304 304/290/285
f 306/292/287 331/311/305 332/312/306
f 307/294/288 331/311/305 305/291/286
f 309/313/290 333/314/307 307/294/288
f 309/108/290 334/108/308 335/108/309
f 308/296/289 336/315/310 334/316/308
f 311/297/294 336/315/311 310/295/292
f 312/307/312 337/317/313 311/297/294
f 313/148/296 338/148/314 312/148/295
f 314/148/145 339/148/145 313/148/145
f 315/299/182 340/318/183 314/298/183
f 316/300/182 341/319/315 315/299/182
f 317/301/183 342/320/182 316/300/182
f 318/302/183 343/321/183 317/301/183
f 319/303/183 344/322/183 318/302/183
f 320/304/186 345/323/183 319/303/183
f 321/306/186 346/324/186 320/304/186
f 323/325/183 347/326/316 321/306/186
f 323/148/160 348/148/160 349/148/160
f 323/148/160 322/148/160 348/148/160
f 322/148/296 350/148/314 348/148/317
f 324/307/298 351/317/318 350/327/319
f 325/297/297 352/315/320 351/317/318
f 327/296/301 352/315/321 326/295/300
f 329/108/303 353/108/322 327/108/301
f 329/309/303 354/328/323 355/329/324
f 328/308/302 356/330/325 354/328/323
f 306/292/287 356/330/325 330/310/304
f 357/331/326 331/311/305 358/332/327
f 332/312/306 331/311/305 357/331/326
f 358/332/327 333/314/307 359/333/328
f 331/311/305 333/314/307 358/332/327
f 359/333/328 335/334/309 360/335/329
f 333/314/307 335/334/309 359/333/328
f 335/108/309 361/108/330 360/108/329
f 334/316/308 362/336/331 361/337/330
f 337/317/313 362/336/332 336/315/311
f 338/327/333 363/338/334 337/317/313
f 339/148/317 364/148/335 338/148/314
f 339/148/145 340/148/145 365/148/145
f 341/319/315 365/339/183 340/318/183
f 341/319/315 366/340/183 367/341/183
f 343/342/336 366/343/337 342/344/338
f 344/345/336 368/346/336 343/342/336
f 345/347/336 369/348/336 344/345/336
f 346/349/339 370/350/336 345/347/336
f 347/351/340 371/352/341 346/349/339
f 349/353/183 372/354/183 347/326/316
f 349/148/160 348/148/160 373/148/160
f 348/148/317 374/148/335 373/148/335
f 350/327/319 375/338/342 374/355/343
f 351/317/318 376/336/344 375/338/342
f 353/316/322 376/336/345 352/315/321
f 355/108/324 377/108/346 353/108/322
f 355/329/324 378/356/347 379/357/348
f 355/329/324 354/328/323 378/356/347
f 354/328/323 380/358/349 378/356/347
f 354/328/323 356/330/325 380/358/349
f 356/330/325 357/331/326 380/358/349
f 356/330/325 332/312/306 357/331/326
f 357/331/326 381/359/350 382/360/351
f 359/333/328 381/359/350 358/332/327
f 360/335/329 383/361/352 359/333/328
f 360/108/329 384/108/353 385/108/354
f 361/337/330 386/362/355 384/363/353
f 362/336/332 387/364/356 386/362/357
f 363/338/334 388/365/358 387/364/356
f 365/339/183 388/366/183 364/367/183
f 367/341/183 389/368/183 365/339/183
f 366/340/183 390/369/183 367/341/183
f 368/370/183 391/371/183 366/340/183
f 369/372/183 392/373/183 368/370/183
f 370/374/183 393/375/183 369/372/183
f 371/376/183 394/377/183 370/374/183
f 372/354/183 395/378/183 371/376/183
f 373/379/183 396/380/183 372/354/183
f 373/379/183 397/381/183 398/382/183
f 375/338/342 397/365/359 374/355/343
f 376/336/344 399/364/360 375/338/342
f 377/337/346 400/362/361 376/336/345
f 379/108/348 401/108/362 377/108/346
f 379/357/348 402/383/363 403/384/364
f 378/356/347 404/385/365 402/383/363
f 357/331/326 404/385/365 380/358/349
f 382/386/351 405/387/366 406/388/367
f 405/387/366 383/389/352 407/390/368
f 381/391/350 383/389/352 405/387/366
f 407/108/368 385/108/354 408/108/369
f 383/108/352 385/108/354 407/108/368
f 385/108/354 409/108/370 408/108/369
f 384/363/353 410/392/371 409/393/370
f 386/362/357 411/394/372 410/392/373
f 387/364/356 412/395/374 411/394/372
f 389/368/183 412/396/183 388/366/183
f 390/369/183 413/397/183 389/368/183
f 391/371/183 414/398/183 390/369/183
f 392/373/183 415/399/183 391/371/183
f 393/375/183 416/400/183 392/373/183
f 394/377/183 417/401/183 393/375/183
f 395/378/183 418/402/183 394/377/183
f 396/380/183 419/403/183 395/378/183
f 398/382/183 420/404/183 396/380/183
f 398/382/183 421/405/183 422/406/183
f 399/364/360 421/395/375 397/365/359
f 400/362/376 423/394/377 399/364/360
f 401/363/362 424/392/378 400/362/361
f 403/108/364 425/108/379 401/108/362
f 403/108/364 426/108/380 427/108/381
f 403/108/364 402/108/363 426/108/380
f 402/407/363 428/408/382 426/409/380
f 402/407/363 404/410/365 428/408/382
f 382/386/351 428/408/382 404/410/365
f 406/388/367 429/411/383 430/412/384
f 405/387/366 431/413/385 429/411/383
f 407/108/368 432/108/386 431/108/385
f 408/108/369 433/108/387 432/108/386
f 434/108/388 433/108/387 409/108/370
f 433/414/389 435/414/390 436/414/391
f 433/414/389 437/414/392 435/414/390
f 433/414/393 438/414/393 437/414/393
f 436/108/394 439/108/395 410/108/396
f 410/108/397 434/108/397 409/108/397
f 410/108/398 440/108/398 434/108/398
f 410/108/399 439/108/399 440/108/399
f 438/108/145 435/108/145 437/108/145
f 438/108/145 439/108/145 435/108/145
f 434/108/145 439/108/145 438/108/145
f 434/108/145 440/108/145 439/108/145
f 410/392/373 441/415/400 436/416/401
f 411/394/372 442/417/402 441/415/400
f 413/397/183 442/418/183 412/396/183
f 414/398/183 443/419/183 413/397/183
f 415/399/183 444/420/183 414/398/183
f 416/400/183 445/421/183 415/399/183
f 417/401/183 446/422/183 416/400/183
f 418/402/183 447/423/183 417/401/183
f 419/403/183 448/424/183 418/402/183
f 420/404/183 449/425/183 419/403/183
f 422/406/183 450/426/183 420/404/183
f 422/406/183 451/427/183 452/428/183
f 423/394/377 451/417/403 421/395/375
f 424/392/404 453/415/405 423/394/377
f 454/108/406 455/108/407 425/108/379
f 454/414/408 456/414/409 457/414/410
f 454/414/408 457/414/410 458/414/411
f 454/414/412 458/414/412 459/414/412
f 456/108/413 460/108/414 457/108/415
f 424/108/416 425/108/416 455/108/416
f 424/108/417 455/108/417 461/108/417
f 424/108/418 461/108/418 460/108/418
f 459/108/160 458/108/160 457/108/160
f 459/108/160 457/108/160 460/108/160
f 455/108/160 459/108/160 460/108/160
f 455/108/160 460/108/160 461/108/160
f 427/108/381 454/108/406 425/108/379
f 426/108/380 462/108/419 427/108/381
f 428/408/382 463/429/420 426/409/380
f 406/388/367 464/430/421 428/408/382
f 430/412/384 465/431/422 466/432/423
f 429/411/383 467/433/424 465/431/422
f 431/108/385 468/108/425 467/108/424
f 432/434/386 469/435/426 468/436/425
f 433/437/387 470/438/427 469/439/426
f 436/416/401 471/440/428 470/438/429
f 441/415/400 472/441/430 471/440/428
f 443/419/183 472/442/183 442/418/183
f 444/420/183 473/443/183 443/419/183
f 445/421/183 474/444/183 444/420/183
f 446/422/183 475/445/183 445/421/183
f 447/423/183 476/446/183 446/422/183
f 448/424/183 477/447/183 447/423/183
f 449/425/183 478/448/183 448/424/183
f 450/426/183 479/449/183 449/425/183
f 452/428/183 480/450/183 450/426/183
f 452/428/183 481/451/183 482/452/183
f 453/415/405 481/441/431 451/417/403
f 456/416/432 483/440/433 453/415/405
f 454/437/406 484/438/434 456/416/435
f 462/453/419 485/454/436 454/455/406
f 463/108/420 486/108/437 462/108/419
f 464/430/421 487/456/438 463/429/420
f 430/412/384 488/457/439 464/430/421
f 466/432/423 489/458/440 490/459/441
f 465/431/422 491/460/442 489/458/440
f 467/108/424 492/108/443 491/108/442
f 468/436/425 493/461/444 492/462/445
f 469/439/426 494/463/446 493/464/444
f 470/438/429 495/465/447 494/463/448
f 471/440/428 496/466/449 495/465/447
f 473/443/183 496/467/183 472/442/183
f 474/444/183 497/468/183 473/443/183
f 475/445/183 498/469/183 474/444/183
f 476/446/183 499/470/183 475/445/183
f 477/447/183 500/471/183 476/446/183
f 478/448/183 501/472/183 477/447/183
f 479/449/183 502/473/183 478/448/183
f 480/450/183 503/474/183 479/449/183
f 482/452/183 504/475/183 480/450/183
f 481/451/183 505/476/183 482/452/183
f 483/440/433 506/466/450 481/441/431
f 484/438/451 507/465/452 483/440/433
f 485/439/436 508/463/453 484/438/434
f 486/477/437 509/478/454 485/454/436
f 487/108/438 510/108/455 486/108/437
f 488/457/439 511/479/456 487/456/438
f 466/432/423 512/480/457 488/457/439
f 490/108/441 513/108/458 514/108/459
f 489/108/440 515/108/460 513/108/458
f 491/108/442 516/108/461 515/108/460
f 492/462/445 517/481/462 516/482/463
f 493/464/444 518/483/464 517/484/462
f 494/463/448 519/485/465 518/483/466
f 495/465/447 520/486/467 519/485/465
f 496/467/183 521/487/183 520/488/183
f 498/469/183 521/487/183 497/468/183
f 499/470/183 522/489/183 498/469/183
f 500/471/183 523/490/183 499/470/183
f 501/472/183 524/491/183 500/471/183
f 502/473/183 525/492/183 501/472/183
f 503/474/183 526/493/183 502/473/183
f 504/475/183 527/494/183 503/474/183
f 505/476/183 528/495/183 504/475/183
f 506/496/183 529/497/183 505/476/183
f 507/465/452 530/486/468 506/466/450
f 508/463/469 531/485/470 507/465/452
f 509/464/454 532/483/471 508/463/453
f 510/498/472 533/499/473 509/478/454
f 511/108/456 534/108/474 510/108/455
f 512/108/457 535/108/475 511/108/456
f 490/108/441 536/108/476 512/108/457
f 514/108/459 537/108/477 538/108/478
f 515/108/460 537/108/477 513/108/458
f 515/108/460 539/108/479 540/108/480
f 516/482/463 541/500/481 539/501/482
f 517/484/462 542/502/483 541/503/481
f 518/483/466 543/504/484 542/502/485
f 519/485/465 544/505/486 543/504/484
f 520/488/183 545/506/183 544/507/183
f 522/489/183 545/506/183 521/487/183
f 523/490/183 546/508/183 522/489/183
f 524/491/183 547/509/183 523/490/183
f 525/492/183 548/510/183 524/491/183
f 526/493/183 549/511/183 525/492/183
f 527/494/183 550/512/183 526/493/183
f 528/495/183 551/513/183 527/494/183
f 529/497/183 552/514/183 528/495/183
f 530/515/183 553/516/183 529/497/183
f 531/485/470 554/505/487 530/486/468
f 532/483/488 555/504/489 531/485/470
f 533/484/473 556/502/490 532/483/471
f 534/517/491 557/518/492 533/499/473
f 535/108/475 558/108/493 534/108/474
f 535/108/475 559/108/494 560/108/495
f 514/108/459 559/108/494 536/108/476
f 537/108/477 561/108/496 538/108/478
f 540/108/480 562/108/497 537/108/477
f 539/108/479 563/108/498 540/108/480
f 539/501/482 564/519/499 565/520/500
f 542/502/483 564/521/499 541/503/481
f 542/502/485 566/522/501 567/523/502
f 543/504/484 568/524/503 566/522/501
f 544/507/183 569/525/183 568/526/183
f 546/508/183 569/525/183 545/506/183
f 547/509/183 570/527/183 546/508/183
f 548/510/183 571/528/183 547/509/183
f 549/511/183 572/529/183 548/510/183
f 550/512/183 573/530/183 549/511/183
f 551/513/183 574/531/183 550/512/183
f 552/514/183 575/532/183 551/513/183
f 553/516/183 576/533/183 552/514/183
f 554/534/183 577/535/183 553/516/183
f 555/504/489 578/524/504 554/505/487
f 556/502/505 579/522/506 555/504/489
f 556/502/490 580/521/507 581/523/508
f 558/536/509 580/537/507 557/518/492
f 558/108/493 582/108/510 583/108/511
f 560/108/495 584/108/512 582/108/510
f 559/108/494 561/108/496 584/108/512
f 562/108/497 585/108/513 561/108/496
f 563/108/498 586/108/514 562/108/497
f 565/108/515 587/108/516 563/108/498
f 565/520/500 588/538/517 589/539/518
f 564/521/499 590/540/519 588/541/520
f 567/523/502 591/542/521 590/540/522
f 566/522/501 592/543/523 591/542/521
f 569/525/183 592/544/183 568/526/183
f 570/527/183 593/545/183 569/525/183
f 571/528/183 594/546/183 570/527/183
f 572/529/183 595/547/183 571/528/183
f 573/530/183 596/548/183 572/529/183
f 574/531/183 597/549/183 573/530/183
f 575/532/183 598/550/183 574/531/183
f 576/533/183 599/551/183 575/532/183
f 577/535/183 600/552/183 576/533/183
f 578/553/183 601/554/183 577/535/183
f 579/522/506 602/543/524 578/524/504
f 581/523/525 603/542/526 579/522/506
f 580/521/507 604/540/527 581/523/508
f 583/555/528 605/556/529 580/537/507
f 583/108/511 606/108/530 607/108/531
f 582/108/510 608/108/532 606/108/530
f 584/108/512 585/108/513 608/108/532
f 586/108/514 609/108/533 585/108/513
f 587/108/516 610/108/534 586/108/514
f 589/108/535 611/108/536 587/108/516
f 588/148/517 612/148/537 589/148/518
f 588/541/520 613/557/538 614/558/539
f 590/540/522 615/559/540 613/557/541
f 591/542/521 616/560/542 615/559/540
f 592/544/183 617/561/183 616/562/183
f 594/546/183 617/561/183 593/545/183
f 595/547/183 618/563/183 594/546/183
f 596/548/183 619/564/183 595/547/183
f 597/549/183 620/565/183 596/548/183
f 598/550/183 621/566/183 597/549/183
f 599/551/183 622/567/183 598/550/183
f 600/552/183 623/568/183 599/551/183
f 601/554/183 624/569/183 600/552/183
f 602/570/183 625/571/183 601/554/183
f 603/542/526 626/560/543 602/543/524
f 604/540/544 627/559/545 603/542/526
f 605/541/546 628/557/547 604/540/527
f 605/148/529 629/148/548 630/148/549
f 607/108/531 631/108/550 629/108/548
f 606/108/530 632/108/551 631/108/550
f 608/108/532 609/108/533 632/108/551
f 610/108/534 633/108/552 609/108/533
f 611/108/536 634/108/553 610/108/534
f 612/108/537 635/108/554 611/108/536
f 614/572/539 636/573/555 612/574/537
f 614/558/539 637/575/556 638/576/557
f 613/557/541 639/577/558 637/575/559
f 615/559/540 640/578/560 639/577/558
f 617/561/183 640/579/561 616/562/183
f 618/563/183 641/580/561 617/561/183
f 619/564/183 642/581/561 618/563/183
f 620/565/183 643/582/561 619/564/183
f 621/566/183 644/583/561 620/565/183
f 622/567/183 645/584/561 621/566/183
f 623/568/183 646/585/561 622/567/183
f 624/569/183 647/586/561 623/568/183
f 625/571/183 648/587/561 624/569/183
f 626/588/183 649/589/561 625/571/183
f 627/559/545 650/578/562 626/560/543
f 628/557/563 651/577/564 627/559/545
f 630/558/549 652/575/565 628/557/547
f 630/590/549 653/591/566 654/592/567
f 629/108/548 655/108/568 653/108/566
f 631/108/550 656/108/569 655/108/568
f 632/108/551 633/108/552 656/108/569
f 634/593/553 657/594/570 633/595/552
f 635/596/554 658/597/571 634/593/553
f 636/108/555 659/108/572 635/108/554
f 638/598/557 660/599/573 636/573/555
f 638/576/557 661/600/574 662/601/575
f 637/575/559 663/602/576 661/600/577
f 639/577/558 664/603/578 663/602/576
f 641/580/561 664/604/579 640/579/561
f 642/581/561 665/605/580 641/580/561
f 643/582/561 666/606/581 642/581/561
f 644/583/561 667/607/581 643/582/561
f 645/584/561 668/608/581 644/583/561
f 646/585/561 669/609/581 645/584/561
f 647/586/561 670/610/581 646/585/561
f 648/587/561 671/611/581 647/586/561
f 649/589/561 672/612/581 648/587/561
f 650/613/561 673/614/580 649/589/561
f 651/577/564 674/603/582 650/578/562
f 652/575/583 675/602/584 651/577/564
f 654/576/567 676/600/585 652/575/565
f 654/592/567 677/615/586 678/616/587
f 653/108/566 679/108/588 677/108/586
f 655/617/568 680/618/589 679/619/588
f 656/620/569 657/594/570 680/618/589
f 658/597/571 681/621/590 657/594/570
f 659/622/572 682/623/591 658/597/571
f 660/108/573 683/108/592 659/108/572
f 662/624/575 684/625/593 660/599/573
f 662/601/575 685/626/574 686/627/594
f 661/600/577 687/628/595 685/626/596
f 663/602/576 688/629/597 687/628/595
f 665/148/598 688/148/599 664/148/598
f 665/148/145 689/148/145 690/148/145
f 666/606/581 689/630/600 665/605/580
f 667/607/581 691/631/600 666/606/581
f 668/608/581 692/632/600 667/607/581
f 669/609/581 693/633/600 668/608/581
f 670/610/581 694/634/600 669/609/581
f 671/611/581 695/635/600 670/610/581
f 672/612/581 696/636/600 671/611/581
f 673/614/580 697/637/600 672/612/581
f 673/148/160 698/148/160 699/148/160
f 674/148/598 698/148/599 673/148/598
f 675/602/584 700/629/601 674/603/582
f 676/600/602 701/628/603 675/602/584
f 678/601/587 702/626/585 676/600/585
f 678/616/587 703/638/604 704/639/605
f 677/108/586 705/108/606 703/108/604
f 679/619/588 706/640/607 705/641/608
f 680/618/589 681/621/590 706/640/607
f 682/623/591 707/642/609 681/621/590
f 683/643/610 708/644/611 682/623/591
f 684/108/593 709/108/612 683/108/592
f 686/645/594 710/646/613 684/625/593
f 686/627/594 711/647/614 712/648/615
f 685/626/596 713/649/616 711/647/617
f 687/628/595 714/650/618 713/649/616
f 690/148/599 714/148/619 688/148/599
f 690/148/145 715/148/145 716/148/145
f 691/631/600 715/651/600 689/630/600
f 692/632/600 717/652/600 691/631/600
f 693/633/600 718/653/600 692/632/600
f 694/634/600 719/654/600 693/633/600
f 695/635/600 720/655/600 694/634/600
f 696/636/600 721/656/600 695/635/600
f 697/637/600 722/657/600 696/636/600
f 699/658/600 723/659/600 697/637/600
f 698/148/160 724/148/160 699/148/160
f 700/148/599 725/148/619 698/148/599
f 701/628/603 726/650/620 700/629/601
f 702/626/621 727/649/622 701/628/603
f 704/627/605 728/647/623 702/626/585
f 704/639/605 729/660/624 730/661/625
f 703/108/604 731/108/626 729/108/624
f 705/641/608 732/662/627 731/663/628
f 706/640/607 707/642/609 732/662/627
f 708/644/611 733/664/629 707/642/609
f 709/665/630 734/666/631 708/644/611
f 710/108/613 735/108/632 709/108/612
f 712/667/615 736/668/633 710/646/613
f 712/648/615 737/669/634 738/670/635
f 711/647/617 739/671/636 737/669/637
f 713/649/616 740/672/638 739/671/636
f 716/148/619 740/148/639 714/148/619
f 716/148/145 741/148/145 742/148/145
f 717/652/600 741/673/600 715/651/600
f 718/653/600 743/674/600 717/652/600
f 719/654/600 744/675/600 718/653/600
f 720/655/600 745/676/600 719/654/600
f 721/656/600 746/677/600 720/655/600
f 722/657/600 747/678/600 721/656/600
f 723/659/600 748/679/600 722/657/600
f 724/680/600 749/681/600 723/659/600
f 725/148/160 750/148/160 724/148/160
f 726/148/619 751/148/639 725/148/619
f 727/649/622 752/672/640 726/650/620
f 728/647/641 753/671/642 727/649/622
f 730/648/625 754/669/643 728/647/623
f 730/661/625 755/682/644 756/683/645
f 729/108/624 757/108/646 755/108/644
f 731/663/628 758/684/647 757/685/648
f 732/662/627 733/664/629 758/684/647
f 734/666/631 759/686/649 733/664/629
f 735/687/650 760/688/651 734/666/631
f 736/108/633 761/108/652 735/108/632
f 738/108/635 762/108/653 736/108/633
f 738/670/635 763/689/654 764/690/655
f 737/669/637 765/691/656 763/689/657
f 739/671/636 766/692/658 765/691/656
f 742/148/639 766/148/659 740/148/639
f 742/148/145 767/148/145 768/148/145
f 743/674/600 767/693/600 741/673/600
f 744/675/600 769/694/600 743/674/600
f 745/676/600 770/695/600 744/675/600
f 746/677/600 771/696/600 745/676/600
f 747/678/600 772/697/600 746/677/600
f 748/679/600 773/698/600 747/678/600
f 749/681/600 774/699/600 748/679/600
f 750/700/600 775/701/600 749/681/600
f 751/148/160 776/148/160 750/148/160
f 752/148/639 777/148/659 751/148/639
f 753/671/642 778/692/660 752/672/640
f 754/669/661 779/691/662 753/671/642
f 756/670/645 780/689/663 754/669/643
f 756/108/645 781/108/664 782/108/665
f 755/108/644 783/108/666 781/108/664
f 757/685/648 784/702/667 783/703/666
f 758/684/647 759/686/649 784/702/667
f 760/688/651 785/704/668 759/686/649
f 761/705/652 786/706/669 760/688/651
f 762/108/653 787/108/670 761/108/652
f 764/108/655 788/108/671 762/108/653
f 764/690/655 789/707/672 790/708/673
f 763/689/657 791/709/674 789/707/675
f 765/691/656 792/710/676 791/709/674
f 768/148/659 792/148/677 766/148/659
f 768/148/145 793/148/145 794/148/145
f 769/694/600 793/711/600 767/693/600
f 770/695/600 795/712/600 769/694/600
f 771/696/600 796/713/600 770/695/600
f 772/697/600 797/714/600 771/696/600
f 773/698/600 798/715/600 772/697/600
f 774/699/600 799/716/600 773/698/600
f 775/701/600 800/717/600 774/699/600
f 776/718/600 801/719/600 775/701/600
f 777/148/160 802/148/160 776/148/160
f 778/148/659 803/148/678 777/148/659
f 779/691/662 804/710/679 778/692/660
f 780/689/680 805/709/681 779/691/662
f 782/690/665 806/707/682 780/689/663
f 782/108/665 807/108/683 808/108/684
f 781/108/664 809/108/685 807/108/683
f 783/703/666 810/720/686 809/721/685
f 784/702/667 785/704/668 810/720/686
f 786/108/669 811/108/687 785/108/668
f 786/108/669 812/108/688 813/108/689
f 787/108/670 814/108/690 812/108/688
f 790/108/673 814/108/690 788/108/671
f 790/708/673 815/722/691 816/723/692
f 791/709/674 815/722/693 789/707/675
f 792/710/676 817/724/694 791/709/674
f 794/148/678 818/148/695 792/148/677
f 793/148/145 819/148/145 794/148/145
f 795/712/600 820/725/600 793/711/600
f 796/713/600 821/726/600 795/712/600
f 797/714/600 822/727/600 796/713/600
f 798/715/600 823/728/600 797/714/600
f 799/716/600 824/729/600 798/715/600
f 800/717/600 825/730/600 799/716/600
f 801/719/600 826/731/600 800/717/600
f 802/732/600 827/733/600 801/719/600
f 802/148/160 828/148/160 829/148/160
f 803/148/678 830/148/695 828/148/696
f 804/710/679 831/724/697 830/734/698
f 805/709/681 832/722/699 831/724/697
f 808/708/684 832/722/700 806/707/682
f 808/108/684 833/108/701 834/108/702
f 809/108/685 833/108/701 807/108/683
f 810/108/686 835/108/703 809/108/685
f 810/108/686 811/108/687 836/108/704
f 813/108/689 837/108/705 811/108/687
f 812/108/688 838/108/706 813/108/689
f 814/108/690 839/108/707 812/108/688
f 816/108/692 840/108/708 814/108/690
f 816/723/692 841/735/709 842/736/710
f 817/724/694 841/735/711 815/722/693
f 818/734/712 843/737/713 817/724/694
f 819/148/696 844/148/714 818/148/695
f 820/148/145 845/148/145 819/148/145
f 821/726/600 846/738/600 820/725/600
f 822/727/600 847/739/600 821/726/600
f 823/728/600 848/740/600 822/727/600
f 824/729/600 849/741/600 823/728/600
f 825/730/600 850/742/600 824/729/600
f 826/731/600 851/743/600 825/730/600
f 827/733/600 852/744/600 826/731/600
f 829/745/600 853/746/600 827/733/600
f 829/148/160 854/148/160 855/148/160
f 828/148/696 856/148/714 854/148/715
f 830/734/698 857/737/716 856/747/717
f 831/724/697 858/735/718 857/737/716
f 834/723/702 858/735/719 832/722/700
f 834/108/702 859/108/720 860/108/721
f 833/108/701 861/108/722 859/108/720
f 835/108/703 862/108/723 861/108/722
f 836/108/704 837/108/705 862/108/723
f 837/108/705 863/108/724 864/108/725
f 838/108/706 865/108/726 863/108/724
f 839/108/707 866/108/727 865/108/726
f 840/108/708 867/108/728 866/108/727
f 842/736/710 868/748/729 867/749/728
f 843/737/713 868/748/730 841/735/711
f 844/747/731 869/750/732 843/737/713
f 845/148/715 870/148/733 844/148/714
f 871/148/145 846/148/145 872/148/145
f 845/148/145 846/148/145 871/148/145
f 847/739/600 872/751/734 846/738/600
f 848/740/600 873/752/735 847/739/600
f 849/741/600 874/753/736 848/740/600
f 850/742/600 875/754/737 849/741/600
f 851/743/600 876/755/600 850/742/600
f 852/744/600 877/756/737 851/743/600
f 853/746/600 878/757/738 852/744/600
f 855/758/600 879/759/739 853/746/600
f 855/148/160 880/148/160 881/148/160
f 855/148/160 854/148/160 880/148/160
f 854/148/715 882/148/733 880/148/740
f 856/747/717 883/750/741 882/760/742
f 857/737/716 884/748/743 883/750/741
f 860/736/721 884/748/744 858/735/719
f 859/108/720 885/108/745 860/108/721
f 861/108/722 886/108/746 859/108/720
f 862/108/723 887/108/747 861/108/722
f 837/108/705 888/108/748 862/108/723
f 864/108/725 889/108/749 890/108/750
f 863/108/724 891/108/751 889/108/749
f 865/108/726 892/108/752 891/108/751
f 866/108/727 893/108/753 892/108/752
f 867/749/728 894/761/754 893/762/753
f 869/750/732 894/761/755 868/748/730
f 870/760/756 895/763/757 869/750/732
f 871/148/758 896/148/759 870/148/733
f 897/148/145 872/148/145 898/148/145
f 871/148/145 872/148/145 897/148/145
f 873/752/735 898/764/760 872/751/734
f 874/753/736 899/765/761 873/752/735
f 875/754/737 900/766/762 874/753/736
f 876/755/600 901/767/763 875/754/737
f 876/755/600 902/768/764 903/769/600
f 877/756/737 904/770/765 902/768/764
f 878/757/738 905/771/766 904/770/765
f 879/759/739 906/772/767 905/771/766
f 881/148/160 907/148/160 906/148/160
f 881/148/160 880/148/160 907/148/160
f 880/148/740 908/148/768 907/148/769
f 882/760/742 909/763/770 908/773/771
f 883/750/741 910/761/772 909/763/770
f 885/749/745 910/761/773 884/748/744
f 886/108/746 911/108/774 885/108/745
f 887/108/747 912/108/775 886/108/746
f 888/108/748 913/108/776 887/108/747
f 864/108/725 914/108/777 888/108/748
f 890/108/750 915/108/778 916/108/779
f 890/108/750 889/108/749 915/108/778
f 889/108/749 917/108/780 915/108/778
f 889/108/749 891/108/751 917/108/780
f 891/108/751 918/108/781 917/108/780
f 891/108/751 892/108/752 918/108/781
f 892/108/752 919/108/782 918/108/781
f 893/762/753 920/774/783 919/775/782
f 893/762/753 894/761/754 920/774/783
f 895/763/757 920/774/784 894/761/755
f 896/773/785 921/776/786 895/763/757
f 897/148/787 922/148/788 896/148/759
f 897/148/145 898/148/145 923/148/145
f 923/777/789 899/765/761 924/778/790
f 898/764/760 899/765/761 923/777/789
f 924/778/790 900/766/762 925/779/791
f 899/765/761 900/766/762 924/778/790
f 925/779/791 901/767/763 926/780/792
f 900/766/762 901/767/763 925/779/791
f 926/780/792 903/769/600 927/781/793
f 901/767/763 903/769/600 926/780/792
f 903/769/600 928/782/794 927/781/793
f 903/769/600 902/768/764 928/782/794
f 902/768/764 929/783/795 928/782/794
f 902/768/764 904/770/765 929/783/795
f 904/770/765 930/784/796 929/783/795
f 904/770/765 905/771/766 930/784/796
f 905/771/766 931/785/797 930/784/796
f 905/771/766 906/772/767 931/785/797
f 906/148/160 907/148/160 931/148/160
f 907/148/769 932/148/798 931/148/799
f 908/773/771 933/776/800 932/786/801
f 909/763/770 934/774/802 933/776/800
f 934/774/803 911/762/774 935/775/804
f 910/761/773 911/762/774 934/774/803
f 912/108/775 935/108/804 911/108/774
f 936/108/805 913/108/776 937/108/806
f 912/108/775 913/108/776 936/108/805
f 937/108/806 914/108/777 938/108/807
f 913/108/776 914/108/777 937/108/806
f 938/108/807 890/108/750 916/108/779
f 914/108/777 890/108/750 938/108/807
f 916/108/779 939/108/808 940/108/809
f 916/108/779 915/108/778 939/108/808
f 915/108/778 941/108/810 939/108/808
f 915/108/778 917/108/780 941/108/810
f 917/108/780 942/108/811 941/108/810
f 917/108/780 918/108/781 942/108/811
f 918/108/781 943/108/812 942/108/811
f 918/108/781 919/108/782 943/108/812
f 919/775/782 944/787/813 943/788/812
f 919/775/782 920/774/783 944/787/813
f 921/776/786 945/789/814 944/787/815
f 920/774/784 921/776/786 944/787/815
f 946/790/816 947/791/817 921/776/786
f 921/776/786 922/786/818 948/792/819
f 948/793/820 923/777/789 949/794/821
f 922/795/822 923/777/789 948/793/820
f 949/794/821 924/778/790 950/796/823
f 923/777/789 924/778/790 949/794/821
f 950/796/823 925/779/791 951/797/824
f 924/778/790 925/779/791 950/796/823
f 951/797/824 926/780/792 952/798/825
f 925/779/791 926/780/792 951/797/824
f 952/798/825 927/781/793 953/799/826
f 926/780/792 927/781/793 952/798/825
f 927/781/793 954/800/827 953/799/826
f 927/781/793 928/782/794 954/800/827
f 928/782/794 955/801/828 954/800/827
f 928/782/794 929/783/795 955/801/828
f 929/783/795 956/802/829 955/801/828
f 929/783/795 930/784/796 956/802/829
f 930/784/796 957/803/830 956/802/829
f 930/784/796 931/785/797 957/803/830
f 931/785/797 958/804/831 957/803/830
f 931/785/797 932/805/832 958/804/831
f 959/806/833 958/792/834 933/776/800
f 932/786/801 933/776/800 958/792/834
f 933/776/800 960/789/835 961/791/836
f 933/776/800 934/774/802 962/787/837
f 962/787/838 935/775/804 963/788/839
f 934/774/803 935/775/804 962/787/838
f 963/108/839 936/108/805 964/108/840
f 935/108/804 936/108/805 963/108/839
f 964/108/840 937/108/806 965/108/841
f 936/108/805 937/108/806 964/108/840
f 965/108/841 938/108/807 966/108/842
f 937/108/806 938/108/807 965/108/841
f 966/108/842 916/108/779 940/108/809
f 938/108/807 916/108/779 966/108/842
f 940/108/809 967/108/843 968/108/844
f 940/108/809 939/108/808 967/108/843
f 939/108/808 969/108/845 967/108/843
f 939/108/808 941/108/810 969/108/845
f 969/108/845 970/108/846 971/108/847
f 942/807/811 972/808/848 973/809/849
f 974/108/850 941/108/810 942/108/811
f 972/808/848 975/810/851 976/811/852
f 942/807/811 973/809/849 977/812/853
f 978/813/854 965/108/841 979/108/855
f 980/814/856 981/815/857 982/816/858
f 943/817/812 944/818/813 975/810/851
f 944/818/815 983/819/859 975/810/860
f 945/820/814 947/821/817 984/822/861
f 985/823/862 986/824/863 987/825/864
f 988/826/865 949/794/821 989/827/866
f 989/827/866 950/796/823 990/828/867
f 990/828/867 951/797/824 991/829/868
f 991/829/868 952/798/825 992/830/869
f 992/830/869 953/799/826 993/831/870
f 994/832/871 995/833/793 993/831/870
f 996/834/872 997/835/873 994/832/871
f 998/836/874 999/837/875 996/834/872
f 1000/838/876 998/836/874 1001/839/877
f 1002/840/878 1001/839/877 1003/841/879
f 1004/842/880 1003/843/881 958/844/834
f 1005/845/882 962/846/837 980/814/883
f 962/846/837 1006/847/884 960/848/835
f 963/849/839 981/815/857 980/814/856
f 962/846/838 963/849/839 980/814/856
f 942/108/811 977/108/853 974/108/850
f 964/850/840 1007/851/885 981/852/857
f 972/808/848 943/817/812 975/810/851
f 979/108/855 1008/108/886 1009/108/887
f 1010/108/888 964/108/840 965/108/841
f 978/813/889 1011/108/890 1012/108/891
f 979/108/855 966/108/842 1013/108/892
f 965/108/841 966/108/842 979/108/855
f 1013/108/892 940/108/809 968/108/844
f 966/108/842 940/108/809 1013/108/892
f 1014/853/893 1015/854/894 1016/855/895
f 1017/856/896 1015/854/894 1018/857/897
f 1016/855/895 1015/854/894 1017/856/896
f 1019/858/898 1020/859/899 1021/860/900
f 1022/861/901 1023/862/902 1019/858/898
f 1024/863/903 1025/864/904 1026/865/905
f 1021/860/900 1020/859/899 1024/863/903
f 1027/866/906 1028/867/907 1029/868/908
f 1026/865/905 1025/864/904 1027/866/906
f 1030/869/909 1031/870/910 1032/871/911
f 1028/867/907 1030/869/909 1029/868/908
f 1033/872/912 1034/873/913 1035/874/914
f 1031/870/910 1033/872/912 1032/871/911
f 1036/875/915 1037/876/916 1038/877/917
f 1034/873/913 1036/875/915 1035/874/914
f 1039/878/918 1040/879/919 1041/880/920
f 1039/878/918 1042/881/921 1040/879/919
f 1041/880/920 1040/879/919 1043/882/922
f 54/58/58 1044/883/923 1015/854/894
f 54/58/924 53/57/925 1045/884/926
f 1046/885/927 1047/886/928 1048/887/929
f 1044/883/930 1045/884/926 1046/885/927
f 1049/888/931 1050/889/932 1051/890/933
f 1048/887/929 1047/886/928 1049/888/931
f 1052/891/934 1053/892/935 1054/893/936
f 1051/890/933 1050/889/932 1052/891/934
f 1055/894/937 1056/895/938 1057/896/939
f 1054/893/936 1053/892/935 1055/894/937
f 1058/897/940 1059/898/941 1060/899/942
f 1056/895/938 1058/897/940 1057/896/939
f 1061/900/943 1062/901/944 1063/902/945
f 1059/898/941 1061/900/943 1060/899/942
f 1064/903/946 1065/904/947 1066/905/948
f 1062/901/944 1064/903/946 1063/902/945
f 1067/906/949 1068/907/950 1069/908/951
f 1065/904/947 1067/906/949 1066/905/948
f 16/16/952 1068/907/950 14/14/953
f 1068/907/950 16/16/952 1069/908/951
f 53/57/925 1070/909/954 1045/884/926
f 53/57/925 48/50/955 1070/909/954
f 1047/886/928 1070/909/954 1071/910/956
f 1045/884/926 1070/909/954 1047/886/928
f 1050/889/932 1071/910/956 1072/911/957
f 1047/886/928 1071/910/956 1050/889/932
f 1053/892/935 1072/911/957 1073/912/958
f 1050/889/932 1072/911/957 1053/892/935
f 1056/895/938 1073/912/958 1074/913/959
f 1053/892/935 1073/912/958 1056/895/938
f 1056/895/938 1075/914/960 1059/898/941
f 1056/895/938 1074/913/959 1075/914/960
f 1059/898/941 1076/915/961 1062/901/944
f 1059/898/941 1075/914/960 1076/915/961
f 1062/901/944 1077/916/962 1065/904/947
f 1062/901/944 1076/915/961 1077/916/962
f 1065/904/947 1078/917/963 1068/907/950
f 1065/904/947 1077/916/962 1078/917/963
f 14/14/953 1078/917/963 15/15/964
f 1068/907/950 1078/917/963 14/14/953
f 1070/909/954 47/49/965 1079/918/966
f 48/50/955 47/49/965 1070/909/954
f 1071/910/956 1079/918/966 1080/919/967
f 1070/909/954 1079/918/966 1071/910/956
f 1072/911/957 1080/919/967 1081/920/968
f 1071/910/956 1080/919/967 1072/911/957
f 1073/912/958 1081/920/968 1082/921/969
f 1072/911/957 1081/920/968 1073/912/958
f 1074/913/959 1082/921/969 1083/922/970
f 1073/912/958 1082/921/969 1074/913/959
f 1074/913/959 1084/923/971 1075/914/960
f 1074/913/959 1083/922/970 1084/923/971
f 1075/914/960 1085/924/972 1076/915/961
f 1075/914/960 1084/923/971 1085/924/972
f 1076/915/961 1086/925/973 1077/916/962
f 1076/915/961 1085/924/972 1086/925/973
f 1077/916/962 1087/926/974 1078/917/963
f 1077/916/962 1086/925/973 1087/926/974
f 1078/917/963 22/22/975 15/15/964
f 1078/917/963 1087/926/974 22/22/975
f 1088/927/976 1089/928/977 1090/929/978
f 1091/930/979 1092/931/980 1088/927/976
f 1093/932/981 1094/933/982 1095/934/983
f 1090/929/978 1089/928/977 1093/932/981
f 1096/935/984 1097/936/985 1098/937/986
f 1095/934/983 1094/933/982 1096/935/984
f 1099/938/987 1100/939/988 1101/940/989
f 1098/937/986 1097/936/985 1099/938/987
f 1102/941/990 1103/942/991 1104/943/992
f 1100/939/988 1102/941/990 1101/940/989
f 1105/944/993 1106/945/994 1107/946/995
f 1103/942/991 1105/944/993 1104/943/992
f 1108/947/996 1109/948/997 1110/949/998
f 1106/945/994 1108/947/996 1107/946/995
f 1111/950/999 1112/951/1000 1113/952/1001
f 1109/948/997 1111/950/999 1110/949/998
f 1092/931/1002 42/953/1003 1089/928/1004
f 1089/928/1004 40/954/1005 1094/933/1006
f 1094/933/1006 38/955/1007 1097/936/1008
f 1097/936/1008 36/956/1009 1100/939/1010
f 1100/939/1010 33/957/1011 1103/942/1012
f 1103/942/1012 31/958/1013 1106/945/1014
f 1106/945/1014 29/959/1015 1109/948/1016
f 1109/948/1016 27/960/1017 1112/951/1018
f 1114/961/1019 1115/962/1020 980/814/1021
f 980/814/1021 1115/962/1020 1005/845/1022
f 1008/963/1023 1116/964/1024 1115/962/1020
f 1115/962/1020 1114/961/1019 1117/965/1025
f 979/966/1026 1118/967/1027 1116/964/1024
f 1008/963/1023 979/966/1026 1116/964/1024
f 1013/968/1028 1119/969/1029 1118/967/1027
f 979/966/1026 1013/968/1028 1118/967/1027
f 968/970/1030 1120/971/1031 1119/969/1029
f 1013/968/1028 968/970/1030 1119/969/1029
f 968/970/1030 967/972/1032 1121/973/1033
f 968/970/1030 1121/973/1033 1120/971/1031
f 967/972/1032 969/974/1034 1122/975/1035
f 967/972/1032 1122/975/1035 1121/973/1033
f 969/974/1034 971/976/1036 1123/977/1037
f 969/974/1034 1123/977/1037 1122/975/1035
f 1124/978/1038 1125/979/1039 1126/980/1040
f 971/976/1036 1124/978/1038 1123/977/1037
f 1124/978/1038 975/810/1041 983/819/1042
f 1126/980/1040 975/810/1041 1124/978/1038
f 1127/981/1043 1128/982/1044 1129/983/1045
f 1130/984/1046 1129/983/1045 1131/985/1047
f 1128/982/1044 1131/985/1047 1129/983/1045
f 1132/986/1048 1133/987/1049 1134/988/1050
f 1130/984/1046 1133/987/1049 1135/989/1051
f 1134/988/1050 1136/990/1052 1132/986/1048
f 1137/991/1053 1138/992/1054 1139/993/1055
f 1140/994/1056 1141/995/1057 1142/996/1058
f 1140/994/1056 1139/993/1055 1138/992/1054
f 1143/997/1059 1144/998/1060 1145/999/1061
f 1145/999/1061 1141/995/1057 1143/997/1059
f 1144/998/1060 1146/1000/1062 1145/999/1061
f 1147/1001/1063 1148/1002/1064 1149/1003/1065
f 1150/1004/1066 1148/1002/1064 1004/842/1067
f 1151/1005/1068 1152/1006/1069 1153/1007/1070
f 1149/1003/1065 1152/1006/1069 1147/1001/1063
f 1154/1008/1071 1155/1009/1072 1156/1010/1073
f 1153/1007/1070 1155/1009/1072 1151/1005/1068
f 1157/1011/1074 1158/1012/1075 1159/1013/1076
f 1156/1010/1073 1158/1012/1075 1154/1008/1071
f 1160/1014/1077 1161/1015/1078 1162/1016/1079
f 1159/1013/1076 1161/1015/1078 1157/1011/1074
f 1163/1017/1080 1164/1018/1081 1165/1019/1082
f 1163/1017/1080 1160/1014/1077 1162/1016/1079
f 1166/1020/1083 1167/1021/1084 1168/1022/1085
f 1166/1020/1083 1165/1019/1082 1164/1018/1081
f 1169/1023/1086 1170/1024/1087 1171/1025/1088
f 1169/1023/1086 1168/1022/1085 1167/1021/1084
f 1172/1026/1089 1173/1027/1090 1174/1028/1091
f 1172/1026/1089 1171/1025/1088 1170/1024/1087
f 1175/1029/1092 987/825/1093 986/824/1094
f 1175/1029/1092 1174/1028/1091 1173/1027/1090
f 1147/1001/1063 1000/1030/1095 1002/1031/1096
f 1004/842/1067 1147/1001/1063 1002/1031/1096
f 1151/1005/1068 1176/1032/1097 1000/1030/1095
f 1147/1001/1063 1151/1005/1068 1000/1030/1095
f 1154/1008/1071 999/1033/1098 1176/1032/1097
f 1151/1005/1068 1154/1008/1071 1176/1032/1097
f 1157/1011/1074 997/1034/1099 999/1033/1098
f 1154/1008/1071 1157/1011/1074 999/1033/1098
f 1160/1014/1077 995/1035/1100 997/1034/1099
f 1157/1011/1074 1160/1014/1077 997/1034/1099
f 1160/1014/1077 1165/1019/1082 1177/1036/1101
f 1160/1014/1077 1177/1036/1101 995/1035/1100
f 1165/1019/1082 1168/1022/1085 1178/1037/1102
f 1165/1019/1082 1178/1037/1102 1177/1036/1101
f 1168/1022/1085 1171/1025/1088 1179/1038/1103
f 1168/1022/1085 1179/1038/1103 1178/1037/1102
f 1171/1025/1088 1174/1028/1091 1180/1039/1104
f 1171/1025/1088 1180/1039/1104 1179/1038/1103
f 1174/1028/1091 986/824/1094 1181/1040/1105
f 1174/1028/1091 1181/1040/1105 1180/1039/1104
f 85/1041/1106 1182/1042/1107 116/1043/125
f 45/56/56 1182/1042/1107 85/1041/1106
f 45/56/56 1183/1044/1108 1184/1045/1109
f 52/55/55 1183/1044/1108 45/56/56
f 44/54/1110 1092/931/1002 52/55/1111
f 25/25/25 19/19/19 18/18/18
f 1185/1046/1112 75/79/79 1186/1047/1113
f 21/21/21 24/24/24 1187/1048/1114
f 1187/1048/1114 73/77/77 1185/1046/1112
f 19/19/1115 23/23/1116 1188/1049/1117
f 1112/951/1000 19/19/1115 1188/1049/1117
f 51/53/1118 52/55/1119 1189/1050/1120
f 1185/1046/1112 71/75/75 13/13/13
f 13/13/13 1187/1048/1114 1185/1046/1112
f 1188/1049/1121 22/22/975 1087/926/974
f 47/49/965 1189/1050/1122 1079/918/966
f 86/91/91 116/1043/125 1182/1042/1107
f 1086/925/973 1110/949/1123 1111/950/1124
f 955/801/828 998/836/874 996/834/872
f 986/824/863 988/1051/1125 1181/1040/1126
f 1108/947/1127 1086/925/973 1085/924/972
f 1085/924/972 1107/946/1128 1108/947/1127
f 955/801/828 996/834/872 954/800/827
f 954/800/827 996/834/872 994/832/871
f 948/1052/819 986/824/863 985/823/862
f 954/800/827 994/832/871 953/799/826
f 992/830/869 995/833/793 1177/1053/1129
f 953/799/826 994/832/871 993/831/870
f 50/52/52 1182/1042/1107 1184/1045/1109
f 1105/944/1130 1085/924/972 1084/923/971
f 1084/923/971 1104/943/1131 1105/944/1130
f 1183/1044/1108 51/53/53 49/51/51
f 49/51/51 1184/1045/1109 1183/1044/1108
f 991/829/868 1177/1053/1129 1178/1054/1132
f 1102/941/1133 1084/923/971 1083/922/970
f 1083/922/970 1101/940/1134 1102/941/1133
f 1083/922/970 1099/938/1135 1101/940/1134
f 1082/921/969 1099/938/1135 1083/922/970
f 1082/921/969 1096/935/1136 1098/937/1137
f 958/804/831 1003/841/879 957/803/830
f 990/828/867 1178/1054/1132 1179/1055/1138
f 1081/920/968 1096/935/1136 1082/921/969
f 1081/920/968 1093/932/1139 1095/934/1140
f 1180/1056/1141 990/828/867 1179/1055/1138
f 1181/1057/1142 989/827/866 1180/1056/1141
f 957/803/830 1003/841/879 1001/839/877
f 1080/919/967 1093/932/1139 1081/920/968
f 1080/919/967 1088/927/1143 1090/929/1144
f 13/13/13 21/21/21 1187/1048/1114
f 25/25/25 23/23/23 19/19/19
f 957/803/830 1001/839/877 956/802/829
f 956/802/829 998/836/874 955/801/828
f 956/802/829 1001/839/877 998/836/874
f 1111/950/1124 1087/926/974 1086/925/973
f 1087/926/974 1113/952/1145 1188/1049/1121
f 1079/918/966 1189/1050/1122 1091/930/1146
f 1079/918/966 1088/927/1143 1080/919/967
f 1190/1058/1147 70/74/74 1191/1059/1148
f 1192/1060/1149 1170/1024/1087 1193/1061/1150
f 1194/1062/1151 17/17/17 1190/1058/1147
f 1193/1061/1150 1169/1023/1086 1195/1063/1152
f 46/48/48 54/58/58 1196/1064/1153
f 46/48/48 1197/1065/1154 87/92/92
f 1061/900/1155 1034/873/1156 1031/870/1157
f 1195/1063/1152 1167/1021/1084 1198/1066/1158
f 1058/897/1159 1031/870/1157 1028/867/1160
f 1198/1066/1158 1166/1020/1083 1199/1067/1161
f 1199/1067/1161 1164/1018/1081 1200/1068/1162
f 1025/864/1163 1055/894/1164 1028/867/1160
f 1162/1016/1079 1201/1069/1165 1202/1070/1079
f 1200/1068/1162 1163/1017/1080 1203/1071/1166
f 1203/1071/1166 1162/1016/1079 1202/1070/1079
f 1004/842/880 1204/1072/1167 1150/1004/1168
f 1020/859/1169 1052/891/1170 1025/864/1163
f 1204/1072/1167 1004/842/880 958/844/834
f 1159/1013/1076 1205/1073/1171 1206/1074/1172
f 1206/1074/1172 1161/1015/1078 1159/1013/1076
f 1023/862/1173 1049/888/1174 1020/859/1169
f 1207/1075/1175 1158/1012/1075 1156/1010/1073
f 1156/1010/1073 1208/1076/1176 1207/1075/1175
f 1209/1077/1177 1155/1009/1072 1153/1007/1070
f 1153/1007/1070 1210/1078/1178 1209/1077/1177
f 1040/879/919 1069/908/1179 16/16/16
f 1191/1059/1148 72/76/76 103/1079/111
f 1067/906/1180 1040/879/919 1042/881/921
f 1064/903/1181 1037/876/1182 1034/873/1156
f 54/58/58 1015/854/894 1014/853/893
f 1211/1080/1183 1172/1026/1089 1192/1060/1149
f 1212/1081/1184 1173/1027/1090 1211/1080/1183
f 1213/1082/1185 1152/1006/1069 1149/1003/1065
f 1149/1003/1065 1214/1083/1186 1213/1082/1185
f 1215/1084/1187 1129/983/1045 1214/1083/1188
f 985/823/862 1216/1085/1189 1217/1086/1190
f 1175/1029/1092 1218/1087/1191 987/825/1093
f 87/92/92 1197/1065/1154 1219/1088/1192
f 1142/996/1058 1192/1060/1193 1193/1061/1194
f 1139/993/1055 1193/1061/1194 1195/1063/1195
f 1139/993/1055 1195/1063/1195 1198/1066/1196
f 1220/1089/1197 1221/1090/1198 55/59/59
f 1222/1091/1199 1199/1067/1200 1200/1068/1201
f 1139/993/1055 1199/1067/1200 1222/1091/1199
f 1223/1092/1202 1202/1070/1203 1201/1069/1204
f 1223/1092/1202 1203/1071/1205 1202/1070/1203
f 1222/1091/1199 1203/1071/1205 1223/1092/1202
f 1224/1093/1206 1201/1069/1204 1206/1074/1207
f 1224/1093/1206 1206/1074/1207 1205/1073/1208
f 1132/986/1048 1205/1073/1208 1207/1075/1209
f 1132/986/1048 1207/1075/1209 1208/1076/1210
f 1132/986/1048 1209/1077/1211 1135/989/1051
f 1135/989/1051 1209/1077/1211 1210/1078/1212
f 1191/1059/1148 102/1094/110 11/11/11
f 1145/999/1061 1212/1081/1213 1211/1080/1214
f 1145/999/1061 1192/1060/1193 1142/996/1058
f 1129/983/1045 1210/1078/1212 1213/1082/1215
f 1129/983/1045 1213/1082/1215 1214/1083/1188
f 56/60/1216 1017/856/1217 1225/1095/1218
f 1226/1096/1219 1197/1065/1154 1196/1064/1153
f 1196/1064/1153 1220/1089/1197 1226/1096/1219
f 1215/1084/1187 1227/1097/1220 1228/1098/1221
f 1215/1084/1222 1148/1002/1064 1150/1004/1066
f 12/12/1223 1043/882/1223 1194/1062/1223
f 1221/1090/1224 1220/1089/1224 1014/853/1224
f 1043/882/1225 12/12/1225 9/9/1226
f 1227/1097/1227 1204/1072/1167 1229/1099/1228
f 1006/847/884 1005/845/882 1228/1098/1229
f 1039/878/1230 9/9/1226 1230/1100/1231
f 959/1101/833 961/1102/836 1204/1072/1167
f 1018/857/1232 1023/862/902 1022/861/901
f 1046/885/1233 1023/862/1173 1018/857/897
f 1042/881/1234 1039/878/1230 1230/1100/1231
f 1231/1103/1235 1219/1088/1192 1197/1065/1154
f 1145/999/1061 1218/1087/1236 1212/1081/1213
f 1217/1086/1190 1216/1085/1189 1232/1104/1237
f 1218/1087/1236 1145/999/1061 1146/1000/1062
f 56/60/1216 1225/1095/1218 59/63/1238
f 1230/1100/1231 9/9/1226 7/7/1239
f 59/63/1238 1225/1095/1218 1022/861/901
f 1116/964/1024 1130/984/1240 1131/985/1241
f 1115/962/1020 1131/985/1241 1128/982/1242
f 1226/1096/1219 55/59/59 1231/1103/1235
f 1124/978/1038 1146/1000/1243 1144/998/1244
f 944/818/815 984/822/861 983/819/859
f 1124/978/1038 1143/997/1245 1123/977/1037
f 1123/977/1037 1143/997/1245 1141/995/1246
f 1115/962/1020 1127/981/1247 1005/845/1022
f 1005/845/1022 1127/981/1247 1228/1098/1248
f 1221/1090/1198 56/60/60 55/59/59
f 1228/1098/1229 1227/1097/1227 1229/1099/1228
f 961/1102/836 960/848/835 1006/847/884
f 1123/977/1037 1140/994/1249 1122/975/1035
f 1122/975/1035 1140/994/1249 1138/992/1250
f 1122/975/1035 1137/991/1251 1121/973/1033
f 1121/973/1033 1137/991/1251 1222/1091/1252
f 7/7/1239 1038/877/917 1230/1100/1231
f 1121/973/1033 1222/1091/1252 1120/971/1031
f 1036/875/915 7/7/1239 5/5/1253
f 5/5/1253 1035/874/914 1036/875/915
f 1120/971/1031 1222/1091/1252 1223/1092/1254
f 1120/971/1031 1223/1092/1254 1224/1093/1255
f 1033/872/912 5/5/1253 2/2/1256
f 2/2/1256 1032/871/911 1033/872/912
f 63/67/1257 1024/863/903 1026/865/905
f 1119/969/1029 1224/1093/1255 1136/990/1258
f 1030/869/909 2/2/1256 4/4/1259
f 4/4/1259 1029/868/908 1030/869/909
f 4/4/1259 1027/866/906 1029/868/908
f 63/67/1257 1027/866/906 4/4/1259
f 61/65/1260 1024/863/903 63/67/1257
f 61/65/1260 1019/858/898 1021/860/900
f 59/63/1238 1019/858/898 61/65/1260
f 1118/967/1027 1136/990/1258 1134/988/1261
f 1118/967/1027 1134/988/1261 1133/987/1262
f 1116/964/1024 1133/987/1262 1130/984/1240
f 1231/1103/1235 90/95/95 118/1105/127
f 983/819/1042 1232/1104/1263 1146/1000/1243
f 983/819/859 984/822/861 1232/1104/1237
f 49/51/51 47/49/49 46/48/48
f 13/13/13 71/75/75 70/74/74
f 18/18/18 74/78/78 73/77/77
f 86/91/91 46/48/48 87/92/92
f 101/113/108 69/110/107 102/114/110
f 103/115/111 72/1106/76 101/113/108
f 72/1106/76 71/116/75 101/113/108
f 104/117/112 71/116/75 1186/132/1113
f 1186/132/1113 75/118/79 104/117/112
f 114/117/123 85/119/1106 116/131/125
f 88/132/93 87/116/92 114/117/123
f 115/113/124 87/116/92 1219/1107/1192
f 115/113/124 1219/1107/1192 118/133/127
f 90/134/95 89/110/94 115/113/124
f 98/107/104 126/168/136 125/143/135
f 99/108/105 128/108/138 126/108/136
f 99/109/105 100/111/106 127/144/137
f 100/111/109 101/113/108 129/146/139
f 101/113/108 104/117/112 130/147/141
f 104/148/142 105/148/1264 131/148/143
f 105/120/113 106/122/115 133/149/146
f 107/151/148 135/153/150 133/1108/1265
f 107/151/148 108/154/151 134/152/149
f 108/154/151 109/157/154 136/155/152
f 110/156/153 137/159/156 136/155/152
f 111/158/155 139/161/158 137/159/156
f 111/127/119 112/128/120 138/162/159
f 113/129/121 141/186/147 138/162/159
f 114/148/161 142/148/187 140/148/162
f 115/113/124 143/146/165 142/147/164
f 117/111/126 144/144/190 143/146/165
f 119/109/128 146/145/168 144/144/166
f 119/108/128 120/108/130 145/108/167
f 120/137/130 121/136/131 147/163/169
f 124/142/134 150/167/172 149/166/171
f 125/143/135 151/169/173 150/167/172
f 126/168/136 153/193/175 151/169/173
f 126/108/136 128/108/138 152/108/174
f 128/145/138 127/144/137 154/170/176
f 127/144/140 129/146/139 155/172/177
f 129/146/139 130/147/141 156/173/179
f 130/148/144 131/148/143 157/148/180
f 132/150/147 133/149/146 159/174/182
f 133/149/146 135/177/184 160/176/182
f 135/177/184 134/179/183 161/178/183
f 134/179/183 136/182/183 162/180/183
f 137/181/183 163/184/183 162/180/183
f 139/183/185 164/185/186 163/184/183
f 138/162/159 165/187/186 164/185/186
f 141/186/147 166/206/183 165/187/186
f 140/148/160 167/148/160 166/148/160
f 142/148/187 168/148/181 167/148/188
f 143/146/165 169/172/191 168/173/189
f 144/144/190 170/170/208 169/172/191
f 146/145/168 171/171/193 170/170/192
f 145/108/167 173/108/195 171/108/193
f 145/164/167 147/163/169 172/188/194
f 147/163/169 148/165/170 174/190/196
f 148/165/170 123/141/133 149/166/171
f 150/167/172 176/192/198 175/191/197
f 151/169/173 177/194/199 176/192/198
f 153/193/175 179/213/201 177/194/199
f 153/108/175 152/108/174 178/108/200
f 152/171/174 154/170/176 180/195/202
f 154/170/178 155/172/177 181/197/203
f 155/172/177 156/173/179 182/198/205
f 157/148/180 184/148/206 182/148/206
f 159/174/182 185/200/182 183/199/183
f 160/176/182 186/201/182 185/200/182
f 161/178/183 187/202/183 186/201/182
f 162/180/183 188/203/183 187/202/183
f 163/184/183 189/204/183 188/203/183
f 164/185/186 190/205/186 189/204/183
f 165/187/186 191/207/186 190/205/186
f 166/206/183 192/226/183 191/207/186
f 167/148/160 193/148/160 192/148/160
f 168/148/181 194/148/206 193/148/206
f 169/172/191 195/197/209 194/198/207
f 170/170/208 196/195/225 195/197/209
f 171/171/193 197/196/211 196/195/210
f 173/108/195 199/108/213 197/108/211
f 173/189/195 172/188/194 198/208/212
f 172/188/194 174/190/196 200/210/214
f 174/190/196 149/166/171 175/191/197
f 176/192/198 202/212/216 201/211/215
f 177/194/199 203/214/217 202/212/216
f 179/213/201 205/233/219 203/214/217
f 179/108/201 178/108/200 204/108/218
f 178/196/200 180/195/202 206/215/202
f 180/195/204 181/197/203 207/217/220
f 181/197/203 182/198/205 208/218/222
f 184/148/206 210/148/223 208/148/223
f 184/148/145 183/148/145 209/148/145
f 185/200/182 211/220/182 209/219/183
f 186/201/182 212/221/182 211/220/182
f 187/202/183 213/222/183 212/221/182
f 188/203/183 214/223/183 213/222/183
f 189/204/183 215/224/183 214/223/183
f 190/205/186 216/225/186 215/224/183
f 191/207/186 217/227/186 216/225/186
f 192/226/183 218/246/183 217/227/186
f 193/148/160 219/148/160 218/148/160
f 194/148/206 220/148/223 219/148/223
f 195/197/209 221/217/226 220/218/224
f 196/195/225 222/215/242 221/217/226
f 197/196/211 223/216/227 222/215/210
f 199/108/213 225/108/229 223/108/227
f 199/209/213 198/208/212 224/228/228
f 198/208/212 200/210/214 226/230/230
f 200/210/214 175/191/197 201/211/215
f 202/212/216 228/232/232 227/231/231
f 203/214/217 229/234/233 228/232/232
f 205/233/219 231/253/235 229/234/233
f 205/108/219 204/108/218 230/108/234
f 204/216/218 206/215/202 232/235/236
f 206/215/221 207/217/220 233/237/237
f 207/217/220 208/218/222 234/238/239
f 210/148/223 236/148/183 234/148/240
f 210/148/145 209/148/145 235/148/145
f 211/220/182 237/240/182 235/239/183
f 212/221/182 238/241/182 237/240/182
f 213/222/183 239/242/183 238/241/182
f 214/223/183 240/243/183 239/242/183
f 215/224/183 241/244/183 240/243/183
f 216/225/186 242/245/186 241/244/183
f 217/227/186 243/247/186 242/245/186
f 218/246/183 244/265/183 243/247/186
f 219/148/160 245/148/160 244/148/160
f 220/148/223 246/148/1266 245/148/183
f 221/217/226 247/237/243 246/238/241
f 222/215/242 248/235/1267 247/237/243
f 223/216/227 249/236/245 248/235/244
f 225/108/229 251/108/247 249/108/245
f 225/229/229 224/228/228 250/248/246
f 224/228/228 226/230/230 252/250/248
f 226/230/230 201/211/215 227/231/231
f 228/232/232 254/252/250 253/251/249
f 229/234/233 255/254/251 254/252/250
f 231/253/235 257/273/253 255/254/251
f 231/108/235 230/108/234 256/108/252
f 230/236/234 232/235/236 258/255/254
f 233/237/237 259/257/256 258/255/255
f 234/238/239 260/267/274 259/257/256
f 236/148/183 261/148/258 260/148/257
f 235/148/145 262/148/145 261/148/145
f 237/240/182 263/259/182 262/258/183
f 238/241/182 264/260/182 263/259/182
f 239/242/183 265/261/183 264/260/182
f 240/243/183 266/262/183 265/261/183
f 241/244/183 267/263/183 266/262/183
f 242/245/186 268/264/186 267/263/183
f 243/247/186 269/266/186 268/264/186
f 244/265/183 271/285/183 269/266/186
f 244/148/160 245/148/160 270/148/160
f 245/148/183 246/148/1266 272/148/257
f 246/238/241 247/237/243 273/257/259
f 247/237/243 248/235/1267 274/255/261
f 249/236/245 275/256/263 274/255/262
f 251/108/247 277/108/265 275/108/263
f 251/249/247 250/248/246 276/268/264
f 250/248/246 252/250/248 278/270/266
f 252/250/248 227/231/231 253/251/249
f 253/251/249 254/252/250 279/271/267
f 255/254/251 281/274/269 279/271/267
f 257/273/253 283/293/271 281/274/269
f 257/108/253 256/108/252 282/108/270
f 256/256/252 258/255/254 284/275/272
f 259/257/256 285/277/275 284/275/273
f 260/267/274 286/287/293 285/277/275
f 261/148/258 287/148/277 286/148/276
f 262/148/145 288/148/145 287/148/145
f 263/259/182 289/279/182 288/278/183
f 264/260/182 290/280/182 289/279/182
f 265/261/183 291/281/183 290/280/182
f 266/262/183 292/282/183 291/281/183
f 267/263/183 293/283/183 292/282/183
f 268/264/186 294/284/186 293/283/183
f 269/266/186 295/286/186 294/284/186
f 271/285/183 297/305/183 295/286/186
f 271/148/160 270/148/160 296/148/160
f 270/148/258 272/148/257 298/148/276
f 272/267/260 273/257/259 299/277/278
f 273/257/259 274/255/261 300/275/280
f 275/256/263 301/276/282 300/275/281
f 277/108/265 303/108/284 301/108/282
f 277/269/265 276/268/264 302/288/283
f 276/268/264 278/270/266 304/290/285
f 253/251/249 280/272/268 304/290/285
f 280/272/268 279/271/267 305/291/286
f 281/274/269 307/294/288 305/291/286
f 283/293/271 309/313/290 307/294/288
f 283/108/271 282/108/270 308/108/289
f 282/276/270 284/275/272 310/295/291
f 285/277/275 311/297/294 310/295/292
f 286/287/293 312/307/312 311/297/294
f 287/148/277 313/148/296 312/148/295
f 288/148/145 314/148/145 313/148/145
f 289/279/182 315/299/182 314/298/183
f 290/280/182 316/300/182 315/299/182
f 291/281/183 317/301/183 316/300/182
f 292/282/183 318/302/183 317/301/183
f 293/283/183 319/303/183 318/302/183
f 294/284/186 320/304/186 319/303/183
f 295/286/186 321/306/186 320/304/186
f 297/305/183 323/325/183 321/306/186
f 296/148/277 298/148/276 324/148/295
f 298/287/279 299/277/278 325/297/297
f 299/277/278 300/275/280 326/295/299
f 301/276/282 327/296/301 326/295/300
f 303/108/284 329/108/303 327/108/301
f 303/289/284 302/288/283 328/308/302
f 302/288/283 304/290/285 330/310/304
f 280/272/268 306/292/287 330/310/304
f 306/292/287 305/291/286 331/311/305
f 307/294/288 333/314/307 331/311/305
f 309/313/290 335/334/309 333/314/307
f 309/108/290 308/108/289 334/108/308
f 308/296/289 310/295/291 336/315/310
f 311/297/294 337/317/313 336/315/311
f 312/307/312 338/327/333 337/317/313
f 313/148/296 339/148/317 338/148/314
f 314/148/145 340/148/145 339/148/145
f 315/299/182 341/319/315 340/318/183
f 316/300/182 342/320/182 341/319/315
f 317/301/183 343/321/183 342/320/182
f 318/302/183 344/322/183 343/321/183
f 319/303/183 345/323/183 344/322/183
f 320/304/186 346/324/186 345/323/183
f 321/306/186 347/326/316 346/324/186
f 323/325/183 349/353/183 347/326/316
f 322/148/296 324/148/295 350/148/314
f 324/307/298 325/297/297 351/317/318
f 325/297/297 326/295/299 352/315/320
f 327/296/301 353/316/322 352/315/321
f 329/108/303 355/108/324 353/108/322
f 329/309/303 328/308/302 354/328/323
f 328/308/302 330/310/304 356/330/325
f 306/292/287 332/312/306 356/330/325
f 335/108/309 334/108/308 361/108/330
f 334/316/308 336/315/310 362/336/331
f 337/317/313 363/338/334 362/336/332
f 338/327/333 364/355/1268 363/338/334
f 339/148/317 365/148/335 364/148/335
f 341/319/315 367/341/183 365/339/183
f 341/1109/1269 342/344/338 366/343/337
f 343/342/336 368/346/336 366/343/337
f 344/345/336 369/348/336 368/346/336
f 345/347/336 370/350/336 369/348/336
f 346/349/339 371/352/341 370/350/336
f 347/326/316 372/354/183 371/376/183
f 349/353/183 373/379/183 372/354/183
f 348/148/317 350/148/314 374/148/335
f 350/327/319 351/317/318 375/338/342
f 351/317/318 352/315/320 376/336/344
f 353/316/322 377/337/346 376/336/345
f 355/108/324 379/108/348 377/108/346
f 357/331/326 358/332/327 381/359/350
f 359/333/328 383/361/352 381/359/350
f 360/335/329 385/1110/354 383/361/352
f 360/108/329 361/108/330 384/108/353
f 361/337/330 362/336/331 386/362/355
f 362/336/332 363/338/334 387/364/356
f 363/338/334 364/355/1268 388/365/358
f 365/339/183 389/368/183 388/366/183
f 367/341/183 390/369/183 389/368/183
f 366/340/183 391/371/183 390/369/183
f 368/370/183 392/373/183 391/371/183
f 369/372/183 393/375/183 392/373/183
f 370/374/183 394/377/183 393/375/183
f 371/376/183 395/378/183 394/377/183
f 372/354/183 396/380/183 395/378/183
f 373/379/183 398/382/183 396/380/183
f 373/379/183 374/1111/183 397/381/183
f 375/338/342 399/364/360 397/365/359
f 376/336/344 400/362/376 399/364/360
f 377/337/346 401/363/362 400/362/361
f 379/108/348 403/108/364 401/108/362
f 379/357/348 378/356/347 402/383/363
f 378/356/347 380/358/349 404/385/365
f 357/331/326 382/360/351 404/385/365
f 382/386/351 381/391/350 405/387/366
f 385/108/354 384/108/353 409/108/370
f 384/363/353 386/362/355 410/392/371
f 386/362/357 387/364/356 411/394/372
f 387/364/356 388/365/358 412/395/374
f 389/368/183 413/397/183 412/396/183
f 390/369/183 414/398/183 413/397/183
f 391/371/183 415/399/183 414/398/183
f 392/373/183 416/400/183 415/399/183
f 393/375/183 417/401/183 416/400/183
f 394/377/183 418/402/183 417/401/183
f 395/378/183 419/403/183 418/402/183
f 396/380/183 420/404/183 419/403/183
f 398/382/183 422/406/183 420/404/183
f 398/382/183 397/381/183 421/405/183
f 399/364/360 423/394/377 421/395/375
f 400/362/376 424/392/404 423/394/377
f 401/363/362 425/393/379 424/392/378
f 403/108/364 427/108/381 425/108/379
f 382/386/351 406/388/367 428/408/382
f 406/388/367 405/387/366 429/411/383
f 405/387/366 407/390/368 431/413/385
f 407/108/368 408/108/369 432/108/386
f 408/108/369 409/108/370 433/108/387
f 434/108/388 438/108/1270 433/108/387
f 436/108/394 435/108/1271 439/108/395
f 410/392/373 411/394/372 441/415/400
f 411/394/372 412/395/374 442/417/402
f 413/397/183 443/419/183 442/418/183
f 414/398/183 444/420/183 443/419/183
f 415/399/183 445/421/183 444/420/183
f 416/400/183 446/422/183 445/421/183
f 417/401/183 447/423/183 446/422/183
f 418/402/183 448/424/183 447/423/183
f 419/403/183 449/425/183 448/424/183
f 420/404/183 450/426/183 449/425/183
f 422/406/183 452/428/183 450/426/183
f 422/406/183 421/405/183 451/427/183
f 423/394/377 453/415/405 451/417/403
f 424/392/404 456/416/432 453/415/405
f 454/108/406 459/108/1272 455/108/407
f 456/108/413 424/108/1273 460/108/414
f 427/108/381 462/108/419 454/108/406
f 426/108/380 463/108/420 462/108/419
f 428/408/382 464/430/421 463/429/420
f 406/388/367 430/412/384 464/430/421
f 430/412/384 429/411/383 465/431/422
f 429/411/383 431/413/385 467/433/424
f 431/108/385 432/108/386 468/108/425
f 432/434/386 433/1112/387 469/435/426
f 433/437/387 436/416/1274 470/438/427
f 436/416/401 441/415/400 471/440/428
f 441/415/400 442/417/402 472/441/430
f 443/419/183 473/443/183 472/442/183
f 444/420/183 474/444/183 473/443/183
f 445/421/183 475/445/183 474/444/183
f 446/422/183 476/446/183 475/445/183
f 447/423/183 477/447/183 476/446/183
f 448/424/183 478/448/183 477/447/183
f 449/425/183 479/449/183 478/448/183
f 450/426/183 480/450/183 479/449/183
f 452/428/183 482/452/183 480/450/183
f 452/428/183 451/427/183 481/451/183
f 453/415/405 483/440/433 481/441/431
f 456/416/432 484/438/451 483/440/433
f 454/437/406 485/439/436 484/438/434
f 462/453/419 486/477/437 485/454/436
f 463/108/420 487/108/438 486/108/437
f 464/430/421 488/457/439 487/456/438
f 430/412/384 466/432/423 488/457/439
f 466/432/423 465/431/422 489/458/440
f 465/431/422 467/433/424 491/460/442
f 467/108/424 468/108/425 492/108/443
f 468/436/425 469/435/426 493/461/444
f 469/439/426 470/438/427 494/463/446
f 470/438/429 471/440/428 495/465/447
f 471/440/428 472/441/430 496/466/449
f 473/443/183 497/468/183 496/467/183
f 474/444/183 498/469/183 497/468/183
f 475/445/183 499/470/183 498/469/183
f 476/446/183 500/471/183 499/470/183
f 477/447/183 501/472/183 500/471/183
f 478/448/183 502/473/183 501/472/183
f 479/449/183 503/474/183 502/473/183
f 480/450/183 504/475/183 503/474/183
f 482/452/183 505/476/183 504/475/183
f 481/451/183 506/496/183 505/476/183
f 483/440/433 507/465/452 506/466/450
f 484/438/451 508/463/469 507/465/452
f 485/439/436 509/464/454 508/463/453
f 486/477/437 510/498/472 509/478/454
f 487/108/438 511/108/456 510/108/455
f 488/457/439 512/480/457 511/479/456
f 466/432/423 490/459/441 512/480/457
f 490/108/441 489/108/440 513/108/458
f 489/108/440 491/108/442 515/108/460
f 491/108/442 492/108/443 516/108/461
f 492/462/445 493/461/444 517/481/462
f 493/464/444 494/463/446 518/483/464
f 494/463/448 495/465/447 519/485/465
f 495/465/447 496/466/449 520/486/467
f 496/467/183 497/468/183 521/487/183
f 498/469/183 522/489/183 521/487/183
f 499/470/183 523/490/183 522/489/183
f 500/471/183 524/491/183 523/490/183
f 501/472/183 525/492/183 524/491/183
f 502/473/183 526/493/183 525/492/183
f 503/474/183 527/494/183 526/493/183
f 504/475/183 528/495/183 527/494/183
f 505/476/183 529/497/183 528/495/183
f 506/496/183 530/515/183 529/497/183
f 507/465/452 531/485/470 530/486/468
f 508/463/469 532/483/488 531/485/470
f 509/464/454 533/484/473 532/483/471
f 510/498/472 534/517/491 533/499/473
f 511/108/456 535/108/475 534/108/474
f 512/108/457 536/108/476 535/108/475
f 490/108/441 514/108/459 536/108/476
f 514/108/459 513/108/458 537/108/477
f 515/108/460 540/108/480 537/108/477
f 515/108/460 516/108/461 539/108/479
f 516/482/463 517/481/462 541/500/481
f 517/484/462 518/483/464 542/502/483
f 518/483/466 519/485/465 543/504/484
f 519/485/465 520/486/467 544/505/486
f 520/488/183 521/487/183 545/506/183
f 522/489/183 546/508/183 545/506/183
f 523/490/183 547/509/183 546/508/183
f 524/491/183 548/510/183 547/509/183
f 525/492/183 549/511/183 548/510/183
f 526/493/183 550/512/183 549/511/183
f 527/494/183 551/513/183 550/512/183
f 528/495/183 552/514/183 551/513/183
f 529/497/183 553/516/183 552/514/183
f 530/515/183 554/534/183 553/516/183
f 531/485/470 555/504/489 554/505/487
f 532/483/488 556/502/505 555/504/489
f 533/484/473 557/503/492 556/502/490
f 534/517/491 558/536/509 557/518/492
f 535/108/475 560/108/495 558/108/493
f 535/108/475 536/108/476 559/108/494
f 514/108/459 538/108/478 559/108/494
f 537/108/477 562/108/497 561/108/496
f 540/108/480 563/108/498 562/108/497
f 539/108/479 565/108/515 563/108/498
f 539/501/482 541/500/481 564/519/499
f 542/502/483 567/523/1275 564/521/499
f 542/502/485 543/504/484 566/522/501
f 543/504/484 544/505/486 568/524/503
f 544/507/183 545/506/183 569/525/183
f 546/508/183 570/527/183 569/525/183
f 547/509/183 571/528/183 570/527/183
f 548/510/183 572/529/183 571/528/183
f 549/511/183 573/530/183 572/529/183
f 550/512/183 574/531/183 573/530/183
f 551/513/183 575/532/183 574/531/183
f 552/514/183 576/533/183 575/532/183
f 553/516/183 577/535/183 576/533/183
f 554/534/183 578/553/183 577/535/183
f 555/504/489 579/522/506 578/524/504
f 556/502/505 581/523/525 579/522/506
f 556/502/490 557/503/492 580/521/507
f 558/536/509 583/555/528 580/537/507
f 558/108/493 560/108/495 582/108/510
f 560/108/495 559/108/494 584/108/512
f 559/108/494 538/108/478 561/108/496
f 562/108/497 586/108/514 585/108/513
f 563/108/498 587/108/516 586/108/514
f 565/108/515 589/108/535 587/108/516
f 565/520/500 564/519/499 588/538/517
f 564/521/499 567/523/1275 590/540/519
f 567/523/502 566/522/501 591/542/521
f 566/522/501 568/524/503 592/543/523
f 569/525/183 593/545/183 592/544/183
f 570/527/183 594/546/183 593/545/183
f 571/528/183 595/547/183 594/546/183
f 572/529/183 596/548/183 595/547/183
f 573/530/183 597/549/183 596/548/183
f 574/531/183 598/550/183 597/549/183
f 575/532/183 599/551/183 598/550/183
f 576/533/183 600/552/183 599/551/183
f 577/535/183 601/554/183 600/552/183
f 578/553/183 602/570/183 601/554/183
f 579/522/506 603/542/526 602/543/524
f 581/523/525 604/540/544 603/542/526
f 580/521/507 605/541/546 604/540/527
f 583/555/528 607/1113/1276 605/556/529
f 583/108/511 582/108/510 606/108/530
f 582/108/510 584/108/512 608/108/532
f 584/108/512 561/108/496 585/108/513
f 586/108/514 610/108/534 609/108/533
f 587/108/516 611/108/536 610/108/534
f 589/108/535 612/108/537 611/108/536
f 588/148/517 614/148/539 612/148/537
f 588/541/520 590/540/519 613/557/538
f 590/540/522 591/542/521 615/559/540
f 591/542/521 592/543/523 616/560/542
f 592/544/183 593/545/183 617/561/183
f 594/546/183 618/563/183 617/561/183
f 595/547/183 619/564/183 618/563/183
f 596/548/183 620/565/183 619/564/183
f 597/549/183 621/566/183 620/565/183
f 598/550/183 622/567/183 621/566/183
f 599/551/183 623/568/183 622/567/183
f 600/552/183 624/569/183 623/568/183
f 601/554/183 625/571/183 624/569/183
f 602/570/183 626/588/183 625/571/183
f 603/542/526 627/559/545 626/560/543
f 604/540/544 628/557/563 627/559/545
f 605/541/546 630/558/549 628/557/547
f 605/148/529 607/148/1276 629/148/548
f 607/108/531 606/108/530 631/108/550
f 606/108/530 608/108/532 632/108/551
f 608/108/532 585/108/513 609/108/533
f 610/108/534 634/108/553 633/108/552
f 611/108/536 635/108/554 634/108/553
f 612/108/537 636/108/555 635/108/554
f 614/572/539 638/598/557 636/573/555
f 614/558/539 613/557/538 637/575/556
f 613/557/541 615/559/540 639/577/558
f 615/559/540 616/560/542 640/578/560
f 617/561/183 641/580/561 640/579/561
f 618/563/183 642/581/561 641/580/561
f 619/564/183 643/582/561 642/581/561
f 620/565/183 644/583/561 643/582/561
f 621/566/183 645/584/561 644/583/561
f 622/567/183 646/585/561 645/584/561
f 623/568/183 647/586/561 646/585/561
f 624/569/183 648/587/561 647/586/561
f 625/571/183 649/589/561 648/587/561
f 626/588/183 650/613/561 649/589/561
f 627/559/545 651/577/564 650/578/562
f 628/557/563 652/575/583 651/577/564
f 630/558/549 654/576/567 652/575/565
f 630/590/549 629/1114/548 653/591/566
f 629/108/548 631/108/550 655/108/568
f 631/108/550 632/108/551 656/108/569
f 632/108/551 609/108/533 633/108/552
f 634/593/553 658/597/571 657/594/570
f 635/596/554 659/622/572 658/597/571
f 636/108/555 660/108/573 659/108/572
f 638/598/557 662/624/575 660/599/573
f 638/576/557 637/575/556 661/600/574
f 637/575/559 639/577/558 663/602/576
f 639/577/558 640/578/560 664/603/578
f 641/580/561 665/605/580 664/604/579
f 642/581/561 666/606/581 665/605/580
f 643/582/561 667/607/581 666/606/581
f 644/583/561 668/608/581 667/607/581
f 645/584/561 669/609/581 668/608/581
f 646/585/561 670/610/581 669/609/581
f 647/586/561 671/611/581 670/610/581
f 648/587/561 672/612/581 671/611/581
f 649/589/561 673/614/580 672/612/581
f 650/613/561 674/1115/579 673/614/580
f 651/577/564 675/602/584 674/603/582
f 652/575/583 676/600/602 675/602/584
f 654/576/567 678/601/587 676/600/585
f 654/592/567 653/591/566 677/615/586
f 653/108/566 655/108/568 679/108/588
f 655/617/568 656/620/569 680/618/589
f 656/620/569 633/595/552 657/594/570
f 658/597/571 682/623/591 681/621/590
f 659/622/572 683/643/610 682/623/591
f 660/108/573 684/108/593 683/108/592
f 662/624/575 686/645/594 684/625/593
f 662/601/575 661/600/574 685/626/574
f 661/600/577 663/602/576 687/628/595
f 663/602/576 664/603/578 688/629/597
f 665/148/598 690/148/599 688/148/599
f 666/606/581 691/631/600 689/630/600
f 667/607/581 692/632/600 691/631/600
f 668/608/581 693/633/600 692/632/600
f 669/609/581 694/634/600 693/633/600
f 670/610/581 695/635/600 694/634/600
f 671/611/581 696/636/600 695/635/600
f 672/612/581 697/637/600 696/636/600
f 673/614/580 699/658/600 697/637/600
f 674/148/598 700/148/599 698/148/599
f 675/602/584 701/628/603 700/629/601
f 676/600/602 702/626/621 701/628/603
f 678/601/587 704/627/605 702/626/585
f 678/616/587 677/615/586 703/638/604
f 677/108/586 679/108/588 705/108/606
f 679/619/588 680/618/589 706/640/607
f 680/618/589 657/594/570 681/621/590
f 682/623/591 708/644/611 707/642/609
f 683/643/610 709/665/630 708/644/611
f 684/108/593 710/108/613 709/108/612
f 686/645/594 712/667/615 710/646/613
f 686/627/594 685/626/574 711/647/614
f 685/626/596 687/628/595 713/649/616
f 687/628/595 688/629/597 714/650/618
f 690/148/599 716/148/619 714/148/619
f 690/148/145 689/148/145 715/148/145
f 691/631/600 717/652/600 715/651/600
f 692/632/600 718/653/600 717/652/600
f 693/633/600 719/654/600 718/653/600
f 694/634/600 720/655/600 719/654/600
f 695/635/600 721/656/600 720/655/600
f 696/636/600 722/657/600 721/656/600
f 697/637/600 723/659/600 722/657/600
f 699/658/600 724/680/600 723/659/600
f 698/148/160 725/148/160 724/148/160
f 700/148/599 726/148/619 725/148/619
f 701/628/603 727/649/622 726/650/620
f 702/626/621 728/647/641 727/649/622
f 704/627/605 730/648/625 728/647/623
f 704/639/605 703/638/604 729/660/624
f 703/108/604 705/108/606 731/108/626
f 705/641/608 706/640/607 732/662/627
f 706/640/607 681/621/590 707/642/609
f 708/644/611 734/666/631 733/664/629
f 709/665/630 735/687/650 734/666/631
f 710/108/613 736/108/633 735/108/632
f 712/667/615 738/1116/635 736/668/633
f 712/648/615 711/647/614 737/669/634
f 711/647/617 713/649/616 739/671/636
f 713/649/616 714/650/618 740/672/638
f 716/148/619 742/148/639 740/148/639
f 716/148/145 715/148/145 741/148/145
f 717/652/600 743/674/600 741/673/600
f 718/653/600 744/675/600 743/674/600
f 719/654/600 745/676/600 744/675/600
f 720/655/600 746/677/600 745/676/600
f 721/656/600 747/678/600 746/677/600
f 722/657/600 748/679/600 747/678/600
f 723/659/600 749/681/600 748/679/600
f 724/680/600 750/700/600 749/681/600
f 725/148/160 751/148/160 750/148/160
f 726/148/619 752/148/639 751/148/639
f 727/649/622 753/671/642 752/672/640
f 728/647/641 754/669/661 753/671/642
f 730/648/625 756/670/645 754/669/643
f 730/661/625 729/660/624 755/682/644
f 729/108/624 731/108/626 757/108/646
f 731/663/628 732/662/627 758/684/647
f 732/662/627 707/642/609 733/664/629
f 734/666/631 760/688/651 759/686/649
f 735/687/650 761/705/652 760/688/651
f 736/108/633 762/108/653 761/108/652
f 738/108/635 764/108/655 762/108/653
f 738/670/635 737/669/634 763/689/654
f 737/669/637 739/671/636 765/691/656
f 739/671/636 740/672/638 766/692/658
f 742/148/639 768/148/659 766/148/659
f 742/148/145 741/148/145 767/148/145
f 743/674/600 769/694/600 767/693/600
f 744/675/600 770/695/600 769/694/600
f 745/676/600 771/696/600 770/695/600
f 746/677/600 772/697/600 771/696/600
f 747/678/600 773/698/600 772/697/600
f 748/679/600 774/699/600 773/698/600
f 749/681/600 775/701/600 774/699/600
f 750/700/600 776/718/600 775/701/600
f 751/148/160 777/148/160 776/148/160
f 752/148/639 778/148/659 777/148/659
f 753/671/642 779/691/662 778/692/660
f 754/669/661 780/689/680 779/691/662
f 756/670/645 782/690/665 780/689/663
f 756/108/645 755/108/644 781/108/664
f 755/108/644 757/108/646 783/108/666
f 757/685/648 758/684/647 784/702/667
f 758/684/647 733/664/629 759/686/649
f 760/688/651 786/706/669 785/704/668
f 761/705/652 787/1117/670 786/706/669
f 762/108/653 788/108/671 787/108/670
f 764/108/655 790/108/673 788/108/671
f 764/690/655 763/689/654 789/707/672
f 763/689/657 765/691/656 791/709/674
f 765/691/656 766/692/658 792/710/676
f 768/148/659 794/148/678 792/148/677
f 768/148/145 767/148/145 793/148/145
f 769/694/600 795/712/600 793/711/600
f 770/695/600 796/713/600 795/712/600
f 771/696/600 797/714/600 796/713/600
f 772/697/600 798/715/600 797/714/600
f 773/698/600 799/716/600 798/715/600
f 774/699/600 800/717/600 799/716/600
f 775/701/600 801/719/600 800/717/600
f 776/718/600 802/732/600 801/719/600
f 777/148/160 803/148/160 802/148/160
f 778/148/659 804/148/677 803/148/678
f 779/691/662 805/709/681 804/710/679
f 780/689/680 806/707/1277 805/709/681
f 782/690/665 808/708/684 806/707/682
f 782/108/665 781/108/664 807/108/683
f 781/108/664 783/108/666 809/108/685
f 783/703/666 784/702/667 810/720/686
f 784/702/667 759/686/649 785/704/668
f 786/108/669 813/108/689 811/108/687
f 786/108/669 787/108/670 812/108/688
f 787/108/670 788/108/671 814/108/690
f 790/108/673 816/108/692 814/108/690
f 790/708/673 789/707/672 815/722/691
f 791/709/674 817/724/694 815/722/693
f 792/710/676 818/734/712 817/724/694
f 794/148/678 819/148/696 818/148/695
f 793/148/145 820/148/145 819/148/145
f 795/712/600 821/726/600 820/725/600
f 796/713/600 822/727/600 821/726/600
f 797/714/600 823/728/600 822/727/600
f 798/715/600 824/729/600 823/728/600
f 799/716/600 825/730/600 824/729/600
f 800/717/600 826/731/600 825/730/600
f 801/719/600 827/733/600 826/731/600
f 802/732/600 829/745/600 827/733/600
f 802/148/160 803/148/160 828/148/160
f 803/148/678 804/148/677 830/148/695
f 804/710/679 805/709/681 831/724/697
f 805/709/681 806/707/1277 832/722/699
f 808/708/684 834/723/702 832/722/700
f 808/108/684 807/108/683 833/108/701
f 809/108/685 835/108/703 833/108/701
f 810/108/686 836/108/704 835/108/703
f 810/108/686 785/108/668 811/108/687
f 813/108/689 838/108/706 837/108/705
f 812/108/688 839/108/707 838/108/706
f 814/108/690 840/108/708 839/108/707
f 816/108/692 842/108/710 840/108/708
f 816/723/692 815/722/691 841/735/709
f 817/724/694 843/737/713 841/735/711
f 818/734/712 844/747/731 843/737/713
f 819/148/696 845/148/715 844/148/714
f 820/148/145 846/148/145 845/148/145
f 821/726/600 847/739/600 846/738/600
f 822/727/600 848/740/600 847/739/600
f 823/728/600 849/741/600 848/740/600
f 824/729/600 850/742/600 849/741/600
f 825/730/600 851/743/600 850/742/600
f 826/731/600 852/744/600 851/743/600
f 827/733/600 853/746/600 852/744/600
f 829/745/600 855/758/600 853/746/600
f 829/148/160 828/148/160 854/148/160
f 828/148/696 830/148/695 856/148/714
f 830/734/698 831/724/697 857/737/716
f 831/724/697 832/722/699 858/735/718
f 834/723/702 860/736/721 858/735/719
f 834/108/702 833/108/701 859/108/720
f 833/108/701 835/108/703 861/108/722
f 835/108/703 836/108/704 862/108/723
f 836/108/704 811/108/687 837/108/705
f 837/108/705 838/108/706 863/108/724
f 838/108/706 839/108/707 865/108/726
f 839/108/707 840/108/708 866/108/727
f 840/108/708 842/108/710 867/108/728
f 842/736/710 841/735/709 868/748/729
f 843/737/713 869/750/732 868/748/730
f 844/747/731 870/760/756 869/750/732
f 845/148/715 871/148/758 870/148/733
f 847/739/600 873/752/735 872/751/734
f 848/740/600 874/753/736 873/752/735
f 849/741/600 875/754/737 874/753/736
f 850/742/600 876/755/600 875/754/737
f 851/743/600 877/756/737 876/755/600
f 852/744/600 878/757/738 877/756/737
f 853/746/600 879/759/739 878/757/738
f 855/758/600 881/1118/734 879/759/739
f 854/148/715 856/148/714 882/148/733
f 856/747/717 857/737/716 883/750/741
f 857/737/716 858/735/718 884/748/743
f 860/736/721 885/749/745 884/748/744
f 859/108/720 886/108/746 885/108/745
f 861/108/722 887/108/747 886/108/746
f 862/108/723 888/108/748 887/108/747
f 837/108/705 864/108/725 888/108/748
f 864/108/725 863/108/724 889/108/749
f 863/108/724 865/108/726 891/108/751
f 865/108/726 866/108/727 892/108/752
f 866/108/727 867/108/728 893/108/753
f 867/749/728 868/748/729 894/761/754
f 869/750/732 895/763/757 894/761/755
f 870/760/756 896/773/785 895/763/757
f 871/148/758 897/148/787 896/148/759
f 873/752/735 899/765/761 898/764/760
f 874/753/736 900/766/762 899/765/761
f 875/754/737 901/767/763 900/766/762
f 876/755/600 903/769/600 901/767/763
f 876/755/600 877/756/737 902/768/764
f 877/756/737 878/757/738 904/770/765
f 878/757/738 879/759/739 905/771/766
f 879/759/739 881/1118/734 906/772/767
f 880/148/740 882/148/733 908/148/768
f 882/760/742 883/750/741 909/763/770
f 883/750/741 884/748/743 910/761/772
f 885/749/745 911/762/774 910/761/773
f 886/108/746 912/108/775 911/108/774
f 887/108/747 913/108/776 912/108/775
f 888/108/748 914/108/777 913/108/776
f 864/108/725 890/108/750 914/108/777
f 892/108/752 893/108/753 919/108/782
f 895/763/757 921/776/786 920/774/784
f 896/773/785 922/786/818 921/776/786
f 897/148/787 923/148/1278 922/148/788
f 907/148/769 908/148/768 932/148/798
f 908/773/771 909/763/770 933/776/800
f 909/763/770 910/761/772 934/774/802
f 912/108/775 936/108/805 935/108/804
f 921/776/786 947/791/817 945/789/814
f 946/790/816 921/776/786 948/792/819
f 961/791/836 959/806/833 933/776/800
f 933/776/800 962/787/837 960/789/835
f 994/832/871 997/835/873 995/833/793
f 996/834/872 999/837/875 997/835/873
f 998/836/874 1176/1119/1279 999/837/875
f 1000/838/876 1176/1119/1279 998/836/874
f 1002/840/878 1000/838/876 1001/839/877
f 1004/842/880 1002/1031/1280 1003/843/881
f 962/846/837 1005/845/882 1006/847/884
f 1019/858/898 1023/862/902 1020/859/899
f 1024/863/903 1020/859/899 1025/864/904
f 1027/866/906 1025/864/904 1028/867/907
f 1028/867/907 1031/870/910 1030/869/909
f 1031/870/910 1034/873/913 1033/872/912
f 1034/873/913 1037/876/916 1036/875/915
f 1046/885/927 1045/884/926 1047/886/928
f 1049/888/931 1047/886/928 1050/889/932
f 1052/891/934 1050/889/932 1053/892/935
f 1055/894/937 1053/892/935 1056/895/938
f 1056/895/938 1059/898/941 1058/897/940
f 1059/898/941 1062/901/944 1061/900/943
f 1062/901/944 1065/904/947 1064/903/946
f 1065/904/947 1068/907/950 1067/906/949
f 1088/927/976 1092/931/980 1089/928/977
f 1093/932/981 1089/928/977 1094/933/982
f 1096/935/984 1094/933/982 1097/936/985
f 1099/938/987 1097/936/985 1100/939/988
f 1100/939/988 1103/942/991 1102/941/990
f 1103/942/991 1106/945/994 1105/944/993
f 1106/945/994 1109/948/997 1108/947/996
f 1109/948/997 1112/951/1000 1111/950/999
f 1092/931/1002 44/54/1110 42/953/1003
f 1089/928/1004 42/953/1003 40/954/1005
f 1094/933/1006 40/954/1005 38/955/1007
f 1097/936/1008 38/955/1007 36/956/1009
f 1100/939/1010 36/956/1009 35/1120/1281
f 35/1120/1281 33/957/1011 1100/939/1010
f 33/957/1011 31/958/1013 1103/942/1012
f 31/958/1013 29/959/1015 1106/945/1014
f 29/959/1015 27/960/1017 1109/948/1016
f 20/20/1282 19/19/1283 1112/951/1018
f 27/960/1017 20/20/1282 1112/951/1018
f 1130/984/1046 1135/989/1051 1129/983/1045
f 1132/986/1048 1135/989/1051 1133/987/1049
f 1224/1093/1206 1132/986/1048 1136/990/1052
f 1137/991/1053 1139/993/1055 1222/1091/1199
f 1140/994/1056 1142/996/1058 1139/993/1055
f 1145/999/1061 1142/996/1058 1141/995/1057
f 1147/1001/1063 1004/842/1067 1148/1002/1064
f 1151/1005/1068 1147/1001/1063 1152/1006/1069
f 1154/1008/1071 1151/1005/1068 1155/1009/1072
f 1157/1011/1074 1154/1008/1071 1158/1012/1075
f 1160/1014/1077 1157/1011/1074 1161/1015/1078
f 1163/1017/1080 1165/1019/1082 1160/1014/1077
f 1166/1020/1083 1168/1022/1085 1165/1019/1082
f 1169/1023/1086 1171/1025/1088 1168/1022/1085
f 1172/1026/1089 1174/1028/1091 1171/1025/1088
f 1175/1029/1092 986/824/1094 1174/1028/1091
f 45/56/56 1184/1045/1109 1182/1042/1107
f 1185/1046/1112 73/77/77 75/79/79
f 21/21/21 25/25/25 24/24/24
f 1187/1048/1114 24/24/24 73/77/77
f 1188/1049/1117 1113/952/1001 1112/951/1000
f 1091/930/979 1189/1050/1120 1092/931/980
f 1189/1050/1120 52/55/1119 1092/931/980
f 1185/1046/1112 1186/1047/1113 71/75/75
f 1188/1049/1121 23/23/1284 22/22/975
f 47/49/965 51/53/1285 1189/1050/1122
f 86/91/91 88/93/93 116/1043/125
f 986/824/863 948/1052/819 988/1051/1125
f 948/793/820 949/794/821 988/826/865
f 1108/947/1127 1110/949/1123 1086/925/973
f 985/823/862 946/1121/816 948/1052/819
f 992/830/869 993/831/870 995/833/793
f 50/52/52 86/91/91 1182/1042/1107
f 1105/944/1130 1107/946/1128 1085/924/972
f 1183/1044/1108 52/55/55 51/53/53
f 49/51/51 50/52/52 1184/1045/1109
f 952/798/825 953/799/826 992/830/869
f 991/829/868 992/830/869 1177/1053/1129
f 1102/941/1133 1104/943/1131 1084/923/971
f 1082/921/969 1098/937/1137 1099/938/1135
f 990/828/867 991/829/868 1178/1054/1132
f 951/797/824 952/798/825 991/829/868
f 1081/920/968 1095/934/1140 1096/935/1136
f 1180/1056/1141 989/827/866 990/828/867
f 950/796/823 951/797/824 990/828/867
f 1181/1057/1142 988/826/865 989/827/866
f 949/794/821 950/796/823 989/827/866
f 1080/919/967 1090/929/1144 1093/932/1139
f 13/13/13 22/22/22 21/21/21
f 25/25/25 21/21/21 23/23/23
f 1111/950/1124 1113/952/1145 1087/926/974
f 1079/918/966 1091/930/1146 1088/927/1143
f 1190/1058/1147 17/17/17 70/74/74
f 1192/1060/1149 1172/1026/1089 1170/1024/1087
f 1063/902/1286 1064/903/1181 1034/873/1156
f 1194/1062/1151 16/16/16 17/17/17
f 946/1121/816 985/823/862 947/821/817
f 1193/1061/1150 1170/1024/1087 1169/1023/1086
f 46/48/48 1196/1064/1153 1197/1065/1154
f 1061/900/1155 1063/902/1286 1034/873/1156
f 1060/899/1287 1061/900/1155 1031/870/1157
f 1195/1063/1152 1169/1023/1086 1167/1021/1084
f 1058/897/1159 1060/899/1287 1031/870/1157
f 1028/867/1160 1055/894/1164 1057/896/1288
f 1057/896/1288 1058/897/1159 1028/867/1160
f 1198/1066/1158 1167/1021/1084 1166/1020/1083
f 1199/1067/1161 1166/1020/1083 1164/1018/1081
f 1025/864/1163 1054/893/1289 1055/894/1164
f 1025/864/1163 1052/891/1170 1054/893/1289
f 1162/1016/1079 1161/1015/1078 1201/1069/1165
f 1200/1068/1162 1164/1018/1081 1163/1017/1080
f 1203/1071/1166 1163/1017/1080 1162/1016/1079
f 1020/859/1169 1051/890/1290 1052/891/1170
f 1020/859/1169 1049/888/1174 1051/890/1290
f 959/1101/833 1204/1072/1167 958/844/834
f 1159/1013/1076 1158/1012/1075 1205/1073/1171
f 1206/1074/1172 1201/1069/1165 1161/1015/1078
f 1023/862/1173 1048/887/1291 1049/888/1174
f 1023/862/1173 1046/885/1233 1048/887/1291
f 1207/1075/1175 1205/1073/1171 1158/1012/1075
f 1156/1010/1073 1155/1009/1072 1208/1076/1176
f 1209/1077/1177 1208/1076/1176 1155/1009/1072
f 1153/1007/1070 1152/1006/1069 1210/1078/1178
f 1194/1062/1151 1043/882/922 16/16/16
f 1043/882/922 1040/879/919 16/16/16
f 1191/1059/1148 70/74/74 72/76/76
f 1042/881/921 1037/876/1182 1067/906/1180
f 1067/906/1180 1069/908/1179 1040/879/919
f 1064/903/1181 1066/905/1292 1037/876/1182
f 1066/905/1292 1067/906/1180 1037/876/1182
f 1014/853/893 1220/1089/1197 54/58/58
f 1045/884/926 1044/883/930 54/58/924
f 1211/1080/1183 1173/1027/1090 1172/1026/1089
f 1212/1081/1184 1175/1029/1092 1173/1027/1090
f 1213/1082/1185 1210/1078/1178 1152/1006/1069
f 1149/1003/1065 1148/1002/1064 1214/1083/1186
f 1217/1086/1190 947/821/817 985/823/862
f 985/823/862 987/825/864 1216/1085/1189
f 1212/1081/1184 1218/1087/1191 1175/1029/1092
f 1218/1087/1191 1216/1085/1293 987/825/1093
f 1190/1058/1147 1191/1059/1148 11/11/11
f 11/11/11 1194/1062/1151 1190/1058/1147
f 1139/993/1055 1142/996/1058 1193/1061/1194
f 1139/993/1055 1198/1066/1196 1199/1067/1200
f 1222/1091/1199 1200/1068/1201 1203/1071/1205
f 1224/1093/1206 1223/1092/1202 1201/1069/1204
f 1132/986/1048 1224/1093/1206 1205/1073/1208
f 1132/986/1048 1208/1076/1210 1209/1077/1211
f 1191/1059/1148 103/1079/111 102/1094/110
f 1145/999/1061 1211/1080/1214 1192/1060/1193
f 1129/983/1045 1135/989/1051 1210/1078/1212
f 56/60/1216 1016/855/1294 1017/856/1217
f 1226/1096/1219 1231/1103/1235 1197/1065/1154
f 1196/1064/1153 54/58/58 1220/1089/1197
f 1228/1098/1221 1127/981/1043 1215/1084/1187
f 1127/981/1043 1129/983/1045 1215/1084/1187
f 1150/1004/1066 1227/1097/1295 1215/1084/1222
f 1215/1084/1222 1214/1083/1186 1148/1002/1064
f 9/9/1226 1041/880/1296 1043/882/1225
f 1150/1004/1168 1204/1072/1167 1227/1097/1227
f 1204/1072/1167 961/1102/836 1229/1099/1228
f 1039/878/1230 1041/880/1296 9/9/1226
f 1022/861/901 1225/1095/1218 1018/857/1232
f 1225/1095/1218 1017/856/1217 1018/857/1232
f 1018/857/897 1015/854/894 1046/885/1233
f 1015/854/894 1044/883/923 1046/885/1233
f 1230/1100/1231 1038/877/917 1042/881/1234
f 1038/877/917 1037/876/916 1042/881/1234
f 1231/1103/1235 118/1105/127 1219/1088/1192
f 1232/1104/1237 984/822/861 1217/1086/1190
f 984/822/861 947/821/817 1217/1086/1190
f 1146/1000/1062 1232/1104/1297 1218/1087/1236
f 1232/1104/1297 1216/1085/1298 1218/1087/1236
f 11/11/11 102/1094/110 69/73/107
f 1115/962/1020 1116/964/1024 1131/985/1241
f 1226/1096/1219 1220/1089/1197 55/59/59
f 1124/978/1038 983/819/1042 1146/1000/1243
f 944/818/815 945/820/814 984/822/861
f 1124/978/1038 1144/998/1244 1143/997/1245
f 1115/962/1020 1128/982/1242 1127/981/1247
f 11/11/11 12/12/12 1194/1062/1151
f 56/60/1216 1221/1090/1299 1014/853/1299
f 1014/853/1299 1016/855/1294 56/60/1216
f 1229/1099/1228 961/1102/836 1006/847/884
f 1006/847/884 1228/1098/1229 1229/1099/1228
f 1123/977/1037 1141/995/1246 1140/994/1249
f 1122/975/1035 1138/992/1250 1137/991/1251
f 1036/875/915 1038/877/917 7/7/1239
f 1033/872/912 1035/874/914 5/5/1253
f 1119/969/1029 1120/971/1031 1224/1093/1255
f 1030/869/909 1032/871/911 2/2/1256
f 63/67/1257 1026/865/905 1027/866/906
f 61/65/1260 1021/860/900 1024/863/903
f 59/63/1238 1022/861/901 1019/858/898
f 1118/967/1027 1119/969/1029 1136/990/1258
f 1116/964/1024 1118/967/1027 1133/987/1262
f 1231/1103/1235 55/59/59 90/95/95
f 1233/108/1300 1114/108/1301 982/108/858
f 976/108/852 1234/108/145 972/108/145
f 974/108/850 1235/813/1302 941/108/810
f 1236/108/1303 1237/108/1304 1233/108/1305
f 1117/108/1025 1114/108/1019 1233/108/1306
f 1238/108/1307 1239/108/1308 1007/108/1309
f 1239/108/1310 1240/108/1311 1237/108/1304
f 1238/108/1307 1241/108/1312 1242/108/1313
f 1242/108/1314 1243/108/1315 1240/108/1311
f 1011/108/1316 1008/108/1023 1240/108/1317
f 978/813/1318 1241/108/1318 1010/108/1318
f 1012/108/1319 1244/108/1320 1241/108/1321
f 1244/108/1320 1245/108/1322 1243/108/1315
f 1243/108/1323 1246/108/1324 1011/108/1316
f 1241/108/1325 978/813/1325 1012/108/1325
f 1012/108/1319 1247/108/1326 1248/108/1327
f 1248/108/1327 1249/108/1328 1245/108/1322
f 1245/108/1329 1250/108/1330 1246/108/1324
f 1246/108/1331 1251/108/1332 1012/108/891
f 1252/108/1333 1247/108/1326 1251/108/1334
f 1253/108/1335 1249/108/1328 1247/108/1326
f 1254/108/1336 1250/108/1337 1249/108/1337
f 1255/108/1338 1251/108/1332 1250/108/1339
f 1252/108/1333 1256/108/1340 1253/108/1335
f 1256/108/1340 1254/108/1341 1253/108/1335
f 1257/108/1342 1255/108/1343 1254/108/1344
f 1258/108/1345 1252/108/1346 1255/108/1338
f 1259/108/1347 1260/108/1348 1256/108/1340
f 1260/108/1348 1257/108/1349 1256/108/1340
f 1261/108/1350 1258/108/1351 1257/108/1342
f 1258/108/1345 970/108/1352 1235/813/1353
f 1260/108/1354 977/108/1355 1262/108/1356
f 1262/108/1357 1261/108/1358 1260/108/1348
f 973/108/1359 1234/108/1360 1262/108/1356
f 1234/108/1361 1263/108/1362 1262/108/1357
f 981/108/160 1236/108/160 982/108/858
f 1126/108/1363 1264/108/1364 976/108/852
f 1007/108/1309 1236/108/1365 981/108/1366
f 1236/108/1303 1239/108/1310 1237/108/1304
f 1239/108/1310 1242/108/1314 1240/108/1311
f 941/108/810 1235/813/1302 969/108/845
f 1241/108/1321 1244/108/1320 1242/108/1314
f 1242/108/1314 1244/108/1320 1243/108/1315
f 1240/108/1317 1243/108/1323 1011/108/1316
f 1011/108/890 978/813/889 1009/108/1367
f 1012/108/1319 1248/108/1327 1244/108/1320
f 1244/108/1320 1248/108/1327 1245/108/1322
f 1243/108/1323 1245/108/1329 1246/108/1324
f 1011/108/890 1246/108/1331 1012/108/891
f 1012/108/1319 1251/108/1334 1247/108/1326
f 1248/108/1327 1247/108/1326 1249/108/1328
f 1245/108/1368 1249/108/1337 1250/108/1337
f 1246/108/1331 1250/108/1339 1251/108/1332
f 1252/108/1333 1253/108/1335 1247/108/1326
f 1253/108/1335 1254/108/1341 1249/108/1328
f 1254/108/1344 1255/108/1343 1250/108/1369
f 1255/108/1338 1252/108/1346 1251/108/1332
f 1252/108/1333 1259/108/1347 1256/108/1340
f 1256/108/1340 1257/108/1349 1254/108/1341
f 1257/108/1342 1258/108/1351 1255/108/1343
f 1258/108/1345 1235/813/1353 1252/108/1346
f 1259/108/1370 977/108/1355 1260/108/1354
f 1260/108/1348 1261/108/1358 1257/108/1349
f 1235/813/1371 974/108/1371 1259/108/1371
f 973/108/1359 1262/108/1356 977/108/1355
f 1262/108/1357 1263/108/1362 1261/108/1358
f 1263/108/1372 1125/108/1039 971/108/1036
f 972/108/1373 1234/108/1360 973/108/1359
f 1234/108/1361 1264/108/1374 1263/108/1362
f 1126/108/1040 1125/108/1039 1264/108/1375
f 1261/108/1350 1263/108/1372 971/108/1036
f 1237/108/1376 1008/108/1023 1117/108/1025
f 972/808/848 942/807/811 943/817/812
f 1114/961/1301 980/814/856 982/816/858
f 964/850/840 1238/1122/1377 1007/851/885
f 963/849/839 964/850/840 981/815/857
f 1009/108/887 978/813/854 979/108/855
f 1235/813/1302 970/108/846 969/108/845
f 1010/108/888 1238/108/1377 964/108/840
f 965/108/841 978/813/854 1010/108/888
f 1008/963/1023 1115/962/1020 1117/965/1025
f 1124/978/1038 971/976/1036 1125/979/1039
f 982/108/858 1236/108/160 1233/108/1300
f 1238/108/1307 1010/108/1378 1241/108/1312
f 975/810/851 1126/980/1363 976/811/852
f 1258/108/1345 971/108/1379 970/108/1352
f 1264/108/1364 1234/108/145 976/108/852
f 1007/108/1309 1239/108/1308 1236/108/1365
f 1242/108/1313 1239/108/1308 1238/108/1307
f 1009/108/1367 1008/108/1380 1011/108/890
f 1235/813/1381 1259/108/1381 1252/108/1381
f 1259/108/1370 974/108/1382 977/108/1355
f 1258/108/1351 1261/108/1350 971/108/1036
f 1233/108/1306 1237/108/1376 1117/108/1025
f 1237/108/1376 1240/108/1317 1008/108/1023
f 1125/108/1039 1263/108/1372 1264/108/1375
