# Blender 4.1.1
# www.blender.org
mtllib hatch_83_popup_v07_up.mtl
o Body
v -0.700000 0.795000 2.070000
v -0.700000 0.795000 2.070000
v -0.700000 0.795000 2.070000
v -0.700000 0.795000 2.070000
v -0.698000 0.885000 2.070000
v -0.698000 0.885000 2.070000
v -0.734207 0.795000 2.035000
v -0.746505 0.795000 1.960000
v -0.734000 0.899444 1.860000
v -0.734000 0.899444 1.860000
v -0.741000 0.895556 1.790000
v -0.741000 0.895556 1.790000
v -0.763870 0.795000 1.780000
v -0.763870 0.795000 1.780000
v -0.762909 0.795000 1.790000
v -0.784000 0.570000 1.780000
v -0.784000 0.570000 1.780000
v -0.797534 0.600000 1.570000
v -0.796706 0.620000 1.570000
v -0.778741 0.685000 1.780000
v -0.778741 0.685000 1.780000
v -0.791156 0.685000 1.570000
v -0.795814 0.635000 1.570000
v -0.774302 0.784000 1.570000
v -0.778121 0.766000 1.570000
v -0.771803 0.795000 1.570000
v -0.796800 0.558000 1.570000
v -0.798000 0.570000 1.570000
v -0.782152 0.745000 1.570000
v -0.746093 0.886441 1.553000
v -0.746093 0.886441 1.553000
v -0.797452 0.558000 1.553000
v -0.798105 0.558000 1.535968
v -0.798652 0.570000 1.553000
v -0.796434 0.635000 1.553000
v -0.792265 0.685000 1.535968
v -0.797056 0.635000 1.535968
v -0.791710 0.685000 1.553000
v -0.782578 0.745000 1.553000
v -0.800001 0.558000 1.486538
v -0.799305 0.570000 1.535968
v -0.798859 0.635000 1.486538
v -0.783002 0.745000 1.535968
v -0.801201 0.570000 1.486538
v -0.804059 0.582708 1.409549
v -0.804059 0.582708 1.409549
v -0.804059 0.582708 1.409549
v -0.804059 0.582708 1.409549
v -0.801664 0.635000 1.409549
v -0.796359 0.685000 1.409549
v -0.793870 0.685000 1.486538
v -0.786103 0.745000 1.409549
v -0.784225 0.745000 1.486538
v -0.746457 0.884256 1.486538
v -0.746457 0.884256 1.486538
v -0.746879 0.881725 1.409549
v -0.746879 0.881725 1.409549
v -0.799475 0.685000 1.312538
v -0.788423 0.745000 1.312538
v -0.804942 0.637961 1.312538
v -0.804942 0.637961 1.312538
v -0.804942 0.637961 1.312538
v -0.804942 0.637961 1.312538
v -0.806793 0.657000 1.205000
v -0.806793 0.657000 1.205000
v -0.806793 0.657000 1.205000
v -0.790930 0.745000 1.205000
v -0.747411 0.878536 1.312538
v -0.747411 0.878536 1.312538
v -0.802901 0.685000 1.205000
v -0.748000 0.875000 1.205000
v -0.748000 0.875000 1.205000
v -0.748906 0.874321 1.097462
v -0.748906 0.874321 1.097462
v -0.802408 0.685000 1.097462
v -0.801964 0.685000 1.000451
v -0.807915 0.635000 1.000451
v -0.790681 0.745000 1.097462
v -0.810601 0.582708 1.000451
v -0.810601 0.582708 1.000451
v -0.810601 0.582708 1.000451
v -0.810601 0.582708 1.000451
v -0.802887 0.496648 0.923462
v -0.802887 0.496648 0.923462
v -0.802887 0.496648 0.923462
v -0.802887 0.496648 0.923462
v -0.807472 0.635000 0.923462
v -0.790460 0.745000 1.000451
v -0.749723 0.873708 1.000451
v -0.749723 0.873708 1.000451
v -0.790286 0.745000 0.923462
v -0.767156 0.370206 0.874032
v -0.810222 0.570000 0.923462
v -0.800910 0.480000 0.874032
v -0.809910 0.570000 0.874032
v -0.801613 0.685000 0.923462
v -0.750371 0.873222 0.923462
v -0.750371 0.873222 0.923462
v -0.809802 0.570000 0.857000
v -0.800802 0.480000 0.857000
v -0.807089 0.635000 0.857000
v -0.807187 0.635000 0.874032
v -0.801388 0.685000 0.874032
v -0.801311 0.685000 0.857000
v -0.790176 0.745000 0.874032
v -0.750931 0.872802 0.857000
v -0.750931 0.872802 0.857000
v -0.790138 0.745000 0.857000
v -0.704802 0.255000 0.857000
v -0.704802 0.255000 0.857000
v -0.725802 0.300000 0.857000
v -0.800000 0.480000 0.730000
v -0.809000 0.570000 0.730000
v -0.806359 0.635000 0.730000
v -0.789860 0.745000 0.730000
v -0.724962 0.300000 0.710000
v -0.725000 0.300000 0.730000
v -0.808962 0.570000 0.710000
v -0.800697 0.685000 0.710000
v -0.800735 0.685000 0.730000
v -0.752000 0.872000 0.730000
v -0.752000 0.872000 0.730000
v -0.752000 0.872000 0.730000
v -0.799962 0.480000 0.710000
v -0.808000 0.570000 0.200000
v -0.806322 0.635000 0.710000
v -0.789822 0.745000 0.710000
v -0.751962 0.872000 0.710000
v -0.751962 0.872000 0.710000
v -0.751962 0.872000 0.710000
v -0.724000 0.300000 0.200000
v -0.799000 0.480000 0.200000
v -0.798000 0.480000 -0.500000
v -0.805359 0.635000 0.200000
v -0.799735 0.685000 0.200000
v -0.788860 0.745000 0.200000
v -0.789435 0.745000 -0.500000
v -0.799415 0.685000 -0.500000
v -0.749000 0.888000 -0.500000
v -0.749000 0.888000 -0.500000
v -0.702000 0.255000 -0.500000
v -0.702000 0.255000 -0.500000
v -0.702000 0.255000 -0.500000
v -0.723000 0.300000 -0.500000
v -0.716467 0.300000 -0.780000
v -0.807000 0.570000 -0.500000
v -0.798315 0.635000 -0.780000
v -0.804577 0.635000 -0.500000
v -0.784870 0.745000 -0.780000
v -0.793732 0.685000 -0.780000
v -0.695000 0.255000 -0.800000
v -0.695000 0.255000 -0.800000
v -0.695000 0.255000 -0.800000
v -0.791467 0.480000 -0.780000
v -0.716000 0.300000 -0.800000
v -0.791000 0.480000 -0.800000
v -0.800467 0.570000 -0.780000
v -0.800000 0.570000 -0.800000
v -0.793321 0.685000 -0.800000
v -0.797866 0.635000 -0.800000
v -0.695563 0.255000 -0.857000
v -0.695563 0.255000 -0.857000
v -0.716563 0.300000 -0.857000
v -0.800563 0.570000 -0.857000
v -0.792749 0.685000 -0.857000
v -0.784534 0.745000 -0.800000
v -0.791563 0.480000 -0.857000
v -0.791731 0.480000 -0.874032
v -0.798067 0.635000 -0.857000
v -0.798119 0.635000 -0.874032
v -0.792555 0.685000 -0.874032
v -0.782469 0.745000 -0.857000
v -0.738652 0.893711 -0.857000
v -0.738652 0.893711 -0.857000
v -0.781798 0.745000 -0.874032
v -0.761245 0.375769 -0.874032
v -0.800731 0.570000 -0.874032
v -0.801219 0.570000 -0.923462
v -0.779695 0.745000 -0.923462
v -0.794942 0.507228 -0.923462
v -0.794942 0.507228 -0.923462
v -0.794942 0.507228 -0.923462
v -0.794942 0.507228 -0.923462
v -0.798383 0.635000 -1.000451
v -0.798250 0.635000 -0.923462
v -0.791924 0.685000 -0.923462
v -0.775909 0.745000 -1.000451
v -0.725192 0.870334 -1.000451
v -0.725192 0.870334 -1.000451
v -0.790721 0.685000 -1.000451
v -0.788750 0.685000 -1.097462
v -0.770083 0.745000 -1.097462
v -0.795172 0.655080 -1.097462
v -0.795172 0.655080 -1.097462
v -0.795172 0.655080 -1.097462
v -0.795172 0.655080 -1.097462
v -0.761900 0.745000 -1.205000
v -0.787797 0.655080 -1.312538
v -0.787797 0.655080 -1.312538
v -0.787797 0.655080 -1.312538
v -0.787797 0.655080 -1.312538
v -0.788844 0.675000 -1.205000
v -0.788844 0.675000 -1.205000
v -0.788844 0.675000 -1.205000
v -0.785820 0.685000 -1.205000
v -0.778521 0.685000 -1.312538
v -0.751560 0.745000 -1.312538
v -0.793217 0.597270 -1.409549
v -0.793217 0.597270 -1.409549
v -0.793217 0.597270 -1.409549
v -0.793217 0.597270 -1.409549
v -0.771455 0.685000 -1.409549
v -0.704441 0.817051 -1.312538
v -0.704441 0.817051 -1.312538
v -0.741117 0.745000 -1.409549
v -0.787147 0.635000 -1.409549
v -0.790092 0.591000 -1.486538
v -0.782789 0.635000 -1.486538
v -0.779911 0.635000 -1.535968
v -0.765420 0.685000 -1.486538
v -0.731838 0.745000 -1.486538
v -0.701203 0.775603 -1.535968
v -0.701203 0.775603 -1.535968
v -0.725298 0.745000 -1.535968
v -0.787739 0.591000 -1.535968
v -0.779080 0.635000 -1.550000
v -0.761293 0.685000 -1.535968
v -0.787069 0.591000 -1.550000
v -0.778716 0.635000 -1.553000
v -0.760080 0.685000 -1.550000
v -0.723345 0.745000 -1.550000
v -0.786746 0.591000 -1.553000
v -0.759615 0.685000 -1.553000
v -0.730738 0.685000 -1.720000
v -0.722686 0.745000 -1.553000
v -0.700876 0.772241 -1.553000
v -0.700876 0.772241 -1.553000
v -0.694000 0.730000 -1.720000
v -0.694000 0.730000 -1.720000
v -0.768691 0.591000 -1.720000
v -0.761982 0.591000 -1.755000
v -0.758532 0.591000 -1.773000
v -0.757457 0.635000 -1.720000
v -0.756063 0.611000 -1.755000
v -0.756063 0.611000 -1.755000
v -0.756063 0.611000 -1.755000
v -0.711424 0.685000 -1.773000
v -0.739047 0.651000 -1.755000
v -0.739047 0.651000 -1.755000
v -0.739047 0.651000 -1.755000
v -0.689000 0.717750 -1.755000
v -0.717983 0.685000 -1.755000
v -0.686429 0.711450 -1.773000
v -0.686429 0.711450 -1.773000
v -0.686429 0.711450 -1.773000
v -0.752194 0.611000 -1.773000
v -0.752194 0.611000 -1.773000
v -0.733976 0.651000 -1.773000
v -0.733976 0.651000 -1.773000
v -0.741495 0.591000 -1.860000
v -0.670569 0.635000 -1.948000
v -0.707812 0.591000 -1.948000
v -0.714702 0.591000 -1.930000
v -0.680679 0.635000 -1.930000
v -0.680679 0.635000 -1.930000
v -0.680679 0.635000 -1.930000
v -0.674000 0.681000 -1.860000
v -0.674000 0.681000 -1.860000
v -0.661333 0.651667 -1.930000
v -0.700990 0.591000 -1.965000
v -0.700990 0.591000 -1.965000
v -0.700990 0.591000 -1.965000
v -0.657999 0.635000 -1.965000
v -0.655000 0.637000 -1.965000
v -0.655000 0.637000 -1.965000
v -0.655000 0.637000 -1.965000
v -0.712802 0.250000 0.857000
v -0.712802 0.250000 0.857000
v -0.775208 0.388208 0.874032
v -0.775208 0.388208 0.874032
v -0.775208 0.388208 0.874032
v -0.710869 0.268000 0.857000
v -0.710869 0.268000 0.857000
v -0.775157 0.370208 0.874032
v -0.775157 0.370208 0.874032
v -0.775157 0.370208 0.874032
v -0.775157 0.370208 0.874032
v -0.775157 0.370208 0.874032
v -0.808208 0.637961 1.097462
v -0.808208 0.637961 1.097462
v -0.808208 0.637961 1.097462
v -0.808208 0.637961 1.097462
v -0.816724 0.639000 1.205000
v -0.816724 0.639000 1.205000
v -0.816724 0.639000 1.205000
v -0.816724 0.639000 1.205000
v -0.816724 0.639000 1.205000
v -0.816724 0.639000 1.205000
v -0.814290 0.619961 1.312538
v -0.814290 0.619961 1.312538
v -0.814290 0.619961 1.312538
v -0.814290 0.619961 1.312538
v -0.814290 0.619961 1.312538
v -0.793866 0.496648 1.486538
v -0.793866 0.496648 1.486538
v -0.793866 0.496648 1.486538
v -0.764552 0.370208 1.535968
v -0.764552 0.370208 1.535968
v -0.764552 0.370208 1.535968
v -0.764552 0.370208 1.535968
v -0.764552 0.370208 1.535968
v -0.764603 0.388208 1.535968
v -0.764603 0.388208 1.535968
v -0.764603 0.388208 1.535968
v -0.699719 0.268000 1.553000
v -0.699719 0.268000 1.553000
v -0.550000 0.250000 0.857000
v -0.550000 0.250000 0.857000
v -0.550000 0.250000 0.857000
v -0.808843 0.478648 0.923462
v -0.808843 0.478648 0.923462
v -0.808843 0.478648 0.923462
v -0.808843 0.478648 0.923462
v -0.808843 0.478648 0.923462
v -0.550000 0.564708 1.000451
v -0.550000 0.564708 1.000451
v -0.550000 0.564708 1.000451
v -0.818179 0.564708 1.000451
v -0.818179 0.564708 1.000451
v -0.818179 0.564708 1.000451
v -0.818179 0.564708 1.000451
v -0.818179 0.564708 1.000451
v -0.817639 0.619961 1.097462
v -0.817639 0.619961 1.097462
v -0.817639 0.619961 1.097462
v -0.817639 0.619961 1.097462
v -0.817639 0.619961 1.097462
v -0.811625 0.564708 1.409549
v -0.811625 0.564708 1.409549
v -0.811625 0.564708 1.409549
v -0.811625 0.564708 1.409549
v -0.811625 0.564708 1.409549
v -0.799823 0.478648 1.486538
v -0.799823 0.478648 1.486538
v -0.799823 0.478648 1.486538
v -0.799823 0.478648 1.486538
v -0.799823 0.478648 1.486538
v -0.550000 0.370208 1.535968
v -0.550000 0.370208 1.535968
v -0.550000 0.370208 1.535968
v -0.550000 0.370208 1.535968
v -0.550000 0.250000 1.553000
v -0.550000 0.250000 1.553000
v -0.701652 0.250000 1.553000
v -0.701652 0.250000 1.553000
v -0.550000 0.255000 0.857000
v -0.550000 0.370208 0.874032
v -0.550000 0.370208 0.874032
v -0.550000 0.370208 0.874032
v -0.550000 0.255000 0.923462
v -0.550000 0.255000 0.874032
v -0.550000 0.255000 0.874032
v -0.550000 0.478648 0.923462
v -0.550000 0.478648 0.923462
v -0.550000 0.478648 0.923462
v -0.550000 0.255000 1.097462
v -0.550000 0.255000 1.000451
v -0.550000 0.619961 1.097462
v -0.550000 0.619961 1.097462
v -0.550000 0.619961 1.097462
v -0.550000 0.255000 1.205000
v -0.550000 0.639000 1.205000
v -0.550000 0.639000 1.205000
v -0.550000 0.639000 1.205000
v -0.550000 0.255000 1.312538
v -0.550000 0.619961 1.312538
v -0.550000 0.619961 1.312538
v -0.550000 0.619961 1.312538
v -0.550000 0.564708 1.409549
v -0.550000 0.564708 1.409549
v -0.550000 0.564708 1.409549
v -0.550000 0.478648 1.486538
v -0.550000 0.478648 1.486538
v -0.550000 0.478648 1.486538
v -0.550000 0.255000 1.409549
v -0.550000 0.255000 1.486538
v -0.550000 0.255000 1.553000
v -0.550000 0.255000 1.553000
v -0.550000 0.255000 1.535968
v -0.688749 0.268000 -1.553000
v -0.688749 0.268000 -1.553000
v -0.790866 0.489229 -1.486538
v -0.790866 0.489229 -1.486538
v -0.790866 0.489229 -1.486538
v -0.790866 0.489229 -1.486538
v -0.790866 0.489229 -1.486538
v -0.755506 0.393770 -1.535968
v -0.755506 0.393770 -1.535968
v -0.755506 0.393770 -1.535968
v -0.802364 0.579270 -1.409549
v -0.802364 0.579270 -1.409549
v -0.802364 0.579270 -1.409549
v -0.802364 0.579270 -1.409549
v -0.802364 0.579270 -1.409549
v -0.784666 0.507229 -1.486538
v -0.784666 0.507229 -1.486538
v -0.784666 0.507229 -1.486538
v -0.801347 0.597270 -1.000451
v -0.801347 0.597270 -1.000451
v -0.801347 0.597270 -1.000451
v -0.801347 0.597270 -1.000451
v -0.801142 0.489229 -0.923462
v -0.801142 0.489229 -0.923462
v -0.801142 0.489229 -0.923462
v -0.801142 0.489229 -0.923462
v -0.801142 0.489229 -0.923462
v -0.701630 0.268000 -0.857000
v -0.701630 0.268000 -0.857000
v -0.767587 0.393770 -0.874032
v -0.767587 0.393770 -0.874032
v -0.767587 0.393770 -0.874032
v -0.550000 0.375770 -1.535968
v -0.550000 0.375770 -1.535968
v -0.550000 0.375770 -1.535968
v -0.757166 0.375770 -1.535968
v -0.757166 0.375770 -1.535968
v -0.757166 0.375770 -1.535968
v -0.757166 0.375770 -1.535968
v -0.757166 0.375770 -1.535968
v -0.690682 0.250000 -1.553000
v -0.690682 0.250000 -1.553000
v -0.550000 0.489229 -1.486538
v -0.550000 0.489229 -1.486538
v -0.550000 0.489229 -1.486538
v -0.550000 0.637080 -1.312538
v -0.550000 0.637080 -1.312538
v -0.550000 0.637080 -1.312538
v -0.800040 0.637080 -1.312538
v -0.800040 0.637080 -1.312538
v -0.800040 0.637080 -1.312538
v -0.800040 0.637080 -1.312538
v -0.800040 0.637080 -1.312538
v -0.801595 0.657000 -1.205000
v -0.801595 0.657000 -1.205000
v -0.801595 0.657000 -1.205000
v -0.801595 0.657000 -1.205000
v -0.801595 0.657000 -1.205000
v -0.801595 0.657000 -1.205000
v -0.806111 0.637080 -1.097462
v -0.806111 0.637080 -1.097462
v -0.806111 0.637080 -1.097462
v -0.806111 0.637080 -1.097462
v -0.806111 0.637080 -1.097462
v -0.809907 0.579270 -1.000451
v -0.809907 0.579270 -1.000451
v -0.809907 0.579270 -1.000451
v -0.809907 0.579270 -1.000451
v -0.809907 0.579270 -1.000451
v -0.550000 0.489229 -0.923462
v -0.550000 0.489229 -0.923462
v -0.550000 0.489229 -0.923462
v -0.550000 0.250000 -0.857000
v -0.550000 0.250000 -0.857000
v -0.703563 0.250000 -0.857000
v -0.703563 0.250000 -0.857000
v -0.769246 0.375770 -0.874032
v -0.769246 0.375770 -0.874032
v -0.769246 0.375770 -0.874032
v -0.769246 0.375770 -0.874032
v -0.769246 0.375770 -0.874032
v -0.550000 0.250000 -1.553000
v -0.550000 0.250000 -1.553000
v -0.550000 0.250000 -1.553000
v -0.550000 0.255000 -1.535968
v -0.550000 0.255000 -1.535968
v -0.550000 0.255000 -1.553000
v -0.550000 0.255000 -1.409549
v -0.550000 0.255000 -1.486538
v -0.550000 0.579270 -1.409549
v -0.550000 0.579270 -1.409549
v -0.550000 0.579270 -1.409549
v -0.550000 0.255000 -1.312538
v -0.550000 0.255000 -1.205000
v -0.550000 0.657000 -1.205000
v -0.550000 0.657000 -1.205000
v -0.550000 0.657000 -1.205000
v -0.550000 0.255000 -1.097462
v -0.550000 0.637080 -1.097462
v -0.550000 0.637080 -1.097462
v -0.550000 0.637080 -1.097462
v -0.550000 0.579270 -1.000451
v -0.550000 0.579270 -1.000451
v -0.550000 0.579270 -1.000451
v -0.550000 0.255000 -0.923462
v -0.550000 0.255000 -1.000451
v -0.550000 0.375770 -0.874032
v -0.550000 0.375770 -0.874032
v -0.550000 0.375770 -0.874032
v -0.550000 0.375770 -0.874032
v -0.550000 0.255000 -0.874032
v -0.550000 0.255000 -0.857000
v -0.550000 0.255000 -0.857000
v -0.748007 0.898513 -0.778275
v -0.748348 0.897487 -0.781725
v -0.748348 0.897487 -0.781725
v -0.790874 0.729487 -0.731725
v -0.790764 0.730513 -0.728275
v -0.790764 0.730513 -0.728275
v -0.790803 0.730284 -0.728223
v -0.790803 0.730284 -0.728223
v -0.790835 0.729716 -0.731777
v -0.803927 0.604716 -0.711777
v -0.803927 0.604716 -0.711777
v -0.803927 0.604716 -0.711777
v -0.803927 0.604716 -0.711777
v -0.803988 0.605284 -0.708223
v -0.803988 0.605284 -0.708223
v -0.795946 0.479716 -0.691777
v -0.796137 0.480284 -0.688223
v -0.796137 0.480284 -0.688223
v -0.796145 0.480377 -0.688240
v -0.795920 0.479623 -0.691760
v -0.795920 0.479623 -0.691760
v -0.745004 0.339623 -0.661760
v -0.745529 0.340377 -0.658240
v -0.745529 0.340377 -0.658240
v -0.746100 0.341371 -0.658834
v -0.744434 0.338629 -0.661166
v -0.725392 0.304629 -0.621166
v -0.727058 0.307371 -0.618834
v -0.727283 0.307800 -0.620000
v -0.725168 0.304200 -0.620000
v -0.728049 0.304200 -0.442857
v -0.728049 0.304200 -0.442857
v -0.730164 0.307800 -0.442857
v -0.730164 0.307800 -0.442857
v -0.728302 0.304200 -0.265714
v -0.728302 0.304200 -0.265714
v -0.730417 0.307800 -0.265714
v -0.730417 0.307800 -0.265714
v -0.728555 0.304200 -0.088571
v -0.728555 0.304200 -0.088571
v -0.730670 0.307800 -0.088571
v -0.730670 0.307800 -0.088571
v -0.730923 0.307800 0.088571
v -0.730923 0.307800 0.088571
v -0.728808 0.304200 0.088571
v -0.728808 0.304200 0.088571
v -0.728808 0.304200 0.088571
v -0.731206 0.307800 0.265714
v -0.731206 0.307800 0.265714
v -0.731206 0.307800 0.265714
v -0.729091 0.304200 0.265714
v -0.729091 0.304200 0.265714
v -0.731541 0.307800 0.442857
v -0.731541 0.307800 0.442857
v -0.729426 0.304200 0.442857
v -0.729426 0.304200 0.442857
v -0.729760 0.304200 0.620000
v -0.729760 0.304200 0.620000
v -0.731875 0.307800 0.620000
v -0.731762 0.307610 0.619195
v -0.731762 0.307610 0.619195
v -0.729873 0.304390 0.620805
v -0.744064 0.328390 0.668805
v -0.744064 0.328390 0.668805
v -0.745952 0.331610 0.667195
v -0.745233 0.330389 0.666243
v -0.745233 0.330389 0.666243
v -0.744783 0.329611 0.669757
v -0.799536 0.469611 0.700757
v -0.799536 0.469611 0.700757
v -0.799747 0.470389 0.697243
v -0.799652 0.470049 0.697201
v -0.799652 0.470049 0.697201
v -0.799631 0.469951 0.700799
v -0.810759 0.603284 0.704466
v -0.810759 0.603284 0.704466
v -0.810759 0.603284 0.704466
v -0.810749 0.603383 0.700867
v -0.810749 0.603383 0.700867
v -0.810749 0.603383 0.700867
v -0.794081 0.736716 0.704534
v -0.794081 0.736716 0.704534
v -0.794081 0.736716 0.704534
v -0.794109 0.736617 0.708133
v -0.794109 0.736617 0.708133
v -0.794109 0.736617 0.708133
v -0.755237 0.869951 0.711799
v -0.755237 0.869951 0.711799
v -0.755193 0.870049 0.708201
v -0.787764 0.837000 0.590000
v -0.787764 0.837000 0.590000
v -0.787764 0.837000 0.590000
v -0.771764 0.837000 0.590000
v -0.771764 0.837000 0.590000
v -0.771764 0.837000 0.590000
v -0.771764 0.837000 0.430000
v -0.771764 0.837000 0.430000
v -0.771764 0.837000 0.430000
v -0.787764 0.837000 0.430000
v -0.787764 0.837000 0.430000
v -0.787764 0.837000 0.430000
v -0.787764 0.800000 0.590000
v -0.787764 0.800000 0.590000
v -0.787764 0.800000 0.590000
v -0.771764 0.800000 0.590000
v -0.771764 0.800000 0.590000
v -0.771764 0.800000 0.590000
v -0.771764 0.800000 0.430000
v -0.771764 0.800000 0.430000
v -0.771764 0.800000 0.430000
v -0.787764 0.800000 0.430000
v -0.787764 0.800000 0.430000
v -0.787764 0.800000 0.430000
v -0.590000 0.340000 1.570000
v -0.788000 0.340000 1.570000
v -0.782000 0.178000 1.594000
v -0.595000 0.178000 1.594000
v -0.595000 0.178000 1.593000
v -0.782000 0.178000 1.593000
v -0.788000 0.340000 1.569000
v -0.590000 0.340000 1.569000
v -0.590000 0.340000 -0.840000
v -0.788000 0.340000 -0.840000
v -0.782000 0.178000 -0.816000
v -0.595000 0.178000 -0.816000
v -0.595000 0.178000 -0.817000
v -0.782000 0.178000 -0.817000
v -0.788000 0.340000 -0.841000
v -0.590000 0.340000 -0.841000
v 0.700000 0.795000 2.070000
v 0.700000 0.795000 2.070000
v 0.700000 0.795000 2.070000
v 0.700000 0.795000 2.070000
v 0.734207 0.795000 2.035000
v 0.724000 0.905000 1.960000
v 0.724000 0.905000 1.960000
v 0.719909 0.891364 2.035000
v 0.719909 0.891364 2.035000
v 0.746505 0.795000 1.960000
v 0.762909 0.795000 1.790000
v 0.763870 0.795000 1.780000
v 0.763870 0.795000 1.780000
v 0.741000 0.895556 1.790000
v 0.741000 0.895556 1.790000
v 0.782800 0.558000 1.780000
v 0.782800 0.558000 1.780000
v 0.782800 0.558000 1.780000
v 0.797534 0.600000 1.570000
v 0.784000 0.570000 1.780000
v 0.784000 0.570000 1.780000
v 0.796706 0.620000 1.570000
v 0.783006 0.620000 1.780000
v 0.783006 0.620000 1.780000
v 0.795814 0.635000 1.570000
v 0.778741 0.685000 1.780000
v 0.778741 0.685000 1.780000
v 0.782152 0.745000 1.570000
v 0.778121 0.766000 1.570000
v 0.774302 0.784000 1.570000
v 0.771803 0.795000 1.570000
v 0.796800 0.558000 1.570000
v 0.797452 0.558000 1.553000
v 0.798000 0.570000 1.570000
v 0.796434 0.635000 1.553000
v 0.791156 0.685000 1.570000
v 0.746000 0.887000 1.570000
v 0.746000 0.887000 1.570000
v 0.798652 0.570000 1.553000
v 0.791710 0.685000 1.553000
v 0.782578 0.745000 1.553000
v 0.783002 0.745000 1.535968
v 0.746093 0.886441 1.553000
v 0.746093 0.886441 1.553000
v 0.798105 0.558000 1.535968
v 0.801201 0.570000 1.486538
v 0.799305 0.570000 1.535968
v 0.798859 0.635000 1.486538
v 0.792265 0.685000 1.535968
v 0.797056 0.635000 1.535968
v 0.793870 0.685000 1.486538
v 0.800001 0.558000 1.486538
v 0.801664 0.635000 1.409549
v 0.786103 0.745000 1.409549
v 0.784225 0.745000 1.486538
v 0.746879 0.881725 1.409549
v 0.746879 0.881725 1.409549
v 0.804942 0.637961 1.312538
v 0.804942 0.637961 1.312538
v 0.804942 0.637961 1.312538
v 0.804942 0.637961 1.312538
v 0.804059 0.582708 1.409549
v 0.804059 0.582708 1.409549
v 0.804059 0.582708 1.409549
v 0.804059 0.582708 1.409549
v 0.796359 0.685000 1.409549
v 0.788423 0.745000 1.312538
v 0.799475 0.685000 1.312538
v 0.802901 0.685000 1.205000
v 0.790930 0.745000 1.205000
v 0.748000 0.875000 1.205000
v 0.748000 0.875000 1.205000
v 0.806793 0.657000 1.205000
v 0.806793 0.657000 1.205000
v 0.806793 0.657000 1.205000
v 0.808208 0.637961 1.097462
v 0.808208 0.637961 1.097462
v 0.808208 0.637961 1.097462
v 0.808208 0.637961 1.097462
v 0.802408 0.685000 1.097462
v 0.790681 0.745000 1.097462
v 0.748906 0.874321 1.097462
v 0.748906 0.874321 1.097462
v 0.810601 0.582708 1.000451
v 0.810601 0.582708 1.000451
v 0.810601 0.582708 1.000451
v 0.810601 0.582708 1.000451
v 0.807915 0.635000 1.000451
v 0.790460 0.745000 1.000451
v 0.810222 0.570000 0.923462
v 0.807472 0.635000 0.923462
v 0.801613 0.685000 0.923462
v 0.790286 0.745000 0.923462
v 0.801964 0.685000 1.000451
v 0.750371 0.873222 0.923462
v 0.750371 0.873222 0.923462
v 0.749723 0.873708 1.000451
v 0.749723 0.873708 1.000451
v 0.802887 0.496648 0.923462
v 0.802887 0.496648 0.923462
v 0.802887 0.496648 0.923462
v 0.802887 0.496648 0.923462
v 0.767156 0.370206 0.874032
v 0.800910 0.480000 0.874032
v 0.809910 0.570000 0.874032
v 0.801388 0.685000 0.874032
v 0.750787 0.872910 0.874032
v 0.750787 0.872910 0.874032
v 0.725802 0.300000 0.857000
v 0.809802 0.570000 0.857000
v 0.807187 0.635000 0.874032
v 0.801311 0.685000 0.857000
v 0.790176 0.745000 0.874032
v 0.800000 0.480000 0.730000
v 0.800802 0.480000 0.857000
v 0.809000 0.570000 0.730000
v 0.807089 0.635000 0.857000
v 0.790138 0.745000 0.857000
v 0.789860 0.745000 0.730000
v 0.703962 0.255000 0.710000
v 0.703962 0.255000 0.710000
v 0.704000 0.255000 0.730000
v 0.704000 0.255000 0.730000
v 0.704000 0.255000 0.730000
v 0.725000 0.300000 0.730000
v 0.806322 0.635000 0.710000
v 0.806359 0.635000 0.730000
v 0.800735 0.685000 0.730000
v 0.789822 0.745000 0.710000
v 0.751962 0.872000 0.710000
v 0.751962 0.872000 0.710000
v 0.751962 0.872000 0.710000
v 0.724962 0.300000 0.710000
v 0.724000 0.300000 0.200000
v 0.799962 0.480000 0.710000
v 0.808962 0.570000 0.710000
v 0.800697 0.685000 0.710000
v 0.799000 0.480000 0.200000
v 0.808000 0.570000 0.200000
v 0.804577 0.635000 -0.500000
v 0.799415 0.685000 -0.500000
v 0.805359 0.635000 0.200000
v 0.788860 0.745000 0.200000
v 0.799735 0.685000 0.200000
v 0.716467 0.300000 -0.780000
v 0.791467 0.480000 -0.780000
v 0.723000 0.300000 -0.500000
v 0.798000 0.480000 -0.500000
v 0.800467 0.570000 -0.780000
v 0.807000 0.570000 -0.500000
v 0.793732 0.685000 -0.780000
v 0.784870 0.745000 -0.780000
v 0.789435 0.745000 -0.500000
v 0.695000 0.255000 -0.800000
v 0.695000 0.255000 -0.800000
v 0.695000 0.255000 -0.800000
v 0.798315 0.635000 -0.780000
v 0.793321 0.685000 -0.800000
v 0.716000 0.300000 -0.800000
v 0.791000 0.480000 -0.800000
v 0.798067 0.635000 -0.857000
v 0.797866 0.635000 -0.800000
v 0.800000 0.570000 -0.800000
v 0.782469 0.745000 -0.857000
v 0.784534 0.745000 -0.800000
v 0.716563 0.300000 -0.857000
v 0.800731 0.570000 -0.874032
v 0.800563 0.570000 -0.857000
v 0.791563 0.480000 -0.857000
v 0.798119 0.635000 -0.874032
v 0.792749 0.685000 -0.857000
v 0.781798 0.745000 -0.874032
v 0.761245 0.375769 -0.874032
v 0.801219 0.570000 -0.923462
v 0.791731 0.480000 -0.874032
v 0.791924 0.685000 -0.923462
v 0.792555 0.685000 -0.874032
v 0.732416 0.882880 -0.923462
v 0.732416 0.882880 -0.923462
v 0.794942 0.507228 -0.923462
v 0.794942 0.507228 -0.923462
v 0.794942 0.507228 -0.923462
v 0.794942 0.507228 -0.923462
v 0.798250 0.635000 -0.923462
v 0.779695 0.745000 -0.923462
v 0.725192 0.870334 -1.000451
v 0.725192 0.870334 -1.000451
v 0.798383 0.635000 -1.000451
v 0.770083 0.745000 -1.097462
v 0.790721 0.685000 -1.000451
v 0.775909 0.745000 -1.000451
v 0.795172 0.655080 -1.097462
v 0.795172 0.655080 -1.097462
v 0.795172 0.655080 -1.097462
v 0.795172 0.655080 -1.097462
v 0.785820 0.685000 -1.205000
v 0.788750 0.685000 -1.097462
v 0.787797 0.655080 -1.312538
v 0.787797 0.655080 -1.312538
v 0.787797 0.655080 -1.312538
v 0.787797 0.655080 -1.312538
v 0.761900 0.745000 -1.205000
v 0.787147 0.635000 -1.409549
v 0.778521 0.685000 -1.312538
v 0.741117 0.745000 -1.409549
v 0.751560 0.745000 -1.312538
v 0.790092 0.591000 -1.486538
v 0.782789 0.635000 -1.486538
v 0.793217 0.597270 -1.409549
v 0.793217 0.597270 -1.409549
v 0.793217 0.597270 -1.409549
v 0.793217 0.597270 -1.409549
v 0.765420 0.685000 -1.486538
v 0.771455 0.685000 -1.409549
v 0.731838 0.745000 -1.486538
v 0.701203 0.775603 -1.535968
v 0.701203 0.775603 -1.535968
v 0.787739 0.591000 -1.535968
v 0.779911 0.635000 -1.535968
v 0.760080 0.685000 -1.550000
v 0.723345 0.745000 -1.550000
v 0.725298 0.745000 -1.535968
v 0.761293 0.685000 -1.535968
v 0.786746 0.591000 -1.553000
v 0.787069 0.591000 -1.550000
v 0.779080 0.635000 -1.550000
v 0.759615 0.685000 -1.553000
v 0.700876 0.772241 -1.553000
v 0.700876 0.772241 -1.553000
v 0.768691 0.591000 -1.720000
v 0.757457 0.635000 -1.720000
v 0.730738 0.685000 -1.720000
v 0.778716 0.635000 -1.553000
v 0.694000 0.730000 -1.720000
v 0.694000 0.730000 -1.720000
v 0.722686 0.745000 -1.553000
v 0.748959 0.635000 -1.755000
v 0.748959 0.635000 -1.755000
v 0.756063 0.611000 -1.755000
v 0.756063 0.611000 -1.755000
v 0.756063 0.611000 -1.755000
v 0.761982 0.591000 -1.755000
v 0.711424 0.685000 -1.773000
v 0.717983 0.685000 -1.755000
v 0.689000 0.717750 -1.755000
v 0.758532 0.591000 -1.773000
v 0.741495 0.591000 -1.860000
v 0.733976 0.651000 -1.773000
v 0.733976 0.651000 -1.773000
v 0.686429 0.711450 -1.773000
v 0.686429 0.711450 -1.773000
v 0.714702 0.591000 -1.930000
v 0.670569 0.635000 -1.948000
v 0.680679 0.635000 -1.930000
v 0.680679 0.635000 -1.930000
v 0.680679 0.635000 -1.930000
v 0.699237 0.611000 -1.930000
v 0.699237 0.611000 -1.930000
v 0.699237 0.611000 -1.930000
v 0.731723 0.611000 -1.860000
v 0.731723 0.611000 -1.860000
v 0.731723 0.611000 -1.860000
v 0.703998 0.651000 -1.860000
v 0.703998 0.651000 -1.860000
v 0.661333 0.651667 -1.930000
v 0.674000 0.681000 -1.860000
v 0.674000 0.681000 -1.860000
v 0.707812 0.591000 -1.948000
v 0.700990 0.591000 -1.965000
v 0.700990 0.591000 -1.965000
v 0.700990 0.591000 -1.965000
v 0.657999 0.635000 -1.965000
v 0.655000 0.637000 -1.965000
v 0.655000 0.637000 -1.965000
v 0.655000 0.637000 -1.965000
v 0.710869 0.268000 0.857000
v 0.710869 0.268000 0.857000
v 0.712802 0.250000 0.857000
v 0.712802 0.250000 0.857000
v 0.775208 0.388208 0.874032
v 0.775208 0.388208 0.874032
v 0.775208 0.388208 0.874032
v 0.808843 0.478648 0.923462
v 0.808843 0.478648 0.923462
v 0.808843 0.478648 0.923462
v 0.808843 0.478648 0.923462
v 0.808843 0.478648 0.923462
v 0.817639 0.619961 1.097462
v 0.817639 0.619961 1.097462
v 0.817639 0.619961 1.097462
v 0.817639 0.619961 1.097462
v 0.817639 0.619961 1.097462
v 0.793866 0.496648 1.486538
v 0.793866 0.496648 1.486538
v 0.793866 0.496648 1.486538
v 0.811625 0.564708 1.409549
v 0.811625 0.564708 1.409549
v 0.811625 0.564708 1.409549
v 0.811625 0.564708 1.409549
v 0.811625 0.564708 1.409549
v 0.764603 0.388208 1.535968
v 0.764603 0.388208 1.535968
v 0.764603 0.388208 1.535968
v 0.799823 0.478648 1.486538
v 0.799823 0.478648 1.486538
v 0.799823 0.478648 1.486538
v 0.799823 0.478648 1.486538
v 0.799823 0.478648 1.486538
v 0.699719 0.268000 1.553000
v 0.699719 0.268000 1.553000
v 0.701652 0.250000 1.553000
v 0.701652 0.250000 1.553000
v 0.550000 0.370208 0.874032
v 0.550000 0.370208 0.874032
v 0.550000 0.370208 0.874032
v 0.550000 0.370208 0.874032
v 0.550000 0.250000 0.857000
v 0.550000 0.250000 0.857000
v 0.775157 0.370208 0.874032
v 0.775157 0.370208 0.874032
v 0.775157 0.370208 0.874032
v 0.775157 0.370208 0.874032
v 0.775157 0.370208 0.874032
v 0.818179 0.564708 1.000451
v 0.818179 0.564708 1.000451
v 0.818179 0.564708 1.000451
v 0.818179 0.564708 1.000451
v 0.818179 0.564708 1.000451
v 0.816724 0.639000 1.205000
v 0.816724 0.639000 1.205000
v 0.816724 0.639000 1.205000
v 0.816724 0.639000 1.205000
v 0.816724 0.639000 1.205000
v 0.816724 0.639000 1.205000
v 0.550000 0.619961 1.097462
v 0.550000 0.619961 1.097462
v 0.550000 0.619961 1.097462
v 0.550000 0.619961 1.312538
v 0.550000 0.619961 1.312538
v 0.550000 0.619961 1.312538
v 0.814290 0.619961 1.312538
v 0.814290 0.619961 1.312538
v 0.814290 0.619961 1.312538
v 0.814290 0.619961 1.312538
v 0.814290 0.619961 1.312538
v 0.764552 0.370208 1.535968
v 0.764552 0.370208 1.535968
v 0.764552 0.370208 1.535968
v 0.764552 0.370208 1.535968
v 0.764552 0.370208 1.535968
v 0.550000 0.478648 1.486538
v 0.550000 0.478648 1.486538
v 0.550000 0.478648 1.486538
v 0.550000 0.250000 1.553000
v 0.550000 0.250000 1.553000
v 0.550000 0.250000 1.553000
v 0.550000 0.370208 1.535968
v 0.550000 0.370208 1.535968
v 0.550000 0.370208 1.535968
v 0.550000 0.255000 0.857000
v 0.550000 0.255000 0.857000
v 0.550000 0.255000 0.874032
v 0.550000 0.255000 0.923462
v 0.550000 0.478648 0.923462
v 0.550000 0.478648 0.923462
v 0.550000 0.478648 0.923462
v 0.550000 0.564708 1.000451
v 0.550000 0.564708 1.000451
v 0.550000 0.564708 1.000451
v 0.550000 0.255000 1.000451
v 0.550000 0.255000 1.097462
v 0.550000 0.255000 1.205000
v 0.550000 0.639000 1.205000
v 0.550000 0.639000 1.205000
v 0.550000 0.639000 1.205000
v 0.550000 0.255000 1.312538
v 0.550000 0.255000 1.409549
v 0.550000 0.564708 1.409549
v 0.550000 0.564708 1.409549
v 0.550000 0.564708 1.409549
v 0.550000 0.255000 1.486538
v 0.550000 0.255000 1.535968
v 0.550000 0.255000 1.535968
v 0.550000 0.255000 1.553000
v 0.688749 0.268000 -1.553000
v 0.688749 0.268000 -1.553000
v 0.755506 0.393770 -1.535968
v 0.755506 0.393770 -1.535968
v 0.755506 0.393770 -1.535968
v 0.784666 0.507229 -1.486538
v 0.784666 0.507229 -1.486538
v 0.784666 0.507229 -1.486538
v 0.790866 0.489229 -1.486538
v 0.790866 0.489229 -1.486538
v 0.790866 0.489229 -1.486538
v 0.790866 0.489229 -1.486538
v 0.790866 0.489229 -1.486538
v 0.757166 0.375770 -1.535968
v 0.757166 0.375770 -1.535968
v 0.757166 0.375770 -1.535968
v 0.757166 0.375770 -1.535968
v 0.757166 0.375770 -1.535968
v 0.788844 0.675000 -1.205000
v 0.788844 0.675000 -1.205000
v 0.788844 0.675000 -1.205000
v 0.801595 0.657000 -1.205000
v 0.801595 0.657000 -1.205000
v 0.801595 0.657000 -1.205000
v 0.801595 0.657000 -1.205000
v 0.801595 0.657000 -1.205000
v 0.801595 0.657000 -1.205000
v 0.806111 0.637080 -1.097462
v 0.806111 0.637080 -1.097462
v 0.806111 0.637080 -1.097462
v 0.806111 0.637080 -1.097462
v 0.806111 0.637080 -1.097462
v 0.801347 0.597270 -1.000451
v 0.801347 0.597270 -1.000451
v 0.801347 0.597270 -1.000451
v 0.801347 0.597270 -1.000451
v 0.809907 0.579270 -1.000451
v 0.809907 0.579270 -1.000451
v 0.809907 0.579270 -1.000451
v 0.809907 0.579270 -1.000451
v 0.809907 0.579270 -1.000451
v 0.769246 0.375770 -0.874032
v 0.769246 0.375770 -0.874032
v 0.769246 0.375770 -0.874032
v 0.769246 0.375770 -0.874032
v 0.769246 0.375770 -0.874032
v 0.767587 0.393770 -0.874032
v 0.767587 0.393770 -0.874032
v 0.767587 0.393770 -0.874032
v 0.701630 0.268000 -0.857000
v 0.701630 0.268000 -0.857000
v 0.690682 0.250000 -1.553000
v 0.690682 0.250000 -1.553000
v 0.550000 0.250000 -1.553000
v 0.550000 0.250000 -1.553000
v 0.550000 0.375770 -1.535968
v 0.550000 0.375770 -1.535968
v 0.550000 0.375770 -1.535968
v 0.550000 0.375770 -1.535968
v 0.802364 0.579270 -1.409549
v 0.802364 0.579270 -1.409549
v 0.802364 0.579270 -1.409549
v 0.802364 0.579270 -1.409549
v 0.802364 0.579270 -1.409549
v 0.550000 0.489229 -1.486538
v 0.550000 0.489229 -1.486538
v 0.550000 0.489229 -1.486538
v 0.800040 0.637080 -1.312538
v 0.800040 0.637080 -1.312538
v 0.800040 0.637080 -1.312538
v 0.800040 0.637080 -1.312538
v 0.800040 0.637080 -1.312538
v 0.550000 0.637080 -1.312538
v 0.550000 0.637080 -1.312538
v 0.550000 0.637080 -1.312538
v 0.550000 0.657000 -1.205000
v 0.550000 0.657000 -1.205000
v 0.550000 0.657000 -1.205000
v 0.550000 0.637080 -1.097462
v 0.550000 0.637080 -1.097462
v 0.550000 0.637080 -1.097462
v 0.801142 0.489229 -0.923462
v 0.801142 0.489229 -0.923462
v 0.801142 0.489229 -0.923462
v 0.801142 0.489229 -0.923462
v 0.801142 0.489229 -0.923462
v 0.703563 0.250000 -0.857000
v 0.703563 0.250000 -0.857000
v 0.550000 0.255000 -1.553000
v 0.550000 0.255000 -1.553000
v 0.550000 0.255000 -1.535968
v 0.550000 0.255000 -1.486538
v 0.550000 0.579270 -1.409549
v 0.550000 0.579270 -1.409549
v 0.550000 0.579270 -1.409549
v 0.550000 0.255000 -1.409549
v 0.550000 0.255000 -1.312538
v 0.550000 0.255000 -1.205000
v 0.550000 0.255000 -1.097462
v 0.550000 0.255000 -1.000451
v 0.550000 0.579270 -1.000451
v 0.550000 0.579270 -1.000451
v 0.550000 0.579270 -1.000451
v 0.550000 0.255000 -0.923462
v 0.550000 0.489229 -0.923462
v 0.550000 0.489229 -0.923462
v 0.550000 0.489229 -0.923462
v 0.550000 0.255000 -0.874032
v 0.550000 0.255000 -0.874032
v 0.550000 0.255000 -0.857000
v 0.550000 0.250000 -0.857000
v 0.550000 0.250000 -0.857000
v 0.550000 0.250000 -0.857000
v 0.550000 0.375770 -0.874032
v 0.550000 0.375770 -0.874032
v 0.550000 0.375770 -0.874032
v 0.790764 0.730513 -0.728275
v 0.790764 0.730513 -0.728275
v 0.790874 0.729487 -0.731725
v 0.748348 0.897487 -0.781725
v 0.748348 0.897487 -0.781725
v 0.748007 0.898513 -0.778275
v 0.803988 0.605284 -0.708223
v 0.803988 0.605284 -0.708223
v 0.790835 0.729716 -0.731777
v 0.790803 0.730284 -0.728223
v 0.790803 0.730284 -0.728223
v 0.796137 0.480284 -0.688223
v 0.796137 0.480284 -0.688223
v 0.795946 0.479716 -0.691777
v 0.803927 0.604716 -0.711777
v 0.803927 0.604716 -0.711777
v 0.803927 0.604716 -0.711777
v 0.803927 0.604716 -0.711777
v 0.745529 0.340377 -0.658240
v 0.745529 0.340377 -0.658240
v 0.745004 0.339623 -0.661760
v 0.795920 0.479623 -0.691760
v 0.795920 0.479623 -0.691760
v 0.796145 0.480377 -0.688240
v 0.727058 0.307371 -0.618834
v 0.725392 0.304629 -0.621166
v 0.744434 0.338629 -0.661166
v 0.746100 0.341371 -0.658834
v 0.730164 0.307800 -0.442857
v 0.730164 0.307800 -0.442857
v 0.728049 0.304200 -0.442857
v 0.728049 0.304200 -0.442857
v 0.725168 0.304200 -0.620000
v 0.727283 0.307800 -0.620000
v 0.730417 0.307800 -0.265714
v 0.730417 0.307800 -0.265714
v 0.728302 0.304200 -0.265714
v 0.728302 0.304200 -0.265714
v 0.730670 0.307800 -0.088571
v 0.730670 0.307800 -0.088571
v 0.728555 0.304200 -0.088571
v 0.728555 0.304200 -0.088571
v 0.730923 0.307800 0.088571
v 0.730923 0.307800 0.088571
v 0.728808 0.304200 0.088571
v 0.728808 0.304200 0.088571
v 0.728808 0.304200 0.088571
v 0.731206 0.307800 0.265714
v 0.731206 0.307800 0.265714
v 0.731206 0.307800 0.265714
v 0.731541 0.307800 0.442857
v 0.731541 0.307800 0.442857
v 0.729426 0.304200 0.442857
v 0.729426 0.304200 0.442857
v 0.729091 0.304200 0.265714
v 0.729091 0.304200 0.265714
v 0.731875 0.307800 0.620000
v 0.729760 0.304200 0.620000
v 0.729760 0.304200 0.620000
v 0.745952 0.331610 0.667195
v 0.744064 0.328390 0.668805
v 0.744064 0.328390 0.668805
v 0.729873 0.304390 0.620805
v 0.731762 0.307610 0.619195
v 0.731762 0.307610 0.619195
v 0.799747 0.470389 0.697243
v 0.799536 0.469611 0.700757
v 0.799536 0.469611 0.700757
v 0.744783 0.329611 0.669757
v 0.745233 0.330389 0.666243
v 0.745233 0.330389 0.666243
v 0.799631 0.469951 0.700799
v 0.799652 0.470049 0.697201
v 0.799652 0.470049 0.697201
v 0.794081 0.736716 0.704534
v 0.794081 0.736716 0.704534
v 0.794081 0.736716 0.704534
v 0.810759 0.603284 0.704466
v 0.810759 0.603284 0.704466
v 0.810759 0.603284 0.704466
v 0.810749 0.603383 0.700867
v 0.810749 0.603383 0.700867
v 0.810749 0.603383 0.700867
v 0.755193 0.870049 0.708201
v 0.755237 0.869951 0.711799
v 0.755237 0.869951 0.711799
v 0.794109 0.736617 0.708133
v 0.794109 0.736617 0.708133
v 0.794109 0.736617 0.708133
v 0.771764 0.800000 0.590000
v 0.771764 0.800000 0.590000
v 0.771764 0.800000 0.590000
v 0.771764 0.837000 0.590000
v 0.771764 0.837000 0.590000
v 0.771764 0.837000 0.590000
v 0.771764 0.800000 0.430000
v 0.771764 0.800000 0.430000
v 0.771764 0.800000 0.430000
v 0.787764 0.800000 0.430000
v 0.787764 0.800000 0.430000
v 0.787764 0.800000 0.430000
v 0.787764 0.837000 0.590000
v 0.787764 0.837000 0.590000
v 0.787764 0.837000 0.590000
v 0.787764 0.800000 0.590000
v 0.787764 0.800000 0.590000
v 0.787764 0.800000 0.590000
v 0.771764 0.837000 0.430000
v 0.771764 0.837000 0.430000
v 0.771764 0.837000 0.430000
v 0.787764 0.837000 0.430000
v 0.787764 0.837000 0.430000
v 0.787764 0.837000 0.430000
v 0.595000 0.178000 1.594000
v 0.782000 0.178000 1.594000
v 0.788000 0.340000 1.570000
v 0.590000 0.340000 1.570000
v 0.590000 0.340000 1.569000
v 0.788000 0.340000 1.569000
v 0.782000 0.178000 1.593000
v 0.595000 0.178000 1.593000
v 0.595000 0.178000 -0.816000
v 0.782000 0.178000 -0.816000
v 0.788000 0.340000 -0.840000
v 0.590000 0.340000 -0.840000
v 0.590000 0.340000 -0.841000
v 0.788000 0.340000 -0.841000
v 0.782000 0.178000 -0.817000
v 0.595000 0.178000 -0.817000
v -0.629000 0.909847 -0.800000
v -0.355000 0.912154 -0.857000
v -0.629000 0.902266 -0.857000
v -0.355000 0.917327 -0.800000
v 0.000000 0.914356 -0.857000
v 0.355000 0.917327 -0.800000
v 0.629000 0.909847 -0.800000
v 0.738652 0.893711 -0.857000
v 0.738652 0.893711 -0.857000
v -0.737054 0.890936 -0.874032
v -0.737054 0.890936 -0.874032
v -0.355000 0.910604 -0.874032
v -0.629000 0.899974 -0.874032
v 0.355000 0.912154 -0.857000
v 0.000000 0.912968 -0.874032
v 0.629000 0.902266 -0.857000
v -0.732416 0.882880 -0.923462
v -0.732416 0.882880 -0.923462
v 0.355000 0.910604 -0.874032
v 0.629000 0.899974 -0.874032
v 0.737054 0.890936 -0.874032
v 0.737054 0.890936 -0.874032
v -0.629000 0.893251 -0.923462
v -0.355000 0.906097 -0.923462
v 0.000000 0.908940 -0.923462
v 0.355000 0.906097 -0.923462
v 0.629000 0.893251 -0.923462
v -0.629000 0.882560 -1.000451
v -0.629000 0.868681 -1.097462
v -0.355000 0.899043 -1.000451
v 0.000000 0.902667 -1.000451
v 0.355000 0.899043 -1.000451
v 0.629000 0.882560 -1.000451
v 0.355000 0.890094 -1.097462
v 0.716090 0.854525 -1.097462
v 0.716090 0.854525 -1.097462
v -0.716090 0.854525 -1.097462
v -0.716090 0.854525 -1.097462
v -0.629000 0.852720 -1.205000
v -0.706000 0.837000 -1.205000
v -0.706000 0.837000 -1.205000
v -0.355000 0.890094 -1.097462
v 0.000000 0.894762 -1.097462
v 0.629000 0.868681 -1.097462
v 0.629000 0.852720 -1.205000
v -0.355000 0.880090 -1.205000
v 0.000000 0.886000 -1.205000
v 0.000000 0.865116 -1.312538
v 0.355000 0.880090 -1.205000
v 0.355000 0.859284 -1.312538
v 0.706000 0.837000 -1.205000
v 0.706000 0.837000 -1.205000
v 0.704441 0.817051 -1.312538
v 0.704441 0.817051 -1.312538
v 0.629000 0.832232 -1.312538
v -0.629000 0.813756 -1.409549
v -0.629000 0.832232 -1.312538
v -0.355000 0.859284 -1.312538
v 0.000000 0.846276 -1.409549
v 0.629000 0.813756 -1.409549
v 0.355000 0.840515 -1.409549
v 0.703036 0.799055 -1.409549
v 0.703036 0.799055 -1.409549
v -0.703036 0.799055 -1.409549
v -0.703036 0.799055 -1.409549
v -0.701920 0.784773 -1.486538
v -0.701920 0.784773 -1.486538
v -0.355000 0.840515 -1.409549
v 0.355000 0.825620 -1.486538
v 0.629000 0.799097 -1.486538
v 0.701920 0.784773 -1.486538
v 0.701920 0.784773 -1.486538
v -0.629000 0.789687 -1.535968
v -0.629000 0.799097 -1.486538
v -0.355000 0.816058 -1.535968
v -0.355000 0.825620 -1.486538
v 0.000000 0.831325 -1.486538
v 0.355000 0.816058 -1.535968
v 0.000000 0.821725 -1.535968
v 0.000000 0.819000 -1.550000
v 0.629000 0.789687 -1.535968
v 0.701000 0.773000 -1.550000
v 0.701000 0.773000 -1.550000
v -0.701000 0.773000 -1.550000
v -0.701000 0.773000 -1.550000
v -0.629000 0.787016 -1.550000
v -0.355000 0.813343 -1.550000
v 0.000000 0.818259 -1.553000
v -0.355000 0.812597 -1.553000
v 0.355000 0.813343 -1.550000
v 0.629000 0.787016 -1.550000
v 0.629000 0.786244 -1.553000
v -0.629000 0.786244 -1.553000
v -0.629000 0.743217 -1.720000
v 0.355000 0.812597 -1.553000
v 0.000000 0.777000 -1.720000
v -0.629000 0.723222 -1.773000
v -0.355000 0.771058 -1.720000
v 0.000000 0.757693 -1.773000
v 0.355000 0.771058 -1.720000
v 0.629000 0.743217 -1.720000
v 0.355000 0.751667 -1.773000
v 0.629000 0.723222 -1.773000
v -0.629000 0.690349 -1.860000
v -0.629000 0.690349 -1.860000
v -0.355000 0.751667 -1.773000
v -0.355000 0.719831 -1.860000
v 0.355000 0.719831 -1.860000
v -0.629000 0.650024 -1.948000
v -0.658076 0.644124 -1.948000
v -0.658076 0.644124 -1.948000
v 0.000000 0.726000 -1.860000
v 0.000000 0.685771 -1.948000
v -0.355000 0.679667 -1.948000
v 0.629000 0.690349 -1.860000
v 0.629000 0.690349 -1.860000
v 0.629000 0.650024 -1.948000
v -0.629000 0.642250 -1.965000
v -0.355000 0.671910 -1.965000
v 0.355000 0.679667 -1.948000
v 0.355000 0.671910 -1.965000
v 0.658076 0.644124 -1.948000
v 0.658076 0.644124 -1.948000
v 0.629000 0.642250 -1.965000
v -0.628000 0.903428 -0.857000
v -0.628000 0.903428 -0.857000
v -0.628000 0.903428 -0.857000
v -0.631000 0.903240 -0.857000
v -0.631000 0.903240 -0.857000
v -0.631000 0.903240 -0.857000
v -0.631000 0.910852 -0.800000
v -0.631000 0.910852 -0.800000
v -0.628000 0.910995 -0.800000
v -0.628000 0.901141 -0.874032
v -0.628000 0.901141 -0.874032
v -0.628000 0.901141 -0.874032
v -0.631000 0.900939 -0.874032
v -0.631000 0.900939 -0.874032
v -0.631000 0.900939 -0.874032
v -0.631000 0.883450 -1.000451
v -0.631000 0.883450 -1.000451
v -0.631000 0.883450 -1.000451
v -0.631000 0.894188 -0.923462
v -0.631000 0.894188 -0.923462
v -0.631000 0.894188 -0.923462
v -0.628000 0.894432 -0.923462
v -0.628000 0.894432 -0.923462
v -0.628000 0.894432 -0.923462
v -0.628000 0.883765 -1.000451
v -0.628000 0.883765 -1.000451
v -0.628000 0.883765 -1.000451
v -0.628000 0.853995 -1.205000
v -0.628000 0.853995 -1.205000
v -0.628000 0.853995 -1.205000
v -0.631000 0.869508 -1.097462
v -0.631000 0.869508 -1.097462
v -0.631000 0.869508 -1.097462
v -0.628000 0.869917 -1.097462
v -0.628000 0.869917 -1.097462
v -0.628000 0.869917 -1.097462
v -0.631000 0.832986 -1.312538
v -0.631000 0.832986 -1.312538
v -0.631000 0.832986 -1.312538
v -0.631000 0.853470 -1.205000
v -0.631000 0.853470 -1.205000
v -0.631000 0.853470 -1.205000
v -0.628000 0.833505 -1.312538
v -0.628000 0.833505 -1.312538
v -0.628000 0.833505 -1.312538
v -0.628000 0.800366 -1.486538
v -0.628000 0.800366 -1.486538
v -0.631000 0.799857 -1.486538
v -0.631000 0.799857 -1.486538
v -0.631000 0.814513 -1.409549
v -0.631000 0.814513 -1.409549
v -0.628000 0.815026 -1.409549
v -0.628000 0.815026 -1.409549
v -0.628000 0.790955 -1.535968
v -0.628000 0.790955 -1.535968
v -0.631000 0.790449 -1.535968
v -0.631000 0.790449 -1.535968
v -0.631000 0.787006 -1.553000
v -0.631000 0.787006 -1.553000
v -0.631000 0.787006 -1.553000
v -0.631000 0.787779 -1.550000
v -0.631000 0.787779 -1.550000
v -0.631000 0.787779 -1.550000
v -0.628000 0.788284 -1.550000
v -0.628000 0.788284 -1.550000
v -0.628000 0.788284 -1.550000
v -0.631000 0.743960 -1.720000
v -0.631000 0.743960 -1.720000
v -0.631000 0.743960 -1.720000
v -0.628000 0.787512 -1.553000
v -0.628000 0.787512 -1.553000
v -0.628000 0.787512 -1.553000
v -0.628000 0.724503 -1.773000
v -0.628000 0.724503 -1.773000
v -0.631000 0.723956 -1.773000
v -0.628000 0.744495 -1.720000
v -0.628000 0.744495 -1.720000
v -0.628000 0.744495 -1.720000
v 0.628000 0.910995 -0.800000
v 0.631000 0.910852 -0.800000
v 0.631000 0.910852 -0.800000
v 0.628000 0.903428 -0.857000
v 0.628000 0.903428 -0.857000
v 0.628000 0.903428 -0.857000
v 0.631000 0.903240 -0.857000
v 0.631000 0.903240 -0.857000
v 0.631000 0.903240 -0.857000
v 0.631000 0.900939 -0.874032
v 0.631000 0.900939 -0.874032
v 0.631000 0.900939 -0.874032
v 0.628000 0.901141 -0.874032
v 0.628000 0.901141 -0.874032
v 0.628000 0.901141 -0.874032
v 0.631000 0.894188 -0.923462
v 0.631000 0.894188 -0.923462
v 0.631000 0.894188 -0.923462
v 0.628000 0.894432 -0.923462
v 0.628000 0.894432 -0.923462
v 0.628000 0.894432 -0.923462
v 0.631000 0.883450 -1.000451
v 0.631000 0.883450 -1.000451
v 0.631000 0.883450 -1.000451
v 0.628000 0.883765 -1.000451
v 0.628000 0.883765 -1.000451
v 0.628000 0.883765 -1.000451
v 0.631000 0.869508 -1.097462
v 0.631000 0.869508 -1.097462
v 0.631000 0.869508 -1.097462
v 0.628000 0.869917 -1.097462
v 0.628000 0.869917 -1.097462
v 0.628000 0.869917 -1.097462
v 0.628000 0.853995 -1.205000
v 0.628000 0.853995 -1.205000
v 0.628000 0.853995 -1.205000
v 0.631000 0.853470 -1.205000
v 0.631000 0.853470 -1.205000
v 0.631000 0.853470 -1.205000
v 0.628000 0.833505 -1.312538
v 0.628000 0.833505 -1.312538
v 0.628000 0.833505 -1.312538
v 0.631000 0.832986 -1.312538
v 0.631000 0.832986 -1.312538
v 0.631000 0.832986 -1.312538
v 0.631000 0.814513 -1.409549
v 0.631000 0.814513 -1.409549
v 0.628000 0.815026 -1.409549
v 0.628000 0.815026 -1.409549
v 0.631000 0.799857 -1.486538
v 0.631000 0.799857 -1.486538
v 0.628000 0.800366 -1.486538
v 0.628000 0.800366 -1.486538
v 0.631000 0.790449 -1.535968
v 0.631000 0.790449 -1.535968
v 0.628000 0.790955 -1.535968
v 0.628000 0.790955 -1.535968
v 0.628000 0.788284 -1.550000
v 0.628000 0.788284 -1.550000
v 0.628000 0.788284 -1.550000
v 0.631000 0.787779 -1.550000
v 0.631000 0.787779 -1.550000
v 0.631000 0.787779 -1.550000
v 0.628000 0.787512 -1.553000
v 0.628000 0.787512 -1.553000
v 0.628000 0.787512 -1.553000
v 0.631000 0.787006 -1.553000
v 0.631000 0.787006 -1.553000
v 0.631000 0.787006 -1.553000
v 0.631000 0.743960 -1.720000
v 0.631000 0.743960 -1.720000
v 0.631000 0.743960 -1.720000
v 0.628000 0.744495 -1.720000
v 0.628000 0.744495 -1.720000
v 0.628000 0.744495 -1.720000
v 0.631000 0.723956 -1.773000
v 0.628000 0.724503 -1.773000
v 0.628000 0.724503 -1.773000
v -0.719369 0.982000 -0.700000
v -0.719369 0.982000 -0.700000
v -0.611943 1.267000 -0.055000
v -0.611943 1.267000 -0.055000
v -0.599078 1.300000 -0.020000
v -0.599078 1.300000 -0.020000
v -0.608952 1.275000 0.005000
v -0.608952 1.275000 0.005000
v -0.751782 0.885000 0.622000
v -0.751782 0.885000 0.622000
v -0.751826 0.869000 0.640000
v -0.740105 0.929000 -0.704000
v -0.740105 0.929000 -0.704000
v -0.745967 0.906000 -0.682000
v -0.745967 0.906000 -0.682000
v -0.719160 0.984429 -0.614767
v -0.719160 0.984429 -0.614767
v -0.620430 1.245000 -0.115000
v -0.620430 1.245000 -0.115000
v -0.722015 0.977000 -0.659000
v -0.722015 0.977000 -0.659000
v -0.616242 1.255579 -0.050027
v -0.616242 1.255579 -0.050027
v -0.613446 1.263059 0.006073
v -0.613446 1.263059 0.006073
v -0.609128 1.278000 0.551000
v -0.609128 1.278000 0.551000
v -0.622527 1.243425 0.560528
v -0.622527 1.243425 0.560528
v -0.622527 1.243425 0.560528
v -0.618665 1.254000 0.598000
v -0.618665 1.254000 0.598000
v -0.751861 0.897000 0.654000
v -0.751861 0.897000 0.654000
v -0.746992 0.898409 0.582967
v -0.746992 0.898409 0.582967
v -0.736074 0.939550 -0.656843
v -0.736074 0.939550 -0.656843
v -0.736074 0.939550 -0.656843
v -0.624177 1.235010 -0.106128
v -0.624177 1.235010 -0.106128
v -0.609946 1.263059 0.006073
v -0.609946 1.263059 0.006073
v -0.613610 1.265864 0.516582
v -0.613610 1.265864 0.516582
v -0.747066 0.909629 0.612888
v -0.747066 0.909629 0.612888
v -0.747066 0.909629 0.612888
v -0.743566 0.909629 0.612888
v -0.743566 0.909629 0.612888
v -0.743566 0.909629 0.612888
v -0.743492 0.898409 0.582967
v -0.743492 0.898409 0.582967
v -0.741554 0.918045 -0.636272
v -0.741554 0.918045 -0.636272
v -0.741554 0.918045 -0.636272
v -0.732574 0.939550 -0.656843
v -0.732574 0.939550 -0.656843
v -0.732574 0.939550 -0.656843
v -0.715660 0.984429 -0.614767
v -0.715660 0.984429 -0.614767
v -0.620677 1.235010 -0.106128
v -0.620677 1.235010 -0.106128
v -0.612742 1.255579 -0.050027
v -0.612742 1.255579 -0.050027
v -0.610110 1.265864 0.516582
v -0.610110 1.265864 0.516582
v -0.681585 1.091300 0.021500
v -0.619027 1.243425 0.560528
v -0.619027 1.243425 0.560528
v -0.619027 1.243425 0.560528
v -0.738054 0.918045 -0.636272
v -0.738054 0.918045 -0.636272
v -0.738054 0.918045 -0.636272
v -0.618545 1.255000 0.708000
v -0.618545 1.255000 0.708000
v -0.599355 1.302000 0.790000
v -0.599355 1.302000 0.790000
v -0.612419 1.269000 0.778000
v -0.612419 1.269000 0.778000
v -0.621503 1.242000 0.940000
v -0.621503 1.242000 0.940000
v -0.637521 1.195000 1.200000
v -0.637521 1.195000 1.200000
v -0.649875 1.164000 1.180000
v -0.649875 1.164000 1.180000
v -0.723130 0.959000 1.792000
v -0.723130 0.959000 1.792000
v -0.741860 0.917000 1.711000
v -0.741860 0.917000 1.711000
v -0.752000 0.870000 0.710000
v -0.752000 0.870000 0.710000
v -0.752000 0.870000 0.710000
v -0.616758 1.257129 0.805552
v -0.616758 1.257129 0.805552
v -0.714441 0.986000 1.747000
v -0.714441 0.986000 1.747000
v -0.712148 0.992524 1.711567
v -0.712148 0.992524 1.711567
v -0.737785 0.928009 1.677907
v -0.737785 0.928009 1.677907
v -0.746837 0.911179 0.787787
v -0.746837 0.911179 0.787787
v -0.746837 0.911179 0.787787
v -0.751542 0.899000 0.759000
v -0.751542 0.899000 0.759000
v -0.622485 1.244039 0.740102
v -0.622485 1.244039 0.740102
v -0.622485 1.244039 0.740102
v -0.625251 1.231884 0.957022
v -0.625251 1.231884 0.957022
v -0.613258 1.257129 0.805552
v -0.613258 1.257129 0.805552
v -0.651779 1.158954 1.181422
v -0.651779 1.158954 1.181422
v -0.648279 1.158954 1.181422
v -0.648279 1.158954 1.181422
v -0.708648 0.992524 1.711567
v -0.708648 0.992524 1.711567
v -0.720272 0.967279 1.753642
v -0.720272 0.967279 1.753642
v -0.720272 0.967279 1.753642
v -0.734285 0.928009 1.677907
v -0.734285 0.928009 1.677907
v -0.743338 0.911179 0.787787
v -0.743338 0.911179 0.787787
v -0.743338 0.911179 0.787787
v -0.618985 1.244039 0.740102
v -0.618985 1.244039 0.740102
v -0.618985 1.244039 0.740102
v -0.621751 1.231884 0.957022
v -0.621751 1.231884 0.957022
v -0.682665 1.086375 1.201875
v -0.716772 0.967279 1.753642
v -0.716772 0.967279 1.753642
v -0.716772 0.967279 1.753642
v -0.698000 0.915000 2.070000
v -0.698000 0.915000 2.070000
v -0.719909 0.891364 2.035000
v -0.719909 0.891364 2.035000
v -0.699752 0.926750 2.035000
v -0.703505 0.951930 1.960000
v -0.703505 0.951930 1.960000
v -0.724000 0.905000 1.960000
v -0.724000 0.905000 1.960000
v -0.730548 0.917000 1.860000
v -0.730548 0.917000 1.860000
v -0.730548 0.917000 1.860000
v -0.740667 0.914139 1.790000
v -0.742000 0.913730 1.780000
v -0.742000 0.895000 1.780000
v -0.742000 0.895000 1.780000
v -0.743963 0.905148 1.570000
v -0.746000 0.887000 1.570000
v -0.746000 0.887000 1.570000
v -0.744121 0.904453 1.553000
v -0.744281 0.903757 1.535968
v -0.744743 0.901737 1.486538
v -0.746186 0.885881 1.535968
v -0.746186 0.885881 1.535968
v -0.745462 0.898590 1.409549
v -0.746369 0.894625 1.312538
v -0.747374 0.890230 1.205000
v -0.748379 0.885835 1.097462
v -0.749286 0.881871 1.000451
v -0.750005 0.878724 0.923462
v -0.750787 0.872910 0.874032
v -0.750787 0.872910 0.874032
v -0.750467 0.876704 0.874032
v -0.750626 0.876008 0.857000
v -0.751813 0.870817 0.730000
v -0.751813 0.870817 0.730000
v -0.750736 0.879389 0.200000
v -0.751000 0.872000 0.200000
v -0.751000 0.872000 0.200000
v -0.749000 0.895917 -0.500000
v -0.744333 0.902000 -0.780000
v -0.744333 0.902000 -0.780000
v -0.744333 0.902528 -0.780000
v -0.744000 0.903000 -0.800000
v -0.744000 0.903000 -0.800000
v -0.744000 0.903000 -0.800000
v -0.744000 0.903000 -0.800000
v -0.744000 0.903000 -0.800000
v -0.810000 0.895000 -0.480000
v -0.810000 0.931000 -0.480000
v -0.810000 0.931000 -0.480000
v -0.711046 1.010000 -0.540000
v -0.748000 0.910000 -0.560000
v -0.748000 0.910000 -0.560000
v -0.820000 0.896000 -0.457000
v -0.820000 0.896000 -0.457000
v -0.820000 0.896000 -0.457000
v -0.742000 0.929000 -0.457000
v -0.742000 0.929000 -0.457000
v -0.742000 0.929000 -0.457000
v -0.820000 0.929000 -0.490000
v -0.820000 0.929000 -0.490000
v -0.820000 0.929000 -0.490000
v -0.742000 0.896000 -0.457000
v -0.742000 0.896000 -0.457000
v -0.742000 0.896000 -0.457000
v -0.742000 0.929000 -0.490000
v -0.742000 0.929000 -0.490000
v -0.742000 0.929000 -0.490000
v -0.820000 0.929000 -0.457000
v -0.820000 0.929000 -0.457000
v -0.820000 0.929000 -0.457000
v -0.742000 0.896000 -0.490000
v -0.742000 0.896000 -0.490000
v -0.742000 0.896000 -0.490000
v -0.820000 0.896000 -0.490000
v -0.820000 0.896000 -0.490000
v -0.820000 0.896000 -0.490000
v -0.960000 0.896000 -0.439000
v -0.960000 0.896000 -0.439000
v -0.960000 0.896000 -0.439000
v -0.792000 0.883000 -0.449000
v -0.792000 0.883000 -0.449000
v -0.792000 0.883000 -0.449000
v -0.960000 0.883000 -0.449000
v -0.960000 0.883000 -0.449000
v -0.960000 0.883000 -0.449000
v -0.792000 0.883000 -0.514000
v -0.792000 0.883000 -0.514000
v -0.792000 0.883000 -0.514000
v -0.960000 0.883000 -0.514000
v -0.960000 0.883000 -0.514000
v -0.960000 0.883000 -0.514000
v -0.960000 0.897000 -0.533000
v -0.960000 0.897000 -0.533000
v -0.960000 0.897000 -0.533000
v -0.792000 1.010000 -0.524000
v -0.792000 1.010000 -0.524000
v -0.792000 1.010000 -0.524000
v -0.960000 1.011000 -0.453000
v -0.960000 1.011000 -0.453000
v -0.960000 1.011000 -0.453000
v -0.792000 1.011000 -0.453000
v -0.792000 1.011000 -0.453000
v -0.792000 1.011000 -0.453000
v -0.792000 0.896000 -0.439000
v -0.792000 0.896000 -0.439000
v -0.792000 0.896000 -0.439000
v -0.792000 0.997000 -0.438000
v -0.792000 0.997000 -0.438000
v -0.792000 0.997000 -0.438000
v -0.792000 0.897000 -0.533000
v -0.792000 0.897000 -0.533000
v -0.792000 0.897000 -0.533000
v -0.792000 0.996000 -0.535000
v -0.792000 0.996000 -0.535000
v -0.792000 0.996000 -0.535000
v -0.960000 0.997000 -0.438000
v -0.960000 0.997000 -0.438000
v -0.960000 0.997000 -0.438000
v -0.960000 1.010000 -0.524000
v -0.960000 1.010000 -0.524000
v -0.960000 1.010000 -0.524000
v -0.960000 0.996000 -0.535000
v -0.960000 0.996000 -0.535000
v -0.960000 0.996000 -0.535000
v -0.806000 0.996000 -0.437000
v -0.942000 0.996000 -0.437000
v -0.942000 0.902000 -0.437000
v -0.806000 0.902000 -0.437000
v 0.738672 0.929000 -0.790000
v 0.738672 0.929000 -0.790000
v 0.740105 0.929000 -0.704000
v 0.740105 0.929000 -0.704000
v 0.719369 0.982000 -0.700000
v 0.719369 0.982000 -0.700000
v 0.613253 1.263000 -0.160000
v 0.613253 1.263000 -0.160000
v 0.613253 1.263000 -0.160000
v 0.611943 1.267000 -0.055000
v 0.611943 1.267000 -0.055000
v 0.620430 1.245000 -0.115000
v 0.620430 1.245000 -0.115000
v 0.603614 1.288000 -0.090000
v 0.603614 1.288000 -0.090000
v 0.599078 1.300000 -0.020000
v 0.599078 1.300000 -0.020000
v 0.599363 1.303000 0.570000
v 0.599363 1.303000 0.570000
v 0.751861 0.897000 0.654000
v 0.751861 0.897000 0.654000
v 0.751826 0.869000 0.640000
v 0.722015 0.977000 -0.659000
v 0.722015 0.977000 -0.659000
v 0.719160 0.984429 -0.614767
v 0.719160 0.984429 -0.614767
v 0.616242 1.255579 -0.050027
v 0.616242 1.255579 -0.050027
v 0.608952 1.275000 0.005000
v 0.608952 1.275000 0.005000
v 0.613446 1.263059 0.006073
v 0.613446 1.263059 0.006073
v 0.609128 1.278000 0.551000
v 0.609128 1.278000 0.551000
v 0.613610 1.265864 0.516582
v 0.613610 1.265864 0.516582
v 0.618665 1.254000 0.598000
v 0.618665 1.254000 0.598000
v 0.747066 0.909629 0.612888
v 0.747066 0.909629 0.612888
v 0.747066 0.909629 0.612888
v 0.751782 0.885000 0.622000
v 0.751782 0.885000 0.622000
v 0.745967 0.906000 -0.682000
v 0.745967 0.906000 -0.682000
v 0.741554 0.918045 -0.636272
v 0.741554 0.918045 -0.636272
v 0.741554 0.918045 -0.636272
v 0.736074 0.939550 -0.656843
v 0.736074 0.939550 -0.656843
v 0.736074 0.939550 -0.656843
v 0.715660 0.984429 -0.614767
v 0.715660 0.984429 -0.614767
v 0.620677 1.235010 -0.106128
v 0.620677 1.235010 -0.106128
v 0.624177 1.235010 -0.106128
v 0.624177 1.235010 -0.106128
v 0.619027 1.243425 0.560528
v 0.619027 1.243425 0.560528
v 0.619027 1.243425 0.560528
v 0.622527 1.243425 0.560528
v 0.622527 1.243425 0.560528
v 0.622527 1.243425 0.560528
v 0.746992 0.898409 0.582967
v 0.746992 0.898409 0.582967
v 0.743566 0.909629 0.612888
v 0.743566 0.909629 0.612888
v 0.743566 0.909629 0.612888
v 0.738054 0.918045 -0.636272
v 0.738054 0.918045 -0.636272
v 0.738054 0.918045 -0.636272
v 0.732574 0.939550 -0.656843
v 0.732574 0.939550 -0.656843
v 0.732574 0.939550 -0.656843
v 0.681585 1.091300 0.021500
v 0.612742 1.255579 -0.050027
v 0.612742 1.255579 -0.050027
v 0.609946 1.263059 0.006073
v 0.609946 1.263059 0.006073
v 0.610110 1.265864 0.516582
v 0.610110 1.265864 0.516582
v 0.743492 0.898409 0.582967
v 0.743492 0.898409 0.582967
v 0.601499 1.298000 0.640000
v 0.601499 1.298000 0.640000
v 0.621503 1.242000 0.940000
v 0.621503 1.242000 0.940000
v 0.612419 1.269000 0.778000
v 0.612419 1.269000 0.778000
v 0.605616 1.282000 0.960000
v 0.605616 1.282000 0.960000
v 0.605616 1.282000 0.960000
v 0.637521 1.195000 1.200000
v 0.637521 1.195000 1.200000
v 0.703772 1.009000 1.790000
v 0.703772 1.009000 1.790000
v 0.703772 1.009000 1.790000
v 0.751542 0.899000 0.759000
v 0.751542 0.899000 0.759000
v 0.622485 1.244039 0.740102
v 0.622485 1.244039 0.740102
v 0.622485 1.244039 0.740102
v 0.618545 1.255000 0.708000
v 0.618545 1.255000 0.708000
v 0.616758 1.257129 0.805552
v 0.616758 1.257129 0.805552
v 0.651779 1.158954 1.181422
v 0.651779 1.158954 1.181422
v 0.649875 1.164000 1.180000
v 0.649875 1.164000 1.180000
v 0.714441 0.986000 1.747000
v 0.714441 0.986000 1.747000
v 0.712148 0.992524 1.711567
v 0.712148 0.992524 1.711567
v 0.723130 0.959000 1.792000
v 0.723130 0.959000 1.792000
v 0.741860 0.917000 1.711000
v 0.741860 0.917000 1.711000
v 0.737785 0.928009 1.677907
v 0.737785 0.928009 1.677907
v 0.746837 0.911179 0.787787
v 0.746837 0.911179 0.787787
v 0.746837 0.911179 0.787787
v 0.743338 0.911179 0.787787
v 0.743338 0.911179 0.787787
v 0.743338 0.911179 0.787787
v 0.618985 1.244039 0.740102
v 0.618985 1.244039 0.740102
v 0.618985 1.244039 0.740102
v 0.613258 1.257129 0.805552
v 0.613258 1.257129 0.805552
v 0.621751 1.231884 0.957022
v 0.621751 1.231884 0.957022
v 0.625251 1.231884 0.957022
v 0.625251 1.231884 0.957022
v 0.716772 0.967279 1.753642
v 0.716772 0.967279 1.753642
v 0.716772 0.967279 1.753642
v 0.720272 0.967279 1.753642
v 0.720272 0.967279 1.753642
v 0.720272 0.967279 1.753642
v 0.648279 1.158954 1.181422
v 0.648279 1.158954 1.181422
v 0.708648 0.992524 1.711567
v 0.708648 0.992524 1.711567
v 0.682665 1.086375 1.201875
v 0.734285 0.928009 1.677907
v 0.734285 0.928009 1.677907
v 0.698000 0.885000 2.070000
v 0.698000 0.885000 2.070000
v 0.699752 0.926750 2.035000
v 0.703505 0.951930 1.960000
v 0.703505 0.951930 1.960000
v 0.734000 0.899444 1.860000
v 0.734000 0.899444 1.860000
v 0.734000 0.899444 1.860000
v 0.730548 0.917000 1.860000
v 0.730548 0.917000 1.860000
v 0.730548 0.917000 1.860000
v 0.742000 0.895000 1.780000
v 0.742000 0.895000 1.780000
v 0.740667 0.914139 1.790000
v 0.742000 0.913730 1.780000
v 0.744121 0.904453 1.553000
v 0.743963 0.905148 1.570000
v 0.744281 0.903757 1.535968
v 0.746186 0.885881 1.535968
v 0.746186 0.885881 1.535968
v 0.746457 0.884256 1.486538
v 0.746457 0.884256 1.486538
v 0.744743 0.901737 1.486538
v 0.746369 0.894625 1.312538
v 0.745462 0.898590 1.409549
v 0.747411 0.878536 1.312538
v 0.747411 0.878536 1.312538
v 0.747374 0.890230 1.205000
v 0.748379 0.885835 1.097462
v 0.750005 0.878724 0.923462
v 0.749286 0.881871 1.000451
v 0.750467 0.876704 0.874032
v 0.750931 0.872802 0.857000
v 0.750931 0.872802 0.857000
v 0.750626 0.876008 0.857000
v 0.751813 0.870817 0.730000
v 0.751813 0.870817 0.730000
v 0.752000 0.870000 0.710000
v 0.752000 0.870000 0.710000
v 0.752000 0.870000 0.710000
v 0.752000 0.872000 0.730000
v 0.752000 0.872000 0.730000
v 0.752000 0.872000 0.730000
v 0.750736 0.879389 0.200000
v 0.751000 0.872000 0.200000
v 0.751000 0.872000 0.200000
v 0.749000 0.888000 -0.500000
v 0.749000 0.888000 -0.500000
v 0.744333 0.902528 -0.780000
v 0.749000 0.895917 -0.500000
v 0.744333 0.902000 -0.780000
v 0.744333 0.902000 -0.780000
v 0.744000 0.903000 -0.800000
v 0.744000 0.903000 -0.800000
v 0.744000 0.903000 -0.800000
v 0.744000 0.903000 -0.800000
v 0.744000 0.903000 -0.800000
v 0.748000 0.910000 -0.560000
v 0.748000 0.910000 -0.560000
v 0.711046 1.010000 -0.540000
v 0.810000 0.931000 -0.480000
v 0.810000 0.931000 -0.480000
v 0.810000 0.895000 -0.480000
v 0.742000 0.929000 -0.457000
v 0.742000 0.929000 -0.457000
v 0.742000 0.929000 -0.457000
v 0.820000 0.896000 -0.457000
v 0.820000 0.896000 -0.457000
v 0.820000 0.896000 -0.457000
v 0.820000 0.896000 -0.490000
v 0.820000 0.896000 -0.490000
v 0.820000 0.896000 -0.490000
v 0.742000 0.896000 -0.457000
v 0.742000 0.896000 -0.457000
v 0.742000 0.896000 -0.457000
v 0.820000 0.929000 -0.457000
v 0.820000 0.929000 -0.457000
v 0.820000 0.929000 -0.457000
v 0.742000 0.929000 -0.490000
v 0.742000 0.929000 -0.490000
v 0.742000 0.929000 -0.490000
v 0.820000 0.929000 -0.490000
v 0.820000 0.929000 -0.490000
v 0.820000 0.929000 -0.490000
v 0.742000 0.896000 -0.490000
v 0.742000 0.896000 -0.490000
v 0.742000 0.896000 -0.490000
v 0.960000 0.896000 -0.439000
v 0.960000 0.896000 -0.439000
v 0.960000 0.896000 -0.439000
v 0.792000 0.883000 -0.514000
v 0.792000 0.883000 -0.514000
v 0.792000 0.883000 -0.514000
v 0.960000 0.883000 -0.514000
v 0.960000 0.883000 -0.514000
v 0.960000 0.883000 -0.514000
v 0.792000 0.897000 -0.533000
v 0.792000 0.897000 -0.533000
v 0.792000 0.897000 -0.533000
v 0.960000 0.897000 -0.533000
v 0.960000 0.897000 -0.533000
v 0.960000 0.897000 -0.533000
v 0.792000 1.010000 -0.524000
v 0.792000 1.010000 -0.524000
v 0.792000 1.010000 -0.524000
v 0.792000 1.011000 -0.453000
v 0.792000 1.011000 -0.453000
v 0.792000 1.011000 -0.453000
v 0.960000 1.010000 -0.524000
v 0.960000 1.010000 -0.524000
v 0.960000 1.010000 -0.524000
v 0.792000 0.997000 -0.438000
v 0.792000 0.997000 -0.438000
v 0.792000 0.997000 -0.438000
v 0.960000 0.997000 -0.438000
v 0.960000 0.997000 -0.438000
v 0.960000 0.997000 -0.438000
v 0.960000 1.011000 -0.453000
v 0.960000 1.011000 -0.453000
v 0.960000 1.011000 -0.453000
v 0.792000 0.896000 -0.439000
v 0.792000 0.896000 -0.439000
v 0.792000 0.896000 -0.439000
v 0.792000 0.996000 -0.535000
v 0.792000 0.996000 -0.535000
v 0.792000 0.996000 -0.535000
v 0.792000 0.883000 -0.449000
v 0.792000 0.883000 -0.449000
v 0.792000 0.883000 -0.449000
v 0.960000 0.883000 -0.449000
v 0.960000 0.883000 -0.449000
v 0.960000 0.883000 -0.449000
v 0.960000 0.996000 -0.535000
v 0.960000 0.996000 -0.535000
v 0.960000 0.996000 -0.535000
v 0.806000 0.902000 -0.437000
v 0.942000 0.902000 -0.437000
v 0.942000 0.996000 -0.437000
v 0.806000 0.996000 -0.437000
v -0.423931 1.295770 0.960000
v -0.423931 1.295770 0.960000
v 0.000000 1.309000 0.960000
v 0.000000 1.309000 0.960000
v 0.000000 1.332923 0.790000
v 0.569279 1.285143 0.960000
v 0.569279 1.285143 0.960000
v 0.599355 1.302000 0.790000
v 0.599355 1.302000 0.790000
v 0.563394 1.305599 0.790000
v -0.565409 1.302002 0.640000
v -0.601499 1.298000 0.640000
v -0.601499 1.298000 0.640000
v -0.563394 1.305599 0.790000
v -0.419548 1.317771 0.790000
v -0.421049 1.315536 0.640000
v 0.419548 1.317771 0.790000
v -0.563401 1.307190 0.570000
v -0.419554 1.321360 0.570000
v 0.000000 1.332385 0.640000
v 0.421049 1.315536 0.640000
v 0.565409 1.302002 0.640000
v 0.419554 1.321360 0.570000
v 0.563401 1.307190 0.570000
v -0.599363 1.303000 0.570000
v -0.599363 1.303000 0.570000
v -0.563133 1.303259 -0.020000
v 0.000000 1.339000 0.570000
v 0.000000 1.328000 -0.020000
v 0.419354 1.314280 -0.020000
v 0.563133 1.303259 -0.020000
v -0.419354 1.314280 -0.020000
v 0.000000 1.317000 -0.090000
v -0.422530 1.302790 -0.090000
v 0.567397 1.291376 -0.090000
v -0.603614 1.288000 -0.090000
v -0.603614 1.288000 -0.090000
v -0.567397 1.291376 -0.090000
v 0.000000 1.293000 -0.160000
v 0.000000 1.293000 -0.160000
v 0.422530 1.302790 -0.090000
v -0.613253 1.263000 -0.160000
v -0.613253 1.263000 -0.160000
v -0.613253 1.263000 -0.160000
v -0.583292 1.247144 -0.197000
v -0.583292 1.247144 -0.197000
v -0.576458 1.266492 -0.160000
v -0.576458 1.266492 -0.160000
v -0.429277 1.278300 -0.160000
v -0.429277 1.278300 -0.160000
v 0.429277 1.278300 -0.160000
v 0.429277 1.278300 -0.160000
v 0.000000 1.272937 -0.197000
v 0.000000 1.272937 -0.197000
v 0.576458 1.266492 -0.160000
v 0.576458 1.266492 -0.160000
v 0.434367 1.258633 -0.197000
v 0.434367 1.258633 -0.197000
v 0.620524 1.243746 -0.197000
v -0.620524 1.243746 -0.197000
v -0.434367 1.258633 -0.197000
v -0.434367 1.258633 -0.197000
v 0.583292 1.247144 -0.197000
v 0.583292 1.247144 -0.197000
v -0.676207 0.984117 -0.700000
v -0.676207 0.984117 -0.700000
v -0.687295 0.951588 -0.755000
v -0.687295 0.951588 -0.755000
v -0.511816 0.958273 -0.755000
v -0.503558 0.991276 -0.700000
v 0.000000 1.000188 -0.700000
v 0.503558 0.991276 -0.700000
v 0.000000 0.966596 -0.755000
v 0.676207 0.984117 -0.700000
v 0.676207 0.984117 -0.700000
v 0.687295 0.951588 -0.755000
v 0.687295 0.951588 -0.755000
v 0.731165 0.949611 -0.755000
v -0.731165 0.949611 -0.755000
v -0.694351 0.930888 -0.790000
v -0.694351 0.930888 -0.790000
v -0.738672 0.929000 -0.790000
v -0.738672 0.929000 -0.790000
v -0.517070 0.937272 -0.790000
v -0.517070 0.937272 -0.790000
v 0.517070 0.937272 -0.790000
v 0.517070 0.937272 -0.790000
v 0.000000 0.945219 -0.790000
v 0.000000 0.945219 -0.790000
v 0.511816 0.958273 -0.755000
v -0.699360 0.904862 -0.800000
v 0.000000 0.919000 -0.800000
v 0.000000 0.919000 -0.800000
v -0.520800 0.911160 -0.800000
v 0.520800 0.911160 -0.800000
v 0.699360 0.904862 -0.800000
v 0.694351 0.930888 -0.790000
v 0.694351 0.930888 -0.790000
v -0.605616 1.282000 0.960000
v -0.605616 1.282000 0.960000
v -0.605616 1.282000 0.960000
v -0.569279 1.285143 0.960000
v -0.569279 1.285143 0.960000
v -0.427840 1.280390 1.002000
v -0.427840 1.280390 1.002000
v 0.000000 1.293471 1.002000
v 0.000000 1.293471 1.002000
v 0.423931 1.295770 0.960000
v 0.423931 1.295770 0.960000
v 0.611199 1.266775 1.002000
v -0.611199 1.266775 1.002000
v -0.599269 1.197941 1.200000
v -0.599269 1.197941 1.200000
v -0.446264 1.207885 1.200000
v -0.574527 1.269882 1.002000
v -0.574527 1.269882 1.002000
v 0.000000 1.220265 1.200000
v 0.446264 1.207885 1.200000
v 0.574527 1.269882 1.002000
v 0.574527 1.269882 1.002000
v 0.427840 1.280390 1.002000
v 0.427840 1.280390 1.002000
v 0.599269 1.197941 1.200000
v 0.599269 1.197941 1.200000
v -0.698719 1.023186 1.745000
v -0.489103 1.024169 1.745000
v -0.489103 1.024169 1.745000
v 0.000000 1.025113 1.745000
v 0.000000 1.025113 1.745000
v 0.489103 1.024169 1.745000
v 0.489103 1.024169 1.745000
v -0.703772 1.009000 1.790000
v -0.703772 1.009000 1.790000
v -0.703772 1.009000 1.790000
v -0.661545 1.009000 1.790000
v -0.656796 1.023411 1.745000
v -0.656796 1.023411 1.745000
v -0.492640 1.009000 1.790000
v 0.000000 1.009000 1.790000
v 0.492640 1.009000 1.790000
v 0.656796 1.023411 1.745000
v 0.656796 1.023411 1.745000
v 0.661545 1.009000 1.790000
v 0.698719 1.023186 1.745000
v -0.492000 0.799579 -1.779030
v -0.355000 0.861599 -1.843953
v -0.355000 0.861599 -1.843953
v -0.629000 0.845976 -1.868955
v -0.629000 0.845976 -1.868955
v -0.629000 0.899236 -1.949785
v -0.629000 0.899236 -1.949785
v -0.629000 0.899236 -1.949785
v -0.629000 0.899236 -1.949785
v -0.492000 0.856317 -1.852407
v -0.355000 0.914944 -1.924647
v -0.355000 0.914944 -1.924647
v -0.355000 0.914944 -1.924647
v -0.355000 0.914944 -1.924647
v -0.492000 0.909651 -1.933117
v -0.492000 0.909651 -1.933117
v -0.492000 0.909651 -1.933117
v -0.492000 0.909651 -1.933117
v -0.492000 0.909651 -1.933117
v -0.492000 0.909651 -1.933117
v -0.629000 0.789616 -1.794974
v -0.629000 0.789616 -1.794974
v -0.355000 0.736667 -1.773000
v -0.355000 0.736667 -1.773000
v -0.355000 0.804689 -1.770851
v -0.355000 0.804689 -1.770851
v -0.591500 0.842000 -1.950502
v -0.392500 0.842000 -1.950502
v -0.392500 0.690000 -1.965837
v -0.591500 0.690000 -1.965837
v -0.629000 0.619000 -1.965000
v -0.629000 0.619000 -1.965000
v -0.629000 0.619000 -1.965000
v -0.629000 0.619000 -1.965000
v -0.355000 0.619000 -1.965000
v -0.355000 0.619000 -1.965000
v -0.355000 0.619000 -1.965000
v -0.355000 0.619000 -1.965000
v -0.355000 0.619000 -1.965000
v -0.629000 0.708222 -1.773000
v -0.629000 0.708222 -1.773000
v -0.629000 0.708222 -1.773000
v -0.492000 0.897651 -1.936117
v -0.492000 0.897651 -1.936117
v -0.629000 0.887236 -1.952785
v -0.355000 0.902944 -1.927647
v -0.355000 0.752667 -1.773000
v -0.355000 0.752667 -1.773000
v -0.355000 0.597667 -1.773000
v -0.355000 0.597667 -1.773000
v -0.355000 0.597667 -1.773000
v -0.355000 0.672910 -1.965000
v -0.355000 0.672910 -1.965000
v -0.355000 0.517910 -1.965000
v -0.355000 0.517910 -1.965000
v -0.355000 0.517910 -1.965000
v -0.355000 0.517910 -1.965000
v -0.629000 0.643250 -1.965000
v -0.629000 0.643250 -1.965000
v -0.629000 0.724222 -1.773000
v -0.629000 0.724222 -1.773000
v -0.629000 0.569222 -1.773000
v -0.629000 0.569222 -1.773000
v -0.629000 0.569222 -1.773000
v -0.629000 0.569222 -1.773000
v -0.629000 0.488250 -1.965000
v -0.629000 0.488250 -1.965000
v -0.629000 0.488250 -1.965000
v 0.492000 0.799579 -1.779030
v 0.492000 0.856317 -1.852407
v 0.355000 0.861599 -1.843953
v 0.355000 0.861599 -1.843953
v 0.355000 0.914944 -1.924647
v 0.355000 0.914944 -1.924647
v 0.355000 0.914944 -1.924647
v 0.355000 0.914944 -1.924647
v 0.355000 0.804689 -1.770851
v 0.355000 0.804689 -1.770851
v 0.355000 0.619000 -1.965000
v 0.355000 0.619000 -1.965000
v 0.355000 0.619000 -1.965000
v 0.355000 0.619000 -1.965000
v 0.355000 0.619000 -1.965000
v 0.355000 0.736667 -1.773000
v 0.355000 0.736667 -1.773000
v 0.629000 0.708222 -1.773000
v 0.629000 0.708222 -1.773000
v 0.629000 0.708222 -1.773000
v 0.629000 0.619000 -1.965000
v 0.629000 0.619000 -1.965000
v 0.629000 0.619000 -1.965000
v 0.629000 0.619000 -1.965000
v 0.629000 0.845976 -1.868955
v 0.629000 0.845976 -1.868955
v 0.629000 0.789616 -1.794974
v 0.629000 0.789616 -1.794974
v 0.492000 0.909651 -1.933117
v 0.492000 0.909651 -1.933117
v 0.492000 0.909651 -1.933117
v 0.492000 0.909651 -1.933117
v 0.492000 0.909651 -1.933117
v 0.492000 0.909651 -1.933117
v 0.629000 0.899236 -1.949785
v 0.629000 0.899236 -1.949785
v 0.629000 0.899236 -1.949785
v 0.629000 0.899236 -1.949785
v 0.392500 0.842000 -1.950502
v 0.591500 0.842000 -1.950502
v 0.591500 0.690000 -1.965837
v 0.392500 0.690000 -1.965837
v 0.355000 0.902944 -1.927647
v 0.629000 0.887236 -1.952785
v 0.492000 0.897651 -1.936117
v 0.492000 0.897651 -1.936117
v 0.629000 0.724222 -1.773000
v 0.629000 0.724222 -1.773000
v 0.629000 0.643250 -1.965000
v 0.629000 0.643250 -1.965000
v 0.629000 0.569222 -1.773000
v 0.629000 0.569222 -1.773000
v 0.629000 0.569222 -1.773000
v 0.629000 0.569222 -1.773000
v 0.355000 0.672910 -1.965000
v 0.355000 0.672910 -1.965000
v 0.355000 0.517910 -1.965000
v 0.355000 0.517910 -1.965000
v 0.355000 0.517910 -1.965000
v 0.355000 0.517910 -1.965000
v 0.355000 0.752667 -1.773000
v 0.355000 0.752667 -1.773000
v 0.355000 0.597667 -1.773000
v 0.355000 0.597667 -1.773000
v 0.355000 0.597667 -1.773000
v 0.629000 0.488250 -1.965000
v 0.629000 0.488250 -1.965000
v 0.629000 0.488250 -1.965000
v -0.679824 0.618000 -1.965000
v -0.672950 0.591000 -1.965000
v -0.628800 0.642288 -1.965000
v -0.652631 0.618000 -1.965000
v -0.378534 0.591000 -1.965000
v -0.353700 0.671973 -1.965000
v 0.000000 0.678000 -1.965000
v 0.000000 0.678000 -1.965000
v -0.367105 0.618000 -1.965000
v 0.378534 0.591000 -1.965000
v 0.353700 0.671973 -1.965000
v 0.000000 0.618000 -1.965000
v 0.367105 0.618000 -1.965000
v 0.652631 0.618000 -1.965000
v 0.679824 0.618000 -1.965000
v 0.672950 0.591000 -1.965000
v 0.628800 0.642288 -1.965000
v -0.350000 0.631000 -1.967000
v 0.350000 0.631000 -1.967000
v 0.350000 0.625000 -1.967000
v -0.350000 0.625000 -1.967000
v -0.350000 0.656000 -1.967000
v 0.350000 0.656000 -1.967000
v 0.350000 0.650000 -1.967000
v -0.350000 0.650000 -1.967000
v -0.689727 0.270000 -1.552580
v -0.689727 0.270000 -1.552580
v -0.673380 0.296000 -1.509000
v -0.673380 0.296000 -1.509000
v -0.702052 0.296000 -1.550770
v -0.614220 0.296000 -1.878000
v -0.614220 0.296000 -1.878000
v -0.610690 0.270000 -1.886000
v -0.610690 0.270000 -1.886000
v -0.610690 0.270000 -1.886000
v -0.432500 0.270000 -1.919000
v -0.432500 0.270000 -1.919000
v -0.432500 0.270000 -1.919000
v -0.432500 0.270000 -1.919000
v -0.432500 0.270000 -1.919000
v 0.432500 0.270000 -1.919000
v 0.432500 0.270000 -1.919000
v 0.432500 0.270000 -1.919000
v 0.432500 0.270000 -1.919000
v 0.432500 0.270000 -1.919000
v 0.435000 0.296000 -1.911000
v 0.614220 0.296000 -1.878000
v 0.614220 0.296000 -1.878000
v 0.610690 0.270000 -1.886000
v 0.610690 0.270000 -1.886000
v 0.610690 0.270000 -1.886000
v 0.644670 0.296000 -1.779000
v 0.673380 0.296000 -1.509000
v 0.673380 0.296000 -1.509000
v -0.681120 0.340000 -1.524000
v -0.681120 0.340000 -1.524000
v -0.681120 0.340000 -1.524000
v -0.644670 0.296000 -1.779000
v -0.621280 0.340000 -1.893000
v -0.621280 0.340000 -1.893000
v -0.435000 0.296000 -1.911000
v -0.565500 0.296000 -1.899000
v -0.440000 0.340000 -1.926000
v 0.000000 0.296000 -1.913500
v 0.565500 0.296000 -1.899000
v 0.621280 0.340000 -1.893000
v 0.621280 0.340000 -1.893000
v 0.652080 0.340000 -1.794000
v 0.702052 0.296000 -1.550770
v -0.704340 0.413000 -1.576000
v -0.704340 0.413000 -1.576000
v -0.727760 0.340000 -1.544385
v -0.727760 0.340000 -1.544385
v -0.652080 0.340000 -1.794000
v -0.674310 0.413000 -1.846000
v -0.642460 0.413000 -1.945000
v -0.572000 0.340000 -1.914000
v 0.000000 0.413000 -1.980500
v 0.440000 0.340000 -1.926000
v 0.000000 0.340000 -1.928500
v 0.455000 0.413000 -1.978000
v 0.591500 0.413000 -1.966000
v 0.572000 0.340000 -1.914000
v 0.674310 0.413000 -1.846000
v 0.727760 0.340000 -1.544385
v 0.727760 0.340000 -1.544385
v 0.681120 0.340000 -1.524000
v 0.681120 0.340000 -1.524000
v 0.681120 0.340000 -1.524000
v -0.782965 0.490000 -1.486058
v -0.782965 0.490000 -1.486058
v -0.761452 0.413000 -1.523873
v -0.761452 0.413000 -1.523873
v -0.774000 0.490000 -1.610000
v -0.774000 0.490000 -1.610000
v -0.650000 0.490000 -2.000000
v -0.650000 0.490000 -2.000000
v -0.591500 0.413000 -1.966000
v -0.500000 0.490000 -2.012000
v 0.000000 0.490000 -2.014500
v -0.455000 0.413000 -1.978000
v 0.500000 0.490000 -2.012000
v 0.706000 0.490000 -1.979000
v 0.706000 0.490000 -1.979000
v 0.706000 0.490000 -1.979000
v 0.642460 0.413000 -1.945000
v 0.741000 0.490000 -1.880000
v 0.741000 0.490000 -1.880000
v 0.704340 0.413000 -1.576000
v 0.704340 0.413000 -1.576000
v 0.774000 0.490000 -1.610000
v 0.774000 0.490000 -1.610000
v 0.761452 0.413000 -1.523873
v 0.761452 0.413000 -1.523873
v -0.741000 0.490000 -1.880000
v -0.741000 0.490000 -1.880000
v -0.706000 0.490000 -1.979000
v -0.706000 0.490000 -1.979000
v -0.706000 0.490000 -1.979000
v 0.650000 0.560000 -1.994000
v 0.650000 0.560000 -1.994000
v 0.706000 0.560000 -1.973000
v 0.706000 0.560000 -1.973000
v 0.706000 0.560000 -1.973000
v 0.706000 0.560000 -1.973000
v 0.650000 0.490000 -2.000000
v 0.650000 0.490000 -2.000000
v 0.741000 0.560000 -1.874000
v 0.741000 0.560000 -1.874000
v 0.774000 0.560000 -1.604000
v 0.774000 0.560000 -1.604000
v 0.782965 0.490000 -1.486058
v 0.782965 0.490000 -1.486058
v -0.794204 0.574000 -1.415612
v -0.792542 0.560000 -1.430492
v -0.792542 0.560000 -1.430492
v -0.774000 0.560000 -1.604000
v -0.774000 0.560000 -1.604000
v -0.706000 0.560000 -1.973000
v -0.706000 0.560000 -1.973000
v -0.706000 0.560000 -1.973000
v -0.706000 0.560000 -1.973000
v -0.741000 0.560000 -1.874000
v -0.741000 0.560000 -1.874000
v -0.500000 0.574000 -2.010000
v -0.650000 0.560000 -1.994000
v -0.650000 0.560000 -1.994000
v -0.500000 0.560000 -2.006000
v 0.000000 0.560000 -2.008500
v 0.650000 0.574000 -1.998000
v 0.500000 0.560000 -2.006000
v 0.706000 0.574000 -1.977000
v 0.706000 0.574000 -1.977000
v 0.741000 0.574000 -1.878000
v 0.792542 0.560000 -1.430492
v 0.792542 0.560000 -1.430492
v -0.774000 0.574000 -1.608000
v -0.741000 0.574000 -1.878000
v -0.706000 0.574000 -1.977000
v -0.706000 0.574000 -1.977000
v -0.645450 0.591000 -1.996000
v -0.645450 0.591000 -1.996000
v -0.650000 0.574000 -1.998000
v -0.496500 0.591000 -2.008000
v -0.496500 0.591000 -2.008000
v 0.000000 0.574000 -2.012500
v 0.500000 0.574000 -2.010000
v 0.701058 0.591000 -1.975000
v 0.701058 0.591000 -1.975000
v 0.701058 0.591000 -1.975000
v 0.774000 0.574000 -1.608000
v 0.768582 0.591000 -1.606000
v 0.768582 0.591000 -1.606000
v 0.794434 0.591000 -1.394980
v 0.794434 0.591000 -1.394980
v 0.794204 0.574000 -1.415612
v -0.735537 0.335000 1.544591
v -0.735537 0.335000 1.544591
v -0.737568 0.354000 1.605000
v -0.593450 0.335000 2.029000
v -0.593450 0.335000 2.029000
v -0.608400 0.354000 2.054000
v 0.000000 0.354000 2.080000
v 0.593450 0.335000 2.029000
v 0.593450 0.335000 2.029000
v 0.468000 0.354000 2.071000
v 0.662838 0.335000 1.984000
v 0.662838 0.335000 1.984000
v 0.608400 0.354000 2.054000
v 0.679536 0.354000 2.009000
v 0.693880 0.335000 1.790000
v 0.693880 0.335000 1.790000
v 0.693880 0.335000 1.790000
v 0.693880 0.335000 1.790000
v 0.719444 0.335000 1.580000
v 0.719444 0.335000 1.580000
v 0.719444 0.335000 1.580000
v 0.737568 0.354000 1.605000
v 0.735537 0.335000 1.544591
v 0.735537 0.335000 1.544591
v -0.746863 0.354000 1.540332
v -0.711360 0.354000 1.815000
v -0.679536 0.354000 2.009000
v -0.740240 0.390000 1.857000
v -0.633100 0.390000 2.096000
v -0.707124 0.390000 2.051000
v -0.468000 0.354000 2.071000
v -0.487000 0.390000 2.113000
v 0.000000 0.390000 2.122000
v 0.711360 0.354000 1.815000
v 0.767512 0.390000 1.647000
v 0.740240 0.390000 1.857000
v 0.746863 0.354000 1.540332
v -0.765346 0.390000 1.529681
v -0.780153 0.440000 1.508666
v -0.767512 0.390000 1.647000
v -0.756200 0.440000 1.900000
v -0.784060 0.440000 1.690000
v -0.646750 0.440000 2.139000
v 0.487000 0.390000 2.113000
v 0.633100 0.390000 2.096000
v 0.646750 0.440000 2.139000
v 0.707124 0.390000 2.051000
v 0.722370 0.440000 2.094000
v 0.722370 0.440000 2.094000
v 0.765346 0.390000 1.529681
v 0.780153 0.440000 1.508666
v -0.788000 0.505000 1.699000
v -0.788000 0.505000 1.699000
v -0.722370 0.440000 2.094000
v -0.722370 0.440000 2.094000
v -0.726000 0.505000 2.103000
v -0.726000 0.505000 2.103000
v -0.726000 0.505000 2.103000
v -0.726000 0.505000 2.103000
v -0.497500 0.440000 2.156000
v -0.500000 0.505000 2.165000
v -0.500000 0.505000 2.165000
v -0.650000 0.505000 2.148000
v -0.650000 0.505000 2.148000
v 0.000000 0.440000 2.165000
v 0.000000 0.505000 2.174000
v 0.000000 0.505000 2.174000
v 0.497500 0.440000 2.156000
v 0.726000 0.505000 2.103000
v 0.726000 0.505000 2.103000
v 0.726000 0.505000 2.103000
v 0.726000 0.505000 2.103000
v 0.650000 0.505000 2.148000
v 0.650000 0.505000 2.148000
v 0.756200 0.440000 1.900000
v 0.760000 0.505000 1.909000
v 0.760000 0.505000 1.909000
v 0.784060 0.440000 1.690000
v 0.788000 0.505000 1.699000
v 0.788000 0.505000 1.699000
v -0.795420 0.505000 1.467800
v -0.795420 0.505000 1.467800
v -0.760000 0.505000 1.909000
v -0.760000 0.505000 1.909000
v -0.644800 0.531000 2.134000
v -0.496000 0.531000 2.151000
v 0.500000 0.505000 2.165000
v 0.500000 0.505000 2.165000
v 0.000000 0.531000 2.160000
v 0.496000 0.531000 2.151000
v 0.753920 0.531000 1.895000
v 0.795420 0.505000 1.467800
v 0.795420 0.505000 1.467800
v 0.798870 0.531000 1.445646
v -0.798870 0.531000 1.445646
v -0.781696 0.531000 1.685000
v -0.801080 0.547000 1.429743
v -0.801080 0.547000 1.429743
v -0.771452 0.547000 1.659000
v -0.771452 0.547000 1.659000
v -0.753920 0.531000 1.895000
v -0.720192 0.531000 2.089000
v -0.710754 0.547000 2.063000
v -0.710754 0.547000 2.063000
v -0.710754 0.547000 2.063000
v -0.744040 0.547000 1.869000
v -0.744040 0.547000 1.869000
v -0.636350 0.547000 2.108000
v -0.636350 0.547000 2.108000
v 0.000000 0.547000 2.134000
v 0.000000 0.547000 2.134000
v 0.489500 0.547000 2.125000
v 0.489500 0.547000 2.125000
v 0.644800 0.531000 2.134000
v 0.710754 0.547000 2.063000
v 0.710754 0.547000 2.063000
v 0.710754 0.547000 2.063000
v 0.636350 0.547000 2.108000
v 0.636350 0.547000 2.108000
v 0.720192 0.531000 2.089000
v 0.771452 0.547000 1.659000
v 0.771452 0.547000 1.659000
v 0.781696 0.531000 1.685000
v -0.742520 0.558000 1.870000
v -0.742520 0.558000 1.870000
v -0.742520 0.558000 1.870000
v -0.769876 0.558000 1.660000
v -0.769876 0.558000 1.660000
v -0.709302 0.558000 2.064000
v -0.709302 0.558000 2.064000
v -0.709302 0.558000 2.064000
v -0.489500 0.547000 2.125000
v -0.489500 0.547000 2.125000
v 0.488500 0.558000 2.126000
v 0.488500 0.558000 2.126000
v 0.488500 0.558000 2.126000
v 0.744040 0.547000 1.869000
v 0.744040 0.547000 1.869000
v 0.709302 0.558000 2.064000
v 0.709302 0.558000 2.064000
v 0.709302 0.558000 2.064000
v 0.801080 0.547000 1.429743
v 0.801080 0.547000 1.429743
v 0.769876 0.558000 1.660000
v 0.769876 0.558000 1.660000
v 0.769876 0.558000 1.660000
v -0.794434 0.591000 -1.394980
v -0.794434 0.591000 -1.394980
v -0.768582 0.591000 -1.606000
v -0.768582 0.591000 -1.606000
v -0.768582 0.591000 -1.606000
v -0.781039 0.591000 -1.606000
v -0.735489 0.591000 -1.876000
v -0.735489 0.591000 -1.876000
v -0.735813 0.591000 -1.876000
v -0.735813 0.591000 -1.876000
v -0.735813 0.591000 -1.876000
v -0.645450 0.591000 -1.965000
v -0.701058 0.591000 -1.975000
v -0.701058 0.591000 -1.975000
v -0.701058 0.591000 -1.975000
v -0.496500 0.591000 -1.965000
v 0.000000 0.591000 -2.010500
v 0.000000 0.591000 -2.010500
v 0.000000 0.591000 -1.965000
v 0.000000 0.591000 -1.965000
v 0.496500 0.591000 -1.965000
v 0.496500 0.591000 -2.008000
v 0.496500 0.591000 -2.008000
v 0.645450 0.591000 -1.996000
v 0.645450 0.591000 -1.996000
v 0.645450 0.591000 -1.965000
v 0.735489 0.591000 -1.876000
v 0.735489 0.591000 -1.876000
v 0.735813 0.591000 -1.876000
v 0.735813 0.591000 -1.876000
v 0.735813 0.591000 -1.876000
v 0.781039 0.591000 -1.606000
v 0.781039 0.591000 -1.606000
v -0.650000 0.490000 -1.974000
v -0.650000 0.490000 -1.974000
v -0.650000 0.490000 -1.974000
v 0.650000 0.490000 -2.015000
v 0.650000 0.490000 -2.015000
v -0.650000 0.490000 -2.015000
v -0.650000 0.490000 -2.015000
v 0.650000 0.490000 -1.974000
v 0.650000 0.490000 -1.974000
v 0.650000 0.490000 -1.974000
v 0.650000 0.560000 -1.974000
v 0.650000 0.560000 -1.974000
v 0.650000 0.560000 -1.974000
v -0.650000 0.560000 -2.009000
v -0.650000 0.560000 -2.009000
v 0.650000 0.560000 -2.009000
v 0.650000 0.560000 -2.009000
v -0.650000 0.560000 -1.974000
v -0.650000 0.560000 -1.974000
v -0.650000 0.560000 -1.974000
v -0.304000 0.552000 -1.994000
v -0.296000 0.552000 -1.994000
v -0.296000 0.492000 -1.994000
v -0.304000 0.492000 -1.994000
v -0.154000 0.552000 -1.994000
v -0.146000 0.552000 -1.994000
v -0.146000 0.492000 -1.994000
v -0.154000 0.492000 -1.994000
v -0.004000 0.552000 -1.994000
v 0.004000 0.552000 -1.994000
v 0.004000 0.492000 -1.994000
v -0.004000 0.492000 -1.994000
v 0.146000 0.552000 -1.994000
v 0.154000 0.552000 -1.994000
v 0.154000 0.492000 -1.994000
v 0.146000 0.492000 -1.994000
v 0.296000 0.552000 -1.994000
v 0.304000 0.552000 -1.994000
v 0.304000 0.492000 -1.994000
v 0.296000 0.492000 -1.994000
v -0.650000 0.524000 -1.994000
v 0.650000 0.524000 -1.994000
v 0.650000 0.519000 -1.994000
v -0.650000 0.519000 -1.994000
v -0.340000 0.490000 -2.010000
v -0.366000 0.490000 -2.010000
v -0.340000 0.560000 -2.010000
v -0.650000 0.490000 -2.010000
v -0.650000 0.560000 -2.010000
v -0.573000 0.560000 -2.010000
v -0.573000 0.490000 -2.010000
v -0.573000 0.500000 -2.010000
v -0.366000 0.500000 -2.010000
v -0.366000 0.554000 -2.010000
v -0.573000 0.554000 -2.010000
v -0.366000 0.560000 -2.010000
v 0.340000 0.560000 -2.010000
v 0.340000 0.490000 -2.010000
v 0.573000 0.560000 -2.010000
v 0.650000 0.560000 -2.010000
v 0.650000 0.490000 -2.010000
v 0.573000 0.490000 -2.010000
v 0.366000 0.500000 -2.010000
v 0.573000 0.500000 -2.010000
v 0.366000 0.490000 -2.010000
v 0.366000 0.560000 -2.010000
v 0.573000 0.554000 -2.010000
v 0.366000 0.554000 -2.010000
v -0.573000 0.554000 -2.009000
v -0.366000 0.554000 -2.009000
v -0.366000 0.500000 -2.009000
v -0.573000 0.500000 -2.009000
v 0.366000 0.554000 -2.009000
v 0.573000 0.554000 -2.009000
v 0.573000 0.500000 -2.009000
v 0.366000 0.500000 -2.009000
v -0.754063 0.611000 -1.755000
v -0.754063 0.611000 -1.755000
v -0.754063 0.611000 -1.755000
v -0.742588 0.635000 -1.773000
v -0.742588 0.635000 -1.773000
v -0.742588 0.635000 -1.773000
v -0.742588 0.635000 -1.773000
v -0.742588 0.635000 -1.773000
v -0.742588 0.635000 -1.773000
v -0.746959 0.635000 -1.755000
v -0.746959 0.635000 -1.755000
v -0.746959 0.635000 -1.755000
v -0.746959 0.635000 -1.755000
v -0.750194 0.611000 -1.773000
v -0.750194 0.611000 -1.773000
v -0.750194 0.611000 -1.773000
v -0.750194 0.611000 -1.773000
v -0.731976 0.651000 -1.773000
v -0.731976 0.651000 -1.773000
v -0.731976 0.651000 -1.773000
v -0.731976 0.651000 -1.773000
v -0.748959 0.635000 -1.755000
v -0.748959 0.635000 -1.755000
v -0.737047 0.651000 -1.755000
v -0.737047 0.651000 -1.755000
v -0.737047 0.651000 -1.755000
v -0.737047 0.651000 -1.755000
v -0.719996 0.635000 -1.860000
v -0.719996 0.635000 -1.860000
v -0.731723 0.611000 -1.860000
v -0.731723 0.611000 -1.860000
v -0.731723 0.611000 -1.860000
v -0.703998 0.651000 -1.860000
v -0.703998 0.651000 -1.860000
v -0.701998 0.651000 -1.860000
v -0.701998 0.651000 -1.860000
v -0.701998 0.651000 -1.860000
v -0.701998 0.651000 -1.860000
v -0.717996 0.635000 -1.860000
v -0.717996 0.635000 -1.860000
v -0.717996 0.635000 -1.860000
v -0.717996 0.635000 -1.860000
v -0.717996 0.635000 -1.860000
v -0.717996 0.635000 -1.860000
v -0.717996 0.635000 -1.860000
v -0.729723 0.611000 -1.860000
v -0.729723 0.611000 -1.860000
v -0.729723 0.611000 -1.860000
v -0.729723 0.611000 -1.860000
v -0.729723 0.611000 -1.860000
v -0.729723 0.611000 -1.860000
v -0.699237 0.611000 -1.930000
v -0.699237 0.611000 -1.930000
v -0.699237 0.611000 -1.930000
v -0.697237 0.611000 -1.930000
v -0.697237 0.611000 -1.930000
v -0.697237 0.611000 -1.930000
v -0.697237 0.611000 -1.930000
v -0.697237 0.611000 -1.930000
v -0.678679 0.635000 -1.930000
v -0.678679 0.635000 -1.930000
v -0.678679 0.635000 -1.930000
v -0.678679 0.635000 -1.930000
v -0.678679 0.635000 -1.930000
v -0.678679 0.635000 -1.930000
v -0.662107 0.651000 -1.930000
v -0.662107 0.651000 -1.930000
v -0.662107 0.651000 -1.930000
v -0.662107 0.651000 -1.930000
v -0.660107 0.651000 -1.930000
v -0.660107 0.651000 -1.930000
v -0.660107 0.651000 -1.930000
v 0.746959 0.635000 -1.755000
v 0.746959 0.635000 -1.755000
v 0.746959 0.635000 -1.755000
v 0.746959 0.635000 -1.755000
v 0.729723 0.611000 -1.860000
v 0.729723 0.611000 -1.860000
v 0.729723 0.611000 -1.860000
v 0.729723 0.611000 -1.860000
v 0.729723 0.611000 -1.860000
v 0.729723 0.611000 -1.860000
v 0.742588 0.635000 -1.773000
v 0.742588 0.635000 -1.773000
v 0.742588 0.635000 -1.773000
v 0.742588 0.635000 -1.773000
v 0.742588 0.635000 -1.773000
v 0.742588 0.635000 -1.773000
v 0.750194 0.611000 -1.773000
v 0.750194 0.611000 -1.773000
v 0.750194 0.611000 -1.773000
v 0.750194 0.611000 -1.773000
v 0.717996 0.635000 -1.860000
v 0.717996 0.635000 -1.860000
v 0.717996 0.635000 -1.860000
v 0.717996 0.635000 -1.860000
v 0.717996 0.635000 -1.860000
v 0.717996 0.635000 -1.860000
v 0.717996 0.635000 -1.860000
v 0.678679 0.635000 -1.930000
v 0.678679 0.635000 -1.930000
v 0.678679 0.635000 -1.930000
v 0.678679 0.635000 -1.930000
v 0.678679 0.635000 -1.930000
v 0.678679 0.635000 -1.930000
v 0.701998 0.651000 -1.860000
v 0.701998 0.651000 -1.860000
v 0.701998 0.651000 -1.860000
v 0.701998 0.651000 -1.860000
v 0.752194 0.611000 -1.773000
v 0.752194 0.611000 -1.773000
v 0.754063 0.611000 -1.755000
v 0.754063 0.611000 -1.755000
v 0.754063 0.611000 -1.755000
v 0.739047 0.651000 -1.755000
v 0.739047 0.651000 -1.755000
v 0.739047 0.651000 -1.755000
v 0.737047 0.651000 -1.755000
v 0.737047 0.651000 -1.755000
v 0.737047 0.651000 -1.755000
v 0.737047 0.651000 -1.755000
v 0.731976 0.651000 -1.773000
v 0.731976 0.651000 -1.773000
v 0.731976 0.651000 -1.773000
v 0.731976 0.651000 -1.773000
v 0.719996 0.635000 -1.860000
v 0.719996 0.635000 -1.860000
v 0.697237 0.611000 -1.930000
v 0.697237 0.611000 -1.930000
v 0.697237 0.611000 -1.930000
v 0.697237 0.611000 -1.930000
v 0.697237 0.611000 -1.930000
v 0.662107 0.651000 -1.930000
v 0.662107 0.651000 -1.930000
v 0.662107 0.651000 -1.930000
v 0.662107 0.651000 -1.930000
v 0.660107 0.651000 -1.930000
v 0.660107 0.651000 -1.930000
v 0.660107 0.651000 -1.930000
v -0.703506 0.951929 1.960000
v 0.703506 0.951929 1.960000
v 0.698000 0.915000 2.070000
v 0.698000 0.915000 2.070000
v 0.698000 0.915000 2.071000
v -0.698000 0.915000 2.071000
v -0.782800 0.558000 1.780000
v -0.782800 0.558000 1.780000
v -0.782800 0.558000 1.780000
v -0.775556 0.570000 1.860000
v -0.747955 0.570000 2.035000
v -0.747955 0.570000 2.035000
v -0.746755 0.558000 2.035000
v -0.746755 0.558000 2.035000
v -0.700000 0.558000 2.070000
v -0.700000 0.558000 2.070000
v -0.700000 0.558000 2.070000
v -0.700000 0.558000 2.070000
v -0.270000 0.558000 2.070000
v -0.270000 0.558000 2.070000
v -0.700000 0.570000 2.070000
v -0.700000 0.570000 2.070000
v 0.000000 0.570000 2.070000
v 0.270000 0.570000 2.070000
v 0.700000 0.570000 2.070000
v 0.700000 0.570000 2.070000
v -0.783642 0.600000 1.780000
v -0.783642 0.600000 1.780000
v -0.765000 0.570000 1.960000
v -0.775211 0.600000 1.860000
v -0.747710 0.600000 2.035000
v -0.747710 0.600000 2.035000
v -0.764671 0.600000 1.960000
v -0.270000 0.570000 2.070000
v -0.180000 0.570000 2.070000
v 0.180000 0.570000 2.070000
v 0.180000 0.600000 2.070000
v 0.000000 0.600000 2.070000
v 0.270000 0.600000 2.070000
v 0.747955 0.570000 2.035000
v 0.747955 0.570000 2.035000
v 0.765000 0.570000 1.960000
v 0.775556 0.570000 1.860000
v 0.783642 0.600000 1.780000
v 0.783642 0.600000 1.780000
v 0.775211 0.600000 1.860000
v -0.747276 0.620000 2.035000
v -0.747276 0.620000 2.035000
v -0.700000 0.600000 2.070000
v -0.700000 0.600000 2.070000
v -0.270000 0.600000 2.070000
v -0.700000 0.620000 2.070000
v -0.700000 0.620000 2.070000
v -0.700000 0.620000 2.070000
v -0.180000 0.600000 2.070000
v 0.700000 0.600000 2.070000
v 0.700000 0.600000 2.070000
v 0.700000 0.620000 2.070000
v 0.700000 0.620000 2.070000
v 0.700000 0.620000 2.070000
v 0.747710 0.600000 2.035000
v 0.747710 0.600000 2.035000
v 0.764671 0.600000 1.960000
v 0.747276 0.620000 2.035000
v 0.747276 0.620000 2.035000
v 0.764087 0.620000 1.960000
v 0.764087 0.620000 1.960000
v 0.774598 0.620000 1.860000
v -0.783006 0.620000 1.780000
v -0.783006 0.620000 1.780000
v -0.774598 0.620000 1.860000
v -0.764087 0.620000 1.960000
v -0.764087 0.620000 1.960000
v -0.746807 0.635000 2.035000
v -0.270000 0.620000 2.070000
v -0.270000 0.620000 2.070000
v -0.700000 0.635000 2.070000
v -0.180000 0.620000 2.070000
v 0.180000 0.620000 2.070000
v 0.270000 0.620000 2.070000
v 0.270000 0.620000 2.070000
v 0.180000 0.635000 2.070000
v 0.700000 0.635000 2.070000
v -0.782320 0.635000 1.780000
v -0.782320 0.635000 1.780000
v -0.773938 0.635000 1.860000
v -0.763456 0.635000 1.960000
v -0.763456 0.635000 1.960000
v -0.760168 0.685000 1.960000
v -0.760168 0.685000 1.960000
v -0.700000 0.685000 2.070000
v -0.270000 0.635000 2.070000
v -0.270000 0.635000 2.070000
v -0.180000 0.635000 2.070000
v 0.270000 0.685000 2.070000
v 0.270000 0.685000 2.070000
v 0.180000 0.685000 2.070000
v 0.270000 0.635000 2.070000
v 0.270000 0.635000 2.070000
v 0.700000 0.685000 2.070000
v 0.746807 0.635000 2.035000
v 0.744363 0.685000 2.035000
v 0.763456 0.635000 1.960000
v 0.763456 0.635000 1.960000
v 0.760168 0.685000 1.960000
v 0.760168 0.685000 1.960000
v 0.773938 0.635000 1.860000
v 0.782320 0.635000 1.780000
v 0.782320 0.635000 1.780000
v 0.770492 0.685000 1.860000
v -0.770492 0.685000 1.860000
v -0.744363 0.685000 2.035000
v -0.270000 0.685000 2.070000
v -0.270000 0.685000 2.070000
v -0.270000 0.745000 2.070000
v -0.270000 0.745000 2.070000
v -0.180000 0.685000 2.070000
v -0.180000 0.745000 2.070000
v 0.700000 0.745000 2.070000
v 0.739638 0.745000 2.035000
v 0.753812 0.745000 1.960000
v 0.753812 0.745000 1.960000
v 0.771823 0.745000 1.780000
v 0.771823 0.745000 1.780000
v -0.771823 0.745000 1.780000
v -0.771823 0.745000 1.780000
v -0.763830 0.745000 1.860000
v -0.753812 0.745000 1.960000
v -0.753812 0.745000 1.960000
v -0.739638 0.745000 2.035000
v -0.700000 0.745000 2.070000
v -0.270000 0.766000 2.070000
v -0.270000 0.766000 2.070000
v -0.700000 0.766000 2.070000
v -0.700000 0.766000 2.070000
v -0.700000 0.766000 2.070000
v -0.700000 0.766000 2.070000
v -0.180000 0.766000 2.070000
v 0.180000 0.745000 2.070000
v 0.270000 0.745000 2.070000
v 0.270000 0.745000 2.070000
v 0.763830 0.745000 1.860000
v 0.760847 0.766000 1.860000
v -0.768725 0.766000 1.780000
v -0.768725 0.766000 1.780000
v -0.760847 0.766000 1.860000
v -0.750965 0.766000 1.960000
v -0.750965 0.766000 1.960000
v -0.737522 0.766000 2.035000
v -0.737522 0.766000 2.035000
v 0.180000 0.766000 2.070000
v 0.270000 0.766000 2.070000
v 0.270000 0.766000 2.070000
v 0.270000 0.784000 2.070000
v 0.180000 0.784000 2.070000
v 0.700000 0.784000 2.070000
v 0.700000 0.784000 2.070000
v 0.700000 0.766000 2.070000
v 0.700000 0.766000 2.070000
v 0.700000 0.766000 2.070000
v 0.700000 0.766000 2.070000
v 0.737522 0.766000 2.035000
v 0.737522 0.766000 2.035000
v 0.735518 0.784000 2.035000
v 0.750965 0.766000 1.960000
v 0.750965 0.766000 1.960000
v 0.768725 0.766000 1.780000
v 0.768725 0.766000 1.780000
v 0.765790 0.784000 1.780000
v 0.765790 0.784000 1.780000
v 0.758021 0.784000 1.860000
v -0.765790 0.784000 1.780000
v -0.765790 0.784000 1.780000
v -0.756172 0.795000 1.860000
v -0.758021 0.784000 1.860000
v -0.748269 0.784000 1.960000
v -0.735518 0.784000 2.035000
v -0.700000 0.784000 2.070000
v -0.700000 0.784000 2.070000
v -0.270000 0.784000 2.070000
v -0.270000 0.795000 2.070000
v -0.180000 0.784000 2.070000
v 0.000000 0.784000 2.070000
v -0.180000 0.795000 2.070000
v 0.000000 0.795000 2.070000
v 0.180000 0.795000 2.070000
v 0.270000 0.795000 2.070000
v 0.748269 0.784000 1.960000
v 0.756172 0.795000 1.860000
v -0.802647 0.558000 1.417563
v -0.802647 0.558000 1.417563
v -0.635050 0.558000 2.109000
v -0.635050 0.558000 2.109000
v -0.488500 0.558000 2.126000
v -0.488500 0.558000 2.126000
v -0.488500 0.558000 2.126000
v 0.000000 0.558000 2.070000
v 0.000000 0.558000 2.070000
v -0.180000 0.558000 2.070000
v -0.180000 0.558000 2.070000
v -0.763800 0.558000 1.960000
v -0.763800 0.558000 1.960000
v -0.774356 0.558000 1.860000
v -0.774356 0.558000 1.860000
v 0.774356 0.558000 1.860000
v 0.774356 0.558000 1.860000
v 0.763800 0.558000 1.960000
v 0.763800 0.558000 1.960000
v 0.746755 0.558000 2.035000
v 0.746755 0.558000 2.035000
v 0.700000 0.558000 2.070000
v 0.700000 0.558000 2.070000
v 0.700000 0.558000 2.070000
v 0.700000 0.558000 2.070000
v 0.270000 0.558000 2.070000
v 0.270000 0.558000 2.070000
v 0.180000 0.558000 2.070000
v 0.180000 0.558000 2.070000
v 0.000000 0.558000 2.135000
v 0.000000 0.558000 2.135000
v 0.635050 0.558000 2.109000
v 0.635050 0.558000 2.109000
v 0.742520 0.558000 1.870000
v 0.742520 0.558000 1.870000
v 0.802647 0.558000 1.417563
v 0.802647 0.558000 1.417563
v 0.180000 0.600000 2.071000
v 0.180000 0.600000 2.071000
v 0.180000 0.600000 2.046000
v 0.180000 0.600000 2.046000
v 0.180000 0.600000 2.046000
v 0.180000 0.784000 2.071000
v 0.180000 0.784000 2.071000
v -0.180000 0.784000 2.046000
v -0.180000 0.784000 2.046000
v -0.180000 0.784000 2.046000
v 0.180000 0.784000 2.046000
v 0.180000 0.784000 2.046000
v 0.180000 0.784000 2.046000
v -0.180000 0.784000 2.071000
v -0.180000 0.784000 2.071000
v -0.180000 0.600000 2.071000
v -0.180000 0.600000 2.071000
v -0.180000 0.600000 2.046000
v -0.180000 0.600000 2.046000
v -0.180000 0.600000 2.046000
v -0.152400 0.617300 2.049000
v 0.152400 0.617300 2.049000
v 0.152400 0.769700 2.049000
v -0.152400 0.769700 2.049000
v -0.231000 0.251000 1.553000
v -0.231000 0.251000 1.553000
v -0.231000 0.251000 1.553000
v -0.231000 0.251000 1.553000
v -0.231000 0.251000 1.553000
v -0.082500 0.304000 1.430000
v -0.082500 0.304000 1.430000
v 0.231000 0.251000 1.553000
v 0.231000 0.251000 1.553000
v 0.231000 0.251000 1.553000
v 0.231000 0.251000 1.553000
v 0.231000 0.251000 1.553000
v 0.550000 0.268000 1.553000
v 0.550000 0.268000 1.553000
v 0.550000 0.268000 1.553000
v 0.550000 0.268000 1.553000
v 0.550000 0.268000 1.553000
v -0.231000 0.251000 1.430000
v -0.231000 0.251000 1.430000
v -0.550000 0.268000 1.430000
v -0.082500 0.304000 1.205000
v -0.082500 0.304000 1.205000
v -0.082500 0.304000 1.205000
v 0.231000 0.251000 1.205000
v 0.231000 0.251000 1.205000
v 0.231000 0.251000 1.205000
v 0.231000 0.251000 1.205000
v 0.231000 0.251000 1.205000
v 0.231000 0.251000 1.430000
v 0.231000 0.251000 1.430000
v 0.082500 0.304000 1.430000
v 0.082500 0.304000 1.430000
v 0.550000 0.268000 1.430000
v -0.704802 0.268000 0.857000
v -0.704802 0.268000 0.857000
v -0.704802 0.268000 0.857000
v -0.550000 0.268000 1.205000
v -0.550000 0.268000 1.205000
v -0.550000 0.268000 1.205000
v -0.231000 0.251000 1.205000
v -0.231000 0.251000 1.205000
v -0.231000 0.251000 1.205000
v -0.231000 0.251000 1.205000
v -0.231000 0.251000 1.205000
v 0.296017 0.251000 0.857000
v 0.296017 0.251000 0.857000
v 0.296017 0.251000 0.857000
v 0.296017 0.251000 0.857000
v 0.296017 0.251000 0.857000
v 0.296017 0.251000 0.857000
v 0.082500 0.304000 1.205000
v 0.082500 0.304000 1.205000
v 0.082500 0.304000 1.205000
v 0.550000 0.268000 1.205000
v 0.550000 0.268000 1.205000
v 0.550000 0.268000 1.205000
v -0.702714 0.268000 0.000000
v -0.702714 0.268000 0.000000
v -0.702714 0.268000 0.000000
v -0.296017 0.251000 0.857000
v -0.296017 0.251000 0.857000
v -0.296017 0.251000 0.857000
v -0.296017 0.251000 0.857000
v -0.296017 0.251000 0.857000
v -0.296017 0.251000 0.857000
v -0.105407 0.304000 0.000000
v -0.105407 0.304000 0.000000
v -0.105407 0.304000 0.000000
v -0.105407 0.304000 0.000000
v 0.105720 0.304000 0.857000
v 0.105720 0.304000 0.857000
v 0.105720 0.304000 0.857000
v 0.105720 0.304000 0.857000
v 0.105720 0.304000 0.857000
v -0.105720 0.304000 0.857000
v -0.105720 0.304000 0.857000
v -0.105720 0.304000 0.857000
v -0.105720 0.304000 0.857000
v -0.105720 0.304000 0.857000
v -0.292136 0.251000 -0.857000
v -0.292136 0.251000 -0.857000
v -0.292136 0.251000 -0.857000
v -0.292136 0.251000 -0.857000
v -0.292136 0.251000 -0.857000
v -0.292136 0.251000 -0.857000
v -0.295140 0.251000 0.000000
v -0.295140 0.251000 0.000000
v -0.295140 0.251000 0.000000
v -0.295140 0.251000 0.000000
v -0.295140 0.251000 0.000000
v -0.295140 0.251000 0.000000
v 0.104334 0.304000 -0.857000
v 0.104334 0.304000 -0.857000
v 0.104334 0.304000 -0.857000
v 0.104334 0.304000 -0.857000
v 0.105407 0.304000 0.000000
v 0.105407 0.304000 0.000000
v 0.105407 0.304000 0.000000
v 0.105407 0.304000 0.000000
v 0.295140 0.251000 0.000000
v 0.295140 0.251000 0.000000
v 0.295140 0.251000 0.000000
v 0.295140 0.251000 0.000000
v 0.295140 0.251000 0.000000
v 0.295140 0.251000 0.000000
v 0.695563 0.268000 -0.857000
v 0.695563 0.268000 -0.857000
v 0.695563 0.268000 -0.857000
v 0.695563 0.268000 -0.857000
v 0.702714 0.268000 0.000000
v 0.702714 0.268000 0.000000
v 0.702714 0.268000 0.000000
v -0.550000 0.268000 -1.205000
v -0.550000 0.268000 -1.205000
v -0.550000 0.268000 -1.205000
v -0.231000 0.251000 -1.205000
v -0.231000 0.251000 -1.205000
v -0.231000 0.251000 -1.205000
v -0.231000 0.251000 -1.205000
v -0.231000 0.251000 -1.205000
v -0.104334 0.304000 -0.857000
v -0.104334 0.304000 -0.857000
v -0.104334 0.304000 -0.857000
v -0.104334 0.304000 -0.857000
v 0.231000 0.251000 -1.205000
v 0.231000 0.251000 -1.205000
v 0.231000 0.251000 -1.205000
v 0.231000 0.251000 -1.205000
v 0.231000 0.251000 -1.205000
v 0.550000 0.268000 -1.205000
v 0.550000 0.268000 -1.205000
v 0.550000 0.268000 -1.205000
v 0.292136 0.251000 -0.857000
v 0.292136 0.251000 -0.857000
v 0.292136 0.251000 -0.857000
v 0.292136 0.251000 -0.857000
v 0.292136 0.251000 -0.857000
v 0.292136 0.251000 -0.857000
v -0.231000 0.251000 -1.430000
v -0.231000 0.251000 -1.430000
v -0.082500 0.304000 -1.205000
v -0.082500 0.304000 -1.205000
v -0.082500 0.304000 -1.205000
v 0.082500 0.304000 -1.430000
v 0.082500 0.304000 -1.430000
v 0.082500 0.304000 -1.205000
v 0.082500 0.304000 -1.205000
v 0.082500 0.304000 -1.205000
v 0.231000 0.251000 -1.430000
v 0.231000 0.251000 -1.430000
v -0.550000 0.268000 -1.430000
v -0.082500 0.304000 -1.553000
v -0.082500 0.304000 -1.553000
v -0.082500 0.304000 -1.553000
v -0.082500 0.304000 -1.553000
v -0.082500 0.304000 -1.430000
v -0.082500 0.304000 -1.430000
v 0.082500 0.304000 -1.553000
v 0.082500 0.304000 -1.553000
v 0.082500 0.304000 -1.553000
v 0.082500 0.304000 -1.553000
v 0.550000 0.268000 -1.430000
v -0.669510 0.270000 -1.517000
v -0.669510 0.270000 -1.517000
v -0.669510 0.270000 -1.517000
v -0.669510 0.270000 -1.517000
v -0.640965 0.270000 -1.787000
v -0.640965 0.270000 -1.787000
v -0.640965 0.270000 -1.787000
v -0.640965 0.270000 -1.787000
v -0.562250 0.270000 -1.907000
v -0.562250 0.270000 -1.907000
v 0.000000 0.270000 -1.921500
v 0.000000 0.270000 -1.921500
v 0.000000 0.270000 -1.921500
v 0.000000 0.270000 -1.921500
v 0.000000 0.270000 -1.921500
v 0.000000 0.270000 -1.921500
v 0.562250 0.270000 -1.907000
v 0.562250 0.270000 -1.907000
v 0.640965 0.270000 -1.787000
v 0.640965 0.270000 -1.787000
v 0.640965 0.270000 -1.787000
v 0.640965 0.270000 -1.787000
v 0.669510 0.270000 -1.517000
v 0.669510 0.270000 -1.517000
v 0.669510 0.270000 -1.517000
v 0.669510 0.270000 -1.517000
v 0.689727 0.270000 -1.552580
v 0.689727 0.270000 -1.552580
v 0.550000 0.268000 -1.553000
v 0.550000 0.268000 -1.553000
v 0.550000 0.268000 -1.553000
v 0.550000 0.268000 -1.553000
v 0.550000 0.268000 -1.553000
v 0.231000 0.251000 -1.553000
v 0.231000 0.251000 -1.553000
v 0.231000 0.251000 -1.553000
v 0.231000 0.251000 -1.553000
v 0.231000 0.251000 -1.553000
v -0.231000 0.251000 -1.553000
v -0.231000 0.251000 -1.553000
v -0.231000 0.251000 -1.553000
v -0.231000 0.251000 -1.553000
v -0.231000 0.251000 -1.553000
v -0.550000 0.268000 -1.553000
v -0.550000 0.268000 -1.553000
v -0.550000 0.268000 -1.553000
v -0.550000 0.268000 -1.553000
v -0.550000 0.268000 -1.553000
v -0.550000 0.268000 1.553000
v -0.550000 0.268000 1.553000
v -0.550000 0.268000 1.553000
v -0.550000 0.268000 1.553000
v -0.550000 0.268000 1.553000
v -0.082500 0.304000 1.553000
v -0.082500 0.304000 1.553000
v -0.082500 0.304000 1.553000
v -0.082500 0.304000 1.553000
v 0.082500 0.304000 1.553000
v 0.082500 0.304000 1.553000
v 0.082500 0.304000 1.553000
v 0.082500 0.304000 1.553000
v 0.456500 0.335000 2.046000
v 0.456500 0.335000 2.046000
v 0.456500 0.335000 2.046000
v 0.456500 0.335000 2.046000
v 0.456500 0.335000 2.046000
v 0.000000 0.335000 2.055000
v 0.000000 0.335000 2.055000
v 0.000000 0.335000 2.055000
v 0.000000 0.335000 2.055000
v 0.000000 0.335000 2.055000
v 0.000000 0.335000 2.055000
v -0.456500 0.335000 2.046000
v -0.456500 0.335000 2.046000
v -0.456500 0.335000 2.046000
v -0.456500 0.335000 2.046000
v -0.456500 0.335000 2.046000
v -0.662838 0.335000 1.984000
v -0.662838 0.335000 1.984000
v -0.693880 0.335000 1.790000
v -0.693880 0.335000 1.790000
v -0.693880 0.335000 1.790000
v -0.693880 0.335000 1.790000
v -0.719444 0.335000 1.580000
v -0.719444 0.335000 1.580000
v -0.719444 0.335000 1.580000
v -0.704000 0.255000 0.730000
v -0.704000 0.255000 0.730000
v -0.704000 0.255000 0.730000
v -0.704000 0.268000 0.730000
v -0.704000 0.268000 0.730000
v -0.703962 0.255000 0.710000
v -0.703962 0.255000 0.710000
v -0.703000 0.255000 0.200000
v -0.703000 0.255000 0.200000
v -0.703000 0.255000 0.200000
v -0.703000 0.268000 0.200000
v -0.703000 0.268000 0.200000
v -0.703962 0.268000 0.710000
v -0.702000 0.268000 -0.500000
v -0.702000 0.268000 -0.500000
v -0.695467 0.255000 -0.780000
v -0.695467 0.255000 -0.780000
v -0.695467 0.268000 -0.780000
v -0.695563 0.268000 -0.857000
v -0.695563 0.268000 -0.857000
v -0.695563 0.268000 -0.857000
v -0.695563 0.268000 -0.857000
v -0.695000 0.268000 -0.800000
v -0.695000 0.268000 -0.800000
v 0.704802 0.255000 0.857000
v 0.704802 0.255000 0.857000
v 0.704802 0.268000 0.857000
v 0.704802 0.268000 0.857000
v 0.704802 0.268000 0.857000
v 0.704000 0.268000 0.730000
v 0.704000 0.268000 0.730000
v 0.703000 0.255000 0.200000
v 0.703000 0.255000 0.200000
v 0.703000 0.255000 0.200000
v 0.703962 0.268000 0.710000
v 0.702000 0.255000 -0.500000
v 0.702000 0.255000 -0.500000
v 0.702000 0.255000 -0.500000
v 0.702000 0.268000 -0.500000
v 0.702000 0.268000 -0.500000
v 0.703000 0.268000 0.200000
v 0.703000 0.268000 0.200000
v 0.695467 0.255000 -0.780000
v 0.695467 0.255000 -0.780000
v 0.695000 0.268000 -0.800000
v 0.695000 0.268000 -0.800000
v 0.695467 0.268000 -0.780000
v 0.695563 0.255000 -0.857000
v 0.695563 0.255000 -0.857000
v -0.640000 0.294000 1.243000
v -0.640000 0.294000 1.243000
v -0.640000 0.294000 1.243000
v -0.640000 0.267130 1.231870
v -0.640000 0.267130 1.231870
v -0.640000 0.267130 1.231870
v 0.640000 0.294000 1.243000
v 0.640000 0.294000 1.243000
v 0.640000 0.294000 1.243000
v 0.640000 0.256000 1.205000
v 0.640000 0.256000 1.205000
v 0.640000 0.256000 1.205000
v -0.640000 0.256000 1.205000
v -0.640000 0.256000 1.205000
v -0.640000 0.256000 1.205000
v -0.640000 0.267130 1.178130
v -0.640000 0.267130 1.178130
v -0.640000 0.267130 1.178130
v 0.640000 0.267130 1.178130
v 0.640000 0.267130 1.178130
v 0.640000 0.267130 1.178130
v -0.640000 0.320870 1.178130
v -0.640000 0.320870 1.178130
v -0.640000 0.320870 1.178130
v 0.640000 0.294000 1.167000
v 0.640000 0.294000 1.167000
v 0.640000 0.294000 1.167000
v 0.640000 0.320870 1.178130
v 0.640000 0.320870 1.178130
v 0.640000 0.320870 1.178130
v -0.640000 0.332000 1.205000
v -0.640000 0.332000 1.205000
v -0.640000 0.332000 1.205000
v -0.640000 0.320870 1.231870
v -0.640000 0.320870 1.231870
v -0.640000 0.320870 1.231870
v 0.640000 0.332000 1.205000
v 0.640000 0.332000 1.205000
v 0.640000 0.332000 1.205000
v -0.640000 0.294000 1.167000
v -0.640000 0.294000 1.167000
v -0.640000 0.294000 1.167000
v 0.640000 0.267130 1.231870
v 0.640000 0.267130 1.231870
v 0.640000 0.267130 1.231870
v 0.640000 0.320870 1.231870
v 0.640000 0.320870 1.231870
v 0.640000 0.320870 1.231870
v 0.088000 0.294000 1.130000
v 0.088000 0.294000 1.130000
v 0.088000 0.294000 1.130000
v 0.000000 0.206000 1.130000
v 0.000000 0.206000 1.130000
v 0.000000 0.206000 1.130000
v -0.062225 0.231775 1.320000
v -0.062225 0.231775 1.320000
v -0.062225 0.231775 1.320000
v -0.062225 0.231775 1.130000
v -0.062225 0.231775 1.130000
v -0.062225 0.231775 1.130000
v -0.088000 0.294000 1.130000
v -0.088000 0.294000 1.130000
v -0.088000 0.294000 1.130000
v -0.062225 0.356225 1.320000
v -0.062225 0.356225 1.320000
v -0.062225 0.356225 1.320000
v -0.062225 0.356225 1.130000
v -0.062225 0.356225 1.130000
v -0.062225 0.356225 1.130000
v -0.000000 0.382000 1.130000
v -0.000000 0.382000 1.130000
v -0.000000 0.382000 1.130000
v 0.088000 0.294000 1.320000
v 0.088000 0.294000 1.320000
v 0.088000 0.294000 1.320000
v 0.062225 0.356225 1.320000
v 0.062225 0.356225 1.320000
v 0.062225 0.356225 1.320000
v -0.000000 0.382000 1.320000
v -0.000000 0.382000 1.320000
v -0.000000 0.382000 1.320000
v -0.088000 0.294000 1.320000
v -0.088000 0.294000 1.320000
v -0.088000 0.294000 1.320000
v 0.000000 0.206000 1.320000
v 0.000000 0.206000 1.320000
v 0.000000 0.206000 1.320000
v 0.062225 0.231775 1.320000
v 0.062225 0.231775 1.320000
v 0.062225 0.231775 1.320000
v 0.062225 0.231775 1.130000
v 0.062225 0.231775 1.130000
v 0.062225 0.231775 1.130000
v 0.062225 0.356225 1.130000
v 0.062225 0.356225 1.130000
v 0.062225 0.356225 1.130000
v -0.378000 0.290000 1.580000
v -0.378000 0.290000 1.580000
v -0.378000 0.290000 1.580000
v -0.404946 0.330305 1.580000
v -0.404946 0.330305 1.580000
v -0.404946 0.330305 1.580000
v -0.470000 0.347000 1.940000
v -0.470000 0.347000 1.940000
v -0.470000 0.347000 1.940000
v -0.404946 0.330305 1.940000
v -0.404946 0.330305 1.940000
v -0.404946 0.330305 1.940000
v -0.562000 0.290000 1.580000
v -0.562000 0.290000 1.580000
v -0.562000 0.290000 1.580000
v -0.562000 0.290000 1.940000
v -0.562000 0.290000 1.940000
v -0.562000 0.290000 1.940000
v -0.535054 0.249695 1.580000
v -0.535054 0.249695 1.580000
v -0.535054 0.249695 1.580000
v -0.470000 0.233000 1.580000
v -0.470000 0.233000 1.580000
v -0.470000 0.233000 1.580000
v -0.404946 0.249695 1.940000
v -0.404946 0.249695 1.940000
v -0.404946 0.249695 1.940000
v -0.404946 0.249695 1.580000
v -0.404946 0.249695 1.580000
v -0.404946 0.249695 1.580000
v -0.535054 0.330305 1.580000
v -0.535054 0.330305 1.580000
v -0.535054 0.330305 1.580000
v -0.470000 0.347000 1.580000
v -0.470000 0.347000 1.580000
v -0.470000 0.347000 1.580000
v -0.378000 0.290000 1.940000
v -0.378000 0.290000 1.940000
v -0.378000 0.290000 1.940000
v -0.535054 0.330305 1.940000
v -0.535054 0.330305 1.940000
v -0.535054 0.330305 1.940000
v -0.535054 0.249695 1.940000
v -0.535054 0.249695 1.940000
v -0.535054 0.249695 1.940000
v -0.470000 0.233000 1.940000
v -0.470000 0.233000 1.940000
v -0.470000 0.233000 1.940000
v -0.493000 0.276000 1.880000
v -0.493000 0.276000 1.880000
v -0.493000 0.276000 1.880000
v -0.493000 0.276000 1.880000
v -0.469944 0.242015 1.989161
v -0.469944 0.242015 1.989161
v -0.469944 0.242015 1.989161
v -0.469944 0.242015 1.989161
v -0.469944 0.242015 1.989161
v -0.469944 0.242015 1.989161
v -0.470000 0.253114 1.877711
v -0.470000 0.253114 1.877711
v -0.470000 0.253114 1.877711
v -0.470000 0.253114 1.877711
v -0.453737 0.259817 1.878382
v -0.453737 0.259817 1.878382
v -0.453737 0.259817 1.878382
v -0.453737 0.259817 1.878382
v -0.453737 0.259817 1.878382
v -0.447000 0.276000 1.880000
v -0.447000 0.276000 1.880000
v -0.447000 0.276000 1.880000
v -0.447000 0.276000 1.880000
v -0.453737 0.292183 1.881618
v -0.453737 0.292183 1.881618
v -0.453737 0.292183 1.881618
v -0.453737 0.292183 1.881618
v -0.453812 0.281253 1.991675
v -0.453812 0.281253 1.991675
v -0.453812 0.281253 1.991675
v -0.453812 0.281253 1.991675
v -0.453812 0.281253 1.991675
v -0.453812 0.281253 1.991675
v -0.486263 0.292183 1.881618
v -0.486263 0.292183 1.881618
v -0.486263 0.292183 1.881618
v -0.486188 0.248747 1.988325
v -0.486188 0.248747 1.988325
v -0.486188 0.248747 1.988325
v -0.486188 0.248747 1.988325
v -0.486188 0.248747 1.988325
v -0.486188 0.248747 1.988325
v -0.490000 0.242000 2.180000
v -0.490000 0.242000 2.180000
v -0.490000 0.242000 2.180000
v -0.490000 0.242000 2.180000
v -0.490000 0.242000 2.180000
v -0.506174 0.248737 2.178298
v -0.506174 0.248737 2.178298
v -0.506174 0.248737 2.178298
v -0.506174 0.248737 2.178298
v -0.453733 0.248747 1.990489
v -0.453733 0.248747 1.990489
v -0.453733 0.248747 1.990489
v -0.453733 0.248747 1.990489
v -0.447051 0.265000 1.991530
v -0.447051 0.265000 1.991530
v -0.447051 0.265000 1.991530
v -0.447051 0.265000 1.991530
v -0.447051 0.265000 1.991530
v -0.447051 0.265000 1.991530
v -0.470056 0.287985 1.990839
v -0.470056 0.287985 1.990839
v -0.470056 0.287985 1.990839
v -0.470056 0.287985 1.990839
v -0.470056 0.287985 1.990839
v -0.470056 0.287985 1.990839
v -0.486267 0.281253 1.989511
v -0.486267 0.281253 1.989511
v -0.486267 0.281253 1.989511
v -0.486267 0.281253 1.989511
v -0.486267 0.281253 1.989511
v -0.486267 0.281253 1.989511
v -0.486267 0.281253 1.989511
v -0.486267 0.281253 1.989511
v -0.492949 0.265000 1.988470
v -0.492949 0.265000 1.988470
v -0.492949 0.265000 1.988470
v -0.492949 0.265000 1.988470
v -0.492949 0.265000 1.988470
v -0.492949 0.265000 1.988470
v -0.506174 0.281263 2.178298
v -0.506174 0.281263 2.178298
v -0.506174 0.281263 2.178298
v -0.470000 0.298886 1.882289
v -0.470000 0.298886 1.882289
v -0.470000 0.298886 1.882289
v -0.470000 0.298886 1.882289
v -0.486263 0.259817 1.878382
v -0.486263 0.259817 1.878382
v -0.486263 0.259817 1.878382
v -0.486263 0.259817 1.878382
v -0.512874 0.265000 2.177592
v -0.512874 0.265000 2.177592
v -0.512874 0.265000 2.177592
v -0.512874 0.265000 2.177592
v -0.490000 0.248440 2.180000
v -0.490000 0.248440 2.180000
v -0.490000 0.248440 2.180000
v -0.501645 0.253290 2.178774
v -0.501645 0.253290 2.178774
v -0.501645 0.253290 2.178774
v -0.473826 0.248737 2.181703
v -0.473826 0.248737 2.181703
v -0.473826 0.248737 2.181703
v -0.473826 0.248737 2.181703
v -0.473826 0.248737 2.181703
v -0.473826 0.248737 2.181703
v -0.467126 0.265000 2.182408
v -0.467126 0.265000 2.182408
v -0.467126 0.265000 2.182408
v -0.467126 0.265000 2.182408
v -0.473826 0.281263 2.181703
v -0.473826 0.281263 2.181703
v -0.473826 0.281263 2.181703
v -0.473826 0.281263 2.181703
v -0.473826 0.281263 2.181703
v -0.473531 0.265000 2.181734
v -0.473531 0.265000 2.181734
v -0.473531 0.265000 2.181734
v -0.490000 0.288000 2.180000
v -0.490000 0.288000 2.180000
v -0.490000 0.288000 2.180000
v -0.490000 0.288000 2.180000
v -0.490000 0.288000 2.180000
v -0.490000 0.281560 2.180000
v -0.490000 0.281560 2.180000
v -0.490000 0.281560 2.180000
v -0.501645 0.276710 2.178774
v -0.501645 0.276710 2.178774
v -0.501645 0.276710 2.178774
v -0.497981 0.253290 2.143966
v -0.497981 0.253290 2.143966
v -0.497981 0.253290 2.143966
v -0.506469 0.265000 2.178267
v -0.506469 0.265000 2.178267
v -0.506469 0.265000 2.178267
v -0.478355 0.253290 2.181226
v -0.478355 0.253290 2.181226
v -0.478355 0.253290 2.181226
v -0.478355 0.253290 2.181226
v -0.478355 0.276710 2.181226
v -0.478355 0.276710 2.181226
v -0.478355 0.276710 2.181226
v -0.478355 0.276710 2.181226
v -0.497981 0.276710 2.143966
v -0.497981 0.276710 2.143966
v -0.497981 0.276710 2.143966
v -0.502805 0.265000 2.143459
v -0.502805 0.265000 2.143459
v -0.502805 0.265000 2.143459
v -0.486336 0.248440 2.145192
v -0.486336 0.248440 2.145192
v -0.486336 0.248440 2.145192
v -0.474691 0.253290 2.146418
v -0.474691 0.253290 2.146418
v -0.474691 0.253290 2.146418
v -0.469867 0.265000 2.146926
v -0.469867 0.265000 2.146926
v -0.469867 0.265000 2.146926
v -0.474691 0.276710 2.146418
v -0.474691 0.276710 2.146418
v -0.474691 0.276710 2.146418
v -0.486336 0.281560 2.145192
v -0.486336 0.281560 2.145192
v -0.486336 0.281560 2.145192
v -0.492000 0.315000 1.480000
v -0.492000 0.315000 1.480000
v -0.492000 0.315000 1.480000
v -0.481000 0.271150 1.647228
v -0.481000 0.271150 1.647228
v -0.481000 0.271150 1.647228
v -0.481000 0.296150 1.477228
v -0.481000 0.296150 1.477228
v -0.481000 0.296150 1.477228
v -0.459000 0.271150 1.647228
v -0.459000 0.271150 1.647228
v -0.459000 0.271150 1.647228
v -0.459000 0.296150 1.477228
v -0.459000 0.296150 1.477228
v -0.459000 0.296150 1.477228
v -0.448000 0.315000 1.480000
v -0.448000 0.315000 1.480000
v -0.448000 0.315000 1.480000
v -0.448000 0.290000 1.650000
v -0.448000 0.290000 1.650000
v -0.448000 0.290000 1.650000
v -0.481000 0.333850 1.482772
v -0.481000 0.333850 1.482772
v -0.481000 0.333850 1.482772
v -0.459000 0.333850 1.482772
v -0.459000 0.333850 1.482772
v -0.459000 0.333850 1.482772
v -0.492000 0.290000 1.650000
v -0.492000 0.290000 1.650000
v -0.492000 0.290000 1.650000
v -0.459000 0.308850 1.652772
v -0.459000 0.308850 1.652772
v -0.459000 0.308850 1.652772
v -0.481000 0.308850 1.652772
v -0.481000 0.308850 1.652772
v -0.481000 0.308850 1.652772
v -0.539481 0.323423 1.650000
v -0.539481 0.323423 1.650000
v -0.539481 0.323423 1.650000
v -0.560000 0.380000 1.661000
v -0.560000 0.380000 1.661000
v -0.560000 0.380000 1.661000
v -0.530000 0.329000 1.639000
v -0.530000 0.329000 1.639000
v -0.530000 0.329000 1.639000
v -0.560000 0.380000 1.639000
v -0.560000 0.380000 1.639000
v -0.560000 0.380000 1.639000
v -0.550519 0.385577 1.650000
v -0.550519 0.385577 1.650000
v -0.550519 0.385577 1.650000
v -0.520519 0.334577 1.650000
v -0.520519 0.334577 1.650000
v -0.520519 0.334577 1.650000
v -0.530000 0.329000 1.661000
v -0.530000 0.329000 1.661000
v -0.530000 0.329000 1.661000
v -0.569481 0.374423 1.650000
v -0.569481 0.374423 1.650000
v -0.569481 0.374423 1.650000
v -0.530000 0.329000 1.869000
v -0.530000 0.329000 1.869000
v -0.530000 0.329000 1.869000
v -0.569481 0.374423 1.880000
v -0.569481 0.374423 1.880000
v -0.569481 0.374423 1.880000
v -0.539481 0.323423 1.880000
v -0.539481 0.323423 1.880000
v -0.539481 0.323423 1.880000
v -0.530000 0.329000 1.891000
v -0.530000 0.329000 1.891000
v -0.530000 0.329000 1.891000
v -0.520519 0.334577 1.880000
v -0.520519 0.334577 1.880000
v -0.520519 0.334577 1.880000
v -0.550519 0.385577 1.880000
v -0.550519 0.385577 1.880000
v -0.550519 0.385577 1.880000
v -0.560000 0.380000 1.869000
v -0.560000 0.380000 1.869000
v -0.560000 0.380000 1.869000
v -0.560000 0.380000 1.891000
v -0.560000 0.380000 1.891000
v -0.560000 0.380000 1.891000
v -0.519601 0.960011 -0.726969
v -0.519601 0.960011 -0.726969
v -0.519601 0.960011 -0.726969
v -0.049601 0.987011 -0.689969
v -0.049601 0.987011 -0.689969
v -0.049601 0.987011 -0.689969
v -0.049601 0.987011 -0.689969
v -0.520399 0.973989 -0.727031
v -0.520399 0.973989 -0.727031
v -0.520399 0.973989 -0.727031
v -0.049451 0.994000 -0.696978
v -0.049451 0.994000 -0.696978
v -0.049451 0.994000 -0.696978
v -0.050399 1.000989 -0.690031
v -0.050399 1.000989 -0.690031
v -0.050399 1.000989 -0.690031
v -0.519451 0.967000 -0.733978
v -0.519451 0.967000 -0.733978
v -0.519451 0.967000 -0.733978
v -0.519451 0.967000 -0.733978
v -0.520549 0.967000 -0.720022
v -0.520549 0.967000 -0.720022
v -0.520549 0.967000 -0.720022
v -0.050549 0.994000 -0.683022
v -0.050549 0.994000 -0.683022
v -0.050549 0.994000 -0.683022
v 0.080232 0.960004 -0.726981
v 0.080232 0.960004 -0.726981
v 0.080232 0.960004 -0.726981
v 0.529426 0.982000 -0.683024
v 0.529426 0.982000 -0.683024
v 0.529426 0.982000 -0.683024
v 0.080574 0.967000 -0.733976
v 0.080574 0.967000 -0.733976
v 0.080574 0.967000 -0.733976
v 0.530232 0.975004 -0.689981
v 0.530232 0.975004 -0.689981
v 0.530232 0.975004 -0.689981
v 0.079768 0.973996 -0.727019
v 0.079768 0.973996 -0.727019
v 0.079768 0.973996 -0.727019
v 0.529768 0.988996 -0.690019
v 0.529768 0.988996 -0.690019
v 0.529768 0.988996 -0.690019
v 0.079426 0.967000 -0.720024
v 0.079426 0.967000 -0.720024
v 0.079426 0.967000 -0.720024
v 0.530574 0.982000 -0.696976
v 0.530574 0.982000 -0.696976
v 0.530574 0.982000 -0.696976
v 0.033999 1.173000 1.350100
v 0.033999 1.173000 1.350100
v 0.033999 1.173000 1.350100
v 0.020033 1.027230 1.748663
v 0.020033 1.027230 1.748663
v 0.020033 1.027230 1.748663
v 0.016001 1.031000 1.749900
v 0.016001 1.031000 1.749900
v 0.016001 1.031000 1.749900
v 0.029967 1.176770 1.351337
v 0.029967 1.176770 1.351337
v 0.029967 1.176770 1.351337
v 0.026001 1.173000 1.349900
v 0.026001 1.173000 1.349900
v 0.026001 1.173000 1.349900
v 0.019967 1.034770 1.751337
v 0.019967 1.034770 1.751337
v 0.019967 1.034770 1.751337
v 0.023999 1.031000 1.750100
v 0.023999 1.031000 1.750100
v 0.023999 1.031000 1.750100
v 0.030033 1.169230 1.348663
v 0.030033 1.169230 1.348663
v 0.030033 1.169230 1.348663
vn 0.9722 0.2341 0.0100
vn 0.9759 0.2170 0.0231
vn 0.9890 0.1445 0.0316
vn 0.9928 0.1189 0.0145
vn 0.9876 0.1563 0.0134
vn 0.9317 0.3631 -0.0035
vn 0.9393 0.3432 -0.0030
vn 0.9791 0.2020 0.0237
vn 0.9904 0.1344 0.0319
vn 0.9957 0.0859 0.0360
vn 0.9449 0.3273 -0.0025
vn 0.9814 0.1904 0.0242
vn 0.9915 0.1264 0.0321
vn 0.9968 0.0717 0.0364
vn 0.9992 0.0150 0.0382
vn 0.9964 0.0762 0.0363
vn 0.9484 0.3172 -0.0023
vn 0.9828 0.1831 0.0244
vn 0.9921 0.1215 0.0323
vn 0.9970 0.0690 0.0364
vn -0.9597 0.0214 0.2802
vn -0.8360 0.1031 0.5389
vn -0.9241 0.0103 0.3819
vn 0.9980 -0.0496 0.0383
vn 0.9943 -0.0994 0.0381
vn 0.9495 0.3137 -0.0022
vn 0.9832 0.1806 0.0245
vn 0.9923 0.1198 0.0323
vn 0.9970 0.0681 0.0364
vn 0.9507 0.3101 0.0036
vn 0.9833 0.1781 0.0361
vn 0.9920 0.1181 0.0453
vn 0.9965 0.0671 0.0502
vn 0.9974 -0.0496 0.0524
vn -0.9142 0.1581 0.3731
vn -0.9783 0.1608 0.1303
vn 0.9674 0.2487 0.0486
vn 0.9822 0.1758 0.0664
vn 0.9736 0.2267 0.0257
vn 0.9835 0.1673 0.0682
vn 0.9760 0.2161 0.0282
vn 0.9856 0.1536 0.0709
vn 0.9795 0.1987 0.0320
vn 0.9877 0.1375 0.0740
vn 0.9926 0.0908 0.0806
vn 0.9951 0.0515 0.0841
vn 0.9956 0.0396 0.0848
vn 0.9974 0.0516 0.0511
vn 0.9961 0.0238 0.0854
vn 0.9982 0.0310 0.0520
vn 0.9951 -0.0495 0.0857
vn 0.9937 -0.0994 0.0522
vn 0.9651 0.2473 0.0863
vn 0.9801 0.1746 0.0942
vn 0.9664 0.2424 0.0860
vn 0.9811 0.1690 0.0946
vn -0.9663 0.2426 0.0866
vn -0.9811 0.1690 0.0946
vn 0.9678 0.2348 0.0909
vn 0.9783 0.1608 0.1303
vn 0.9142 0.1581 0.3731
vn 0.8360 0.1031 0.5389
vn 0.9597 0.0213 0.2802
vn -0.0000 -0.1465 -0.9892
vn -0.0000 0.1465 0.9892
vn -0.0000 -0.0000 -1.0000
vn -0.0000 -0.0000 1.0000
vn 1.0000 -0.0000 -0.0000
vn -1.0000 -0.0000 -0.0000
vn -0.0000 1.0000 -0.0000
vn -0.9651 0.2473 0.0863
vn -0.9801 0.1746 0.0942
vn -0.0000 -1.0000 -0.0000
vn -0.9600 0.2799 0.0004
vn -0.9923 0.1239 0.0004
vn -0.9965 -0.0833 0.0035
vn -0.9279 -0.3710 0.0368
vn -0.8622 -0.5065 -0.0016
vn -0.8622 -0.5066 -0.0016
vn -0.8622 -0.5065 -0.0014
vn -0.8622 -0.5066 -0.0012
vn -0.8622 -0.5065 -0.0012
vn -0.9674 0.2487 0.0486
vn -0.9822 0.1758 0.0664
vn -0.8621 -0.5065 -0.0140
vn -0.8620 -0.5064 -0.0201
vn -0.9334 -0.3531 -0.0636
vn -0.9951 -0.0495 0.0857
vn -0.9937 -0.0994 0.0522
vn -0.9914 -0.0991 0.0854
vn -0.9982 0.0310 0.0520
vn -0.9974 -0.0496 0.0524
vn -0.9961 0.0238 0.0854
vn -0.9974 0.0516 0.0511
vn -0.9956 0.0396 0.0848
vn -0.9965 0.0671 0.0502
vn -0.9951 0.0515 0.0841
vn -0.9920 0.1181 0.0453
vn -0.9926 0.0908 0.0806
vn -0.9833 0.1781 0.0361
vn -0.9877 0.1375 0.0740
vn -0.9795 0.1987 0.0320
vn -0.9856 0.1536 0.0709
vn -0.9760 0.2161 0.0282
vn -0.9835 0.1674 0.0682
vn -0.9736 0.2267 0.0257
vn -0.9507 0.3101 0.0036
vn -0.9966 -0.0704 -0.0423
vn -0.9947 0.1030 -0.0076
vn -0.9943 -0.0994 0.0381
vn -0.9970 0.0681 0.0364
vn -0.9980 -0.0496 0.0383
vn -0.9923 0.1198 0.0323
vn -0.9833 0.1806 0.0243
vn -0.9495 0.3137 -0.0022
vn -0.9714 0.2343 -0.0388
vn -1.0000 -0.0000 0.0001
vn -0.9970 0.0690 0.0364
vn -0.9921 0.1214 0.0323
vn -0.9828 0.1831 0.0244
vn -0.9484 0.3172 -0.0023
vn -0.9943 -0.0995 0.0381
vn -0.9968 0.0717 0.0364
vn -0.9915 0.1264 0.0321
vn -0.9814 0.1904 0.0242
vn -0.9449 0.3273 -0.0025
vn -0.9992 0.0150 0.0382
vn -0.9904 0.1344 0.0319
vn -0.9964 0.0764 0.0363
vn -0.9791 0.2020 0.0237
vn -0.9393 0.3432 -0.0030
vn -0.9957 0.0859 0.0360
vn -0.9759 0.2170 0.0231
vn -0.9890 0.1445 0.0316
vn -0.9317 0.3631 -0.0035
vn -0.0000 -0.1342 -0.9910
vn -0.0000 -0.3994 -0.9168
vn -0.9928 0.1189 0.0145
vn -0.9722 0.2341 0.0100
vn -0.9876 0.1563 0.0134
vn -0.9229 0.3850 -0.0004
vn -0.0000 -0.6499 -0.7600
vn -0.0000 -0.8590 -0.5119
vn -0.0000 -0.9833 -0.1821
vn -0.0000 -0.9833 0.1821
vn -0.9882 0.1532 -0.0045
vn -0.9958 0.0912 -0.0057
vn -0.9259 0.3776 0.0059
vn -0.9733 0.2296 -0.0022
vn -0.0000 -0.8590 0.5119
vn -0.0000 -0.6499 0.7600
vn -0.0000 -0.3994 0.9168
vn -0.9963 0.0857 -0.0057
vn -0.9998 0.0168 -0.0063
vn -0.9886 0.1503 -0.0045
vn -0.9287 0.3708 0.0059
vn -0.9743 0.2254 -0.0022
vn -0.0000 -0.1342 0.9910
vn -0.2102 0.0226 0.9774
vn -0.9987 -0.0496 -0.0063
vn -0.9950 -0.0995 -0.0063
vn -0.9964 0.0843 -0.0057
vn -0.9890 0.1481 -0.0045
vn -0.9309 0.3653 0.0060
vn -0.9750 0.2221 -0.0022
vn -0.7575 0.0698 0.6491
vn -0.9824 -0.1867 -0.0062
vn -0.8622 -0.5065 -0.0054
vn -0.9965 0.0834 -0.0057
vn -0.9892 0.1466 -0.0045
vn -0.9322 0.3618 0.0060
vn -0.9755 0.2200 -0.0022
vn -0.8846 -0.4663 -0.0056
vn -0.9738 -0.2273 -0.0062
vn -0.9965 0.0831 -0.0057
vn -0.9893 0.1461 -0.0045
vn -0.9328 0.3603 0.0059
vn -0.9756 0.2193 -0.0022
vn -0.8846 -0.4663 -0.0037
vn -0.9738 -0.2273 -0.0040
vn -0.9824 -0.1867 -0.0040
vn -0.9988 -0.0496 -0.0040
vn -0.9967 0.0810 -0.0038
vn -0.9898 0.1423 -0.0032
vn -0.9364 0.3510 0.0018
vn -0.9769 0.2137 -0.0020
vn -0.8847 -0.4663 -0.0017
vn -0.9738 -0.2273 -0.0018
vn -0.9824 -0.1867 -0.0019
vn -0.9988 -0.0496 -0.0019
vn -0.9967 0.0810 -0.0019
vn -0.9898 0.1423 -0.0019
vn -0.9769 0.2137 -0.0018
vn -0.8847 -0.4663 -0.0015
vn -0.9738 -0.2274 -0.0016
vn -0.9824 -0.1867 -0.0016
vn -0.9988 -0.0496 -0.0017
vn -0.9967 0.0810 -0.0015
vn -0.9898 0.1423 -0.0011
vn -0.9365 0.3507 -0.0018
vn -0.9769 0.2137 -0.0004
vn -0.8846 -0.4662 -0.0113
vn -0.9738 -0.2272 -0.0121
vn -0.9823 -0.1867 -0.0122
vn -0.9987 -0.0497 -0.0123
vn -0.9972 0.0744 -0.0117
vn -0.9804 0.1968 -0.0074
vn -0.9914 0.1308 -0.0102
vn -0.9363 0.3513 0.0018
vn -0.8845 -0.4661 -0.0213
vn -0.9736 -0.2272 -0.0227
vn -0.9822 -0.1866 -0.0229
vn -0.9985 -0.0496 -0.0231
vn -0.9976 0.0661 -0.0224
vn -0.9930 0.1163 -0.0204
vn -0.9401 0.3410 0.0012
vn -0.9843 0.1755 -0.0165
vn -0.8846 -0.4663 -0.0061
vn -0.9738 -0.2274 -0.0066
vn -0.9824 -0.1867 -0.0066
vn -0.9987 -0.0497 -0.0067
vn -0.9978 0.0655 -0.0093
vn -0.9932 0.1154 -0.0147
vn -0.9478 0.3188 -0.0040
vn -0.9844 0.1740 -0.0250
vn -0.9738 -0.2273 0.0096
vn -0.8846 -0.4663 0.0088
vn -0.9824 -0.1867 0.0097
vn -0.9971 0.0766 0.0032
vn -0.9987 -0.0496 0.0099
vn -0.9908 0.1347 -0.0110
vn -0.9257 0.3508 -0.1417
vn -0.9786 0.2023 -0.0378
vn -0.8622 -0.5065 0.0085
vn -0.9824 -0.1866 0.0097
vn -0.9968 0.0801 0.0030
vn -0.9900 0.1409 -0.0116
vn -0.9211 0.3621 -0.1431
vn -0.9766 0.2113 -0.0392
vn -0.8495 0.2926 0.4389
vn -0.9950 -0.0995 0.0098
vn -0.9959 0.0910 0.0023
vn -0.9871 0.1597 -0.0136
vn -0.9068 0.3950 -0.1470
vn -0.9701 0.2386 -0.0436
vn -0.8819 0.4194 0.2154
vn -0.8530 0.5184 0.0602
vn -0.9989 0.0464 0.0083
vn -0.9939 0.1100 0.0011
vn -0.9812 0.1921 -0.0172
vn -0.8817 0.4463 -0.1529
vn -0.9571 0.2852 -0.0513
vn -0.8107 0.5743 -0.1143
vn -0.7943 0.5403 -0.2776
vn -0.7547 0.3835 -0.5323
vn -0.9837 0.1796 -0.0082
vn -0.9706 0.2395 -0.0226
vn -0.8450 0.5104 -0.1597
vn -0.9344 0.3508 -0.0626
vn -0.5750 0.1981 -0.7938
vn -0.2124 0.0196 -0.9770
vn -0.9599 0.2771 -0.0418
vn -0.9524 0.3012 -0.0463
vn -0.8010 0.5814 -0.1428
vn -0.8982 0.4322 -0.0796
vn -0.9399 0.3350 -0.0660
vn -0.9654 0.2545 -0.0574
vn -0.7917 0.5987 -0.1218
vn -0.8756 0.4748 -0.0890
vn -0.9738 0.2207 -0.0543
vn -0.9944 0.0946 -0.0478
vn -0.9258 0.3713 -0.0701
vn -0.7792 0.6143 -0.1244
vn -0.8496 0.5185 -0.0970
vn -0.0000 -0.1403 -0.9901
vn -0.0000 -0.4148 -0.9099
vn -0.9684 0.2430 -0.0557
vn -0.9956 0.0807 -0.0473
vn -0.9115 0.4046 -0.0742
vn -0.7680 0.6278 -0.1266
vn -0.8241 0.5566 -0.1049
vn -0.0000 -0.6667 -0.7453
vn -0.0000 -0.8689 -0.4949
vn -0.0000 -0.9847 -0.1743
vn -0.9951 0.0865 -0.0475
vn -0.9641 0.2593 -0.0569
vn -0.9003 0.4284 -0.0772
vn -0.7601 0.6371 -0.1282
vn -0.8050 0.5828 -0.1108
vn -0.0000 -0.9847 0.1743
vn -0.0000 -0.8689 0.4949
vn -0.0000 -0.6667 0.7453
vn -0.9931 0.0881 -0.0771
vn -0.9607 0.2637 -0.0869
vn -0.8943 0.4342 -0.1082
vn -0.7542 0.6369 -0.1597
vn -0.7960 0.5882 -0.1432
vn -0.0000 -0.4148 0.9099
vn -0.0000 -0.1403 0.9901
vn -0.2191 0.0235 0.9754
vn -0.9904 0.0883 -0.1065
vn -0.9574 0.2642 -0.1164
vn -0.8900 0.4345 -0.1381
vn -0.7496 0.6340 -0.1903
vn -0.7905 0.5872 -0.1739
vn -0.8164 -0.0023 0.5775
vn -0.8502 0.2814 0.4449
vn -0.8952 0.3763 0.2389
vn -0.9815 0.1224 -0.1471
vn -0.9194 0.3549 -0.1694
vn -0.8066 0.5508 -0.2146
vn -0.7061 0.6582 -0.2613
vn -0.8829 0.4585 0.1012
vn -0.8732 0.4818 -0.0738
vn -0.8608 0.4510 -0.2356
vn -0.8157 0.3434 -0.4656
vn -0.6016 0.1991 -0.7736
vn -0.2572 -0.0007 -0.9664
vn -0.9725 0.1394 -0.1867
vn -0.9708 0.1503 -0.1872
vn -0.9439 0.2642 -0.1979
vn -0.9380 0.2834 -0.1996
vn -0.8918 0.3957 -0.2192
vn -0.7547 0.5924 -0.2819
vn -0.8330 0.4972 -0.2426
vn -0.8502 0.4700 -0.2371
vn -0.6727 0.6646 -0.3252
vn -0.7299 0.6186 -0.2909
vn -0.5319 0.7446 -0.4033
vn -0.5534 0.8048 -0.2146
vn -0.5534 0.8048 -0.2148
vn -0.5664 0.7247 -0.3925
vn -0.8877 0.4236 -0.1804
vn -0.5874 0.7207 -0.3682
vn -0.5442 0.7360 -0.4027
vn -0.8696 0.4051 -0.2823
vn -0.7641 0.5386 -0.3550
vn -0.8833 0.3190 -0.3435
vn -0.9368 0.2236 -0.2690
vn -0.6950 0.6397 -0.3284
vn -0.6615 0.6750 -0.3269
vn -0.6163 0.6887 -0.3821
vn -0.8677 0.3588 -0.3440
vn -0.6615 0.6749 -0.3269
vn -0.8833 0.3191 -0.3435
vn -0.2207 0.0237 -0.9751
vn -0.8287 -0.0024 -0.5596
vn -0.8604 0.2847 -0.4226
vn -0.9009 0.3793 -0.2110
vn -0.8833 0.4628 -0.0744
vn -0.8712 0.4807 0.1001
vn -0.8566 0.4449 0.2612
vn -0.8060 0.3388 0.4854
vn -0.5927 0.1961 0.7812
vn -0.2552 -0.0007 0.9669
vn -0.2082 0.0224 -0.9778
vn -0.7440 0.0686 -0.6647
vn -0.8381 0.2887 -0.4628
vn -0.8652 0.4396 -0.2413
vn -0.8213 0.5587 -0.1154
vn -0.8146 0.5770 0.0590
vn -0.8281 0.5032 0.2472
vn -0.7821 0.3719 0.5000
vn -0.5847 0.2014 0.7859
vn -0.2145 0.0198 0.9765
vn -0.9674 0.2524 0.0207
vn -0.9945 0.0996 -0.0330
vn -0.9979 -0.0638 -0.0070
vn -0.9412 -0.3377 0.0121
vn -0.9333 -0.3583 -0.0232
vn -0.9966 -0.0828 -0.0053
vn -0.9923 0.1241 -0.0041
vn -0.9600 0.2801 -0.0040
vn 0.9241 0.0147 0.3819
vn -0.9464 0.3154 -0.0692
vn 0.9914 -0.0991 0.0854
vn 0.9229 0.3850 -0.0004
vn 0.9882 0.1532 -0.0045
vn 0.9958 0.0912 -0.0057
vn 0.9259 0.3776 0.0059
vn 0.9733 0.2296 -0.0022
vn 0.9998 0.0168 -0.0063
vn 0.9963 0.0857 -0.0057
vn 0.9886 0.1503 -0.0045
vn 0.9287 0.3708 0.0059
vn 0.9743 0.2254 -0.0022
vn 0.9950 -0.0995 -0.0063
vn 0.9987 -0.0496 -0.0063
vn 0.9964 0.0843 -0.0057
vn 0.9890 0.1481 -0.0045
vn 0.9309 0.3653 0.0060
vn 0.9750 0.2221 -0.0022
vn 0.8622 -0.5065 -0.0054
vn 0.9824 -0.1867 -0.0062
vn 0.9965 0.0834 -0.0057
vn 0.9892 0.1466 -0.0045
vn 0.9322 0.3618 0.0060
vn 0.9755 0.2200 -0.0022
vn 0.9738 -0.2273 -0.0062
vn 0.8846 -0.4663 -0.0056
vn 0.9965 0.0831 -0.0057
vn 0.9893 0.1461 -0.0045
vn 0.9327 0.3605 0.0060
vn 0.9756 0.2193 -0.0022
vn 0.8846 -0.4663 -0.0036
vn 0.9738 -0.2273 -0.0040
vn 0.9824 -0.1867 -0.0040
vn 0.9988 -0.0496 -0.0041
vn 0.9967 0.0810 -0.0038
vn 0.9898 0.1423 -0.0032
vn 0.9365 0.3506 0.0019
vn 0.9769 0.2137 -0.0020
vn 0.8847 -0.4663 -0.0017
vn 0.9738 -0.2273 -0.0018
vn 0.9824 -0.1867 -0.0019
vn 0.9988 -0.0496 -0.0019
vn 0.9967 0.0810 -0.0019
vn 0.9898 0.1423 -0.0019
vn 0.9769 0.2137 -0.0018
vn 0.8847 -0.4663 -0.0015
vn 0.9738 -0.2274 -0.0016
vn 0.9824 -0.1867 -0.0016
vn 0.9988 -0.0496 -0.0017
vn 0.9967 0.0810 -0.0015
vn 0.9898 0.1423 -0.0011
vn 0.9769 0.2137 -0.0004
vn 0.9363 0.3511 -0.0018
vn 0.8846 -0.4663 -0.0110
vn 0.9738 -0.2272 -0.0121
vn 0.9823 -0.1867 -0.0122
vn 0.9987 -0.0497 -0.0124
vn 0.9972 0.0744 -0.0117
vn 0.9804 0.1968 -0.0074
vn 0.9914 0.1308 -0.0102
vn 0.9363 0.3511 0.0018
vn 0.8845 -0.4661 -0.0206
vn 0.9736 -0.2272 -0.0227
vn 0.9822 -0.1866 -0.0229
vn 0.9985 -0.0496 -0.0233
vn 0.9976 0.0661 -0.0224
vn 0.9930 0.1163 -0.0204
vn 0.9843 0.1755 -0.0165
vn 0.9401 0.3410 0.0012
vn 0.8846 -0.4663 -0.0059
vn 0.9738 -0.2274 -0.0066
vn 0.9824 -0.1867 -0.0066
vn 0.9987 -0.0496 -0.0067
vn 0.9978 0.0655 -0.0093
vn 0.9932 0.1154 -0.0147
vn 0.9844 0.1740 -0.0250
vn 0.9478 0.3188 -0.0040
vn 0.9738 -0.2273 0.0096
vn 0.8846 -0.4663 0.0088
vn 0.9824 -0.1867 0.0097
vn 0.9971 0.0766 0.0032
vn 0.9987 -0.0496 0.0099
vn 0.9908 0.1347 -0.0110
vn 0.9257 0.3508 -0.1417
vn 0.9786 0.2023 -0.0378
vn 0.8622 -0.5065 0.0085
vn 0.9824 -0.1866 0.0097
vn 0.9968 0.0801 0.0030
vn 0.9900 0.1409 -0.0116
vn 0.9211 0.3621 -0.1431
vn 0.9766 0.2113 -0.0393
vn 0.9950 -0.0995 0.0098
vn 0.9959 0.0910 0.0023
vn 0.9871 0.1597 -0.0136
vn 0.9068 0.3950 -0.1470
vn 0.9701 0.2386 -0.0436
vn 0.9989 0.0464 0.0083
vn 0.9939 0.1100 0.0011
vn 0.9812 0.1921 -0.0172
vn 0.8817 0.4463 -0.1529
vn 0.9571 0.2852 -0.0513
vn 0.9837 0.1796 -0.0082
vn 0.9706 0.2395 -0.0226
vn 0.8450 0.5104 -0.1597
vn 0.9344 0.3508 -0.0626
vn 0.9599 0.2771 -0.0418
vn 0.9524 0.3012 -0.0463
vn 0.8010 0.5814 -0.1428
vn 0.8983 0.4322 -0.0796
vn 0.9399 0.3350 -0.0660
vn 0.9654 0.2545 -0.0574
vn 0.7916 0.5987 -0.1218
vn 0.8756 0.4748 -0.0890
vn 0.9944 0.0946 -0.0478
vn 0.9738 0.2207 -0.0543
vn 0.9259 0.3713 -0.0701
vn 0.7793 0.6142 -0.1244
vn 0.8496 0.5185 -0.0971
vn 0.9684 0.2430 -0.0557
vn 0.9956 0.0807 -0.0473
vn 0.9115 0.4046 -0.0741
vn 0.7680 0.6278 -0.1266
vn 0.8241 0.5566 -0.1049
vn 0.9951 0.0865 -0.0475
vn 0.9641 0.2593 -0.0569
vn 0.9003 0.4284 -0.0772
vn 0.7601 0.6371 -0.1282
vn 0.8050 0.5828 -0.1108
vn 0.9931 0.0881 -0.0771
vn 0.9607 0.2637 -0.0869
vn 0.8943 0.4342 -0.1081
vn 0.7542 0.6369 -0.1596
vn 0.7960 0.5882 -0.1432
vn 0.9904 0.0883 -0.1065
vn 0.9574 0.2642 -0.1164
vn 0.8900 0.4345 -0.1381
vn 0.7496 0.6339 -0.1903
vn 0.7905 0.5872 -0.1739
vn 0.9815 0.1224 -0.1471
vn 0.9194 0.3549 -0.1694
vn 0.8066 0.5507 -0.2147
vn 0.7061 0.6582 -0.2613
vn 0.9725 0.1394 -0.1867
vn 0.9439 0.2642 -0.1979
vn 0.9708 0.1503 -0.1872
vn 0.9380 0.2834 -0.1996
vn 0.8918 0.3957 -0.2192
vn 0.8330 0.4972 -0.2426
vn 0.7547 0.5924 -0.2819
vn 0.8502 0.4700 -0.2371
vn 0.7299 0.6186 -0.2909
vn 0.6727 0.6646 -0.3252
vn 0.9368 0.2236 -0.2690
vn 0.6950 0.6397 -0.3284
vn 0.5874 0.7207 -0.3682
vn 0.6615 0.6750 -0.3269
vn 0.8677 0.3588 -0.3440
vn 0.6163 0.6887 -0.3821
vn 0.8833 0.3191 -0.3435
vn 0.8833 0.3190 -0.3435
vn 0.8696 0.4051 -0.2823
vn 0.5664 0.7247 -0.3925
vn 0.5442 0.7360 -0.4027
vn 0.8877 0.4236 -0.1804
vn 0.5534 0.8048 -0.2148
vn 0.5319 0.7446 -0.4033
vn -0.9678 0.2348 0.0909
vn 0.2207 0.0237 -0.9751
vn 0.8287 -0.0024 -0.5596
vn 0.8604 0.2847 -0.4226
vn 0.9009 0.3793 -0.2110
vn 0.8833 0.4628 -0.0744
vn 0.8712 0.4807 0.1001
vn 0.8567 0.4449 0.2612
vn 0.8060 0.3388 0.4854
vn 0.5927 0.1961 0.7812
vn 0.2552 -0.0007 0.9669
vn 1.0000 -0.0000 -0.0002
vn 0.2082 0.0224 -0.9778
vn 0.7440 0.0686 -0.6647
vn 0.8381 0.2887 -0.4628
vn 0.8652 0.4396 -0.2413
vn 0.8213 0.5587 -0.1154
vn 0.8146 0.5770 0.0590
vn 0.8281 0.5032 0.2472
vn 0.7821 0.3719 0.5000
vn 0.5847 0.2014 0.7859
vn 0.2145 0.0198 0.9765
vn 0.9674 0.2524 0.0207
vn 0.9945 0.0996 -0.0330
vn 0.9979 -0.0638 -0.0070
vn 0.9412 -0.3377 0.0121
vn 0.8620 -0.5064 -0.0201
vn 0.8621 -0.5065 -0.0140
vn 0.8622 -0.5065 -0.0012
vn 0.8622 -0.5065 -0.0014
vn 0.8622 -0.5065 -0.0016
vn 0.8622 -0.5066 -0.0016
vn 0.9333 -0.3583 -0.0232
vn 0.9966 -0.0828 -0.0053
vn 0.9923 0.1241 -0.0042
vn 0.9600 0.2801 -0.0040
vn -0.0470 0.9944 -0.0950
vn -0.0467 0.9852 -0.1649
vn -0.0364 0.9977 -0.0570
vn -0.0167 0.9958 -0.0905
vn -0.0619 0.9892 -0.1328
vn -0.0126 0.9911 -0.1325
vn -0.0000 0.9967 -0.0817
vn 0.0126 0.9911 -0.1325
vn -0.0000 0.9900 -0.1410
vn 0.0470 0.9944 -0.0950
vn 0.0167 0.9958 -0.0905
vn 0.0467 0.9852 -0.1649
vn 0.0619 0.9892 -0.1328
vn -0.0500 0.9850 -0.1652
vn -0.0179 0.9957 -0.0906
vn -0.0666 0.9888 -0.1334
vn -0.0000 0.9967 -0.0814
vn 0.0179 0.9957 -0.0906
vn 0.0500 0.9850 -0.1652
vn 0.0666 0.9888 -0.1334
vn -0.0595 0.9843 -0.1660
vn -0.0216 0.9956 -0.0910
vn -0.0804 0.9875 -0.1355
vn -0.0000 0.9967 -0.0813
vn 0.0216 0.9956 -0.0910
vn 0.0595 0.9843 -0.1660
vn 0.0804 0.9875 -0.1355
vn -0.0744 0.9831 -0.1672
vn -0.0276 0.9954 -0.0915
vn -0.1031 0.9850 -0.1386
vn 0.0276 0.9954 -0.0915
vn 0.0744 0.9831 -0.1672
vn 0.1031 0.9850 -0.1386
vn -0.0936 0.9812 -0.1687
vn -0.0357 0.9951 -0.0922
vn -0.1336 0.9807 -0.1427
vn -0.0000 0.9967 -0.0812
vn 0.0357 0.9951 -0.0922
vn 0.0936 0.9812 -0.1687
vn 0.1336 0.9807 -0.1427
vn -0.1150 0.9767 -0.1810
vn -0.0451 0.9889 -0.1419
vn -0.1695 0.9714 -0.1661
vn -0.0000 0.9906 -0.1366
vn 0.0451 0.9889 -0.1419
vn 0.1150 0.9767 -0.1810
vn 0.1695 0.9714 -0.1661
vn -0.1671 0.9685 -0.1845
vn -0.1131 0.9766 -0.1828
vn -0.0442 0.9808 -0.1898
vn -0.0000 0.9817 -0.1906
vn 0.0442 0.9808 -0.1898
vn 0.1671 0.9685 -0.1845
vn -0.1654 0.9688 -0.1845
vn -0.1114 0.9768 -0.1828
vn -0.0437 0.9808 -0.1898
vn 0.0437 0.9808 -0.1898
vn 0.1131 0.9766 -0.1828
vn 0.1654 0.9688 -0.1845
vn -0.1640 0.9691 -0.1845
vn -0.1100 0.9770 -0.1828
vn -0.0433 0.9809 -0.1898
vn 0.0433 0.9809 -0.1898
vn 0.1114 0.9768 -0.1828
vn 0.1640 0.9691 -0.1845
vn -0.1631 0.9692 -0.1845
vn -0.1091 0.9771 -0.1828
vn -0.0431 0.9809 -0.1898
vn 0.0431 0.9809 -0.1898
vn 0.1100 0.9770 -0.1828
vn 0.1631 0.9692 -0.1845
vn -0.1618 0.9630 -0.2156
vn -0.1081 0.9707 -0.2144
vn -0.0427 0.9755 -0.2157
vn -0.0000 0.9766 -0.2153
vn 0.0427 0.9755 -0.2157
vn 0.1091 0.9771 -0.1828
vn 0.1618 0.9630 -0.2156
vn -0.1608 0.9558 -0.2460
vn -0.1073 0.9628 -0.2480
vn -0.0425 0.9696 -0.2411
vn -0.0000 0.9708 -0.2399
vn 0.0425 0.9696 -0.2411
vn 0.1081 0.9707 -0.2144
vn 0.1608 0.9558 -0.2460
vn -0.1673 0.9396 -0.2987
vn -0.1092 0.9505 -0.2910
vn -0.0441 0.9549 -0.2935
vn -0.0000 0.9564 -0.2922
vn 0.0441 0.9549 -0.2935
vn 0.1073 0.9628 -0.2480
vn 0.1673 0.9397 -0.2984
vn -0.1680 0.9223 -0.3481
vn -0.1067 0.9336 -0.3420
vn -0.0437 0.9382 -0.3434
vn -0.0000 0.9396 -0.3423
vn 0.0437 0.9382 -0.3434
vn 0.1093 0.9505 -0.2910
vn 0.1680 0.9223 -0.3481
vn -0.1720 0.9087 -0.3804
vn -0.1046 0.9232 -0.3699
vn -0.0000 0.9251 -0.3798
vn -0.0447 0.9239 -0.3800
vn 0.1067 0.9336 -0.3420
vn 0.1720 0.9087 -0.3804
vn -0.1721 0.9087 -0.3804
vn -0.0979 0.9114 -0.3997
vn -0.0000 0.9095 -0.4157
vn -0.0439 0.9089 -0.4147
vn 0.0447 0.9239 -0.3800
vn 0.1721 0.9087 -0.3804
vn 0.0979 0.9114 -0.3997
vn 0.1712 0.8959 -0.4099
vn -0.1712 0.8959 -0.4099
vn -0.1030 0.9696 -0.2220
vn -0.0000 0.9748 -0.2229
vn -0.0470 0.9739 -0.2222
vn 0.0439 0.9089 -0.4147
vn 0.1030 0.9696 -0.2220
vn 0.1833 0.9583 -0.2191
vn -0.0469 0.9902 -0.1314
vn -0.0620 0.9892 -0.1328
vn -0.0667 0.9887 -0.1342
vn -0.0806 0.9873 -0.1368
vn -0.1033 0.9847 -0.1406
vn -0.1338 0.9803 -0.1452
vn -0.1693 0.9682 -0.1845
vn -0.1674 0.9685 -0.1845
vn -0.1658 0.9688 -0.1845
vn -0.1644 0.9690 -0.1845
vn -0.1634 0.9692 -0.1845
vn -0.1610 0.9558 -0.2459
vn -0.1611 0.9557 -0.2462
vn -0.1646 0.9229 -0.3481
vn 0.0469 0.9902 -0.1314
vn 0.0620 0.9892 -0.1328
vn 0.0667 0.9887 -0.1342
vn 0.0806 0.9873 -0.1368
vn 0.1033 0.9847 -0.1405
vn 0.1338 0.9803 -0.1452
vn 0.1693 0.9682 -0.1845
vn 0.1674 0.9685 -0.1845
vn 0.1658 0.9688 -0.1845
vn 0.1644 0.9690 -0.1845
vn 0.1634 0.9692 -0.1845
vn 0.1610 0.9558 -0.2459
vn 0.1611 0.9557 -0.2462
vn 0.1646 0.9229 -0.3481
vn -0.9551 0.2961 -0.0096
vn -0.9808 0.1941 -0.0173
vn -0.9997 0.0241 -0.0008
vn -0.9298 0.3676 -0.0152
vn -0.9698 0.2433 -0.0162
vn -0.9315 0.3636 -0.0073
vn -0.9319 0.3628 -0.0037
vn -0.9334 0.3587 -0.0005
vn -0.9309 0.3654 -0.0023
vn -0.9331 0.3596 -0.0006
vn -0.9333 0.3590 -0.0018
vn -0.9362 0.3513 0.0128
vn -0.9319 0.3627 -0.0034
vn -0.9704 0.2411 -0.0116
vn -0.9369 0.3495 0.0012
vn -0.9764 0.2095 0.0529
vn -1.0000 -0.0008 -0.0029
vn -0.9963 0.0815 -0.0272
vn -0.9495 0.3137 0.0110
vn -0.9997 0.0242 -0.0008
vn -0.9475 0.3198 0.0072
vn -0.9360 0.3521 0.0013
vn -0.9335 0.3587 -0.0005
vn -0.9357 0.3529 0.0021
vn -0.9357 0.3527 0.0011
vn -0.9353 0.3539 -0.0030
vn -0.9360 0.3521 -0.0013
vn -0.9347 0.3555 -0.0040
vn -0.9678 0.2492 -0.0363
vn -0.9520 0.3058 -0.0118
vn -0.0000 0.6912 0.7226
vn -0.0000 0.7887 -0.6147
vn -0.0000 0.6839 -0.7295
vn -0.0000 0.9173 -0.3982
vn -0.0000 0.8187 -0.5743
vn -0.0000 0.9694 -0.2456
vn -0.0000 0.9213 -0.3890
vn -0.0000 0.9976 -0.0699
vn -0.0000 0.9724 -0.2333
vn -0.0000 0.9762 0.2169
vn -0.0000 0.9977 -0.0680
vn -0.0000 0.9698 0.2440
vn -0.0000 0.8906 0.4548
vn -0.0000 0.1550 0.9879
vn -0.0000 0.9363 -0.3511
vn -0.0000 0.9853 -0.1709
vn -0.0000 0.9854 -0.1701
vn -0.0000 0.9999 0.0161
vn -0.9377 0.3474 -0.0027
vn -0.9546 0.2979 0.0051
vn -0.9640 0.2658 0.0128
vn -0.9315 0.3635 -0.0112
vn -0.9245 0.3809 -0.0123
vn -0.9235 0.3836 -0.0077
vn -0.9231 0.3847 -0.0038
vn -0.9271 0.3748 0.0017
vn -0.9333 0.3589 0.0070
vn -0.9608 0.2767 -0.0157
vn -0.9846 0.1673 -0.0511
vn -0.9363 0.3511 -0.0109
vn -0.9789 0.1974 -0.0519
vn -0.9303 0.3667 0.0077
vn -0.9322 0.3619 0.0080
vn -0.9314 0.3638 0.0087
vn -0.9330 0.3597 0.0066
vn -0.9308 0.3654 0.0087
vn -0.9394 0.3427 0.0103
vn -0.9306 0.3659 0.0089
vn -0.9387 0.3368 0.0734
vn -0.9266 0.3703 0.0661
vn -0.9570 0.2677 0.1116
vn -0.9107 0.3887 0.1396
vn -0.9610 -0.2733 0.0416
vn -0.9570 0.2677 0.1115
vn -0.9341 0.3569 0.0072
vn -0.9356 0.3529 0.0036
vn -0.9315 0.3638 0.0087
vn -0.9333 0.3590 0.0077
vn -0.9350 0.3546 0.0049
vn -0.9376 0.3478 0.0034
vn -0.9352 0.3542 0.0047
vn -0.9417 0.3366 0.0025
vn -0.9323 0.3616 0.0055
vn -0.0000 0.1418 0.9899
vn -0.0000 0.9998 -0.0178
vn -0.0000 0.9806 -0.1961
vn -0.0000 0.9724 0.2335
vn -0.0000 0.9999 -0.0143
vn -0.0000 0.9705 0.2412
vn -0.0000 0.9525 0.3046
vn -0.0000 0.9527 0.3040
vn -0.0000 0.9164 0.4003
vn -0.0000 0.9080 0.4191
vn -0.0000 0.8575 0.5145
vn -0.0000 0.9655 -0.2605
vn -0.0000 0.8878 -0.4603
vn -0.0000 0.9998 -0.0189
vn -0.0000 0.9733 -0.2297
vn -0.9254 0.3787 0.0163
vn -0.9326 0.3610 -0.0053
vn -0.9397 0.3418 -0.0069
vn -0.9221 0.3869 0.0052
vn -0.9106 0.4129 0.0188
vn -0.8993 0.4359 0.0351
vn -0.9444 0.3287 0.0124
vn -0.9344 0.3557 0.0190
vn -0.9313 0.3637 0.0200
vn -0.9774 0.1918 0.0890
vn -0.9218 0.1607 0.3528
vn -0.9610 0.0214 0.2757
vn -0.9178 0.3603 0.1669
vn -0.9687 0.2368 0.0749
vn -0.9238 0.3626 0.1232
vn -0.9210 0.3615 0.1451
vn -0.9909 0.0271 0.1321
vn -0.9975 -0.0000 0.0712
vn -0.9651 0.2472 0.0863
vn -1.0000 -0.0000 0.0094
vn -1.0000 -0.0000 0.0093
vn -0.9507 0.3100 0.0036
vn -0.9484 0.3171 -0.0023
vn -0.9449 0.3272 -0.0025
vn -0.9318 0.3631 -0.0035
vn -0.9260 0.3776 0.0059
vn -0.9287 0.3707 0.0059
vn -0.9309 0.3652 0.0060
vn -0.9328 0.3602 0.0059
vn -0.9358 0.3526 -0.0018
vn -0.9357 0.3527 -0.0011
vn -0.9357 0.3527 0.0020
vn -0.9357 0.3527 -0.0018
vn -1.0000 -0.0000 -0.0025
vn -1.0000 -0.0000 -0.0097
vn -0.9478 0.3187 -0.0040
vn -0.9875 0.1573 -0.0125
vn -0.9467 0.3179 -0.0523
vn -0.7904 -0.0000 -0.6126
vn -0.0000 -0.6097 0.7926
vn -0.0000 -0.8051 -0.5932
vn -0.0000 -0.0202 -0.9998
vn -0.0000 0.6178 -0.7863
vn -0.0000 0.9999 -0.0141
vn -0.0000 0.7311 0.6823
vn -0.0000 -0.0099 1.0000
vn 0.9808 0.1941 -0.0173
vn 0.9551 0.2961 -0.0096
vn 0.9997 0.0241 -0.0008
vn 0.9298 0.3676 -0.0152
vn 0.9698 0.2433 -0.0162
vn 0.9319 0.3628 -0.0037
vn 0.9315 0.3636 -0.0073
vn 0.9309 0.3654 -0.0023
vn 0.9334 0.3587 -0.0005
vn 0.9331 0.3596 -0.0006
vn 0.9333 0.3590 -0.0018
vn 0.9362 0.3513 0.0128
vn 0.9319 0.3627 -0.0034
vn 0.9704 0.2411 -0.0116
vn 0.9369 0.3495 0.0012
vn 1.0000 -0.0008 -0.0029
vn 0.9764 0.2095 0.0529
vn 0.9963 0.0815 -0.0272
vn 0.9997 0.0242 -0.0008
vn 0.9495 0.3137 0.0110
vn 0.9475 0.3198 0.0072
vn 0.9360 0.3521 0.0013
vn 0.9357 0.3529 0.0021
vn 0.9357 0.3527 0.0011
vn 0.9353 0.3539 -0.0030
vn 0.9360 0.3521 -0.0013
vn 0.9347 0.3555 -0.0040
vn 0.9678 0.2492 -0.0363
vn 0.9520 0.3058 -0.0118
vn 0.9640 0.2658 0.0128
vn 0.9546 0.2979 0.0051
vn 0.9377 0.3474 -0.0027
vn 0.9315 0.3635 -0.0112
vn 0.9245 0.3809 -0.0123
vn 0.9235 0.3836 -0.0077
vn 0.9231 0.3847 -0.0038
vn 0.9271 0.3748 0.0017
vn 0.9333 0.3589 0.0070
vn 0.9608 0.2767 -0.0157
vn 0.9846 0.1673 -0.0511
vn 0.9363 0.3511 -0.0109
vn 0.9789 0.1974 -0.0519
vn 0.9303 0.3667 0.0077
vn 0.9322 0.3619 0.0080
vn 0.9314 0.3638 0.0087
vn 0.9308 0.3654 0.0087
vn 0.9330 0.3597 0.0066
vn 0.9306 0.3659 0.0089
vn 0.9394 0.3427 0.0104
vn 0.9265 0.3703 0.0661
vn 0.9387 0.3368 0.0734
vn 0.9570 0.2677 0.1116
vn 0.9107 0.3887 0.1396
vn 0.9610 -0.2733 0.0416
vn 0.9341 0.3569 0.0072
vn 0.9356 0.3529 0.0036
vn 0.9315 0.3638 0.0087
vn 0.9333 0.3590 0.0077
vn 0.9350 0.3546 0.0049
vn 0.9376 0.3478 0.0034
vn 0.9352 0.3542 0.0047
vn 0.9417 0.3366 0.0025
vn 0.9323 0.3616 0.0055
vn 0.9397 0.3418 -0.0069
vn 0.9326 0.3610 -0.0053
vn 0.9254 0.3787 0.0163
vn 0.9221 0.3869 0.0052
vn 0.9106 0.4129 0.0188
vn 0.8993 0.4359 0.0351
vn 0.9444 0.3287 0.0124
vn 0.9344 0.3557 0.0190
vn 0.9313 0.3637 0.0200
vn 0.9218 0.1607 0.3528
vn 0.9774 0.1918 0.0890
vn 0.9610 0.0214 0.2757
vn 0.9687 0.2368 0.0749
vn 0.9178 0.3603 0.1669
vn 0.9238 0.3626 0.1232
vn 0.9210 0.3615 0.1451
vn 0.9909 0.0271 0.1321
vn 0.9238 0.3625 0.1232
vn 0.9975 -0.0000 0.0712
vn 1.0000 -0.0000 0.0094
vn 0.9507 0.3100 0.0036
vn 1.0000 -0.0000 0.0093
vn 0.9484 0.3171 -0.0023
vn 0.9449 0.3272 -0.0025
vn 0.9318 0.3631 -0.0035
vn 0.9260 0.3776 0.0059
vn 0.9287 0.3707 0.0059
vn 0.9309 0.3652 0.0060
vn 0.9358 0.3526 0.0019
vn 0.9358 0.3527 0.0019
vn 0.9358 0.3526 -0.0018
vn 0.9357 0.3527 0.0020
vn 1.0000 -0.0000 -0.0025
vn 0.9358 0.3526 -0.0020
vn 0.9478 0.3187 -0.0040
vn 1.0000 -0.0000 -0.0097
vn 0.9467 0.3178 -0.0523
vn 0.9875 0.1573 -0.0125
vn 0.7904 -0.0000 -0.6126
vn -0.0774 0.9712 0.2253
vn -0.0994 0.9939 0.0470
vn -0.0835 0.9696 0.2302
vn -0.0513 0.9711 0.2330
vn -0.0915 0.9946 0.0493
vn -0.0000 0.9702 0.2425
vn -0.0596 0.9966 0.0576
vn 0.0596 0.9966 0.0576
vn -0.0000 0.9977 0.0679
vn 0.0513 0.9711 0.2330
vn 0.0915 0.9946 0.0493
vn 0.0774 0.9712 0.2253
vn 0.0994 0.9939 0.0470
vn -0.1019 0.9945 0.0230
vn -0.1102 0.9937 0.0210
vn -0.0667 0.9973 0.0318
vn -0.0000 0.9991 0.0435
vn 0.0667 0.9973 0.0318
vn 0.1019 0.9945 0.0230
vn -0.1144 0.9929 0.0318
vn -0.1051 0.9940 0.0315
vn -0.0684 0.9971 0.0340
vn 0.0684 0.9971 0.0340
vn -0.0000 0.9993 0.0377
vn 0.1051 0.9940 0.0315
vn 0.1144 0.9929 0.0318
vn -0.0836 0.9930 -0.0838
vn -0.0904 0.9922 -0.0856
vn -0.0551 0.9949 -0.0846
vn -0.0000 0.9964 -0.0850
vn 0.0551 0.9949 -0.0846
vn 0.0836 0.9930 -0.0838
vn -0.0830 0.9662 -0.2439
vn -0.0901 0.9641 -0.2499
vn -0.0538 0.9685 -0.2431
vn -0.0000 0.9706 -0.2405
vn 0.0538 0.9685 -0.2431
vn 0.0904 0.9922 -0.0856
vn 0.0830 0.9662 -0.2439
vn -0.0795 0.9178 -0.3890
vn -0.0860 0.9149 -0.3945
vn -0.0517 0.9171 -0.3954
vn -0.0000 0.9159 -0.4014
vn 0.0517 0.9171 -0.3954
vn 0.0901 0.9641 -0.2499
vn 0.0795 0.9178 -0.3890
vn -0.0737 0.8885 -0.4530
vn -0.0803 0.8899 -0.4490
vn -0.0477 0.8841 -0.4649
vn -0.0517 0.9170 -0.3955
vn -0.0000 0.8794 -0.4760
vn 0.0517 0.9170 -0.3955
vn 0.0477 0.8841 -0.4649
vn 0.0860 0.9149 -0.3945
vn 0.0737 0.8885 -0.4530
vn -0.0394 0.8764 -0.4800
vn -0.0422 0.8756 -0.4813
vn -0.0268 0.8727 -0.4874
vn -0.0000 0.8681 -0.4964
vn -0.0000 0.8793 -0.4762
vn 0.0268 0.8727 -0.4874
vn 0.0803 0.8899 -0.4490
vn 0.0394 0.8764 -0.4800
vn -0.0358 0.8634 -0.5033
vn -0.0383 0.8643 -0.5015
vn -0.0238 0.8590 -0.5115
vn -0.0000 0.8536 -0.5209
vn 0.0238 0.8590 -0.5115
vn 0.0422 0.8756 -0.4813
vn 0.0358 0.8634 -0.5033
vn -0.0259 0.6492 -0.7602
vn -0.0260 0.6126 -0.7900
vn -0.0172 0.6457 -0.7634
vn -0.0000 0.6413 -0.7673
vn 0.0172 0.6457 -0.7634
vn 0.0383 0.8643 -0.5015
vn 0.0259 0.6492 -0.7602
vn -0.0142 0.3611 -0.9324
vn -0.0151 0.3616 -0.9322
vn -0.0095 0.3589 -0.9333
vn -0.0000 0.3564 -0.9343
vn -0.0000 0.6412 -0.7674
vn 0.0095 0.3589 -0.9333
vn 0.0260 0.6126 -0.7900
vn 0.0142 0.3611 -0.9324
vn -0.0730 0.9401 0.3330
vn -0.0835 0.9695 0.2302
vn -0.0792 0.9403 0.3310
vn -0.0478 0.9393 0.3397
vn -0.0000 0.9381 0.3464
vn -0.0000 0.9701 0.2425
vn 0.0478 0.9393 0.3397
vn 0.0730 0.9401 0.3330
vn 0.0835 0.9695 0.2302
vn -0.0647 0.9455 0.3192
vn -0.0712 0.9471 0.3129
vn -0.0416 0.9429 0.3304
vn -0.0000 0.9400 0.3412
vn -0.0000 0.9381 0.3465
vn 0.0416 0.9429 0.3304
vn 0.0647 0.9455 0.3192
vn 0.0792 0.9403 0.3310
vn -0.0045 0.9527 0.3040
vn -0.0038 0.9535 0.3015
vn -0.0050 0.9487 0.3162
vn -0.0045 0.9526 0.3041
vn -0.0000 0.9433 0.3320
vn 0.0050 0.9487 0.3162
vn 0.0045 0.9527 0.3040
vn 0.0712 0.9471 0.3129
vn -0.0012 0.9528 0.3036
vn -0.0000 0.9537 0.3007
vn -0.0019 0.9481 0.3180
vn -0.0000 0.9419 0.3360
vn 0.0019 0.9481 0.3180
vn 0.0012 0.9528 0.3036
vn 0.0038 0.9535 0.3015
vn -0.1680 0.7840 0.5976
vn -0.0938 0.8101 0.5787
vn -0.1720 0.8041 0.5691
vn -0.0919 0.7877 0.6092
vn -0.0447 0.8118 0.5822
vn -0.0928 0.8305 0.5492
vn -0.1711 0.8224 0.5426
vn -0.0439 0.8333 0.5510
vn -0.0000 0.1090 -0.9940
vn -0.0000 0.1004 -0.9949
vn -0.0000 -0.9069 0.4214
vn 0.0991 0.2413 -0.9654
vn 0.0505 0.2422 -0.9689
vn -0.0993 0.9169 -0.3867
vn 0.0919 0.7877 0.6092
vn 0.0447 0.8118 0.5822
vn 0.0441 0.7883 0.6137
vn 0.1680 0.7840 0.5976
vn 0.0938 0.8101 0.5787
vn 0.0439 0.8333 0.5510
vn 0.1720 0.8041 0.5691
vn 0.0928 0.8305 0.5492
vn -0.0882 -0.8493 0.5205
vn -0.0505 0.2422 -0.9689
vn -0.0991 0.2413 -0.9654
vn 0.0954 0.9193 -0.3819
vn -0.7837 -0.3580 0.5076
vn -0.8297 -0.1536 0.5366
vn -0.6944 -0.2695 0.6672
vn -0.9713 -0.1546 -0.1806
vn -0.9879 -0.1144 -0.1050
vn -0.9814 -0.1608 -0.1044
vn -0.9458 -0.1436 -0.2914
vn -0.9732 -0.0707 -0.2190
vn -0.2534 -0.0485 -0.9661
vn -0.3863 0.2241 -0.8947
vn -0.3931 -0.0919 -0.9149
vn -0.0490 -0.0199 -0.9986
vn -0.2221 0.2614 -0.9393
vn -0.0000 -0.0151 -0.9999
vn -0.0441 0.2899 -0.9560
vn 0.0441 0.2899 -0.9560
vn -0.0000 0.2941 -0.9558
vn 0.0490 -0.0199 -0.9986
vn 0.2221 0.2614 -0.9393
vn 0.2534 -0.0485 -0.9661
vn 0.3863 0.2241 -0.8947
vn 0.9458 -0.1436 -0.2914
vn 0.9732 -0.0707 -0.2190
vn 0.9555 -0.0398 -0.2922
vn 0.9713 -0.1546 -0.1806
vn 0.9879 -0.1144 -0.1050
vn 0.7837 -0.3580 0.5076
vn 0.8297 -0.1536 0.5366
vn 0.8369 -0.2709 0.4756
vn -0.6378 -0.1556 0.7544
vn -0.3760 -0.3445 0.8602
vn -0.9595 -0.2625 -0.1025
vn -0.9313 -0.3135 -0.1856
vn -0.2119 -0.4860 -0.8479
vn -0.3425 -0.4864 -0.8038
vn -0.0424 -0.4626 -0.8856
vn -0.0000 -0.4565 -0.8897
vn 0.0424 -0.4626 -0.8856
vn 0.2119 -0.4860 -0.8479
vn 0.3931 -0.0919 -0.9149
vn 0.9313 -0.3135 -0.1856
vn 0.8861 -0.3705 -0.2787
vn 0.9595 -0.2625 -0.1025
vn 0.6944 -0.2695 0.6672
vn 0.6378 -0.1556 0.7544
vn -0.3678 -0.2677 -0.8905
vn -0.0636 -0.3793 -0.9231
vn -0.6706 -0.1030 -0.7347
vn -0.7895 -0.5705 -0.2263
vn -0.8050 -0.5644 -0.1827
vn -0.8861 -0.3705 -0.2787
vn -0.5339 -0.6282 -0.5660
vn -0.0361 -0.5035 -0.8632
vn -0.1761 -0.5475 -0.8181
vn -0.0000 -0.4945 -0.8692
vn 0.0361 -0.5035 -0.8632
vn 0.5339 -0.6282 -0.5660
vn 0.1761 -0.5475 -0.8181
vn 0.8050 -0.5644 -0.1827
vn 0.7895 -0.5705 -0.2263
vn 0.3678 -0.2677 -0.8905
vn 0.0636 -0.3793 -0.9231
vn -0.3545 -0.4651 -0.8112
vn -0.9363 -0.3172 -0.1507
vn -0.8132 -0.4877 -0.3175
vn -0.9906 -0.1040 -0.0892
vn -0.7108 -0.6826 -0.1697
vn -0.2791 -0.3427 -0.8970
vn -0.5225 -0.4150 -0.7448
vn -0.0512 -0.4307 -0.9010
vn -0.0000 -0.4042 -0.9147
vn 0.0512 -0.4307 -0.9010
vn 0.2791 -0.3427 -0.8970
vn 0.7108 -0.6826 -0.1697
vn 0.5226 -0.4150 -0.7448
vn 0.9363 -0.3172 -0.1507
vn 0.8132 -0.4877 -0.3175
vn -0.9941 -0.0169 -0.1068
vn -0.9943 -0.0198 -0.1050
vn -0.9760 -0.0205 -0.2166
vn -0.9422 -0.0364 -0.3331
vn -0.9720 0.0201 -0.2342
vn -0.2641 -0.1543 -0.9521
vn -0.5226 -0.4149 -0.7448
vn -0.3498 -0.0867 -0.9328
vn 0.2641 -0.1543 -0.9521
vn 0.5226 -0.4149 -0.7448
vn 0.9422 -0.0364 -0.3331
vn 0.9720 0.0201 -0.2342
vn 0.9424 0.0286 -0.3332
vn 0.9760 -0.0205 -0.2166
vn 0.9941 -0.0169 -0.1068
vn 0.9906 -0.1040 -0.0892
vn -0.9833 0.1425 -0.1128
vn -0.9876 0.1055 -0.1164
vn -0.9641 0.1193 -0.2372
vn -0.3507 -0.0514 -0.9351
vn -0.2252 -0.0468 -0.9732
vn -0.0410 -0.2745 -0.9607
vn -0.0447 -0.0752 -0.9962
vn -0.0000 -0.2747 -0.9615
vn 0.0447 -0.0752 -0.9962
vn -0.0000 -0.0804 -0.9968
vn 0.2252 -0.0468 -0.9732
vn 0.0410 -0.2745 -0.9607
vn 0.3507 -0.0514 -0.9351
vn 0.9641 0.1193 -0.2372
vn 0.9358 0.1215 -0.3308
vn 0.9833 0.1425 -0.1128
vn 0.9943 -0.0198 -0.1050
vn -0.9452 0.3083 -0.1071
vn -0.9838 0.1330 -0.1205
vn -0.9270 0.3082 -0.2137
vn -0.8994 0.3002 -0.3177
vn -0.3439 0.2064 -0.9160
vn -0.1956 0.1659 -0.9666
vn -0.0377 0.1244 -0.9915
vn 0.0377 0.1244 -0.9915
vn -0.0000 0.1169 -0.9931
vn 0.1956 0.1659 -0.9666
vn 0.3439 0.2064 -0.9160
vn 0.8994 0.3002 -0.3177
vn 0.9270 0.3082 -0.2137
vn 0.9452 0.3083 -0.1071
vn 0.9876 0.1055 -0.1164
vn -0.6926 -0.7092 0.1317
vn -0.8533 -0.4876 0.1848
vn -0.8302 -0.4103 0.3773
vn -0.6703 -0.7365 0.0903
vn -0.7249 -0.6861 0.0616
vn -0.5304 -0.8074 0.2585
vn -0.6903 -0.7166 0.0997
vn -0.1724 -0.8319 0.5275
vn -0.5200 -0.7961 0.3095
vn -0.0430 -0.7865 0.6161
vn -0.1908 -0.8136 0.5492
vn -0.0364 -0.8036 0.5941
vn -0.0000 -0.7779 0.6284
vn 0.0364 -0.8036 0.5941
vn -0.0000 -0.7962 0.6051
vn 0.1724 -0.8319 0.5275
vn 0.0430 -0.7865 0.6161
vn 0.5200 -0.7961 0.3095
vn 0.1908 -0.8136 0.5492
vn 0.5304 -0.8074 0.2585
vn 0.6903 -0.7166 0.0997
vn 0.6703 -0.7365 0.0903
vn 0.7249 -0.6861 0.0616
vn 0.6926 -0.7092 0.1317
vn 0.8533 -0.4876 0.1848
vn -0.9232 -0.3839 0.0180
vn -0.8589 -0.5104 0.0412
vn -0.8218 -0.5565 0.1219
vn -0.2264 -0.7333 0.6411
vn -0.6469 -0.6626 0.3774
vn -0.0487 -0.7145 0.6979
vn -0.0000 -0.7074 0.7069
vn 0.0487 -0.7145 0.6979
vn 0.2264 -0.7333 0.6411
vn 0.8218 -0.5565 0.1219
vn 0.6469 -0.6626 0.3774
vn 0.8589 -0.5104 0.0412
vn 0.9232 -0.3839 0.0180
vn -0.9743 -0.2252 0.0082
vn -0.9731 -0.2212 0.0644
vn -0.9574 -0.2473 0.1490
vn -0.4623 -0.4352 0.7726
vn -0.0610 -0.4126 0.9089
vn -0.2899 -0.4119 0.8639
vn -0.0000 -0.4102 0.9120
vn 0.0610 -0.4126 0.9089
vn 0.4623 -0.4352 0.7726
vn 0.2899 -0.4119 0.8639
vn 0.9574 -0.2473 0.1490
vn 0.9652 -0.1997 0.1688
vn 0.9731 -0.2212 0.0644
vn 0.9743 -0.2252 0.0082
vn -0.9918 0.0990 0.0810
vn -0.9931 -0.1023 0.0578
vn -0.9652 -0.1997 0.1688
vn -0.9815 0.1128 0.1545
vn -0.5017 0.1921 0.8434
vn -0.0665 0.1780 0.9818
vn -0.3140 0.1788 0.9324
vn -0.0000 0.1766 0.9843
vn 0.0665 0.1780 0.9818
vn 0.5017 0.1921 0.8435
vn 0.3140 0.1788 0.9324
vn 0.9815 0.1128 0.1545
vn 0.9811 0.0887 0.1719
vn 0.9918 0.0990 0.0810
vn -0.8868 0.4552 0.0798
vn -0.9937 -0.0085 0.1118
vn -0.9918 0.0992 0.0810
vn -0.8640 0.4855 0.1333
vn -0.6609 0.6169 0.4274
vn -0.2303 0.6875 0.6887
vn -0.0665 0.1781 0.9818
vn -0.3140 0.1790 0.9324
vn -0.0000 0.1767 0.9843
vn -0.0477 0.6874 0.7247
vn 0.0477 0.6874 0.7247
vn -0.0000 0.6849 0.7286
vn 0.0665 0.1781 0.9818
vn 0.2303 0.6875 0.6887
vn 0.5017 0.1921 0.8434
vn 0.3140 0.1790 0.9324
vn 0.6609 0.6169 0.4274
vn 0.9918 0.0992 0.0810
vn 0.8640 0.4855 0.1333
vn 0.9931 -0.1023 0.0578
vn 0.8868 0.4552 0.0798
vn -0.9203 0.3777 0.1015
vn -0.9912 0.0049 0.1324
vn -0.9068 0.4003 0.1322
vn -0.7655 0.5965 0.2413
vn -0.1627 0.8634 0.4776
vn -0.0321 0.8548 0.5180
vn 0.0321 0.8548 0.5180
vn -0.0000 0.8517 0.5241
vn 0.1627 0.8634 0.4776
vn 0.7655 0.5965 0.2413
vn 0.9068 0.4003 0.1322
vn 0.9937 -0.0085 0.1118
vn 0.9203 0.3777 0.1015
vn -0.9836 0.1274 0.1279
vn -0.9910 0.0071 0.1340
vn -0.9204 0.3776 0.1015
vn -0.9812 0.1219 0.1494
vn -0.3418 -0.0446 0.9387
vn -0.5175 -0.0100 0.8556
vn -0.5175 -0.0095 0.8556
vn -0.0696 -0.0839 0.9940
vn -0.3058 -0.0504 0.9508
vn -0.0000 -0.0905 0.9959
vn -0.0637 -0.0846 0.9944
vn 0.0637 -0.0846 0.9944
vn 0.0696 -0.0839 0.9940
vn 0.3058 -0.0504 0.9508
vn 0.3418 -0.0446 0.9387
vn 0.5175 -0.0100 0.8556
vn 0.9812 0.1219 0.1494
vn 0.9792 0.1140 0.1677
vn 0.9836 0.1274 0.1279
vn 0.9912 0.0049 0.1324
vn 0.9204 0.3776 0.1015
vn -0.9391 0.2780 -0.2018
vn -0.8113 0.5381 -0.2286
vn -0.9302 0.2948 -0.2189
vn -0.8111 0.5380 -0.2293
vn -0.8293 0.4052 -0.3849
vn -0.6572 0.6571 -0.3691
vn -0.0000 -0.0002 1.0000
vn 0.9391 0.2780 -0.2018
vn 0.8113 0.5381 -0.2286
vn 0.9302 0.2948 -0.2189
vn 0.8111 0.5380 -0.2293
vn 0.8293 0.4052 -0.3849
vn 0.6572 0.6571 -0.3691
vn -0.0000 0.0002 -1.0000
vn -0.0000 0.9480 0.3183
vn -0.0000 -0.0083 1.0000
vn -0.9933 -0.0494 0.1048
vn -0.9896 -0.0990 0.1045
vn -0.9852 -0.0491 0.1640
vn -0.9817 -0.0982 0.1634
vn -0.7394 -0.0369 0.6722
vn -0.7442 -0.0744 0.6638
vn -0.3130 -0.0016 0.9497
vn -0.7394 -0.0369 0.6723
vn -0.3130 -0.0016 0.9498
vn -0.3158 -0.0000 0.9488
vn 0.3158 -0.0000 0.9488
vn 0.7442 -0.0744 0.6638
vn 0.3130 -0.0016 0.9497
vn 0.3159 -0.0000 0.9488
vn 0.9817 -0.0982 0.1634
vn 0.7394 -0.0369 0.6722
vn 0.9896 -0.0990 0.1045
vn 0.9852 -0.0491 0.1640
vn 0.9933 -0.0494 0.1049
vn -0.9942 0.0227 0.1048
vn -0.9863 0.0216 0.1635
vn -0.7415 0.0121 0.6708
vn -0.3120 0.0007 0.9501
vn 0.3130 -0.0016 0.9498
vn 0.7415 0.0121 0.6708
vn 0.3120 0.0007 0.9501
vn 0.9863 0.0216 0.1635
vn 0.7416 0.0121 0.6707
vn 0.9942 0.0227 0.1048
vn -0.9938 0.0380 0.1045
vn -0.7416 0.0121 0.6707
vn -0.9861 0.0359 0.1624
vn -0.7446 0.0202 0.6672
vn -0.3142 0.0008 0.9494
vn 0.7446 0.0202 0.6672
vn 0.3143 0.0008 0.9493
vn 0.9861 0.0359 0.1624
vn 0.9938 0.0380 0.1045
vn -0.9933 0.0494 0.1041
vn -0.9858 0.0468 0.1613
vn -0.7478 0.0264 0.6634
vn -0.3188 0.0036 0.9478
vn 0.3142 0.0008 0.9493
vn 0.7478 0.0264 0.6634
vn 0.3188 0.0036 0.9478
vn 0.9858 0.0468 0.1613
vn 0.9933 0.0494 0.1041
vn -0.9909 0.0873 0.1022
vn -0.9844 0.0827 0.1553
vn -0.7648 0.0478 0.6425
vn -0.3338 0.0070 0.9426
vn 0.7648 0.0478 0.6425
vn 0.3338 0.0070 0.9426
vn 0.9844 0.0827 0.1553
vn 0.9909 0.0873 0.1022
vn -0.9863 0.1322 0.0987
vn -0.9816 0.1255 0.1436
vn -0.7980 0.0758 0.5978
vn -0.3586 0.0044 0.9335
vn 0.7980 0.0758 0.5978
vn 0.3586 0.0044 0.9335
vn 0.9816 0.1255 0.1436
vn 0.9863 0.1322 0.0987
vn -0.9843 0.1472 0.0971
vn -0.9804 0.1404 0.1384
vn -0.8129 0.0865 0.5759
vn 0.8129 0.0866 0.5759
vn 0.6899 0.0084 0.7239
vn 0.9804 0.1404 0.1384
vn 0.9843 0.1472 0.0971
vn -0.9823 0.1608 0.0956
vn -0.9792 0.1531 0.1335
vn -0.6899 0.0084 0.7239
vn -0.8270 0.0961 0.5539
vn 0.8270 0.0961 0.5539
vn 0.7076 0.0059 0.7066
vn 0.9792 0.1531 0.1335
vn 0.9823 0.1608 0.0956
vn -0.7076 0.0059 0.7066
vn 0.7151 0.0080 0.6989
vn -0.0532 -0.9986 -0.0000
vn 0.3361 -0.9418 -0.0000
vn -0.3361 -0.9418 -0.0000
vn 0.0532 -0.9986 -0.0000
vn -0.0415 -0.9990 0.0185
vn 0.2680 -0.9621 -0.0501
vn -0.3361 -0.9416 -0.0224
vn 0.0532 -0.9985 0.0099
vn -0.0416 -0.9991 -0.0001
vn 0.2683 -0.9633 0.0003
vn -0.2690 -0.9631 0.0001
vn 0.0417 -0.9991 -0.0000
vn -0.0417 -0.9991 -0.0003
vn 0.2690 -0.9631 0.0009
vn -0.2716 -0.9624 0.0003
vn 0.0421 -0.9991 -0.0001
vn -0.0421 -0.9990 -0.0176
vn 0.2713 -0.9613 0.0477
vn -0.3361 -0.9416 0.0211
vn 0.0532 -0.9985 -0.0093
vn 0.0143 -0.9999 0.0081
vn 0.1787 -0.9699 0.1657
vn 1.0000 -0.0000 0.0063
vn 1.0000 -0.0000 0.0019
vn 1.0000 -0.0000 0.0014
vn 0.9997 -0.0000 0.0233
vn 1.0000 -0.0000 -0.0099
vn 1.0000 -0.0000 -0.0063
vn 1.0000 -0.0000 -0.0019
vn 1.0000 -0.0000 -0.0014
vn 0.9997 -0.0000 -0.0233
vn 1.0000 -0.0000 0.0099
vn -0.0000 -0.3827 0.9239
vn -0.0000 -0.9239 0.3827
vn -0.0000 -0.9239 -0.3827
vn -0.0000 -0.3827 -0.9239
vn -0.0000 0.3827 -0.9239
vn -0.0000 0.9239 -0.3827
vn -0.0000 0.9239 0.3827
vn -0.0000 0.3827 0.9239
vn 0.9239 -0.3827 -0.0000
vn 0.3827 -0.9239 -0.0000
vn -0.3827 -0.9239 -0.0000
vn -0.9239 -0.3827 -0.0000
vn -0.9239 0.3827 -0.0000
vn -0.3827 0.9239 -0.0000
vn 0.3827 0.9239 -0.0000
vn 0.9239 0.3827 -0.0000
vn 0.8313 0.5558 -0.0000
vn 0.2486 0.9686 -0.0000
vn -0.2486 0.9686 -0.0000
vn -0.8313 0.5558 -0.0000
vn -0.8313 -0.5558 -0.0000
vn -0.2486 -0.9686 -0.0000
vn 0.2486 -0.9686 -0.0000
vn 0.8313 -0.5558 -0.0000
vn -0.9239 -0.3808 -0.0382
vn -0.3827 -0.9193 -0.0923
vn 0.3827 -0.9193 -0.0917
vn 0.9251 -0.3779 -0.0373
vn 0.9227 0.3835 0.0382
vn 0.3772 0.9216 0.0918
vn -0.3883 0.9169 0.0919
vn -0.9239 0.3807 0.0385
vn -0.9188 -0.3827 -0.0968
vn -0.3806 -0.9239 -0.0401
vn 0.3806 -0.9239 0.0399
vn 0.9184 -0.3838 0.0965
vn 0.9193 0.3816 0.0967
vn 0.3808 0.9238 0.0401
vn -0.3804 0.9239 -0.0402
vn -0.9188 0.3827 -0.0969
vn -0.0000 0.0995 -0.9950
vn -0.1047 -0.0000 0.9945
vn -0.1047 -0.0001 0.9945
vn -0.9188 -0.3827 -0.0967
vn 0.3806 -0.9239 0.0401
vn 0.9188 -0.3827 0.0967
vn 0.9188 0.3827 0.0967
vn 0.3806 0.9239 0.0401
vn -0.3806 0.9239 -0.0401
vn -0.9188 0.3827 -0.0967
vn -0.8660 -0.4947 -0.0727
vn -0.0000 -0.9894 -0.1455
vn 0.8660 -0.4947 -0.0727
vn 0.8660 0.4947 0.0727
vn -0.0000 0.9894 0.1455
vn -0.8660 0.4947 0.0727
vn -0.0000 0.1455 -0.9894
vn -0.0000 -0.1455 0.9894
vn -0.6095 -0.3585 -0.7071
vn -0.6095 -0.3585 0.7071
vn 0.6095 0.3585 0.7071
vn 0.6095 0.3585 -0.7071
vn 0.5070 -0.8619 -0.0000
vn -0.5070 0.8619 -0.0000
vn -0.0152 -0.7059 0.7081
vn 0.0958 -0.7060 -0.7017
vn 0.0152 0.7060 -0.7081
vn -0.0958 0.7059 0.7018
vn -0.9953 -0.0572 -0.0784
vn 0.9953 0.0572 0.0784
vn -0.0345 -0.7067 0.7067
vn 0.0813 -0.7067 -0.7028
vn 0.0345 0.7067 -0.7067
vn -0.0813 0.7067 0.7028
vn -0.9961 -0.0332 -0.0819
vn 0.9961 0.0332 0.0819
vn 0.7128 -0.6664 -0.2187
vn -0.7010 -0.6664 -0.2541
vn -0.7128 0.6664 0.2187
vn 0.7010 0.6664 0.2541
vn -0.0236 -0.3344 0.9421
vn 0.0236 0.3345 -0.9421
vn 0.9464 0.3154 -0.0692
vn 0.7641 0.5386 -0.3550
vn 0.5534 0.8048 -0.2146
vn 0.2572 -0.0007 -0.9664
vn 0.6016 0.1991 -0.7736
vn 0.8157 0.3434 -0.4656
vn 0.8608 0.4510 -0.2356
vn 0.8732 0.4818 -0.0738
vn 0.8829 0.4585 0.1012
vn 0.8952 0.3763 0.2389
vn 0.8502 0.2814 0.4449
vn 0.8164 -0.0023 0.5775
vn 0.2191 0.0235 0.9754
vn 0.2124 0.0196 -0.9770
vn 0.5750 0.1981 -0.7938
vn 0.7547 0.3835 -0.5323
vn 0.7943 0.5403 -0.2776
vn 0.8107 0.5743 -0.1143
vn 0.8530 0.5184 0.0602
vn 0.8819 0.4194 0.2154
vn 0.8495 0.2926 0.4389
vn 0.7575 0.0698 0.6491
vn 0.2102 0.0226 0.9774
vn 0.9714 0.2343 -0.0388
vn 0.9947 0.1030 -0.0076
vn 0.9966 -0.0704 -0.0423
vn 0.9334 -0.3531 -0.0636
vn 0.8620 -0.5065 -0.0201
vn 0.8622 -0.5066 -0.0012
vn 0.9279 -0.3710 0.0368
vn 0.9965 -0.0833 0.0035
vn 0.9923 0.1239 0.0004
vn 0.9600 0.2799 0.0004
vn 0.0364 0.9977 -0.0570
vn 0.1046 0.9232 -0.3699
vn -0.1833 0.9583 -0.2191
vn 0.0470 0.9739 -0.2222
vn -0.0621 0.9893 -0.1321
vn -0.0667 0.9888 -0.1336
vn -0.0806 0.9876 -0.1349
vn -0.1033 0.9851 -0.1374
vn -0.1339 0.9809 -0.1410
vn -0.1704 0.9746 -0.1453
vn -0.1675 0.9685 -0.1845
vn -0.1633 0.9692 -0.1844
vn -0.1612 0.9558 -0.2461
vn -0.1702 0.9542 -0.2460
vn -0.1684 0.9222 -0.3481
vn 0.0621 0.9893 -0.1321
vn 0.0667 0.9888 -0.1336
vn 0.0806 0.9876 -0.1349
vn 0.1033 0.9851 -0.1374
vn 0.1339 0.9809 -0.1410
vn 0.1704 0.9746 -0.1453
vn 0.1675 0.9685 -0.1845
vn 0.1633 0.9692 -0.1844
vn 0.1612 0.9558 -0.2461
vn 0.1702 0.9542 -0.2460
vn 0.1684 0.9222 -0.3481
vn -0.0000 0.6912 0.7227
vn -0.9358 0.3526 0.0020
vn -0.9358 0.3526 -0.0017
vn -0.6814 0.3773 -0.6271
vn 0.9658 0.2433 0.0898
vn 0.9365 0.3507 0.0019
vn 0.9358 0.3526 -0.0017
vn 0.6814 0.3773 -0.6271
vn 0.0835 0.9696 0.2302
vn 0.1102 0.9937 0.0210
vn 0.0151 0.3616 -0.9322
vn 0.0045 0.9526 0.3041
vn -0.0441 0.7883 0.6137
vn 0.1166 0.0538 -0.9917
vn 0.0559 0.1349 -0.9893
vn 0.0882 -0.8493 0.5205
vn -0.0954 0.9193 -0.3819
vn 0.1711 0.8224 0.5426
vn -0.0559 0.1349 -0.9893
vn -0.1166 0.0538 -0.9917
vn 0.0993 0.9169 -0.3867
vn -0.8369 -0.2709 0.4756
vn -0.9555 -0.0398 -0.2922
vn 0.9814 -0.1608 -0.1044
vn 0.3425 -0.4864 -0.8038
vn 0.3760 -0.3445 0.8602
vn 0.3545 -0.4651 -0.8112
vn 0.6706 -0.1030 -0.7347
vn -0.9424 0.0286 -0.3332
vn 0.3498 -0.0867 -0.9328
vn -0.9358 0.1215 -0.3308
vn 0.9838 0.1330 -0.1205
vn 0.8302 -0.4103 0.3773
vn -0.9811 0.0887 0.1719
vn -0.9792 0.1140 0.1677
vn 0.5175 -0.0095 0.8556
vn 0.9910 0.0071 0.1340
vn -0.9287 0.2943 -0.2255
vn -0.8325 0.5158 -0.2022
vn -0.8708 0.4255 -0.2462
vn -0.6870 0.6870 -0.2367
vn -0.7229 0.5590 -0.4061
vn -0.6080 0.7057 -0.3638
vn 0.0001 -0.0000 1.0000
vn -0.0000 0.0001 1.0000
vn 0.9287 0.2943 -0.2255
vn 0.8325 0.5158 -0.2022
vn 0.8708 0.4255 -0.2462
vn 0.6870 0.6870 -0.2367
vn 0.7229 0.5590 -0.4061
vn 0.6080 0.7057 -0.3638
vn -0.0001 -0.0000 -1.0000
vn -0.0000 -0.0001 -1.0000
vn -0.3159 -0.0000 0.9488
vn 0.7394 -0.0369 0.6723
vn -0.3143 0.0008 0.9493
vn 0.3142 0.0008 0.9494
vn -0.7151 0.0080 0.6989
vn -0.0532 -0.9985 0.0099
vn 0.3361 -0.9416 -0.0224
vn -0.2680 -0.9621 -0.0501
vn 0.0415 -0.9990 0.0185
vn -0.0417 -0.9991 -0.0000
vn 0.2690 -0.9631 0.0001
vn -0.2683 -0.9633 0.0003
vn 0.0416 -0.9991 -0.0001
vn -0.0421 -0.9991 -0.0001
vn 0.2716 -0.9624 0.0003
vn -0.2690 -0.9631 0.0009
vn 0.0417 -0.9991 -0.0003
vn -0.0532 -0.9985 -0.0093
vn 0.3361 -0.9416 0.0211
vn -0.2713 -0.9613 0.0477
vn 0.0421 -0.9990 -0.0176
vn -0.0173 -0.9998 -0.0018
vn -0.0003 -0.9987 -0.0517
vn 0.0003 -0.9987 -0.0517
vn -0.0532 -0.9983 -0.0225
vn 0.0173 -0.9998 -0.0018
vn 0.0043 -1.0000 -0.0069
vn -0.0043 -1.0000 -0.0069
vn -0.0000 -0.9958 0.0919
vn 0.3318 -0.9297 0.1601
vn -0.3318 -0.9297 0.1601
vn 0.0532 -0.9983 -0.0225
vn -0.0143 -0.9999 0.0081
vn -0.0527 -0.9881 0.1443
vn 0.3361 -0.9418 0.0029
vn -0.0033 -0.9860 0.1665
vn -0.3361 -0.9418 0.0029
vn 0.0527 -0.9881 0.1443
vn -0.3417 -0.9269 0.1553
vn -0.3613 -0.9314 0.0440
vn 0.0033 -0.9860 0.1665
vn 0.3417 -0.9269 0.1553
vn 0.3613 -0.9314 0.0440
vn -0.1787 -0.9699 0.1657
vn -0.0000 -0.9981 0.0616
vn -0.9227 -0.3835 -0.0380
vn -0.3772 -0.9216 -0.0916
vn 0.3883 -0.9171 -0.0906
vn 0.9239 -0.3809 -0.0371
vn 0.9239 0.3807 0.0384
vn 0.3827 0.9192 0.0925
vn -0.3827 0.9192 0.0931
vn -0.9251 0.3778 0.0388
vn -0.9193 -0.3816 -0.0967
vn -0.3808 -0.9238 -0.0401
vn 0.3804 -0.9240 0.0399
vn 0.9188 -0.3827 0.0966
vn -0.3806 0.9239 -0.0402
vn -0.9183 0.3838 -0.0968
vn -0.1047 0.0001 0.9945
vn 0.0958 -0.7060 -0.7018
vt 0.109976 0.410214
vt 0.096911 0.410214
vt 0.096911 0.389878
vt 0.109976 0.380388
vt 0.109976 0.389878
vt 0.096911 0.455472
vt 0.085125 0.456553
vt 0.085125 0.410214
vt 0.085125 0.389878
vt 0.096911 0.373936
vt 0.075771 0.457411
vt 0.075771 0.410214
vt 0.075771 0.389878
vt 0.075771 0.372932
vt 0.085125 0.355209
vt 0.085125 0.372932
vt 0.069765 0.457962
vt 0.069765 0.410214
vt 0.069765 0.389878
vt 0.069765 0.372932
vt 0.004883 0.457663
vt 0.009135 0.427160
vt 0.004883 0.427160
vt 0.069765 0.350902
vt 0.075771 0.346835
vt 0.075771 0.350902
vt 0.067696 0.458152
vt 0.067696 0.410214
vt 0.067696 0.389878
vt 0.067696 0.372932
vt 0.067696 0.350902
vt 0.069765 0.346835
vt 0.065631 0.458341
vt 0.065631 0.410214
vt 0.065631 0.389878
vt 0.065631 0.372932
vt 0.065631 0.350902
vt 0.067696 0.346835
vt 0.009135 0.459820
vt 0.018247 0.427160
vt 0.040117 0.461052
vt 0.040117 0.427160
vt 0.065631 0.427160
vt 0.040117 0.423432
vt 0.065631 0.423432
vt 0.040117 0.417331
vt 0.065631 0.417331
vt 0.040117 0.410214
vt 0.040117 0.389878
vt 0.040117 0.372932
vt 0.040117 0.367848
vt 0.065631 0.367848
vt 0.040117 0.361070
vt 0.065631 0.361070
vt 0.040117 0.350902
vt 0.065631 0.346835
vt 0.038902 0.461241
vt 0.038902 0.427160
vt 0.030397 0.462559
vt 0.030397 0.427160
vt 0.018247 0.464442
vt 0.218750 0.937500
vt 0.093750 0.937500
vt 0.339844 0.937500
vt 0.040117 0.346835
vt 0.109976 0.454274
vt 0.123042 0.389878
vt 0.123042 0.373936
vt 0.123042 0.454044
vt 0.123042 0.410214
vt 0.134828 0.372932
vt 0.134828 0.355209
vt 0.134828 0.389878
vt 0.134828 0.453836
vt 0.134828 0.410214
vt 0.144182 0.350902
vt 0.144182 0.326041
vt 0.144182 0.372932
vt 0.144182 0.389878
vt 0.144182 0.453671
vt 0.144182 0.410214
vt 0.150188 0.320399
vt 0.150188 0.283187
vt 0.150188 0.350902
vt 0.150188 0.372932
vt 0.150188 0.389878
vt 0.150188 0.453565
vt 0.150188 0.410214
vt 0.152257 0.259392
vt 0.152257 0.244141
vt 0.152257 0.320399
vt 0.152257 0.350902
vt 0.152257 0.372932
vt 0.152257 0.389878
vt 0.152257 0.453529
vt 0.152257 0.410214
vt 0.167687 0.259392
vt 0.167687 0.244141
vt 0.167687 0.320399
vt 0.167687 0.350902
vt 0.167687 0.372932
vt 0.167687 0.389878
vt 0.167687 0.453257
vt 0.167687 0.410214
vt 0.170117 0.259392
vt 0.170117 0.244141
vt 0.170117 0.320399
vt 0.170117 0.350902
vt 0.170117 0.372932
vt 0.170117 0.389878
vt 0.170117 0.410214
vt 0.232079 0.259392
vt 0.232079 0.244141
vt 0.232079 0.320399
vt 0.232079 0.350902
vt 0.232079 0.372932
vt 0.232079 0.389878
vt 0.170117 0.453257
vt 0.232079 0.410214
vt 0.317126 0.259392
vt 0.317126 0.244141
vt 0.317126 0.320399
vt 0.317126 0.350902
vt 0.317126 0.372932
vt 0.317126 0.410214
vt 0.317126 0.389878
vt 0.232079 0.453257
vt 0.351145 0.259392
vt 0.351145 0.244141
vt 0.351145 0.320399
vt 0.351145 0.350902
vt 0.351145 0.372932
vt 0.351145 0.389878
vt 0.317126 0.458680
vt 0.351145 0.410214
vt 0.353575 0.259392
vt 0.353575 0.244141
vt 0.353575 0.320399
vt 0.353575 0.350902
vt 0.353575 0.372932
vt 0.353575 0.389878
vt 0.351145 0.463425
vt 0.353575 0.410214
vt 0.360500 0.244141
vt 0.360500 0.259392
vt 0.360500 0.320399
vt 0.360500 0.372932
vt 0.360500 0.350902
vt 0.360500 0.389878
vt 0.360500 0.460616
vt 0.360500 0.410214
vt 0.362569 0.285072
vt 0.362569 0.320399
vt 0.362569 0.372932
vt 0.362569 0.350902
vt 0.362569 0.389878
vt 0.362569 0.459675
vt 0.362569 0.410214
vt 0.368575 0.329627
vt 0.368575 0.372932
vt 0.368575 0.350902
vt 0.368575 0.389878
vt 0.368575 0.456945
vt 0.368575 0.410214
vt 0.377929 0.360144
vt 0.377929 0.372932
vt 0.377929 0.389878
vt 0.377929 0.452692
vt 0.377929 0.410214
vt 0.389715 0.379738
vt 0.389715 0.389878
vt 0.389715 0.447334
vt 0.389715 0.410214
vt 0.402781 0.386489
vt 0.402781 0.389878
vt 0.402781 0.441395
vt 0.402781 0.410214
vt 0.415846 0.389878
vt 0.415846 0.379738
vt 0.415846 0.434633
vt 0.415846 0.410214
vt 0.427632 0.372932
vt 0.427632 0.360144
vt 0.427632 0.389878
vt 0.427632 0.428534
vt 0.427632 0.410214
vt 0.436986 0.372932
vt 0.436986 0.358019
vt 0.436986 0.389878
vt 0.436986 0.423694
vt 0.436986 0.410214
vt 0.442992 0.358019
vt 0.442992 0.372932
vt 0.442992 0.389878
vt 0.442992 0.420586
vt 0.442992 0.410214
vt 0.444697 0.358019
vt 0.444697 0.372932
vt 0.444697 0.389878
vt 0.444697 0.419704
vt 0.444697 0.410214
vt 0.445061 0.358019
vt 0.445061 0.372932
vt 0.445061 0.389878
vt 0.445061 0.419446
vt 0.445061 0.410214
vt 0.465351 0.358019
vt 0.465351 0.372932
vt 0.465351 0.389878
vt 0.465351 0.405130
vt 0.469603 0.358019
vt 0.471790 0.358019
vt 0.469603 0.364798
vt 0.471790 0.364798
vt 0.469603 0.372932
vt 0.469603 0.389878
vt 0.471790 0.378355
vt 0.469603 0.378355
vt 0.469603 0.400978
vt 0.471790 0.389878
vt 0.493052 0.376024
vt 0.495117 0.373610
vt 0.495117 0.372932
vt 0.493052 0.372932
vt 0.495117 0.358019
vt 0.482360 0.388523
vt 0.490865 0.378581
vt 0.490865 0.378355
vt 0.482360 0.364798
vt 0.490865 0.364798
vt 0.490865 0.358019
vt 0.482360 0.358019
vt 0.482360 0.378355
vt 0.471790 0.398843
vt 0.490865 0.372932
vt 0.493052 0.358019
vt 0.353575 0.463764
vt 0.030558 0.009766
vt 0.014094 0.020277
vt 0.013291 0.009766
vt 0.071698 0.020277
vt 0.030558 0.020277
vt 0.071698 0.009766
vt 0.125000 0.020277
vt 0.178302 0.009766
vt 0.125000 0.009766
vt 0.219442 0.009766
vt 0.178302 0.020277
vt 0.235906 0.020277
vt 0.219442 0.020277
vt 0.014334 0.023418
vt 0.071698 0.023418
vt 0.030558 0.023418
vt 0.125000 0.023418
vt 0.178302 0.023418
vt 0.235666 0.023418
vt 0.219442 0.023418
vt 0.015030 0.032534
vt 0.071698 0.032534
vt 0.030558 0.032534
vt 0.125000 0.032534
vt 0.178302 0.032534
vt 0.234970 0.032534
vt 0.219442 0.032534
vt 0.016115 0.046732
vt 0.071698 0.046732
vt 0.030558 0.046732
vt 0.125000 0.046732
vt 0.178302 0.046732
vt 0.233885 0.046732
vt 0.219442 0.046732
vt 0.017482 0.064622
vt 0.071698 0.064622
vt 0.030558 0.064622
vt 0.125000 0.064622
vt 0.178302 0.064622
vt 0.232518 0.064622
vt 0.219442 0.064622
vt 0.018997 0.084454
vt 0.071698 0.084454
vt 0.030558 0.084454
vt 0.125000 0.084454
vt 0.178302 0.084454
vt 0.231003 0.084454
vt 0.219442 0.084454
vt 0.030558 0.104285
vt 0.019231 0.104285
vt 0.071698 0.104285
vt 0.125000 0.104285
vt 0.178302 0.104285
vt 0.219442 0.104285
vt 0.030558 0.122176
vt 0.019442 0.122176
vt 0.071698 0.122176
vt 0.125000 0.122176
vt 0.178302 0.122176
vt 0.230769 0.104285
vt 0.219442 0.122176
vt 0.030558 0.136374
vt 0.019609 0.136374
vt 0.071698 0.136374
vt 0.125000 0.136374
vt 0.178302 0.136374
vt 0.230558 0.122176
vt 0.219442 0.136374
vt 0.030558 0.145489
vt 0.019717 0.145489
vt 0.071698 0.145489
vt 0.125000 0.145489
vt 0.178302 0.145489
vt 0.230391 0.136374
vt 0.219442 0.145489
vt 0.030558 0.148077
vt 0.019747 0.148077
vt 0.071698 0.148077
vt 0.125000 0.148077
vt 0.178302 0.148077
vt 0.230283 0.145489
vt 0.219442 0.148077
vt 0.030558 0.148630
vt 0.019766 0.148630
vt 0.071698 0.148630
vt 0.125000 0.148630
vt 0.178302 0.148630
vt 0.230253 0.148077
vt 0.219442 0.148630
vt 0.030558 0.179428
vt 0.020798 0.179428
vt 0.071698 0.179428
vt 0.125000 0.179428
vt 0.178302 0.179428
vt 0.230234 0.148630
vt 0.219442 0.179428
vt 0.030558 0.189202
vt 0.021935 0.189202
vt 0.071698 0.189202
vt 0.125000 0.189202
vt 0.178302 0.189202
vt 0.229202 0.179428
vt 0.219442 0.189202
vt 0.030558 0.205246
vt 0.023801 0.205246
vt 0.125000 0.205246
vt 0.071698 0.205246
vt 0.228065 0.189202
vt 0.219442 0.205246
vt 0.026192 0.221474
vt 0.125000 0.221474
vt 0.071698 0.221474
vt 0.178302 0.205246
vt 0.223808 0.221474
vt 0.219442 0.221474
vt 0.030558 0.221474
vt 0.026654 0.224609
vt 0.125000 0.224609
vt 0.071698 0.224609
vt 0.178302 0.221474
vt 0.223346 0.224609
vt 0.219442 0.224609
vt 0.031250 0.937500
vt 0.156250 0.937500
vt 0.281250 0.937500
vt 0.323242 0.865234
vt 0.200195 0.650391
vt 0.200195 0.865234
vt 0.495117 0.865234
vt 0.333008 0.775391
vt 0.333008 0.865234
vt 0.333008 0.829297
vt 0.349682 0.775391
vt 0.333008 0.775391
vt 0.349682 0.829297
vt 0.333008 0.865234
vt 0.349682 0.865234
vt 0.430273 0.775391
vt 0.430273 0.829297
vt 0.495117 0.775391
vt 0.430273 0.775391
vt 0.430273 0.865234
vt 0.495117 0.829297
vt 0.040117 0.346835
vt 0.030397 0.350902
vt 0.040117 0.350902
vt 0.030397 0.346835
vt 0.018247 0.350902
vt 0.018247 0.346835
vt 0.009135 0.350902
vt 0.009135 0.346835
vt 0.004883 0.350902
vt 0.004883 0.346835
vt 0.040117 0.361070
vt 0.030397 0.361070
vt 0.018247 0.361070
vt 0.009135 0.361070
vt 0.004883 0.361070
vt 0.040117 0.367848
vt 0.030397 0.367848
vt 0.018247 0.367848
vt 0.009135 0.367848
vt 0.004883 0.367848
vt 0.040117 0.372932
vt 0.030397 0.372932
vt 0.232637 0.494141
vt 0.256230 0.508187
vt 0.256230 0.494141
vt 0.209043 0.494141
vt 0.232637 0.508187
vt 0.495117 0.494141
vt 0.209043 0.508187
vt 0.495117 0.508187
vt 0.018247 0.372932
vt 0.040117 0.389878
vt 0.030397 0.389878
vt 0.256230 0.555009
vt 0.232637 0.555009
vt 0.209043 0.555009
vt 0.495117 0.555009
vt 0.018247 0.389878
vt 0.040117 0.410214
vt 0.030397 0.410214
vt 0.256230 0.611194
vt 0.232637 0.611194
vt 0.209043 0.611194
vt 0.495117 0.611194
vt 0.018247 0.410214
vt 0.040117 0.417331
vt 0.030397 0.417331
vt 0.256230 0.630859
vt 0.232637 0.630859
vt 0.209043 0.630859
vt 0.495117 0.630859
vt 0.018247 0.417331
vt 0.040117 0.423432
vt 0.030397 0.423432
vt 0.009135 0.417331
vt 0.018247 0.423432
vt 0.004883 0.417331
vt 0.009135 0.423432
vt 0.004883 0.423432
vt 0.040117 0.427160
vt 0.398438 0.937500
vt 0.824016 0.161738
vt 0.926228 0.131589
vt 0.926228 0.161738
vt 0.776434 0.161738
vt 0.824016 0.131589
vt 0.723566 0.161738
vt 0.776434 0.131589
vt 0.675984 0.161738
vt 0.723566 0.131589
vt 0.573772 0.161738
vt 0.675984 0.131589
vt 0.824016 0.216890
vt 0.926228 0.216890
vt 0.776434 0.216890
vt 0.723566 0.216890
vt 0.675984 0.216890
vt 0.573772 0.216890
vt 0.844848 0.302190
vt 0.975829 0.302190
vt 0.783874 0.302190
vt 0.716126 0.302190
vt 0.655152 0.302190
vt 0.975160 0.512256
vt 0.844567 0.512256
vt 0.716226 0.512256
vt 0.783774 0.512256
vt 0.655433 0.512256
vt 0.524840 0.512256
vt 0.972869 0.722321
vt 0.843605 0.722321
vt 0.716570 0.722321
vt 0.783430 0.722321
vt 0.656395 0.722321
vt 0.527131 0.722321
vt 0.926228 0.807622
vt 0.824016 0.807622
vt 0.723566 0.807622
vt 0.776434 0.807622
vt 0.675984 0.807622
vt 0.573772 0.807622
vt 0.824016 0.862773
vt 0.926228 0.862773
vt 0.776434 0.862773
vt 0.723566 0.862773
vt 0.675984 0.862773
vt 0.573772 0.862773
vt 0.824016 0.892923
vt 0.926228 0.892923
vt 0.776434 0.892923
vt 0.723566 0.892923
vt 0.675984 0.892923
vt 0.573772 0.892923
vt 0.535479 0.884099
vt 0.529001 0.892820
vt 0.573772 0.131589
vt 0.527671 0.073496
vt 0.603731 0.010746
vt 0.975572 0.333320
vt 0.975560 0.338223
vt 0.975251 0.463232
vt 0.974931 0.634814
vt 0.972838 0.703447
vt 0.972688 0.708350
vt 0.524428 0.333320
vt 0.524171 0.302190
vt 0.524440 0.338223
vt 0.524749 0.463232
vt 0.525069 0.634814
vt 0.527162 0.703447
vt 0.527312 0.708350
vt 0.236709 0.009766
vt 0.226199 0.205246
vt 0.030558 0.224609
vt 0.178302 0.224609
vt 0.323242 0.650391
vt 0.495117 0.775391
vt 0.495117 0.865234
vt 0.964521 0.884099
vt 0.955375 0.950280
vt 0.945674 0.974547
vt 0.930153 0.979694
vt 0.888579 0.982636
vt 0.750000 0.983249
vt 0.611421 0.982636
vt 0.569847 0.979694
vt 0.544625 0.950280
vt 0.554326 0.974547
vt 0.970999 0.892820
vt 0.896269 0.010746
vt 0.750000 0.009766
vt 0.985677 0.133650
vt 0.980520 0.124971
vt 0.972329 0.073496
vt 0.514323 0.133650
vt 0.519480 0.124971
vt 0.962383 0.025943
vt 0.940150 0.014913
vt 0.537617 0.025943
vt 0.559850 0.014913
s 1
usemtl Vehicle_Atlas
f 701/1/1 698/2/2 699/3/3
f 706/4/4 700/5/5 699/3/3
f 1981/6/6 688/7/7 685/8/8
f 698/2/2 685/8/8 697/9/9
f 692/10/10 699/3/3 697/9/9
f 688/7/7 1976/11/11 686/12/12
f 685/8/8 686/12/12 682/13/13
f 697/9/9 682/13/13 679/14/14
f 696/15/15 684/16/16 679/14/14
f 1976/11/11 1974/17/17 673/18/18
f 686/12/12 673/18/18 680/19/19
f 682/13/13 680/19/19 681/20/20
f 5/21/21 7/22/22 4/23/23
f 679/14/14 681/20/20 678/24/24
f 683/25/25 677/26/24 678/24/24
f 1974/17/17 675/27/26 672/28/27
f 673/18/18 672/28/27 671/29/28
f 680/19/19 671/29/28 666/30/29
f 681/20/20 666/30/29 670/31/24
f 676/32/25 678/24/24 670/31/24
f 675/27/26 669/33/30 659/34/31
f 672/28/27 659/34/31 667/35/32
f 671/29/28 667/35/32 656/36/33
f 666/30/29 656/36/33 665/37/34
f 664/38/25 670/31/24 665/37/34
f 1679/39/35 8/40/36 7/22/22
f 669/33/30 1967/41/37 643/42/38
f 662/43/39 643/42/38 3112/44/40
f 661/45/41 3112/44/40 3110/46/42
f 660/47/43 3110/46/42 3066/48/44
f 659/34/31 3066/48/44 657/49/45
f 667/35/32 657/49/45 3051/50/46
f 656/36/33 3051/50/46 654/51/47
f 653/52/48 654/51/47 2987/53/49
f 650/54/50 2987/53/49 651/55/51
f 663/56/52 665/37/34 651/55/51
f 1967/41/37 646/57/53 642/58/54
f 646/57/53 1961/59/55 3132/60/56
f 8/40/36 9/59/57 3117/60/58
f 1961/59/55 637/61/59 641/40/60
f 641/40/60 637/61/59 639/39/61
f 636/22/62 639/39/61 1955/21/63
s 0
f 629/62/64 630/62/64 631/62/64
f 624/62/65 625/62/65 626/62/65
f 621/62/64 622/62/64 623/62/64
f 616/62/65 617/62/65 618/62/65
f 598/63/66 610/63/66 613/63/66
f 607/63/67 595/63/67 592/63/67
f 612/63/68 600/63/68 597/63/68
f 603/63/69 615/63/69 606/63/69
f 596/63/70 599/63/70 602/63/70
s 1
f 3117/60/58 12/57/71 15/58/72
s 0
f 611/63/73 608/63/73 605/63/73
f 584/64/74 586/64/74 590/64/74
f 581/64/75 577/64/75 588/64/75
f 574/64/76 576/64/76 578/64/76
f 568/64/77 570/64/77 571/64/77
s 1
f 563/64/78 564/64/78 566/64/78
s 0
f 555/64/79 557/64/79 559/64/79
f 550/64/79 553/64/79 557/64/79
f 545/64/80 548/64/80 554/64/80
f 543/64/81 541/64/81 547/64/81
f 539/64/81 537/64/81 541/64/81
f 536/64/82 534/64/82 538/64/82
s 1
f 15/58/72 1692/41/83 13/42/84
s 0
f 531/64/85 532/64/85 533/64/85
f 528/64/86 529/64/86 530/64/86
f 522/64/87 524/64/87 525/64/87
s 1
f 16/55/88 27/56/89 2951/65/90
f 16/55/88 18/54/91 28/37/92
f 2970/53/93 19/52/94 18/54/91
f 3012/51/95 23/36/96 19/52/94
f 3027/50/97 22/35/98 23/36/96
f 20/49/99 29/34/100 22/35/98
f 3068/48/101 25/47/102 29/34/100
f 3087/46/103 24/45/104 25/47/102
f 3115/44/105 26/43/106 24/45/104
f 13/42/84 1695/33/107 26/43/106
s 0
f 514/64/108 518/64/108 519/64/108
f 510/64/109 511/64/109 513/64/109
s 1
f 28/37/92 32/38/110 27/56/89
f 28/37/92 35/30/111 34/31/112
f 23/36/96 38/29/113 35/30/111
f 22/35/98 39/28/114 38/29/113
f 29/34/100 31/27/115 39/28/114
s 0
f 505/64/116 506/64/116 508/64/116
f 499/62/117 463/62/117 502/62/117
s 1
f 34/31/112 33/32/110 32/38/110
f 34/31/112 37/20/118 41/24/112
f 35/30/111 36/19/119 37/20/118
f 38/29/113 43/18/120 36/19/119
f 39/28/114 1700/17/121 43/18/120
s 0
f 498/62/68 500/62/68 494/62/68
f 461/62/68 494/62/68 495/62/68
s 1
f 41/24/112 40/25/122 33/32/110
f 41/24/112 42/14/123 44/26/112
f 37/20/118 51/13/124 42/14/123
f 36/19/119 53/12/125 51/13/124
f 43/18/120 55/11/126 53/12/125
s 0
f 493/62/68 495/62/68 487/62/68
f 490/62/68 487/62/68 483/62/68
s 1
f 40/25/122 44/26/112 48/15/127
f 42/14/123 48/15/127 44/26/112
f 42/14/123 50/9/128 49/16/129
f 51/13/124 52/8/130 50/9/128
f 53/12/125 57/7/131 52/8/130
s 0
f 437/62/68 486/62/68 483/62/68
f 481/62/68 437/62/68 482/62/68
f 434/62/68 481/62/68 477/62/68
s 1
f 48/15/127 49/16/129 63/10/132
f 50/9/128 63/10/132 49/16/129
f 50/9/128 59/2/133 58/3/134
f 52/8/130 69/6/135 59/2/133
s 0
f 424/62/68 434/62/68 478/62/68
f 472/62/68 424/62/68 474/62/68
f 496/62/136 462/62/136 464/62/136
f 459/62/137 497/62/137 467/62/137
s 1
f 58/3/134 66/4/138 63/10/132
f 58/3/134 67/1/139 70/5/140
f 59/2/133 72/66/141 67/1/139
s 0
f 491/62/142 460/62/142 413/62/142
f 492/62/143 455/62/143 449/62/143
f 489/62/144 450/62/144 444/62/144
f 484/62/145 443/62/145 439/62/145
s 1
f 66/4/138 75/67/146 292/68/147
f 67/1/139 75/67/146 70/5/140
f 67/1/139 74/69/148 78/70/149
s 0
f 480/62/150 435/62/150 438/62/150
f 479/62/151 400/62/151 393/62/151
f 432/62/152 392/62/152 426/62/152
s 1
f 292/68/147 77/71/153 82/72/154
f 292/68/147 76/73/155 77/71/153
f 78/70/149 76/73/155 75/67/146
f 78/70/149 90/74/156 88/75/157
s 0
f 422/62/158 425/62/158 430/62/158
f 468/63/159 465/63/159 417/63/159
s 1
f 82/72/154 93/76/160 86/77/161
f 82/72/154 87/78/162 93/76/160
f 76/73/155 87/78/162 77/71/153
f 88/75/157 96/79/163 76/73/155
f 88/75/157 98/80/164 91/81/165
s 0
f 415/63/166 470/63/166 421/63/166
s 1
f 86/77/161 94/82/167 92/83/168
f 86/77/161 95/84/160 94/82/167
f 87/78/162 95/84/160 93/76/160
f 96/79/163 102/85/169 87/78/162
f 91/81/165 103/86/170 96/79/163
f 91/81/165 1708/87/171 105/88/172
f 92/83/168 111/89/173 110/90/174
f 92/83/168 100/91/167 111/89/173
f 94/82/167 99/92/160 100/91/167
f 102/85/169 99/92/160 95/84/160
f 103/86/170 101/93/175 102/85/169
f 105/88/172 104/94/176 103/86/170
f 105/88/172 107/95/177 108/96/178
f 110/90/174 117/97/179 3444/98/180
f 111/89/173 112/99/181 117/97/179
f 100/91/167 113/100/182 112/99/181
f 101/93/175 113/100/182 99/92/160
f 104/94/176 114/101/183 101/93/175
f 108/96/178 120/102/184 104/94/176
f 108/96/178 123/103/185 115/104/186
f 3444/98/180 116/105/187 3448/106/188
f 117/97/179 124/107/189 116/105/187
f 112/99/181 118/108/190 124/107/189
f 114/101/183 118/108/190 113/100/182
f 120/102/184 126/109/191 114/101/183
f 115/104/186 119/110/192 120/102/184
f 123/103/185 127/111/193 115/104/186
f 3448/106/188 131/112/194 3451/113/195
f 116/105/187 132/114/196 131/112/194
f 124/107/189 125/115/197 132/114/196
f 126/109/191 125/115/197 118/108/190
f 119/110/192 134/116/198 126/109/191
f 127/111/193 135/117/199 119/110/192
f 130/118/200 136/119/201 127/111/193
f 3451/113/195 144/120/202 143/121/203
f 131/112/194 133/122/204 144/120/202
f 132/114/196 146/123/205 133/122/204
f 134/116/198 146/123/205 125/115/197
f 135/117/199 148/124/206 134/116/198
f 135/117/199 137/125/207 138/126/208
f 1715/127/209 137/125/207 136/119/201
f 143/121/203 145/128/210 3458/129/211
f 144/120/202 154/130/212 145/128/210
f 133/122/204 157/131/213 154/130/212
f 148/124/206 157/131/213 146/123/205
f 138/126/208 147/132/214 148/124/206
f 137/125/207 150/133/215 138/126/208
f 140/134/216 149/135/217 137/125/207
f 3458/129/211 155/136/218 153/137/219
f 145/128/210 156/138/220 155/136/218
f 154/130/212 158/139/221 156/138/220
f 147/132/214 158/139/221 157/131/213
f 150/133/215 160/140/222 147/132/214
f 149/135/217 159/141/223 150/133/215
f 1718/142/224 166/143/225 149/135/217
f 155/136/218 162/144/226 153/137/219
f 156/138/220 163/145/227 155/136/218
f 158/139/221 167/146/228 156/138/220
f 158/139/221 169/147/229 164/148/230
f 159/141/223 169/147/229 160/140/222
f 166/143/225 165/149/231 159/141/223
f 166/143/225 174/150/232 172/151/233
f 162/144/226 163/145/227 176/152/234
f 167/146/228 176/152/234 163/145/227
f 164/148/230 168/153/235 167/146/228
f 164/148/230 170/154/236 177/155/230
f 165/149/231 170/154/236 169/147/229
f 172/151/233 171/156/237 165/149/231
f 172/151/233 1271/157/238 175/158/239
s 0
f 457/63/240 416/63/240 182/63/240
s 1
f 176/152/234 168/153/235 183/159/241
f 177/155/230 183/159/241 168/153/235
f 177/155/230 185/160/242 178/161/230
f 171/156/237 185/160/242 170/154/236
f 175/158/239 186/162/243 171/156/237
f 175/158/239 1278/163/244 179/164/245
s 0
f 453/63/246 458/63/246 410/63/246
f 448/63/247 452/63/247 195/63/247
s 1
f 183/159/241 178/161/230 411/165/248
f 185/160/242 411/165/248 178/161/230
f 186/162/243 184/166/249 185/160/242
f 179/164/245 190/167/250 186/162/243
f 179/164/245 189/168/251 187/169/252
s 0
f 445/63/253 202/63/253 199/63/253
f 440/63/254 198/63/254 209/63/254
f 402/63/255 208/63/255 406/63/255
s 1
f 411/165/248 184/166/249 196/170/256
f 190/167/250 196/170/256 184/166/249
f 187/169/252 191/171/257 190/167/250
f 187/169/252 1298/172/258 192/173/259
s 0
f 394/63/260 405/63/260 398/63/260
f 428/63/261 397/63/261 391/63/261
f 351/62/117 353/62/117 388/62/117
f 350/62/68 389/62/68 386/62/68
s 1
f 191/171/257 204/174/262 196/170/256
f 192/173/259 205/175/263 191/171/257
f 192/173/259 1301/176/264 197/177/265
s 0
f 384/62/68 386/62/68 385/62/68
f 381/62/68 385/62/68 375/62/68
f 378/62/68 375/62/68 371/62/68
f 370/62/68 374/62/68 371/62/68
s 1
f 204/174/262 206/178/266 201/179/267
f 197/177/265 206/178/266 205/175/263
f 197/177/265 214/180/268 207/181/269
s 0
f 327/62/68 370/62/68 366/62/68
f 365/62/68 327/62/68 367/62/68
f 359/62/68 365/62/68 360/62/68
s 1
f 201/179/267 216/182/270 211/183/271
f 201/179/267 212/184/272 216/182/270
f 207/181/269 212/184/272 206/178/266
f 207/181/269 1325/185/273 215/186/274
s 0
f 318/62/68 359/62/68 361/62/68
f 348/62/275 352/62/275 354/62/275
f 382/62/276 349/62/276 308/62/276
s 1
f 211/183/271 218/187/277 217/188/278
f 212/184/272 218/187/277 216/182/270
f 215/186/274 220/189/279 212/184/272
f 215/186/274 1327/190/280 221/191/281
s 0
f 379/62/282 383/62/282 344/62/282
f 376/62/283 380/62/283 339/62/283
f 373/62/284 377/62/284 300/62/284
s 1
f 218/187/277 225/192/285 217/188/278
f 220/189/279 219/193/286 218/187/277
f 221/191/281 227/194/287 220/189/279
f 221/191/281 223/195/288 224/196/289
s 0
f 369/62/290 372/62/290 293/62/290
f 326/62/291 368/62/291 333/62/291
f 325/62/292 328/62/292 321/62/292
s 1
f 219/193/286 228/197/293 225/192/285
f 227/194/287 226/198/294 219/193/286
f 224/196/289 230/199/295 227/194/287
f 224/196/289 1345/200/296 231/201/297
s 0
f 363/62/298 320/62/298 285/62/298
f 357/62/299 284/62/299 277/62/299
f 309/63/300 355/63/300 315/63/300
s 1
f 226/198/294 232/202/301 228/197/293
f 230/199/295 229/203/302 226/198/294
f 231/201/297 233/204/303 230/199/295
f 231/201/297 237/205/304 235/206/305
s 0
f 346/63/306 311/63/306 314/63/306
f 341/63/307 347/63/307 306/63/307
f 303/63/308 342/63/308 47/63/308
s 1
f 229/203/302 240/207/309 232/202/301
f 233/204/303 243/208/310 229/203/302
f 235/206/305 234/209/311 233/204/303
f 235/206/305 237/205/304 239/210/312
s 0
f 297/63/313 302/63/313 62/63/313
f 296/63/314 65/63/314 290/63/314
f 335/63/315 289/63/315 80/63/315
f 330/63/316 79/63/316 84/63/316
f 322/63/317 83/63/317 280/63/317
f 287/63/318 279/63/318 283/63/318
s 1
f 243/208/310 241/211/319 240/207/309
f 242/212/320 246/213/321 257/214/322
f 234/209/311 2827/215/323 243/208/310
f 252/216/324 259/217/325 250/218/326
f 239/210/312 252/216/324 234/209/311
f 251/219/327 247/220/328 252/216/324
f 1371/221/329 276/222/330 273/223/331
f 261/224/332 273/223/331 272/225/333
f 268/226/334 269/227/335 2873/228/335
f 269/227/335 1371/221/329 261/224/332
f 2836/229/336 2858/230/337 263/231/338
f 257/214/322 260/232/339 242/212/320
f 247/220/328 2838/233/340 259/217/325
f 247/220/328 254/234/341 268/226/334
f 266/235/342 261/224/332 262/236/343
f 247/220/328 268/226/334 2838/233/340
f 257/214/322 2836/229/336 260/232/339
f 251/219/327 255/234/344 247/220/328
f 239/210/312 251/219/327 252/216/324
f 252/216/324 247/220/328 259/217/325
f 234/209/311 252/216/324 2827/215/323
f 266/235/342 262/236/343 263/231/345
f 2836/229/336 263/231/338 260/232/339
f 269/227/335 261/224/332 266/235/342
f 268/226/334 2873/228/335 2838/233/340
f 242/212/320 241/211/319 246/213/321
f 243/208/310 2827/215/323 241/211/319
f 235/206/305 239/210/312 234/209/311
f 233/204/303 234/209/311 243/208/310
f 229/203/302 243/208/310 240/207/309
f 231/201/297 1345/200/296 237/205/304
f 231/201/297 235/206/305 233/204/303
f 261/224/332 272/225/333 262/236/343
f 1371/221/329 273/223/331 261/224/332
f 230/199/295 233/204/303 229/203/302
f 226/198/294 229/203/302 232/202/301
s 0
f 286/63/346 282/63/346 278/63/346
f 323/63/347 281/63/347 288/63/347
f 331/63/348 85/63/348 324/63/348
f 337/63/349 81/63/349 332/63/349
s 1
f 298/63/350 291/63/350 336/63/350
s 0
f 295/63/351 61/63/351 64/63/351
f 301/63/352 46/63/352 60/63/352
f 340/63/353 305/63/353 45/63/353
f 345/63/354 313/63/354 304/63/354
s 1
f 310/63/355 316/63/355 312/63/355
s 0
f 357/62/299 277/62/299 317/62/299
f 363/62/298 285/62/298 358/62/298
f 325/62/292 321/62/292 364/62/292
f 326/62/291 333/62/291 329/62/291
f 369/62/290 293/62/290 334/62/290
f 373/62/284 300/62/284 294/62/284
f 376/62/283 339/62/283 299/62/283
f 379/62/282 344/62/282 338/62/282
s 1
f 382/62/276 308/62/276 343/62/276
s 0
f 348/62/275 354/62/275 307/62/275
f 319/62/69 362/62/69 356/62/69
f 359/62/68 360/62/68 361/62/68
f 365/62/68 367/62/68 360/62/68
f 327/62/68 366/62/68 367/62/68
f 370/62/68 371/62/68 366/62/68
f 378/62/68 371/62/68 374/62/68
f 381/62/68 375/62/68 378/62/68
f 384/62/68 385/62/68 381/62/68
f 350/62/68 386/62/68 384/62/68
f 350/62/68 387/62/68 389/62/68
f 427/63/356 390/63/356 431/63/356
f 395/63/357 399/63/357 429/63/357
f 403/63/358 407/63/358 396/63/358
f 442/63/359 210/63/359 404/63/359
f 447/63/360 200/63/360 441/63/360
f 446/63/361 193/63/361 203/63/361
f 451/63/362 409/63/362 194/63/362
f 456/63/363 181/63/363 408/63/363
f 414/63/364 420/63/364 180/63/364
f 469/63/365 418/63/365 419/63/365
f 422/62/158 430/62/158 471/62/158
f 432/62/152 426/62/152 423/62/152
f 479/62/151 393/62/151 433/62/151
f 480/62/150 438/62/150 401/62/150
f 484/62/145 439/62/145 436/62/145
f 489/62/144 444/62/144 485/62/144
f 492/62/143 449/62/143 488/62/143
s 1
f 491/62/142 413/62/142 454/62/142
s 0
f 459/62/137 467/62/137 412/62/137
f 496/62/136 464/62/136 466/62/136
f 473/62/69 475/62/69 476/62/69
f 424/62/68 478/62/68 474/62/68
f 434/62/68 477/62/68 478/62/68
f 481/62/68 482/62/68 477/62/68
f 437/62/68 483/62/68 482/62/68
f 490/62/68 483/62/68 486/62/68
f 493/62/68 487/62/68 490/62/68
f 461/62/68 495/62/68 493/62/68
f 498/62/68 494/62/68 461/62/68
f 498/62/68 501/62/68 500/62/68
f 504/64/366 507/64/366 503/64/366
f 509/64/367 512/64/367 516/64/367
f 515/64/368 520/64/368 517/64/368
f 523/64/369 526/64/369 521/64/369
f 528/64/86 530/64/86 527/64/86
f 531/64/85 533/64/85 535/64/85
f 536/64/82 538/64/82 540/64/82
f 540/64/82 542/64/82 544/64/82
f 544/64/82 549/64/82 546/64/82
f 545/64/80 554/64/80 552/64/80
f 551/64/78 558/64/78 556/64/78
f 556/64/78 560/64/78 561/64/78
f 562/64/79 565/64/79 567/64/79
f 569/64/370 572/64/370 573/64/370
f 575/64/371 579/64/371 582/64/371
f 580/64/372 587/64/372 585/64/372
f 583/64/373 589/64/373 591/64/373
f 611/63/73 605/63/73 614/63/73
f 596/63/70 602/63/70 593/63/70
f 603/63/69 606/63/69 594/63/69
f 612/63/68 597/63/68 609/63/68
f 607/63/67 592/63/67 604/63/67
f 598/63/66 613/63/66 601/63/66
f 616/62/65 618/62/65 619/62/65
s 1
f 621/62/64 623/62/64 620/62/64
s 0
f 624/62/65 626/62/65 627/62/65
f 629/62/64 631/62/64 628/62/64
s 1
f 224/196/289 223/195/288 1345/200/296
f 224/196/289 231/201/297 230/199/295
f 227/194/287 230/199/295 226/198/294
f 219/193/286 226/198/294 228/197/293
f 221/191/281 1327/190/280 223/195/288
f 221/191/281 224/196/289 227/194/287
f 220/189/279 227/194/287 219/193/286
f 218/187/277 219/193/286 225/192/285
f 215/186/274 1325/185/273 1327/190/280
f 215/186/274 221/191/281 220/189/279
f 212/184/272 220/189/279 218/187/277
f 211/183/271 216/182/270 218/187/277
f 636/22/62 1955/21/63 635/23/374
f 207/181/269 214/180/268 1325/185/273
f 207/181/269 215/186/274 212/184/272
f 201/179/267 206/178/266 212/184/272
f 197/177/265 1301/176/264 214/180/268
f 197/177/265 207/181/269 206/178/266
f 204/174/262 205/175/263 206/178/266
f 192/173/259 1298/172/258 1301/176/264
f 192/173/259 197/177/265 205/175/263
f 191/171/257 205/175/263 204/174/262
f 187/169/252 189/168/251 1298/172/258
f 187/169/252 192/173/259 191/171/257
f 190/167/250 191/171/257 196/170/256
f 641/40/60 639/39/61 636/22/62
f 179/164/245 1278/163/244 189/168/251
f 179/164/245 187/169/252 190/167/250
f 186/162/243 190/167/250 184/166/249
f 185/160/242 184/166/249 411/165/248
f 175/158/239 1271/157/238 1278/163/244
f 175/158/239 179/164/245 186/162/243
f 171/156/237 186/162/243 185/160/242
f 177/155/230 170/154/236 185/160/242
f 177/155/230 178/161/230 183/159/241
f 172/151/233 174/150/232 1271/157/238
f 172/151/233 175/158/239 171/156/237
f 165/149/231 171/156/237 170/154/236
f 1961/59/55 641/40/60 3132/60/56
f 164/148/230 169/147/229 170/154/236
f 164/148/230 177/155/230 168/153/235
f 167/146/228 168/153/235 176/152/234
f 166/143/225 1722/237/375 174/150/232
f 166/143/225 172/151/233 165/149/231
f 159/141/223 165/149/231 169/147/229
f 158/139/221 160/140/222 169/147/229
f 158/139/221 164/148/230 167/146/228
f 156/138/220 167/146/228 163/145/227
f 155/136/218 163/145/227 162/144/226
f 1718/142/224 1722/237/375 166/143/225
f 149/135/217 166/143/225 159/141/223
f 646/57/53 3132/60/56 642/58/54
f 150/133/215 159/141/223 160/140/222
f 147/132/214 160/140/222 158/139/221
f 154/130/212 157/131/213 158/139/221
f 145/128/210 154/130/212 156/138/220
f 3458/129/211 145/128/210 155/136/218
f 140/134/216 1718/142/224 149/135/217
f 137/125/207 149/135/217 150/133/215
f 138/126/208 150/133/215 147/132/214
f 148/124/206 147/132/214 157/131/213
f 133/122/204 146/123/205 157/131/213
f 144/120/202 133/122/204 154/130/212
f 143/121/203 144/120/202 145/128/210
f 1967/41/37 642/58/54 643/42/38
f 1715/127/209 140/134/216 137/125/207
f 135/117/199 136/119/201 137/125/207
f 135/117/199 138/126/208 148/124/206
f 663/56/52 651/55/51 648/65/376
f 650/54/50 651/55/51 665/37/34
f 653/52/48 2987/53/49 650/54/50
f 656/36/33 654/51/47 653/52/48
f 667/35/32 3051/50/46 656/36/33
f 659/34/31 657/49/45 667/35/32
f 660/47/43 3066/48/44 659/34/31
f 661/45/41 3110/46/42 660/47/43
f 662/43/39 3112/44/40 661/45/41
f 669/33/30 643/42/38 662/43/39
f 134/116/198 148/124/206 146/123/205
f 132/114/196 125/115/197 146/123/205
f 664/38/25 665/37/34 663/56/52
f 666/30/29 665/37/34 670/31/24
f 671/29/28 656/36/33 666/30/29
f 672/28/27 667/35/32 671/29/28
f 675/27/26 659/34/31 672/28/27
f 131/112/194 132/114/196 133/122/204
f 3451/113/195 131/112/194 144/120/202
f 676/32/25 670/31/24 664/38/25
f 681/20/20 670/31/24 678/24/24
f 680/19/19 666/30/29 681/20/20
f 673/18/18 671/29/28 680/19/19
f 1974/17/17 672/28/27 673/18/18
f 130/118/200 1715/127/209 136/119/201
f 127/111/193 136/119/201 135/117/199
f 683/25/25 678/24/24 676/32/25
f 679/14/14 678/24/24 677/26/24
f 682/13/13 681/20/20 679/14/14
f 686/12/12 680/19/19 682/13/13
f 1976/11/11 673/18/18 686/12/12
f 119/110/192 135/117/199 134/116/198
f 126/109/191 134/116/198 125/115/197
f 696/15/15 677/26/24 683/25/25
f 696/15/15 679/14/14 677/26/24
f 697/9/9 679/14/14 684/16/16
f 685/8/8 682/13/13 697/9/9
f 688/7/7 686/12/12 685/8/8
f 124/107/189 118/108/190 125/115/197
f 116/105/187 124/107/189 132/114/196
f 3448/106/188 116/105/187 131/112/194
f 692/10/10 684/16/16 696/15/15
f 692/10/10 697/9/9 684/16/16
f 698/2/2 697/9/9 699/3/3
f 1981/6/6 685/8/8 698/2/2
f 123/103/185 130/118/200 127/111/193
f 115/104/186 127/111/193 119/110/192
f 120/102/184 119/110/192 126/109/191
f 114/101/183 126/109/191 118/108/190
f 706/4/4 699/3/3 692/10/10
f 701/1/1 699/3/3 700/5/5
f 703/66/377 698/2/2 701/1/1
f 112/99/181 113/100/182 118/108/190
f 117/97/179 112/99/181 124/107/189
f 3444/98/180 117/97/179 116/105/187
f 108/96/178 107/95/177 123/103/185
f 711/67/378 706/4/4 710/68/379
f 711/67/378 701/1/1 700/5/5
f 714/69/380 701/1/1 712/70/381
f 108/96/178 115/104/186 120/102/184
f 104/94/176 120/102/184 114/101/183
f 101/93/175 114/101/183 113/100/182
f 718/72/382 719/71/383 710/68/379
f 725/73/384 710/68/379 719/71/383
f 725/73/384 712/70/381 711/67/378
f 729/74/385 712/70/381 720/75/386
f 100/91/167 99/92/160 113/100/182
f 111/89/173 100/91/167 112/99/181
f 733/77/387 721/76/388 718/72/382
f 722/78/389 718/72/382 721/76/388
f 722/78/389 725/73/384 719/71/383
f 723/79/390 720/75/386 725/73/384
f 727/80/391 720/75/386 724/81/392
f 110/90/174 111/89/173 117/97/179
f 734/83/393 735/82/394 733/77/387
f 736/84/388 733/77/387 735/82/394
f 736/84/388 722/78/389 721/76/388
f 742/85/395 723/79/390 722/78/389
f 737/86/396 724/81/392 723/79/390
f 739/87/397 724/81/392 744/88/398
f 3466/90/399 740/89/400 734/83/393
f 746/91/394 734/83/393 740/89/400
f 741/92/388 735/82/394 746/91/394
f 741/92/388 742/85/395 736/84/388
f 748/93/401 737/86/396 742/85/395
f 743/94/402 744/88/398 737/86/396
f 1988/95/403 744/88/398 749/96/404
f 756/97/405 3466/90/399 753/98/406
f 745/99/407 740/89/400 756/97/405
f 747/100/408 746/91/394 745/99/407
f 747/100/408 748/93/401 741/92/388
f 758/101/409 743/94/402 748/93/401
f 759/102/410 749/96/404 743/94/402
f 1997/103/411 749/96/404 750/104/412
f 764/105/413 753/98/406 751/106/414
f 766/107/415 756/97/405 764/105/413
f 767/108/416 745/99/407 766/107/415
f 767/108/416 758/101/409 747/100/408
f 757/109/417 759/102/410 758/101/409
f 768/110/418 750/104/412 759/102/410
f 760/111/419 1997/103/411 750/104/412
f 765/112/420 751/106/414 3473/113/421
f 769/114/422 764/105/413 765/112/420
f 770/115/423 766/107/415 769/114/422
f 770/115/423 757/109/417 767/108/416
f 773/116/424 768/110/418 757/109/417
f 775/117/425 760/111/419 768/110/418
f 774/119/426 763/118/427 760/111/419
f 778/120/428 3473/113/421 3477/121/429
f 779/122/430 765/112/420 778/120/428
f 781/123/431 769/114/422 779/122/430
f 781/123/431 773/116/424 770/115/423
f 771/124/432 775/117/425 773/116/424
f 784/125/433 775/117/425 772/126/434
f 784/125/433 2000/127/435 774/119/426
f 776/128/436 3477/121/429 3484/129/437
f 777/130/438 778/120/428 776/128/436
f 780/131/439 779/122/430 777/130/438
f 780/131/439 771/124/432 781/123/431
f 788/132/440 772/126/434 771/124/432
f 782/133/441 784/125/433 772/126/434
f 783/135/442 2002/134/443 784/125/433
f 790/136/444 3484/129/437 785/137/445
f 791/138/446 776/128/436 790/136/444
f 794/139/447 777/130/438 791/138/446
f 794/139/447 788/132/440 780/131/439
f 793/140/448 782/133/441 788/132/440
f 789/141/449 783/135/442 782/133/441
f 796/143/450 2006/142/451 783/135/442
f 3489/144/452 790/136/444 785/137/445
f 797/145/453 791/138/446 790/136/444
f 800/146/454 794/139/447 791/138/446
f 792/147/455 794/139/447 799/148/456
f 792/147/455 789/141/449 793/140/448
f 802/149/457 796/143/450 789/141/449
f 1269/150/458 796/143/450 795/151/459
f 804/152/460 797/145/453 3489/144/452
f 804/152/460 800/146/454 797/145/453
f 806/153/461 799/148/456 800/146/454
f 801/154/462 799/148/456 798/155/456
f 801/154/462 802/149/457 792/147/455
f 808/156/463 795/151/459 802/149/457
f 1282/157/464 795/151/459 803/158/465
f 105/88/172 1708/87/171 107/95/177
f 814/159/466 806/153/461 804/152/460
f 814/159/466 798/155/456 806/153/461
f 815/160/467 798/155/456 805/161/456
f 815/160/467 808/156/463 801/154/462
f 807/162/468 803/158/465 808/156/463
f 810/163/469 803/158/465 816/164/470
f 105/88/172 108/96/178 104/94/176
f 103/86/170 104/94/176 101/93/175
f 1051/165/471 805/161/456 814/159/466
f 1051/165/471 815/160/467 805/161/456
f 819/166/472 807/162/468 815/160/467
f 821/167/473 816/164/470 807/162/468
f 818/168/474 816/164/470 822/169/475
f 102/85/169 101/93/175 99/92/160
f 94/82/167 95/84/160 99/92/160
f 92/83/168 94/82/167 100/91/167
f 826/170/476 819/166/472 1051/165/471
f 826/170/476 821/167/473 819/166/472
f 828/171/477 822/169/475 821/167/473
f 1296/172/478 822/169/475 820/173/479
f 91/81/165 98/80/164 1708/87/171
f 91/81/165 105/88/172 103/86/170
f 96/79/163 103/86/170 102/85/169
f 87/78/162 102/85/169 95/84/160
f 1036/174/480 828/171/477 826/170/476
f 827/175/481 820/173/479 828/171/477
f 1312/176/482 820/173/479 833/177/483
f 86/77/161 93/76/160 95/84/160
f 88/75/157 90/74/156 98/80/164
f 88/75/157 91/81/165 96/79/163
f 76/73/155 96/79/163 87/78/162
f 835/178/484 1036/174/480 832/179/485
f 835/178/484 833/177/483 827/175/481
f 1314/180/486 833/177/483 837/181/487
f 82/72/154 77/71/153 87/78/162
f 78/70/149 74/69/148 90/74/156
f 78/70/149 88/75/157 76/73/155
f 843/183/488 834/182/489 832/179/485
f 845/184/490 832/179/485 834/182/489
f 845/184/490 837/181/487 835/178/484
f 1323/185/491 837/181/487 836/186/492
f 292/68/147 75/67/146 76/73/155
f 67/1/139 72/66/141 74/69/148
f 67/1/139 78/70/149 75/67/146
f 839/187/493 843/183/488 838/188/494
f 839/187/493 845/184/490 834/182/489
f 844/189/495 836/186/492 845/184/490
f 1332/190/496 836/186/492 846/191/497
f 66/4/138 70/5/140 75/67/146
f 59/2/133 69/6/135 72/66/141
f 58/3/134 59/2/133 67/1/139
f 849/192/498 839/187/493 838/188/494
f 850/193/499 844/189/495 839/187/493
f 854/194/500 846/191/497 844/189/495
f 848/195/501 846/191/497 853/196/502
f 58/3/134 70/5/140 66/4/138
f 52/8/130 57/7/131 69/6/135
f 50/9/128 52/8/130 59/2/133
f 856/197/503 850/193/499 849/192/498
f 857/198/504 854/194/500 850/193/499
f 851/199/505 853/196/502 854/194/500
f 1343/200/506 853/196/502 852/201/507
f 50/9/128 58/3/134 63/10/132
f 53/12/125 55/11/126 57/7/131
f 51/13/124 53/12/125 52/8/130
f 855/202/508 857/198/504 856/197/503
f 864/203/509 851/199/505 857/198/504
f 858/204/510 852/201/507 851/199/505
f 860/205/511 852/201/507 867/206/512
f 42/14/123 51/13/124 50/9/128
f 42/14/123 49/16/129 48/15/127
f 43/18/120 1700/17/121 55/11/126
f 861/207/513 864/203/509 855/202/508
f 862/208/514 858/204/510 864/203/509
f 863/209/515 867/206/512 858/204/510
f 866/210/516 860/205/511 867/206/512
f 36/19/119 43/18/120 53/12/125
f 37/20/118 36/19/119 51/13/124
f 41/24/112 37/20/118 42/14/123
f 41/24/112 44/26/112 40/25/122
f 39/28/114 31/27/115 1700/17/121
f 38/29/113 39/28/114 43/18/120
f 873/211/517 862/208/514 861/207/513
f 872/213/518 877/212/519 2915/214/520
f 869/215/521 863/209/515 862/208/514
f 880/217/522 875/216/523 2921/218/524
f 875/216/523 866/210/516 863/209/515
f 874/220/525 876/219/526 875/216/523
f 35/30/111 38/29/113 36/19/119
f 34/31/112 35/30/111 37/20/118
f 34/31/112 41/24/112 33/32/110
f 29/34/100 1695/33/107 31/27/115
f 22/35/98 29/34/100 39/28/114
f 878/232/527 2915/214/520 877/212/519
f 895/233/528 874/220/525 880/217/522
f 898/226/529 882/234/530 874/220/525
f 23/36/96 22/35/98 38/29/113
f 28/37/92 23/36/96 35/30/111
f 28/37/92 34/31/112 32/38/110
f 13/42/84 1692/41/83 1695/33/107
f 3115/44/105 13/42/84 26/43/106
f 3087/46/103 3115/44/105 24/45/104
f 3068/48/101 3087/46/103 25/47/102
f 899/236/531 887/235/532 883/231/533
f 883/231/534 892/229/535 878/232/527
f 884/224/536 896/227/537 887/235/532
f 2940/228/537 898/226/529 895/233/528
f 20/49/99 3068/48/101 29/34/100
f 3027/50/97 20/49/99 22/35/98
f 3012/51/95 3027/50/97 23/36/96
f 2970/53/93 3012/51/95 19/52/94
f 16/55/88 2970/53/93 18/54/91
f 16/55/88 28/37/92 27/56/89
f 15/58/72 12/57/71 1692/41/83
f 902/225/538 884/224/536 899/236/531
f 903/223/539 1383/221/540 884/224/536
f 3117/60/58 9/59/57 12/57/71
f 8/40/36 1684/61/541 9/59/57
s 0
f 907/63/542 952/63/542 910/63/542
f 913/63/543 917/63/543 954/63/543
f 732/63/544 958/63/544 918/63/544
f 717/63/545 923/63/545 959/63/545
f 709/63/546 965/63/546 922/63/546
f 690/63/547 962/63/547 704/63/547
f 694/63/548 974/63/548 689/63/548
f 925/63/549 929/63/549 693/63/549
f 933/63/550 937/63/550 924/63/550
s 1
f 941/63/551 980/63/551 932/63/551
s 0
f 909/62/299 944/62/299 948/62/299
f 951/62/298 995/62/298 945/62/298
f 915/62/292 998/62/292 996/62/292
f 919/62/291 999/62/291 956/62/291
f 960/62/290 967/62/290 920/62/290
f 973/62/284 1005/62/284 961/62/284
f 928/62/283 969/62/283 972/62/283
f 936/62/282 1009/62/282 927/62/282
f 978/62/276 982/62/276 935/62/276
f 942/62/275 988/62/275 977/62/275
f 991/62/552 946/62/552 949/62/552
f 994/62/69 947/62/69 993/62/69
f 1001/62/69 997/62/69 994/62/69
f 1002/62/69 1000/62/69 1001/62/69
f 1003/62/69 968/62/69 1002/62/69
f 1003/62/69 971/62/69 1006/62/69
f 1007/62/69 1011/62/69 971/62/69
f 1008/62/69 984/62/69 1011/62/69
f 1012/62/69 990/62/69 984/62/69
f 1014/62/69 987/62/69 990/62/69
f 1016/63/553 1031/63/553 1068/63/553
f 1020/63/554 1027/63/554 1033/63/554
f 1023/63/555 1078/63/555 1028/63/555
f 842/63/556 1087/63/556 1079/63/556
f 831/63/557 1041/63/557 1086/63/557
f 823/63/558 1040/63/558 1035/63/558
f 1049/63/559 1045/63/559 824/63/559
f 812/63/560 1054/63/560 1048/63/560
f 1063/63/561 1099/63/561 811/63/561
f 1066/63/562 1060/63/562 1062/63/562
f 1067/62/158 1071/62/158 1069/62/158
f 1030/62/152 1080/62/152 1072/62/152
f 1025/62/151 1108/62/151 1081/62/151
f 1083/62/150 1109/62/150 1076/62/150
f 1084/62/145 1091/62/145 1089/62/145
f 1038/62/144 1095/62/144 1092/62/144
f 1043/62/143 1117/62/143 1094/62/143
f 1098/62/142 1116/62/142 1052/62/142
f 1058/62/137 1120/62/137 1097/62/137
f 1102/62/136 1129/62/136 1057/62/136
f 1104/62/552 1073/62/552 1070/62/552
f 1107/62/69 1074/62/69 1106/62/69
f 1111/62/69 1082/62/69 1107/62/69
f 1112/62/69 1110/62/69 1111/62/69
f 1113/62/69 1090/62/69 1112/62/69
f 1113/62/69 1096/62/69 1093/62/69
f 1114/62/69 1118/62/69 1096/62/69
f 1115/62/69 1122/62/69 1118/62/69
f 1119/62/69 1131/62/69 1122/62/69
f 1124/62/69 1128/62/69 1131/62/69
f 1132/64/563 1135/64/563 1137/64/563
f 1146/64/564 1141/64/564 1138/64/564
f 1144/64/565 1149/64/565 1139/64/565
f 1151/64/566 1154/64/566 1155/64/566
f 1156/64/567 1158/64/567 1159/64/567
f 1162/64/568 1165/64/568 1160/64/568
f 1169/64/569 1161/64/569 1167/64/569
f 1173/64/569 1167/64/569 1171/64/569
f 1178/64/569 1171/64/569 1175/64/569
f 1187/64/570 1174/64/570 1181/64/570
f 1185/64/571 1180/64/571 1183/64/571
f 1190/64/571 1183/64/571 1188/64/571
f 1192/64/572 1195/64/572 1191/64/572
f 1199/64/573 1202/64/573 1197/64/573
f 1211/64/574 1205/64/574 1214/64/574
f 1219/64/575 1212/64/575 1208/64/575
f 1216/64/576 1206/64/576 1215/64/576
f 1231/63/73 1222/63/73 1228/63/73
f 1234/63/70 1240/63/70 1225/63/70
f 1241/63/69 1223/63/69 1226/63/69
f 1232/63/68 1235/63/68 1238/63/68
f 1236/63/67 1224/63/67 1221/63/67
f 1242/63/66 1227/63/66 1239/63/66
f 1246/62/65 1248/62/65 1245/62/65
f 1249/62/64 1251/62/64 1252/62/64
s 1
f 1254/62/65 1256/62/65 1253/62/65
f 1257/62/64 1259/62/64 1260/62/64
f 1261/238/577 173/239/578 1721/240/579
f 1261/238/577 1262/241/580 1263/242/581
f 1264/243/582 1265/244/583 1262/241/580
f 1266/245/584 1265/244/583 2186/246/585
f 1267/247/586 1274/248/587 1266/245/584
f 1267/247/586 1268/249/588 1276/250/589
f 1263/242/581 1270/251/590 173/239/578
f 1263/242/581 1272/252/591 1273/253/592
f 1262/241/580 1275/254/593 1272/252/591
f 1274/248/587 1275/254/593 1265/244/583
f 1276/250/589 1279/255/594 1274/248/587
f 1276/250/589 1281/256/595 1280/257/596
f 1273/253/592 1277/258/597 1270/251/590
f 1273/253/592 1284/259/598 1283/260/599
f 1272/252/591 1285/261/600 1284/259/598
f 1279/255/594 1285/261/600 1275/254/593
f 1280/257/596 1286/262/601 1279/255/594
f 1280/257/596 809/263/602 1287/264/603
f 1283/260/599 188/265/604 1277/258/597
f 1283/260/599 1290/266/605 1288/267/606
f 1284/259/598 1291/268/593 1290/266/605
f 1286/262/601 1291/268/593 1285/261/600
f 1287/264/603 1292/269/607 1286/262/601
f 1287/264/603 817/270/608 1293/271/609
f 1288/267/606 1297/272/610 188/265/604
f 1288/267/606 1302/273/611 1289/274/612
f 1290/266/605 1303/275/613 1302/273/611
f 1292/269/607 1303/275/613 1291/268/593
f 1293/271/609 1294/276/614 1292/269/607
f 1293/271/609 1295/277/615 1304/278/616
f 1289/274/612 1300/279/617 1297/272/610
f 1289/274/612 1306/280/618 1299/281/619
f 1302/273/611 1307/282/620 1306/280/618
f 1294/276/614 1307/282/620 1303/275/613
f 1304/278/616 1309/283/621 1294/276/614
f 1304/278/616 1311/284/622 1305/285/623
f 1300/279/617 1317/286/624 213/287/625
f 1299/281/619 1318/288/626 1317/286/624
f 1306/280/618 1308/289/627 1318/288/626
f 1309/283/621 1308/289/627 1307/282/620
f 1305/285/623 1310/290/628 1309/283/621
f 1311/284/622 1315/291/629 1305/285/623
f 213/287/625 1316/292/630 1324/293/631
f 1317/286/624 1328/294/632 1316/292/630
f 1318/288/626 1319/295/627 1328/294/632
f 1310/290/628 1319/295/627 1308/289/627
f 1315/291/629 1321/296/633 1310/290/628
f 1313/297/634 1320/298/635 1315/291/629
f 1324/293/631 1334/299/636 1326/300/637
f 1316/292/630 1336/301/638 1334/299/636
f 1328/294/632 1337/302/627 1336/301/638
f 1321/296/633 1337/302/627 1319/295/627
f 1320/298/635 1329/303/639 1321/296/633
f 1322/304/640 1330/305/641 1320/298/635
f 1326/300/637 1333/306/642 222/307/643
f 1334/299/636 1335/308/644 1333/306/642
f 1336/301/638 1339/309/627 1335/308/644
f 1329/303/639 1339/309/627 1337/302/627
f 1330/305/641 1338/310/645 1329/303/639
f 1331/311/646 1341/312/647 1330/305/641
f 222/307/643 1346/313/648 1344/314/649
f 1333/306/642 1347/315/650 1346/313/648
f 1335/308/644 1340/316/651 1347/315/650
f 1338/310/645 1340/316/651 1339/309/627
f 1341/312/647 1350/317/652 1338/310/645
f 847/318/653 1351/319/654 1341/312/647
f 1344/314/649 1353/320/655 236/321/656
f 1346/313/648 1349/322/657 1353/320/655
f 1347/315/650 1348/323/658 1349/322/657
f 1350/317/652 1348/323/658 1340/316/651
f 1351/319/654 1355/324/659 1350/317/652
f 1342/325/660 1352/326/661 1351/319/654
f 236/321/656 1354/327/662 238/328/663
f 1353/320/655 1358/329/664 1354/327/662
f 1349/322/657 1356/330/665 1358/329/664
f 1355/324/659 1356/330/665 1348/323/658
f 1352/326/661 1360/331/666 1355/324/659
f 859/332/667 1361/333/668 1352/326/661
f 238/328/663 1357/334/669 253/335/670
f 1354/327/662 1366/336/671 1357/334/669
f 1358/329/664 1359/337/672 1366/336/671
f 1360/331/666 1359/337/672 1356/330/665
f 1361/333/668 1362/338/673 1360/331/666
f 865/339/674 1363/340/675 1361/333/668
f 253/335/670 1364/341/676 267/342/677
f 1366/336/671 1372/343/678 1367/344/679
f 1362/338/673 1372/343/678 1359/337/672
f 881/345/680 1375/346/681 1363/340/675
f 1365/341/682 1370/347/683 267/342/677
f 1367/344/679 1373/348/684 1374/349/685
f 1368/350/686 1373/348/684 1372/343/678
f 1376/346/687 1382/351/688 1377/352/689
f 1369/353/690 275/354/691 1370/347/683
f 1374/349/685 2381/355/692 1379/356/693
f 1380/357/694 2381/355/692 1373/348/684
f 1377/352/689 905/358/695 1384/359/696
s 0
f 1385/64/697 1391/64/697 1393/64/697
f 1394/64/698 1388/64/698 1386/64/698
f 1406/64/699 1398/64/699 1396/64/699
f 1409/64/700 1404/64/700 1408/64/700
f 1418/64/701 1400/64/701 1410/64/701
f 1412/64/702 1415/64/702 1419/64/702
f 1429/64/703 1425/64/703 1413/64/703
f 1437/64/704 1422/64/704 1427/64/704
f 1431/64/705 1435/64/705 1436/64/705
f 1439/64/706 1433/64/706 1430/64/706
f 1450/64/707 1441/64/707 1438/64/707
f 1454/64/708 1445/64/708 1448/64/708
f 1460/64/709 1442/64/709 1455/64/709
f 1457/64/710 1451/64/710 1461/64/710
f 1464/64/711 1466/64/711 1463/64/711
f 1469/64/712 1475/64/712 1467/64/712
f 1473/64/713 1481/64/713 1477/64/713
f 1479/64/714 1487/64/714 1483/64/714
f 1484/64/715 1493/64/715 1488/64/715
f 1490/64/716 1496/64/716 1494/64/716
f 1500/64/717 1504/64/717 1497/64/717
f 1506/64/718 1511/64/718 1502/64/718
f 1509/64/719 1515/64/719 1510/64/719
f 1513/64/720 1519/64/720 1514/64/720
f 1517/64/721 1522/64/721 1518/64/721
f 1523/64/722 1526/64/722 1520/64/722
f 1529/64/723 1535/64/723 1527/64/723
f 1532/64/724 1539/64/724 1536/64/724
s 1
f 1552/360/725 1724/360/726 1554/360/727
f 1552/360/725 1542/360/728 2176/360/729
f 1560/360/730 2137/360/731 1542/360/728
f 1558/360/732 2130/360/733 2137/360/731
f 1543/360/734 1546/360/733 2130/360/733
f 1547/360/735 2119/360/733 1546/360/733
f 1571/360/736 2119/360/733 1566/360/737
f 1571/360/736 1633/360/738 2106/360/739
f 1573/360/740 1551/360/741 1633/360/738
f 1554/360/727 1551/360/741 1549/360/742
f 1579/62/743 1555/62/744 1596/62/745
f 1579/62/743 1561/62/730 1553/62/725
f 1557/62/746 1559/62/747 1561/62/730
f 1581/62/748 1544/62/734 1559/62/747
f 1563/62/749 1548/62/735 1544/62/734
f 1585/62/750 1548/62/735 1565/62/751
f 1570/62/752 1567/62/737 1585/62/750
f 1588/62/753 1572/62/736 1570/62/752
f 1588/62/753 1550/62/742 1574/62/740
f 1596/62/745 1550/62/742 1576/62/754
s 0
f 1612/63/755 1578/63/755 1594/63/755
s 1
f 1556/63/756 1597/63/757 1577/63/757
f 1580/63/758 1600/63/759 1556/63/756
f 1562/63/760 1602/63/761 1580/63/758
f 1564/63/762 1604/63/763 1562/63/760
f 1564/63/762 1606/63/764 1582/63/765
f 1584/63/766 1610/63/767 1606/63/764
s 0
f 1568/63/768 1589/63/768 1609/63/768
s 1
f 1590/63/769 1575/63/770 1587/63/769
f 1592/63/771 1595/63/772 1575/63/770
f 1608/361/773 1599/361/774 1614/361/775
f 1608/361/773 1601/361/776 1599/361/774
f 1608/361/773 1603/361/777 1601/361/776
f 1608/361/773 1605/361/778 1603/361/777
f 1608/361/773 1583/361/779 1605/361/778
f 1608/361/773 1607/361/780 1583/361/779
f 1608/361/773 1611/361/781 1607/361/780
f 1608/361/773 1591/361/782 1611/361/781
f 1608/361/773 1593/361/783 1591/361/782
f 1608/361/773 1614/361/775 1593/361/783
f 1615/360/784 1633/360/738 1645/360/785
f 1615/360/784 1618/360/786 2106/360/739
f 1621/360/787 1618/360/786 1619/360/788
f 1625/360/789 2194/360/790 1621/360/787
f 1636/360/791 1624/360/792 1625/360/789
f 1627/360/793 2227/360/794 1636/360/791
f 1627/360/793 1687/360/795 1682/360/796
f 1629/360/797 1633/360/738 1688/360/798
f 1649/62/799 1646/62/785 1644/62/800
f 1649/62/799 1620/62/801 1616/62/784
f 1635/62/802 1622/62/787 1620/62/801
f 1651/62/803 1626/62/789 1622/62/787
f 1639/62/804 1626/62/789 1655/62/805
f 1662/62/806 1637/62/791 1639/62/804
f 1662/62/806 1630/62/797 1628/62/793
f 1641/62/807 1646/62/785 1630/62/797
s 0
f 1665/63/808 1647/63/808 1642/63/808
s 1
f 1634/63/809 1669/63/810 1648/63/810
f 1634/63/809 1671/63/811 1652/63/812
f 1650/63/813 1656/63/814 1671/63/811
f 1654/63/815 1658/63/816 1656/63/814
f 1638/63/817 1674/63/818 1658/63/816
f 1663/63/819 1661/63/820 1675/63/820
f 1666/63/821 1640/63/822 1663/63/819
f 1673/361/823 1670/361/824 1667/361/825
f 1673/361/823 1653/361/826 1670/361/824
f 1673/361/823 1672/361/827 1653/361/826
f 1673/361/823 1657/361/828 1672/361/827
f 1673/361/823 1659/361/829 1657/361/828
f 1673/361/823 1676/361/830 1659/361/829
f 1673/361/823 1664/361/831 1676/361/830
f 1673/361/823 1667/361/825 1664/361/831
f 1678/360/832 1680/360/833 6/360/834
f 1681/360/835 1685/360/836 1680/360/833
f 1686/360/837 1685/360/836 1683/360/838
f 1689/360/839 10/360/57 1686/360/837
f 1690/360/840 11/360/841 1689/360/839
f 1693/360/842 1691/360/83 1690/360/840
f 1696/360/843 1694/360/844 1693/360/842
f 1697/360/843 30/360/115 1696/360/843
f 1698/360/843 1699/360/845 1697/360/843
f 1701/360/843 54/360/846 1698/360/843
f 1702/360/843 56/360/131 1701/360/843
f 1703/360/843 68/360/847 1702/360/843
f 1704/360/843 71/360/141 1703/360/843
f 1705/360/843 73/360/848 1704/360/843
f 1706/360/843 89/360/849 1705/360/843
f 1709/360/843 97/360/850 1706/360/843
f 1710/360/843 1707/360/171 1709/360/843
f 1710/360/843 122/360/185 106/360/851
f 128/360/852 1711/360/853 121/360/854
f 1631/360/855 1714/360/209 129/360/200
f 1713/360/856 139/360/216 1714/360/209
f 1716/360/857 1717/360/858 139/360/216
f 1719/360/859 1723/360/860 1717/360/858
s 0
f 1727/63/861 1730/63/861 1725/63/861
f 1750/63/73 1732/63/73 1753/63/73
f 1735/63/70 1738/63/70 1747/63/70
f 1739/63/69 1733/63/69 1748/63/69
f 1751/63/68 1736/63/68 1742/63/68
f 1740/63/67 1746/63/67 1731/63/67
f 1743/63/66 1752/63/66 1737/63/66
f 1761/63/862 1783/63/862 1756/63/862
f 1768/63/73 1759/63/73 1762/63/73
f 1771/63/863 1764/63/863 1767/63/863
f 1801/63/864 1788/63/864 1770/63/864
f 1797/63/865 1791/63/865 1800/63/865
f 1777/63/866 1774/63/866 1798/63/866
s 1
f 1794/63/867 1779/63/867 1776/63/867
s 0
f 1755/63/868 1786/63/868 1795/63/868
f 1787/63/68 1793/63/68 1781/63/68
f 1769/63/69 1763/63/69 1757/63/69
f 1804/362/67 1806/362/67 1803/362/67
s 1
f 2011/360/869 1809/360/870 1850/360/871
f 1812/360/872 1809/360/870 1808/360/873
f 1815/360/874 1829/360/875 1812/360/872
f 1821/360/876 1818/360/877 1815/360/874
f 1823/360/876 1816/360/878 1821/360/876
f 1825/360/876 1835/360/879 1823/360/876
f 1825/360/876 1843/360/880 1839/360/881
f 1994/360/882 1843/360/880 1891/360/883
f 1828/360/884 1826/360/885 1994/360/882
f 1828/360/884 1850/360/871 1848/360/886
f 1851/62/887 1857/62/888 1854/62/889
f 1830/62/875 1857/62/888 1810/62/870
f 1819/62/877 1832/62/890 1830/62/875
f 1817/62/878 1863/62/891 1819/62/877
f 1836/62/879 1834/62/892 1817/62/878
f 1836/62/879 1842/62/893 1838/62/894
f 1840/62/881 1869/62/895 1842/62/893
f 1844/62/880 1847/62/896 1869/62/895
f 1849/62/886 1847/62/896 1827/62/885
f 1849/62/886 1854/62/889 1871/62/897
s 0
f 1856/63/755 1875/63/755 1852/63/755
s 1
f 1878/63/757 1831/63/756 1855/63/757
f 1858/63/759 1862/63/758 1831/63/756
f 1860/63/761 1833/63/760 1862/63/758
f 1882/63/763 1837/63/762 1833/63/760
f 1886/63/764 1837/63/762 1884/63/765
f 1865/63/767 1841/63/766 1886/63/764
s 0
f 1872/63/768 1867/63/768 1864/63/768
s 1
f 1870/63/770 1873/63/769 1846/63/769
f 1853/63/772 1888/63/771 1870/63/770
f 1877/361/898 1880/361/899 1881/361/900
f 1880/361/899 1859/361/901 1881/361/900
f 1859/361/901 1861/361/902 1881/361/900
f 1861/361/902 1883/361/903 1881/361/900
f 1883/361/903 1885/361/904 1881/361/900
f 1885/361/904 1887/361/905 1881/361/900
f 1887/361/905 1866/361/906 1881/361/900
f 1866/361/906 1874/361/907 1881/361/900
f 1874/361/907 1889/361/908 1881/361/900
f 1889/361/908 1877/361/898 1881/361/900
f 1994/360/882 1909/360/909 1904/360/910
f 2102/360/911 1909/360/909 1891/360/883
f 2102/360/911 1892/360/912 1894/360/913
f 1898/360/914 1915/360/915 1892/360/912
f 1900/360/916 1917/360/917 1915/360/915
f 1903/360/918 1921/360/919 1917/360/917
f 1965/360/920 1921/360/919 1958/360/921
f 1994/360/882 1923/360/922 1965/360/920
f 1905/62/910 1908/62/923 1929/62/924
f 1895/62/925 1908/62/923 1910/62/909
f 1893/62/912 1912/62/926 1895/62/925
f 1916/62/915 1941/62/927 1893/62/912
f 1916/62/915 1920/62/928 1914/62/929
f 1918/62/917 1947/62/930 1920/62/928
f 1924/62/922 1947/62/930 1922/62/919
f 1905/62/910 1926/62/931 1924/62/922
s 0
f 1906/63/808 1930/63/808 1927/63/808
s 1
f 1934/63/810 1911/63/809 1907/63/810
f 1938/63/811 1911/63/809 1936/63/812
f 1948/63/814 1940/63/813 1938/63/811
f 1950/63/816 1913/63/815 1948/63/814
f 1942/63/818 1919/63/817 1950/63/816
f 1946/63/820 1953/63/819 1943/63/820
f 1925/63/822 1931/63/821 1953/63/819
f 1932/361/932 1935/361/933 1952/361/934
f 1935/361/933 1937/361/935 1952/361/934
f 1937/361/935 1939/361/936 1952/361/934
f 1939/361/936 1949/361/937 1952/361/934
f 1949/361/937 1951/361/938 1952/361/934
f 1951/361/938 1944/361/939 1952/361/934
f 1944/361/939 1954/361/940 1952/361/934
f 1954/361/940 1932/361/932 1952/361/934
f 640/360/941 2947/360/942 1956/360/943
f 638/360/944 1957/360/945 640/360/941
f 638/360/944 1963/360/946 1959/360/947
f 1962/360/55 1968/360/948 1964/360/949
f 645/360/53 1969/360/950 1968/360/948
f 1966/360/37 1971/360/951 1969/360/950
f 668/360/952 1970/360/953 1971/360/951
f 674/360/26 1972/360/953 1970/360/953
f 1973/360/954 1977/360/953 1972/360/953
f 1975/360/955 1979/360/953 1977/360/953
f 687/360/7 1978/360/953 1979/360/953
f 1980/360/956 1982/360/953 1978/360/953
f 702/360/377 1983/360/953 1982/360/953
f 713/360/957 1985/360/953 1983/360/953
f 728/360/958 1984/360/953 1985/360/953
f 726/360/959 1986/360/953 1984/360/953
f 738/360/397 1989/360/953 1986/360/953
f 1987/360/403 1991/360/960 1989/360/953
f 1990/360/961 761/360/962 1995/360/963
f 762/360/427 1998/360/964 1992/360/965
f 2001/360/443 1998/360/964 1999/360/435
f 2005/360/966 2004/360/967 2001/360/443
f 2005/360/966 2010/360/968 2003/360/969
s 0
f 2013/63/970 2016/63/970 2017/63/970
f 2025/63/73 2028/63/73 2040/63/73
f 2031/63/70 2034/63/70 2019/63/70
f 2035/63/69 2029/63/69 2020/63/69
f 2026/63/68 2032/63/68 2023/63/68
f 2021/63/67 2018/63/67 2027/63/67
f 2036/63/66 2039/63/66 2033/63/66
f 2081/63/862 2043/63/862 2076/63/862
f 2046/63/73 2085/63/73 2082/63/73
f 2052/63/863 2048/63/863 2045/63/863
f 2079/63/864 2054/63/864 2051/63/864
f 2057/63/865 2087/63/865 2078/63/865
f 2061/63/866 2064/63/866 2058/63/866
f 2066/63/867 2072/63/867 2060/63/867
f 2075/63/868 2070/63/868 2067/63/868
f 2047/63/69 2083/63/69 2077/63/69
f 2071/63/68 2089/63/68 2074/63/68
f 2091/362/67 2093/362/67 2090/362/67
s 1
f 2195/360/971 1617/360/972 2192/360/973
f 2094/360/974 2107/360/975 2195/360/971
f 2096/360/976 2108/360/977 2094/360/974
f 2096/360/976 2110/360/978 2098/360/979
f 2201/360/980 2103/360/981 2110/360/978
f 2099/360/982 2101/360/983 2103/360/981
f 1617/360/972 2104/360/984 2105/360/985
f 2107/360/975 2109/360/986 2104/360/984
f 2108/360/977 2113/360/987 2109/360/986
f 2110/360/978 2113/360/987 2098/360/979
f 2103/360/981 2114/360/988 2110/360/978
f 2101/360/983 2115/360/989 2103/360/981
f 2104/360/984 2118/360/990 2105/360/985
f 2109/360/986 2111/360/991 2104/360/984
f 2113/360/987 2112/360/992 2109/360/986
f 2113/360/987 2116/360/993 2121/360/994
f 2114/360/988 2117/360/995 2116/360/993
f 2115/360/989 1824/360/996 2117/360/995
f 2118/360/990 2120/360/997 1545/360/998
f 2111/360/991 2125/360/999 2120/360/997
f 2112/360/992 2122/360/1000 2125/360/999
f 2116/360/993 2122/360/1000 2121/360/994
f 2117/360/995 2123/360/1001 2116/360/993
f 1824/360/996 2124/360/1002 2117/360/995
f 1545/360/998 2131/360/1003 2129/360/1004
f 2120/360/997 2127/360/1005 2131/360/1003
f 2125/360/999 2126/360/1006 2127/360/1005
f 2123/360/1001 2126/360/1006 2122/360/1000
f 2124/360/1002 2134/360/1007 2123/360/1001
f 1822/360/1008 2128/360/1009 2124/360/1002
f 2129/360/1004 2140/360/1010 2135/360/1011
f 2131/360/1003 2142/360/1012 2140/360/1010
f 2127/360/1005 2132/360/1013 2142/360/1012
f 2134/360/1007 2132/360/1013 2126/360/1006
f 2128/360/1009 2144/360/1014 2134/360/1007
f 1820/360/1015 2148/360/1016 2128/360/1009
f 2136/62/1011 2139/62/1017 2153/62/1018
f 2141/62/1010 2155/62/1019 2139/62/1017
f 2143/62/1020 2147/62/1021 2155/62/1019
f 2145/62/1022 2147/62/1021 2133/62/1013
f 2149/62/1016 2151/62/1023 2145/62/1022
f 1814/62/1024 2157/62/1025 2149/62/1016
f 2153/62/1018 2159/62/1026 1541/62/1027
f 2138/361/1017 2163/361/1028 2158/361/1026
f 2154/361/1019 2164/361/1029 2163/361/1028
f 2150/361/1023 2164/361/1029 2146/361/1030
f 2156/361/1025 2165/361/1031 2150/361/1023
f 2152/62/1032 2168/62/1033 2157/62/1025
f 1541/62/1027 2161/62/1034 2172/62/1035
f 2158/361/1026 2162/361/1036 2160/361/1034
f 2163/361/1028 2166/361/1037 2162/361/1036
f 2165/361/1031 2166/361/1037 2164/361/1029
f 2167/361/1033 2183/361/1038 2165/361/1031
f 1811/62/1039 2170/62/1040 2168/62/1033
f 2172/62/1035 2174/62/1041 2175/62/1042
f 2160/361/1034 2177/361/1043 2173/361/1041
f 2162/361/1036 2181/361/1044 2177/361/1043
f 2183/361/1038 2181/361/1044 2166/361/1037
f 2169/361/1040 2179/361/1045 2183/361/1038
f 2171/62/1046 2191/62/1047 2170/62/1040
f 2175/62/1042 2184/62/1048 1720/62/1049
f 2174/62/1041 2187/62/1050 2184/62/1048
f 2178/62/1043 2185/62/1051 2187/62/1050
f 2180/62/1045 2185/62/1051 2182/62/1052
f 2191/62/1047 2188/62/1053 2180/62/1045
f 1807/62/1054 2189/62/1055 2191/62/1047
f 2209/62/1056 2193/62/1057 2204/62/1058
f 2198/62/1059 2196/62/971 2209/62/1056
f 2200/62/1060 2095/62/974 2198/62/1059
f 2200/62/1060 2202/62/980 2097/62/1061
f 2215/62/1062 2100/62/982 2202/62/980
f 2213/62/1063 1897/62/1064 2100/62/982
f 2206/62/1065 2204/62/1058 1623/62/1066
f 2207/361/1067 2208/361/1056 2205/361/1065
f 2210/361/1068 2197/361/1059 2207/361/1067
f 2210/361/1068 2214/361/1062 2199/361/1069
f 2211/361/1070 2212/361/1063 2214/361/1062
f 2217/62/1071 2203/62/1072 2213/62/1063
f 2230/62/1073 1623/62/1066 2218/62/1074
f 2219/361/1075 2205/361/1065 2229/361/1076
f 2221/361/1077 2207/361/1067 2219/361/1075
f 2221/361/1077 2211/361/1070 2210/361/1068
f 2223/361/1078 2216/361/1071 2211/361/1070
f 2235/62/1079 1899/62/1080 2217/62/1071
f 2228/62/1081 2218/62/1074 2226/62/1082
f 2231/62/1083 2230/62/1073 2228/62/1081
f 2232/62/1084 2220/62/1075 2231/62/1083
f 2232/62/1084 2224/62/1078 2222/62/1077
f 2233/62/1085 2235/62/1079 2224/62/1078
f 2236/62/1086 2237/62/1087 2235/62/1079
f 2258/360/1088 2247/360/1089 2241/360/1090
f 2238/360/1091 2240/360/1092 2247/360/1089
f 2241/360/1090 2257/360/1093 2245/360/1094
f 2247/360/1089 2251/360/1095 2257/360/1093
s 0
f 2242/63/69 2246/63/69 2271/63/69
f 2276/63/68 2250/63/68 2239/63/68
f 2252/63/1096 2272/63/1096 2268/63/1096
f 2265/363/1097 2267/364/1097 2264/365/1097
f 2273/63/1098 2277/63/1098 2269/63/1098
f 2243/360/1099 2281/360/1099 2282/360/1099
f 2253/360/1100 2283/360/1100 2280/360/1100
f 2297/63/66 2286/63/66 2299/63/66
f 2290/63/69 2288/63/69 2285/63/69
f 2295/63/67 2291/63/67 2289/63/67
f 2296/63/68 2300/63/68 2304/63/68
f 2302/63/1101 2293/63/1101 2305/63/1101
s 1
f 2306/360/1102 2308/360/1103 2314/360/1104
f 2332/360/1105 2307/360/1106 2306/360/1102
f 2307/360/1106 2310/360/1107 2308/360/1103
f 2330/360/1108 2335/360/1109 2307/360/1106
s 0
f 2309/63/69 2320/63/69 2322/63/69
f 2328/63/68 2331/63/68 2333/63/68
f 2334/63/1096 2326/63/1096 2316/63/1096
f 2345/363/1097 2347/364/1097 2344/365/1097
f 2319/63/1110 2325/63/1110 2321/63/1110
f 2336/360/1111 2348/360/1111 2311/360/1111
f 2342/360/1112 2351/360/1112 2338/360/1112
f 2352/63/66 2368/63/66 2366/63/66
f 2355/63/69 2359/63/69 2353/63/69
f 2354/63/67 2362/63/67 2371/63/67
f 2361/63/68 2370/63/68 2365/63/68
f 2357/63/1113 2363/63/1113 2369/63/1113
f 2374/63/66 2375/63/66 270/63/66
f 274/63/66 2377/63/66 2374/63/66
f 2377/63/66 2378/63/66 2375/63/66
f 2376/63/66 2382/63/66 2377/63/66
f 2382/63/66 2714/63/66 2378/63/66
f 2379/63/66 2385/63/66 2382/63/66
f 2386/63/66 2714/63/66 2385/63/66
f 2384/63/66 2385/63/66 2380/63/66
f 2387/63/66 2383/63/66 2386/63/66
f 2390/63/66 2386/63/66 2384/63/66
f 2388/63/66 2389/63/66 2387/63/66
f 904/63/66 2387/63/66 2390/63/66
f 2392/62/66 2394/62/66 2391/62/66
f 2396/62/66 2398/62/66 2395/62/66
s 1
f 2400/63/1114 2401/63/1115 2403/63/1116
f 2431/63/1117 3359/63/1118 2402/63/1119
f 2405/63/1120 3363/63/1121 2431/63/1117
f 2435/63/1122 2407/63/1123 2404/63/1124
f 2434/63/1125 3365/63/1126 2435/63/1122
f 2437/63/1127 2412/63/1128 2434/63/1125
f 2437/63/1127 2417/63/1129 3366/63/1130
f 2419/63/1131 3373/63/1132 2417/63/1129
f 2438/63/1133 2423/63/1134 3373/63/1132
f 2421/63/1135 3377/63/1136 2424/63/1137
f 2425/63/1138 3381/63/1139 3377/63/1136
f 3383/63/1140 2426/63/1141 3380/63/1142
f 2403/63/1116 2429/63/1143 2446/63/1144
f 2430/63/1145 2431/63/1117 2402/63/1119
f 2447/63/1146 2405/63/1120 2431/63/1117
f 2450/63/1147 2404/63/1124 2432/63/1148
f 2436/63/1149 2435/63/1122 2450/63/1147
f 2453/63/1150 2434/63/1125 2436/63/1149
f 2453/63/1150 2419/63/1131 2437/63/1127
f 2452/63/1151 2438/63/1133 2419/63/1131
f 2456/63/1152 2420/63/1153 2438/63/1133
f 2441/63/1154 2421/63/1135 2440/63/1155
f 2461/63/1156 2425/63/1138 2441/63/1154
f 2442/63/1157 2460/63/1158 2426/63/1141
f 2443/63/1159 2445/63/1160 2465/63/1161
f 2444/63/1162 2447/63/1146 2430/63/1145
f 2448/63/1163 2433/63/1164 2447/63/1146
f 2449/63/1165 2450/63/1147 2432/63/1148
f 2474/63/1166 2450/63/1147 2471/63/1167
f 2451/63/1168 2436/63/1149 2474/63/1166
f 2451/63/1168 2452/63/1151 2453/63/1150
f 2454/63/1169 2456/63/1152 2452/63/1151
f 2479/63/1170 2456/63/1152 2455/63/1171
f 2457/63/1172 2440/63/1155 2479/63/1170
f 2483/63/1173 2441/63/1154 2457/63/1172
f 2482/63/1174 2458/63/1175 2462/63/1176
f 2468/63/1177 2466/63/1178 2464/63/1179
f 2468/63/1177 2448/63/1163 2444/63/1162
f 2488/63/1180 2449/63/1165 2448/63/1163
f 2470/63/1181 2449/63/1165 2491/63/1182
f 2472/63/1183 2471/63/1167 2470/63/1181
f 2473/63/1184 2474/63/1166 2472/63/1183
f 2473/63/1184 2454/63/1169 2451/63/1168
f 2475/63/1185 2455/63/1171 2454/63/1169
f 2500/63/1186 2479/63/1170 2455/63/1171
f 2480/63/1187 2479/63/1170 2477/63/1188
f 2485/63/1189 2457/63/1172 2480/63/1187
f 2485/63/1189 2487/63/1190 2483/63/1173
f 2510/360/1191 2463/360/1179 2508/360/1192
f 2516/360/1193 2467/360/1177 2510/360/1191
f 2514/360/1194 2489/360/1195 2516/360/1193
f 2519/360/1196 2490/360/1197 2512/360/1198
f 2493/360/1199 2476/360/1200 2499/360/1186
f 2497/360/1201 2481/360/1202 2478/360/1203
f 2501/360/1204 2484/360/1189 2481/360/1202
f 2503/360/1205 2505/360/1206 2484/360/1189
f 2530/63/1207 2509/63/1192 2507/63/1208
f 2530/63/1207 2517/63/1193 2511/63/1191
f 2531/63/1209 2515/63/1194 2517/63/1193
f 2532/63/1210 2520/63/1196 2513/63/1198
f 2536/63/1211 2521/63/1212 2520/63/1196
f 2518/63/1213 2522/63/1214 2521/63/1212
f 2540/63/1215 2522/63/1214 2539/63/1216
f 2523/63/1217 2524/63/1218 2540/63/1215
f 2525/63/1219 2494/63/1199 2523/63/1217
f 2527/63/1220 2498/63/1201 2526/63/1221
f 2544/63/1222 2502/63/1204 2527/63/1220
f 2544/63/1222 2529/63/1223 2504/63/1205
f 2700/63/1224 2507/63/1208 2697/63/1225
f 2706/63/1226 2530/63/1207 2700/63/1224
f 2710/63/1227 2531/63/1209 2706/63/1226
f 2709/63/1228 2536/63/1211 2532/63/1210
f 2535/63/1229 2518/63/1213 2536/63/1211
f 2538/63/1230 2539/63/1216 2518/63/1213
f 2718/63/1231 2539/63/1216 2712/63/1232
f 2720/63/1233 2540/63/1215 2718/63/1231
f 2542/63/1234 2523/63/1217 2720/63/1233
f 2543/63/1235 2527/63/1220 2526/63/1221
f 2726/63/1236 2544/63/1222 2527/63/1220
f 2546/63/1237 2549/63/1238 2544/63/1222
f 3441/63/1239 2574/63/1240 2551/63/1241
f 3438/63/1242 2552/63/1243 3441/63/1239
f 3434/63/1244 2575/63/1245 3438/63/1242
f 2554/63/1246 2576/63/1247 3434/63/1244
f 2554/63/1246 2580/63/1248 2555/63/1249
f 3430/63/1250 2556/63/1251 2580/63/1248
f 3419/63/1252 2556/63/1251 3422/63/1253
f 2558/63/1254 2559/63/1255 3419/63/1252
f 2558/63/1254 2563/63/1256 2562/63/1257
f 2561/63/1258 2583/63/1259 2563/63/1256
f 2567/63/1260 2571/63/1261 2583/63/1259
f 2570/63/1262 2586/63/1263 2571/63/1261
f 2552/63/1243 2587/63/1264 2574/63/1240
f 2575/63/1245 2589/63/1265 2552/63/1243
f 2576/63/1247 2577/63/1266 2575/63/1245
f 2576/63/1247 2578/63/1267 2579/63/1268
f 2555/63/1249 2581/63/1269 2578/63/1267
f 2580/63/1248 2582/63/1270 2581/63/1269
f 2559/63/1255 2582/63/1270 2556/63/1251
f 2562/63/1257 2593/63/1271 2559/63/1255
f 2563/63/1256 2594/63/1272 2562/63/1257
f 2563/63/1256 2585/63/1273 2596/63/1274
f 2583/63/1259 2584/63/1275 2585/63/1273
f 2571/63/1261 2599/63/1276 2584/63/1275
f 2589/63/1265 2588/63/1277 2587/63/1264
f 2577/63/1266 2591/63/1278 2589/63/1265
f 2579/63/1268 2590/63/1279 2577/63/1266
f 2578/63/1267 2603/63/1280 2579/63/1268
f 2578/63/1267 2609/63/1281 2592/63/1282
f 2581/63/1269 2614/63/1283 2609/63/1281
f 2593/63/1271 2614/63/1283 2582/63/1270
f 2594/63/1272 2617/63/1284 2593/63/1271
f 2594/63/1272 2597/63/1285 2595/63/1286
f 2596/63/1274 2624/63/1287 2598/63/1288
f 2585/63/1273 2627/63/1289 2624/63/1287
f 2584/63/1275 2600/63/1290 2627/63/1289
f 2588/63/1277 2602/63/1291 2631/63/1292
f 2590/63/1279 2602/63/1291 2591/63/1278
f 2604/63/1293 2633/63/1294 2590/63/1279
f 2592/63/1282 2606/63/1295 2603/63/1280
f 2592/63/1282 2611/63/1296 2613/63/1297
f 2609/63/1281 2616/63/1298 2611/63/1296
f 2617/63/1284 2616/63/1298 2614/63/1283
f 2595/63/1286 2637/63/1299 2617/63/1284
f 2595/63/1286 2619/63/1300 2623/63/1301
f 2598/63/1288 2626/63/1302 2621/63/1303
f 2624/63/1287 2629/63/1304 2626/63/1302
f 2600/63/1290 2629/63/1304 2627/63/1289
f 2630/360/1292 2645/360/1305 2644/360/1306
f 2601/360/1307 2650/360/1308 2645/360/1305
f 2632/360/1294 2651/360/1309 2650/360/1308
f 2605/360/1295 2634/360/1310 2651/360/1309
f 2610/360/1311 2634/360/1310 2612/360/1312
f 2615/360/1313 2635/360/1314 2610/360/1311
f 2615/360/1313 2639/360/1315 2638/360/1316
f 2636/360/1317 2663/360/1318 2639/360/1315
f 2618/360/1319 2663/360/1318 2622/360/1320
f 2625/360/1302 2669/360/1321 2620/360/1303
f 2628/360/1322 2640/360/1323 2625/360/1302
f 2641/360/1324 2672/360/1325 2628/360/1322
f 2644/360/1306 2648/360/1326 2646/360/1327
f 2645/360/1305 2655/360/1328 2648/360/1326
f 2650/360/1308 2653/360/1329 2655/360/1328
f 2651/360/1309 2657/360/1330 2653/360/1329
f 2635/360/1314 2657/360/1330 2634/360/1310
f 2638/360/1316 2681/360/1331 2635/360/1314
f 2638/360/1316 2661/360/1332 2659/360/1333
f 2639/360/1315 2667/360/1334 2661/360/1332
f 2669/360/1321 2667/360/1334 2663/360/1318
f 2640/360/1323 2665/360/1335 2669/360/1321
f 2672/360/1325 2686/360/1336 2640/360/1323
f 2643/360/1337 2670/360/1338 2672/360/1325
f 2647/63/1327 2677/63/1339 3134/63/1340
f 2656/63/1328 2677/63/1339 2649/63/1341
f 2654/63/1329 2675/63/1342 2656/63/1328
f 2658/63/1343 2679/63/1344 2652/63/1345
f 2682/63/1346 3136/63/1347 2658/63/1343
f 2660/63/1348 3139/63/1349 2682/63/1346
f 2660/63/1348 2685/63/1350 3163/63/1348
f 2662/63/1351 3165/63/1352 2685/63/1350
f 2668/63/1353 2689/63/1354 3165/63/1352
f 2666/63/1335 3167/63/1355 2690/63/1356
f 2687/63/1336 2695/63/1357 3167/63/1355
f 2692/63/1358 2695/63/1357 2671/63/1359
s 0
f 2696/63/70 2698/63/70 2701/63/70
f 2698/63/70 2702/63/70 2701/63/70
f 271/63/70 2704/63/70 2702/63/70
f 2707/63/70 2708/63/70 271/63/70
f 2711/63/70 2534/63/70 2707/63/70
f 2715/63/70 2537/63/70 2711/63/70
f 2715/63/70 2717/63/70 2713/63/70
f 2716/63/70 2719/63/70 2717/63/70
f 2721/63/70 2541/63/70 2719/63/70
f 901/63/70 2724/63/70 2541/63/70
f 2725/63/73 2728/63/73 2723/63/73
f 2545/63/70 2547/63/70 2727/63/70
f 2737/63/70 2734/63/70 2730/63/70
f 2738/63/69 2745/63/69 2733/63/69
f 2747/63/73 2744/63/73 2740/63/73
f 2731/63/68 2743/63/68 2748/63/68
f 2739/62/66 2729/62/66 2746/62/66
f 2750/63/66 2752/63/66 2749/63/66
f 2754/63/66 2756/63/66 2753/63/66
f 2758/63/66 2760/63/66 2757/63/66
f 2762/63/66 2764/63/66 2761/63/66
f 2766/63/66 2768/63/66 2765/63/66
f 2770/63/66 2772/63/66 2769/63/66
f 2774/360/66 2775/360/66 2773/360/66
f 2776/360/66 2778/360/66 2779/360/66
f 2779/360/66 2781/360/66 2774/360/66
f 2783/360/66 2784/360/66 2782/360/66
f 2794/360/66 2786/360/66 2785/360/66
f 2788/360/66 2790/360/66 2787/360/66
f 2792/360/66 2793/360/66 2791/360/66
f 2787/360/66 2796/360/66 2794/360/66
f 2798/366/66 2800/367/66 2797/368/66
f 2802/366/66 2804/367/66 2801/368/66
f 2817/369/1360 2821/370/1360 2807/371/1360
f 2809/372/1361 2830/373/1361 2825/374/1361
f 2813/372/1362 2855/375/1362 2820/370/1362
f 2824/374/1363 2847/376/1363 2808/372/1363
f 2848/376/1364 2863/377/1364 2853/378/1364
f 2841/379/1365 2868/380/1365 2844/376/1365
f 256/63/70 2806/63/70 2818/63/70
f 2826/63/66 2805/63/66 244/63/66
f 248/63/66 2814/63/66 2826/63/66
f 258/63/73 2829/63/73 249/63/73
f 2832/63/67 2850/63/67 2843/63/67
f 2834/63/70 2818/63/70 2851/63/70
f 2837/63/73 2822/63/73 258/63/73
s 1
f 1679/39/35 1684/61/541 8/40/36
s 0
f 264/63/67 2859/63/67 2864/63/67
f 2857/63/70 2851/63/70 2861/63/70
f 2872/63/73 2839/63/73 2837/63/73
f 2871/63/1366 2866/63/1366 2874/63/1366
f 2896/370/1367 2880/369/1367 2918/371/1367
f 2924/373/1368 2888/372/1368 2929/374/1368
f 2885/375/1369 2892/372/1369 2895/370/1369
f 2901/376/1370 2928/374/1370 2887/372/1370
f 2936/377/1371 2902/376/1371 2883/378/1371
f 2908/380/1372 2912/379/1372 2898/376/1372
f 2914/63/73 2917/63/73 2893/63/73
f 868/63/67 2916/63/67 870/63/67
f 2919/63/67 2877/63/67 868/63/67
f 879/63/70 2923/63/70 2920/63/70
f 2930/63/66 2881/63/66 2897/63/66
f 891/63/73 2893/63/73 2882/63/73
f 894/63/70 2926/63/70 879/63/70
s 1
f 5/21/21 1679/39/35 7/22/22
s 0
f 885/63/66 2932/63/66 2904/63/66
f 889/63/73 2882/63/73 2934/63/73
f 2938/63/70 2910/63/70 894/63/70
f 2937/63/1373 2905/63/1373 2941/63/1373
f 2945/360/1374 2225/360/1374 2944/360/1374
f 1677/360/1374 2945/360/1374 2944/360/1374
f 633/360/1375 2949/360/1375 2/360/1375
s 1
f 2952/381/90 2953/382/1376 17/383/88
f 3147/384/1377 2972/385/1378 2953/382/1376
f 3145/386/1379 2955/387/1380 2972/385/1378
f 2957/388/1381 2964/389/1382 2954/387/1383
f 2962/63/67 2965/63/1384 2961/63/1385
s 0
f 3142/63/67 2977/63/67 2962/63/67
f 3140/63/67 2978/63/67 3142/63/67
f 3160/63/67 2966/63/67 3140/63/67
f 3158/63/67 2979/63/67 3160/63/67
s 1
f 3157/63/1386 2967/63/67 3158/63/67
f 3153/388/1387 2968/389/1388 3156/390/1389
f 3151/386/1390 2984/387/1391 3153/388/1387
f 3149/384/1392 2985/385/1393 3151/386/1390
f 649/381/376 2986/382/1394 3149/384/1392
f 2953/382/1376 2971/391/93 17/383/88
f 2972/385/1378 2973/392/1395 2953/382/1376
f 2955/387/1380 2976/393/1396 2972/385/1378
f 2964/389/1382 2974/394/1397 2954/387/1383
f 2977/63/67 2993/63/1398 2965/63/1384
s 0
f 2978/63/67 2994/63/67 2977/63/67
f 2966/63/67 2998/63/67 2978/63/67
f 2979/63/67 2981/63/67 2966/63/67
f 2967/63/67 2980/63/67 2979/63/67
s 1
f 2969/63/1399 2982/63/67 2967/63/67
f 2968/389/1388 3004/394/1400 2999/395/1401
f 2984/387/1391 3006/393/1402 3005/394/1403
f 2985/385/1393 2989/392/1404 3006/393/1402
f 2986/382/1394 2988/391/49 2989/392/1404
f 2973/392/1395 3013/396/95 2971/391/93
f 2976/393/1396 3014/397/1405 2973/392/1395
f 2975/394/1406 3015/398/1407 2976/393/1396
f 2992/395/1398 2990/399/1408 2974/394/1397
f 2994/63/67 2996/63/1409 2993/63/1398
s 0
f 2998/63/67 3018/63/67 2994/63/67
f 2982/63/67 3022/63/67 2980/63/67
s 1
f 3000/63/1401 3023/63/67 2982/63/67
f 2999/395/1401 3007/399/1410 3001/400/1411
f 3005/394/1403 3009/398/1412 3007/399/1410
f 3006/393/1402 3011/397/1413 3009/398/1412
f 2989/392/1404 655/396/47 3011/397/1413
f 3014/397/1405 3028/401/97 3013/396/95
f 3015/398/1407 3029/402/1414 3014/397/1405
f 2991/403/1408 3031/404/1415 3016/405/1407
f 2997/406/1409 3017/407/1416 2991/403/1408
f 3019/408/67 3020/409/1417 2997/406/1409
s 0
f 3021/63/67 3035/63/67 3018/63/67
f 3023/63/67 3025/63/67 3022/63/67
s 1
f 3003/406/1418 3042/410/67 3024/408/67
f 3003/406/1418 3044/407/1419 3026/409/1420
f 3008/403/1410 3047/404/1421 3044/407/1419
f 3009/398/1412 3050/402/1422 3046/411/1421
f 3011/397/1413 3052/401/46 3050/402/1422
f 3029/402/1414 21/412/99 3028/401/97
f 3030/411/1415 3054/413/1423 3029/402/1414
f 3017/407/1416 3033/414/1424 3031/404/1415
f 3020/409/1417 3055/415/1425 3017/407/1416
f 3036/410/67 3034/416/1426 3020/409/1417
s 0
f 3037/63/67 3056/63/67 3035/63/67
f 3041/63/67 3040/63/67 3025/63/67
s 1
f 3026/409/1420 3039/417/67 3042/410/67
f 3026/409/1420 3045/415/1427 3043/416/1428
f 3044/407/1419 3049/414/1429 3045/415/1427
f 3046/411/1421 3053/413/1430 3048/418/1429
f 3050/402/1422 658/412/45 3053/413/1430
f 3054/413/1423 3069/419/101 21/412/99
f 3032/418/1424 3070/420/1431 3054/413/1423
f 3055/415/1425 3072/421/1432 3033/414/1424
f 3034/416/1426 3073/422/1433 3055/415/1425
f 3057/417/67 3074/423/1434 3034/416/1426
s 0
f 3060/63/67 3058/63/67 3056/63/67
f 3038/63/67 3082/63/67 3040/63/67
s 1
f 3043/416/1428 3084/424/67 3039/417/67
f 3043/416/1428 3063/422/1435 3062/423/1436
f 3045/415/1427 3065/421/1437 3063/422/1435
f 3048/418/1429 3085/420/1438 3064/425/1437
f 3053/413/1430 3067/419/44 3085/420/1438
f 3070/420/1431 3088/426/103 3069/419/101
f 3071/425/1432 3089/427/1439 3070/420/1431
f 3073/422/1433 3091/428/1440 3072/421/1432
f 3074/423/1434 3093/429/1441 3073/422/1433
f 3059/424/67 3078/430/67 3074/423/1434
s 0
f 3061/63/67 3075/63/67 3058/63/67
f 3083/63/67 3094/63/67 3082/63/67
s 1
f 3062/423/1436 3096/431/67 3084/424/67
f 3062/423/1436 3106/429/1442 3104/430/1443
f 3063/422/1435 3109/428/1444 3106/429/1442
f 3064/425/1437 3086/427/1445 3108/432/1444
f 3085/420/1438 3111/426/42 3086/427/1445
f 3089/427/1439 3116/433/105 3088/426/103
f 3090/432/1440 3118/434/1446 3089/427/1439
f 3092/435/1441 3119/436/1447 3090/432/1440
f 3079/437/1448 3120/438/1449 3092/435/1441
s 0
f 3075/63/67 3121/63/67 3077/63/67
f 3081/63/67 3123/63/67 3075/63/67
f 3095/63/67 3098/63/67 3094/63/67
f 3101/63/67 3097/63/67 3095/63/67
s 1
f 3103/437/1443 3107/438/1450 3100/439/1451
f 3105/435/1442 3131/436/1452 3107/438/1450
f 3108/432/1444 3114/434/1453 3131/436/1452
f 3086/427/1445 3113/433/40 3114/434/1453
f 3118/434/1446 14/440/84 3116/433/105
f 3119/436/1447 3117/60/58 3118/434/1446
f 3120/438/1449 8/40/36 3119/436/1447
f 3122/439/1454 7/22/22 3120/438/1449
s 0
f 3123/63/67 1/63/67 3121/63/67
f 3125/63/67 3124/63/67 3123/63/67
f 3126/63/67 3127/63/67 3125/63/67
f 3098/63/67 3128/63/67 3126/63/67
f 3097/63/67 3129/63/67 3098/63/67
f 3099/63/67 3130/63/67 3097/63/67
s 1
f 3100/439/1451 636/22/62 634/23/1455
f 3107/438/1450 641/40/60 636/22/62
f 3131/436/1452 3132/60/56 641/40/60
f 3114/434/1453 644/440/38 3132/60/56
s 0
f 2959/63/73 2956/63/73 3144/63/73
f 3155/63/73 2684/63/73 3150/63/73
f 3170/63/70 3188/63/70 3185/63/70
f 3176/63/69 3174/63/69 3171/63/69
f 3183/63/73 3181/63/73 3175/63/73
f 3186/63/68 3179/63/68 3184/63/68
f 3172/62/67 3177/62/67 3187/62/67
f 3191/441/67 3193/441/67 3190/441/67
f 3212/442/1456 3405/443/1456 3213/444/1456
f 3200/445/1457 3195/446/1457 3211/442/1457
f 3224/447/73 3410/448/73 3199/445/73
f 3223/449/1458 3416/450/1458 3225/447/1458
f 3226/451/1459 3203/452/1459 3222/449/1459
f 3236/453/1456 3213/444/1456 3231/454/1456
f 3216/455/1457 3211/442/1457 3235/453/1457
f 3244/456/73 3199/445/73 3214/455/73
f 3221/457/1458 3225/447/1458 3246/456/1458
f 3248/458/1459 3222/449/1459 3217/457/1459
f 3255/459/1460 3230/454/1460 3228/460/1460
f 3269/461/1461 3233/453/1461 3253/459/1461
f 3263/462/73 3214/455/73 3268/461/73
f 3267/462/1462 3220/457/1462 3245/456/1462
f 3241/463/1463 3249/458/1463 3218/457/1463
f 3250/464/1464 3256/459/1464 3229/460/1464
s 1
f 3279/465/1465 3270/461/1465 3254/459/1465
s 0
f 3289/466/73 3268/461/73 3259/467/73
f 3298/468/1466 3266/462/1466 3291/466/1466
f 3304/469/1467 3240/463/1467 3293/468/1467
f 3461/470/1468 3283/465/1468 3252/464/1468
f 3273/471/1469 3260/467/1469 3280/465/1469
f 3285/472/73 3259/467/73 3314/473/73
f 3331/474/1470 3292/466/1470 3287/472/1470
f 3301/475/1471 3295/468/1471 3327/474/1471
s 1
f 3306/476/1472 3276/471/1472 3462/470/1472
s 0
f 3309/477/1473 3315/473/1473 3274/471/1473
f 3339/478/73 3314/473/73 3334/479/73
s 1
f 3321/480/1474 3288/472/1474 3340/478/1474
s 0
f 3325/481/1475 3328/474/1475 3319/480/1475
f 3333/482/1456 3307/476/1456 3344/483/1456
f 3350/484/1457 3311/477/1457 3332/482/1457
f 3337/485/73 3334/479/73 3349/484/73
f 3343/486/1458 3341/478/1458 3338/485/1458
f 3355/487/1459 3318/480/1459 3342/486/1459
f 3397/488/1456 3344/483/1456 3402/489/1456
f 3348/490/1457 3332/482/1457 3395/488/1457
f 3352/491/73 3349/484/73 3346/490/73
f 3393/492/1458 3338/485/1458 3354/491/1458
f 3387/493/1459 3342/486/1459 3390/492/1459
f 3378/494/1476 3385/493/1476 3382/495/1476
f 3208/496/1477 2565/497/1477 3421/498/1477
f 3442/499/1478 3227/460/1478 109/460/1478
f 3447/500/1479 3446/499/1479 3443/499/1479
f 3449/501/1479 3454/500/1479 3447/500/1479
f 142/502/1480 3453/501/1480 3450/501/1480
f 3457/503/1481 3455/502/1481 141/502/1481
f 151/504/1481 3459/503/1481 3457/503/1481
f 161/470/1482 3465/504/1482 152/504/1482
f 754/505/1483 3470/506/1483 3467/506/1483
f 752/507/1484 3472/505/1484 755/505/1484
f 3474/508/1484 3476/507/1484 752/507/1484
f 3479/509/1485 3483/508/1485 3475/508/1485
f 3485/510/1486 3480/509/1486 3478/509/1486
f 786/511/1486 3488/510/1486 3485/510/1486
f 3490/475/1487 3487/511/1487 787/511/1487
f 3494/63/1488 3498/63/1488 3492/63/1488
f 3503/63/1489 3534/63/1489 3495/63/1489
f 3507/63/1490 3501/63/1490 3504/63/1490
s 1
f 3531/63/1491 3509/63/1491 3506/63/1491
s 0
f 3512/63/1492 3515/63/1492 3530/63/1492
f 3522/63/1493 3519/63/1493 3513/63/1493
f 3525/63/1494 3527/63/1494 3521/63/1494
f 3491/63/1495 3536/63/1495 3524/63/1495
f 3496/63/69 3493/63/69 3532/63/69
f 3511/63/68 3520/63/68 3538/63/68
s 1
f 3580/63/1496 3541/63/1496 3565/63/1496
s 0
f 3576/63/1497 3582/63/1497 3579/63/1497
f 3546/63/1498 3544/63/1498 3577/63/1498
f 3574/63/1499 3550/63/1499 3547/63/1499
s 1
f 3556/63/1500 3552/63/1500 3573/63/1500
s 0
f 3571/63/1501 3558/63/1501 3555/63/1501
f 3567/63/1502 3561/63/1502 3570/63/1502
f 3564/63/1503 3586/63/1503 3568/63/1503
f 3569/63/67 3572/63/67 3575/63/67
f 3560/63/66 3584/63/66 3548/63/66
f 3592/362/1504 3624/362/1504 3588/362/1504
s 1
f 3621/362/1505 3597/362/1505 3591/362/1505
f 3618/362/1506 3595/362/1506 3622/362/1506
s 0
f 3600/362/1507 3628/362/1507 3619/362/1507
f 3607/362/1508 3604/362/1508 3601/362/1508
f 3610/362/1509 3630/362/1509 3606/362/1509
f 3615/362/1510 3633/362/1510 3609/362/1510
f 3589/362/1511 3613/362/1511 3616/362/1511
f 3620/362/66 3590/362/66 3614/362/66
f 3629/362/67 3632/362/67 3626/362/67
f 3726/362/1512 3714/362/1512 3636/362/1512
f 3648/362/1513 3674/362/1513 3724/362/1513
f 3650/362/1514 3641/362/1514 3646/362/1514
f 3653/362/1515 3695/362/1515 3689/362/1515
f 3655/362/1516 3666/362/1516 3693/362/1516
f 3659/362/1517 3696/362/1517 3662/362/1517
f 3722/362/1518 3705/362/1518 3701/362/1518
f 3637/362/1519 3708/362/1519 3670/362/1519
f 3711/362/1520 3684/362/1520 3730/362/1520
f 3672/362/1521 3680/362/1521 3683/362/1521
f 3640/362/1522 3738/362/1522 3677/362/1522
f 3690/362/1523 3739/362/1523 3688/362/1523
s 1
f 3665/362/1524 3745/362/1524 3692/362/1524
s 0
f 3698/362/1525 3748/362/1525 3663/362/1525
s 1
f 3702/362/1526 3758/362/1526 3700/362/1526
s 0
f 3707/362/1527 3729/362/1527 3718/362/1527
f 3645/362/1528 3723/362/1528 3635/362/1528
f 3727/362/1529 3734/362/1529 3769/362/1529
f 3678/362/1529 3734/362/1529 3682/362/1529
f 3678/362/1529 3774/362/1529 3732/362/1529
f 3741/362/1529 3754/362/1529 3774/362/1529
f 3750/362/1529 3754/362/1529 3746/362/1529
f 3757/362/1530 3779/362/1530 3751/362/1530
f 3716/362/1529 3761/362/1529 3756/362/1529
f 3727/362/1529 3763/362/1529 3716/362/1529
f 3768/63/1531 3771/63/1531 3785/63/1531
f 3788/63/1521 3735/63/1521 3767/63/1521
s 1
f 3789/63/1532 3731/63/1532 3786/63/1532
s 0
f 3790/63/1533 3753/63/1533 3773/63/1533
f 3796/63/1534 3752/63/1534 3792/63/1534
f 3795/63/1535 3760/63/1535 3776/63/1535
f 3800/63/1536 3764/63/1536 3762/63/1536
f 3784/63/1537 3765/63/1537 3782/63/1537
f 3780/63/1529 3766/63/1529 3791/63/1529
f 3803/362/1538 3806/362/1538 3830/362/1538
f 3814/362/1539 3805/362/1539 3808/362/1539
f 3818/362/1540 3812/362/1540 3815/362/1540
f 3827/362/1541 3820/362/1541 3817/362/1541
f 3823/362/1542 3831/362/1542 3826/362/1542
f 3802/362/1543 3836/362/1543 3824/362/1543
f 3813/362/1544 3807/362/1544 3801/362/1544
f 3819/362/1545 3832/362/1545 3835/362/1545
f 3839/63/1546 3848/63/1546 3845/63/1546
f 3857/63/1547 3859/63/1547 3838/63/1547
f 3853/63/1548 3840/63/1548 3856/63/1548
f 3844/63/1549 3850/63/1549 3854/63/1549
f 3852/63/1550 3837/63/1550 3843/63/1550
f 3858/63/1551 3851/63/1551 3847/63/1551
f 3863/63/1546 3866/63/1546 3881/63/1546
f 3872/63/1547 3865/63/1547 3868/63/1547
f 3874/63/1548 3882/63/1548 3871/63/1548
f 3875/63/1549 3879/63/1549 3877/63/1549
f 3873/63/1550 3867/63/1550 3861/63/1550
f 3864/63/1551 3878/63/1551 3880/63/1551
f 3886/62/1552 3909/62/1552 3905/62/1552
f 3903/62/1553 3889/62/1553 3885/62/1553
f 3901/62/1554 3898/62/1554 3895/62/1554
f 3906/62/1555 3900/62/1555 3893/62/1555
s 1
f 3894/62/1556 3887/62/1556 3907/62/1556
s 0
f 3890/62/1557 3899/62/1557 3908/62/1557
f 3929/62/1558 3922/62/1558 3915/62/1558
s 1
f 3918/62/1559 3920/62/1559 3911/62/1559
s 0
f 3923/62/1560 3932/62/1560 3917/62/1560
f 3924/62/1561 3916/62/1561 3928/62/1561
f 3919/62/1562 3931/62/1562 3925/62/1562
f 3921/62/1563 3927/62/1563 3914/62/1563
f 3954/62/1564 3957/62/1564 3937/62/1564
f 3940/62/1565 3948/62/1565 3958/62/1565
f 3943/62/1566 3946/62/1566 3949/62/1566
f 3950/62/1567 3936/62/1567 3945/62/1567
f 3941/62/1568 3955/62/1568 3951/62/1568
f 3956/62/1569 3944/62/1569 3935/62/1569
s 1
f 703/66/377 1981/6/6 698/2/2
f 711/67/378 700/5/5 706/4/4
f 711/67/378 712/70/381 701/1/1
f 714/69/380 703/66/377 701/1/1
f 725/73/384 711/67/378 710/68/379
f 725/73/384 720/75/386 712/70/381
f 729/74/385 714/69/380 712/70/381
f 722/78/389 719/71/383 718/72/382
f 722/78/389 723/79/390 725/73/384
f 723/79/390 724/81/392 720/75/386
f 727/80/391 729/74/385 720/75/386
f 736/84/388 721/76/388 733/77/387
f 736/84/388 742/85/395 722/78/389
f 742/85/395 737/86/396 723/79/390
f 737/86/396 744/88/398 724/81/392
f 739/87/397 727/80/391 724/81/392
f 746/91/394 735/82/394 734/83/393
f 741/92/388 736/84/388 735/82/394
f 741/92/388 748/93/401 742/85/395
f 748/93/401 743/94/402 737/86/396
f 743/94/402 749/96/404 744/88/398
f 1988/95/403 739/87/397 744/88/398
f 756/97/405 740/89/400 3466/90/399
f 745/99/407 746/91/394 740/89/400
f 747/100/408 741/92/388 746/91/394
f 747/100/408 758/101/409 748/93/401
f 758/101/409 759/102/410 743/94/402
f 759/102/410 750/104/412 749/96/404
f 1997/103/411 1988/95/403 749/96/404
f 764/105/413 756/97/405 753/98/406
f 766/107/415 745/99/407 756/97/405
f 767/108/416 747/100/408 745/99/407
f 767/108/416 757/109/417 758/101/409
f 757/109/417 768/110/418 759/102/410
f 768/110/418 760/111/419 750/104/412
f 760/111/419 763/118/427 1997/103/411
f 765/112/420 764/105/413 751/106/414
f 769/114/422 766/107/415 764/105/413
f 770/115/423 767/108/416 766/107/415
f 770/115/423 773/116/424 757/109/417
f 773/116/424 775/117/425 768/110/418
f 775/117/425 774/119/426 760/111/419
f 774/119/426 2000/127/435 763/118/427
f 778/120/428 765/112/420 3473/113/421
f 779/122/430 769/114/422 765/112/420
f 781/123/431 770/115/423 769/114/422
f 781/123/431 771/124/432 773/116/424
f 771/124/432 772/126/434 775/117/425
f 784/125/433 774/119/426 775/117/425
f 784/125/433 2002/134/443 2000/127/435
f 776/128/436 778/120/428 3477/121/429
f 777/130/438 779/122/430 778/120/428
f 780/131/439 781/123/431 779/122/430
f 780/131/439 788/132/440 771/124/432
f 788/132/440 782/133/441 772/126/434
f 782/133/441 783/135/442 784/125/433
f 783/135/442 2006/142/451 2002/134/443
f 790/136/444 776/128/436 3484/129/437
f 791/138/446 777/130/438 776/128/436
f 794/139/447 780/131/439 777/130/438
f 794/139/447 793/140/448 788/132/440
f 793/140/448 789/141/449 782/133/441
f 789/141/449 796/143/450 783/135/442
f 796/143/450 2009/237/1570 2006/142/451
f 3489/144/452 797/145/453 790/136/444
f 797/145/453 800/146/454 791/138/446
f 800/146/454 799/148/456 794/139/447
f 792/147/455 793/140/448 794/139/447
f 792/147/455 802/149/457 789/141/449
f 802/149/457 795/151/459 796/143/450
f 1269/150/458 2009/237/1570 796/143/450
f 804/152/460 806/153/461 800/146/454
f 806/153/461 798/155/456 799/148/456
f 801/154/462 792/147/455 799/148/456
f 801/154/462 808/156/463 802/149/457
f 808/156/463 803/158/465 795/151/459
f 1282/157/464 1269/150/458 795/151/459
f 814/159/466 805/161/456 798/155/456
f 815/160/467 801/154/462 798/155/456
f 815/160/467 807/162/468 808/156/463
f 807/162/468 816/164/470 803/158/465
f 810/163/469 1282/157/464 803/158/465
f 1051/165/471 819/166/472 815/160/467
f 819/166/472 821/167/473 807/162/468
f 821/167/473 822/169/475 816/164/470
f 818/168/474 810/163/469 816/164/470
f 826/170/476 828/171/477 821/167/473
f 828/171/477 820/173/479 822/169/475
f 1296/172/478 818/168/474 822/169/475
f 1036/174/480 827/175/481 828/171/477
f 827/175/481 833/177/483 820/173/479
f 1312/176/482 1296/172/478 820/173/479
f 835/178/484 827/175/481 1036/174/480
f 835/178/484 837/181/487 833/177/483
f 1314/180/486 1312/176/482 833/177/483
f 845/184/490 835/178/484 832/179/485
f 845/184/490 836/186/492 837/181/487
f 1323/185/491 1314/180/486 837/181/487
f 839/187/493 834/182/489 843/183/488
f 839/187/493 844/189/495 845/184/490
f 844/189/495 846/191/497 836/186/492
f 1332/190/496 1323/185/491 836/186/492
f 849/192/498 850/193/499 839/187/493
f 850/193/499 854/194/500 844/189/495
f 854/194/500 853/196/502 846/191/497
f 848/195/501 1332/190/496 846/191/497
f 856/197/503 857/198/504 850/193/499
f 857/198/504 851/199/505 854/194/500
f 851/199/505 852/201/507 853/196/502
f 1343/200/506 848/195/501 853/196/502
f 855/202/508 864/203/509 857/198/504
f 864/203/509 858/204/510 851/199/505
f 858/204/510 867/206/512 852/201/507
f 860/205/511 1343/200/506 852/201/507
f 861/207/513 862/208/514 864/203/509
f 862/208/514 863/209/515 858/204/510
f 863/209/515 866/210/516 867/206/512
f 873/211/517 869/215/521 862/208/514
f 872/213/518 873/211/517 877/212/519
f 869/215/521 875/216/523 863/209/515
f 880/217/522 874/220/525 875/216/523
f 875/216/523 876/219/526 866/210/516
f 874/220/525 882/234/530 876/219/526
f 878/232/527 892/229/535 2915/214/520
f 895/233/528 898/226/529 874/220/525
f 899/236/531 884/224/536 887/235/532
f 883/231/534 890/230/1571 892/229/535
f 884/224/536 1383/221/540 896/227/537
f 2940/228/537 896/227/537 898/226/529
f 902/225/538 903/223/539 884/224/536
f 903/223/539 906/222/1572 1383/221/540
s 0
f 908/63/1573 911/63/1573 953/63/1573
f 912/63/1574 730/63/1574 916/63/1574
f 731/63/1575 715/63/1575 957/63/1575
f 716/63/1576 707/63/1576 921/63/1576
f 708/63/1577 705/63/1577 963/63/1577
f 691/63/1578 975/63/1578 964/63/1578
f 695/63/1579 931/63/1579 976/63/1579
f 926/63/1580 939/63/1580 930/63/1580
f 934/63/1581 981/63/1581 938/63/1581
f 940/63/1582 943/63/1582 979/63/1582
f 909/62/299 950/62/299 944/62/299
f 951/62/298 914/62/298 995/62/298
f 915/62/292 955/62/292 998/62/292
f 919/62/291 966/62/291 999/62/291
f 960/62/290 1004/62/290 967/62/290
f 973/62/284 970/62/284 1005/62/284
f 928/62/283 1010/62/283 969/62/283
f 936/62/282 983/62/282 1009/62/282
f 978/62/276 989/62/276 982/62/276
f 942/62/275 985/62/275 988/62/275
f 992/62/69 993/62/69 947/62/69
f 994/62/69 997/62/69 947/62/69
f 1001/62/69 1000/62/69 997/62/69
f 1002/62/69 968/62/69 1000/62/69
f 1003/62/69 1006/62/69 968/62/69
f 1003/62/69 1007/62/69 971/62/69
f 1007/62/69 1008/62/69 1011/62/69
f 1008/62/69 1012/62/69 984/62/69
f 1012/62/69 1014/62/69 990/62/69
f 1013/62/68 1015/62/68 986/62/68
f 1017/63/1583 1018/63/1583 1032/63/1583
f 1019/63/1584 1021/63/1584 1026/63/1584
f 1022/63/1585 840/63/1585 1077/63/1585
f 841/63/1586 829/63/1586 1085/63/1586
f 830/63/1587 1034/63/1587 1039/63/1587
f 825/63/1588 1046/63/1588 1042/63/1588
f 1050/63/1589 1056/63/1589 1047/63/1589
s 1
f 813/63/1590 1101/63/1590 1055/63/1590
s 0
f 1064/63/1591 1061/63/1591 1100/63/1591
f 1065/63/1592 1103/63/1592 1059/63/1592
f 1067/62/158 1029/62/158 1071/62/158
f 1030/62/152 1024/62/152 1080/62/152
s 1
f 1025/62/151 1075/62/151 1108/62/151
s 0
f 1083/62/150 1088/62/150 1109/62/150
f 1084/62/145 1037/62/145 1091/62/145
f 1038/62/144 1044/62/144 1095/62/144
f 1043/62/143 1053/62/143 1117/62/143
f 1098/62/142 1121/62/142 1116/62/142
f 1058/62/137 1130/62/137 1120/62/137
f 1102/62/136 1126/62/136 1129/62/136
f 1105/62/69 1106/62/69 1074/62/69
f 1107/62/69 1082/62/69 1074/62/69
f 1111/62/69 1110/62/69 1082/62/69
f 1112/62/69 1090/62/69 1110/62/69
f 1113/62/69 1093/62/69 1090/62/69
f 1113/62/69 1114/62/69 1096/62/69
f 1114/62/69 1115/62/69 1118/62/69
f 1115/62/69 1119/62/69 1122/62/69
f 1119/62/69 1124/62/69 1131/62/69
f 1123/62/68 1125/62/68 1127/62/68
f 1133/64/1593 1134/64/1593 1136/64/1593
f 1147/64/1594 1140/64/1594 1142/64/1594
f 1143/64/1595 1145/64/1595 1148/64/1595
s 1
f 1150/64/1596 1152/64/1596 1153/64/1596
s 0
f 1156/64/1597 1157/64/1597 1158/64/1597
f 1162/64/568 1164/64/568 1165/64/568
f 1169/64/569 1163/64/569 1161/64/569
f 1172/64/1598 1168/64/1598 1166/64/1598
f 1176/64/1598 1172/64/1598 1170/64/1598
f 1187/64/570 1177/64/570 1174/64/570
f 1184/64/572 1186/64/572 1179/64/572
f 1189/64/572 1184/64/572 1182/64/572
f 1193/64/571 1194/64/571 1196/64/571
f 1198/64/1599 1200/64/1599 1201/64/1599
f 1210/64/1600 1203/64/1600 1204/64/1600
f 1220/64/1601 1209/64/1601 1213/64/1601
f 1217/64/1602 1218/64/1602 1207/64/1602
f 1231/63/73 1237/63/73 1222/63/73
f 1234/63/70 1243/63/70 1240/63/70
f 1241/63/69 1229/63/69 1223/63/69
f 1232/63/68 1244/63/68 1235/63/68
f 1236/63/67 1233/63/67 1224/63/67
f 1242/63/66 1230/63/66 1227/63/66
f 1246/62/65 1247/62/65 1248/62/65
f 1249/62/64 1250/62/64 1251/62/64
f 1254/62/65 1255/62/65 1256/62/65
s 1
f 1257/62/64 1258/62/64 1259/62/64
f 1261/238/577 1263/242/581 173/239/578
f 1261/238/577 1264/243/582 1262/241/580
f 1264/243/582 2186/246/585 1265/244/583
f 1266/245/584 1274/248/587 1265/244/583
f 1267/247/586 1276/250/589 1274/248/587
f 1267/247/586 2008/512/1603 1268/249/588
f 1263/242/581 1273/253/592 1270/251/590
f 1263/242/581 1262/241/580 1272/252/591
f 1262/241/580 1265/244/583 1275/254/593
f 1274/248/587 1279/255/594 1275/254/593
f 1276/250/589 1280/257/596 1279/255/594
f 1276/250/589 1268/249/588 1281/256/595
f 1273/253/592 1283/260/599 1277/258/597
f 1273/253/592 1272/252/591 1284/259/598
f 1272/252/591 1275/254/593 1285/261/600
f 1279/255/594 1286/262/601 1285/261/600
f 1280/257/596 1287/264/603 1286/262/601
f 1280/257/596 1281/256/595 809/263/602
f 1283/260/599 1288/267/606 188/265/604
f 1283/260/599 1284/259/598 1290/266/605
f 1284/259/598 1285/261/600 1291/268/593
f 1286/262/601 1292/269/607 1291/268/593
f 1287/264/603 1293/271/609 1292/269/607
f 1287/264/603 809/263/602 817/270/608
f 1288/267/606 1289/274/612 1297/272/610
f 1288/267/606 1290/266/605 1302/273/611
f 1290/266/605 1291/268/593 1303/275/613
f 1292/269/607 1294/276/614 1303/275/613
f 1293/271/609 1304/278/616 1294/276/614
f 1293/271/609 817/270/608 1295/277/615
f 1289/274/612 1299/281/619 1300/279/617
f 1289/274/612 1302/273/611 1306/280/618
f 1302/273/611 1303/275/613 1307/282/620
f 1294/276/614 1309/283/621 1307/282/620
f 1304/278/616 1305/285/623 1309/283/621
f 1304/278/616 1295/277/615 1311/284/622
f 1300/279/617 1299/281/619 1317/286/624
f 1299/281/619 1306/280/618 1318/288/626
f 1306/280/618 1307/282/620 1308/289/627
f 1309/283/621 1310/290/628 1308/289/627
f 1305/285/623 1315/291/629 1310/290/628
f 1311/284/622 1313/297/634 1315/291/629
f 213/287/625 1317/286/624 1316/292/630
f 1317/286/624 1318/288/626 1328/294/632
f 1318/288/626 1308/289/627 1319/295/627
f 1310/290/628 1321/296/633 1319/295/627
f 1315/291/629 1320/298/635 1321/296/633
f 1313/297/634 1322/304/640 1320/298/635
f 1324/293/631 1316/292/630 1334/299/636
f 1316/292/630 1328/294/632 1336/301/638
f 1328/294/632 1319/295/627 1337/302/627
f 1321/296/633 1329/303/639 1337/302/627
f 1320/298/635 1330/305/641 1329/303/639
f 1322/304/640 1331/311/646 1330/305/641
f 1326/300/637 1334/299/636 1333/306/642
f 1334/299/636 1336/301/638 1335/308/644
f 1336/301/638 1337/302/627 1339/309/627
f 1329/303/639 1338/310/645 1339/309/627
f 1330/305/641 1341/312/647 1338/310/645
f 1331/311/646 847/318/653 1341/312/647
f 222/307/643 1333/306/642 1346/313/648
f 1333/306/642 1335/308/644 1347/315/650
f 1335/308/644 1339/309/627 1340/316/651
f 1338/310/645 1350/317/652 1340/316/651
f 1341/312/647 1351/319/654 1350/317/652
f 847/318/653 1342/325/660 1351/319/654
f 1344/314/649 1346/313/648 1353/320/655
f 1346/313/648 1347/315/650 1349/322/657
f 1347/315/650 1340/316/651 1348/323/658
f 1350/317/652 1355/324/659 1348/323/658
f 1351/319/654 1352/326/661 1355/324/659
f 1342/325/660 859/332/667 1352/326/661
f 236/321/656 1353/320/655 1354/327/662
f 1353/320/655 1349/322/657 1358/329/664
f 1349/322/657 1348/323/658 1356/330/665
f 1355/324/659 1360/331/666 1356/330/665
f 1352/326/661 1361/333/668 1360/331/666
f 859/332/667 865/339/674 1361/333/668
f 238/328/663 1354/327/662 1357/334/669
f 1354/327/662 1358/329/664 1366/336/671
f 1358/329/664 1356/330/665 1359/337/672
f 1360/331/666 1362/338/673 1359/337/672
f 1361/333/668 1363/340/675 1362/338/673
f 865/339/674 881/345/680 1363/340/675
f 253/335/670 1357/334/669 1364/341/676
f 1366/336/671 1359/337/672 1372/343/678
f 1362/338/673 1368/350/686 1372/343/678
f 881/345/680 897/513/1604 1375/346/681
f 1365/341/682 1369/353/690 1370/347/683
f 1367/344/679 1372/343/678 1373/348/684
f 1368/350/686 1380/357/694 1373/348/684
f 1375/346/681 897/513/1604 1382/351/688
f 1369/353/690 1378/514/1605 275/354/691
f 1374/349/685 1373/348/684 2381/355/692
f 1380/357/694 1381/515/1606 2381/355/692
f 1377/352/689 1382/351/688 905/358/695
s 0
f 1387/64/1607 1389/64/1607 1392/64/1607
f 1395/64/1608 1397/64/1608 1390/64/1608
f 1407/64/1609 1403/64/1609 1399/64/1609
f 1411/64/1610 1401/64/1610 1405/64/1610
s 1
f 1420/64/1611 1416/64/1611 1402/64/1611
s 0
f 1414/64/1612 1426/64/1612 1417/64/1612
f 1428/64/1613 1423/64/1613 1424/64/1613
f 1436/64/705 1435/64/705 1421/64/705
f 1430/64/706 1433/64/706 1434/64/706
f 1438/64/707 1441/64/707 1432/64/707
f 1449/64/1614 1447/64/1614 1440/64/1614
f 1456/64/1615 1443/64/1615 1446/64/1615
f 1462/64/1616 1453/64/1616 1444/64/1616
s 1
f 1458/64/1617 1459/64/1617 1452/64/1617
s 0
f 1465/64/1618 1470/64/1618 1468/64/1618
f 1471/64/1619 1472/64/1619 1476/64/1619
f 1474/64/1620 1478/64/1620 1482/64/1620
f 1480/64/1621 1485/64/1621 1489/64/1621
f 1486/64/1622 1491/64/1622 1495/64/1622
f 1492/64/1623 1501/64/1623 1498/64/1623
f 1499/64/1624 1507/64/1624 1503/64/1624
f 1505/64/719 1509/64/719 1510/64/719
f 1508/64/720 1513/64/720 1514/64/720
f 1512/64/721 1517/64/721 1518/64/721
f 1516/64/1625 1525/64/1625 1521/64/1625
f 1524/64/1626 1530/64/1626 1528/64/1626
f 1531/64/1627 1534/64/1627 1537/64/1627
f 1533/64/1628 1538/64/1628 1540/64/1628
s 1
f 1552/360/725 2176/360/729 1724/360/726
f 1552/360/725 1560/360/730 1542/360/728
f 1560/360/730 1558/360/732 2137/360/731
f 1558/360/732 1543/360/734 2130/360/733
f 1543/360/734 1547/360/735 1546/360/733
f 1547/360/735 1566/360/737 2119/360/733
f 1571/360/736 2106/360/739 2119/360/733
f 1571/360/736 1573/360/740 1633/360/738
f 1573/360/740 1549/360/742 1551/360/741
f 1554/360/727 1724/360/726 1551/360/741
f 1579/62/743 1553/62/725 1555/62/744
f 1579/62/743 1557/62/746 1561/62/730
f 1557/62/746 1581/62/748 1559/62/747
f 1581/62/748 1563/62/749 1544/62/734
f 1563/62/749 1565/62/751 1548/62/735
f 1585/62/750 1567/62/737 1548/62/735
f 1570/62/752 1572/62/736 1567/62/737
f 1588/62/753 1574/62/740 1572/62/736
f 1588/62/753 1576/62/754 1550/62/742
f 1596/62/745 1555/62/744 1550/62/742
s 0
f 1612/63/1629 1598/63/1629 1578/63/1629
s 1
f 1556/63/756 1600/63/759 1597/63/757
f 1580/63/758 1602/63/761 1600/63/759
f 1562/63/760 1604/63/763 1602/63/761
f 1564/63/762 1582/63/765 1604/63/763
f 1564/63/762 1584/63/766 1606/63/764
f 1584/63/766 1569/63/767 1610/63/767
s 0
f 1568/63/768 1586/63/768 1589/63/768
s 1
f 1590/63/769 1592/63/771 1575/63/770
f 1592/63/771 1613/63/772 1595/63/772
f 1615/360/784 2106/360/739 1633/360/738
f 1615/360/784 1619/360/788 1618/360/786
f 1621/360/787 2194/360/790 1618/360/786
f 1625/360/789 1624/360/792 2194/360/790
f 1636/360/791 2227/360/794 1624/360/792
f 1627/360/793 1682/360/796 2227/360/794
f 1627/360/793 1629/360/797 1687/360/795
f 1629/360/797 1645/360/785 1633/360/738
f 1649/62/799 1616/62/784 1646/62/785
f 1649/62/799 1635/62/802 1620/62/801
f 1635/62/802 1651/62/803 1622/62/787
f 1651/62/803 1655/62/805 1626/62/789
f 1639/62/804 1637/62/791 1626/62/789
f 1662/62/806 1628/62/793 1637/62/791
f 1662/62/806 1641/62/807 1630/62/797
f 1641/62/807 1644/62/800 1646/62/785
s 0
f 1665/63/808 1668/63/808 1647/63/808
s 1
f 1634/63/809 1652/63/812 1669/63/810
f 1634/63/809 1650/63/813 1671/63/811
f 1650/63/813 1654/63/815 1656/63/814
f 1654/63/815 1638/63/817 1658/63/816
f 1638/63/817 1660/63/818 1674/63/818
f 1663/63/819 1640/63/822 1661/63/820
f 1666/63/821 1643/63/821 1640/63/822
f 1678/360/832 1681/360/835 1680/360/833
f 1681/360/835 1683/360/838 1685/360/836
f 1686/360/837 10/360/57 1685/360/836
f 1689/360/839 11/360/841 10/360/57
f 1690/360/840 1691/360/83 11/360/841
f 1693/360/842 1694/360/844 1691/360/83
f 1696/360/843 30/360/115 1694/360/844
f 1697/360/843 1699/360/845 30/360/115
f 1698/360/843 54/360/846 1699/360/845
f 1701/360/843 56/360/131 54/360/846
f 1702/360/843 68/360/847 56/360/131
f 1703/360/843 71/360/141 68/360/847
f 1704/360/843 73/360/848 71/360/141
f 1705/360/843 89/360/849 73/360/848
f 1706/360/843 97/360/850 89/360/849
f 1709/360/843 1707/360/171 97/360/850
f 1710/360/843 106/360/851 1707/360/171
f 1710/360/843 1712/360/1630 122/360/185
f 128/360/852 1632/360/1631 1711/360/853
f 1631/360/855 1713/360/856 1714/360/209
f 1713/360/856 1716/360/857 139/360/216
f 1716/360/857 1719/360/859 1717/360/858
f 1726/63/1632 1728/63/1632 1729/63/1632
s 0
f 1750/63/73 1741/63/73 1732/63/73
f 1735/63/70 1744/63/70 1738/63/70
f 1739/63/69 1754/63/69 1733/63/69
f 1751/63/68 1745/63/68 1736/63/68
f 1740/63/67 1734/63/67 1746/63/67
f 1743/63/66 1749/63/66 1752/63/66
f 1761/63/862 1758/63/862 1783/63/862
f 1768/63/73 1765/63/73 1759/63/73
f 1771/63/863 1789/63/863 1764/63/863
f 1801/63/864 1792/63/864 1788/63/864
f 1797/63/865 1773/63/865 1791/63/865
f 1777/63/866 1780/63/866 1774/63/866
s 1
f 1794/63/867 1785/63/867 1779/63/867
s 0
f 1755/63/868 1782/63/868 1786/63/868
f 1787/63/68 1784/63/68 1790/63/68
f 1784/63/68 1760/63/68 1766/63/68
f 1790/63/68 1784/63/68 1766/63/68
f 1790/63/68 1793/63/68 1787/63/68
f 1793/63/68 1775/63/68 1781/63/68
f 1757/63/69 1796/63/69 1772/63/69
f 1796/63/69 1778/63/69 1802/63/69
f 1778/63/69 1799/63/69 1802/63/69
f 1802/63/69 1772/63/69 1796/63/69
f 1772/63/69 1769/63/69 1757/63/69
f 1804/362/67 1805/362/67 1806/362/67
s 1
f 2011/360/869 1808/360/873 1809/360/870
f 1812/360/872 1829/360/875 1809/360/870
f 1815/360/874 1818/360/877 1829/360/875
f 1821/360/876 1816/360/878 1818/360/877
f 1823/360/876 1835/360/879 1816/360/878
f 1825/360/876 1839/360/881 1835/360/879
f 1825/360/876 1891/360/883 1843/360/880
f 1994/360/882 1826/360/885 1843/360/880
f 1828/360/884 1848/360/886 1826/360/885
f 1828/360/884 2011/360/869 1850/360/871
f 1851/62/887 1810/62/870 1857/62/888
f 1830/62/875 1832/62/890 1857/62/888
f 1819/62/877 1863/62/891 1832/62/890
f 1817/62/878 1834/62/892 1863/62/891
f 1836/62/879 1838/62/894 1834/62/892
f 1836/62/879 1840/62/881 1842/62/893
f 1840/62/881 1844/62/880 1869/62/895
f 1844/62/880 1827/62/885 1847/62/896
f 1849/62/886 1871/62/897 1847/62/896
f 1849/62/886 1851/62/887 1854/62/889
f 1856/63/1629 1879/63/1629 1875/63/1629
f 1878/63/757 1858/63/759 1831/63/756
f 1858/63/759 1860/63/761 1862/63/758
f 1860/63/761 1882/63/763 1833/63/760
f 1882/63/763 1884/63/765 1837/63/762
f 1886/63/764 1841/63/766 1837/63/762
f 1865/63/767 1868/63/767 1841/63/766
s 0
f 1872/63/768 1845/63/768 1867/63/768
s 1
f 1870/63/770 1888/63/771 1873/63/769
f 1853/63/772 1876/63/772 1888/63/771
f 1994/360/882 1891/360/883 1909/360/909
f 2102/360/911 1894/360/913 1909/360/909
f 2102/360/911 1898/360/914 1892/360/912
f 1898/360/914 1900/360/916 1915/360/915
f 1900/360/916 1903/360/918 1917/360/917
f 1903/360/918 1958/360/921 1921/360/919
f 1965/360/920 1923/360/922 1921/360/919
f 1994/360/882 1904/360/910 1923/360/922
f 1905/62/910 1910/62/909 1908/62/923
f 1895/62/925 1912/62/926 1908/62/923
f 1893/62/912 1941/62/927 1912/62/926
f 1916/62/915 1914/62/929 1941/62/927
f 1916/62/915 1918/62/917 1920/62/928
f 1918/62/917 1922/62/919 1947/62/930
f 1924/62/922 1926/62/931 1947/62/930
f 1905/62/910 1929/62/924 1926/62/931
s 0
f 1906/63/808 1933/63/808 1930/63/808
s 1
f 1934/63/810 1936/63/812 1911/63/809
f 1938/63/811 1940/63/813 1911/63/809
f 1948/63/814 1913/63/815 1940/63/813
f 1950/63/816 1919/63/817 1913/63/815
f 1942/63/818 1945/63/818 1919/63/817
f 1946/63/820 1925/63/822 1953/63/819
f 1925/63/822 1928/63/821 1931/63/821
f 640/360/941 1957/360/945 2947/360/942
f 638/360/944 1959/360/947 1957/360/945
f 638/360/944 1960/360/1633 1963/360/946
f 1962/360/55 645/360/53 1968/360/948
f 645/360/53 1966/360/37 1969/360/950
f 1966/360/37 668/360/952 1971/360/951
f 668/360/952 674/360/26 1970/360/953
f 674/360/26 1973/360/954 1972/360/953
f 1973/360/954 1975/360/955 1977/360/953
f 1975/360/955 687/360/7 1979/360/953
f 687/360/7 1980/360/956 1978/360/953
f 1980/360/956 702/360/377 1982/360/953
f 702/360/377 713/360/957 1983/360/953
f 713/360/957 728/360/958 1985/360/953
f 728/360/958 726/360/959 1984/360/953
f 726/360/959 738/360/397 1986/360/953
f 738/360/397 1987/360/403 1989/360/953
f 1987/360/403 1996/360/1634 1991/360/960
f 1990/360/961 1993/360/1635 761/360/962
f 762/360/427 1999/360/435 1998/360/964
f 2001/360/443 2004/360/967 1998/360/964
f 2005/360/966 2003/360/969 2004/360/967
s 0
f 2012/63/1636 2014/63/1636 2015/63/1636
f 2025/63/73 2022/63/73 2028/63/73
f 2031/63/70 2037/63/70 2034/63/70
f 2035/63/69 2041/63/69 2029/63/69
f 2026/63/68 2038/63/68 2032/63/68
f 2021/63/67 2030/63/67 2018/63/67
f 2036/63/66 2024/63/66 2039/63/66
f 2081/63/862 2084/63/862 2043/63/862
f 2046/63/73 2049/63/73 2085/63/73
f 2052/63/863 2055/63/863 2048/63/863
f 2079/63/864 2088/63/864 2054/63/864
f 2057/63/865 2063/63/865 2087/63/865
f 2061/63/866 2073/63/866 2064/63/866
f 2066/63/867 2069/63/867 2072/63/867
f 2075/63/868 2042/63/868 2070/63/868
f 2077/63/69 2068/63/69 2053/63/69
f 2068/63/69 2062/63/69 2080/63/69
f 2062/63/69 2059/63/69 2080/63/69
f 2080/63/69 2053/63/69 2068/63/69
f 2053/63/69 2047/63/69 2077/63/69
f 2071/63/68 2044/63/68 2056/63/68
f 2044/63/68 2086/63/68 2050/63/68
f 2056/63/68 2044/63/68 2050/63/68
f 2056/63/68 2089/63/68 2071/63/68
f 2089/63/68 2065/63/68 2074/63/68
f 2091/362/67 2092/362/67 2093/362/67
s 1
f 2195/360/971 2107/360/975 1617/360/972
f 2094/360/974 2108/360/977 2107/360/975
f 2096/360/976 2098/360/979 2108/360/977
f 2096/360/976 2201/360/980 2110/360/978
f 2201/360/980 2099/360/982 2103/360/981
f 2099/360/982 1896/360/1637 2101/360/983
f 1617/360/972 2107/360/975 2104/360/984
f 2107/360/975 2108/360/977 2109/360/986
f 2108/360/977 2098/360/979 2113/360/987
f 2110/360/978 2114/360/988 2113/360/987
f 2103/360/981 2115/360/989 2114/360/988
f 2101/360/983 1890/360/1638 2115/360/989
f 2104/360/984 2111/360/991 2118/360/990
f 2109/360/986 2112/360/992 2111/360/991
f 2113/360/987 2121/360/994 2112/360/992
f 2113/360/987 2114/360/988 2116/360/993
f 2114/360/988 2115/360/989 2117/360/995
f 2115/360/989 1890/360/1638 1824/360/996
f 2118/360/990 2111/360/991 2120/360/997
f 2111/360/991 2112/360/992 2125/360/999
f 2112/360/992 2121/360/994 2122/360/1000
f 2116/360/993 2123/360/1001 2122/360/1000
f 2117/360/995 2124/360/1002 2123/360/1001
f 1824/360/996 1822/360/1008 2124/360/1002
f 1545/360/998 2120/360/997 2131/360/1003
f 2120/360/997 2125/360/999 2127/360/1005
f 2125/360/999 2122/360/1000 2126/360/1006
f 2123/360/1001 2134/360/1007 2126/360/1006
f 2124/360/1002 2128/360/1009 2134/360/1007
f 1822/360/1008 1820/360/1015 2128/360/1009
f 2129/360/1004 2131/360/1003 2140/360/1010
f 2131/360/1003 2127/360/1005 2142/360/1012
f 2127/360/1005 2126/360/1006 2132/360/1013
f 2134/360/1007 2144/360/1014 2132/360/1013
f 2128/360/1009 2148/360/1016 2144/360/1014
f 1820/360/1015 1813/360/1024 2148/360/1016
f 2136/62/1011 2141/62/1010 2139/62/1017
f 2141/62/1010 2143/62/1020 2155/62/1019
f 2143/62/1020 2133/62/1013 2147/62/1021
f 2145/62/1022 2151/62/1023 2147/62/1021
f 2149/62/1016 2157/62/1025 2151/62/1023
f 1814/62/1024 2152/62/1032 2157/62/1025
f 2153/62/1018 2139/62/1017 2159/62/1026
f 2138/361/1017 2154/361/1019 2163/361/1028
f 2154/361/1019 2146/361/1030 2164/361/1029
f 2150/361/1023 2165/361/1031 2164/361/1029
f 2156/361/1025 2167/361/1033 2165/361/1031
f 2152/62/1032 1811/62/1039 2168/62/1033
f 1541/62/1027 2159/62/1026 2161/62/1034
f 2158/361/1026 2163/361/1028 2162/361/1036
f 2163/361/1028 2164/361/1029 2166/361/1037
f 2165/361/1031 2183/361/1038 2166/361/1037
f 2167/361/1033 2169/361/1040 2183/361/1038
f 1811/62/1039 2171/62/1046 2170/62/1040
f 2172/62/1035 2161/62/1034 2174/62/1041
f 2160/361/1034 2162/361/1036 2177/361/1043
f 2162/361/1036 2166/361/1037 2181/361/1044
f 2183/361/1038 2179/361/1045 2181/361/1044
f 2169/361/1040 2190/361/1047 2179/361/1045
f 2171/62/1046 1807/62/1054 2191/62/1047
f 2175/62/1042 2174/62/1041 2184/62/1048
f 2174/62/1041 2178/62/1043 2187/62/1050
f 2178/62/1043 2182/62/1052 2185/62/1051
f 2180/62/1045 2188/62/1053 2185/62/1051
f 2191/62/1047 2189/62/1055 2188/62/1053
f 1807/62/1054 2007/62/1639 2189/62/1055
f 2209/62/1056 2196/62/971 2193/62/1057
f 2198/62/1059 2095/62/974 2196/62/971
f 2200/62/1060 2097/62/1061 2095/62/974
f 2200/62/1060 2215/62/1062 2202/62/980
f 2215/62/1062 2213/62/1063 2100/62/982
f 2213/62/1063 2203/62/1072 1897/62/1064
f 2206/62/1065 2209/62/1056 2204/62/1058
f 2207/361/1067 2197/361/1059 2208/361/1056
f 2210/361/1068 2199/361/1069 2197/361/1059
f 2210/361/1068 2211/361/1070 2214/361/1062
f 2211/361/1070 2216/361/1071 2212/361/1063
f 2217/62/1071 1899/62/1080 2203/62/1072
f 2230/62/1073 2206/62/1065 1623/62/1066
f 2219/361/1075 2207/361/1067 2205/361/1065
f 2221/361/1077 2210/361/1068 2207/361/1067
f 2221/361/1077 2223/361/1078 2211/361/1070
f 2223/361/1078 2234/361/1640 2216/361/1071
f 2235/62/1079 2237/62/1087 1899/62/1080
f 2228/62/1081 2230/62/1073 2218/62/1074
f 2231/62/1083 2220/62/1075 2230/62/1073
f 2232/62/1084 2222/62/1077 2220/62/1075
f 2232/62/1084 2233/62/1085 2224/62/1078
f 2233/62/1085 2236/62/1086 2235/62/1079
f 2236/62/1086 1902/62/1082 2237/62/1087
f 2258/360/1088 2238/360/1091 2247/360/1089
f 2238/360/1091 2263/360/1641 2240/360/1092
f 2241/360/1090 2247/360/1089 2257/360/1093
f 2247/360/1089 2240/360/1092 2251/360/1095
s 0
f 2279/63/69 2259/63/69 2271/63/69
f 2259/63/69 2242/63/69 2271/63/69
f 2262/63/68 2261/63/68 2239/63/68
f 2261/63/68 2276/63/68 2239/63/68
f 2270/63/1642 2244/63/1642 2256/63/1642
f 2254/63/1643 2249/63/1643 2274/63/1643
f 2265/363/1097 2266/516/1097 2267/364/1097
f 2275/63/1644 2260/63/1644 2278/63/1644
f 2243/360/1099 2255/360/1099 2281/360/1099
f 2253/360/1100 2248/360/1100 2283/360/1100
f 2297/63/66 2284/63/66 2286/63/66
f 2290/63/69 2294/63/69 2288/63/69
f 2295/63/67 2303/63/67 2291/63/67
f 2296/63/68 2298/63/68 2300/63/68
f 2301/63/1645 2287/63/1645 2292/63/1645
s 1
f 2306/360/1102 2307/360/1106 2308/360/1103
f 2332/360/1105 2330/360/1108 2307/360/1106
f 2307/360/1106 2335/360/1109 2310/360/1107
f 2330/360/1108 2340/360/1646 2335/360/1109
s 0
f 2322/63/69 2315/63/69 2309/63/69
f 2309/63/69 2313/63/69 2320/63/69
f 2333/63/68 2324/63/68 2328/63/68
f 2328/63/68 2341/63/68 2331/63/68
f 2318/63/1647 2312/63/1647 2337/63/1647
f 2339/63/1648 2343/63/1648 2329/63/1648
f 2345/363/1097 2346/516/1097 2347/364/1097
f 2317/63/1098 2327/63/1098 2323/63/1098
f 2336/360/1111 2350/360/1111 2348/360/1111
f 2342/360/1112 2349/360/1112 2351/360/1112
f 2352/63/66 2356/63/66 2368/63/66
f 2355/63/69 2373/63/69 2359/63/69
f 2354/63/67 2360/63/67 2362/63/67
f 2361/63/68 2367/63/68 2370/63/68
f 2358/63/1649 2372/63/1649 2364/63/1649
f 2374/63/66 2377/63/66 2375/63/66
f 274/63/66 2376/63/66 2377/63/66
f 2377/63/66 2382/63/66 2378/63/66
f 2376/63/66 2379/63/66 2382/63/66
f 2382/63/66 2385/63/66 2714/63/66
f 2379/63/66 2380/63/66 2385/63/66
f 2386/63/66 2383/63/66 2714/63/66
f 2384/63/66 2386/63/66 2385/63/66
f 2387/63/66 2389/63/66 2383/63/66
f 2390/63/66 2387/63/66 2386/63/66
f 2388/63/66 900/63/66 2389/63/66
f 904/63/66 2388/63/66 2387/63/66
f 2392/62/66 2393/62/66 2394/62/66
f 2396/62/66 2397/62/66 2398/62/66
s 1
f 2400/63/1114 3358/63/1650 2401/63/1115
f 2431/63/1117 3363/63/1121 3359/63/1118
f 2405/63/1120 2408/63/1651 3363/63/1121
f 2435/63/1122 3365/63/1126 2407/63/1123
f 2434/63/1125 2412/63/1128 3365/63/1126
f 2437/63/1127 3366/63/1130 2412/63/1128
f 2437/63/1127 2419/63/1131 2417/63/1129
f 2419/63/1131 2438/63/1133 3373/63/1132
f 2438/63/1133 2420/63/1153 2423/63/1134
f 2421/63/1135 2425/63/1138 3377/63/1136
f 2425/63/1138 2427/63/1652 3381/63/1139
f 3383/63/1140 2442/63/1157 2426/63/1141
f 2403/63/1116 2401/63/1115 2429/63/1143
f 2430/63/1145 2447/63/1146 2431/63/1117
f 2447/63/1146 2433/63/1164 2405/63/1120
f 2450/63/1147 2435/63/1122 2404/63/1124
f 2436/63/1149 2434/63/1125 2435/63/1122
f 2453/63/1150 2437/63/1127 2434/63/1125
f 2453/63/1150 2452/63/1151 2419/63/1131
f 2452/63/1151 2456/63/1152 2438/63/1133
f 2456/63/1152 2439/63/1653 2420/63/1153
f 2441/63/1154 2425/63/1138 2421/63/1135
f 2461/63/1156 2427/63/1652 2425/63/1138
f 2442/63/1157 2459/63/1654 2460/63/1158
f 2443/63/1159 2428/63/1655 2445/63/1160
f 2444/63/1162 2448/63/1163 2447/63/1146
f 2448/63/1163 2449/63/1165 2433/63/1164
f 2449/63/1165 2471/63/1167 2450/63/1147
f 2474/63/1166 2436/63/1149 2450/63/1147
f 2451/63/1168 2453/63/1150 2436/63/1149
f 2451/63/1168 2454/63/1169 2452/63/1151
f 2454/63/1169 2455/63/1171 2456/63/1152
f 2479/63/1170 2439/63/1653 2456/63/1152
f 2457/63/1172 2441/63/1154 2440/63/1155
f 2483/63/1173 2461/63/1156 2441/63/1154
f 2482/63/1174 2486/63/1656 2458/63/1175
f 2468/63/1177 2444/63/1162 2466/63/1178
f 2468/63/1177 2488/63/1180 2448/63/1163
f 2488/63/1180 2491/63/1182 2449/63/1165
f 2470/63/1181 2471/63/1167 2449/63/1165
f 2472/63/1183 2474/63/1166 2471/63/1167
f 2473/63/1184 2451/63/1168 2474/63/1166
f 2473/63/1184 2475/63/1185 2454/63/1169
f 2475/63/1185 2500/63/1186 2455/63/1171
f 2500/63/1186 2477/63/1188 2479/63/1170
f 2480/63/1187 2457/63/1172 2479/63/1170
f 2485/63/1189 2483/63/1173 2457/63/1172
f 2485/63/1189 2506/63/1206 2487/63/1190
f 2510/360/1191 2467/360/1177 2463/360/1179
f 2516/360/1193 2489/360/1195 2467/360/1177
f 2514/360/1194 2492/360/1657 2489/360/1195
f 2519/360/1196 2469/360/1181 2490/360/1197
f 2493/360/1199 2495/360/1658 2476/360/1200
f 2497/360/1201 2501/360/1204 2481/360/1202
f 2501/360/1204 2503/360/1205 2484/360/1189
f 2503/360/1205 2528/360/1223 2505/360/1206
f 2530/63/1207 2511/63/1191 2509/63/1192
f 2530/63/1207 2531/63/1209 2517/63/1193
f 2531/63/1209 2533/63/1659 2515/63/1194
f 2532/63/1210 2536/63/1211 2520/63/1196
f 2536/63/1211 2518/63/1213 2521/63/1212
f 2518/63/1213 2539/63/1216 2522/63/1214
f 2540/63/1215 2524/63/1218 2522/63/1214
f 2523/63/1217 2494/63/1199 2524/63/1218
f 2525/63/1219 2496/63/1658 2494/63/1199
f 2527/63/1220 2502/63/1204 2498/63/1201
f 2544/63/1222 2504/63/1205 2502/63/1204
f 2544/63/1222 2549/63/1238 2529/63/1223
f 2700/63/1224 2530/63/1207 2507/63/1208
f 2706/63/1226 2531/63/1209 2530/63/1207
f 2710/63/1227 2533/63/1659 2531/63/1209
f 2709/63/1228 2535/63/1229 2536/63/1211
f 2535/63/1229 2538/63/1230 2518/63/1213
f 2538/63/1230 2712/63/1232 2539/63/1216
f 2718/63/1231 2540/63/1215 2539/63/1216
f 2720/63/1233 2523/63/1217 2540/63/1215
f 2542/63/1234 2525/63/1219 2523/63/1217
f 2543/63/1235 2726/63/1236 2527/63/1220
f 2726/63/1236 2546/63/1237 2544/63/1222
f 2546/63/1237 2548/63/1660 2549/63/1238
f 3441/63/1239 2552/63/1243 2574/63/1240
f 3438/63/1242 2575/63/1245 2552/63/1243
f 3434/63/1244 2576/63/1247 2575/63/1245
f 2554/63/1246 2555/63/1249 2576/63/1247
f 2554/63/1246 3430/63/1250 2580/63/1248
f 3430/63/1250 3422/63/1253 2556/63/1251
f 3419/63/1252 2559/63/1255 2556/63/1251
f 2558/63/1254 2562/63/1257 2559/63/1255
f 2558/63/1254 2561/63/1258 2563/63/1256
f 2561/63/1258 2567/63/1260 2583/63/1259
f 2567/63/1260 2570/63/1262 2571/63/1261
f 2570/63/1262 2573/63/1661 2586/63/1263
f 2552/63/1243 2589/63/1265 2587/63/1264
f 2575/63/1245 2577/63/1266 2589/63/1265
f 2576/63/1247 2579/63/1268 2577/63/1266
f 2576/63/1247 2555/63/1249 2578/63/1267
f 2555/63/1249 2580/63/1248 2581/63/1269
f 2580/63/1248 2556/63/1251 2582/63/1270
f 2559/63/1255 2593/63/1271 2582/63/1270
f 2562/63/1257 2594/63/1272 2593/63/1271
f 2563/63/1256 2596/63/1274 2594/63/1272
f 2563/63/1256 2583/63/1259 2585/63/1273
f 2583/63/1259 2571/63/1261 2584/63/1275
f 2571/63/1261 2586/63/1263 2599/63/1276
f 2589/63/1265 2591/63/1278 2588/63/1277
f 2577/63/1266 2590/63/1279 2591/63/1278
f 2579/63/1268 2604/63/1293 2590/63/1279
f 2578/63/1267 2592/63/1282 2603/63/1280
f 2578/63/1267 2581/63/1269 2609/63/1281
f 2581/63/1269 2582/63/1270 2614/63/1283
f 2593/63/1271 2617/63/1284 2614/63/1283
f 2594/63/1272 2595/63/1286 2617/63/1284
f 2594/63/1272 2596/63/1274 2597/63/1285
f 2596/63/1274 2585/63/1273 2624/63/1287
f 2585/63/1273 2584/63/1275 2627/63/1289
f 2584/63/1275 2599/63/1276 2600/63/1290
f 2588/63/1277 2591/63/1278 2602/63/1291
f 2590/63/1279 2633/63/1294 2602/63/1291
f 2604/63/1293 2608/63/1662 2633/63/1294
f 2592/63/1282 2613/63/1297 2606/63/1295
f 2592/63/1282 2609/63/1281 2611/63/1296
f 2609/63/1281 2614/63/1283 2616/63/1298
f 2617/63/1284 2637/63/1299 2616/63/1298
f 2595/63/1286 2623/63/1301 2637/63/1299
f 2595/63/1286 2597/63/1285 2619/63/1300
f 2598/63/1288 2624/63/1287 2626/63/1302
f 2624/63/1287 2627/63/1289 2629/63/1304
f 2600/63/1290 2642/63/1324 2629/63/1304
f 2630/360/1292 2601/360/1307 2645/360/1305
f 2601/360/1307 2632/360/1294 2650/360/1308
f 2632/360/1294 2607/360/1662 2651/360/1309
f 2605/360/1295 2612/360/1312 2634/360/1310
f 2610/360/1311 2635/360/1314 2634/360/1310
f 2615/360/1313 2638/360/1316 2635/360/1314
f 2615/360/1313 2636/360/1317 2639/360/1315
f 2636/360/1317 2622/360/1320 2663/360/1318
f 2618/360/1319 2669/360/1321 2663/360/1318
f 2625/360/1302 2640/360/1323 2669/360/1321
f 2628/360/1322 2672/360/1325 2640/360/1323
f 2641/360/1324 2643/360/1337 2672/360/1325
f 2644/360/1306 2645/360/1305 2648/360/1326
f 2645/360/1305 2650/360/1308 2655/360/1328
f 2650/360/1308 2651/360/1309 2653/360/1329
f 2651/360/1309 2634/360/1310 2657/360/1330
f 2635/360/1314 2681/360/1331 2657/360/1330
f 2638/360/1316 2659/360/1333 2681/360/1331
f 2638/360/1316 2639/360/1315 2661/360/1332
f 2639/360/1315 2663/360/1318 2667/360/1334
f 2669/360/1321 2665/360/1335 2667/360/1334
f 2640/360/1323 2686/360/1336 2665/360/1335
f 2672/360/1325 2670/360/1338 2686/360/1336
f 2643/360/1337 2691/360/1358 2670/360/1338
f 2647/63/1327 2649/63/1341 2677/63/1339
f 2656/63/1328 2675/63/1342 2677/63/1339
f 2654/63/1329 2680/63/1663 2675/63/1342
f 2658/63/1343 3136/63/1347 2679/63/1344
f 2682/63/1346 3139/63/1349 3136/63/1347
f 2660/63/1348 3163/63/1348 3139/63/1349
f 2660/63/1348 2662/63/1351 2685/63/1350
f 2662/63/1351 2668/63/1353 3165/63/1352
f 2668/63/1353 2664/63/1664 2689/63/1354
f 2666/63/1335 2687/63/1336 3167/63/1355
f 2687/63/1336 2671/63/1359 2695/63/1357
f 2692/63/1358 3169/63/1665 2695/63/1357
s 0
f 2699/63/73 2705/63/73 2703/63/73
f 271/63/70 2708/63/70 2704/63/70
f 2707/63/70 2534/63/70 2708/63/70
f 2711/63/70 2537/63/70 2534/63/70
f 2715/63/70 2713/63/70 2537/63/70
f 2715/63/70 2716/63/70 2717/63/70
f 2716/63/70 2721/63/70 2719/63/70
f 2721/63/70 901/63/70 2541/63/70
f 901/63/70 2722/63/70 2724/63/70
f 2724/63/70 2545/63/70 2727/63/70
f 2737/63/70 2732/63/70 2734/63/70
f 2738/63/69 2741/63/69 2745/63/69
f 2747/63/73 2742/63/73 2744/63/73
f 2731/63/68 2735/63/68 2743/63/68
f 2739/62/66 2736/62/66 2729/62/66
f 2750/63/66 2751/63/66 2752/63/66
f 2754/63/66 2755/63/66 2756/63/66
f 2758/63/66 2759/63/66 2760/63/66
f 2762/63/66 2763/63/66 2764/63/66
f 2766/63/66 2767/63/66 2768/63/66
f 2770/63/66 2771/63/66 2772/63/66
f 2774/360/66 2784/360/66 2775/360/66
f 2776/360/66 2777/360/66 2778/360/66
f 2779/360/66 2780/360/66 2781/360/66
f 2783/360/66 2778/360/66 2784/360/66
f 2794/360/66 2793/360/66 2786/360/66
f 2788/360/66 2789/360/66 2790/360/66
f 2792/360/66 2790/360/66 2793/360/66
f 2787/360/66 2795/360/66 2796/360/66
f 2798/366/66 2799/517/66 2800/367/66
f 2802/366/66 2803/517/66 2804/367/66
f 2816/369/1666 2812/372/1666 2819/370/1666
f 2810/372/1667 2815/369/1667 2831/373/1667
f 2811/372/1668 2849/376/1668 2854/375/1668
f 2823/374/1669 2842/379/1669 2845/376/1669
f 2846/376/1670 2869/380/1670 2862/377/1670
f 2840/379/1671 2876/518/1671 2867/380/1671
f 256/63/70 245/63/70 2806/63/70
f 2826/63/66 2814/63/66 2805/63/66
f 248/63/66 2828/63/66 2814/63/66
f 258/63/73 2822/63/73 2829/63/73
f 2833/63/1672 2835/63/1672 2852/63/1672
f 2834/63/70 256/63/70 2818/63/70
f 2837/63/73 2839/63/73 2822/63/73
f 265/63/1673 2856/63/1673 2860/63/1673
f 2857/63/70 2834/63/70 2851/63/70
f 2872/63/73 2875/63/73 2839/63/73
f 2870/63/1673 265/63/1673 2865/63/1673
f 2894/370/1674 2891/372/1674 2879/369/1674
f 2925/373/1675 2878/369/1675 2889/372/1675
f 2884/375/1676 2903/376/1676 2890/372/1676
f 2899/376/1677 2913/379/1677 2927/374/1677
f 2935/377/1678 2909/380/1678 2900/376/1678
f 2907/380/1679 2943/518/1679 2911/379/1679
f 2914/63/73 871/63/73 2917/63/73
f 868/63/67 2877/63/67 2916/63/67
f 2919/63/67 2922/63/67 2877/63/67
f 879/63/70 2926/63/70 2923/63/70
f 2931/63/1680 893/63/1680 2886/63/1680
f 891/63/73 2914/63/73 2893/63/73
f 894/63/70 2910/63/70 2926/63/70
f 886/63/1681 888/63/1681 2933/63/1681
f 889/63/73 891/63/73 2882/63/73
f 2938/63/70 2942/63/70 2910/63/70
f 2939/63/1681 886/63/1681 2906/63/1681
f 2945/360/1374 1901/360/1374 2225/360/1374
f 1677/360/1374 2946/360/1374 2945/360/1374
s 1
f 633/360/1375 2948/360/1375 2949/360/1375
f 2952/381/90 3147/384/1377 2953/382/1376
f 3147/384/1377 3145/386/1379 2972/385/1378
f 3145/386/1379 2957/388/1381 2955/387/1380
f 2957/388/1381 2960/390/1682 2964/389/1382
f 2962/63/67 2977/63/67 2965/63/1384
s 0
f 3142/63/67 2978/63/67 2977/63/67
f 3140/63/67 2966/63/67 2978/63/67
f 3160/63/67 2979/63/67 2966/63/67
f 3158/63/67 2967/63/67 2979/63/67
s 1
f 3157/63/1386 2969/63/1399 2967/63/67
f 3153/388/1387 2983/387/1683 2968/389/1388
f 3151/386/1390 2985/385/1393 2984/387/1391
f 3149/384/1392 2986/382/1394 2985/385/1393
f 649/381/376 652/383/51 2986/382/1394
f 2953/382/1376 2973/392/1395 2971/391/93
f 2972/385/1378 2976/393/1396 2973/392/1395
f 2955/387/1380 2975/394/1406 2976/393/1396
f 2964/389/1382 2992/395/1398 2974/394/1397
f 2977/63/67 2994/63/67 2993/63/1398
s 0
f 2978/63/67 2998/63/67 2994/63/67
f 2966/63/67 2981/63/67 2998/63/67
f 2979/63/67 2980/63/67 2981/63/67
f 2967/63/67 2982/63/67 2980/63/67
s 1
f 2969/63/1399 3000/63/1401 2982/63/67
f 2968/389/1388 2983/387/1683 3004/394/1400
f 2984/387/1391 2985/385/1393 3006/393/1402
f 2985/385/1393 2986/382/1394 2989/392/1404
f 2986/382/1394 652/383/51 2988/391/49
f 2973/392/1395 3014/397/1405 3013/396/95
f 2976/393/1396 3015/398/1407 3014/397/1405
f 2975/394/1406 2990/399/1408 3015/398/1407
f 2992/395/1398 2995/400/1684 2990/399/1408
f 2994/63/67 3018/63/67 2996/63/1409
s 0
f 2998/63/67 3021/63/67 3018/63/67
f 2982/63/67 3023/63/67 3022/63/67
s 1
f 3000/63/1401 3002/63/1685 3023/63/67
f 2999/395/1401 3004/394/1400 3007/399/1410
f 3005/394/1403 3006/393/1402 3009/398/1412
f 3006/393/1402 2989/392/1404 3011/397/1413
f 2989/392/1404 2988/391/49 655/396/47
f 3014/397/1405 3029/402/1414 3028/401/97
f 3015/398/1407 3030/411/1415 3029/402/1414
f 2991/403/1408 3017/407/1416 3031/404/1415
f 2997/406/1409 3020/409/1417 3017/407/1416
f 3019/408/67 3036/410/67 3020/409/1417
s 0
f 3021/63/67 3037/63/67 3035/63/67
f 3023/63/67 3041/63/67 3025/63/67
s 1
f 3003/406/1418 3026/409/1420 3042/410/67
f 3003/406/1418 3008/403/1410 3044/407/1419
f 3008/403/1410 3010/405/1412 3047/404/1421
f 3009/398/1412 3011/397/1413 3050/402/1422
f 3011/397/1413 655/396/47 3052/401/46
f 3029/402/1414 3054/413/1423 21/412/99
f 3030/411/1415 3032/418/1424 3054/413/1423
f 3017/407/1416 3055/415/1425 3033/414/1424
f 3020/409/1417 3034/416/1426 3055/415/1425
f 3036/410/67 3057/417/67 3034/416/1426
s 0
f 3037/63/67 3060/63/67 3056/63/67
f 3041/63/67 3038/63/67 3040/63/67
s 1
f 3026/409/1420 3043/416/1428 3039/417/67
f 3026/409/1420 3044/407/1419 3045/415/1427
f 3044/407/1419 3047/404/1421 3049/414/1429
f 3046/411/1421 3050/402/1422 3053/413/1430
f 3050/402/1422 3052/401/46 658/412/45
f 3054/413/1423 3070/420/1431 3069/419/101
f 3032/418/1424 3071/425/1432 3070/420/1431
f 3055/415/1425 3073/422/1433 3072/421/1432
f 3034/416/1426 3074/423/1434 3073/422/1433
f 3057/417/67 3059/424/67 3074/423/1434
s 0
f 3060/63/67 3061/63/67 3058/63/67
f 3038/63/67 3083/63/67 3082/63/67
s 1
f 3043/416/1428 3062/423/1436 3084/424/67
f 3043/416/1428 3045/415/1427 3063/422/1435
f 3045/415/1427 3049/414/1429 3065/421/1437
f 3048/418/1429 3053/413/1430 3085/420/1438
f 3053/413/1430 658/412/45 3067/419/44
f 3070/420/1431 3089/427/1439 3088/426/103
f 3071/425/1432 3090/432/1440 3089/427/1439
f 3073/422/1433 3093/429/1441 3091/428/1440
f 3074/423/1434 3080/430/1448 3093/429/1441
s 0
f 3059/424/67 3076/431/67 3078/430/67
f 3061/63/67 3081/63/67 3075/63/67
f 3083/63/67 3095/63/67 3094/63/67
s 1
f 3062/423/1436 3102/430/67 3096/431/67
f 3062/423/1436 3063/422/1435 3106/429/1442
f 3063/422/1435 3065/421/1437 3109/428/1444
f 3064/425/1437 3085/420/1438 3086/427/1445
f 3085/420/1438 3067/419/44 3111/426/42
f 3089/427/1439 3118/434/1446 3116/433/105
f 3090/432/1440 3119/436/1447 3118/434/1446
f 3092/435/1441 3120/438/1449 3119/436/1447
f 3079/437/1448 3122/439/1454 3120/438/1449
s 0
f 3075/63/67 3123/63/67 3121/63/67
f 3081/63/67 3125/63/67 3123/63/67
f 3095/63/67 3097/63/67 3098/63/67
f 3101/63/67 3099/63/67 3097/63/67
s 1
f 3103/437/1443 3105/435/1442 3107/438/1450
f 3105/435/1442 3108/432/1444 3131/436/1452
f 3108/432/1444 3086/427/1445 3114/434/1453
f 3086/427/1445 3111/426/42 3113/433/40
f 3118/434/1446 3117/60/58 14/440/84
f 3119/436/1447 8/40/36 3117/60/58
f 3120/438/1449 7/22/22 8/40/36
f 3122/439/1454 3/23/1686 7/22/22
s 0
f 3123/63/67 3124/63/67 1/63/67
f 3125/63/67 3127/63/67 3124/63/67
f 3126/63/67 3128/63/67 3127/63/67
f 3098/63/67 3129/63/67 3128/63/67
f 3097/63/67 3130/63/67 3129/63/67
f 3099/63/67 632/63/67 3130/63/67
s 1
f 3100/439/1451 3107/438/1450 636/22/62
f 3107/438/1450 3131/436/1452 641/40/60
f 3131/436/1452 3114/434/1453 3132/60/56
f 3114/434/1453 3113/433/40 644/440/38
s 0
f 2676/63/73 2674/63/73 2950/63/73
f 2673/63/70 2678/63/70 3135/63/70
f 3137/63/70 2673/63/70 3135/63/70
f 3137/63/70 3162/63/70 2963/63/70
f 3162/63/70 3141/63/70 3143/63/70
f 3162/63/70 3143/63/70 2963/63/70
f 2674/63/73 3138/63/73 2959/63/73
f 3144/63/73 2674/63/73 2959/63/73
f 3133/63/73 2676/63/73 2950/63/73
f 2674/63/73 3144/63/73 3146/63/73
f 3137/63/70 2963/63/70 2958/63/70
f 2674/63/73 3146/63/73 2950/63/73
f 647/63/73 3148/63/73 2684/63/73
f 3148/63/73 3150/63/73 2684/63/73
f 3155/63/73 3150/63/73 3152/63/73
f 2688/63/70 3166/63/70 3164/63/70
f 3166/63/70 2693/63/70 2683/63/70
f 2683/63/70 3164/63/70 3166/63/70
f 3141/63/70 3162/63/70 3161/63/70
f 3162/63/70 2683/63/70 3159/63/70
f 3161/63/70 3162/63/70 3159/63/70
f 2684/63/73 2694/63/73 647/63/73
f 2694/63/73 3168/63/73 647/63/73
f 3154/63/70 3159/63/70 2683/63/70
f 3170/63/70 3173/63/70 3188/63/70
f 3176/63/69 3182/63/69 3174/63/69
f 3183/63/73 3178/63/73 3181/63/73
f 3186/63/68 3189/63/68 3179/63/68
f 3172/62/67 3180/62/67 3177/62/67
f 3191/441/67 3192/441/67 3193/441/67
f 3212/442/1456 3198/446/1456 3405/443/1456
f 3200/445/1457 3412/448/1457 3195/446/1457
f 3224/447/73 3414/450/73 3410/448/73
f 3223/449/1458 3205/452/1458 3416/450/1458
f 3226/451/1459 3207/496/1459 3203/452/1459
f 3236/453/1456 3212/442/1456 3213/444/1456
f 3216/455/1457 3200/445/1457 3211/442/1457
f 3244/456/73 3224/447/73 3199/445/73
f 3221/457/1458 3223/449/1458 3225/447/1458
f 3248/458/1459 3226/451/1459 3222/449/1459
f 3258/459/1687 3237/453/1687 3232/454/1687
f 3272/461/1688 3215/455/1688 3234/453/1688
f 3263/462/73 3244/456/73 3214/455/73
f 3264/462/1689 3242/463/1689 3219/457/1689
f 3238/463/1690 3468/506/1690 3247/458/1690
f 3251/464/1691 3282/465/1691 3257/459/1691
f 3281/465/1692 3261/467/1692 3271/461/1692
f 3289/466/73 3263/462/73 3268/461/73
s 1
f 3296/468/1693 3243/463/1693 3265/462/1693
s 0
f 3303/469/1694 3469/506/1694 3239/463/1694
f 3463/470/1695 3277/471/1695 3284/465/1695
f 3275/471/1696 3316/473/1696 3262/467/1696
f 3285/472/73 3289/466/73 3259/467/73
f 3329/474/1697 3297/468/1697 3290/466/1697
f 3299/475/1698 3305/469/1698 3294/468/1698
f 3308/476/1699 3313/477/1699 3278/471/1699
s 1
f 3310/477/1700 3335/479/1700 3317/473/1700
s 0
f 3339/478/73 3285/472/73 3314/473/73
f 3320/480/1701 3330/474/1701 3286/472/1701
s 1
f 3323/481/1702 3300/475/1702 3326/474/1702
s 0
f 3333/482/1456 3312/477/1456 3307/476/1456
f 3350/484/1457 3336/479/1457 3311/477/1457
f 3337/485/73 3339/478/73 3334/479/73
f 3343/486/1458 3322/480/1458 3341/478/1458
f 3355/487/1459 3324/481/1459 3318/480/1459
f 3397/488/1456 3333/482/1456 3344/483/1456
f 3348/490/1457 3350/484/1457 3332/482/1457
f 3352/491/73 3337/485/73 3349/484/73
f 3393/492/1458 3343/486/1458 3338/485/1458
f 3387/493/1459 3355/487/1459 3342/486/1459
f 3357/519/1703 3362/520/1703 3401/489/1703
f 3360/520/73 2406/521/73 3364/522/73
f 2409/523/73 3360/520/73 3364/522/73
f 2410/523/1704 3370/524/1704 3396/488/1704
f 3368/524/1705 2415/525/1705 3389/492/1705
f 2413/523/1706 3398/488/1706 3403/489/1706
f 2414/525/73 3372/526/73 3374/527/73
f 3372/526/73 2422/528/73 3374/527/73
f 3376/527/1707 3379/494/1707 3386/493/1707
f 2416/525/1708 3375/527/1708 3384/493/1708
f 3361/520/1709 2411/523/1709 3399/489/1709
f 3351/491/1710 3345/490/1710 3367/524/1710
f 3347/490/1711 3394/488/1711 3369/524/1711
f 3392/492/1712 3353/491/1712 3371/524/1712
f 2418/525/1713 3388/493/1713 3391/492/1713
f 3400/489/1714 3356/519/1714 2399/529/1714
f 3404/443/1715 3197/446/1715 3431/530/1715
f 3194/446/1716 3411/448/1716 3425/531/1716
f 3429/530/1717 3196/446/1717 3426/531/1717
f 3415/450/1718 3204/452/1718 3427/531/1718
f 3202/452/1719 3206/496/1719 3420/498/1719
f 2550/532/1720 3407/443/1720 3439/533/1720
f 3440/533/1721 3408/443/1721 3437/534/1721
f 3201/452/1722 3418/498/1722 3424/531/1722
f 3209/496/1723 2572/535/1723 2568/536/1723
f 3210/496/1724 2569/536/1724 2566/497/1724
f 3406/443/1725 3432/530/1725 3436/534/1725
f 3409/448/1726 3413/450/1726 3423/531/1726
f 3433/537/73 3435/534/73 2553/538/73
f 3428/530/73 2553/538/73 3435/534/73
f 2560/539/73 2557/540/73 2564/497/73
f 2557/540/73 3417/498/73 2564/497/73
f 3442/499/1478 3445/499/1478 3227/460/1478
f 3447/500/1479 3454/500/1479 3446/499/1479
f 3449/501/1479 3452/501/1479 3454/500/1479
f 142/502/1480 3456/502/1480 3453/501/1480
f 3457/503/1481 3459/503/1481 3455/502/1481
f 151/504/1481 3464/504/1481 3459/503/1481
f 161/470/1482 3460/470/1482 3465/504/1482
f 754/505/1483 3471/505/1483 3470/506/1483
f 752/507/1484 3476/507/1484 3472/505/1484
f 3474/508/1484 3482/508/1484 3476/507/1484
f 3479/509/1485 3481/509/1485 3483/508/1485
f 3485/510/1486 3488/510/1486 3480/509/1486
f 786/511/1486 3486/511/1486 3488/510/1486
f 3490/475/1487 3302/475/1487 3487/511/1487
f 3494/63/1488 3533/63/1488 3498/63/1488
f 3503/63/1489 3500/63/1489 3534/63/1489
f 3507/63/1490 3510/63/1490 3501/63/1490
f 3531/63/1491 3516/63/1491 3509/63/1491
s 1
f 3512/63/1492 3518/63/1492 3515/63/1492
s 0
f 3522/63/1493 3528/63/1493 3519/63/1493
f 3525/63/1494 3537/63/1494 3527/63/1494
f 3491/63/1495 3497/63/1495 3536/63/1495
f 3493/63/69 3526/63/69 3523/63/69
f 3523/63/69 3514/63/69 3493/63/69
f 3514/63/69 3532/63/69 3493/63/69
f 3532/63/69 3508/63/69 3505/63/69
f 3505/63/69 3496/63/69 3532/63/69
f 3538/63/68 3499/63/68 3535/63/68
f 3535/63/68 3502/63/68 3511/63/68
f 3511/63/68 3517/63/68 3520/63/68
f 3520/63/68 3529/63/68 3538/63/68
f 3538/63/68 3535/63/68 3511/63/68
f 3580/63/1496 3583/63/1496 3541/63/1496
f 3576/63/1497 3543/63/1497 3582/63/1497
f 3546/63/1498 3549/63/1498 3544/63/1498
s 1
f 3574/63/1499 3553/63/1499 3550/63/1499
s 0
f 3556/63/1500 3559/63/1500 3552/63/1500
f 3571/63/1501 3562/63/1501 3558/63/1501
f 3567/63/1502 3585/63/1502 3561/63/1502
s 1
f 3564/63/1503 3540/63/1503 3586/63/1503
s 0
f 3563/63/67 3566/63/67 3569/63/67
f 3569/63/67 3554/63/67 3572/63/67
f 3572/63/67 3545/63/67 3575/63/67
f 3575/63/67 3578/63/67 3563/63/67
f 3563/63/67 3569/63/67 3575/63/67
f 3584/63/66 3539/63/66 3581/63/66
f 3581/63/66 3542/63/66 3584/63/66
f 3542/63/66 3548/63/66 3584/63/66
f 3548/63/66 3551/63/66 3557/63/66
f 3557/63/66 3560/63/66 3548/63/66
f 3592/362/1504 3598/362/1504 3624/362/1504
s 1
f 3621/362/1505 3594/362/1505 3597/362/1505
s 0
f 3618/362/1506 3627/362/1506 3595/362/1506
f 3600/362/1507 3603/362/1507 3628/362/1507
f 3607/362/1508 3631/362/1508 3604/362/1508
f 3610/362/1509 3634/362/1509 3630/362/1509
f 3615/362/1510 3612/362/1510 3633/362/1510
f 3589/362/1511 3625/362/1511 3613/362/1511
f 3587/362/66 3614/362/66 3590/362/66
f 3614/362/66 3608/362/66 3620/362/66
f 3608/362/66 3605/362/66 3620/362/66
f 3605/362/66 3599/362/66 3617/362/66
f 3620/362/66 3605/362/66 3617/362/66
f 3611/362/67 3623/362/67 3596/362/67
f 3596/362/67 3593/362/67 3611/362/67
f 3593/362/67 3626/362/67 3632/362/67
f 3611/362/67 3593/362/67 3632/362/67
f 3626/362/67 3602/362/67 3629/362/67
f 3725/362/1727 3676/362/1727 3713/362/1727
f 3647/362/1728 3643/362/1728 3671/362/1728
f 3651/362/1729 3687/362/1729 3642/362/1729
f 3652/362/1730 3656/362/1730 3694/362/1730
f 3657/362/1731 3661/362/1731 3667/362/1731
f 3660/362/1732 3720/362/1732 3699/362/1732
f 3721/362/1733 3669/362/1733 3704/362/1733
f 3638/362/1734 3715/362/1734 3709/362/1734
f 3712/362/1735 3675/362/1735 3685/362/1735
f 3673/362/1736 3644/362/1736 3681/362/1736
f 3639/362/1737 3686/362/1737 3737/362/1737
f 3691/362/1738 3744/362/1738 3740/362/1738
s 1
f 3664/362/1534 3749/362/1534 3743/362/1534
s 0
f 3697/362/1535 3755/362/1535 3747/362/1535
f 3703/362/1739 3717/362/1739 3759/362/1739
f 3706/362/1740 3710/362/1740 3728/362/1740
f 3635/362/1528 3668/362/1528 3654/362/1528
f 3668/362/1528 3719/362/1528 3654/362/1528
f 3719/362/1528 3658/362/1528 3654/362/1528
f 3654/362/1528 3649/362/1528 3635/362/1528
f 3649/362/1528 3645/362/1528 3635/362/1528
f 3727/362/1529 3682/362/1529 3734/362/1529
f 3678/362/1529 3732/362/1529 3734/362/1529
f 3679/362/1741 3742/362/1741 3775/362/1741
f 3741/362/1529 3746/362/1529 3754/362/1529
f 3750/362/1529 3778/362/1529 3754/362/1529
f 3756/362/1529 3761/362/1529 3778/362/1529
f 3716/362/1529 3763/362/1529 3761/362/1529
f 3727/362/1529 3769/362/1529 3763/362/1529
f 3768/63/1531 3736/63/1531 3771/63/1531
f 3788/63/1521 3733/63/1521 3735/63/1521
f 3789/63/1532 3772/63/1532 3731/63/1532
f 3790/63/1533 3793/63/1533 3753/63/1533
f 3796/63/1534 3777/63/1534 3752/63/1534
s 1
f 3795/63/1535 3798/63/1535 3760/63/1535
s 0
f 3800/63/1536 3781/63/1536 3764/63/1536
s 1
f 3784/63/1537 3770/63/1537 3765/63/1537
s 0
f 3780/63/1529 3783/63/1529 3766/63/1529
f 3766/63/1529 3787/63/1529 3791/63/1529
f 3791/63/1529 3794/63/1529 3797/63/1529
f 3797/63/1529 3799/63/1529 3791/63/1529
f 3799/63/1529 3780/63/1529 3791/63/1529
f 3803/362/1538 3809/362/1538 3806/362/1538
f 3814/362/1539 3811/362/1539 3805/362/1539
f 3818/362/1540 3821/362/1540 3812/362/1540
f 3827/362/1541 3833/362/1541 3820/362/1541
f 3823/362/1542 3834/362/1542 3831/362/1542
f 3802/362/1543 3829/362/1543 3836/362/1543
f 3801/362/1544 3822/362/1544 3825/362/1544
f 3825/362/1544 3816/362/1544 3801/362/1544
f 3816/362/1544 3813/362/1544 3801/362/1544
f 3835/362/1545 3828/362/1545 3819/362/1545
f 3828/362/1545 3804/362/1545 3819/362/1545
f 3804/362/1545 3810/362/1545 3819/362/1545
f 3839/63/1546 3860/63/1546 3848/63/1546
f 3857/63/1547 3842/63/1547 3859/63/1547
f 3853/63/1548 3849/63/1548 3840/63/1548
f 3844/63/1549 3846/63/1549 3850/63/1549
f 3852/63/1550 3855/63/1550 3837/63/1550
f 3858/63/1551 3841/63/1551 3851/63/1551
f 3863/63/1546 3869/63/1546 3866/63/1546
f 3872/63/1547 3884/63/1547 3865/63/1547
f 3874/63/1548 3876/63/1548 3882/63/1548
f 3875/63/1549 3862/63/1549 3879/63/1549
f 3873/63/1550 3870/63/1550 3867/63/1550
f 3864/63/1551 3883/63/1551 3878/63/1551
f 3886/62/1552 3891/62/1552 3909/62/1552
f 3902/62/1742 3896/62/1742 3888/62/1742
f 3901/62/1554 3892/62/1554 3898/62/1554
f 3906/62/1555 3910/62/1555 3900/62/1555
s 1
f 3894/62/1556 3904/62/1556 3887/62/1556
s 0
f 3890/62/1557 3897/62/1557 3899/62/1557
f 3929/62/1558 3912/62/1558 3922/62/1558
f 3918/62/1559 3933/62/1559 3920/62/1559
f 3923/62/1560 3926/62/1560 3932/62/1560
f 3924/62/1561 3930/62/1561 3916/62/1561
f 3919/62/1562 3913/62/1562 3931/62/1562
f 3921/62/1563 3934/62/1563 3927/62/1563
f 3954/62/1564 3938/62/1564 3957/62/1564
f 3940/62/1565 3942/62/1565 3948/62/1565
f 3943/62/1566 3952/62/1566 3946/62/1566
f 3950/62/1567 3953/62/1567 3936/62/1567
f 3941/62/1568 3939/62/1568 3955/62/1568
f 3956/62/1569 3947/62/1569 3944/62/1569
o Wheel_FL
v -0.784000 0.550000 -1.205000
v -0.777000 0.519791 -1.386909
v -0.784000 0.492213 -1.363769
v -0.784000 0.535104 -1.289479
v -0.784000 0.345891 -1.448248
v -0.784000 0.426500 -1.418908
v -0.784000 0.260109 -1.448248
v -0.777000 0.161500 -1.450085
v -0.777000 0.086209 -1.386909
v -0.784000 0.179500 -1.418908
v -0.784000 0.113787 -1.363769
v -0.777000 0.020000 -1.205000
v -0.784000 0.056000 -1.205000
v -0.784000 0.070896 -1.289479
v -0.784000 0.070896 -1.120521
v -0.784000 0.113787 -1.046232
v -0.777000 0.086209 -1.023091
v -0.784000 0.260109 -0.961753
v -0.784000 0.179500 -0.991092
v -0.784000 0.345891 -0.961753
v -0.777000 0.444500 -0.959915
v -0.784000 0.426500 -0.991092
v -0.784000 0.535104 -1.120521
v -0.784000 0.492213 -1.046232
v -0.777000 0.586000 -1.205000
v -0.754000 0.587727 -1.308632
v -0.754000 0.587727 -1.308632
v -0.777000 0.568933 -1.301792
v -0.754000 0.535111 -1.399765
v -0.754000 0.535111 -1.399765
v -0.777000 0.444500 -1.450085
v -0.754000 0.355615 -1.503397
v -0.754000 0.355615 -1.503397
v -0.777000 0.352142 -1.483701
v -0.754000 0.250385 -1.503397
v -0.754000 0.250385 -1.503397
v -0.777000 0.253858 -1.483701
v -0.754000 0.151500 -1.467406
v -0.754000 0.151500 -1.467406
v -0.754000 0.070889 -1.399765
v -0.754000 0.070889 -1.399765
v -0.777000 0.037067 -1.301792
v -0.754000 0.000000 -1.205000
v -0.754000 0.000000 -1.205000
v -0.777000 0.037067 -1.108208
v -0.754000 0.151500 -0.942594
v -0.754000 0.151500 -0.942594
v -0.777000 0.161500 -0.959915
v -0.777000 0.253858 -0.926299
v -0.754000 0.250385 -0.906603
v -0.754000 0.250385 -0.906603
v -0.754000 0.355615 -0.906603
v -0.754000 0.355615 -0.906603
v -0.777000 0.352142 -0.926299
v -0.777000 0.519791 -1.023091
v -0.754000 0.535111 -1.010235
v -0.754000 0.535111 -1.010235
v -0.754000 0.606000 -1.205000
v -0.754000 0.606000 -1.205000
v -0.777000 0.568933 -1.108208
v -0.614000 0.587727 -1.308632
v -0.614000 0.587727 -1.308632
v -0.614000 0.535111 -1.399765
v -0.614000 0.535111 -1.399765
v -0.754000 0.454500 -1.467406
v -0.754000 0.454500 -1.467406
v -0.614000 0.355615 -1.503397
v -0.614000 0.355615 -1.503397
v -0.614000 0.250385 -1.503397
v -0.614000 0.250385 -1.503397
v -0.614000 0.018273 -1.308632
v -0.614000 0.018273 -1.308632
v -0.754000 0.018273 -1.308632
v -0.754000 0.018273 -1.308632
v -0.614000 0.018273 -1.101368
v -0.614000 0.018273 -1.101368
v -0.754000 0.018273 -1.101368
v -0.754000 0.018273 -1.101368
v -0.754000 0.070889 -1.010235
v -0.754000 0.070889 -1.010235
v -0.614000 0.151500 -0.942594
v -0.614000 0.151500 -0.942594
v -0.614000 0.355615 -0.906603
v -0.614000 0.355615 -0.906603
v -0.614000 0.454500 -0.942594
v -0.614000 0.454500 -0.942594
v -0.754000 0.454500 -0.942594
v -0.754000 0.454500 -0.942594
v -0.614000 0.535111 -1.010235
v -0.614000 0.535111 -1.010235
v -0.754000 0.587727 -1.101368
v -0.754000 0.587727 -1.101368
v -0.591000 0.568933 -1.301792
v -0.614000 0.454500 -1.467406
v -0.614000 0.454500 -1.467406
v -0.591000 0.253858 -1.483701
v -0.591000 0.161500 -1.450085
v -0.614000 0.151500 -1.467406
v -0.614000 0.151500 -1.467406
v -0.614000 0.070889 -1.399765
v -0.614000 0.070889 -1.399765
v -0.614000 0.000000 -1.205000
v -0.614000 0.000000 -1.205000
v -0.591000 0.086209 -1.023091
v -0.614000 0.070889 -1.010235
v -0.614000 0.070889 -1.010235
v -0.591000 0.161500 -0.959915
v -0.591000 0.253858 -0.926299
v -0.591000 0.352142 -0.926299
v -0.614000 0.250385 -0.906603
v -0.614000 0.250385 -0.906603
v -0.614000 0.587727 -1.101368
v -0.614000 0.587727 -1.101368
v -0.591000 0.586000 -1.205000
v -0.614000 0.606000 -1.205000
v -0.614000 0.606000 -1.205000
v -0.584000 0.535104 -1.289479
v -0.584000 0.492213 -1.363769
v -0.584000 0.426500 -1.418908
v -0.591000 0.519791 -1.386909
v -0.584000 0.345891 -1.448248
v -0.591000 0.444500 -1.450085
v -0.591000 0.352142 -1.483701
v -0.584000 0.260109 -1.448248
v -0.584000 0.179500 -1.418908
v -0.584000 0.113787 -1.363769
v -0.584000 0.070896 -1.289479
v -0.591000 0.086209 -1.386909
v -0.591000 0.020000 -1.205000
v -0.591000 0.037067 -1.301792
v -0.584000 0.056000 -1.205000
v -0.591000 0.037067 -1.108208
v -0.584000 0.070896 -1.120521
v -0.584000 0.113787 -1.046232
v -0.584000 0.179500 -0.991092
v -0.584000 0.260109 -0.961753
v -0.584000 0.345891 -0.961753
v -0.584000 0.426500 -0.991092
v -0.591000 0.519791 -1.023091
v -0.591000 0.444500 -0.959915
v -0.584000 0.492213 -1.046232
v -0.591000 0.568933 -1.108208
v -0.584000 0.535104 -1.120521
v -0.584000 0.550000 -1.205000
v -0.785000 0.550000 -1.205000
v -0.785000 0.535104 -1.289479
v -0.785000 0.492213 -1.363769
v -0.785000 0.303000 -1.205000
v -0.785000 0.426500 -1.418908
v -0.785000 0.345891 -1.448248
v -0.785000 0.260109 -1.448248
v -0.785000 0.179500 -1.418908
v -0.785000 0.113787 -1.363769
v -0.785000 0.070896 -1.289479
v -0.785000 0.056000 -1.205000
v -0.785000 0.070896 -1.120521
v -0.785000 0.113787 -1.046232
v -0.785000 0.179500 -0.991092
v -0.785000 0.260109 -0.961753
v -0.785000 0.345891 -0.961753
v -0.785000 0.426500 -0.991092
v -0.785000 0.492213 -1.046232
v -0.785000 0.535104 -1.120521
v -0.583000 0.535104 -1.289479
v -0.583000 0.550000 -1.205000
v -0.583000 0.492213 -1.363769
v -0.583000 0.345891 -1.448248
v -0.583000 0.426500 -1.418908
v -0.583000 0.260109 -1.448248
v -0.583000 0.179500 -1.418908
v -0.583000 0.113787 -1.363769
v -0.583000 0.070896 -1.289479
v -0.583000 0.070896 -1.120521
v -0.583000 0.056000 -1.205000
v -0.583000 0.113787 -1.046232
v -0.583000 0.260109 -0.961753
v -0.583000 0.179500 -0.991092
v -0.583000 0.426500 -0.991092
v -0.583000 0.345891 -0.961753
v -0.583000 0.492213 -1.046232
v -0.583000 0.303000 -1.205000
v -0.583000 0.535104 -1.120521
vn -0.8504 0.4944 -0.1799
vn -0.9816 0.1909 -0.0000
vn -0.8504 0.5261 -0.0000
vn -0.9816 0.1462 -0.1227
vn -0.9816 0.1794 -0.0653
vn -0.8504 0.2630 -0.4556
vn -0.8504 0.4030 -0.3382
vn -0.8504 0.0914 -0.5181
vn -0.9816 0.0954 -0.1653
vn -0.8504 -0.0914 -0.5181
vn -0.9816 0.0331 -0.1880
vn -0.8504 -0.2630 -0.4556
vn -0.9816 -0.0331 -0.1880
vn -0.8504 -0.4030 -0.3382
vn -0.9816 -0.0954 -0.1653
vn -0.8504 -0.4944 -0.1799
vn -0.9816 -0.1462 -0.1227
vn -0.9816 -0.1909 -0.0000
vn -0.9816 -0.1794 -0.0653
vn -0.8504 -0.4944 0.1799
vn -0.8504 -0.5261 -0.0000
vn -0.9816 -0.1462 0.1227
vn -0.9816 -0.1794 0.0653
vn -0.8504 -0.2630 0.4556
vn -0.8504 -0.4030 0.3382
vn -0.8504 -0.0914 0.5181
vn -0.9816 -0.0954 0.1653
vn -0.8504 0.0914 0.5181
vn -0.9816 -0.0331 0.1880
vn -0.8504 0.2630 0.4556
vn -0.9816 0.0331 0.1880
vn -0.8504 0.4030 0.3382
vn -0.9816 0.0954 0.1653
vn -0.8504 0.4944 0.1799
vn -0.9816 0.1462 0.1227
vn -0.9816 0.1794 0.0653
vn -0.6562 0.7091 -0.2581
vn -0.6562 0.7546 -0.0000
vn -0.6562 0.5781 -0.4851
vn -0.6562 0.3773 -0.6535
vn -0.6562 0.1310 -0.7431
vn -0.6562 -0.1310 -0.7431
vn -0.6562 -0.3773 -0.6535
vn -0.6562 -0.5781 -0.4851
vn -0.6562 -0.7091 -0.2581
vn -0.6562 -0.7091 0.2581
vn -0.6562 -0.7546 -0.0000
vn -0.6562 -0.5781 0.4851
vn -0.6562 -0.3773 0.6535
vn -0.6562 -0.1310 0.7431
vn -0.6562 0.1310 0.7431
vn -0.6562 0.3773 0.6535
vn -0.6562 0.5781 0.4851
vn -0.6562 0.7091 0.2581
vn -0.0000 0.9397 -0.3420
vn -0.0000 1.0000 -0.0000
vn -0.0000 0.7660 -0.6428
vn -0.0000 0.5000 -0.8660
vn -0.0000 0.1737 -0.9848
vn -0.0000 -0.1736 -0.9848
vn -0.0000 0.1736 -0.9848
vn -0.0000 -0.5000 -0.8660
vn -0.0000 -0.1737 -0.9848
vn -0.0000 -0.7660 -0.6428
vn -0.0000 -0.9397 -0.3420
vn -0.0000 -1.0000 -0.0000
vn -0.0000 -0.9397 0.3420
vn -0.0000 -0.7660 0.6428
vn -0.0000 -0.5000 0.8660
vn -0.0000 -0.1737 0.9848
vn -0.0000 0.1736 0.9848
vn -0.0000 -0.1736 0.9848
vn -0.0000 0.5000 0.8660
vn -0.0000 0.1737 0.9848
vn -0.0000 0.7660 0.6428
vn -0.0000 0.9397 0.3420
vn 0.8504 0.4944 -0.1799
vn 0.6562 0.7546 -0.0000
vn 0.8504 0.5261 -0.0000
vn 0.6562 0.5781 -0.4851
vn 0.6562 0.7091 -0.2581
vn 0.8504 0.4030 -0.3382
vn 0.6562 0.3773 -0.6535
vn 0.8504 0.2630 -0.4556
vn 0.6562 0.1310 -0.7431
vn 0.8504 -0.0914 -0.5181
vn 0.8504 0.0914 -0.5181
vn 0.8504 -0.2630 -0.4556
vn 0.6562 -0.1310 -0.7431
vn 0.8504 -0.4030 -0.3382
vn 0.6562 -0.3773 -0.6535
vn 0.8504 -0.4944 -0.1799
vn 0.6562 -0.5781 -0.4851
vn 0.8504 -0.5261 -0.0000
vn 0.6562 -0.7091 -0.2581
vn 0.8504 -0.4944 0.1799
vn 0.6562 -0.7546 -0.0000
vn 0.6562 -0.5781 0.4851
vn 0.6562 -0.7091 0.2581
vn 0.8504 -0.4030 0.3382
vn 0.6562 -0.3773 0.6535
vn 0.8504 -0.2630 0.4556
vn 0.6562 -0.1310 0.7431
vn 0.8504 0.0914 0.5181
vn 0.8504 -0.0914 0.5181
vn 0.8504 0.2630 0.4556
vn 0.6562 0.1310 0.7431
vn 0.8504 0.4030 0.3382
vn 0.6562 0.3773 0.6535
vn 0.8504 0.4944 0.1799
vn 0.6562 0.5781 0.4851
vn 0.6562 0.7091 0.2581
vn 0.9816 0.1794 -0.0653
vn 0.9816 0.1909 -0.0000
vn 0.9816 0.1462 -0.1227
vn 0.9816 0.0954 -0.1653
vn 0.9816 0.0331 -0.1880
vn 0.9816 -0.0331 -0.1880
vn 0.9816 -0.0954 -0.1653
vn 0.9816 -0.1462 -0.1227
vn 0.9816 -0.1794 -0.0653
vn 0.9816 -0.1794 0.0653
vn 0.9816 -0.1909 -0.0000
vn 0.9816 -0.1462 0.1227
vn 0.9816 -0.0954 0.1653
vn 0.9816 -0.0331 0.1880
vn 0.9816 0.0331 0.1880
vn 0.9816 0.0954 0.1653
vn 0.9816 0.1462 0.1227
vn 0.9816 0.1794 0.0653
vn -1.0000 -0.0000 -0.0000
vn 1.0000 -0.0000 -0.0000
vt 0.218750 0.937500
vt 0.097656 0.679688
vt 0.097656 0.865234
vt 0.129387 0.854045
vt 0.157290 0.821825
vt 0.178000 0.772461
vt 0.189020 0.711907
vt 0.189020 0.647468
vt 0.178000 0.586914
vt 0.157290 0.537550
vt 0.129387 0.505330
vt 0.097656 0.494141
vt 0.065926 0.505330
vt 0.038023 0.537550
vt 0.017312 0.586914
vt 0.006292 0.647468
vt 0.006292 0.711907
vt 0.017312 0.772461
vt 0.038023 0.821825
vt 0.065926 0.854045
s 1
usemtl Vehicle_Atlas
f 3986/541/1743 3959/541/1744 3983/541/1745
f 3986/541/1743 3961/541/1746 3962/541/1747
f 3989/541/1748 3961/541/1746 3960/541/1749
f 3992/541/1750 3964/541/1751 3989/541/1748
f 3995/541/1752 3963/541/1753 3992/541/1750
f 3966/541/1754 3965/541/1755 3995/541/1752
f 3967/541/1756 3968/541/1757 3966/541/1754
f 4000/541/1758 3969/541/1759 3967/541/1756
f 4000/541/1758 3971/541/1760 3972/541/1761
f 4003/541/1762 3971/541/1760 3970/541/1763
f 4003/541/1762 3974/541/1764 3973/541/1765
f 4006/541/1766 3974/541/1764 3975/541/1767
f 4007/541/1768 3977/541/1769 4006/541/1766
f 4012/541/1770 3976/541/1771 4007/541/1768
f 3979/541/1772 3978/541/1773 4012/541/1770
f 4013/541/1774 3980/541/1775 3979/541/1772
f 4018/541/1776 3982/541/1777 4013/541/1774
f 4018/541/1776 3959/541/1744 3981/541/1778
f 3985/541/1779 3983/541/1745 4017/541/1780
f 3988/541/1781 3986/541/1743 3985/541/1779
f 4024/541/1782 3960/541/1749 3988/541/1781
f 3991/541/1783 3989/541/1748 4024/541/1782
f 3994/541/1784 3992/541/1750 3991/541/1783
f 3997/541/1785 3995/541/1752 3994/541/1784
f 3997/541/1785 3967/541/1756 3966/541/1754
f 3999/541/1786 4000/541/1758 3967/541/1756
f 4032/541/1787 3970/541/1763 4000/541/1758
f 4036/541/1788 3970/541/1763 4002/541/1789
f 4038/541/1790 4003/541/1762 4036/541/1788
f 4005/541/1791 3975/541/1767 4038/541/1790
f 4009/541/1792 4006/541/1766 4005/541/1791
f 4011/541/1793 4007/541/1768 4009/541/1792
f 4046/541/1794 4012/541/1770 4011/541/1793
f 4046/541/1794 4013/541/1774 3979/541/1772
f 4015/541/1795 4018/541/1776 4013/541/1774
f 4050/541/1796 3983/541/1745 4018/541/1776
f 4019/541/1797 4016/541/1798 4073/541/1798
f 4021/541/1799 3984/541/1797 4019/541/1797
f 4052/541/1800 3987/541/1799 4021/541/1799
f 4025/541/1801 4023/541/1800 4052/541/1800
f 4027/541/1802 3990/541/1803 4025/541/1801
f 4056/541/1804 3993/541/1805 4027/541/1802
f 4058/541/1806 3996/541/1804 4056/541/1804
f 4029/541/1807 3998/541/1806 4058/541/1806
f 4060/541/1808 4031/541/1807 4029/541/1807
f 4033/541/1809 4001/541/1808 4060/541/1808
f 4063/541/1810 4035/541/1809 4033/541/1809
f 4039/541/1811 4037/541/1810 4063/541/1810
f 4068/541/1812 4004/541/1811 4039/541/1811
f 4041/541/1813 4008/541/1814 4068/541/1812
f 4043/541/1815 4010/541/1816 4041/541/1813
f 4047/541/1817 4045/541/1815 4043/541/1815
f 4070/541/1818 4014/541/1817 4047/541/1817
f 4073/541/1798 4049/541/1818 4070/541/1818
f 4051/541/1819 4074/541/1820 4072/541/1821
f 4051/541/1819 4022/541/1822 4020/541/1823
f 4078/541/1824 4053/541/1825 4022/541/1822
f 4080/541/1826 4026/541/1827 4053/541/1825
f 4054/541/1828 4026/541/1827 4081/541/1829
f 4055/541/1830 4028/541/1831 4054/541/1828
f 4086/541/1832 4057/541/1833 4055/541/1830
f 4088/541/1834 4059/541/1835 4086/541/1832
f 4087/541/1836 4030/541/1837 4088/541/1834
f 4090/541/1838 4061/541/1839 4087/541/1836
f 4090/541/1838 4064/541/1840 4034/541/1841
f 4062/541/1842 4040/541/1843 4064/541/1840
f 4065/541/1844 4069/541/1845 4040/541/1843
f 4067/541/1846 4069/541/1845 4066/541/1847
f 4098/541/1848 4042/541/1849 4067/541/1846
f 4097/541/1850 4044/541/1851 4098/541/1848
f 4100/541/1852 4048/541/1853 4097/541/1850
f 4072/541/1821 4071/541/1854 4100/541/1852
f 4075/541/1855 4072/541/1821 4102/541/1856
f 4076/541/1857 4051/541/1819 4075/541/1855
f 4077/541/1858 4078/541/1824 4076/541/1857
f 4079/541/1859 4080/541/1826 4077/541/1858
f 4082/541/1860 4081/541/1829 4079/541/1859
f 4083/541/1861 4054/541/1828 4082/541/1860
f 4083/541/1861 4086/541/1832 4055/541/1830
f 4084/541/1862 4088/541/1834 4086/541/1832
f 4085/541/1863 4087/541/1836 4088/541/1834
f 4091/541/1864 4087/541/1836 4089/541/1865
f 4092/541/1866 4090/541/1838 4091/541/1864
f 4093/541/1867 4062/541/1842 4092/541/1866
f 4094/541/1868 4065/541/1844 4093/541/1867
f 4095/541/1869 4066/541/1847 4094/541/1868
f 4096/541/1870 4067/541/1846 4095/541/1869
f 4096/541/1870 4097/541/1850 4098/541/1848
f 4099/541/1871 4100/541/1852 4097/541/1850
f 4101/541/1872 4072/541/1821 4100/541/1852
s 0
f 4106/542/1873 4103/543/1873 4104/544/1873
f 4106/542/1873 4104/544/1873 4105/545/1873
f 4106/542/1873 4105/545/1873 4107/546/1873
f 4106/542/1873 4107/546/1873 4108/547/1873
f 4106/542/1873 4108/547/1873 4109/548/1873
f 4106/542/1873 4109/548/1873 4110/549/1873
f 4106/542/1873 4110/549/1873 4111/550/1873
f 4106/542/1873 4111/550/1873 4112/551/1873
f 4106/542/1873 4112/551/1873 4113/552/1873
f 4106/542/1873 4113/552/1873 4114/553/1873
f 4106/542/1873 4114/553/1873 4115/554/1873
f 4106/542/1873 4115/554/1873 4116/555/1873
f 4106/542/1873 4116/555/1873 4117/556/1873
f 4106/542/1873 4117/556/1873 4118/557/1873
f 4106/542/1873 4118/557/1873 4119/558/1873
f 4106/542/1873 4119/558/1873 4120/559/1873
f 4106/542/1873 4120/559/1873 4121/560/1873
f 4106/542/1873 4121/560/1873 4103/543/1873
f 4122/544/1874 4123/543/1874 4139/542/1874
f 4124/545/1874 4122/544/1874 4139/542/1874
f 4126/546/1874 4124/545/1874 4139/542/1874
f 4125/547/1874 4126/546/1874 4139/542/1874
f 4127/548/1874 4125/547/1874 4139/542/1874
f 4128/549/1874 4127/548/1874 4139/542/1874
f 4129/550/1874 4128/549/1874 4139/542/1874
f 4130/551/1874 4129/550/1874 4139/542/1874
f 4132/552/1874 4130/551/1874 4139/542/1874
f 4131/553/1874 4132/552/1874 4139/542/1874
f 4133/554/1874 4131/553/1874 4139/542/1874
f 4135/555/1874 4133/554/1874 4139/542/1874
f 4134/556/1874 4135/555/1874 4139/542/1874
f 4137/557/1874 4134/556/1874 4139/542/1874
f 4136/558/1874 4137/557/1874 4139/542/1874
f 4138/559/1874 4136/558/1874 4139/542/1874
f 4140/560/1874 4138/559/1874 4139/542/1874
f 4123/543/1874 4140/560/1874 4139/542/1874
s 1
f 3986/541/1743 3962/541/1747 3959/541/1744
f 3986/541/1743 3960/541/1749 3961/541/1746
f 3989/541/1748 3964/541/1751 3961/541/1746
f 3992/541/1750 3963/541/1753 3964/541/1751
f 3995/541/1752 3965/541/1755 3963/541/1753
f 3966/541/1754 3968/541/1757 3965/541/1755
f 3967/541/1756 3969/541/1759 3968/541/1757
f 4000/541/1758 3972/541/1761 3969/541/1759
f 4000/541/1758 3970/541/1763 3971/541/1760
f 4003/541/1762 3973/541/1765 3971/541/1760
f 4003/541/1762 3975/541/1767 3974/541/1764
f 4006/541/1766 3977/541/1769 3974/541/1764
f 4007/541/1768 3976/541/1771 3977/541/1769
f 4012/541/1770 3978/541/1773 3976/541/1771
f 3979/541/1772 3980/541/1775 3978/541/1773
f 4013/541/1774 3982/541/1777 3980/541/1775
f 4018/541/1776 3981/541/1778 3982/541/1777
f 4018/541/1776 3983/541/1745 3959/541/1744
f 3985/541/1779 3986/541/1743 3983/541/1745
f 3988/541/1781 3960/541/1749 3986/541/1743
f 4024/541/1782 3989/541/1748 3960/541/1749
f 3991/541/1783 3992/541/1750 3989/541/1748
f 3994/541/1784 3995/541/1752 3992/541/1750
f 3997/541/1785 3966/541/1754 3995/541/1752
f 3997/541/1785 3999/541/1786 3967/541/1756
f 3999/541/1786 4032/541/1787 4000/541/1758
f 4032/541/1787 4002/541/1789 3970/541/1763
f 4036/541/1788 4003/541/1762 3970/541/1763
f 4038/541/1790 3975/541/1767 4003/541/1762
f 4005/541/1791 4006/541/1766 3975/541/1767
f 4009/541/1792 4007/541/1768 4006/541/1766
f 4011/541/1793 4012/541/1770 4007/541/1768
f 4046/541/1794 3979/541/1772 4012/541/1770
f 4046/541/1794 4015/541/1795 4013/541/1774
f 4015/541/1795 4050/541/1796 4018/541/1776
f 4050/541/1796 4017/541/1780 3983/541/1745
f 4019/541/1797 3984/541/1797 4016/541/1798
f 4021/541/1799 3987/541/1799 3984/541/1797
f 4052/541/1800 4023/541/1800 3987/541/1799
f 4025/541/1801 3990/541/1803 4023/541/1800
f 4027/541/1802 3993/541/1805 3990/541/1803
f 4056/541/1804 3996/541/1804 3993/541/1805
f 4058/541/1806 3998/541/1806 3996/541/1804
f 4029/541/1807 4031/541/1807 3998/541/1806
f 4060/541/1808 4001/541/1808 4031/541/1807
f 4033/541/1809 4035/541/1809 4001/541/1808
f 4063/541/1810 4037/541/1810 4035/541/1809
f 4039/541/1811 4004/541/1811 4037/541/1810
f 4068/541/1812 4008/541/1814 4004/541/1811
f 4041/541/1813 4010/541/1816 4008/541/1814
f 4043/541/1815 4045/541/1815 4010/541/1816
f 4047/541/1817 4014/541/1817 4045/541/1815
f 4070/541/1818 4049/541/1818 4014/541/1817
f 4073/541/1798 4016/541/1798 4049/541/1818
f 4051/541/1819 4020/541/1823 4074/541/1820
f 4051/541/1819 4078/541/1824 4022/541/1822
f 4078/541/1824 4080/541/1826 4053/541/1825
f 4080/541/1826 4081/541/1829 4026/541/1827
f 4054/541/1828 4028/541/1831 4026/541/1827
f 4055/541/1830 4057/541/1833 4028/541/1831
f 4086/541/1832 4059/541/1835 4057/541/1833
f 4088/541/1834 4030/541/1837 4059/541/1835
f 4087/541/1836 4061/541/1839 4030/541/1837
f 4090/541/1838 4034/541/1841 4061/541/1839
f 4090/541/1838 4062/541/1842 4064/541/1840
f 4062/541/1842 4065/541/1844 4040/541/1843
f 4065/541/1844 4066/541/1847 4069/541/1845
f 4067/541/1846 4042/541/1849 4069/541/1845
f 4098/541/1848 4044/541/1851 4042/541/1849
f 4097/541/1850 4048/541/1853 4044/541/1851
f 4100/541/1852 4071/541/1854 4048/541/1853
f 4072/541/1821 4074/541/1820 4071/541/1854
f 4075/541/1855 4051/541/1819 4072/541/1821
f 4076/541/1857 4078/541/1824 4051/541/1819
f 4077/541/1858 4080/541/1826 4078/541/1824
f 4079/541/1859 4081/541/1829 4080/541/1826
f 4082/541/1860 4054/541/1828 4081/541/1829
f 4083/541/1861 4055/541/1830 4054/541/1828
f 4083/541/1861 4084/541/1862 4086/541/1832
f 4084/541/1862 4085/541/1863 4088/541/1834
f 4085/541/1863 4089/541/1865 4087/541/1836
f 4091/541/1864 4090/541/1838 4087/541/1836
f 4092/541/1866 4062/541/1842 4090/541/1838
f 4093/541/1867 4065/541/1844 4062/541/1842
f 4094/541/1868 4066/541/1847 4065/541/1844
f 4095/541/1869 4067/541/1846 4066/541/1847
f 4096/541/1870 4098/541/1848 4067/541/1846
f 4096/541/1870 4099/541/1871 4097/541/1850
f 4099/541/1871 4101/541/1872 4100/541/1852
f 4101/541/1872 4102/541/1856 4072/541/1821
o Wheel_FR
v 0.584000 0.550000 -1.205000
v 0.591000 0.519791 -1.386909
v 0.584000 0.492213 -1.363769
v 0.584000 0.535104 -1.289479
v 0.584000 0.345891 -1.448248
v 0.584000 0.426500 -1.418908
v 0.584000 0.260109 -1.448248
v 0.591000 0.161500 -1.450085
v 0.591000 0.086209 -1.386909
v 0.584000 0.179500 -1.418908
v 0.584000 0.113787 -1.363769
v 0.591000 0.020000 -1.205000
v 0.584000 0.056000 -1.205000
v 0.584000 0.070896 -1.289479
v 0.584000 0.070896 -1.120521
v 0.584000 0.113787 -1.046232
v 0.591000 0.086209 -1.023091
v 0.584000 0.260109 -0.961753
v 0.584000 0.179500 -0.991092
v 0.584000 0.345891 -0.961753
v 0.591000 0.444500 -0.959915
v 0.584000 0.426500 -0.991092
v 0.584000 0.535104 -1.120521
v 0.584000 0.492213 -1.046232
v 0.591000 0.586000 -1.205000
v 0.614000 0.587727 -1.308632
v 0.614000 0.587727 -1.308632
v 0.591000 0.568933 -1.301792
v 0.614000 0.535111 -1.399765
v 0.614000 0.535111 -1.399765
v 0.591000 0.444500 -1.450085
v 0.614000 0.355615 -1.503397
v 0.614000 0.355615 -1.503397
v 0.591000 0.352142 -1.483701
v 0.614000 0.250385 -1.503397
v 0.614000 0.250385 -1.503397
v 0.591000 0.253858 -1.483701
v 0.614000 0.151500 -1.467406
v 0.614000 0.151500 -1.467406
v 0.614000 0.070889 -1.399765
v 0.614000 0.070889 -1.399765
v 0.591000 0.037067 -1.301792
v 0.614000 0.000000 -1.205000
v 0.614000 0.000000 -1.205000
v 0.591000 0.037067 -1.108208
v 0.614000 0.151500 -0.942594
v 0.614000 0.151500 -0.942594
v 0.591000 0.161500 -0.959915
v 0.591000 0.253858 -0.926299
v 0.614000 0.250385 -0.906603
v 0.614000 0.250385 -0.906603
v 0.614000 0.355615 -0.906603
v 0.614000 0.355615 -0.906603
v 0.591000 0.352142 -0.926299
v 0.591000 0.519791 -1.023091
v 0.614000 0.535111 -1.010235
v 0.614000 0.535111 -1.010235
v 0.614000 0.606000 -1.205000
v 0.614000 0.606000 -1.205000
v 0.591000 0.568933 -1.108208
v 0.754000 0.587727 -1.308632
v 0.754000 0.587727 -1.308632
v 0.754000 0.535111 -1.399765
v 0.754000 0.535111 -1.399765
v 0.614000 0.454500 -1.467406
v 0.614000 0.454500 -1.467406
v 0.754000 0.355615 -1.503397
v 0.754000 0.355615 -1.503397
v 0.754000 0.250385 -1.503397
v 0.754000 0.250385 -1.503397
v 0.754000 0.018273 -1.308632
v 0.754000 0.018273 -1.308632
v 0.614000 0.018273 -1.308632
v 0.614000 0.018273 -1.308632
v 0.754000 0.018273 -1.101368
v 0.754000 0.018273 -1.101368
v 0.614000 0.018273 -1.101368
v 0.614000 0.018273 -1.101368
v 0.614000 0.070889 -1.010235
v 0.614000 0.070889 -1.010235
v 0.754000 0.151500 -0.942594
v 0.754000 0.151500 -0.942594
v 0.754000 0.355615 -0.906603
v 0.754000 0.355615 -0.906603
v 0.754000 0.454500 -0.942594
v 0.754000 0.454500 -0.942594
v 0.614000 0.454500 -0.942594
v 0.614000 0.454500 -0.942594
v 0.754000 0.535111 -1.010235
v 0.754000 0.535111 -1.010235
v 0.614000 0.587727 -1.101368
v 0.614000 0.587727 -1.101368
v 0.777000 0.568933 -1.301792
v 0.754000 0.454500 -1.467406
v 0.754000 0.454500 -1.467406
v 0.777000 0.253858 -1.483701
v 0.777000 0.161500 -1.450085
v 0.754000 0.151500 -1.467406
v 0.754000 0.151500 -1.467406
v 0.754000 0.070889 -1.399765
v 0.754000 0.070889 -1.399765
v 0.754000 0.000000 -1.205000
v 0.754000 0.000000 -1.205000
v 0.777000 0.086209 -1.023091
v 0.754000 0.070889 -1.010235
v 0.754000 0.070889 -1.010235
v 0.777000 0.161500 -0.959915
v 0.777000 0.253858 -0.926299
v 0.777000 0.352142 -0.926299
v 0.754000 0.250385 -0.906603
v 0.754000 0.250385 -0.906603
v 0.754000 0.587727 -1.101368
v 0.754000 0.587727 -1.101368
v 0.777000 0.586000 -1.205000
v 0.754000 0.606000 -1.205000
v 0.754000 0.606000 -1.205000
v 0.784000 0.535104 -1.289479
v 0.784000 0.492213 -1.363769
v 0.784000 0.426500 -1.418908
v 0.777000 0.519791 -1.386909
v 0.784000 0.345891 -1.448248
v 0.777000 0.444500 -1.450085
v 0.777000 0.352142 -1.483701
v 0.784000 0.260109 -1.448248
v 0.784000 0.179500 -1.418908
v 0.784000 0.113787 -1.363769
v 0.784000 0.070896 -1.289479
v 0.777000 0.086209 -1.386909
v 0.777000 0.020000 -1.205000
v 0.777000 0.037067 -1.301792
v 0.784000 0.056000 -1.205000
v 0.777000 0.037067 -1.108208
v 0.784000 0.070896 -1.120521
v 0.784000 0.113787 -1.046232
v 0.784000 0.179500 -0.991092
v 0.784000 0.260109 -0.961753
v 0.784000 0.345891 -0.961753
v 0.784000 0.426500 -0.991092
v 0.777000 0.519791 -1.023091
v 0.777000 0.444500 -0.959915
v 0.784000 0.492213 -1.046232
v 0.777000 0.568933 -1.108208
v 0.784000 0.535104 -1.120521
v 0.784000 0.550000 -1.205000
v 0.583000 0.550000 -1.205000
v 0.583000 0.535104 -1.289479
v 0.583000 0.492213 -1.363769
v 0.583000 0.303000 -1.205000
v 0.583000 0.426500 -1.418908
v 0.583000 0.345891 -1.448248
v 0.583000 0.260109 -1.448248
v 0.583000 0.179500 -1.418908
v 0.583000 0.113787 -1.363769
v 0.583000 0.070896 -1.289479
v 0.583000 0.056000 -1.205000
v 0.583000 0.070896 -1.120521
v 0.583000 0.113787 -1.046232
v 0.583000 0.179500 -0.991092
v 0.583000 0.260109 -0.961753
v 0.583000 0.345891 -0.961753
v 0.583000 0.426500 -0.991092
v 0.583000 0.492213 -1.046232
v 0.583000 0.535104 -1.120521
v 0.785000 0.535104 -1.289479
v 0.785000 0.550000 -1.205000
v 0.785000 0.492213 -1.363769
v 0.785000 0.345891 -1.448248
v 0.785000 0.426500 -1.418908
v 0.785000 0.260109 -1.448248
v 0.785000 0.179500 -1.418908
v 0.785000 0.113787 -1.363769
v 0.785000 0.070896 -1.289479
v 0.785000 0.070896 -1.120521
v 0.785000 0.056000 -1.205000
v 0.785000 0.113787 -1.046232
v 0.785000 0.260109 -0.961753
v 0.785000 0.179500 -0.991092
v 0.785000 0.426500 -0.991092
v 0.785000 0.345891 -0.961753
v 0.785000 0.492213 -1.046232
v 0.785000 0.303000 -1.205000
v 0.785000 0.535104 -1.120521
vn -0.8504 0.4944 -0.1799
vn -0.9816 0.1909 -0.0000
vn -0.8504 0.5261 -0.0000
vn -0.9816 0.1462 -0.1227
vn -0.9816 0.1794 -0.0653
vn -0.8504 0.2630 -0.4556
vn -0.8504 0.4030 -0.3382
vn -0.8504 0.0914 -0.5181
vn -0.9816 0.0954 -0.1653
vn -0.8504 -0.0914 -0.5181
vn -0.9816 0.0331 -0.1880
vn -0.8504 -0.2630 -0.4556
vn -0.9816 -0.0331 -0.1880
vn -0.8504 -0.4030 -0.3382
vn -0.9816 -0.0954 -0.1653
vn -0.8504 -0.4944 -0.1799
vn -0.9816 -0.1462 -0.1227
vn -0.9816 -0.1909 -0.0000
vn -0.9816 -0.1794 -0.0653
vn -0.8504 -0.4944 0.1799
vn -0.8504 -0.5261 -0.0000
vn -0.9816 -0.1462 0.1227
vn -0.9816 -0.1794 0.0653
vn -0.8504 -0.2630 0.4556
vn -0.8504 -0.4030 0.3382
vn -0.8504 -0.0914 0.5181
vn -0.9816 -0.0954 0.1653
vn -0.8504 0.0914 0.5181
vn -0.9816 -0.0331 0.1880
vn -0.8504 0.2630 0.4556
vn -0.9816 0.0331 0.1880
vn -0.8504 0.4030 0.3382
vn -0.9816 0.0954 0.1653
vn -0.8504 0.4944 0.1799
vn -0.9816 0.1462 0.1227
vn -0.9816 0.1794 0.0653
vn -0.6562 0.7091 -0.2581
vn -0.6562 0.7546 -0.0000
vn -0.6562 0.5781 -0.4851
vn -0.6562 0.3773 -0.6535
vn -0.6562 0.1310 -0.7431
vn -0.6562 -0.1310 -0.7431
vn -0.6562 -0.3773 -0.6535
vn -0.6562 -0.5781 -0.4851
vn -0.6562 -0.7091 -0.2581
vn -0.6562 -0.7091 0.2581
vn -0.6562 -0.7546 -0.0000
vn -0.6562 -0.5781 0.4851
vn -0.6562 -0.3773 0.6535
vn -0.6562 -0.1310 0.7431
vn -0.6562 0.1310 0.7431
vn -0.6562 0.3773 0.6535
vn -0.6562 0.5781 0.4851
vn -0.6562 0.7091 0.2581
vn -0.0000 0.9397 -0.3420
vn -0.0000 1.0000 -0.0000
vn -0.0000 0.7660 -0.6428
vn -0.0000 0.5000 -0.8660
vn -0.0000 0.1737 -0.9848
vn -0.0000 -0.1736 -0.9848
vn -0.0000 0.1736 -0.9848
vn -0.0000 -0.5000 -0.8660
vn -0.0000 -0.1737 -0.9848
vn -0.0000 -0.7660 -0.6428
vn -0.0000 -0.9397 -0.3420
vn -0.0000 -1.0000 -0.0000
vn -0.0000 -0.9397 0.3420
vn -0.0000 -0.7660 0.6428
vn -0.0000 -0.5000 0.8660
vn -0.0000 -0.1737 0.9848
vn -0.0000 0.1736 0.9848
vn -0.0000 -0.1736 0.9848
vn -0.0000 0.5000 0.8660
vn -0.0000 0.1737 0.9848
vn -0.0000 0.7660 0.6428
vn -0.0000 0.9397 0.3420
vn 0.8504 0.4944 -0.1799
vn 0.6562 0.7546 -0.0000
vn 0.8504 0.5261 -0.0000
vn 0.6562 0.5781 -0.4851
vn 0.6562 0.7091 -0.2581
vn 0.8504 0.4030 -0.3382
vn 0.6562 0.3773 -0.6535
vn 0.8504 0.2630 -0.4556
vn 0.6562 0.1310 -0.7431
vn 0.8504 -0.0914 -0.5181
vn 0.8504 0.0914 -0.5181
vn 0.8504 -0.2630 -0.4556
vn 0.6562 -0.1310 -0.7431
vn 0.8504 -0.4030 -0.3382
vn 0.6562 -0.3773 -0.6535
vn 0.8504 -0.4944 -0.1799
vn 0.6562 -0.5781 -0.4851
vn 0.8504 -0.5261 -0.0000
vn 0.6562 -0.7091 -0.2581
vn 0.8504 -0.4944 0.1799
vn 0.6562 -0.7546 -0.0000
vn 0.6562 -0.5781 0.4851
vn 0.6562 -0.7091 0.2581
vn 0.8504 -0.4030 0.3382
vn 0.6562 -0.3773 0.6535
vn 0.8504 -0.2630 0.4556
vn 0.6562 -0.1310 0.7431
vn 0.8504 0.0914 0.5181
vn 0.8504 -0.0914 0.5181
vn 0.8504 0.2630 0.4556
vn 0.6562 0.1310 0.7431
vn 0.8504 0.4030 0.3382
vn 0.6562 0.3773 0.6535
vn 0.8504 0.4944 0.1799
vn 0.6562 0.5781 0.4851
vn 0.6562 0.7091 0.2581
vn 0.9816 0.1794 -0.0653
vn 0.9816 0.1909 -0.0000
vn 0.9816 0.1462 -0.1227
vn 0.9816 0.0954 -0.1653
vn 0.9816 0.0331 -0.1880
vn 0.9816 -0.0331 -0.1880
vn 0.9816 -0.0954 -0.1653
vn 0.9816 -0.1462 -0.1227
vn 0.9816 -0.1794 -0.0653
vn 0.9816 -0.1794 0.0653
vn 0.9816 -0.1909 -0.0000
vn 0.9816 -0.1462 0.1227
vn 0.9816 -0.0954 0.1653
vn 0.9816 -0.0331 0.1880
vn 0.9816 0.0331 0.1880
vn 0.9816 0.0954 0.1653
vn 0.9816 0.1462 0.1227
vn 0.9816 0.1794 0.0653
vn -1.0000 -0.0000 -0.0000
vn 1.0000 -0.0000 -0.0000
vt 0.218750 0.937500
vt 0.097656 0.679688
vt 0.097656 0.865234
vt 0.129387 0.854045
vt 0.157290 0.821825
vt 0.178000 0.772461
vt 0.189020 0.711907
vt 0.189020 0.647468
vt 0.178000 0.586914
vt 0.157290 0.537550
vt 0.129387 0.505330
vt 0.097656 0.494141
vt 0.065926 0.505330
vt 0.038023 0.537550
vt 0.017312 0.586914
vt 0.006292 0.647468
vt 0.006292 0.711907
vt 0.017312 0.772461
vt 0.038023 0.821825
vt 0.065926 0.854045
s 1
usemtl Vehicle_Atlas
f 4168/561/1875 4141/561/1876 4165/561/1877
f 4168/561/1875 4143/561/1878 4144/561/1879
f 4171/561/1880 4143/561/1878 4142/561/1881
f 4174/561/1882 4146/561/1883 4171/561/1880
f 4177/561/1884 4145/561/1885 4174/561/1882
f 4148/561/1886 4147/561/1887 4177/561/1884
f 4149/561/1888 4150/561/1889 4148/561/1886
f 4182/561/1890 4151/561/1891 4149/561/1888
f 4182/561/1890 4153/561/1892 4154/561/1893
f 4185/561/1894 4153/561/1892 4152/561/1895
f 4185/561/1894 4156/561/1896 4155/561/1897
f 4188/561/1898 4156/561/1896 4157/561/1899
f 4189/561/1900 4159/561/1901 4188/561/1898
f 4194/561/1902 4158/561/1903 4189/561/1900
f 4161/561/1904 4160/561/1905 4194/561/1902
f 4195/561/1906 4162/561/1907 4161/561/1904
f 4200/561/1908 4164/561/1909 4195/561/1906
f 4200/561/1908 4141/561/1876 4163/561/1910
f 4167/561/1911 4165/561/1877 4199/561/1912
f 4170/561/1913 4168/561/1875 4167/561/1911
f 4206/561/1914 4142/561/1881 4170/561/1913
f 4173/561/1915 4171/561/1880 4206/561/1914
f 4176/561/1916 4174/561/1882 4173/561/1915
f 4179/561/1917 4177/561/1884 4176/561/1916
f 4179/561/1917 4149/561/1888 4148/561/1886
f 4181/561/1918 4182/561/1890 4149/561/1888
f 4214/561/1919 4152/561/1895 4182/561/1890
f 4218/561/1920 4152/561/1895 4184/561/1921
f 4220/561/1922 4185/561/1894 4218/561/1920
f 4187/561/1923 4157/561/1899 4220/561/1922
f 4191/561/1924 4188/561/1898 4187/561/1923
f 4193/561/1925 4189/561/1900 4191/561/1924
f 4228/561/1926 4194/561/1902 4193/561/1925
f 4228/561/1926 4195/561/1906 4161/561/1904
f 4197/561/1927 4200/561/1908 4195/561/1906
f 4232/561/1928 4165/561/1877 4200/561/1908
f 4201/561/1929 4198/561/1930 4255/561/1930
f 4203/561/1931 4166/561/1929 4201/561/1929
f 4234/561/1932 4169/561/1931 4203/561/1931
f 4207/561/1933 4205/561/1932 4234/561/1932
f 4209/561/1934 4172/561/1935 4207/561/1933
f 4238/561/1936 4175/561/1937 4209/561/1934
f 4240/561/1938 4178/561/1936 4238/561/1936
f 4211/561/1939 4180/561/1938 4240/561/1938
f 4242/561/1940 4213/561/1939 4211/561/1939
f 4215/561/1941 4183/561/1940 4242/561/1940
f 4245/561/1942 4217/561/1941 4215/561/1941
f 4221/561/1943 4219/561/1942 4245/561/1942
f 4250/561/1944 4186/561/1943 4221/561/1943
f 4223/561/1945 4190/561/1946 4250/561/1944
f 4225/561/1947 4192/561/1948 4223/561/1945
f 4229/561/1949 4227/561/1947 4225/561/1947
f 4252/561/1950 4196/561/1949 4229/561/1949
f 4255/561/1930 4231/561/1950 4252/561/1950
f 4233/561/1951 4256/561/1952 4254/561/1953
f 4233/561/1951 4204/561/1954 4202/561/1955
f 4260/561/1956 4235/561/1957 4204/561/1954
f 4262/561/1958 4208/561/1959 4235/561/1957
f 4236/561/1960 4208/561/1959 4263/561/1961
f 4237/561/1962 4210/561/1963 4236/561/1960
f 4268/561/1964 4239/561/1965 4237/561/1962
f 4270/561/1966 4241/561/1967 4268/561/1964
f 4269/561/1968 4212/561/1969 4270/561/1966
f 4272/561/1970 4243/561/1971 4269/561/1968
f 4272/561/1970 4246/561/1972 4216/561/1973
f 4244/561/1974 4222/561/1975 4246/561/1972
f 4247/561/1976 4251/561/1977 4222/561/1975
f 4249/561/1978 4251/561/1977 4248/561/1979
f 4280/561/1980 4224/561/1981 4249/561/1978
f 4279/561/1982 4226/561/1983 4280/561/1980
f 4282/561/1984 4230/561/1985 4279/561/1982
f 4254/561/1953 4253/561/1986 4282/561/1984
f 4257/561/1987 4254/561/1953 4284/561/1988
f 4258/561/1989 4233/561/1951 4257/561/1987
f 4259/561/1990 4260/561/1956 4258/561/1989
f 4261/561/1991 4262/561/1958 4259/561/1990
f 4264/561/1992 4263/561/1961 4261/561/1991
f 4265/561/1993 4236/561/1960 4264/561/1992
f 4265/561/1993 4268/561/1964 4237/561/1962
f 4266/561/1994 4270/561/1966 4268/561/1964
f 4267/561/1995 4269/561/1968 4270/561/1966
f 4273/561/1996 4269/561/1968 4271/561/1997
f 4274/561/1998 4272/561/1970 4273/561/1996
f 4275/561/1999 4244/561/1974 4274/561/1998
f 4276/561/2000 4247/561/1976 4275/561/1999
f 4277/561/2001 4248/561/1979 4276/561/2000
f 4278/561/2002 4249/561/1978 4277/561/2001
f 4278/561/2002 4279/561/1982 4280/561/1980
f 4281/561/2003 4282/561/1984 4279/561/1982
f 4283/561/2004 4254/561/1953 4282/561/1984
s 0
f 4288/562/2005 4285/563/2005 4286/564/2005
f 4288/562/2005 4286/564/2005 4287/565/2005
f 4288/562/2005 4287/565/2005 4289/566/2005
f 4288/562/2005 4289/566/2005 4290/567/2005
f 4288/562/2005 4290/567/2005 4291/568/2005
f 4288/562/2005 4291/568/2005 4292/569/2005
f 4288/562/2005 4292/569/2005 4293/570/2005
f 4288/562/2005 4293/570/2005 4294/571/2005
f 4288/562/2005 4294/571/2005 4295/572/2005
f 4288/562/2005 4295/572/2005 4296/573/2005
f 4288/562/2005 4296/573/2005 4297/574/2005
f 4288/562/2005 4297/574/2005 4298/575/2005
f 4288/562/2005 4298/575/2005 4299/576/2005
f 4288/562/2005 4299/576/2005 4300/577/2005
f 4288/562/2005 4300/577/2005 4301/578/2005
f 4288/562/2005 4301/578/2005 4302/579/2005
f 4288/562/2005 4302/579/2005 4303/580/2005
f 4288/562/2005 4303/580/2005 4285/563/2005
f 4304/564/2006 4305/563/2006 4321/562/2006
f 4306/565/2006 4304/564/2006 4321/562/2006
f 4308/566/2006 4306/565/2006 4321/562/2006
f 4307/567/2006 4308/566/2006 4321/562/2006
f 4309/568/2006 4307/567/2006 4321/562/2006
f 4310/569/2006 4309/568/2006 4321/562/2006
f 4311/570/2006 4310/569/2006 4321/562/2006
f 4312/571/2006 4311/570/2006 4321/562/2006
f 4314/572/2006 4312/571/2006 4321/562/2006
f 4313/573/2006 4314/572/2006 4321/562/2006
f 4315/574/2006 4313/573/2006 4321/562/2006
f 4317/575/2006 4315/574/2006 4321/562/2006
f 4316/576/2006 4317/575/2006 4321/562/2006
f 4319/577/2006 4316/576/2006 4321/562/2006
f 4318/578/2006 4319/577/2006 4321/562/2006
f 4320/579/2006 4318/578/2006 4321/562/2006
f 4322/580/2006 4320/579/2006 4321/562/2006
f 4305/563/2006 4322/580/2006 4321/562/2006
s 1
f 4168/561/1875 4144/561/1879 4141/561/1876
f 4168/561/1875 4142/561/1881 4143/561/1878
f 4171/561/1880 4146/561/1883 4143/561/1878
f 4174/561/1882 4145/561/1885 4146/561/1883
f 4177/561/1884 4147/561/1887 4145/561/1885
f 4148/561/1886 4150/561/1889 4147/561/1887
f 4149/561/1888 4151/561/1891 4150/561/1889
f 4182/561/1890 4154/561/1893 4151/561/1891
f 4182/561/1890 4152/561/1895 4153/561/1892
f 4185/561/1894 4155/561/1897 4153/561/1892
f 4185/561/1894 4157/561/1899 4156/561/1896
f 4188/561/1898 4159/561/1901 4156/561/1896
f 4189/561/1900 4158/561/1903 4159/561/1901
f 4194/561/1902 4160/561/1905 4158/561/1903
f 4161/561/1904 4162/561/1907 4160/561/1905
f 4195/561/1906 4164/561/1909 4162/561/1907
f 4200/561/1908 4163/561/1910 4164/561/1909
f 4200/561/1908 4165/561/1877 4141/561/1876
f 4167/561/1911 4168/561/1875 4165/561/1877
f 4170/561/1913 4142/561/1881 4168/561/1875
f 4206/561/1914 4171/561/1880 4142/561/1881
f 4173/561/1915 4174/561/1882 4171/561/1880
f 4176/561/1916 4177/561/1884 4174/561/1882
f 4179/561/1917 4148/561/1886 4177/561/1884
f 4179/561/1917 4181/561/1918 4149/561/1888
f 4181/561/1918 4214/561/1919 4182/561/1890
f 4214/561/1919 4184/561/1921 4152/561/1895
f 4218/561/1920 4185/561/1894 4152/561/1895
f 4220/561/1922 4157/561/1899 4185/561/1894
f 4187/561/1923 4188/561/1898 4157/561/1899
f 4191/561/1924 4189/561/1900 4188/561/1898
f 4193/561/1925 4194/561/1902 4189/561/1900
f 4228/561/1926 4161/561/1904 4194/561/1902
f 4228/561/1926 4197/561/1927 4195/561/1906
f 4197/561/1927 4232/561/1928 4200/561/1908
f 4232/561/1928 4199/561/1912 4165/561/1877
f 4201/561/1929 4166/561/1929 4198/561/1930
f 4203/561/1931 4169/561/1931 4166/561/1929
f 4234/561/1932 4205/561/1932 4169/561/1931
f 4207/561/1933 4172/561/1935 4205/561/1932
f 4209/561/1934 4175/561/1937 4172/561/1935
f 4238/561/1936 4178/561/1936 4175/561/1937
f 4240/561/1938 4180/561/1938 4178/561/1936
f 4211/561/1939 4213/561/1939 4180/561/1938
f 4242/561/1940 4183/561/1940 4213/561/1939
f 4215/561/1941 4217/561/1941 4183/561/1940
f 4245/561/1942 4219/561/1942 4217/561/1941
f 4221/561/1943 4186/561/1943 4219/561/1942
f 4250/561/1944 4190/561/1946 4186/561/1943
f 4223/561/1945 4192/561/1948 4190/561/1946
f 4225/561/1947 4227/561/1947 4192/561/1948
f 4229/561/1949 4196/561/1949 4227/561/1947
f 4252/561/1950 4231/561/1950 4196/561/1949
f 4255/561/1930 4198/561/1930 4231/561/1950
f 4233/561/1951 4202/561/1955 4256/561/1952
f 4233/561/1951 4260/561/1956 4204/561/1954
f 4260/561/1956 4262/561/1958 4235/561/1957
f 4262/561/1958 4263/561/1961 4208/561/1959
f 4236/561/1960 4210/561/1963 4208/561/1959
f 4237/561/1962 4239/561/1965 4210/561/1963
f 4268/561/1964 4241/561/1967 4239/561/1965
f 4270/561/1966 4212/561/1969 4241/561/1967
f 4269/561/1968 4243/561/1971 4212/561/1969
f 4272/561/1970 4216/561/1973 4243/561/1971
f 4272/561/1970 4244/561/1974 4246/561/1972
f 4244/561/1974 4247/561/1976 4222/561/1975
f 4247/561/1976 4248/561/1979 4251/561/1977
f 4249/561/1978 4224/561/1981 4251/561/1977
f 4280/561/1980 4226/561/1983 4224/561/1981
f 4279/561/1982 4230/561/1985 4226/561/1983
f 4282/561/1984 4253/561/1986 4230/561/1985
f 4254/561/1953 4256/561/1952 4253/561/1986
f 4257/561/1987 4233/561/1951 4254/561/1953
f 4258/561/1989 4260/561/1956 4233/561/1951
f 4259/561/1990 4262/561/1958 4260/561/1956
f 4261/561/1991 4263/561/1961 4262/561/1958
f 4264/561/1992 4236/561/1960 4263/561/1961
f 4265/561/1993 4237/561/1962 4236/561/1960
f 4265/561/1993 4266/561/1994 4268/561/1964
f 4266/561/1994 4267/561/1995 4270/561/1966
f 4267/561/1995 4271/561/1997 4269/561/1968
f 4273/561/1996 4272/561/1970 4269/561/1968
f 4274/561/1998 4244/561/1974 4272/561/1970
f 4275/561/1999 4247/561/1976 4244/561/1974
f 4276/561/2000 4248/561/1979 4247/561/1976
f 4277/561/2001 4249/561/1978 4248/561/1979
f 4278/561/2002 4280/561/1980 4249/561/1978
f 4278/561/2002 4281/561/2003 4279/561/1982
f 4281/561/2003 4283/561/2004 4282/561/1984
f 4283/561/2004 4284/561/1988 4254/561/1953
o Wheel_RL
v -0.789000 0.550000 1.205000
v -0.782000 0.519791 1.023091
v -0.789000 0.492213 1.046232
v -0.789000 0.535104 1.120521
v -0.789000 0.345891 0.961753
v -0.789000 0.426500 0.991092
v -0.789000 0.260109 0.961753
v -0.782000 0.161500 0.959915
v -0.782000 0.086209 1.023091
v -0.789000 0.179500 0.991092
v -0.789000 0.113787 1.046232
v -0.782000 0.020000 1.205000
v -0.789000 0.056000 1.205000
v -0.789000 0.070896 1.120521
v -0.789000 0.070896 1.289479
v -0.789000 0.113787 1.363769
v -0.782000 0.086209 1.386909
v -0.789000 0.260109 1.448248
v -0.789000 0.179500 1.418908
v -0.789000 0.345891 1.448248
v -0.782000 0.444500 1.450085
v -0.789000 0.426500 1.418908
v -0.789000 0.535104 1.289479
v -0.789000 0.492213 1.363769
v -0.782000 0.586000 1.205000
v -0.759000 0.587727 1.101368
v -0.759000 0.587727 1.101368
v -0.782000 0.568933 1.108208
v -0.759000 0.535111 1.010235
v -0.759000 0.535111 1.010235
v -0.782000 0.444500 0.959915
v -0.759000 0.355615 0.906603
v -0.759000 0.355615 0.906603
v -0.782000 0.352142 0.926299
v -0.759000 0.250385 0.906603
v -0.759000 0.250385 0.906603
v -0.782000 0.253858 0.926299
v -0.759000 0.151500 0.942594
v -0.759000 0.151500 0.942594
v -0.759000 0.070889 1.010235
v -0.759000 0.070889 1.010235
v -0.782000 0.037067 1.108208
v -0.759000 0.000000 1.205000
v -0.759000 0.000000 1.205000
v -0.782000 0.037067 1.301792
v -0.759000 0.151500 1.467406
v -0.759000 0.151500 1.467406
v -0.782000 0.161500 1.450085
v -0.782000 0.253858 1.483701
v -0.759000 0.250385 1.503397
v -0.759000 0.250385 1.503397
v -0.759000 0.355615 1.503397
v -0.759000 0.355615 1.503397
v -0.782000 0.352142 1.483701
v -0.782000 0.519791 1.386909
v -0.759000 0.535111 1.399765
v -0.759000 0.535111 1.399765
v -0.759000 0.606000 1.205000
v -0.759000 0.606000 1.205000
v -0.782000 0.568933 1.301792
v -0.619000 0.587727 1.101368
v -0.619000 0.587727 1.101368
v -0.619000 0.535111 1.010235
v -0.619000 0.535111 1.010235
v -0.759000 0.454500 0.942594
v -0.759000 0.454500 0.942594
v -0.619000 0.355615 0.906603
v -0.619000 0.355615 0.906603
v -0.619000 0.250385 0.906603
v -0.619000 0.250385 0.906603
v -0.619000 0.018273 1.101368
v -0.619000 0.018273 1.101368
v -0.759000 0.018273 1.101368
v -0.759000 0.018273 1.101368
v -0.619000 0.018273 1.308632
v -0.619000 0.018273 1.308632
v -0.759000 0.018273 1.308632
v -0.759000 0.018273 1.308632
v -0.759000 0.070889 1.399765
v -0.759000 0.070889 1.399765
v -0.619000 0.151500 1.467406
v -0.619000 0.151500 1.467406
v -0.619000 0.355615 1.503397
v -0.619000 0.355615 1.503397
v -0.619000 0.454500 1.467406
v -0.619000 0.454500 1.467406
v -0.759000 0.454500 1.467406
v -0.759000 0.454500 1.467406
v -0.619000 0.535111 1.399765
v -0.619000 0.535111 1.399765
v -0.759000 0.587727 1.308632
v -0.759000 0.587727 1.308632
v -0.596000 0.568933 1.108208
v -0.619000 0.454500 0.942594
v -0.619000 0.454500 0.942594
v -0.596000 0.253858 0.926299
v -0.596000 0.161500 0.959915
v -0.619000 0.151500 0.942594
v -0.619000 0.151500 0.942594
v -0.619000 0.070889 1.010235
v -0.619000 0.070889 1.010235
v -0.619000 0.000000 1.205000
v -0.619000 0.000000 1.205000
v -0.596000 0.086209 1.386909
v -0.619000 0.070889 1.399765
v -0.619000 0.070889 1.399765
v -0.596000 0.161500 1.450085
v -0.596000 0.253858 1.483701
v -0.596000 0.352142 1.483701
v -0.619000 0.250385 1.503397
v -0.619000 0.250385 1.503397
v -0.619000 0.587727 1.308632
v -0.619000 0.587727 1.308632
v -0.596000 0.586000 1.205000
v -0.619000 0.606000 1.205000
v -0.619000 0.606000 1.205000
v -0.589000 0.535104 1.120521
v -0.589000 0.492213 1.046232
v -0.589000 0.426500 0.991092
v -0.596000 0.519791 1.023091
v -0.589000 0.345891 0.961753
v -0.596000 0.444500 0.959915
v -0.596000 0.352142 0.926299
v -0.589000 0.260109 0.961753
v -0.589000 0.179500 0.991092
v -0.589000 0.113787 1.046232
v -0.589000 0.070896 1.120521
v -0.596000 0.086209 1.023091
v -0.596000 0.020000 1.205000
v -0.596000 0.037067 1.108208
v -0.589000 0.056000 1.205000
v -0.596000 0.037067 1.301792
v -0.589000 0.070896 1.289479
v -0.589000 0.113787 1.363769
v -0.589000 0.179500 1.418908
v -0.589000 0.260109 1.448248
v -0.589000 0.345891 1.448248
v -0.589000 0.426500 1.418908
v -0.596000 0.519791 1.386909
v -0.596000 0.444500 1.450085
v -0.589000 0.492213 1.363769
v -0.596000 0.568933 1.301792
v -0.589000 0.535104 1.289479
v -0.589000 0.550000 1.205000
v -0.790000 0.550000 1.205000
v -0.790000 0.535104 1.120521
v -0.790000 0.492213 1.046232
v -0.790000 0.303000 1.205000
v -0.790000 0.426500 0.991092
v -0.790000 0.345891 0.961753
v -0.790000 0.260109 0.961753
v -0.790000 0.179500 0.991092
v -0.790000 0.113787 1.046232
v -0.790000 0.070896 1.120521
v -0.790000 0.056000 1.205000
v -0.790000 0.070896 1.289479
v -0.790000 0.113787 1.363769
v -0.790000 0.179500 1.418908
v -0.790000 0.260109 1.448248
v -0.790000 0.345891 1.448248
v -0.790000 0.426500 1.418908
v -0.790000 0.492213 1.363769
v -0.790000 0.535104 1.289479
v -0.588000 0.535104 1.120521
v -0.588000 0.550000 1.205000
v -0.588000 0.492213 1.046232
v -0.588000 0.345891 0.961753
v -0.588000 0.426500 0.991092
v -0.588000 0.260109 0.961753
v -0.588000 0.179500 0.991092
v -0.588000 0.113787 1.046232
v -0.588000 0.070896 1.120521
v -0.588000 0.070896 1.289479
v -0.588000 0.056000 1.205000
v -0.588000 0.113787 1.363769
v -0.588000 0.260109 1.448248
v -0.588000 0.179500 1.418908
v -0.588000 0.426500 1.418908
v -0.588000 0.345891 1.448248
v -0.588000 0.492213 1.363769
v -0.588000 0.303000 1.205000
v -0.588000 0.535104 1.289479
vn -0.8504 0.4944 -0.1799
vn -0.9816 0.1909 -0.0000
vn -0.8504 0.5261 -0.0000
vn -0.9816 0.1462 -0.1227
vn -0.9816 0.1794 -0.0653
vn -0.8504 0.2630 -0.4556
vn -0.8504 0.4030 -0.3382
vn -0.8504 0.0914 -0.5181
vn -0.9816 0.0954 -0.1653
vn -0.8504 -0.0914 -0.5181
vn -0.9816 0.0331 -0.1880
vn -0.8504 -0.2630 -0.4556
vn -0.9816 -0.0331 -0.1880
vn -0.8504 -0.4030 -0.3382
vn -0.9816 -0.0954 -0.1653
vn -0.8504 -0.4944 -0.1799
vn -0.9816 -0.1462 -0.1227
vn -0.9816 -0.1909 -0.0000
vn -0.9816 -0.1794 -0.0653
vn -0.8504 -0.4944 0.1799
vn -0.8504 -0.5261 -0.0000
vn -0.9816 -0.1462 0.1227
vn -0.9816 -0.1794 0.0653
vn -0.8504 -0.2630 0.4556
vn -0.8504 -0.4030 0.3382
vn -0.8504 -0.0914 0.5181
vn -0.9816 -0.0954 0.1653
vn -0.8504 0.0914 0.5181
vn -0.9816 -0.0331 0.1880
vn -0.8504 0.2630 0.4556
vn -0.9816 0.0331 0.1880
vn -0.8504 0.4030 0.3382
vn -0.9816 0.0954 0.1653
vn -0.8504 0.4944 0.1799
vn -0.9816 0.1462 0.1227
vn -0.9816 0.1794 0.0653
vn -0.6562 0.7091 -0.2581
vn -0.6562 0.7546 -0.0000
vn -0.6562 0.5781 -0.4851
vn -0.6562 0.3773 -0.6535
vn -0.6562 0.1310 -0.7431
vn -0.6562 -0.1310 -0.7431
vn -0.6562 -0.3773 -0.6535
vn -0.6562 -0.5781 -0.4851
vn -0.6562 -0.7091 -0.2581
vn -0.6562 -0.7091 0.2581
vn -0.6562 -0.7546 -0.0000
vn -0.6562 -0.5781 0.4851
vn -0.6562 -0.3773 0.6535
vn -0.6562 -0.1310 0.7431
vn -0.6562 0.1310 0.7431
vn -0.6562 0.3773 0.6535
vn -0.6562 0.5781 0.4851
vn -0.6562 0.7091 0.2581
vn -0.0000 0.9397 -0.3420
vn -0.0000 1.0000 -0.0000
vn -0.0000 0.7660 -0.6428
vn -0.0000 0.5000 -0.8660
vn -0.0000 0.1737 -0.9848
vn -0.0000 -0.1736 -0.9848
vn -0.0000 0.1736 -0.9848
vn -0.0000 -0.5000 -0.8660
vn -0.0000 -0.1737 -0.9848
vn -0.0000 -0.7660 -0.6428
vn -0.0000 -0.9397 -0.3420
vn -0.0000 -1.0000 -0.0000
vn -0.0000 -0.9397 0.3420
vn -0.0000 -0.7660 0.6428
vn -0.0000 -0.5000 0.8660
vn -0.0000 -0.1737 0.9848
vn -0.0000 0.1736 0.9848
vn -0.0000 -0.1736 0.9848
vn -0.0000 0.5000 0.8660
vn -0.0000 0.1737 0.9848
vn -0.0000 0.7660 0.6428
vn -0.0000 0.9397 0.3420
vn 0.8504 0.4944 -0.1799
vn 0.6562 0.7546 -0.0000
vn 0.8504 0.5261 -0.0000
vn 0.6562 0.5781 -0.4851
vn 0.6562 0.7091 -0.2581
vn 0.8504 0.4030 -0.3382
vn 0.6562 0.3773 -0.6535
vn 0.8504 0.2630 -0.4556
vn 0.6562 0.1310 -0.7431
vn 0.8504 -0.0914 -0.5181
vn 0.8504 0.0914 -0.5181
vn 0.8504 -0.2630 -0.4556
vn 0.6562 -0.1310 -0.7431
vn 0.8504 -0.4030 -0.3382
vn 0.6562 -0.3773 -0.6535
vn 0.8504 -0.4944 -0.1799
vn 0.6562 -0.5781 -0.4851
vn 0.8504 -0.5261 -0.0000
vn 0.6562 -0.7091 -0.2581
vn 0.8504 -0.4944 0.1799
vn 0.6562 -0.7546 -0.0000
vn 0.6562 -0.5781 0.4851
vn 0.6562 -0.7091 0.2581
vn 0.8504 -0.4030 0.3382
vn 0.6562 -0.3773 0.6535
vn 0.8504 -0.2630 0.4556
vn 0.6562 -0.1310 0.7431
vn 0.8504 0.0914 0.5181
vn 0.8504 -0.0914 0.5181
vn 0.8504 0.2630 0.4556
vn 0.6562 0.1310 0.7431
vn 0.8504 0.4030 0.3382
vn 0.6562 0.3773 0.6535
vn 0.8504 0.4944 0.1799
vn 0.6562 0.5781 0.4851
vn 0.6562 0.7091 0.2581
vn 0.9816 0.1794 -0.0653
vn 0.9816 0.1909 -0.0000
vn 0.9816 0.1462 -0.1227
vn 0.9816 0.0954 -0.1653
vn 0.9816 0.0331 -0.1880
vn 0.9816 -0.0331 -0.1880
vn 0.9816 -0.0954 -0.1653
vn 0.9816 -0.1462 -0.1227
vn 0.9816 -0.1794 -0.0653
vn 0.9816 -0.1794 0.0653
vn 0.9816 -0.1909 -0.0000
vn 0.9816 -0.1462 0.1227
vn 0.9816 -0.0954 0.1653
vn 0.9816 -0.0331 0.1880
vn 0.9816 0.0331 0.1880
vn 0.9816 0.0954 0.1653
vn 0.9816 0.1462 0.1227
vn 0.9816 0.1794 0.0653
vn -1.0000 -0.0000 -0.0000
vn 1.0000 -0.0000 -0.0000
vt 0.218750 0.937500
vt 0.097656 0.679688
vt 0.097656 0.865234
vt 0.129387 0.854045
vt 0.157290 0.821825
vt 0.178000 0.772461
vt 0.189020 0.711907
vt 0.189020 0.647468
vt 0.178000 0.586914
vt 0.157290 0.537550
vt 0.129387 0.505330
vt 0.097656 0.494141
vt 0.065926 0.505330
vt 0.038023 0.537550
vt 0.017312 0.586914
vt 0.006292 0.647468
vt 0.006292 0.711907
vt 0.017312 0.772461
vt 0.038023 0.821825
vt 0.065926 0.854045
s 1
usemtl Vehicle_Atlas
f 4350/581/2007 4323/581/2008 4347/581/2009
f 4350/581/2007 4325/581/2010 4326/581/2011
f 4353/581/2012 4325/581/2010 4324/581/2013
f 4356/581/2014 4328/581/2015 4353/581/2012
f 4359/581/2016 4327/581/2017 4356/581/2014
f 4330/581/2018 4329/581/2019 4359/581/2016
f 4331/581/2020 4332/581/2021 4330/581/2018
f 4364/581/2022 4333/581/2023 4331/581/2020
f 4364/581/2022 4335/581/2024 4336/581/2025
f 4367/581/2026 4335/581/2024 4334/581/2027
f 4367/581/2026 4338/581/2028 4337/581/2029
f 4370/581/2030 4338/581/2028 4339/581/2031
f 4371/581/2032 4341/581/2033 4370/581/2030
f 4376/581/2034 4340/581/2035 4371/581/2032
f 4343/581/2036 4342/581/2037 4376/581/2034
f 4377/581/2038 4344/581/2039 4343/581/2036
f 4382/581/2040 4346/581/2041 4377/581/2038
f 4382/581/2040 4323/581/2008 4345/581/2042
f 4349/581/2043 4347/581/2009 4381/581/2044
f 4352/581/2045 4350/581/2007 4349/581/2043
f 4388/581/2046 4324/581/2013 4352/581/2045
f 4355/581/2047 4353/581/2012 4388/581/2046
f 4358/581/2048 4356/581/2014 4355/581/2047
f 4361/581/2049 4359/581/2016 4358/581/2048
f 4361/581/2049 4331/581/2020 4330/581/2018
f 4363/581/2050 4364/581/2022 4331/581/2020
f 4396/581/2051 4334/581/2027 4364/581/2022
f 4400/581/2052 4334/581/2027 4366/581/2053
f 4402/581/2054 4367/581/2026 4400/581/2052
f 4369/581/2055 4339/581/2031 4402/581/2054
f 4373/581/2056 4370/581/2030 4369/581/2055
f 4375/581/2057 4371/581/2032 4373/581/2056
f 4410/581/2058 4376/581/2034 4375/581/2057
f 4410/581/2058 4377/581/2038 4343/581/2036
f 4379/581/2059 4382/581/2040 4377/581/2038
f 4414/581/2060 4347/581/2009 4382/581/2040
f 4383/581/2061 4380/581/2062 4437/581/2062
f 4385/581/2063 4348/581/2061 4383/581/2061
f 4416/581/2064 4351/581/2063 4385/581/2063
f 4389/581/2065 4387/581/2064 4416/581/2064
f 4391/581/2066 4354/581/2067 4389/581/2065
f 4420/581/2068 4357/581/2069 4391/581/2066
f 4422/581/2070 4360/581/2068 4420/581/2068
f 4393/581/2071 4362/581/2070 4422/581/2070
f 4424/581/2072 4395/581/2071 4393/581/2071
f 4397/581/2073 4365/581/2072 4424/581/2072
f 4427/581/2074 4399/581/2073 4397/581/2073
f 4403/581/2075 4401/581/2074 4427/581/2074
f 4432/581/2076 4368/581/2075 4403/581/2075
f 4405/581/2077 4372/581/2078 4432/581/2076
f 4407/581/2079 4374/581/2080 4405/581/2077
f 4411/581/2081 4409/581/2079 4407/581/2079
f 4434/581/2082 4378/581/2081 4411/581/2081
f 4437/581/2062 4413/581/2082 4434/581/2082
f 4415/581/2083 4438/581/2084 4436/581/2085
f 4415/581/2083 4386/581/2086 4384/581/2087
f 4442/581/2088 4417/581/2089 4386/581/2086
f 4444/581/2090 4390/581/2091 4417/581/2089
f 4418/581/2092 4390/581/2091 4445/581/2093
f 4419/581/2094 4392/581/2095 4418/581/2092
f 4450/581/2096 4421/581/2097 4419/581/2094
f 4452/581/2098 4423/581/2099 4450/581/2096
f 4451/581/2100 4394/581/2101 4452/581/2098
f 4454/581/2102 4425/581/2103 4451/581/2100
f 4454/581/2102 4428/581/2104 4398/581/2105
f 4426/581/2106 4404/581/2107 4428/581/2104
f 4429/581/2108 4433/581/2109 4404/581/2107
f 4431/581/2110 4433/581/2109 4430/581/2111
f 4462/581/2112 4406/581/2113 4431/581/2110
f 4461/581/2114 4408/581/2115 4462/581/2112
f 4464/581/2116 4412/581/2117 4461/581/2114
f 4436/581/2085 4435/581/2118 4464/581/2116
f 4439/581/2119 4436/581/2085 4466/581/2120
f 4440/581/2121 4415/581/2083 4439/581/2119
f 4441/581/2122 4442/581/2088 4440/581/2121
f 4443/581/2123 4444/581/2090 4441/581/2122
f 4446/581/2124 4445/581/2093 4443/581/2123
f 4447/581/2125 4418/581/2092 4446/581/2124
f 4447/581/2125 4450/581/2096 4419/581/2094
f 4448/581/2126 4452/581/2098 4450/581/2096
f 4449/581/2127 4451/581/2100 4452/581/2098
f 4455/581/2128 4451/581/2100 4453/581/2129
f 4456/581/2130 4454/581/2102 4455/581/2128
f 4457/581/2131 4426/581/2106 4456/581/2130
f 4458/581/2132 4429/581/2108 4457/581/2131
f 4459/581/2133 4430/581/2111 4458/581/2132
f 4460/581/2134 4431/581/2110 4459/581/2133
f 4460/581/2134 4461/581/2114 4462/581/2112
f 4463/581/2135 4464/581/2116 4461/581/2114
f 4465/581/2136 4436/581/2085 4464/581/2116
s 0
f 4470/582/2137 4467/583/2137 4468/584/2137
f 4470/582/2137 4468/584/2137 4469/585/2137
f 4470/582/2137 4469/585/2137 4471/586/2137
f 4470/582/2137 4471/586/2137 4472/587/2137
f 4470/582/2137 4472/587/2137 4473/588/2137
f 4470/582/2137 4473/588/2137 4474/589/2137
f 4470/582/2137 4474/589/2137 4475/590/2137
f 4470/582/2137 4475/590/2137 4476/591/2137
f 4470/582/2137 4476/591/2137 4477/592/2137
f 4470/582/2137 4477/592/2137 4478/593/2137
f 4470/582/2137 4478/593/2137 4479/594/2137
f 4470/582/2137 4479/594/2137 4480/595/2137
f 4470/582/2137 4480/595/2137 4481/596/2137
f 4470/582/2137 4481/596/2137 4482/597/2137
f 4470/582/2137 4482/597/2137 4483/598/2137
f 4470/582/2137 4483/598/2137 4484/599/2137
f 4470/582/2137 4484/599/2137 4485/600/2137
f 4470/582/2137 4485/600/2137 4467/583/2137
f 4486/584/2138 4487/583/2138 4503/582/2138
f 4488/585/2138 4486/584/2138 4503/582/2138
f 4490/586/2138 4488/585/2138 4503/582/2138
f 4489/587/2138 4490/586/2138 4503/582/2138
f 4491/588/2138 4489/587/2138 4503/582/2138
f 4492/589/2138 4491/588/2138 4503/582/2138
f 4493/590/2138 4492/589/2138 4503/582/2138
f 4494/591/2138 4493/590/2138 4503/582/2138
f 4496/592/2138 4494/591/2138 4503/582/2138
f 4495/593/2138 4496/592/2138 4503/582/2138
f 4497/594/2138 4495/593/2138 4503/582/2138
f 4499/595/2138 4497/594/2138 4503/582/2138
f 4498/596/2138 4499/595/2138 4503/582/2138
f 4501/597/2138 4498/596/2138 4503/582/2138
f 4500/598/2138 4501/597/2138 4503/582/2138
f 4502/599/2138 4500/598/2138 4503/582/2138
f 4504/600/2138 4502/599/2138 4503/582/2138
f 4487/583/2138 4504/600/2138 4503/582/2138
s 1
f 4350/581/2007 4326/581/2011 4323/581/2008
f 4350/581/2007 4324/581/2013 4325/581/2010
f 4353/581/2012 4328/581/2015 4325/581/2010
f 4356/581/2014 4327/581/2017 4328/581/2015
f 4359/581/2016 4329/581/2019 4327/581/2017
f 4330/581/2018 4332/581/2021 4329/581/2019
f 4331/581/2020 4333/581/2023 4332/581/2021
f 4364/581/2022 4336/581/2025 4333/581/2023
f 4364/581/2022 4334/581/2027 4335/581/2024
f 4367/581/2026 4337/581/2029 4335/581/2024
f 4367/581/2026 4339/581/2031 4338/581/2028
f 4370/581/2030 4341/581/2033 4338/581/2028
f 4371/581/2032 4340/581/2035 4341/581/2033
f 4376/581/2034 4342/581/2037 4340/581/2035
f 4343/581/2036 4344/581/2039 4342/581/2037
f 4377/581/2038 4346/581/2041 4344/581/2039
f 4382/581/2040 4345/581/2042 4346/581/2041
f 4382/581/2040 4347/581/2009 4323/581/2008
f 4349/581/2043 4350/581/2007 4347/581/2009
f 4352/581/2045 4324/581/2013 4350/581/2007
f 4388/581/2046 4353/581/2012 4324/581/2013
f 4355/581/2047 4356/581/2014 4353/581/2012
f 4358/581/2048 4359/581/2016 4356/581/2014
f 4361/581/2049 4330/581/2018 4359/581/2016
f 4361/581/2049 4363/581/2050 4331/581/2020
f 4363/581/2050 4396/581/2051 4364/581/2022
f 4396/581/2051 4366/581/2053 4334/581/2027
f 4400/581/2052 4367/581/2026 4334/581/2027
f 4402/581/2054 4339/581/2031 4367/581/2026
f 4369/581/2055 4370/581/2030 4339/581/2031
f 4373/581/2056 4371/581/2032 4370/581/2030
f 4375/581/2057 4376/581/2034 4371/581/2032
f 4410/581/2058 4343/581/2036 4376/581/2034
f 4410/581/2058 4379/581/2059 4377/581/2038
f 4379/581/2059 4414/581/2060 4382/581/2040
f 4414/581/2060 4381/581/2044 4347/581/2009
f 4383/581/2061 4348/581/2061 4380/581/2062
f 4385/581/2063 4351/581/2063 4348/581/2061
f 4416/581/2064 4387/581/2064 4351/581/2063
f 4389/581/2065 4354/581/2067 4387/581/2064
f 4391/581/2066 4357/581/2069 4354/581/2067
f 4420/581/2068 4360/581/2068 4357/581/2069
f 4422/581/2070 4362/581/2070 4360/581/2068
f 4393/581/2071 4395/581/2071 4362/581/2070
f 4424/581/2072 4365/581/2072 4395/581/2071
f 4397/581/2073 4399/581/2073 4365/581/2072
f 4427/581/2074 4401/581/2074 4399/581/2073
f 4403/581/2075 4368/581/2075 4401/581/2074
f 4432/581/2076 4372/581/2078 4368/581/2075
f 4405/581/2077 4374/581/2080 4372/581/2078
f 4407/581/2079 4409/581/2079 4374/581/2080
f 4411/581/2081 4378/581/2081 4409/581/2079
f 4434/581/2082 4413/581/2082 4378/581/2081
f 4437/581/2062 4380/581/2062 4413/581/2082
f 4415/581/2083 4384/581/2087 4438/581/2084
f 4415/581/2083 4442/581/2088 4386/581/2086
f 4442/581/2088 4444/581/2090 4417/581/2089
f 4444/581/2090 4445/581/2093 4390/581/2091
f 4418/581/2092 4392/581/2095 4390/581/2091
f 4419/581/2094 4421/581/2097 4392/581/2095
f 4450/581/2096 4423/581/2099 4421/581/2097
f 4452/581/2098 4394/581/2101 4423/581/2099
f 4451/581/2100 4425/581/2103 4394/581/2101
f 4454/581/2102 4398/581/2105 4425/581/2103
f 4454/581/2102 4426/581/2106 4428/581/2104
f 4426/581/2106 4429/581/2108 4404/581/2107
f 4429/581/2108 4430/581/2111 4433/581/2109
f 4431/581/2110 4406/581/2113 4433/581/2109
f 4462/581/2112 4408/581/2115 4406/581/2113
f 4461/581/2114 4412/581/2117 4408/581/2115
f 4464/581/2116 4435/581/2118 4412/581/2117
f 4436/581/2085 4438/581/2084 4435/581/2118
f 4439/581/2119 4415/581/2083 4436/581/2085
f 4440/581/2121 4442/581/2088 4415/581/2083
f 4441/581/2122 4444/581/2090 4442/581/2088
f 4443/581/2123 4445/581/2093 4444/581/2090
f 4446/581/2124 4418/581/2092 4445/581/2093
f 4447/581/2125 4419/581/2094 4418/581/2092
f 4447/581/2125 4448/581/2126 4450/581/2096
f 4448/581/2126 4449/581/2127 4452/581/2098
f 4449/581/2127 4453/581/2129 4451/581/2100
f 4455/581/2128 4454/581/2102 4451/581/2100
f 4456/581/2130 4426/581/2106 4454/581/2102
f 4457/581/2131 4429/581/2108 4426/581/2106
f 4458/581/2132 4430/581/2111 4429/581/2108
f 4459/581/2133 4431/581/2110 4430/581/2111
f 4460/581/2134 4462/581/2112 4431/581/2110
f 4460/581/2134 4463/581/2135 4461/581/2114
f 4463/581/2135 4465/581/2136 4464/581/2116
f 4465/581/2136 4466/581/2120 4436/581/2085
o Wheel_RR
v 0.589000 0.550000 1.205000
v 0.596000 0.519791 1.023091
v 0.589000 0.492213 1.046232
v 0.589000 0.535104 1.120521
v 0.589000 0.345891 0.961753
v 0.589000 0.426500 0.991092
v 0.589000 0.260109 0.961753
v 0.596000 0.161500 0.959915
v 0.596000 0.086209 1.023091
v 0.589000 0.179500 0.991092
v 0.589000 0.113787 1.046232
v 0.596000 0.020000 1.205000
v 0.589000 0.056000 1.205000
v 0.589000 0.070896 1.120521
v 0.589000 0.070896 1.289479
v 0.589000 0.113787 1.363769
v 0.596000 0.086209 1.386909
v 0.589000 0.260109 1.448248
v 0.589000 0.179500 1.418908
v 0.589000 0.345891 1.448248
v 0.596000 0.444500 1.450085
v 0.589000 0.426500 1.418908
v 0.589000 0.535104 1.289479
v 0.589000 0.492213 1.363769
v 0.596000 0.586000 1.205000
v 0.619000 0.587727 1.101368
v 0.619000 0.587727 1.101368
v 0.596000 0.568933 1.108208
v 0.619000 0.535111 1.010235
v 0.619000 0.535111 1.010235
v 0.596000 0.444500 0.959915
v 0.619000 0.355615 0.906603
v 0.619000 0.355615 0.906603
v 0.596000 0.352142 0.926299
v 0.619000 0.250385 0.906603
v 0.619000 0.250385 0.906603
v 0.596000 0.253858 0.926299
v 0.619000 0.151500 0.942594
v 0.619000 0.151500 0.942594
v 0.619000 0.070889 1.010235
v 0.619000 0.070889 1.010235
v 0.596000 0.037067 1.108208
v 0.619000 0.000000 1.205000
v 0.619000 0.000000 1.205000
v 0.596000 0.037067 1.301792
v 0.619000 0.151500 1.467406
v 0.619000 0.151500 1.467406
v 0.596000 0.161500 1.450085
v 0.596000 0.253858 1.483701
v 0.619000 0.250385 1.503397
v 0.619000 0.250385 1.503397
v 0.619000 0.355615 1.503397
v 0.619000 0.355615 1.503397
v 0.596000 0.352142 1.483701
v 0.596000 0.519791 1.386909
v 0.619000 0.535111 1.399765
v 0.619000 0.535111 1.399765
v 0.619000 0.606000 1.205000
v 0.619000 0.606000 1.205000
v 0.596000 0.568933 1.301792
v 0.759000 0.587727 1.101368
v 0.759000 0.587727 1.101368
v 0.759000 0.535111 1.010235
v 0.759000 0.535111 1.010235
v 0.619000 0.454500 0.942594
v 0.619000 0.454500 0.942594
v 0.759000 0.355615 0.906603
v 0.759000 0.355615 0.906603
v 0.759000 0.250385 0.906603
v 0.759000 0.250385 0.906603
v 0.759000 0.018273 1.101368
v 0.759000 0.018273 1.101368
v 0.619000 0.018273 1.101368
v 0.619000 0.018273 1.101368
v 0.759000 0.018273 1.308632
v 0.759000 0.018273 1.308632
v 0.619000 0.018273 1.308632
v 0.619000 0.018273 1.308632
v 0.619000 0.070889 1.399765
v 0.619000 0.070889 1.399765
v 0.759000 0.151500 1.467406
v 0.759000 0.151500 1.467406
v 0.759000 0.355615 1.503397
v 0.759000 0.355615 1.503397
v 0.759000 0.454500 1.467406
v 0.759000 0.454500 1.467406
v 0.619000 0.454500 1.467406
v 0.619000 0.454500 1.467406
v 0.759000 0.535111 1.399765
v 0.759000 0.535111 1.399765
v 0.619000 0.587727 1.308632
v 0.619000 0.587727 1.308632
v 0.782000 0.568933 1.108208
v 0.759000 0.454500 0.942594
v 0.759000 0.454500 0.942594
v 0.782000 0.253858 0.926299
v 0.782000 0.161500 0.959915
v 0.759000 0.151500 0.942594
v 0.759000 0.151500 0.942594
v 0.759000 0.070889 1.010235
v 0.759000 0.070889 1.010235
v 0.759000 0.000000 1.205000
v 0.759000 0.000000 1.205000
v 0.782000 0.086209 1.386909
v 0.759000 0.070889 1.399765
v 0.759000 0.070889 1.399765
v 0.782000 0.161500 1.450085
v 0.782000 0.253858 1.483701
v 0.782000 0.352142 1.483701
v 0.759000 0.250385 1.503397
v 0.759000 0.250385 1.503397
v 0.759000 0.587727 1.308632
v 0.759000 0.587727 1.308632
v 0.782000 0.586000 1.205000
v 0.759000 0.606000 1.205000
v 0.759000 0.606000 1.205000
v 0.789000 0.535104 1.120521
v 0.789000 0.492213 1.046232
v 0.789000 0.426500 0.991092
v 0.782000 0.519791 1.023091
v 0.789000 0.345891 0.961753
v 0.782000 0.444500 0.959915
v 0.782000 0.352142 0.926299
v 0.789000 0.260109 0.961753
v 0.789000 0.179500 0.991092
v 0.789000 0.113787 1.046232
v 0.789000 0.070896 1.120521
v 0.782000 0.086209 1.023091
v 0.782000 0.020000 1.205000
v 0.782000 0.037067 1.108208
v 0.789000 0.056000 1.205000
v 0.782000 0.037067 1.301792
v 0.789000 0.070896 1.289479
v 0.789000 0.113787 1.363769
v 0.789000 0.179500 1.418908
v 0.789000 0.260109 1.448248
v 0.789000 0.345891 1.448248
v 0.789000 0.426500 1.418908
v 0.782000 0.519791 1.386909
v 0.782000 0.444500 1.450085
v 0.789000 0.492213 1.363769
v 0.782000 0.568933 1.301792
v 0.789000 0.535104 1.289479
v 0.789000 0.550000 1.205000
v 0.588000 0.550000 1.205000
v 0.588000 0.535104 1.120521
v 0.588000 0.492213 1.046232
v 0.588000 0.303000 1.205000
v 0.588000 0.426500 0.991092
v 0.588000 0.345891 0.961753
v 0.588000 0.260109 0.961753
v 0.588000 0.179500 0.991092
v 0.588000 0.113787 1.046232
v 0.588000 0.070896 1.120521
v 0.588000 0.056000 1.205000
v 0.588000 0.070896 1.289479
v 0.588000 0.113787 1.363769
v 0.588000 0.179500 1.418908
v 0.588000 0.260109 1.448248
v 0.588000 0.345891 1.448248
v 0.588000 0.426500 1.418908
v 0.588000 0.492213 1.363769
v 0.588000 0.535104 1.289479
v 0.790000 0.535104 1.120521
v 0.790000 0.550000 1.205000
v 0.790000 0.492213 1.046232
v 0.790000 0.345891 0.961753
v 0.790000 0.426500 0.991092
v 0.790000 0.260109 0.961753
v 0.790000 0.179500 0.991092
v 0.790000 0.113787 1.046232
v 0.790000 0.070896 1.120521
v 0.790000 0.070896 1.289479
v 0.790000 0.056000 1.205000
v 0.790000 0.113787 1.363769
v 0.790000 0.260109 1.448248
v 0.790000 0.179500 1.418908
v 0.790000 0.426500 1.418908
v 0.790000 0.345891 1.448248
v 0.790000 0.492213 1.363769
v 0.790000 0.303000 1.205000
v 0.790000 0.535104 1.289479
vn -0.8504 0.4944 -0.1799
vn -0.9816 0.1909 -0.0000
vn -0.8504 0.5261 -0.0000
vn -0.9816 0.1462 -0.1227
vn -0.9816 0.1794 -0.0653
vn -0.8504 0.2630 -0.4556
vn -0.8504 0.4030 -0.3382
vn -0.8504 0.0914 -0.5181
vn -0.9816 0.0954 -0.1653
vn -0.8504 -0.0914 -0.5181
vn -0.9816 0.0331 -0.1880
vn -0.8504 -0.2630 -0.4556
vn -0.9816 -0.0331 -0.1880
vn -0.8504 -0.4030 -0.3382
vn -0.9816 -0.0954 -0.1653
vn -0.8504 -0.4944 -0.1799
vn -0.9816 -0.1462 -0.1227
vn -0.9816 -0.1909 -0.0000
vn -0.9816 -0.1794 -0.0653
vn -0.8504 -0.4944 0.1799
vn -0.8504 -0.5261 -0.0000
vn -0.9816 -0.1462 0.1227
vn -0.9816 -0.1794 0.0653
vn -0.8504 -0.2630 0.4556
vn -0.8504 -0.4030 0.3382
vn -0.8504 -0.0914 0.5181
vn -0.9816 -0.0954 0.1653
vn -0.8504 0.0914 0.5181
vn -0.9816 -0.0331 0.1880
vn -0.8504 0.2630 0.4556
vn -0.9816 0.0331 0.1880
vn -0.8504 0.4030 0.3382
vn -0.9816 0.0954 0.1653
vn -0.8504 0.4944 0.1799
vn -0.9816 0.1462 0.1227
vn -0.9816 0.1794 0.0653
vn -0.6562 0.7091 -0.2581
vn -0.6562 0.7546 -0.0000
vn -0.6562 0.5781 -0.4851
vn -0.6562 0.3773 -0.6535
vn -0.6562 0.1310 -0.7431
vn -0.6562 -0.1310 -0.7431
vn -0.6562 -0.3773 -0.6535
vn -0.6562 -0.5781 -0.4851
vn -0.6562 -0.7091 -0.2581
vn -0.6562 -0.7091 0.2581
vn -0.6562 -0.7546 -0.0000
vn -0.6562 -0.5781 0.4851
vn -0.6562 -0.3773 0.6535
vn -0.6562 -0.1310 0.7431
vn -0.6562 0.1310 0.7431
vn -0.6562 0.3773 0.6535
vn -0.6562 0.5781 0.4851
vn -0.6562 0.7091 0.2581
vn -0.0000 0.9397 -0.3420
vn -0.0000 1.0000 -0.0000
vn -0.0000 0.7660 -0.6428
vn -0.0000 0.5000 -0.8660
vn -0.0000 0.1737 -0.9848
vn -0.0000 -0.1736 -0.9848
vn -0.0000 0.1736 -0.9848
vn -0.0000 -0.5000 -0.8660
vn -0.0000 -0.1737 -0.9848
vn -0.0000 -0.7660 -0.6428
vn -0.0000 -0.9397 -0.3420
vn -0.0000 -1.0000 -0.0000
vn -0.0000 -0.9397 0.3420
vn -0.0000 -0.7660 0.6428
vn -0.0000 -0.5000 0.8660
vn -0.0000 -0.1737 0.9848
vn -0.0000 0.1736 0.9848
vn -0.0000 -0.1736 0.9848
vn -0.0000 0.5000 0.8660
vn -0.0000 0.1737 0.9848
vn -0.0000 0.7660 0.6428
vn -0.0000 0.9397 0.3420
vn 0.8504 0.4944 -0.1799
vn 0.6562 0.7546 -0.0000
vn 0.8504 0.5261 -0.0000
vn 0.6562 0.5781 -0.4851
vn 0.6562 0.7091 -0.2581
vn 0.8504 0.4030 -0.3382
vn 0.6562 0.3773 -0.6535
vn 0.8504 0.2630 -0.4556
vn 0.6562 0.1310 -0.7431
vn 0.8504 -0.0914 -0.5181
vn 0.8504 0.0914 -0.5181
vn 0.8504 -0.2630 -0.4556
vn 0.6562 -0.1310 -0.7431
vn 0.8504 -0.4030 -0.3382
vn 0.6562 -0.3773 -0.6535
vn 0.8504 -0.4944 -0.1799
vn 0.6562 -0.5781 -0.4851
vn 0.8504 -0.5261 -0.0000
vn 0.6562 -0.7091 -0.2581
vn 0.8504 -0.4944 0.1799
vn 0.6562 -0.7546 -0.0000
vn 0.6562 -0.5781 0.4851
vn 0.6562 -0.7091 0.2581
vn 0.8504 -0.4030 0.3382
vn 0.6562 -0.3773 0.6535
vn 0.8504 -0.2630 0.4556
vn 0.6562 -0.1310 0.7431
vn 0.8504 0.0914 0.5181
vn 0.8504 -0.0914 0.5181
vn 0.8504 0.2630 0.4556
vn 0.6562 0.1310 0.7431
vn 0.8504 0.4030 0.3382
vn 0.6562 0.3773 0.6535
vn 0.8504 0.4944 0.1799
vn 0.6562 0.5781 0.4851
vn 0.6562 0.7091 0.2581
vn 0.9816 0.1794 -0.0653
vn 0.9816 0.1909 -0.0000
vn 0.9816 0.1462 -0.1227
vn 0.9816 0.0954 -0.1653
vn 0.9816 0.0331 -0.1880
vn 0.9816 -0.0331 -0.1880
vn 0.9816 -0.0954 -0.1653
vn 0.9816 -0.1462 -0.1227
vn 0.9816 -0.1794 -0.0653
vn 0.9816 -0.1794 0.0653
vn 0.9816 -0.1909 -0.0000
vn 0.9816 -0.1462 0.1227
vn 0.9816 -0.0954 0.1653
vn 0.9816 -0.0331 0.1880
vn 0.9816 0.0331 0.1880
vn 0.9816 0.0954 0.1653
vn 0.9816 0.1462 0.1227
vn 0.9816 0.1794 0.0653
vn -1.0000 -0.0000 -0.0000
vn 1.0000 -0.0000 -0.0000
vt 0.218750 0.937500
vt 0.097656 0.679688
vt 0.097656 0.865234
vt 0.129387 0.854045
vt 0.157290 0.821825
vt 0.178000 0.772461
vt 0.189020 0.711907
vt 0.189020 0.647468
vt 0.178000 0.586914
vt 0.157290 0.537550
vt 0.129387 0.505330
vt 0.097656 0.494141
vt 0.065926 0.505330
vt 0.038023 0.537550
vt 0.017312 0.586914
vt 0.006292 0.647468
vt 0.006292 0.711907
vt 0.017312 0.772461
vt 0.038023 0.821825
vt 0.065926 0.854045
s 1
usemtl Vehicle_Atlas
f 4532/601/2139 4505/601/2140 4529/601/2141
f 4532/601/2139 4507/601/2142 4508/601/2143
f 4535/601/2144 4507/601/2142 4506/601/2145
f 4538/601/2146 4510/601/2147 4535/601/2144
f 4541/601/2148 4509/601/2149 4538/601/2146
f 4512/601/2150 4511/601/2151 4541/601/2148
f 4513/601/2152 4514/601/2153 4512/601/2150
f 4546/601/2154 4515/601/2155 4513/601/2152
f 4546/601/2154 4517/601/2156 4518/601/2157
f 4549/601/2158 4517/601/2156 4516/601/2159
f 4549/601/2158 4520/601/2160 4519/601/2161
f 4552/601/2162 4520/601/2160 4521/601/2163
f 4553/601/2164 4523/601/2165 4552/601/2162
f 4558/601/2166 4522/601/2167 4553/601/2164
f 4525/601/2168 4524/601/2169 4558/601/2166
f 4559/601/2170 4526/601/2171 4525/601/2168
f 4564/601/2172 4528/601/2173 4559/601/2170
f 4564/601/2172 4505/601/2140 4527/601/2174
f 4531/601/2175 4529/601/2141 4563/601/2176
f 4534/601/2177 4532/601/2139 4531/601/2175
f 4570/601/2178 4506/601/2145 4534/601/2177
f 4537/601/2179 4535/601/2144 4570/601/2178
f 4540/601/2180 4538/601/2146 4537/601/2179
f 4543/601/2181 4541/601/2148 4540/601/2180
f 4543/601/2181 4513/601/2152 4512/601/2150
f 4545/601/2182 4546/601/2154 4513/601/2152
f 4578/601/2183 4516/601/2159 4546/601/2154
f 4582/601/2184 4516/601/2159 4548/601/2185
f 4584/601/2186 4549/601/2158 4582/601/2184
f 4551/601/2187 4521/601/2163 4584/601/2186
f 4555/601/2188 4552/601/2162 4551/601/2187
f 4557/601/2189 4553/601/2164 4555/601/2188
f 4592/601/2190 4558/601/2166 4557/601/2189
f 4592/601/2190 4559/601/2170 4525/601/2168
f 4561/601/2191 4564/601/2172 4559/601/2170
f 4596/601/2192 4529/601/2141 4564/601/2172
f 4565/601/2193 4562/601/2194 4619/601/2194
f 4567/601/2195 4530/601/2193 4565/601/2193
f 4598/601/2196 4533/601/2195 4567/601/2195
f 4571/601/2197 4569/601/2196 4598/601/2196
f 4573/601/2198 4536/601/2199 4571/601/2197
f 4602/601/2200 4539/601/2201 4573/601/2198
f 4604/601/2202 4542/601/2200 4602/601/2200
f 4575/601/2203 4544/601/2202 4604/601/2202
f 4606/601/2204 4577/601/2203 4575/601/2203
f 4579/601/2205 4547/601/2204 4606/601/2204
f 4609/601/2206 4581/601/2205 4579/601/2205
f 4585/601/2207 4583/601/2206 4609/601/2206
f 4614/601/2208 4550/601/2207 4585/601/2207
f 4587/601/2209 4554/601/2210 4614/601/2208
f 4589/601/2211 4556/601/2212 4587/601/2209
f 4593/601/2213 4591/601/2211 4589/601/2211
f 4616/601/2214 4560/601/2213 4593/601/2213
f 4619/601/2194 4595/601/2214 4616/601/2214
f 4597/601/2215 4620/601/2216 4618/601/2217
f 4597/601/2215 4568/601/2218 4566/601/2219
f 4624/601/2220 4599/601/2221 4568/601/2218
f 4626/601/2222 4572/601/2223 4599/601/2221
f 4600/601/2224 4572/601/2223 4627/601/2225
f 4601/601/2226 4574/601/2227 4600/601/2224
f 4632/601/2228 4603/601/2229 4601/601/2226
f 4634/601/2230 4605/601/2231 4632/601/2228
f 4633/601/2232 4576/601/2233 4634/601/2230
f 4636/601/2234 4607/601/2235 4633/601/2232
f 4636/601/2234 4610/601/2236 4580/601/2237
f 4608/601/2238 4586/601/2239 4610/601/2236
f 4611/601/2240 4615/601/2241 4586/601/2239
f 4613/601/2242 4615/601/2241 4612/601/2243
f 4644/601/2244 4588/601/2245 4613/601/2242
f 4643/601/2246 4590/601/2247 4644/601/2244
f 4646/601/2248 4594/601/2249 4643/601/2246
f 4618/601/2217 4617/601/2250 4646/601/2248
f 4621/601/2251 4618/601/2217 4648/601/2252
f 4622/601/2253 4597/601/2215 4621/601/2251
f 4623/601/2254 4624/601/2220 4622/601/2253
f 4625/601/2255 4626/601/2222 4623/601/2254
f 4628/601/2256 4627/601/2225 4625/601/2255
f 4629/601/2257 4600/601/2224 4628/601/2256
f 4629/601/2257 4632/601/2228 4601/601/2226
f 4630/601/2258 4634/601/2230 4632/601/2228
f 4631/601/2259 4633/601/2232 4634/601/2230
f 4637/601/2260 4633/601/2232 4635/601/2261
f 4638/601/2262 4636/601/2234 4637/601/2260
f 4639/601/2263 4608/601/2238 4638/601/2262
f 4640/601/2264 4611/601/2240 4639/601/2263
f 4641/601/2265 4612/601/2243 4640/601/2264
f 4642/601/2266 4613/601/2242 4641/601/2265
f 4642/601/2266 4643/601/2246 4644/601/2244
f 4645/601/2267 4646/601/2248 4643/601/2246
f 4647/601/2268 4618/601/2217 4646/601/2248
s 0
f 4652/602/2269 4649/603/2269 4650/604/2269
f 4652/602/2269 4650/604/2269 4651/605/2269
f 4652/602/2269 4651/605/2269 4653/606/2269
f 4652/602/2269 4653/606/2269 4654/607/2269
f 4652/602/2269 4654/607/2269 4655/608/2269
f 4652/602/2269 4655/608/2269 4656/609/2269
f 4652/602/2269 4656/609/2269 4657/610/2269
f 4652/602/2269 4657/610/2269 4658/611/2269
f 4652/602/2269 4658/611/2269 4659/612/2269
f 4652/602/2269 4659/612/2269 4660/613/2269
f 4652/602/2269 4660/613/2269 4661/614/2269
f 4652/602/2269 4661/614/2269 4662/615/2269
f 4652/602/2269 4662/615/2269 4663/616/2269
f 4652/602/2269 4663/616/2269 4664/617/2269
f 4652/602/2269 4664/617/2269 4665/618/2269
f 4652/602/2269 4665/618/2269 4666/619/2269
f 4652/602/2269 4666/619/2269 4667/620/2269
f 4652/602/2269 4667/620/2269 4649/603/2269
f 4668/604/2270 4669/603/2270 4685/602/2270
f 4670/605/2270 4668/604/2270 4685/602/2270
f 4672/606/2270 4670/605/2270 4685/602/2270
f 4671/607/2270 4672/606/2270 4685/602/2270
f 4673/608/2270 4671/607/2270 4685/602/2270
f 4674/609/2270 4673/608/2270 4685/602/2270
f 4675/610/2270 4674/609/2270 4685/602/2270
f 4676/611/2270 4675/610/2270 4685/602/2270
f 4678/612/2270 4676/611/2270 4685/602/2270
f 4677/613/2270 4678/612/2270 4685/602/2270
f 4679/614/2270 4677/613/2270 4685/602/2270
f 4681/615/2270 4679/614/2270 4685/602/2270
f 4680/616/2270 4681/615/2270 4685/602/2270
f 4683/617/2270 4680/616/2270 4685/602/2270
f 4682/618/2270 4683/617/2270 4685/602/2270
f 4684/619/2270 4682/618/2270 4685/602/2270
f 4686/620/2270 4684/619/2270 4685/602/2270
f 4669/603/2270 4686/620/2270 4685/602/2270
s 1
f 4532/601/2139 4508/601/2143 4505/601/2140
f 4532/601/2139 4506/601/2145 4507/601/2142
f 4535/601/2144 4510/601/2147 4507/601/2142
f 4538/601/2146 4509/601/2149 4510/601/2147
f 4541/601/2148 4511/601/2151 4509/601/2149
f 4512/601/2150 4514/601/2153 4511/601/2151
f 4513/601/2152 4515/601/2155 4514/601/2153
f 4546/601/2154 4518/601/2157 4515/601/2155
f 4546/601/2154 4516/601/2159 4517/601/2156
f 4549/601/2158 4519/601/2161 4517/601/2156
f 4549/601/2158 4521/601/2163 4520/601/2160
f 4552/601/2162 4523/601/2165 4520/601/2160
f 4553/601/2164 4522/601/2167 4523/601/2165
f 4558/601/2166 4524/601/2169 4522/601/2167
f 4525/601/2168 4526/601/2171 4524/601/2169
f 4559/601/2170 4528/601/2173 4526/601/2171
f 4564/601/2172 4527/601/2174 4528/601/2173
f 4564/601/2172 4529/601/2141 4505/601/2140
f 4531/601/2175 4532/601/2139 4529/601/2141
f 4534/601/2177 4506/601/2145 4532/601/2139
f 4570/601/2178 4535/601/2144 4506/601/2145
f 4537/601/2179 4538/601/2146 4535/601/2144
f 4540/601/2180 4541/601/2148 4538/601/2146
f 4543/601/2181 4512/601/2150 4541/601/2148
f 4543/601/2181 4545/601/2182 4513/601/2152
f 4545/601/2182 4578/601/2183 4546/601/2154
f 4578/601/2183 4548/601/2185 4516/601/2159
f 4582/601/2184 4549/601/2158 4516/601/2159
f 4584/601/2186 4521/601/2163 4549/601/2158
f 4551/601/2187 4552/601/2162 4521/601/2163
f 4555/601/2188 4553/601/2164 4552/601/2162
f 4557/601/2189 4558/601/2166 4553/601/2164
f 4592/601/2190 4525/601/2168 4558/601/2166
f 4592/601/2190 4561/601/2191 4559/601/2170
f 4561/601/2191 4596/601/2192 4564/601/2172
f 4596/601/2192 4563/601/2176 4529/601/2141
f 4565/601/2193 4530/601/2193 4562/601/2194
f 4567/601/2195 4533/601/2195 4530/601/2193
f 4598/601/2196 4569/601/2196 4533/601/2195
f 4571/601/2197 4536/601/2199 4569/601/2196
f 4573/601/2198 4539/601/2201 4536/601/2199
f 4602/601/2200 4542/601/2200 4539/601/2201
f 4604/601/2202 4544/601/2202 4542/601/2200
f 4575/601/2203 4577/601/2203 4544/601/2202
f 4606/601/2204 4547/601/2204 4577/601/2203
f 4579/601/2205 4581/601/2205 4547/601/2204
f 4609/601/2206 4583/601/2206 4581/601/2205
f 4585/601/2207 4550/601/2207 4583/601/2206
f 4614/601/2208 4554/601/2210 4550/601/2207
f 4587/601/2209 4556/601/2212 4554/601/2210
f 4589/601/2211 4591/601/2211 4556/601/2212
f 4593/601/2213 4560/601/2213 4591/601/2211
f 4616/601/2214 4595/601/2214 4560/601/2213
f 4619/601/2194 4562/601/2194 4595/601/2214
f 4597/601/2215 4566/601/2219 4620/601/2216
f 4597/601/2215 4624/601/2220 4568/601/2218
f 4624/601/2220 4626/601/2222 4599/601/2221
f 4626/601/2222 4627/601/2225 4572/601/2223
f 4600/601/2224 4574/601/2227 4572/601/2223
f 4601/601/2226 4603/601/2229 4574/601/2227
f 4632/601/2228 4605/601/2231 4603/601/2229
f 4634/601/2230 4576/601/2233 4605/601/2231
f 4633/601/2232 4607/601/2235 4576/601/2233
f 4636/601/2234 4580/601/2237 4607/601/2235
f 4636/601/2234 4608/601/2238 4610/601/2236
f 4608/601/2238 4611/601/2240 4586/601/2239
f 4611/601/2240 4612/601/2243 4615/601/2241
f 4613/601/2242 4588/601/2245 4615/601/2241
f 4644/601/2244 4590/601/2247 4588/601/2245
f 4643/601/2246 4594/601/2249 4590/601/2247
f 4646/601/2248 4617/601/2250 4594/601/2249
f 4618/601/2217 4620/601/2216 4617/601/2250
f 4621/601/2251 4597/601/2215 4618/601/2217
f 4622/601/2253 4624/601/2220 4597/601/2215
f 4623/601/2254 4626/601/2222 4624/601/2220
f 4625/601/2255 4627/601/2225 4626/601/2222
f 4628/601/2256 4600/601/2224 4627/601/2225
f 4629/601/2257 4601/601/2226 4600/601/2224
f 4629/601/2257 4630/601/2258 4632/601/2228
f 4630/601/2258 4631/601/2259 4634/601/2230
f 4631/601/2259 4635/601/2261 4633/601/2232
f 4637/601/2260 4636/601/2234 4633/601/2232
f 4638/601/2262 4608/601/2238 4636/601/2234
f 4639/601/2263 4611/601/2240 4608/601/2238
f 4640/601/2264 4612/601/2243 4611/601/2240
f 4641/601/2265 4613/601/2242 4612/601/2243
f 4642/601/2266 4644/601/2244 4613/601/2242
f 4642/601/2266 4645/601/2267 4643/601/2246
f 4645/601/2267 4647/601/2268 4646/601/2248
f 4647/601/2268 4648/601/2252 4618/601/2217
