transect,i,nx,nz,off_m60,off_m30,off_p30,off_p60
uptown,0,0.8376,0.5463,221.99,223.62,224.11,222.38
uptown,5,0.8377,0.5461,222.10,224.02,227.68,222.36
uptown,10,0.8380,0.5457,222.38,223.89,232.37,224.00
uptown,15,0.8371,0.5471,222.39,224.14,233.78,224.72
uptown,20,0.8337,0.5522,222.49,224.32,233.69,225.94
uptown,25,0.8289,0.5594,223.06,224.58,233.53,226.68
uptown,30,0.8236,0.5671,224.11,224.64,233.23,226.85
uptown,35,0.8168,0.5769,224.24,224.66,232.93,226.84
uptown,40,0.8072,0.5903,224.34,224.58,230.26,227.18
uptown,45,0.7957,0.6056,224.41,224.84,226.62,227.80
uptown,50,0.7833,0.6216,224.35,224.75,226.46,227.88
uptown,55,0.7682,0.6402,224.19,224.68,226.47,227.86
uptown,60,0.7482,0.6635,224.25,224.76,226.43,227.85
uptown,65,0.7267,0.6869,224.57,226.60,229.15,227.36
uptown,70,0.7082,0.7060,224.96,228.82,231.20,227.31
uptown,75,0.6952,0.7189,225.13,229.90,231.05,227.06
uptown,80,0.6903,0.7235,225.37,230.50,230.74,227.13
uptown,85,0.6898,0.7240,225.49,230.73,230.44,227.28
uptown,90,0.6905,0.7234,225.63,230.78,230.14,227.31
uptown,95,0.6902,0.7237,225.78,230.44,229.87,227.31
uptown,100,0.6858,0.7278,226.01,230.10,229.59,227.37
uptown,105,0.6696,0.7427,227.01,228.74,229.36,227.38
uptown,110,0.6337,0.7736,227.50,227.04,229.28,227.41
uptown,115,0.5976,0.8018,226.60,226.37,229.13,227.53
uptown,120,0.5835,0.8121,226.80,226.30,228.95,227.79
uptown,125,0.5821,0.8131,226.66,226.35,228.67,228.04
uptown,130,0.5824,0.8129,226.36,226.58,228.39,228.39
uptown,135,0.5815,0.8135,226.19,226.55,228.11,226.98
uptown,140,0.5787,0.8156,226.16,226.85,227.87,226.33
uptown,145,0.5759,0.8175,225.75,226.62,227.67,225.98
uptown,150,0.5754,0.8179,225.09,226.15,227.50,225.55
uptown,155,0.5752,0.8180,224.72,225.44,227.37,225.14
uptown,160,0.5736,0.8191,224.27,224.66,227.27,224.70
uptown,165,0.5722,0.8201,224.13,224.19,227.20,224.36
uptown,170,0.5726,0.8198,223.60,223.86,227.14,224.09
uptown,175,0.5740,0.8189,223.43,223.55,227.07,223.95
uptown,180,0.5752,0.8180,223.18,223.34,226.97,222.85
uptown,185,0.5757,0.8176,223.63,223.51,226.92,222.33
uptown,190,0.5752,0.8180,223.52,224.22,226.82,222.05
uptown,195,0.5745,0.8185,223.93,225.38,226.74,221.83
uptown,200,0.5742,0.8187,224.44,225.83,226.74,221.58
uptown,205,0.5745,0.8185,224.55,225.64,226.77,221.43
uptown,210,0.5753,0.8180,224.65,225.46,226.92,221.17
uptown,215,0.5757,0.8176,224.62,225.02,227.07,221.18
uptown,220,0.5752,0.8180,225.10,224.69,227.27,221.30
uptown,225,0.5746,0.8185,225.33,224.85,227.53,221.52
uptown,230,0.5752,0.8180,225.57,224.99,227.77,221.87
uptown,235,0.5811,0.8139,225.83,225.06,227.93,222.09
uptown,240,0.5957,0.8032,225.99,225.18,228.10,222.02
uptown,245,0.6106,0.7919,226.16,225.18,227.03,222.19
uptown,250,0.6178,0.7864,226.15,225.16,223.65,222.43
uptown,255,0.6225,0.7826,226.21,225.26,223.56,222.73
uptown,260,0.6303,0.7763,226.38,225.50,223.84,223.18
uptown,265,0.6414,0.7672,226.58,225.58,228.41,223.73
uptown,270,0.6552,0.7555,226.78,225.81,230.96,224.34
uptown,275,0.6675,0.7446,226.99,226.17,231.16,225.03
uptown,280,0.6746,0.7382,227.23,226.47,231.58,225.74
uptown,285,0.6787,0.7344,227.47,226.58,231.94,226.48
uptown,290,0.6816,0.7317,227.72,226.79,232.41,227.29
uptown,295,0.6843,0.7292,228.01,227.00,232.85,228.16
uptown,300,0.6872,0.7265,228.27,227.47,233.29,228.99
uptown,305,0.6914,0.7224,228.51,228.19,233.50,229.78
uptown,310,0.6981,0.7160,228.70,228.37,231.79,230.33
uptown,315,0.7039,0.7103,228.85,228.31,226.95,226.12
uptown,320,0.7058,0.7084,229.10,228.51,226.30,224.79
uptown,325,0.7074,0.7068,229.17,228.46,226.43,225.09
uptown,330,0.7127,0.7015,229.60,229.30,227.03,225.26
uptown,335,0.7207,0.6932,230.03,231.15,231.78,229.83
uptown,340,0.7301,0.6833,230.43,232.52,234.60,232.27
uptown,345,0.7375,0.6754,230.81,233.09,234.71,232.34
uptown,350,0.7394,0.6732,231.08,232.83,234.64,232.24
uptown,355,0.7384,0.6744,231.26,232.46,234.70,232.00
uptown,360,0.7362,0.6768,231.38,232.09,234.76,231.67
uptown,365,0.7329,0.6803,231.31,231.62,234.71,231.23
uptown,370,0.7282,0.6854,231.02,231.11,234.84,230.68
uptown,375,0.7243,0.6895,230.58,230.61,234.77,229.98
uptown,380,0.7235,0.6903,230.02,230.18,234.81,229.20
uptown,385,0.7244,0.6894,229.42,229.41,230.66,228.37
uptown,390,0.7255,0.6882,229.20,228.58,227.66,227.49
uptown,395,0.7261,0.6876,229.05,228.56,227.46,226.62
uptown,400,0.7254,0.6883,228.83,228.71,229.67,225.78
uptown,405,0.7240,0.6898,228.68,228.73,233.89,224.92
uptown,410,0.7221,0.6918,228.58,228.34,233.32,224.10
uptown,415,0.7210,0.6929,228.47,227.64,232.74,223.32
uptown,420,0.7219,0.6919,228.38,227.51,232.21,222.58
uptown,425,0.7228,0.6910,228.34,227.80,231.73,221.93
uptown,430,0.7220,0.6919,228.42,228.13,231.48,221.37
uptown,435,0.7218,0.6921,228.59,227.47,231.22,220.87
uptown,440,0.7245,0.6893,228.74,227.33,229.11,220.46
uptown,445,0.7273,0.6863,226.80,226.36,223.67,220.07
uptown,450,0.7279,0.6857,220.94,220.72,219.88,219.82
uptown,455,0.7276,0.6860,220.58,220.20,219.85,219.88
uptown,460,0.7281,0.6855,221.76,220.58,219.95,219.87
uptown,465,0.7289,0.6847,227.39,223.72,225.40,219.64
uptown,470,0.7292,0.6843,226.78,224.01,229.12,219.50
uptown,475,0.7296,0.6838,226.04,223.74,229.13,219.56
uptown,480,0.7305,0.6829,225.34,223.29,228.52,219.62
uptown,485,0.7313,0.6820,224.66,222.74,227.93,219.66
uptown,490,0.7317,0.6817,223.97,222.48,227.49,219.80
uptown,495,0.7317,0.6816,223.31,222.48,227.11,219.94
uptown,500,0.7318,0.6816,222.63,222.33,226.63,220.11
uptown,505,0.7324,0.6809,222.00,222.06,226.25,220.26
uptown,510,0.7340,0.6792,221.57,221.77,225.85,220.46
uptown,515,0.7353,0.6777,221.37,221.34,224.61,220.64
uptown,520,0.7352,0.6778,221.37,220.49,220.11,220.74
uptown,525,0.7348,0.6783,221.44,220.30,219.53,220.70
uptown,530,0.7353,0.6778,221.56,220.93,220.81,220.90
uptown,535,0.7357,0.6773,221.76,221.98,224.41,221.28
uptown,540,0.7352,0.6779,221.95,222.30,224.06,221.47
uptown,545,0.7341,0.6791,222.15,222.00,223.72,221.67
uptown,550,0.7330,0.6802,222.36,221.56,223.32,221.84
uptown,555,0.7325,0.6808,222.58,221.55,222.95,222.01
uptown,560,0.7329,0.6803,222.80,221.97,222.55,222.17
uptown,565,0.7337,0.6795,223.02,222.59,222.07,222.25
uptown,570,0.7339,0.6792,223.21,222.93,221.68,222.16
uptown,575,0.7337,0.6795,223.41,223.32,221.45,222.19
uptown,580,0.7328,0.6804,223.60,224.02,221.26,222.39
uptown,585,0.7317,0.6816,223.75,224.07,220.72,222.84
uptown,590,0.7305,0.6829,223.75,224.12,220.02,223.08
uptown,595,0.7296,0.6839,223.59,223.91,219.60,223.37
uptown,600,0.7292,0.6843,223.36,223.40,219.07,223.04
uptown,605,0.7284,0.6851,223.12,222.89,218.53,222.74
uptown,610,0.7268,0.6869,222.89,222.59,217.96,222.46
uptown,615,0.7251,0.6886,222.65,222.17,217.54,222.13
uptown,620,0.7245,0.6892,222.39,221.79,217.04,221.75
uptown,625,0.7248,0.6890,222.10,221.51,216.45,221.32
uptown,630,0.7256,0.6881,221.78,221.12,216.09,220.78
uptown,635,0.7261,0.6876,221.49,220.77,215.67,220.17
uptown,640,0.7256,0.6881,221.20,220.51,215.40,219.64
uptown,645,0.7252,0.6886,220.91,219.96,215.18,218.92
uptown,650,0.7256,0.6881,220.64,219.73,214.67,217.83
uptown,655,0.7261,0.6876,220.25,219.65,214.30,217.39
uptown,660,0.7257,0.6880,219.80,219.40,214.41,216.78
uptown,665,0.7256,0.6882,219.35,218.83,213.90,215.88
uptown,670,0.7269,0.6868,218.82,218.27,213.60,214.89
uptown,675,0.7285,0.6851,218.24,217.75,213.26,214.08
uptown,680,0.7292,0.6843,217.63,217.08,212.89,213.19
uptown,685,0.7300,0.6834,217.01,216.53,212.36,212.22
uptown,690,0.7324,0.6809,216.37,215.87,211.82,211.19
uptown,695,0.7383,0.6744,215.77,215.22,211.32,210.11
uptown,700,0.7504,0.6610,215.17,214.51,210.74,209.07
uptown,705,0.7662,0.6427,214.62,213.78,210.27,208.23
uptown,710,0.7842,0.6205,214.10,213.03,209.91,207.56
uptown,715,0.8032,0.5957,213.59,212.22,209.63,207.02
uptown,720,0.8222,0.5692,213.00,211.45,209.45,206.62
uptown,725,0.8391,0.5439,212.59,210.66,209.27,206.28
uptown,730,0.8527,0.5224,212.39,209.93,209.05,206.04
uptown,735,0.8657,0.5006,212.21,209.29,208.78,205.78
uptown,740,0.8805,0.4740,212.25,208.74,208.48,205.29
uptown,745,0.8962,0.4437,212.07,208.46,208.14,204.69
uptown,750,0.9114,0.4114,211.86,208.17,207.81,203.73
uptown,755,0.9236,0.3834,211.64,208.08,207.61,202.95
uptown,760,0.9310,0.3650,211.34,207.79,207.44,202.09
uptown,765,0.9385,0.3453,211.04,207.47,207.33,200.76
uptown,770,0.9493,0.3144,210.72,207.02,207.22,199.94
uptown,775,0.9589,0.2838,210.30,206.53,207.16,199.84
uptown,780,0.9645,0.2642,209.90,205.96,207.07,199.87
uptown,785,0.9702,0.2423,209.70,205.35,207.01,199.86
uptown,790,0.9791,0.2036,208.97,204.75,206.86,199.24
uptown,795,0.9874,0.1580,208.05,204.20,206.68,199.20
uptown,800,0.9932,0.1163,207.87,203.62,206.41,199.27
uptown,805,0.9966,0.0821,207.30,203.02,206.20,199.63
uptown,810,0.9983,0.0576,206.30,202.41,205.98,199.20
uptown,815,0.9994,0.0342,205.62,201.83,205.78,199.29
uptown,820,1.0000,0.0039,205.05,201.31,205.40,199.32
uptown,825,0.9996,-0.0297,204.44,200.86,205.42,199.27
uptown,830,0.9980,-0.0624,203.66,200.54,205.35,199.37
uptown,835,0.9957,-0.0928,203.13,200.28,205.39,199.48
uptown,840,0.9927,-0.1204,202.39,200.06,205.45,199.73
uptown,845,0.9890,-0.1482,201.73,199.90,205.64,200.36
uptown,850,0.9839,-0.1788,201.12,199.82,205.70,200.38
uptown,855,0.9772,-0.2122,200.58,199.79,205.66,199.29
uptown,860,0.9688,-0.2478,200.19,199.73,205.72,199.56
uptown,865,0.9599,-0.2803,200.10,199.68,205.86,200.16
uptown,870,0.9525,-0.3045,199.99,199.68,205.96,200.23
uptown,875,0.9458,-0.3246,200.01,199.67,206.05,200.45
uptown,880,0.9388,-0.3446,199.95,199.43,203.41,200.42
uptown,885,0.9318,-0.3629,200.03,199.54,199.02,200.51
uptown,890,0.9262,-0.3772,200.15,199.47,198.97,199.47
uptown,895,0.9221,-0.3870,200.47,199.60,199.13,199.56
uptown,900,0.9200,-0.3920,200.92,200.23,201.96,199.52
uptown,905,0.9188,-0.3948,201.40,200.67,206.05,199.27
uptown,910,0.9176,-0.3976,201.95,200.66,206.22,199.16
uptown,915,0.9164,-0.4003,202.51,201.21,206.41,199.58
uptown,920,0.9152,-0.4029,203.02,201.91,206.34,201.63
uptown,925,0.9135,-0.4067,203.45,202.45,205.80,204.04
uptown,930,0.9109,-0.4127,203.79,202.89,205.15,205.11
uptown,935,0.9087,-0.4174,204.23,203.24,203.58,205.32
uptown,940,0.9090,-0.4168,204.74,203.50,202.02,205.36
uptown,945,0.9117,-0.4108,205.29,203.74,200.97,205.09
uptown,950,0.9172,-0.3984,205.76,203.93,199.78,203.30
uptown,955,0.9245,-0.3811,206.29,204.04,199.38,200.51
uptown,960,0.9333,-0.3591,207.42,204.05,200.32,198.24
uptown,965,0.9427,-0.3335,206.78,203.94,200.90,196.53
uptown,970,0.9523,-0.3053,205.65,203.76,201.61,195.16
uptown,975,0.9608,-0.2773,205.59,203.52,202.31,194.39
uptown,980,0.9676,-0.2525,205.64,203.22,202.95,194.26
uptown,985,0.9733,-0.2296,205.15,202.77,203.23,193.98
uptown,990,0.9782,-0.2077,205.09,202.32,203.43,194.35
uptown,995,0.9821,-0.1882,206.39,202.24,203.66,195.24
uptown,1000,0.9849,-0.1732,206.98,202.22,203.94,196.70
uptown,1005,0.9866,-0.1629,206.67,201.67,203.92,197.20
uptown,1010,0.9874,-0.1580,206.17,199.88,203.32,198.55
uptown,1015,0.9878,-0.1560,205.49,199.16,202.67,200.46
uptown,1020,0.9878,-0.1558,205.20,198.31,201.66,202.81
uptown,1025,0.9873,-0.1590,204.90,197.83,200.17,204.29
uptown,1030,0.9856,-0.1689,204.45,197.72,199.23,204.95
uptown,1035,0.9825,-0.1861,202.91,197.90,198.99,205.06
uptown,1040,0.9772,-0.2125,201.31,199.29,198.59,202.09
uptown,1045,0.9695,-0.2451,201.11,198.57,197.78,199.23
uptown,1050,0.9592,-0.2827,201.48,198.10,196.38,198.50
uptown,1055,0.9456,-0.3253,201.67,198.19,195.18,198.42
uptown,1060,0.9275,-0.3737,201.94,198.39,194.18,198.62
uptown,1065,0.9074,-0.4202,202.31,198.61,193.58,198.60
uptown,1070,0.8885,-0.4590,202.19,199.04,193.47,198.97
uptown,1075,0.8680,-0.4965,202.33,199.69,193.79,199.39
uptown,1080,0.8423,-0.5390,204.87,202.25,195.82,199.45
uptown,1085,0.8126,-0.5828,205.32,205.59,198.22,199.27
uptown,1090,0.7816,-0.6238,205.43,205.98,199.14,199.39
uptown,1095,0.7536,-0.6574,205.38,205.99,199.56,199.25
uptown,1100,0.7319,-0.6814,206.17,206.97,199.79,198.97
uptown,1105,0.7074,-0.7069,209.49,210.27,199.90,198.45
uptown,1110,0.6707,-0.7417,211.71,209.91,200.09,197.84
uptown,1115,0.6310,-0.7758,212.05,209.17,200.28,197.64
uptown,1120,0.5983,-0.8013,212.07,208.37,200.40,197.61
uptown,1125,0.5693,-0.8221,212.14,208.00,200.60,197.55
uptown,1130,0.5401,-0.8416,212.01,207.75,200.91,197.53
uptown,1135,0.5126,-0.8586,211.68,207.67,201.18,197.53
uptown,1140,0.4902,-0.8716,211.04,207.58,201.44,197.41
uptown,1145,0.4741,-0.8805,209.93,207.73,201.63,197.33
uptown,1150,0.4661,-0.8847,208.70,207.93,201.78,197.40
uptown,1155,0.4638,-0.8859,207.18,208.16,201.93,197.51
uptown,1160,0.4665,-0.8845,205.43,208.47,202.06,197.56
uptown,1165,0.4749,-0.8800,203.93,208.85,202.08,197.34
uptown,1170,0.4912,-0.8710,202.40,209.03,202.02,196.95
uptown,1175,0.5114,-0.8593,201.13,208.95,201.17,196.63
uptown,1180,0.5322,-0.8466,200.51,208.80,199.44,196.46
uptown,1185,0.5501,-0.8351,200.88,208.70,197.98,196.48
uptown,1190,0.5639,-0.8259,201.99,208.69,198.47,196.55
uptown,1195,0.5839,-0.8118,202.35,208.38,198.90,197.21
uptown,1200,0.6191,-0.7853,202.73,203.95,201.10,197.45
uptown,1205,0.6579,-0.7531,203.20,200.60,203.26,197.48
uptown,1210,0.6908,-0.7231,202.19,201.70,203.74,197.55
uptown,1215,0.7178,-0.6962,203.77,204.66,203.83,197.52
uptown,1220,0.7393,-0.6734,204.21,204.25,204.03,197.47
uptown,1225,0.7531,-0.6579,204.17,203.79,204.23,197.35
uptown,1230,0.7565,-0.6540,204.12,203.25,204.72,197.27
uptown,1235,0.7545,-0.6564,204.21,203.01,205.02,197.04
uptown,1240,0.7507,-0.6606,204.32,202.58,205.23,196.69
uptown,1245,0.7478,-0.6639,204.46,202.40,205.53,196.44
uptown,1250,0.7474,-0.6644,204.78,202.63,205.68,196.45
uptown,1255,0.7480,-0.6637,204.81,202.32,206.03,196.69
uptown,1260,0.7486,-0.6631,204.80,202.80,206.31,196.93
uptown,1265,0.7500,-0.6614,204.74,203.35,206.62,197.02
uptown,1270,0.7534,-0.6576,204.58,203.44,206.80,197.17
uptown,1275,0.7578,-0.6525,204.26,203.06,206.81,197.34
uptown,1280,0.7622,-0.6473,204.11,202.68,204.03,197.76
uptown,1285,0.7655,-0.6435,203.72,202.56,199.80,198.50
uptown,1290,0.7666,-0.6421,203.64,202.44,199.56,198.48
uptown,1295,0.7667,-0.6420,203.95,202.47,200.30,198.40
uptown,1300,0.7669,-0.6417,203.35,202.33,206.03,197.55
uptown,1305,0.7677,-0.6408,203.08,202.46,206.49,197.11
uptown,1310,0.7692,-0.6390,202.56,202.13,206.32,197.00
uptown,1315,0.7704,-0.6376,202.05,201.62,206.17,196.90
uptown,1320,0.7701,-0.6379,201.97,201.15,205.78,196.96
uptown,1325,0.7694,-0.6388,202.14,200.83,205.35,197.22
uptown,1330,0.7692,-0.6391,202.22,200.76,205.01,197.77
uptown,1335,0.7695,-0.6387,202.47,200.37,204.87,198.33
uptown,1340,0.7702,-0.6378,202.65,200.01,204.83,198.96
uptown,1345,0.7707,-0.6372,202.04,199.74,204.74,199.96
uptown,1350,0.7704,-0.6376,201.61,199.68,204.63,200.53
uptown,1355,0.7706,-0.6373,201.19,199.82,204.46,200.26
uptown,1360,0.7727,-0.6348,200.92,199.93,203.71,199.68
uptown,1365,0.7752,-0.6317,200.69,199.61,199.88,199.11
uptown,1370,0.7767,-0.6299,200.57,199.56,198.94,199.06
uptown,1375,0.7766,-0.6301,200.40,199.40,198.94,199.16
uptown,1380,0.7746,-0.6325,200.56,199.42,199.41,199.02
uptown,1385,0.7725,-0.6350,200.62,199.67,202.30,198.75
uptown,1390,0.7716,-0.6361,200.56,199.86,203.41,198.51
uptown,1395,0.7714,-0.6363,200.52,200.13,203.52,198.29
uptown,1400,0.7713,-0.6365,200.36,200.72,203.43,198.04
uptown,1405,0.7712,-0.6366,200.30,202.00,203.16,197.82
uptown,1410,0.7713,-0.6364,200.65,203.14,203.01,197.59
uptown,1415,0.7718,-0.6359,202.18,203.37,202.87,197.36
uptown,1420,0.7726,-0.6349,202.56,202.19,202.87,197.14
uptown,1425,0.7736,-0.6337,200.30,198.96,202.39,196.95
uptown,1430,0.7747,-0.6323,199.52,198.33,198.89,196.83
uptown,1435,0.7756,-0.6313,199.43,198.18,196.92,196.90
uptown,1440,0.7755,-0.6313,199.60,198.20,196.91,197.08
uptown,1445,0.7733,-0.6340,199.76,198.14,197.26,196.93
uptown,1450,0.7679,-0.6406,199.71,197.93,200.46,196.64
uptown,1455,0.7632,-0.6462,199.55,198.33,201.23,196.52
uptown,1460,0.7625,-0.6469,200.04,199.49,201.62,196.45
uptown,1465,0.7631,-0.6463,200.65,200.59,201.73,196.40
uptown,1470,0.7622,-0.6473,200.73,200.92,201.89,196.39
uptown,1475,0.7614,-0.6483,200.93,200.80,202.04,196.45
uptown,1480,0.7616,-0.6481,201.23,200.65,202.14,196.55
uptown,1485,0.7584,-0.6518,200.98,200.37,202.34,196.72
uptown,1490,0.7476,-0.6641,200.73,200.07,202.45,196.96
uptown,1495,0.7356,-0.6774,200.53,199.78,202.64,197.23
uptown,1500,0.7287,-0.6849,200.52,199.54,202.84,197.62
uptown,1505,0.7255,-0.6882,200.30,199.37,203.00,198.07
uptown,1510,0.7246,-0.6892,200.09,199.17,203.14,198.47
uptown,1515,0.7247,-0.6891,199.99,198.99,203.36,198.90
uptown,1520,0.7237,-0.6902,200.34,198.83,203.63,199.39
uptown,1525,0.7131,-0.7011,200.29,198.76,203.86,199.99
uptown,1530,0.6849,-0.7286,200.66,198.78,204.14,200.67
uptown,1535,0.6539,-0.7566,200.73,199.27,204.46,201.26
uptown,1540,0.6347,-0.7728,200.86,199.99,204.78,201.90
uptown,1545,0.6219,-0.7831,201.29,200.32,205.02,202.59
uptown,1550,0.6084,-0.7936,201.31,200.54,205.31,203.11
uptown,1555,0.5896,-0.8077,201.53,200.73,205.40,203.65
uptown,1560,0.5617,-0.8273,201.69,200.92,205.59,204.10
uptown,1565,0.5309,-0.8474,201.65,201.19,205.93,204.04
uptown,1570,0.5027,-0.8645,201.55,201.65,206.28,203.78
uptown,1575,0.4753,-0.8798,201.58,202.72,206.59,203.22
uptown,1580,0.4467,-0.8947,201.56,203.46,206.90,202.62
uptown,1585,0.4157,-0.9095,202.84,203.51,207.21,201.98
uptown,1590,0.3820,-0.9242,204.27,203.89,207.50,201.22
uptown,1595,0.3502,-0.9367,205.74,205.07,207.83,200.48
uptown,1600,0.3254,-0.9456,206.91,206.35,208.16,200.02
uptown,1605,0.3056,-0.9522,207.63,207.27,208.45,199.80
uptown,1610,0.2880,-0.9576,207.93,207.70,204.30,199.79
uptown,1615,0.2645,-0.9644,207.67,207.74,200.63,200.14
uptown,1620,0.2284,-0.9736,206.95,207.14,200.86,200.40
uptown,1625,0.1903,-0.9817,205.60,204.71,201.05,205.40
uptown,1630,0.1594,-0.9872,204.07,202.19,202.65,207.52
uptown,1635,0.1320,-0.9912,203.56,201.98,208.15,206.94
uptown,1640,0.1035,-0.9946,203.06,202.20,210.63,206.58
uptown,1645,0.0746,-0.9972,202.95,202.53,210.91,206.68
uptown,1650,0.0461,-0.9989,202.92,202.51,211.22,206.97
uptown,1655,0.0162,-0.9999,203.12,203.20,211.55,207.40
uptown,1660,-0.0169,-0.9999,203.53,204.34,211.87,207.96
uptown,1665,-0.0509,-0.9987,203.45,205.22,212.18,208.53
uptown,1670,-0.0839,-0.9965,203.58,206.89,212.53,209.26
uptown,1675,-0.1148,-0.9934,204.02,207.47,212.93,210.00
uptown,1680,-0.1436,-0.9896,204.22,207.65,213.24,210.80
uptown,1685,-0.1706,-0.9853,204.27,207.91,213.59,211.56
uptown,1690,-0.1967,-0.9805,204.77,208.46,213.89,212.31
uptown,1695,-0.2239,-0.9746,205.70,208.93,214.18,213.05
uptown,1700,-0.2537,-0.9673,206.25,209.49,214.42,213.79
uptown,1705,-0.2814,-0.9596,206.51,209.82,214.68,214.39
uptown,1710,-0.3040,-0.9527,206.78,210.14,214.89,214.93
uptown,1715,-0.3276,-0.9448,206.98,210.37,215.09,215.31
uptown,1720,-0.3579,-0.9338,207.27,210.62,215.27,215.16
uptown,1725,-0.3892,-0.9212,207.30,210.60,215.45,214.32
uptown,1730,-0.4171,-0.9089,207.39,210.70,215.61,212.99
uptown,1735,-0.4433,-0.8964,207.49,210.53,215.81,211.85
uptown,1740,-0.4695,-0.8829,207.61,210.44,215.95,210.73
uptown,1745,-0.4947,-0.8691,207.53,210.16,216.03,209.82
uptown,1750,-0.5178,-0.8555,207.31,209.97,216.09,209.26
uptown,1755,-0.5398,-0.8418,206.79,208.98,216.06,208.69
uptown,1760,-0.5612,-0.8277,206.59,207.08,216.00,208.03
uptown,1765,-0.5800,-0.8146,206.69,206.81,213.78,207.48
uptown,1770,-0.5944,-0.8042,206.62,207.03,208.07,207.29
uptown,1775,-0.6073,-0.7945,207.55,207.10,207.29,206.92
uptown,1780,-0.6221,-0.7830,208.02,210.47,207.23,207.05
uptown,1785,-0.6430,-0.7659,208.43,212.15,209.38,206.85
uptown,1790,-0.6717,-0.7408,208.77,212.12,214.79,206.22
uptown,1795,-0.6927,-0.7213,209.11,211.92,214.94,206.03
uptown,1800,-0.6933,-0.7207,209.50,211.80,214.71,205.94
uptown,1805,-0.6844,-0.7291,209.85,211.58,214.49,205.84
uptown,1810,-0.6751,-0.7377,210.17,211.17,214.27,205.81
uptown,1815,-0.6682,-0.7440,210.46,210.74,214.04,205.86
uptown,1820,-0.6649,-0.7469,210.81,210.52,213.77,205.96
uptown,1825,-0.6633,-0.7483,211.12,210.43,213.50,205.90
uptown,1830,-0.6622,-0.7494,210.98,210.36,213.23,205.69
uptown,1835,-0.6620,-0.7495,210.76,210.40,212.99,205.67
uptown,1840,-0.6634,-0.7483,210.69,210.28,212.76,205.62
uptown,1845,-0.6647,-0.7471,210.69,210.46,212.52,205.59
uptown,1850,-0.6644,-0.7473,210.72,210.63,212.27,205.56
uptown,1855,-0.6633,-0.7483,210.78,211.02,212.01,205.53
uptown,1860,-0.6624,-0.7491,210.91,211.30,211.73,205.55
uptown,1865,-0.6638,-0.7479,211.03,211.36,211.42,205.54
uptown,1870,-0.6691,-0.7432,211.17,211.29,211.12,205.20
uptown,1875,-0.6746,-0.7382,211.33,211.03,210.78,205.43
uptown,1880,-0.6775,-0.7355,211.46,210.57,210.43,205.44
uptown,1885,-0.6787,-0.7344,211.62,210.01,210.09,205.19
uptown,1890,-0.6790,-0.7342,211.82,209.50,209.75,204.94
uptown,1895,-0.6786,-0.7345,212.07,209.07,209.43,205.40
uptown,1900,-0.6778,-0.7353,212.07,208.76,209.13,205.82
uptown,1905,-0.6773,-0.7357,212.09,208.55,208.86,203.40
uptown,1910,-0.6779,-0.7352,212.38,208.32,208.57,204.32
uptown,1915,-0.6787,-0.7344,211.28,208.08,208.33,206.12
uptown,1920,-0.6790,-0.7342,209.58,207.94,208.13,206.99
uptown,1925,-0.6786,-0.7345,208.16,207.85,207.91,208.75
uptown,1930,-0.6778,-0.7353,208.20,207.71,207.71,209.78
uptown,1935,-0.6773,-0.7357,208.66,207.68,207.53,210.17
uptown,1940,-0.6779,-0.7352,208.91,207.70,207.38,210.25
uptown,1945,-0.6787,-0.7344,209.20,207.85,207.26,210.80
uptown,1950,-0.6790,-0.7342,208.75,208.06,207.21,211.48
uptown,1955,-0.6786,-0.7345,208.22,208.01,207.20,211.55
uptown,1960,-0.6778,-0.7353,208.89,207.94,207.21,210.87
uptown,1965,-0.6773,-0.7357,209.33,208.10,207.18,209.13
uptown,1970,-0.6779,-0.7351,210.92,208.26,207.11,207.10
uptown,1975,-0.6792,-0.7340,211.63,208.60,207.09,206.26
uptown,1980,-0.6803,-0.7329,211.66,208.98,207.14,206.63
uptown,1985,-0.6808,-0.7325,211.86,209.41,207.23,207.05
uptown,1990,-0.6802,-0.7331,211.90,209.87,207.31,207.51
uptown,1995,-0.6790,-0.7341,212.36,210.39,207.42,207.70
uptown,2000,-0.6778,-0.7352,212.96,210.90,207.53,208.11
uptown,2005,-0.6773,-0.7357,213.33,211.38,207.68,209.04
uptown,2010,-0.6783,-0.7348,213.78,211.93,207.86,209.87
uptown,2015,-0.6815,-0.7319,214.27,212.59,208.07,210.24
uptown,2020,-0.6873,-0.7264,214.53,213.27,208.28,210.38
uptown,2025,-0.6932,-0.7208,214.80,213.97,208.52,210.49
uptown,2030,-0.6967,-0.7173,215.43,214.65,208.75,209.68
uptown,2035,-0.6979,-0.7162,216.17,215.20,208.98,208.96
uptown,2040,-0.6959,-0.7181,216.66,215.51,209.27,208.68
uptown,2045,-0.6894,-0.7244,216.92,215.62,209.56,208.40
uptown,2050,-0.6772,-0.7358,217.04,215.47,209.80,208.72
uptown,2055,-0.6666,-0.7454,217.20,215.27,210.05,210.36
uptown,2060,-0.6640,-0.7478,217.88,215.30,210.31,212.83
uptown,2065,-0.6643,-0.7475,217.50,215.49,210.58,215.52
uptown,2070,-0.6631,-0.7485,217.55,215.58,210.84,217.19
uptown,2075,-0.6619,-0.7496,217.40,215.58,211.09,218.38
uptown,2080,-0.6627,-0.7489,217.19,215.57,211.46,219.26
uptown,2085,-0.6662,-0.7457,216.93,215.49,212.24,219.67
uptown,2090,-0.6729,-0.7398,216.65,214.41,212.57,219.74
uptown,2095,-0.6785,-0.7346,216.41,213.41,212.29,219.96
uptown,2100,-0.6801,-0.7331,216.19,212.85,212.36,220.02
uptown,2105,-0.6804,-0.7329,216.01,212.55,212.59,220.16
uptown,2110,-0.6817,-0.7316,215.88,212.41,212.83,219.84
uptown,2115,-0.6826,-0.7308,215.74,212.52,213.06,219.46
uptown,2120,-0.6815,-0.7318,215.52,212.63,213.25,218.88
uptown,2125,-0.6803,-0.7329,215.16,212.83,213.45,218.17
uptown,2130,-0.6805,-0.7328,214.38,213.08,213.63,217.04
uptown,2135,-0.6808,-0.7325,213.50,213.49,213.81,215.47
uptown,2140,-0.6803,-0.7329,212.78,214.00,213.99,214.45
uptown,2145,-0.6799,-0.7333,212.49,214.37,214.17,214.17
uptown,2150,-0.6804,-0.7328,214.06,214.48,214.33,214.11
uptown,2155,-0.6808,-0.7325,216.34,214.45,214.49,215.24
uptown,2160,-0.6803,-0.7329,217.93,214.34,214.64,217.90
uptown,2165,-0.6799,-0.7333,218.29,214.21,214.77,220.47
uptown,2170,-0.6804,-0.7328,221.93,214.14,214.89,222.23
uptown,2175,-0.6808,-0.7325,223.77,214.22,215.03,222.94
uptown,2180,-0.6801,-0.7331,223.80,214.68,215.15,223.67
uptown,2185,-0.6786,-0.7345,223.30,215.22,215.24,223.38
uptown,2190,-0.6765,-0.7364,222.68,215.38,215.32,219.95
uptown,2195,-0.6751,-0.7377,222.45,215.70,215.40,216.11
uptown,2200,-0.6754,-0.7375,222.40,216.39,215.46,215.63
uptown,2205,-0.6765,-0.7364,222.51,216.95,215.54,215.26
uptown,2210,-0.6778,-0.7353,221.86,217.55,215.61,215.47
uptown,2215,-0.6787,-0.7344,221.60,218.08,215.65,217.12
uptown,2220,-0.6791,-0.7341,221.21,218.80,215.70,219.67
uptown,2225,-0.6791,-0.7340,221.15,219.35,215.75,221.66
uptown,2230,-0.6792,-0.7340,220.95,219.85,215.80,222.90
uptown,2235,-0.6795,-0.7336,220.90,219.89,215.86,223.66
uptown,2240,-0.6803,-0.7330,220.97,219.97,215.91,224.02
uptown,2245,-0.6803,-0.7329,221.08,219.46,215.98,224.72
uptown,2250,-0.6789,-0.7342,221.35,218.76,216.01,224.86
uptown,2255,-0.6776,-0.7354,221.60,218.17,216.07,224.45
uptown,2260,-0.6779,-0.7351,222.04,218.53,216.13,224.46
uptown,2265,-0.6787,-0.7344,222.45,218.98,216.16,224.43
uptown,2270,-0.6791,-0.7341,222.80,219.49,216.21,224.56
uptown,2275,-0.6791,-0.7340,223.22,220.17,216.25,224.55
uptown,2280,-0.6792,-0.7340,223.54,220.58,216.30,224.68
uptown,2285,-0.6795,-0.7336,223.98,220.90,216.36,224.81
uptown,2290,-0.6803,-0.7329,224.24,221.10,216.47,224.97
uptown,2295,-0.6808,-0.7325,224.21,221.39,216.51,224.87
uptown,2300,-0.6802,-0.7331,224.30,221.40,216.52,224.99
uptown,2305,-0.6790,-0.7341,224.53,221.23,216.57,225.10
uptown,2310,-0.6778,-0.7352,225.14,220.89,216.62,224.93
uptown,2315,-0.6773,-0.7357,225.53,220.68,216.67,224.83
uptown,2320,-0.6779,-0.7352,225.48,220.75,216.70,224.77
uptown,2325,-0.6787,-0.7344,225.40,220.91,216.75,224.47
uptown,2330,-0.6791,-0.7341,225.25,221.37,216.81,224.84
uptown,2335,-0.6791,-0.7341,225.19,222.30,216.86,224.97
uptown,2340,-0.6789,-0.7342,225.27,223.32,216.92,225.04
uptown,2345,-0.6777,-0.7353,225.40,224.07,216.96,225.14
uptown,2350,-0.6743,-0.7384,225.67,224.65,217.02,225.17
uptown,2355,-0.6682,-0.7440,225.97,225.27,217.08,225.16
uptown,2360,-0.6586,-0.7525,226.32,225.85,217.17,225.30
uptown,2365,-0.6492,-0.7606,226.75,226.27,217.30,225.67
uptown,2370,-0.6429,-0.7659,227.01,226.73,217.47,225.82
uptown,2375,-0.6369,-0.7709,226.73,226.88,217.70,225.48
uptown,2380,-0.6282,-0.7781,224.97,226.48,218.01,225.01
uptown,2385,-0.6157,-0.7880,223.02,225.07,218.23,225.01
uptown,2390,-0.5990,-0.8007,221.81,224.37,218.52,224.40
uptown,2395,-0.5831,-0.8124,221.61,224.20,218.81,223.20
uptown,2400,-0.5723,-0.8201,221.60,224.23,219.15,221.45
uptown,2405,-0.5630,-0.8265,221.66,224.30,219.53,219.82
uptown,2410,-0.5525,-0.8335,221.72,224.40,219.90,218.77
uptown,2415,-0.5433,-0.8396,221.67,224.42,220.26,219.36
uptown,2420,-0.5376,-0.8432,221.80,224.44,220.62,219.82
uptown,2425,-0.5320,-0.8467,221.63,224.45,221.03,221.88
uptown,2430,-0.5229,-0.8524,221.06,224.47,221.42,222.27
uptown,2435,-0.5101,-0.8601,220.49,224.50,221.79,221.77
uptown,2440,-0.4936,-0.8697,220.74,224.50,222.15,220.98
uptown,2445,-0.4783,-0.8782,220.38,224.39,222.49,220.78
uptown,2450,-0.4674,-0.8840,219.98,224.05,222.88,219.91
uptown,2455,-0.4559,-0.8900,219.77,223.62,223.25,219.66
uptown,2460,-0.4393,-0.8983,219.71,222.84,223.62,219.54
uptown,2465,-0.4245,-0.9054,219.81,221.91,223.94,219.46
uptown,2470,-0.4176,-0.9086,219.75,219.71,224.22,219.40
uptown,2475,-0.4149,-0.9099,219.64,219.44,224.46,219.30
uptown,2480,-0.4128,-0.9108,219.56,219.49,222.20,219.05
uptown,2485,-0.4111,-0.9116,219.48,219.37,218.87,218.92
uptown,2490,-0.4099,-0.9121,219.34,219.15,218.87,218.82
uptown,2495,-0.4094,-0.9123,219.41,219.00,221.20,218.64
uptown,2500,-0.4084,-0.9128,219.17,218.77,225.38,218.44
uptown,2505,-0.4008,-0.9162,218.56,218.59,220.52,218.48
uptown,2510,-0.3813,-0.9244,218.19,217.96,218.44,218.52
uptown,2515,-0.3613,-0.9324,217.98,217.68,218.25,218.70
uptown,2520,-0.3507,-0.9365,217.53,217.47,218.14,218.15
uptown,2525,-0.3464,-0.9381,217.28,217.26,218.14,217.25
uptown,2530,-0.3450,-0.9386,217.07,217.04,219.65,216.83
uptown,2535,-0.3421,-0.9397,216.89,216.99,223.98,216.52
uptown,2540,-0.3323,-0.9432,217.11,216.68,227.34,216.32
uptown,2545,-0.3099,-0.9508,216.24,216.48,227.98,216.23
uptown,2550,-0.2706,-0.9627,215.81,215.67,228.06,216.09
uptown,2555,-0.2355,-0.9719,215.35,214.68,228.02,215.94
uptown,2560,-0.2218,-0.9751,215.14,214.20,228.02,215.89
uptown,2565,-0.2175,-0.9761,213.67,213.95,227.98,215.89
uptown,2570,-0.2117,-0.9773,212.23,216.37,228.00,216.09
uptown,2575,-0.2053,-0.9787,211.51,219.76,227.98,216.65
uptown,2580,-0.1998,-0.9798,211.02,221.04,227.98,217.71
uptown,2585,-0.1954,-0.9807,212.14,221.21,227.96,218.70
uptown,2590,-0.1904,-0.9817,212.88,221.43,227.89,218.98
uptown,2595,-0.1781,-0.9840,214.87,221.63,227.79,219.24
uptown,2600,-0.1532,-0.9882,215.42,219.87,227.75,219.01
uptown,2605,-0.1294,-0.9916,216.63,215.84,227.55,218.87
uptown,2610,-0.1187,-0.9929,215.96,215.32,227.45,218.83
uptown,2615,-0.1148,-0.9934,215.89,216.35,226.14,218.74
uptown,2620,-0.1117,-0.9937,217.48,216.18,221.29,219.40
uptown,2625,-0.1062,-0.9943,218.13,216.75,216.27,221.23
uptown,2630,-0.0968,-0.9953,218.18,216.05,215.20,222.41
uptown,2635,-0.0878,-0.9961,218.08,217.63,215.50,218.15
uptown,2640,-0.0820,-0.9966,217.85,218.69,216.01,216.09
uptown,2645,-0.0746,-0.9972,217.65,218.90,216.10,215.47
uptown,2650,-0.0611,-0.9981,217.35,218.80,217.40,215.57
uptown,2655,-0.0465,-0.9989,216.69,218.75,221.34,215.71
uptown,2660,-0.0345,-0.9994,214.39,218.77,224.07,215.43
uptown,2665,-0.0235,-0.9997,213.01,218.53,224.48,215.80
uptown,2670,-0.0117,-0.9999,212.77,218.00,224.59,216.68
uptown,2675,-0.0001,-1.0000,211.82,217.56,224.31,218.51
uptown,2680,0.0107,-0.9999,211.10,216.70,223.96,218.45
uptown,2685,0.0216,-0.9998,211.16,216.06,223.61,217.20
uptown,2690,0.0340,-0.9994,211.81,215.33,223.23,216.26
uptown,2695,0.0493,-0.9988,211.73,214.74,222.86,215.71
uptown,2700,0.0681,-0.9977,211.94,214.39,222.52,215.24
uptown,2705,0.0826,-0.9966,212.57,214.50,222.15,214.91
uptown,2710,0.0866,-0.9962,212.50,214.35,221.77,214.65
uptown,2715,0.0858,-0.9963,212.50,214.12,221.36,214.41
uptown,2720,0.0852,-0.9964,213.05,213.67,221.00,214.18
uptown,2725,0.0850,-0.9964,214.66,213.87,220.64,214.03
uptown,2730,0.0842,-0.9964,209.89,216.81,220.24,214.06
uptown,2735,0.0804,-0.9968,208.01,215.94,219.84,213.98
uptown,2740,0.0714,-0.9974,208.03,213.87,219.40,213.04
uptown,2745,0.0609,-0.9981,207.92,212.44,218.92,212.24
uptown,2750,0.0513,-0.9987,207.83,208.85,218.55,211.71
uptown,2755,0.0383,-0.9993,207.79,207.92,218.00,211.03
uptown,2760,0.0184,-0.9998,207.82,207.67,217.41,210.36
uptown,2765,-0.0014,-1.0000,207.84,207.33,216.40,209.02
uptown,2770,-0.0159,-0.9999,207.63,207.12,214.35,208.45
uptown,2775,-0.0311,-0.9995,207.42,206.80,212.50,208.29
uptown,2780,-0.0523,-0.9986,207.33,206.89,212.03,207.84
uptown,2785,-0.0759,-0.9971,207.19,206.74,211.71,208.13
uptown,2790,-0.0979,-0.9952,207.02,206.60,211.39,208.21
uptown,2795,-0.1143,-0.9934,206.78,206.56,211.34,208.24
uptown,2800,-0.1226,-0.9925,206.56,206.51,211.16,208.32
uptown,2805,-0.1296,-0.9916,206.27,206.13,210.72,208.30
uptown,2810,-0.1400,-0.9901,204.67,205.59,210.25,208.28
uptown,2815,-0.1461,-0.9893,203.58,204.79,209.82,208.14
uptown,2820,-0.1410,-0.9900,203.37,204.16,209.39,207.94
uptown,2825,-0.1327,-0.9912,203.24,203.63,208.66,207.18
uptown,2830,-0.1278,-0.9918,203.10,203.26,208.11,205.71
uptown,2835,-0.1261,-0.9920,202.97,203.10,207.44,207.10
uptown,2840,-0.1329,-0.9911,202.77,202.93,205.07,207.79
uptown,2845,-0.1750,-0.9846,202.70,202.68,201.73,207.73
uptown,2850,-0.2685,-0.9633,202.69,202.58,201.10,207.76
uptown,2855,-0.3325,-0.9431,202.71,202.51,203.17,203.83
uptown,2860,-0.3089,-0.9511,199.78,202.56,205.57,202.64
uptown,2865,-0.2737,-0.9618,199.89,201.66,205.25,203.00
uptown,2870,-0.2954,-0.9554,200.04,200.07,204.60,203.88
uptown,2875,-0.3588,-0.9334,200.12,199.93,204.02,203.77
uptown,2880,-0.4481,-0.8940,200.16,199.85,203.67,203.57
uptown,2885,-0.5404,-0.8414,200.21,199.76,203.46,203.28
uptown,2890,-0.6238,-0.7816,200.24,199.65,203.08,201.81
uptown,2895,-0.6991,-0.7151,200.27,199.53,202.60,202.05
uptown,2900,-0.7691,-0.6391,200.24,199.38,202.00,201.46
uptown,2905,-0.8335,-0.5525,200.20,199.35,200.13,201.83
uptown,2910,-0.8920,-0.4520,200.14,199.26,198.59,201.49
uptown,2915,-0.9391,-0.3437,200.11,199.18,197.71,199.67
uptown,2920,-0.9724,-0.2333,200.03,198.79,196.44,196.51
uptown,2925,-0.9917,-0.1288,199.98,197.96,195.49,195.24
uptown,2930,-0.9993,-0.0363,199.89,198.51,194.90,194.64
uptown,2935,-0.9991,0.0420,199.84,199.29,194.37,194.44
uptown,2940,-0.9944,0.1056,199.87,199.19,194.99,194.76
uptown,2945,-0.9864,0.1641,200.06,199.05,195.13,195.05
uptown,2950,-0.9744,0.2249,200.18,198.79,195.17,195.26
uptown,2955,-0.9593,0.2824,200.26,198.67,195.21,195.45
uptown,2960,-0.9429,0.3332,200.15,198.63,195.33,195.57
uptown,2965,-0.9247,0.3808,199.88,198.69,195.61,195.61
uptown,2970,-0.9027,0.4303,199.74,198.68,195.81,195.66
uptown,2975,-0.8744,0.4851,199.69,198.73,196.00,195.68
uptown,2980,-0.8371,0.5471,199.63,198.66,196.16,195.65
uptown,2985,-0.7978,0.6030,199.52,198.69,196.29,195.77
uptown,2990,-0.7659,0.6430,199.40,198.74,196.46,195.83
uptown,2995,-0.7500,0.6614,199.21,198.70,196.63,195.86
uptown,3000,-0.7559,0.6547,199.20,198.56,196.81,195.90
uptown,3005,-0.7667,0.6420,199.20,198.56,197.03,195.87
uptown,3010,-0.7710,0.6368,199.22,198.60,197.25,195.89
uptown,3015,-0.7727,0.6348,199.30,198.64,197.45,195.67
uptown,3020,-0.7751,0.6318,199.36,198.64,197.66,195.46
uptown,3025,-0.7776,0.6288,199.42,198.59,197.87,195.32
uptown,3030,-0.7792,0.6268,199.31,198.55,198.08,194.87
uptown,3035,-0.7801,0.6256,199.23,198.53,198.29,194.69
uptown,3040,-0.7813,0.6241,199.25,198.50,198.51,194.00
uptown,3045,-0.7864,0.6177,199.29,198.52,198.74,193.16
uptown,3050,-0.7990,0.6014,199.31,198.54,198.95,192.63
uptown,3055,-0.8174,0.5761,199.31,198.56,199.15,192.28
uptown,3060,-0.8399,0.5428,199.41,198.55,199.36,191.88
uptown,3065,-0.8586,0.5127,199.33,198.56,199.54,190.73
uptown,3070,-0.8692,0.4945,199.36,198.57,199.73,189.67
uptown,3075,-0.8753,0.4837,198.99,198.48,199.87,189.82
uptown,3080,-0.8795,0.4760,198.98,198.40,199.99,193.80
uptown,3085,-0.8838,0.4678,198.96,198.29,200.16,194.32
uptown,3090,-0.8890,0.4579,199.04,198.07,200.36,194.34
uptown,3095,-0.8914,0.4532,198.91,198.01,200.54,194.30
uptown,3100,-0.8893,0.4573,198.77,197.91,200.71,194.31
uptown,3105,-0.8896,0.4568,198.62,197.77,200.90,194.40
uptown,3110,-0.8972,0.4416,198.47,197.57,201.09,194.59
uptown,3115,-0.9068,0.4217,198.33,197.43,201.28,194.87
uptown,3120,-0.9156,0.4021,197.97,197.30,201.47,195.00
uptown,3125,-0.9283,0.3717,197.92,197.40,201.62,195.17
uptown,3130,-0.9464,0.3230,197.82,197.15,199.31,195.26
uptown,3135,-0.9595,0.2819,197.66,197.06,195.91,195.23
uptown,3140,-0.9631,0.2693,197.93,197.03,195.69,195.52
uptown,3145,-0.9604,0.2788,198.35,197.41,196.06,196.06
uptown,3150,-0.9527,0.3038,198.59,198.17,197.85,196.63
uptown,3155,-0.9459,0.3245,198.64,199.17,201.82,197.80
uptown,3160,-0.9445,0.3286,197.48,200.01,202.71,198.76
uptown,3165,-0.9453,0.3261,196.28,200.33,202.99,199.45
uptown,3170,-0.9463,0.3234,195.37,200.73,203.21,200.10
uptown,3175,-0.9486,0.3166,194.65,201.48,203.44,200.68
uptown,3180,-0.9531,0.3027,194.27,202.26,203.75,200.98
uptown,3185,-0.9574,0.2889,194.13,202.92,204.07,200.47
uptown,3190,-0.9598,0.2806,194.00,203.43,204.44,199.55
uptown,3195,-0.9613,0.2756,193.60,203.86,204.84,198.46
uptown,3200,-0.9622,0.2725,192.83,203.94,205.16,197.81
uptown,3205,-0.9625,0.2714,191.81,203.64,205.43,197.01
uptown,3210,-0.9621,0.2726,191.20,202.96,205.74,196.69
uptown,3215,-0.9619,0.2735,190.70,202.29,205.99,196.21
uptown,3220,-0.9623,0.2720,191.16,200.25,206.24,196.45
uptown,3225,-0.9627,0.2705,191.33,201.03,206.50,196.82
uptown,3230,-0.9628,0.2704,192.64,200.77,206.69,197.75
uptown,3235,-0.9625,0.2713,193.61,200.67,206.86,198.06
uptown,3240,-0.9618,0.2737,194.45,200.75,207.07,198.35
uptown,3245,-0.9598,0.2805,197.45,200.76,207.30,198.45
uptown,3250,-0.9565,0.2918,198.37,199.52,207.54,198.67
uptown,3255,-0.9564,0.2921,195.79,198.78,207.75,197.74
uptown,3260,-0.9627,0.2707,196.12,198.21,207.87,197.97
uptown,3265,-0.9697,0.2441,198.68,198.83,206.01,197.71
uptown,3270,-0.9743,0.2250,197.60,199.00,200.99,197.72
uptown,3275,-0.9766,0.2150,195.26,199.72,199.62,196.78
uptown,3280,-0.9765,0.2157,193.40,202.24,199.87,198.46
uptown,3285,-0.9733,0.2293,193.08,202.60,200.23,200.49
uptown,3290,-0.9664,0.2572,193.27,202.88,205.50,198.92
uptown,3295,-0.9588,0.2839,193.40,202.81,208.40,196.41
uptown,3300,-0.9540,0.2998,193.28,202.62,208.42,196.01
uptown,3305,-0.9513,0.3083,193.13,202.40,208.49,195.86
uptown,3310,-0.9501,0.3121,193.20,201.93,208.59,195.80
uptown,3315,-0.9500,0.3124,193.18,201.71,208.72,196.23
uptown,3320,-0.9508,0.3098,193.18,201.23,208.82,196.53
uptown,3325,-0.9515,0.3077,193.16,200.93,208.91,196.95
uptown,3330,-0.9513,0.3084,193.08,200.59,209.01,197.41
uptown,3335,-0.9508,0.3097,193.02,200.42,209.12,197.74
uptown,3340,-0.9503,0.3114,193.01,200.16,209.18,197.99
uptown,3345,-0.9481,0.3180,193.04,200.02,209.20,198.44
uptown,3350,-0.9429,0.3332,193.08,200.00,209.16,198.53
uptown,3355,-0.9359,0.3523,193.11,199.67,209.09,199.13
uptown,3360,-0.9280,0.3727,193.03,199.57,209.01,199.73
uptown,3365,-0.9195,0.3931,193.03,199.38,208.89,199.66
uptown,3370,-0.9106,0.4133,193.00,199.19,208.79,199.79
uptown,3375,-0.9021,0.4315,193.31,198.54,208.69,199.81
uptown,3380,-0.8947,0.4468,193.53,197.94,208.57,199.92
uptown,3385,-0.8881,0.4596,194.14,197.83,208.44,200.10
uptown,3390,-0.8820,0.4713,195.48,197.52,208.37,200.43
uptown,3395,-0.8740,0.4860,196.66,197.41,208.28,200.97
uptown,3400,-0.8628,0.5055,197.64,197.58,208.16,201.94
uptown,3405,-0.8542,0.5199,198.29,199.35,206.45,202.98
uptown,3410,-0.8519,0.5237,198.60,199.57,201.03,203.10
uptown,3415,-0.8489,0.5286,198.14,199.03,201.44,203.15
uptown,3420,-0.8401,0.5424,197.68,198.82,202.69,203.09
uptown,3425,-0.8307,0.5567,196.68,197.16,207.61,201.63
uptown,3430,-0.8242,0.5663,195.52,197.11,207.60,201.67
uptown,3435,-0.8167,0.5770,194.32,197.14,207.49,202.12
uptown,3440,-0.8050,0.5933,194.18,197.07,207.40,202.39
uptown,3445,-0.7906,0.6123,194.28,197.15,207.30,202.81
uptown,3450,-0.7747,0.6323,194.30,197.12,207.24,203.45
uptown,3455,-0.7589,0.6512,194.22,197.11,207.13,204.47
uptown,3460,-0.7442,0.6680,194.14,197.21,207.04,205.91
uptown,3465,-0.7303,0.6832,194.05,197.17,206.96,206.93
uptown,3470,-0.7179,0.6962,193.76,197.24,206.89,206.99
uptown,3475,-0.7120,0.7021,193.71,197.59,206.78,206.78
uptown,3480,-0.7153,0.6989,194.60,198.22,206.65,205.75
uptown,3485,-0.7165,0.6976,194.96,198.94,206.49,204.28
uptown,3490,-0.7078,0.7064,195.11,199.95,206.30,202.68
uptown,3495,-0.6934,0.7205,195.28,200.74,206.07,201.18
uptown,3500,-0.6764,0.7365,195.34,201.58,205.84,201.66
uptown,3505,-0.6596,0.7516,195.38,202.25,205.58,204.31
uptown,3510,-0.6453,0.7639,195.46,202.92,205.31,203.50
uptown,3515,-0.6385,0.7696,195.49,203.33,205.07,201.26
uptown,3520,-0.6424,0.7663,195.52,203.63,204.87,199.90
uptown,3525,-0.6498,0.7601,195.52,203.63,204.68,199.08
uptown,3530,-0.6559,0.7548,195.57,203.37,204.50,198.60
uptown,3535,-0.6609,0.7504,195.66,203.00,204.32,198.38
uptown,3540,-0.6655,0.7464,195.75,202.50,204.15,198.32
uptown,3545,-0.6708,0.7416,195.89,201.86,203.99,198.24
uptown,3550,-0.6779,0.7351,196.27,201.19,203.89,198.21
uptown,3555,-0.6859,0.7277,197.15,200.72,203.79,198.24
uptown,3560,-0.6947,0.7193,198.32,200.51,203.71,198.33
uptown,3565,-0.7039,0.7103,198.52,200.46,203.61,198.21
uptown,3570,-0.7140,0.7002,198.06,200.35,202.01,197.65
uptown,3575,-0.7253,0.6885,197.50,200.29,198.27,197.57
uptown,3580,-0.7382,0.6746,196.97,199.99,196.89,197.38
uptown,3585,-0.7495,0.6621,196.60,198.93,196.86,197.30
uptown,3590,-0.7568,0.6536,196.40,196.69,196.76,197.28
uptown,3595,-0.7609,0.6489,196.32,196.27,198.41,197.06
uptown,3600,-0.7629,0.6465,196.29,196.36,202.41,196.85
uptown,3605,-0.7672,0.6414,196.46,196.41,202.78,196.97
uptown,3610,-0.7767,0.6299,196.48,197.55,202.63,196.98
uptown,3615,-0.7867,0.6173,196.52,198.67,202.43,197.12
uptown,3620,-0.7945,0.6073,196.62,198.45,202.19,197.19
uptown,3625,-0.8014,0.5981,196.70,198.23,201.98,197.28
uptown,3630,-0.8085,0.5885,197.03,198.05,201.84,197.50
uptown,3635,-0.8150,0.5794,197.51,197.63,201.69,197.96
uptown,3640,-0.8206,0.5715,198.04,197.28,201.51,199.58
uptown,3645,-0.8253,0.5647,198.59,197.12,201.31,200.58
uptown,3650,-0.8293,0.5588,199.10,197.03,201.13,200.30
uptown,3655,-0.8320,0.5548,199.58,196.95,200.94,198.45
uptown,3660,-0.8331,0.5531,199.96,196.78,200.76,200.16
uptown,3665,-0.8333,0.5528,200.33,196.65,200.61,200.81
uptown,3670,-0.8332,0.5529,200.77,196.61,200.48,199.98
uptown,3675,-0.8333,0.5528,201.23,196.64,200.38,198.53
uptown,3680,-0.8337,0.5523,201.57,196.66,200.21,197.51
uptown,3685,-0.8320,0.5547,201.73,196.69,200.11,196.93
uptown,3690,-0.8269,0.5624,201.82,196.81,199.94,196.66
uptown,3695,-0.8204,0.5718,202.06,198.16,199.76,196.96
uptown,3700,-0.8138,0.5811,202.72,200.70,199.59,198.71
uptown,3705,-0.8075,0.5899,204.00,203.21,199.39,201.65
uptown,3710,-0.8009,0.5988,204.18,204.49,199.19,204.56
uptown,3715,-0.7935,0.6086,204.24,204.71,199.04,205.70
uptown,3720,-0.7846,0.6200,204.19,204.53,198.86,205.94
uptown,3725,-0.7762,0.6304,203.45,202.16,198.70,205.55
uptown,3730,-0.7695,0.6386,203.30,199.50,198.58,202.40
uptown,3735,-0.7637,0.6456,203.29,197.33,198.53,200.08
uptown,3740,-0.7577,0.6526,202.92,196.64,198.45,198.38
uptown,3745,-0.7512,0.6601,202.46,196.80,198.40,197.05
uptown,3750,-0.7436,0.6686,201.66,197.20,198.34,196.56
uptown,3755,-0.7362,0.6767,200.01,197.73,198.27,196.56
uptown,3760,-0.7296,0.6839,198.31,198.28,198.20,196.74
uptown,3765,-0.7230,0.6908,197.21,198.88,198.12,196.95
uptown,3770,-0.7160,0.6981,195.81,199.56,197.99,197.18
uptown,3775,-0.7095,0.7047,193.67,199.80,197.82,197.33
uptown,3780,-0.7044,0.7099,192.02,199.39,197.67,197.44
uptown,3785,-0.7014,0.7128,191.92,198.82,197.55,197.63
uptown,3790,-0.7011,0.7131,192.60,198.27,197.46,197.69
uptown,3795,-0.7013,0.7129,194.17,197.62,197.38,197.67
uptown,3800,-0.7005,0.7136,195.57,196.49,197.32,197.57
uptown,3805,-0.6994,0.7147,197.21,195.51,197.30,197.30
uptown,3810,-0.6983,0.7158,198.11,193.50,197.31,197.03
uptown,3815,-0.6979,0.7162,198.98,192.07,197.39,196.92
uptown,3820,-0.6985,0.7156,200.04,193.00,197.49,196.96
uptown,3825,-0.6993,0.7149,200.21,195.01,197.60,197.01
uptown,3830,-0.6997,0.7144,200.47,197.50,197.71,197.00
uptown,3835,-0.7007,0.7135,199.33,199.03,197.82,196.95
uptown,3840,-0.7035,0.7107,200.18,199.11,197.96,196.86
uptown,3845,-0.7105,0.7037,200.43,199.17,198.12,196.76
uptown,3850,-0.7227,0.6912,200.75,199.33,198.29,196.89
uptown,3855,-0.7330,0.6802,201.09,199.46,198.43,196.55
uptown,3860,-0.7373,0.6756,201.21,199.66,198.57,196.29
uptown,3865,-0.7385,0.6742,201.41,199.65,198.71,195.14
uptown,3870,-0.7392,0.6735,201.40,199.65,198.84,193.29
uptown,3875,-0.7412,0.6713,201.31,199.65,198.98,192.51
uptown,3880,-0.7456,0.6664,201.14,199.67,199.11,193.01
uptown,3885,-0.7497,0.6618,201.16,199.89,199.29,194.88
uptown,3890,-0.7519,0.6593,201.49,200.23,199.48,196.51
uptown,3895,-0.7536,0.6573,201.91,200.74,199.66,196.97
uptown,3900,-0.7557,0.6549,202.50,201.22,199.79,197.14
uptown,3905,-0.7576,0.6527,203.04,201.77,199.94,197.20
uptown,3910,-0.7590,0.6511,203.39,202.07,200.10,197.23
uptown,3915,-0.7601,0.6498,203.80,202.43,200.25,197.66
uptown,3920,-0.7610,0.6487,204.33,202.72,200.39,197.60
uptown,3925,-0.7614,0.6483,204.44,203.18,200.53,197.76
uptown,3930,-0.7609,0.6488,204.87,203.55,200.71,197.81
uptown,3935,-0.7607,0.6491,205.42,203.90,200.84,197.76
uptown,3940,-0.7611,0.6486,205.68,204.33,200.98,197.67
uptown,3945,-0.7607,0.6491,206.08,205.10,201.13,197.61
uptown,3950,-0.7579,0.6524,206.42,205.85,201.27,197.27
uptown,3955,-0.7529,0.6581,208.01,206.49,201.41,196.89
uptown,3960,-0.7452,0.6669,211.75,210.43,201.54,196.77
uptown,3965,-0.7342,0.6789,211.21,210.23,201.67,196.71
uptown,3970,-0.7193,0.6947,210.73,206.46,201.76,196.58
uptown,3975,-0.7035,0.7107,210.64,205.15,201.82,197.25
uptown,3980,-0.6885,0.7252,210.65,204.88,201.89,197.44
uptown,3985,-0.6738,0.7389,210.66,204.61,201.95,197.85
uptown,3990,-0.6583,0.7528,210.65,204.98,201.98,198.17
uptown,3995,-0.6430,0.7658,210.68,204.62,201.99,198.71
uptown,4000,-0.6271,0.7789,210.74,203.41,201.98,199.35
uptown,4005,-0.6047,0.7964,210.75,201.59,201.95,200.33
uptown,4010,-0.5668,0.8238,210.77,200.47,201.88,201.07
uptown,4015,-0.5027,0.8645,210.81,200.35,201.70,201.28
uptown,4020,-0.4093,0.9124,210.83,200.38,201.37,201.30
uptown,4025,-0.3495,0.9369,210.88,201.54,200.93,201.33
uptown,4030,-0.3652,0.9309,210.89,202.24,201.00,201.37
uptown,4035,-0.4059,0.9139,210.86,203.13,201.06,201.35
uptown,4040,-0.4371,0.8994,211.20,203.97,201.11,201.40
uptown,4045,-0.4489,0.8936,211.32,204.44,201.08,201.91
uptown,4050,-0.4372,0.8994,211.57,204.76,201.04,202.62
uptown,4055,-0.4146,0.9100,211.71,205.49,201.03,203.02
uptown,4060,-0.3876,0.9218,211.86,206.22,200.97,203.52
uptown,4065,-0.3583,0.9336,212.03,207.33,200.84,203.52
uptown,4070,-0.3267,0.9451,212.21,208.26,200.69,202.95
uptown,4075,-0.2960,0.9552,212.38,208.35,200.59,202.27
uptown,4080,-0.2674,0.9636,212.45,208.39,200.53,201.66
uptown,4085,-0.2400,0.9708,212.52,208.83,200.53,200.88
uptown,4090,-0.2129,0.9771,212.60,209.22,200.58,199.90
uptown,4095,-0.1873,0.9823,212.59,209.42,200.68,199.08
uptown,4100,-0.1636,0.9865,212.48,209.49,200.59,199.20
uptown,4105,-0.1419,0.9899,212.41,209.28,200.23,199.55
uptown,4110,-0.1216,0.9926,212.42,209.26,199.78,199.94
uptown,4115,-0.1033,0.9946,213.68,209.34,199.55,200.32
uptown,4120,-0.0870,0.9962,214.97,208.64,199.57,200.58
uptown,4125,-0.0711,0.9975,212.89,208.22,200.02,200.40
uptown,4130,-0.0540,0.9985,212.01,210.06,200.83,200.72
uptown,4135,-0.0358,0.9994,210.45,211.80,201.38,200.04
uptown,4140,-0.0165,0.9999,210.26,211.73,201.05,199.51
uptown,4145,0.0017,1.0000,210.99,212.13,201.32,198.90
uptown,4150,0.0187,0.9998,211.22,212.31,201.51,198.96
uptown,4155,0.0381,0.9993,211.02,212.22,201.85,199.81
uptown,4160,0.0629,0.9980,210.96,211.91,202.38,201.17
uptown,4165,0.0882,0.9961,210.88,211.02,203.21,202.47
uptown,4170,0.1121,0.9937,210.71,210.06,203.99,204.06
uptown,4175,0.1372,0.9905,210.58,209.31,203.65,205.16
uptown,4180,0.1654,0.9862,210.56,208.47,201.51,203.91
uptown,4185,0.1925,0.9813,210.54,208.34,200.78,202.46
uptown,4190,0.2166,0.9763,210.52,208.32,200.92,203.40
uptown,4195,0.2401,0.9708,210.55,209.38,201.03,204.90
uptown,4200,0.2651,0.9642,210.43,209.00,201.22,205.99
uptown,4205,0.2901,0.9570,210.34,208.76,201.39,206.14
uptown,4210,0.3147,0.9492,210.24,208.37,201.94,206.33
uptown,4215,0.3386,0.9409,210.23,208.53,202.92,206.52
uptown,4220,0.3628,0.9319,210.13,209.05,204.05,206.50
uptown,4225,0.3873,0.9220,209.85,210.46,205.20,206.15
uptown,4230,0.4130,0.9107,209.73,210.29,206.26,205.46
uptown,4235,0.4396,0.8982,209.65,209.43,206.71,205.37
uptown,4240,0.4676,0.8839,209.33,206.84,206.95,206.16
uptown,4245,0.4948,0.8690,208.88,206.62,207.23,207.37
uptown,4250,0.5206,0.8538,208.41,206.78,207.57,207.82
uptown,4255,0.5446,0.8387,208.03,206.95,207.90,208.10
uptown,4260,0.5673,0.8235,207.73,206.88,208.21,208.36
uptown,4265,0.5878,0.8090,207.50,206.87,208.45,208.56
uptown,4270,0.6063,0.7952,207.39,207.07,208.66,208.76
uptown,4275,0.6247,0.7809,207.47,207.41,208.85,209.08
uptown,4280,0.6446,0.7646,207.65,207.77,209.15,210.04
uptown,4285,0.6644,0.7474,207.62,208.04,209.69,211.46
uptown,4290,0.6835,0.7299,207.67,208.24,210.35,213.10
uptown,4295,0.6995,0.7146,207.53,208.36,210.92,214.72
uptown,4300,0.7126,0.7016,207.31,208.71,211.34,216.44
uptown,4305,0.7286,0.6849,208.62,208.84,211.69,218.19
uptown,4310,0.7508,0.6605,208.65,209.20,212.07,219.69
uptown,4315,0.7716,0.6361,208.13,209.74,212.50,220.84
uptown,4320,0.7841,0.6207,208.46,210.34,212.94,221.66
uptown,4325,0.7768,0.6297,209.90,211.01,213.36,222.15
uptown,4330,0.7438,0.6684,211.46,211.80,213.73,222.32
uptown,4335,0.7135,0.7006,214.66,212.51,214.08,222.61
uptown,4340,0.7093,0.7050,214.61,212.15,214.49,222.67
uptown,4345,0.7324,0.6809,214.78,210.29,215.02,222.33
uptown,4350,0.7763,0.6303,214.85,211.12,215.76,220.85
uptown,4355,0.8118,0.5839,215.22,212.80,216.53,219.23
uptown,4360,0.8294,0.5587,215.58,214.01,217.01,218.13
uptown,4365,0.8372,0.5469,215.75,214.98,217.37,217.83
uptown,4370,0.8402,0.5423,215.94,214.98,217.91,217.97
uptown,4375,0.8418,0.5398,216.11,214.37,218.54,218.22
uptown,4380,0.8433,0.5374,215.77,213.60,219.17,218.27
uptown,4385,0.8440,0.5364,215.89,213.40,219.82,218.44
uptown,4390,0.8432,0.5377,216.28,213.73,220.45,218.45
uptown,4395,0.8411,0.5409,216.46,214.06,221.06,218.58
uptown,4400,0.8377,0.5461,216.04,214.36,221.63,218.75
uptown,4405,0.8336,0.5524,215.61,214.23,222.17,218.89
uptown,4410,0.8292,0.5590,214.83,214.27,222.53,218.63
uptown,4415,0.8261,0.5635,213.65,214.61,220.50,218.65
uptown,4420,0.8252,0.5649,214.34,214.82,218.20,220.29
uptown,4425,0.8251,0.5650,214.65,214.87,218.46,221.30
uptown,4430,0.8256,0.5643,214.82,215.85,220.12,221.74
uptown,4435,0.8280,0.5608,215.35,216.93,220.51,221.96
uptown,4440,0.8326,0.5538,215.89,216.76,220.90,222.32
uptown,4445,0.8365,0.5480,216.28,216.68,221.22,222.47
uptown,4450,0.8382,0.5454,216.47,217.41,221.02,222.76
uptown,4455,0.8387,0.5445,216.69,218.23,220.71,223.16
uptown,4460,0.8389,0.5443,218.34,218.76,220.56,223.34
uptown,4465,0.8389,0.5443,218.97,219.15,220.59,223.50
uptown,4470,0.8388,0.5444,219.78,219.44,220.74,223.17
uptown,4475,0.8386,0.5448,220.02,219.64,220.94,222.70
uptown,4480,0.8382,0.5454,219.93,219.80,221.12,222.44
uptown,4485,0.8384,0.5450,219.87,219.93,221.40,222.24
uptown,4490,0.8396,0.5432,219.89,220.08,221.69,222.05
uptown,4495,0.8403,0.5422,220.21,220.29,221.66,224.79
uptown,4500,0.8398,0.5430,221.03,220.79,223.62,225.34
uptown,4505,0.8391,0.5439,221.02,220.98,223.90,225.15
uptown,4510,0.8389,0.5442,221.14,221.58,223.60,226.24
uptown,4515,0.8389,0.5443,221.27,221.69,223.54,228.30
uptown,4520,0.8389,0.5443,221.22,221.52,223.57,225.63
uptown,4525,0.8389,0.5443,221.39,221.66,223.69,225.60
uptown,4530,0.8389,0.5442,221.68,221.89,223.80,226.02
uptown,4535,0.8391,0.5440,222.02,222.08,223.60,225.92
uptown,4540,0.8394,0.5436,221.97,222.07,223.18,225.33
uptown,4545,0.8394,0.5435,222.00,221.91,223.17,225.12
uptown,4550,0.8392,0.5438,221.77,221.95,223.41,224.18
uptown,4555,0.8390,0.5442,222.14,222.00,223.40,223.91
uptown,4560,0.8389,0.5443,221.83,222.18,223.70,224.27
uptown,4565,0.8389,0.5443,222.07,222.10,222.34,224.10
uptown,4570,0.8390,0.5441,222.13,222.09,222.55,223.11
uptown,4575,0.8394,0.5435,221.97,222.09,222.42,222.77
uptown,4580,0.8402,0.5423,222.27,222.05,222.28,223.37
uptown,4585,0.8405,0.5419,222.01,221.92,222.30,224.48
uptown,4590,0.8401,0.5425,221.82,223.17,223.82,224.13
uptown,4595,0.8397,0.5431,221.97,223.58,224.00,222.53
tryon,0,-0.6894,0.7244,226.22,226.64,226.63,226.65
tryon,5,-0.6989,0.7152,226.31,226.85,226.89,227.02
tryon,10,-0.7252,0.6886,226.51,227.34,227.11,227.23
tryon,15,-0.7520,0.6592,225.75,227.66,227.34,227.37
tryon,20,-0.7627,0.6467,225.96,227.65,227.63,227.52
tryon,25,-0.7644,0.6447,226.65,227.60,227.76,227.66
tryon,30,-0.7644,0.6447,226.51,227.48,227.53,227.76
tryon,35,-0.7638,0.6455,226.62,227.58,227.85,228.10
tryon,40,-0.7622,0.6473,227.10,227.72,228.11,228.36
tryon,45,-0.7607,0.6491,227.37,227.86,228.17,228.53
tryon,50,-0.7603,0.6496,227.48,228.15,228.44,228.72
tryon,55,-0.7614,0.6482,227.51,228.30,228.79,229.02
tryon,60,-0.7646,0.6445,227.37,228.42,228.88,229.09
tryon,65,-0.7680,0.6404,227.14,228.35,228.92,229.07
tryon,70,-0.7700,0.6380,226.91,228.44,229.01,229.17
tryon,75,-0.7707,0.6372,226.58,228.43,229.19,229.31
tryon,80,-0.7703,0.6377,226.27,228.26,228.99,229.31
tryon,85,-0.7698,0.6383,225.99,228.03,229.29,229.29
tryon,90,-0.7701,0.6380,225.72,227.88,229.31,229.23
tryon,95,-0.7693,0.6389,225.61,227.55,229.15,229.15
tryon,100,-0.7657,0.6432,225.58,227.23,228.66,228.99
tryon,105,-0.7618,0.6478,224.43,227.77,228.73,229.01
tryon,110,-0.7601,0.6499,224.32,228.49,228.62,228.84
tryon,115,-0.7588,0.6513,224.57,228.70,228.37,228.62
tryon,120,-0.7564,0.6541,224.58,228.67,228.31,228.55
tryon,125,-0.7541,0.6568,224.17,228.51,228.41,228.48
tryon,130,-0.7532,0.6578,224.15,227.73,228.41,228.38
tryon,135,-0.7531,0.6579,223.95,226.75,228.15,227.86
tryon,140,-0.7536,0.6573,224.39,226.90,228.39,227.79
tryon,145,-0.7567,0.6537,224.84,227.16,228.47,227.89
tryon,150,-0.7645,0.6446,225.25,227.40,228.49,227.82
tryon,155,-0.7716,0.6360,225.78,227.58,228.48,227.91
tryon,160,-0.7730,0.6344,225.80,227.25,228.29,228.06
tryon,165,-0.7710,0.6368,226.27,227.69,228.36,227.82
tryon,170,-0.7681,0.6403,226.44,227.71,228.52,227.84
tryon,175,-0.7656,0.6433,226.46,227.80,228.75,227.95
tryon,180,-0.7646,0.6445,226.61,227.93,228.86,228.27
tryon,185,-0.7641,0.6451,226.73,228.01,228.53,228.73
tryon,190,-0.7633,0.6461,226.69,228.00,228.63,228.85
tryon,195,-0.7625,0.6470,226.65,228.05,228.96,228.90
tryon,200,-0.7625,0.6470,226.70,227.92,229.72,229.61
tryon,205,-0.7634,0.6459,226.87,227.80,229.04,228.78
tryon,210,-0.7656,0.6433,226.83,227.84,228.87,228.80
tryon,215,-0.7669,0.6417,226.85,227.83,228.57,228.69
tryon,220,-0.7656,0.6434,226.83,227.79,228.40,228.38
tryon,225,-0.7634,0.6459,227.02,227.73,228.99,228.65
tryon,230,-0.7625,0.6470,226.93,227.55,229.12,228.70
tryon,235,-0.7625,0.6470,226.82,227.34,228.98,228.88
tryon,240,-0.7633,0.6460,227.03,227.54,228.85,228.76
tryon,245,-0.7641,0.6451,227.00,227.67,228.86,228.76
tryon,250,-0.7642,0.6450,226.97,228.01,228.64,228.75
tryon,255,-0.7627,0.6467,227.23,228.05,228.45,228.25
tryon,260,-0.7589,0.6512,228.43,228.58,228.46,228.15
tryon,265,-0.7554,0.6553,228.41,228.70,228.55,228.07
tryon,270,-0.7546,0.6562,228.21,228.70,228.75,228.20
tryon,275,-0.7554,0.6553,228.32,228.75,228.63,228.31
tryon,280,-0.7567,0.6537,228.43,228.87,228.70,228.43
tryon,285,-0.7594,0.6506,227.67,228.54,228.72,228.54
tryon,290,-0.7645,0.6447,227.63,228.20,228.76,228.46
tryon,295,-0.7689,0.6394,227.79,228.62,228.84,228.76
tryon,300,-0.7698,0.6382,227.37,227.98,228.83,228.60
tryon,305,-0.7687,0.6396,227.27,227.75,228.93,228.39
tryon,310,-0.7671,0.6415,227.21,227.54,229.13,228.03
tryon,315,-0.7671,0.6415,227.26,227.52,228.66,227.84
tryon,320,-0.7703,0.6377,227.34,227.95,228.35,227.90
tryon,325,-0.7735,0.6338,227.26,227.96,228.34,228.02
tryon,330,-0.7735,0.6338,227.11,228.07,228.40,228.20
tryon,335,-0.7725,0.6350,227.28,227.94,228.46,228.36
tryon,340,-0.7725,0.6350,227.36,227.74,228.39,228.46
tryon,345,-0.7725,0.6350,227.26,227.40,228.01,228.34
tryon,350,-0.7713,0.6365,227.18,227.49,227.85,228.13
tryon,355,-0.7701,0.6379,227.23,227.35,227.76,228.12
tryon,360,-0.7702,0.6378,227.42,227.71,227.80,227.89
tryon,365,-0.7700,0.6380,226.89,227.19,227.65,228.30
tryon,370,-0.7682,0.6402,226.46,226.90,227.53,228.04
tryon,375,-0.7675,0.6411,226.22,226.83,227.48,228.19
tryon,380,-0.7707,0.6372,226.04,226.67,227.03,227.53
tryon,385,-0.7756,0.6312,225.95,226.40,226.38,226.23
tryon,390,-0.7800,0.6258,225.94,226.18,226.27,225.68
tryon,395,-0.7819,0.6233,225.70,226.10,226.60,226.82
tryon,400,-0.7801,0.6257,222.01,223.35,225.58,225.97
tryon,405,-0.7769,0.6296,217.41,218.62,220.82,221.23
tryon,410,-0.7750,0.6320,215.99,216.10,216.61,216.87
tryon,415,-0.7743,0.6328,216.29,216.36,216.56,216.64
tryon,420,-0.7748,0.6322,216.49,216.61,216.85,216.95
tryon,425,-0.7756,0.6313,216.56,216.73,217.04,217.15
tryon,430,-0.7758,0.6309,216.36,216.53,216.92,217.22
tryon,435,-0.7756,0.6313,216.08,216.25,216.74,217.17
tryon,440,-0.7747,0.6324,216.47,216.91,216.52,217.00
tryon,445,-0.7736,0.6337,220.90,221.65,220.07,219.29
tryon,450,-0.7728,0.6347,222.71,223.75,224.90,224.38
tryon,455,-0.7733,0.6341,222.62,223.71,225.65,227.00
tryon,460,-0.7759,0.6309,222.37,223.52,225.38,226.27
tryon,465,-0.7779,0.6284,222.27,223.24,223.92,224.23
tryon,470,-0.7765,0.6301,222.13,223.08,223.81,224.34
tryon,475,-0.7731,0.6342,222.28,223.12,224.80,225.56
tryon,480,-0.7691,0.6391,222.35,223.23,224.45,227.83
tryon,485,-0.7659,0.6430,222.46,223.18,224.35,228.09
tryon,490,-0.7635,0.6458,222.61,223.13,224.48,228.33
tryon,495,-0.7563,0.6542,222.36,223.01,224.68,227.38
tryon,500,-0.7376,0.6752,221.74,223.03,224.76,226.84
tryon,505,-0.7130,0.7012,220.94,223.04,224.42,226.25
tryon,510,-0.6890,0.7248,220.69,223.02,224.49,225.66
tryon,515,-0.6700,0.7424,220.77,223.03,224.46,225.04
tryon,520,-0.6605,0.7508,221.23,223.01,224.46,224.58
tryon,525,-0.6566,0.7542,221.74,222.40,224.50,224.61
tryon,530,-0.6552,0.7554,221.74,222.14,224.33,224.52
tryon,535,-0.6536,0.7569,221.42,222.45,224.03,224.48
tryon,540,-0.6499,0.7600,221.21,222.50,223.90,224.32
tryon,545,-0.6463,0.7631,221.60,222.88,224.14,224.59
tryon,550,-0.6448,0.7644,223.19,223.74,224.32,224.65
tryon,555,-0.6441,0.7649,223.38,223.81,224.67,224.73
tryon,560,-0.6432,0.7657,223.80,224.07,225.02,224.80
tryon,565,-0.6426,0.7662,224.01,224.26,225.33,224.84
tryon,570,-0.6431,0.7658,223.99,224.32,224.87,224.91
tryon,575,-0.6433,0.7656,223.89,224.46,224.98,225.03
tryon,580,-0.6419,0.7668,224.06,224.83,225.37,225.16
tryon,585,-0.6404,0.7680,224.16,225.31,225.46,225.28
tryon,590,-0.6406,0.7679,225.13,225.89,225.60,225.49
tryon,595,-0.6414,0.7672,224.86,226.08,225.58,225.33
tryon,600,-0.6420,0.7667,224.67,225.55,225.66,225.33
tryon,605,-0.6429,0.7660,224.94,223.60,226.08,225.62
tryon,610,-0.6446,0.7646,225.03,226.05,226.28,225.83
tryon,615,-0.6459,0.7634,224.83,225.99,226.50,225.95
tryon,620,-0.6456,0.7637,224.66,225.81,226.84,226.18
tryon,625,-0.6441,0.7649,224.68,225.95,227.11,226.20
tryon,630,-0.6419,0.7668,224.94,226.18,227.54,226.77
tryon,635,-0.6396,0.7687,225.21,226.47,227.47,226.69
tryon,640,-0.6378,0.7702,225.47,226.77,227.50,226.83
tryon,645,-0.6363,0.7714,225.72,227.00,227.41,226.98
tryon,650,-0.6354,0.7721,225.95,227.04,227.43,227.08
tryon,655,-0.6368,0.7710,226.18,226.89,227.63,227.37
tryon,660,-0.6417,0.7670,226.37,227.00,227.70,227.07
tryon,665,-0.6452,0.7640,226.19,226.72,227.40,227.07
tryon,670,-0.6428,0.7661,226.44,226.96,227.51,227.41
tryon,675,-0.6389,0.7693,227.36,227.53,227.75,227.62
tryon,680,-0.6380,0.7700,227.74,227.73,228.03,227.94
tryon,685,-0.6388,0.7694,228.22,227.82,228.15,228.12
tryon,690,-0.6393,0.7689,228.73,227.88,228.11,228.16
tryon,695,-0.6405,0.7680,229.18,228.27,228.08,227.97
tryon,700,-0.6430,0.7659,229.27,229.23,228.37,227.57
tryon,705,-0.6446,0.7646,229.29,229.26,228.58,227.70
tryon,710,-0.6432,0.7657,229.26,229.33,228.79,227.33
tryon,715,-0.6422,0.7665,229.30,229.23,228.99,226.48
tryon,720,-0.6449,0.7643,229.26,229.21,228.73,225.94
tryon,725,-0.6488,0.7610,229.29,229.28,229.08,228.82
tryon,730,-0.6512,0.7589,229.07,229.32,229.14,228.64
tryon,735,-0.6523,0.7580,229.17,229.44,229.29,228.94
tryon,740,-0.6524,0.7579,229.16,229.40,229.50,229.25
tryon,745,-0.6512,0.7589,228.99,229.35,229.57,229.52
tryon,750,-0.6485,0.7612,228.87,229.33,229.56,229.57
tryon,755,-0.6458,0.7635,228.77,229.35,229.64,229.56
tryon,760,-0.6447,0.7644,228.79,229.47,229.77,229.48
tryon,765,-0.6441,0.7649,228.88,229.50,229.80,229.39
tryon,770,-0.6432,0.7657,228.98,229.59,229.78,229.31
tryon,775,-0.6426,0.7662,228.98,229.78,229.85,229.52
tryon,780,-0.6433,0.7656,229.01,229.89,229.93,229.68
tryon,785,-0.6446,0.7645,229.19,229.94,230.02,229.83
tryon,790,-0.6460,0.7633,229.25,230.03,230.13,229.57
tryon,795,-0.6470,0.7625,229.16,229.77,230.16,229.67
tryon,800,-0.6472,0.7624,229.42,230.08,230.22,229.47
tryon,805,-0.6467,0.7627,230.41,230.48,230.08,228.49
tryon,810,-0.6460,0.7634,231.46,231.07,230.50,227.84
tryon,815,-0.6459,0.7635,231.93,231.38,230.96,227.98
tryon,820,-0.6474,0.7622,232.03,231.49,231.29,230.80
tryon,825,-0.6491,0.7607,232.37,231.63,231.48,231.52
tryon,830,-0.6498,0.7601,232.83,231.69,231.84,231.81
tryon,835,-0.6500,0.7600,232.27,231.87,232.25,232.04
tryon,840,-0.6498,0.7601,232.16,232.31,232.33,232.29
tryon,845,-0.6491,0.7607,231.68,232.34,232.32,232.40
tryon,850,-0.6472,0.7623,230.75,232.47,232.40,232.45
tryon,855,-0.6450,0.7642,230.26,232.22,232.50,232.22
tryon,860,-0.6434,0.7655,230.18,231.77,232.37,232.18
tryon,865,-0.6431,0.7658,230.10,231.72,232.43,232.30
tryon,870,-0.6447,0.7645,230.37,231.87,232.60,232.47
tryon,875,-0.6465,0.7629,231.92,231.98,232.79,231.98
tryon,880,-0.6471,0.7624,231.94,231.90,232.66,231.22
tryon,885,-0.6467,0.7627,232.05,232.06,232.44,230.37
tryon,890,-0.6458,0.7635,232.11,232.30,232.00,229.73
tryon,895,-0.6450,0.7642,231.93,232.34,231.52,229.36
tryon,900,-0.6449,0.7643,231.64,232.35,231.29,229.20
tryon,905,-0.6463,0.7630,231.35,232.34,231.20,229.17
tryon,910,-0.6498,0.7601,229.57,232.02,231.05,229.22
tryon,915,-0.6524,0.7579,227.35,231.69,230.94,229.50
tryon,920,-0.6511,0.7590,228.09,230.33,230.84,229.86
tryon,925,-0.6487,0.7611,229.19,230.31,230.65,230.10
tryon,930,-0.6476,0.7620,230.30,230.70,230.38,229.90
tryon,935,-0.6481,0.7616,230.37,230.77,230.51,229.83
tryon,940,-0.6500,0.7599,230.41,230.62,230.49,229.65
tryon,945,-0.6519,0.7583,230.40,230.44,230.64,229.28
tryon,950,-0.6526,0.7577,230.50,230.26,230.65,228.73
tryon,955,-0.6530,0.7574,230.07,230.12,230.67,228.32
tryon,960,-0.6536,0.7568,230.07,230.06,230.66,228.12
tryon,965,-0.6531,0.7572,230.06,230.17,230.62,228.32
tryon,970,-0.6500,0.7600,229.93,230.03,230.24,228.09
tryon,975,-0.6472,0.7624,229.82,229.91,229.62,228.03
tryon,980,-0.6477,0.7619,229.67,229.81,228.81,227.82
tryon,985,-0.6500,0.7599,229.12,229.48,228.52,227.19
tryon,990,-0.6524,0.7579,228.77,229.29,228.33,226.66
tryon,995,-0.6536,0.7568,228.38,229.01,227.97,226.51
tryon,1000,-0.6525,0.7578,228.49,229.00,228.37,225.23
tryon,1005,-0.6508,0.7593,228.78,229.24,229.54,224.24
tryon,1010,-0.6501,0.7599,229.16,229.36,229.53,224.43
tryon,1015,-0.6500,0.7600,228.97,229.41,229.06,224.50
tryon,1020,-0.6500,0.7600,228.89,229.32,228.34,224.61
tryon,1025,-0.6500,0.7600,228.84,229.18,227.78,224.71
tryon,1030,-0.6498,0.7601,228.67,229.12,228.57,225.16
tryon,1035,-0.6491,0.7607,228.62,229.18,229.46,227.82
tryon,1040,-0.6476,0.7619,228.62,229.31,229.84,229.72
tryon,1045,-0.6481,0.7616,228.65,229.48,230.26,229.91
tryon,1050,-0.6527,0.7576,228.69,229.23,230.21,229.90
tryon,1055,-0.6573,0.7537,228.71,229.18,229.77,229.73
tryon,1060,-0.6575,0.7534,228.51,229.11,229.22,229.49
tryon,1065,-0.6557,0.7550,228.59,229.17,229.40,229.60
tryon,1070,-0.6542,0.7563,228.73,229.18,229.47,229.47
tryon,1075,-0.6532,0.7572,228.76,229.11,229.44,229.45
tryon,1080,-0.6527,0.7576,228.66,229.03,229.37,229.43
tryon,1085,-0.6526,0.7577,228.27,228.58,229.34,229.42
tryon,1090,-0.6527,0.7576,227.19,228.39,229.36,229.38
tryon,1095,-0.6532,0.7572,227.01,228.17,229.30,229.39
tryon,1100,-0.6539,0.7566,226.63,227.67,229.46,229.47
tryon,1105,-0.6536,0.7568,226.48,227.69,229.29,229.41
tryon,1110,-0.6511,0.7590,225.95,227.62,228.98,229.20
tryon,1115,-0.6484,0.7613,224.85,227.13,228.53,229.05
tryon,1120,-0.6477,0.7619,225.17,226.63,228.09,228.90
tryon,1125,-0.6487,0.7610,225.02,226.51,228.52,229.03
tryon,1130,-0.6513,0.7588,225.02,226.32,230.10,228.96
tryon,1135,-0.6532,0.7572,224.84,226.06,230.21,228.86
tryon,1140,-0.6526,0.7577,224.76,225.03,228.00,228.65
tryon,1145,-0.6517,0.7585,224.60,225.13,228.35,228.86
tryon,1150,-0.6529,0.7574,224.53,225.56,227.75,228.28
tryon,1155,-0.6553,0.7553,224.66,225.55,227.97,228.64
tryon,1160,-0.6576,0.7533,224.65,225.29,227.74,228.44
tryon,1165,-0.6581,0.7530,225.10,225.43,227.89,228.01
tryon,1170,-0.6551,0.7555,225.14,225.93,228.00,228.20
tryon,1175,-0.6517,0.7585,225.40,226.38,228.01,228.36
tryon,1180,-0.6505,0.7595,225.84,226.17,228.02,228.47
tryon,1185,-0.6517,0.7585,226.29,226.67,227.63,228.50
tryon,1190,-0.6551,0.7555,226.47,226.70,227.90,228.70
tryon,1195,-0.6572,0.7537,227.21,227.21,228.09,228.65
tryon,1200,-0.6551,0.7555,227.39,227.50,228.32,228.60
tryon,1205,-0.6525,0.7578,227.67,227.68,228.43,228.69
tryon,1210,-0.6532,0.7572,227.83,227.96,228.37,228.96
tryon,1215,-0.6562,0.7546,227.93,228.03,228.40,229.02
tryon,1220,-0.6605,0.7508,228.21,228.31,229.28,229.17
tryon,1225,-0.6638,0.7479,228.17,228.50,229.49,229.33
tryon,1230,-0.6642,0.7475,228.13,228.44,229.78,229.56
tryon,1235,-0.6625,0.7491,228.07,228.46,229.80,229.62
tryon,1240,-0.6594,0.7518,228.17,228.67,229.77,229.64
tryon,1245,-0.6566,0.7542,228.52,228.91,229.79,229.73
tryon,1250,-0.6556,0.7551,228.83,229.13,229.81,229.80
tryon,1255,-0.6558,0.7549,229.01,229.24,229.61,229.88
tryon,1260,-0.6568,0.7541,229.20,229.38,229.67,229.93
tryon,1265,-0.6581,0.7529,229.34,229.50,229.96,229.93
tryon,1270,-0.6593,0.7518,229.50,229.62,229.98,229.81
tryon,1275,-0.6602,0.7511,229.92,229.89,229.99,229.70
tryon,1280,-0.6605,0.7508,230.05,229.98,230.00,229.72
tryon,1285,-0.6602,0.7511,230.38,230.14,229.97,229.54
tryon,1290,-0.6596,0.7517,230.71,230.29,229.77,229.56
tryon,1295,-0.6598,0.7515,231.04,230.44,229.65,229.25
tryon,1300,-0.6619,0.7496,231.06,230.26,229.85,229.27
tryon,1305,-0.6630,0.7486,231.08,230.22,229.71,229.15
tryon,1310,-0.6608,0.7506,231.25,230.23,229.04,228.16
tryon,1315,-0.6595,0.7517,231.04,230.13,228.43,227.74
tryon,1320,-0.6633,0.7484,231.02,230.14,228.50,227.73
tryon,1325,-0.6666,0.7454,231.24,229.78,228.61,227.70
tryon,1330,-0.6643,0.7475,231.60,229.65,228.57,227.16
tryon,1335,-0.6606,0.7508,232.61,230.68,228.18,226.60
tryon,1340,-0.6597,0.7515,233.00,233.33,229.80,230.52
tryon,1345,-0.6603,0.7510,233.76,233.95,233.54,233.07
tryon,1350,-0.6607,0.7507,235.13,234.54,233.82,233.30
tryon,1355,-0.6615,0.7499,235.29,234.76,234.13,233.56
tryon,1360,-0.6638,0.7480,235.30,234.95,234.36,233.79
tryon,1365,-0.6682,0.7440,235.15,234.50,233.16,231.47
tryon,1370,-0.6756,0.7372,233.35,232.69,230.72,228.41
tryon,1375,-0.6848,0.7287,232.59,232.49,230.47,228.11
tryon,1380,-0.6948,0.7192,232.17,232.25,230.40,227.95
tryon,1385,-0.7051,0.7091,229.18,227.85,225.68,224.00
tryon,1390,-0.7157,0.6984,225.96,225.29,223.39,222.80
tryon,1395,-0.7246,0.6892,226.55,225.10,222.80,222.60
tryon,1400,-0.7300,0.6835,226.51,225.03,222.29,222.27
tryon,1405,-0.7325,0.6808,226.34,224.92,221.46,221.56
tryon,1410,-0.7325,0.6808,226.12,224.72,220.71,220.89
tryon,1415,-0.7304,0.6830,226.59,224.44,220.47,220.55
tryon,1420,-0.7263,0.6873,226.51,224.28,219.92,220.02
tryon,1425,-0.7202,0.6938,225.49,224.10,219.07,219.85
tryon,1430,-0.7111,0.7031,222.34,220.74,218.15,220.30
tryon,1435,-0.6979,0.7162,221.10,218.69,218.07,220.32
tryon,1440,-0.6807,0.7326,221.06,219.44,219.12,218.53
tryon,1445,-0.6732,0.7395,219.72,219.73,218.59,217.44
tryon,1450,-0.6882,0.7255,219.34,219.68,218.91,215.59
tryon,1455,-0.7074,0.7068,218.99,219.08,218.89,217.70
tryon,1460,-0.7140,0.7002,218.85,218.89,218.77,218.58
tryon,1465,-0.7115,0.7026,218.85,218.85,218.85,218.85
tryon,1470,-0.7036,0.7106,218.75,218.77,218.91,218.86
tryon,1475,-0.6913,0.7225,218.63,218.75,217.78,219.53
tryon,1480,-0.6753,0.7376,218.59,218.41,219.09,219.63
tryon,1485,-0.6615,0.7499,218.64,216.19,219.12,219.60
tryon,1490,-0.6562,0.7546,218.01,215.19,219.11,219.59
tryon,1495,-0.6554,0.7553,217.26,215.13,219.11,219.57
tryon,1500,-0.6553,0.7554,216.28,214.68,219.09,219.55
tryon,1505,-0.6553,0.7554,215.91,215.12,219.05,219.54
tryon,1510,-0.6554,0.7553,219.20,215.07,219.04,219.50
tryon,1515,-0.6558,0.7549,215.06,214.76,219.01,219.49
tryon,1520,-0.6576,0.7534,214.35,214.68,218.94,219.49
tryon,1525,-0.6634,0.7483,214.07,214.61,218.14,219.36
tryon,1530,-0.6754,0.7375,213.65,214.95,216.03,217.76
tryon,1535,-0.6868,0.7269,213.42,214.34,215.61,217.54
tryon,1540,-0.6915,0.7224,212.38,213.42,214.71,217.86
tryon,1545,-0.6936,0.7203,212.38,213.50,214.52,217.72
tryon,1550,-0.6974,0.7167,212.26,213.37,214.24,216.65
tryon,1555,-0.7026,0.7116,212.03,212.87,214.13,214.77
tryon,1560,-0.7081,0.7061,212.05,212.99,213.54,213.72
tryon,1565,-0.7118,0.7024,212.19,213.07,213.31,213.11
tryon,1570,-0.7118,0.7023,212.75,213.06,213.21,212.94
tryon,1575,-0.7108,0.7034,213.22,213.01,213.24,213.27
tryon,1580,-0.7109,0.7033,213.72,213.16,213.18,213.61
tryon,1585,-0.7113,0.7029,214.03,213.83,213.11,213.58
tryon,1590,-0.7108,0.7034,214.28,213.78,212.73,213.27
tryon,1595,-0.7104,0.7038,214.41,214.14,213.56,213.90
tryon,1600,-0.7109,0.7033,214.59,214.54,213.77,214.02
tryon,1605,-0.7117,0.7025,214.61,214.50,213.87,214.30
tryon,1610,-0.7118,0.7023,214.52,214.38,213.82,214.38
tryon,1615,-0.7109,0.7033,214.20,214.11,213.81,214.09
tryon,1620,-0.7085,0.7057,213.61,214.03,213.77,213.73
tryon,1625,-0.7074,0.7068,213.13,213.69,214.20,213.92
tryon,1630,-0.7094,0.7048,213.70,213.95,214.23,213.91
tryon,1635,-0.7098,0.7044,213.71,214.05,214.12,214.15
tryon,1640,-0.7042,0.7100,213.70,214.12,213.91,214.57
tryon,1645,-0.6972,0.7169,213.70,214.05,214.08,215.51
tryon,1650,-0.6936,0.7204,213.66,213.92,214.23,218.69
tryon,1655,-0.6920,0.7219,213.81,213.76,214.24,220.46
tryon,1660,-0.6912,0.7227,214.29,214.04,214.56,220.50
tryon,1665,-0.6932,0.7208,214.39,214.34,218.14,220.06
tryon,1670,-0.7001,0.7140,214.42,214.27,220.35,218.82
tryon,1675,-0.7086,0.7056,213.88,213.64,220.42,217.25
tryon,1680,-0.7152,0.6989,214.62,213.98,219.73,216.03
tryon,1685,-0.7184,0.6956,214.99,214.72,217.42,216.38
tryon,1690,-0.7165,0.6976,215.51,217.84,214.64,216.24
tryon,1695,-0.7124,0.7018,216.04,219.41,214.55,215.22
tryon,1700,-0.7085,0.7058,216.67,219.89,214.74,215.02
tryon,1705,-0.7054,0.7088,217.45,220.14,215.79,215.10
tryon,1710,-0.7036,0.7106,218.38,220.35,216.40,215.21
tryon,1715,-0.7029,0.7113,219.29,220.08,216.68,215.52
tryon,1720,-0.7030,0.7111,219.63,219.64,216.79,215.58
tryon,1725,-0.7017,0.7125,219.69,219.32,217.03,215.81
tryon,1730,-0.6966,0.7174,219.72,218.90,217.80,216.16
tryon,1735,-0.6901,0.7237,219.83,218.15,218.04,216.59
tryon,1740,-0.6846,0.7289,220.02,218.89,218.31,217.15
tryon,1745,-0.6811,0.7322,220.09,219.16,218.57,217.57
tryon,1750,-0.6805,0.7327,220.00,219.40,218.87,218.01
tryon,1755,-0.6808,0.7325,219.83,219.70,219.20,218.46
tryon,1760,-0.6803,0.7330,219.65,219.83,219.35,218.89
tryon,1765,-0.6795,0.7337,219.56,219.99,219.84,219.46
tryon,1770,-0.6788,0.7343,219.52,220.29,220.47,219.96
tryon,1775,-0.6770,0.7360,219.55,220.70,220.96,220.61
tryon,1780,-0.6725,0.7401,219.60,221.31,221.61,221.92
tryon,1785,-0.6680,0.7442,219.95,221.39,222.30,222.39
tryon,1790,-0.6664,0.7456,219.74,220.85,222.95,222.79
tryon,1795,-0.6673,0.7448,219.75,220.85,223.34,223.14
tryon,1800,-0.6706,0.7418,219.87,220.86,223.73,223.66
tryon,1805,-0.6770,0.7360,220.09,221.20,224.03,223.50
tryon,1810,-0.6868,0.7268,220.14,222.38,223.27,223.22
tryon,1815,-0.6952,0.7188,220.29,222.81,223.03,223.14
tryon,1820,-0.6975,0.7166,220.54,223.10,223.23,223.37
tryon,1825,-0.6962,0.7179,220.57,222.97,223.34,223.48
tryon,1830,-0.6937,0.7203,220.63,222.97,223.31,223.50
tryon,1835,-0.6940,0.7200,220.81,222.87,223.19,223.26
tryon,1840,-0.7000,0.7142,221.19,222.95,223.02,222.64
tryon,1845,-0.7067,0.7075,221.79,222.80,222.72,222.07
tryon,1850,-0.7067,0.7075,221.08,222.06,222.56,222.04
tryon,1855,-0.6865,0.7271,220.86,221.50,222.42,222.09
tryon,1860,-0.6355,0.7721,220.95,221.75,222.31,222.55
tryon,1865,-0.6020,0.7985,220.90,221.78,222.33,222.62
tryon,1870,-0.6309,0.7759,220.85,221.64,222.54,222.61
tryon,1875,-0.6727,0.7399,220.92,221.51,222.34,222.71
tryon,1880,-0.6920,0.7219,220.68,220.98,222.24,222.87
tryon,1885,-0.6994,0.7148,220.57,221.04,222.21,222.83
tryon,1890,-0.7038,0.7104,220.71,221.76,222.30,222.89
tryon,1895,-0.7076,0.7066,220.62,221.75,222.32,222.97
tryon,1900,-0.7111,0.7030,220.78,221.71,222.77,223.17
tryon,1905,-0.7136,0.7005,221.18,221.62,222.82,223.11
tryon,1910,-0.7141,0.7000,221.08,221.37,222.77,222.91
tryon,1915,-0.7126,0.7016,220.94,221.31,222.43,222.70
tryon,1920,-0.7089,0.7054,220.88,221.25,221.88,222.46
tryon,1925,-0.7049,0.7093,220.81,221.26,221.63,222.25
tryon,1930,-0.7016,0.7125,220.84,221.25,221.61,222.23
tryon,1935,-0.6982,0.7159,220.79,221.17,221.91,222.48
tryon,1940,-0.6934,0.7205,220.77,221.14,222.05,222.48
tryon,1945,-0.6871,0.7265,220.72,220.98,221.81,222.32
tryon,1950,-0.6794,0.7338,220.70,220.87,221.58,222.08
tryon,1955,-0.6731,0.7396,220.71,220.78,221.24,222.01
tryon,1960,-0.6703,0.7421,220.74,220.55,220.94,221.61
tryon,1965,-0.6701,0.7423,220.70,220.39,220.29,220.75
tryon,1970,-0.6716,0.7410,220.67,220.23,220.10,220.75
tryon,1975,-0.6727,0.7399,220.61,220.12,220.04,220.56
tryon,1980,-0.6722,0.7403,220.58,220.11,220.03,220.25
tryon,1985,-0.6710,0.7414,220.52,220.24,219.60,219.89
tryon,1990,-0.6699,0.7424,219.79,220.25,219.35,219.87
tryon,1995,-0.6695,0.7428,219.05,220.20,219.80,220.51
tryon,2000,-0.6701,0.7423,218.54,218.91,220.26,220.28
tryon,2005,-0.6709,0.7416,218.40,218.48,220.42,220.11
tryon,2010,-0.6711,0.7414,218.28,218.39,220.46,219.99
tryon,2015,-0.6707,0.7417,218.16,218.19,219.61,219.88
tryon,2020,-0.6703,0.7421,218.00,218.05,218.96,219.58
tryon,2025,-0.6722,0.7404,217.80,217.98,218.98,219.02
tryon,2030,-0.6785,0.7346,217.56,217.87,218.69,218.40
tryon,2035,-0.6890,0.7248,217.24,216.94,217.73,217.09
tryon,2040,-0.7042,0.7100,217.21,216.71,216.63,216.81
tryon,2045,-0.7237,0.6902,216.63,216.60,216.37,216.40
tryon,2050,-0.7463,0.6656,216.22,216.43,216.15,216.12
tryon,2055,-0.7640,0.6452,216.10,216.25,215.96,215.82
tryon,2060,-0.7720,0.6356,215.56,215.97,215.78,215.96
tryon,2065,-0.7746,0.6325,215.41,215.47,215.65,216.38
tryon,2070,-0.7746,0.6325,215.47,215.41,215.81,216.56
tryon,2075,-0.7743,0.6328,215.46,215.58,216.05,216.42
tryon,2080,-0.7748,0.6322,215.38,215.61,216.19,216.47
tryon,2085,-0.7751,0.6318,215.28,215.52,216.29,216.51
tryon,2090,-0.7743,0.6329,214.46,214.48,216.32,216.53
tryon,2095,-0.7721,0.6356,213.45,215.01,216.34,216.51
tryon,2100,-0.7684,0.6400,213.63,215.82,216.34,216.55
tryon,2105,-0.7644,0.6448,214.16,216.01,216.35,216.58
tryon,2110,-0.7607,0.6491,214.61,216.23,216.59,216.73
tryon,2115,-0.7573,0.6531,215.64,216.60,217.06,217.16
tryon,2120,-0.7538,0.6572,215.70,217.09,217.37,217.45
tryon,2125,-0.7502,0.6612,215.77,217.34,217.53,217.55
tryon,2130,-0.7466,0.6653,215.81,217.28,217.84,217.73
tryon,2135,-0.7431,0.6692,215.83,217.41,218.25,217.85
tryon,2140,-0.7400,0.6726,216.60,217.56,218.55,217.84
tryon,2145,-0.7389,0.6739,217.18,217.47,218.83,217.94
tryon,2150,-0.7408,0.6717,217.20,217.50,219.18,218.78
tryon,2155,-0.7441,0.6681,217.59,217.69,219.13,219.27
tryon,2160,-0.7474,0.6643,217.64,217.75,219.00,219.23
tryon,2165,-0.7498,0.6617,217.53,217.73,219.06,219.25
tryon,2170,-0.7505,0.6609,217.69,217.81,219.10,219.47
tryon,2175,-0.7502,0.6612,217.38,217.70,219.02,219.88
tryon,2180,-0.7494,0.6621,216.98,217.54,218.88,219.94
tryon,2185,-0.7490,0.6625,216.74,217.60,218.68,220.02
tryon,2190,-0.7497,0.6618,216.60,217.50,218.86,219.80
tryon,2195,-0.7504,0.6610,216.52,217.26,218.99,219.96
tryon,2200,-0.7507,0.6606,216.43,217.20,219.51,220.16
tryon,2205,-0.7511,0.6601,216.44,217.22,219.50,220.27
tryon,2210,-0.7519,0.6593,216.50,217.12,219.37,220.41
tryon,2215,-0.7522,0.6590,216.49,216.93,218.97,220.29
tryon,2220,-0.7513,0.6600,216.37,216.86,218.84,219.99
tryon,2225,-0.7487,0.6630,216.22,217.10,218.62,219.85
tryon,2230,-0.7442,0.6679,216.36,218.08,218.47,219.81
tryon,2235,-0.7408,0.6717,216.84,218.03,218.46,219.65
tryon,2240,-0.7403,0.6723,217.34,217.88,218.42,219.54
tryon,2245,-0.7405,0.6721,217.80,218.19,218.39,219.41
tryon,2250,-0.7398,0.6728,217.65,218.28,218.40,219.08
tryon,2255,-0.7387,0.6740,217.10,218.13,218.37,219.04
tryon,2260,-0.7377,0.6751,216.75,217.71,218.47,218.93
tryon,2265,-0.7378,0.6751,216.84,217.56,218.80,219.10
tryon,2270,-0.7391,0.6735,217.29,217.98,218.80,218.99
tryon,2275,-0.7402,0.6724,217.48,218.07,218.78,218.85
tryon,2280,-0.7400,0.6726,217.88,218.03,218.67,218.71
tryon,2285,-0.7401,0.6725,217.58,217.98,218.56,218.56
tryon,2290,-0.7416,0.6709,216.87,218.04,218.45,218.90
tryon,2295,-0.7434,0.6688,216.82,217.98,218.36,219.00
tryon,2300,-0.7449,0.6672,216.72,217.73,218.21,218.97
tryon,2305,-0.7461,0.6658,216.70,217.31,218.19,218.95
tryon,2310,-0.7470,0.6648,216.40,216.88,218.13,219.24
tryon,2315,-0.7466,0.6653,216.43,216.65,218.16,219.07
tryon,2320,-0.7443,0.6679,216.61,216.64,218.15,218.93
tryon,2325,-0.7417,0.6707,216.82,217.41,218.38,218.96
tryon,2330,-0.7403,0.6723,217.00,217.66,219.27,219.25
tryon,2335,-0.7406,0.6720,217.08,217.63,219.25,219.42
tryon,2340,-0.7430,0.6693,217.15,217.58,219.21,219.71
tryon,2345,-0.7460,0.6659,217.11,217.48,218.98,219.57
tryon,2350,-0.7484,0.6632,217.22,217.53,218.83,219.22
tryon,2355,-0.7496,0.6619,217.11,217.54,219.01,219.09
tryon,2360,-0.7493,0.6622,217.17,217.61,219.11,219.02
tryon,2365,-0.7490,0.6625,217.27,217.69,219.00,219.01
tryon,2370,-0.7497,0.6618,217.21,217.61,218.77,218.99
tryon,2375,-0.7504,0.6610,217.31,217.47,217.53,218.05
tryon,2380,-0.7502,0.6612,217.48,217.32,216.35,216.43
tryon,2385,-0.7479,0.6638,217.12,216.98,215.73,216.10
tryon,2390,-0.7428,0.6695,216.97,216.34,215.52,216.48
tryon,2395,-0.7379,0.6749,215.97,215.31,215.54,216.54
tryon,2400,-0.7354,0.6777,215.19,215.17,215.70,216.41
tryon,2405,-0.7344,0.6787,215.09,215.04,215.62,216.27
tryon,2410,-0.7342,0.6790,214.68,214.82,215.50,216.04
tryon,2415,-0.7345,0.6786,214.27,214.42,215.44,215.91
tryon,2420,-0.7353,0.6777,213.86,214.13,215.18,215.80
tryon,2425,-0.7357,0.6773,213.86,214.26,214.18,214.78
tryon,2430,-0.7351,0.6780,213.91,214.29,213.55,214.01
tryon,2435,-0.7343,0.6788,212.98,212.57,213.39,213.97
tryon,2440,-0.7337,0.6795,212.69,212.50,213.29,213.98
tryon,2445,-0.7317,0.6816,212.46,212.30,213.23,214.98
tryon,2450,-0.7275,0.6861,212.24,212.19,213.12,214.28
tryon,2455,-0.7245,0.6893,212.00,211.81,212.76,214.48
tryon,2460,-0.7240,0.6899,211.75,211.58,212.36,214.12
tryon,2465,-0.7204,0.6936,210.35,210.83,210.60,211.76
tryon,2470,-0.7102,0.7040,210.24,210.59,210.46,211.37
tryon,2475,-0.7003,0.7138,209.98,210.37,210.38,210.76
tryon,2480,-0.6952,0.7188,210.59,210.34,210.32,210.50
tryon,2485,-0.6893,0.7245,210.65,210.19,210.19,210.37
tryon,2490,-0.6784,0.7347,209.70,209.79,209.70,209.94
tryon,2495,-0.6676,0.7446,209.55,208.97,206.84,208.73
tryon,2500,-0.6605,0.7508,209.12,207.45,209.65,209.94
tryon,2505,-0.6567,0.7542,206.95,209.76,210.05,210.10
tryon,2510,-0.6553,0.7554,208.45,210.07,210.53,210.31
tryon,2515,-0.6543,0.7562,210.72,210.31,210.68,210.55
tryon,2520,-0.6529,0.7575,210.87,210.64,210.54,210.84
tryon,2525,-0.6540,0.7565,210.74,210.35,210.62,211.01
tryon,2530,-0.6607,0.7507,210.93,210.61,210.98,211.37
tryon,2535,-0.6740,0.7388,210.95,210.54,211.07,211.52
tryon,2540,-0.6945,0.7195,211.28,210.41,211.17,211.55
tryon,2545,-0.7161,0.6980,211.26,210.63,211.29,211.66
tryon,2550,-0.7351,0.6780,211.50,210.74,211.43,211.63
tryon,2555,-0.7507,0.6606,211.62,210.93,211.69,211.62
tryon,2560,-0.7612,0.6485,211.68,211.11,212.69,213.20
tryon,2565,-0.7598,0.6502,211.74,211.30,213.05,214.22
tryon,2570,-0.7414,0.6711,211.55,211.46,213.14,214.96
tryon,2575,-0.7192,0.6948,211.24,211.70,213.12,215.35
tryon,2580,-0.7034,0.7108,211.27,212.19,213.19,215.31
tryon,2585,-0.6970,0.7170,211.72,212.21,213.73,215.16
tryon,2590,-0.7011,0.7131,211.74,212.29,213.95,215.31
tryon,2595,-0.7061,0.7081,211.93,212.34,214.01,215.30
tryon,2600,-0.7064,0.7078,212.31,212.63,214.44,215.59
tryon,2605,-0.7047,0.7095,212.48,212.98,214.68,215.71
tryon,2610,-0.7030,0.7112,212.58,213.44,214.70,215.57
tryon,2615,-0.7009,0.7133,212.70,213.56,214.26,215.58
tryon,2620,-0.6977,0.7164,212.89,213.43,213.71,213.99
tryon,2625,-0.6945,0.7195,212.63,213.30,213.61,213.87
tryon,2630,-0.6919,0.7220,212.54,212.71,213.60,213.90
tryon,2635,-0.6911,0.7228,212.87,212.94,213.59,213.83
tryon,2640,-0.6922,0.7217,212.74,213.03,213.58,213.81
tryon,2645,-0.6928,0.7211,211.99,212.89,213.47,213.80
tryon,2650,-0.6915,0.7224,211.70,212.92,213.21,213.72
tryon,2655,-0.6895,0.7243,209.47,212.56,212.94,213.65
tryon,2660,-0.6872,0.7265,209.67,210.71,212.84,213.44
tryon,2665,-0.6819,0.7314,211.45,211.75,212.62,213.17
tryon,2670,-0.6722,0.7404,211.57,212.01,212.67,212.89
tryon,2675,-0.6634,0.7483,211.72,211.89,212.69,212.79
tryon,2680,-0.6580,0.7530,211.90,212.00,212.73,212.86
tryon,2685,-0.6482,0.7614,211.76,212.00,212.87,213.08
tryon,2690,-0.6289,0.7775,211.57,211.77,213.00,213.42
tryon,2695,-0.6106,0.7919,211.64,211.73,213.06,213.98
tryon,2700,-0.6008,0.7994,211.66,211.80,213.94,214.44
tryon,2705,-0.5933,0.8050,211.53,211.76,214.21,214.48
tryon,2710,-0.5830,0.8125,211.60,211.77,214.12,214.44
tryon,2715,-0.5692,0.8222,211.18,212.09,213.99,214.33
tryon,2720,-0.5520,0.8338,210.65,212.73,213.84,214.26
tryon,2725,-0.5361,0.8441,209.69,212.76,213.73,214.17
tryon,2730,-0.5246,0.8514,208.80,212.88,213.63,214.09
tryon,2735,-0.5160,0.8566,208.65,212.73,213.54,214.01
tryon,2740,-0.5095,0.8605,209.02,212.64,213.39,213.94
tryon,2745,-0.5049,0.8632,209.18,212.13,213.21,213.89
tryon,2750,-0.5014,0.8652,209.21,211.47,212.97,213.86
tryon,2755,-0.4958,0.8684,209.76,211.52,212.24,213.06
tryon,2760,-0.4863,0.8738,210.69,211.44,212.33,213.17
tryon,2765,-0.4782,0.8782,211.08,211.51,212.72,213.44
tryon,2770,-0.4755,0.8797,211.19,211.56,212.89,213.69
tryon,2775,-0.4758,0.8796,211.31,211.66,213.14,213.95
tryon,2780,-0.4767,0.8791,211.60,211.56,213.10,214.04
tryon,2785,-0.4756,0.8796,211.58,211.35,213.09,213.87
tryon,2790,-0.4711,0.8821,211.38,211.23,213.02,213.71
tryon,2795,-0.4663,0.8846,211.32,211.23,212.99,213.17
tryon,2800,-0.4578,0.8891,211.24,211.36,212.93,213.79
tryon,2805,-0.4195,0.9078,211.14,211.54,212.77,213.59
tryon,2810,-0.3401,0.9404,211.05,211.56,212.62,212.95
tryon,2815,-0.3009,0.9537,210.93,211.66,212.52,212.33
tryon,2820,-0.3513,0.9363,210.78,211.69,211.90,211.73
tryon,2825,-0.4132,0.9107,210.59,211.23,211.40,211.87
tryon,2830,-0.4423,0.8969,210.64,210.80,210.92,210.41
tryon,2835,-0.4544,0.8908,210.18,209.88,210.73,210.20
tryon,2840,-0.4612,0.8873,210.23,210.62,210.83,210.48
tryon,2845,-0.4670,0.8842,210.95,210.85,210.77,210.61
tryon,2850,-0.4730,0.8811,210.85,210.76,210.66,210.50
tryon,2855,-0.4769,0.8789,210.87,210.74,210.53,210.29
tryon,2860,-0.4776,0.8786,210.82,210.72,210.37,210.14
tryon,2865,-0.4768,0.8790,210.70,210.62,210.29,210.01
tryon,2870,-0.4756,0.8796,210.52,210.45,210.25,209.93
tryon,2875,-0.4739,0.8806,211.13,210.63,210.09,209.80
tryon,2880,-0.4714,0.8819,211.02,210.52,209.91,209.68
tryon,2885,-0.4688,0.8833,210.77,210.53,209.81,209.64
tryon,2890,-0.4658,0.8849,208.38,210.45,209.70,209.46
tryon,2895,-0.4600,0.8879,206.09,210.33,209.29,209.15
tryon,2900,-0.4506,0.8927,208.16,210.18,209.41,209.30
tryon,2905,-0.4457,0.8952,208.81,209.40,209.39,209.30
tryon,2910,-0.4501,0.8930,208.83,206.52,209.57,208.82
tryon,2915,-0.4599,0.8879,209.70,208.21,209.72,209.09
tryon,2920,-0.4723,0.8815,208.72,209.42,209.69,208.95
tryon,2925,-0.4806,0.8769,208.66,210.13,209.68,207.99
tryon,2930,-0.4821,0.8761,208.81,210.18,209.69,207.78
tryon,2935,-0.4814,0.8765,208.91,210.35,209.87,207.76
tryon,2940,-0.4809,0.8768,209.27,210.53,210.06,210.18
tryon,2945,-0.4805,0.8770,209.98,210.74,210.38,210.44
tryon,2950,-0.4794,0.8776,211.59,210.95,210.60,210.64
tryon,2955,-0.4774,0.8787,211.88,211.17,210.99,210.86
tryon,2960,-0.4744,0.8803,212.48,211.44,211.31,211.09
tryon,2965,-0.4724,0.8814,212.86,212.21,211.50,211.32
tryon,2970,-0.4722,0.8815,213.29,212.96,211.96,211.77
tryon,2975,-0.4722,0.8815,213.38,213.25,212.36,212.27
tryon,2980,-0.4708,0.8822,213.94,213.77,213.46,212.42
tryon,2985,-0.4657,0.8850,214.36,214.59,215.15,214.85
tryon,2990,-0.4560,0.8900,214.58,214.38,215.08,215.63
tryon,2995,-0.4486,0.8937,214.59,214.44,215.25,215.93
tryon,3000,-0.4467,0.8947,214.21,214.63,215.72,216.11
tryon,3005,-0.4467,0.8947,213.97,214.66,215.49,216.38
independence,0,0.4619,0.8869,211.22,211.97,205.98,211.64
independence,5,0.4552,0.8904,210.86,211.90,205.82,212.29
independence,10,0.4359,0.9000,210.93,211.82,205.96,213.17
independence,15,0.4144,0.9101,211.67,211.63,206.19,214.23
independence,20,0.4039,0.9148,212.69,211.64,206.70,214.70
independence,25,0.3990,0.9170,213.53,211.80,207.02,215.16
independence,30,0.3922,0.9199,213.65,211.66,207.35,214.96
independence,35,0.3801,0.9249,213.65,211.50,207.72,214.89
independence,40,0.3604,0.9328,213.37,211.69,208.02,214.79
independence,45,0.3417,0.9398,213.33,212.15,208.49,214.79
independence,50,0.3319,0.9433,213.81,212.86,208.96,214.89
independence,55,0.3219,0.9468,214.03,213.58,209.41,214.95
independence,60,0.3017,0.9534,214.14,214.12,209.89,215.14
independence,65,0.2764,0.9611,214.07,214.19,210.35,215.27
independence,70,0.2520,0.9677,213.95,214.46,210.78,215.36
independence,75,0.2338,0.9723,214.21,214.86,211.25,215.58
independence,80,0.2266,0.9740,214.43,215.12,211.66,215.69
independence,85,0.2251,0.9743,214.50,215.15,212.12,215.80
independence,90,0.2248,0.9744,214.55,215.11,212.49,215.86
independence,95,0.2241,0.9746,214.49,215.29,212.76,215.60
independence,100,0.2218,0.9751,214.56,215.32,213.12,215.31
independence,105,0.2159,0.9764,214.51,215.25,213.45,215.00
independence,110,0.2048,0.9788,214.84,215.39,213.77,214.73
independence,115,0.1944,0.9809,215.17,215.69,214.08,214.42
independence,120,0.1906,0.9817,215.16,215.69,214.32,214.11
independence,125,0.1902,0.9817,215.19,215.77,214.57,213.98
independence,130,0.1903,0.9817,216.31,216.81,214.76,214.08
independence,135,0.1902,0.9817,216.76,217.29,214.93,214.58
independence,140,0.1899,0.9818,216.87,217.62,215.08,215.80
independence,145,0.1897,0.9818,217.10,217.80,215.22,217.16
independence,150,0.1899,0.9818,217.37,218.25,215.39,218.27
independence,155,0.1902,0.9817,217.96,218.40,215.50,219.08
independence,160,0.1903,0.9817,218.31,218.47,215.60,219.64
independence,165,0.1902,0.9817,218.57,218.69,215.71,220.05
independence,170,0.1899,0.9818,218.64,219.12,215.79,220.29
independence,175,0.1897,0.9818,218.58,219.33,215.82,220.45
independence,180,0.1899,0.9818,218.40,219.38,215.83,220.73
independence,185,0.1900,0.9818,219.20,219.58,215.84,220.98
independence,190,0.1900,0.9818,219.75,220.06,215.80,221.15
independence,195,0.1905,0.9817,219.99,220.25,215.75,220.96
independence,200,0.1925,0.9813,219.88,220.33,215.67,221.11
independence,205,0.1959,0.9806,219.98,220.41,215.56,221.19
independence,210,0.2003,0.9797,220.04,220.55,215.42,221.32
independence,215,0.2039,0.9790,220.05,220.51,215.29,221.49
independence,220,0.2050,0.9788,219.17,220.35,215.13,221.84
independence,225,0.2049,0.9788,219.44,220.44,214.99,222.15
independence,230,0.2048,0.9788,219.73,220.18,214.92,222.50
independence,235,0.2048,0.9788,219.78,220.36,214.87,222.96
independence,240,0.2051,0.9787,219.80,220.45,214.83,223.07
independence,245,0.2072,0.9783,219.53,220.28,214.86,223.08
independence,250,0.2125,0.9772,219.43,220.43,214.91,223.08
independence,255,0.2184,0.9759,219.40,220.69,214.98,222.97
independence,260,0.2222,0.9750,219.56,220.65,215.08,222.89
independence,265,0.2243,0.9745,219.77,221.00,215.21,222.71
independence,270,0.2254,0.9743,219.80,221.36,215.42,222.77
independence,275,0.2264,0.9740,219.35,221.26,215.63,223.12
independence,280,0.2277,0.9737,219.17,220.62,215.83,222.75
independence,285,0.2283,0.9736,218.51,219.93,216.10,222.45
independence,290,0.2271,0.9739,218.32,219.28,216.40,222.03
independence,295,0.2256,0.9742,218.41,218.75,216.74,221.83
independence,300,0.2250,0.9744,218.44,218.40,217.12,221.73
independence,305,0.2249,0.9744,218.56,218.22,217.52,221.81
independence,310,0.2249,0.9744,219.06,218.34,217.97,221.89
independence,315,0.2249,0.9744,219.28,218.47,218.44,221.66
independence,320,0.2250,0.9744,219.43,218.73,218.89,221.52
independence,325,0.2258,0.9742,219.58,219.02,219.34,221.47
independence,330,0.2276,0.9737,219.68,219.55,219.82,221.21
independence,335,0.2288,0.9735,219.83,220.07,220.33,220.87
independence,340,0.2272,0.9739,219.89,219.75,220.85,220.84
independence,345,0.2226,0.9749,220.11,219.86,221.37,221.35
independence,350,0.2149,0.9766,220.45,220.49,221.87,222.21
independence,355,0.2079,0.9781,221.06,220.97,222.36,222.19
independence,360,0.2051,0.9787,221.70,221.17,222.83,222.46
independence,365,0.2040,0.9790,222.15,221.11,223.28,223.06
independence,370,0.2020,0.9794,222.27,220.70,223.72,222.98
independence,375,0.1983,0.9801,222.05,220.19,224.18,223.14
independence,380,0.1902,0.9817,221.28,219.89,224.64,223.29
independence,385,0.1694,0.9855,220.57,220.15,225.06,223.18
independence,390,0.1280,0.9918,220.46,220.31,225.46,223.21
independence,395,0.0883,0.9961,220.94,220.88,225.80,223.20
independence,400,0.0727,0.9974,221.69,221.79,226.15,222.65
independence,405,0.0702,0.9975,223.15,222.53,226.50,222.40
independence,410,0.0692,0.9976,224.01,223.05,226.85,222.23
independence,415,0.0644,0.9979,224.39,223.78,227.18,222.38
independence,420,0.0523,0.9986,224.33,223.87,227.46,221.99
independence,425,0.0390,0.9992,224.27,225.31,223.92,220.05
independence,430,0.0307,0.9995,221.69,222.97,220.11,219.37
independence,435,0.0258,0.9997,219.76,219.82,219.45,219.56
independence,440,0.0228,0.9997,219.89,219.39,221.77,219.62
independence,445,0.0216,0.9998,219.16,220.28,227.57,219.78
independence,450,0.0226,0.9997,221.21,221.07,229.26,220.15
independence,455,0.0242,0.9997,222.62,222.49,229.50,221.52
independence,460,0.0249,0.9997,222.64,223.14,229.73,223.26
independence,465,0.0250,0.9997,222.58,223.35,229.93,224.32
independence,470,0.0251,0.9997,222.32,223.25,230.09,224.80
independence,475,0.0258,0.9997,222.35,222.89,230.23,225.32
independence,480,0.0276,0.9996,221.99,222.73,230.36,225.48
independence,485,0.0300,0.9995,221.38,222.40,225.54,224.80
independence,490,0.0324,0.9995,221.30,221.79,223.87,224.29
independence,495,0.0342,0.9994,220.29,220.78,228.62,224.17
independence,500,0.0358,0.9994,219.16,219.89,230.57,224.15
independence,505,0.0414,0.9991,218.20,219.51,230.57,223.87
independence,510,0.0558,0.9984,217.38,219.33,230.61,223.88
independence,515,0.0736,0.9973,216.63,219.61,230.62,223.66
independence,520,0.0902,0.9959,215.99,219.85,230.55,223.25
independence,525,0.1067,0.9943,215.69,219.93,230.43,222.56
independence,530,0.1259,0.9920,215.59,219.78,230.28,221.80
independence,535,0.1492,0.9888,215.52,219.53,230.06,221.12
independence,540,0.1772,0.9842,215.66,219.44,229.83,220.63
independence,545,0.2010,0.9796,215.88,219.22,229.54,220.33
independence,550,0.2134,0.9770,216.51,219.13,229.25,220.24
independence,555,0.2274,0.9738,217.21,219.16,228.95,220.50
independence,560,0.2553,0.9669,217.61,219.22,228.64,220.52
independence,565,0.2836,0.9589,218.54,219.68,228.32,220.75
independence,570,0.2998,0.9540,219.42,220.27,228.00,221.08
independence,575,0.3159,0.9488,219.90,221.20,227.66,221.25
independence,580,0.3436,0.9391,220.04,221.60,227.29,221.50
independence,585,0.3718,0.9283,220.14,221.74,226.84,221.78
independence,590,0.3896,0.9210,220.22,221.99,226.38,221.88
independence,595,0.4029,0.9152,220.50,222.34,225.93,221.95
independence,600,0.4179,0.9085,220.45,222.76,225.53,222.06
independence,605,0.4315,0.9021,220.05,222.97,225.15,222.25
independence,610,0.4413,0.8974,220.01,223.24,224.82,222.62
independence,615,0.4560,0.8900,220.39,223.62,224.48,223.17
independence,620,0.4832,0.8755,220.59,223.98,224.13,223.57
independence,625,0.5092,0.8607,220.59,223.94,223.76,224.33
independence,630,0.5208,0.8537,220.62,223.94,223.44,224.97
independence,635,0.5236,0.8520,220.52,223.96,223.19,225.39
independence,640,0.5229,0.8524,220.47,224.18,222.99,225.79
independence,645,0.5240,0.8517,220.02,224.30,222.82,226.03
independence,650,0.5304,0.8477,220.08,224.49,222.69,226.09
independence,655,0.5371,0.8435,220.45,224.54,222.61,226.19
independence,660,0.5391,0.8422,220.75,224.64,222.56,226.19
independence,665,0.5386,0.8426,221.14,224.79,222.54,226.12
independence,670,0.5379,0.8430,221.28,224.70,222.55,225.96
independence,675,0.5376,0.8432,221.42,224.61,222.57,225.83
independence,680,0.5379,0.8430,221.37,224.41,222.58,225.61
independence,685,0.5383,0.8428,221.45,224.12,222.58,225.25
independence,690,0.5384,0.8427,221.40,223.78,222.58,225.01
independence,695,0.5383,0.8428,221.51,223.67,222.58,224.69
independence,700,0.5379,0.8430,221.60,223.38,222.56,224.38
independence,705,0.5376,0.8432,221.46,223.26,222.51,224.10
independence,710,0.5379,0.8430,221.76,223.05,222.46,223.82
independence,715,0.5386,0.8425,221.81,223.13,222.38,223.54
independence,720,0.5395,0.8420,221.81,223.17,222.29,223.49
independence,725,0.5395,0.8420,221.74,222.99,222.17,223.43
independence,730,0.5379,0.8430,221.70,223.02,222.02,223.34
independence,735,0.5368,0.8437,221.72,222.72,221.85,223.15
independence,740,0.5379,0.8430,221.62,222.96,221.66,222.98
independence,745,0.5389,0.8424,221.81,222.78,221.44,222.82
independence,750,0.5378,0.8431,221.66,222.37,221.21,222.50
independence,755,0.5368,0.8437,221.18,222.05,220.96,222.27
independence,760,0.5380,0.8430,220.62,221.54,220.70,222.25
independence,765,0.5395,0.8420,219.38,221.14,220.40,222.09
independence,770,0.5394,0.8421,219.25,221.14,220.08,221.67
independence,775,0.5383,0.8428,218.61,220.77,219.74,221.52
independence,780,0.5369,0.8437,218.35,220.51,219.39,221.33
independence,785,0.5364,0.8439,218.13,220.32,219.03,221.11
independence,790,0.5379,0.8430,217.96,220.19,218.64,221.09
independence,795,0.5395,0.8420,217.48,219.99,218.28,221.03
independence,800,0.5394,0.8420,217.58,219.97,217.92,220.81
independence,805,0.5386,0.8425,217.52,219.94,217.58,220.73
independence,810,0.5379,0.8430,217.34,220.05,217.22,220.58
independence,815,0.5376,0.8432,216.87,220.00,216.86,220.35
independence,820,0.5379,0.8430,216.68,219.99,216.50,220.08
independence,825,0.5381,0.8429,216.95,219.84,216.14,219.82
independence,830,0.5378,0.8430,216.95,219.29,215.77,219.61
independence,835,0.5376,0.8432,216.77,219.50,215.41,219.26
independence,840,0.5379,0.8430,216.44,219.29,215.05,218.86
independence,845,0.5383,0.8428,215.99,218.54,214.68,218.54
independence,850,0.5384,0.8427,215.69,218.02,214.32,218.24
independence,855,0.5383,0.8428,215.42,217.59,213.97,217.90
independence,860,0.5379,0.8430,214.68,217.49,213.61,217.51
independence,865,0.5376,0.8432,214.27,217.03,213.24,217.07
independence,870,0.5379,0.8430,213.54,216.49,212.88,216.65
independence,875,0.5386,0.8425,213.35,216.27,212.51,215.96
independence,880,0.5395,0.8420,213.19,216.07,212.15,215.99
independence,885,0.5395,0.8420,213.09,215.54,211.79,215.11
independence,890,0.5379,0.8430,212.96,215.59,211.43,214.57
independence,895,0.5368,0.8437,212.06,215.25,211.07,214.00
independence,900,0.5380,0.8430,211.53,214.96,210.71,213.37
independence,905,0.5395,0.8420,211.90,214.79,210.35,213.04
independence,910,0.5394,0.8421,212.27,214.82,209.98,212.66
independence,915,0.5383,0.8428,212.67,214.98,209.62,212.32
independence,920,0.5369,0.8437,212.68,214.68,209.27,212.08
independence,925,0.5364,0.8439,212.66,214.47,208.94,211.70
independence,930,0.5378,0.8431,212.58,214.26,208.62,211.30
independence,935,0.5389,0.8424,212.44,213.99,208.32,210.66
independence,940,0.5381,0.8429,212.22,213.75,208.03,210.19
independence,945,0.5383,0.8427,212.05,213.57,207.76,209.65
independence,950,0.5427,0.8399,211.47,213.51,207.50,209.07
independence,955,0.5477,0.8367,211.22,213.33,207.24,208.48
independence,960,0.5497,0.8353,211.02,213.16,206.98,208.05
independence,965,0.5501,0.8351,210.59,213.00,206.74,207.38
independence,970,0.5502,0.8351,210.30,212.75,206.53,206.93
independence,975,0.5506,0.8347,209.86,212.53,206.32,206.43
independence,980,0.5517,0.8340,209.56,212.17,206.12,206.12
independence,985,0.5524,0.8335,209.53,211.98,205.91,205.97
independence,990,0.5518,0.8340,209.17,211.73,205.69,205.87
independence,995,0.5510,0.8345,208.98,211.57,205.48,205.94
independence,1000,0.5513,0.8343,208.60,211.36,205.27,205.35
independence,1005,0.5516,0.8341,208.17,211.11,205.07,205.04
independence,1010,0.5512,0.8343,207.84,210.83,204.89,204.90
independence,1015,0.5510,0.8345,207.45,210.46,204.73,204.75
independence,1020,0.5520,0.8338,207.13,210.01,204.58,204.59
independence,1025,0.5539,0.8326,206.94,209.75,204.42,204.43
independence,1030,0.5564,0.8309,206.99,209.48,204.25,204.44
independence,1035,0.5584,0.8296,206.90,209.13,204.08,204.46
independence,1040,0.5591,0.8291,206.69,208.86,203.91,204.50
independence,1045,0.5588,0.8293,206.60,208.61,203.74,204.53
independence,1050,0.5579,0.8299,205.94,208.33,203.57,204.36
independence,1055,0.5589,0.8292,205.45,208.11,203.41,204.13
independence,1060,0.5651,0.8250,205.18,207.70,203.24,203.56
independence,1065,0.5794,0.8151,204.87,207.04,203.08,203.14
independence,1070,0.6041,0.7969,204.27,206.30,202.95,202.41
independence,1075,0.6267,0.7792,203.99,205.95,202.77,201.66
independence,1080,0.6363,0.7714,203.71,205.17,202.58,201.31
independence,1085,0.6387,0.7695,203.10,204.02,202.39,200.55
independence,1090,0.6398,0.7686,202.60,202.84,202.20,199.90
independence,1095,0.6436,0.7653,201.97,201.87,202.01,199.62
independence,1100,0.6535,0.7569,201.62,201.48,201.83,199.07
independence,1105,0.6665,0.7455,201.52,201.01,201.64,198.99
independence,1110,0.6799,0.7334,201.42,200.75,201.46,199.22
independence,1115,0.6897,0.7241,201.56,200.44,201.27,200.90
independence,1120,0.6935,0.7205,201.60,200.12,201.10,200.72
independence,1125,0.6986,0.7155,201.61,199.97,200.95,200.58
independence,1130,0.7123,0.7018,201.59,199.84,200.82,200.17
independence,1135,0.7315,0.6818,201.53,199.61,200.67,200.13
independence,1140,0.7526,0.6585,201.28,199.43,200.54,199.76
independence,1145,0.7689,0.6394,201.05,199.25,200.37,199.40
independence,1150,0.7753,0.6315,200.71,199.25,200.26,199.43
independence,1155,0.7786,0.6275,200.41,199.32,200.21,199.47
independence,1160,0.7857,0.6187,199.89,199.21,200.13,199.52
independence,1165,0.8006,0.5992,199.54,199.06,200.00,199.37
independence,1170,0.8253,0.5647,199.24,198.66,199.85,199.07
independence,1175,0.8467,0.5321,198.91,198.27,199.65,198.75
independence,1180,0.8551,0.5184,198.49,198.05,199.48,198.47
independence,1185,0.8580,0.5137,198.00,197.95,199.32,198.71
independence,1190,0.8619,0.5072,198.09,197.89,199.11,198.62
independence,1195,0.8682,0.4962,198.15,197.88,198.95,197.28
independence,1200,0.8773,0.4800,198.13,197.85,198.83,195.19
independence,1205,0.8848,0.4660,198.13,197.83,198.72,194.45
independence,1210,0.8874,0.4611,198.09,197.86,198.64,193.99
independence,1215,0.8876,0.4606,198.07,197.84,198.60,194.71
independence,1220,0.8878,0.4602,197.82,197.90,198.56,197.02
independence,1225,0.8880,0.4598,197.72,197.98,198.54,197.36
independence,1230,0.8877,0.4603,197.64,197.86,198.44,198.78
independence,1235,0.8871,0.4616,197.27,195.45,198.41,200.17
independence,1240,0.8860,0.4637,194.80,196.17,198.46,200.66
independence,1245,0.8835,0.4684,197.72,197.48,198.50,200.83
independence,1250,0.8789,0.4770,197.98,197.91,198.57,200.54
independence,1255,0.8747,0.4847,198.07,198.41,198.66,200.70
independence,1260,0.8732,0.4873,198.08,198.87,198.76,201.11
independence,1265,0.8732,0.4874,198.76,199.31,198.94,201.99
independence,1270,0.8729,0.4880,199.68,199.75,199.11,201.85
independence,1275,0.8721,0.4894,199.95,200.14,199.30,201.61
independence,1280,0.8701,0.4929,200.00,200.60,199.49,201.80
independence,1285,0.8647,0.5023,200.85,201.10,199.68,202.12
independence,1290,0.8536,0.5210,201.42,201.56,199.93,202.37
independence,1295,0.8428,0.5383,201.81,202.00,200.16,202.69
independence,1300,0.8385,0.5449,202.11,202.50,200.43,203.39
independence,1305,0.8358,0.5491,202.59,202.98,200.73,204.55
independence,1310,0.8292,0.5590,203.08,203.63,201.02,205.45
independence,1315,0.8188,0.5741,203.50,203.83,201.31,206.28
independence,1320,0.8048,0.5935,203.66,203.95,201.60,206.94
independence,1325,0.7895,0.6137,204.03,204.15,201.85,207.72
independence,1330,0.7745,0.6326,204.52,204.52,202.10,208.42
independence,1335,0.7593,0.6507,204.98,204.91,202.34,208.91
independence,1340,0.7439,0.6683,205.22,205.36,202.56,209.43
independence,1345,0.7309,0.6825,205.41,205.76,202.75,209.81
independence,1350,0.7231,0.6907,205.87,206.33,202.91,210.13
independence,1355,0.7157,0.6984,206.14,206.42,203.06,210.41
independence,1360,0.7039,0.7103,206.05,206.41,203.21,210.55
independence,1365,0.6903,0.7236,205.99,206.33,203.35,210.60
independence,1370,0.6776,0.7355,205.83,206.45,203.52,210.29
independence,1375,0.6652,0.7467,205.60,206.38,203.63,210.27
independence,1380,0.6520,0.7582,205.29,206.45,203.72,210.09
independence,1385,0.6374,0.7705,205.04,206.42,203.82,209.44
independence,1390,0.6209,0.7839,204.49,206.38,203.89,208.93
independence,1395,0.6059,0.7955,204.03,206.23,204.00,207.98
independence,1400,0.5956,0.8033,203.59,206.35,204.08,206.42
independence,1405,0.5864,0.8100,203.43,206.19,204.14,204.41
independence,1410,0.5747,0.8184,203.15,205.41,204.19,203.11
independence,1415,0.5620,0.8271,202.89,204.35,204.21,202.81
independence,1420,0.5505,0.8349,202.50,203.64,204.17,202.99
independence,1425,0.5424,0.8401,201.96,203.38,204.07,203.30
independence,1430,0.5401,0.8416,202.15,203.42,203.95,204.17
independence,1435,0.5401,0.8416,202.13,203.34,203.83,205.59
independence,1440,0.5396,0.8419,201.72,203.44,203.70,206.92
independence,1445,0.5392,0.8422,202.08,203.59,203.58,207.55
independence,1450,0.5397,0.8419,202.11,203.59,203.44,207.30
independence,1455,0.5404,0.8414,201.65,203.44,203.32,206.54
independence,1460,0.5407,0.8412,201.39,203.25,203.20,204.42
independence,1465,0.5404,0.8414,201.41,202.99,203.08,203.30
independence,1470,0.5397,0.8419,201.48,203.02,202.96,203.09
independence,1475,0.5392,0.8422,201.54,203.05,202.86,205.19
independence,1480,0.5395,0.8420,201.60,203.09,202.75,204.87
independence,1485,0.5394,0.8420,201.57,203.02,202.65,204.94
independence,1490,0.5379,0.8430,201.25,202.71,202.53,205.20
independence,1495,0.5368,0.8437,200.93,202.40,202.41,205.56
independence,1500,0.5381,0.8429,200.33,202.22,202.32,205.81
independence,1505,0.5405,0.8413,199.92,202.19,202.26,205.92
independence,1510,0.5435,0.8394,199.87,201.74,202.21,205.98
independence,1515,0.5507,0.8347,199.79,201.49,202.17,206.38
independence,1520,0.5654,0.8248,200.22,201.50,202.10,209.96
independence,1525,0.5793,0.8151,200.45,201.49,202.04,210.21
independence,1530,0.5846,0.8113,200.47,201.57,202.07,209.97
independence,1535,0.5854,0.8107,200.52,201.61,202.00,207.05
independence,1540,0.5854,0.8107,200.95,201.53,201.91,204.65
independence,1545,0.5851,0.8110,201.08,201.29,201.86,204.21
independence,1550,0.5843,0.8115,200.60,200.79,201.80,204.05
independence,1555,0.5839,0.8118,198.42,200.56,201.73,203.91
independence,1560,0.5846,0.8113,196.88,200.67,201.65,203.79
independence,1565,0.5867,0.8098,199.44,198.55,201.55,203.66
independence,1570,0.5909,0.8067,201.40,198.64,201.44,203.56
independence,1575,0.5992,0.8006,201.43,197.71,201.35,203.40
independence,1580,0.6130,0.7901,201.63,196.99,201.27,203.15
independence,1585,0.6258,0.7800,201.71,200.14,201.21,203.14
independence,1590,0.6320,0.7750,201.79,201.19,201.18,202.87
independence,1595,0.6365,0.7713,201.91,201.41,201.21,201.53
independence,1600,0.6444,0.7647,201.99,201.57,201.27,201.09
independence,1605,0.6568,0.7540,202.05,201.34,201.33,201.06
independence,1610,0.6739,0.7388,202.02,201.40,201.44,200.40
independence,1615,0.6882,0.7255,202.26,202.05,201.55,198.12
independence,1620,0.6937,0.7202,202.63,202.45,201.71,200.04
independence,1625,0.6953,0.7187,203.24,202.77,201.90,202.36
independence,1630,0.6970,0.7170,203.13,202.99,202.11,202.41
independence,1635,0.6984,0.7157,203.18,203.09,202.33,202.53
independence,1640,0.6982,0.7159,203.25,203.34,202.58,202.65
independence,1645,0.6978,0.7163,203.34,203.44,202.85,202.70
independence,1650,0.6981,0.7160,203.43,203.46,203.13,202.75
independence,1655,0.6975,0.7166,203.51,203.45,203.44,202.86
independence,1660,0.6943,0.7197,203.60,203.30,203.73,203.52
independence,1665,0.6910,0.7229,203.61,203.21,204.02,204.32
independence,1670,0.6898,0.7240,203.42,203.34,204.26,204.72
independence,1675,0.6903,0.7235,203.23,203.61,204.46,204.86
independence,1680,0.6920,0.7219,203.34,204.11,204.65,204.95
independence,1685,0.6937,0.7202,204.57,204.58,204.86,205.17
independence,1690,0.6945,0.7195,204.68,204.77,205.08,205.44
independence,1695,0.6949,0.7191,204.79,205.15,205.28,205.83
independence,1700,0.6957,0.7183,204.95,205.72,205.47,206.30
independence,1705,0.6962,0.7178,205.64,206.38,205.67,206.20
independence,1710,0.6958,0.7182,207.50,206.57,205.86,206.46
independence,1715,0.6957,0.7183,207.53,206.55,206.03,206.92
independence,1720,0.6970,0.7170,207.61,207.19,206.20,207.14
independence,1725,0.6980,0.7161,207.64,207.61,206.38,207.23
independence,1730,0.6969,0.7171,207.68,207.18,206.54,207.40
independence,1735,0.6957,0.7183,207.56,207.05,206.69,207.41
independence,1740,0.6960,0.7181,207.40,207.32,206.84,207.32
independence,1745,0.6971,0.7170,207.58,207.35,207.00,207.17
independence,1750,0.6983,0.7158,207.48,207.28,207.14,207.32
independence,1755,0.6992,0.7150,208.00,208.04,207.27,207.93
independence,1760,0.6993,0.7148,208.29,208.34,207.42,208.03
independence,1765,0.6982,0.7159,208.52,208.61,207.56,208.00
independence,1770,0.6944,0.7196,208.71,208.78,207.67,207.77
independence,1775,0.6849,0.7287,208.92,209.02,207.76,207.83
independence,1780,0.6668,0.7452,209.06,209.15,207.85,208.02
independence,1785,0.6498,0.7601,208.74,209.06,207.92,208.27
independence,1790,0.6429,0.7659,208.51,208.68,207.99,208.30
independence,1795,0.6414,0.7672,208.94,208.82,208.07,208.26
independence,1800,0.6403,0.7681,209.35,208.92,208.16,208.35
independence,1805,0.6390,0.7692,209.84,209.31,208.24,208.38
independence,1810,0.6361,0.7716,210.10,209.81,208.32,208.36
independence,1815,0.6256,0.7802,210.30,210.06,208.40,208.55
independence,1820,0.6021,0.7984,210.41,210.16,208.46,208.57
independence,1825,0.5794,0.8151,210.32,210.04,208.50,208.63
independence,1830,0.5710,0.8210,210.61,209.87,208.54,208.78
independence,1835,0.5695,0.8220,211.13,209.64,208.56,208.81
independence,1840,0.5678,0.8232,211.14,209.93,208.60,208.90
independence,1845,0.5659,0.8245,211.40,210.08,208.63,208.88
independence,1850,0.5643,0.8256,211.56,210.09,208.65,208.86
independence,1855,0.5591,0.8291,213.38,211.33,208.68,208.81
independence,1860,0.5467,0.8374,213.59,211.49,208.70,208.83
independence,1865,0.5340,0.8455,211.19,210.93,208.70,208.94
independence,1870,0.5278,0.8494,210.90,210.32,208.70,208.91
independence,1875,0.5244,0.8515,210.65,210.15,208.70,208.93
independence,1880,0.5190,0.8548,210.31,210.12,208.69,209.18
independence,1885,0.5057,0.8627,210.34,209.99,208.66,208.91
independence,1890,0.4801,0.8772,210.16,209.86,208.61,208.78
independence,1895,0.4551,0.8904,210.10,209.98,208.55,208.73
independence,1900,0.4427,0.8967,210.01,210.11,208.51,208.71
independence,1905,0.4338,0.9010,209.94,209.74,208.44,208.55
independence,1910,0.4195,0.9078,209.95,209.52,208.39,208.51
independence,1915,0.4055,0.9141,209.85,209.48,208.31,208.66
independence,1920,0.3979,0.9174,209.90,209.36,208.23,208.57
independence,1925,0.3930,0.9195,209.70,209.28,208.15,208.45
independence,1930,0.3867,0.9222,209.58,208.99,208.05,208.50
independence,1935,0.3790,0.9254,209.64,208.94,207.92,208.22
independence,1940,0.3695,0.9292,209.62,208.93,207.78,207.97
independence,1945,0.3569,0.9341,209.79,209.07,207.65,207.90
independence,1950,0.3398,0.9405,209.71,208.99,207.54,207.73
independence,1955,0.3240,0.9460,210.42,208.14,207.40,207.77
independence,1960,0.3145,0.9493,209.88,208.01,207.26,207.63
independence,1965,0.3048,0.9524,209.50,208.01,207.11,207.41
independence,1970,0.2891,0.9573,209.23,208.00,206.95,207.23
independence,1975,0.2726,0.9621,209.26,207.67,206.75,207.06
independence,1980,0.2604,0.9655,208.47,207.36,206.60,207.21
independence,1985,0.2509,0.9680,207.75,207.32,206.46,206.95
independence,1990,0.2425,0.9701,207.82,207.52,206.35,206.76
independence,1995,0.2354,0.9719,207.56,207.19,206.31,207.01
independence,2000,0.2300,0.9732,207.13,206.63,206.21,206.56
independence,2005,0.2244,0.9745,206.50,206.14,206.08,205.90
independence,2010,0.2171,0.9762,206.41,206.28,205.95,205.82
independence,2015,0.2078,0.9782,206.45,206.26,205.81,205.78
independence,2020,0.1965,0.9805,209.99,208.08,205.71,205.62
independence,2025,0.1843,0.9829,214.07,211.58,205.65,205.57
independence,2030,0.1720,0.9851,214.02,212.71,205.57,205.06
independence,2035,0.1590,0.9873,213.83,212.85,205.51,204.72
independence,2040,0.1453,0.9894,213.62,212.85,205.39,204.52
independence,2045,0.1339,0.9910,213.41,212.75,205.29,204.31
independence,2050,0.1278,0.9918,213.29,212.67,205.24,204.13
independence,2055,0.1240,0.9923,213.18,212.20,205.20,204.34
independence,2060,0.1200,0.9928,213.03,211.86,205.14,204.84
independence,2065,0.1167,0.9932,212.92,211.95,205.12,205.86
independence,2070,0.1153,0.9933,212.49,212.47,205.14,208.07
independence,2075,0.1149,0.9934,212.57,212.84,205.14,210.80
independence,2080,0.1148,0.9934,212.87,213.01,205.15,212.21
independence,2085,0.1149,0.9934,213.10,213.21,205.27,213.17
independence,2090,0.1148,0.9934,213.60,213.48,205.39,213.11
independence,2095,0.1135,0.9935,213.33,213.25,205.40,213.34
independence,2100,0.1101,0.9939,212.86,211.77,205.27,213.46
independence,2105,0.1074,0.9942,211.43,209.26,205.26,213.62
independence,2110,0.1076,0.9942,207.34,207.33,205.30,212.92
independence,2115,0.1083,0.9941,206.19,206.08,205.35,211.98
independence,2120,0.1074,0.9942,205.96,205.84,205.40,211.22
independence,2125,0.1065,0.9943,207.01,205.66,205.46,210.83
independence,2130,0.1076,0.9942,207.27,206.22,205.48,210.68
independence,2135,0.1092,0.9940,207.15,206.06,205.51,210.54
independence,2140,0.1100,0.9939,203.98,205.61,205.62,208.12
independence,2145,0.1103,0.9939,205.26,205.27,205.71,205.59
independence,2150,0.1103,0.9939,205.87,205.74,205.74,205.61
independence,2155,0.1108,0.9938,205.66,205.68,205.77,205.99
independence,2160,0.1124,0.9937,205.52,205.85,205.78,206.80
independence,2165,0.1141,0.9935,205.62,205.95,205.87,206.74
independence,2170,0.1147,0.9934,205.78,206.08,205.96,206.67
independence,2175,0.1149,0.9934,205.88,206.12,206.00,206.83
independence,2180,0.1151,0.9934,205.90,206.12,206.06,207.24
independence,2185,0.1152,0.9933,205.95,206.13,206.12,207.25
independence,2190,0.1151,0.9934,206.04,206.28,206.17,207.23
independence,2195,0.1149,0.9934,206.06,206.31,206.22,207.25
independence,2200,0.1148,0.9934,206.20,206.52,206.30,207.23
independence,2205,0.1149,0.9934,206.07,206.50,206.35,207.23
independence,2210,0.1156,0.9933,205.92,206.47,206.40,207.16
independence,2215,0.1185,0.9930,206.00,206.36,206.45,207.10
independence,2220,0.1252,0.9921,206.43,206.36,206.49,207.15
independence,2225,0.1317,0.9913,206.14,206.31,206.52,207.19
independence,2230,0.1343,0.9909,206.30,206.51,206.56,207.27
independence,2235,0.1342,0.9910,206.46,206.51,206.63,207.19
independence,2240,0.1327,0.9912,206.69,206.44,206.69,207.23
independence,2245,0.1318,0.9913,207.02,207.09,206.75,207.27
independence,2250,0.1327,0.9912,207.38,207.42,206.82,207.36
independence,2255,0.1335,0.9910,207.71,207.74,206.90,207.97
independence,2260,0.1326,0.9912,207.77,207.83,206.99,208.05
independence,2265,0.1317,0.9913,207.51,207.45,207.05,207.95
independence,2270,0.1324,0.9912,207.39,207.33,207.10,208.47
independence,2275,0.1331,0.9911,207.54,207.30,207.17,209.70
independence,2280,0.1319,0.9913,207.83,207.36,207.24,209.35
independence,2285,0.1292,0.9916,208.11,207.53,207.32,208.20
independence,2290,0.1252,0.9921,208.40,207.71,207.37,208.48
independence,2295,0.1217,0.9926,208.72,207.86,207.43,209.08
independence,2300,0.1202,0.9927,209.04,208.00,207.50,208.95
independence,2305,0.1198,0.9928,209.28,208.13,207.58,208.97
independence,2310,0.1198,0.9928,209.42,208.27,207.64,208.98
independence,2315,0.1198,0.9928,209.47,208.41,207.70,208.97
independence,2320,0.1199,0.9928,209.47,208.56,207.77,208.99
independence,2325,0.1193,0.9929,209.46,208.64,207.85,209.01
independence,2330,0.1176,0.9931,209.43,208.69,207.92,209.01
independence,2335,0.1166,0.9932,209.46,208.74,207.98,209.23
independence,2340,0.1177,0.9930,209.48,208.76,208.05,209.14
independence,2345,0.1194,0.9928,209.49,208.76,208.11,209.25
independence,2350,0.1199,0.9928,209.48,208.77,208.18,209.91
independence,2355,0.1198,0.9928,209.50,208.82,208.28,210.12
independence,2360,0.1194,0.9928,209.51,208.84,208.35,209.68
independence,2365,0.1174,0.9931,209.54,208.88,208.41,209.69
independence,2370,0.1126,0.9936,209.53,208.93,208.47,209.25
independence,2375,0.1084,0.9941,209.48,208.88,208.53,209.69
independence,2380,0.1081,0.9941,209.40,208.89,208.58,209.74
independence,2385,0.1092,0.9940,209.34,208.99,208.68,209.70
independence,2390,0.1098,0.9940,209.38,209.06,208.78,209.67
independence,2395,0.1099,0.9939,209.49,209.12,208.90,209.80
independence,2400,0.1099,0.9939,209.60,209.23,209.05,209.78
independence,2405,0.1099,0.9939,209.73,209.40,209.22,209.73
independence,2410,0.1099,0.9939,209.95,209.57,209.41,209.54
independence,2415,0.1100,0.9939,210.11,209.76,209.61,209.55
independence,2420,0.1101,0.9939,210.28,209.97,209.84,209.55
independence,2425,0.1103,0.9939,210.46,210.18,210.07,209.62
independence,2430,0.1101,0.9939,210.63,210.36,210.33,209.61
independence,2435,0.1100,0.9939,210.87,210.53,210.61,209.84
independence,2440,0.1099,0.9939,211.11,210.80,210.88,209.90
independence,2445,0.1099,0.9939,211.37,211.10,211.18,210.61
independence,2450,0.1100,0.9939,211.71,211.50,211.50,210.77
independence,2455,0.1108,0.9938,212.05,211.94,211.83,210.59
independence,2460,0.1127,0.9936,212.61,212.36,212.14,210.51
independence,2465,0.1144,0.9934,213.02,212.81,212.48,211.47
independence,2470,0.1148,0.9934,213.21,213.67,212.81,212.42
independence,2475,0.1141,0.9935,213.05,213.75,213.16,212.70
independence,2480,0.1122,0.9937,213.24,213.75,213.50,212.77
independence,2485,0.1098,0.9940,213.75,213.84,213.85,213.07
independence,2490,0.1075,0.9942,214.33,214.28,214.21,214.87
independence,2495,0.1057,0.9944,215.80,215.43,214.57,215.12
independence,2500,0.1052,0.9945,215.93,215.47,214.95,215.20
independence,2505,0.1059,0.9944,216.16,215.61,215.30,214.67
independence,2510,0.1077,0.9942,216.37,215.79,215.62,214.38
independence,2515,0.1095,0.9940,216.58,215.94,215.97,214.34
independence,2520,0.1100,0.9939,216.78,216.05,216.34,215.16
independence,2525,0.1100,0.9939,216.98,216.15,216.75,216.46
independence,2530,0.1099,0.9939,217.04,216.30,217.17,217.67
independence,2535,0.1099,0.9939,217.20,216.84,217.54,218.55
independence,2540,0.1099,0.9939,217.04,217.01,217.93,218.52
independence,2545,0.1100,0.9939,217.14,217.54,218.33,218.51
independence,2550,0.1104,0.9939,217.11,217.81,218.71,218.46
independence,2555,0.1120,0.9937,217.14,218.07,219.09,218.46
independence,2560,0.1156,0.9933,217.04,218.37,219.50,218.68
independence,2565,0.1210,0.9927,217.10,218.76,219.88,219.05
independence,2570,0.1289,0.9917,216.83,218.94,220.27,219.43
independence,2575,0.1422,0.9898,216.71,218.42,220.66,219.79
independence,2580,0.1634,0.9866,216.74,217.71,221.07,220.13
independence,2585,0.1827,0.9832,216.91,217.39,221.46,220.47
independence,2590,0.1913,0.9815,217.12,217.47,221.84,220.79
independence,2595,0.1948,0.9808,217.43,217.63,222.18,221.15
independence,2600,0.1996,0.9799,217.70,217.81,222.49,221.48
independence,2605,0.2135,0.9769,218.14,218.00,222.84,221.80
independence,2610,0.2418,0.9703,218.28,218.18,223.22,222.01
independence,2615,0.2683,0.9633,218.39,218.32,223.54,222.18
independence,2620,0.2798,0.9601,218.55,218.53,223.84,222.50
independence,2625,0.2892,0.9573,218.95,218.82,224.15,222.91
independence,2630,0.3081,0.9513,219.02,219.16,224.45,223.43
independence,2635,0.3264,0.9452,219.10,219.43,224.76,223.92
independence,2640,0.3351,0.9422,219.38,219.71,225.06,224.21
independence,2645,0.3438,0.9390,219.74,220.09,225.32,224.51
independence,2650,0.3618,0.9323,219.87,220.46,225.62,224.75
independence,2655,0.3833,0.9236,219.93,220.83,225.91,225.06
independence,2660,0.4031,0.9152,220.13,221.24,226.19,225.32
independence,2665,0.4210,0.9071,221.12,221.58,226.45,225.66
independence,2670,0.4378,0.8991,221.80,221.85,226.71,226.08
independence,2675,0.4541,0.8909,221.89,223.16,226.96,227.48
independence,2680,0.4705,0.8824,222.15,225.16,227.21,227.64
independence,2685,0.4858,0.8741,221.92,225.96,227.44,227.64
independence,2690,0.4990,0.8666,221.57,225.92,227.65,228.01
independence,2695,0.5119,0.8591,221.53,223.22,227.86,228.28
independence,2700,0.5257,0.8507,223.36,220.83,228.06,228.69
independence,2705,0.5374,0.8433,225.91,220.65,228.24,229.11
independence,2710,0.5444,0.8388,226.10,220.52,228.48,229.56
independence,2715,0.5511,0.8345,226.52,220.48,228.69,229.84
independence,2720,0.5614,0.8276,226.47,220.68,225.92,230.03
independence,2725,0.5736,0.8191,225.47,221.19,221.30,230.19
independence,2730,0.5856,0.8106,224.35,222.23,224.38,227.14
independence,2735,0.5953,0.8035,223.23,223.33,229.34,222.79
independence,2740,0.6014,0.7989,222.42,224.21,229.35,226.90
independence,2745,0.6058,0.7956,222.27,224.92,229.19,230.85
independence,2750,0.6098,0.7925,222.63,225.39,229.03,231.00
independence,2755,0.6124,0.7905,223.12,225.83,228.79,231.13
independence,2760,0.6126,0.7904,223.57,226.23,228.55,231.28
independence,2765,0.6121,0.7908,224.05,226.66,228.29,231.40
independence,2770,0.6125,0.7905,224.60,227.06,228.00,231.56
independence,2775,0.6114,0.7913,225.16,227.33,227.69,231.71
independence,2780,0.6070,0.7947,225.67,227.56,227.37,231.85
independence,2785,0.6031,0.7977,226.40,227.57,227.02,231.97
independence,2790,0.6030,0.7977,226.88,227.86,226.63,232.12
independence,2795,0.6038,0.7971,227.95,228.20,226.27,232.27
independence,2800,0.6026,0.7981,230.26,228.45,225.93,232.42
independence,2805,0.6008,0.7994,232.99,228.65,225.63,232.57
independence,2810,0.6002,0.7998,234.93,228.69,225.39,232.73
independence,2815,0.6006,0.7996,235.62,229.11,225.24,232.89
independence,2820,0.6019,0.7986,235.78,230.47,225.17,233.06
independence,2825,0.6041,0.7969,235.77,232.36,225.16,233.22
independence,2830,0.6084,0.7936,235.87,233.92,225.38,233.15
independence,2835,0.6176,0.7865,235.88,234.69,226.14,230.71
independence,2840,0.6340,0.7733,235.69,235.05,227.24,225.96
independence,2845,0.6488,0.7610,235.39,235.26,229.06,224.81
independence,2850,0.6544,0.7562,235.36,235.35,232.31,225.11
independence,2855,0.6553,0.7554,235.39,235.45,233.74,225.58
independence,2860,0.6553,0.7554,235.30,235.33,233.89,228.60
independence,2865,0.6554,0.7553,235.28,235.21,234.02,233.76
independence,2870,0.6559,0.7548,235.48,235.21,234.03,234.42
independence,2875,0.6594,0.7518,235.90,235.28,233.91,234.55
independence,2880,0.6680,0.7442,236.36,235.31,233.78,234.66
independence,2885,0.6774,0.7357,236.56,235.35,233.88,234.78
independence,2890,0.6839,0.7296,236.58,235.50,233.98,234.89
independence,2895,0.6874,0.7263,236.60,235.60,234.13,234.98
independence,2900,0.6880,0.7257,236.67,235.64,234.21,235.09
independence,2905,0.6885,0.7252,236.08,235.74,234.26,235.17
independence,2910,0.6914,0.7225,235.73,235.21,234.32,235.24
independence,2915,0.6968,0.7172,235.60,234.97,234.40,235.26
independence,2920,0.7049,0.7093,235.55,235.41,234.48,235.25
independence,2925,0.7124,0.7017,235.63,235.52,234.56,235.12
independence,2930,0.7168,0.6973,235.60,235.57,234.62,234.95
independence,2935,0.7196,0.6944,235.65,235.58,234.69,234.82
independence,2940,0.7221,0.6918,235.59,235.44,234.76,234.69
independence,2945,0.7249,0.6889,235.42,234.91,234.80,234.56
independence,2950,0.7281,0.6854,235.04,234.90,234.84,234.42
independence,2955,0.7310,0.6824,235.15,234.97,234.94,234.38
independence,2960,0.7327,0.6805,235.26,234.99,235.01,234.51
independence,2965,0.7333,0.6799,235.09,234.98,235.12,234.60
independence,2970,0.7326,0.6807,234.86,234.78,235.21,234.47
independence,2975,0.7309,0.6825,234.68,234.63,235.29,234.32
independence,2980,0.7292,0.6843,234.64,234.54,235.34,234.91
independence,2985,0.7333,0.6799,234.67,234.48,235.39,235.18
independence,2990,0.7481,0.6636,234.74,234.50,235.41,235.18
independence,2995,0.7630,0.6464,234.73,234.52,235.47,234.70
independence,3000,0.7695,0.6387,234.72,234.56,235.53,234.89
independence,3005,0.7714,0.6363,234.72,234.61,235.57,234.79
independence,3010,0.7727,0.6348,234.77,234.64,235.60,235.10
independence,3015,0.7744,0.6327,234.82,234.71,235.64,235.11
independence,3020,0.7771,0.6293,234.75,234.81,235.68,235.19
independence,3025,0.7801,0.6257,234.44,234.99,235.73,235.22
independence,3030,0.7825,0.6226,234.38,235.43,235.77,234.76
independence,3035,0.7841,0.6206,234.32,235.67,235.84,234.91
independence,3040,0.7848,0.6197,233.82,235.80,235.87,235.06
independence,3045,0.7859,0.6183,233.72,235.70,235.92,235.33
independence,3050,0.7887,0.6148,233.87,234.78,235.95,235.20
independence,3055,0.7934,0.6087,234.22,234.57,236.01,234.80
independence,3060,0.8003,0.5996,234.19,234.41,236.04,234.72
independence,3065,0.8069,0.5906,234.19,234.59,236.04,233.92
independence,3070,0.8115,0.5843,234.30,234.61,236.01,233.78
independence,3075,0.8153,0.5791,234.52,234.71,235.99,234.35
independence,3080,0.8191,0.5736,235.06,234.91,235.94,235.10
independence,3085,0.8220,0.5695,235.11,235.21,235.88,235.84
independence,3090,0.8230,0.5681,235.08,235.28,235.84,236.01
independence,3095,0.8232,0.5677,235.99,235.75,235.78,236.00
independence,3100,0.8241,0.5664,235.96,235.05,235.69,235.83
independence,3105,0.8258,0.5640,235.79,235.25,235.65,235.56
independence,3110,0.8282,0.5604,235.52,235.12,235.60,235.34
independence,3115,0.8303,0.5573,234.30,234.58,235.55,235.00
independence,3120,0.8308,0.5565,234.22,235.02,235.50,234.92
independence,3125,0.8291,0.5590,234.46,235.08,235.45,234.73
independence,3130,0.8247,0.5655,234.10,234.88,235.39,235.16
independence,3135,0.8200,0.5724,233.84,234.96,235.32,235.05
independence,3140,0.8170,0.5767,235.50,238.13,235.27,235.06
independence,3145,0.8153,0.5790,239.87,241.19,235.24,235.53
independence,3150,0.8145,0.5802,240.53,241.35,235.17,235.69
independence,3155,0.8123,0.5833,240.58,241.41,235.09,235.59
independence,3160,0.8071,0.5905,240.51,241.26,235.03,235.02
independence,3165,0.8015,0.5980,240.12,239.61,234.96,234.90
independence,3170,0.7982,0.6023,238.19,236.22,234.87,234.88
independence,3175,0.7972,0.6038,235.28,235.24,234.81,234.83
independence,3180,0.7980,0.6027,234.38,234.69,234.76,234.86
independence,3185,0.7990,0.6014,234.40,234.29,234.69,235.23
independence,3190,0.7987,0.6018,234.38,234.19,234.63,235.22
independence,3195,0.7981,0.6026,234.42,234.10,234.56,235.08
independence,3200,0.7980,0.6027,234.40,234.08,234.47,234.65
independence,3205,0.7984,0.6021,234.42,234.02,234.37,233.44
independence,3210,0.7992,0.6011,234.30,234.10,234.26,233.22
independence,3215,0.8000,0.5999,234.24,233.80,234.16,233.53
independence,3220,0.8009,0.5988,233.99,233.64,234.04,233.57
independence,3225,0.8016,0.5978,233.29,233.41,233.92,232.87
independence,3230,0.8022,0.5970,233.40,233.37,233.79,233.29
independence,3235,0.8033,0.5955,233.34,233.12,233.64,233.11
independence,3240,0.8054,0.5928,233.23,232.93,233.51,232.75
independence,3245,0.8067,0.5909,232.98,232.69,233.35,232.49
independence,3250,0.8061,0.5918,232.71,232.63,233.18,232.69
independence,3255,0.8048,0.5936,232.49,232.45,233.00,232.80
independence,3260,0.8042,0.5943,232.25,232.22,232.80,232.57
independence,3265,0.8039,0.5948,232.05,232.05,232.61,232.50
independence,3270,0.8030,0.5960,231.93,231.92,232.42,232.57
independence,3275,0.8008,0.5989,232.15,231.99,232.22,232.33
independence,3280,0.7969,0.6041,232.10,232.03,232.02,231.87
independence,3285,0.7935,0.6086,232.04,231.99,231.82,231.65
independence,3290,0.7928,0.6095,231.71,231.72,231.63,231.42
independence,3295,0.7935,0.6086,231.13,231.19,231.42,231.16
independence,3300,0.7945,0.6072,230.66,230.73,231.22,230.90
independence,3305,0.7950,0.6066,229.93,230.34,231.02,230.82
independence,3310,0.7945,0.6072,229.87,230.43,230.84,231.00
independence,3315,0.7941,0.6077,229.92,230.85,230.68,231.34
independence,3320,0.7947,0.6071,229.90,230.77,230.52,231.18
independence,3325,0.7954,0.6061,229.88,230.77,230.38,231.05
independence,3330,0.7957,0.6057,229.72,230.62,230.25,231.23
independence,3335,0.7958,0.6056,229.13,230.35,230.10,231.21
independence,3340,0.7957,0.6057,227.20,230.22,229.99,230.38
independence,3345,0.7954,0.6061,227.03,230.16,229.91,230.17
independence,3350,0.7947,0.6070,226.94,230.11,229.84,229.95
independence,3355,0.7949,0.6068,226.89,230.01,229.77,229.80
independence,3360,0.7969,0.6042,226.87,229.96,229.71,229.62
independence,3365,0.7990,0.6013,226.83,229.72,229.67,229.73
independence,3370,0.7999,0.6002,226.69,229.45,229.66,230.05
independence,3375,0.8000,0.6000,226.67,229.34,229.65,230.07
independence,3380,0.7999,0.6001,226.72,229.19,229.66,230.04
independence,3385,0.7996,0.6005,227.17,229.08,229.65,229.85
independence,3390,0.7989,0.6014,227.14,229.07,229.64,230.25
independence,3395,0.7992,0.6011,228.54,229.31,229.67,230.34
independence,3400,0.8016,0.5979,229.46,229.57,229.72,230.44
independence,3405,0.8050,0.5932,229.45,229.60,229.78,230.56
independence,3410,0.8086,0.5884,229.94,229.74,229.85,230.60
independence,3415,0.8110,0.5851,230.23,229.91,229.92,230.53
independence,3420,0.8114,0.5845,230.24,230.30,230.00,230.47
independence,3425,0.8112,0.5847,230.37,230.39,230.09,230.51
independence,3430,0.8116,0.5843,230.38,230.36,230.18,230.34
independence,3435,0.8118,0.5839,229.94,230.27,230.28,230.50
independence,3440,0.8115,0.5843,229.77,230.11,230.34,230.69
independence,3445,0.8113,0.5846,229.91,230.18,230.44,230.95
independence,3450,0.8117,0.5841,229.95,230.46,230.53,231.10
independence,3455,0.8112,0.5848,230.44,230.76,230.59,231.11
independence,3460,0.8085,0.5885,230.53,230.69,230.66,231.09
independence,3465,0.8062,0.5916,230.30,230.65,230.71,231.14
independence,3470,0.8065,0.5913,230.34,231.40,230.76,231.44
independence,3475,0.8074,0.5900,231.43,231.57,230.82,231.81
independence,3480,0.8073,0.5902,231.70,231.89,230.90,232.00
independence,3485,0.8064,0.5913,231.97,231.67,230.97,231.98
independence,3490,0.8054,0.5927,232.05,231.88,231.04,231.82
independence,3495,0.8049,0.5935,232.34,232.04,231.09,231.46
independence,3500,0.8051,0.5931,232.42,232.33,231.16,231.25
independence,3505,0.8055,0.5926,232.38,232.37,231.22,231.46
dilworth,0,0.6687,0.7435,224.60,225.10,225.78,226.11
dilworth,5,0.6701,0.7423,224.88,224.75,226.49,226.25
dilworth,10,0.6721,0.7404,223.74,224.28,226.53,226.41
dilworth,15,0.6735,0.7392,223.84,224.33,226.37,226.37
dilworth,20,0.6763,0.7367,223.97,224.50,226.50,226.50
dilworth,25,0.6823,0.7311,224.10,224.66,226.69,226.91
dilworth,30,0.6877,0.7260,224.33,224.70,226.70,227.08
dilworth,35,0.6898,0.7240,224.67,225.06,226.69,227.31
dilworth,40,0.6902,0.7237,225.04,225.35,226.92,227.42
dilworth,45,0.6901,0.7237,225.96,226.89,227.24,227.61
dilworth,50,0.6895,0.7243,226.86,227.39,227.68,227.64
dilworth,55,0.6871,0.7265,227.15,227.47,227.79,227.65
dilworth,60,0.6833,0.7301,227.32,227.58,227.70,227.58
dilworth,65,0.6808,0.7325,227.35,227.65,227.75,227.69
dilworth,70,0.6801,0.7331,227.73,227.97,228.01,227.85
dilworth,75,0.6800,0.7332,228.09,228.15,228.28,228.04
dilworth,80,0.6801,0.7331,228.39,228.46,228.38,228.15
dilworth,85,0.6801,0.7331,228.53,228.59,228.57,228.29
dilworth,90,0.6800,0.7332,228.45,228.35,228.69,228.51
dilworth,95,0.6793,0.7339,228.30,228.19,228.71,228.74
dilworth,100,0.6771,0.7359,227.99,228.24,228.82,228.81
dilworth,105,0.6746,0.7382,227.81,228.15,228.67,228.87
dilworth,110,0.6734,0.7393,227.75,228.46,228.95,229.12
dilworth,115,0.6732,0.7394,227.77,228.57,228.92,229.25
dilworth,120,0.6733,0.7394,227.78,228.53,229.04,229.26
dilworth,125,0.6737,0.7390,227.57,228.24,228.68,228.53
dilworth,130,0.6750,0.7378,227.28,227.90,228.31,228.19
dilworth,135,0.6767,0.7363,227.47,228.29,228.40,228.43
dilworth,140,0.6783,0.7348,227.97,228.45,228.96,229.10
dilworth,145,0.6798,0.7334,227.95,228.16,229.06,229.16
dilworth,150,0.6807,0.7325,227.81,228.20,228.99,229.08
dilworth,155,0.6810,0.7323,227.59,228.23,228.89,228.96
dilworth,160,0.6810,0.7323,227.40,227.79,228.71,228.82
dilworth,165,0.6810,0.7323,227.31,227.34,227.97,228.60
dilworth,170,0.6809,0.7324,226.94,227.17,227.82,228.44
dilworth,175,0.6801,0.7331,226.76,226.62,227.50,228.25
dilworth,180,0.6767,0.7363,226.29,226.45,227.31,228.13
dilworth,185,0.6711,0.7413,225.96,226.32,227.13,227.88
dilworth,190,0.6677,0.7445,225.76,226.18,227.19,227.57
dilworth,195,0.6678,0.7444,225.41,225.90,226.79,227.12
dilworth,200,0.6702,0.7421,225.18,225.59,226.38,226.79
dilworth,205,0.6728,0.7398,225.18,225.81,226.69,227.10
dilworth,210,0.6739,0.7389,224.94,225.64,227.03,227.69
dilworth,215,0.6740,0.7387,224.75,224.42,227.15,227.96
dilworth,220,0.6740,0.7387,224.55,224.13,226.94,227.81
dilworth,225,0.6740,0.7387,224.50,224.60,226.86,227.68
dilworth,230,0.6740,0.7387,224.49,224.94,227.05,227.54
dilworth,235,0.6740,0.7387,224.52,224.95,227.20,227.41
dilworth,240,0.6740,0.7387,224.60,224.90,227.29,227.35
dilworth,245,0.6740,0.7387,224.65,224.81,227.19,227.35
dilworth,250,0.6741,0.7386,224.76,225.00,226.92,227.46
dilworth,255,0.6741,0.7386,225.05,225.16,227.24,227.53
dilworth,260,0.6742,0.7386,225.14,225.30,227.63,227.39
dilworth,265,0.6743,0.7385,225.19,225.66,227.42,226.81
dilworth,270,0.6743,0.7385,225.08,225.88,226.53,226.33
dilworth,275,0.6741,0.7386,225.29,226.05,226.75,226.69
dilworth,280,0.6740,0.7387,225.60,226.35,227.30,227.13
dilworth,285,0.6741,0.7387,225.78,226.43,227.36,226.94
dilworth,290,0.6742,0.7385,226.00,226.32,227.33,226.78
dilworth,295,0.6743,0.7385,226.10,226.46,227.05,226.60
dilworth,300,0.6742,0.7386,226.18,226.44,227.08,226.55
dilworth,305,0.6745,0.7382,226.16,226.39,226.76,226.40
dilworth,310,0.6752,0.7377,225.94,226.38,226.64,226.09
dilworth,315,0.6744,0.7384,225.66,226.36,226.43,225.89
dilworth,320,0.6731,0.7396,225.44,226.36,226.22,225.64
dilworth,325,0.6732,0.7394,225.23,226.18,226.04,225.45
dilworth,330,0.6738,0.7389,224.97,225.85,225.85,225.33
dilworth,335,0.6745,0.7383,224.57,225.32,225.79,225.20
dilworth,340,0.6755,0.7374,224.24,225.04,225.45,224.97
dilworth,345,0.6765,0.7364,224.42,225.19,225.60,225.06
dilworth,350,0.6770,0.7360,224.70,225.34,225.52,225.05
dilworth,355,0.6771,0.7359,225.05,225.16,225.30,224.80
dilworth,360,0.6771,0.7359,225.25,225.02,225.14,224.63
dilworth,365,0.6771,0.7359,225.20,224.90,224.94,224.62
dilworth,370,0.6770,0.7360,225.14,224.76,224.55,224.56
dilworth,375,0.6767,0.7363,225.05,224.50,224.61,224.52
dilworth,380,0.6750,0.7378,224.51,224.31,224.46,224.25
dilworth,385,0.6706,0.7419,223.99,224.12,224.37,223.58
dilworth,390,0.6658,0.7461,223.79,224.05,223.88,223.57
dilworth,395,0.6637,0.7480,223.72,223.99,223.72,223.59
dilworth,400,0.6633,0.7483,223.41,223.41,223.49,223.26
dilworth,405,0.6633,0.7484,222.94,223.07,223.04,222.84
dilworth,410,0.6643,0.7474,221.87,222.37,222.65,222.46
dilworth,415,0.6702,0.7422,222.56,222.69,222.62,222.48
dilworth,420,0.6802,0.7330,223.37,223.10,222.61,222.24
dilworth,425,0.6866,0.7270,223.34,223.22,222.34,221.78
dilworth,430,0.6864,0.7272,223.27,223.09,222.27,221.41
dilworth,435,0.6802,0.7330,223.08,223.04,221.90,221.32
dilworth,440,0.6728,0.7398,222.64,222.41,222.08,221.51
dilworth,445,0.6714,0.7411,222.40,222.33,222.37,221.64
dilworth,450,0.6727,0.7399,222.29,222.32,222.08,221.56
dilworth,455,0.6723,0.7403,222.05,222.17,221.26,220.65
dilworth,460,0.6712,0.7413,221.83,221.92,221.12,220.25
dilworth,465,0.6707,0.7417,221.74,221.81,221.00,220.12
dilworth,470,0.6707,0.7417,221.64,221.80,220.93,219.77
dilworth,475,0.6712,0.7413,221.60,221.58,220.54,219.56
dilworth,480,0.6724,0.7402,220.73,220.44,219.90,219.36
dilworth,485,0.6735,0.7391,220.93,220.81,220.10,219.38
dilworth,490,0.6740,0.7388,221.05,221.51,220.36,218.92
dilworth,495,0.6740,0.7387,221.12,221.49,220.35,218.79
dilworth,500,0.6740,0.7387,221.21,221.37,220.22,218.66
dilworth,505,0.6741,0.7386,221.41,220.98,219.92,218.51
dilworth,510,0.6741,0.7386,221.17,220.90,219.63,218.14
dilworth,515,0.6741,0.7386,220.91,220.61,219.54,218.09
dilworth,520,0.6741,0.7386,220.63,220.34,219.40,218.00
dilworth,525,0.6741,0.7387,220.54,220.16,219.31,217.83
dilworth,530,0.6741,0.7387,220.39,220.12,219.39,217.81
dilworth,535,0.6740,0.7387,220.29,220.18,219.41,218.35
dilworth,540,0.6740,0.7387,220.16,220.07,219.44,218.75
dilworth,545,0.6738,0.7389,219.69,219.77,219.44,218.72
dilworth,550,0.6730,0.7397,218.83,218.97,219.03,218.58
dilworth,555,0.6720,0.7406,219.27,219.30,219.29,218.77
dilworth,560,0.6715,0.7410,219.97,220.05,219.64,219.02
dilworth,565,0.6714,0.7411,220.02,220.07,219.69,219.22
dilworth,570,0.6715,0.7410,220.07,219.98,219.67,218.91
dilworth,575,0.6716,0.7409,220.18,220.15,219.74,218.90
dilworth,580,0.6722,0.7404,220.07,219.84,219.59,218.84
dilworth,585,0.6753,0.7376,219.92,219.82,219.32,218.85
dilworth,590,0.6821,0.7313,219.87,219.69,219.09,218.75
dilworth,595,0.6879,0.7258,219.82,219.65,219.23,218.74
dilworth,600,0.6900,0.7238,219.71,219.57,219.11,218.67
dilworth,605,0.6906,0.7232,219.49,219.60,219.02,218.69
dilworth,610,0.6942,0.7198,219.39,219.49,218.92,218.43
dilworth,615,0.7087,0.7055,219.37,218.90,218.46,217.86
dilworth,620,0.7307,0.6827,218.79,218.45,217.95,217.50
dilworth,625,0.7338,0.6794,218.76,218.37,218.07,217.44
dilworth,630,0.7155,0.6986,218.92,218.88,218.31,217.16
dilworth,635,0.7026,0.7116,219.11,219.12,218.42,217.09
dilworth,640,0.6993,0.7148,219.49,219.15,217.84,217.02
dilworth,645,0.6965,0.7176,219.49,219.18,217.86,216.97
dilworth,650,0.6888,0.7250,219.42,218.95,218.15,217.05
dilworth,655,0.6794,0.7338,219.25,219.07,218.63,217.07
dilworth,660,0.6748,0.7380,219.30,219.12,218.42,217.35
dilworth,665,0.6738,0.7389,218.99,219.10,218.72,217.49
dilworth,670,0.6731,0.7395,218.73,218.91,218.62,217.68
dilworth,675,0.6709,0.7415,218.46,218.27,218.84,217.79
dilworth,680,0.6679,0.7443,218.49,218.44,218.83,217.86
dilworth,685,0.6667,0.7453,218.48,218.69,218.66,217.94
dilworth,690,0.6688,0.7434,218.36,218.58,218.85,217.78
dilworth,695,0.6726,0.7401,218.20,218.70,218.83,217.71
dilworth,700,0.6747,0.7381,218.05,218.58,218.76,217.70
dilworth,705,0.6750,0.7378,217.91,218.55,218.90,217.88
dilworth,710,0.6756,0.7373,217.81,218.37,219.10,217.78
dilworth,715,0.6779,0.7352,217.79,218.21,219.25,217.74
dilworth,720,0.6809,0.7323,217.74,218.22,218.97,217.84
dilworth,725,0.6819,0.7315,217.52,217.93,218.56,217.21
dilworth,730,0.6796,0.7336,217.09,217.51,217.68,216.52
dilworth,735,0.6759,0.7370,217.07,217.51,217.84,216.75
dilworth,740,0.6739,0.7388,217.18,217.81,219.42,217.58
dilworth,745,0.6735,0.7392,217.04,217.66,219.54,217.97
dilworth,750,0.6733,0.7394,216.80,217.41,219.59,219.03
dilworth,755,0.6724,0.7402,216.59,217.11,219.78,221.34
dilworth,760,0.6705,0.7419,216.39,216.92,220.00,221.62
dilworth,765,0.6695,0.7428,216.03,216.88,218.25,219.28
dilworth,770,0.6705,0.7419,215.40,216.65,217.89,218.43
dilworth,775,0.6717,0.7408,215.00,215.84,218.39,217.95
dilworth,780,0.6721,0.7405,214.83,215.82,218.48,217.87
dilworth,785,0.6721,0.7405,214.46,215.71,218.49,217.98
dilworth,790,0.6720,0.7406,214.42,215.37,218.30,218.20
dilworth,795,0.6719,0.7406,214.17,215.20,218.11,218.36
dilworth,800,0.6721,0.7405,213.98,215.09,218.05,218.10
dilworth,805,0.6723,0.7403,213.81,214.92,217.62,217.81
dilworth,810,0.6723,0.7403,213.63,215.00,217.62,217.91
dilworth,815,0.6722,0.7404,213.56,214.60,217.90,218.29
dilworth,820,0.6722,0.7404,213.63,214.85,217.34,218.40
dilworth,825,0.6729,0.7397,213.38,214.83,216.59,218.15
dilworth,830,0.6745,0.7383,213.15,214.70,216.92,217.66
dilworth,835,0.6761,0.7368,214.02,214.99,217.20,217.19
dilworth,840,0.6786,0.7345,214.32,215.01,216.83,217.06
dilworth,845,0.6837,0.7297,214.07,214.84,216.12,217.37
dilworth,850,0.6884,0.7253,213.24,214.50,215.81,217.36
dilworth,855,0.6898,0.7240,212.22,213.49,215.65,216.90
dilworth,860,0.6875,0.7262,211.66,213.20,215.59,217.00
dilworth,865,0.6794,0.7338,211.93,213.73,215.76,217.48
dilworth,870,0.6682,0.7440,212.09,214.06,215.81,217.57
dilworth,875,0.6620,0.7495,211.90,213.85,215.61,217.39
dilworth,880,0.6605,0.7508,211.49,213.83,215.20,216.69
dilworth,885,0.6604,0.7509,212.23,213.93,214.75,216.19
dilworth,890,0.6604,0.7509,213.40,213.84,214.17,215.20
dilworth,895,0.6605,0.7508,213.69,213.81,213.64,214.22
dilworth,900,0.6605,0.7508,213.76,213.74,213.45,213.59
dilworth,905,0.6605,0.7509,213.72,213.67,213.21,213.31
dilworth,910,0.6605,0.7508,213.79,213.47,213.37,213.67
dilworth,915,0.6607,0.7506,213.71,213.29,213.50,214.48
dilworth,920,0.6613,0.7502,212.85,212.81,213.21,214.61
dilworth,925,0.6613,0.7501,212.84,212.81,213.28,214.67
dilworth,930,0.6601,0.7512,212.84,212.92,213.83,215.07
dilworth,935,0.6565,0.7543,212.84,213.02,213.49,215.19
dilworth,940,0.6487,0.7610,212.37,212.46,213.45,215.18
dilworth,945,0.6417,0.7669,209.89,210.52,212.89,215.00
dilworth,950,0.6449,0.7643,209.68,210.24,212.32,214.60
dilworth,955,0.6598,0.7514,210.27,210.33,212.40,214.39
dilworth,960,0.6741,0.7387,210.72,210.49,212.73,214.24
dilworth,965,0.6757,0.7372,211.23,210.82,212.34,213.62
dilworth,970,0.6672,0.7449,211.41,211.10,211.76,213.06
dilworth,975,0.6588,0.7523,212.04,211.14,211.20,212.84
dilworth,980,0.6564,0.7544,211.57,211.09,211.01,212.18
dilworth,985,0.6587,0.7524,211.41,211.02,210.50,211.34
dilworth,990,0.6639,0.7479,210.48,210.60,210.39,211.20
dilworth,995,0.6679,0.7443,210.03,210.30,211.39,211.80
dilworth,1000,0.6692,0.7431,210.07,209.84,211.77,212.08
dilworth,1005,0.6693,0.7430,210.00,209.58,211.73,212.02
dilworth,1010,0.6693,0.7430,209.90,209.43,211.58,211.75
dilworth,1015,0.6692,0.7431,209.88,209.06,211.29,211.21
dilworth,1020,0.6690,0.7432,208.86,208.50,210.25,210.41
dilworth,1025,0.6684,0.7438,208.57,208.21,209.77,210.15
dilworth,1030,0.6684,0.7438,208.22,208.11,209.25,209.94
dilworth,1035,0.6693,0.7429,207.98,207.79,208.76,208.17
dilworth,1040,0.6671,0.7450,207.42,207.27,207.47,207.90
dilworth,1045,0.6582,0.7528,206.98,206.75,207.22,207.56
dilworth,1050,0.6481,0.7615,206.53,206.42,206.92,207.19
dilworth,1055,0.6478,0.7618,206.37,206.23,206.76,206.60
dilworth,1060,0.6563,0.7545,206.30,205.98,206.23,206.04
dilworth,1065,0.6637,0.7480,206.32,205.82,205.46,205.59
dilworth,1070,0.6650,0.7469,206.15,205.26,205.07,205.52
dilworth,1075,0.6636,0.7481,205.60,204.82,204.75,205.38
dilworth,1080,0.6631,0.7486,205.07,204.22,203.78,204.40
dilworth,1085,0.6630,0.7486,204.57,203.91,203.34,203.65
dilworth,1090,0.6630,0.7486,204.16,203.64,203.18,203.19
dilworth,1095,0.6630,0.7486,203.80,203.33,203.14,202.95
dilworth,1100,0.6630,0.7486,203.52,202.80,202.53,202.81
dilworth,1105,0.6627,0.7488,203.00,202.58,202.37,202.57
dilworth,1110,0.6619,0.7496,201.91,201.87,202.17,202.17
dilworth,1115,0.6630,0.7486,201.74,201.73,201.86,201.59
dilworth,1120,0.6772,0.7358,201.72,201.86,200.63,199.93
dilworth,1125,0.7109,0.7033,201.54,201.51,200.60,200.20
dilworth,1130,0.7531,0.6579,201.38,201.28,200.80,199.97
dilworth,1135,0.7919,0.6107,201.19,200.94,200.46,199.31
dilworth,1140,0.8289,0.5595,201.04,200.32,200.52,198.75
dilworth,1145,0.8631,0.5051,200.88,200.60,199.79,198.21
dilworth,1150,0.8912,0.4536,200.76,200.65,199.67,198.15
dilworth,1155,0.9181,0.3964,200.68,200.52,199.56,198.76
dilworth,1160,0.9393,0.3432,200.55,200.38,199.40,199.37
dilworth,1165,0.9509,0.3095,200.36,200.23,199.45,199.73
dilworth,1170,0.9556,0.2946,200.08,199.81,199.11,199.95
dilworth,1175,0.9566,0.2913,199.68,199.10,199.37,200.03
dilworth,1180,0.9553,0.2955,199.16,198.58,199.36,200.14
dilworth,1185,0.9489,0.3155,198.03,197.04,198.88,199.73
dilworth,1190,0.9348,0.3550,197.68,197.02,198.33,198.89
dilworth,1195,0.9147,0.4042,197.63,197.12,197.46,198.28
dilworth,1200,0.8876,0.4606,197.02,196.63,196.13,197.54
dilworth,1205,0.8565,0.5161,196.36,196.19,195.36,196.57
dilworth,1210,0.8235,0.5674,195.36,195.50,195.16,195.20
dilworth,1215,0.7945,0.6073,194.97,195.24,194.77,194.20
dilworth,1220,0.7810,0.6246,194.56,194.82,193.08,193.06
dilworth,1225,0.7781,0.6281,194.11,194.40,192.89,192.39
dilworth,1230,0.7778,0.6285,193.44,194.06,192.65,191.80
dilworth,1235,0.7778,0.6285,192.75,193.62,192.08,191.42
dilworth,1240,0.7775,0.6289,192.31,193.12,191.85,191.12
dilworth,1245,0.7760,0.6307,192.36,192.07,191.43,191.21
dilworth,1250,0.7789,0.6272,192.21,191.97,191.40,191.26
dilworth,1255,0.8088,0.5881,190.95,191.39,191.42,191.23
dilworth,1260,0.8552,0.5183,190.35,190.32,191.35,191.15
dilworth,1265,0.8507,0.5256,189.99,189.95,191.37,191.10
dilworth,1270,0.7943,0.6076,189.60,189.64,191.34,191.06
dilworth,1275,0.7277,0.6859,189.54,190.14,191.31,190.91
dilworth,1280,0.6866,0.7271,189.59,190.05,191.25,189.33
dilworth,1285,0.7142,0.6999,189.54,190.15,190.29,186.79
dilworth,1290,0.7490,0.6626,189.60,189.09,186.96,190.34
dilworth,1295,0.7580,0.6522,187.59,186.42,187.74,190.61
dilworth,1300,0.7442,0.6680,187.13,188.16,190.49,190.80
dilworth,1305,0.7087,0.7055,189.32,190.20,190.67,191.13
dilworth,1310,0.6856,0.7280,189.53,190.65,190.85,191.22
dilworth,1315,0.6917,0.7222,189.58,190.98,190.86,191.24
dilworth,1320,0.7082,0.7060,189.65,191.07,191.09,191.32
dilworth,1325,0.7174,0.6966,189.41,190.86,191.21,191.36
dilworth,1330,0.7222,0.6917,189.83,190.77,191.22,191.42
dilworth,1335,0.7330,0.6802,190.62,190.69,190.93,192.08
dilworth,1340,0.7523,0.6588,190.88,190.68,190.78,192.11
dilworth,1345,0.7702,0.6378,190.97,190.81,190.93,192.79
dilworth,1350,0.7780,0.6282,191.82,191.41,190.88,193.52
dilworth,1355,0.7795,0.6264,192.60,191.49,190.87,193.84
dilworth,1360,0.7796,0.6263,192.48,191.57,191.80,192.88
dilworth,1365,0.7789,0.6272,193.25,191.92,191.62,192.89
dilworth,1370,0.7722,0.6354,193.32,191.72,191.53,192.73
dilworth,1375,0.7442,0.6679,193.53,191.98,192.45,192.90
dilworth,1380,0.6817,0.7316,192.91,192.18,192.15,193.51
dilworth,1385,0.5977,0.8017,193.49,191.74,192.12,193.93
dilworth,1390,0.5342,0.8453,193.43,191.74,192.04,194.06
freedom,0,-0.2114,-0.9774,197.06,196.82,201.20,203.40
freedom,5,-0.2273,-0.9738,197.00,196.99,199.69,202.02
freedom,10,-0.2658,-0.9640,196.99,197.11,196.43,198.92
freedom,15,-0.3110,-0.9504,196.88,197.04,196.73,196.15
freedom,20,-0.3540,-0.9352,196.72,196.91,196.94,196.61
freedom,25,-0.4023,-0.9155,196.50,196.75,196.94,196.81
freedom,30,-0.4583,-0.8888,196.55,196.73,196.72,196.74
freedom,35,-0.5162,-0.8564,196.33,196.56,196.71,196.44
freedom,40,-0.5742,-0.8187,196.09,196.12,199.96,196.44
freedom,45,-0.6305,-0.7762,195.81,195.55,200.00,198.32
freedom,50,-0.6760,-0.7369,195.48,195.20,200.15,198.36
freedom,55,-0.7108,-0.7033,195.19,195.05,200.89,197.15
freedom,60,-0.7446,-0.6675,194.99,194.98,202.09,195.62
freedom,65,-0.7807,-0.6249,194.72,195.01,202.61,194.64
freedom,70,-0.8154,-0.5789,194.53,195.14,202.91,194.13
freedom,75,-0.8487,-0.5288,194.92,195.48,202.46,193.51
freedom,80,-0.8808,-0.4735,195.64,196.04,201.13,193.51
freedom,85,-0.9052,-0.4249,196.34,196.26,196.39,194.52
freedom,90,-0.9253,-0.3794,196.93,195.74,194.54,194.44
freedom,95,-0.9457,-0.3251,197.32,195.93,194.72,192.34
freedom,100,-0.9642,-0.2651,197.73,196.42,195.31,187.65
freedom,105,-0.9795,-0.2016,198.09,196.55,197.01,187.73
freedom,110,-0.9902,-0.1396,197.88,196.59,197.09,188.85
freedom,115,-0.9959,-0.0905,197.60,197.17,197.23,188.74
freedom,120,-0.9993,-0.0384,198.03,197.33,197.15,188.88
freedom,125,-0.9996,0.0267,198.46,196.43,196.88,188.08
freedom,130,-0.9957,0.0926,198.85,195.72,196.69,187.72
freedom,135,-0.9891,0.1474,199.23,195.16,195.97,188.49
freedom,140,-0.9799,0.1994,198.75,195.05,195.52,188.76
freedom,145,-0.9679,0.2513,198.41,195.35,195.49,188.84
freedom,150,-0.9541,0.2994,198.78,195.87,195.43,189.29
freedom,155,-0.9372,0.3489,199.64,196.61,195.26,188.83
freedom,160,-0.9152,0.4029,200.19,197.67,194.78,189.74
freedom,165,-0.8925,0.4511,199.74,199.08,194.10,191.13
freedom,170,-0.8732,0.4873,197.84,198.68,193.02,192.17
freedom,175,-0.8556,0.5176,195.22,197.08,190.69,192.46
freedom,180,-0.8393,0.5437,195.13,194.84,189.63,192.49
freedom,185,-0.8276,0.5614,194.83,194.16,189.99,192.51
freedom,190,-0.8178,0.5756,194.53,193.99,193.02,192.63
freedom,195,-0.8098,0.5867,194.23,193.86,193.10,192.33
freedom,200,-0.8101,0.5863,194.03,193.39,192.85,191.77
freedom,205,-0.8246,0.5657,193.74,190.95,192.70,191.75
freedom,210,-0.8484,0.5293,193.51,188.48,192.49,191.78
freedom,215,-0.8635,0.5043,192.90,188.51,192.42,191.83
freedom,220,-0.8681,0.4963,190.96,190.56,192.41,192.03
freedom,225,-0.8741,0.4857,189.05,193.08,192.46,192.35
freedom,230,-0.8918,0.4525,188.55,193.30,192.42,192.38
freedom,235,-0.9153,0.4029,192.50,193.04,192.35,192.51
freedom,240,-0.9331,0.3597,192.95,193.11,192.36,192.60
freedom,245,-0.9454,0.3259,192.57,192.58,192.47,192.70
freedom,250,-0.9551,0.2964,192.05,192.35,192.73,192.79
freedom,255,-0.9626,0.2708,192.24,192.09,192.79,192.84
freedom,260,-0.9687,0.2483,192.43,190.91,192.69,192.88
freedom,265,-0.9756,0.2198,191.06,191.42,192.72,192.92
freedom,270,-0.9811,0.1936,191.10,192.56,192.82,193.02
freedom,275,-0.9852,0.1717,191.91,192.39,192.92,193.11
freedom,280,-0.9890,0.1478,192.41,192.52,193.14,192.97
freedom,285,-0.9916,0.1297,192.26,192.82,193.47,192.98
freedom,290,-0.9929,0.1191,192.29,193.07,193.12,192.99
freedom,295,-0.9933,0.1153,192.46,192.80,192.78,192.94
freedom,300,-0.9927,0.1205,192.39,192.64,192.71,193.36
freedom,305,-0.9908,0.1355,192.31,192.49,193.88,194.28
freedom,310,-0.9887,0.1499,192.24,192.55,194.03,194.76
freedom,315,-0.9878,0.1555,192.59,192.67,193.97,194.85
freedom,320,-0.9877,0.1564,192.81,192.92,194.16,194.68
freedom,325,-0.9877,0.1564,192.89,192.95,194.59,193.91
freedom,330,-0.9877,0.1563,193.07,193.35,194.70,194.14
freedom,335,-0.9879,0.1552,193.35,194.00,194.40,194.22
freedom,340,-0.9886,0.1506,193.60,194.37,194.58,194.20
freedom,345,-0.9898,0.1426,193.89,194.46,194.64,194.07
freedom,350,-0.9910,0.1341,194.34,194.53,195.39,194.07
freedom,355,-0.9934,0.1147,195.15,195.57,195.74,194.82
freedom,360,-0.9975,0.0700,197.36,197.22,196.22,194.90
freedom,365,-1.0000,0.0055,198.04,197.77,196.24,194.92
freedom,370,-0.9971,-0.0764,198.58,198.87,196.27,195.01
freedom,375,-0.9859,-0.1675,198.90,198.84,196.20,194.95
freedom,380,-0.9688,-0.2480,199.22,198.56,196.12,194.90
freedom,385,-0.9415,-0.3371,199.01,198.51,196.22,194.98
freedom,390,-0.9061,-0.4231,199.38,198.57,196.22,194.91
freedom,395,-0.8773,-0.4800,199.50,198.85,196.49,195.14
freedom,400,-0.8498,-0.5271,199.73,199.05,196.53,195.54
freedom,405,-0.8162,-0.5778,200.03,199.29,196.52,195.63
freedom,410,-0.7719,-0.6358,200.13,199.22,196.64,195.33
freedom,415,-0.7322,-0.6810,200.34,199.40,196.36,195.00
freedom,420,-0.7018,-0.7124,200.50,199.53,195.61,194.90
freedom,425,-0.6782,-0.7349,200.38,199.22,195.22,194.52
freedom,430,-0.6684,-0.7438,199.93,198.88,195.05,194.39
freedom,435,-0.6667,-0.7454,199.60,198.49,194.96,194.34
freedom,440,-0.6666,-0.7455,200.03,198.22,194.67,194.24
freedom,445,-0.6665,-0.7455,200.31,197.37,194.42,194.37
freedom,450,-0.6664,-0.7456,197.23,197.83,194.39,194.46
freedom,455,-0.6651,-0.7468,196.84,197.90,194.22,194.26
freedom,460,-0.6613,-0.7501,196.27,195.37,194.13,193.89
freedom,465,-0.6569,-0.7540,195.65,194.37,194.01,193.91
freedom,470,-0.6548,-0.7558,194.93,194.39,193.90,193.80
freedom,475,-0.6543,-0.7562,194.99,194.25,194.16,193.63
freedom,480,-0.6539,-0.7566,194.94,194.16,193.76,193.17
freedom,485,-0.6497,-0.7602,194.77,194.03,193.80,193.65
freedom,490,-0.6340,-0.7733,194.51,193.90,193.88,193.62
freedom,495,-0.6101,-0.7924,194.17,193.75,193.94,193.58
freedom,500,-0.5953,-0.8035,193.81,193.74,194.02,191.03
freedom,505,-0.5914,-0.8064,193.64,193.81,194.26,190.06
freedom,510,-0.5895,-0.8078,193.56,193.77,190.36,192.90
freedom,515,-0.5853,-0.8108,193.34,193.61,191.02,193.44
freedom,520,-0.5802,-0.8145,193.13,193.59,194.10,193.99
freedom,525,-0.5723,-0.8200,192.68,193.48,194.25,194.28
freedom,530,-0.5463,-0.8376,193.06,191.80,194.21,194.42
freedom,535,-0.5011,-0.8654,192.25,191.61,194.09,194.40
freedom,540,-0.4683,-0.8836,190.85,193.32,194.02,194.33
freedom,545,-0.4478,-0.8941,194.04,194.55,193.91,194.41
freedom,550,-0.4094,-0.9124,195.44,194.74,193.87,194.44
freedom,555,-0.3643,-0.9313,195.50,194.76,193.79,194.30
freedom,560,-0.3404,-0.9403,195.58,194.54,193.70,194.08
freedom,565,-0.3252,-0.9456,194.29,194.40,193.69,193.46
freedom,570,-0.3109,-0.9505,193.90,194.55,193.76,193.28
freedom,575,-0.2986,-0.9544,193.89,194.33,193.83,194.24
freedom,580,-0.2763,-0.9611,195.48,194.39,193.87,194.60
freedom,585,-0.2483,-0.9687,195.76,194.55,193.93,194.20
freedom,590,-0.2298,-0.9732,195.54,194.60,193.85,194.34
freedom,595,-0.2100,-0.9777,195.39,194.94,194.11,194.57
freedom,600,-0.1830,-0.9831,195.72,194.97,194.36,194.56
freedom,605,-0.1641,-0.9865,195.76,195.27,194.39,194.74
freedom,610,-0.1539,-0.9881,195.93,195.81,194.61,195.10
freedom,615,-0.1472,-0.9891,196.22,196.09,195.07,195.30
freedom,620,-0.1449,-0.9894,196.87,196.37,195.63,195.44
freedom,625,-0.1447,-0.9895,197.29,196.42,195.73,195.23
freedom,630,-0.1447,-0.9895,197.38,196.42,195.08,195.40
freedom,635,-0.1447,-0.9895,197.51,196.64,195.36,195.84
freedom,640,-0.1447,-0.9895,197.60,197.02,195.42,195.96
freedom,645,-0.1447,-0.9895,197.83,197.26,195.50,195.95
freedom,650,-0.1447,-0.9895,198.11,197.17,195.67,195.77
freedom,655,-0.1448,-0.9895,198.35,196.82,195.80,195.88
freedom,660,-0.1451,-0.9894,198.80,196.62,196.00,196.11
freedom,665,-0.1484,-0.9889,199.18,196.34,196.21,196.28
freedom,670,-0.1628,-0.9867,199.55,195.99,196.44,196.49
freedom,675,-0.1879,-0.9822,199.50,195.98,196.59,196.69
freedom,680,-0.2054,-0.9787,199.19,196.08,196.77,197.18
freedom,685,-0.2106,-0.9776,199.20,196.33,196.97,197.64
freedom,690,-0.2155,-0.9765,197.98,196.59,197.21,197.76
freedom,695,-0.2356,-0.9719,196.82,196.80,197.28,197.58
freedom,700,-0.2724,-0.9622,196.52,196.58,197.38,197.48
freedom,705,-0.2995,-0.9541,196.45,196.77,197.28,197.39
freedom,710,-0.3081,-0.9513,196.87,197.33,197.48,197.48
freedom,715,-0.3141,-0.9494,197.68,197.53,197.53,197.53
freedom,720,-0.3336,-0.9427,197.34,197.32,197.67,197.75
freedom,725,-0.3643,-0.9313,197.45,197.28,197.85,198.01
freedom,730,-0.3838,-0.9234,197.56,197.60,198.31,198.10
freedom,735,-0.3895,-0.9210,197.74,197.79,198.32,198.13
freedom,740,-0.3953,-0.9185,197.96,197.97,198.39,198.27
freedom,745,-0.4131,-0.9107,198.14,198.00,198.50,198.32
freedom,750,-0.4367,-0.8996,198.37,197.94,198.61,198.26
freedom,755,-0.4506,-0.8927,198.52,197.83,198.72,198.20
freedom,760,-0.4622,-0.8868,198.64,197.87,198.61,197.86
freedom,765,-0.4861,-0.8739,198.65,197.87,198.53,198.29
freedom,770,-0.5113,-0.8594,198.71,197.89,199.20,199.66
freedom,775,-0.5222,-0.8528,198.72,198.21,199.43,200.12
freedom,780,-0.5245,-0.8514,198.98,198.89,199.49,199.98
freedom,785,-0.5285,-0.8489,199.63,199.52,199.57,199.85
freedom,790,-0.5419,-0.8405,200.23,200.06,199.64,199.87
freedom,795,-0.5605,-0.8282,200.88,200.45,199.68,199.81
freedom,800,-0.5709,-0.8210,201.10,200.79,199.76,199.79
freedom,805,-0.5734,-0.8193,201.03,201.04,200.30,199.94
freedom,810,-0.5739,-0.8189,201.00,201.12,200.91,200.83
freedom,815,-0.5750,-0.8181,201.02,201.07,200.98,201.76
freedom,820,-0.5763,-0.8172,201.31,201.31,201.13,202.27
freedom,825,-0.5767,-0.8170,202.72,202.53,202.31,202.61
freedom,830,-0.5754,-0.8179,203.10,202.65,202.49,202.76
freedom,835,-0.5727,-0.8198,202.91,202.89,202.61,202.87
freedom,840,-0.5705,-0.8213,203.22,203.13,202.70,202.98
freedom,845,-0.5702,-0.8215,203.63,203.48,202.86,203.01
freedom,850,-0.5712,-0.8208,203.66,203.51,202.93,202.94
freedom,855,-0.5726,-0.8198,203.52,203.67,203.19,202.88
freedom,860,-0.5733,-0.8193,203.71,203.89,203.49,202.98
freedom,865,-0.5735,-0.8192,203.92,204.13,203.76,202.48
freedom,870,-0.5736,-0.8191,203.99,204.23,204.00,202.05
freedom,875,-0.5736,-0.8191,203.73,203.80,203.94,202.58
freedom,880,-0.5738,-0.8190,203.97,203.81,204.13,203.72
freedom,885,-0.5745,-0.8185,204.70,204.38,204.81,204.41
freedom,890,-0.5752,-0.8180,206.26,206.11,205.65,204.97
freedom,895,-0.5755,-0.8178,207.22,206.43,205.88,205.28
freedom,900,-0.5756,-0.8177,207.54,206.87,206.09,205.50
freedom,905,-0.5756,-0.8177,208.39,207.06,206.22,205.57
freedom,910,-0.5756,-0.8177,208.54,207.45,206.43,205.55
freedom,915,-0.5756,-0.8177,208.65,208.38,206.43,205.60
freedom,920,-0.5756,-0.8177,208.77,208.88,206.45,205.39
freedom,925,-0.5756,-0.8177,208.86,208.94,206.56,205.06
freedom,930,-0.5756,-0.8178,208.93,208.96,206.67,204.66
freedom,935,-0.5755,-0.8178,208.91,208.93,207.15,203.77
freedom,940,-0.5755,-0.8178,208.79,208.99,207.61,203.74
freedom,945,-0.5755,-0.8178,208.69,208.89,207.69,203.57
freedom,950,-0.5755,-0.8178,208.85,208.55,207.74,203.37
freedom,955,-0.5755,-0.8178,209.05,208.56,207.76,203.31
freedom,960,-0.5755,-0.8178,209.67,208.63,207.75,203.32
freedom,965,-0.5760,-0.8174,212.78,208.77,207.88,203.43
freedom,970,-0.5800,-0.8146,214.22,208.93,207.90,203.89
freedom,975,-0.5924,-0.8056,214.32,209.04,207.95,204.11
freedom,980,-0.6077,-0.7942,214.31,209.12,208.46,205.56
freedom,985,-0.6153,-0.7883,214.12,209.13,209.07,208.93
freedom,990,-0.6168,-0.7871,213.75,209.18,209.18,208.95
freedom,995,-0.6169,-0.7870,213.35,209.18,209.23,209.07
freedom,1000,-0.6169,-0.7870,213.44,209.17,209.18,209.12
freedom,1005,-0.6170,-0.7870,215.25,209.04,209.12,209.16
freedom,1010,-0.6170,-0.7870,215.56,209.22,209.04,209.19
freedom,1015,-0.6171,-0.7869,213.55,209.94,208.37,206.30
freedom,1020,-0.6187,-0.7857,211.02,209.94,208.32,205.97
freedom,1025,-0.6272,-0.7788,211.16,209.63,208.32,206.15
freedom,1030,-0.6467,-0.7628,210.82,209.28,207.99,206.50
freedom,1035,-0.6643,-0.7475,209.90,208.94,207.78,206.51
freedom,1040,-0.6708,-0.7416,210.07,208.92,207.66,206.48
freedom,1045,-0.6718,-0.7408,210.05,208.89,207.60,206.37
freedom,1050,-0.6718,-0.7407,209.93,208.80,207.57,206.35
freedom,1055,-0.6718,-0.7407,210.01,208.84,207.62,206.53
freedom,1060,-0.6718,-0.7407,209.94,208.77,207.64,206.69
freedom,1065,-0.6719,-0.7407,210.03,208.77,207.53,207.07
freedom,1070,-0.6719,-0.7406,209.94,208.68,207.14,207.16
freedom,1075,-0.6719,-0.7406,209.42,208.41,206.89,207.31
freedom,1080,-0.6719,-0.7406,209.87,208.40,206.89,207.13
freedom,1085,-0.6719,-0.7406,209.98,208.33,206.87,206.53
freedom,1090,-0.6719,-0.7406,209.78,208.11,206.87,206.47
freedom,1095,-0.6720,-0.7406,209.58,207.90,206.90,206.43
freedom,1100,-0.6720,-0.7406,209.39,207.69,206.84,206.42
freedom,1105,-0.6720,-0.7406,209.21,207.54,206.23,206.23
freedom,1110,-0.6719,-0.7406,209.00,206.63,205.87,205.29
freedom,1115,-0.6718,-0.7407,208.82,206.55,205.73,204.96
freedom,1120,-0.6718,-0.7407,208.62,206.55,205.62,205.44
freedom,1125,-0.6720,-0.7406,208.41,206.82,205.42,205.56
freedom,1130,-0.6726,-0.7400,208.43,206.86,205.46,204.84
freedom,1135,-0.6738,-0.7389,209.13,207.31,205.22,204.01
freedom,1140,-0.6746,-0.7381,208.84,208.05,205.10,204.21
freedom,1145,-0.6748,-0.7380,208.87,207.95,205.50,204.28
freedom,1150,-0.6749,-0.7379,208.87,207.97,205.65,204.89
freedom,1155,-0.6749,-0.7379,208.93,208.06,205.75,204.93
freedom,1160,-0.6749,-0.7379,208.86,208.06,206.01,204.93
freedom,1165,-0.6749,-0.7379,208.91,208.18,205.81,204.51
freedom,1170,-0.6749,-0.7379,208.93,208.39,205.45,204.03
freedom,1175,-0.6750,-0.7378,208.93,208.60,205.70,204.59
freedom,1180,-0.6752,-0.7376,209.08,208.78,205.88,207.71
freedom,1185,-0.6756,-0.7373,209.30,208.98,204.08,211.17
freedom,1190,-0.6759,-0.7370,209.95,209.84,203.73,212.42
freedom,1195,-0.6760,-0.7369,210.25,210.33,206.00,212.73
freedom,1200,-0.6760,-0.7369,210.42,210.55,208.45,212.93
freedom,1205,-0.6760,-0.7369,210.45,210.43,209.54,213.27
freedom,1210,-0.6760,-0.7369,210.98,210.89,210.46,213.47
freedom,1215,-0.6760,-0.7369,212.08,207.66,211.24,213.76
freedom,1220,-0.6760,-0.7369,211.67,204.72,211.68,213.13
freedom,1225,-0.6760,-0.7369,210.87,204.27,213.94,214.78
freedom,1230,-0.6760,-0.7369,209.73,206.41,214.25,215.20
freedom,1235,-0.6760,-0.7369,207.78,207.37,214.54,215.56
freedom,1240,-0.6760,-0.7369,206.27,208.37,214.76,215.69
freedom,1245,-0.6758,-0.7371,205.53,210.75,214.96,215.66
freedom,1250,-0.6751,-0.7377,204.62,213.77,215.22,216.24
freedom,1255,-0.6745,-0.7383,206.43,214.34,215.65,216.60
freedom,1260,-0.6743,-0.7384,210.09,215.10,216.27,216.87
freedom,1265,-0.6743,-0.7385,213.02,216.17,216.65,217.11
freedom,1270,-0.6743,-0.7385,213.37,216.63,217.10,217.53
freedom,1275,-0.6743,-0.7385,213.52,216.61,217.20,217.63
freedom,1280,-0.6742,-0.7385,214.40,216.43,217.15,217.58
freedom,1285,-0.6742,-0.7385,214.82,216.63,217.55,217.54
freedom,1290,-0.6742,-0.7386,215.29,217.20,218.16,218.05
freedom,1295,-0.6741,-0.7386,216.02,217.88,218.58,218.45
freedom,1300,-0.6741,-0.7386,217.13,218.71,218.93,218.89
freedom,1305,-0.6741,-0.7386,218.68,219.26,219.36,219.35
freedom,1310,-0.6741,-0.7386,219.03,219.50,219.76,219.72
freedom,1315,-0.6741,-0.7386,219.34,219.95,220.11,220.09
freedom,1320,-0.6742,-0.7386,219.16,220.18,220.41,220.45
freedom,1325,-0.6742,-0.7385,219.39,220.18,220.76,220.76
freedom,1330,-0.6742,-0.7385,219.81,220.27,221.05,221.06
freedom,1335,-0.6736,-0.7391,220.45,221.17,221.37,221.38
freedom,1340,-0.6713,-0.7412,220.69,221.26,221.69,221.71
freedom,1345,-0.6681,-0.7441,220.79,221.27,222.07,222.27
freedom,1350,-0.6675,-0.7447,220.75,221.39,222.26,222.92
freedom,1355,-0.6693,-0.7430,220.80,221.41,222.59,222.92
freedom,1360,-0.6714,-0.7411,220.95,221.15,222.66,222.93
freedom,1365,-0.6735,-0.7392,221.02,221.56,222.87,222.93
freedom,1370,-0.6764,-0.7365,221.06,221.88,223.19,223.07
freedom,1375,-0.6803,-0.7330,221.14,222.09,222.98,223.41
freedom,1380,-0.6826,-0.7308,221.90,222.01,222.97,223.41
freedom,1385,-0.6823,-0.7311,221.85,222.04,223.60,223.47
freedom,1390,-0.6796,-0.7336,221.55,222.18,223.76,223.67
freedom,1395,-0.6765,-0.7364,218.25,223.18,223.45,223.80
freedom,1400,-0.6752,-0.7376,216.94,223.47,223.78,224.20
freedom,1405,-0.6750,-0.7378,217.06,223.57,224.15,224.09
freedom,1410,-0.6750,-0.7378,217.19,223.50,224.25,224.15
freedom,1415,-0.6753,-0.7375,218.19,223.38,224.25,224.33
freedom,1420,-0.6767,-0.7363,219.37,222.27,224.11,224.26
freedom,1425,-0.6787,-0.7344,219.12,222.66,224.22,224.35
freedom,1430,-0.6798,-0.7334,216.99,224.19,224.67,225.06
freedom,1435,-0.6800,-0.7332,216.90,224.52,224.84,224.92
freedom,1440,-0.6801,-0.7332,216.90,224.60,224.93,224.99
freedom,1445,-0.6801,-0.7331,216.86,224.49,224.93,224.98
freedom,1450,-0.6801,-0.7331,217.01,224.31,224.86,225.07
freedom,1455,-0.6801,-0.7331,218.92,224.42,224.67,225.03
freedom,1460,-0.6801,-0.7331,223.43,224.45,224.73,224.99
freedom,1465,-0.6801,-0.7332,223.89,224.46,225.13,225.26
freedom,1470,-0.6797,-0.7335,224.31,224.64,225.49,225.88
freedom,1475,-0.6792,-0.7340,224.42,224.72,225.73,225.90
freedom,1480,-0.6793,-0.7338,224.71,225.10,225.78,226.28
freedom,1485,-0.6805,-0.7327,224.74,225.15,225.67,226.20
freedom,1490,-0.6809,-0.7324,224.95,225.36,225.73,226.35
freedom,1495,-0.6802,-0.7330,225.01,225.72,225.83,226.48
freedom,1500,-0.6798,-0.7334,225.12,225.69,225.97,226.62
freedom,1505,-0.6803,-0.7329,225.25,225.65,226.08,226.73
freedom,1510,-0.6811,-0.7322,225.56,225.84,226.19,226.86
freedom,1515,-0.6815,-0.7318,225.67,225.92,226.41,226.99
freedom,1520,-0.6814,-0.7319,225.83,225.95,226.89,227.18
freedom,1525,-0.6811,-0.7322,225.93,226.00,226.73,227.18
freedom,1530,-0.6809,-0.7324,225.99,226.03,226.64,227.38
freedom,1535,-0.6808,-0.7325,226.05,226.06,226.74,227.46
freedom,1540,-0.6807,-0.7325,226.05,226.04,226.84,227.58
freedom,1545,-0.6807,-0.7326,225.97,226.03,226.94,227.72
freedom,1550,-0.6806,-0.7327,225.82,226.16,227.16,227.91
freedom,1555,-0.6806,-0.7327,226.69,226.68,227.30,228.14
freedom,1560,-0.6806,-0.7327,226.99,226.75,227.42,228.37
freedom,1565,-0.6806,-0.7326,226.97,226.73,227.60,228.62
freedom,1570,-0.6806,-0.7326,226.76,226.72,227.74,228.72
freedom,1575,-0.6806,-0.7326,226.70,226.86,227.84,228.75
freedom,1580,-0.6807,-0.7326,227.06,227.18,227.93,228.73
freedom,1585,-0.6808,-0.7325,227.33,227.38,227.99,228.69
freedom,1590,-0.6808,-0.7325,227.69,227.75,227.80,228.61
freedom,1595,-0.6807,-0.7326,227.62,227.73,227.89,228.39
freedom,1600,-0.6807,-0.7326,227.60,227.71,228.02,228.76
freedom,1605,-0.6807,-0.7326,227.61,227.69,228.08,228.74
freedom,1610,-0.6809,-0.7324,227.63,227.56,227.87,228.51
freedom,1615,-0.6812,-0.7321,227.97,227.51,228.12,228.57
freedom,1620,-0.6816,-0.7318,227.99,227.90,228.29,228.69
freedom,1625,-0.6817,-0.7316,227.96,227.91,228.08,228.78
freedom,1630,-0.6816,-0.7317,227.93,227.95,227.92,228.24
freedom,1635,-0.6808,-0.7325,227.96,227.80,228.03,228.22
freedom,1640,-0.6790,-0.7341,227.66,227.64,227.89,228.20
freedom,1645,-0.6771,-0.7359,227.52,227.53,227.89,228.10
freedom,1650,-0.6761,-0.7368,227.61,227.58,227.97,228.21
freedom,1655,-0.6757,-0.7371,227.74,227.65,228.00,228.28
freedom,1660,-0.6760,-0.7369,227.63,227.72,228.13,228.79
freedom,1665,-0.6773,-0.7357,227.41,227.75,228.23,228.77
freedom,1670,-0.6790,-0.7342,227.46,227.77,228.21,228.73
freedom,1675,-0.6799,-0.7333,227.57,228.09,228.51,229.26
freedom,1680,-0.6801,-0.7331,227.70,228.05,228.44,229.30
freedom,1685,-0.6801,-0.7331,227.60,227.82,228.33,228.82
freedom,1690,-0.6800,-0.7332,227.83,228.05,228.47,228.62
freedom,1695,-0.6800,-0.7332,228.12,228.44,228.46,228.95
freedom,1700,-0.6800,-0.7332,227.99,228.07,228.58,229.21
freedom,1705,-0.6801,-0.7331,227.14,227.69,228.67,229.05
freedom,1710,-0.6801,-0.7331,227.06,227.97,228.29,228.89
freedom,1715,-0.6801,-0.7331,227.20,228.05,228.43,227.97
freedom,1720,-0.6806,-0.7327,225.49,226.97,228.52,227.22
freedom,1725,-0.6820,-0.7313,224.80,226.94,228.62,227.70
freedom,1730,-0.6840,-0.7295,224.68,226.68,228.73,228.51
freedom,1735,-0.6851,-0.7285,224.50,225.96,228.80,228.86
freedom,1740,-0.6854,-0.7282,224.38,225.59,228.90,229.19
freedom,1745,-0.6854,-0.7281,224.29,225.47,228.78,229.68
freedom,1750,-0.6854,-0.7281,224.23,225.45,228.69,230.10
freedom,1755,-0.6854,-0.7281,224.22,225.43,228.83,230.55
freedom,1760,-0.6854,-0.7281,224.17,225.41,229.17,230.75
freedom,1765,-0.6854,-0.7281,224.15,225.43,229.17,229.99
freedom,1770,-0.6854,-0.7281,224.14,225.42,229.25,229.79
freedom,1775,-0.6854,-0.7281,224.12,225.40,229.28,229.96
freedom,1780,-0.6854,-0.7281,224.16,225.42,229.28,230.60
freedom,1785,-0.6854,-0.7281,224.22,225.47,229.45,230.56
freedom,1790,-0.6854,-0.7281,224.36,225.51,229.50,230.44
freedom,1795,-0.6854,-0.7281,224.43,225.63,229.39,230.43
freedom,1800,-0.6854,-0.7282,224.53,225.81,229.23,230.41
freedom,1805,-0.6854,-0.7282,224.59,226.10,229.10,230.63
freedom,1810,-0.6853,-0.7282,224.62,226.51,228.97,230.45
freedom,1815,-0.6853,-0.7283,224.68,226.62,229.55,229.92
freedom,1820,-0.6850,-0.7285,224.61,226.04,229.74,229.98
freedom,1825,-0.6832,-0.7302,224.47,225.54,229.79,230.23
freedom,1830,-0.6767,-0.7362,224.52,225.46,229.70,229.96
freedom,1835,-0.6674,-0.7447,224.64,225.41,229.66,229.84
freedom,1840,-0.6621,-0.7495,224.75,225.36,229.39,229.81
freedom,1845,-0.6608,-0.7505,224.83,225.39,229.13,230.35
freedom,1850,-0.6610,-0.7504,224.86,225.48,229.05,230.59
freedom,1855,-0.6632,-0.7484,224.91,225.70,229.69,230.41
freedom,1860,-0.6702,-0.7422,224.91,226.28,229.88,230.56
freedom,1865,-0.6788,-0.7343,225.04,226.59,229.93,230.66
freedom,1870,-0.6831,-0.7303,225.47,226.69,229.89,230.86
freedom,1875,-0.6839,-0.7296,225.92,227.00,230.00,230.92
freedom,1880,-0.6835,-0.7299,226.38,227.35,229.96,230.73
freedom,1885,-0.6817,-0.7316,227.01,227.80,230.04,230.72
freedom,1890,-0.6791,-0.7341,227.76,228.84,230.21,230.63
freedom,1895,-0.6775,-0.7355,228.92,229.59,230.12,230.69
freedom,1900,-0.6775,-0.7355,229.35,229.77,230.15,230.77
freedom,1905,-0.6809,-0.7324,229.69,229.75,230.36,230.79
freedom,1910,-0.6902,-0.7236,230.08,229.59,230.52,230.84
freedom,1915,-0.6908,-0.7230,230.68,230.38,230.57,230.79
freedom,1920,-0.6687,-0.7435,231.23,230.93,230.75,230.80
freedom,1925,-0.6523,-0.7580,231.33,230.91,230.97,230.61
freedom,1930,-0.6570,-0.7539,231.56,231.89,231.51,231.32
freedom,1935,-0.6642,-0.7475,232.42,232.52,231.89,231.66
freedom,1940,-0.6664,-0.7456,233.02,233.04,232.15,231.89
freedom,1945,-0.6666,-0.7454,233.09,233.00,232.42,232.00
freedom,1950,-0.6666,-0.7455,233.21,233.10,232.73,232.27
freedom,1955,-0.6665,-0.7455,233.72,234.09,233.05,232.52
freedom,1960,-0.6666,-0.7454,233.89,234.27,233.38,232.72
freedom,1965,-0.6667,-0.7454,233.92,234.20,233.66,232.80
freedom,1970,-0.6667,-0.7453,234.20,234.36,233.88,232.88
freedom,1975,-0.6670,-0.7450,234.34,234.58,234.05,232.98
freedom,1980,-0.6692,-0.7431,234.89,234.81,234.30,233.09
freedom,1985,-0.6749,-0.7379,235.53,234.97,234.55,233.26
freedom,1990,-0.6809,-0.7323,235.65,235.05,234.91,233.50
freedom,1995,-0.6836,-0.7299,235.68,234.98,235.15,233.74
freedom,2000,-0.6840,-0.7295,235.56,235.23,235.47,234.05
freedom,2005,-0.6840,-0.7294,235.89,235.50,235.84,236.45
freedom,2010,-0.6841,-0.7294,236.02,235.86,235.95,237.99
freedom,2015,-0.6846,-0.7289,235.92,236.16,236.09,237.15
freedom,2020,-0.6869,-0.7267,235.77,236.43,236.27,236.81
freedom,2025,-0.6917,-0.7222,235.78,236.28,236.44,237.01
freedom,2030,-0.6963,-0.7177,235.94,236.31,236.60,237.25
freedom,2035,-0.7005,-0.7136,235.86,236.30,236.70,237.23
freedom,2040,-0.7059,-0.7083,235.17,235.61,236.78,235.41
freedom,2045,-0.7104,-0.7037,235.05,235.02,236.99,235.45
freedom,2050,-0.7132,-0.7010,234.57,235.42,237.12,235.95
freedom,2055,-0.7144,-0.6998,234.41,235.77,237.24,236.29
freedom,2060,-0.7144,-0.6997,234.57,236.33,237.32,235.12
freedom,2065,-0.7139,-0.7003,234.76,236.85,237.37,235.45
freedom,2070,-0.7124,-0.7017,235.14,236.98,237.43,236.57
freedom,2075,-0.7101,-0.7041,236.36,236.19,237.48,236.73
freedom,2080,-0.7084,-0.7058,236.48,235.32,237.51,234.70
freedom,2085,-0.7076,-0.7066,236.35,236.77,237.51,230.85
freedom,2090,-0.7131,-0.7010,236.51,237.35,236.01,230.93
freedom,2095,-0.7349,-0.6782,236.11,237.18,230.64,230.90
freedom,2100,-0.7585,-0.6516,234.68,234.65,230.73,230.92
freedom,2105,-0.7679,-0.6406,231.97,230.43,230.78,230.69
freedom,2110,-0.7694,-0.6388,229.98,230.35,230.70,231.73
freedom,2115,-0.7698,-0.6383,230.09,230.48,234.61,235.71
freedom,2120,-0.7723,-0.6353,230.26,230.43,237.86,237.08
freedom,2125,-0.7796,-0.6263,230.30,230.43,237.92,236.91
freedom,2130,-0.7866,-0.6175,230.29,230.19,237.95,236.94
freedom,2135,-0.7874,-0.6165,230.22,232.32,238.00,237.28
freedom,2140,-0.7863,-0.6178,230.02,237.25,238.09,237.26
freedom,2145,-0.7861,-0.6182,230.82,237.64,238.12,236.16
freedom,2150,-0.7860,-0.6183,233.05,237.82,238.20,234.48
freedom,2155,-0.7856,-0.6187,236.07,237.49,238.29,234.06
freedom,2160,-0.7846,-0.6200,236.90,236.64,238.44,234.25
freedom,2165,-0.7834,-0.6215,237.18,235.99,238.60,234.66
freedom,2170,-0.7829,-0.6221,237.04,237.67,238.78,235.19
freedom,2175,-0.7828,-0.6223,237.40,238.48,238.96,235.40
freedom,2180,-0.7826,-0.6226,237.18,238.48,239.17,235.99
freedom,2185,-0.7814,-0.6241,236.65,238.27,239.30,236.84
freedom,2190,-0.7786,-0.6275,236.34,238.00,239.38,237.41
freedom,2195,-0.7756,-0.6312,236.51,237.78,239.39,238.05
freedom,2200,-0.7739,-0.6334,236.63,237.93,239.41,238.31
freedom,2205,-0.7712,-0.6366,237.13,238.32,239.55,238.39
freedom,2210,-0.7640,-0.6452,237.84,238.64,240.27,238.68
freedom,2215,-0.7534,-0.6576,238.17,239.15,240.57,239.19
freedom,2220,-0.7427,-0.6696,239.46,239.41,240.89,239.56
freedom,2225,-0.7347,-0.6784,240.01,239.57,241.11,240.10
freedom,2230,-0.7311,-0.6823,240.33,240.32,241.32,240.54
freedom,2235,-0.7303,-0.6831,240.55,240.87,241.42,240.83
freedom,2240,-0.7303,-0.6832,240.81,241.14,241.65,241.02
freedom,2245,-0.7303,-0.6832,241.35,241.25,241.78,241.17
freedom,2250,-0.7303,-0.6832,241.53,241.27,241.94,241.34
freedom,2255,-0.7303,-0.6831,241.75,241.82,242.07,241.38
freedom,2260,-0.7307,-0.6827,242.04,242.48,242.09,241.43
freedom,2265,-0.7322,-0.6811,242.37,242.79,242.11,241.77
freedom,2270,-0.7356,-0.6774,242.63,242.86,242.10,241.53
freedom,2275,-0.7394,-0.6732,242.87,242.85,242.03,241.40
freedom,2280,-0.7413,-0.6711,243.14,242.95,241.89,240.88
freedom,2285,-0.7391,-0.6736,243.21,243.11,241.70,240.81
freedom,2290,-0.7292,-0.6843,243.53,242.85,241.57,240.90
freedom,2295,-0.7203,-0.6936,243.19,242.48,241.56,240.84
freedom,2300,-0.7292,-0.6843,242.57,242.16,241.41,240.35
freedom,2305,-0.7413,-0.6712,242.23,242.16,241.28,240.17
freedom,2310,-0.7407,-0.6718,242.20,242.06,240.57,239.62
freedom,2315,-0.7363,-0.6766,242.63,241.72,240.35,239.38
freedom,2320,-0.7347,-0.6784,242.35,241.50,239.81,239.21
freedom,2325,-0.7345,-0.6786,242.11,241.37,239.72,238.86
freedom,2330,-0.7345,-0.6786,242.00,241.15,239.78,239.00
freedom,2335,-0.7345,-0.6786,241.99,240.96,239.68,238.96
freedom,2340,-0.7345,-0.6786,241.79,240.77,239.91,238.63
freedom,2345,-0.7345,-0.6786,241.50,240.74,239.78,238.00
freedom,2350,-0.7345,-0.6786,241.40,240.66,239.53,237.55
freedom,2355,-0.7342,-0.6789,241.19,240.60,239.38,237.06
freedom,2360,-0.7331,-0.6801,240.80,240.40,239.00,236.89
freedom,2365,-0.7314,-0.6819,240.78,240.39,238.96,236.54
freedom,2370,-0.7304,-0.6830,240.62,240.77,239.06,236.45
freedom,2375,-0.7302,-0.6833,240.73,240.94,239.94,236.93
freedom,2380,-0.7299,-0.6835,240.95,241.04,240.19,237.02
freedom,2385,-0.7287,-0.6848,241.08,240.92,240.42,237.29
freedom,2390,-0.7258,-0.6879,241.22,240.89,239.16,237.73
freedom,2395,-0.7230,-0.6909,241.28,240.85,239.80,238.36
freedom,2400,-0.7217,-0.6922,241.28,240.97,240.48,239.66
freedom,2405,-0.7199,-0.6941,241.22,241.09,241.16,240.62
freedom,2410,-0.7117,-0.7025,240.81,241.21,241.59,241.20
freedom,2415,-0.6954,-0.7186,240.17,240.93,241.76,241.59
freedom,2420,-0.6805,-0.7327,239.67,240.15,242.17,242.00
freedom,2425,-0.6703,-0.7421,239.64,239.94,242.16,242.56
freedom,2430,-0.6553,-0.7553,239.52,240.00,242.32,243.22
freedom,2435,-0.6303,-0.7763,239.62,240.30,242.66,243.31
freedom,2440,-0.6102,-0.7923,239.86,240.52,242.61,243.46
freedom,2445,-0.6034,-0.7974,240.35,240.89,242.67,243.43
freedom,2450,-0.6009,-0.7994,241.26,241.26,242.72,243.48
freedom,2455,-0.5939,-0.8046,241.61,241.73,242.79,243.53
freedom,2460,-0.5824,-0.8129,241.88,242.03,243.06,243.52
freedom,2465,-0.5748,-0.8183,242.28,242.60,243.03,243.60
freedom,2470,-0.5726,-0.8199,242.54,242.80,243.14,243.61
freedom,2475,-0.5701,-0.8216,242.77,242.90,243.25,243.68
freedom,2480,-0.5611,-0.8277,242.80,243.33,243.20,243.53
freedom,2485,-0.5468,-0.8372,243.08,243.37,243.28,243.64
freedom,2490,-0.5376,-0.8432,242.94,243.28,243.23,243.68
freedom,2495,-0.5353,-0.8446,243.12,243.41,243.20,243.54
freedom,2500,-0.5351,-0.8448,243.09,243.46,243.11,243.45
freedom,2505,-0.5351,-0.8448,243.00,243.47,243.07,243.33
freedom,2510,-0.5351,-0.8448,242.95,243.50,242.91,243.09
freedom,2515,-0.5351,-0.8448,242.84,243.55,242.35,242.70
freedom,2520,-0.5351,-0.8448,242.59,243.54,241.73,242.06
freedom,2525,-0.5351,-0.8448,242.20,243.07,241.41,241.92
freedom,2530,-0.5351,-0.8448,241.91,242.44,241.09,241.72
freedom,2535,-0.5351,-0.8448,241.61,242.01,240.79,241.17
freedom,2540,-0.5351,-0.8448,241.30,241.47,240.06,240.62
freedom,2545,-0.5353,-0.8447,240.75,240.79,239.55,240.58
freedom,2550,-0.5368,-0.8437,240.27,240.10,239.11,240.48
freedom,2555,-0.5432,-0.8396,239.37,239.05,238.57,240.34
freedom,2560,-0.5541,-0.8325,239.21,238.88,237.81,239.16
freedom,2565,-0.5615,-0.8275,239.31,239.07,237.25,238.53
freedom,2570,-0.5625,-0.8268,239.15,238.94,237.05,237.49
freedom,2575,-0.5578,-0.8300,238.63,237.46,236.50,237.20
freedom,2580,-0.5478,-0.8366,237.74,236.91,235.80,236.32
freedom,2585,-0.5397,-0.8419,238.04,236.64,235.49,236.08
freedom,2590,-0.5371,-0.8435,238.15,235.75,235.12,235.94
freedom,2595,-0.5367,-0.8438,238.11,235.13,234.80,235.59
freedom,2600,-0.5367,-0.8438,238.07,234.99,234.42,235.35
freedom,2605,-0.5367,-0.8438,238.08,234.91,233.86,235.30
freedom,2610,-0.5367,-0.8438,238.07,234.85,233.61,234.62
freedom,2615,-0.5367,-0.8438,238.06,234.92,234.17,234.78
freedom,2620,-0.5367,-0.8438,237.78,234.63,232.83,233.60
freedom,2625,-0.5367,-0.8438,237.48,234.77,231.92,233.05
freedom,2630,-0.5367,-0.8438,236.99,234.65,231.75,232.66
freedom,2635,-0.5368,-0.8437,237.43,234.83,232.02,231.96
freedom,2640,-0.5377,-0.8431,237.49,235.35,232.47,230.66
freedom,2645,-0.5404,-0.8414,236.78,235.52,232.69,230.98
freedom,2650,-0.5435,-0.8394,236.60,235.69,233.37,230.48
freedom,2655,-0.5450,-0.8384,236.41,235.98,233.98,231.18
freedom,2660,-0.5453,-0.8383,236.01,235.97,234.21,232.16
freedom,2665,-0.5452,-0.8383,235.77,235.63,234.35,232.45
freedom,2670,-0.5449,-0.8385,235.76,235.54,234.47,232.61
freedom,2675,-0.5440,-0.8391,235.84,235.45,234.76,232.64
freedom,2680,-0.5433,-0.8395,235.96,235.31,234.69,232.40
freedom,2685,-0.5431,-0.8397,236.11,235.10,234.39,232.40
freedom,2690,-0.5431,-0.8397,236.04,234.98,234.22,231.85
freedom,2695,-0.5431,-0.8397,235.92,234.60,234.29,232.31
freedom,2700,-0.5431,-0.8397,235.82,234.23,234.09,232.68
freedom,2705,-0.5431,-0.8397,235.29,234.19,233.59,232.72
freedom,2710,-0.5431,-0.8397,235.11,233.98,233.23,232.37
freedom,2715,-0.5431,-0.8397,235.18,233.93,232.92,231.85
freedom,2720,-0.5431,-0.8397,234.98,233.70,232.29,231.03
freedom,2725,-0.5430,-0.8397,234.76,233.40,231.63,229.59
freedom,2730,-0.5429,-0.8398,234.56,233.25,231.53,228.89
freedom,2735,-0.5429,-0.8398,234.41,233.20,231.90,228.64
freedom,2740,-0.5429,-0.8398,234.38,233.21,231.80,228.41
freedom,2745,-0.5430,-0.8397,234.48,233.36,231.14,228.23
freedom,2750,-0.5430,-0.8397,234.57,233.37,231.10,227.51
freedom,2755,-0.5431,-0.8397,234.67,233.37,229.77,226.80
freedom,2760,-0.5433,-0.8396,234.69,233.42,229.20,226.15
freedom,2765,-0.5439,-0.8391,234.73,233.50,229.03,225.69
freedom,2770,-0.5448,-0.8386,234.74,233.40,229.01,225.30
freedom,2775,-0.5452,-0.8383,234.75,232.80,228.73,225.03
freedom,2780,-0.5452,-0.8383,234.55,232.54,228.45,224.84
freedom,2785,-0.5452,-0.8383,234.56,233.08,228.28,224.81
freedom,2790,-0.5452,-0.8383,234.64,232.98,228.12,224.27
freedom,2795,-0.5452,-0.8383,234.58,233.14,228.13,223.83
freedom,2800,-0.5452,-0.8383,234.39,233.08,228.03,223.77
freedom,2805,-0.5452,-0.8383,234.09,232.67,227.99,223.65
freedom,2810,-0.5452,-0.8383,233.81,232.52,228.83,223.73
freedom,2815,-0.5452,-0.8383,233.52,232.31,228.17,223.29
freedom,2820,-0.5452,-0.8383,233.20,231.96,227.60,222.96
freedom,2825,-0.5452,-0.8383,233.11,232.01,227.61,222.87
freedom,2830,-0.5452,-0.8383,232.99,231.98,227.59,222.69
freedom,2835,-0.5452,-0.8383,232.96,231.77,227.52,222.42
freedom,2840,-0.5445,-0.8387,232.89,231.83,228.66,223.87
freedom,2845,-0.5428,-0.8399,232.82,231.79,228.02,223.11
freedom,2850,-0.5408,-0.8412,232.70,231.71,227.21,222.37
freedom,2855,-0.5399,-0.8418,232.41,231.64,226.92,222.23
freedom,2860,-0.5397,-0.8419,232.17,231.37,226.79,222.10
freedom,2865,-0.5397,-0.8419,231.71,230.20,226.79,221.99
freedom,2870,-0.5396,-0.8419,231.52,230.36,227.36,223.05
freedom,2875,-0.5396,-0.8419,231.16,230.21,225.80,222.44
freedom,2880,-0.5396,-0.8419,230.99,229.97,225.28,221.40
freedom,2885,-0.5396,-0.8419,230.62,229.79,224.72,221.46
freedom,2890,-0.5390,-0.8423,230.61,229.83,224.17,221.09
freedom,2895,-0.5352,-0.8447,230.50,229.86,223.99,221.27
freedom,2900,-0.5248,-0.8512,230.46,229.74,223.87,221.07
freedom,2905,-0.5134,-0.8581,230.45,229.62,223.69,221.38
freedom,2910,-0.5084,-0.8611,230.25,229.47,223.85,221.95
freedom,2915,-0.5075,-0.8616,230.19,229.31,223.72,222.70
freedom,2920,-0.5075,-0.8617,230.08,229.28,223.45,222.96
freedom,2925,-0.5075,-0.8616,230.03,229.22,222.99,222.67
freedom,2930,-0.5076,-0.8616,230.04,229.41,223.68,222.66
freedom,2935,-0.5076,-0.8616,229.81,229.30,224.90,220.86
freedom,2940,-0.5077,-0.8615,229.49,228.98,223.62,220.25
freedom,2945,-0.5076,-0.8616,229.11,227.46,223.43,220.11
freedom,2950,-0.5075,-0.8617,228.98,227.95,223.32,219.79
freedom,2955,-0.5067,-0.8621,228.67,228.12,223.40,219.80
freedom,2960,-0.5037,-0.8639,228.40,227.84,223.34,219.44
freedom,2965,-0.4989,-0.8666,228.12,227.55,223.37,219.22
freedom,2970,-0.4959,-0.8684,227.77,226.87,223.43,219.73
freedom,2975,-0.4952,-0.8688,226.42,225.36,224.21,219.67
freedom,2980,-0.4951,-0.8688,226.83,225.46,222.29,219.40
freedom,2985,-0.4952,-0.8688,226.77,225.54,221.67,219.48
freedom,2990,-0.4959,-0.8684,226.71,225.48,221.53,219.55
freedom,2995,-0.4970,-0.8677,226.50,225.40,221.30,219.31
freedom,3000,-0.4977,-0.8674,226.46,225.29,221.37,219.08
freedom,3005,-0.4978,-0.8673,226.29,225.21,222.04,219.07
freedom,3010,-0.4979,-0.8673,226.23,225.11,223.40,219.26
freedom,3015,-0.4979,-0.8673,226.17,225.09,222.25,218.26
freedom,3020,-0.4979,-0.8673,226.30,225.19,221.81,217.88
freedom,3025,-0.4979,-0.8673,226.48,225.18,221.46,217.25
freedom,3030,-0.4979,-0.8673,226.35,225.23,221.09,217.84
freedom,3035,-0.4979,-0.8673,226.37,225.33,221.14,218.10
freedom,3040,-0.4979,-0.8673,226.41,225.36,221.34,218.51
freedom,3045,-0.4978,-0.8673,226.54,225.40,221.63,219.45
freedom,3050,-0.4978,-0.8673,226.59,225.39,221.92,220.82
freedom,3055,-0.4978,-0.8673,226.59,225.32,221.76,219.76
freedom,3060,-0.4978,-0.8673,226.50,225.17,221.92,220.35
freedom,3065,-0.4978,-0.8673,226.28,224.86,221.89,220.86
freedom,3070,-0.4978,-0.8673,226.22,224.88,222.09,221.43
freedom,3075,-0.4978,-0.8673,226.06,224.70,222.08,221.04
freedom,3080,-0.4978,-0.8673,225.89,224.47,222.29,220.36
freedom,3085,-0.4978,-0.8673,225.71,224.34,222.21,220.11
freedom,3090,-0.4978,-0.8673,225.56,224.24,223.01,219.74
freedom,3095,-0.4978,-0.8673,225.44,224.09,222.51,220.31
freedom,3100,-0.4978,-0.8673,225.18,223.90,221.82,220.53
freedom,3105,-0.4980,-0.8672,224.73,223.65,222.07,221.16
freedom,3110,-0.4990,-0.8666,224.44,223.25,222.19,221.38
freedom,3115,-0.5021,-0.8648,224.01,223.21,222.22,221.40
freedom,3120,-0.5058,-0.8627,223.55,223.31,222.37,221.24
freedom,3125,-0.5075,-0.8616,223.41,222.96,221.94,221.12
freedom,3130,-0.5079,-0.8614,223.46,222.68,221.60,220.96
freedom,3135,-0.5080,-0.8614,223.37,222.48,221.37,221.01
freedom,3140,-0.5080,-0.8614,223.02,222.00,221.16,220.88
freedom,3145,-0.5080,-0.8613,222.27,221.57,221.17,220.74
freedom,3150,-0.5080,-0.8613,221.90,221.15,220.81,220.68
freedom,3155,-0.5080,-0.8614,221.05,220.89,220.52,220.68
freedom,3160,-0.5080,-0.8614,220.14,220.78,220.34,220.54
freedom,3165,-0.5080,-0.8614,219.19,219.98,220.01,220.07
freedom,3170,-0.5079,-0.8614,218.45,219.34,219.69,219.57
freedom,3175,-0.5079,-0.8614,217.92,219.09,219.47,219.14
freedom,3180,-0.5079,-0.8614,217.30,218.17,219.39,218.99
freedom,3185,-0.5076,-0.8616,214.84,216.81,219.37,219.14
freedom,3190,-0.5070,-0.8620,212.73,215.98,219.21,219.06
freedom,3195,-0.5063,-0.8624,212.81,214.71,218.93,219.24
freedom,3200,-0.5060,-0.8625,212.27,213.44,218.63,219.15
freedom,3205,-0.5060,-0.8625,210.88,212.37,218.38,218.80
freedom,3210,-0.5060,-0.8625,209.93,214.48,218.15,218.60
freedom,3215,-0.5060,-0.8625,209.82,213.86,217.88,218.42
freedom,3220,-0.5060,-0.8625,209.74,212.27,217.43,218.24
freedom,3225,-0.5060,-0.8625,209.91,210.99,217.09,218.10
freedom,3230,-0.5060,-0.8625,209.97,209.93,216.79,217.48
freedom,3235,-0.5060,-0.8625,209.79,209.44,216.47,216.84
freedom,3240,-0.5060,-0.8625,209.76,209.43,216.05,216.21
freedom,3245,-0.5060,-0.8625,209.68,209.34,215.39,215.56
freedom,3250,-0.5060,-0.8625,209.73,209.27,214.57,214.32
tyvola,0,-0.3875,-0.9219,195.49,195.96,197.97,198.28
tyvola,5,-0.3907,-0.9205,195.05,195.58,197.75,198.10
tyvola,10,-0.4016,-0.9158,194.98,194.67,197.43,197.97
tyvola,15,-0.4184,-0.9083,194.20,192.51,197.87,197.73
tyvola,20,-0.4370,-0.8994,191.05,191.39,197.95,197.56
tyvola,25,-0.4625,-0.8866,190.00,189.93,197.46,197.17
tyvola,30,-0.4930,-0.8700,190.04,190.13,195.91,195.86
tyvola,35,-0.5228,-0.8524,190.05,190.03,194.76,194.54
tyvola,40,-0.5488,-0.8359,190.05,190.02,194.41,193.91
tyvola,45,-0.5711,-0.8209,190.02,190.05,194.56,193.44
tyvola,50,-0.5932,-0.8050,189.71,189.28,193.55,192.56
tyvola,55,-0.6177,-0.7864,189.21,189.08,192.69,191.74
tyvola,60,-0.6428,-0.7660,189.20,189.11,191.51,190.70
tyvola,65,-0.6666,-0.7454,189.27,189.16,190.24,188.79
tyvola,70,-0.6890,-0.7247,189.25,189.21,188.71,186.83
tyvola,75,-0.7092,-0.7050,189.14,188.95,188.13,186.24
tyvola,80,-0.7292,-0.6843,188.83,188.29,187.88,185.40
tyvola,85,-0.7514,-0.6599,188.36,187.79,187.58,185.71
tyvola,90,-0.7720,-0.6357,188.31,187.70,187.04,185.99
tyvola,95,-0.7890,-0.6144,186.64,184.54,186.59,183.84
tyvola,100,-0.8064,-0.5914,184.07,184.04,186.01,183.10
tyvola,105,-0.8223,-0.5690,184.08,183.92,184.74,182.83
tyvola,110,-0.8344,-0.5512,184.11,183.47,181.78,182.50
tyvola,115,-0.8455,-0.5339,183.74,183.08,179.33,183.46
tyvola,120,-0.8560,-0.5170,183.41,182.78,179.36,184.86
tyvola,125,-0.8625,-0.5060,183.15,182.37,181.18,186.47
tyvola,130,-0.8659,-0.5002,182.83,180.84,182.93,185.76
tyvola,135,-0.8688,-0.4951,182.84,177.10,183.28,185.02
tyvola,140,-0.8708,-0.4917,182.97,177.12,183.27,184.92
tyvola,145,-0.8704,-0.4923,182.89,177.16,183.15,184.79
tyvola,150,-0.8690,-0.4948,182.24,177.18,182.53,184.51
tyvola,155,-0.8683,-0.4961,181.97,177.10,181.82,182.95
tyvola,160,-0.8686,-0.4955,182.01,177.08,182.14,182.81
tyvola,165,-0.8698,-0.4934,181.91,177.04,182.34,182.96
tyvola,170,-0.8710,-0.4913,181.72,177.02,181.88,182.83
tyvola,175,-0.8715,-0.4905,181.56,176.99,180.74,182.75
tyvola,180,-0.8715,-0.4903,181.54,177.00,179.53,182.49
tyvola,185,-0.8715,-0.4903,181.56,177.00,178.97,181.36
tyvola,190,-0.8715,-0.4903,181.47,176.85,178.59,179.41
tyvola,195,-0.8716,-0.4903,181.65,176.74,177.66,178.35
tyvola,200,-0.8714,-0.4905,180.99,177.12,176.74,178.13
tyvola,205,-0.8702,-0.4928,178.77,177.75,176.42,178.35
tyvola,210,-0.8658,-0.5004,176.53,176.51,176.22,178.37
tyvola,215,-0.8570,-0.5153,176.40,177.34,176.14,178.09
tyvola,220,-0.8475,-0.5308,176.42,177.77,177.59,177.96
tyvola,225,-0.8409,-0.5411,176.43,178.07,176.62,177.77
tyvola,230,-0.8325,-0.5541,177.55,177.96,176.22,177.41
tyvola,235,-0.8214,-0.5703,178.59,178.18,176.49,176.28
tyvola,240,-0.8071,-0.5904,177.44,178.78,175.32,173.49
tyvola,245,-0.7859,-0.6184,177.27,178.64,174.10,174.23
tyvola,250,-0.7649,-0.6442,176.41,175.81,174.76,176.93
tyvola,255,-0.7472,-0.6647,174.06,173.82,177.25,177.64
tyvola,260,-0.7290,-0.6845,175.06,176.21,177.93,178.28
tyvola,265,-0.7137,-0.7004,177.33,178.72,178.18,178.99
tyvola,270,-0.7019,-0.7123,178.06,179.51,178.28,179.97
tyvola,275,-0.6832,-0.7302,179.19,180.77,178.24,180.61
tyvola,280,-0.6554,-0.7553,180.06,181.37,177.14,181.30
tyvola,285,-0.6270,-0.7790,180.23,181.23,175.76,182.22
tyvola,290,-0.5986,-0.8010,179.35,179.81,177.88,182.84
tyvola,295,-0.5717,-0.8204,176.76,178.65,179.98,183.67
tyvola,300,-0.5454,-0.8382,177.36,176.34,180.44,184.89
tyvola,305,-0.5225,-0.8526,178.60,177.67,180.80,186.35
tyvola,310,-0.5021,-0.8648,178.50,177.92,181.41,187.76
tyvola,315,-0.4840,-0.8751,178.81,178.02,182.17,188.34
tyvola,320,-0.4698,-0.8828,180.46,180.60,182.79,188.25
tyvola,325,-0.4607,-0.8876,182.39,182.87,182.64,187.47
tyvola,330,-0.4534,-0.8913,183.62,184.23,181.29,186.27
tyvola,335,-0.4469,-0.8946,184.37,185.18,182.33,185.12
tyvola,340,-0.4439,-0.8961,184.91,185.84,184.13,184.64
tyvola,345,-0.4434,-0.8963,185.36,186.45,185.41,184.68
tyvola,350,-0.4433,-0.8964,185.94,187.12,186.32,185.11
tyvola,355,-0.4433,-0.8964,186.30,187.72,187.05,186.13
tyvola,360,-0.4433,-0.8964,186.46,188.15,187.75,187.04
tyvola,365,-0.4433,-0.8964,186.59,188.53,188.41,187.96
tyvola,370,-0.4433,-0.8964,186.97,188.87,189.15,188.88
tyvola,375,-0.4433,-0.8964,187.54,189.22,189.94,189.59
tyvola,380,-0.4433,-0.8964,188.01,189.61,190.68,190.10
tyvola,385,-0.4433,-0.8964,188.57,190.02,191.25,190.72
tyvola,390,-0.4433,-0.8964,190.07,190.43,191.53,191.13
tyvola,395,-0.4433,-0.8964,190.40,190.98,191.88,191.46
tyvola,400,-0.4433,-0.8964,191.25,191.49,192.20,191.81
tyvola,405,-0.4433,-0.8964,191.69,191.84,192.34,192.02
tyvola,410,-0.4433,-0.8964,191.79,192.17,192.60,192.17
tyvola,415,-0.4433,-0.8964,191.89,192.57,192.77,192.40
tyvola,420,-0.4433,-0.8964,191.99,192.83,192.54,192.44
tyvola,425,-0.4433,-0.8964,192.08,192.92,192.71,192.26
tyvola,430,-0.4433,-0.8964,192.00,193.05,192.73,191.76
tyvola,435,-0.4433,-0.8964,191.90,193.16,192.15,190.62
tyvola,440,-0.4433,-0.8964,191.80,193.18,191.92,189.56
tyvola,445,-0.4433,-0.8964,191.73,193.41,191.48,191.71
tyvola,450,-0.4433,-0.8964,193.18,193.82,190.92,193.50
tyvola,455,-0.4433,-0.8964,194.81,194.33,191.38,194.13
tyvola,460,-0.4433,-0.8964,196.19,194.83,191.61,195.13
tyvola,465,-0.4433,-0.8964,196.12,194.84,192.41,195.62
tyvola,470,-0.4433,-0.8964,196.34,195.10,193.40,195.74
tyvola,475,-0.4433,-0.8964,196.44,195.41,194.01,196.06
tyvola,480,-0.4433,-0.8964,196.66,195.68,194.58,196.88
tyvola,485,-0.4433,-0.8964,196.80,195.95,195.06,197.43
tyvola,490,-0.4433,-0.8964,196.96,196.24,195.87,197.80
tyvola,495,-0.4433,-0.8964,197.20,196.53,196.42,198.02
tyvola,500,-0.4433,-0.8964,197.26,196.75,196.90,197.81
tyvola,505,-0.4433,-0.8964,197.40,196.99,197.04,197.53
tyvola,510,-0.4433,-0.8964,197.78,197.33,197.08,197.49
tyvola,515,-0.4433,-0.8964,198.06,197.70,197.07,197.62
tyvola,520,-0.4434,-0.8963,198.49,198.05,197.16,197.95
tyvola,525,-0.4437,-0.8962,198.76,198.45,197.03,198.23
tyvola,530,-0.4446,-0.8957,198.65,197.30,197.02,198.88
tyvola,535,-0.4457,-0.8952,197.69,196.44,197.13,199.78
tyvola,540,-0.4464,-0.8948,197.63,196.56,197.53,200.61
tyvola,545,-0.4465,-0.8948,198.06,196.87,198.44,200.67
tyvola,550,-0.4464,-0.8948,198.79,198.97,199.17,200.53
tyvola,555,-0.4464,-0.8949,199.08,199.30,199.92,201.07
tyvola,560,-0.4463,-0.8949,199.47,199.60,200.60,202.52
tyvola,565,-0.4463,-0.8949,199.82,199.86,201.04,202.54
tyvola,570,-0.4461,-0.8950,200.19,200.28,201.20,203.72
tyvola,575,-0.4456,-0.8953,200.55,200.78,201.67,203.10
tyvola,580,-0.4450,-0.8955,201.15,201.24,202.10,202.45
tyvola,585,-0.4448,-0.8956,201.95,202.06,202.53,202.21
tyvola,590,-0.4448,-0.8956,202.17,202.93,202.97,201.86
tyvola,595,-0.4448,-0.8956,202.53,203.16,203.51,201.97
tyvola,600,-0.4448,-0.8956,202.96,203.24,204.28,202.42
tyvola,605,-0.4448,-0.8956,203.40,204.26,204.87,202.94
tyvola,610,-0.4448,-0.8956,203.82,204.54,205.59,203.59
tyvola,615,-0.4448,-0.8956,204.20,204.71,206.55,205.11
tyvola,620,-0.4448,-0.8956,204.57,204.91,207.11,206.20
tyvola,625,-0.4448,-0.8956,204.94,205.26,207.29,206.84
tyvola,630,-0.4448,-0.8956,205.40,205.34,207.29,206.78
tyvola,635,-0.4448,-0.8956,206.27,205.50,207.41,206.59
tyvola,640,-0.4448,-0.8956,206.36,205.86,207.58,206.56
tyvola,645,-0.4448,-0.8956,206.41,205.89,207.75,206.62
tyvola,650,-0.4448,-0.8956,206.42,205.87,207.68,206.78
tyvola,655,-0.4445,-0.8958,206.38,205.80,207.66,207.11
tyvola,660,-0.4397,-0.8981,206.11,205.78,207.72,207.44
tyvola,665,-0.4038,-0.9148,205.77,206.25,207.62,207.69
tyvola,670,-0.3042,-0.9526,205.65,206.39,207.62,207.81
tyvola,675,-0.2474,-0.9689,205.47,206.58,206.87,207.67
tyvola,680,-0.3337,-0.9427,205.20,206.26,207.53,207.53
tyvola,685,-0.4154,-0.9096,204.89,206.11,207.97,207.30
tyvola,690,-0.4362,-0.8998,204.94,206.05,207.81,206.91
tyvola,695,-0.4382,-0.8989,204.96,205.75,207.51,206.92
tyvola,700,-0.4380,-0.8990,204.56,205.74,207.30,207.15
tyvola,705,-0.4367,-0.8996,204.18,205.89,207.26,207.06
tyvola,710,-0.4333,-0.9013,203.58,205.82,207.39,207.06
tyvola,715,-0.4296,-0.9030,203.54,205.47,207.60,207.09
tyvola,720,-0.4265,-0.9045,202.78,205.11,207.64,207.19
tyvola,725,-0.4213,-0.9069,201.28,204.00,207.26,207.07
tyvola,730,-0.4146,-0.9100,200.10,203.31,207.26,206.91
tyvola,735,-0.4083,-0.9129,200.07,202.85,207.51,207.15
tyvola,740,-0.4029,-0.9153,200.52,206.27,207.65,207.26
tyvola,745,-0.3996,-0.9167,201.79,207.90,207.72,207.24
tyvola,750,-0.3959,-0.9183,204.54,208.08,207.73,207.32
tyvola,755,-0.3898,-0.9209,206.12,208.37,207.97,207.50
tyvola,760,-0.3824,-0.9240,207.57,208.83,208.03,207.60
tyvola,765,-0.3693,-0.9293,208.54,209.26,207.97,207.67
tyvola,770,-0.3515,-0.9362,209.02,209.64,208.15,207.73
tyvola,775,-0.3410,-0.9401,209.47,209.66,208.22,207.92
tyvola,780,-0.3385,-0.9410,209.42,209.53,208.30,208.23
tyvola,785,-0.3383,-0.9410,209.39,209.56,208.46,208.39
tyvola,790,-0.3383,-0.9410,209.12,209.47,208.39,208.61
tyvola,795,-0.3383,-0.9410,208.84,209.23,208.39,208.94
tyvola,800,-0.3383,-0.9410,208.42,209.03,208.65,209.23
tyvola,805,-0.3388,-0.9409,208.13,208.53,208.71,209.23
tyvola,810,-0.3405,-0.9402,208.23,208.33,208.65,209.29
tyvola,815,-0.3434,-0.9392,208.46,208.65,208.63,209.33
tyvola,820,-0.3452,-0.9385,207.96,208.73,208.88,209.46
tyvola,825,-0.3455,-0.9384,207.40,208.73,209.13,209.62
tyvola,830,-0.3441,-0.9389,206.81,208.88,209.25,209.67
tyvola,835,-0.3400,-0.9404,206.46,209.19,209.35,209.93
tyvola,840,-0.3353,-0.9421,206.61,208.99,209.46,210.05
tyvola,845,-0.3333,-0.9428,207.05,209.19,209.44,210.27
tyvola,850,-0.3351,-0.9422,207.50,209.32,209.57,210.45
tyvola,855,-0.3490,-0.9371,208.00,209.37,209.62,210.61
tyvola,860,-0.3843,-0.9232,208.16,209.39,209.68,210.73
tyvola,865,-0.4243,-0.9055,208.20,209.34,209.74,210.76
tyvola,870,-0.4518,-0.8921,208.17,209.42,209.77,210.77
tyvola,875,-0.4723,-0.8814,208.18,209.20,209.88,210.81
tyvola,880,-0.4889,-0.8723,207.86,209.32,210.09,210.84
tyvola,885,-0.5017,-0.8650,207.63,209.25,210.05,210.92
tyvola,890,-0.5179,-0.8555,207.75,209.17,210.06,211.12
tyvola,895,-0.5328,-0.8462,208.05,209.29,210.05,211.07
tyvola,900,-0.5388,-0.8424,208.21,209.16,210.13,211.21
tyvola,905,-0.5398,-0.8418,208.53,209.50,210.16,211.20
tyvola,910,-0.5398,-0.8418,208.90,209.61,210.36,210.88
tyvola,915,-0.5393,-0.8421,208.86,209.49,210.51,210.72
tyvola,920,-0.5379,-0.8430,208.68,209.07,210.40,210.70
tyvola,925,-0.5362,-0.8441,208.66,209.27,210.39,210.82
tyvola,930,-0.5352,-0.8447,209.20,209.74,210.59,210.98
tyvola,935,-0.5350,-0.8448,209.64,209.84,210.72,211.07
tyvola,940,-0.5349,-0.8449,209.81,209.96,210.79,211.27
tyvola,945,-0.5340,-0.8455,209.83,210.33,210.99,211.66
tyvola,950,-0.5317,-0.8469,209.89,210.48,211.02,211.88
tyvola,955,-0.5291,-0.8486,209.97,210.62,211.29,212.04
tyvola,960,-0.5279,-0.8493,210.20,210.88,211.20,212.17
tyvola,965,-0.5277,-0.8494,210.54,211.18,211.39,212.21
tyvola,970,-0.5277,-0.8494,210.74,211.30,211.29,212.19
tyvola,975,-0.5277,-0.8494,211.05,211.64,211.34,212.24
tyvola,980,-0.5277,-0.8494,211.36,211.91,211.52,212.32
tyvola,985,-0.5277,-0.8494,211.56,212.26,211.56,212.47
tyvola,990,-0.5276,-0.8495,211.73,212.30,211.76,212.34
tyvola,995,-0.5256,-0.8508,212.29,212.27,211.77,212.19
tyvola,1000,-0.5151,-0.8571,212.34,212.28,212.01,212.29
tyvola,1005,-0.4890,-0.8723,211.95,212.14,212.04,212.26
tyvola,1010,-0.4509,-0.8926,211.55,211.71,212.07,212.22
tyvola,1015,-0.4058,-0.9140,212.26,211.93,212.12,212.13
tyvola,1020,-0.3547,-0.9350,212.38,212.52,212.23,212.03
tyvola,1025,-0.3087,-0.9511,212.19,212.56,212.24,211.89
tyvola,1030,-0.2849,-0.9585,211.86,212.66,212.16,211.89
tyvola,1035,-0.2792,-0.9602,211.78,212.87,212.41,211.96
tyvola,1040,-0.2786,-0.9604,211.80,212.78,212.30,211.68
tyvola,1045,-0.2785,-0.9604,211.87,212.81,212.34,211.65
tyvola,1050,-0.2785,-0.9604,211.88,212.88,212.37,211.54
tyvola,1055,-0.2786,-0.9604,211.85,212.86,212.19,211.26
tyvola,1060,-0.2794,-0.9602,211.79,212.74,211.94,210.15
tyvola,1065,-0.2820,-0.9594,211.75,212.65,211.73,209.97
tyvola,1070,-0.2860,-0.9582,211.87,212.63,211.63,210.24
tyvola,1075,-0.2884,-0.9575,211.98,212.56,211.49,210.07
tyvola,1080,-0.2886,-0.9574,212.07,212.51,211.23,209.74
tyvola,1085,-0.2857,-0.9583,212.07,212.49,210.73,209.27
tyvola,1090,-0.2736,-0.9618,211.92,212.33,210.21,208.96
tyvola,1095,-0.2495,-0.9684,211.72,212.19,210.13,209.07
tyvola,1100,-0.2220,-0.9750,211.52,212.09,211.05,210.47
tyvola,1105,-0.2011,-0.9796,211.04,212.13,211.43,210.87
tyvola,1110,-0.1804,-0.9836,211.11,212.11,211.60,210.94
tyvola,1115,-0.1521,-0.9884,210.78,212.10,211.71,210.93
tyvola,1120,-0.1284,-0.9917,210.57,212.09,211.91,210.92
tyvola,1125,-0.1064,-0.9943,210.64,212.30,212.00,210.91
tyvola,1130,-0.0805,-0.9968,210.44,212.43,212.07,210.93
tyvola,1135,-0.0598,-0.9982,210.37,211.99,212.09,210.98
tyvola,1140,-0.0426,-0.9991,210.31,211.53,212.13,211.02
tyvola,1145,-0.0306,-0.9995,211.47,212.43,212.19,211.05
tyvola,1150,-0.0265,-0.9996,212.61,212.84,212.27,211.11
tyvola,1155,-0.0272,-0.9996,212.95,212.84,212.37,211.20
tyvola,1160,-0.0376,-0.9993,213.16,212.73,212.44,211.29
tyvola,1165,-0.0670,-0.9978,213.51,212.81,212.82,211.43
tyvola,1170,-0.1120,-0.9937,213.65,212.92,212.54,211.76
tyvola,1175,-0.1646,-0.9864,213.69,213.03,212.43,212.33
tyvola,1180,-0.2262,-0.9741,213.63,213.07,212.35,212.29
tyvola,1185,-0.2848,-0.9586,213.61,213.07,212.31,212.28
tyvola,1190,-0.3342,-0.9425,213.57,213.07,212.29,212.28
tyvola,1195,-0.3727,-0.9280,213.44,213.10,212.26,212.34
tyvola,1200,-0.3915,-0.9202,213.43,213.07,212.26,212.40
tyvola,1205,-0.3927,-0.9197,213.27,213.21,212.29,212.36
tyvola,1210,-0.3807,-0.9247,213.54,213.27,212.39,212.33
tyvola,1215,-0.3677,-0.9299,213.71,213.46,212.43,212.35
tyvola,1220,-0.3626,-0.9320,213.67,213.41,212.34,212.24
tyvola,1225,-0.3618,-0.9323,213.52,213.57,212.13,211.82
tyvola,1230,-0.3617,-0.9323,213.53,213.55,212.11,211.47
tyvola,1235,-0.3617,-0.9323,213.53,213.61,212.10,211.40
tyvola,1240,-0.3617,-0.9323,213.51,213.64,212.06,211.28
tyvola,1245,-0.3617,-0.9323,213.40,213.71,211.99,211.23
tyvola,1250,-0.3617,-0.9323,213.15,213.68,211.92,211.17
tyvola,1255,-0.3618,-0.9323,213.22,213.64,211.73,210.42
tyvola,1260,-0.3621,-0.9321,213.26,213.56,211.18,209.59
tyvola,1265,-0.3628,-0.9319,213.38,213.64,211.02,209.85
tyvola,1270,-0.3633,-0.9317,213.66,213.61,210.88,209.74
tyvola,1275,-0.3635,-0.9316,213.79,213.31,210.25,208.39
tyvola,1280,-0.3635,-0.9316,213.78,213.01,209.66,206.18
tyvola,1285,-0.3635,-0.9316,213.61,212.97,209.30,207.38
tyvola,1290,-0.3635,-0.9316,213.38,212.49,209.05,206.85
tyvola,1295,-0.3635,-0.9316,213.32,212.63,208.79,206.48
tyvola,1300,-0.3635,-0.9316,213.37,213.04,208.59,207.27
tyvola,1305,-0.3636,-0.9316,213.51,213.37,208.85,208.08
tyvola,1310,-0.3635,-0.9316,213.69,213.63,209.26,208.87
tyvola,1315,-0.3620,-0.9322,214.01,213.96,209.78,209.68
tyvola,1320,-0.3575,-0.9339,214.40,214.17,210.31,209.52
tyvola,1325,-0.3538,-0.9353,214.60,214.14,210.74,210.23
tyvola,1330,-0.3581,-0.9337,214.59,213.97,211.99,211.28
tyvola,1335,-0.3657,-0.9307,214.69,214.32,212.23,211.92
tyvola,1340,-0.3659,-0.9306,215.00,214.78,212.61,212.27
tyvola,1345,-0.3591,-0.9333,215.40,215.20,212.90,212.65
tyvola,1350,-0.3536,-0.9354,215.73,215.39,213.05,213.08
tyvola,1355,-0.3526,-0.9358,215.98,215.62,213.18,213.52
tyvola,1360,-0.3536,-0.9354,216.11,215.90,213.76,215.08
tyvola,1365,-0.3529,-0.9356,216.23,215.77,215.03,215.27
tyvola,1370,-0.3487,-0.9372,216.53,216.47,215.04,215.41
tyvola,1375,-0.3447,-0.9387,216.70,216.90,215.17,215.47
tyvola,1380,-0.3432,-0.9393,216.98,217.04,215.33,215.46
tyvola,1385,-0.3428,-0.9394,217.27,217.08,215.49,215.40
tyvola,1390,-0.3418,-0.9398,217.45,217.13,215.66,215.35
tyvola,1395,-0.3313,-0.9435,217.84,217.26,215.87,215.36
tyvola,1400,-0.2872,-0.9579,218.91,217.84,216.52,215.38
tyvola,1405,-0.2180,-0.9759,219.61,218.80,216.95,215.37
tyvola,1410,-0.2061,-0.9785,219.95,219.04,216.33,215.27
tyvola,1415,-0.2761,-0.9611,220.06,219.31,215.97,215.59
tyvola,1420,-0.3431,-0.9393,220.42,219.91,216.07,215.98
tyvola,1425,-0.3653,-0.9309,220.39,219.90,216.03,216.16
tyvola,1430,-0.3682,-0.9297,221.05,220.55,216.29,218.00
tyvola,1435,-0.3680,-0.9298,221.21,220.91,218.03,219.80
tyvola,1440,-0.3661,-0.9306,221.48,221.20,220.48,219.98
tyvola,1445,-0.3641,-0.9314,221.68,221.44,220.59,219.92
tyvola,1450,-0.3633,-0.9317,221.75,221.55,220.64,220.07
tyvola,1455,-0.3562,-0.9344,221.71,221.55,220.70,219.95
tyvola,1460,-0.3490,-0.9371,221.73,221.54,220.19,220.26
tyvola,1465,-0.3547,-0.9350,221.69,221.47,220.30,220.24
tyvola,1470,-0.3610,-0.9326,221.62,221.79,220.10,220.29
tyvola,1475,-0.3623,-0.9321,222.00,221.98,220.03,220.32
tyvola,1480,-0.3623,-0.9321,222.12,222.27,219.92,220.34
tyvola,1485,-0.3619,-0.9322,221.82,221.91,219.90,220.15
tyvola,1490,-0.3599,-0.9330,221.36,220.71,219.91,219.38
tyvola,1495,-0.3552,-0.9348,220.91,220.50,219.94,219.09
tyvola,1500,-0.3509,-0.9364,220.42,220.61,219.73,218.30
tyvola,1505,-0.3482,-0.9374,220.68,220.57,218.40,219.10
tyvola,1510,-0.3433,-0.9392,220.67,220.43,218.98,219.21
tyvola,1515,-0.3356,-0.9420,220.42,220.11,219.02,218.73
tyvola,1520,-0.3296,-0.9441,220.63,218.94,218.71,218.53
tyvola,1525,-0.3223,-0.9466,218.89,219.18,218.52,218.67
tyvola,1530,-0.3059,-0.9521,219.13,219.08,218.64,218.39
tyvola,1535,-0.2800,-0.9600,219.04,218.79,217.61,218.16
tyvola,1540,-0.2549,-0.9670,218.82,218.86,217.25,217.82
tyvola,1545,-0.2412,-0.9705,218.69,218.56,216.94,216.35
tyvola,1550,-0.2293,-0.9734,218.26,218.25,216.67,215.42
tyvola,1555,-0.2053,-0.9787,217.90,217.89,216.66,215.33
tyvola,1560,-0.1800,-0.9837,217.62,217.49,216.61,215.38
tyvola,1565,-0.1652,-0.9863,217.00,217.08,216.58,215.29
tyvola,1570,-0.1503,-0.9886,216.67,216.68,216.72,215.25
tyvola,1575,-0.1337,-0.9910,216.39,216.27,216.30,216.64
tyvola,1580,-0.1195,-0.9928,216.20,215.98,213.77,215.75
tyvola,1585,-0.1009,-0.9949,215.62,215.96,213.12,215.31
tyvola,1590,-0.0827,-0.9966,215.45,215.13,212.66,215.16
tyvola,1595,-0.0691,-0.9976,215.20,214.38,212.22,214.09
tyvola,1600,-0.0489,-0.9988,215.07,214.07,211.51,213.17
tyvola,1605,-0.0270,-0.9996,215.24,213.73,210.88,211.22
tyvola,1610,-0.0137,-0.9999,215.20,213.44,210.52,210.77
tyvola,1615,0.0010,-1.0000,215.09,213.17,210.41,210.62
tyvola,1620,0.0221,-0.9998,214.89,212.88,210.56,210.88
tyvola,1625,0.0428,-0.9991,214.15,212.52,210.82,211.11
tyvola,1630,0.0603,-0.9982,213.71,212.25,210.86,211.30
tyvola,1635,0.0717,-0.9974,213.22,212.32,210.70,214.11
tyvola,1640,0.0844,-0.9964,213.02,212.22,212.66,217.79
tyvola,1645,0.1027,-0.9947,212.98,212.08,213.43,217.69
tyvola,1650,0.1190,-0.9929,212.88,211.90,215.60,218.01
tyvola,1655,0.1367,-0.9906,212.43,211.70,217.98,213.91
tyvola,1660,0.1582,-0.9874,212.28,214.52,213.94,212.13
tyvola,1665,0.1786,-0.9839,215.05,217.47,209.35,212.57
tyvola,1670,0.1997,-0.9799,217.16,212.82,210.68,215.41
tyvola,1675,0.2173,-0.9761,211.06,208.17,210.78,215.41
tyvola,1680,0.2333,-0.9724,208.79,207.06,211.10,214.65
tyvola,1685,0.2490,-0.9685,207.96,206.86,211.06,213.59
tyvola,1690,0.2625,-0.9649,207.15,207.44,210.97,212.45
tyvola,1695,0.2776,-0.9607,206.09,208.13,211.06,212.13
tyvola,1700,0.2921,-0.9564,205.86,208.86,210.97,211.92
tyvola,1705,0.3081,-0.9513,205.77,209.07,210.82,212.02
tyvola,1710,0.3267,-0.9451,205.74,209.28,210.85,214.41
tyvola,1715,0.3473,-0.9377,206.32,208.97,211.09,214.32
tyvola,1720,0.3674,-0.9300,207.23,208.95,211.24,213.85
tyvola,1725,0.3826,-0.9239,208.64,209.11,210.92,213.02
tyvola,1730,0.3962,-0.9181,208.16,209.05,211.07,213.12
tyvola,1735,0.4066,-0.9136,205.57,207.10,211.42,213.36
tyvola,1740,0.4167,-0.9090,205.50,206.69,211.25,213.59
tyvola,1745,0.4313,-0.9022,206.07,206.70,211.44,213.83
tyvola,1750,0.4440,-0.8960,205.81,207.68,212.35,214.23
tyvola,1755,0.4514,-0.8923,205.12,208.38,212.72,214.70
tyvola,1760,0.4546,-0.8907,204.49,208.64,212.60,212.98
tyvola,1765,0.4553,-0.8903,204.86,208.66,212.52,212.63
tyvola,1770,0.4552,-0.8904,204.83,208.73,212.25,212.73
tyvola,1775,0.4544,-0.8908,205.18,208.38,212.06,212.81
tyvola,1780,0.4527,-0.8917,205.28,206.26,210.92,212.97
tyvola,1785,0.4513,-0.8924,205.45,206.12,211.44,212.79
tyvola,1790,0.4508,-0.8926,205.54,206.30,211.11,212.71
tyvola,1795,0.4507,-0.8927,205.84,206.61,211.03,212.72
tyvola,1800,0.4508,-0.8926,206.26,206.91,210.67,212.70
tyvola,1805,0.4509,-0.8926,206.50,207.21,210.30,212.69
tyvola,1810,0.4509,-0.8926,206.76,207.39,209.45,212.71
tyvola,1815,0.4507,-0.8927,206.99,207.33,209.94,212.67
tyvola,1820,0.4507,-0.8927,206.97,207.58,210.92,212.71
tyvola,1825,0.4506,-0.8927,207.15,207.98,210.92,212.66
tyvola,1830,0.4504,-0.8928,207.20,208.03,210.64,212.19
tyvola,1835,0.4492,-0.8934,206.39,208.23,210.28,211.62
tyvola,1840,0.4484,-0.8938,206.16,207.59,209.34,211.00
tyvola,1845,0.4518,-0.8921,206.25,207.62,209.09,210.98
tyvola,1850,0.4569,-0.8895,204.91,207.82,210.42,211.10
tyvola,1855,0.4583,-0.8888,203.59,206.60,211.65,211.26
tyvola,1860,0.4578,-0.8891,202.80,204.82,211.63,211.20
tyvola,1865,0.4575,-0.8892,203.23,204.73,211.58,211.09
tyvola,1870,0.4575,-0.8892,203.40,204.53,211.57,211.02
tyvola,1875,0.4575,-0.8892,203.50,204.50,211.60,211.07
tyvola,1880,0.4575,-0.8892,203.37,204.50,211.65,211.19
tyvola,1885,0.4574,-0.8893,203.20,204.34,211.63,211.31
tyvola,1890,0.4571,-0.8894,203.04,204.02,211.01,211.36
tyvola,1895,0.4560,-0.8900,202.88,203.81,208.87,211.41
tyvola,1900,0.4548,-0.8906,202.74,203.79,210.51,211.21
tyvola,1905,0.4542,-0.8909,202.60,203.72,210.34,210.87
tyvola,1910,0.4541,-0.8910,202.47,203.60,210.21,210.60
tyvola,1915,0.4540,-0.8910,202.33,203.63,210.10,210.25
tyvola,1920,0.4540,-0.8910,202.17,203.64,209.90,209.90
tyvola,1925,0.4540,-0.8910,202.10,203.73,209.69,209.51
tyvola,1930,0.4540,-0.8910,202.10,203.96,209.50,209.13
tyvola,1935,0.4541,-0.8909,201.62,204.91,209.28,208.76
tyvola,1940,0.4547,-0.8907,201.50,205.64,208.31,208.47
tyvola,1945,0.4565,-0.8897,202.13,204.99,206.35,208.21
tyvola,1950,0.4586,-0.8886,203.45,204.22,206.67,208.08
tyvola,1955,0.4570,-0.8895,203.80,204.11,207.52,207.77
tyvola,1960,0.4484,-0.8938,203.90,203.91,207.68,207.53
tyvola,1965,0.4376,-0.8992,203.84,203.70,207.77,207.33
tyvola,1970,0.4324,-0.9017,203.26,203.37,207.76,207.16
tyvola,1975,0.4316,-0.9021,202.90,203.12,207.75,206.97
tyvola,1980,0.4286,-0.9035,203.03,203.07,207.51,207.02
tyvola,1985,0.4129,-0.9108,203.31,202.99,204.61,206.52
tyvola,1990,0.3770,-0.9262,203.35,203.27,204.59,206.18
tyvola,1995,0.3266,-0.9452,203.54,203.02,203.57,204.81
tyvola,2000,0.2890,-0.9573,203.72,202.91,203.71,203.77
tyvola,2005,0.2737,-0.9618,203.71,202.79,203.80,203.77
tyvola,2010,0.2638,-0.9646,203.68,202.58,203.79,203.81
tyvola,2015,0.2506,-0.9681,203.45,202.41,203.53,203.83
tyvola,2020,0.2305,-0.9731,203.55,202.17,203.33,203.61
tyvola,2025,0.2055,-0.9786,204.34,201.69,203.29,204.39
tyvola,2030,0.1803,-0.9836,204.89,201.55,203.60,204.53
tyvola,2035,0.1541,-0.9881,205.03,201.39,203.43,204.39
tyvola,2040,0.1279,-0.9918,205.77,201.01,202.98,204.05
tyvola,2045,0.0963,-0.9954,206.11,200.61,202.46,203.29
tyvola,2050,0.0580,-0.9983,206.36,201.04,202.06,202.88
tyvola,2055,0.0271,-0.9996,206.33,201.81,201.89,202.76
tyvola,2060,-0.0013,-1.0000,205.49,202.69,201.86,202.69
tyvola,2065,-0.0354,-0.9994,206.26,203.14,201.55,202.50
tyvola,2070,-0.0713,-0.9975,206.07,202.83,201.59,202.20
tyvola,2075,-0.1091,-0.9940,204.27,202.74,202.32,201.78
tyvola,2080,-0.1477,-0.9890,203.22,202.90,203.16,201.56
tyvola,2085,-0.1828,-0.9832,203.33,203.13,203.40,202.01
tyvola,2090,-0.2149,-0.9766,203.35,203.15,202.84,202.61
tyvola,2095,-0.2432,-0.9700,203.26,203.21,202.93,202.53
tyvola,2100,-0.2618,-0.9651,203.15,203.55,203.58,202.35
tyvola,2105,-0.2714,-0.9625,201.92,203.78,203.58,200.14
tyvola,2110,-0.2748,-0.9615,198.00,202.17,199.99,196.62
tyvola,2115,-0.2757,-0.9612,197.49,197.31,196.66,196.34
tyvola,2120,-0.2778,-0.9607,197.45,197.17,196.58,196.38
tyvola,2125,-0.2767,-0.9610,197.54,197.23,196.72,196.51
tyvola,2130,-0.2703,-0.9628,197.26,196.96,196.56,196.34
tyvola,2135,-0.2617,-0.9651,198.92,202.66,201.45,198.00
tyvola,2140,-0.2575,-0.9663,204.29,204.91,204.64,201.09
tyvola,2145,-0.2585,-0.9660,204.57,204.99,204.83,203.86
tyvola,2150,-0.2597,-0.9657,204.91,205.24,204.89,204.29
tyvola,2155,-0.2599,-0.9656,204.69,205.67,205.36,204.48
tyvola,2160,-0.2599,-0.9656,200.32,205.73,205.50,203.08
tyvola,2165,-0.2599,-0.9656,195.72,205.16,205.03,198.48
tyvola,2170,-0.2598,-0.9657,192.51,204.92,203.33,194.82
tyvola,2175,-0.2594,-0.9658,196.14,204.82,202.85,193.66
tyvola,2180,-0.2587,-0.9659,199.44,205.00,203.63,199.91
tyvola,2185,-0.2587,-0.9659,201.11,205.26,205.49,203.17
tyvola,2190,-0.2602,-0.9656,205.64,206.27,205.75,204.88
tyvola,2195,-0.2622,-0.9650,207.77,207.50,205.68,204.84
tyvola,2200,-0.2637,-0.9646,207.78,208.31,205.98,204.94
tyvola,2205,-0.2650,-0.9642,208.02,208.83,206.32,203.60
tyvola,2210,-0.2658,-0.9640,208.54,209.13,207.17,203.43
tyvola,2215,-0.2660,-0.9640,208.67,209.45,208.15,204.76
tyvola,2220,-0.2660,-0.9640,208.61,209.58,208.94,205.77
tyvola,2225,-0.2660,-0.9640,208.48,209.79,209.64,206.11
tyvola,2230,-0.2660,-0.9640,210.37,209.76,210.20,206.57
tyvola,2235,-0.2658,-0.9640,211.18,209.96,210.49,206.16
tyvola,2240,-0.2652,-0.9642,211.23,210.15,210.63,205.19
tyvola,2245,-0.2637,-0.9646,211.03,210.46,210.09,205.07
tyvola,2250,-0.2611,-0.9653,210.57,210.71,208.54,207.25
tyvola,2255,-0.2521,-0.9677,210.84,210.93,208.15,208.28
tyvola,2260,-0.2335,-0.9724,212.29,211.16,208.52,208.90
tyvola,2265,-0.2148,-0.9766,212.11,211.23,209.26,209.86
tyvola,2270,-0.2000,-0.9798,212.18,211.31,209.64,210.34
tyvola,2275,-0.1858,-0.9826,212.12,211.50,209.84,210.96
tyvola,2280,-0.1711,-0.9852,212.44,211.58,210.26,211.25
tyvola,2285,-0.1514,-0.9885,212.12,211.49,210.68,212.11
tyvola,2290,-0.1258,-0.9921,211.44,210.87,210.88,212.59
tyvola,2295,-0.0949,-0.9955,211.38,211.15,211.17,212.80
tyvola,2300,-0.0706,-0.9975,211.47,211.32,211.22,212.96
tyvola,2305,-0.0555,-0.9985,211.71,211.56,211.30,212.93
tyvola,2310,-0.0362,-0.9993,212.03,211.94,211.59,212.83
tyvola,2315,-0.0066,-1.0000,212.08,212.21,211.91,213.07
tyvola,2320,0.0213,-0.9998,211.91,212.53,212.09,213.31
tyvola,2325,0.0456,-0.9990,211.88,212.85,212.35,213.43
tyvola,2330,0.0720,-0.9974,212.21,213.04,212.64,213.50
tyvola,2335,0.0919,-0.9958,212.39,213.25,213.65,213.62
tyvola,2340,0.1086,-0.9941,212.19,213.39,213.82,213.72
tyvola,2345,0.1234,-0.9924,212.38,213.25,213.87,213.82
tyvola,2350,0.1305,-0.9914,212.46,213.53,213.86,214.02
tyvola,2355,0.1250,-0.9922,212.36,213.45,214.04,214.15
tyvola,2360,0.0754,-0.9972,211.77,213.48,214.47,214.66
tyvola,2365,-0.0096,-1.0000,211.76,213.54,214.92,214.88
tyvola,2370,0.0287,-0.9996,211.67,212.79,214.77,215.11
tyvola,2375,0.1711,-0.9853,211.61,212.52,214.36,215.11
tyvola,2380,0.2454,-0.9694,211.50,212.25,213.08,215.20
tyvola,2385,0.2607,-0.9654,211.59,212.08,212.98,215.27
tyvola,2390,0.2624,-0.9650,211.62,211.99,213.29,215.37
tyvola,2395,0.2624,-0.9650,211.41,211.80,213.54,214.48
tyvola,2400,0.2610,-0.9653,210.77,211.32,213.50,214.05
tyvola,2405,0.2537,-0.9673,210.23,210.96,213.68,214.59
tyvola,2410,0.2391,-0.9710,210.14,210.69,213.59,214.99
tyvola,2415,0.2306,-0.9730,210.09,211.73,213.62,215.38
tyvola,2420,0.2341,-0.9722,209.81,211.80,213.77,215.42
tyvola,2425,0.2388,-0.9711,208.29,210.12,213.70,215.48
tyvola,2430,0.2403,-0.9707,206.12,209.64,213.67,215.40
tyvola,2435,0.2420,-0.9703,204.18,209.24,213.12,215.49
tyvola,2440,0.2472,-0.9690,202.42,209.14,212.74,215.46
tyvola,2445,0.2539,-0.9672,202.99,209.01,212.66,215.11
tyvola,2450,0.2576,-0.9663,203.04,208.86,212.66,214.74
tyvola,2455,0.2584,-0.9660,202.58,208.51,213.96,214.69
tyvola,2460,0.2584,-0.9660,201.89,207.52,214.14,214.57
tyvola,2465,0.2584,-0.9660,201.06,206.30,214.29,214.41
tyvola,2470,0.2584,-0.9660,200.89,205.77,213.98,214.08
tyvola,2475,0.2584,-0.9660,203.87,207.46,213.94,213.85
tyvola,2480,0.2584,-0.9660,206.36,209.03,214.06,213.49
tyvola,2485,0.2584,-0.9660,208.55,209.91,214.21,213.02
tyvola,2490,0.2584,-0.9660,210.49,211.65,214.17,212.92
tyvola,2495,0.2584,-0.9660,210.75,212.41,213.56,212.42
tyvola,2500,0.2584,-0.9660,211.19,213.31,212.67,212.14
tyvola,2505,0.2584,-0.9660,211.71,213.71,212.09,211.94
tyvola,2510,0.2584,-0.9660,211.70,213.83,211.82,211.84
tyvola,2515,0.2584,-0.9660,211.96,212.66,211.33,211.22
tyvola,2520,0.2584,-0.9660,212.63,210.35,210.04,210.42
tyvola,2525,0.2584,-0.9660,213.04,210.39,210.26,210.61
tyvola,2530,0.2584,-0.9660,213.54,208.99,210.66,211.06
tyvola,2535,0.2584,-0.9660,213.04,208.65,211.03,211.16
tyvola,2540,0.2584,-0.9660,212.21,208.55,213.64,210.92
tyvola,2545,0.2584,-0.9660,212.08,208.42,213.56,210.81
tyvola,2550,0.2584,-0.9660,211.81,208.61,213.26,210.66
tyvola,2555,0.2584,-0.9660,211.53,209.71,212.81,209.50
tyvola,2560,0.2591,-0.9658,211.37,209.26,212.13,207.86
tyvola,2565,0.2626,-0.9649,211.19,208.95,211.45,207.14
tyvola,2570,0.2659,-0.9640,211.00,208.67,211.23,206.60
tyvola,2575,0.2565,-0.9666,210.77,208.76,210.93,206.14
tyvola,2580,0.2353,-0.9719,210.58,210.07,210.14,205.75
tyvola,2585,0.2097,-0.9778,210.40,209.80,209.65,205.26
tyvola,2590,0.1785,-0.9839,210.26,209.31,209.46,204.42
tyvola,2595,0.1489,-0.9888,210.15,209.63,208.86,204.41
tyvola,2600,0.1170,-0.9931,210.01,208.01,206.82,204.38
tyvola,2605,0.0856,-0.9963,209.93,207.18,206.11,204.40
tyvola,2610,0.0570,-0.9984,209.85,206.83,205.51,204.38
tyvola,2615,0.0206,-0.9998,209.96,206.72,204.57,204.03
tyvola,2620,-0.0149,-0.9999,210.13,206.60,204.62,203.64
tyvola,2625,-0.0411,-0.9992,210.02,205.14,205.45,203.41
tyvola,2630,-0.0732,-0.9973,210.01,204.83,204.69,203.47
tyvola,2635,-0.1186,-0.9929,209.93,204.94,203.65,203.48
tyvola,2640,-0.1608,-0.9870,208.95,204.98,202.28,203.56
tyvola,2645,-0.1937,-0.9811,207.88,204.98,200.52,203.52
tyvola,2650,-0.2274,-0.9738,206.96,204.94,198.95,201.55
tyvola,2655,-0.2575,-0.9663,206.76,204.15,198.06,198.59
tyvola,2660,-0.2891,-0.9573,205.96,201.71,199.23,198.99
tyvola,2665,-0.3280,-0.9447,205.98,201.48,200.91,195.89
tyvola,2670,-0.3617,-0.9323,205.80,202.10,197.60,193.79
tyvola,2675,-0.3893,-0.9211,205.61,201.77,197.07,193.73
tyvola,2680,-0.4194,-0.9078,204.38,200.95,197.20,193.75
tyvola,2685,-0.4484,-0.8938,203.74,201.42,197.44,193.79
tyvola,2690,-0.4799,-0.8773,204.73,201.96,198.01,194.77
tyvola,2695,-0.5086,-0.8610,205.07,201.46,198.75,196.09
tyvola,2700,-0.5327,-0.8463,205.24,202.59,199.22,197.23
tyvola,2705,-0.5619,-0.8272,206.65,204.04,201.51,198.81
tyvola,2710,-0.5936,-0.8047,207.48,205.79,203.16,200.54
tyvola,2715,-0.6233,-0.7819,207.79,207.04,202.94,199.72
tyvola,2720,-0.6487,-0.7611,208.60,207.75,201.25,198.81
tyvola,2725,-0.6729,-0.7398,210.09,207.87,202.48,200.69
tyvola,2730,-0.6998,-0.7144,211.04,208.04,205.30,201.66
tyvola,2735,-0.7263,-0.6874,211.50,208.12,206.15,201.80
tyvola,2740,-0.7556,-0.6551,211.94,208.91,206.33,202.20
tyvola,2745,-0.7790,-0.6270,212.23,210.17,206.86,202.44
tyvola,2750,-0.7924,-0.6100,213.38,211.45,206.68,202.72
tyvola,2755,-0.8030,-0.5960,214.46,212.27,206.44,203.94
tyvola,2760,-0.8213,-0.5704,215.04,212.52,206.22,203.82
tyvola,2765,-0.8459,-0.5333,215.55,212.48,206.31,203.96
tyvola,2770,-0.8664,-0.4994,216.02,212.50,206.73,203.96
tyvola,2775,-0.8847,-0.4662,216.23,212.43,205.19,205.50
tyvola,2780,-0.9002,-0.4356,216.23,212.54,204.83,205.06
tyvola,2785,-0.9143,-0.4049,216.02,212.47,204.84,205.12
tyvola,2790,-0.9278,-0.3732,215.65,212.50,206.86,207.11
tyvola,2795,-0.9394,-0.3428,215.16,212.26,209.08,212.51
tyvola,2800,-0.9504,-0.3110,214.85,212.00,209.71,215.70
tyvola,2805,-0.9610,-0.2766,214.66,211.57,208.97,212.13
tyvola,2810,-0.9699,-0.2436,214.43,211.31,207.88,205.80
tyvola,2815,-0.9773,-0.2120,214.01,210.99,207.14,203.82
tyvola,2820,-0.9840,-0.1780,213.27,210.75,207.04,203.45
tyvola,2825,-0.9887,-0.1497,212.72,210.43,208.06,206.13
tyvola,2830,-0.9929,-0.1192,211.75,210.17,208.62,207.41
tyvola,2835,-0.9967,-0.0814,210.75,209.85,208.40,207.55
tyvola,2840,-0.9988,-0.0497,210.02,209.57,208.05,207.28
tyvola,2845,-0.9997,-0.0256,209.31,208.50,207.69,206.71
tyvola,2850,-1.0000,-0.0033,207.68,207.03,207.46,206.64
tyvola,2855,-1.0000,0.0092,205.49,204.54,206.27,206.09
tyvola,2860,-0.9999,0.0122,203.35,203.52,205.25,205.72
tyvola,2865,-0.9999,0.0125,200.10,202.18,204.83,205.51
tyvola,2870,-0.9999,0.0125,197.75,201.38,204.66,205.20
tyvola,2875,-0.9999,0.0125,196.49,199.80,204.52,204.92
tyvola,2880,-0.9999,0.0124,194.34,197.52,203.68,204.66
tyvola,2885,-0.9999,0.0111,192.86,195.74,202.10,203.47
tyvola,2890,-1.0000,0.0040,192.02,194.37,199.69,201.70
tyvola,2895,-0.9999,-0.0120,191.05,191.62,197.06,199.72
tyvola,2900,-0.9996,-0.0265,190.72,190.31,194.45,197.73
tyvola,2905,-0.9995,-0.0326,190.41,190.17,192.68,195.29
tyvola,2910,-0.9993,-0.0387,190.04,190.18,191.80,192.68
tyvola,2915,-0.9986,-0.0529,188.53,190.30,191.55,190.16
tyvola,2920,-0.9977,-0.0682,185.44,190.08,191.40,187.67
tyvola,2925,-0.9971,-0.0755,184.09,189.99,191.08,184.13
tyvola,2930,-0.9967,-0.0812,183.93,189.91,191.01,181.82
tyvola,2935,-0.9954,-0.0953,187.66,189.75,190.99,182.63
tyvola,2940,-0.9936,-0.1129,188.09,189.91,191.03,182.93
tyvola,2945,-0.9925,-0.1221,189.02,190.03,191.25,184.55
tyvola,2950,-0.9920,-0.1262,189.38,190.35,191.24,187.72
tyvola,2955,-0.9908,-0.1351,189.06,190.60,191.73,190.99
tyvola,2960,-0.9887,-0.1501,189.56,191.07,192.18,191.59
tyvola,2965,-0.9860,-0.1670,192.44,192.00,192.66,191.71
tyvola,2970,-0.9830,-0.1837,196.68,193.91,193.13,192.15
tyvola,2975,-0.9811,-0.1936,198.00,195.63,193.61,192.53
tyvola,2980,-0.9806,-0.1962,197.70,196.60,194.17,192.32
tyvola,2985,-0.9805,-0.1964,197.77,198.85,194.71,194.15
tyvola,2990,-0.9805,-0.1964,200.97,201.58,195.08,194.40
tyvola,2995,-0.9805,-0.1964,201.75,201.66,195.41,194.71
tyvola,3000,-0.9804,-0.1968,201.91,201.91,195.90,195.40
tyvola,3005,-0.9795,-0.2014,202.11,202.09,196.49,196.37
tyvola,3010,-0.9755,-0.2199,202.14,202.17,197.37,195.73
tyvola,3015,-0.9682,-0.2502,202.12,202.26,198.25,196.99
tyvola,3020,-0.9615,-0.2747,202.26,202.40,199.10,199.13
tyvola,3025,-0.9558,-0.2940,202.26,202.51,200.32,199.79
tyvola,3030,-0.9507,-0.3101,202.29,202.59,200.80,200.23
tyvola,3035,-0.9470,-0.3213,202.51,202.82,201.25,200.73
tyvola,3040,-0.9426,-0.3338,202.68,202.95,201.53,201.18
tyvola,3045,-0.9390,-0.3439,202.67,203.12,201.97,201.61
tyvola,3050,-0.9371,-0.3490,202.81,203.30,202.47,202.07
tyvola,3055,-0.9338,-0.3578,202.98,203.35,203.04,202.50
tyvola,3060,-0.9274,-0.3740,203.11,203.25,203.73,202.81
tyvola,3065,-0.9215,-0.3884,203.05,203.49,204.76,203.17
tyvola,3070,-0.9162,-0.4007,203.41,203.81,204.99,203.67
tyvola,3075,-0.9085,-0.4180,203.60,204.03,204.83,203.98
tyvola,3080,-0.8994,-0.4371,203.56,204.68,204.56,203.65
tyvola,3085,-0.8913,-0.4534,203.62,205.34,204.26,203.75
tyvola,3090,-0.8839,-0.4677,204.95,205.05,204.29,203.74
tyvola,3095,-0.8754,-0.4833,204.92,204.92,204.25,203.99
tyvola,3100,-0.8695,-0.4939,204.89,204.89,204.56,204.28
tyvola,3105,-0.8677,-0.4971,204.96,205.16,204.52,205.01
tyvola,3110,-0.8674,-0.4975,204.11,205.07,204.52,205.29
tyvola,3115,-0.8672,-0.4980,203.28,203.96,205.31,205.86
tyvola,3120,-0.8659,-0.5002,202.42,202.93,205.81,205.31
tyvola,3125,-0.8631,-0.5051,201.66,201.91,204.71,203.48
tyvola,3130,-0.8606,-0.5094,200.98,200.17,202.40,202.20
tyvola,3135,-0.8596,-0.5110,200.38,199.79,202.13,202.04
tyvola,3140,-0.8587,-0.5124,199.58,199.64,201.82,202.05
tyvola,3145,-0.8549,-0.5188,198.69,199.40,201.49,201.80
tyvola,3150,-0.8471,-0.5314,196.68,199.06,201.04,201.84
tyvola,3155,-0.8404,-0.5420,193.79,198.57,200.51,201.14
tyvola,3160,-0.8360,-0.5487,191.89,197.87,200.17,200.75
tyvola,3165,-0.8266,-0.5628,190.90,197.00,199.50,200.57
tyvola,3170,-0.8083,-0.5888,190.35,196.13,198.95,200.17
tyvola,3175,-0.7901,-0.6130,189.99,195.07,198.35,199.21
tyvola,3180,-0.7774,-0.6290,189.61,194.13,197.56,198.47
tyvola,3185,-0.7641,-0.6451,188.49,193.23,196.62,198.28
tyvola,3190,-0.7527,-0.6583,185.83,192.18,195.95,197.71
tyvola,3195,-0.7485,-0.6632,185.30,191.25,194.95,196.53
tyvola,3200,-0.7478,-0.6640,186.91,190.72,194.25,195.75
tyvola,3205,-0.7468,-0.6651,187.89,190.16,193.45,194.70
tyvola,3210,-0.7429,-0.6694,188.37,189.52,192.93,194.61
tyvola,3215,-0.7358,-0.6772,188.50,188.84,192.12,195.03
tyvola,3220,-0.7271,-0.6865,188.15,188.53,191.44,195.01
tyvola,3225,-0.7172,-0.6969,189.09,190.17,190.95,194.44
tyvola,3230,-0.7101,-0.7041,191.42,193.63,191.21,194.59
tyvola,3235,-0.7078,-0.7064,193.11,194.61,193.99,194.50
tyvola,3240,-0.7060,-0.7082,193.09,194.23,193.41,193.51
tyvola,3245,-0.7028,-0.7114,191.97,191.53,189.27,191.56
tyvola,3250,-0.7009,-0.7133,192.11,188.95,187.28,189.96
providence,0,0.7935,0.6085,215.71,216.22,217.98,219.15
providence,5,0.7934,0.6087,215.16,215.89,218.20,220.03
providence,10,0.7931,0.6091,214.67,216.15,218.30,220.78
providence,15,0.7929,0.6093,214.87,216.73,218.54,221.32
providence,20,0.7929,0.6094,215.57,217.03,218.55,221.35
providence,25,0.7929,0.6094,216.20,216.95,218.53,221.36
providence,30,0.7929,0.6093,216.67,217.10,218.67,221.28
providence,35,0.7928,0.6095,216.75,217.08,218.82,221.36
providence,40,0.7916,0.6110,216.67,217.14,218.95,221.12
providence,45,0.7884,0.6152,216.52,217.20,218.75,221.06
providence,50,0.7869,0.6171,216.32,216.91,218.65,221.03
providence,55,0.7920,0.6105,215.91,216.84,218.11,220.84
providence,60,0.8030,0.5960,215.42,216.88,218.43,220.59
providence,65,0.8300,0.5578,214.90,216.89,218.34,219.02
providence,70,0.8631,0.5050,214.60,216.00,218.64,219.04
providence,75,0.8520,0.5236,214.63,215.27,218.70,218.99
providence,80,0.8123,0.5832,214.38,215.48,218.60,219.00
providence,85,0.7949,0.6068,214.28,215.74,218.17,218.94
providence,90,0.7990,0.6014,214.52,216.36,218.60,219.07
providence,95,0.8174,0.5760,214.69,216.43,218.74,219.22
providence,100,0.8425,0.5388,214.92,216.72,218.93,219.39
providence,105,0.8638,0.5038,215.02,216.89,218.72,219.33
providence,110,0.8832,0.4690,215.14,216.85,218.93,219.12
providence,115,0.9012,0.4334,215.07,216.78,218.71,218.47
providence,120,0.9171,0.3987,214.96,216.72,217.64,217.84
providence,125,0.9303,0.3667,214.85,216.35,216.84,217.53
providence,130,0.9414,0.3372,214.55,215.84,216.82,217.36
providence,135,0.9538,0.3003,214.64,215.30,216.51,217.45
providence,140,0.9661,0.2583,214.59,215.46,216.30,217.21
providence,145,0.9771,0.2126,214.46,214.41,216.31,216.90
providence,150,0.9852,0.1715,214.53,214.32,216.50,216.81
providence,155,0.9901,0.1401,214.11,214.21,216.20,216.73
providence,160,0.9943,0.1065,213.60,214.00,215.53,216.04
providence,165,0.9976,0.0695,213.13,213.75,215.06,214.29
providence,170,0.9993,0.0367,212.35,213.24,214.23,213.66
providence,175,0.9999,0.0145,212.05,213.28,213.14,213.27
providence,180,1.0000,0.0061,210.82,212.35,212.88,213.07
providence,185,1.0000,0.0048,209.64,211.31,212.49,212.78
providence,190,1.0000,0.0048,208.67,210.58,212.10,212.55
providence,195,1.0000,0.0047,208.90,210.12,211.76,212.37
providence,200,1.0000,0.0042,209.07,209.88,211.48,213.21
providence,205,1.0000,0.0007,209.64,209.99,211.43,213.39
providence,210,1.0000,-0.0098,212.11,211.61,211.47,213.32
providence,215,0.9997,-0.0250,213.23,212.61,211.55,213.13
providence,220,0.9993,-0.0385,213.04,212.57,211.57,212.73
providence,225,0.9987,-0.0502,213.79,213.20,211.58,212.09
providence,230,0.9978,-0.0662,214.81,213.60,211.73,212.02
providence,235,0.9962,-0.0866,215.12,214.29,212.37,212.66
providence,240,0.9942,-0.1076,215.66,215.44,212.89,213.14
providence,245,0.9909,-0.1349,215.97,215.78,213.80,213.30
providence,250,0.9874,-0.1581,216.09,215.85,214.26,213.81
providence,255,0.9860,-0.1667,217.15,216.98,214.42,216.02
providence,260,0.9858,-0.1680,218.76,217.63,215.44,216.67
providence,265,0.9858,-0.1680,218.93,217.99,216.07,217.36
providence,270,0.9858,-0.1680,219.30,218.43,217.01,217.75
providence,275,0.9858,-0.1680,219.89,218.85,217.52,217.52
providence,280,0.9857,-0.1682,220.27,219.18,217.73,217.57
providence,285,0.9855,-0.1697,220.38,218.89,217.76,218.30
providence,290,0.9849,-0.1733,220.02,218.73,219.06,218.41
providence,295,0.9842,-0.1771,220.20,218.78,219.44,218.37
providence,300,0.9839,-0.1787,220.33,219.72,219.69,218.35
providence,305,0.9839,-0.1788,220.94,220.03,219.46,218.38
providence,310,0.9839,-0.1787,221.24,220.22,219.82,218.87
providence,315,0.9839,-0.1787,220.96,220.31,220.19,219.01
providence,320,0.9839,-0.1789,220.87,220.48,220.32,219.12
providence,325,0.9839,-0.1789,220.72,220.65,220.36,219.17
providence,330,0.9838,-0.1791,220.58,221.07,220.35,219.52
providence,335,0.9836,-0.1805,220.34,221.11,220.37,219.97
providence,340,0.9830,-0.1835,220.17,220.55,220.19,219.96
providence,345,0.9826,-0.1858,219.98,220.38,220.03,219.82
providence,350,0.9827,-0.1854,219.70,220.19,219.89,219.82
providence,355,0.9835,-0.1809,219.27,219.96,219.77,219.96
providence,360,0.9846,-0.1747,218.85,219.90,219.86,219.99
providence,365,0.9852,-0.1712,218.28,220.22,219.91,219.87
providence,370,0.9854,-0.1703,217.79,220.43,220.21,219.50
providence,375,0.9854,-0.1702,217.84,220.53,220.33,219.32
providence,380,0.9854,-0.1702,217.98,220.53,220.15,219.30
providence,385,0.9854,-0.1701,218.11,220.29,220.29,219.44
providence,390,0.9855,-0.1696,217.77,220.00,220.28,218.96
providence,395,0.9857,-0.1687,217.99,220.21,219.87,218.38
providence,400,0.9857,-0.1684,218.31,220.53,219.90,218.26
providence,405,0.9857,-0.1687,218.55,220.51,220.02,218.20
providence,410,0.9856,-0.1690,218.74,220.32,220.01,218.14
providence,415,0.9856,-0.1693,219.09,219.94,219.70,217.98
providence,420,0.9855,-0.1695,219.48,219.87,218.89,217.82
providence,425,0.9855,-0.1698,219.73,219.89,218.64,217.79
providence,430,0.9854,-0.1702,219.75,219.89,218.69,217.58
providence,435,0.9854,-0.1704,219.67,220.13,218.46,217.72
providence,440,0.9854,-0.1704,219.36,220.25,218.93,217.96
providence,445,0.9854,-0.1705,219.47,220.23,219.05,218.00
providence,450,0.9853,-0.1710,219.68,220.37,219.44,219.68
providence,455,0.9850,-0.1725,219.85,220.45,220.29,220.13
providence,460,0.9854,-0.1705,220.37,220.30,220.46,220.43
providence,465,0.9872,-0.1598,220.26,220.42,220.48,220.56
providence,470,0.9889,-0.1486,219.65,220.34,220.41,220.33
providence,475,0.9895,-0.1445,219.55,220.33,220.42,220.31
providence,480,0.9895,-0.1442,219.45,220.29,220.43,220.32
providence,485,0.9894,-0.1455,219.42,220.28,220.52,220.33
providence,490,0.9890,-0.1481,219.42,220.38,220.50,220.25
providence,495,0.9882,-0.1533,219.50,220.46,220.46,220.08
providence,500,0.9854,-0.1704,219.48,220.50,220.35,219.76
providence,505,0.9793,-0.2026,219.38,220.50,220.03,219.00
providence,510,0.9735,-0.2287,219.24,220.52,219.78,218.87
providence,515,0.9710,-0.2392,219.10,220.37,219.92,219.15
providence,520,0.9700,-0.2429,218.94,220.17,219.78,218.69
providence,525,0.9685,-0.2492,218.84,219.99,219.40,218.17
providence,530,0.9644,-0.2644,218.81,219.90,219.24,217.87
providence,535,0.9597,-0.2811,218.76,219.82,218.41,217.75
providence,540,0.9567,-0.2909,218.65,219.59,217.83,217.43
providence,545,0.9539,-0.3001,218.48,219.34,217.59,217.13
providence,550,0.9510,-0.3092,218.38,219.02,217.91,216.93
providence,555,0.9497,-0.3133,218.05,218.75,217.97,216.97
providence,560,0.9494,-0.3141,217.71,218.38,217.84,216.94
providence,565,0.9494,-0.3141,217.32,217.81,217.68,216.82
providence,570,0.9494,-0.3140,216.92,217.19,217.75,216.14
providence,575,0.9493,-0.3143,216.53,216.34,217.44,214.83
providence,580,0.9487,-0.3163,216.35,215.64,215.96,214.78
providence,585,0.9471,-0.3210,216.38,215.36,215.99,214.60
providence,590,0.9456,-0.3253,216.62,215.28,215.27,214.37
providence,595,0.9450,-0.3270,216.54,215.15,214.90,214.23
providence,600,0.9449,-0.3272,216.74,215.18,214.43,213.22
providence,605,0.9449,-0.3272,216.84,215.45,214.73,213.11
providence,610,0.9450,-0.3272,216.90,215.87,214.69,213.25
providence,615,0.9451,-0.3268,217.06,215.80,214.63,213.27
providence,620,0.9455,-0.3256,217.07,215.96,214.47,213.41
providence,625,0.9460,-0.3243,217.05,216.30,215.18,213.10
providence,630,0.9462,-0.3237,217.40,216.30,215.10,212.73
providence,635,0.9461,-0.3239,217.16,216.30,214.58,212.52
providence,640,0.9457,-0.3249,216.94,216.23,214.44,213.06
providence,645,0.9452,-0.3264,216.77,216.21,214.79,213.83
providence,650,0.9449,-0.3274,216.74,216.05,214.83,214.22
providence,655,0.9448,-0.3276,216.59,215.98,214.86,214.67
providence,660,0.9448,-0.3276,216.39,216.09,215.02,214.88
providence,665,0.9449,-0.3274,216.23,216.10,214.99,214.99
providence,670,0.9449,-0.3274,216.17,216.10,214.99,215.02
providence,675,0.9449,-0.3274,216.17,216.02,215.10,215.05
providence,680,0.9449,-0.3272,216.05,215.85,215.10,214.95
providence,685,0.9450,-0.3270,215.95,215.82,214.94,214.77
providence,690,0.9454,-0.3260,215.95,215.61,214.59,214.83
providence,695,0.9459,-0.3243,215.95,215.54,214.73,214.91
providence,700,0.9463,-0.3233,215.92,215.64,214.68,215.18
providence,705,0.9464,-0.3231,215.91,215.53,214.98,215.25
providence,710,0.9463,-0.3231,215.91,215.58,215.01,215.21
providence,715,0.9463,-0.3232,215.93,215.55,214.83,215.17
providence,720,0.9464,-0.3231,216.08,215.61,215.05,215.15
providence,725,0.9464,-0.3230,215.76,215.47,215.21,214.98
providence,730,0.9466,-0.3224,215.96,215.70,214.85,214.84
providence,735,0.9471,-0.3211,216.08,215.84,214.61,215.08
providence,740,0.9475,-0.3197,215.87,216.00,214.77,215.12
providence,745,0.9476,-0.3193,215.87,216.01,214.63,215.21
providence,750,0.9475,-0.3198,215.95,215.96,214.44,214.86
providence,755,0.9472,-0.3205,216.12,215.76,214.57,214.53
providence,760,0.9470,-0.3212,215.98,215.62,214.51,214.42
providence,765,0.9468,-0.3217,216.14,215.59,214.45,214.24
providence,770,0.9475,-0.3199,216.17,215.70,214.10,213.87
providence,775,0.9543,-0.2989,215.48,215.62,213.85,213.61
providence,780,0.9730,-0.2308,215.09,215.59,213.88,213.59
providence,785,0.9822,-0.1878,215.38,215.33,214.02,213.15
providence,790,0.9683,-0.2499,215.23,214.93,213.92,213.21
providence,795,0.9529,-0.3034,214.78,214.34,213.90,213.72
providence,800,0.9643,-0.2648,214.76,214.36,213.86,213.74
providence,805,0.9988,-0.0494,214.36,214.03,213.84,213.76
providence,810,0.9234,0.3837,213.10,213.50,213.87,213.84
providence,815,0.7736,0.6337,212.84,213.33,213.87,213.88
providence,820,0.7508,0.6605,212.91,212.97,213.82,213.83
providence,825,0.7844,0.6202,212.97,213.19,213.81,213.34
providence,830,0.8337,0.5522,212.80,213.30,213.63,213.17
providence,835,0.8853,0.4650,212.67,213.26,213.35,213.31
providence,840,0.8959,0.4442,212.71,213.30,213.09,213.10
providence,845,0.8719,0.4897,212.91,213.24,212.85,212.93
providence,850,0.8569,0.5155,213.22,213.29,212.67,212.73
providence,855,0.8530,0.5220,213.40,213.27,212.54,212.86
providence,860,0.8514,0.5245,213.23,213.26,212.71,213.05
providence,865,0.8510,0.5252,213.12,213.06,212.66,213.05
providence,870,0.8509,0.5253,213.29,213.09,212.62,213.03
providence,875,0.8509,0.5253,212.29,213.16,212.48,212.98
providence,880,0.8509,0.5253,211.54,213.16,212.41,212.96
providence,885,0.8509,0.5253,212.72,212.94,212.38,212.33
providence,890,0.8509,0.5253,213.21,212.75,212.30,211.37
providence,895,0.8511,0.5250,213.37,212.68,212.11,210.77
providence,900,0.8517,0.5241,213.64,212.73,211.09,210.72
providence,905,0.8520,0.5235,213.52,212.43,211.14,210.60
providence,910,0.8508,0.5254,213.69,212.48,211.05,210.51
providence,915,0.8500,0.5267,212.91,212.26,210.63,210.52
providence,920,0.8501,0.5266,212.77,211.87,210.55,210.42
providence,925,0.8489,0.5285,213.18,211.50,210.98,210.78
providence,930,0.8457,0.5337,212.61,211.25,210.92,210.89
providence,935,0.8429,0.5380,213.05,210.90,210.62,210.42
providence,940,0.8421,0.5393,213.98,210.76,210.65,210.34
providence,945,0.8427,0.5384,213.60,210.68,210.58,210.37
providence,950,0.8456,0.5337,212.48,210.58,209.60,209.64
providence,955,0.8508,0.5255,212.36,210.45,209.52,209.16
providence,960,0.8544,0.5197,211.84,210.31,209.38,209.02
providence,965,0.8551,0.5184,211.08,210.14,209.37,208.96
providence,970,0.8541,0.5200,210.55,209.87,208.95,208.78
providence,975,0.8523,0.5230,210.79,209.94,208.74,208.96
providence,980,0.8511,0.5250,210.88,210.03,208.79,209.05
providence,985,0.8508,0.5255,210.64,210.09,208.73,209.06
providence,990,0.8508,0.5256,210.20,210.05,208.55,209.09
providence,995,0.8508,0.5255,209.89,210.06,208.27,209.04
providence,1000,0.8508,0.5255,209.78,210.01,208.15,208.83
providence,1005,0.8508,0.5254,209.74,209.88,208.12,208.44
providence,1010,0.8508,0.5255,209.88,209.97,207.97,208.25
providence,1015,0.8508,0.5255,209.82,209.91,207.39,207.36
providence,1020,0.8507,0.5256,209.35,209.65,207.56,207.11
providence,1025,0.8507,0.5257,208.82,209.01,207.47,206.63
providence,1030,0.8507,0.5256,208.52,208.72,207.17,206.61
providence,1035,0.8506,0.5258,208.25,208.38,207.06,206.66
providence,1040,0.8496,0.5275,208.19,208.19,206.97,207.08
providence,1045,0.8461,0.5331,208.11,208.18,206.59,207.61
providence,1050,0.8414,0.5404,208.13,208.00,206.49,207.56
providence,1055,0.8417,0.5400,208.21,208.01,206.78,207.24
providence,1060,0.8486,0.5290,208.26,207.93,207.08,206.77
providence,1065,0.8554,0.5179,208.10,207.81,206.51,206.82
providence,1070,0.8588,0.5123,207.80,207.64,206.46,206.38
providence,1075,0.8633,0.5047,207.76,207.16,206.22,205.98
providence,1080,0.8701,0.4929,207.50,207.46,205.77,205.38
providence,1085,0.8747,0.4847,207.54,207.19,205.98,204.94
providence,1090,0.8772,0.4802,207.61,206.96,205.70,204.55
providence,1095,0.8822,0.4708,207.39,207.00,205.75,204.08
providence,1100,0.8899,0.4562,207.41,207.04,206.06,203.92
providence,1105,0.8968,0.4425,207.29,207.12,206.12,204.35
providence,1110,0.9049,0.4256,207.11,206.97,205.82,204.69
providence,1115,0.9133,0.4074,206.94,206.82,206.01,204.74
providence,1120,0.9202,0.3913,206.78,206.81,205.84,204.89
providence,1125,0.9294,0.3691,206.83,206.59,205.55,205.28
providence,1130,0.9391,0.3437,206.76,206.78,205.89,205.19
providence,1135,0.9454,0.3259,206.68,206.66,205.66,205.33
providence,1140,0.9478,0.3190,206.80,206.78,205.32,205.45
providence,1145,0.9483,0.3174,206.71,206.99,205.32,205.40
providence,1150,0.9484,0.3170,206.79,207.04,205.36,205.11
providence,1155,0.9484,0.3171,206.95,207.36,205.06,204.97
providence,1160,0.9483,0.3174,207.23,207.57,205.02,204.91
providence,1165,0.9482,0.3176,207.48,207.79,204.94,204.77
providence,1170,0.9482,0.3178,207.68,207.83,204.64,204.73
providence,1175,0.9479,0.3187,207.56,206.18,204.66,204.77
providence,1180,0.9473,0.3204,207.11,205.61,204.40,204.56
providence,1185,0.9465,0.3226,207.59,206.36,204.13,204.39
providence,1190,0.9449,0.3274,207.47,206.30,204.14,204.09
providence,1195,0.9414,0.3374,207.46,205.75,204.05,203.97
providence,1200,0.9381,0.3464,207.26,205.67,203.68,204.02
providence,1205,0.9370,0.3494,207.00,205.66,203.70,203.73
providence,1210,0.9375,0.3479,206.60,205.25,203.67,203.60
providence,1215,0.9405,0.3398,206.21,205.05,203.26,203.77
providence,1220,0.9452,0.3264,205.87,204.79,203.10,203.73
providence,1225,0.9483,0.3174,205.47,204.57,203.02,203.77
providence,1230,0.9491,0.3151,205.13,204.55,202.83,203.66
providence,1235,0.9491,0.3150,203.86,203.20,202.77,203.33
providence,1240,0.9491,0.3150,203.09,202.66,202.78,203.43
providence,1245,0.9491,0.3149,203.05,202.58,202.54,203.29
providence,1250,0.9492,0.3148,202.79,202.37,202.53,203.23
providence,1255,0.9492,0.3147,202.83,202.31,202.49,203.08
providence,1260,0.9492,0.3146,202.62,202.00,202.23,202.52
providence,1265,0.9494,0.3142,202.26,201.89,201.86,202.26
providence,1270,0.9494,0.3139,202.28,201.79,201.93,202.38
providence,1275,0.9484,0.3170,201.95,201.66,202.34,202.43
providence,1280,0.9456,0.3252,201.90,201.41,202.22,202.39
providence,1285,0.9429,0.3331,201.73,201.24,201.81,202.33
providence,1290,0.9418,0.3361,201.39,201.12,201.85,202.42
providence,1295,0.9418,0.3363,201.39,200.97,201.89,202.47
providence,1300,0.9422,0.3351,201.67,200.81,201.67,202.36
providence,1305,0.9433,0.3320,201.68,200.67,201.44,201.94
providence,1310,0.9444,0.3289,201.81,200.61,201.42,201.53
providence,1315,0.9449,0.3272,201.61,200.58,201.21,201.40
providence,1320,0.9455,0.3257,200.76,200.36,200.79,201.33
providence,1325,0.9460,0.3243,199.70,200.16,200.58,201.06
providence,1330,0.9463,0.3234,199.12,199.88,200.55,201.14
providence,1335,0.9464,0.3229,198.92,199.54,200.57,201.08
providence,1340,0.9462,0.3235,199.35,199.77,200.62,201.05
providence,1345,0.9456,0.3252,199.55,199.84,200.51,200.92
providence,1350,0.9453,0.3263,199.27,199.76,199.98,200.77
providence,1355,0.9451,0.3267,199.01,199.56,199.87,200.40
providence,1360,0.9450,0.3272,198.90,199.12,199.43,200.02
providence,1365,0.9447,0.3279,198.18,198.98,199.09,199.66
providence,1370,0.9446,0.3282,198.07,198.93,198.85,199.39
providence,1375,0.9450,0.3272,198.05,198.74,198.63,199.10
providence,1380,0.9457,0.3252,197.78,198.27,198.51,199.13
providence,1385,0.9461,0.3240,197.73,198.28,198.51,199.16
providence,1390,0.9462,0.3236,197.64,198.09,198.48,199.30
providence,1395,0.9463,0.3234,197.53,197.86,198.20,199.21
providence,1400,0.9463,0.3234,197.14,198.07,197.98,198.67
providence,1405,0.9462,0.3236,196.79,197.30,197.70,197.93
providence,1410,0.9462,0.3236,196.45,197.07,197.39,197.22
providence,1415,0.9462,0.3236,196.08,197.34,197.34,196.86
providence,1420,0.9461,0.3238,195.56,197.14,197.03,196.70
providence,1425,0.9459,0.3245,195.37,197.30,196.71,196.23
providence,1430,0.9457,0.3251,195.19,197.02,196.63,195.98
providence,1435,0.9456,0.3254,195.10,197.19,196.42,195.76
providence,1440,0.9456,0.3254,194.95,196.61,196.12,195.80
providence,1445,0.9456,0.3254,194.94,196.24,195.93,195.68
providence,1450,0.9456,0.3254,195.01,196.33,195.75,195.49
providence,1455,0.9456,0.3254,195.13,195.92,195.22,195.23
providence,1460,0.9456,0.3253,194.97,195.38,194.92,194.53
providence,1465,0.9457,0.3249,194.92,195.14,194.68,194.21
providence,1470,0.9462,0.3237,194.75,194.92,194.17,194.04
providence,1475,0.9466,0.3225,194.50,194.36,194.00,193.63
providence,1480,0.9467,0.3222,194.11,194.26,194.03,193.34
providence,1485,0.9464,0.3229,193.77,194.08,193.66,192.99
providence,1490,0.9461,0.3238,193.41,193.52,193.25,192.42
providence,1495,0.9459,0.3244,193.07,193.32,193.04,192.02
providence,1500,0.9458,0.3247,193.08,192.99,192.67,191.88
providence,1505,0.9458,0.3247,192.20,192.44,192.39,191.69
providence,1510,0.9460,0.3243,191.73,192.31,192.23,191.42
providence,1515,0.9464,0.3231,191.55,192.11,192.04,190.96
providence,1520,0.9466,0.3224,190.85,191.56,191.44,190.98
providence,1525,0.9463,0.3234,190.20,191.27,191.50,190.88
providence,1530,0.9458,0.3247,190.13,190.85,191.27,190.64
providence,1535,0.9457,0.3251,189.77,191.00,190.82,190.17
providence,1540,0.9458,0.3247,189.54,190.23,190.40,189.73
providence,1545,0.9461,0.3238,189.26,190.08,190.07,189.41
providence,1550,0.9463,0.3232,189.22,189.91,189.70,189.24
providence,1555,0.9464,0.3231,189.42,191.03,189.62,189.21
providence,1560,0.9463,0.3232,189.37,191.15,189.84,189.18
providence,1565,0.9462,0.3236,189.37,190.87,190.09,189.12
providence,1570,0.9486,0.3164,188.35,189.11,189.09,188.58
providence,1575,0.9651,0.2618,188.30,189.11,188.49,187.89
providence,1580,0.9870,0.1605,188.34,188.97,189.58,188.71
providence,1585,0.9872,0.1593,188.27,188.92,190.23,189.61
providence,1590,0.9676,0.2526,188.33,188.53,190.33,189.68
providence,1595,0.9514,0.3078,188.55,188.47,190.38,189.75
providence,1600,0.9468,0.3220,188.78,188.89,190.55,190.25
providence,1605,0.9459,0.3244,188.94,189.31,190.51,186.93
providence,1610,0.9460,0.3243,186.21,186.06,186.52,185.95
providence,1615,0.9447,0.3279,186.90,187.61,186.73,188.44
providence,1620,0.9417,0.3365,190.66,189.67,188.98,188.83
providence,1625,0.9404,0.3401,191.46,191.26,189.72,190.71
providence,1630,0.9426,0.3340,192.69,191.95,193.04,193.08
providence,1635,0.9457,0.3251,193.31,192.54,193.20,193.46
providence,1640,0.9471,0.3209,193.33,193.73,193.82,193.59
providence,1645,0.9468,0.3218,193.43,194.03,194.89,194.81
providence,1650,0.9459,0.3244,193.54,194.20,195.70,195.87
providence,1655,0.9470,0.3213,194.47,194.41,196.23,196.68
providence,1660,0.9516,0.3073,195.06,194.70,197.75,197.60
providence,1665,0.9560,0.2933,196.67,194.98,198.59,199.13
providence,1670,0.9551,0.2964,196.97,195.54,198.90,200.71
providence,1675,0.9500,0.3123,197.49,195.76,198.66,201.07
providence,1680,0.9462,0.3236,197.52,195.65,198.58,201.09
providence,1685,0.9452,0.3266,197.98,195.20,199.04,200.87
providence,1690,0.9450,0.3270,198.73,196.03,199.11,200.37
providence,1695,0.9447,0.3279,199.08,197.53,198.71,199.98
providence,1700,0.9440,0.3300,199.73,197.78,198.24,199.91
providence,1705,0.9432,0.3323,200.21,198.95,200.20,201.24
providence,1710,0.9428,0.3333,199.97,199.20,201.14,201.54
providence,1715,0.9427,0.3335,201.69,200.66,201.30,201.80
providence,1720,0.9427,0.3335,203.77,201.42,201.36,202.30
providence,1725,0.9427,0.3335,203.61,201.67,201.46,202.65
providence,1730,0.9428,0.3335,203.90,201.73,201.56,202.66
providence,1735,0.9428,0.3335,204.52,202.56,201.70,203.07
providence,1740,0.9428,0.3335,205.50,204.48,202.07,203.21
providence,1745,0.9428,0.3334,205.21,204.06,202.24,203.38
providence,1750,0.9431,0.3325,205.58,203.38,202.38,203.57
providence,1755,0.9440,0.3299,205.66,202.60,202.97,204.45
providence,1760,0.9452,0.3265,206.04,202.41,203.26,204.75
providence,1765,0.9458,0.3247,206.32,202.33,203.71,204.93
providence,1770,0.9460,0.3243,206.67,202.30,204.63,205.51
providence,1775,0.9460,0.3243,207.47,202.50,205.08,205.88
providence,1780,0.9460,0.3243,207.80,202.46,205.31,205.89
providence,1785,0.9460,0.3243,208.12,202.07,205.40,206.53
providence,1790,0.9460,0.3243,208.41,201.86,205.50,207.08
providence,1795,0.9460,0.3243,208.73,202.03,205.60,207.54
providence,1800,0.9459,0.3243,208.87,202.37,206.40,208.09
providence,1805,0.9459,0.3246,209.10,202.68,206.52,208.31
providence,1810,0.9454,0.3260,209.51,203.10,206.36,208.63
providence,1815,0.9444,0.3288,209.52,203.71,205.67,208.51
providence,1820,0.9451,0.3269,209.66,204.74,205.21,208.79
providence,1825,0.9498,0.3129,209.53,206.53,204.16,209.11
providence,1830,0.9544,0.2985,210.08,207.62,204.48,209.29
providence,1835,0.9544,0.2986,211.02,208.57,205.06,209.39
providence,1840,0.9523,0.3051,211.05,209.35,205.18,209.41
providence,1845,0.9507,0.3102,211.25,209.19,205.98,209.75
providence,1850,0.9488,0.3159,211.06,208.76,206.94,209.95
providence,1855,0.9470,0.3211,210.46,208.85,207.03,210.20
providence,1860,0.9441,0.3297,210.18,209.79,206.82,210.19
providence,1865,0.9371,0.3489,210.48,210.89,207.64,210.09
providence,1870,0.9292,0.3697,211.40,211.19,208.71,209.94
providence,1875,0.9246,0.3810,211.65,211.30,209.24,209.94
providence,1880,0.9216,0.3881,211.95,211.87,210.23,209.70
providence,1885,0.9173,0.3983,212.17,211.84,209.62,209.95
providence,1890,0.9095,0.4156,212.35,211.65,210.71,209.76
providence,1895,0.8998,0.4362,212.27,212.04,211.81,210.64
providence,1900,0.8884,0.4591,212.07,211.96,211.62,210.87
providence,1905,0.8733,0.4871,212.08,211.81,211.30,211.09
providence,1910,0.8556,0.5176,211.86,211.89,211.31,211.36
providence,1915,0.8380,0.5457,211.38,211.62,211.54,211.59
providence,1920,0.8170,0.5766,210.70,211.21,211.48,211.76
providence,1925,0.7876,0.6162,210.35,210.90,211.46,211.87
providence,1930,0.7588,0.6513,209.81,210.69,211.43,212.01
providence,1935,0.7438,0.6684,208.94,210.13,211.32,212.01
providence,1940,0.7400,0.6726,208.97,210.18,211.29,211.95
providence,1945,0.7325,0.6808,209.03,210.30,211.50,211.83
providence,1950,0.7125,0.7017,209.34,210.47,211.52,211.93
providence,1955,0.6822,0.7311,209.65,210.59,211.59,212.11
providence,1960,0.6549,0.7557,209.95,210.75,211.55,212.08
providence,1965,0.6409,0.7676,210.30,210.99,211.62,212.17
providence,1970,0.6353,0.7723,210.91,211.43,211.64,212.45
providence,1975,0.6330,0.7742,211.46,212.02,211.76,212.59
providence,1980,0.6319,0.7751,211.95,212.03,211.79,212.61
providence,1985,0.6313,0.7755,212.13,212.28,211.84,212.58
providence,1990,0.6312,0.7757,212.48,212.49,211.84,212.54
providence,1995,0.6311,0.7757,212.70,212.50,211.87,212.43
providence,2000,0.6311,0.7757,212.91,212.87,212.12,212.39
providence,2005,0.6311,0.7757,213.00,212.94,212.13,212.50
providence,2010,0.6311,0.7757,213.09,212.89,212.07,212.49
providence,2015,0.6311,0.7757,213.28,213.09,211.98,212.38
providence,2020,0.6311,0.7757,213.44,213.17,212.02,212.45
providence,2025,0.6311,0.7757,213.74,213.38,212.10,212.48
providence,2030,0.6311,0.7757,213.83,213.45,212.22,212.55
providence,2035,0.6314,0.7754,213.82,213.48,212.32,212.56
providence,2040,0.6332,0.7740,213.81,213.65,212.19,212.44
providence,2045,0.6371,0.7708,213.85,213.79,212.40,212.73
providence,2050,0.6405,0.7680,213.85,213.84,212.34,212.53
providence,2055,0.6411,0.7674,213.90,213.93,212.57,212.60
providence,2060,0.6394,0.7689,213.80,213.87,212.63,212.78
providence,2065,0.6365,0.7713,213.63,213.90,212.63,212.94
providence,2070,0.6348,0.7727,213.30,213.97,212.80,213.08
providence,2075,0.6343,0.7731,213.04,213.81,213.00,213.18
providence,2080,0.6343,0.7731,212.78,213.68,213.31,213.24
providence,2085,0.6343,0.7731,212.46,213.43,213.47,213.32
providence,2090,0.6342,0.7731,212.43,213.35,213.62,213.41
providence,2095,0.6342,0.7732,212.39,213.40,213.81,213.43
providence,2100,0.6342,0.7732,212.56,213.64,213.84,213.53
providence,2105,0.6341,0.7733,212.62,213.67,213.98,213.54
providence,2110,0.6340,0.7733,212.75,213.88,213.92,213.57
providence,2115,0.6340,0.7733,212.47,213.55,214.09,213.81
providence,2120,0.6341,0.7733,212.17,213.20,214.05,213.81
providence,2125,0.6341,0.7732,212.63,213.39,214.15,213.97
providence,2130,0.6341,0.7732,212.88,213.26,214.20,214.12
providence,2135,0.6334,0.7738,213.92,213.50,214.32,214.09
providence,2140,0.6302,0.7764,214.22,213.90,214.38,213.98
providence,2145,0.6242,0.7812,214.82,214.84,214.54,213.77
providence,2150,0.6197,0.7848,215.43,215.67,214.73,214.08
providence,2155,0.6183,0.7859,215.44,215.63,214.96,214.37
providence,2160,0.6182,0.7860,215.55,215.92,214.98,214.49
providence,2165,0.6182,0.7861,215.16,215.76,214.94,214.63
providence,2170,0.6182,0.7861,214.60,215.36,215.23,214.81
providence,2175,0.6182,0.7861,214.23,215.39,215.19,214.85
providence,2180,0.6182,0.7861,213.72,215.00,215.40,214.90
providence,2185,0.6181,0.7861,213.61,214.91,215.39,214.92
providence,2190,0.6176,0.7865,213.08,214.21,215.34,214.97
providence,2195,0.6163,0.7875,212.67,213.70,215.40,215.06
providence,2200,0.6151,0.7884,212.70,213.77,215.34,215.12
providence,2205,0.6147,0.7888,212.63,213.62,215.35,215.13
providence,2210,0.6146,0.7889,212.45,213.49,215.50,215.18
providence,2215,0.6146,0.7888,212.36,213.26,215.31,215.26
providence,2220,0.6147,0.7888,212.03,213.00,215.22,215.19
providence,2225,0.6153,0.7883,211.81,212.92,215.05,215.13
providence,2230,0.6162,0.7876,211.85,212.72,215.09,215.16
providence,2235,0.6169,0.7870,211.82,212.69,215.04,215.16
providence,2240,0.6171,0.7869,211.70,212.59,214.95,215.38
providence,2245,0.6172,0.7868,211.64,212.50,214.94,215.32
providence,2250,0.6172,0.7868,211.45,212.36,214.79,215.31
providence,2255,0.6172,0.7868,211.36,212.32,214.72,215.20
providence,2260,0.6172,0.7868,211.34,212.35,214.91,215.34
providence,2265,0.6172,0.7868,211.67,212.51,214.99,215.33
providence,2270,0.6171,0.7869,211.89,212.64,214.84,215.45
providence,2275,0.6171,0.7869,212.00,212.80,214.78,215.79
providence,2280,0.6171,0.7868,212.11,212.83,214.86,215.73
providence,2285,0.6172,0.7868,212.62,213.10,214.95,215.62
providence,2290,0.6173,0.7867,212.90,213.37,215.01,215.71
providence,2295,0.6177,0.7864,213.33,213.78,215.17,215.80
providence,2300,0.6185,0.7858,213.51,214.11,215.39,216.08
providence,2305,0.6192,0.7853,213.56,214.51,215.72,216.31
providence,2310,0.6194,0.7851,213.74,214.74,215.86,216.38
providence,2315,0.6194,0.7851,213.99,214.83,215.92,216.49
providence,2320,0.6191,0.7853,213.79,214.76,216.03,216.62
providence,2325,0.6184,0.7858,214.34,214.64,216.05,216.60
providence,2330,0.6176,0.7865,214.22,214.84,216.07,216.45
providence,2335,0.6173,0.7868,214.56,214.56,215.83,216.32
providence,2340,0.6172,0.7868,214.39,214.41,216.09,216.92
providence,2345,0.6172,0.7868,214.26,214.35,216.24,217.03
providence,2350,0.6172,0.7868,214.06,214.39,216.32,217.01
providence,2355,0.6172,0.7868,214.01,214.54,216.35,216.96
providence,2360,0.6173,0.7868,214.27,214.75,216.26,217.08
providence,2365,0.6173,0.7868,214.58,215.00,216.11,217.02
providence,2370,0.6173,0.7867,214.95,215.24,216.01,216.90
providence,2375,0.6178,0.7863,215.29,215.49,216.00,217.03
providence,2380,0.6198,0.7848,215.69,215.77,215.99,216.70
providence,2385,0.6225,0.7826,215.88,216.07,216.47,217.58
providence,2390,0.6242,0.7813,215.65,216.39,216.84,217.29
providence,2395,0.6246,0.7810,215.86,216.85,216.80,217.21
providence,2400,0.6246,0.7810,216.14,217.24,216.68,217.18
providence,2405,0.6246,0.7810,217.36,217.63,216.73,217.41
providence,2410,0.6246,0.7810,218.63,218.09,217.08,218.05
providence,2415,0.6246,0.7810,219.62,218.63,217.49,219.95
providence,2420,0.6246,0.7810,219.63,219.12,218.02,221.24
providence,2425,0.6246,0.7810,219.62,219.24,218.45,220.76
providence,2430,0.6246,0.7810,219.57,219.75,219.07,219.92
providence,2435,0.6246,0.7810,219.64,219.92,219.59,220.04
providence,2440,0.6246,0.7810,219.66,220.15,220.14,220.48
providence,2445,0.6246,0.7810,219.60,219.83,220.49,220.78
providence,2450,0.6246,0.7810,219.63,219.64,220.87,220.90
providence,2455,0.6246,0.7810,219.67,219.82,221.24,220.93
providence,2460,0.6247,0.7809,220.63,220.22,221.66,221.03
providence,2465,0.6258,0.7800,221.39,220.94,221.82,221.24
providence,2470,0.6324,0.7747,221.63,221.14,221.64,221.43
providence,2475,0.6494,0.7605,221.40,220.94,221.13,221.40
providence,2480,0.6709,0.7416,221.32,220.93,221.14,221.48
providence,2485,0.6873,0.7264,221.19,220.78,221.08,221.31
providence,2490,0.6948,0.7192,222.15,222.65,220.90,221.19
providence,2495,0.6964,0.7176,221.78,222.45,220.60,220.67
providence,2500,0.6966,0.7175,221.99,222.25,220.59,220.64
providence,2505,0.6966,0.7175,221.93,222.02,220.56,220.60
providence,2510,0.6966,0.7174,221.83,221.85,220.35,220.42
providence,2515,0.6966,0.7174,221.71,221.75,220.08,220.09
providence,2520,0.6967,0.7173,221.60,221.16,219.56,219.91
providence,2525,0.6973,0.7168,220.96,219.96,219.15,219.66
providence,2530,0.6982,0.7159,220.81,219.68,218.89,219.42
providence,2535,0.6988,0.7153,218.67,218.73,218.55,218.90
providence,2540,0.6990,0.7151,216.60,216.60,217.97,217.70
providence,2545,0.6990,0.7151,216.19,216.51,217.51,217.29
providence,2550,0.6990,0.7151,215.90,216.52,217.52,217.57
providence,2555,0.6990,0.7151,215.65,216.14,217.35,217.87
providence,2560,0.6991,0.7150,215.34,215.81,217.15,217.89
providence,2565,0.6998,0.7143,214.80,215.44,217.49,217.78
providence,2570,0.7019,0.7123,214.28,215.17,216.26,216.32
providence,2575,0.7044,0.7098,214.12,214.87,215.33,215.31
providence,2580,0.7062,0.7080,213.91,214.49,215.01,215.21
providence,2585,0.7085,0.7057,213.48,214.21,214.94,215.04
providence,2590,0.7112,0.7030,213.02,212.25,214.87,215.10
providence,2595,0.7127,0.7015,211.20,211.48,214.80,215.21
providence,2600,0.7130,0.7012,210.78,211.21,214.51,215.12
providence,2605,0.7130,0.7012,210.52,211.13,214.37,215.05
providence,2610,0.7130,0.7012,210.47,211.19,214.20,214.95
providence,2615,0.7130,0.7012,211.07,211.99,214.19,214.95
providence,2620,0.7130,0.7012,212.07,212.52,213.95,215.02
providence,2625,0.7130,0.7012,212.45,212.51,214.05,214.92
providence,2630,0.7130,0.7012,213.34,212.47,214.07,214.88
providence,2635,0.7129,0.7013,213.93,212.86,214.11,214.93
providence,2640,0.7127,0.7015,213.53,213.41,214.21,214.98
providence,2645,0.7125,0.7017,213.75,213.48,214.28,215.09
providence,2650,0.7124,0.7018,214.10,213.74,214.25,215.16
providence,2655,0.7124,0.7018,214.17,213.84,214.24,215.06
providence,2660,0.7125,0.7017,213.85,213.59,214.30,215.11
providence,2665,0.7126,0.7016,213.34,212.94,214.19,214.63
providence,2670,0.7131,0.7010,212.85,213.06,213.84,214.37
providence,2675,0.7142,0.6999,212.70,212.71,213.80,214.73
providence,2680,0.7151,0.6990,212.48,212.46,213.75,215.14
providence,2685,0.7154,0.6988,212.39,212.59,213.74,215.22
providence,2690,0.7157,0.6984,212.27,212.52,213.77,215.17
providence,2695,0.7180,0.6960,212.23,212.65,213.79,215.21
providence,2700,0.7265,0.6872,212.22,212.77,213.96,214.40
providence,2705,0.7475,0.6642,212.01,212.58,214.03,214.18
providence,2710,0.7832,0.6218,211.75,212.50,214.04,214.09
providence,2715,0.8166,0.5773,211.58,212.24,214.16,214.17
providence,2720,0.8404,0.5419,211.55,212.31,214.38,214.22
providence,2725,0.8620,0.5070,211.54,212.70,214.46,214.13
providence,2730,0.8826,0.4701,211.82,213.29,214.34,214.01
providence,2735,0.8990,0.4380,212.42,213.99,214.18,213.82
providence,2740,0.9061,0.4231,213.54,214.30,214.06,213.65
providence,2745,0.9062,0.4229,213.70,214.53,213.94,213.71
providence,2750,0.9054,0.4245,214.04,214.61,213.85,213.51
providence,2755,0.9053,0.4248,214.11,214.30,213.69,213.31
providence,2760,0.9052,0.4249,213.51,213.89,213.60,213.33
providence,2765,0.9052,0.4250,212.93,213.55,213.51,213.23
providence,2770,0.9049,0.4256,212.13,213.29,213.30,213.30
providence,2775,0.9042,0.4272,212.13,213.04,213.10,213.00
providence,2780,0.9034,0.4287,211.81,212.91,213.01,212.95
providence,2785,0.9031,0.4294,211.39,212.69,212.83,212.70
providence,2790,0.9030,0.4296,211.20,212.37,212.67,212.37
providence,2795,0.9029,0.4298,210.73,211.85,212.39,212.07
providence,2800,0.9028,0.4301,210.51,211.81,212.32,212.07
providence,2805,0.9027,0.4302,210.78,211.97,212.24,212.12
providence,2810,0.9027,0.4303,211.16,212.05,212.08,212.02
providence,2815,0.9027,0.4303,211.39,212.03,211.81,211.51
providence,2820,0.9027,0.4303,211.79,211.84,211.73,211.40
providence,2825,0.9027,0.4303,211.67,211.72,211.64,211.38
providence,2830,0.9027,0.4303,211.27,211.41,211.49,211.26
providence,2835,0.9027,0.4303,211.19,211.14,211.46,211.20
providence,2840,0.9027,0.4303,211.04,211.12,211.28,211.00
providence,2845,0.9027,0.4303,210.62,211.09,211.05,210.70
providence,2850,0.9027,0.4303,210.37,211.10,210.87,210.54
providence,2855,0.9027,0.4303,210.38,211.06,210.77,210.52
providence,2860,0.9027,0.4303,210.24,210.83,210.73,210.32
providence,2865,0.9027,0.4303,210.03,210.67,210.52,210.01
providence,2870,0.9027,0.4303,209.95,210.57,210.27,209.59
providence,2875,0.9027,0.4303,209.81,210.31,209.96,209.08
providence,2880,0.9027,0.4303,209.53,210.03,209.66,209.13
providence,2885,0.9027,0.4303,209.60,210.04,209.46,208.84
providence,2890,0.9027,0.4303,209.51,209.88,209.26,208.47
providence,2895,0.9027,0.4303,209.43,209.74,209.23,208.42
providence,2900,0.9027,0.4303,209.51,209.65,208.94,208.28
providence,2905,0.9027,0.4303,209.13,209.61,208.86,208.15
providence,2910,0.9025,0.4306,208.90,209.18,208.68,208.07
providence,2915,0.9018,0.4322,208.86,209.23,208.57,208.10
providence,2920,0.9003,0.4352,208.68,208.95,208.52,207.96
providence,2925,0.8992,0.4375,208.46,208.85,208.23,207.85
providence,2930,0.8989,0.4382,208.35,208.73,208.06,207.90
providence,2935,0.8988,0.4383,208.30,208.43,207.91,207.74
providence,2940,0.8988,0.4383,208.19,208.04,207.74,207.50
providence,2945,0.8988,0.4383,208.04,207.78,207.63,207.48
providence,2950,0.8988,0.4383,207.83,207.72,207.41,207.30
providence,2955,0.8988,0.4383,207.61,207.36,207.37,207.26
providence,2960,0.8988,0.4383,207.43,207.04,207.59,207.51
providence,2965,0.8988,0.4383,207.16,207.01,207.52,207.49
providence,2970,0.8988,0.4383,206.89,206.80,207.39,207.46
providence,2975,0.8988,0.4383,206.65,206.45,207.42,207.52
providence,2980,0.8988,0.4383,206.65,206.24,207.50,207.40
providence,2985,0.8988,0.4384,206.66,206.51,207.49,207.47
providence,2990,0.8988,0.4384,206.63,206.52,207.55,207.56
providence,2995,0.8988,0.4383,206.60,206.29,207.59,207.61
providence,3000,0.8989,0.4382,206.55,205.84,207.54,207.71
providence,3005,0.8989,0.4382,206.25,205.54,207.74,207.95
providence,3010,0.8989,0.4382,206.30,205.59,207.70,208.03
providence,3015,0.8989,0.4382,206.40,205.48,208.06,208.49
providence,3020,0.8989,0.4382,205.96,205.56,208.13,208.48
providence,3025,0.8991,0.4377,205.83,205.79,208.15,208.35
providence,3030,0.8999,0.4360,205.64,205.81,207.60,206.87
providence,3035,0.9012,0.4334,205.64,205.78,207.36,206.53
providence,3040,0.9019,0.4320,205.87,205.86,208.05,207.40
providence,3045,0.9019,0.4319,206.04,205.94,208.14,207.58
providence,3050,0.9019,0.4319,205.79,205.14,208.03,207.39
providence,3055,0.9019,0.4319,205.38,204.59,207.67,206.96
providence,3060,0.9019,0.4319,205.50,204.63,207.54,206.80
providence,3065,0.9019,0.4319,205.05,205.08,207.31,206.37
providence,3070,0.9019,0.4319,204.65,205.08,207.06,206.03
providence,3075,0.9019,0.4319,204.20,204.64,206.81,205.87
providence,3080,0.9019,0.4319,203.71,205.07,206.57,205.89
providence,3085,0.9019,0.4319,203.48,205.64,206.55,205.82
providence,3090,0.9019,0.4319,203.66,205.35,206.55,205.87
providence,3095,0.9019,0.4319,204.15,205.50,206.43,205.81
providence,3100,0.9019,0.4320,204.49,205.62,206.67,205.75
providence,3105,0.9013,0.4331,204.55,205.50,206.87,205.87
providence,3110,0.8990,0.4380,205.00,205.32,206.60,205.92
providence,3115,0.8947,0.4467,205.18,205.49,206.42,205.84
providence,3120,0.8915,0.4531,205.18,205.37,206.25,205.74
providence,3125,0.8905,0.4549,204.96,205.25,206.17,205.80
providence,3130,0.8904,0.4551,204.81,204.05,206.07,205.85
providence,3135,0.8904,0.4551,204.66,203.42,205.83,205.92
providence,3140,0.8907,0.4545,204.52,203.07,205.48,206.07
providence,3145,0.8920,0.4520,204.38,202.69,205.18,206.04
providence,3150,0.8943,0.4476,204.13,202.24,204.90,205.91
providence,3155,0.8958,0.4444,203.89,201.93,205.05,205.62
providence,3160,0.8963,0.4435,203.79,201.73,205.42,205.54
providence,3165,0.8963,0.4434,203.32,200.74,204.81,205.08
providence,3170,0.8963,0.4434,202.62,199.73,204.14,204.57
providence,3175,0.8964,0.4433,201.84,198.98,203.99,204.53
providence,3180,0.8971,0.4419,201.50,198.52,203.79,204.43
providence,3185,0.9003,0.4352,200.86,199.08,203.88,204.35
providence,3190,0.9067,0.4218,199.76,199.24,201.79,203.51
providence,3195,0.9116,0.4110,198.30,199.11,200.44,202.35
providence,3200,0.9131,0.4076,197.78,198.56,198.56,200.39
providence,3205,0.9126,0.4088,197.60,198.03,196.87,199.28
providence,3210,0.9095,0.4156,197.52,197.56,196.02,196.39
providence,3215,0.9040,0.4275,197.30,197.26,195.80,195.63
providence,3220,0.9001,0.4356,197.14,197.45,195.48,195.70
providence,3225,0.8990,0.4379,197.28,197.25,195.38,195.84
providence,3230,0.8989,0.4382,196.87,195.46,193.79,195.88
providence,3235,0.8988,0.4383,198.48,195.18,196.72,195.64
providence,3240,0.8988,0.4383,199.34,193.72,197.01,194.70
providence,3245,0.8988,0.4383,198.94,194.56,197.22,194.19
providence,3250,0.8988,0.4383,197.57,195.07,197.89,195.29
providence,3255,0.8988,0.4383,196.14,195.17,198.84,196.62
providence,3260,0.8988,0.4383,195.47,195.51,199.43,198.10
providence,3265,0.8989,0.4381,195.31,196.75,199.71,198.50
providence,3270,0.8991,0.4378,194.13,196.95,199.80,199.32
providence,3275,0.8991,0.4376,194.94,197.23,199.96,199.53
providence,3280,0.8991,0.4377,196.01,197.56,200.08,199.74
providence,3285,0.8986,0.4389,196.46,197.74,200.24,199.89
providence,3290,0.8946,0.4468,196.78,197.60,200.29,200.37
providence,3295,0.8832,0.4690,197.02,197.67,200.56,200.98
providence,3300,0.8663,0.4995,197.35,197.77,200.70,201.60
providence,3305,0.8473,0.5311,197.62,198.22,200.95,202.27
providence,3310,0.8289,0.5594,196.72,198.64,201.45,203.24
providence,3315,0.8121,0.5836,196.70,198.85,201.65,203.53
providence,3320,0.7917,0.6110,196.45,199.15,201.72,203.96
providence,3325,0.7705,0.6375,199.04,199.52,201.88,204.58
providence,3330,0.7499,0.6616,199.48,199.94,201.98,204.28
providence,3335,0.7357,0.6774,199.48,200.84,202.46,203.77
providence,3340,0.7385,0.6742,199.92,201.17,202.60,203.85
providence,3345,0.7503,0.6611,200.96,201.30,203.06,204.22
providence,3350,0.7561,0.6544,202.02,201.42,203.31,204.11
providence,3355,0.7569,0.6535,202.63,201.44,204.14,204.67
providence,3360,0.7569,0.6535,203.38,201.39,204.35,205.11
providence,3365,0.7579,0.6523,204.49,200.73,204.54,205.26
providence,3370,0.7594,0.6506,205.33,201.53,204.89,205.36
providence,3375,0.7601,0.6498,206.25,202.20,205.66,205.83
providence,3380,0.7602,0.6497,206.83,202.93,206.01,206.24
providence,3385,0.7602,0.6497,207.35,203.80,206.21,206.14
providence,3390,0.7602,0.6497,207.52,204.45,206.63,206.44
providence,3395,0.7602,0.6497,207.56,204.80,207.10,207.02
providence,3400,0.7602,0.6497,207.65,205.25,207.57,207.44
providence,3405,0.7602,0.6497,207.76,205.96,208.07,207.65
providence,3410,0.7602,0.6497,207.86,206.88,208.31,208.01
providence,3415,0.7602,0.6497,207.93,207.26,208.78,208.55
providence,3420,0.7603,0.6496,208.20,207.51,209.02,209.91
providence,3425,0.7610,0.6487,208.65,208.12,209.41,210.36
providence,3430,0.7634,0.6459,208.52,208.46,210.07,210.26
providence,3435,0.7662,0.6426,208.85,208.58,210.32,210.37
providence,3440,0.7676,0.6410,209.03,209.00,210.51,210.34
providence,3445,0.7678,0.6407,209.19,209.36,210.67,210.32
providence,3450,0.7678,0.6406,209.23,209.33,210.85,210.61
providence,3455,0.7678,0.6406,209.17,209.40,211.02,210.89
providence,3460,0.7678,0.6406,209.00,209.30,211.11,211.13
providence,3465,0.7678,0.6406,208.71,209.19,211.06,211.09
providence,3470,0.7678,0.6407,208.32,208.93,210.98,211.52
providence,3475,0.7678,0.6407,207.91,209.02,210.95,212.02
providence,3480,0.7679,0.6406,207.41,208.49,211.02,212.07
providence,3485,0.7691,0.6391,207.06,210.03,211.12,211.98
providence,3490,0.7750,0.6319,207.03,210.30,211.35,211.91
providence,3495,0.7854,0.6190,207.07,210.51,211.35,212.41
providence,3500,0.7912,0.6116,207.21,210.52,211.68,212.42
i485,0,0.6904,0.7234,172.30,174.49,181.14,178.70
i485,5,0.6904,0.7234,174.39,174.88,181.24,178.76
i485,10,0.6904,0.7234,176.11,175.27,181.30,178.35
i485,15,0.6904,0.7234,176.40,175.67,181.37,178.26
i485,20,0.6903,0.7235,177.09,176.09,181.44,178.13
i485,25,0.6896,0.7242,177.81,176.53,181.51,178.09
i485,30,0.6874,0.7263,177.43,176.97,181.58,178.11
i485,35,0.6844,0.7291,177.59,177.42,181.66,178.03
i485,40,0.6829,0.7305,178.03,177.88,181.72,177.94
i485,45,0.6824,0.7310,178.45,178.36,181.81,177.89
i485,50,0.6804,0.7328,178.76,178.86,181.90,177.81
i485,55,0.6732,0.7394,178.92,179.37,181.97,177.98
i485,60,0.6622,0.7493,178.77,179.89,182.04,178.48
i485,65,0.6554,0.7553,178.48,180.40,182.12,179.24
i485,70,0.6537,0.7567,178.19,180.90,182.19,180.13
i485,75,0.6535,0.7569,177.74,181.39,182.26,181.15
i485,80,0.6535,0.7569,177.27,181.88,182.32,181.55
i485,85,0.6535,0.7569,177.48,182.42,182.36,181.65
i485,90,0.6531,0.7573,177.82,182.91,182.42,181.59
i485,95,0.6492,0.7606,178.46,183.41,182.48,181.41
i485,100,0.6347,0.7728,179.82,183.94,182.54,181.27
i485,105,0.6125,0.7905,183.41,184.49,182.60,181.73
i485,110,0.5989,0.8008,185.36,185.00,182.65,181.83
i485,115,0.5956,0.8033,186.35,185.50,182.71,181.78
i485,120,0.5953,0.8035,187.08,186.00,182.77,181.44
i485,125,0.5953,0.8035,187.08,186.49,182.82,181.53
i485,130,0.5953,0.8035,186.92,186.97,182.88,182.22
i485,135,0.5951,0.8036,186.97,187.48,182.95,183.31
i485,140,0.5936,0.8048,187.00,187.98,183.01,183.98
i485,145,0.5880,0.8089,187.10,188.47,183.08,184.23
i485,150,0.5799,0.8147,187.23,189.01,183.14,184.47
i485,155,0.5751,0.8181,187.29,189.52,183.21,184.76
i485,160,0.5740,0.8188,187.93,189.84,183.27,185.01
i485,165,0.5739,0.8189,189.08,190.07,183.34,185.12
i485,170,0.5735,0.8192,189.38,190.26,183.41,185.18
i485,175,0.5706,0.8212,189.97,190.42,183.48,185.12
i485,180,0.5633,0.8263,191.83,190.60,183.55,185.19
i485,185,0.5557,0.8314,192.41,190.87,183.60,185.28
i485,190,0.5517,0.8340,192.94,191.11,183.66,185.33
i485,195,0.5468,0.8373,192.92,191.38,183.71,185.52
i485,200,0.5378,0.8431,192.99,191.63,183.76,185.64
i485,205,0.5306,0.8476,193.25,191.89,183.81,185.91
i485,210,0.5281,0.8492,193.49,192.04,183.85,186.17
i485,215,0.5265,0.8502,193.81,192.20,183.90,186.34
i485,220,0.5204,0.8539,193.99,192.34,183.94,186.31
i485,225,0.5088,0.8609,193.80,192.46,183.98,186.26
i485,230,0.4998,0.8661,193.57,192.53,184.01,186.38
i485,235,0.4968,0.8679,193.45,192.51,184.03,186.39
i485,240,0.4945,0.8692,193.41,192.67,184.06,186.46
i485,245,0.4877,0.8730,193.26,192.72,184.08,186.45
i485,250,0.4781,0.8783,193.15,192.69,184.10,186.72
i485,255,0.4725,0.8813,192.86,192.62,184.11,187.16
i485,260,0.4704,0.8825,192.52,192.57,184.14,187.47
i485,265,0.4649,0.8854,192.65,192.43,184.15,187.77
i485,270,0.4523,0.8918,192.24,192.33,184.16,188.12
i485,275,0.4405,0.8978,192.34,192.18,184.16,188.59
i485,280,0.4365,0.8997,192.11,191.89,184.15,188.99
i485,285,0.4393,0.8983,192.26,191.73,184.15,189.00
i485,290,0.4470,0.8945,192.37,191.57,184.14,189.12
i485,295,0.4540,0.8910,192.25,191.60,184.15,189.04
i485,300,0.4563,0.8898,192.10,191.46,184.15,189.05
i485,305,0.4550,0.8905,192.06,191.32,184.17,188.99
i485,310,0.4480,0.8940,192.03,191.02,184.18,188.92
i485,315,0.4359,0.9000,191.20,190.68,184.16,188.97
i485,320,0.4276,0.9040,190.54,190.36,184.15,189.18
i485,325,0.4253,0.9050,189.55,189.82,184.12,189.38
i485,330,0.4251,0.9051,188.76,189.32,184.09,189.52
i485,335,0.4251,0.9052,187.95,188.86,184.07,189.61
i485,340,0.4251,0.9052,187.27,188.48,184.04,189.77
i485,345,0.4251,0.9052,186.41,188.06,184.01,189.62
i485,350,0.4251,0.9052,185.67,187.57,183.96,189.37
i485,355,0.4251,0.9052,184.57,187.16,183.92,189.03
i485,360,0.4251,0.9052,182.22,186.68,183.89,188.92
i485,365,0.4251,0.9052,183.62,186.33,183.83,188.61
i485,370,0.4251,0.9052,184.50,186.10,183.77,188.55
i485,375,0.4251,0.9052,184.59,185.81,183.70,188.68
i485,380,0.4251,0.9052,184.67,185.76,183.64,188.76
i485,385,0.4251,0.9052,185.02,185.93,183.59,188.81
i485,390,0.4251,0.9052,185.48,186.03,183.52,188.92
i485,395,0.4251,0.9051,186.38,186.15,183.44,189.07
i485,400,0.4257,0.9049,186.17,186.23,183.36,188.94
i485,405,0.4280,0.9038,185.81,186.17,183.29,188.67
i485,410,0.4316,0.9021,185.90,186.25,183.20,188.44
i485,415,0.4340,0.9009,186.08,186.33,183.12,188.40
i485,420,0.4346,0.9006,186.21,186.45,183.02,188.27
i485,425,0.4347,0.9006,186.29,186.71,182.92,188.18
i485,430,0.4347,0.9006,186.32,186.66,182.81,187.92
i485,435,0.4346,0.9006,186.27,186.71,182.72,187.77
i485,440,0.4340,0.9009,186.44,186.68,182.62,187.59
i485,445,0.4328,0.9015,186.83,186.87,182.52,187.25
i485,450,0.4316,0.9021,187.03,186.92,182.41,186.97
i485,455,0.4312,0.9023,187.16,186.95,182.29,186.66
i485,460,0.4311,0.9023,187.28,187.23,182.16,186.28
i485,465,0.4311,0.9023,188.34,187.32,182.04,185.98
i485,470,0.4311,0.9023,188.32,187.39,181.91,185.74
i485,475,0.4311,0.9023,188.43,187.50,181.79,185.41
i485,480,0.4311,0.9023,188.78,187.69,181.66,185.10
i485,485,0.4316,0.9021,189.46,187.39,181.52,184.99
i485,490,0.4335,0.9012,189.79,187.25,181.38,185.00
i485,495,0.4366,0.8996,189.36,187.03,181.24,184.95
i485,500,0.4387,0.8986,188.82,187.06,181.09,184.90
i485,505,0.4393,0.8983,189.37,187.11,180.95,184.64
i485,510,0.4393,0.8983,190.45,186.59,180.80,184.43
i485,515,0.4393,0.8983,190.35,185.80,180.64,184.29
i485,520,0.4392,0.8984,190.70,185.43,180.49,183.99
i485,525,0.4380,0.8990,190.67,185.26,180.34,183.73
i485,530,0.4348,0.9005,190.42,184.77,180.19,183.61
i485,535,0.4315,0.9021,190.36,184.23,180.04,183.68
i485,540,0.4301,0.9028,190.22,184.18,179.87,183.63
i485,545,0.4298,0.9029,190.32,184.11,179.71,183.43
i485,550,0.4298,0.9029,190.34,183.40,179.57,183.39
i485,555,0.4298,0.9029,190.34,183.08,179.41,183.14
i485,560,0.4298,0.9029,190.33,182.65,179.26,183.01
i485,565,0.4298,0.9029,190.30,182.27,179.10,182.97
i485,570,0.4298,0.9029,190.25,181.98,178.95,182.77
i485,575,0.4298,0.9029,190.25,181.81,178.80,182.54
i485,580,0.4299,0.9029,190.18,181.43,178.67,182.03
i485,585,0.4305,0.9026,189.71,180.98,178.54,181.60
i485,590,0.4314,0.9021,188.73,180.37,178.43,181.27
i485,595,0.4321,0.9018,187.85,179.80,178.32,180.61
i485,600,0.4323,0.9017,187.27,179.36,178.20,179.96
i485,605,0.4328,0.9015,186.91,178.66,178.08,179.19
i485,610,0.4339,0.9009,186.80,178.12,177.97,178.61
i485,615,0.4350,0.9004,186.79,177.50,177.85,178.03
i485,620,0.4356,0.9001,186.72,176.88,177.74,177.61
i485,625,0.4377,0.8991,186.63,176.48,177.61,177.55
i485,630,0.4455,0.8953,186.71,176.43,177.49,177.64
i485,635,0.4573,0.8893,186.76,176.56,177.37,177.83
i485,640,0.4646,0.8855,186.77,176.76,177.24,177.97
i485,645,0.4666,0.8844,185.49,176.98,177.12,178.05
i485,650,0.4693,0.8830,184.87,177.17,176.99,178.10
i485,655,0.4787,0.8780,184.36,177.24,176.87,178.38
i485,660,0.4929,0.8701,183.69,177.30,176.75,179.06
i485,665,0.5014,0.8652,182.97,177.48,176.60,179.88
i485,670,0.5035,0.8640,181.83,177.87,176.47,180.60
i485,675,0.5037,0.8639,180.89,178.51,176.34,181.20
i485,680,0.5038,0.8638,179.93,179.25,176.22,181.72
i485,685,0.5050,0.8631,179.11,179.94,176.09,182.25
i485,690,0.5115,0.8593,179.02,180.50,175.98,182.70
i485,695,0.5260,0.8505,179.46,181.02,175.87,183.12
i485,700,0.5391,0.8423,179.92,181.62,175.75,183.36
i485,705,0.5439,0.8391,180.24,181.95,175.64,183.09
i485,710,0.5458,0.8379,180.37,182.38,175.53,182.79
i485,715,0.5523,0.8337,180.38,182.68,175.43,182.42
i485,720,0.5658,0.8246,180.60,183.16,175.33,182.61
i485,725,0.5772,0.8166,181.28,183.06,175.15,182.85
i485,730,0.5815,0.8136,182.29,182.85,175.10,182.91
i485,735,0.5849,0.8111,182.45,181.76,175.04,183.12
i485,740,0.5934,0.8049,181.51,181.79,174.94,183.58
i485,745,0.6036,0.7973,181.89,181.95,174.85,182.05
i485,750,0.6085,0.7936,182.15,182.15,174.76,181.05
i485,755,0.6096,0.7927,182.31,181.01,174.69,179.86
i485,760,0.6122,0.7907,182.02,178.32,174.61,178.63
i485,765,0.6211,0.7838,181.05,176.66,174.54,177.46
i485,770,0.6340,0.7734,180.44,176.28,174.46,176.40
i485,775,0.6416,0.7670,179.56,176.27,174.39,175.10
i485,780,0.6452,0.7640,178.37,176.39,174.32,174.15
i485,785,0.6554,0.7553,177.60,176.26,174.24,174.36
i485,790,0.6771,0.7359,176.53,175.96,174.18,175.50
i485,795,0.6960,0.7181,176.02,175.55,174.09,176.42
i485,800,0.7026,0.7116,176.36,175.17,174.02,176.61
i485,805,0.7035,0.7107,176.47,174.86,173.94,176.61
i485,810,0.7036,0.7106,176.34,174.74,173.88,176.54
i485,815,0.7036,0.7106,176.16,174.39,173.82,176.30
i485,820,0.7036,0.7106,175.61,173.69,173.77,176.21
i485,825,0.7036,0.7106,175.09,173.34,173.74,176.14
i485,830,0.7036,0.7106,174.27,172.45,173.71,176.22
i485,835,0.7036,0.7106,174.20,172.66,173.69,175.15
i485,840,0.7036,0.7106,173.34,172.94,173.68,174.00
i485,845,0.7037,0.7105,173.79,173.22,173.67,173.79
i485,850,0.7055,0.7087,174.82,173.35,173.66,174.20
i485,855,0.7149,0.6992,175.86,173.58,173.67,174.08
i485,860,0.7352,0.6778,176.27,173.57,173.68,173.72
i485,865,0.7527,0.6584,176.35,173.75,173.67,173.47
i485,870,0.7587,0.6514,176.66,174.43,173.66,173.12
i485,875,0.7596,0.6504,177.08,175.16,173.67,172.26
i485,880,0.7597,0.6503,177.25,175.72,173.69,171.70
i485,885,0.7603,0.6496,177.56,176.36,173.71,171.90
i485,890,0.7647,0.6444,178.08,176.58,173.73,171.71
i485,895,0.7776,0.6287,178.88,176.52,173.75,171.98
i485,900,0.7928,0.6095,178.57,176.47,173.74,172.49
i485,905,0.7999,0.6001,177.68,176.34,173.74,172.72
i485,910,0.8016,0.5979,176.81,176.18,173.73,172.82
i485,915,0.8037,0.5951,176.05,175.97,173.71,172.63
i485,920,0.8089,0.5879,175.50,175.89,173.73,171.83
i485,925,0.8165,0.5774,174.87,175.88,173.72,170.50
i485,930,0.8242,0.5662,174.35,176.03,173.73,168.99
i485,935,0.8299,0.5579,174.19,176.28,173.73,167.93
i485,940,0.8342,0.5514,173.90,175.76,173.62,166.83
i485,945,0.8394,0.5436,173.47,175.01,170.05,164.39
i485,950,0.8478,0.5304,173.08,174.12,165.88,164.26
i485,955,0.8589,0.5121,172.86,173.38,164.55,167.32
i485,960,0.8659,0.5002,173.59,172.94,164.57,167.68
i485,965,0.8677,0.4971,175.06,172.82,165.33,167.53
i485,970,0.8679,0.4968,175.97,172.45,168.05,168.10
i485,975,0.8679,0.4968,175.32,170.89,171.32,170.19
i485,980,0.8679,0.4968,174.33,169.69,173.94,171.46
i485,985,0.8679,0.4967,172.97,166.94,174.03,171.89
i485,990,0.8683,0.4960,171.48,165.32,174.11,172.03
i485,995,0.8713,0.4907,170.22,164.22,174.21,172.10
i485,1000,0.8806,0.4738,170.16,164.27,174.30,172.15
i485,1005,0.8920,0.4520,169.40,164.41,174.38,172.20
i485,1010,0.8986,0.4389,168.14,165.60,174.47,172.26
i485,1015,0.9016,0.4325,166.87,167.50,174.55,172.04
i485,1020,0.9041,0.4274,164.84,168.18,174.63,171.63
i485,1025,0.9076,0.4199,164.08,168.49,174.72,171.46
i485,1030,0.9112,0.4120,164.42,168.45,174.81,171.63
i485,1035,0.9135,0.4069,164.99,168.45,174.89,172.08
i485,1040,0.9160,0.4011,165.78,168.64,174.97,172.76
i485,1045,0.9190,0.3942,167.50,168.69,175.06,173.94
i485,1050,0.9213,0.3888,168.11,168.71,175.15,174.78
i485,1055,0.9235,0.3836,168.03,168.71,175.24,175.65
i485,1060,0.9263,0.3768,167.81,168.78,175.34,176.17
i485,1065,0.9302,0.3672,167.64,168.76,175.45,176.45
i485,1070,0.9342,0.3569,167.65,168.93,175.55,175.97
i485,1075,0.9391,0.3436,167.65,169.23,175.67,175.48
i485,1080,0.9448,0.3277,167.78,169.69,175.77,175.25
i485,1085,0.9480,0.3184,167.85,169.87,175.88,175.01
i485,1090,0.9492,0.3147,167.84,169.86,175.99,174.52
i485,1095,0.9512,0.3086,167.73,169.90,176.11,173.90
i485,1100,0.9541,0.2994,167.64,169.78,176.23,173.46
i485,1105,0.9559,0.2935,167.72,169.29,176.36,173.38
i485,1110,0.9569,0.2904,167.21,168.76,176.50,172.88
i485,1115,0.9590,0.2834,167.61,169.04,176.63,171.73
i485,1120,0.9621,0.2726,169.70,169.09,176.76,171.90
i485,1125,0.9645,0.2642,173.31,169.31,176.88,172.88
i485,1130,0.9668,0.2555,176.42,169.77,177.03,173.29
i485,1135,0.9704,0.2414,177.86,170.51,177.19,174.21
i485,1140,0.9764,0.2161,177.99,172.57,177.36,175.05
i485,1145,0.9835,0.1808,177.98,175.06,177.50,176.72
i485,1150,0.9875,0.1574,178.06,177.31,177.60,178.71
i485,1155,0.9885,0.1511,178.33,178.68,177.71,180.33
i485,1160,0.9886,0.1505,178.14,178.87,177.81,181.74
i485,1165,0.9886,0.1506,178.20,179.03,177.92,183.12
i485,1170,0.9883,0.1523,178.26,179.09,178.03,184.09
i485,1175,0.9873,0.1587,178.25,179.14,178.15,184.21
i485,1180,0.9857,0.1683,178.15,179.13,178.27,184.25
i485,1185,0.9849,0.1733,178.18,179.10,178.41,184.42
i485,1190,0.9849,0.1732,178.31,179.16,178.54,184.54
i485,1195,0.9852,0.1713,178.18,179.06,178.68,184.55
i485,1200,0.9860,0.1669,177.98,178.86,178.83,184.60
i485,1205,0.9869,0.1613,177.67,178.81,178.99,184.76
i485,1210,0.9874,0.1584,177.51,178.88,179.16,184.96
i485,1215,0.9874,0.1583,177.88,179.00,179.33,185.09
i485,1220,0.9870,0.1606,177.99,179.14,179.49,185.24
i485,1225,0.9861,0.1661,177.84,179.18,179.67,185.28
i485,1230,0.9852,0.1712,177.91,179.33,179.84,185.50
i485,1235,0.9849,0.1729,178.02,179.46,180.02,185.66
i485,1240,0.9852,0.1714,178.16,179.57,180.21,185.92
i485,1245,0.9863,0.1648,178.28,179.72,180.41,186.18
i485,1250,0.9879,0.1552,178.36,179.87,180.60,186.21
i485,1255,0.9888,0.1495,178.44,179.95,180.81,185.91
i485,1260,0.9889,0.1484,178.55,180.19,181.00,185.14
i485,1265,0.9886,0.1503,178.59,180.33,181.18,184.11
i485,1270,0.9875,0.1575,178.72,180.29,181.37,183.43
i485,1275,0.9858,0.1679,178.89,180.30,181.55,183.23
i485,1280,0.9848,0.1739,179.04,180.44,181.74,183.56
i485,1285,0.9845,0.1753,179.16,180.53,181.93,184.40
i485,1290,0.9845,0.1754,179.30,180.64,182.12,184.09
i485,1295,0.9845,0.1754,179.43,180.85,182.32,183.62
i485,1300,0.9845,0.1754,179.61,181.14,182.51,182.26
i485,1305,0.9845,0.1754,179.92,181.51,182.71,181.85
i485,1310,0.9844,0.1757,180.43,182.11,182.89,181.99
i485,1315,0.9841,0.1779,180.50,182.60,183.07,182.36
i485,1320,0.9827,0.1850,180.32,183.04,183.26,182.74
i485,1325,0.9809,0.1945,180.40,183.32,183.44,183.00
i485,1330,0.9799,0.1995,180.81,183.58,183.63,183.03
i485,1335,0.9797,0.2006,181.22,183.79,183.81,183.10
i485,1340,0.9796,0.2007,181.32,184.00,183.98,183.54
i485,1345,0.9796,0.2007,181.53,184.19,184.15,184.11
i485,1350,0.9796,0.2007,181.68,184.34,184.33,184.55
i485,1355,0.9797,0.2006,181.80,184.39,184.48,184.92
i485,1360,0.9799,0.1997,182.02,184.31,184.64,185.22
i485,1365,0.9808,0.1952,182.11,184.21,184.79,185.40
i485,1370,0.9824,0.1866,182.28,184.08,184.95,185.55
i485,1375,0.9837,0.1800,182.47,183.91,185.12,185.68
i485,1380,0.9840,0.1779,182.69,183.83,185.26,185.93
i485,1385,0.9841,0.1776,183.05,183.91,185.40,186.24
i485,1390,0.9842,0.1772,183.74,184.02,185.55,186.39
i485,1395,0.9845,0.1751,183.91,184.02,185.69,186.77
i485,1400,0.9853,0.1707,184.09,184.16,185.83,186.93
i485,1405,0.9860,0.1669,184.12,184.26,185.97,186.77
i485,1410,0.9862,0.1656,184.50,184.33,186.10,186.21
i485,1415,0.9862,0.1654,184.41,184.34,186.23,185.39
i485,1420,0.9862,0.1654,183.89,184.09,186.34,184.40
i485,1425,0.9862,0.1654,183.18,183.78,186.46,183.31
i485,1430,0.9862,0.1655,182.39,183.62,186.57,182.39
i485,1435,0.9862,0.1656,181.94,183.31,186.67,182.69
i485,1440,0.9862,0.1656,182.07,182.97,186.78,185.56
i485,1445,0.9862,0.1656,181.99,182.74,186.89,186.37
i485,1450,0.9862,0.1656,181.70,182.41,186.99,186.34
i485,1455,0.9862,0.1656,181.12,181.97,187.09,186.00
i485,1460,0.9862,0.1656,180.19,181.56,187.18,185.12
i485,1465,0.9862,0.1656,179.08,181.27,187.29,184.21
i485,1470,0.9861,0.1659,178.60,180.97,187.37,183.32
i485,1475,0.9860,0.1667,178.22,180.62,187.43,182.88
i485,1480,0.9859,0.1676,177.56,180.41,187.52,182.53
i485,1485,0.9858,0.1680,176.97,180.31,187.60,182.24
i485,1490,0.9858,0.1681,176.50,180.20,187.67,182.02
i485,1495,0.9857,0.1682,175.87,180.13,187.75,181.80
i485,1500,0.9856,0.1691,175.38,180.00,187.81,181.56
i485,1505,0.9852,0.1715,175.08,179.93,187.87,181.30
i485,1510,0.9847,0.1741,174.72,179.83,187.92,181.30
i485,1515,0.9846,0.1750,174.44,179.83,187.97,181.97
i485,1520,0.9848,0.1735,174.65,180.13,187.57,181.36
i485,1525,0.9857,0.1687,174.92,180.21,182.59,181.40
i485,1530,0.9866,0.1631,175.37,179.80,180.89,181.23
i485,1535,0.9870,0.1605,176.36,179.60,180.74,180.96
i485,1540,0.9871,0.1600,178.89,179.95,180.55,180.62
i485,1545,0.9871,0.1599,179.47,179.78,181.08,181.30
i485,1550,0.9872,0.1596,179.30,179.56,186.57,181.41
i485,1555,0.9873,0.1587,179.07,179.56,188.27,182.00
i485,1560,0.9875,0.1575,178.83,181.24,188.30,183.78
i485,1565,0.9876,0.1569,179.64,181.49,188.34,185.64
i485,1570,0.9876,0.1568,180.17,181.69,188.38,185.51
i485,1575,0.9877,0.1567,180.10,181.80,188.41,185.51
i485,1580,0.9878,0.1558,180.03,181.87,188.43,185.45
i485,1585,0.9881,0.1537,179.98,182.16,188.46,185.26
i485,1590,0.9884,0.1516,179.76,182.56,188.47,185.04
i485,1595,0.9886,0.1507,179.48,183.16,188.47,185.19
i485,1600,0.9886,0.1505,179.28,183.84,188.48,185.04
i485,1605,0.9886,0.1505,179.02,184.52,188.49,184.70
i485,1610,0.9886,0.1505,178.78,185.15,188.50,183.44
i485,1615,0.9886,0.1505,179.21,185.84,188.49,182.31
i485,1620,0.9886,0.1505,180.54,186.67,188.48,182.19
i485,1625,0.9886,0.1505,182.31,186.99,188.46,182.23
i485,1630,0.9886,0.1507,184.52,186.96,188.44,182.38
i485,1635,0.9884,0.1519,185.47,186.47,188.42,182.94
i485,1640,0.9878,0.1559,185.46,186.11,188.41,184.04
i485,1645,0.9869,0.1616,183.02,185.25,188.40,185.28
i485,1650,0.9863,0.1647,180.18,183.51,188.36,185.66
i485,1655,0.9862,0.1654,177.23,182.63,188.33,185.64
i485,1660,0.9862,0.1655,176.41,182.42,188.31,185.77
i485,1665,0.9862,0.1655,177.01,182.35,188.26,185.99
i485,1670,0.9862,0.1655,177.42,182.32,188.22,186.08
i485,1675,0.9862,0.1655,177.71,182.13,188.17,186.15
i485,1680,0.9862,0.1655,177.86,182.22,188.12,186.21
i485,1685,0.9862,0.1655,177.82,182.12,188.07,186.09
i485,1690,0.9862,0.1655,177.71,182.12,188.01,186.05
i485,1695,0.9862,0.1655,177.47,182.17,187.96,186.25
i485,1700,0.9862,0.1655,177.11,182.11,187.89,185.36
i485,1705,0.9862,0.1655,176.62,182.01,187.82,183.09
i485,1710,0.9862,0.1655,176.35,182.00,187.74,182.08
i485,1715,0.9862,0.1655,176.06,182.04,187.66,181.43
i485,1720,0.9862,0.1655,175.81,182.15,187.58,180.94
i485,1725,0.9862,0.1655,176.14,182.03,187.50,180.56
i485,1730,0.9862,0.1655,177.35,181.98,187.41,180.38
i485,1735,0.9862,0.1655,178.67,181.76,187.32,180.38
i485,1740,0.9862,0.1655,179.78,181.79,187.21,180.32
i485,1745,0.9862,0.1655,180.30,182.02,187.12,180.26
i485,1750,0.9862,0.1655,180.70,182.00,187.02,180.27
i485,1755,0.9862,0.1655,180.99,182.23,186.92,180.26
i485,1760,0.9862,0.1655,181.16,182.31,186.80,180.08
i485,1765,0.9862,0.1655,181.20,182.13,186.69,179.77
i485,1770,0.9862,0.1656,181.18,182.06,186.57,179.81
i485,1775,0.9861,0.1662,181.14,182.13,186.44,179.56
i485,1780,0.9857,0.1684,181.08,182.44,186.32,179.48
i485,1785,0.9852,0.1715,180.89,182.76,186.19,179.50
i485,1790,0.9849,0.1734,180.67,183.12,186.06,179.60
i485,1795,0.9848,0.1738,180.35,183.27,185.91,179.87
i485,1800,0.9848,0.1738,179.72,183.24,185.78,179.93
i485,1805,0.9848,0.1737,179.24,183.11,185.64,179.98
i485,1810,0.9848,0.1736,179.26,183.02,185.50,180.06
i485,1815,0.9848,0.1736,179.40,182.93,185.36,180.03
i485,1820,0.9848,0.1735,179.60,182.78,185.22,180.08
i485,1825,0.9848,0.1735,179.67,182.66,185.08,179.92
i485,1830,0.9848,0.1735,179.67,182.58,184.94,179.31
i485,1835,0.9848,0.1735,179.63,182.51,184.80,180.00
i485,1840,0.9848,0.1735,179.64,182.42,184.66,180.26
i485,1845,0.9848,0.1735,179.65,182.34,184.52,180.43
i485,1850,0.9848,0.1735,179.68,182.28,184.38,180.40
i485,1855,0.9848,0.1735,179.73,182.24,184.23,180.54
i485,1860,0.9848,0.1735,179.76,182.23,184.09,180.87
i485,1865,0.9849,0.1734,179.80,182.17,183.95,181.00
i485,1870,0.9851,0.1719,179.65,182.01,183.80,181.14
i485,1875,0.9860,0.1669,179.45,181.81,183.64,181.41
i485,1880,0.9871,0.1599,178.83,181.60,183.49,182.58
i485,1885,0.9878,0.1560,178.18,181.36,183.35,182.55
i485,1890,0.9879,0.1551,177.75,181.09,183.21,182.45
i485,1895,0.9879,0.1551,177.36,180.96,183.07,182.25
i485,1900,0.9879,0.1551,177.14,181.00,182.93,182.16
i485,1905,0.9879,0.1551,176.95,181.04,182.79,182.07
i485,1910,0.9879,0.1551,177.01,181.04,182.65,181.91
i485,1915,0.9879,0.1551,177.06,181.10,182.51,182.13
i485,1920,0.9879,0.1551,177.24,181.26,182.36,181.75
i485,1925,0.9879,0.1551,177.37,181.45,182.21,181.73
i485,1930,0.9879,0.1551,177.43,181.72,182.06,181.79
i485,1935,0.9879,0.1551,177.77,181.88,181.91,181.73
i485,1940,0.9879,0.1551,177.68,181.77,181.76,181.64
i485,1945,0.9879,0.1551,177.87,181.62,181.60,181.71
i485,1950,0.9879,0.1551,178.03,181.42,181.44,181.73
i485,1955,0.9878,0.1555,178.14,181.08,181.29,181.62
i485,1960,0.9874,0.1583,178.29,180.77,181.13,181.46
i485,1965,0.9863,0.1651,178.42,180.72,180.96,181.32
i485,1970,0.9852,0.1716,178.76,180.61,180.79,181.08
i485,1975,0.9847,0.1742,178.82,180.64,180.62,180.95
i485,1980,0.9846,0.1746,179.06,180.46,180.45,180.94
i485,1985,0.9846,0.1747,179.28,180.73,180.28,180.97
i485,1990,0.9846,0.1746,179.36,180.83,180.11,181.19
i485,1995,0.9847,0.1745,179.63,180.86,179.92,181.59
i485,2000,0.9847,0.1741,179.55,180.89,179.74,181.89
i485,2005,0.9849,0.1733,179.68,180.99,179.55,182.26
i485,2010,0.9852,0.1711,179.73,180.97,179.37,182.59
i485,2015,0.9865,0.1640,179.76,180.85,179.19,182.80
i485,2020,0.9883,0.1526,179.84,180.74,179.01,183.07
i485,2025,0.9894,0.1452,180.10,180.66,178.83,183.24
i485,2030,0.9897,0.1434,180.32,180.47,178.65,183.17
i485,2035,0.9894,0.1449,179.94,180.20,178.47,183.27
i485,2040,0.9884,0.1517,179.68,179.94,178.30,183.05
i485,2045,0.9867,0.1623,179.58,179.70,178.12,182.79
i485,2050,0.9856,0.1689,179.42,179.22,177.94,182.58
i485,2055,0.9853,0.1706,179.21,178.52,177.76,182.39
i485,2060,0.9853,0.1708,179.02,178.30,177.58,182.30
i485,2065,0.9853,0.1708,178.74,178.11,177.40,182.18
i485,2070,0.9853,0.1708,178.61,177.87,177.22,182.03
i485,2075,0.9853,0.1711,178.45,177.65,177.04,181.91
i485,2080,0.9849,0.1730,178.22,177.30,176.84,181.79
i485,2085,0.9841,0.1775,177.97,176.59,176.65,181.80
i485,2090,0.9833,0.1818,177.73,176.16,176.45,181.73
i485,2095,0.9830,0.1836,177.62,175.62,176.26,181.62
i485,2100,0.9828,0.1846,177.62,175.33,176.06,181.66
i485,2105,0.9819,0.1894,177.62,175.06,175.87,181.86
i485,2110,0.9794,0.2019,177.58,174.83,175.69,181.70
i485,2115,0.9766,0.2151,177.52,174.47,175.51,181.64
i485,2120,0.9754,0.2206,177.58,174.21,175.32,181.59
i485,2125,0.9753,0.2207,177.54,174.22,175.13,181.47
i485,2130,0.9761,0.2171,177.56,174.19,174.94,181.32
i485,2135,0.9775,0.2109,177.66,174.23,174.76,180.94
i485,2140,0.9784,0.2068,177.69,174.38,174.58,181.03
i485,2145,0.9786,0.2058,177.68,174.62,174.42,180.93
i485,2150,0.9782,0.2076,177.65,174.76,174.26,180.76
i485,2155,0.9760,0.2178,177.53,175.14,174.11,180.61
i485,2160,0.9708,0.2399,177.21,175.96,173.94,180.46
i485,2165,0.9659,0.2589,176.81,176.48,173.77,180.55
i485,2170,0.9638,0.2668,176.45,177.29,173.59,180.78
i485,2175,0.9620,0.2729,176.16,177.97,173.39,181.10
i485,2180,0.9596,0.2814,175.91,178.54,173.20,181.70
i485,2185,0.9579,0.2872,176.20,178.45,173.01,180.96
i485,2190,0.9571,0.2896,178.06,179.67,172.83,179.88
i485,2195,0.9566,0.2913,178.38,179.61,172.64,180.29
i485,2200,0.9564,0.2922,177.05,178.38,172.47,181.20
i485,2205,0.9563,0.2924,176.47,177.63,172.28,180.27
i485,2210,0.9563,0.2924,176.12,177.03,172.10,179.65
i485,2215,0.9561,0.2930,175.48,176.38,171.92,179.17
i485,2220,0.9550,0.2967,174.87,175.69,171.74,178.84
i485,2225,0.9518,0.3067,173.96,175.05,171.56,178.61
i485,2230,0.9483,0.3175,173.31,174.62,171.39,178.44
i485,2235,0.9466,0.3223,172.13,173.92,171.21,178.30
i485,2240,0.9461,0.3239,171.47,173.84,171.03,178.10
i485,2245,0.9445,0.3285,172.50,173.81,170.86,177.86
i485,2250,0.9408,0.3389,171.94,174.00,170.68,177.57
i485,2255,0.9374,0.3483,172.79,173.88,170.50,177.37
i485,2260,0.9360,0.3520,172.33,173.55,170.31,177.19
i485,2265,0.9349,0.3550,171.29,172.93,170.13,176.99
i485,2270,0.9306,0.3661,168.61,172.04,169.96,176.72
i485,2275,0.9227,0.3856,167.34,170.97,169.78,176.55
i485,2280,0.9167,0.3995,167.96,170.01,169.58,176.54
i485,2285,0.9150,0.4034,167.60,169.30,169.39,176.45
i485,2290,0.9148,0.4039,167.52,168.28,169.21,176.31
i485,2295,0.9148,0.4039,167.38,167.84,169.02,176.14
i485,2300,0.9148,0.4039,167.14,167.90,168.84,175.98
i485,2305,0.9148,0.4039,166.85,167.50,168.65,175.68
i485,2310,0.9148,0.4039,166.63,167.29,168.47,175.47
i485,2315,0.9148,0.4039,166.37,167.20,168.29,175.15
i485,2320,0.9148,0.4039,166.22,167.08,168.10,174.98
i485,2325,0.9148,0.4039,166.14,166.70,167.92,174.49
i485,2330,0.9148,0.4039,166.04,166.11,167.75,173.85
i485,2335,0.9148,0.4039,166.00,165.46,167.58,173.16
i485,2340,0.9147,0.4042,165.88,165.30,167.40,172.70
i485,2345,0.9131,0.4076,165.85,164.86,167.23,172.53
i485,2350,0.9067,0.4217,165.33,164.78,167.07,172.37
i485,2355,0.8956,0.4448,165.29,164.61,166.91,172.18
i485,2360,0.8879,0.4601,165.42,164.53,166.73,171.75
i485,2365,0.8857,0.4642,165.95,164.54,166.54,171.38
i485,2370,0.8855,0.4646,166.47,164.48,166.35,170.68
i485,2375,0.8855,0.4646,166.84,164.80,166.17,166.90
i485,2380,0.8855,0.4646,167.31,164.96,165.99,164.63
i485,2385,0.8855,0.4646,167.83,165.04,165.82,164.21
i485,2390,0.8855,0.4646,168.21,165.16,165.66,164.07
i485,2395,0.8855,0.4646,168.46,165.21,165.50,163.71
i485,2400,0.8854,0.4648,168.25,165.15,165.36,163.44
i485,2405,0.8844,0.4667,167.84,165.16,165.23,163.22
i485,2410,0.8802,0.4746,167.40,165.13,165.11,163.04
i485,2415,0.8729,0.4880,166.81,165.24,164.99,163.04
i485,2420,0.8677,0.4970,166.42,165.33,164.86,162.89
i485,2425,0.8661,0.4998,166.90,165.96,164.74,162.72
i485,2430,0.8645,0.5027,168.21,166.47,164.64,162.33
i485,2435,0.8591,0.5118,169.41,166.94,164.54,162.13
i485,2440,0.8523,0.5231,170.37,167.38,164.45,161.93
i485,2445,0.8496,0.5274,168.99,167.76,164.36,161.81
i485,2450,0.8498,0.5271,168.94,167.96,164.28,161.58
i485,2455,0.8499,0.5270,169.48,167.92,164.20,161.42
i485,2460,0.8488,0.5287,169.67,167.88,164.12,161.30
i485,2465,0.8444,0.5357,169.68,167.74,164.07,161.24
i485,2470,0.8373,0.5467,169.69,167.44,164.02,161.34
i485,2475,0.8326,0.5538,169.61,167.04,163.96,161.27
i485,2480,0.8314,0.5557,169.56,166.83,163.91,161.26
i485,2485,0.8311,0.5561,169.55,166.58,163.87,161.12
i485,2490,0.8298,0.5580,169.51,166.17,163.84,161.01
i485,2495,0.8254,0.5645,169.40,166.19,163.83,161.64
i485,2500,0.8193,0.5734,169.56,165.93,163.81,162.14
i485,2505,0.8158,0.5784,169.39,165.51,163.80,160.69
i485,2510,0.8146,0.5801,169.46,165.36,163.79,160.72
i485,2515,0.8124,0.5830,169.07,165.12,163.79,160.68
i485,2520,0.8084,0.5887,168.11,164.81,163.81,160.54
i485,2525,0.8046,0.5938,166.70,164.48,163.83,160.47
i485,2530,0.8005,0.5993,165.30,164.01,163.84,160.43
i485,2535,0.7942,0.6076,164.29,163.48,163.87,160.27
i485,2540,0.7891,0.6143,163.78,163.02,163.88,160.11
i485,2545,0.7869,0.6171,163.21,162.85,163.91,160.23
i485,2550,0.7838,0.6210,162.95,162.55,163.93,160.51
i485,2555,0.7774,0.6290,162.61,162.37,163.96,160.43
i485,2560,0.7717,0.6360,162.45,162.21,163.97,160.14
i485,2565,0.7696,0.6385,162.68,161.86,164.00,159.90
i485,2570,0.7691,0.6392,163.86,160.99,164.02,159.91
i485,2575,0.7681,0.6403,163.45,160.63,164.06,159.94
i485,2580,0.7663,0.6425,162.94,160.38,164.08,159.91
i485,2585,0.7627,0.6467,162.48,160.18,164.10,159.92
i485,2590,0.7574,0.6530,162.15,159.95,164.14,159.94
i485,2595,0.7536,0.6574,161.81,159.90,164.18,159.90
i485,2600,0.7514,0.6599,161.24,159.93,164.19,159.95
i485,2605,0.7476,0.6642,160.93,160.13,164.24,159.73
i485,2610,0.7426,0.6698,160.70,160.16,163.38,159.85
i485,2615,0.7389,0.6739,160.34,160.08,160.76,159.92
i485,2620,0.7359,0.6771,160.19,159.74,159.92,158.50
i485,2625,0.7339,0.6793,159.89,159.56,158.84,159.82
i485,2630,0.7332,0.6800,159.31,159.50,159.65,160.04
i485,2635,0.7331,0.6801,159.25,159.80,159.87,159.66
i485,2640,0.7324,0.6808,159.38,159.75,164.04,159.64
i485,2645,0.7289,0.6846,159.61,158.10,164.43,159.62
i485,2650,0.7216,0.6923,159.87,159.14,164.45,159.62
i485,2655,0.7153,0.6988,159.80,159.81,164.48,159.90
i485,2660,0.7124,0.7018,159.19,159.84,164.51,160.07
i485,2665,0.7094,0.7048,158.17,159.81,164.54,160.05
i485,2670,0.7054,0.7088,159.65,159.51,164.57,160.12
i485,2675,0.7021,0.7120,159.89,159.41,164.60,160.24
i485,2680,0.6980,0.7161,159.82,159.35,164.63,160.40
i485,2685,0.6932,0.7207,159.61,159.31,164.66,161.01
i485,2690,0.6905,0.7233,159.42,159.33,164.69,161.55
i485,2695,0.6894,0.7244,159.14,159.40,164.72,162.21
i485,2700,0.6881,0.7256,159.11,159.61,164.75,163.21
i485,2705,0.6855,0.7281,159.02,159.79,164.79,164.27
i485,2710,0.6819,0.7315,159.65,159.55,164.83,165.29
i485,2715,0.6775,0.7355,160.86,159.60,164.86,166.08
i485,2720,0.6721,0.7404,161.99,159.71,164.89,166.72
i485,2725,0.6693,0.7430,163.01,160.52,164.93,166.97
i485,2730,0.6703,0.7421,164.04,161.67,164.96,167.28
i485,2735,0.6697,0.7426,164.88,162.75,165.00,167.44
i485,2740,0.6617,0.7497,165.76,164.27,165.02,167.49
i485,2745,0.6501,0.7598,166.79,165.23,165.05,167.64
i485,2750,0.6437,0.7653,167.65,165.75,165.09,168.14
i485,2755,0.6417,0.7669,168.35,166.63,165.13,168.77
i485,2760,0.6398,0.7685,168.82,167.99,165.16,169.19
i485,2765,0.6353,0.7723,169.29,170.19,165.19,169.45
i485,2770,0.6293,0.7771,169.80,171.94,165.22,169.77
i485,2775,0.6245,0.7810,170.33,172.38,165.25,170.18
i485,2780,0.6202,0.7845,171.29,172.69,165.28,170.36
i485,2785,0.6171,0.7869,171.65,172.94,165.31,170.60
i485,2790,0.6158,0.7879,172.31,172.97,165.34,170.85
i485,2795,0.6140,0.7893,172.67,173.02,165.38,171.12
i485,2800,0.6089,0.7932,173.28,173.20,165.41,170.97
i485,2805,0.6010,0.7993,173.78,173.57,165.45,170.77
i485,2810,0.5953,0.8035,173.90,173.85,165.48,170.81
i485,2815,0.5923,0.8057,174.67,174.24,165.52,170.98
i485,2820,0.5896,0.8077,174.73,174.34,165.55,171.18
i485,2825,0.5853,0.8108,174.92,174.58,165.58,171.06
i485,2830,0.5807,0.8141,174.90,174.51,165.61,171.22
i485,2835,0.5788,0.8155,174.65,174.63,165.64,171.63
i485,2840,0.5779,0.8161,174.51,174.86,165.65,173.61
i485,2845,0.5753,0.8180,174.07,174.65,165.69,173.46
i485,2850,0.5720,0.8202,173.19,173.88,165.73,172.24
i485,2855,0.5686,0.8226,172.65,173.43,165.76,171.89
i485,2860,0.5646,0.8254,172.72,173.17,165.81,172.50
i485,2865,0.5599,0.8286,172.55,172.38,165.84,172.77
i485,2870,0.5535,0.8328,171.67,172.00,165.87,173.13
i485,2875,0.5464,0.8375,172.69,172.11,165.91,173.41
i485,2880,0.5369,0.8436,173.62,172.61,165.95,173.54
i485,2885,0.5268,0.8500,174.81,172.69,165.97,173.84
i485,2890,0.5220,0.8529,175.64,172.71,165.99,174.13
i485,2895,0.5216,0.8532,175.87,172.55,166.01,174.48
i485,2900,0.5226,0.8526,176.34,172.53,166.04,174.76
i485,2905,0.5235,0.8520,176.55,172.74,166.08,174.86
i485,2910,0.5225,0.8526,176.95,173.01,166.11,175.00
i485,2915,0.5176,0.8556,177.32,173.16,166.14,174.83
i485,2920,0.5096,0.8604,177.40,173.20,166.17,174.60
i485,2925,0.5027,0.8645,177.40,173.29,166.20,174.49
i485,2930,0.4968,0.8678,177.27,173.35,166.23,174.19
i485,2935,0.4915,0.8709,177.15,173.38,166.27,173.87
i485,2940,0.4864,0.8737,176.90,173.34,166.30,173.61
i485,2945,0.4820,0.8762,176.59,173.30,166.33,173.32
i485,2950,0.4817,0.8763,176.39,173.40,166.35,172.91
i485,2955,0.4849,0.8746,175.67,173.53,166.38,172.34
i485,2960,0.4852,0.8744,175.02,173.52,166.42,171.94
i485,2965,0.4789,0.8779,174.55,173.51,166.46,172.01
i485,2970,0.4709,0.8822,173.49,173.40,166.50,172.10
i485,2975,0.4665,0.8845,173.24,173.39,166.54,172.26
i485,2980,0.4641,0.8858,172.02,173.08,166.58,172.34
i485,2985,0.4608,0.8875,171.60,172.54,166.62,172.39
i485,2990,0.4549,0.8906,170.22,172.05,166.66,172.42
i485,2995,0.4489,0.8936,170.12,171.61,166.70,172.44
i485,3000,0.4446,0.8958,170.04,170.91,166.72,172.60
i485,3005,0.4404,0.8978,170.07,170.15,166.75,172.72
i485,3010,0.4345,0.9007,169.87,169.37,166.78,173.00
i485,3015,0.4252,0.9051,169.70,168.53,166.80,173.40
i485,3020,0.4176,0.9086,169.43,167.87,166.84,173.32
i485,3025,0.4151,0.9098,168.86,167.15,166.89,173.30
i485,3030,0.4129,0.9108,168.60,166.72,166.95,173.12
i485,3035,0.4048,0.9144,167.94,166.41,167.00,172.75
i485,3040,0.3931,0.9195,167.04,166.10,167.06,172.75
i485,3045,0.3882,0.9216,166.67,165.86,167.13,172.56
i485,3050,0.3911,0.9204,165.51,165.68,167.18,172.30
i485,3055,0.3948,0.9188,163.91,165.38,167.25,172.21
i485,3060,0.3967,0.9180,162.32,165.33,167.31,172.16
i485,3065,0.3947,0.9188,161.52,164.87,167.36,172.05
i485,3070,0.3880,0.9217,160.90,161.98,167.40,171.09
i485,3075,0.3806,0.9247,160.32,161.26,167.43,169.35
i485,3080,0.3735,0.9276,160.03,160.44,167.45,167.66
i485,3085,0.3651,0.9310,159.98,160.12,167.47,166.47
i485,3090,0.3536,0.9354,160.07,160.24,167.48,165.28
i485,3095,0.3369,0.9415,160.16,160.29,167.51,164.01
i485,3100,0.3135,0.9496,160.43,160.23,167.56,163.20
i485,3105,0.2897,0.9571,160.66,160.47,167.61,162.72
i485,3110,0.2719,0.9623,160.65,160.69,167.64,162.46
i485,3115,0.2585,0.9660,160.52,160.61,167.49,162.04
i485,3120,0.2519,0.9678,159.63,160.72,162.26,161.78
i485,3125,0.2504,0.9681,158.86,159.96,160.78,161.20
i485,3130,0.2503,0.9682,160.66,159.34,160.22,161.12
i485,3135,0.2503,0.9682,161.10,160.92,159.16,159.75
i485,3140,0.2503,0.9682,160.78,160.92,160.62,159.01
i485,3145,0.2502,0.9682,160.64,160.69,160.75,160.65
i485,3150,0.2492,0.9685,160.44,160.69,160.75,160.81
i485,3155,0.2425,0.9702,160.31,160.61,160.78,161.05
i485,3160,0.2258,0.9742,160.28,160.41,162.66,160.79
i485,3165,0.2072,0.9783,160.47,160.66,167.47,161.80
i485,3170,0.1936,0.9811,160.35,160.60,168.07,162.59
i485,3175,0.1815,0.9834,160.34,160.57,168.11,163.15
i485,3180,0.1675,0.9859,160.18,160.55,168.17,163.36
i485,3185,0.1488,0.9889,162.40,160.54,168.18,163.47
i485,3190,0.1341,0.9910,166.51,160.85,168.23,163.78
i485,3195,0.1287,0.9917,166.05,164.49,168.23,163.91
i485,3200,0.1293,0.9916,165.85,168.70,168.28,164.03
i485,3205,0.1300,0.9915,165.88,169.10,168.29,164.28
i485,3210,0.1252,0.9921,165.90,168.89,168.33,164.88
i485,3215,0.1173,0.9931,165.84,168.65,168.35,165.31
i485,3220,0.1059,0.9944,165.76,168.46,168.39,165.92
i485,3225,0.0860,0.9963,165.78,168.40,168.41,166.33
i485,3230,0.0670,0.9978,165.78,168.42,168.45,166.51
i485,3235,0.0565,0.9984,167.84,168.55,168.52,166.75
i485,3240,0.0504,0.9987,170.38,168.95,168.53,166.88
i485,3245,0.0474,0.9989,170.91,169.48,168.51,166.96
i485,3250,0.0450,0.9990,171.04,169.88,168.51,167.26
i485,3255,0.0362,0.9993,171.16,170.12,168.51,167.48
i485,3260,0.0186,0.9998,171.26,170.35,168.54,167.67
i485,3265,0.0044,1.0000,171.21,170.49,168.55,167.73
i485,3270,-0.0002,1.0000,171.24,170.59,168.56,167.82
i485,3275,-0.0007,1.0000,171.53,170.54,168.54,167.86
i485,3280,-0.0002,1.0000,171.25,170.38,168.52,167.89
i485,3285,0.0016,1.0000,171.02,170.32,168.51,167.93
i485,3290,0.0041,1.0000,170.72,170.20,168.51,167.94
i485,3295,0.0056,1.0000,170.41,170.02,168.52,168.00
i485,3300,0.0059,1.0000,170.10,169.90,168.54,168.07
i485,3305,0.0061,1.0000,169.81,169.67,168.55,168.08
i485,3310,0.0064,1.0000,169.54,169.49,168.58,168.09
i485,3315,0.0067,1.0000,169.32,169.39,168.63,168.01
i485,3320,0.0068,1.0000,169.15,169.29,168.66,167.97
i485,3325,0.0069,1.0000,169.01,169.16,168.69,167.85
i485,3330,0.0070,1.0000,169.04,168.98,168.72,167.65
i485,3335,0.0075,1.0000,168.83,168.70,168.74,167.37
i485,3340,0.0079,1.0000,169.14,168.03,168.77,167.27
i485,3345,0.0081,1.0000,169.14,166.66,168.79,167.18
i485,3350,0.0081,1.0000,168.96,166.18,168.81,167.11
i485,3355,0.0081,1.0000,168.99,165.45,168.85,167.29
i485,3360,0.0081,1.0000,169.02,164.81,168.88,167.68
i485,3365,0.0081,1.0000,168.46,164.15,168.91,167.79
i485,3370,0.0081,1.0000,167.09,163.39,168.93,168.10
i485,3375,0.0081,1.0000,165.40,162.79,168.96,168.31
i485,3380,0.0081,1.0000,163.93,162.02,168.99,168.40
i485,3385,0.0081,1.0000,162.84,161.89,169.02,168.56
i485,3390,0.0081,1.0000,162.17,161.84,169.05,168.72
