# Blender 4.1.1
# www.blender.org
mtllib viper_v02.mtl
o Body
v -0.244400 0.900908 2.250000
v -0.244400 0.900908 2.250000
v -0.215800 0.911325 2.250000
v -0.215800 0.911325 2.250000
v -0.176800 0.917000 2.250000
v -0.176800 0.917000 2.250000
v -0.130000 0.919195 2.210000
v -0.130000 0.917039 2.250000
v -0.130000 0.917039 2.250000
v 0.000000 0.920000 2.250000
v 0.000000 0.920000 2.250000
v -0.067600 0.919195 2.250000
v -0.067600 0.919195 2.250000
v 0.000000 0.920000 2.210000
v 0.067600 0.919195 2.250000
v 0.067600 0.919195 2.250000
v 0.250000 0.917039 2.210000
v 0.130000 0.917039 2.250000
v 0.130000 0.917039 2.250000
v 0.176800 0.917000 2.250000
v 0.176800 0.917000 2.250000
v 0.215800 0.911325 2.250000
v 0.215800 0.911325 2.250000
v -0.500000 0.880000 2.210000
v -0.500000 0.880000 2.210000
v -0.714400 0.870758 2.100000
v -0.470000 0.894156 2.210000
v -0.415000 0.911604 2.210000
v -0.340000 0.917000 2.210000
v -0.250000 0.917039 2.210000
v -0.380000 0.914293 2.100000
v 0.130000 0.919195 2.210000
v 0.197600 0.916195 2.100000
v 0.630800 0.898505 2.100000
v 0.340000 0.917000 2.210000
v 0.415000 0.911604 2.210000
v 0.470000 0.894156 2.210000
v 0.500000 0.880000 2.210000
v 0.500000 0.880000 2.210000
v 0.760000 0.845000 2.100000
v 0.760000 0.845000 2.100000
v -0.630800 0.898505 2.100000
v -0.620000 0.925049 1.800000
v -0.620000 0.925049 1.800000
v -0.516800 0.906307 2.100000
v -0.197600 0.916195 2.100000
v 0.000000 0.922000 1.910000
v 0.000000 0.922000 1.910000
v 0.000000 0.917000 2.100000
v 0.260400 0.922538 1.890596
v 0.260400 0.922538 1.890596
v 0.380000 0.914293 2.100000
v 0.516800 0.906307 2.100000
v 0.620000 0.925049 1.800000
v 0.620000 0.925049 1.800000
v 0.714400 0.870758 2.100000
v 0.900000 0.762000 1.910000
v 0.900000 0.762000 1.910000
v 0.900000 0.762000 1.910000
v 0.900000 0.762000 1.910000
v -0.785000 0.862790 1.860197
v -0.645000 0.922352 1.800000
v -0.695000 0.956108 1.700000
v -0.522600 0.991577 1.700000
v -0.483600 0.923855 1.843076
v -0.483600 0.923855 1.843076
v -0.260400 0.922538 1.890596
v -0.260400 0.922538 1.890596
v 0.483600 0.923855 1.843076
v 0.483600 0.923855 1.843076
v 0.522600 0.991577 1.700000
v 0.670000 0.988396 1.700000
v 0.670000 0.988396 1.700000
v 0.645000 0.922352 1.800000
v 0.695000 0.956108 1.700000
v 0.785000 0.862790 1.860197
v 0.785000 0.857083 1.700000
v -0.680000 1.025033 1.460000
v -0.785000 0.857083 1.700000
v -0.670000 0.988396 1.700000
v -0.670000 0.988396 1.700000
v -0.655000 1.051488 1.460000
v -0.655000 1.051488 1.460000
v -0.275100 1.068696 1.460000
v -0.510900 1.059670 1.460000
v -0.281400 0.995087 1.700000
v 0.275100 1.068696 1.460000
v 0.000000 0.996520 1.700000
v 0.281400 0.995087 1.700000
v 0.510900 1.059670 1.460000
v 0.655000 1.051488 1.460000
v 0.655000 1.051488 1.460000
v 0.680000 1.025033 1.460000
v 0.785000 0.856193 1.460000
v 0.941000 0.760000 1.700000
v 0.941000 0.760000 1.700000
v -0.957000 0.770000 1.460000
v -0.957000 0.770000 1.460000
v -0.785000 0.856193 1.460000
v -0.650000 1.098000 1.233000
v -0.487500 1.114941 1.233000
v -0.487500 1.114941 1.233000
v -0.625000 1.102030 1.233000
v -0.625000 1.102030 1.233000
v 0.000000 1.072381 1.460000
v 0.000000 1.135000 1.233000
v 0.000000 1.135000 1.233000
v 0.625000 1.102030 1.233000
v 0.625000 1.102030 1.233000
v 0.961000 0.775000 1.233000
v 0.961000 0.775000 1.233000
v -0.961000 0.775000 1.233000
v -0.961000 0.775000 1.233000
v -0.785000 0.860330 1.233000
v -0.785000 0.835462 1.047063
v -0.785000 0.835462 1.047063
v -0.949000 0.744000 1.020000
v -0.949000 0.744000 1.020000
v -0.620000 1.135248 1.070000
v -0.260400 1.173228 1.028820
v -0.262500 1.129184 1.233000
v -0.262500 1.129184 1.233000
v 0.262500 1.129184 1.233000
v 0.262500 1.129184 1.233000
v 0.487500 1.114941 1.233000
v 0.487500 1.114941 1.233000
v 0.650000 1.098000 1.233000
v 0.785000 0.835462 1.047063
v 0.785000 0.835462 1.047063
v 0.785000 0.860330 1.233000
v -0.645000 1.121858 1.070000
v -0.645000 1.121858 1.070000
v -0.468000 1.201715 0.790000
v -0.483600 1.153320 1.050420
v -0.252000 1.200691 0.790000
v 0.252000 1.200691 0.790000
v 0.000000 1.178000 1.020000
v 0.260400 1.173228 1.028820
v 0.483600 1.153320 1.050420
v 0.468000 1.201715 0.790000
v 0.620000 1.135248 1.070000
v 0.600000 1.135000 0.790000
v 0.645000 1.121858 1.070000
v 0.645000 1.121858 1.070000
v -0.920000 0.690000 0.790000
v -0.920000 0.690000 0.790000
v -0.625000 1.103073 0.790000
v -0.625000 1.103073 0.790000
v -0.785000 0.775784 0.790000
v -0.785000 0.775784 0.790000
v -0.598000 1.126000 0.480000
v -0.600000 1.135000 0.790000
v -0.466440 1.192906 0.480000
v 0.000000 1.195000 0.790000
v 0.785000 0.775784 0.790000
v 0.785000 0.775784 0.790000
v 0.625000 1.103073 0.790000
v 0.625000 1.103073 0.790000
v 0.785000 0.736293 0.480000
v 0.785000 0.736293 0.480000
v 0.877000 0.662000 0.480000
v 0.877000 0.662000 0.480000
v -0.877000 0.662000 0.480000
v -0.877000 0.662000 0.480000
v -0.844000 0.655000 0.220000
v -0.844000 0.655000 0.220000
v -0.785000 0.736293 0.480000
v -0.785000 0.736293 0.480000
v -0.785000 0.711755 0.203761
v -0.785000 0.711755 0.203761
v -0.623000 1.093262 0.480000
v -0.623000 1.093262 0.480000
v -0.600000 1.054181 0.160000
v -0.600000 1.054181 0.160000
v -0.251160 1.191675 0.480000
v 0.000000 1.186000 0.480000
v 0.000000 1.130000 0.220000
v 0.000000 1.130000 0.220000
v -0.252000 1.116625 0.209416
v -0.252000 1.116625 0.209416
v 0.466440 1.192906 0.480000
v 0.251160 1.191675 0.480000
v 0.598000 1.126000 0.480000
v 0.623000 1.093262 0.480000
v 0.623000 1.093262 0.480000
v 0.785000 0.711755 0.203761
v 0.785000 0.711755 0.203761
v -0.625000 1.040626 0.160000
v -0.625000 1.040626 0.160000
v -0.670000 0.943545 0.000000
v -0.670000 0.943545 0.000000
v -0.468000 1.083871 0.183496
v -0.468000 1.083871 0.183496
v 0.000000 1.007765 0.000000
v 0.252000 1.116625 0.209416
v 0.252000 1.116625 0.209416
v 0.468000 1.083871 0.183496
v 0.468000 1.083871 0.183496
v 0.600000 1.054181 0.160000
v 0.600000 1.054181 0.160000
v 0.645000 0.962720 0.000000
v 0.645000 0.962720 0.000000
v 0.625000 1.040626 0.160000
v 0.625000 1.040626 0.160000
v 0.844000 0.655000 0.220000
v 0.844000 0.655000 0.220000
v 0.830000 0.685000 0.000000
v 0.830000 0.685000 0.000000
v -0.830000 0.685000 0.000000
v -0.830000 0.685000 0.000000
v -0.780200 0.761404 0.000000
v -0.780200 0.761404 0.000000
v -0.785000 0.760629 -0.202701
v -0.785000 0.760629 -0.202701
v -0.712690 0.854399 -0.150000
v -0.712690 0.854399 -0.150000
v -0.645000 0.962720 0.000000
v -0.645000 0.962720 0.000000
v -0.687690 0.886041 -0.150000
v -0.687690 0.886041 -0.150000
v -0.503100 0.980360 0.000000
v -0.270900 0.999819 0.000000
v 0.288830 0.894337 -0.232360
v 0.270900 0.999819 0.000000
v 0.503100 0.980360 0.000000
v 0.687690 0.886041 -0.150000
v 0.687690 0.886041 -0.150000
v 0.670000 0.943545 0.000000
v 0.670000 0.943545 0.000000
v 0.780200 0.761404 0.000000
v 0.780200 0.761404 0.000000
v 0.785000 0.760629 -0.202701
v 0.785000 0.760629 -0.202701
v -0.849000 0.703000 -0.250000
v -0.849000 0.703000 -0.250000
v -0.785000 0.768046 -0.299392
v -0.735000 0.817334 -0.210000
v -0.553800 0.832446 -0.315732
v -0.553800 0.832446 -0.315732
v -0.536398 0.889985 -0.189160
v -0.298200 0.822899 -0.432372
v -0.298200 0.822899 -0.432372
v -0.288830 0.894337 -0.232360
v 0.000000 0.819000 -0.480000
v 0.000000 0.819000 -0.480000
v 0.000000 0.896114 -0.250000
v 0.536398 0.889985 -0.189160
v 0.553800 0.832446 -0.315732
v 0.553800 0.832446 -0.315732
v 0.712690 0.854399 -0.150000
v 0.712690 0.854399 -0.150000
v 0.785000 0.768046 -0.299392
v 0.735000 0.817334 -0.210000
v -0.710000 0.841101 -0.210000
v -0.710000 0.841101 -0.210000
v -0.457000 0.799810 -0.750000
v -0.621520 0.809791 -0.750000
v 0.298200 0.822899 -0.432372
v 0.298200 0.822899 -0.432372
v 0.457000 0.799810 -0.750000
v 0.237640 0.825055 -0.750000
v 0.710000 0.841101 -0.210000
v 0.710000 0.841101 -0.210000
v 0.758620 0.801553 -0.750000
v 0.914000 0.705000 -0.750000
v 0.914000 0.705000 -0.750000
v -0.859160 0.751220 -0.750000
v -0.875140 0.758088 -1.233000
v -0.758620 0.801553 -0.750000
v -0.633080 0.792504 -1.233000
v -0.772730 0.784695 -1.233000
v -0.465500 0.771451 -1.233000
v -0.237640 0.825055 -0.750000
v 0.000000 0.836000 -0.750000
v 0.242060 0.797644 -1.233000
v 0.621520 0.809791 -0.750000
v 0.633080 0.792504 -1.233000
v 0.859160 0.751220 -0.750000
v -0.931000 0.738000 -1.233000
v -0.931000 0.738000 -1.233000
v -0.760280 0.746416 -1.480000
v -0.458000 0.726651 -1.480000
v -0.242060 0.797644 -1.233000
v 0.000000 0.744174 -1.420000
v 0.000000 0.744174 -1.420000
v 0.000000 0.809000 -1.233000
v 0.000000 0.774174 -1.420000
v 0.000000 0.774174 -1.420000
v -0.140000 0.733461 -1.480000
v -0.140000 0.733461 -1.480000
v -0.145000 0.737437 -1.420000
v -0.145000 0.737437 -1.420000
v -0.140000 0.756538 -1.480000
v -0.140000 0.756538 -1.480000
v 0.000000 0.739923 -1.480000
v 0.140000 0.733461 -1.480000
v 0.140000 0.733461 -1.480000
v 0.145000 0.737481 -1.420000
v 0.145000 0.737481 -1.420000
v 0.465500 0.771451 -1.233000
v 0.772730 0.784695 -1.233000
v 0.875140 0.758088 -1.233000
v -0.849000 0.656401 -1.565000
v -0.849000 0.656401 -1.565000
v -0.790942 0.631646 -1.675752
v -0.790942 0.631646 -1.675752
v -0.809624 0.638897 -1.651626
v -0.809624 0.638897 -1.651626
v -0.799375 0.636286 -1.668162
v -0.799375 0.636286 -1.668162
v -0.804000 0.629360 -1.664000
v -0.804000 0.629360 -1.664000
v -0.799375 0.630286 -1.668162
v -0.799375 0.630286 -1.668162
v -0.809624 0.632897 -1.651626
v -0.809624 0.632897 -1.651626
v -0.785840 0.632837 -1.690000
v -0.916000 0.666000 -1.480000
v -0.916000 0.666000 -1.480000
v -0.804000 0.635360 -1.664000
v -0.804000 0.635360 -1.664000
v -0.813265 0.689536 -1.540019
v -0.813265 0.689536 -1.540019
v -0.813265 0.695536 -1.540019
v -0.813265 0.695536 -1.540019
v -0.737163 0.721587 -1.553112
v -0.737163 0.721587 -1.553112
v -0.737163 0.715587 -1.553112
v -0.737163 0.715587 -1.553112
v -0.861040 0.703714 -1.480000
v -0.775111 0.631768 -1.690000
v -0.775111 0.631768 -1.690000
v -0.775111 0.637768 -1.690000
v -0.775111 0.637768 -1.690000
v -0.835885 0.680005 -1.550246
v -0.835885 0.680005 -1.550246
v -0.835885 0.674005 -1.550246
v -0.835885 0.674005 -1.550246
v -0.825000 0.685156 -1.538000
v -0.825000 0.685156 -1.538000
v -0.790942 0.637646 -1.675752
v -0.790942 0.637646 -1.675752
v -0.623738 0.700186 -1.629498
v -0.623738 0.700186 -1.629498
v -0.574832 0.689818 -1.665478
v -0.574832 0.689818 -1.665478
v -0.580000 0.685504 -1.660000
v -0.580000 0.685504 -1.660000
v -0.568480 0.675477 -1.690000
v -0.693880 0.669098 -1.690000
v -0.623738 0.694186 -1.629498
v -0.623738 0.694186 -1.629498
v -0.732000 0.715533 -1.554000
v -0.732000 0.715533 -1.554000
v -0.622880 0.752902 -1.480000
v -0.551698 0.674055 -1.690000
v -0.551698 0.674055 -1.690000
v -0.574832 0.683818 -1.665478
v -0.574832 0.683818 -1.665478
v -0.551698 0.680055 -1.690000
v -0.551698 0.680055 -1.690000
v -0.418000 0.668723 -1.690000
v -0.011341 0.701524 -1.680000
v -0.011341 0.701524 -1.680000
v 0.000000 0.702048 -1.680000
v 0.000000 0.702048 -1.680000
v -0.070529 0.708676 -1.627810
v -0.070529 0.708676 -1.627810
v -0.070529 0.714698 -1.627810
v -0.070529 0.714698 -1.627810
v -0.238160 0.752007 -1.480000
v -0.046000 0.700064 -1.680000
v -0.046000 0.700064 -1.680000
v -0.046000 0.700064 -1.680000
v 0.140000 0.756538 -1.480000
v 0.140000 0.756538 -1.480000
v 0.096280 0.730595 -1.573020
v 0.096280 0.730595 -1.573020
v 0.217360 0.689844 -1.690000
v 0.096280 0.718251 -1.573020
v 0.096280 0.718251 -1.573020
v 0.458000 0.726651 -1.480000
v 0.238160 0.752007 -1.480000
v 0.562472 0.677934 -1.678580
v 0.562472 0.677934 -1.678580
v 0.622880 0.752902 -1.480000
v 0.562472 0.683934 -1.678580
v 0.562472 0.683934 -1.678580
v 0.732000 0.715515 -1.554000
v 0.732000 0.715515 -1.554000
v 0.760280 0.746416 -1.480000
v 0.737163 0.721587 -1.553112
v 0.737163 0.721587 -1.553112
v 0.568480 0.675477 -1.690000
v 0.574832 0.689818 -1.665478
v 0.574832 0.689818 -1.665478
v 0.580000 0.685490 -1.660000
v 0.580000 0.685490 -1.660000
v 0.574832 0.683818 -1.665478
v 0.574832 0.683818 -1.665478
v 0.825000 0.684610 -1.538000
v 0.825000 0.684610 -1.538000
v 0.784781 0.631544 -1.681297
v 0.784781 0.631544 -1.681297
v 0.835885 0.674005 -1.550246
v 0.835885 0.674005 -1.550246
v 0.768522 0.709791 -1.547717
v 0.768522 0.709791 -1.547717
v 0.790942 0.637646 -1.675752
v 0.790942 0.637646 -1.675752
v 0.768522 0.703791 -1.547717
v 0.768522 0.703791 -1.547717
v 0.775111 0.631768 -1.690000
v 0.775111 0.631768 -1.690000
v 0.737163 0.715587 -1.553112
v 0.737163 0.715587 -1.553112
v 0.784781 0.637544 -1.681297
v 0.784781 0.637544 -1.681297
v 0.785840 0.632837 -1.690000
v 0.775111 0.637768 -1.690000
v 0.775111 0.637768 -1.690000
v 0.849000 0.654781 -1.565000
v 0.849000 0.654781 -1.565000
v 0.804000 0.628761 -1.664000
v 0.804000 0.628761 -1.664000
v 0.804000 0.634760 -1.664000
v 0.804000 0.634760 -1.664000
v 0.790942 0.631646 -1.675752
v 0.790942 0.631646 -1.675752
v 0.861040 0.703714 -1.480000
v 0.835885 0.680005 -1.550246
v 0.835885 0.680005 -1.550246
v -0.836000 0.594000 -1.690000
v -0.836000 0.594000 -1.690000
v -0.836000 0.594000 -1.690000
v -0.836000 0.594000 -1.690000
v -0.645780 0.556412 -1.860000
v -0.594224 0.598689 -1.826990
v -0.594224 0.598689 -1.826990
v -0.699326 0.611749 -1.758206
v -0.699326 0.611749 -1.758206
v -0.570210 0.580277 -1.860000
v -0.699326 0.605749 -1.758206
v -0.699326 0.605749 -1.758206
v -0.648733 0.593417 -1.798093
v -0.648733 0.593417 -1.798093
v -0.648733 0.599417 -1.798093
v -0.648733 0.599417 -1.798093
v -0.664000 0.594340 -1.790000
v -0.664000 0.594340 -1.790000
v -0.467160 0.582859 -1.860000
v -0.531955 0.583463 -1.860000
v -0.531955 0.583463 -1.860000
v -0.594224 0.592689 -1.826990
v -0.594224 0.592689 -1.826990
v -0.343500 0.602659 -1.860000
v -0.510037 0.661003 -1.734161
v -0.510037 0.661003 -1.734161
v -0.510037 0.655003 -1.734161
v -0.510037 0.655003 -1.734161
v -0.430000 0.612070 -1.819000
v -0.430000 0.612070 -1.819000
v -0.406346 0.595646 -1.860000
v -0.406346 0.595646 -1.860000
v -0.178620 0.615817 -1.860000
v -0.217360 0.689844 -1.690000
v 0.000000 0.622000 -1.860000
v 0.000000 0.699000 -1.690000
v 0.178620 0.615817 -1.860000
v 0.551698 0.674055 -1.690000
v 0.551698 0.674055 -1.690000
v 0.449367 0.611765 -1.798471
v 0.449367 0.611765 -1.798471
v 0.551698 0.680055 -1.690000
v 0.551698 0.680055 -1.690000
v 0.430000 0.604944 -1.819000
v 0.430000 0.604944 -1.819000
v 0.418000 0.668723 -1.690000
v 0.449367 0.617765 -1.798471
v 0.449367 0.617765 -1.798471
v 0.406346 0.595646 -1.860000
v 0.406346 0.595646 -1.860000
v 0.594224 0.598689 -1.826990
v 0.594224 0.598689 -1.826990
v 0.570005 0.592285 -1.839829
v 0.570005 0.592285 -1.839829
v 0.570005 0.586285 -1.839829
v 0.570005 0.586285 -1.839829
v 0.531955 0.577463 -1.860000
v 0.531955 0.577463 -1.860000
v 0.467160 0.582859 -1.860000
v 0.666128 0.600620 -1.788085
v 0.666128 0.600620 -1.788085
v 0.693880 0.669098 -1.690000
v 0.594224 0.592689 -1.826990
v 0.594224 0.592689 -1.826990
v 0.664000 0.599784 -1.790000
v 0.664000 0.599784 -1.790000
v 0.666128 0.606620 -1.788085
v 0.666128 0.606620 -1.788085
v 0.570210 0.580277 -1.860000
v -0.687000 0.535000 -1.860000
v -0.687000 0.535000 -1.860000
v -0.531955 0.577463 -1.860000
v -0.531955 0.577463 -1.860000
v -0.498000 0.567179 -1.878000
v -0.498000 0.567179 -1.878000
v -0.385000 0.570828 -1.897000
v -0.385000 0.570828 -1.897000
v -0.406346 0.589646 -1.860000
v -0.406346 0.589646 -1.860000
v -0.415492 0.576363 -1.891873
v -0.415492 0.576363 -1.891873
v -0.415492 0.570363 -1.891873
v -0.415492 0.570363 -1.891873
v -0.436444 0.570766 -1.888350
v -0.436444 0.570766 -1.888350
v -0.436444 0.564766 -1.888350
v -0.436444 0.564766 -1.888350
v -0.304640 0.493131 -2.010000
v 0.000000 0.538000 -2.010000
v 0.343500 0.602659 -1.860000
v 0.406346 0.589646 -1.860000
v 0.406346 0.589646 -1.860000
v 0.385000 0.563941 -1.897000
v 0.385000 0.563941 -1.897000
v 0.385000 0.569941 -1.897000
v 0.385000 0.569941 -1.897000
v 0.304640 0.493131 -2.010000
v 0.498000 0.566942 -1.878000
v 0.498000 0.566942 -1.878000
v 0.450664 0.570982 -1.885959
v 0.450664 0.570982 -1.885959
v 0.450664 0.564982 -1.885959
v 0.450664 0.564982 -1.885959
v 0.531955 0.583463 -1.860000
v 0.531955 0.583463 -1.860000
v 0.371840 0.485558 -2.010000
v 0.645780 0.556412 -1.860000
v -0.421120 0.465418 -2.010000
v -0.448000 0.445000 -2.010000
v -0.448000 0.445000 -2.010000
v -0.371840 0.485558 -2.010000
v -0.224000 0.530049 -2.010000
v -0.098000 0.467483 -2.100000
v -0.133280 0.457344 -2.100000
v -0.116480 0.535371 -2.010000
v 0.050960 0.468497 -2.100000
v 0.224000 0.530049 -2.010000
v 0.098000 0.467483 -2.100000
v 0.116480 0.535371 -2.010000
v 0.133280 0.457344 -2.100000
v 0.421120 0.465418 -2.010000
v 0.448000 0.445000 -2.010000
v 0.448000 0.445000 -2.010000
v 0.196000 0.427000 -2.100000
v 0.196000 0.427000 -2.100000
v -0.196000 0.427000 -2.100000
v -0.196000 0.427000 -2.100000
v -0.075000 0.423000 -2.115000
v -0.075000 0.423000 -2.115000
v -0.184240 0.441981 -2.100000
v -0.062250 0.439933 -2.115000
v -0.062250 0.439933 -2.115000
v -0.051000 0.440207 -2.115000
v -0.051000 0.440207 -2.115000
v -0.162680 0.455541 -2.100000
v -0.037500 0.441778 -2.115000
v -0.037500 0.441778 -2.115000
v -0.050960 0.468497 -2.100000
v 0.000000 0.469000 -2.100000
v -0.019500 0.441926 -2.115000
v -0.019500 0.441926 -2.115000
v 0.019500 0.441926 -2.115000
v 0.019500 0.441926 -2.115000
v 0.037500 0.441778 -2.115000
v 0.037500 0.441778 -2.115000
v 0.162680 0.455541 -2.100000
v 0.184240 0.441981 -2.100000
v -0.900000 0.762000 1.910000
v -0.900000 0.762000 1.910000
v -0.900000 0.762000 1.910000
v -0.900000 0.762000 1.910000
v -0.941000 0.760000 1.700000
v -0.941000 0.760000 1.700000
v -0.891000 0.551200 1.910000
v -0.891000 0.551200 1.910000
v -0.891000 0.551200 1.910000
v -0.915999 0.298750 1.700000
v -0.875000 0.366750 1.910000
v -0.904000 0.145000 1.700000
v -0.904000 0.145000 1.700000
v -0.841000 0.145000 1.700000
v -0.800000 0.185000 1.910000
v -0.800000 0.185000 1.910000
v -0.937729 0.516150 1.614000
v -0.931998 0.514000 1.700000
v -0.560000 0.145000 1.614000
v -0.921730 0.299646 1.614000
v -0.922972 0.532141 1.595353
v -0.909733 0.145000 1.614000
v -0.909733 0.145000 1.614000
v -0.560000 0.185000 1.614000
v -0.560000 0.185000 1.614000
v -0.947976 0.764360 1.595353
v -0.947976 0.764360 1.595353
v -0.951584 0.766615 1.541235
v -0.951584 0.766615 1.541235
v -0.938971 0.640510 1.595353
v -0.942574 0.684348 1.541235
v -0.910976 0.454734 1.595353
v -0.910976 0.454734 1.595353
v -0.560000 0.454734 1.595353
v -0.947976 0.719197 1.460000
v -0.926577 0.612364 1.541235
v -0.931983 0.674745 1.460000
v -0.920000 0.642993 1.460000
v -0.920000 0.642993 1.460000
v -0.914584 0.560947 1.541235
v -0.914584 0.560947 1.541235
v -0.560000 0.642993 1.460000
v -0.560000 0.560947 1.541235
v -0.948029 0.720135 1.456946
v -0.932037 0.676444 1.456946
v -0.920054 0.645236 1.456946
v -0.920054 0.645236 1.456946
v -0.957054 0.770067 1.456946
v -0.957054 0.770067 1.456946
v -0.949857 0.743185 1.350735
v -0.933877 0.717616 1.350735
v -0.560000 0.645236 1.456946
v -0.921925 0.699353 1.350735
v -0.921925 0.699353 1.350735
v -0.560000 0.699353 1.350735
v -0.951805 0.752200 1.233000
v -0.935864 0.732250 1.233000
v -0.929013 0.713981 1.115265
v -0.924000 0.718000 1.233000
v -0.924000 0.718000 1.233000
v -0.560000 0.718000 1.233000
v -0.944861 0.734460 1.115265
v -0.923285 0.675674 1.020000
v -0.917367 0.699353 1.115265
v -0.917367 0.699353 1.115265
v -0.560000 0.699353 1.115265
v -0.938978 0.707559 1.020000
v -0.910620 0.645236 1.009054
v -0.910620 0.645236 1.009054
v -0.912000 0.652899 1.020000
v -0.912000 0.652899 1.020000
v -0.560000 0.652899 1.020000
v -0.947620 0.741430 1.009054
v -0.947620 0.741430 1.009054
v -0.926046 0.657363 0.924765
v -0.937516 0.702952 1.009054
v -0.910630 0.601120 0.924765
v -0.921847 0.669284 1.009054
v -0.899992 0.560947 0.924765
v -0.899992 0.560947 0.924765
v -0.560000 0.645236 1.009054
v -0.903257 0.518284 0.870647
v -0.893169 0.454734 0.870647
v -0.893169 0.454734 0.870647
v -0.560000 0.560947 0.924765
v -0.918437 0.607254 0.870647
v -0.890817 0.145000 0.852000
v -0.890817 0.145000 0.852000
v -0.890817 0.145000 0.852000
v -0.560000 0.454734 0.870647
v -0.560000 0.185000 0.852000
v -0.560000 0.185000 0.852000
v -0.927817 0.704557 0.852000
v -0.927817 0.704557 0.852000
v -0.915762 0.480734 0.852000
v -0.891943 0.281250 0.790000
v -0.891943 0.281250 0.790000
v -0.900678 0.284889 0.852000
v -0.945000 0.145000 0.790000
v -0.945000 0.145000 0.790000
v -0.560000 0.145000 0.852000
v -0.820000 0.145000 0.790000
v -0.906633 0.472000 0.790000
v -0.850220 0.455200 0.480000
v -0.902000 0.145000 0.480000
v -0.902000 0.145000 0.480000
v -0.777000 0.145000 0.480000
v -0.799637 0.451000 0.220000
v -0.839554 0.274250 0.480000
v -0.794246 0.272500 0.220000
v -0.869000 0.145000 0.220000
v -0.869000 0.145000 0.220000
v -0.730000 0.145000 0.000000
v -0.744000 0.145000 0.220000
v -0.814643 0.655263 -0.250000
v -0.814643 0.655263 -0.250000
v -0.808566 0.669000 -0.100000
v -0.808566 0.669000 -0.100000
v -0.808566 0.669000 -0.100000
v -0.832566 0.669000 -0.100000
v -0.832566 0.669000 -0.100000
v -0.832566 0.669000 -0.100000
v -0.833868 0.675000 -0.100000
v -0.833868 0.675000 -0.100000
v -0.833868 0.675000 -0.100000
v -0.809868 0.675000 -0.100000
v -0.809868 0.675000 -0.100000
v -0.809868 0.675000 -0.100000
v -0.776370 0.469000 0.000000
v -0.773759 0.280000 0.000000
v -0.855000 0.145000 0.000000
v -0.855000 0.145000 0.000000
v -0.749000 0.145000 -0.250000
v -0.830098 0.578000 -0.400000
v -0.830098 0.578000 -0.400000
v -0.830098 0.578000 -0.400000
v -0.825407 0.643120 -0.309313
v -0.825407 0.643120 -0.309313
v -0.854098 0.578000 -0.400000
v -0.854098 0.578000 -0.400000
v -0.854098 0.578000 -0.400000
v -0.849407 0.643120 -0.309313
v -0.849407 0.643120 -0.309313
v -0.840516 0.593000 -0.450000
v -0.840516 0.593000 -0.450000
v -0.840516 0.593000 -0.450000
v -0.884000 0.688000 -0.480000
v -0.884000 0.688000 -0.480000
v -0.864516 0.593000 -0.450000
v -0.864516 0.593000 -0.450000
v -0.864516 0.593000 -0.450000
v -0.811318 0.639938 -0.250000
v -0.811318 0.639938 -0.250000
v -0.813156 0.638000 -0.260000
v -0.813156 0.638000 -0.260000
v -0.813156 0.638000 -0.260000
v -0.822537 0.650000 -0.290000
v -0.822537 0.650000 -0.290000
v -0.822537 0.650000 -0.290000
v -0.825718 0.597500 -0.354501
v -0.825718 0.597500 -0.354501
v -0.849718 0.597500 -0.354501
v -0.849718 0.597500 -0.354501
v -0.800574 0.479800 -0.250000
v -0.835318 0.639938 -0.250000
v -0.835318 0.639938 -0.250000
v -0.837156 0.638000 -0.260000
v -0.837156 0.638000 -0.260000
v -0.837156 0.638000 -0.260000
v -0.846537 0.650000 -0.290000
v -0.846537 0.650000 -0.290000
v -0.846537 0.650000 -0.290000
v -0.838643 0.655263 -0.250000
v -0.838643 0.655263 -0.250000
v -0.796402 0.284500 -0.250000
v -0.909000 0.145000 -0.480000
v -0.909000 0.145000 -0.480000
v -0.874000 0.145000 -0.250000
v -0.874000 0.145000 -0.250000
v -0.845874 0.501000 -0.570000
v -0.845874 0.501000 -0.570000
v -0.845874 0.501000 -0.570000
v -0.858153 0.483000 -0.515000
v -0.858153 0.483000 -0.515000
v -0.858153 0.483000 -0.515000
v -0.834153 0.483000 -0.515000
v -0.834153 0.483000 -0.515000
v -0.834153 0.483000 -0.515000
v -0.850580 0.470800 -0.480000
v -0.896093 0.481000 -0.750000
v -0.866581 0.474386 -0.574928
v -0.866581 0.474386 -0.574928
v -0.869874 0.501000 -0.570000
v -0.869874 0.501000 -0.570000
v -0.869874 0.501000 -0.570000
v -0.832866 0.472209 -0.517296
v -0.832866 0.472209 -0.517296
v -0.842582 0.474386 -0.574928
v -0.842582 0.474386 -0.574928
v -0.839639 0.395411 -0.589554
v -0.839639 0.395411 -0.589554
v -0.863639 0.395411 -0.589554
v -0.863639 0.395411 -0.589554
v -0.856866 0.472209 -0.517296
v -0.856866 0.472209 -0.517296
v -0.839596 0.393000 -0.590000
v -0.839596 0.393000 -0.590000
v -0.839596 0.393000 -0.590000
v -0.831130 0.389000 -0.535000
v -0.831130 0.389000 -0.535000
v -0.831130 0.389000 -0.535000
v -0.863596 0.393000 -0.590000
v -0.863596 0.393000 -0.590000
v -0.863596 0.393000 -0.590000
v -0.855830 0.440491 -0.524045
v -0.855830 0.440491 -0.524045
v -0.831830 0.440491 -0.524045
v -0.831830 0.440491 -0.524045
v -0.830377 0.290000 -0.560000
v -0.830377 0.290000 -0.560000
v -0.830377 0.290000 -0.560000
v -0.827816 0.290000 -0.543000
v -0.827816 0.290000 -0.543000
v -0.827816 0.290000 -0.543000
v -0.855130 0.389000 -0.535000
v -0.855130 0.389000 -0.535000
v -0.855130 0.389000 -0.535000
v -0.851816 0.290000 -0.543000
v -0.851816 0.290000 -0.543000
v -0.851816 0.290000 -0.543000
v -0.854377 0.290000 -0.560000
v -0.854377 0.290000 -0.560000
v -0.854377 0.290000 -0.560000
v -0.841906 0.280750 -0.480000
v -0.882765 0.285000 -0.750000
v -0.939000 0.145000 -0.750000
v -0.939000 0.145000 -0.750000
v -0.784000 0.145000 -0.480000
v -0.814000 0.145000 -0.750000
v -0.814000 0.185000 -0.750000
v -0.814000 0.185000 -0.750000
v -0.914000 0.705000 -0.750000
v -0.914000 0.705000 -0.750000
v -0.560000 0.145000 -0.862000
v -0.917942 0.712652 -0.862000
v -0.917942 0.712652 -0.862000
v -0.918581 0.713893 -0.880158
v -0.918581 0.713893 -0.880158
v -0.903853 0.485591 -0.862000
v -0.889380 0.286913 -0.862000
v -0.881581 0.442645 -0.880158
v -0.881581 0.442645 -0.880158
v -0.880942 0.145000 -0.862000
v -0.880942 0.145000 -0.862000
v -0.560000 0.185000 -0.862000
v -0.560000 0.185000 -0.862000
v -0.920436 0.717493 -0.932855
v -0.920436 0.717493 -0.932855
v -0.904970 0.605394 -0.880158
v -0.890353 0.510457 -0.880158
v -0.883436 0.546069 -0.932855
v -0.883436 0.546069 -0.932855
v -0.560000 0.442645 -0.880158
v -0.908015 0.648923 -0.932855
v -0.893041 0.588925 -0.932855
v -0.896874 0.651884 -1.014932
v -0.560000 0.546069 -0.932855
v -0.912252 0.685119 -1.014932
v -0.916931 0.710437 -1.118355
v -0.901241 0.693173 -1.118355
v -0.886325 0.628146 -1.014932
v -0.886325 0.628146 -1.014932
v -0.889965 0.680842 -1.118355
v -0.889965 0.680842 -1.118355
v -0.560000 0.628146 -1.014932
v -0.926965 0.730167 -1.118355
v -0.926965 0.730167 -1.118355
v -0.560000 0.680842 -1.118355
v -0.914866 0.695086 -1.347645
v -0.921559 0.722400 -1.233000
v -0.905692 0.708750 -1.233000
v -0.898917 0.686777 -1.347645
v -0.894000 0.699000 -1.233000
v -0.894000 0.699000 -1.233000
v -0.560000 0.699000 -1.233000
v -0.880757 0.628146 -1.451068
v -0.880757 0.628146 -1.451068
v -0.887038 0.680842 -1.347645
v -0.887038 0.680842 -1.347645
v -0.560000 0.628146 -1.451068
v -0.560000 0.680842 -1.347645
v -0.908689 0.655918 -1.451068
v -0.892709 0.639718 -1.451068
v -0.879000 0.604825 -1.480000
v -0.879000 0.604825 -1.480000
v -0.560000 0.604825 -1.480000
v -0.906948 0.641530 -1.480000
v -0.886723 0.607095 -1.533145
v -0.870732 0.571496 -1.533145
v -0.890963 0.620119 -1.480000
v -0.858754 0.546069 -1.533145
v -0.858754 0.546069 -1.533145
v -0.875679 0.629711 -1.585842
v -0.875679 0.629711 -1.585842
v -0.850666 0.489412 -1.585842
v -0.838679 0.442645 -1.585842
v -0.838679 0.442645 -1.585842
v -0.838679 0.442645 -1.585842
v -0.560000 0.546069 -1.533145
v -0.560000 0.442645 -1.585842
v -0.859747 0.432091 -1.604000
v -0.859747 0.432091 -1.604000
v -0.859747 0.432091 -1.604000
v -0.866661 0.554885 -1.585842
v -0.831762 0.145000 -1.604000
v -0.831762 0.145000 -1.604000
v -0.831762 0.145000 -1.604000
v -0.560000 0.185000 -1.604000
v -0.560000 0.185000 -1.604000
v -0.826994 0.414400 -1.690000
v -0.826994 0.414400 -1.690000
v -0.826994 0.414400 -1.690000
v -0.826994 0.414400 -1.690000
v -0.843751 0.264621 -1.604000
v -0.843751 0.264621 -1.604000
v -0.843751 0.264621 -1.604000
v -0.560000 0.145000 -1.604000
v -0.841000 0.185000 1.700000
v -0.841000 0.185000 1.700000
v -0.820000 0.185000 0.790000
v -0.820000 0.185000 0.790000
v -0.777000 0.185000 0.480000
v -0.777000 0.185000 0.480000
v -0.744000 0.185000 0.220000
v -0.744000 0.185000 0.220000
v -0.730000 0.185000 0.000000
v -0.730000 0.185000 0.000000
v -0.749000 0.185000 -0.250000
v -0.749000 0.185000 -0.250000
v -0.784000 0.185000 -0.480000
v -0.784000 0.185000 -0.480000
v 0.891000 0.551200 1.910000
v 0.863000 0.235000 1.910000
v 0.863000 0.235000 1.910000
v 0.863000 0.235000 1.910000
v 0.841000 0.185000 1.700000
v 0.841000 0.185000 1.700000
v 0.841000 0.145000 1.700000
v 0.931998 0.514000 1.700000
v 0.915999 0.298750 1.700000
v 0.937729 0.516150 1.614000
v 0.904000 0.145000 1.700000
v 0.904000 0.145000 1.700000
v 0.909733 0.145000 1.614000
v 0.909733 0.145000 1.614000
v 0.560000 0.145000 1.614000
v 0.938971 0.640510 1.595353
v 0.946733 0.763583 1.614000
v 0.946733 0.763583 1.614000
v 0.921730 0.299646 1.614000
v 0.560000 0.185000 1.614000
v 0.560000 0.185000 1.614000
v 0.910976 0.454734 1.595353
v 0.910976 0.454734 1.595353
v 0.914584 0.560947 1.541235
v 0.914584 0.560947 1.541235
v 0.922972 0.532141 1.595353
v 0.560000 0.454734 1.595353
v 0.560000 0.560947 1.541235
v 0.942574 0.684348 1.541235
v 0.947976 0.719197 1.460000
v 0.957000 0.770000 1.460000
v 0.957000 0.770000 1.460000
v 0.951584 0.766615 1.541235
v 0.951584 0.766615 1.541235
v 0.926577 0.612364 1.541235
v 0.948029 0.720135 1.456946
v 0.932037 0.676444 1.456946
v 0.920054 0.645236 1.456946
v 0.920054 0.645236 1.456946
v 0.931983 0.674745 1.460000
v 0.560000 0.642993 1.460000
v 0.920000 0.642993 1.460000
v 0.920000 0.642993 1.460000
v 0.949857 0.743185 1.350735
v 0.921925 0.699353 1.350735
v 0.921925 0.699353 1.350735
v 0.560000 0.645236 1.456946
v 0.958925 0.772407 1.350735
v 0.958925 0.772407 1.350735
v 0.924000 0.718000 1.233000
v 0.924000 0.718000 1.233000
v 0.933877 0.717616 1.350735
v 0.560000 0.699353 1.350735
v 0.951805 0.752200 1.233000
v 0.944861 0.734460 1.115265
v 0.935864 0.732250 1.233000
v 0.560000 0.699353 1.115265
v 0.560000 0.718000 1.233000
v 0.954367 0.757865 1.115265
v 0.954367 0.757865 1.115265
v 0.929013 0.713981 1.115265
v 0.923285 0.675674 1.020000
v 0.938978 0.707559 1.020000
v 0.917367 0.699353 1.115265
v 0.917367 0.699353 1.115265
v 0.949000 0.744000 1.020000
v 0.949000 0.744000 1.020000
v 0.921847 0.669284 1.009054
v 0.912000 0.652899 1.020000
v 0.912000 0.652899 1.020000
v 0.910620 0.645236 1.009054
v 0.910620 0.645236 1.009054
v 0.560000 0.645236 1.009054
v 0.560000 0.652899 1.020000
v 0.937516 0.702952 1.009054
v 0.910630 0.601120 0.924765
v 0.560000 0.560947 0.924765
v 0.903257 0.518284 0.870647
v 0.926046 0.657363 0.924765
v 0.899992 0.560947 0.924765
v 0.899992 0.560947 0.924765
v 0.918437 0.607254 0.870647
v 0.890817 0.145000 0.852000
v 0.890817 0.145000 0.852000
v 0.890817 0.145000 0.852000
v 0.890817 0.145000 0.852000
v 0.560000 0.454734 0.870647
v 0.893169 0.454734 0.870647
v 0.893169 0.454734 0.870647
v 0.560000 0.185000 0.852000
v 0.560000 0.185000 0.852000
v 0.920000 0.690000 0.790000
v 0.920000 0.690000 0.790000
v 0.891943 0.281250 0.790000
v 0.891943 0.281250 0.790000
v 0.906633 0.472000 0.790000
v 0.915762 0.480734 0.852000
v 0.945000 0.145000 0.790000
v 0.945000 0.145000 0.790000
v 0.900678 0.284889 0.852000
v 0.820000 0.145000 0.790000
v 0.560000 0.145000 0.852000
v 0.850220 0.455200 0.480000
v 0.799637 0.451000 0.220000
v 0.794246 0.272500 0.220000
v 0.839554 0.274250 0.480000
v 0.777000 0.145000 0.480000
v 0.869000 0.145000 0.220000
v 0.869000 0.145000 0.220000
v 0.902000 0.145000 0.480000
v 0.902000 0.145000 0.480000
v 0.777000 0.185000 0.480000
v 0.777000 0.185000 0.480000
v 0.744000 0.185000 0.220000
v 0.744000 0.185000 0.220000
v 0.776370 0.469000 0.000000
v 0.773759 0.280000 0.000000
v 0.855000 0.145000 0.000000
v 0.855000 0.145000 0.000000
v 0.730000 0.185000 0.000000
v 0.730000 0.185000 0.000000
v 0.730000 0.145000 0.000000
v 0.744000 0.145000 0.220000
v 0.809868 0.675000 -0.100000
v 0.809868 0.675000 -0.100000
v 0.809868 0.675000 -0.100000
v 0.808566 0.669000 -0.100000
v 0.808566 0.669000 -0.100000
v 0.808566 0.669000 -0.100000
v 0.835318 0.639938 -0.250000
v 0.835318 0.639938 -0.250000
v 0.833868 0.675000 -0.100000
v 0.833868 0.675000 -0.100000
v 0.833868 0.675000 -0.100000
v 0.796402 0.284500 -0.250000
v 0.874000 0.145000 -0.250000
v 0.874000 0.145000 -0.250000
v 0.830098 0.578000 -0.400000
v 0.830098 0.578000 -0.400000
v 0.830098 0.578000 -0.400000
v 0.854098 0.578000 -0.400000
v 0.854098 0.578000 -0.400000
v 0.854098 0.578000 -0.400000
v 0.840516 0.593000 -0.450000
v 0.840516 0.593000 -0.450000
v 0.840516 0.593000 -0.450000
v 0.850580 0.470800 -0.480000
v 0.849718 0.597500 -0.354501
v 0.849718 0.597500 -0.354501
v 0.849000 0.703000 -0.250000
v 0.849000 0.703000 -0.250000
v 0.864516 0.593000 -0.450000
v 0.864516 0.593000 -0.450000
v 0.864516 0.593000 -0.450000
v 0.822537 0.650000 -0.290000
v 0.822537 0.650000 -0.290000
v 0.822537 0.650000 -0.290000
v 0.813156 0.638000 -0.260000
v 0.813156 0.638000 -0.260000
v 0.813156 0.638000 -0.260000
v 0.811318 0.639938 -0.250000
v 0.811318 0.639938 -0.250000
v 0.814643 0.655263 -0.250000
v 0.814643 0.655263 -0.250000
v 0.838643 0.655263 -0.250000
v 0.838643 0.655263 -0.250000
v 0.825718 0.597500 -0.354501
v 0.825718 0.597500 -0.354501
v 0.825407 0.643120 -0.309313
v 0.825407 0.643120 -0.309313
v 0.800574 0.479800 -0.250000
v 0.837156 0.638000 -0.260000
v 0.837156 0.638000 -0.260000
v 0.837156 0.638000 -0.260000
v 0.849407 0.643120 -0.309313
v 0.849407 0.643120 -0.309313
v 0.846537 0.650000 -0.290000
v 0.846537 0.650000 -0.290000
v 0.846537 0.650000 -0.290000
v 0.841906 0.280750 -0.480000
v 0.909000 0.145000 -0.480000
v 0.909000 0.145000 -0.480000
v 0.784000 0.185000 -0.480000
v 0.784000 0.185000 -0.480000
v 0.784000 0.145000 -0.480000
v 0.749000 0.145000 -0.250000
v 0.884000 0.688000 -0.480000
v 0.884000 0.688000 -0.480000
v 0.834153 0.483000 -0.515000
v 0.834153 0.483000 -0.515000
v 0.834153 0.483000 -0.515000
v 0.845874 0.501000 -0.570000
v 0.845874 0.501000 -0.570000
v 0.845874 0.501000 -0.570000
v 0.856866 0.472209 -0.517296
v 0.856866 0.472209 -0.517296
v 0.858153 0.483000 -0.515000
v 0.858153 0.483000 -0.515000
v 0.858153 0.483000 -0.515000
v 0.869874 0.501000 -0.570000
v 0.869874 0.501000 -0.570000
v 0.869874 0.501000 -0.570000
v 0.866581 0.474386 -0.574928
v 0.866581 0.474386 -0.574928
v 0.842582 0.474386 -0.574928
v 0.842582 0.474386 -0.574928
v 0.855830 0.440491 -0.524045
v 0.855830 0.440491 -0.524045
v 0.832866 0.472209 -0.517296
v 0.832866 0.472209 -0.517296
v 0.839596 0.393000 -0.590000
v 0.839596 0.393000 -0.590000
v 0.839596 0.393000 -0.590000
v 0.831130 0.389000 -0.535000
v 0.831130 0.389000 -0.535000
v 0.831130 0.389000 -0.535000
v 0.863639 0.395411 -0.589554
v 0.863639 0.395411 -0.589554
v 0.839639 0.395411 -0.589554
v 0.839639 0.395411 -0.589554
v 0.855130 0.389000 -0.535000
v 0.855130 0.389000 -0.535000
v 0.855130 0.389000 -0.535000
v 0.831830 0.440491 -0.524045
v 0.831830 0.440491 -0.524045
v 0.830377 0.290000 -0.560000
v 0.830377 0.290000 -0.560000
v 0.830377 0.290000 -0.560000
v 0.827816 0.290000 -0.543000
v 0.827816 0.290000 -0.543000
v 0.827816 0.290000 -0.543000
v 0.863596 0.393000 -0.590000
v 0.863596 0.393000 -0.590000
v 0.863596 0.393000 -0.590000
v 0.814000 0.145000 -0.750000
v 0.896093 0.481000 -0.750000
v 0.882765 0.285000 -0.750000
v 0.939000 0.145000 -0.750000
v 0.939000 0.145000 -0.750000
v 0.814000 0.185000 -0.750000
v 0.814000 0.185000 -0.750000
v 0.889380 0.286913 -0.862000
v 0.890353 0.510457 -0.880158
v 0.904970 0.605394 -0.880158
v 0.903853 0.485591 -0.862000
v 0.880942 0.145000 -0.862000
v 0.880942 0.145000 -0.862000
v 0.881581 0.442645 -0.880158
v 0.881581 0.442645 -0.880158
v 0.560000 0.442645 -0.880158
v 0.560000 0.145000 -0.862000
v 0.893041 0.588925 -0.932855
v 0.560000 0.546069 -0.932855
v 0.883436 0.546069 -0.932855
v 0.883436 0.546069 -0.932855
v 0.912252 0.685119 -1.014932
v 0.923325 0.723101 -1.014932
v 0.923325 0.723101 -1.014932
v 0.908015 0.648923 -0.932855
v 0.886325 0.628146 -1.014932
v 0.886325 0.628146 -1.014932
v 0.896874 0.651884 -1.014932
v 0.560000 0.628146 -1.014932
v 0.916931 0.710437 -1.118355
v 0.560000 0.680842 -1.118355
v 0.889965 0.680842 -1.118355
v 0.889965 0.680842 -1.118355
v 0.926965 0.730167 -1.118355
v 0.926965 0.730167 -1.118355
v 0.905692 0.708750 -1.233000
v 0.921559 0.722400 -1.233000
v 0.894000 0.699000 -1.233000
v 0.894000 0.699000 -1.233000
v 0.901241 0.693173 -1.118355
v 0.560000 0.699000 -1.233000
v 0.931000 0.738000 -1.233000
v 0.931000 0.738000 -1.233000
v 0.898917 0.686777 -1.347645
v 0.560000 0.680842 -1.347645
v 0.892709 0.639718 -1.451068
v 0.908689 0.655918 -1.451068
v 0.914866 0.695086 -1.347645
v 0.887038 0.680842 -1.347645
v 0.887038 0.680842 -1.347645
v 0.880757 0.628146 -1.451068
v 0.880757 0.628146 -1.451068
v 0.916000 0.666000 -1.480000
v 0.916000 0.666000 -1.480000
v 0.890963 0.620119 -1.480000
v 0.560000 0.604825 -1.480000
v 0.560000 0.628146 -1.451068
v 0.906948 0.641530 -1.480000
v 0.879000 0.604825 -1.480000
v 0.879000 0.604825 -1.480000
v 0.870732 0.571496 -1.533145
v 0.850666 0.489412 -1.585842
v 0.850666 0.489412 -1.585842
v 0.886723 0.607095 -1.533145
v 0.560000 0.546069 -1.533145
v 0.858754 0.546069 -1.533145
v 0.858754 0.546069 -1.533145
v 0.866661 0.554885 -1.585842
v 0.838679 0.442645 -1.585842
v 0.838679 0.442645 -1.585842
v 0.838679 0.442645 -1.585842
v 0.560000 0.442645 -1.585842
v 0.560000 0.145000 -1.604000
v 0.831762 0.145000 -1.604000
v 0.831762 0.145000 -1.604000
v 0.831762 0.145000 -1.604000
v 0.868762 0.623486 -1.604000
v 0.868762 0.623486 -1.604000
v 0.810996 0.257250 -1.690000
v 0.810996 0.257250 -1.690000
v 0.810996 0.257250 -1.690000
v 0.810996 0.257250 -1.690000
v 0.826994 0.414400 -1.690000
v 0.826994 0.414400 -1.690000
v 0.826994 0.414400 -1.690000
v 0.826994 0.414400 -1.690000
v 0.859747 0.432091 -1.604000
v 0.859747 0.432091 -1.604000
v 0.859747 0.432091 -1.604000
v 0.799000 0.145000 -1.690000
v 0.799000 0.145000 -1.690000
v 0.799000 0.145000 -1.690000
v 0.799000 0.145000 -1.690000
v 0.843751 0.264621 -1.604000
v 0.843751 0.264621 -1.604000
v 0.736000 0.145000 -1.690000
v 0.800000 0.185000 1.910000
v 0.800000 0.185000 1.910000
v 0.820000 0.185000 0.790000
v 0.820000 0.185000 0.790000
v 0.749000 0.185000 -0.250000
v 0.749000 0.185000 -0.250000
v 0.560000 0.185000 -0.862000
v 0.560000 0.185000 -0.862000
v 0.560000 0.185000 -1.604000
v 0.560000 0.185000 -1.604000
v -0.244220 0.373000 -2.022313
v -0.244220 0.373000 -2.022313
v -0.196426 0.373000 -2.038519
v -0.196426 0.373000 -2.038519
v -0.196426 0.373000 -2.038519
v -0.400386 0.367484 -1.970146
v -0.400386 0.367484 -1.970146
v -0.400386 0.367484 -1.970146
v -0.400386 0.367484 -2.045146
v -0.400386 0.367484 -2.045146
v -0.380000 0.373000 -2.050791
v -0.380000 0.373000 -2.050791
v -0.380000 0.373000 -2.050791
v -0.380000 0.373000 -1.975791
v -0.380000 0.373000 -1.975791
v -0.380000 0.373000 -1.975791
v -0.244220 0.373000 -2.097313
v -0.244220 0.373000 -2.097313
v -0.196558 0.356160 -2.042735
v -0.196558 0.356160 -2.042735
v -0.196558 0.356160 -2.042735
v -0.196558 0.356160 -2.042735
v -0.196426 0.373000 -2.113519
v -0.196426 0.373000 -2.113519
v -0.070665 0.373000 -2.054544
v -0.070665 0.373000 -2.054544
v -0.070665 0.373000 -2.054544
v -0.071585 0.373000 -2.054088
v -0.071585 0.373000 -2.054088
v -0.071585 0.373000 -2.054088
v -0.075153 0.373000 -2.127675
v -0.075153 0.373000 -2.127675
v -0.075153 0.373000 -2.052675
v -0.075153 0.373000 -2.052675
v -0.075153 0.373000 -2.052675
v -0.071585 0.373000 -2.129088
v -0.071585 0.373000 -2.129088
v -0.063256 0.373000 -2.130914
v -0.063256 0.373000 -2.130914
v -0.063256 0.373000 -2.055914
v -0.063256 0.373000 -2.055914
v -0.063256 0.373000 -2.055914
v -0.070500 0.431998 -2.115000
v -0.070500 0.431998 -2.115000
v -0.062411 0.373000 -2.131110
v -0.062411 0.373000 -2.131110
v -0.070701 0.360058 -2.057735
v -0.070701 0.360058 -2.057735
v -0.070701 0.360058 -2.057735
v -0.070701 0.360058 -2.057735
v -0.070701 0.360058 -2.057735
v -0.070701 0.360058 -2.057735
v -0.070665 0.373000 -2.129544
v -0.070665 0.373000 -2.129544
v -0.051145 0.366461 -2.057735
v -0.051145 0.366461 -2.057735
v -0.051145 0.366461 -2.057735
v -0.051132 0.373000 -2.056163
v -0.051132 0.373000 -2.056163
v -0.051132 0.373000 -2.056163
v -0.051132 0.373000 -2.131163
v -0.051132 0.373000 -2.131163
v -0.062427 0.366248 -2.057735
v -0.062427 0.366248 -2.057735
v -0.062427 0.366248 -2.057735
v -0.062427 0.366248 -2.057735
v -0.062427 0.366248 -2.057735
v -0.062411 0.373000 -2.056110
v -0.062411 0.373000 -2.056110
v -0.062411 0.373000 -2.056110
v -0.038588 0.373000 -2.056436
v -0.038588 0.373000 -2.056436
v -0.038588 0.373000 -2.131436
v -0.038588 0.373000 -2.131436
v -0.037607 0.367687 -2.057735
v -0.037607 0.367687 -2.057735
v -0.037607 0.367687 -2.057735
v -0.037599 0.373000 -2.056463
v -0.037599 0.373000 -2.056463
v -0.037599 0.373000 -2.056463
v -0.037599 0.373000 -2.131463
v -0.037599 0.373000 -2.131463
v 0.000000 0.442000 -2.115000
v 0.000000 0.442000 -2.115000
v 0.051132 0.373000 -2.056163
v 0.051132 0.373000 -2.056163
v 0.051132 0.373000 -2.056163
v 0.049961 0.373000 -2.056195
v 0.049961 0.373000 -2.056195
v 0.037599 0.373000 -2.056463
v 0.037599 0.373000 -2.056463
v 0.037599 0.373000 -2.056463
v 0.049961 0.373000 -2.131195
v 0.049961 0.373000 -2.131195
v 0.037599 0.373000 -2.131463
v 0.037599 0.373000 -2.131463
v 0.051000 0.440207 -2.115000
v 0.051000 0.440207 -2.115000
v 0.062411 0.373000 -2.131110
v 0.062411 0.373000 -2.131110
v 0.051145 0.366461 -2.057735
v 0.051145 0.366461 -2.057735
v 0.051145 0.366461 -2.057735
v 0.051132 0.373000 -2.131163
v 0.051132 0.373000 -2.131163
v 0.069332 0.373000 -2.129861
v 0.069332 0.373000 -2.129861
v 0.070665 0.373000 -2.129544
v 0.070665 0.373000 -2.129544
v 0.070665 0.373000 -2.054544
v 0.070665 0.373000 -2.054544
v 0.070665 0.373000 -2.054544
v 0.062250 0.439933 -2.115000
v 0.062250 0.439933 -2.115000
v 0.062411 0.373000 -2.056110
v 0.062411 0.373000 -2.056110
v 0.062411 0.373000 -2.056110
v 0.069332 0.373000 -2.054862
v 0.069332 0.373000 -2.054862
v 0.069332 0.373000 -2.054862
v 0.075153 0.373000 -2.052675
v 0.075153 0.373000 -2.052675
v 0.075153 0.373000 -2.052675
v 0.074022 0.373000 -2.053252
v 0.074022 0.373000 -2.053252
v 0.074022 0.373000 -2.053252
v 0.075214 0.353040 -2.057735
v 0.075214 0.353040 -2.057735
v 0.075214 0.353040 -2.057735
v 0.075214 0.353040 -2.057735
v 0.075214 0.353040 -2.057735
v 0.070500 0.431998 -2.115000
v 0.070500 0.431998 -2.115000
v 0.074022 0.373000 -2.128252
v 0.074022 0.373000 -2.128252
v 0.196426 0.373000 -2.113519
v 0.196426 0.373000 -2.113519
v 0.075000 0.423000 -2.115000
v 0.075000 0.423000 -2.115000
v 0.075153 0.373000 -2.127675
v 0.075153 0.373000 -2.127675
v 0.449276 0.370200 -2.027735
v 0.400386 0.367484 -1.970146
v 0.400386 0.367484 -1.970146
v 0.400386 0.367484 -1.970146
v 0.196426 0.373000 -2.038519
v 0.196426 0.373000 -2.038519
v 0.196426 0.373000 -2.038519
v 0.380000 0.373000 -1.975724
v 0.380000 0.373000 -1.975724
v 0.380000 0.373000 -1.975724
v 0.380000 0.373000 -2.050724
v 0.380000 0.373000 -2.050724
v 0.380000 0.373000 -2.050724
v 0.687000 0.535000 -1.860000
v 0.687000 0.535000 -1.860000
v -0.770000 0.426086 -1.748730
v -0.770000 0.426086 -1.748730
v -0.770000 0.426086 -1.748730
v -0.772475 0.423469 -1.785103
v -0.772475 0.423469 -1.785103
v -0.735000 0.436000 -1.787392
v -0.735000 0.436000 -1.787392
v -0.735000 0.436000 -1.787392
v -0.700000 0.426086 -1.827163
v -0.700000 0.426086 -1.827163
v -0.700000 0.426086 -1.827163
v -0.700000 0.426086 -1.866163
v -0.700000 0.426086 -1.866163
v -0.700000 0.426086 -1.866163
v -0.772475 0.423469 -1.746103
v -0.772475 0.423469 -1.746103
v -0.686659 0.341500 -1.846844
v -0.686659 0.341500 -1.846844
v -0.686659 0.341500 -1.846844
v -0.686659 0.341500 -1.846844
v -0.795622 0.399000 -1.759978
v -0.795622 0.399000 -1.759978
v -0.795622 0.399000 -1.759978
v -0.803730 0.367009 -1.713206
v -0.803730 0.367009 -1.713206
v -0.803730 0.367009 -1.713206
v -0.795622 0.399000 -1.720978
v -0.795622 0.399000 -1.720978
v -0.795622 0.399000 -1.720978
v -0.803730 0.367009 -1.752206
v -0.803730 0.367009 -1.752206
v -0.448972 0.354337 -1.954380
v -0.448972 0.354337 -1.954380
v -0.448972 0.354337 -1.954380
v -0.461561 0.300481 -2.026808
v -0.461561 0.300481 -2.026808
v -0.465000 0.350000 -2.020182
v -0.465000 0.350000 -2.020182
v -0.465000 0.350000 -2.020182
v -0.465000 0.350000 -1.945182
v -0.465000 0.350000 -1.945182
v -0.465000 0.350000 -1.945182
v -0.449276 0.370200 -2.027735
v -0.461561 0.300481 -1.951808
v -0.461561 0.300481 -1.951808
v -0.461561 0.300481 -1.951808
v -0.461165 0.294774 -1.952438
v -0.461165 0.294774 -1.952438
v -0.461165 0.294774 -1.952438
v -0.461165 0.294774 -2.027437
v -0.461165 0.294774 -2.027437
v -0.688338 0.413757 -1.840919
v -0.688338 0.413757 -1.840919
v -0.688338 0.413757 -1.840919
v -0.688338 0.413757 -1.879919
v -0.688338 0.413757 -1.879919
v -0.674378 0.399000 -1.850489
v -0.674378 0.399000 -1.850489
v -0.674378 0.399000 -1.850489
v -0.665000 0.362000 -1.858752
v -0.665000 0.362000 -1.858752
v -0.665000 0.362000 -1.858752
v -0.688957 0.440400 -1.877735
v -0.674378 0.399000 -1.889489
v -0.674378 0.399000 -1.889489
v -0.674378 0.399000 -1.889489
v -0.671018 0.338259 -1.895665
v -0.671018 0.338259 -1.895665
v -0.423487 0.361233 -1.962721
v -0.423487 0.361233 -1.962721
v -0.423487 0.361233 -2.037721
v -0.423487 0.361233 -2.037721
v -0.448972 0.354337 -2.029380
v -0.448972 0.354337 -2.029380
v -0.075214 0.353040 -2.057735
v -0.075214 0.353040 -2.057735
v -0.075214 0.353040 -2.057735
v -0.075214 0.353040 -2.057735
v -0.070465 0.284849 -2.065844
v -0.070465 0.284849 -2.065844
v -0.070465 0.284849 -2.065844
v -0.070465 0.284849 -2.065844
v -0.070465 0.284849 -2.065844
v -0.070465 0.284849 -2.065844
v 0.037481 0.290228 -2.065844
v 0.037481 0.290228 -2.065844
v 0.037607 0.367687 -2.057735
v 0.037607 0.367687 -2.057735
v 0.037607 0.367687 -2.057735
v 0.062427 0.366248 -2.057735
v 0.062427 0.366248 -2.057735
v 0.062427 0.366248 -2.057735
v 0.062427 0.366248 -2.057735
v 0.062427 0.366248 -2.057735
v 0.062219 0.289213 -2.065844
v 0.062219 0.289213 -2.065844
v 0.062219 0.289213 -2.065844
v 0.062219 0.289213 -2.065844
v 0.062219 0.289213 -2.065844
v 0.050975 0.289364 -2.065844
v 0.050975 0.289364 -2.065844
v 0.070701 0.360058 -2.057735
v 0.070701 0.360058 -2.057735
v 0.070701 0.360058 -2.057735
v 0.070701 0.360058 -2.057735
v 0.070701 0.360058 -2.057735
v 0.070701 0.360058 -2.057735
v 0.074963 0.279900 -2.065844
v 0.074963 0.279900 -2.065844
v 0.074963 0.279900 -2.065844
v 0.074963 0.279900 -2.065844
v 0.074963 0.279900 -2.065844
v 0.070465 0.284849 -2.065844
v 0.070465 0.284849 -2.065844
v 0.070465 0.284849 -2.065844
v 0.070465 0.284849 -2.065844
v 0.070465 0.284849 -2.065844
v 0.448972 0.354337 -1.954380
v 0.448972 0.354337 -1.954380
v 0.448972 0.354337 -1.954380
v 0.400386 0.367484 -2.045146
v 0.400386 0.367484 -2.045146
v 0.448972 0.354337 -2.029380
v 0.448972 0.354337 -2.029380
v 0.196558 0.356160 -2.042735
v 0.196558 0.356160 -2.042735
v 0.196558 0.356160 -2.042735
v 0.196558 0.356160 -2.042735
v 0.669676 0.343553 -1.856995
v 0.669676 0.343553 -1.856995
v 0.669676 0.343553 -1.856995
v 0.665000 0.362000 -1.897576
v 0.665000 0.362000 -1.897576
v 0.665000 0.362000 -1.897576
v 0.665000 0.362000 -1.858576
v 0.665000 0.362000 -1.858576
v 0.665000 0.362000 -1.858576
v 0.688338 0.413757 -1.879919
v 0.688338 0.413757 -1.879919
v 0.674378 0.399000 -1.850380
v 0.674378 0.399000 -1.850380
v 0.674378 0.399000 -1.850380
v 0.688957 0.440400 -1.877735
v 0.465000 0.350000 -1.945020
v 0.465000 0.350000 -1.945020
v 0.465000 0.350000 -1.945020
v 0.447778 0.292000 -1.960844
v 0.447778 0.292000 -1.960844
v 0.447778 0.292000 -1.960844
v 0.447778 0.292000 -1.960844
v 0.461165 0.294774 -1.952438
v 0.461165 0.294774 -1.952438
v 0.461165 0.294774 -1.952438
v 0.671018 0.338259 -1.856665
v 0.671018 0.338259 -1.856665
v 0.671018 0.338259 -1.856665
v 0.669676 0.343553 -1.895995
v 0.669676 0.343553 -1.895995
v 0.671018 0.338259 -1.895665
v 0.671018 0.338259 -1.895665
v 0.735000 0.436000 -1.787172
v 0.735000 0.436000 -1.787172
v 0.735000 0.436000 -1.787172
v 0.795622 0.399000 -1.720661
v 0.795622 0.399000 -1.720661
v 0.795622 0.399000 -1.720661
v 0.770000 0.426086 -1.748266
v 0.770000 0.426086 -1.748266
v 0.770000 0.426086 -1.748266
v 0.838381 0.486420 -1.707735
v 0.838381 0.486420 -1.707735
v 0.838381 0.486420 -1.707735
v 0.835585 0.373950 -1.715844
v 0.835585 0.373950 -1.715844
v 0.835585 0.373950 -1.715844
v 0.835585 0.373950 -1.715844
v 0.712641 0.429667 -1.812585
v 0.712641 0.429667 -1.812585
v 0.797609 0.391160 -1.718773
v 0.797609 0.391160 -1.718773
v 0.803730 0.367009 -1.713206
v 0.803730 0.367009 -1.713206
v 0.803730 0.367009 -1.713206
v 0.688338 0.413757 -1.840919
v 0.688338 0.413757 -1.840919
v 0.688338 0.413757 -1.840919
v 0.700000 0.426086 -1.866061
v 0.700000 0.426086 -1.866061
v 0.700000 0.426086 -1.866061
v 0.700000 0.426086 -1.827061
v 0.700000 0.426086 -1.827061
v 0.700000 0.426086 -1.827061
v 0.797609 0.391160 -1.757773
v 0.797609 0.391160 -1.757773
v 0.803730 0.367009 -1.752206
v 0.803730 0.367009 -1.752206
v 0.712641 0.429667 -1.851585
v 0.712641 0.429667 -1.851585
v -0.684192 0.314626 -1.844621
v -0.684192 0.314626 -1.844621
v -0.684192 0.314626 -1.844621
v -0.700000 0.297914 -1.822719
v -0.700000 0.297914 -1.822719
v -0.700000 0.297914 -1.822719
v -0.805000 0.362000 -1.710745
v -0.805000 0.362000 -1.710745
v -0.805000 0.362000 -1.710745
v -0.700000 0.297914 -1.861719
v -0.700000 0.297914 -1.861719
v -0.700000 0.297914 -1.861719
v -0.805000 0.362000 -1.749745
v -0.805000 0.362000 -1.749745
v -0.805000 0.362000 -1.749745
v -0.770000 0.297914 -1.739950
v -0.770000 0.297914 -1.739950
v -0.770000 0.297914 -1.739950
v -0.735000 0.288000 -1.779415
v -0.735000 0.288000 -1.779415
v -0.735000 0.288000 -1.779415
v -0.795622 0.325000 -1.714802
v -0.795622 0.325000 -1.714802
v -0.795622 0.325000 -1.714802
v -0.835585 0.373950 -1.715844
v -0.835585 0.373950 -1.715844
v -0.835585 0.373950 -1.715844
v -0.835585 0.373950 -1.715844
v -0.446484 0.274911 -1.959056
v -0.446484 0.274911 -1.959056
v -0.446484 0.274911 -1.959056
v -0.460000 0.278000 -1.950613
v -0.460000 0.278000 -1.950613
v -0.460000 0.278000 -1.950613
v -0.671018 0.338259 -1.856665
v -0.671018 0.338259 -1.856665
v -0.671018 0.338259 -1.856665
v -0.446484 0.274911 -2.034056
v -0.446484 0.274911 -2.034056
v -0.672119 0.333915 -1.855267
v -0.672119 0.333915 -1.855267
v -0.672119 0.333915 -1.894267
v -0.672119 0.333915 -1.894267
v -0.674378 0.325000 -1.891517
v -0.674378 0.325000 -1.891517
v -0.674378 0.325000 -1.891517
v -0.674378 0.325000 -1.852517
v -0.674378 0.325000 -1.852517
v -0.674378 0.325000 -1.852517
v -0.684192 0.314626 -1.883621
v -0.684192 0.314626 -1.883621
v -0.195200 0.262000 -2.048623
v -0.195200 0.262000 -2.048623
v -0.195200 0.262000 -2.048623
v -0.195200 0.262000 -2.123623
v -0.195200 0.262000 -2.123623
v -0.356854 0.262000 -1.990079
v -0.356854 0.262000 -1.990079
v -0.193312 0.208040 -2.117663
v -0.447778 0.292000 -1.960844
v -0.447778 0.292000 -1.960844
v -0.447778 0.292000 -1.960844
v -0.447778 0.292000 -1.960844
v -0.447778 0.292000 -1.960844
v -0.390000 0.262000 -1.977975
v -0.390000 0.262000 -1.977975
v -0.390000 0.262000 -1.977975
v -0.356854 0.262000 -2.065079
v -0.356854 0.262000 -2.065079
v -0.390000 0.262000 -2.052975
v -0.390000 0.262000 -2.052975
v -0.390000 0.262000 -2.052975
v -0.074720 0.262000 -2.063842
v -0.074720 0.262000 -2.063842
v -0.074720 0.262000 -2.063842
v -0.074720 0.262000 -2.138842
v -0.074720 0.262000 -2.138842
v -0.195903 0.282100 -2.050844
v -0.195903 0.282100 -2.050844
v -0.195903 0.282100 -2.050844
v -0.195903 0.282100 -2.050844
v -0.074963 0.279900 -2.065844
v -0.074963 0.279900 -2.065844
v -0.074963 0.279900 -2.065844
v -0.074963 0.279900 -2.065844
v -0.073580 0.262000 -2.063760
v -0.073580 0.262000 -2.063760
v -0.073580 0.262000 -2.063760
v -0.070182 0.262000 -2.138358
v -0.070182 0.262000 -2.138358
v -0.073580 0.262000 -2.138760
v -0.073580 0.262000 -2.138760
v -0.073971 0.206760 -2.132663
v -0.061928 0.262000 -2.062954
v -0.061928 0.262000 -2.062954
v -0.061928 0.262000 -2.062954
v -0.067614 0.262000 -2.138272
v -0.067614 0.262000 -2.138272
v -0.067614 0.262000 -2.063272
v -0.067614 0.262000 -2.063272
v -0.067614 0.262000 -2.063272
v -0.070182 0.262000 -2.063358
v -0.070182 0.262000 -2.063358
v -0.070182 0.262000 -2.063358
v -0.061396 0.212179 -2.132663
v -0.062219 0.289213 -2.065844
v -0.062219 0.289213 -2.065844
v -0.062219 0.289213 -2.065844
v -0.062219 0.289213 -2.065844
v -0.062219 0.289213 -2.065844
v -0.050975 0.289364 -2.065844
v -0.050975 0.289364 -2.065844
v -0.050735 0.262000 -2.137940
v -0.050735 0.262000 -2.137940
v -0.061928 0.262000 -2.137954
v -0.061928 0.262000 -2.137954
v -0.037481 0.290228 -2.065844
v -0.037481 0.290228 -2.065844
v -0.045977 0.262000 -2.062921
v -0.045977 0.262000 -2.062921
v -0.037301 0.262000 -2.137862
v -0.037301 0.262000 -2.137862
v -0.037301 0.262000 -2.062862
v -0.037301 0.262000 -2.062862
v 0.037301 0.262000 -2.062862
v 0.037301 0.262000 -2.062862
v 0.037301 0.262000 -2.137862
v 0.037301 0.262000 -2.137862
v 0.036986 0.212769 -2.132663
v 0.050735 0.262000 -2.062940
v 0.050735 0.262000 -2.062940
v 0.050301 0.212266 -2.132663
v 0.061928 0.262000 -2.137954
v 0.061928 0.262000 -2.137954
v 0.050735 0.262000 -2.137940
v 0.050735 0.262000 -2.137940
v 0.070182 0.262000 -2.063358
v 0.070182 0.262000 -2.063358
v 0.064720 0.262000 -2.063046
v 0.064720 0.262000 -2.063046
v 0.064720 0.262000 -2.063046
v 0.069533 0.209639 -2.132663
v 0.061928 0.262000 -2.062954
v 0.061928 0.262000 -2.062954
v 0.061928 0.262000 -2.062954
v 0.064720 0.262000 -2.138046
v 0.064720 0.262000 -2.138046
v 0.074720 0.262000 -2.063842
v 0.074720 0.262000 -2.063842
v 0.074720 0.262000 -2.063842
v 0.071491 0.262000 -2.063450
v 0.071491 0.262000 -2.063450
v 0.071491 0.262000 -2.063450
v 0.074720 0.262000 -2.138842
v 0.074720 0.262000 -2.138842
v 0.071491 0.262000 -2.138450
v 0.071491 0.262000 -2.138450
v 0.070182 0.262000 -2.138358
v 0.070182 0.262000 -2.138358
v 0.073971 0.206760 -2.132663
v 0.390000 0.262000 -2.052827
v 0.390000 0.262000 -2.052827
v 0.390000 0.262000 -2.052827
v 0.390000 0.262000 -1.977827
v 0.390000 0.262000 -1.977827
v 0.390000 0.262000 -1.977827
v 0.268284 0.262000 -2.096950
v 0.268284 0.262000 -2.096950
v 0.446484 0.274911 -2.034056
v 0.446484 0.274911 -2.034056
v 0.195903 0.282100 -2.050844
v 0.195903 0.282100 -2.050844
v 0.195903 0.282100 -2.050844
v 0.195903 0.282100 -2.050844
v 0.195200 0.262000 -2.048623
v 0.195200 0.262000 -2.048623
v 0.195200 0.262000 -2.048623
v 0.268284 0.262000 -2.021950
v 0.268284 0.262000 -2.021950
v 0.193312 0.208040 -2.117663
v 0.195200 0.262000 -2.123623
v 0.195200 0.262000 -2.123623
v 0.460778 0.289205 -1.951895
v 0.460778 0.289205 -1.951895
v 0.461165 0.294774 -2.027437
v 0.461165 0.294774 -2.027437
v 0.674378 0.325000 -1.852558
v 0.674378 0.325000 -1.852558
v 0.674378 0.325000 -1.852558
v 0.674378 0.325000 -1.891558
v 0.674378 0.325000 -1.891558
v 0.674378 0.325000 -1.891558
v 0.460778 0.289205 -2.026895
v 0.460778 0.289205 -2.026895
v 0.460000 0.278000 -2.025677
v 0.460000 0.278000 -2.025677
v 0.460000 0.278000 -2.025677
v 0.446484 0.274911 -1.959056
v 0.446484 0.274911 -1.959056
v 0.446484 0.274911 -1.959056
v 0.460000 0.278000 -1.950677
v 0.460000 0.278000 -1.950677
v 0.460000 0.278000 -1.950677
v 0.686659 0.341500 -1.846844
v 0.686659 0.341500 -1.846844
v 0.686659 0.341500 -1.846844
v 0.686659 0.341500 -1.846844
v 0.686659 0.341500 -1.846844
v 0.770000 0.297914 -1.740044
v 0.770000 0.297914 -1.740044
v 0.770000 0.297914 -1.740044
v 0.805000 0.362000 -1.710758
v 0.805000 0.362000 -1.710758
v 0.805000 0.362000 -1.710758
v 0.795622 0.325000 -1.714859
v 0.795622 0.325000 -1.714859
v 0.795622 0.325000 -1.714859
v 0.805000 0.362000 -1.749758
v 0.805000 0.362000 -1.749758
v 0.805000 0.362000 -1.749758
v 0.700000 0.297914 -1.822750
v 0.700000 0.297914 -1.822750
v 0.700000 0.297914 -1.822750
v 0.684192 0.314626 -1.844621
v 0.684192 0.314626 -1.844621
v 0.684192 0.314626 -1.844621
v 0.735000 0.288000 -1.818507
v 0.735000 0.288000 -1.818507
v 0.735000 0.288000 -1.818507
v 0.735000 0.288000 -1.779507
v 0.735000 0.288000 -1.779507
v 0.735000 0.288000 -1.779507
v 0.700000 0.297914 -1.861750
v 0.700000 0.297914 -1.861750
v 0.700000 0.297914 -1.861750
v 0.684192 0.314626 -1.883621
v 0.684192 0.314626 -1.883621
v -0.677579 0.242600 -1.877663
v -0.441856 0.213800 -2.027663
v -0.434932 0.156000 -2.012232
v -0.190283 0.153300 -2.102232
v -0.068443 0.154050 -2.117232
v -0.069533 0.209639 -2.132663
v -0.050301 0.212266 -2.132663
v -0.036986 0.212769 -2.132663
v 0.049512 0.155281 -2.117232
v 0.036406 0.155517 -2.117232
v 0.061396 0.212179 -2.132663
v 0.068443 0.154050 -2.117232
v 0.190283 0.153300 -2.102232
v 0.434932 0.156000 -2.012232
v 0.677579 0.242600 -1.877663
v 0.441856 0.213800 -2.027663
v -0.811614 0.178350 -1.692232
v -0.811614 0.178350 -1.692232
v -0.811614 0.178350 -1.692232
v -0.811614 0.178350 -1.692232
v -0.798380 0.105000 -1.675000
v -0.798380 0.105000 -1.675000
v -0.798380 0.105000 -1.675000
v -0.427840 0.105000 -1.995000
v -0.427840 0.105000 -1.995000
v -0.666960 0.169500 -1.862232
v -0.656085 0.105000 -1.845000
v -0.656085 0.105000 -1.845000
v -0.187180 0.105000 -2.085000
v -0.187180 0.105000 -2.085000
v -0.072812 0.152700 -2.117232
v -0.067327 0.105000 -2.100000
v -0.067327 0.105000 -2.100000
v -0.071625 0.105000 -2.100000
v -0.071625 0.105000 -2.100000
v -0.060434 0.155240 -2.117232
v -0.049512 0.155281 -2.117232
v -0.035813 0.105000 -2.100000
v -0.035813 0.105000 -2.100000
v -0.036406 0.155517 -2.117232
v 0.060434 0.155240 -2.117232
v 0.067327 0.105000 -2.100000
v 0.067327 0.105000 -2.100000
v 0.072812 0.152700 -2.117232
v 0.187180 0.105000 -2.085000
v 0.187180 0.105000 -2.085000
v 0.656085 0.105000 -1.845000
v 0.656085 0.105000 -1.845000
v 0.427840 0.105000 -1.995000
v 0.427840 0.105000 -1.995000
v 0.798380 0.105000 -1.675000
v 0.798380 0.105000 -1.675000
v 0.798380 0.105000 -1.675000
v 0.666960 0.169500 -1.862232
v -0.662400 0.185000 -1.690000
v -0.662400 0.185000 -1.690000
v -0.736000 0.185000 -1.690000
v -0.736000 0.185000 -1.690000
v -0.588800 0.185000 -1.690000
v -0.588800 0.185000 -1.690000
v -0.441600 0.185000 -1.690000
v -0.441600 0.185000 -1.690000
v -0.059449 0.105000 -2.100000
v -0.059449 0.105000 -2.100000
v 0.048705 0.105000 -2.100000
v 0.048705 0.105000 -2.100000
v 0.071625 0.105000 -2.100000
v 0.071625 0.105000 -2.100000
v 0.736000 0.185000 -1.690000
v 0.736000 0.185000 -1.690000
v 0.662400 0.185000 -1.690000
v 0.662400 0.185000 -1.690000
v -0.510000 0.305000 -2.003765
v -0.270000 0.305000 -2.104430
v -0.270000 0.325000 -2.102329
v -0.510000 0.325000 -2.002411
v -0.050000 0.305000 -2.146206
v -0.050000 0.325000 -2.144103
v 0.050000 0.305000 -2.146209
v 0.270000 0.305000 -2.104241
v 0.050000 0.325000 -2.144106
v 0.510000 0.305000 -2.003763
v 0.510000 0.325000 -2.001922
v 0.270000 0.325000 -2.102114
v -0.838381 0.486420 -1.707735
v -0.838381 0.486420 -1.707735
v -0.838381 0.486420 -1.707735
v -0.822876 0.373950 -1.690000
v -0.822876 0.373950 -1.690000
v -0.822876 0.373950 -1.690000
v -0.822876 0.373950 -1.690000
v -0.824536 0.261480 -1.707663
v -0.824536 0.261480 -1.707663
v -0.824536 0.261480 -1.707663
v -0.824536 0.261480 -1.707663
v -0.810996 0.257250 -1.690000
v -0.810996 0.257250 -1.690000
v -0.810996 0.257250 -1.690000
v -0.810996 0.257250 -1.690000
v -0.802564 0.178350 -1.690000
v -0.802564 0.178350 -1.690000
v -0.799000 0.145000 -1.690000
v -0.799000 0.145000 -1.690000
v -0.799000 0.145000 -1.690000
v -0.799000 0.145000 -1.690000
v -0.736000 0.145000 -1.690000
v 0.836000 0.594000 -1.690000
v 0.836000 0.594000 -1.690000
v 0.836000 0.594000 -1.690000
v 0.836000 0.594000 -1.690000
v 0.824536 0.261480 -1.707663
v 0.824536 0.261480 -1.707663
v 0.824536 0.261480 -1.707663
v 0.824536 0.261480 -1.707663
v 0.811614 0.178350 -1.692232
v 0.811614 0.178350 -1.692232
v 0.811614 0.178350 -1.692232
v 0.811614 0.178350 -1.692232
v 0.802564 0.178350 -1.690000
v 0.802564 0.178350 -1.690000
v 0.811426 0.261480 -1.690000
v 0.811426 0.261480 -1.690000
v -0.862000 0.440000 -1.726000
v -0.862000 0.452021 -1.712527
v -0.862000 0.457000 -1.680000
v -0.862000 0.452021 -1.647473
v -0.862000 0.440000 -1.634000
v -0.862000 0.427979 -1.647473
v -0.862000 0.423000 -1.680000
v -0.862000 0.427979 -1.712527
v -0.766821 0.793755 -1.030719
v -0.769245 0.790859 -1.113705
v -0.782000 0.786171 -1.030000
v -0.684644 0.798221 -1.034614
v -0.628396 0.801509 -1.037280
v -0.571000 0.794193 -1.040000
v -0.751067 0.787907 -1.233000
v -0.631979 0.790228 -1.259670
v -0.750000 0.786828 -1.240000
v -0.633080 0.794504 -1.233000
v -0.570161 0.786599 -1.233000
v -0.570000 0.780010 -1.270000
v -0.611790 0.786496 -1.263035
v 0.862000 0.440000 -1.726000
v 0.862000 0.452021 -1.712527
v 0.862000 0.457000 -1.680000
v 0.862000 0.452021 -1.647473
v 0.862000 0.440000 -1.634000
v 0.862000 0.427979 -1.647473
v 0.862000 0.423000 -1.680000
v 0.862000 0.427979 -1.712527
v 0.628396 0.801509 -1.037280
v 0.571000 0.797926 -1.040000
v 0.570902 0.797084 -1.062442
v 0.766821 0.793755 -1.030719
v 0.710243 0.797066 -1.033401
v 0.758159 0.789114 -1.186457
v 0.751067 0.787907 -1.233000
v 0.769245 0.790859 -1.113705
v 0.782000 0.789831 -1.030000
v 0.570161 0.786599 -1.233000
v 0.633080 0.794504 -1.233000
v 0.570000 0.780839 -1.270000
v 0.750000 0.786862 -1.240000
v 0.645642 0.789952 -1.257393
v 0.631979 0.790228 -1.259670
v -0.900000 0.235000 1.885000
v -0.900000 0.235000 1.885000
v -0.900000 0.235000 1.885000
v -0.900000 0.540000 1.982288
v -0.900000 0.540000 1.982288
v -0.900000 0.540000 1.982288
v -0.760000 0.575000 2.065320
v -0.900000 0.575000 1.895567
v -0.900000 0.575000 1.895567
v -0.900000 0.575000 1.895567
v -0.900000 0.760000 1.909184
v -0.900000 0.760000 1.909184
v -0.900000 0.760000 1.909184
v -0.500000 0.350000 2.294012
v -0.760000 0.350000 2.187211
v -0.760000 0.480000 2.230363
v -0.500000 0.540000 2.255640
v -0.760000 0.540000 2.154125
v -0.500000 0.760000 2.163314
v -0.760000 0.760000 2.067920
v -0.260000 0.235000 2.225000
v -0.260000 0.235000 2.225000
v -0.500000 0.480000 2.333546
v -0.260000 0.480000 2.371023
v -0.500000 0.575000 2.165860
v -0.260000 0.575000 2.202358
v -0.260000 0.760000 2.197906
v -0.500000 0.830000 2.185756
v -0.260000 0.350000 2.332827
v -0.260000 0.540000 2.292498
v -0.244400 0.760000 2.195321
v -0.244400 0.830000 2.216697
v -0.244400 0.235000 2.225000
v -0.244400 0.235000 2.225000
v -0.215800 0.235000 2.225000
v -0.215800 0.235000 2.225000
v -0.215800 0.350000 2.331429
v -0.215800 0.480000 2.368044
v -0.244400 0.350000 2.332261
v -0.244400 0.480000 2.369817
v -0.244400 0.540000 2.290996
v -0.215800 0.575000 2.198225
v -0.244400 0.575000 2.200684
v -0.215800 0.830000 2.212393
v -0.176800 0.480000 2.367101
v -0.176800 0.564000 2.225422
v -0.176800 0.564000 2.225422
v -0.215800 0.540000 2.288790
v -0.191160 0.575000 2.197398
v -0.191160 0.575000 2.197398
v -0.199000 0.654692 2.194468
v -0.199000 0.654692 2.194468
v -0.215800 0.760000 2.191524
v -0.176800 0.760000 2.189503
v -0.176800 0.350000 2.330986
v -0.130000 0.480000 2.367095
v -0.176800 0.540000 2.287616
v -0.130000 0.760000 2.189490
v -0.130000 0.830000 2.210088
v -0.130000 0.350000 2.330983
v -0.067600 0.480000 2.366741
v -0.067600 0.564000 2.224938
v -0.067600 0.564000 2.224938
v -0.130000 0.564000 2.225414
v -0.130000 0.564000 2.225414
v -0.067600 0.830000 2.209228
v -0.067600 0.760000 2.188731
v 0.067600 0.350000 2.330817
v 0.067600 0.564000 2.224938
v 0.067600 0.564000 2.224938
v 0.000000 0.760000 2.188449
v 0.130000 0.480000 2.367095
v 0.067600 0.480000 2.366741
v 0.130000 0.564000 2.225414
v 0.130000 0.564000 2.225414
v 0.130000 0.760000 2.189490
v 0.067600 0.730000 2.189977
v 0.067600 0.730000 2.189977
v 0.067600 0.760000 2.188731
v 0.130000 0.830000 2.210088
v 0.067600 0.830000 2.209228
v 0.176800 0.350000 2.330986
v 0.176800 0.540000 2.287616
v 0.176800 0.730000 2.190706
v 0.176800 0.730000 2.190706
v 0.176800 0.235000 2.225000
v 0.176800 0.235000 2.225000
v 0.215800 0.480000 2.368044
v 0.176800 0.480000 2.367101
v 0.215800 0.540000 2.288790
v 0.191160 0.575000 2.197398
v 0.191160 0.575000 2.197398
v 0.176800 0.760000 2.189503
v 0.215800 0.350000 2.331429
v 0.244400 0.480000 2.369817
v 0.244400 0.540000 2.290996
v 0.215800 0.575000 2.198225
v 0.215800 0.760000 2.191524
v 0.215800 0.830000 2.212393
v 0.260000 0.235000 2.225000
v 0.260000 0.235000 2.225000
v 0.260000 0.350000 2.332827
v 0.244400 0.350000 2.332261
v 0.260000 0.575000 2.202358
v 0.244400 0.575000 2.200684
v 0.260000 0.760000 2.197906
v 0.244400 0.760000 2.195321
v 0.244400 0.830000 2.216697
v 0.500000 0.235000 2.185000
v 0.500000 0.235000 2.185000
v 0.500000 0.350000 2.294012
v 0.500000 0.480000 2.333546
v 0.500000 0.540000 2.255640
v 0.260000 0.480000 2.371023
v 0.500000 0.575000 2.165860
v 0.260000 0.540000 2.292498
v 0.500000 0.760000 2.163314
v 0.760000 0.350000 2.187211
v 0.760000 0.480000 2.230363
v 0.760000 0.830000 2.092309
v 0.900000 0.350000 2.004059
v 0.900000 0.350000 2.004059
v 0.900000 0.350000 2.004059
v 0.900000 0.350000 2.004059
v 0.900000 0.540000 1.982288
v 0.900000 0.540000 1.982288
v 0.900000 0.540000 1.982288
v 0.760000 0.540000 2.154125
v 0.760000 0.575000 2.065320
v 0.760000 0.760000 2.067920
v -0.760000 0.830000 2.092309
v -0.760000 0.845000 2.100000
v -0.760000 0.845000 2.100000
v -0.260000 0.830000 2.219627
v -0.260000 0.894000 2.250000
v -0.260000 0.894000 2.250000
v -0.176800 0.830000 2.210104
v 0.000000 0.830000 2.208909
v 0.176800 0.830000 2.210104
v 0.260000 0.830000 2.219627
v 0.244400 0.900908 2.250000
v 0.244400 0.900908 2.250000
v 0.500000 0.830000 2.185756
v 0.260000 0.894000 2.250000
v 0.260000 0.894000 2.250000
v 0.000000 0.564000 2.224761
v 0.000000 0.564000 2.224761
v 0.176800 0.564000 2.225422
v 0.176800 0.564000 2.225422
v 0.185000 0.564000 2.164711
v 0.185000 0.564000 2.164711
v 0.185000 0.564000 2.164711
v 0.199000 0.680308 2.193846
v 0.199000 0.680308 2.193846
v 0.199000 0.708000 2.192737
v 0.199000 0.708000 2.192737
v 0.199000 0.708000 2.192737
v 0.199000 0.708000 2.164711
v 0.199000 0.708000 2.164711
v 0.199000 0.708000 2.164711
v 0.179000 0.730000 2.164711
v 0.179000 0.730000 2.164711
v 0.179000 0.730000 2.164711
v 0.130000 0.730000 2.190693
v 0.130000 0.730000 2.190693
v 0.119881 0.730000 2.190613
v 0.119881 0.730000 2.190613
v 0.000000 0.730000 2.189711
v 0.000000 0.730000 2.189711
v -0.077719 0.730000 2.190057
v -0.077719 0.730000 2.190057
v -0.130000 0.730000 2.190693
v -0.130000 0.730000 2.190693
v -0.176800 0.730000 2.190706
v -0.176800 0.730000 2.190706
v -0.179000 0.730000 2.190779
v -0.179000 0.730000 2.190779
v -0.179000 0.730000 2.190779
v -0.179000 0.730000 2.164711
v -0.179000 0.730000 2.164711
v -0.179000 0.730000 2.164711
v -0.184369 0.724094 2.191196
v -0.184369 0.724094 2.191196
v -0.199000 0.708000 2.192537
v -0.199000 0.708000 2.192537
v -0.199000 0.708000 2.192537
v -0.199000 0.708000 2.164711
v -0.199000 0.708000 2.164711
v -0.199000 0.708000 2.164711
v -0.185000 0.564000 2.164711
v -0.185000 0.564000 2.164711
v -0.185000 0.564000 2.164711
v 0.199000 0.589000 2.164711
v 0.199000 0.589000 2.164711
v 0.199000 0.589000 2.164711
v -0.199000 0.589000 2.164711
v -0.199000 0.589000 2.164711
v -0.199000 0.589000 2.164711
v -0.152400 0.573000 2.165711
v 0.152400 0.573000 2.165711
v 0.152400 0.725400 2.165711
v -0.152400 0.725400 2.165711
v -0.863000 0.235000 1.910000
v -0.863000 0.235000 1.910000
v -0.863000 0.235000 1.910000
v -0.900000 0.350000 2.004059
v -0.900000 0.350000 2.004059
v -0.900000 0.350000 2.004059
v -0.900000 0.350000 2.004059
v -0.873474 0.350000 1.910000
v -0.900000 0.480000 2.054953
v -0.900000 0.480000 2.054953
v -0.900000 0.480000 2.054953
v -0.884824 0.480000 1.910000
v -0.890028 0.540000 1.910000
v -0.899915 0.760000 1.910000
v -0.899915 0.760000 1.910000
v -0.800000 0.235000 1.910000
v 0.900000 0.235000 1.885000
v 0.900000 0.235000 1.885000
v 0.900000 0.235000 1.885000
v 0.900000 0.480000 2.054953
v 0.900000 0.480000 2.054953
v 0.900000 0.480000 2.054953
v 0.884824 0.480000 1.910000
v 0.875000 0.366750 1.910000
v 0.900000 0.575000 1.895567
v 0.900000 0.575000 1.895567
v 0.900000 0.575000 1.895567
v 0.900000 0.760000 1.909184
v 0.900000 0.760000 1.909184
v 0.900000 0.760000 1.909184
v 0.800000 0.235000 1.910000
v -0.711111 0.185000 1.910000
v -0.711111 0.185000 1.910000
v -0.760000 0.235000 2.075000
v -0.760000 0.235000 2.075000
v -0.500000 0.235000 2.185000
v -0.500000 0.235000 2.185000
v -0.622222 0.185000 1.910000
v -0.622222 0.185000 1.910000
v 0.215800 0.235000 2.225000
v 0.215800 0.235000 2.225000
v 0.244400 0.235000 2.225000
v 0.244400 0.235000 2.225000
v 0.622222 0.185000 1.910000
v 0.622222 0.185000 1.910000
v 0.760000 0.235000 2.075000
v 0.760000 0.235000 2.075000
v 0.711111 0.185000 1.910000
v 0.711111 0.185000 1.910000
v -0.760000 0.709000 2.083854
v -0.760000 0.709000 2.083854
v -0.789697 0.697121 2.047607
v -0.789697 0.697121 2.047607
v -0.813000 0.618000 2.013660
v -0.813000 0.618000 2.013660
v -0.841384 0.639896 1.980006
v -0.841384 0.639896 1.980006
v -0.760000 0.618187 2.077976
v -0.760000 0.618187 2.077976
v -0.813000 0.618000 2.000660
v -0.815349 0.686860 1.998780
v -0.847386 0.644526 1.959340
v -0.815349 0.686860 2.014937
v -0.815349 0.686860 2.014937
v -0.830000 0.681000 1.996622
v -0.830000 0.681000 1.996622
v -0.848000 0.645000 1.958678
v -0.830000 0.681000 1.981737
v -0.848000 0.645000 1.971678
v -0.848000 0.645000 1.971678
v -0.847386 0.644526 1.972389
v -0.847386 0.644526 1.972389
v -0.528333 0.730000 2.164905
v -0.528333 0.730000 2.164905
v -0.530000 0.731000 2.164112
v -0.530000 0.731000 2.164112
v -0.541570 0.730421 2.159747
v -0.541570 0.730421 2.159747
v -0.530000 0.731000 2.151112
v -0.687125 0.618445 2.105057
v -0.687125 0.618445 2.105057
v -0.530000 0.619000 2.165793
v -0.530000 0.619000 2.165793
v -0.500000 0.713000 2.162961
v -0.530000 0.619000 2.152654
v -0.514212 0.721527 2.171123
v -0.514212 0.721527 2.171123
v -0.699001 0.618403 2.087310
v -0.541570 0.730421 2.146646
v -0.544250 0.730287 2.158790
v -0.544250 0.730287 2.158790
v -0.542162 0.730000 2.159598
v -0.730000 0.721000 2.093231
v -0.730000 0.721000 2.093231
v -0.760000 0.709000 2.066203
v -0.760000 0.618187 2.064927
v -0.550000 0.730000 2.156743
v -0.550000 0.730000 2.156743
v -0.730000 0.721000 2.077379
v -0.699001 0.618403 2.100448
v -0.699001 0.618403 2.100448
v -0.490000 0.638000 2.178435
v -0.490000 0.638000 2.178435
v -0.500000 0.713000 2.176543
v -0.500000 0.713000 2.176543
v -0.500000 0.633250 2.177566
v -0.500000 0.633250 2.177566
v -0.490000 0.638000 2.165435
v -0.490000 0.707000 2.177485
v -0.490000 0.707000 2.177485
v -0.490000 0.707000 2.164485
v -0.500000 0.633250 2.164059
v -0.760000 0.568151 2.085696
v -0.767764 0.573059 2.063715
v -0.770836 0.575000 2.055181
v -0.760000 0.575000 2.068320
v -0.760000 0.585849 2.068472
v -0.774000 0.577000 2.051373
v -0.588000 0.558813 2.176022
v -0.542613 0.566500 2.174026
v -0.712000 0.558813 2.127951
v -0.650000 0.556000 2.159065
v -0.537057 0.570012 2.167188
v -0.757387 0.566500 2.090897
v -0.529164 0.575000 2.157583
v -0.526000 0.577000 2.158779
v -0.542613 0.587500 2.152210
v -0.588000 0.595187 2.134553
v -0.650000 0.598000 2.110540
v -0.712000 0.595187 2.086603
v -0.737761 0.590824 2.076701
v -0.757387 0.587500 2.069454
v -0.360000 0.390000 2.332570
v -0.640000 0.390000 2.253207
v -0.660000 0.420000 2.254706
v -0.360000 0.420000 2.341511
v -0.917000 0.470000 1.858000
v -0.917000 0.481314 1.870301
v -0.917000 0.486000 1.900000
v -0.917000 0.481314 1.929698
v -0.917000 0.470000 1.942000
v -0.917000 0.458686 1.929698
v -0.917000 0.454000 1.900000
v -0.917000 0.458686 1.870301
v 0.500000 0.633250 2.164059
v 0.490000 0.707000 2.164564
v 0.490000 0.707000 2.177564
v 0.490000 0.707000 2.177564
v 0.490000 0.638000 2.165514
v 0.490000 0.638000 2.178514
v 0.490000 0.638000 2.178514
v 0.500000 0.633250 2.177566
v 0.500000 0.633250 2.177566
v 0.760000 0.618187 2.077976
v 0.760000 0.618187 2.077976
v 0.561680 0.618888 2.154826
v 0.561680 0.618888 2.154826
v 0.760000 0.618187 2.064927
v 0.730000 0.721000 2.077973
v 0.730000 0.721000 2.093825
v 0.730000 0.721000 2.093825
v 0.760000 0.709000 2.066203
v 0.561680 0.618888 2.141626
v 0.530000 0.731000 2.164706
v 0.530000 0.731000 2.164706
v 0.500000 0.713000 2.176543
v 0.500000 0.713000 2.176543
v 0.530000 0.619000 2.153248
v 0.706818 0.722159 2.102709
v 0.706818 0.722159 2.102709
v 0.706818 0.722159 2.086953
v 0.500000 0.713000 2.162961
v 0.530000 0.731000 2.151706
v 0.530000 0.619000 2.166387
v 0.530000 0.619000 2.166387
v 0.813000 0.618000 2.016221
v 0.813000 0.618000 2.016221
v 0.792595 0.618072 2.027968
v 0.813000 0.618000 2.003221
v 0.848000 0.645000 1.975770
v 0.848000 0.645000 1.975770
v 0.848000 0.645000 1.962770
v 0.834065 0.672871 1.996214
v 0.834065 0.672871 1.996214
v 0.760000 0.709000 2.083854
v 0.760000 0.709000 2.083854
v 0.830000 0.681000 2.001326
v 0.830000 0.681000 2.001326
v 0.834065 0.672871 1.981719
v 0.830000 0.681000 1.986442
v 0.792595 0.618072 2.040981
v 0.792595 0.618072 2.040981
v 0.712000 0.558813 2.128131
v 0.650000 0.556000 2.159477
v 0.757387 0.566500 2.090907
v 0.626709 0.557057 2.165889
v 0.588000 0.558813 2.176352
v 0.529164 0.575000 2.157583
v 0.542613 0.566500 2.174186
v 0.760000 0.585849 2.068472
v 0.757387 0.587500 2.069506
v 0.712000 0.595187 2.087165
v 0.650000 0.598000 2.111179
v 0.588000 0.595187 2.135115
v 0.542613 0.587500 2.152558
v 0.526000 0.577000 2.158834
v 0.760000 0.575000 2.068320
v 0.760000 0.568151 2.085696
v 0.770836 0.575000 2.055181
v 0.774000 0.577000 2.051491
v 0.765553 0.582339 2.062126
v 0.360000 0.390000 2.332570
v 0.640000 0.390000 2.253207
v 0.660000 0.420000 2.254706
v 0.360000 0.420000 2.341511
v 0.917000 0.470000 1.858000
v 0.917000 0.481314 1.870301
v 0.917000 0.486000 1.900000
v 0.917000 0.481314 1.929698
v 0.917000 0.470000 1.942000
v 0.917000 0.458686 1.929698
v 0.917000 0.454000 1.900000
v 0.917000 0.458686 1.870301
v -0.796076 0.779190 -0.173395
v -0.790222 0.791000 -0.130334
v -0.849298 0.856190 -0.163730
v -0.767924 0.802810 -0.136605
v -0.812924 0.879810 -0.151605
v -0.759702 0.802810 -0.161270
v -0.818778 0.868000 -0.194666
v -0.804702 0.879810 -0.176270
v -0.773778 0.791000 -0.179666
v -0.804298 0.779190 -0.148730
v -0.841076 0.856190 -0.188395
v -0.835222 0.868000 -0.145334
v -0.844139 0.921820 -0.108000
v -0.844139 0.921820 -0.108000
v -0.821000 0.890000 -0.108000
v -0.821000 0.890000 -0.108000
v -0.844139 0.858180 -0.108000
v -0.844139 0.858180 -0.108000
v -0.900000 0.845000 -0.108000
v -0.900000 0.845000 -0.108000
v -0.965054 0.852523 -0.180000
v -0.965054 0.927477 -0.180000
v -0.945962 0.918284 -0.252000
v -0.900000 0.943000 -0.180000
v -0.834946 0.927477 -0.180000
v -0.808000 0.890000 -0.180000
v -0.854038 0.918284 -0.252000
v -0.834946 0.852523 -0.180000
v -0.900000 0.837000 -0.180000
v -0.900000 0.850000 -0.252000
v -0.992000 0.890000 -0.180000
v -0.965000 0.890000 -0.252000
v -0.945962 0.861716 -0.252000
v -0.979000 0.890000 -0.108000
v -0.979000 0.890000 -0.108000
v -0.955861 0.921820 -0.108000
v -0.955861 0.921820 -0.108000
v -0.900000 0.935000 -0.108000
v -0.900000 0.935000 -0.108000
v -0.955861 0.858180 -0.108000
v -0.955861 0.858180 -0.108000
v -0.900000 0.930000 -0.252000
v -0.835000 0.890000 -0.252000
v -0.854038 0.861716 -0.252000
v 0.790222 0.791000 -0.130334
v 0.835222 0.868000 -0.145334
v 0.804298 0.779190 -0.148730
v 0.796076 0.779190 -0.173395
v 0.773778 0.791000 -0.179666
v 0.841076 0.856190 -0.188395
v 0.818778 0.868000 -0.194666
v 0.804702 0.879810 -0.176270
v 0.767924 0.802810 -0.136605
v 0.812924 0.879810 -0.151605
v 0.759702 0.802810 -0.161270
v 0.849298 0.856190 -0.163730
v 0.965054 0.927477 -0.180000
v 0.844139 0.921820 -0.108000
v 0.844139 0.921820 -0.108000
v 0.834946 0.927477 -0.180000
v 0.821000 0.890000 -0.108000
v 0.821000 0.890000 -0.108000
v 0.808000 0.890000 -0.180000
v 0.834946 0.852523 -0.180000
v 0.900000 0.845000 -0.108000
v 0.900000 0.845000 -0.108000
v 0.955861 0.858180 -0.108000
v 0.955861 0.858180 -0.108000
v 0.979000 0.890000 -0.108000
v 0.979000 0.890000 -0.108000
v 0.992000 0.890000 -0.180000
v 0.945962 0.918284 -0.252000
v 0.900000 0.943000 -0.180000
v 0.854038 0.918284 -0.252000
v 0.900000 0.930000 -0.252000
v 0.835000 0.890000 -0.252000
v 0.900000 0.837000 -0.180000
v 0.900000 0.850000 -0.252000
v 0.965054 0.852523 -0.180000
v 0.965000 0.890000 -0.252000
v 0.945962 0.861716 -0.252000
v 0.955861 0.921820 -0.108000
v 0.955861 0.921820 -0.108000
v 0.900000 0.935000 -0.108000
v 0.900000 0.935000 -0.108000
v 0.844139 0.858180 -0.108000
v 0.844139 0.858180 -0.108000
v 0.854038 0.861716 -0.252000
v -0.808000 0.850440 1.220000
v -0.811751 0.845278 1.195000
v -0.822000 0.837862 1.176699
v -0.836000 0.830178 1.170000
v -0.850000 0.824286 1.176699
v -0.860249 0.821765 1.195000
v -0.864000 0.823290 1.220000
v -0.860249 0.826480 1.245000
v -0.850000 0.830890 1.263301
v -0.836000 0.837473 1.270000
v -0.822000 0.844465 1.263301
v -0.811751 0.849993 1.245000
v -0.641809 0.199753 1.467526
v -0.511334 0.221000 1.688134
v -0.479453 0.196752 1.660792
v -0.606703 0.224000 1.444468
v -0.618191 0.248247 1.452474
v -0.641489 0.248247 1.468006
v -0.653297 0.224000 1.475532
v -0.500548 0.245248 1.679208
v -0.500787 0.196752 1.678926
v -0.309285 0.220000 1.880300
v -0.270715 0.220000 1.839700
v -0.468666 0.221000 1.651866
v -0.280294 0.244249 1.849911
v -0.479213 0.245248 1.661074
v -0.299579 0.244249 1.870211
v -0.895754 0.647779 -1.533145
v -0.895754 0.647779 -1.533145
v -0.618511 0.199753 1.451994
v -0.868762 0.623486 -1.604000
v -0.868762 0.623486 -1.604000
v -0.924038 0.704581 -1.347645
v -0.924038 0.704581 -1.347645
v -0.917757 0.674434 -1.451068
v -0.917757 0.674434 -1.451068
v -0.299706 0.195751 1.870089
v -0.280421 0.195751 1.849790
v -0.125642 0.204200 1.949680
v -0.125642 0.201210 2.220812
v -0.936992 0.721640 0.924765
v -0.936992 0.721640 0.924765
v -0.930169 0.708934 0.870647
v -0.930169 0.708934 0.870647
v -0.101142 0.186401 1.949482
v -0.070858 0.186401 1.949482
v 0.947620 0.741430 1.009054
v 0.947620 0.741430 1.009054
v -0.101142 0.183417 2.221314
v 0.936992 0.721640 0.924765
v 0.936992 0.721640 0.924765
v -0.046358 0.204200 1.949680
v 0.930169 0.708934 0.870647
v 0.930169 0.708934 0.870647
v 0.927817 0.704557 0.852000
v 0.927817 0.704557 0.852000
v -0.037000 0.233000 1.950000
v -0.037000 0.230000 2.220000
v -0.046358 0.261800 1.950320
v 0.917942 0.712652 -0.862000
v 0.917942 0.712652 -0.862000
v -0.070858 0.279599 1.950518
v -0.070858 0.276583 2.218686
v 0.918581 0.713893 -0.880158
v 0.918581 0.713893 -0.880158
v 0.920436 0.717493 -0.932855
v 0.920436 0.717493 -0.932855
v -0.101142 0.279599 1.950518
v 0.849000 0.660781 -1.565000
v 0.849000 0.660781 -1.565000
v -0.101142 0.276583 2.218686
v -0.125642 0.261800 1.950320
v -0.135000 0.233000 1.950000
v -0.125642 0.258790 2.219188
v -0.135000 0.230000 2.220000
v -0.125642 0.215393 2.343338
v -0.954367 0.757865 1.115265
v -0.954367 0.757865 1.115265
v -0.923325 0.723101 -1.014932
v -0.923325 0.723101 -1.014932
v -0.070858 0.197712 2.345400
v -0.070858 0.183417 2.221314
v 0.830605 0.486420 -1.690000
v 0.830605 0.486420 -1.690000
v -0.046358 0.201210 2.220812
v -0.460000 0.278000 -2.025613
v -0.460000 0.278000 -2.025613
v -0.460000 0.278000 -2.025613
v -0.046358 0.215393 2.343338
v 0.957054 0.770067 1.456946
v 0.957054 0.770067 1.456946
v -0.046358 0.258790 2.219188
v -0.958925 0.772407 1.350735
v -0.958925 0.772407 1.350735
v -0.770000 0.426086 -1.787730
v -0.770000 0.426086 -1.787730
v -0.770000 0.426086 -1.787730
v -0.046358 0.272607 2.336662
v -0.070858 0.290288 2.334600
v 0.199000 0.589000 2.197154
v 0.199000 0.589000 2.197154
v 0.199000 0.589000 2.197154
v -0.135000 0.244000 2.340000
v 0.947976 0.764360 1.595353
v 0.947976 0.764360 1.595353
v -0.116128 0.222258 2.334537
v -0.116128 0.222258 2.334537
v -0.946733 0.763583 1.614000
v -0.946733 0.763583 1.614000
v -0.101142 0.197712 2.345400
v -0.097508 0.208821 2.336104
v -0.097508 0.208821 2.336104
v -0.580000 0.691504 -1.660000
v -0.580000 0.691504 -1.660000
v -0.037000 0.244000 2.340000
v -0.055872 0.265742 2.329463
v -0.055872 0.265742 2.329463
v -0.048760 0.244000 2.332000
v -0.048760 0.244000 2.332000
v -0.074492 0.279179 2.327896
v -0.074492 0.279179 2.327896
v -0.515200 0.185000 -1.690000
v -0.515200 0.185000 -1.690000
v -0.101142 0.290288 2.334600
v -0.125642 0.272607 2.336662
v -0.116128 0.265742 2.329463
v -0.116128 0.265742 2.329463
v -0.097508 0.279179 2.327896
v -0.097508 0.279179 2.327896
v -0.123240 0.244000 2.332000
v -0.123240 0.244000 2.332000
v -0.074492 0.208821 2.336104
v -0.074492 0.208821 2.336104
v -0.055872 0.222258 2.334537
v -0.055872 0.222258 2.334537
v -0.892016 0.575000 1.910000
v -0.892016 0.575000 1.910000
v -0.892016 0.575000 1.910000
v -0.732000 0.721533 -1.554000
v -0.732000 0.721533 -1.554000
v 0.618511 0.199753 1.451994
v 0.479453 0.196752 1.660792
v 0.468666 0.221000 1.651866
v 0.465000 0.350000 -2.020020
v 0.465000 0.350000 -2.020020
v 0.465000 0.350000 -2.020020
v 0.500787 0.196752 1.678926
v 0.641809 0.199753 1.467526
v 0.653297 0.224000 1.475532
v 0.641489 0.248247 1.468006
v 0.511334 0.221000 1.688134
v 0.479213 0.245248 1.661074
v 0.441600 0.185000 -1.690000
v 0.441600 0.185000 -1.690000
v 0.618191 0.248247 1.452474
v 0.606703 0.224000 1.444468
v 0.515200 0.185000 -1.690000
v 0.515200 0.185000 -1.690000
v 0.588800 0.185000 -1.690000
v 0.588800 0.185000 -1.690000
v 0.280421 0.195751 1.849790
v 0.299706 0.195751 1.870089
v -0.849000 0.662401 -1.565000
v -0.849000 0.662401 -1.565000
v -0.770000 0.297914 -1.778950
v -0.770000 0.297914 -1.778950
v -0.770000 0.297914 -1.778950
v -0.498000 0.573179 -1.878000
v -0.498000 0.573179 -1.878000
v 0.500548 0.245248 1.679208
v 0.309285 0.220000 1.880300
v 0.280294 0.244249 1.849911
v 0.270715 0.220000 1.839700
v 0.795622 0.325000 -1.753859
v 0.795622 0.325000 -1.753859
v 0.795622 0.325000 -1.753859
v -0.830605 0.486420 -1.690000
v -0.830605 0.486420 -1.690000
v 0.795622 0.399000 -1.759661
v 0.795622 0.399000 -1.759661
v 0.795622 0.399000 -1.759661
v 0.895754 0.647779 -1.533145
v 0.895754 0.647779 -1.533145
v 0.875679 0.629711 -1.585842
v 0.875679 0.629711 -1.585842
v 0.299579 0.244249 1.870211
v 0.145000 0.767481 -1.420000
v 0.145000 0.767481 -1.420000
v 0.037000 0.230000 2.220000
v 0.046358 0.204200 1.949680
v 0.070858 0.186401 1.949482
v 0.732000 0.721515 -1.554000
v 0.732000 0.721515 -1.554000
v 0.101142 0.186401 1.949482
v 0.101142 0.183417 2.221314
v 0.125642 0.204200 1.949680
v 0.851816 0.290000 -0.543000
v 0.851816 0.290000 -0.543000
v 0.851816 0.290000 -0.543000
v -0.735000 0.288000 -1.818416
v -0.735000 0.288000 -1.818416
v -0.735000 0.288000 -1.818416
v 0.179000 0.730000 2.190820
v 0.179000 0.730000 2.190820
v 0.179000 0.730000 2.190820
v 0.580000 0.691490 -1.660000
v 0.580000 0.691490 -1.660000
v 0.185000 0.564000 2.225697
v 0.185000 0.564000 2.225697
v 0.185000 0.564000 2.225697
v -0.664000 0.600340 -1.790000
v -0.664000 0.600340 -1.790000
v 0.070858 0.279599 1.950518
v 0.101142 0.276583 2.218686
v -0.811426 0.261480 -1.690000
v -0.811426 0.261480 -1.690000
v 0.046358 0.261800 1.950320
v 0.037000 0.233000 1.950000
v 0.770000 0.426086 -1.787266
v 0.770000 0.426086 -1.787266
v 0.770000 0.426086 -1.787266
v 0.037000 0.244000 2.340000
v 0.046358 0.201210 2.220812
v 0.070858 0.183417 2.221314
v -0.665000 0.362000 -1.897752
v -0.665000 0.362000 -1.897752
v -0.665000 0.362000 -1.897752
v -0.430000 0.618070 -1.819000
v -0.430000 0.618070 -1.819000
v 0.046000 0.700110 -1.680000
v 0.046000 0.700110 -1.680000
v 0.046000 0.700110 -1.680000
v 0.125642 0.201210 2.220812
v 0.533333 0.185000 1.910000
v 0.533333 0.185000 1.910000
v 0.135000 0.230000 2.220000
v 0.125642 0.258790 2.219188
v 0.125642 0.272607 2.336662
v 0.825000 0.690610 -1.538000
v 0.825000 0.690610 -1.538000
v 0.070858 0.276583 2.218686
v 0.101142 0.290288 2.334600
v 0.735000 0.436000 -1.826172
v 0.735000 0.436000 -1.826172
v 0.735000 0.436000 -1.826172
v -0.199000 0.589000 2.197100
v -0.199000 0.589000 2.197100
v -0.199000 0.589000 2.197100
v 0.046358 0.258790 2.219188
v 0.046358 0.272607 2.336662
v 0.046358 0.215393 2.343338
v 0.055872 0.222258 2.334537
v 0.055872 0.222258 2.334537
v -0.533333 0.185000 1.910000
v -0.533333 0.185000 1.910000
v 0.070858 0.197712 2.345400
v 0.074492 0.208821 2.336104
v 0.074492 0.208821 2.336104
v 0.101142 0.197712 2.345400
v 0.125642 0.215393 2.343338
v 0.116128 0.222258 2.334537
v 0.116128 0.222258 2.334537
v 0.770000 0.297914 -1.779044
v 0.770000 0.297914 -1.779044
v 0.770000 0.297914 -1.779044
v 0.135000 0.244000 2.340000
v 0.123240 0.244000 2.332000
v 0.123240 0.244000 2.332000
v 0.097508 0.279179 2.327896
v 0.097508 0.279179 2.327896
v 0.116128 0.265742 2.329463
v 0.116128 0.265742 2.329463
v 0.070858 0.290288 2.334600
v 0.892016 0.575000 1.910000
v 0.892016 0.575000 1.910000
v 0.892016 0.575000 1.910000
v 0.892016 0.575000 1.910000
v 0.899915 0.760000 1.910000
v 0.899915 0.760000 1.910000
v 0.674378 0.399000 -1.889380
v 0.674378 0.399000 -1.889380
v 0.674378 0.399000 -1.889380
v 0.055872 0.265742 2.329463
v 0.055872 0.265742 2.329463
v 0.048760 0.244000 2.332000
v 0.048760 0.244000 2.332000
v 0.924038 0.704581 -1.347645
v 0.924038 0.704581 -1.347645
v 0.917757 0.674434 -1.451068
v 0.917757 0.674434 -1.451068
v 0.097508 0.208821 2.336104
v 0.097508 0.208821 2.336104
v 0.890028 0.540000 1.910000
v 0.074492 0.279179 2.327896
v 0.074492 0.279179 2.327896
v 0.873474 0.350000 1.910000
v -0.825000 0.691156 -1.538000
v -0.825000 0.691156 -1.538000
v -0.145000 0.767437 -1.420000
v -0.145000 0.767437 -1.420000
v 0.135000 0.233000 1.950000
v 0.125642 0.261800 1.950320
v 0.101142 0.279599 1.950518
v -0.350000 0.181000 2.040000
v 0.822876 0.373950 -1.690000
v 0.822876 0.373950 -1.690000
v 0.822876 0.373950 -1.690000
v 0.822876 0.373950 -1.690000
v 0.350000 0.181000 2.040000
v 0.350000 0.269000 2.040000
v 0.350000 0.269000 1.790000
v -0.795622 0.325000 -1.753802
v -0.795622 0.325000 -1.753802
v -0.795622 0.325000 -1.753802
v 0.430000 0.610944 -1.819000
v 0.430000 0.610944 -1.819000
v -0.735000 0.436000 -1.826391
v -0.735000 0.436000 -1.826391
v -0.735000 0.436000 -1.826391
v 0.664000 0.605784 -1.790000
v 0.664000 0.605784 -1.790000
v 0.832566 0.669000 -0.100000
v 0.832566 0.669000 -0.100000
v 0.832566 0.669000 -0.100000
v 0.854377 0.290000 -0.560000
v 0.854377 0.290000 -0.560000
v 0.854377 0.290000 -0.560000
v 0.350000 0.181000 1.790000
v -0.350000 0.269000 1.790000
v -0.385000 0.576828 -1.897000
v -0.385000 0.576828 -1.897000
v -0.350000 0.181000 1.790000
v 0.498000 0.572942 -1.878000
v 0.498000 0.572942 -1.878000
v -0.350000 0.269000 2.040000
v -0.185000 0.564000 2.225669
v -0.185000 0.564000 2.225669
v -0.185000 0.564000 2.225669
vn -0.1734 0.3917 0.9036
vn -0.1699 0.4334 0.8850
vn -0.2586 0.6954 0.6704
vn -0.2832 0.6003 0.7479
vn -0.1512 0.6352 0.7574
vn -0.1610 0.9161 0.3672
vn -0.0641 0.9630 0.2616
vn -0.0329 0.9995 0.0034
vn -0.1953 0.9455 -0.2604
vn -0.1955 0.9213 -0.3362
vn -0.3691 0.8552 -0.3639
vn -0.0203 0.9248 -0.3800
vn -0.0164 0.9245 -0.3809
vn 0.0226 0.9484 -0.3163
vn -0.0201 0.9980 0.0602
vn -0.0228 0.9991 0.0355
vn -0.0118 0.9999 -0.0097
vn -0.0104 0.9999 -0.0009
vn -0.0000 1.0000 -0.0000
vn -0.0000 0.9998 -0.0200
vn 0.0228 0.9991 0.0355
vn 0.0118 0.9999 -0.0097
vn 0.0201 0.9980 0.0602
vn 0.0106 0.9999 -0.0010
vn -0.1193 0.1070 -0.9871
vn -0.1189 0.1083 -0.9870
vn -0.1202 0.1086 -0.9868
vn -0.4355 0.8790 -0.1942
vn -0.3380 0.9399 -0.0493
vn -0.4353 0.8429 -0.3161
vn 0.0641 0.9631 0.2616
vn 0.1512 0.6352 0.7574
vn 0.1610 0.9161 0.3672
vn 0.0329 0.9995 0.0034
vn 0.1699 0.4334 0.8850
vn 0.2586 0.6954 0.6704
vn 0.1734 0.3917 0.9036
vn 0.2832 0.6002 0.7480
vn -0.3701 0.8938 0.2533
vn -0.4693 0.8309 0.2990
vn -0.1757 0.9766 0.1242
vn -0.0627 0.9961 0.0624
vn -0.0309 0.9988 0.0383
vn -0.0071 0.9999 0.0134
vn 0.0856 0.5772 0.8121
vn 0.0257 0.8731 0.4869
vn 0.0482 0.5804 0.8129
vn 0.4536 0.8667 -0.2077
vn 0.4818 0.8524 -0.2033
vn 0.7656 0.6319 -0.1206
vn 0.0071 0.9999 0.0133
vn -0.0000 1.0000 0.0067
vn 0.0309 0.9988 0.0382
vn 0.0627 0.9961 0.0624
vn 0.1757 0.9766 0.1242
vn 0.3702 0.8938 0.2532
vn 0.4693 0.8309 0.2989
vn -0.5123 0.8566 0.0611
vn -0.6248 0.7717 0.1188
vn -0.2884 0.9401 0.1817
vn -0.0693 0.9717 0.2260
vn -0.0448 0.9778 0.2049
vn -0.0237 0.9799 0.1982
vn 0.0411 0.8718 0.4882
vn -0.0000 0.9808 0.1949
vn -0.0210 0.9291 -0.3693
vn 0.1864 0.9231 -0.3364
vn 0.1925 0.8601 -0.4723
vn 0.1955 0.9213 -0.3362
vn 0.0448 0.9778 0.2049
vn -0.4537 0.8666 -0.2077
vn -0.4500 0.8684 -0.2083
vn -0.8096 0.5782 -0.1012
vn 0.0694 0.9717 0.2260
vn 0.2884 0.9401 0.1817
vn 0.5123 0.8566 0.0611
vn 0.6249 0.7716 0.1188
vn -0.6233 0.7819 -0.0129
vn -0.5266 0.8462 0.0817
vn -0.7251 0.6351 0.2664
vn -0.1880 0.9141 0.3593
vn -0.0669 0.9256 0.3726
vn -0.0516 0.9207 0.3869
vn -0.0579 0.9377 0.3425
vn -0.0742 0.9372 0.3409
vn -0.0274 0.9151 0.4024
vn -0.0312 0.9384 0.3441
vn -0.0000 0.9127 0.4086
vn -0.0000 0.9387 0.3448
vn 0.0274 0.9151 0.4024
vn 0.0312 0.9384 0.3441
vn 0.0516 0.9207 0.3869
vn 0.0579 0.9378 0.3424
vn 0.0669 0.9256 0.3726
vn 0.0742 0.9372 0.3409
vn 0.7251 0.6350 0.2665
vn 0.1880 0.9141 0.3593
vn 0.6233 0.7819 -0.0129
vn 0.5266 0.8462 0.0817
vn -0.6773 0.7357 0.0051
vn -0.4748 0.8781 0.0594
vn -0.4927 0.8676 0.0670
vn -0.8292 0.5520 0.0878
vn -0.1960 0.9570 0.2140
vn -0.0600 0.9629 0.2633
vn -0.0769 0.9621 0.2618
vn -0.0062 -0.1052 -0.9944
vn -0.0001 -0.1050 -0.9945
vn -0.0015 -0.1060 -0.9944
vn -0.0324 0.9637 0.2649
vn -0.0000 0.9641 0.2656
vn -0.0414 0.9342 -0.3542
vn 0.0213 0.9210 -0.3889
vn -0.1925 0.8601 -0.4723
vn 0.0324 0.9637 0.2649
vn 0.0600 0.9628 0.2633
vn 0.0769 0.9621 0.2618
vn 0.8292 0.5520 0.0878
vn 0.1960 0.9570 0.2140
vn 0.6773 0.7357 0.0051
vn 0.4748 0.8781 0.0594
vn 0.4475 0.8930 0.0478
vn -0.4475 0.8930 0.0478
vn -0.7199 0.6932 -0.0348
vn -0.4424 0.8968 -0.0045
vn -0.4474 0.8931 0.0464
vn -0.8322 0.5510 0.0621
vn -0.1016 0.9745 0.2002
vn -0.0601 0.9812 0.1833
vn -0.0770 0.9803 0.1819
vn -0.0324 0.9822 0.1848
vn -0.0000 0.9827 0.1854
vn 0.0324 0.9822 0.1848
vn 0.0601 0.9812 0.1833
vn 0.0770 0.9803 0.1819
vn 0.8322 0.5509 0.0621
vn 0.1016 0.9745 0.2002
vn 0.7199 0.6932 -0.0348
vn 0.4474 0.8931 0.0464
vn 0.4424 0.8968 -0.0045
vn 0.4355 0.8981 -0.0610
vn -0.4355 0.8981 -0.0610
vn -0.7655 0.6320 -0.1206
vn -0.4447 0.8842 -0.1428
vn -0.8738 0.4843 -0.0437
vn -0.1837 0.9810 0.0626
vn -0.0729 0.9733 0.2177
vn -0.0818 0.9787 0.1881
vn -0.0400 0.9714 0.2341
vn -0.0404 0.9866 0.1583
vn -0.0000 0.9724 0.2334
vn -0.0000 0.9910 0.1342
vn 0.0400 0.9714 0.2341
vn 0.0404 0.9866 0.1583
vn 0.0729 0.9733 0.2177
vn 0.0819 0.9787 0.1881
vn 0.1836 0.9810 0.0626
vn 0.8738 0.4843 -0.0438
vn 0.4447 0.8842 -0.1428
vn 0.4500 0.8684 -0.2083
vn -0.4819 0.8523 -0.2033
vn -0.8611 0.4945 -0.1181
vn -0.9346 0.3345 -0.1212
vn -0.9376 0.3386 -0.0794
vn -0.8510 0.5186 -0.0830
vn -0.5318 0.8462 -0.0331
vn -0.8876 0.4573 -0.0553
vn -0.1851 0.9807 0.0625
vn 0.0143 0.9993 0.0338
vn -0.0000 0.9999 0.0148
vn -0.0143 0.9993 0.0338
vn 0.1852 0.9807 0.0625
vn 0.5317 0.8463 -0.0331
vn 0.8876 0.4573 -0.0552
vn 0.9345 0.3346 -0.1212
vn 0.8611 0.4945 -0.1181
vn 0.8510 0.5185 -0.0830
vn 0.9375 0.3387 -0.0794
vn 0.4997 0.8427 -0.2004
vn 0.5058 0.8393 -0.1993
vn 0.5259 0.8277 -0.1958
vn 0.8096 0.5782 -0.1011
vn -0.5259 0.8277 -0.1958
vn -0.8603 0.5068 -0.0554
vn -0.6229 0.7714 -0.1304
vn -0.9414 0.3356 -0.0325
vn -0.8465 0.5308 -0.0411
vn -0.5338 0.8387 -0.1076
vn -0.9007 0.4324 -0.0429
vn 0.0564 0.8932 -0.4460
vn 0.0837 0.8601 -0.5033
vn 0.1038 0.8855 -0.4530
vn -0.0800 0.9918 -0.0992
vn -0.0131 0.9949 -0.0997
vn -0.0396 0.9968 -0.0701
vn 0.0111 0.1752 -0.9845
vn 0.1350 0.2339 -0.9628
vn 0.0610 0.1757 -0.9825
vn -0.3966 0.8410 -0.3680
vn -0.4334 0.8132 -0.3885
vn -0.8818 -0.4676 0.0610
vn -0.8005 -0.5871 0.1204
vn -0.7892 -0.6142 0.0013
vn 0.1417 0.9210 0.3630
vn 0.1742 0.9161 0.3611
vn 0.5145 0.5468 0.6606
vn 0.9751 -0.1543 0.1594
vn 0.9744 -0.1708 0.1461
vn 0.9816 -0.1252 0.1445
vn 0.9667 0.1947 0.1661
vn 0.9895 -0.0011 0.1448
vn 0.9780 -0.1109 0.1769
vn 0.0285 -0.2935 -0.9555
vn 0.0291 -0.1841 -0.9825
vn 0.0038 -0.1839 -0.9829
vn -0.8725 0.4886 -0.0000
vn 0.0079 0.1042 -0.9945
vn 0.0087 0.1049 -0.9944
vn 0.0016 0.1046 -0.9945
vn 0.7577 -0.1208 -0.6413
vn 0.7572 -0.1217 -0.6417
vn 0.7578 -0.1213 -0.6411
vn 0.9007 0.4323 -0.0428
vn 0.5338 0.8387 -0.1076
vn 0.8465 0.5308 -0.0411
vn 0.9415 0.3355 -0.0325
vn 0.6229 0.7714 -0.1304
vn 0.7580 -0.1211 -0.6409
vn -0.8683 0.4958 0.0172
vn -0.6977 0.7156 -0.0340
vn -0.9335 0.3582 0.0146
vn -0.8443 0.5359 -0.0038
vn -0.2124 0.9313 -0.2960
vn -0.8814 0.4685 -0.0598
vn -0.1828 0.9651 -0.1875
vn -0.1075 0.9121 -0.3956
vn 0.0146 0.9896 -0.1433
vn -0.0627 0.9276 -0.3682
vn -0.0000 0.9936 -0.1133
vn -0.0000 0.9375 -0.3480
vn -0.0147 0.9896 -0.1433
vn 0.0627 0.9276 -0.3682
vn 0.1827 0.9651 -0.1875
vn 0.1075 0.9121 -0.3957
vn 0.2124 0.9313 -0.2960
vn 0.8814 0.4685 -0.0598
vn 0.8443 0.5359 -0.0038
vn 0.9335 0.3582 0.0146
vn 0.7398 0.6670 0.0888
vn 0.6418 0.7615 0.0906
vn 0.5274 0.8486 0.0419
vn 0.8603 0.5068 -0.0553
vn 0.6977 0.7156 -0.0340
vn 0.8683 0.4958 0.0173
vn -0.8486 0.5252 0.0631
vn 0.0029 0.4890 -0.8723
vn -0.0001 0.4857 -0.8741
vn -0.0000 0.7380 -0.6748
vn -0.9110 0.4109 0.0345
vn -0.8613 0.5075 0.0265
vn -0.1951 0.8842 -0.4244
vn -0.8260 0.5548 -0.0996
vn -0.1087 0.8580 -0.5020
vn -0.0837 0.8601 -0.5033
vn -0.1038 0.8854 -0.4530
vn -0.1320 0.8785 -0.4592
vn -0.0789 0.9962 -0.0370
vn -0.0023 0.9757 -0.2191
vn 0.0770 0.9694 -0.2329
vn 0.0800 0.9918 -0.0992
vn -0.1405 0.9219 0.3610
vn -0.1404 0.9225 0.3597
vn -0.1396 0.9213 0.3629
vn -0.2605 0.7601 0.5953
vn 0.2214 0.7079 -0.6708
vn -0.2537 0.7532 0.6069
vn -0.0226 0.9484 -0.3163
vn -0.0059 0.9155 -0.4023
vn 0.0164 0.9245 -0.3809
vn 0.2612 -0.9653 -0.0000
vn 0.1127 0.2440 -0.9632
vn 0.1126 0.2429 -0.9635
vn 0.1125 0.2422 -0.9637
vn 0.0115 0.7416 -0.6707
vn 0.0251 0.4592 -0.8880
vn 0.1087 0.8580 -0.5020
vn 0.1320 0.8785 -0.4592
vn 0.8260 0.5548 -0.0996
vn 0.1951 0.8842 -0.4244
vn 0.8613 0.5074 0.0265
vn 0.9110 0.4110 0.0345
vn 0.8360 0.5449 0.0645
vn 0.8486 0.5252 0.0632
vn -0.4997 0.8427 -0.2004
vn -0.8360 0.5449 0.0645
vn -0.7516 0.6591 0.0267
vn -0.7001 0.7092 0.0832
vn -0.8886 0.4557 0.0523
vn -0.8630 0.5021 0.0551
vn -0.2682 0.8673 -0.4193
vn -0.7473 0.6457 -0.1568
vn -0.1263 0.9094 -0.3962
vn -0.1562 0.8958 -0.4161
vn -0.0564 0.8932 -0.4460
vn -0.0707 0.9249 -0.3735
vn -0.0000 0.8964 -0.4432
vn -0.0000 0.9314 -0.3641
vn 0.0707 0.9249 -0.3736
vn 0.1263 0.9094 -0.3963
vn 0.1561 0.8958 -0.4161
vn 0.7473 0.6457 -0.1568
vn 0.0023 0.9757 -0.2191
vn -0.0770 0.9694 -0.2329
vn 0.8630 0.5021 0.0550
vn 0.8886 0.4557 0.0523
vn 0.7001 0.7092 0.0832
vn 0.7516 0.6591 0.0267
vn -0.0035 -0.1055 -0.9944
vn 0.7575 -0.1226 -0.6412
vn 0.7577 -0.1223 -0.6411
vn -0.6911 0.7227 -0.0108
vn -0.7398 0.6670 0.0888
vn -0.1644 0.9761 -0.1422
vn -0.1413 0.9240 -0.3554
vn -0.1676 0.9017 -0.3985
vn -0.0826 0.9487 -0.3050
vn -0.0000 0.9589 -0.2836
vn 0.0826 0.9488 -0.3050
vn 0.1413 0.9240 -0.3554
vn 0.1675 0.9017 -0.3985
vn -0.2825 0.9573 -0.0616
vn -0.4155 0.9094 -0.0163
vn -0.4837 0.8751 0.0141
vn 0.2682 0.8673 -0.4193
vn 0.6911 0.7227 -0.0107
vn 0.1644 0.9761 -0.1422
vn 0.7270 0.6797 0.0972
vn -0.7270 0.6797 0.0972
vn -0.5273 0.8486 0.0419
vn -0.6418 0.7615 0.0906
vn -0.2393 0.9707 -0.0221
vn 0.0058 0.9989 -0.0470
vn -0.0455 0.9853 -0.1648
vn -0.0157 0.9908 -0.1341
vn -0.0000 0.9929 -0.1192
vn -0.0000 0.9999 -0.0133
vn 0.0157 0.9908 -0.1342
vn 0.0789 0.9962 -0.0370
vn 0.0454 0.9853 -0.1648
vn 0.0396 0.9968 -0.0701
vn -0.0058 0.9989 -0.0470
vn 0.2393 0.9707 -0.0221
vn -0.0025 0.6883 0.7254
vn -0.0045 0.6886 0.7251
vn -0.0070 0.8739 0.4860
vn -0.5359 0.8434 0.0383
vn -0.5679 0.8213 0.0537
vn -0.1404 0.9873 -0.0742
vn 0.0429 0.9961 -0.0777
vn 0.1202 0.1086 -0.9868
vn 0.1194 0.1073 -0.9870
vn 0.1193 0.1070 -0.9871
vn -0.0154 -0.2940 -0.9557
vn -0.0034 -0.2928 -0.9562
vn -0.0041 -0.1839 -0.9829
vn -0.0265 -0.1846 -0.9825
vn -0.0251 0.8733 0.4865
vn -0.0114 0.3206 0.9471
vn 0.0131 0.9949 -0.0997
vn -0.0000 -0.9915 0.1305
vn -0.1202 0.1090 -0.9867
vn -0.0429 0.9961 -0.0777
vn 0.1404 0.9873 -0.0743
vn 0.2824 0.9573 -0.0616
vn -0.0004 0.6889 0.7249
vn 0.0074 0.8739 0.4861
vn 0.3380 0.9399 -0.0493
vn -0.5111 0.7977 -0.3201
vn 0.0635 0.9718 -0.2271
vn -0.0028 0.3212 0.9470
vn -0.0071 -0.4868 0.8735
vn -0.0000 0.9950 -0.0995
vn -0.0000 0.9794 -0.2017
vn -0.0474 0.9784 -0.2013
vn -0.4437 -0.2020 -0.8731
vn -0.4393 -0.0626 -0.8961
vn -0.3949 -0.0887 -0.9144
vn 0.0020 0.1046 -0.9945
vn 0.5174 0.0580 -0.8538
vn 0.6369 0.7702 -0.0328
vn 0.5957 0.5666 -0.5693
vn 0.7206 0.6810 0.1300
vn 0.9557 -0.1978 -0.2181
vn 0.9594 -0.2283 -0.1655
vn 0.8550 -0.1324 -0.5014
vn -0.6267 0.0482 -0.7778
vn -0.4482 -0.0161 -0.8938
vn -0.6288 -0.0029 -0.7775
vn 0.0203 0.9298 -0.3676
vn 0.8599 -0.5104 0.0029
vn -0.7108 -0.6987 -0.0810
vn 0.8508 -0.5149 0.1046
vn 0.0836 0.8948 -0.4385
vn 0.0828 0.8628 -0.4987
vn 0.1153 0.8268 -0.5506
vn -0.7201 0.6815 0.1308
vn -0.0000 0.6706 -0.7418
vn -0.5958 0.5663 -0.5695
vn 0.7695 0.0723 0.6346
vn -0.6372 0.7701 -0.0311
vn -0.2165 0.8713 -0.4403
vn 0.0605 0.3134 0.9477
vn -0.0440 0.3115 0.9492
vn -0.9404 -0.3398 0.0120
vn -0.8715 -0.4902 0.0110
vn 0.5359 0.8434 0.0383
vn 0.4839 0.8750 0.0141
vn 0.0037 0.6888 0.7250
vn 0.0038 0.6884 0.7254
vn -0.0635 0.9718 -0.2271
vn 0.1953 0.9455 -0.2605
vn 0.4353 0.8430 -0.3161
vn 0.4354 0.8791 -0.1942
vn 0.5111 0.7977 -0.3201
vn 0.5294 0.7714 -0.3531
vn -0.4234 0.7474 -0.5120
vn -0.4338 0.7439 -0.5084
vn -0.4428 0.7473 -0.4954
vn -0.0188 0.8717 0.4896
vn -0.2608 0.3028 0.9167
vn -0.0247 0.6877 0.7256
vn -0.0159 0.6879 0.7256
vn -0.9710 -0.0615 -0.2309
vn -0.9775 -0.1121 -0.1785
vn -0.8550 -0.1324 -0.5014
vn -0.4217 0.7390 -0.5254
vn -0.4338 0.7438 -0.5085
vn 0.0096 0.5776 0.8163
vn 0.1396 -0.1316 0.9814
vn -0.4400 0.7419 -0.5059
vn 0.9883 -0.0835 -0.1275
vn 0.8607 -0.0661 -0.5049
vn 0.8487 -0.0571 -0.5258
vn 0.9927 -0.0332 0.1158
vn 0.9910 -0.0861 0.1029
vn 0.9832 -0.1023 0.1510
vn -0.3641 0.2237 -0.9041
vn -0.2478 0.1809 -0.9518
vn -0.3543 0.1609 -0.9212
vn 0.8642 -0.4820 -0.1442
vn 0.8462 -0.5233 -0.1006
vn 0.9130 -0.3783 -0.1527
vn -0.2070 0.6087 -0.7659
vn -0.3128 0.4944 -0.8110
vn -0.3164 0.4821 -0.8170
vn -0.2612 -0.9653 -0.0000
vn 0.4746 0.8799 -0.0237
vn 0.3710 0.9018 0.2217
vn 0.2830 0.9502 0.1305
vn 0.1727 0.2309 -0.9575
vn -0.6753 -0.7034 0.2217
vn -0.6880 -0.5560 0.4665
vn -0.6893 -0.6168 -0.3801
vn -0.3964 0.7559 -0.5211
vn 0.6548 -0.1836 -0.7332
vn 0.6535 -0.0734 -0.7533
vn 0.6675 -0.0997 -0.7379
vn 0.0263 0.9284 -0.3706
vn -0.0035 0.3218 0.9468
vn -0.6261 0.1035 -0.7728
vn -0.6414 0.0746 -0.7636
vn -0.6698 0.0642 -0.7398
vn 0.0014 0.1047 -0.9945
vn 0.0017 0.1046 -0.9945
vn -0.9281 -0.3693 0.0469
vn -0.8744 -0.4641 0.1417
vn -0.1870 0.9238 -0.3340
vn 0.7949 -0.5983 -0.1008
vn -0.6639 -0.1964 -0.7216
vn -0.6639 -0.1964 0.7216
vn 0.8835 -0.4208 0.2059
vn 0.9209 -0.3028 0.2456
vn 0.9482 -0.2664 0.1733
vn 0.9416 -0.1263 0.3123
vn 0.9952 -0.0742 0.0642
vn 0.9911 -0.0558 -0.1205
vn 0.8394 -0.1689 0.5166
vn 0.6603 -0.0577 0.7488
vn 0.9095 0.0047 0.4157
vn -0.7265 -0.6872 -0.0000
vn 0.5791 0.5227 0.6256
vn 0.7704 0.5402 0.3385
vn -0.0774 0.7835 -0.6165
vn 0.7108 -0.6987 -0.0810
vn 0.6939 -0.7157 -0.0791
vn 0.6907 -0.7232 -0.0042
vn -0.0678 0.9358 -0.3460
vn -0.0020 0.9711 -0.2388
vn -0.0429 0.9706 -0.2369
vn 0.6480 0.7399 0.1807
vn -0.0388 0.3184 0.9472
vn -0.0000 0.9395 -0.3425
vn -0.0000 0.9376 -0.3478
vn -0.0037 0.9395 -0.3425
vn -0.0453 0.9713 -0.2335
vn -0.0228 0.9490 -0.3145
vn -0.0263 0.9685 -0.2478
vn 0.9579 -0.1841 -0.2201
vn 0.9505 -0.2423 -0.1945
vn 0.8603 -0.1266 -0.4938
vn -0.1245 -0.1122 -0.9859
vn -0.1244 -0.1128 -0.9858
vn -0.1245 -0.1120 -0.9859
vn 0.9033 0.4075 -0.1340
vn 0.9658 0.2023 -0.1620
vn 0.9761 0.1577 -0.1497
vn -0.0005 0.9918 -0.1279
vn -0.6494 0.7384 0.1817
vn -0.0065 0.7659 0.6429
vn -0.3522 0.7246 -0.5924
vn -0.5334 0.5793 -0.6163
vn 0.1862 0.6205 -0.7617
vn -0.1630 0.5730 -0.8032
vn -0.1496 0.4561 -0.8773
vn 0.3715 -0.8931 -0.2539
vn 0.6711 -0.5826 -0.4586
vn 0.3785 -0.8760 -0.2989
vn 0.9964 0.0811 0.0242
vn 0.9929 -0.0295 0.1154
vn 0.9809 0.1490 0.1251
vn 0.8329 -0.5395 -0.1236
vn 0.8432 -0.4861 0.2297
vn -0.3715 -0.8931 -0.2539
vn 0.0678 0.9358 -0.3460
vn -0.0263 0.9284 -0.3706
vn -0.0213 0.9210 -0.3889
vn -0.0203 0.9248 -0.3799
vn -0.9480 -0.3064 -0.0862
vn -0.8951 -0.4161 0.1600
vn -0.7739 -0.5711 0.2738
vn -0.0000 0.2081 -0.9781
vn -0.5151 0.5516 0.6561
vn -0.1734 0.9163 0.3611
vn -0.1404 0.9211 0.3630
vn -0.5223 0.0576 -0.8508
vn -0.5294 0.7714 -0.3531
vn -0.4643 0.7820 -0.4159
vn -0.9780 -0.1109 0.1769
vn -0.9768 -0.1405 0.1614
vn -0.9802 -0.1085 0.1655
vn -0.9761 0.1577 -0.1496
vn -0.9658 0.2023 -0.1620
vn -0.9033 0.4075 -0.1340
vn 0.3409 0.2279 -0.9121
vn 0.2148 0.1804 -0.9599
vn 0.1783 0.1800 -0.9674
vn -0.0005 -0.8816 0.4719
vn 0.0004 -0.8818 0.4717
vn -0.0029 -0.9962 0.0871
vn -0.1982 0.5657 0.8004
vn -0.4851 0.5177 0.7047
vn -0.3716 0.8081 0.4569
vn -0.6138 -0.4807 -0.6263
vn -0.5705 -0.6449 -0.5085
vn -0.6899 -0.5481 -0.4728
vn 0.0101 0.3204 0.9472
vn 0.0030 0.3210 0.9471
vn 0.4234 0.7474 -0.5120
vn 0.4137 0.7501 -0.5160
vn 0.2733 0.8951 -0.3522
vn 0.0301 0.9583 -0.2843
vn -0.2328 -0.9304 0.2832
vn -0.6735 -0.7030 0.2284
vn -0.6736 -0.7391 -0.0000
vn 0.4681 -0.8822 0.0511
vn -0.6966 -0.5830 0.4181
vn -0.3142 -0.8684 0.3835
vn 0.0209 0.2329 -0.9723
vn 0.0256 0.2335 -0.9720
vn 0.0211 0.2328 -0.9723
vn -0.6735 -0.7030 -0.2284
vn -0.6640 -0.1966 0.7214
vn -0.6735 -0.4345 -0.5980
vn 0.4217 0.7390 -0.5254
vn 0.4137 0.7500 -0.5161
vn 0.0513 0.7501 -0.6593
vn -0.3370 0.7045 0.6246
vn -0.2758 0.6944 0.6647
vn 0.9814 -0.1080 0.1589
vn 0.8598 -0.0724 -0.5055
vn 0.1918 0.9050 0.3798
vn 0.3964 0.7559 -0.5211
vn 0.5253 0.7222 -0.4499
vn 0.5240 0.7129 -0.4660
vn 0.4334 0.8132 -0.3885
vn 0.4418 0.7421 -0.5041
vn -0.9883 -0.0835 -0.1275
vn -0.9380 -0.0451 -0.3438
vn -0.8487 -0.0571 -0.5258
vn -0.2736 0.9503 0.1487
vn -0.5757 0.7414 -0.3447
vn -0.1489 0.7180 -0.6800
vn -0.2618 0.5595 -0.7864
vn -0.0000 -0.9420 0.3356
vn -0.0210 0.2339 -0.9720
vn -0.0256 0.2330 -0.9721
vn -0.0212 0.2338 -0.9721
vn 0.2964 0.8827 0.3647
vn 0.1604 0.9125 0.3762
vn -0.5153 0.6655 -0.5400
vn -0.2687 0.6931 -0.6689
vn -0.3305 0.6363 -0.6970
vn -0.2464 0.7744 -0.5828
vn -0.3128 0.7644 -0.5638
vn -0.0771 0.2334 -0.9693
vn -0.0178 0.2335 -0.9722
vn -0.0091 0.1752 -0.9845
vn -0.1522 0.7991 -0.5816
vn -0.1421 0.7823 -0.6064
vn -0.2684 0.7666 -0.5833
vn -0.9504 -0.1791 -0.2542
vn -0.8857 -0.4574 0.0800
vn 0.0338 0.5753 0.8172
vn -0.0411 0.8721 0.4876
vn 0.0107 0.8721 0.4892
vn 0.9711 -0.1901 0.1446
vn 0.9734 -0.1728 0.1503
vn 0.9735 -0.1698 0.1531
vn 0.9823 -0.0767 -0.1710
vn 0.9852 -0.1041 -0.1365
vn 0.9691 -0.2207 -0.1105
vn -0.8575 -0.4961 -0.1361
vn -0.4928 -0.5907 -0.6389
vn 0.4318 -0.8670 0.2486
vn -0.0817 0.8280 -0.5547
vn 0.4160 0.8530 0.3153
vn 0.2184 0.9238 0.3145
vn 0.3741 0.8493 0.3724
vn -0.1198 0.8001 -0.5878
vn -0.0060 0.9154 -0.4024
vn -0.3668 -0.0864 -0.9263
vn -0.0580 0.8868 -0.4584
vn -0.0829 0.8628 -0.4987
vn -0.9744 -0.1708 0.1461
vn -0.9736 -0.1763 0.1447
vn -0.9734 -0.1728 0.1503
vn 0.0068 0.8052 0.5930
vn 0.3599 0.7243 -0.5881
vn -0.3657 0.9008 0.2341
vn -0.3086 0.8767 0.3690
vn -0.0503 0.8931 -0.4470
vn -0.0836 0.8948 -0.4385
vn -0.0000 0.8933 -0.4495
vn 0.0504 0.8935 -0.4462
vn 0.0608 0.8792 -0.4725
vn 0.9736 -0.1763 0.1447
vn 0.0609 0.8792 -0.4725
vn 0.0817 0.8280 -0.5547
vn 0.0683 0.8765 -0.4765
vn 0.9744 -0.1719 0.1447
vn 0.9757 -0.2086 0.0676
vn 0.4573 0.8882 -0.0453
vn -0.0000 -0.1821 0.9833
vn 0.6787 -0.4167 0.6048
vn 0.6845 -0.6118 0.3963
vn 0.6640 -0.1966 -0.7214
vn 0.1522 0.7991 -0.5816
vn 0.1233 0.8028 -0.5834
vn 0.1421 0.7823 -0.6064
vn 0.1233 0.8027 -0.5834
vn -0.2800 0.9016 0.3298
vn -0.2708 0.8607 0.4311
vn -0.3997 0.8412 0.3642
vn 0.1198 0.8001 -0.5878
vn 0.3964 0.7559 -0.5210
vn 0.2386 0.7706 -0.5910
vn -0.3781 0.9014 0.2108
vn -0.3874 0.8743 0.2926
vn -0.4747 0.8635 0.1704
vn 0.2367 0.7705 -0.5918
vn -0.0444 0.8622 -0.5046
vn -0.0000 0.8630 -0.5051
vn 0.9610 -0.0779 -0.2655
vn 0.9923 -0.0829 -0.0916
vn 0.9950 -0.0736 0.0673
vn 0.9208 0.0839 -0.3810
vn 0.9280 -0.0681 -0.3663
vn -0.0000 0.9191 -0.3939
vn 0.5153 0.6655 -0.5400
vn 0.3305 0.6363 -0.6970
vn 0.2687 0.6931 -0.6689
vn -0.2832 0.5318 -0.7981
vn -0.3212 0.4228 -0.8474
vn -0.1722 0.7236 -0.6684
vn -0.1271 0.7926 -0.5964
vn -0.9835 -0.1776 -0.0344
vn -0.9677 -0.2472 -0.0503
vn -0.9326 -0.3223 -0.1626
vn -0.6741 -0.4327 -0.5987
vn -0.9873 -0.0772 0.1392
vn -0.9897 -0.0558 0.1319
vn -0.9146 -0.0760 -0.3972
vn 0.9897 -0.0558 0.1319
vn 0.9935 -0.0363 0.1077
vn 0.9125 -0.0545 0.4054
vn -0.2115 0.7027 -0.6793
vn -0.1013 0.8171 -0.5676
vn -0.6408 -0.6846 0.3474
vn -0.4084 0.1470 -0.9009
vn -0.4151 0.1127 -0.9028
vn -0.4343 0.0901 -0.8962
vn 0.2463 0.8966 0.3680
vn 0.1912 0.9241 0.3309
vn -0.1067 0.8073 -0.5804
vn 0.8735 -0.0762 0.4808
vn 0.9821 -0.0809 0.1699
vn 0.9873 -0.0772 0.1392
vn -0.1014 0.8170 -0.5677
vn -0.0300 0.8447 -0.5344
vn -0.1732 0.7717 -0.6119
vn -0.0000 0.8432 -0.5376
vn 0.0300 0.8447 -0.5345
vn 0.1732 0.7717 -0.6119
vn -0.8184 -0.2167 0.5323
vn -0.7886 -0.2698 0.5526
vn -0.8343 -0.4709 0.2868
vn -0.5715 -0.7245 0.3853
vn -0.5049 -0.8373 0.2099
vn 0.2115 0.7028 -0.6792
vn 0.1176 0.7983 -0.5907
vn 0.0976 0.8118 -0.5757
vn -0.9832 -0.1023 0.1510
vn -0.9927 -0.0332 0.1158
vn -0.9851 -0.0799 0.1526
vn -0.6348 0.0646 -0.7700
vn 0.7221 -0.6918 -0.0044
vn -0.8599 -0.5104 0.0031
vn -0.3606 -0.7962 0.4859
vn -0.6846 -0.6118 0.3963
vn 0.0066 -0.3506 0.9365
vn 0.0268 -0.3509 0.9360
vn 0.0229 -0.1234 0.9921
vn 0.2832 0.5318 -0.7981
vn 0.1722 0.7236 -0.6684
vn 0.3212 0.4229 -0.8473
vn -0.2489 0.2906 -0.9239
vn -0.2546 0.1998 -0.9462
vn -0.1788 0.5932 -0.7850
vn -0.1327 0.7186 -0.6827
vn -0.0916 0.6761 -0.7311
vn -0.0115 0.7416 -0.6707
vn 0.0916 0.6761 -0.7311
vn -0.1243 -0.1133 -0.9858
vn 0.1327 0.7186 -0.6827
vn 0.1788 0.5932 -0.7850
vn 0.2490 0.2907 -0.9239
vn 0.2546 0.1998 -0.9462
vn -0.1222 0.0921 -0.9882
vn 0.0001 1.0000 0.0002
vn -0.1050 0.2495 -0.9627
vn -0.0404 0.5414 -0.8398
vn -0.0251 0.4592 -0.8880
vn -0.0029 0.4891 -0.8722
vn 0.0470 0.9784 -0.2011
vn 0.5963 0.7299 -0.3341
vn 0.0404 0.5413 -0.8399
vn 0.1050 0.2495 -0.9627
vn 0.1222 0.0920 -0.9882
vn 0.1209 0.0605 -0.9908
vn -0.9125 -0.0545 0.4054
vn -0.9399 -0.0383 0.3392
vn -0.9935 -0.0363 0.1077
vn -0.9073 -0.0643 0.4156
vn -0.9084 -0.0578 0.4140
vn -0.8735 -0.0762 0.4808
vn -0.9012 -0.0767 0.4265
vn -0.3080 0.2336 -0.9223
vn 0.3142 -0.8684 0.3835
vn -0.6066 -0.6749 -0.4202
vn 0.6967 -0.5830 0.4181
vn -0.4681 -0.8822 0.0511
vn 0.9146 -0.0760 -0.3972
vn -0.5754 -0.6100 -0.5448
vn -0.6396 -0.7377 0.2161
vn -0.9987 -0.0485 -0.0151
vn -0.7360 -0.0966 -0.6700
vn -0.9686 -0.0753 -0.2368
vn 0.6898 -0.6238 0.3674
vn 0.6880 -0.5559 0.4664
vn 0.5407 -0.6852 0.4879
vn -0.9954 -0.0846 0.0442
vn -0.9594 -0.2283 -0.1655
vn -0.9557 -0.1978 -0.2181
vn -0.3084 -0.1812 -0.9338
vn 0.6667 0.7377 0.1062
vn -0.9903 -0.1308 0.0465
vn -0.9308 -0.3050 -0.2014
vn -0.6555 -0.7272 0.2038
vn -0.5166 -0.8204 0.2452
vn -0.6326 -0.7742 0.0232
vn -0.9844 -0.1758 0.0117
vn -0.9542 -0.2934 -0.0589
vn -0.9130 -0.3783 -0.1527
vn -0.9166 -0.3499 -0.1934
vn -0.3731 0.1520 -0.9153
vn -0.9760 -0.2177 0.0007
vn -0.9090 -0.4153 -0.0347
vn -0.8462 -0.5233 -0.1006
vn -0.8642 -0.4820 -0.1442
vn -0.5582 -0.7078 -0.4330
vn 0.7887 -0.6103 0.0743
vn -0.9466 -0.3225 0.0038
vn -0.7921 -0.6098 -0.0268
vn -0.4976 -0.8304 -0.2506
vn -0.6735 -0.7391 -0.0000
vn 0.6965 -0.5951 0.4010
vn 0.7055 -0.7026 -0.0928
vn -0.9271 -0.3748 0.0041
vn -0.4523 -0.8598 0.2370
vn -0.4534 -0.8913 -0.0045
vn 0.0006 -0.8825 0.4703
vn -0.9647 -0.2613 -0.0317
vn -0.7721 -0.6240 0.1207
vn -0.5392 -0.7481 0.3868
vn -0.9731 -0.2253 -0.0471
vn -0.9488 -0.3140 0.0352
vn -0.9064 -0.3939 0.1526
vn -0.8471 -0.4960 0.1909
vn -0.5407 -0.6852 0.4879
vn -0.6899 -0.6238 0.3674
vn -0.9910 -0.0861 0.1029
vn -0.9964 0.0811 0.0242
vn -0.9871 -0.1500 -0.0553
vn -0.9760 -0.2143 0.0387
vn -0.9482 -0.2664 0.1733
vn -0.8835 -0.4208 0.2059
vn -0.6098 -0.5026 0.6128
vn 0.9693 0.2457 -0.0000
vn -0.9891 -0.0927 0.1141
vn -0.9416 -0.1264 0.3123
vn -0.8410 -0.1435 0.5217
vn -0.9209 -0.3028 0.2455
vn -0.3100 -0.1847 0.9326
vn -0.6735 -0.4345 0.5980
vn -0.5548 -0.6886 -0.4669
vn -0.4215 -0.8704 -0.2545
vn -0.9911 -0.0559 -0.1205
vn -0.9952 -0.0743 0.0642
vn -0.9095 0.0047 0.4157
vn -0.8394 -0.1689 0.5166
vn -0.4040 -0.6015 0.6892
vn -0.9698 -0.2310 -0.0788
vn -0.9222 -0.3795 -0.0736
vn -0.8871 -0.4251 -0.1801
vn -0.9871 -0.0829 -0.1372
vn -0.9866 -0.0641 -0.1499
vn -0.9884 -0.0697 -0.1352
vn 0.7965 -0.5858 -0.1497
vn -0.9774 -0.1551 -0.1435
vn -0.9823 -0.0767 -0.1710
vn -0.9592 0.2458 0.1396
vn 0.7022 -0.7058 0.0933
vn -0.9691 -0.2207 -0.1105
vn -0.9852 -0.1041 -0.1365
vn -0.8708 0.4798 -0.1069
vn -0.9610 -0.0779 -0.2655
vn -0.9280 -0.0681 -0.3663
vn 0.7108 -0.7001 0.0677
vn 0.6997 -0.7084 0.0929
vn -0.9922 -0.1246 -0.0087
vn -0.9675 0.2530 -0.0034
vn -0.9616 0.2438 -0.1259
vn -0.8586 0.5123 -0.0173
vn -0.6159 -0.4750 -0.6285
vn -0.6735 -0.5980 -0.4345
vn 0.6968 -0.7142 0.0663
vn -0.9757 -0.2086 0.0676
vn -0.9753 -0.2103 0.0676
vn 0.6395 -0.7377 0.2162
vn 0.3079 0.2335 -0.9223
vn -0.0000 -0.1050 -0.9945
vn -0.0000 -0.0000 -1.0000
vn 0.1781 0.7338 -0.6556
vn -0.0617 0.7513 -0.6570
vn 0.3553 0.6976 0.6222
vn -0.0076 0.1035 -0.9946
vn -0.0016 0.1046 -0.9945
vn -0.0087 0.1049 -0.9944
vn -0.9727 -0.2313 0.0160
vn -0.9816 -0.1252 0.1445
vn -0.9637 0.2321 0.1322
vn -0.8644 0.4938 0.0949
vn 0.3516 0.9023 0.2496
vn 0.4600 0.8651 0.2001
vn 0.4339 0.8895 0.1434
vn 0.3480 0.8142 0.4648
vn 0.6039 0.6235 0.4965
vn 0.5211 0.5325 0.6670
vn 0.9693 -0.2457 -0.0000
vn 0.6735 -0.7391 -0.0000
vn 0.3602 -0.9329 0.0081
vn 0.4215 -0.8704 -0.2545
vn -0.6965 -0.5951 0.4010
vn -0.4318 -0.8670 0.2486
vn -0.6965 -0.7117 -0.0917
vn 0.7265 -0.6872 -0.0000
vn -0.9801 -0.1075 0.1667
vn 0.8410 -0.1435 0.5217
vn 0.7265 0.6872 -0.0000
vn -0.7519 -0.6483 -0.1200
vn -0.6741 -0.7382 -0.0259
vn 0.9710 -0.0615 -0.2309
vn 0.9987 -0.0485 -0.0151
vn -0.9448 -0.3028 -0.1254
vn -0.7798 -0.5856 0.2213
vn 0.9866 -0.0641 -0.1499
vn -0.0101 0.2328 -0.9725
vn -0.0101 0.1736 -0.9848
vn -0.0107 0.1738 -0.9847
vn -0.9744 -0.1719 0.1447
vn -0.9711 -0.1901 0.1446
vn -0.7954 -0.5830 0.1659
vn 0.6640 -0.1966 0.7214
vn 0.3605 0.8773 0.3167
vn -0.9667 0.1947 0.1661
vn -0.8813 0.4535 0.1330
vn -0.7288 0.2966 0.6172
vn -0.5636 -0.1554 0.8113
vn -0.7349 -0.1799 0.6539
vn 0.6965 -0.7117 -0.0917
vn -0.9819 -0.1266 0.1409
vn -0.9950 -0.0736 0.0673
vn -0.8282 -0.5583 -0.0479
vn -0.1747 0.9138 0.3667
vn -0.6640 -0.1966 -0.7214
vn -0.7265 0.6872 -0.0000
vn -0.3971 0.8429 0.3630
vn -0.3980 0.8384 0.3725
vn -0.4067 0.8363 0.3676
vn 0.9976 0.0693 -0.0000
vn 0.3995 0.8390 -0.3695
vn -0.4266 0.6156 -0.6626
vn -0.4828 0.5916 -0.6458
vn -0.4237 0.6262 -0.6545
vn -0.6494 0.6461 0.4010
vn -0.1375 0.9166 0.3754
vn 0.0407 0.8645 0.5010
vn 0.2078 0.5895 -0.7806
vn 0.3133 0.4849 -0.8165
vn 0.2498 0.4788 -0.8416
vn 0.3993 -0.8680 0.2953
vn -0.2883 0.9012 0.3237
vn -0.0000 0.2796 0.9601
vn -0.0000 0.0805 -0.9968
vn -0.9744 -0.1718 0.1447
vn 0.4040 -0.6015 0.6892
vn 0.4928 -0.5907 -0.6389
vn 0.8575 -0.4961 -0.1363
vn -0.8598 -0.0724 -0.5055
vn -0.8572 -0.0898 -0.5071
vn -0.9814 -0.1080 0.1589
vn 0.2083 -0.8091 -0.5495
vn 0.1512 -0.7466 -0.6479
vn 0.3315 0.7794 -0.5316
vn -0.9157 0.3964 -0.0656
vn -0.9208 0.0839 -0.3810
vn -0.0269 -0.1233 0.9920
vn -0.0905 -0.1261 0.9879
vn -0.0984 -0.3522 0.9307
vn -0.9923 -0.0838 -0.0917
vn -0.9625 -0.1393 -0.2328
vn -0.8603 -0.1266 -0.4938
vn -0.7883 -0.0841 -0.6095
vn -0.0145 0.9395 -0.3423
vn -0.9898 -0.1424 0.0012
vn -0.9505 -0.2423 -0.1945
vn -0.9579 -0.1841 -0.2201
vn -0.3485 -0.1789 -0.9201
vn -0.9772 -0.2124 0.0031
vn -0.9186 -0.3375 -0.2054
vn -0.9408 -0.3390 -0.0034
vn -0.7950 -0.5841 -0.1637
vn -0.9050 -0.0768 0.4185
vn -0.8799 -0.4751 -0.0054
vn -0.7465 -0.6635 0.0500
vn -0.0609 0.5794 0.8127
vn -0.0643 0.1918 0.9793
vn -0.0462 0.5372 0.8422
vn -0.7791 -0.6086 0.1503
vn -0.8127 -0.5778 0.0755
vn -0.3602 -0.9329 0.0081
vn -0.9084 -0.4074 0.0936
vn -0.4579 0.5647 -0.6866
vn -0.4126 0.6141 -0.6728
vn -0.4304 0.6289 -0.6475
vn -0.4555 -0.7192 0.5247
vn -0.6985 -0.5978 0.3934
vn -0.5316 -0.5757 0.6213
vn -0.6899 -0.5263 0.4971
vn -0.9910 -0.0950 -0.0945
vn -0.9693 -0.1618 0.1854
vn -0.2341 -0.2023 0.9509
vn -0.6787 -0.4167 0.6048
vn -0.6113 -0.1493 0.7772
vn -0.3359 -0.0861 0.9380
vn -0.6477 -0.6086 0.4583
vn 0.9760 -0.2143 0.0387
vn 0.9891 -0.0927 0.1141
vn -0.8607 -0.0661 -0.5049
vn -0.8571 -0.0904 -0.5072
vn -0.8760 -0.0918 -0.4736
vn -0.8835 -0.0923 -0.4592
vn -0.9302 -0.0981 -0.3538
vn 0.0501 -0.6462 -0.7615
vn 0.7954 -0.5830 0.1659
vn 0.4500 -0.8477 -0.2810
vn 0.8857 -0.4574 0.0800
vn 0.9480 -0.3064 -0.0862
vn 0.9504 -0.1791 -0.2542
vn 0.0063 -0.0085 0.9999
vn 0.0065 -0.1222 0.9925
vn 0.6326 -0.7742 0.0232
vn 0.5166 -0.8204 0.2452
vn 0.6555 -0.7272 0.2038
vn 0.9698 -0.2310 -0.0788
vn 0.9772 -0.2124 0.0031
vn 0.9898 -0.1424 0.0012
vn 0.6735 -0.7030 -0.2284
vn 0.5548 -0.6886 -0.4669
vn 0.7519 -0.6483 -0.1200
vn 0.8282 -0.5583 -0.0479
vn 0.9222 -0.3795 -0.0736
vn -0.4866 0.7777 0.3979
vn -0.6494 0.7385 0.1817
vn -0.7200 0.6815 0.1307
vn -0.6654 0.7391 0.1049
vn 0.6735 -0.7030 0.2284
vn 0.2328 -0.9304 0.2832
vn 0.6408 -0.6846 0.3474
vn 0.7798 -0.5856 0.2213
vn -0.0501 -0.6462 -0.7615
vn -0.0567 -0.2419 0.9686
vn 0.6477 -0.6086 0.4583
vn -0.8452 -0.5208 0.1199
vn 0.9084 -0.4074 0.0936
vn 0.0289 0.5379 0.8425
vn 0.0249 0.5816 0.8131
vn -0.8508 -0.5149 0.1047
vn 0.7465 -0.6635 0.0500
vn 0.7791 -0.6086 0.1503
vn 0.7557 -0.1587 -0.6354
vn 0.7176 -0.1031 -0.6888
vn 0.7326 -0.0733 -0.6767
vn -0.7965 -0.5858 -0.1498
vn -0.2608 -0.3416 -0.9029
vn -0.0304 -0.3066 -0.9514
vn -0.0807 -0.3408 -0.9367
vn -0.5033 0.5350 -0.6786
vn -0.5722 0.4866 -0.6602
vn -0.4880 0.5035 -0.7130
vn -0.9693 -0.2457 -0.0000
vn -0.0024 -0.1387 0.9903
vn -0.1419 -0.1312 0.9811
vn -0.0907 0.5760 0.8124
vn 0.9399 -0.0383 0.3392
vn 0.9084 -0.0578 0.4140
vn 0.9073 -0.0643 0.4156
vn 0.9050 -0.0768 0.4185
vn 0.9012 -0.0767 0.4265
vn 0.6066 -0.6749 -0.4202
vn 0.0032 0.3216 0.9469
vn 0.5754 -0.6100 -0.5448
vn -0.3992 -0.8680 0.2953
vn 0.9775 -0.1121 -0.1785
vn 0.7360 -0.0966 -0.6700
vn 0.9686 -0.0753 -0.2368
vn 0.6639 -0.1964 -0.7216
vn -0.7949 -0.5983 -0.1008
vn 0.9835 -0.1776 -0.0344
vn 0.9954 -0.0846 0.0442
vn 0.6741 -0.4327 -0.5987
vn 0.3084 -0.1812 -0.9338
vn 0.5281 0.7479 -0.4022
vn 0.9677 -0.2472 -0.0503
vn 0.9903 -0.1308 0.0465
vn 0.9326 -0.3223 -0.1627
vn 0.9308 -0.3050 -0.2014
vn 0.6899 -0.5482 -0.4728
vn 0.6138 -0.4807 -0.6263
vn 0.3606 -0.7962 0.4859
vn 0.9542 -0.2934 -0.0589
vn 0.9843 -0.1759 0.0117
vn 0.9166 -0.3499 -0.1934
vn 0.6893 -0.6168 -0.3801
vn 0.5705 -0.6449 -0.5085
vn 0.7739 -0.5711 0.2738
vn 0.9090 -0.4153 -0.0347
vn 0.9760 -0.2177 0.0007
vn 0.5582 -0.7078 -0.4330
vn 0.8715 -0.4902 0.0110
vn 0.9466 -0.3225 0.0038
vn 0.7892 -0.6142 0.0013
vn 0.7921 -0.6098 -0.0268
vn 0.6736 -0.7391 -0.0000
vn 0.4976 -0.8304 -0.2506
vn 0.9404 -0.3398 0.0120
vn 0.9271 -0.3747 0.0042
vn 0.8818 -0.4676 0.0610
vn 0.8005 -0.5871 0.1204
vn 0.4523 -0.8598 0.2370
vn 0.4534 -0.8913 -0.0044
vn 0.8586 0.5123 -0.0173
vn 0.9674 0.2531 -0.0034
vn 0.9616 0.2438 -0.1259
vn 0.9647 -0.2613 -0.0317
vn 0.9281 -0.3693 0.0469
vn 0.7721 -0.6240 0.1207
vn 0.8744 -0.4641 0.1417
vn 0.6753 -0.7034 0.2217
vn 0.5392 -0.7480 0.3869
vn 0.9744 -0.1718 0.1447
vn 0.9731 -0.2253 -0.0471
vn 0.9488 -0.3140 0.0353
vn 0.8471 -0.4960 0.1909
vn 0.9064 -0.3939 0.1526
vn 0.0263 0.9674 -0.2519
vn 0.9871 -0.1500 -0.0553
vn 0.6098 -0.5026 0.6128
vn 0.2168 0.8714 -0.4401
vn -0.0000 0.6707 -0.7418
vn 0.6735 -0.4345 0.5980
vn 0.3100 -0.1847 0.9326
vn 0.6639 -0.1964 0.7216
vn 0.9871 -0.0829 -0.1372
vn 0.9884 -0.0697 -0.1352
vn 0.8452 -0.5208 0.1199
vn -0.6711 -0.5826 -0.4586
vn -0.7887 -0.6103 0.0743
vn -0.3785 -0.8760 -0.2989
vn 0.9774 -0.1551 -0.1435
vn 0.9592 0.2458 0.1396
vn -0.6997 -0.7084 0.0929
vn 0.8708 0.4798 -0.1069
vn -0.6968 -0.7142 0.0663
vn -0.7022 -0.7058 0.0933
vn 0.9922 -0.1246 -0.0087
vn -0.6907 -0.7231 -0.0042
vn -0.7108 -0.7001 0.0677
vn 0.9753 -0.2103 0.0676
vn 0.9727 -0.2313 0.0160
vn 0.9637 0.2321 0.1322
vn 0.8644 0.4938 0.0949
vn -0.6939 -0.7157 -0.0791
vn -0.7221 -0.6918 -0.0044
vn -0.7362 0.3840 -0.5573
vn -0.6563 0.3969 0.6417
vn -0.1639 0.6395 0.7511
vn 0.1274 0.8639 0.4873
vn 0.2228 0.5640 0.7952
vn 0.5916 -0.7762 -0.2182
vn 0.1916 -0.3405 -0.9205
vn 0.0010 -0.3064 -0.9519
vn 0.2280 -0.3090 -0.9233
vn -0.0000 -0.7936 0.6084
vn 0.2688 0.8592 0.4354
vn -0.1078 0.9241 0.3665
vn 0.0526 0.8877 0.4574
vn 0.3780 0.9074 0.1835
vn -0.0001 0.6501 -0.7599
vn 0.9693 -0.1618 0.1854
vn 0.9910 -0.0950 -0.0945
vn -0.8297 -0.0435 -0.5565
vn 0.5456 -0.1187 -0.8296
vn -0.2725 -0.9621 -0.0000
vn 0.8813 0.4535 0.1330
vn -0.7055 -0.7026 -0.0928
vn 0.9819 -0.1266 0.1409
vn 0.6735 -0.5980 -0.4345
vn 0.6735 -0.4345 -0.5980
vn 0.9380 -0.0451 -0.3438
vn 0.9768 -0.1405 0.1614
vn 0.9186 -0.3375 -0.2054
vn 0.8871 -0.4251 -0.1801
vn -0.0646 0.0776 0.9949
vn -0.5787 0.8134 0.0589
vn 0.9851 -0.0799 0.1526
vn 0.9801 -0.1075 0.1667
vn -0.6602 -0.0577 0.7489
vn -0.0347 0.5809 0.8132
vn 0.0829 0.8628 -0.4987
vn 0.9787 0.1555 0.1341
vn -0.4495 -0.0244 -0.8930
vn -0.6400 -0.0403 -0.7673
vn 0.9157 0.3964 -0.0656
vn 0.2084 0.9084 0.3625
vn -0.4375 -0.8528 0.2852
vn 0.9625 -0.1393 -0.2328
vn 0.7883 -0.0841 -0.6095
vn -0.1375 0.8623 0.4873
vn 0.3485 -0.1789 -0.9201
vn 0.6159 -0.4750 -0.6286
vn -0.9751 -0.1543 0.1594
vn 0.9408 -0.3390 -0.0034
vn 0.7950 -0.5841 -0.1637
vn -0.4500 -0.8477 -0.2810
vn 0.8799 -0.4751 -0.0054
vn 0.6741 -0.7382 -0.0259
vn 0.8127 -0.5778 0.0755
vn 0.5049 -0.8373 0.2099
vn 0.9448 -0.3028 -0.1254
vn 0.5715 -0.7245 0.3853
vn 0.4555 -0.7192 0.5247
vn 0.6985 -0.5978 0.3934
vn 0.8951 -0.4161 0.1600
vn 0.6899 -0.5262 0.4971
vn 0.5316 -0.5757 0.6213
vn 0.8343 -0.4709 0.2868
vn 0.8184 -0.2167 0.5323
vn 0.2340 -0.2023 0.9509
vn -0.7781 -0.0743 0.6237
vn 0.6113 -0.1493 0.7772
vn 0.7886 -0.2698 0.5526
vn 0.3359 -0.0861 0.9380
vn 0.8297 -0.0436 -0.5565
vn 0.8760 -0.0918 -0.4736
vn 0.8571 -0.0904 -0.5072
vn -0.5916 -0.7762 -0.2181
vn 0.8572 -0.0898 -0.5071
vn 0.0045 0.2339 -0.9723
vn -0.0000 0.7710 -0.6369
vn -0.4225 0.6147 -0.6661
vn -0.9735 -0.1698 0.1531
vn 0.1083 0.7031 -0.7028
vn -0.7236 0.1347 -0.6770
vn -0.5616 0.1770 -0.8082
vn -0.7415 0.0646 -0.6678
vn -0.3123 0.2330 -0.9210
vn -0.3154 0.2253 -0.9218
vn -0.3132 0.2307 -0.9212
vn 0.5557 0.6995 0.4493
vn -0.1797 0.2410 -0.9537
vn -0.3159 0.2240 -0.9220
vn -0.2326 -0.1976 -0.9523
vn -0.0018 -0.4855 0.8742
vn -0.1127 0.2440 -0.9632
vn -0.1126 0.2429 -0.9635
vn -0.1128 0.2445 -0.9631
vn 0.0125 0.2339 -0.9722
vn 0.0033 -0.2918 -0.9565
vn 0.0025 -0.2927 -0.9562
vn -0.4336 0.2168 -0.8747
vn -0.3042 0.2330 -0.9237
vn -0.2257 0.1797 -0.9575
vn -0.2327 0.1822 -0.9553
vn -0.3584 0.2304 -0.9047
vn -0.2055 0.1917 -0.9597
vn -0.2201 0.2287 -0.9483
vn -0.2787 0.2288 -0.9327
vn -0.0806 0.1756 -0.9812
vn -0.1014 0.1762 -0.9791
vn -0.1766 0.2360 -0.9556
vn -0.9087 -0.0566 0.4137
vn 0.0444 0.8622 -0.5046
vn 0.0044 0.2340 -0.9722
vn 0.1410 0.4533 -0.8802
vn -0.0272 0.2327 -0.9722
vn -0.0209 0.2340 -0.9720
vn 0.5455 -0.1187 -0.8296
vn 0.1394 0.9224 0.3601
vn 0.6437 -0.0533 -0.7634
vn 0.4532 -0.0265 -0.8910
vn -0.1050 0.8287 -0.5497
vn 0.5788 0.8133 0.0589
vn 0.5680 0.8213 0.0537
vn -0.1199 0.1090 -0.9868
vn -0.4169 0.8540 0.3111
vn 0.0271 0.2337 -0.9719
vn 0.0115 0.1750 -0.9845
vn 0.0167 0.2331 -0.9723
vn 0.0076 0.1735 -0.9848
vn -0.2339 0.6360 -0.7354
vn -0.2876 0.5244 -0.8014
vn -0.2429 0.4872 -0.8388
vn 0.4375 -0.8528 0.2852
vn 0.2250 0.2338 -0.9459
vn 0.1245 -0.1122 -0.9859
vn 0.1244 -0.1128 -0.9858
vn 0.1243 -0.1133 -0.9858
vn 0.4431 0.2216 -0.8687
vn -0.7026 0.0243 -0.7111
vn 0.2255 0.2393 -0.9444
vn 0.2522 0.1859 -0.9496
vn 0.3501 0.2251 -0.9093
vn -0.0093 0.1039 -0.9945
vn 0.2478 0.2342 -0.9401
vn 0.4227 0.2029 -0.8833
vn 0.4144 0.1504 -0.8976
vn 0.3148 0.2328 -0.9202
vn -0.0000 -0.3490 0.9371
vn 0.0087 -0.3495 0.9369
vn 0.0078 -0.1212 0.9926
vn 0.6484 0.1486 -0.7466
vn 0.6238 0.1097 -0.7738
vn 0.7234 0.1279 -0.6784
vn 0.7325 0.0997 -0.6735
vn -0.7459 0.0364 -0.6650
vn -0.7456 0.0373 -0.6654
vn -0.7456 0.0372 -0.6654
vn -0.7054 0.0186 -0.7086
vn -0.7264 -0.0223 -0.6869
vn 0.2725 -0.9621 -0.0000
vn -0.1872 0.9238 -0.3340
vn -0.7491 0.0291 -0.6618
vn -0.7569 -0.0717 -0.6496
vn -0.5122 0.0789 -0.8553
vn -0.7451 0.0383 -0.6659
vn 0.0847 -0.1267 0.9883
vn 0.3296 0.0911 -0.9397
vn 0.3307 0.0969 -0.9387
vn -0.8329 -0.5395 -0.1236
vn -0.3289 0.0999 -0.9391
vn -0.3310 0.0938 -0.9390
vn -0.3299 0.0970 -0.9390
vn -0.8536 -0.5118 -0.0975
vn -0.3914 0.1316 -0.9108
vn -0.3319 0.0910 -0.9389
vn 0.6602 -0.0576 0.7489
vn 0.7226 0.2814 0.6315
vn 0.0015 -0.1931 -0.9812
vn 0.2323 -0.1965 -0.9526
vn -0.1637 0.1052 -0.9809
vn -0.3360 0.3629 0.8692
vn -0.1404 0.9212 0.3628
vn -0.0779 0.1042 -0.9915
vn -0.0566 0.1068 -0.9927
vn -0.0000 -0.1208 0.9927
vn 0.0029 -0.9962 0.0871
vn -0.0005 -0.8832 0.4689
vn -0.0006 -0.8824 0.4705
vn -0.3584 0.2305 -0.9047
vn 0.0263 0.9674 -0.2520
vn -0.0303 -0.0095 0.9995
vn 0.0737 0.7893 -0.6096
vn 0.3739 -0.7667 -0.5218
vn -0.4988 0.8639 0.0697
vn 0.7578 -0.1209 -0.6412
vn 0.0798 0.1066 -0.9911
vn 0.0552 0.1044 -0.9930
vn 0.1680 0.1081 -0.9798
vn 0.1167 0.1061 -0.9875
vn 0.1204 0.1090 -0.9867
vn 0.3300 0.0931 -0.9394
vn 0.3784 0.1549 -0.9126
vn 0.4206 0.1167 -0.8997
vn 0.3313 0.0998 -0.9382
vn 0.2497 -0.7018 -0.6672
vn 0.6248 0.0587 -0.7786
vn 0.6276 0.0106 -0.7785
vn 0.9302 -0.0981 -0.3538
vn 0.5185 0.0784 -0.8515
vn 0.9802 -0.1085 0.1655
vn -0.2177 0.7174 -0.6618
vn 1.0000 -0.0000 -0.0000
vn -0.9802 -0.1086 0.1655
vn -0.9792 -0.1280 0.1575
vn 0.6384 -0.0311 -0.7691
vn 0.4524 -0.0179 -0.8916
vn 0.4387 0.0990 -0.8932
vn 0.7468 0.0293 -0.6644
vn 0.7468 0.0294 -0.6644
vn 0.7470 0.0303 -0.6641
vn -0.0052 -0.0086 0.9999
vn -0.0061 -0.1224 0.9925
vn 0.7342 -0.0279 -0.6784
vn 0.7325 -0.0213 -0.6804
vn 0.7530 -0.0183 -0.6577
vn 0.3677 0.8712 0.3251
vn 0.7482 0.0369 -0.6625
vn 0.7474 0.0324 -0.6636
vn 0.2228 0.9749 -0.0000
vn -0.5854 0.5251 0.6177
vn 0.7228 0.0149 -0.6909
vn -0.3640 0.9074 0.2100
vn -0.4223 0.8913 0.1650
vn -0.3490 0.8769 0.3306
vn 0.2227 0.1907 -0.9560
vn -0.7518 -0.1977 -0.6291
vn -0.7339 -0.1200 -0.6686
vn -0.7179 -0.1459 -0.6807
vn 0.4032 0.8435 0.3549
vn 0.2725 0.9621 -0.0000
vn -0.2464 -0.7115 -0.6581
vn -0.3740 -0.7603 -0.5311
vn 0.4202 -0.6744 0.6071
vn -0.5463 -0.1280 -0.8278
vn -0.5454 -0.1250 -0.8288
vn -0.5463 -0.1278 -0.8278
vn -0.0000 0.2328 -0.9725
vn 0.6378 0.0868 -0.7653
vn 0.6325 0.0717 -0.7713
vn -0.3098 0.8825 0.3538
vn -0.3223 0.8777 0.3547
vn -0.4524 -0.0630 -0.8896
vn -0.6419 -0.0511 -0.7651
vn -0.5433 -0.1186 -0.8311
vn -0.2684 0.7667 -0.5832
vn -0.6550 -0.1901 -0.7313
vn -0.6549 -0.0820 -0.7513
vn -0.6452 -0.0650 -0.7612
vn -0.3383 -0.1150 -0.9340
vn -0.3396 -0.1202 -0.9329
vn -0.3390 -0.1177 -0.9334
vn -0.2321 -0.0590 -0.9709
vn -0.3404 -0.1233 -0.9322
vn 0.2321 0.6367 -0.7353
vn 0.4157 0.9094 -0.0163
vn 0.1166 -0.1059 -0.9875
vn 0.4143 0.6132 -0.6726
vn 0.2862 0.5253 -0.8013
vn 0.4591 0.5638 -0.6866
vn 0.0103 -0.0564 -0.9984
vn 0.0855 -0.1858 -0.9789
vn -0.0154 -0.0480 -0.9987
vn 0.0713 -0.1099 -0.9914
vn -0.0398 -0.0477 -0.9981
vn 0.0555 -0.1048 -0.9929
vn 0.0237 0.9799 0.1982
vn 0.0018 -0.0653 -0.9979
vn -0.0064 -0.0578 -0.9983
vn 0.0336 -0.1077 -0.9936
vn -0.0020 0.1046 -0.9945
vn -0.9402 -0.0381 0.3385
vn -0.0376 -0.8743 0.4839
vn 0.0067 -0.1050 -0.9944
vn 0.0069 -0.1049 -0.9945
vn 0.0015 -0.1059 -0.9944
vn 0.2280 0.1861 -0.9557
vn -0.0001 0.1041 -0.9946
vn -0.4296 -0.6735 0.6016
vn -0.5768 -0.7230 0.3803
vn 0.7399 -0.6727 -0.0000
vn 0.5385 0.5807 -0.6106
vn 0.3553 -0.7222 -0.5935
vn 0.6939 -0.1161 -0.7107
vn 0.4691 0.7820 -0.4104
vn -0.2105 0.1874 -0.9595
vn -0.9809 0.1490 0.1251
vn 0.9792 -0.1280 0.1575
vn -0.0643 -0.1071 -0.9922
vn -0.0568 -0.1073 -0.9926
vn -0.0247 -0.0578 -0.9980
vn -0.0832 -0.1869 -0.9789
vn -0.0322 -0.0647 -0.9974
vn -0.0328 -0.1052 -0.9939
vn -0.0129 -0.0660 -0.9977
vn -0.1197 -0.1088 -0.9868
vn 0.9087 -0.0566 0.4137
vn 0.0687 -0.0488 -0.9964
vn 0.0011 -0.0574 -0.9983
vn -0.0695 -0.1071 -0.9918
vn -0.0631 -0.1072 -0.9922
vn -0.2025 0.5882 -0.7830
vn -0.0081 -0.1924 -0.9813
vn -0.0045 0.2339 -0.9723
vn 0.3382 -0.1232 -0.9330
vn 0.3397 -0.1182 -0.9331
vn 0.0219 -0.0093 0.9997
vn -0.0000 0.9817 -0.1902
vn 0.3387 -0.1214 -0.9330
vn 0.3406 -0.1150 -0.9332
vn 0.2967 -0.0629 -0.9529
vn 0.2328 -0.0580 -0.9708
vn 0.5449 -0.1215 -0.8296
vn 0.5455 -0.1192 -0.8296
vn -0.9976 0.0693 -0.0000
vn 0.8536 -0.5118 -0.0975
vn 0.7886 -0.2697 0.5526
vn 0.8340 -0.1005 0.5425
vn 0.9814 -0.1080 0.1588
vn -0.2456 -0.1476 0.9581
vn 0.0453 0.9713 -0.2335
vn 0.1128 0.2445 -0.9631
vn 0.5435 -0.1279 -0.8296
vn -0.0012 -0.1055 -0.9944
vn 0.4988 0.8639 0.0697
vn 0.4927 0.8676 0.0670
vn -0.9693 0.2457 -0.0000
vn -0.7360 -0.0654 -0.6738
vn 0.0058 -0.3371 -0.9415
vn -0.6427 -0.2771 -0.7142
vn -0.7403 -0.2658 -0.6175
vn -0.4351 -0.3057 -0.8469
vn -0.2282 -0.3094 -0.9231
vn 0.0738 -0.2975 -0.9519
vn 0.7206 0.6810 0.1301
vn 0.0036 -0.1830 -0.9831
vn 0.2233 -0.3638 0.9043
vn -0.0197 -0.3641 0.9311
vn -0.0000 -1.0000 -0.0000
vn -1.0000 -0.0000 -0.0000
vn 0.3163 0.4918 -0.8112
vn -0.0033 -0.1832 -0.9831
vn -0.0019 -0.2919 -0.9564
vn 0.9834 -0.1047 0.1479
vn -0.0595 -0.2984 -0.9526
vn 0.4424 -0.1972 -0.8749
vn 0.4320 -0.3040 -0.8491
vn 0.6434 -0.2746 -0.7146
vn 0.7444 -0.2497 -0.6193
vn -0.6716 -0.2915 -0.6811
vn -0.7367 -0.2778 -0.6166
vn -0.4617 -0.3289 -0.8238
vn 0.0338 -0.3334 -0.9422
vn 0.0160 -0.3265 -0.9451
vn 0.0019 -0.3233 -0.9463
vn 0.0144 0.9395 -0.3423
vn -0.9895 -0.0011 0.1448
vn 0.2771 0.9007 0.3346
vn 0.3981 -0.0793 -0.9139
vn 0.4417 -0.0565 -0.8954
vn -0.0019 -0.3237 -0.9462
vn -0.0163 -0.3287 -0.9443
vn 0.0103 0.6881 0.7255
vn 0.0143 0.6879 0.7256
vn 0.3935 -0.3405 -0.8539
vn 0.5989 -0.3116 -0.7377
vn 0.7366 -0.2828 -0.6144
vn -0.3433 -0.9016 -0.2632
vn -0.4790 -0.6536 0.5860
vn 0.0334 -0.9821 0.1856
vn -0.0000 -0.9717 0.2360
vn -0.2324 -0.8804 -0.4134
vn 0.0070 -0.9925 0.1219
vn -0.1330 -0.8594 -0.4937
vn 0.0007 -0.9951 0.0992
vn 0.0016 -0.8666 -0.4989
vn 0.0003 -0.8656 -0.5007
vn 0.1335 -0.8593 -0.4938
vn -0.0007 -0.9951 0.0992
vn 0.0349 -0.8590 -0.5108
vn 0.2290 -0.8811 -0.4139
vn -0.0070 -0.9925 0.1219
vn 0.3435 -0.9021 -0.2613
vn -0.0334 -0.9821 0.1856
vn -0.4961 -0.0281 -0.8678
vn -0.2822 0.0797 -0.9560
vn -0.2856 0.0319 -0.9578
vn -0.0038 0.0783 -0.9969
vn -0.0016 0.0341 -0.9994
vn 0.0055 0.0780 -0.9969
vn 0.0031 0.0338 -0.9994
vn 0.2926 0.0389 -0.9554
vn 0.2900 0.0872 -0.9530
vn 0.4979 -0.0208 -0.8670
vn -0.9149 -0.0459 0.4011
vn -0.8936 -0.0910 0.4395
vn -0.8960 -0.0560 0.4406
vn -0.2393 -0.0256 0.9706
vn 0.0566 -0.2419 0.9686
vn 0.9149 -0.0459 0.4011
vn 0.8936 -0.0910 0.4395
vn 0.8960 -0.0560 0.4406
vn 0.2393 -0.0256 0.9706
vn -0.6208 0.2837 0.7309
vn 0.4786 -0.6527 0.5873
vn -0.1821 0.9819 -0.0525
vn -0.1650 0.9844 -0.0615
vn -0.2281 0.9727 -0.0431
vn 0.0279 0.9975 -0.0653
vn -0.0737 0.9957 -0.0554
vn -0.1122 0.9909 -0.0750
vn 0.0089 0.9973 -0.0730
vn 0.0219 0.9961 -0.0860
vn -0.1106 0.9907 -0.0793
vn 0.0381 0.9947 -0.0950
vn 0.0452 0.9945 -0.0940
vn -0.0279 0.9975 -0.0653
vn -0.0138 0.9971 -0.0751
vn -0.0123 0.9972 -0.0735
vn -0.0219 0.9961 -0.0860
vn 0.1649 0.9844 -0.0614
vn 0.0802 0.9948 -0.0632
vn 0.1820 0.9819 -0.0525
vn 0.1264 0.9894 -0.0717
vn 0.2034 0.9778 -0.0506
vn -0.0452 0.9946 -0.0939
vn -0.0255 0.9938 -0.1084
vn 0.1122 0.9909 -0.0750
vn -0.0195 0.9952 -0.0962
vn -0.6848 -0.5167 0.5139
vn -0.4352 -0.6254 0.6477
vn -0.5505 -0.4313 0.7148
vn -0.7467 -0.3267 0.5794
vn -0.5934 0.2845 0.7530
vn -0.7266 0.3624 0.5837
vn -0.9821 -0.0809 0.1699
vn -0.5253 -0.3406 0.7798
vn -0.6998 -0.2987 0.6488
vn -0.1776 -0.6757 0.7155
vn -0.2336 -0.4897 0.8400
vn 0.0240 -0.0094 0.9997
vn -0.2253 -0.3651 0.9033
vn -0.0315 -0.6828 0.7299
vn -0.0439 -0.4961 0.8671
vn 0.3656 0.1626 -0.9165
vn 0.0115 -0.1388 0.9903
vn 0.5701 0.5616 -0.5997
vn 0.6084 0.4865 -0.6270
vn 0.3782 0.7803 -0.4982
vn 0.0227 -0.3641 0.9311
vn 0.0071 -0.6811 0.7321
vn 0.0291 -0.4927 0.8697
vn -0.0265 -0.0093 0.9996
vn 0.1556 -0.3549 0.9219
vn 0.0028 -0.6787 0.7344
vn 0.0159 -0.4887 0.8723
vn 0.0366 0.3176 0.9475
vn -0.9694 0.2457 -0.0000
vn 0.0961 -0.3527 0.9308
vn -0.3841 0.5832 -0.7158
vn -0.3827 0.5849 -0.7152
vn 0.0034 -0.4866 0.8736
vn -0.5240 0.7129 -0.4661
vn -0.0081 -0.1212 0.9926
vn -0.0090 -0.3492 0.9370
vn -0.1766 0.2361 -0.9556
vn 0.4545 -0.0525 -0.8892
vn 0.0016 -0.4860 0.8739
vn 0.0073 -0.0077 0.9999
vn -0.0066 -0.3506 0.9365
vn -0.0004 -0.0071 1.0000
vn -0.0080 -0.0076 0.9999
vn 0.0373 -0.8749 0.4829
vn -0.5058 0.8393 -0.1993
vn -0.7580 -0.1226 -0.6406
vn -0.0027 -0.6782 0.7349
vn 0.0013 0.2326 -0.9726
vn 0.0004 -0.0673 -0.9977
vn -0.0016 -0.0674 -0.9977
vn -0.0057 -0.0085 0.9999
vn 0.4914 0.5408 -0.6827
vn 0.4268 0.5819 -0.6923
vn 0.5253 0.5885 -0.6146
vn 0.0014 -0.1056 -0.9944
vn -0.3640 0.8477 -0.3859
vn 0.0400 0.2971 0.9540
vn 0.0506 0.0778 0.9957
vn -0.0280 -0.3504 0.9362
vn -0.0071 -0.6802 0.7330
vn -0.0219 -0.4894 0.8718
vn 0.4335 0.8131 -0.3885
vn 0.2514 0.5656 -0.7855
vn 0.1245 -0.1120 -0.9859
vn -0.3606 0.0128 0.9326
vn -0.2228 0.9749 -0.0000
vn -0.0088 -0.6827 0.7307
vn -0.0316 -0.4933 0.8693
vn -0.0614 0.3144 0.9473
vn 0.8835 -0.0923 -0.4592
vn -0.1554 -0.3545 0.9220
vn 0.0792 -0.6832 0.7260
vn 0.0613 -0.4970 0.8656
vn 0.0365 0.3114 0.9496
vn -0.8432 -0.4861 0.2297
vn 0.2326 -0.6724 0.7027
vn 0.2395 -0.4939 0.8359
vn 0.2454 0.2982 0.9224
vn 0.2418 -0.1446 0.9595
vn -0.7226 0.2814 0.6315
vn 0.5664 -0.5808 0.5847
vn 0.5546 -0.4501 0.6999
vn 0.5780 0.2398 0.7800
vn 0.5610 -0.1396 0.8160
vn 0.4875 -0.3274 0.8094
vn 0.6860 -0.5233 0.5055
vn 0.7219 -0.4260 0.5454
vn 0.7847 0.0614 0.6168
vn 0.7530 -0.1062 0.6494
vn 0.7137 -0.2730 0.6450
vn -0.5048 -0.3938 0.7682
vn -0.2449 -0.4294 0.8693
vn -0.0214 -0.4312 0.9020
vn 0.1690 -0.4202 0.8916
vn 0.1165 -0.4186 0.9007
vn 0.0382 -0.4175 0.9079
vn 0.0050 -0.4168 0.9090
vn 0.0107 -0.4161 0.9093
vn -0.0078 -0.4156 0.9095
vn 0.0014 -0.4155 0.9096
vn -0.0091 -0.4164 0.9091
vn -0.0204 -0.4167 0.9088
vn -0.0884 -0.4171 0.9045
vn -0.1571 -0.4180 0.8947
vn -0.0767 -0.4263 0.9013
vn 0.1864 -0.4262 0.8852
vn 0.4412 -0.4030 0.8018
vn -0.4718 -0.6296 -0.6172
vn -0.1082 -0.6509 0.7514
vn -0.7192 -0.4300 -0.5457
vn 0.6943 0.0630 -0.7169
vn 0.6637 0.0872 -0.7429
vn -0.0938 0.8971 0.4318
vn -0.1039 0.8927 0.4386
vn -0.7399 -0.6727 -0.0000
vn -0.5906 0.5195 -0.6175
vn -0.2725 0.9621 -0.0000
vn 0.9402 -0.0381 0.3385
vn -0.0434 -0.7522 0.6575
vn 0.4765 -0.6313 -0.6119
vn 0.8725 0.4886 -0.0000
vn -0.0000 -0.0000 1.0000
vn -0.9588 -0.0874 -0.2704
vn -0.8183 -0.0540 0.5723
vn 0.8744 0.0372 -0.4837
vn 0.8745 0.0365 -0.4837
vn 0.8744 0.0373 -0.4837
vn 0.9937 0.0424 -0.1040
vn 0.9937 0.0424 -0.1041
vn -0.6597 -0.1299 -0.7402
vn -0.4249 0.6511 -0.6289
vn 0.9937 0.0407 -0.1040
vn 0.7749 -0.0643 0.6289
vn 0.8182 -0.0539 0.5723
vn 0.9867 -0.1251 -0.1033
vn -0.5604 -0.7681 -0.3100
vn -0.8745 0.0356 -0.4837
vn -0.9937 0.0424 -0.1041
vn 0.6545 -0.1351 -0.7439
vn -0.3942 -0.7839 0.4798
vn -0.0161 -0.9935 0.1129
vn -0.1427 -0.8596 0.4906
vn 0.1410 -0.8606 0.4893
vn 0.0161 -0.9935 0.1129
vn 0.3892 -0.7871 0.4785
vn -0.7242 0.5590 0.4039
vn -0.8067 -0.4686 0.3600
vn -0.5767 -0.7230 0.3803
vn -0.7994 -0.4837 0.3564
vn -0.7253 0.5655 0.3925
vn -0.7781 0.5336 0.3313
vn -0.9598 -0.2099 0.1864
vn -0.1112 0.7219 -0.6830
vn -0.7782 0.5336 0.3313
vn -0.3547 0.0902 0.9306
vn 0.0069 0.8052 0.5929
vn 0.1147 0.6769 0.7270
vn -0.2555 -0.7026 0.6642
vn -0.1125 0.2422 -0.9637
vn 0.1153 0.7091 0.6956
vn 0.1147 0.6769 0.7271
vn 0.1704 0.6376 0.7513
vn -0.2758 0.6944 0.6646
vn -0.5854 0.5252 0.6177
vn -0.2318 -0.7206 0.6535
vn 0.6591 0.3965 0.6390
vn 0.1022 -0.6508 0.7523
vn 0.6423 -0.4219 0.6399
vn 0.7339 0.3840 -0.5603
vn 0.7170 -0.4300 -0.5486
vn -0.4125 0.8455 0.3391
vn -0.7672 0.1052 0.6327
vn -0.5139 -0.0121 0.8577
vn -0.7715 -0.0089 0.6362
vn -0.3444 -0.0132 0.9387
vn -0.2628 -0.2723 0.9257
vn -0.2703 -0.2296 0.9350
vn -0.2621 -0.2756 0.9248
vn -0.1082 -0.6510 0.7513
vn -0.6396 -0.4220 0.6425
vn -0.6396 -0.4219 0.6425
vn 0.2877 0.6866 0.6677
vn 0.4202 -0.6745 0.6071
vn 0.0342 -0.7494 0.6612
vn -0.3469 -0.7227 -0.5978
vn 0.8184 -0.2166 0.5323
vn 0.9814 -0.1079 0.1589
vn 0.7781 -0.0743 0.6237
vn -0.9814 -0.1081 0.1588
vn -0.8340 -0.1005 0.5425
vn -0.7886 -0.2697 0.5526
vn 0.9091 0.2121 0.3586
vn 0.5695 -0.7309 0.3761
vn 0.9604 -0.2117 0.1814
vn 0.1720 0.5841 -0.7932
vn -0.2159 -0.7966 -0.5647
vn -0.5376 -0.7036 -0.4647
vn 0.9604 -0.2117 0.1813
vn 0.5696 -0.7308 0.3761
vn 0.5792 0.5227 0.6256
vn 0.5246 -0.7203 0.4538
vn 0.7704 0.5403 0.3385
vn 0.3501 0.2251 -0.9092
vn 0.3383 0.3469 0.8748
vn 0.3606 -0.0131 0.9326
vn 0.4132 -0.1439 -0.8992
vn 0.7635 -0.0335 0.6449
vn 0.5127 -0.0121 0.8585
vn 0.2703 -0.2296 0.9350
vn 0.2628 -0.2723 0.9257
vn 0.2621 -0.2756 0.9248
vn -0.1255 -0.8793 -0.4595
vn -0.0529 0.5194 -0.8529
vn 0.5541 -0.5194 -0.6506
vn -0.3760 -0.8793 0.2923
vn -0.7325 0.1594 -0.6618
vn 0.0530 -0.5194 0.8529
vn -0.9831 0.1594 0.0899
vn 0.7325 -0.1594 0.6618
vn -0.5541 0.5194 0.6506
vn 0.3760 0.8793 -0.2923
vn 0.1255 0.8793 0.4595
vn 0.9831 -0.1594 -0.0899
vn -0.7488 -0.0000 0.6628
vn -0.5747 0.8162 -0.0592
vn -0.9966 -0.0000 -0.0822
vn -0.3944 0.6110 0.6864
vn -0.0000 0.9993 -0.0369
vn 0.3944 0.6110 0.6864
vn -0.0000 0.7148 0.6993
vn 0.7488 -0.0000 0.6628
vn 0.5747 0.8162 -0.0592
vn 0.5747 -0.8162 -0.0592
vn 0.9966 -0.0000 -0.0822
vn 0.3944 -0.6110 0.6864
vn -0.0000 -0.9993 -0.0369
vn -0.3944 -0.6110 0.6864
vn -0.0000 -0.7148 0.6993
vn -0.5747 -0.8162 -0.0592
vn -0.6864 -0.0000 -0.7272
vn -0.3760 0.5793 -0.7232
vn 0.3760 0.5793 -0.7232
vn -0.0000 0.6939 -0.7201
vn 0.6864 -0.0000 -0.7272
vn 0.3760 -0.5793 -0.7232
vn -0.3760 -0.5793 -0.7232
vn -0.0000 -0.6939 -0.7201
vn -0.0000 0.7149 0.6992
vn -0.0530 -0.5194 0.8529
vn 0.9831 0.1594 0.0899
vn 0.5541 0.5194 0.6506
vn 0.3761 -0.8793 0.2923
vn 0.7325 0.1595 -0.6618
vn -0.5541 -0.5194 -0.6506
vn 0.1255 -0.8793 -0.4595
vn -0.9831 -0.1594 -0.0899
vn 0.0530 0.5194 -0.8529
vn -0.7325 -0.1594 0.6618
vn -0.3760 0.8793 -0.2923
vn -0.1255 0.8793 0.4595
vn -0.0000 -0.7149 0.6992
vn -0.4361 0.8995 0.0275
vn -0.4362 0.8996 -0.0209
vn -0.4362 0.8996 -0.0211
vn -0.9977 0.0073 -0.0678
vn -0.4060 -0.8511 0.3329
vn -0.7650 -0.0012 0.6440
vn -0.6726 -0.6789 -0.2944
vn 0.3566 -0.8817 -0.3091
vn -0.0130 -0.6789 -0.7341
vn 0.7653 -0.0014 -0.6437
vn -0.0039 0.6935 -0.7205
vn 0.3213 0.0073 -0.9469
vn -0.6635 0.6935 -0.2808
vn 0.3662 0.8811 -0.2993
vn -0.3983 0.8504 0.3437
vn -0.1037 -0.0022 0.9946
vn 0.1674 -0.6885 0.7057
vn 0.7133 -0.6885 0.1310
vn 0.7170 0.6840 0.1344
vn 0.9880 -0.0022 -0.1546
vn 0.1711 0.6840 0.7091
vn -0.6191 -0.4426 -0.6487
vn -0.9999 -0.0124 0.0009
vn -0.7653 0.0072 -0.6437
vn -0.2365 -0.7207 -0.6517
vn -0.8031 -0.5950 0.0311
vn 0.2365 -0.7207 -0.6517
vn -0.3054 -0.9510 0.0491
vn 0.8031 -0.5950 0.0311
vn 0.3054 -0.9510 0.0491
vn 0.6191 -0.4427 -0.6487
vn 0.9999 -0.0124 0.0009
vn 0.7653 0.0072 -0.6437
vn 0.8150 0.5787 -0.0305
vn 0.6191 0.4570 -0.6387
vn 0.3128 0.9485 -0.0507
vn -0.2365 0.7350 -0.6355
vn 0.2365 0.7350 -0.6355
vn -0.6191 0.4570 -0.6386
vn -0.3128 0.9485 -0.0507
vn -0.8150 0.5787 -0.0305
vn -0.4815 -0.2492 0.8403
vn -0.5851 0.0997 0.8048
vn -0.1856 -0.4702 0.8628
vn 0.1856 -0.4702 0.8628
vn 0.4815 -0.2492 0.8403
vn 0.5851 0.0997 0.8048
vn 0.4643 0.4362 0.7708
vn 0.1750 0.6369 0.7508
vn -0.4643 0.4362 0.7708
vn -0.1750 0.6369 0.7508
vn 0.2723 0.3002 0.9142
vn 0.3446 0.1030 0.9331
vn 0.1024 0.4173 0.9030
vn -0.1024 0.4173 0.9030
vn -0.2722 0.3002 0.9142
vn -0.3446 0.1030 0.9331
vn -0.2855 -0.1039 0.9527
vn -0.1106 -0.2366 0.9653
vn 0.2856 -0.1039 0.9527
vn 0.1106 -0.2366 0.9653
vn -0.1024 0.4172 0.9030
vn -0.1106 -0.2365 0.9653
vn 0.2855 -0.1039 0.9527
vn 0.0130 -0.6789 -0.7341
vn -0.7653 -0.0014 -0.6437
vn -0.3213 0.0073 -0.9469
vn 0.6726 -0.6789 -0.2944
vn -0.3566 -0.8817 -0.3091
vn 0.9977 0.0073 -0.0678
vn 0.4060 -0.8511 0.3329
vn 0.3983 0.8504 0.3437
vn 0.7650 -0.0012 0.6440
vn 0.6635 0.6935 -0.2808
vn -0.3662 0.8811 -0.2993
vn 0.0039 0.6935 -0.7205
vn -0.7133 -0.6885 0.1310
vn -0.9880 -0.0022 -0.1546
vn -0.1674 -0.6885 0.7057
vn 0.1037 -0.0022 0.9946
vn -0.1711 0.6840 0.7091
vn -0.7170 0.6840 0.1344
vn -0.6191 -0.4427 -0.6486
vn 0.2722 0.3002 0.9142
vn -0.5774 -0.5773 -0.5774
vn 0.5774 -0.5773 0.5774
vn -0.5773 -0.5774 0.5774
vn 0.5773 0.5773 0.5774
vn -0.5773 0.5773 -0.5774
vn -0.5773 0.5773 0.5774
vn 0.5773 -0.5774 -0.5774
vn 0.5773 0.5773 -0.5774
vn 0.6363 -0.0190 -0.7712
vn 0.5184 0.0784 -0.8515
vn 0.2877 0.6865 0.6678
vn -0.9834 -0.1047 0.1479
vn 0.7482 0.0370 -0.6625
vn -0.7242 0.5589 0.4039
vn -0.7254 0.5655 0.3925
vn -0.7375 -0.0739 -0.6713
vn -0.6687 -0.1168 -0.7343
vn -0.6946 -0.1503 -0.7036
vn 0.5247 -0.7202 0.4538
vn 0.2404 -0.7042 0.6680
vn 0.6468 0.0893 -0.7574
vn 0.1166 -0.1060 -0.9875
vn 0.0555 -0.1049 -0.9929
vn -0.0014 0.1047 -0.9945
vn -0.0017 0.1046 -0.9945
vn -0.2555 -0.7025 0.6643
vn -0.2318 -0.7205 0.6536
vn -0.9929 -0.0295 0.1154
vn -0.9787 0.1555 0.1341
vn 0.9802 -0.1086 0.1655
vn -0.1196 -0.1088 -0.9868
vn -0.0044 0.2340 -0.9722
vn -0.0014 -0.1056 -0.9944
vn 0.0001 -1.0000 -0.0000
vn -0.0001 -1.0000 -0.0000
vn -0.9787 0.1556 0.1341
vn -0.0367 -0.8601 -0.5088
vn -0.0015 -0.8669 -0.4985
vn 0.0018 -0.8687 -0.4953
vn -0.0003 -0.8657 -0.5006
vn -0.4903 0.0016 -0.8716
vn 0.4925 0.0226 -0.8700
vn -0.9213 -0.0507 0.3856
vn -0.8003 -0.0815 0.5940
vn -0.7949 -0.0109 0.6067
vn 0.6208 0.2837 0.7309
vn 0.9213 -0.0507 0.3856
vn 0.8003 -0.0815 0.5940
vn 0.7949 -0.0109 0.6067
vn 0.0246 0.9943 -0.1039
vn 0.1129 0.9904 -0.0803
vn 0.0291 0.0138 0.9995
vn -0.0000 -0.9892 0.1465
vn 0.4680 -0.8823 0.0511
vn -0.6997 -0.7083 0.0929
vn -0.6711 -0.5825 -0.4586
vn 0.0161 -0.9935 0.1128
vn -0.6908 -0.7231 -0.0042
vn 0.3992 -0.8680 0.2953
vn -0.6940 -0.7156 -0.0791
vn 0.6908 -0.7231 -0.0042
vn -0.0161 -0.9935 0.1128
vn 0.6940 -0.7156 -0.0791
vn -0.4680 -0.8823 0.0511
vn -0.0000 -0.9718 0.2360
vn 0.6711 -0.5825 -0.4586
vn 0.6997 -0.7083 0.0929
vn 0.5853 0.5350 -0.6093
vn 0.6295 0.6820 0.3723
vn 0.9787 0.1556 0.1341
vn -0.5281 0.7479 -0.4022
vn -0.5253 0.7222 -0.4499
vn -0.7579 -0.1226 -0.6407
vn -0.7577 -0.1221 -0.6411
vn -0.7580 -0.1226 -0.6407
vn -0.7576 -0.1219 -0.6412
vn -0.7576 -0.1216 -0.6413
vn -0.7577 -0.1218 -0.6412
vn -0.7575 -0.1217 -0.6413
vn -0.7582 -0.1220 -0.6405
vn -0.7586 -0.1221 -0.6400
vn -0.7577 -0.1218 -0.6411
vn 0.0003 0.2328 -0.9725
vn -0.0007 0.2328 -0.9725
vn -0.0005 -0.0659 -0.9978
vn 0.0016 -0.0657 -0.9978
vn 0.4120 0.6434 -0.6452
vn 0.4326 0.5702 -0.6984
vn 0.4243 0.6373 -0.6433
vn 0.4001 0.6531 -0.6430
vn 0.3974 0.6469 -0.6508
vn 0.4823 0.5894 -0.6480
vn 0.1861 0.5752 -0.7965
vn -0.3584 0.0093 0.9335
vn 0.7198 0.0240 -0.6937
vn -0.5860 0.5285 -0.6142
vn 0.1022 -0.6508 0.7524
vn 0.4249 0.6511 -0.6289
vn -0.7749 -0.0644 0.6288
vn -0.9937 0.0407 -0.1040
vn -0.9867 -0.1251 -0.1033
vn -0.9086 -0.0565 0.4138
vn -0.8799 -0.4406 -0.1778
vn -0.9208 -0.0544 0.3862
vn 0.8745 0.0356 -0.4837
vn 0.9588 -0.0874 -0.2704
vn -0.9937 0.0424 -0.1040
vn -0.0000 -0.9892 0.1466
vn -0.4296 -0.6735 0.6015
vn -0.4305 -0.1454 -0.8908
vn -0.2707 -0.2272 0.9355
vn 0.2404 -0.7043 0.6680
vn -0.0065 0.7660 0.6428
vn 0.1391 0.9226 0.3597
vn 0.3606 -0.0128 0.9326
vn 0.3606 -0.0132 0.9326
vn 0.7707 -0.0467 0.6355
vn 0.2707 -0.2272 0.9355
vn -0.4347 0.8967 -0.0835
vn -0.4331 0.8934 -0.1195
vn -0.4347 0.8965 -0.0854
vn 0.1024 0.4172 0.9030
vn -0.2854 -0.1039 0.9528
vt 0.092478 0.523438
vt 0.094370 0.523438
vt 0.066998 0.527699
vt 0.063358 0.527699
vt 0.097840 0.523438
vt 0.073671 0.527699
vt 0.102572 0.523438
vt 0.082771 0.527699
vt 0.031778 0.920810
vt 0.034583 0.928599
vt 0.025350 0.927204
vt 0.192268 0.941965
vt 0.190961 0.943182
vt 0.174740 0.943182
vt 0.108250 0.523438
vt 0.115821 0.523438
vt 0.108250 0.527699
vt 0.093691 0.527699
vt 0.124023 0.523438
vt 0.124023 0.527699
vt 0.132225 0.523438
vt 0.139796 0.527699
vt 0.139796 0.523438
vt 0.154356 0.527699
vt 0.084657 0.211242
vt 0.108357 0.209045
vt 0.084785 0.159074
vt 0.011909 0.906709
vt 0.011065 0.894496
vt 0.019553 0.920810
vt 0.145475 0.523438
vt 0.150207 0.523438
vt 0.174376 0.527699
vt 0.165276 0.527699
vt 0.153677 0.523438
vt 0.181049 0.527699
vt 0.155569 0.523438
vt 0.184689 0.527699
vt 0.037345 0.539418
vt 0.031812 0.539418
vt 0.047488 0.539418
vt 0.061320 0.539418
vt 0.077918 0.539418
vt 0.100049 0.539418
vt 0.344370 0.728401
vt 0.347840 0.721645
vt 0.347840 0.728401
vt 0.238999 0.655641
vt 0.237709 0.664620
vt 0.219268 0.651591
vt 0.147998 0.539418
vt 0.124023 0.539418
vt 0.170129 0.539418
vt 0.186727 0.539418
vt 0.200559 0.539418
vt 0.210702 0.539418
vt 0.216235 0.539418
vt 0.028779 0.564965
vt 0.014826 0.559659
vt 0.045765 0.571378
vt 0.048799 0.571378
vt 0.065348 0.566789
vt 0.092429 0.561726
vt 0.344370 0.721645
vt 0.124023 0.559659
vt 0.302413 0.606985
vt 0.339840 0.628097
vt 0.330453 0.595460
vt 0.341111 0.628147
vt 0.182699 0.566789
vt 0.009048 0.655641
vt 0.008881 0.654474
vt 0.028779 0.678977
vt 0.199248 0.571378
vt 0.202282 0.571378
vt 0.219268 0.564965
vt 0.233221 0.559659
vt 0.028779 0.582031
vt 0.009851 0.582031
vt 0.039699 0.582031
vt 0.042732 0.582031
vt 0.396394 0.386098
vt 0.405222 0.385703
vt 0.402698 0.408131
vt 0.393157 0.407077
vt 0.419669 0.385266
vt 0.418310 0.409293
vt 0.436523 0.385088
vt 0.436523 0.409768
vt 0.453378 0.385266
vt 0.454737 0.409293
vt 0.467825 0.385703
vt 0.470349 0.408131
vt 0.476653 0.386098
vt 0.479890 0.407077
vt 0.208348 0.582031
vt 0.205315 0.582031
vt 0.219268 0.582031
vt 0.238195 0.582031
vt 0.028779 0.607599
vt 0.008567 0.598945
vt 0.009005 0.593180
vt 0.041519 0.607599
vt 0.044552 0.607599
vt 0.403455 0.430682
vt 0.394128 0.427972
vt 0.130332 0.144915
vt 0.130367 0.164799
vt 0.133003 0.164191
vt 0.418717 0.433671
vt 0.436523 0.434892
vt 0.313183 0.613100
vt 0.299576 0.599945
vt 0.454329 0.433671
vt 0.469592 0.430682
vt 0.478919 0.427972
vt 0.206528 0.607599
vt 0.203495 0.607599
vt 0.219268 0.607599
vt 0.239480 0.598945
vt 0.240137 0.607599
vt 0.007910 0.607599
vt 0.028779 0.631783
vt 0.007677 0.619240
vt 0.007904 0.607925
vt 0.045159 0.631783
vt 0.048192 0.631783
vt 0.404970 0.448987
vt 0.396070 0.444711
vt 0.419533 0.453704
vt 0.436523 0.455630
vt 0.453514 0.453704
vt 0.468077 0.448987
vt 0.476977 0.444711
vt 0.202888 0.631783
vt 0.199855 0.631783
vt 0.219268 0.631783
vt 0.240143 0.607925
vt 0.240370 0.619240
vt 0.240622 0.631783
vt 0.007425 0.631783
vt 0.028779 0.651591
vt 0.008230 0.644325
vt 0.045765 0.649148
vt 0.048799 0.649148
vt 0.064875 0.631783
vt 0.065348 0.651234
vt 0.092174 0.631783
vt 0.092429 0.653535
vt 0.124023 0.631783
vt 0.124023 0.654474
vt 0.155873 0.631783
vt 0.155618 0.653535
vt 0.183172 0.631783
vt 0.182699 0.651234
vt 0.199248 0.649148
vt 0.202282 0.649148
vt 0.239817 0.644325
vt 0.239166 0.654474
vt 0.010338 0.664620
vt 0.385714 0.356429
vt 0.394775 0.451278
vt 0.396070 0.445056
vt 0.385714 0.336664
vt 0.051225 0.678977
vt 0.048192 0.678977
vt 0.067241 0.678977
vt 0.093448 0.678977
vt 0.124023 0.678977
vt 0.154599 0.678977
vt 0.180806 0.678977
vt 0.196822 0.678977
vt 0.199855 0.678977
vt 0.478271 0.451278
vt 0.487333 0.356429
vt 0.487333 0.336664
vt 0.476977 0.445056
vt 0.236881 0.670386
vt 0.236596 0.672372
vt 0.235647 0.678977
vt 0.219268 0.678977
vt 0.012399 0.678977
vt 0.028779 0.712003
vt 0.017617 0.712003
vt 0.396199 0.441807
vt 0.385714 0.323586
vt 0.051468 0.712003
vt 0.048435 0.712003
vt 0.454058 0.410861
vt 0.466815 0.438697
vt 0.469087 0.404416
vt 0.094654 0.894496
vt 0.067544 0.894496
vt 0.068575 0.843040
vt 0.380227 0.880205
vt 0.381576 0.893932
vt 0.381596 0.880205
vt 0.362739 0.606750
vt 0.359849 0.609830
vt 0.365419 0.598910
vt 0.069823 0.407942
vt 0.069823 0.403222
vt 0.063538 0.407433
vt 0.460938 0.265625
vt 0.148287 0.376377
vt 0.143242 0.385711
vt 0.142708 0.349251
vt 0.154987 0.303376
vt 0.157923 0.328324
vt 0.154987 0.347177
vt 0.366691 0.835547
vt 0.366574 0.847224
vt 0.367920 0.847242
vt 0.476562 0.296875
vt 0.133036 0.218499
vt 0.481934 0.140401
vt 0.467773 0.132812
vt 0.495580 0.193287
vt 0.199612 0.712003
vt 0.196579 0.712003
vt 0.487333 0.323586
vt 0.476848 0.441807
vt 0.230430 0.712003
vt 0.496094 0.189453
vt 0.492300 0.161133
vt 0.028779 0.741432
vt 0.021621 0.739702
vt 0.396070 0.424375
vt 0.385714 0.315459
vt 0.051225 0.746094
vt 0.048192 0.746094
vt 0.067430 0.712003
vt 0.067241 0.743591
vt 0.093550 0.712003
vt 0.093448 0.740829
vt 0.124023 0.712003
vt 0.124023 0.739702
vt 0.154497 0.712003
vt 0.154599 0.740829
vt 0.180617 0.712003
vt 0.180806 0.743591
vt 0.196822 0.746094
vt 0.199855 0.746094
vt 0.487333 0.315459
vt 0.476977 0.424375
vt 0.219268 0.795035
vt 0.234920 0.843040
vt 0.228266 0.843040
vt 0.219268 0.712003
vt 0.226426 0.739702
vt 0.219268 0.741432
vt 0.029361 0.763139
vt 0.126389 0.988459
vt 0.124023 0.988459
vt 0.124023 0.986861
vt 0.393157 0.392224
vt 0.386024 0.331902
vt 0.045765 0.763139
vt 0.042732 0.763139
vt 0.397688 0.428864
vt 0.406232 0.438697
vt 0.403960 0.404416
vt 0.394775 0.398574
vt 0.095190 0.843040
vt 0.179593 0.920810
vt 0.152920 0.920810
vt 0.153393 0.894496
vt 0.073307 0.943182
vt 0.062140 0.947886
vt 0.057086 0.943182
vt 0.161437 0.211242
vt 0.137725 0.223104
vt 0.161411 0.223104
vt 0.130206 0.986861
vt 0.128573 0.988459
vt 0.475359 0.428864
vt 0.478271 0.398574
vt 0.205315 0.763139
vt 0.202282 0.763139
vt 0.487022 0.331902
vt 0.479890 0.392224
vt 0.224728 0.763139
vt 0.218685 0.763139
vt 0.011166 0.670386
vt 0.023319 0.763139
vt 0.028779 0.784734
vt 0.021014 0.789773
vt 0.390394 0.362700
vt 0.385714 0.331645
vt 0.040586 0.779119
vt 0.037552 0.779119
vt 0.401805 0.374486
vt 0.392012 0.373179
vt 0.418989 0.410861
vt 0.417829 0.375927
vt 0.436523 0.413492
vt 0.436523 0.376515
vt 0.455218 0.375927
vt 0.471242 0.374486
vt 0.481035 0.373179
vt 0.210494 0.779119
vt 0.068454 0.920810
vt 0.095127 0.920810
vt 0.487333 0.331645
vt 0.482653 0.362700
vt 0.227033 0.789773
vt 0.219268 0.784734
vt 0.132956 0.144915
vt 0.453613 0.140401
vt 0.447218 0.153192
vt 0.448216 0.173762
vt 0.034846 0.785511
vt 0.028779 0.795035
vt 0.037879 0.785511
vt 0.400678 0.355430
vt 0.390568 0.358296
vt 0.417222 0.352268
vt 0.436523 0.350977
vt 0.455825 0.352268
vt 0.472369 0.355430
vt 0.482479 0.358296
vt 0.017842 0.894496
vt 0.011554 0.882282
vt 0.011996 0.871264
vt 0.207461 0.779119
vt 0.213201 0.785511
vt 0.210168 0.785511
vt 0.231280 0.814276
vt 0.016767 0.814276
vt 0.019781 0.843040
vt 0.013127 0.843040
vt 0.031980 0.843040
vt 0.048614 0.843040
vt 0.056831 0.796775
vt 0.087843 0.809202
vt 0.124023 0.814276
vt 0.124023 0.843040
vt 0.160204 0.809202
vt 0.152856 0.843040
vt 0.191216 0.796775
vt 0.179471 0.843040
vt 0.199433 0.843040
vt 0.216067 0.843040
vt 0.389796 0.726278
vt 0.382225 0.726278
vt 0.395475 0.721645
vt 0.012346 0.862520
vt 0.012572 0.856906
vt 0.030268 0.894496
vt 0.047212 0.894496
vt 0.161309 0.159074
vt 0.137737 0.209045
vt 0.381356 0.835547
vt 0.380031 0.835556
vt 0.380126 0.847242
vt 0.381473 0.847224
vt 0.400207 0.721645
vt 0.395475 0.710064
vt 0.180503 0.894496
vt 0.108406 0.157524
vt 0.200835 0.894496
vt 0.217779 0.894496
vt 0.230205 0.894496
vt 0.374023 0.726278
vt 0.352572 0.721645
vt 0.236982 0.894496
vt 0.012672 0.917727
vt 0.048449 0.920810
vt 0.389796 0.710064
vt 0.395475 0.684972
vt 0.124023 0.894496
vt 0.124023 0.914418
vt 0.106431 0.914418
vt 0.320413 0.847557
vt 0.319851 0.860089
vt 0.326705 0.857441
vt 0.135240 0.218348
vt 0.441345 0.175334
vt 0.439453 0.189453
vt 0.047083 0.367953
vt 0.047083 0.379803
vt 0.044193 0.361314
vt 0.292201 0.885537
vt 0.318022 0.865333
vt 0.293339 0.877949
vt 0.302413 0.606995
vt 0.997070 0.005859
vt 0.165700 0.961293
vt 0.173326 0.961293
vt 0.170736 0.965234
vt 0.141010 0.920810
vt 0.141616 0.914418
vt 0.344370 0.710064
vt 0.342478 0.710064
vt 0.069823 0.413336
vt 0.063538 0.412030
vt 0.235700 0.862520
vt 0.236051 0.871264
vt 0.365822 0.726278
vt 0.358250 0.726278
vt 0.199598 0.920810
vt 0.216269 0.920810
vt 0.228494 0.920810
vt 0.236137 0.906709
vt 0.235375 0.917727
vt 0.235162 0.920810
vt 0.354353 0.569126
vt 0.356429 0.568170
vt 0.358953 0.570006
vt 0.342478 0.721645
vt 0.313358 0.710064
vt 0.396470 0.726278
vt 0.395475 0.726278
vt 0.043198 0.357628
vt 0.044193 0.386289
vt 0.028058 0.941664
vt 0.028677 0.943182
vt 0.027035 0.940855
vt 0.342478 0.728401
vt 0.344370 0.764108
vt 0.357568 0.567519
vt 0.214992 0.338255
vt 0.219583 0.334178
vt 0.219583 0.350776
vt 0.160836 0.329802
vt 0.169401 0.349527
vt 0.160055 0.348003
vt 0.319667 0.894971
vt 0.344392 0.880205
vt 0.327918 0.880205
vt 0.057252 0.399851
vt 0.057252 0.404060
vt 0.051582 0.394571
vt 0.136588 0.223104
vt 0.136856 0.213988
vt 0.029979 0.943182
vt 0.456234 0.853463
vt 0.457037 0.868234
vt 0.458955 0.864807
vt 0.301141 0.605809
vt 0.382225 0.710064
vt 0.290432 0.894027
vt 0.289092 0.891092
vt 0.284846 0.893125
vt 0.135199 0.164085
vt 0.048345 0.936736
vt 0.074909 0.401742
vt 0.074909 0.394394
vt 0.339840 0.628109
vt 0.075493 0.387379
vt 0.079993 0.367953
vt 0.079993 0.377211
vt 0.082882 0.378625
vt 0.083878 0.349466
vt 0.083878 0.401050
vt 0.082882 0.343474
vt 0.083878 0.272090
vt 0.083878 0.304330
vt 0.295444 0.598945
vt 0.054279 0.940569
vt 0.097651 0.943182
vt 0.124023 0.942116
vt 0.122647 0.942116
vt 0.115466 0.936556
vt 0.443247 0.217773
vt 0.448895 0.229069
vt 0.400207 0.710064
vt 0.124023 0.943182
vt 0.107037 0.920810
vt 0.118442 0.942116
vt 0.179163 0.364524
vt 0.179163 0.374401
vt 0.176350 0.356316
vt 0.084922 0.144915
vt 0.108453 0.144915
vt 0.103737 0.272090
vt 0.103737 0.301878
vt 0.087187 0.303491
vt 0.124023 0.920810
vt 0.135705 0.930719
vt 0.169401 0.304356
vt 0.160859 0.329246
vt 0.159258 0.305508
vt 0.150396 0.943182
vt 0.298097 0.601672
vt 0.211210 0.378588
vt 0.211210 0.370384
vt 0.208372 0.381590
vt 0.193768 0.940569
vt 0.012885 0.920810
vt 0.022605 0.928293
vt 0.021014 0.929865
vt 0.150716 0.371883
vt 0.156855 0.349988
vt 0.382577 0.892304
vt 0.382597 0.880205
vt 0.382435 0.880205
vt 0.313358 0.728401
vt 0.281812 0.728401
vt 0.281812 0.721645
vt 0.352572 0.710064
vt 0.358250 0.710064
vt 0.352836 0.569054
vt 0.348832 0.619853
vt 0.132805 0.223104
vt 0.130392 0.219362
vt 0.219989 0.941664
vt 0.219370 0.943182
vt 0.219241 0.942255
vt 0.214992 0.299659
vt 0.219583 0.324856
vt 0.218068 0.943182
vt 0.230270 0.932085
vt 0.229431 0.934020
vt 0.357568 0.567097
vt 0.214992 0.382366
vt 0.115510 0.223104
vt 0.115702 0.219362
vt 0.113058 0.218499
vt 0.022591 0.943182
vt 0.045671 0.961293
vt 0.040669 0.961293
vt 0.319337 0.542247
vt 0.331794 0.550918
vt 0.366471 0.893932
vt 0.367836 0.893988
vt 0.367820 0.880205
vt 0.051926 0.957776
vt 0.054840 0.961293
vt 0.045312 0.954697
vt 0.039174 0.950448
vt 0.323096 0.542895
vt 0.211210 0.387965
vt 0.208372 0.386524
vt 0.405569 0.728401
vt 0.403677 0.721645
vt 0.405569 0.721645
vt 0.142708 0.400691
vt 0.144844 0.388477
vt 0.145875 0.386891
vt 0.103737 0.343581
vt 0.117617 0.342613
vt 0.117617 0.389629
vt 0.274629 0.534823
vt 0.305915 0.541735
vt 0.059481 0.961293
vt 0.285186 0.585549
vt 0.330726 0.857441
vt 0.265479 0.555362
vt 0.259655 0.539595
vt 0.102351 0.961293
vt 0.082346 0.961293
vt 0.124023 0.961293
vt 0.145695 0.961293
vt 0.270248 0.555147
vt 0.142708 0.389690
vt 0.178545 0.954738
vt 0.265479 0.550351
vt 0.142708 0.386158
vt 0.134701 0.392855
vt 0.299952 0.537232
vt 0.196121 0.957776
vt 0.193207 0.961293
vt 0.193182 0.959144
vt 0.188566 0.961293
vt 0.350455 0.569212
vt 0.323620 0.547311
vt 0.204845 0.953631
vt 0.323096 0.546723
vt 0.420213 0.449545
vt 0.436523 0.453974
vt 0.175380 0.350585
vt 0.175380 0.402916
vt 0.169401 0.401152
vt 0.175380 0.272090
vt 0.175380 0.304796
vt 0.225456 0.943182
vt 0.207377 0.961293
vt 0.202376 0.961293
vt 0.072929 0.977273
vt 0.069667 0.977273
vt 0.078908 0.977273
vt 0.282222 0.523798
vt 0.290583 0.531029
vt 0.047083 0.396393
vt 0.051419 0.404424
vt 0.051419 0.394180
vt 0.038607 0.307524
vt 0.038607 0.357133
vt 0.043198 0.307731
vt 0.038607 0.413828
vt 0.027396 0.371191
vt 0.087061 0.977273
vt 0.261907 0.526036
vt 0.206828 0.386107
vt 0.319513 0.879631
vt 0.319549 0.876378
vt 0.317605 0.875488
vt 0.267065 0.522101
vt 0.027396 0.292832
vt 0.038607 0.272090
vt 0.073612 0.964688
vt 0.071070 0.964313
vt 0.109891 0.977273
vt 0.096845 0.977273
vt 0.124023 0.977273
vt 0.138156 0.977273
vt 0.151201 0.977273
vt 0.214023 0.351466
vt 0.214023 0.340688
vt 0.211210 0.364524
vt 0.206828 0.383440
vt 0.201307 0.395585
vt 0.176196 0.956925
vt 0.160986 0.977273
vt 0.282222 0.523631
vt 0.270567 0.522253
vt 0.290507 0.888564
vt 0.053652 0.939986
vt 0.212837 0.928693
vt 0.358250 0.777619
vt 0.352572 0.777619
vt 0.352572 0.764108
vt 0.175118 0.977273
vt 0.169139 0.977273
vt 0.178379 0.977273
vt 0.101670 0.986861
vt 0.100243 0.986861
vt 0.104285 0.986861
vt 0.107853 0.986861
vt 0.112133 0.986861
vt 0.117840 0.986861
vt 0.135914 0.986861
vt 0.140194 0.986861
vt 0.143761 0.986861
vt 0.146377 0.986861
vt 0.147804 0.986861
vt 0.115470 0.988459
vt 0.114924 0.988459
vt 0.116471 0.988459
vt 0.117836 0.988459
vt 0.119474 0.988459
vt 0.121657 0.988459
vt 0.194395 0.939986
vt 0.130211 0.988459
vt 0.131576 0.988459
vt 0.132577 0.988459
vt 0.133123 0.988459
vt 0.027396 0.413828
vt 0.027396 0.349297
vt 0.027396 0.363125
vt 0.027396 0.319336
vt 0.043198 0.414654
vt 0.044193 0.343474
vt 0.043198 0.272090
vt 0.044193 0.414833
vt 0.047083 0.415353
vt 0.051419 0.386862
vt 0.201307 0.398867
vt 0.201307 0.396953
vt 0.195186 0.402017
vt 0.051419 0.416133
vt 0.051582 0.404640
vt 0.051582 0.387379
vt 0.325444 0.879074
vt 0.051582 0.416148
vt 0.057252 0.409953
vt 0.057252 0.416687
vt 0.063538 0.404148
vt 0.063538 0.417285
vt 0.074909 0.410141
vt 0.069823 0.399851
vt 0.075493 0.409548
vt 0.075493 0.400680
vt 0.075493 0.392921
vt 0.074909 0.389145
vt 0.079993 0.404987
vt 0.079993 0.390173
vt 0.082882 0.402059
vt 0.082882 0.358120
vt 0.179163 0.388228
vt 0.183545 0.396570
vt 0.183545 0.388911
vt 0.087187 0.397695
vt 0.087187 0.347453
vt 0.103737 0.391242
vt 0.087187 0.272090
vt 0.117617 0.272090
vt 0.129362 0.346762
vt 0.129362 0.303203
vt 0.117617 0.301475
vt 0.129362 0.272090
vt 0.115762 0.144915
vt 0.115726 0.164799
vt 0.113091 0.164191
vt 0.129362 0.396543
vt 0.142708 0.304240
vt 0.142708 0.272090
vt 0.466235 0.721645
vt 0.483221 0.728401
vt 0.466235 0.728401
vt 0.071851 0.956925
vt 0.074721 0.961293
vt 0.156978 0.347501
vt 0.189066 0.398427
vt 0.195186 0.399770
vt 0.208372 0.392164
vt 0.206828 0.389841
vt 0.369474 0.894310
vt 0.369462 0.880205
vt 0.369342 0.880205
vt 0.154987 0.272090
vt 0.264826 0.728401
vt 0.281812 0.764108
vt 0.264826 0.764108
vt 0.154987 0.397234
vt 0.189066 0.402405
vt 0.224121 0.926989
vt 0.157338 0.340191
vt 0.219583 0.298935
vt 0.169401 0.272090
vt 0.395475 0.764108
vt 0.400207 0.764108
vt 0.400207 0.777619
vt 0.176350 0.378196
vt 0.176350 0.340688
vt 0.176350 0.403202
vt 0.179163 0.404032
vt 0.183545 0.383440
vt 0.183545 0.405324
vt 0.189066 0.395585
vt 0.027396 0.323196
vt 0.189066 0.406953
vt 0.195186 0.405163
vt 0.400207 0.728401
vt 0.398168 0.748727
vt 0.398168 0.731103
vt 0.201307 0.401056
vt 0.195186 0.408758
vt 0.206828 0.394108
vt 0.208372 0.378065
vt 0.214023 0.383801
vt 0.214023 0.366556
vt 0.219583 0.297960
vt 0.219583 0.279776
vt 0.219583 0.272090
vt 0.214992 0.272090
vt 0.358250 0.758318
vt 0.358250 0.764108
vt 0.264826 0.721645
vt 0.349879 0.731103
vt 0.350830 0.728401
vt 0.474065 0.857335
vt 0.467448 0.864807
vt 0.470557 0.870361
vt 0.351313 0.825244
vt 0.365189 0.835026
vt 0.365333 0.825244
vt 0.405569 0.764108
vt 0.403677 0.764108
vt 0.403677 0.728401
vt 0.027396 0.413828
vt 0.365822 0.710064
vt 0.232706 0.926471
vt 0.434689 0.721645
vt 0.434689 0.728401
vt 0.396734 0.825244
vt 0.382858 0.835026
vt 0.397111 0.835149
vt 0.134701 0.394238
vt 0.219583 0.375570
vt 0.443247 0.161133
vt 0.441888 0.171281
vt 0.398168 0.754072
vt 0.012649 0.854972
vt 0.397217 0.728401
vt 0.158350 0.305508
vt 0.318070 0.864163
vt 0.292609 0.873080
vt 0.313358 0.721645
vt 0.219583 0.298935
vt 0.133034 0.223104
vt 0.135237 0.223104
vt 0.272591 0.925527
vt 0.290669 0.913428
vt 0.272302 0.903465
vt 0.084683 0.223104
vt 0.075348 0.223104
vt 0.483221 0.721645
vt 0.350243 0.891279
vt 0.048828 0.223104
vt 0.350569 0.846375
vt 0.382225 0.684972
vt 0.108369 0.223104
vt 0.380211 0.893988
vt 0.369606 0.835604
vt 0.368016 0.835556
vt 0.109245 0.223104
vt 0.109238 0.213988
vt 0.109065 0.223104
vt 0.364924 0.890459
vt 0.365450 0.880205
vt 0.365338 0.880205
vt 0.364905 0.880205
vt 0.110857 0.223104
vt 0.110854 0.218348
vt 0.110692 0.223104
vt 0.365470 0.892304
vt 0.366451 0.880205
vt 0.366349 0.880205
vt 0.027396 0.365706
vt 0.452834 0.449545
vt 0.368648 0.586532
vt 0.115703 0.223104
vt 0.113060 0.223104
vt 0.217269 0.928024
vt 0.184446 0.963210
vt 0.455846 0.870361
vt 0.429930 0.863021
vt 0.254399 0.526363
vt 0.235398 0.854972
vt 0.235475 0.856906
vt 0.109284 0.161010
vt 0.380085 0.880205
vt 0.378573 0.894310
vt 0.130390 0.223104
vt 0.378585 0.880205
vt 0.136849 0.223104
vt 0.161172 0.144915
vt 0.137688 0.157524
vt 0.137504 0.223104
vt 0.280599 0.891092
vt 0.383123 0.890459
vt 0.383005 0.880205
vt 0.397804 0.891279
vt 0.428380 0.894971
vt 0.428534 0.879631
vt 0.197266 0.223104
vt 0.201247 0.219219
vt 0.374023 0.777619
vt 0.365822 0.777619
vt 0.365822 0.764108
vt 0.457377 0.913428
vt 0.457615 0.894027
vt 0.475456 0.925527
vt 0.475745 0.903465
vt 0.482935 0.236502
vt 0.481934 0.238505
vt 0.467773 0.246094
vt 0.280299 0.890555
vt 0.277490 0.885537
vt 0.035210 0.928693
vt 0.492300 0.217773
vt 0.272641 0.880400
vt 0.035357 0.209958
vt 0.032898 0.172022
vt 0.032227 0.206903
vt 0.453613 0.238505
vt 0.035590 0.166048
vt 0.032976 0.168002
vt 0.347840 0.764108
vt 0.210737 0.209958
vt 0.210503 0.166048
vt 0.044847 0.219219
vt 0.040335 0.214816
vt 0.322642 0.877792
vt 0.382998 0.846113
vt 0.397478 0.846375
vt 0.110895 0.164085
vt 0.374023 0.764108
vt 0.129605 0.942116
vt 0.395742 0.758318
vt 0.009156 0.591193
vt 0.136810 0.161010
vt 0.422602 0.879074
vt 0.428497 0.876378
vt 0.455846 0.885537
vt 0.454708 0.877949
vt 0.213118 0.168002
vt 0.213867 0.206903
vt 0.455438 0.873080
vt 0.429977 0.864163
vt 0.430442 0.875488
vt 0.493103 0.211773
vt 0.389796 0.758318
vt 0.389796 0.764108
vt 0.471694 0.877949
vt 0.471540 0.878976
vt 0.475405 0.880400
vt 0.213464 0.928599
vt 0.458728 0.241246
vt 0.470798 0.883929
vt 0.025791 0.939094
vt 0.178703 0.964058
vt 0.383142 0.880205
vt 0.273982 0.857335
vt 0.277490 0.870361
vt 0.280599 0.864807
vt 0.033203 0.156186
vt 0.442333 0.167956
vt 0.458955 0.891092
vt 0.457540 0.888564
vt 0.318211 0.860723
vt 0.292475 0.872190
vt 0.043460 0.953835
vt 0.291812 0.853463
vt 0.291010 0.868234
vt 0.292201 0.870361
vt 0.053349 0.144915
vt 0.350340 0.857441
vt 0.046875 0.144915
vt 0.035843 0.154010
vt 0.236493 0.882282
vt 0.109339 0.144915
vt 0.108676 0.144915
vt 0.365508 0.857441
vt 0.365587 0.846703
vt 0.365096 0.857441
vt 0.364958 0.857441
vt 0.110951 0.144915
vt 0.109841 0.144915
vt 0.155618 0.561726
vt 0.366510 0.857441
vt 0.365820 0.857441
vt 0.027396 0.414289
vt 0.114067 0.144915
vt 0.397856 0.880205
vt 0.463201 0.862773
vt 0.227033 0.929865
vt 0.350191 0.880205
vt 0.159258 0.305508
vt 0.368648 0.585393
vt 0.135688 0.144915
vt 0.382539 0.857441
vt 0.382460 0.846703
vt 0.381876 0.857441
vt 0.135142 0.144915
vt 0.381537 0.857441
vt 0.137010 0.144915
vt 0.383089 0.857441
vt 0.382697 0.857441
vt 0.136754 0.144915
vt 0.365048 0.846113
vt 0.199219 0.144915
vt 0.175446 0.144915
vt 0.352572 0.758318
vt 0.406575 0.857441
vt 0.397707 0.857441
vt 0.213043 0.164079
vt 0.313358 0.764108
vt 0.212891 0.156186
vt 0.210251 0.154010
vt 0.238891 0.591193
vt 0.239042 0.593180
vt 0.276506 0.878976
vt 0.382714 0.825244
vt 0.293101 0.838472
vt 0.275550 0.840287
vt 0.321253 0.835703
vt 0.350936 0.835149
vt 0.365719 0.835303
vt 0.369536 0.847345
vt 0.434689 0.777619
vt 0.405569 0.777619
vt 0.378511 0.847345
vt 0.378441 0.835604
vt 0.153385 0.375340
vt 0.159792 0.354137
vt 0.382328 0.835303
vt 0.427634 0.847557
vt 0.426794 0.835703
vt 0.454946 0.838472
vt 0.472497 0.840287
vt 0.294420 0.825244
vt 0.277156 0.825244
vt 0.322113 0.825244
vt 0.365855 0.825244
vt 0.366811 0.825244
vt 0.369678 0.825244
vt 0.129605 0.942116
vt 0.421342 0.857441
vt 0.428196 0.860089
vt 0.379933 0.825244
vt 0.382192 0.825244
vt 0.352572 0.726278
vt 0.351577 0.726278
vt 0.425933 0.825244
vt 0.453627 0.825244
vt 0.470891 0.825244
vt 0.312145 0.866260
vt 0.341264 0.870361
vt 0.341264 0.866260
vt 0.367957 0.870361
vt 0.367957 0.866260
vt 0.380090 0.870361
vt 0.380090 0.866260
vt 0.406783 0.866260
vt 0.406783 0.870361
vt 0.435902 0.866260
vt 0.220530 0.350776
vt 0.220963 0.324856
vt 0.220526 0.298935
vt 0.219702 0.279776
vt 0.218783 0.262871
vt 0.476562 0.265625
vt 0.054678 0.003557
vt 0.055303 0.041611
vt 0.058594 0.003227
vt 0.018970 0.006565
vt 0.020178 0.096315
vt 0.033480 0.005343
vt 0.050614 0.096315
vt 0.004164 0.007812
vt 0.003948 0.096315
vt 0.050339 0.099524
vt 0.014687 0.110087
vt 0.019894 0.108544
vt 0.004139 0.018104
vt 0.040083 0.004786
vt 0.052444 0.074972
vt 0.003906 0.113281
vt 0.023419 0.107500
vt 0.264826 0.662776
vt 0.281812 0.662776
vt 0.281812 0.684972
vt 0.264826 0.684972
vt 0.281812 0.710064
vt 0.264826 0.710064
vt 0.281812 0.777619
vt 0.264826 0.764494
vt 0.313358 0.662776
vt 0.313358 0.684972
vt 0.352305 0.758318
vt 0.605685 0.954706
vt 0.598313 0.975564
vt 0.617152 0.975564
vt 0.313358 0.777619
vt 0.342478 0.662776
vt 0.342478 0.684972
vt 0.420129 0.880205
vt 0.342478 0.764108
vt 0.342478 0.777619
vt 0.344370 0.662776
vt 0.344370 0.684972
vt 0.395475 0.758318
vt 0.344370 0.777619
vt 0.347840 0.662776
vt 0.347840 0.684972
vt 0.347840 0.710064
vt 0.077311 0.965234
vt 0.347840 0.777619
vt 0.352572 0.684972
vt 0.018616 0.934020
vt 0.382225 0.764108
vt 0.382225 0.777619
vt 0.023926 0.926989
vt 0.429835 0.860723
vt 0.358250 0.684972
vt 0.364594 0.758318
vt 0.389796 0.777619
vt 0.374023 0.758318
vt 0.382225 0.758318
vt 0.011451 0.672372
vt 0.395475 0.662776
vt 0.376389 0.894340
vt 0.369498 0.857441
vt 0.378549 0.857441
vt 0.362739 0.606367
vt 0.388569 0.758318
vt 0.349879 0.743783
vt 0.349879 0.754072
vt 0.395475 0.777619
vt 0.400207 0.662776
vt 0.400207 0.684972
vt 0.225442 0.928293
vt 0.137641 0.144915
vt 0.204587 0.953835
vt 0.403677 0.662776
vt 0.403677 0.684972
vt 0.403677 0.710064
vt 0.403677 0.777619
vt 0.405569 0.662776
vt 0.405569 0.684972
vt 0.405569 0.710064
vt 0.434689 0.662776
vt 0.434689 0.684972
vt 0.434689 0.710064
vt 0.434689 0.764108
vt 0.466235 0.662776
vt 0.466235 0.684972
vt 0.466235 0.710064
vt 0.466235 0.764108
vt 0.466235 0.777619
vt 0.483221 0.662776
vt 0.483221 0.684972
vt 0.483221 0.710064
vt 0.483221 0.764108
vt 0.483221 0.764494
vt 0.281812 0.780515
vt 0.313358 0.787270
vt 0.342478 0.789972
vt 0.344370 0.791306
vt 0.347840 0.793316
vt 0.352572 0.794412
vt 0.358250 0.794419
vt 0.365822 0.794835
vt 0.382225 0.794835
vt 0.374023 0.794991
vt 0.389796 0.794419
vt 0.395475 0.794412
vt 0.400207 0.793316
vt 0.403677 0.791306
vt 0.405569 0.789972
vt 0.434689 0.787270
vt 0.466235 0.780515
vt 0.467448 0.891092
vt 0.463201 0.893125
vt 0.063601 0.963210
vt 0.022374 0.319336
vt 0.023537 0.363125
vt 0.028166 0.371191
vt 0.027439 0.413828
vt 0.028730 0.292832
vt 0.019657 0.349297
vt 0.475374 0.585567
vt 0.492011 0.532156
vt 0.482875 0.511719
vt 0.483631 0.575990
vt 0.493943 0.536477
vt 0.488347 0.570520
vt 0.494141 0.536919
vt 0.395696 0.616254
vt 0.391782 0.617188
vt 0.395506 0.616648
vt 0.386700 0.608346
vt 0.442358 0.512134
vt 0.391782 0.512652
vt 0.391245 0.616254
vt 0.396368 0.616522
vt 0.398219 0.616254
vt 0.456158 0.607854
vt 0.465815 0.596654
vt 0.446180 0.512095
vt 0.378906 0.594787
vt 0.382125 0.525952
vt 0.378906 0.530386
vt 0.492188 0.265625
vt 0.448696 0.608936
vt 0.465815 0.511894
vt 0.382125 0.600387
vt 0.489655 0.562933
vt 0.476307 0.511786
vt 0.445312 0.296875
vt 0.492188 0.296875
vt 0.659437 0.131550
vt 0.838610 0.070917
vt 0.659437 0.070917
vt 0.838610 0.131550
vt 0.455276 0.874166
vt 0.276352 0.877949
vt 0.289092 0.864807
vt 0.284846 0.862773
vt 0.460489 0.891826
vt 0.221573 0.940412
vt 0.312145 0.870361
vt 0.435902 0.870361
vt 0.351654 0.757178
vt 0.892362 0.174236
vt 0.964288 0.153378
vt 0.931041 0.102446
vt 0.953793 0.102446
vt 0.947906 0.449268
vt 0.958912 0.374083
vt 0.892362 0.359046
vt 0.908289 0.102446
vt 0.939459 0.512326
vt 0.885537 0.102446
vt 0.935876 0.565684
vt 0.558588 0.512326
vt 0.605685 0.359046
vt 0.605685 0.174236
vt 0.612510 0.102446
vt 0.940739 0.626317
vt 0.562171 0.565684
vt 0.957377 0.747583
vt 0.949698 0.682099
vt 0.892362 0.774747
vt 0.589758 0.102446
vt 0.557308 0.626317
vt 0.567006 0.102446
vt 0.544254 0.102446
vt 0.533759 0.153378
vt 0.892362 0.954706
vt 0.862056 0.975564
vt 0.880895 0.975564
vt 0.918573 0.975564
vt 0.937412 0.975564
vt 0.899734 0.975564
vt 0.605685 0.774747
vt 0.539134 0.374083
vt 0.550141 0.449268
vt 0.635991 0.975564
vt 0.548349 0.682099
vt 0.540670 0.747583
vt 0.560635 0.975564
vt 0.579474 0.975564
vt 0.015341 0.926471
vt 0.026474 0.940412
vt 0.017777 0.932085
vt 0.374023 0.894355
vt 0.371657 0.894340
vt 0.254399 0.521521
vt 0.380179 0.857441
vt 0.367868 0.857441
vt 0.470557 0.885537
vt 0.401979 0.512548
s 1
usemtl Viper_Atlas_Opaque
f 2153/1/1 2/2/2 27/3/3
f 2153/1/1 27/3/3 25/4/4
f 2/2/2 4/5/5 28/6/6
f 2/2/2 28/6/6 27/3/3
f 4/5/5 6/7/7 29/8/8
f 4/5/5 29/8/8 28/6/6
f 281/9/9 326/10/10 325/11/11
f 388/12/12 475/13/13 478/14/14
f 9/15/15 13/16/16 7/17/17
f 9/15/15 7/17/17 30/18/18
f 13/16/16 10/19/19 14/20/20
f 13/16/16 14/20/20 7/17/17
f 10/19/19 15/21/21 32/22/22
f 10/19/19 32/22/22 14/20/20
f 15/21/21 18/23/23 17/24/24
f 15/21/21 17/24/24 32/22/22
f 1280/25/25 1492/26/26 1692/27/27
f 2563/28/28 279/29/29 330/30/30
f 20/31/31 22/32/32 36/33/33
f 20/31/31 36/33/33 35/34/34
f 22/32/32 2158/35/35 37/36/36
f 22/32/32 37/36/36 36/33/33
f 2158/35/35 2161/37/37 39/38/38
f 2158/35/35 39/38/38 37/36/36
f 25/4/4 27/3/3 26/39/39
f 25/4/4 26/39/39 2149/40/40
f 27/3/3 28/6/6 42/41/41
f 27/3/3 42/41/41 26/39/39
f 28/6/6 29/8/8 45/42/42
f 28/6/6 45/42/42 42/41/41
f 29/8/8 30/18/18 31/43/43
f 29/8/8 31/43/43 45/42/42
f 30/18/18 7/17/17 46/44/44
f 30/18/18 46/44/44 31/43/43
f 2060/45/45 2065/46/46 2059/47/47
f 2577/48/48 2580/49/49 128/50/50
f 14/20/20 32/22/22 33/51/51
f 14/20/20 33/51/51 49/52/52
f 32/22/22 17/24/24 52/53/53
f 32/22/22 52/53/53 33/51/51
f 17/24/24 35/34/34 53/54/54
f 17/24/24 53/54/54 52/53/53
f 35/34/34 36/33/33 34/55/55
f 35/34/34 34/55/55 53/54/54
f 36/33/33 37/36/36 56/56/56
f 36/33/33 56/56/56 34/55/55
f 37/36/36 39/38/38 41/57/57
f 37/36/36 41/57/57 56/56/56
f 2149/40/40 26/39/39 61/58/58
f 2149/40/40 61/58/58 581/59/59
f 26/39/39 42/41/41 62/60/60
f 26/39/39 62/60/60 61/58/58
f 42/41/41 45/42/42 44/61/61
f 42/41/41 44/61/61 62/60/60
f 45/42/42 31/43/43 65/62/62
f 45/42/42 65/62/62 44/61/61
f 31/43/43 46/44/44 67/63/63
f 31/43/43 67/63/63 65/62/62
f 2060/45/45 2058/64/64 2065/46/46
f 46/44/44 48/65/65 67/63/63
f 398/66/66 389/67/67 494/68/68
f 415/69/69 494/68/68 389/67/67
f 33/51/51 52/53/53 69/70/70
f 652/71/71 117/72/72 149/73/73
f 52/53/53 53/54/54 55/74/74
f 52/53/53 55/74/74 69/70/70
f 53/54/54 34/55/55 74/75/75
f 53/54/54 74/75/75 55/74/74
f 34/55/55 56/56/56 76/76/76
f 34/55/55 76/76/76 74/75/75
f 56/56/56 41/57/57 57/77/77
f 56/56/56 57/77/77 76/76/76
f 581/59/59 61/58/58 79/78/78
f 581/59/59 79/78/78 584/79/79
f 61/58/58 62/60/60 63/80/80
f 61/58/58 63/80/80 79/78/78
f 62/60/60 44/61/61 81/81/81
f 62/60/60 81/81/81 63/80/80
f 43/82/82 66/83/83 64/84/84
f 43/82/82 64/84/84 80/85/85
f 66/83/83 68/86/86 86/87/87
f 66/83/83 86/87/87 64/84/84
f 68/86/86 47/88/88 88/89/89
f 68/86/86 88/89/89 86/87/87
f 47/88/88 51/90/90 89/91/91
f 47/88/88 89/91/91 88/89/89
f 51/90/90 70/92/92 71/93/93
f 51/90/90 71/93/93 89/91/91
f 70/92/92 54/94/94 72/95/95
f 70/92/92 72/95/95 71/93/93
f 55/74/74 74/75/75 75/96/96
f 55/74/74 75/96/96 73/97/97
f 74/75/75 76/76/76 77/98/98
f 74/75/75 77/98/98 75/96/96
f 76/76/76 57/77/77 95/99/99
f 76/76/76 95/99/99 77/98/98
f 584/79/79 79/78/78 99/100/100
f 99/100/100 607/101/101 605/102/102
f 79/78/78 63/80/80 78/103/103
f 79/78/78 78/103/103 99/100/100
f 63/80/80 81/81/81 83/104/104
f 63/80/80 83/104/104 78/103/103
f 80/85/85 64/84/84 85/105/105
f 80/85/85 85/105/105 82/106/106
f 1740/107/107 1501/108/108 1517/109/109
f 64/84/84 84/110/110 85/105/105
f 86/87/87 88/89/89 105/111/111
f 351/112/112 349/113/113 350/68/114
f 88/89/89 89/91/91 87/114/115
f 88/89/89 87/114/115 105/111/111
f 89/91/91 71/93/93 90/115/116
f 89/91/91 90/115/116 87/114/115
f 71/93/93 72/95/95 91/116/117
f 71/93/93 91/116/117 90/115/116
f 73/97/97 75/96/96 93/117/118
f 73/97/97 93/117/118 92/118/119
f 75/96/96 77/98/98 94/119/120
f 75/96/96 94/119/120 93/117/118
f 953/120/121 951/121/122 77/98/98
f 77/98/98 951/121/122 94/119/120
f 97/122/123 99/100/100 114/123/124
f 114/123/124 2623/124/125 627/125/126
f 99/100/100 78/103/103 100/126/127
f 99/100/100 100/126/127 114/123/124
f 78/103/103 83/104/104 104/127/128
f 78/103/103 104/127/128 100/126/127
f 82/106/106 85/105/105 101/128/129
f 82/106/106 101/128/129 103/129/130
f 85/105/105 84/110/110 121/130/131
f 85/105/105 121/130/131 101/128/129
f 84/110/110 105/111/111 107/131/132
f 84/110/110 107/131/132 121/130/131
f 105/111/111 87/114/115 123/132/133
f 105/111/111 123/132/133 107/131/132
f 87/114/115 90/115/116 125/133/134
f 87/114/115 125/133/134 123/132/133
f 90/115/116 91/116/117 108/134/135
f 90/115/116 108/134/135 125/133/134
f 92/118/119 93/117/118 127/135/136
f 92/118/119 127/135/136 109/136/137
f 93/117/118 94/119/120 130/137/138
f 93/117/118 130/137/138 127/135/136
f 94/119/120 2620/138/139 968/139/140
f 94/119/120 110/140/141 130/137/138
f 112/141/142 114/123/124 115/142/143
f 115/142/143 2607/143/144 112/141/142
f 114/123/124 100/126/127 131/144/145
f 114/123/124 131/144/145 115/142/143
f 100/126/127 104/127/128 119/145/146
f 100/126/127 119/145/146 131/144/145
f 104/127/128 102/146/147 134/147/148
f 104/127/128 134/147/148 119/145/146
f 102/146/147 122/148/149 120/149/150
f 102/146/147 120/149/150 134/147/148
f 122/148/149 106/150/151 137/151/152
f 122/148/149 137/151/152 120/149/150
f 106/150/151 124/152/153 138/153/154
f 106/150/151 138/153/154 137/151/152
f 124/152/153 126/154/155 139/155/156
f 124/152/153 139/155/156 138/153/154
f 126/154/155 109/136/137 141/156/157
f 126/154/155 141/156/157 139/155/156
f 109/136/137 127/135/136 143/157/158
f 109/136/137 143/157/158 141/156/157
f 127/135/136 130/137/138 128/50/50
f 127/135/136 128/50/50 143/157/158
f 130/137/138 979/158/159 986/159/160
f 130/137/138 986/159/160 128/50/50
f 117/72/72 115/142/143 149/73/73
f 2571/160/161 652/71/71 149/73/73
f 116/161/162 132/162/163 148/163/164
f 116/161/162 148/163/164 150/164/165
f 131/144/145 119/145/146 152/165/166
f 131/144/145 152/165/166 147/166/167
f 119/145/146 134/147/148 133/167/168
f 119/145/146 133/167/168 152/165/166
f 134/147/148 120/149/150 135/168/169
f 134/147/148 135/168/169 133/167/168
f 120/149/150 137/151/152 154/169/170
f 120/149/150 154/169/170 135/168/169
f 137/151/152 138/153/154 136/170/171
f 137/151/152 136/170/171 154/169/170
f 138/153/154 139/155/156 140/171/172
f 138/153/154 140/171/172 136/170/171
f 139/155/156 141/156/157 142/172/173
f 139/155/156 142/172/173 140/171/172
f 141/156/157 143/157/158 157/173/174
f 141/156/157 157/173/174 142/172/173
f 144/174/175 129/175/176 156/176/177
f 144/174/175 156/176/177 158/177/178
f 128/50/50 2583/178/179 2585/179/180
f 128/50/50 1012/180/181 155/181/182
f 145/182/183 149/73/73 168/183/184
f 145/182/183 168/183/184 163/184/185
f 150/164/165 148/163/164 172/185/186
f 150/164/165 172/185/186 167/186/187
f 147/166/167 152/165/166 151/187/188
f 147/166/167 151/187/188 171/188/189
f 224/189/190 197/190/191 225/191/192
f 283/192/193 272/193/194 256/194/195
f 1365/195/196 1374/196/197 1360/197/198
f 340/198/199 323/199/11 338/200/200
f 641/201/201 637/202/202 636/203/203
f 2414/204/204 2427/204/205 2426/204/206
f 1069/205/207 1094/206/208 1091/207/209
f 1100/208/210 1143/209/211 1067/210/212
f 1887/211/213 1719/212/214 1858/213/215
s 0
f 2169/214/216 2740/214/216 2109/214/216
s 1
f 1502/108/217 1362/215/218 1516/109/219
f 1823/216/220 1845/217/221 1598/218/222
f 142/172/173 157/173/174 184/219/223
f 142/172/173 184/219/223 183/220/224
f 158/177/178 156/176/177 159/221/225
f 158/177/178 159/221/225 185/222/226
f 155/181/182 1012/180/181 161/223/227
s 0
f 1598/218/222 1826/224/228 1829/225/228
s 1
f 163/184/185 168/183/184 170/226/229
f 163/184/185 170/226/229 165/227/230
f 167/186/187 172/185/186 189/228/231
f 167/186/187 189/228/231 169/229/232
f 171/188/189 151/187/188 174/230/233
f 171/188/189 174/230/233 188/231/234
f 151/187/188 153/232/235 193/233/236
f 151/187/188 193/233/236 174/230/233
f 153/232/235 175/234/237 180/235/238
f 153/232/235 180/235/238 193/233/236
f 175/234/237 176/236/239 178/237/240
f 175/234/237 178/237/240 180/235/238
f 176/236/239 182/238/241 196/239/242
f 176/236/239 196/239/242 178/237/240
f 182/238/241 181/240/243 198/241/244
f 182/238/241 198/241/244 196/239/242
f 181/240/243 183/220/224 200/242/245
f 181/240/243 200/242/245 198/241/244
f 183/220/224 184/219/223 203/243/246
f 183/220/224 203/243/246 200/242/245
f 185/222/226 159/221/225 186/244/247
f 185/222/226 186/244/247 204/245/248
f 252/246/249 265/247/250 278/248/251
f 160/249/252 205/250/253 187/251/254
f 165/227/230 170/226/229 211/252/255
f 575/253/256 1344/254/257 571/255/258
f 169/229/232 189/228/231 191/256/259
f 169/229/232 191/256/259 212/257/260
f 188/231/234 174/230/233 218/258/261
f 188/231/234 218/258/261 190/259/262
f 173/260/263 192/261/264 221/262/265
f 173/260/263 221/262/265 217/263/266
f 283/192/193 256/194/195 273/264/267
f 382/265/268 383/266/269 275/267/270
f 2338/204/271 2339/204/272 2342/204/273
f 2297/214/274 2308/214/275 2310/214/276
f 362/268/277 457/269/278 360/270/279
s 0
f 1269/214/280 1275/214/280 1266/214/280
s 1
f 1541/271/281 1382/272/282 1407/273/283
f 548/274/284 577/275/285 575/253/256
f 197/190/191 199/276/286 201/277/287
f 197/190/191 201/277/287 225/191/192
f 200/242/245 203/243/246 228/278/288
f 200/242/245 228/278/288 202/279/289
f 204/245/248 186/244/247 231/280/290
f 204/245/248 231/280/290 229/281/291
f 187/251/254 205/250/253 207/282/292
f 187/251/254 207/282/292 230/283/293
f 2573/284/294 2571/160/161 149/73/73
f 209/285/295 213/286/296 234/287/297
f 212/257/260 191/256/259 216/288/298
f 212/257/260 216/288/298 214/289/299
f 190/259/262 218/258/261 220/290/300
f 190/259/262 220/290/300 215/291/301
f 217/263/266 221/262/265 240/292/302
f 217/263/266 240/292/302 219/293/303
f 221/262/265 222/294/304 243/295/305
f 221/262/265 243/295/305 240/292/302
f 222/294/304 194/296/306 246/297/307
f 222/294/304 246/297/307 243/295/305
f 194/296/306 224/189/190 223/298/308
f 194/296/306 223/298/308 246/297/307
f 224/189/190 225/191/192 247/299/309
f 224/189/190 247/299/309 223/298/308
f 225/191/192 201/277/287 226/300/310
f 225/191/192 226/300/310 247/299/309
f 202/279/289 228/278/288 250/301/311
f 282/302/312 283/192/193 371/303/313
f 229/281/291 231/280/290 233/304/314
f 229/281/291 233/304/314 251/305/315
f 230/283/293 207/282/292 1070/306/316
f 230/283/293 1070/306/316 232/307/317
f 1740/107/107 1517/109/109 1745/308/318
s 0
f 1837/309/319 1840/310/319 1822/311/320
s 1
f 213/286/296 215/291/301 237/312/321
f 213/286/296 237/312/321 236/313/322
f 215/291/301 220/290/300 254/314/323
f 215/291/301 254/314/323 237/312/321
f 219/293/303 240/292/302 239/315/324
f 219/293/303 239/315/324 255/316/325
f 240/292/302 243/295/305 242/317/326
f 240/292/302 242/317/326 239/315/324
f 243/295/305 246/297/307 244/318/327
f 243/295/305 244/318/327 242/317/326
f 246/297/307 223/298/308 259/319/328
f 246/297/307 259/319/328 244/318/327
f 223/298/308 247/299/309 249/320/329
f 223/298/308 249/320/329 259/319/328
f 247/299/309 226/300/310 263/321/330
f 247/299/309 263/321/330 249/320/329
f 268/322/331 855/323/332 2609/324/333
f 227/325/334 253/326/335 262/327/336
f 250/301/311 232/307/317 252/246/249
f 250/301/311 252/246/249 253/326/335
f 232/307/317 1070/306/316 1107/328/337
f 232/307/317 1107/328/337 252/246/249
f 726/329/338 236/313/322 267/330/339
f 726/329/338 267/330/339 821/331/340
f 236/313/322 237/312/321 269/332/341
f 236/313/322 269/332/341 267/330/339
f 237/312/321 254/314/323 257/333/342
f 237/312/321 257/333/342 269/332/341
f 254/314/323 238/334/343 256/194/195
f 254/314/323 256/194/195 257/333/342
f 238/334/343 241/335/344 273/264/267
f 238/334/343 273/264/267 256/194/195
f 241/335/344 245/336/345 274/337/346
f 241/335/344 274/337/346 273/264/267
f 245/336/345 258/338/347 261/339/348
f 245/336/345 261/339/348 274/337/346
f 258/338/347 248/340/349 260/341/350
f 258/338/347 260/341/350 261/339/348
f 248/340/349 262/327/336 276/342/351
f 248/340/349 276/342/351 260/341/350
f 262/327/336 253/326/335 264/343/352
f 262/327/336 264/343/352 276/342/351
f 253/326/335 252/246/249 278/248/251
f 253/326/335 278/248/251 264/343/352
f 252/246/249 1107/328/337 265/247/250
f 2092/344/353 2087/345/354 2100/346/355
f 821/331/340 267/330/339 268/322/331
f 268/322/331 836/347/356 826/348/357
f 267/330/339 269/332/341 271/349/358
f 267/330/339 271/349/358 268/322/331
f 269/332/341 257/333/342 270/350/359
f 269/332/341 270/350/359 271/349/358
f 257/333/342 256/194/195 272/193/194
f 257/333/342 272/193/194 270/350/359
f 1785/351/360 1388/352/361 1542/271/362
f 1892/353/363 1860/354/364 1746/355/365
f 1892/353/363 1746/355/365 1862/356/366
f 2107/357/367 2100/346/355 2106/358/368
f 382/265/268 275/267/270 300/359/369
s 0
f 737/214/370 694/214/370 752/214/370
s 1
f 1692/27/27 1492/26/26 1698/360/371
f 268/322/331 2609/324/333 836/347/356
f 260/341/350 276/342/351 277/361/372
f 260/341/350 277/361/372 300/359/369
f 276/342/351 264/343/352 301/362/373
f 276/342/351 301/362/373 277/361/372
f 264/343/352 278/248/251 302/363/374
f 264/343/352 302/363/374 301/362/373
f 2164/364/375 2074/365/376 2100/346/355
f 278/248/251 1196/366/377 302/363/374
f 279/29/29 268/322/331 330/30/30
f 330/30/30 2565/367/378 2563/28/28
f 268/322/331 271/349/358 281/9/9
f 268/322/331 281/9/9 330/30/30
f 271/349/358 270/350/359 355/368/379
f 271/349/358 355/368/379 281/9/9
f 270/350/359 272/193/194 282/302/312
f 270/350/359 282/302/312 355/368/379
f 2089/369/380 2099/370/381 2106/358/368
f 268/322/331 279/29/29 855/323/332
f 286/371/382 287/372/383 2830/373/384
f 1853/374/385 1653/375/386 1686/376/387
f 181/240/243 136/170/171 140/171/172
f 1516/109/219 1362/215/218 1506/377/388
s 0
f 1818/311/389 1545/378/389 1551/379/389
s 1
f 293/214/390 292/214/391 290/214/392
f 945/380/393 955/381/394 946/382/395
f 1480/383/396 1452/384/397 2755/385/398
f 349/113/113 351/112/112 347/386/399
f 1039/387/400 1106/387/401 1056/387/402
f 522/388/403 481/389/404 527/390/405
f 296/391/406 284/372/407 298/392/408
f 2428/204/409 2426/204/206 2427/204/205
f 376/214/410 299/214/408 2718/214/411
f 2057/393/412 2058/64/64 2041/394/413
f 2608/395/414 641/201/201 635/396/415
f 2596/397/416 1177/398/417 278/248/251
f 2080/399/418 2082/400/419 2074/365/376
f 300/359/369 277/361/372 386/401/420
f 300/359/369 386/401/420 382/265/268
f 277/361/372 301/362/373 391/402/421
f 277/361/372 391/402/421 386/401/420
f 301/362/373 302/363/374 430/403/422
f 301/362/373 430/403/422 391/402/421
f 302/363/374 2817/404/423 2819/405/424
f 302/363/374 1207/406/425 430/403/422
f 306/407/426 314/408/427 316/409/428
f 2047/410/429 2040/411/430 2041/394/413
f 2739/412/431 2166/413/432 2100/346/355
f 596/414/433 609/415/434 600/382/435
f 342/416/426 317/417/436 310/418/437
f 2043/419/438 2060/45/45 2048/420/439
f 17/24/24 18/23/23 20/31/31
f 316/409/428 314/408/427 312/421/440
f 1243/422/441 1237/423/442 2613/424/443
f 1138/425/444 1156/426/445 1124/427/446
f 542/428/447 1278/429/448 1273/430/449
f 966/431/450 972/432/451 957/433/452
f 328/69/10 350/68/114 323/199/11
f 2827/214/453 324/214/454 322/214/455
s 0
f 1538/214/456 1540/214/456 1405/214/456
f 1405/214/456 1540/214/456 1536/214/456
s 1
f 306/407/426 338/200/200 323/199/11
f 315/214/457 311/214/458 320/214/459
s 0
f 1379/434/460 1521/435/460 1510/377/460
s 1
f 645/387/461 660/387/462 631/387/463
f 334/436/464 317/417/436 342/416/426
s 0
f 2109/214/216 2211/214/216 2169/214/216
s 1
f 1866/437/465 1850/438/466 1848/439/467
f 349/113/113 347/386/399 358/440/468
f 2100/346/355 2074/365/376 2090/441/469
f 1479/442/470 1429/443/471 2849/444/472
s 0
f 1516/109/473 1506/377/474 1511/445/473
s 1
f 343/446/112 281/9/9 355/368/379
f 646/447/475 642/448/476 637/202/202
f 350/68/114 328/69/10 353/449/477
f 598/387/478 613/387/479 669/387/480
f 992/450/481 1001/451/482 996/452/483
f 1002/453/484 1017/454/485 2586/455/486
f 1009/456/487 1005/457/488 1020/458/489
f 355/368/379 282/302/312 362/268/277
f 356/459/279 349/113/113 358/440/468
s 0
f 1430/214/490 1472/214/490 1469/214/490
s 1
f 2405/214/491 2406/214/492 2381/214/493
f 712/387/494 918/387/495 916/387/496
f 362/268/277 345/460/468 355/368/379
f 282/302/312 371/303/313 466/461/497
f 282/302/312 466/461/497 362/268/277
f 366/462/498 364/463/499 367/464/500
s 0
f 1556/465/389 1600/466/389 1818/311/389
s 1
f 2107/357/367 2106/358/368 2105/467/501
f 365/462/502 468/468/503 363/463/504
f 371/303/313 294/469/505 370/464/506
f 367/464/500 364/463/499 373/470/507
s 0
f 1405/214/456 1411/214/456 1538/214/456
s 1
f 1175/471/508 1172/472/509 1163/473/510
f 1667/474/511 1699/360/512 1689/475/513
f 1031/476/514 1026/477/515 1015/478/516
f 295/479/517 296/391/406 380/480/518
s 0
f 2675/214/456 1561/214/456 1536/214/456
f 752/214/370 694/214/370 703/214/370
s 1
f 2384/214/519 2392/214/520 2391/214/521
f 2769/214/522 432/214/523 402/214/524
f 380/480/518 366/462/498 295/479/517
f 2106/358/368 2100/346/355 2089/369/380
f 281/9/9 325/11/11 330/30/30
f 681/387/525 910/387/526 671/387/527
f 1157/481/528 1154/482/529 2857/483/530
f 1030/387/531 1018/387/532 1021/387/533
f 383/266/269 382/265/268 478/14/14
f 383/266/269 478/14/14 379/484/534
f 400/440/535 394/113/536 385/485/537
f 877/486/538 878/487/539 879/488/540
f 382/265/268 396/489/535 388/12/12
f 385/485/537 394/113/536 471/459/13
s 0
f 775/214/541 796/214/541 794/214/541
s 1
f 388/12/12 478/14/14 382/265/268
f 2335/204/542 2332/204/543 2343/204/544
s 0
f 1433/311/545 1473/465/545 1476/379/545
s 1
f 318/490/546 336/491/200 2694/492/547
f 768/210/548 720/493/549 764/494/550
f 676/478/551 688/477/552 685/476/553
f 1393/495/554 1369/496/555 1367/497/556
f 130/137/138 110/140/141 979/158/159
f 2103/387/557 2052/387/558 2785/387/559
f 2042/498/560 2024/499/561 2035/500/562
f 619/387/563 617/387/564 621/387/565
f 2074/365/376 2062/501/566 2073/502/567
f 428/407/568 403/503/569 411/504/570
f 377/480/571 383/266/269 379/484/534
s 0
f 1129/214/541 1109/214/541 1115/214/541
s 1
f 867/387/572 870/387/573 864/387/574
f 1252/387/575 926/387/576 927/387/577
f 1349/505/578 1363/215/579 1504/506/580
f 857/387/581 889/387/582 846/387/583
f 409/507/568 419/508/584 417/509/585
f 403/503/569 494/68/68 415/69/69
f 2318/214/586 2313/214/587 2317/214/588
f 1243/422/441 1249/510/589 2836/511/590
s 0
f 1469/214/490 1472/214/490 1474/214/490
s 1
f 320/214/459 311/214/458 313/214/591
f 417/509/585 419/508/584 420/512/592
f 2714/513/593 1231/514/594 430/403/422
f 405/200/595 424/515/596 428/407/568
f 892/422/597 2562/516/598 2707/424/599
f 427/214/600 423/214/601 2600/214/602
f 432/214/523 2600/214/602 406/214/603
s 0
f 721/214/604 724/214/604 716/214/604
s 1
f 1332/517/605 1337/518/606 1317/519/607
f 318/490/546 330/30/30 336/491/200
f 305/214/608 309/214/609 313/214/591
f 433/520/610 317/417/436 437/521/611
f 433/520/610 437/521/611 502/522/612
f 350/68/114 446/523/613 444/524/614
f 282/302/312 272/193/194 283/192/193
f 563/525/615 565/526/616 1322/527/617
f 439/528/618 442/529/619 448/530/613
f 317/417/436 334/436/464 441/531/614
f 444/524/614 446/523/613 450/532/620
f 2559/533/621 877/486/538 876/534/622
f 2121/535/623 2113/536/624 2133/537/625
f 1071/538/626 1099/539/627 1096/540/628
f 1023/541/629 1024/542/630 206/543/631
f 815/387/632 832/387/633 818/387/634
f 350/68/114 349/113/113 451/544/635
f 451/544/635 455/545/618 350/68/114
f 452/214/636 438/214/637 454/214/638
f 453/546/639 442/529/619 439/528/618
f 349/113/113 356/459/279 459/547/640
f 451/544/635 349/113/113 459/547/640
f 1686/376/387 1683/548/641 1853/374/385
s 0
f 1269/214/280 1272/214/280 1275/214/280
s 1
f 461/549/642 510/550/643 451/544/635
s 0
f 1085/214/370 1053/214/370 1083/214/370
s 1
f 735/214/644 695/214/645 738/214/646
f 2295/214/647 2298/214/648 2297/214/274
f 425/214/649 427/214/600 429/214/650
f 362/268/277 466/461/497 465/551/651
f 362/268/277 465/551/651 456/552/652
f 466/461/497 468/468/503 467/553/653
f 466/461/497 467/553/653 465/551/651
f 468/468/503 379/484/534 469/554/654
f 468/468/503 469/554/654 467/553/653
f 379/484/534 478/14/14 522/388/403
f 379/484/534 522/388/403 469/554/654
f 394/113/536 472/555/655 471/459/13
f 1071/538/626 1086/556/656 1099/539/627
f 478/14/14 475/13/13 479/557/657
f 491/544/658 476/558/659 472/555/655
f 1091/207/209 1051/559/660 2854/560/661
f 320/214/459 307/214/662 315/214/457
s 0
f 781/214/663 792/214/663 779/214/663
s 1
f 1219/387/664 1211/387/665 1170/387/666
f 394/113/536 495/545/667 487/561/668
f 17/24/24 20/31/31 35/34/34
f 483/562/667 501/563/669 485/564/670
f 487/561/668 491/544/658 394/113/536
f 2864/214/671 531/214/672 490/214/673
f 485/564/670 501/563/669 536/565/674
f 494/68/68 413/566/675 492/567/676
f 2851/214/677 498/214/678 493/214/679
f 419/508/584 499/568/676 420/512/592
f 494/68/68 497/569/680 495/545/667
f 194/296/306 179/570/681 177/571/682
f 1165/572/683 2591/573/684 266/574/685
f 1167/575/686 1162/576/687 1157/481/528
s 0
f 719/214/688 741/214/688 714/214/688
s 1
f 419/508/584 1958/577/689 1415/578/690
f 419/508/584 1415/578/690 539/579/691
f 502/522/612 437/521/611 540/580/692
f 502/522/612 540/580/692 541/581/693
f 437/521/611 442/529/619 543/582/694
f 437/521/611 543/582/694 540/580/692
f 451/544/635 507/583/695 505/584/639
f 610/585/696 614/586/697 616/587/698
f 631/387/463 669/387/480 622/387/699
f 589/588/700 597/589/701 599/590/702
f 928/589/703 96/591/704 2804/592/705
f 442/529/619 520/593/706 543/582/694
f 510/550/643 515/594/707 451/544/635
f 876/534/622 879/488/540 872/595/708
f 2089/369/380 2100/346/355 2090/441/469
s 0
f 1083/214/370 1076/214/370 1085/214/370
s 1
f 1459/596/709 1490/597/710 1455/598/711
f 447/214/712 445/214/713 438/214/637
f 451/544/635 515/594/707 518/599/714
f 923/600/715 932/601/716 929/588/717
f 512/602/718 520/593/706 517/603/714
f 456/552/652 465/551/651 547/604/719
f 456/552/652 547/604/719 544/605/720
f 465/551/651 467/553/653 521/606/721
f 465/551/651 521/606/721 547/604/719
f 467/553/653 469/554/654 551/607/722
f 467/553/653 551/607/722 521/606/721
f 469/554/654 522/388/403 549/608/723
f 469/554/654 549/608/723 551/607/722
f 2585/179/180 1012/180/181 128/50/50
f 451/544/635 518/599/714 507/583/695
f 884/609/724 886/610/725 881/611/726
f 872/595/708 866/612/727 868/613/728
f 323/199/11 350/68/114 306/407/426
f 175/234/237 135/168/169 154/169/170
f 478/14/14 479/557/657 2845/614/659
f 522/388/403 529/615/729 549/608/723
f 491/544/658 530/616/730 534/617/731
f 778/214/732 780/214/733 797/214/734
f 250/301/311 253/326/335 227/325/334
f 1480/383/396 1471/618/735 1479/442/470
f 712/387/494 692/387/736 711/387/737
f 2643/619/399 343/446/112 355/368/379
f 386/401/420 391/402/421 2722/620/67
f 865/387/738 869/387/739 870/387/573
f 2076/621/740 2154/622/741 2071/623/742
f 501/563/669 539/579/691 553/624/743
f 501/563/669 553/624/743 538/625/744
f 539/579/691 1415/578/690 554/626/745
f 539/579/691 554/626/745 553/624/743
f 541/581/693 540/580/692 562/627/746
f 541/581/693 562/627/746 559/628/747
f 540/580/692 543/582/694 567/629/748
f 540/580/692 567/629/748 562/627/746
f 543/582/694 520/593/706 546/630/749
f 543/582/694 546/630/749 567/629/748
f 520/593/706 544/605/720 545/631/750
f 520/593/706 545/631/750 546/630/749
f 544/605/720 547/604/719 570/632/751
f 544/605/720 570/632/751 545/631/750
f 547/604/719 521/606/721 571/255/258
f 547/604/719 571/255/258 570/632/751
f 286/371/382 273/264/267 274/337/346
f 521/606/721 548/274/284 571/255/258
f 551/607/722 549/608/723 550/633/752
f 1667/474/511 1693/27/753 1699/360/512
f 549/608/723 529/615/729 552/634/754
f 549/608/723 552/634/754 550/633/752
f 529/615/729 538/625/744 578/635/755
f 529/615/729 578/635/755 552/634/754
f 538/625/744 553/624/743 579/636/756
f 538/625/744 579/636/756 578/635/755
f 553/624/743 554/626/745 557/637/757
f 553/624/743 557/637/757 579/636/756
f 559/628/747 562/627/746 1303/638/758
f 559/628/747 1303/638/758 560/639/759
f 562/627/746 567/629/748 564/640/760
f 562/627/746 564/640/760 1303/638/758
f 567/629/748 546/630/749 566/641/761
f 567/629/748 566/641/761 564/640/760
f 546/630/749 545/631/750 569/642/762
f 546/630/749 569/642/762 566/641/761
f 545/631/750 570/632/751 573/643/763
f 545/631/750 573/643/763 569/642/762
f 570/632/751 571/255/258 1344/254/257
f 570/632/751 1344/254/257 573/643/763
f 2717/392/764 286/371/382 275/267/270
f 2722/620/67 2737/644/66 386/401/420
f 548/274/284 550/633/752 577/275/285
f 315/214/457 307/214/662 303/214/765
f 550/633/752 552/634/754 1358/645/766
f 550/633/752 1358/645/766 577/275/285
f 552/634/754 578/635/755 1373/646/767
f 552/634/754 1373/646/767 1358/645/766
f 578/635/755 579/636/756 1392/647/768
f 578/635/755 1392/647/768 1373/646/767
f 579/636/756 557/637/757 1398/648/769
f 579/636/756 1398/648/769 1392/647/768
f 2668/592/770 2234/649/771 585/591/772
f 2231/650/773 2232/651/774 597/589/701
f 589/588/700 2222/600/775 2227/652/776
f 2221/387/777 593/387/778 2235/387/779
f 2235/387/779 908/387/780 595/387/781
f 585/591/772 596/414/433 597/589/701
f 929/588/717 939/590/782 928/589/703
f 94/119/120 951/121/122 2620/138/139
f 601/387/783 593/387/778 591/387/784
f 598/387/478 908/387/780 593/387/778
f 2639/653/785 609/415/434 596/414/433
f 596/414/433 600/382/435 599/590/702
f 599/590/702 612/654/786 602/655/787
f 601/387/783 613/387/479 598/387/478
f 994/387/788 993/387/789 991/387/790
f 606/656/791 610/585/696 609/415/434
f 609/415/434 615/381/792 600/382/435
f 600/382/435 620/380/793 612/654/786
f 611/387/794 622/387/699 613/387/479
f 369/214/795 293/214/390 290/214/392
f 608/657/796 614/586/697 610/585/696
f 610/585/696 616/587/698 615/381/792
f 615/381/792 618/658/797 620/380/793
f 619/387/563 621/387/565 622/387/699
f 858/659/798 861/660/799 860/661/800
f 98/662/801 623/663/802 614/586/697
f 614/586/697 624/433/803 616/587/698
f 616/587/698 626/664/804 618/658/797
f 617/387/564 631/387/463 621/387/565
f 1270/665/805 1459/596/709 542/428/447
f 628/666/806 629/667/807 623/663/802
f 623/663/802 630/432/808 624/433/803
f 624/433/803 633/431/809 626/664/804
f 625/387/810 634/387/581 631/387/463
f 680/387/811 671/387/527 598/387/478
f 2624/668/812 635/396/415 629/667/807
f 629/667/807 636/203/203 630/432/808
f 630/432/808 639/669/813 633/431/809
f 632/387/814 640/387/815 634/387/581
f 818/387/634 820/387/816 920/387/817
f 2608/395/414 635/396/415 113/670/818
f 641/201/201 636/203/203 635/396/415
f 637/202/202 639/669/813 636/203/203
f 643/387/819 640/387/815 638/387/820
f 2052/387/558 2050/387/821 2785/387/559
f 118/671/822 641/201/201 2608/395/414
f 646/447/475 637/202/202 641/201/201
f 642/448/476 644/672/823 637/202/202
f 649/387/824 645/387/461 643/387/819
s 0
f 1469/214/490 1426/214/490 1430/214/490
s 1
f 653/673/825 646/447/475 118/671/822
f 655/674/826 642/448/476 646/447/475
f 657/675/827 650/676/828 642/448/476
f 647/387/829 651/387/830 649/387/824
f 769/426/831 814/481/832 782/425/733
f 2572/677/833 655/674/826 653/673/825
f 654/678/834 657/675/827 655/674/826
f 656/452/835 648/450/836 657/675/827
f 658/387/837 660/387/462 647/387/829
s 0
f 1627/214/838 1637/214/838 2843/214/838
s 1
f 2574/679/839 654/678/834 2572/677/833
f 665/453/840 656/452/835 654/678/834
f 661/680/841 659/451/842 656/452/835
f 662/387/843 664/387/844 658/387/837
f 850/387/845 852/387/846 857/387/581
f 673/455/847 665/453/840 2574/679/839
f 674/454/848 661/680/841 665/453/840
f 677/458/849 663/456/850 661/680/841
f 666/387/851 669/387/480 662/387/843
f 843/681/852 847/682/853 845/683/854
f 146/684/855 674/454/848 673/455/847
f 682/685/856 677/458/849 674/454/848
f 676/478/551 668/457/857 677/458/849
f 832/387/633 823/387/858 818/387/634
f 681/387/525 671/387/527 680/387/811
f 164/686/859 682/685/856 146/684/855
f 683/541/860 676/478/551 682/685/856
f 676/478/551 685/476/553 679/687/861
f 1479/442/470 1452/384/397 1480/383/396
f 686/387/862 910/387/526 681/387/525
f 166/543/863 683/541/860 164/686/859
f 687/542/864 688/477/552 683/541/860
f 688/477/552 691/688/865 685/476/553
f 769/426/831 828/572/866 829/576/867
f 693/387/868 912/387/869 686/387/862
f 166/543/863 708/689/870 687/542/864
f 687/542/864 709/690/871 689/691/872
f 689/691/872 710/692/873 691/688/865
f 840/387/874 850/387/845 854/387/875
f 692/387/736 914/387/876 693/387/868
f 695/214/645 698/214/877 707/214/878
f 927/387/577 931/387/879 922/387/880
f 1738/693/881 1501/108/108 1740/107/107
s 0
f 699/214/882 705/214/882 696/214/882
s 1
f 307/214/662 2693/214/883 303/214/765
f 2378/214/884 2380/214/885 2405/214/491
f 1732/694/886 1726/695/887 1316/519/888
f 210/696/889 743/207/890 708/689/870
f 708/689/870 743/207/890 754/697/891
f 708/689/870 754/697/891 709/690/871
f 709/690/871 754/697/891 758/698/892
f 709/690/871 758/698/892 710/692/873
f 2741/214/893 440/214/894 443/214/895
f 712/387/494 916/387/496 692/387/736
f 2145/699/896 2244/700/897 2146/701/898
s 0
f 1446/214/899 1444/214/899 1440/214/899
s 1
f 1195/387/900 1192/387/901 1186/387/902
f 1161/387/903 1155/387/904 1105/387/905
s 0
f 1605/214/906 1607/214/906 1601/214/906
s 1
f 2758/702/642 456/552/652 463/703/643
f 601/387/783 598/387/478 593/387/778
f 764/494/550 784/704/907 768/210/548
f 682/685/856 676/478/551 677/458/849
f 998/680/908 1020/458/489 1017/454/485
s 0
f 1851/214/909 1805/214/909 1802/214/909
s 1
f 849/705/910 860/661/800 863/706/911
f 403/503/569 413/566/675 494/68/68
f 930/414/912 938/653/913 96/591/704
f 319/707/914 876/534/622 871/708/915
f 1020/458/489 1015/478/516 1016/685/916
f 568/709/917 1342/710/918 1334/711/919
f 743/207/890 745/559/920 748/206/644
f 235/538/921 751/539/646 753/556/645
f 1227/387/922 1226/387/923 1170/387/666
f 331/214/924 443/214/895 440/214/894
f 743/207/890 768/210/548 813/208/925
f 743/207/890 813/208/925 754/697/891
f 754/697/891 813/208/925 756/712/926
f 754/697/891 756/712/926 758/698/892
f 2026/713/927 2037/714/928 2030/715/929
f 817/387/930 918/387/495 712/387/494
f 727/716/931 822/574/932 769/426/831
f 847/682/853 848/717/933 849/705/910
f 427/214/600 410/214/934 429/214/650
f 842/387/935 846/387/583 889/387/582
f 309/214/609 320/214/459 313/214/591
f 622/387/699 621/387/565 631/387/463
f 118/671/822 646/447/475 641/201/201
f 2639/653/785 606/656/791 609/415/434
s 0
f 1616/214/936 1662/214/936 1665/214/936
s 1
f 488/214/937 496/214/938 486/214/939
s 0
f 1647/214/940 2617/214/940 1463/214/940
s 1
f 2770/718/941 391/402/421 430/403/422
f 778/214/732 797/214/734 776/214/907
s 0
f 770/214/663 781/214/663 777/214/663
s 1
f 357/214/942 359/214/943 361/214/944
f 768/210/548 784/704/907 795/719/734
f 211/252/255 209/285/295 165/227/230
f 509/214/945 513/214/946 514/214/947
f 393/214/948 408/214/949 416/214/950
f 671/387/527 604/387/951 598/387/478
s 0
f 1147/214/19 1150/214/19 2728/214/19
s 1
f 498/214/678 2851/214/677 484/214/952
s 0
f 810/214/953 785/214/953 791/214/953
f 808/214/19 799/214/19 811/214/19
f 807/214/954 788/214/954 801/214/954
s 1
f 735/214/644 732/214/955 695/214/645
f 1018/387/532 1003/387/956 1021/387/533
f 1155/387/904 1166/387/957 1158/387/958
f 629/667/807 635/396/415 636/203/203
f 1940/511/959 2746/720/960 905/510/961
f 2279/214/962 2281/214/963 2280/214/964
f 813/208/925 814/481/832 816/721/965
f 813/208/925 816/721/965 756/712/926
s 0
f 783/214/541 762/214/541 765/214/541
s 1
f 818/387/634 920/387/817 817/387/930
f 822/574/932 828/572/866 769/426/831
f 769/426/831 829/576/867 814/481/832
f 814/481/832 833/575/966 816/721/965
f 2110/722/967 2115/723/968 2116/724/969
f 823/387/858 820/387/816 818/387/634
f 825/573/970 838/725/971 828/572/866
f 828/572/866 839/473/972 829/576/867
f 829/576/867 831/726/973 833/575/966
f 832/387/633 842/387/935 823/387/858
f 372/470/974 363/463/504 468/468/503
f 827/727/975 843/681/852 838/725/971
f 838/725/971 844/472/976 839/473/972
f 839/473/972 841/471/977 831/726/973
f 830/387/978 846/387/583 842/387/935
s 0
f 794/214/541 783/214/541 775/214/541
s 1
f 837/728/979 847/682/853 843/681/852
f 843/681/852 845/683/854 844/472/976
f 844/472/976 851/729/980 841/471/977
f 840/387/874 854/387/875 846/387/583
f 631/387/463 634/387/581 640/387/815
f 2610/730/981 848/717/933 847/682/853
f 847/682/853 849/705/910 845/683/854
f 845/683/854 853/731/982 851/729/980
f 850/387/845 857/387/581 854/387/875
f 2227/652/776 590/732/983 589/588/700
f 856/733/984 859/734/985 848/717/933
f 848/717/933 860/661/800 849/705/910
f 849/705/910 863/706/911 853/731/982
f 852/387/846 864/387/574 857/387/581
f 2114/735/986 2170/736/987 2630/737/988
f 2564/738/989 859/734/985 280/739/990
f 858/659/798 860/661/800 859/734/985
f 861/660/799 863/706/911 860/661/800
f 867/387/572 864/387/574 862/387/991
s 0
f 1557/214/906 2811/214/906 1555/214/906
s 1
f 2566/740/992 858/659/798 2564/738/989
f 871/708/915 861/660/799 858/659/798
f 872/595/708 868/613/728 861/660/799
f 865/387/738 870/387/573 867/387/572
f 348/214/993 2644/214/994 346/214/995
f 319/707/914 871/708/915 2566/740/992
f 876/534/622 872/595/708 871/708/915
f 879/488/540 866/612/727 872/595/708
f 873/387/996 869/387/739 865/387/738
f 2574/679/839 665/453/840 654/678/834
f 2559/533/621 876/534/622 319/707/914
f 877/486/538 879/488/540 876/534/622
f 878/487/539 874/741/997 879/488/540
f 880/387/998 875/387/999 873/387/996
s 0
f 777/214/663 759/214/663 770/214/663
s 1
f 883/742/1000 877/486/538 2559/533/621
f 893/743/1001 878/487/539 877/486/538
f 884/609/724 881/611/726 878/487/539
f 885/387/1002 888/387/1003 880/387/998
f 674/454/848 677/458/849 661/680/841
f 2562/516/598 893/743/1001 883/742/1000
f 890/422/1004 884/609/724 893/743/1001
f 903/510/1005 886/610/725 884/609/724
f 894/387/1006 889/387/582 885/387/1002
f 999/678/1007 1002/453/484 2584/679/1008
f 2707/424/599 899/423/1009 892/422/597
f 2746/720/960 1950/744/1010 905/510/961
f 1952/745/1011 1956/746/1012 896/747/1013
f 894/387/1006 1957/387/1014 906/387/1015
f 1957/387/1014 898/387/1016 906/387/1015
f 660/387/462 669/387/480 631/387/463
f 1212/534/1017 1218/486/1018 2713/533/1019
f 2071/623/742 2190/748/1020 2075/749/1021
f 1190/661/1022 1198/660/1023 1202/659/1024
f 1179/681/1025 2597/728/1026 2595/727/1027
f 1185/387/1028 1186/387/902 1180/387/1029
f 1194/705/1030 1184/717/1031 1176/682/1032
f 2076/621/740 2071/623/742 2075/749/1021
f 2024/499/561 2026/713/927 2021/750/1033
s 0
f 1627/214/838 1621/214/838 1637/214/838
s 1
f 381/214/1034 297/214/1035 378/214/1036
f 1195/387/900 1199/387/1037 1203/387/1038
f 1198/660/1023 1200/595/1039 1201/708/1040
f 1250/387/1041 1246/387/1042 1228/387/1043
f 755/387/1044 818/387/634 817/387/930
f 1202/659/1024 1201/708/1040 2820/740/1045
f 2776/751/1046 2059/47/47 2066/752/1047
f 2035/500/562 2024/499/561 2021/750/1033
f 687/542/864 689/691/872 688/477/552
f 757/387/1048 755/387/1044 817/387/930
f 1191/734/1049 1202/659/1024 2818/738/1050
f 1962/753/1051 2793/754/1052 2704/755/1053
f 1170/387/666 1171/387/1054 1227/387/922
s 0
f 792/214/663 786/214/663 779/214/663
s 1
f 687/542/864 708/689/870 709/690/871
f 640/387/815 645/387/461 631/387/463
f 1881/756/1055 1882/757/1056 1886/758/1057
f 466/461/497 371/303/313 370/464/506
f 2759/214/1058 462/214/1059 460/214/1060
f 624/433/803 630/432/808 633/431/809
s 0
f 1662/214/936 1659/214/936 1665/214/936
f 1582/214/1061 2711/214/1061 1610/214/1061
s 1
f 2123/759/1062 2124/760/1063 2122/761/1064
f 2758/702/642 457/269/278 456/552/652
f 2804/592/705 96/591/704 2808/762/1065
f 2823/651/1066 2242/650/1067 928/589/703
f 929/588/717 2243/732/1068 2826/652/1069
f 927/387/577 922/387/880 2250/387/1070
f 1252/387/575 927/387/577 2250/387/1070
f 930/414/912 96/591/704 928/589/703
f 2074/365/376 2078/763/1071 2090/441/469
f 114/123/124 112/141/142 2623/124/125
f 927/387/577 933/387/1072 931/387/879
f 941/387/1073 927/387/577 926/387/576
f 936/415/1074 938/653/913 930/414/912
f 946/382/395 930/414/912 939/590/782
f 943/654/1075 939/590/782 934/655/1076
f 947/387/1077 933/387/1072 935/387/1078
f 616/587/698 624/433/803 626/664/804
f 949/585/1079 2635/656/1080 936/415/1074
f 955/381/394 936/415/1074 946/382/395
f 945/380/393 946/382/395 943/654/1075
f 948/387/1081 942/387/1082 947/387/1077
f 2712/764/1083 2714/513/593 430/403/422
f 950/586/1084 954/657/1085 949/585/1079
f 960/587/1086 949/585/1079 955/381/394
f 963/658/1087 955/381/394 945/380/393
f 961/387/1088 944/387/1089 948/387/1081
f 1199/387/1037 1211/387/665 1205/387/1090
f 956/663/1091 952/662/1092 950/586/1084
f 957/433/452 950/586/1084 960/587/1086
f 959/664/1093 960/587/1086 963/658/1087
f 967/387/1094 962/387/1095 961/387/1088
f 1200/595/1039 1209/488/1096 1212/534/1017
f 964/667/1097 2621/666/1098 956/663/1091
f 972/432/451 956/663/1091 957/433/452
f 966/431/450 957/433/452 959/664/1093
f 973/387/1028 958/387/1099 967/387/1094
f 614/586/697 623/663/802 624/433/803
f 974/396/1100 969/668/1101 964/667/1097
f 976/203/1102 964/667/1097 972/432/451
f 971/669/1103 972/432/451 966/431/450
f 978/387/1104 965/387/1105 973/387/1028
f 98/662/801 628/666/806 623/663/802
f 974/396/1100 980/395/1106 111/670/1107
f 976/203/1102 975/201/1108 974/396/1100
f 971/669/1103 981/202/1109 976/203/1102
f 978/387/1104 984/387/1110 970/387/1111
f 1038/692/1112 1037/690/1113 1025/691/1114
f 975/201/1108 987/671/1115 980/395/1106
f 981/202/1109 983/447/1116 975/201/1108
f 985/672/1117 982/448/1118 981/202/1109
f 977/387/1119 989/387/1120 984/387/1110
f 1049/214/661 1082/214/1121 1084/214/656
f 983/447/1116 2578/673/1122 987/671/1115
f 982/448/1118 995/674/1123 983/447/1116
f 990/676/1124 988/675/1125 982/448/1118
f 994/387/788 991/387/790 989/387/1120
f 378/214/1036 2762/214/1126 381/214/1034
f 995/674/1123 2581/677/1127 2578/673/1122
f 988/675/1125 999/678/1007 995/674/1123
f 992/450/481 996/452/483 988/675/1125
f 993/387/789 1000/387/1128 991/387/790
f 292/214/391 2829/214/1129 285/214/1130
f 999/678/1007 2584/679/1008 2581/677/1127
f 996/452/483 1002/453/484 999/678/1007
f 1001/451/482 998/680/908 996/452/483
f 997/387/1131 1008/387/1132 1000/387/1128
f 164/686/859 683/541/860 682/685/856
f 1002/453/484 2586/455/486 2584/679/1008
f 998/680/908 1017/454/485 1002/453/484
f 1009/456/487 1020/458/489 998/680/908
f 1007/387/1133 1003/387/956 1008/387/1132
f 1026/477/515 1025/691/1114 1024/542/630
f 1017/454/485 1013/684/1134 2586/455/486
f 1020/458/489 1016/685/916 1017/454/485
f 1006/457/1135 1015/478/516 1020/458/489
f 1101/387/1136 1056/387/402 1105/387/905
f 1254/387/1137 1022/387/1138 1011/387/1139
f 1016/685/916 162/686/1140 1013/684/1134
f 1015/478/516 1023/541/629 1016/685/916
f 1031/476/514 1015/478/516 1019/687/1141
f 596/414/433 599/590/702 597/589/701
f 1033/387/1142 1021/387/533 1254/387/1137
f 1023/541/629 206/543/631 162/686/1140
f 1026/477/515 1024/542/630 1023/541/629
f 1029/688/1143 1026/477/515 1031/476/514
f 394/113/536 494/68/68 495/545/667
f 1035/387/1144 1027/387/1145 1033/387/1142
f 1036/689/1146 206/543/631 1024/542/630
f 1037/690/1113 1024/542/630 1025/691/1114
f 1038/692/1112 1025/691/1114 1029/688/1143
f 976/203/1102 974/396/1100 964/667/1097
f 1041/387/1147 1043/387/1148 1035/387/1144
f 1049/214/661 1084/214/656 1046/214/1149
f 394/113/536 400/440/535 398/66/66
s 0
f 1076/214/370 1098/214/370 1085/214/370
f 2852/214/882 1044/214/882 1052/214/882
s 1
f 551/607/722 548/274/284 521/606/721
f 657/675/827 648/450/836 650/676/828
f 2413/204/204 2412/204/204 2426/204/206
f 208/696/1150 1036/689/1146 1091/207/209
f 1036/689/1146 1055/697/1151 1091/207/209
f 1036/689/1146 1037/690/1113 1055/697/1151
f 1037/690/1113 1057/698/1152 1055/697/1151
f 1037/690/1113 1038/692/1112 1057/698/1152
f 825/573/970 827/727/975 838/725/971
f 1256/387/1153 1042/387/1154 1041/387/1147
f 2365/214/1155 2367/214/1156 2386/214/1157
f 2130/765/1158 2146/701/898 2132/766/1159
f 406/214/603 402/214/524 432/214/523
f 1957/387/1014 1909/387/1160 898/387/1016
f 769/426/831 782/425/733 771/427/732
f 1897/767/1161 1895/768/1162 1864/769/1163
f 2854/560/661 1054/770/1149 208/696/1150
s 0
f 1113/214/1164 1072/214/1164 1064/214/1164
s 1
f 1254/387/1137 1021/387/533 1022/387/1138
f 506/214/1165 519/214/1166 516/214/1167
s 0
f 1466/214/940 1451/214/940 1463/214/940
s 1
f 2308/214/275 2318/214/586 2317/214/588
f 440/214/894 333/214/1168 331/214/924
f 288/214/1169 2718/214/411 285/214/1130
f 949/585/1079 954/657/1085 2635/656/1080
f 1218/486/1018 1222/743/1170 2715/742/1171
f 2562/516/598 435/771/1172 2707/424/599
f 1094/206/208 1051/559/660 1091/207/209
s 0
f 1820/311/1173 1801/772/1173 1571/773/1173
f 2848/214/1174 1428/214/1174 1425/214/1174
s 1
f 372/470/974 468/468/503 466/461/497
f 1091/207/209 1100/208/210 1067/210/212
f 1091/207/209 1055/697/1151 1100/208/210
f 1055/697/1151 1102/712/1175 1100/208/210
f 1055/697/1151 1057/698/1152 1102/712/1175
f 1054/770/1149 1071/538/626 208/696/1150
f 1104/387/1176 1106/387/401 1256/387/1153
f 1108/716/1177 1156/426/445 266/574/685
f 1183/387/1178 1173/387/1179 1170/387/666
f 484/214/952 486/214/939 496/214/938
f 513/214/946 516/214/1167 514/214/947
f 1232/516/1180 1243/422/441 2613/424/443
f 1063/493/1181 1069/205/207 1067/210/212
f 1455/598/711 1452/384/397 1479/442/470
f 654/678/834 656/452/835 657/675/827
f 977/387/1119 994/387/788 989/387/1120
f 1181/729/1182 1182/683/1183 1172/472/509
f 2172/774/1184 2170/736/987 2115/723/968
f 826/348/357 824/775/1185 268/322/331
f 1145/214/1186 1126/214/446 1130/214/1187
f 656/452/835 659/451/842 648/450/836
f 208/696/1150 1091/207/209 2854/560/661
f 1067/210/212 1128/719/1186 1116/704/1187
f 677/458/849 667/457/1188 663/456/850
f 2114/735/986 2108/776/1189 2739/412/431
f 2317/214/588 2310/214/276 2308/214/275
s 0
f 783/214/541 765/214/541 775/214/541
s 1
f 2718/214/411 299/214/408 285/214/1130
f 491/544/658 523/550/1190 476/558/659
s 0
f 1131/214/953 2855/214/953 1152/214/953
f 1147/214/19 2728/214/19 2856/214/19
f 2727/214/954 1134/214/954 1141/214/954
s 1
f 1273/430/449 1270/665/805 542/428/447
f 623/663/802 629/667/807 630/432/808
f 2857/483/530 2729/777/1191 1100/208/210
f 692/387/736 916/387/496 914/387/876
f 1452/384/397 1467/778/1192 1483/779/1193
f 617/387/564 625/387/810 631/387/463
f 1100/208/210 1159/721/1194 1157/481/528
f 1100/208/210 1102/712/1175 1159/721/1194
f 341/214/1195 309/214/609 305/214/608
f 1161/387/903 1105/387/905 1104/387/1176
f 1165/572/683 266/574/685 1156/426/445
f 1162/576/687 1156/426/445 1157/481/528
f 1167/575/686 1157/481/528 1159/721/1194
f 827/727/975 837/728/979 843/681/852
f 1258/387/1196 1155/387/904 1161/387/903
f 1164/725/1197 2591/573/684 1165/572/683
f 1163/473/510 1165/572/683 1162/576/687
f 1169/726/1198 1162/576/687 1167/575/686
f 1170/387/666 1166/387/957 1171/387/1054
f 2042/498/560 2035/500/562 2034/780/1199
f 1179/681/1025 2595/727/1027 1164/725/1197
f 1172/472/509 1164/725/1197 1163/473/510
f 1175/471/508 1163/473/510 1169/726/1198
f 1173/387/1179 1168/387/1200 1170/387/666
f 892/422/597 899/423/1009 1940/511/959
f 1176/682/1032 2597/728/1026 1179/681/1025
f 1182/683/1183 1179/681/1025 1172/472/509
f 1181/729/1182 1172/472/509 1175/471/508
f 1183/387/1178 1174/387/1201 1173/387/1179
f 748/206/644 742/205/1202 743/207/890
f 1184/717/1031 1178/730/1203 1176/682/1032
f 1194/705/1030 1176/682/1032 1182/683/1183
f 1187/731/1204 1182/683/1183 1181/729/1182
f 1185/387/1028 1180/387/1029 1183/387/1178
f 1260/387/1205 1227/387/922 1171/387/1054
f 1191/734/1049 1189/733/1206 1184/717/1031
f 1190/661/1022 1184/717/1031 1194/705/1030
f 1193/706/1207 1194/705/1030 1187/731/1204
f 1195/387/900 1186/387/902 1185/387/1028
f 115/142/143 117/72/72 2607/143/144
f 1191/734/1049 2818/738/1050 1197/739/1208
f 1190/661/1022 1202/659/1024 1191/734/1049
f 1193/706/1207 1198/660/1023 1190/661/1022
f 1195/387/900 1203/387/1038 1192/387/901
f 829/576/867 839/473/972 831/726/973
f 1202/659/1024 2820/740/1045 2818/738/1050
f 1198/660/1023 1201/708/1040 1202/659/1024
f 1204/613/1209 1200/595/1039 1198/660/1023
f 1199/387/1037 1205/387/1090 1203/387/1038
s 0
f 1628/214/899 1446/214/899 1440/214/899
s 1
f 1201/708/1040 1208/707/1210 2820/740/1045
f 1200/595/1039 1212/534/1017 1201/708/1040
f 1206/612/1211 1209/488/1096 1200/595/1039
f 1211/387/665 1213/387/1212 1205/387/1090
s 0
f 1446/214/899 1438/214/899 1444/214/899
s 1
f 1212/534/1017 2713/533/1019 1208/707/1210
f 1209/488/1096 1218/486/1018 1212/534/1017
f 1214/741/1213 1215/487/1214 1209/488/1096
f 1210/387/1215 1220/387/1216 1213/387/1212
f 885/387/1002 889/387/582 888/387/1003
f 1218/486/1018 2715/742/1171 2713/533/1019
f 1215/487/1214 1222/743/1170 1218/486/1018
f 1221/611/1217 1216/609/1218 1215/487/1214
f 1219/387/664 1223/387/1219 1220/387/1216
f 891/422/1220 905/510/961 884/609/724
f 1222/743/1170 1232/516/1180 2715/742/1171
f 1216/609/1218 1241/422/1221 1222/743/1170
f 1224/610/1222 1248/510/1223 1216/609/1218
f 1226/387/923 1228/387/1043 1223/387/1219
f 838/725/971 843/681/852 844/472/976
f 2613/424/443 1960/771/1224 1232/516/1180
f 2836/511/590 1237/423/442 1243/422/441
f 1971/745/1225 1236/744/1226 1249/510/589
f 1250/387/1041 1228/387/1043 1227/387/922
f 1921/387/1227 1227/387/922 1260/387/1205
f 1479/442/470 1459/596/709 1455/598/711
s 0
f 1142/214/541 1144/214/541 1127/214/541
s 1
f 1256/387/1153 1106/387/401 1042/387/1154
f 689/691/872 709/690/871 710/692/873
f 988/675/1125 996/452/483 999/678/1007
f 1249/510/589 1236/744/1226 1973/781/1228
f 1219/387/664 1210/387/1215 1211/387/665
s 0
f 1361/215/1229 1346/782/1229 1376/783/1229
s 1
f 905/510/961 892/422/597 1940/511/959
f 661/680/841 663/456/850 659/451/842
s 0
f 1129/214/541 1115/214/541 1127/214/541
s 1
f 2242/650/1067 2243/732/1068 928/589/703
f 960/587/1086 950/586/1084 949/585/1079
f 1135/214/541 1144/214/541 1142/214/541
f 1226/387/923 1219/387/664 1170/387/666
f 2836/511/590 1249/510/589 1973/781/1228
f 1195/387/900 1185/387/1028 1211/387/665
f 996/452/483 998/680/908 1002/453/484
f 597/589/701 589/588/700 590/732/983
f 982/448/1118 988/675/1125 995/674/1123
s 0
f 1601/214/906 1557/214/906 1555/214/906
s 1
f 1221/611/1217 1224/610/1222 1216/609/1218
s 0
f 718/214/1230 766/214/1230 763/214/1230
f 779/214/663 777/214/663 781/214/663
s 1
f 2564/738/989 858/659/798 859/734/985
f 665/453/840 661/680/841 656/452/835
f 957/433/452 956/663/1091 950/586/1084
f 333/214/1168 341/214/1195 331/214/924
f 458/214/1231 460/214/1060 357/214/942
f 878/487/539 881/611/726 874/741/997
f 817/387/930 920/387/817 918/387/495
f 235/538/921 722/540/1232 751/539/646
f 742/205/1202 768/210/548 743/207/890
f 2406/214/492 2409/214/1233 2381/214/493
f 434/784/1234 503/785/1235 1479/442/470
f 434/784/1234 1479/442/470 1936/786/1236
f 503/785/1235 542/428/447 1459/596/709
f 503/785/1235 1459/596/709 1479/442/470
f 1265/787/1237 1281/25/1238 1262/788/1239
f 2244/700/897 2145/699/896 2142/789/1240
f 558/790/1241 1278/429/448 542/428/447
f 1281/25/1238 1276/791/1242 1262/788/1239
s 0
f 1485/214/280 1448/214/280 1453/214/280
s 1
f 1683/548/641 1673/792/1243 1853/374/385
f 845/683/854 849/705/910 853/731/982
f 1483/779/1193 2755/385/398 1452/384/397
f 2078/763/1071 2085/793/1244 2090/441/469
s 0
f 694/214/370 706/214/370 703/214/370
s 1
f 1279/25/1245 1294/794/1246 1491/26/1247
f 1365/195/196 1357/795/1248 1374/196/197
f 368/214/500 374/214/507 369/214/795
f 1891/796/1249 1888/797/1250 1858/213/215
s 0
f 1287/798/1251 1312/799/1251 1290/800/1251
s 1
f 2737/644/66 396/489/535 386/401/420
f 561/801/1252 1314/802/1253 1297/803/1254
s 0
f 1311/799/1255 1295/794/1255 1289/800/1255
f 807/214/954 804/214/954 788/214/954
s 1
f 561/801/1252 1297/803/1254 1292/804/1256
s 0
f 1330/805/1257 1327/806/1257 1302/807/1257
s 1
f 1143/209/211 1128/719/1186 1067/210/212
f 1304/808/1258 1306/809/1259 1299/810/1260
s 0
f 1326/806/1261 1286/798/1261 1301/807/1261
s 1
f 597/589/701 588/811/1262 2668/592/770
f 1304/808/1258 1299/810/1260 1314/802/1253
f 224/189/190 195/812/1263 197/190/191
s 0
f 1665/214/936 1626/214/936 1616/214/936
f 1361/215/1264 1376/783/1264 1507/377/1264
s 1
f 304/813/547 338/200/200 316/409/428
f 1183/387/1178 1180/387/1029 1174/387/1201
f 322/214/455 339/214/1265 2827/214/453
f 1340/814/1266 1337/518/606 1332/517/605
s 0
f 752/214/370 750/214/370 737/214/370
s 1
f 568/709/917 1334/711/919 565/526/616
s 0
f 1332/517/1267 1317/519/607 1320/815/607
s 1
f 2770/718/941 407/816/570 391/402/421
f 565/526/616 1334/711/919 1322/527/617
f 2047/410/429 2034/780/1199 2040/411/430
f 1001/451/482 1009/456/487 998/680/908
f 2863/817/730 501/563/669 538/625/744
f 946/382/395 936/415/1074 930/414/912
f 2386/214/1157 2384/214/519 2391/214/521
f 692/387/736 693/387/868 711/387/737
f 341/214/1195 305/214/608 331/214/924
f 369/214/795 290/214/392 368/214/500
f 175/234/237 154/169/170 176/236/239
s 0
f 1820/311/1268 1838/310/1268 1801/772/1268
s 1
f 817/387/930 712/387/494 757/387/1048
f 2426/204/206 2415/204/1269 2413/204/204
f 1804/818/1270 1866/437/465 1807/819/1271
f 510/550/643 508/820/1272 515/594/707
f 2590/821/1273 2594/822/1274 278/248/251
f 976/203/1102 981/202/1109 975/201/1108
f 1173/387/1179 1174/387/1201 1168/387/1200
f 625/387/810 632/387/814 634/387/581
f 961/387/1088 962/387/1095 944/387/1089
f 599/590/702 602/655/787 589/588/700
s 0
f 1110/214/1230 1061/214/1230 1118/214/1230
s 1
f 1029/688/1143 1025/691/1114 1026/477/515
f 1492/26/26 1499/823/1275 1698/360/371
f 490/214/673 488/214/937 537/214/1276
f 1347/782/1277 1363/215/579 1349/505/578
f 893/743/1001 884/609/724 878/487/539
f 1357/795/1248 1354/824/1278 576/825/1279
s 0
f 1349/505/580 1504/506/580 1352/826/580
s 1
f 948/387/1081 944/387/1089 942/387/1082
f 576/825/1279 1354/824/1278 1356/827/1280
f 2739/412/431 2100/346/355 2107/357/367
f 606/656/791 608/657/796 610/585/696
f 563/525/615 1322/527/617 1306/809/1259
f 2670/214/1281 354/214/1282 329/214/1283
f 906/387/1015 835/387/1284 823/387/858
f 329/214/1283 322/214/455 324/214/454
s 0
f 1371/828/1285 1522/435/1285 1380/434/1285
s 1
f 627/125/126 97/122/123 114/123/124
f 1393/495/554 1367/497/556 1374/196/197
s 0
f 1379/434/460 1510/377/460 1377/783/460
s 1
f 1790/829/1286 1526/830/1287 1786/351/1288
f 1374/196/197 1367/497/556 1360/197/198
s 0
f 1383/272/1289 1391/352/1289 1386/831/1289
s 1
f 1936/786/1236 2849/444/472 2627/832/1290
f 1399/833/1291 1395/834/1292 1393/495/554
s 0
f 1385/831/1293 1523/435/1293 1372/828/1293
s 1
f 1164/725/1197 2595/727/1027 2591/573/684
f 1393/495/554 1395/834/1292 1369/496/555
f 1732/694/886 1316/519/888 1336/518/1294
f 2026/713/927 2024/499/561 2037/714/928
f 2412/204/204 2414/204/204 2426/204/206
f 444/524/614 332/566/464 350/68/114
f 571/255/258 548/274/284 575/253/256
f 1036/689/1146 208/696/1150 206/543/631
f 153/232/235 152/165/166 133/167/168
f 556/835/1295 555/836/1296 1402/837/1297
s 0
f 1543/271/1298 1410/838/1298 1403/839/1298
s 1
f 615/381/792 616/587/698 618/658/797
f 653/673/825 655/674/826 646/447/475
f 2155/840/1299 2083/841/1300 2084/842/1301
f 839/473/972 844/472/976 841/471/977
f 555/836/1296 1416/843/1302 1559/844/1303
f 555/836/1296 1559/844/1303 1402/837/1297
f 1416/843/1302 1959/845/1304 1586/846/1305
f 1416/843/1302 1586/846/1305 1559/844/1303
f 1432/847/1306 1419/848/1307 1424/849/1308
f 394/113/536 491/544/658 472/555/655
f 1936/786/1236 1421/850/1309 1439/851/1310
s 0
f 2625/214/1311 1422/214/1311 1417/214/1311
f 2848/214/1174 1425/214/1174 1423/214/1174
s 1
f 2572/677/833 654/678/834 655/674/826
f 153/232/235 151/187/188 152/165/166
f 2669/852/1312 281/9/9 343/446/112
f 519/214/1166 514/214/947 516/214/1167
f 1432/847/1306 1441/218/1313 1445/853/1313
f 956/663/1091 2621/666/1098 952/662/1092
f 972/432/451 964/667/1097 956/663/1091
f 971/669/1103 976/203/1102 972/432/451
f 561/801/1252 1304/808/1258 1314/802/1253
f 1439/851/1310 1639/854/1314 1936/786/1236
f 1105/387/905 1155/387/904 1101/387/1136
s 0
f 1450/855/1315 1461/856/1315 1458/857/1315
f 1451/214/940 1460/214/940 1463/214/940
f 739/214/688 714/214/688 741/214/688
s 1
f 2089/369/380 2085/793/1244 2099/370/381
f 1427/858/1308 1470/466/1308 1435/311/1316
s 0
f 1851/214/909 1802/214/909 1839/214/909
f 1462/856/545 1677/859/545 1464/860/545
s 1
f 905/510/961 1950/744/1010 1952/745/1011
f 1163/473/510 1164/725/1197 1165/572/683
f 2146/701/898 2130/765/1158 2145/699/896
f 2600/214/602 423/214/601 406/214/603
f 1170/387/666 1168/387/1200 1166/387/957
f 846/387/583 854/387/875 857/387/581
s 0
f 1451/214/940 1454/214/940 1460/214/940
s 1
f 2047/410/429 2060/45/45 2043/419/438
f 2059/47/47 2070/861/1317 2060/45/45
s 0
f 1540/214/456 2675/214/456 1536/214/456
s 1
f 1404/839/1318 1534/862/1318 1563/863/1319
f 275/267/270 261/339/348 260/341/350
f 686/387/862 681/387/525 684/387/1320
f 1268/864/1321 1694/27/1322 1486/865/1323
f 686/387/862 690/387/1324 693/387/868
f 1459/596/709 1270/665/805 1488/866/1325
f 1486/865/1323 1674/859/1326 1449/855/1326
f 1004/457/1327 1019/687/1141 1014/478/1328
f 1459/596/709 1488/866/1325 1490/597/710
f 1864/769/1163 1774/867/1329 1794/868/1330
f 250/301/311 227/325/334 202/279/289
s 0
f 1493/26/1331 1309/799/1331 1500/823/1331
s 1
f 2344/204/1332 2335/204/542 2341/204/1333
s 0
f 1308/799/1334 1325/806/1334 1724/869/1334
f 1307/799/1335 1723/869/1335 1498/823/1335
s 1
f 2155/840/1299 2084/842/1301 2088/870/1336
f 2765/387/1337 2261/387/1338 2259/387/1339
f 236/313/322 234/287/297 213/286/296
f 1822/311/320 1598/218/222 1845/217/221
f 330/30/30 318/490/546 2565/367/378
f 981/202/1109 982/448/1118 983/447/1116
f 1104/387/1176 1105/387/905 1106/387/401
s 0
f 1311/799/1340 1494/26/1340 1295/794/1340
f 808/214/19 802/214/19 799/214/19
s 1
f 380/480/518 2761/871/1341 366/462/498
f 2734/872/1342 2172/774/1184 2115/723/968
f 2280/214/964 2314/214/1343 2315/214/1344
f 605/102/102 2638/873/1345 99/100/100
s 0
f 1829/225/228 1823/216/1346 1598/218/228
s 1
f 2580/49/49 2583/178/179 128/50/50
f 643/387/819 645/387/461 640/387/815
s 0
f 1509/377/1347 1518/435/1347 1530/874/1347
f 1508/377/1348 1529/874/1348 1512/445/1348
f 1520/435/1349 1389/352/1349 1527/830/1349
f 1519/435/1350 1524/830/1350 1531/874/1350
s 1
f 275/267/270 260/341/350 300/359/369
f 1785/351/360 1525/830/1351 1388/352/361
f 1404/839/1318 1563/863/1319 1544/271/1352
s 0
f 1411/214/456 1414/214/456 1538/214/456
s 1
f 1537/875/1353 1402/837/1297 1539/876/1354
f 1544/271/1352 1563/863/1319 1787/351/1355
s 0
f 1818/311/389 1551/379/389 1556/465/389
s 1
f 2307/214/1356 2314/214/1343 2318/214/586
s 0
f 2812/214/899 1553/214/899 1550/214/899
s 1
f 1215/487/1214 1216/609/1218 1222/743/1170
f 146/684/855 682/685/856 674/454/848
f 1402/837/1297 2810/877/1357 1548/878/1358
f 1249/510/589 1230/747/1359 1971/745/1225
f 1226/387/923 1227/387/922 1228/387/1043
f 1567/879/1360 1535/862/1360 1560/880/1360
f 1119/494/1361 1063/493/1181 1067/210/212
f 2391/214/521 2365/214/1155 2386/214/1157
s 0
f 1546/378/1360 1819/311/1360 1570/773/1360
s 1
f 2380/214/885 2378/214/884 2390/214/1362
s 0
f 2206/214/1363 2203/214/1363 2069/214/1363
s 1
f 767/214/1364 715/214/549 725/214/1365
f 283/192/193 286/371/382 2830/373/384
f 1575/881/1366 1799/882/1367 2674/883/1368
f 2107/357/367 2114/735/986 2739/412/431
f 1583/848/1369 1580/853/1370 1595/884/1371
s 0
f 2750/214/1174 1579/214/1174 2775/214/1174
f 2710/214/490 1585/214/490 2751/214/490
s 1
f 2182/885/1372 2110/722/967 2093/886/1373
f 445/214/713 454/214/638 438/214/637
f 1832/887/1374 1611/888/1375 1589/889/1376
f 407/816/570 392/890/69 391/402/421
s 0
f 1610/214/1061 1612/214/1061 1596/214/1061
s 1
f 449/214/1377 2741/214/893 443/214/895
f 1821/311/1378 1602/466/1378 1594/891/1379
s 0
f 2616/214/1380 1646/214/1380 1643/214/1380
f 1087/214/688 1068/214/688 1059/214/688
s 1
f 2270/214/1381 2318/214/586 2314/214/1343
f 1609/892/1382 1589/889/1376 1611/888/1375
f 421/214/1383 500/214/1384 414/214/1385
f 2694/492/547 308/893/428 318/490/546
f 527/390/405 532/894/731 538/625/744
f 683/541/860 688/477/552 676/478/551
f 686/387/862 912/387/869 910/387/526
f 1106/387/401 1105/387/905 1056/387/402
f 1017/454/485 1016/685/916 1013/684/1134
s 0
f 721/214/604 729/214/604 724/214/604
s 1
f 1399/833/1291 1401/895/1386 1395/834/1292
f 1943/896/1387 2844/897/1388 2697/898/1389
f 454/214/638 504/214/1390 452/214/636
f 359/214/943 348/214/993 346/214/995
f 181/240/243 182/238/241 136/170/171
f 529/615/729 522/388/403 527/390/405
s 0
f 1834/214/1061 1828/214/1061 1599/214/1061
f 2695/214/1391 1633/214/1391 2730/214/1391
f 2842/214/909 1631/214/909 2696/214/909
s 1
f 1003/387/956 1022/387/1138 1021/387/533
f 848/717/933 859/734/985 860/661/800
f 959/664/1093 957/433/452 960/587/1086
f 459/547/640 461/549/642 451/544/635
f 2121/535/623 2123/759/1062 2122/761/1064
f 941/387/1073 935/387/1078 927/387/577
f 2382/214/1392 2377/214/1393 2374/214/1394
s 0
f 1678/859/1395 1648/899/1395 1465/860/1395
s 1
f 861/660/799 868/613/728 863/706/911
f 852/387/846 862/387/991 864/387/574
f 1434/311/1396 1650/773/1395 1654/900/1397
s 0
f 1335/518/1398 1350/826/1398 1503/506/1398
s 1
f 1559/844/1303 1604/901/1399 1554/902/1400
f 2114/735/986 2124/760/1063 2115/723/968
f 404/214/1401 429/214/650 418/214/1402
f 875/387/999 889/387/582 857/387/581
f 410/214/934 418/214/1402 429/214/650
f 2618/903/1403 1853/374/385 1656/904/1404
f 1434/311/1396 1661/772/1405 1615/310/1405
f 437/521/611 441/531/614 2742/905/1406
s 0
f 1454/214/940 1457/214/940 1460/214/940
s 1
f 1185/387/1028 1183/387/1178 1211/387/665
f 1921/387/1227 1250/387/1041 1227/387/922
f 1852/906/1407 1664/907/1408 1658/908/1409
f 49/52/52 7/17/17 14/20/20
f 1187/731/1204 1194/705/1030 1182/683/1183
f 1695/27/1410 1672/909/1411 1675/859/1412
f 585/591/772 2639/653/785 596/414/433
f 1670/910/1413 1673/792/1243 1683/548/641
f 1675/859/1412 1681/911/1414 1644/912/1414
f 2723/214/1415 393/214/948 416/214/950
f 491/544/658 489/584/674 530/616/730
f 955/381/394 949/585/1079 936/415/1074
f 1084/214/656 1082/214/1121 1080/214/208
f 161/223/227 160/249/252 155/181/182
f 647/387/829 660/387/462 651/387/830
f 2121/535/623 2130/765/1158 2132/766/1159
f 265/247/250 2590/821/1273 278/248/251
s 0
f 1433/311/545 1468/466/545 1473/465/545
s 1
f 1177/398/417 1188/913/1416 278/248/251
s 0
f 1697/360/1417 1718/914/1417 1702/915/1417
s 1
f 2736/214/1418 390/214/1419 397/214/1420
f 1704/916/1421 1857/917/1422 1706/918/1423
s 0
f 1696/360/1424 1701/915/1424 1688/475/1424
s 1
f 1184/717/1031 1189/733/1206 1178/730/1203
f 1857/917/1422 1691/919/1425 1706/918/1423
s 0
f 1496/823/1426 1710/920/1426 1715/921/1426
s 1
f 33/51/51 50/922/1427 49/52/52
f 1730/923/1428 1719/212/214 1712/924/1429
f 1495/823/1430 1714/921/1430 1717/914/1430
f 2074/365/376 2073/502/567 2078/763/1071
f 1719/212/214 1704/916/1421 1712/924/1429
f 293/214/390 2829/214/1129 292/214/391
f 194/296/306 195/812/1263 224/189/190
f 1726/695/887 1323/806/1431 1316/519/888
f 405/200/595 428/407/568 411/504/570
f 2234/649/771 583/925/1432 585/591/772
f 2050/387/821 2039/387/1433 2785/387/559
f 1731/694/1434 1734/926/1435 1725/695/1436
f 2113/536/624 2121/535/623 2122/761/1064
f 2638/873/1345 584/79/79 99/100/100
f 1399/833/1291 1397/927/1437 1401/895/1386
s 0
f 1453/214/280 1489/214/280 1485/214/280
s 1
f 1502/108/217 1505/506/1438 1362/215/218
f 655/674/826 657/675/827 642/448/476
f 630/432/808 636/203/203 639/669/813
f 875/387/999 888/387/1003 889/387/582
f 974/396/1100 975/201/1108 980/395/1106
f 856/733/984 280/739/990 859/734/985
f 889/387/582 906/387/1015 823/387/858
s 0
f 810/214/953 798/214/953 785/214/953
s 1
f 1206/612/1211 1214/741/1213 1209/488/1096
f 1015/478/516 1026/477/515 1023/541/629
f 2278/214/1439 2273/214/1440 2315/214/1344
f 2704/755/1053 1589/889/1376 1962/753/1051
s 0
f 2198/214/1441 2195/214/1441 2200/214/1441
s 1
f 2343/204/544 2340/204/544 2335/204/542
f 1211/387/665 1199/387/1037 1195/387/900
f 2303/214/1442 2304/214/1443 2308/214/275
f 964/667/1097 969/668/1101 2621/666/1098
s 0
f 1144/214/541 1129/214/541 1127/214/541
s 1
f 1182/683/1183 1176/682/1032 1179/681/1025
f 2819/405/424 1207/406/425 302/363/374
s 0
f 1472/214/490 1481/214/490 1474/214/490
s 1
f 418/214/1402 421/214/1383 414/214/1385
f 1962/753/1051 1842/928/1444 2793/754/1052
f 1958/577/689 2599/929/1445 430/403/422
f 1041/387/1147 1042/387/1154 1043/387/1148
f 181/240/243 142/172/173 183/220/224
f 1191/734/1049 1197/739/1208 1189/733/1206
f 1284/930/1446 561/801/1252 1292/804/1256
f 1845/217/221 1837/309/319 1822/311/320
s 0
f 1612/214/1061 1834/214/1061 1599/214/1061
s 1
f 1888/797/1250 1887/211/213 1858/213/215
f 812/931/1447 814/481/832 813/208/925
f 2060/45/45 2070/861/1317 2048/420/439
f 1066/214/1448 1088/214/207 1060/214/1181
f 405/200/595 422/932/1445 424/515/596
f 1807/819/1271 1799/882/1367 1575/881/1366
f 2765/387/1337 2259/387/1339 2103/387/557
f 1532/874/1449 1755/933/1450 1515/445/1450
f 830/387/978 840/387/874 846/387/583
f 1773/934/1451 1756/935/1452 1761/936/1453
s 0
f 1514/445/1454 1754/933/1454 1759/937/1454
s 1
f 608/657/796 98/662/801 614/586/697
f 1761/936/1453 1862/356/366 1748/938/1455
s 0
f 1528/830/1456 1767/939/1456 1533/874/1456
s 1
f 928/589/703 921/811/1457 2823/651/1066
f 1769/940/1458 1774/867/1329 1771/941/1459
f 1532/874/1449 1766/939/1460 1752/942/1461
f 327/214/1462 2670/214/1281 329/214/1283
f 1771/941/1459 1756/935/1452 1773/934/1451
f 1673/792/1243 1691/919/1425 1707/943/1463
f 983/447/1116 995/674/1123 2578/673/1122
s 0
f 1315/519/1464 1329/805/1464 1319/815/1464
s 1
f 1188/913/1416 1196/366/377 278/248/251
f 1169/726/1198 1163/473/510 1162/576/687
f 338/200/200 306/407/426 316/409/428
f 1564/863/1465 1779/944/1465 1793/945/1466
f 2071/623/742 2192/946/1467 2190/748/1020
f 755/387/1044 815/387/632 818/387/634
f 738/214/646 717/214/1232 735/214/644
f 1050/214/1468 1093/214/1468 1079/214/1468
f 1788/351/1469 1793/945/1466 1791/829/1470
f 2381/214/493 2378/214/884 2405/214/491
f 1782/947/1471 1794/868/1330 1796/948/1472
f 1566/863/1473 1568/879/1268 1797/949/1474
s 0
f 2676/214/1475 1800/214/1475 1569/214/1475
s 1
f 1176/682/1032 1178/730/1203 2597/728/1026
f 1027/387/1145 1028/387/1476 1030/387/531
s 0
f 1552/214/838 1547/214/838 1574/214/838
f 2625/214/1311 2847/214/1311 1422/214/1311
s 1
f 1225/610/1477 1229/747/1478 1249/510/1479
f 2024/499/561 2042/498/560 2036/950/1480
f 182/238/241 154/169/170 136/170/171
f 1486/865/1323 1694/27/1322 1674/859/1326
f 832/387/633 830/387/978 842/387/935
s 0
f 1622/214/899 1628/214/899 1440/214/899
s 1
f 1157/481/528 1138/425/444 1154/482/529
f 377/480/571 375/391/1481 383/266/269
f 1541/271/281 1387/352/1482 1382/272/282
f 1566/863/1473 1815/951/1483 1813/952/1483
f 789/214/541 805/214/541 796/214/541
f 1155/387/904 1171/387/1054 1166/387/957
f 975/201/1108 983/447/1116 987/671/1115
f 985/672/1117 990/676/1124 982/448/1118
f 1517/109/109 1758/937/1484 1745/308/318
f 937/953/1485 2634/954/1486 77/98/98
s 0
f 1596/214/1061 1612/214/1061 1599/214/1061
f 1833/214/1487 1831/214/1487 1827/214/1487
f 2705/214/936 1825/214/936 1830/214/936
s 1
f 645/387/461 651/387/830 660/387/462
f 1439/851/1310 1447/955/1488 1639/854/1314
f 690/387/1324 711/387/737 693/387/868
f 1054/770/1149 1086/556/656 1071/538/626
f 1435/311/1316 1432/847/1306 1424/849/1308
s 0
f 2617/214/940 1466/214/940 1463/214/940
s 1
f 2057/393/412 2065/46/46 2058/64/64
f 2164/364/375 2080/399/418 2074/365/376
s 0
f 1841/214/1391 1835/214/1391 1844/214/1391
s 1
f 1897/767/1161 1918/956/1489 1895/768/1162
f 649/387/824 651/387/830 645/387/461
f 1011/387/1139 1022/387/1138 935/387/1078
s 0
f 2852/214/882 1047/214/882 1044/214/882
s 1
f 628/666/806 2624/668/812 629/667/807
f 1943/896/1387 1852/906/1407 1877/957/1490
f 1943/896/1387 1877/957/1490 1870/958/1491
f 1852/906/1407 1853/374/385 1854/959/1492
f 1852/906/1407 1854/959/1492 1877/957/1490
f 1853/374/385 1673/792/1243 1855/960/1493
f 1853/374/385 1855/960/1493 1854/959/1492
f 30/18/18 6/7/7 9/15/15
f 2341/204/1333 2338/204/271 2344/204/1332
f 1707/943/1463 1857/917/1422 1856/961/1494
f 1707/943/1463 1856/961/1494 1882/757/1056
f 1857/917/1422 1719/212/214 1887/211/213
f 1857/917/1422 1887/211/213 1856/961/1494
f 289/469/1495 284/372/407 295/479/517
f 355/368/379 345/460/468 2643/619/399
f 1858/213/215 1859/962/1496 1891/796/1249
f 2122/761/1064 2107/357/367 2113/536/624
f 391/402/421 392/890/69 2722/620/67
f 2123/759/1062 2160/963/1497 2157/964/1498
s 0
f 1318/214/1499 1328/214/1499 1298/214/1499
s 1
f 2221/387/777 591/387/784 593/387/778
s 0
f 2171/214/1500 2177/214/1500 2212/214/1500
s 1
f 967/387/1094 958/387/1099 962/387/1095
f 412/214/1501 416/214/950 408/214/949
f 1855/960/1493 1707/943/1463 1882/757/1056
f 1743/965/1502 1746/355/365 1860/354/364
f 1743/965/1502 1860/354/364 1861/966/1503
f 2100/346/355 2166/413/432 2092/344/353
f 295/479/517 366/462/498 367/464/500
f 1074/967/1448 1122/968/1504 1108/716/1177
f 1862/356/366 1863/969/1505 1892/353/363
f 1756/935/1452 1774/867/1329 1895/768/1162
f 2340/204/544 2341/204/1333 2335/204/542
f 1891/796/1249 1743/965/1502 1861/966/1503
f 2342/204/273 2344/204/1332 2338/204/271
f 1794/868/1330 1867/970/1506 1865/971/1507
f 1794/868/1330 1865/971/1507 1864/769/1163
f 1867/970/1506 1866/437/465 1905/972/1508
f 1867/970/1506 1905/972/1508 1865/971/1507
f 1866/437/465 1962/753/1051 1967/973/1509
f 1866/437/465 1967/973/1509 1905/972/1508
f 1870/958/1491 1877/957/1490 1879/974/1510
f 1870/958/1491 1879/974/1510 1874/975/1511
f 1877/957/1490 1854/959/1492 1876/976/1512
f 1877/957/1490 1876/976/1512 1879/974/1510
f 1854/959/1492 1855/960/1493 1881/756/1055
f 1854/959/1492 1881/756/1055 1876/976/1512
f 1756/935/1452 1863/969/1505 1862/356/366
s 0
f 1476/379/545 1649/773/545 1433/311/545
s 1
f 1882/757/1056 1856/961/1494 1884/977/1513
f 1882/757/1056 1884/977/1513 1886/758/1057
f 1856/961/1494 1887/211/213 1915/978/1514
f 1856/961/1494 1915/978/1514 1884/977/1513
f 1888/797/1250 1915/978/1514 1887/211/213
f 153/232/235 135/168/169 175/234/237
f 1888/797/1250 1891/796/1249 1890/979/1515
f 350/68/114 332/566/464 306/407/426
f 468/468/503 365/462/502 2760/980/1516
f 790/214/1517 797/214/734 780/214/733
f 537/214/1276 2864/214/671 490/214/673
f 1016/685/916 1023/541/629 162/686/1140
f 504/214/1390 2698/214/1518 452/214/636
f 1867/970/1506 1776/981/1519 1783/982/1520
f 613/387/479 622/387/699 669/387/480
f 2624/668/812 113/670/818 635/396/415
f 1861/966/1503 1860/354/364 1917/983/1521
f 504/214/1390 506/214/1165 2698/214/1518
f 1917/983/1521 1892/353/363 1894/984/1522
f 324/214/454 327/214/1462 329/214/1283
f 1892/353/363 1863/969/1505 1894/984/1522
f 2074/365/376 2064/985/1523 2867/986/1524
f 1863/969/1505 1895/768/1162 1918/956/1489
f 1863/969/1505 1918/956/1489 1894/984/1522
f 486/214/939 537/214/1276 488/214/937
f 498/214/678 484/214/952 496/214/938
f 1864/769/1163 1865/971/1507 1901/987/1525
f 1864/769/1163 1901/987/1525 1897/767/1161
f 1865/971/1507 1905/972/1508 1899/988/1526
f 1865/971/1507 1899/988/1526 1901/987/1525
f 1905/972/1508 1967/973/1509 1903/989/1527
f 1905/972/1508 1903/989/1527 1899/988/1526
f 1878/387/1528 1909/387/1160 1873/387/1529
f 1878/387/1528 1911/387/1530 1907/387/1531
f 1875/387/1532 2653/387/1533 1911/387/1530
f 1880/387/1534 1913/387/1535 2653/387/1533
f 346/214/995 361/214/944 359/214/943
f 458/214/1231 2759/214/1058 460/214/1060
f 1067/210/212 1069/205/207 1091/207/209
f 1211/387/665 1210/387/1215 1213/387/1212
f 1962/753/1051 1866/437/465 1842/928/1444
f 1432/847/1306 1435/311/1316 1441/218/1313
f 1193/706/1207 1204/613/1209 1198/660/1023
s 0
f 1450/855/1315 1676/859/1315 1461/856/1315
f 1431/214/906 1443/214/906 1437/214/906
s 1
f 1913/387/1535 1914/387/1536 1889/387/1537
f 585/591/772 597/589/701 2668/592/770
f 2232/651/774 588/811/1262 597/589/701
f 1896/387/1538 2684/387/1539 1919/387/1540
f 1900/387/1541 2688/387/1542 1896/387/1538
f 1898/387/1543 2690/387/1544 1900/387/1541
f 1898/387/1543 1921/387/1227 1923/387/1531
f 1924/990/1545 1926/991/1546 1925/992/1547
f 1925/992/1547 1929/993/1548 1928/994/1549
f 1928/994/1549 1932/995/1550 1930/996/1551
f 1932/995/1550 1931/997/1552 1930/996/1551
f 1935/998/1553 1933/999/1554 1931/997/1552
s 0
f 436/771/1555 1937/1000/1555 2708/424/1555
f 1640/1001/1556 1941/511/1556 900/423/1556
f 1946/1002/1557 1942/511/1557 1641/1001/1557
f 1869/1003/1558 1951/745/1558 1947/744/1558
f 1869/1003/1558 1955/746/1558 1951/745/1558
s 1
f 1873/387/1529 1957/387/1014 1953/387/1559
s 0
f 1961/771/1560 2614/424/1560 1587/1000/1560
f 1238/423/1561 2837/511/1561 1590/1001/1561
f 2838/511/1562 1965/1002/1562 1591/1001/1562
f 1233/744/1563 1970/745/1563 1966/1003/1563
f 1969/1003/1564 1247/746/1564 1904/1004/1564
s 1
f 1902/387/1565 1250/387/1041 1921/387/1227
s 0
f 1979/1005/1363 1980/1005/1363 1977/1005/1363
s 1
f 1982/1006/1566 1983/1007/1567 1984/1008/1568
f 1986/1009/1569 1991/1010/359 1985/1011/1570
f 1991/1010/359 1988/1012/1571 1983/1007/1567
f 1991/1010/359 1987/1013/1572 1992/1014/1573
f 1991/1010/359 1990/1015/1574 1988/1012/1571
f 1992/1014/1573 1994/1016/1575 1991/1010/359
f 1991/1010/359 1994/1016/1575 1989/1017/1576
s 0
f 2000/1005/1363 2001/1005/1363 1998/1005/1363
s 1
f 2003/1009/1577 2005/1018/1578 2004/1013/1579
f 2005/1018/1578 2013/1010/372 2012/1014/1580
f 2010/1007/1581 2007/1019/1582 2006/1006/1583
f 2008/1020/1584 2013/1010/372 2003/1009/1577
f 2010/1007/1581 2006/1006/1583 2011/1008/1585
f 2012/1014/1580 2017/1017/1586 2014/1021/1587
f 2009/1012/1588 2016/1022/1589 2013/1010/372
f 2013/1010/372 2016/1022/1589 2017/1017/1586
f 2020/1023/1590 2254/1024/1591 2032/1025/1592
f 2020/1023/1590 2032/1025/1592 2224/1026/1593
f 2224/1026/1593 2032/1025/1592 2033/1027/1594
f 2224/1026/1593 2033/1027/1594 2228/1028/1595
f 2228/1028/1595 2033/1027/1594 2035/500/562
f 2228/1028/1595 2035/500/562 2021/750/1033
f 971/669/1103 985/672/1117 981/202/1109
f 995/674/1123 999/678/1007 2581/677/1127
f 589/588/700 592/601/1596 2222/600/775
f 950/586/1084 952/662/1092 954/657/1085
f 286/371/382 261/339/348 275/267/270
f 1035/387/1144 1043/387/1148 1027/387/1145
f 1145/214/1186 1140/214/444 1126/214/446
s 0
f 805/214/541 794/214/541 796/214/541
s 1
f 2030/715/929 2037/714/928 2148/1029/1597
f 2030/715/929 2148/1029/1597 582/1030/1598
f 2254/1024/1591 2256/1031/1599 2031/1032/1600
f 2254/1024/1591 2031/1032/1600 2032/1025/1592
f 2032/1025/1592 2031/1032/1600 2040/411/430
f 2032/1025/1592 2040/411/430 2033/1027/1594
f 2033/1027/1594 2040/411/430 2034/780/1199
f 2033/1027/1594 2034/780/1199 2035/500/562
f 2071/623/742 2194/1033/1601 2192/946/1467
f 2804/592/705 921/811/1457 928/589/703
f 166/543/863 687/542/864 683/541/860
f 688/477/552 689/691/872 691/688/865
f 897/1034/1016 1910/1035/1530 2652/1036/1533
f 997/387/1131 1007/387/1133 1008/387/1132
f 211/252/255 213/286/296 209/285/295
f 2769/214/522 402/214/524 412/214/1501
f 2037/714/928 2036/950/1480 2045/1037/1602
f 2037/714/928 2045/1037/1602 2148/1029/1597
f 2256/1031/1599 2038/1038/1603 2046/1039/1604
f 2256/1031/1599 2046/1039/1604 2031/1032/1600
f 2031/1032/1600 2046/1039/1604 2041/394/413
f 2031/1032/1600 2041/394/413 2040/411/430
f 49/52/52 48/65/65 46/44/44
f 494/68/68 394/113/536 398/66/66
f 427/214/600 425/214/649 423/214/601
f 1413/1040/1605 1397/927/1437 556/835/1295
f 236/313/322 726/329/338 234/287/297
s 0
f 1606/214/1311 1603/214/1311 1613/214/1311
s 1
f 466/461/497 370/464/506 372/470/974
f 1067/210/212 1116/704/1187 1119/494/1361
f 2042/498/560 2043/419/438 2044/1041/1606
s 0
f 1113/214/1164 1121/214/1164 1072/214/1164
s 1
f 482/214/1607 524/214/1608 528/214/1609
f 2087/345/354 2164/364/375 2100/346/355
f 1222/743/1170 1243/422/441 1232/516/1180
f 2036/950/1480 2044/1041/1606 2151/1042/1610
f 2036/950/1480 2151/1042/1610 2045/1037/1602
f 2038/1038/1603 2051/1043/1611 2056/1044/1612
f 2038/1038/1603 2056/1044/1612 2046/1039/1604
f 2046/1039/1604 2056/1044/1612 2057/393/412
f 2046/1039/1604 2057/393/412 2041/394/413
f 522/388/403 478/14/14 2845/614/659
f 2041/394/413 2058/64/64 2047/410/429
f 1171/387/1054 1258/387/1196 1260/387/1205
f 1190/661/1022 1191/734/1049 1184/717/1031
f 2717/392/764 287/372/383 286/371/382
f 2110/722/967 2102/1045/1613 2734/872/1342
f 1140/214/444 1145/214/1186 1136/214/211
f 1794/868/1330 1769/940/1458 1796/948/1472
f 974/396/1100 111/670/1107 969/668/1101
f 275/267/270 383/266/269 2717/392/764
f 1201/708/1040 1212/534/1017 1208/707/1210
f 2115/723/968 2110/722/967 2734/872/1342
f 2044/1041/1606 2048/420/439 2049/1046/1614
f 2044/1041/1606 2049/1046/1614 2151/1042/1610
f 2051/1043/1611 2053/1047/1615 2054/1048/1616
f 2051/1043/1611 2054/1048/1616 2056/1044/1612
f 2056/1044/1612 2054/1048/1616 2055/1049/1617
f 2056/1044/1612 2055/1049/1617 2057/393/412
f 2057/393/412 2055/1049/1617 2065/46/46
f 632/387/814 638/387/820 640/387/815
f 516/214/1167 2698/214/1518 506/214/1165
s 0
f 1484/214/1618 1657/214/1618 1651/214/1618
s 1
f 600/382/435 615/381/792 620/380/793
f 1209/488/1096 1215/487/1214 1218/486/1018
f 456/552/652 544/605/720 2860/1050/1272
f 857/387/581 864/387/574 870/387/573
f 684/387/1320 690/387/1324 686/387/862
s 0
f 1120/214/663 1112/214/663 1123/214/663
s 1
f 1138/425/444 1157/481/528 1156/426/445
f 1479/442/470 1471/618/735 1429/443/471
f 2048/420/439 2070/861/1317 2061/1051/1619
f 2048/420/439 2061/1051/1619 2049/1046/1614
f 352/214/1620 354/214/1282 344/214/1621
f 2053/1047/1615 2072/1052/1622 2054/1048/1616
f 2054/1048/1616 2072/1052/1622 2062/501/566
f 2054/1048/1616 2062/501/566 2055/1049/1617
f 99/100/100 97/122/123 607/101/101
f 77/98/98 95/99/99 937/953/1485
f 433/520/610 2561/1053/1623 308/893/428
f 973/387/1028 965/387/1105 958/387/1099
f 2155/840/1299 2096/1054/1624 2098/1055/1625
f 1007/387/1133 1022/387/1138 1003/387/956
s 0
f 1543/271/1298 1408/273/1298 1410/838/1298
s 1
f 1866/437/465 1848/439/467 1842/928/1444
f 2828/1056/199 330/30/30 325/11/11
f 2566/740/992 871/708/915 858/659/798
f 2826/652/1069 923/600/715 929/588/717
s 0
f 1478/214/1061 1482/214/1061 2757/214/1061
s 1
f 823/387/858 842/387/935 889/387/582
f 2082/400/419 2064/985/1523 2074/365/376
f 2070/861/1317 2071/623/742 2154/622/741
f 2070/861/1317 2154/622/741 2061/1051/1619
f 662/387/843 669/387/480 664/387/844
f 993/387/789 997/387/1131 1000/387/1128
s 0
f 731/214/1468 734/214/1468 744/214/1468
s 1
f 1958/577/689 430/403/422 1231/514/594
f 2630/737/988 2108/776/1189 2114/735/986
f 873/387/996 875/387/999 869/387/739
f 947/387/1077 942/387/1082 933/387/1072
f 978/387/1104 977/387/1119 984/387/1110
f 658/387/837 664/387/844 660/387/462
f 551/607/722 550/633/752 548/274/284
s 0
f 1596/214/1061 1582/214/1061 1610/214/1061
f 1326/806/1626 1310/799/1626 1286/798/1626
s 1
f 2083/841/1300 2075/749/1021 2084/842/1301
f 222/294/304 192/261/264 179/570/681
f 1867/970/1506 1783/982/1520 1809/1057/1627
f 2077/1058/1628 2078/763/1071 2073/502/567
f 86/87/87 84/110/110 64/84/84
f 362/268/277 360/270/279 345/460/468
f 361/214/944 458/214/1231 357/214/942
s 0
f 1555/214/906 1605/214/906 1601/214/906
s 1
f 2065/46/46 2062/501/566 2074/365/376
f 2188/1059/1629 2075/749/1021 2190/748/1020
f 2098/1055/1625 2093/886/1373 2097/1060/1630
f 2830/373/384 294/469/505 371/303/313
f 1732/694/886 1505/506/1438 1502/108/217
f 382/265/268 386/401/420 396/489/535
f 2043/419/438 2034/780/1199 2047/410/429
s 0
f 736/214/604 749/214/604 716/214/604
s 1
f 824/775/1185 821/331/340 268/322/331
f 447/214/712 2741/214/893 449/214/1377
s 0
f 1626/214/936 1619/214/936 1616/214/936
s 1
f 990/676/1124 992/450/481 988/675/1125
f 2096/1054/1624 2186/1061/1631 2095/1062/1632
f 376/214/410 297/214/1035 299/214/408
f 768/210/548 742/205/1202 720/493/549
f 2765/387/1337 2117/387/1633 2261/387/1338
f 730/967/1365 722/540/1232 727/716/931
f 2785/387/559 2765/387/1337 2103/387/557
f 672/1063/1634 2573/284/294 149/73/73
s 0
f 2109/214/216 2631/214/216 2211/214/216
s 1
f 2829/214/1129 288/214/1169 285/214/1130
f 1258/387/1196 1171/387/1054 1155/387/904
f 1204/613/1209 1206/612/1211 1200/595/1039
f 1219/387/664 1226/387/923 1223/387/1219
s 0
f 1436/311/1635 1617/310/1635 1620/309/1635
s 1
f 296/391/406 295/479/517 284/372/407
f 414/214/1385 404/214/1401 418/214/1402
f 500/214/1384 2851/214/677 493/214/679
f 2043/419/438 2048/420/439 2044/1041/1606
f 2053/1047/1615 2104/1064/1636 2085/793/1244
f 574/1065/1637 576/825/1279 1356/827/1280
f 2085/793/1244 2089/369/380 2090/441/469
f 534/617/731 523/550/1190 491/544/658
f 353/449/477 351/112/112 350/68/114
f 1859/962/1496 1736/1066/1638 1742/1067/1639
f 401/1068/941 405/200/595 411/504/570
f 2182/885/1372 2093/886/1373 2184/1069/1640
f 2184/1069/1640 2096/1054/1624 2095/1062/1632
f 879/488/540 874/741/997 866/612/727
f 2704/755/1053 1832/887/1374 1589/889/1376
f 602/655/787 592/601/1596 589/588/700
f 512/602/718 544/605/720 520/593/706
f 1268/864/1321 1282/25/1321 1694/27/1322
f 1864/769/1163 1895/768/1162 1774/867/1329
f 480/214/1641 473/214/1642 2846/214/1643
f 451/544/635 505/584/639 455/545/618
f 1037/690/1113 1036/689/1146 1024/542/630
s 0
f 1487/214/280 1269/214/280 1266/214/280
s 1
f 1709/920/1644 1725/695/1436 1734/926/1435
s 0
f 1485/214/280 1487/214/280 1266/214/280
s 1
f 963/658/1087 960/587/1086 955/381/394
s 0
f 728/214/1164 760/214/1164 723/214/1164
s 1
f 509/214/945 2861/214/1645 513/214/946
f 906/387/1015 898/387/1016 835/387/1284
f 2070/861/1317 2068/1070/1646 2201/1071/1647
f 2097/1060/1630 2110/722/967 2156/1072/1648
s 0
f 718/214/1230 713/214/1230 766/214/1230
s 1
f 1281/25/1238 1267/864/1242 1276/791/1242
f 2104/1064/1636 2260/1073/1649 2111/1074/1650
f 2104/1064/1636 2111/1074/1650 2099/370/381
f 2099/370/381 2111/1074/1650 2105/467/501
f 2099/370/381 2105/467/501 2106/358/368
f 2084/842/1301 2186/1061/1631 2088/870/1336
f 2634/954/1486 953/120/121 77/98/98
f 430/403/422 431/1075/1651 2770/718/941
f 2243/732/1068 929/588/717 928/589/703
f 337/214/1652 303/214/765 2693/214/883
f 1790/829/1286 1763/1076/1653 1526/830/1287
f 487/561/668 489/584/674 491/544/658
s 0
f 1109/214/541 1117/214/541 1115/214/541
f 1849/214/909 1851/214/909 1839/214/909
s 1
f 2347/204/1654 2348/204/1654 2344/204/1332
f 666/387/851 680/387/811 669/387/480
s 0
f 1784/214/1655 1780/214/1655 1814/214/1655
s 1
f 1043/387/1148 1039/387/400 1028/387/1476
f 539/579/691 483/562/667 2850/1077/680
s 0
f 741/214/688 746/214/688 739/214/688
s 1
f 2260/1073/1649 2262/1078/1656 2120/1079/1657
f 2260/1073/1649 2120/1079/1657 2111/1074/1650
f 2111/1074/1650 2120/1079/1657 2112/1080/1658
f 2111/1074/1650 2112/1080/1658 2105/467/501
f 2105/467/501 2112/1080/1658 2113/536/624
f 2105/467/501 2113/536/624 2107/357/367
f 210/696/889 704/770/878 701/560/877
f 637/202/202 644/672/823 639/669/813
f 383/266/269 375/391/1481 2717/392/764
f 1230/747/1359 1245/746/1659 1971/745/1225
f 929/588/717 932/601/716 934/655/1076
f 939/590/782 930/414/912 928/589/703
f 681/387/525 680/387/811 666/387/851
f 870/387/573 869/387/739 875/387/999
f 2115/723/968 2124/760/1063 2125/1081/1660
f 2115/723/968 2125/1081/1660 2116/724/969
f 2262/1078/1656 2118/1082/1661 2119/1083/1662
f 2262/1078/1656 2119/1083/1662 2120/1079/1657
f 2120/1079/1657 2119/1083/1662 2131/1084/1663
f 2120/1079/1657 2131/1084/1663 2112/1080/1658
f 2112/1080/1658 2131/1084/1663 2133/537/625
f 2112/1080/1658 2133/537/625 2113/536/624
f 538/625/744 529/615/729 527/390/405
s 0
f 1045/214/370 1083/214/370 1053/214/370
s 1
f 666/387/851 678/387/1664 681/387/525
f 2315/214/1344 2279/214/962 2280/214/964
s 0
f 1682/214/19 1671/214/19 1666/214/19
s 1
f 927/387/577 935/387/1078 933/387/1072
f 695/214/645 732/214/955 698/214/877
s 0
f 699/214/882 702/214/882 705/214/882
s 1
f 2124/760/1063 2123/759/1062 2157/964/1498
f 2124/760/1063 2157/964/1498 2125/1081/1660
f 2118/1082/1661 2127/1085/1665 2128/1086/1666
f 2118/1082/1661 2128/1086/1666 2119/1083/1662
f 2119/1083/1662 2128/1086/1666 2129/1087/1667
f 2119/1083/1662 2129/1087/1667 2131/1084/1663
f 2131/1084/1663 2129/1087/1667 2130/765/1158
f 2131/1084/1663 2130/765/1158 2133/537/625
f 642/448/476 650/676/828 644/672/823
s 0
f 2727/214/954 1149/214/954 1134/214/954
s 1
f 673/455/847 674/454/848 665/453/840
f 1183/387/1178 1170/387/666 1211/387/665
f 2121/535/623 2132/766/1159 2134/1088/1668
f 675/478/1669 679/687/861 667/457/1188
f 678/387/1664 684/387/1320 681/387/525
f 2110/722/967 2116/724/969 2156/1072/1648
s 0
f 746/214/688 733/214/688 739/214/688
s 1
f 717/214/1232 740/214/1202 735/214/644
f 2298/214/648 2308/214/275 2297/214/274
f 2127/1085/1665 2266/1089/1670 2135/1090/1671
f 2127/1085/1665 2135/1090/1671 2128/1086/1666
f 2128/1086/1666 2135/1090/1671 2136/1091/1672
f 2128/1086/1666 2136/1091/1672 2129/1087/1667
f 2129/1087/1667 2136/1091/1672 2145/699/896
f 2129/1087/1667 2145/699/896 2130/765/1158
f 1162/576/687 1165/572/683 1156/426/445
f 857/387/581 870/387/573 875/387/999
f 609/415/434 610/585/696 615/381/792
f 1210/387/1215 1219/387/664 1220/387/1216
f 2132/766/1159 2146/701/898 2147/1092/1673
f 2132/766/1159 2147/1092/1673 2134/1088/1668
f 2134/1088/1668 2147/1092/1673 2137/1093/1674
f 2134/1088/1668 2137/1093/1674 2160/963/1497
f 2266/1089/1670 2237/1094/1675 2138/1095/1676
f 2266/1089/1670 2138/1095/1676 2135/1090/1671
f 2135/1090/1671 2138/1095/1676 2239/1096/1677
f 2135/1090/1671 2239/1096/1677 2136/1091/1672
f 2136/1091/1672 2239/1096/1677 2142/789/1240
f 2136/1091/1672 2142/789/1240 2145/699/896
s 0
f 1448/214/280 1456/214/280 1453/214/280
s 1
f 2863/817/730 536/565/674 501/563/669
f 1158/387/958 1101/387/1136 1155/387/904
f 1157/481/528 2857/483/530 1100/208/210
f 2146/701/898 2244/700/897 2247/1097/1678
f 2146/701/898 2247/1097/1678 2147/1092/1673
f 2147/1092/1673 2247/1097/1678 58/1098/1679
f 2147/1092/1673 58/1098/1679 2137/1093/1674
f 582/1030/1598 2148/1029/1597 2150/1099/1680
f 2045/1037/1602 2150/1099/1680 2148/1029/1597
f 2151/1042/1610 24/1100/1681 2045/1037/1602
f 2049/1046/1614 2152/1101/1682 2151/1042/1610
f 2061/1051/1619 1/1102/1683 2049/1046/1614
f 2154/622/741 3/1103/1684 2061/1051/1619
f 2076/621/740 5/1104/1685 2154/622/741
f 2083/841/1300 8/1105/1686 2076/621/740
f 2155/840/1299 12/1106/1687 2083/841/1300
f 2155/840/1299 16/1107/1688 11/1108/1689
f 2098/1055/1625 19/1109/1690 16/1107/1688
f 2097/1060/1630 21/1110/1691 19/1109/1690
f 2156/1072/1648 23/1111/1692 21/1110/1691
f 2116/724/969 2159/1112/1693 23/1111/1692
f 2125/1081/1660 2162/1113/1694 2159/1112/1693
f 2157/964/1498 38/1114/1695 2162/1113/1694
f 2160/963/1497 40/1115/1696 38/1114/1695
f 2137/1093/1674 58/1098/1679 40/1115/1696
f 669/387/480 680/387/811 598/387/478
f 660/387/462 664/387/844 669/387/480
s 0
f 749/214/604 721/214/604 716/214/604
s 1
f 2114/735/986 2115/723/968 2170/736/987
f 2364/214/1697 2372/214/1698 2368/214/1699
f 894/387/1006 906/387/1015 889/387/582
f 1586/846/1305 2749/1116/1700 2774/1117/1701
f 936/415/1074 2635/656/1080 938/653/913
s 0
f 1131/214/953 1146/214/953 2855/214/953
s 1
f 2845/614/659 481/389/404 522/388/403
f 1807/819/1271 1575/881/1366 1804/818/1270
f 535/214/1702 531/214/672 533/214/1703
s 0
f 2163/214/19 2086/214/19 2168/214/19
s 1
f 590/732/983 2231/650/773 597/589/701
f 376/214/410 378/214/1036 297/214/1035
f 2776/751/1046 2068/1070/1646 2059/47/47
f 814/481/832 829/576/867 833/575/966
f 822/574/932 825/573/970 828/572/866
s 0
f 2735/214/1704 2176/214/1704 2173/214/1704
s 1
f 302/363/374 1196/366/377 2817/404/423
f 462/214/1059 2759/214/1058 464/214/1705
f 2122/761/1064 2124/760/1063 2114/735/986
f 1881/756/1055 1855/960/1493 1882/757/1056
s 0
f 2731/214/1706 1618/214/1706 1624/214/1706
s 1
f 371/303/313 283/192/193 2830/373/384
f 1304/808/1258 563/525/615 1306/809/1259
f 693/387/868 914/387/876 912/387/869
s 0
f 759/214/663 772/214/663 770/214/663
s 1
f 2610/730/981 856/733/984 848/717/933
f 871/708/915 872/595/708 861/660/799
f 2562/516/598 892/422/597 893/743/1001
f 2699/1118/695 517/603/714 520/593/706
f 96/591/704 59/925/1707 2808/762/1065
f 2302/214/1708 2304/214/1443 2331/214/1709
f 1357/795/1248 1365/195/196 1354/824/1278
f 494/68/68 492/567/676 497/569/680
f 286/371/382 283/192/193 273/264/267
f 934/655/1076 939/590/782 929/588/717
s 0
f 2067/214/1710 2209/214/1710 2214/214/1710
s 1
f 2235/387/779 593/387/778 908/387/780
s 0
f 2196/214/1711 2204/214/1711 2213/214/1711
f 2217/204/1711 2219/204/1711 2216/204/1711
s 1
f 2222/600/775 2226/1119/1712 2227/652/776
f 2226/1119/1712 2231/650/773 590/732/983
f 2231/650/773 2022/1120/1713 2232/651/774
f 2025/1121/1714 2666/592/1715 586/811/1716
s 0
f 2667/592/1717 2029/1122/1717 2233/762/1717
f 2233/762/1718 2029/1122/1718 580/925/1718
s 1
f 2221/387/777 595/387/781 2019/387/1719
s 0
f 924/600/1720 2141/1119/1720 2238/1123/1720
s 1
f 2242/650/1067 2241/1124/1721 2139/1119/1722
f 2242/650/1067 2143/1120/1723 2240/1124/1724
s 0
f 2805/592/1725 2245/1121/1725 2144/1120/1725
f 2806/592/1726 2248/1122/1726 2246/1121/1726
f 2809/762/1727 60/925/1727 2249/1122/1727
s 1
f 1252/387/575 922/387/880 2236/387/1728
f 595/387/781 2253/387/1729 2019/387/1719
f 2253/387/1729 2258/387/1730 2255/387/1731
f 2255/387/1731 2785/387/559 2039/387/1433
f 362/268/277 456/552/652 457/269/278
s 0
f 2179/214/1499 2094/214/1499 2185/214/1499
s 1
f 1027/387/1145 1043/387/1148 1028/387/1476
f 1042/387/1154 1106/387/401 1039/387/400
f 350/68/114 455/545/618 446/523/613
f 149/73/73 145/182/183 672/1063/1634
f 194/296/306 222/294/304 179/570/681
f 599/590/702 600/382/435 612/654/786
f 128/50/50 986/159/160 2577/48/48
f 1214/741/1213 1221/611/1217 1215/487/1214
f 601/387/783 611/387/794 613/387/479
f 419/508/584 539/579/691 499/568/676
f 2765/387/1337 2126/387/1732 2117/387/1633
f 2264/387/1733 2265/387/1734 2126/387/1732
f 2265/387/1734 1252/387/575 2236/387/1728
f 2271/1125/1735 2276/1126/1736 2274/1127/1737
f 2073/502/567 2072/1052/1622 2077/1058/1628
f 943/654/1075 946/382/395 939/590/782
f 2275/214/1736 2290/214/1738 2281/214/963
f 978/387/1104 970/387/1111 965/387/1105
f 2276/1126/1736 2283/1128/1739 2291/1129/1738
f 430/403/422 1207/406/425 2712/764/1083
f 2794/214/1706 1846/214/1706 1824/214/1706
f 416/214/950 390/214/1419 2723/214/1415
f 2291/1129/1738 2285/1130/1740 2289/1131/1741
f 2281/214/963 2287/214/1742 2280/214/964
f 837/728/979 2610/730/981 847/682/853
f 2287/214/1742 2288/214/1741 2284/214/1743
f 2024/499/561 2036/950/1480 2037/714/928
f 2311/1132/1744 2294/1133/1745 2296/1134/274
f 449/214/1377 445/214/713 447/214/712
f 2134/1088/1668 2123/759/1062 2121/535/623
f 1033/387/1142 1027/387/1145 1021/387/533
f 2305/1135/1746 2299/1136/1747 2301/1137/1708
f 558/790/1241 1284/930/1446 1278/429/448
f 1021/387/533 1027/387/1145 1030/387/531
f 414/214/1385 500/214/1384 493/214/679
f 1279/25/1245 1264/787/1748 1294/794/1246
f 2305/1135/1746 2292/1138/1749 2311/1132/1744
s 0
f 1489/214/280 1487/214/280 1485/214/280
s 1
f 2306/214/1750 2324/214/1751 2303/214/1442
f 1424/849/1308 1427/858/1308 1435/311/1316
f 2311/1132/1744 2296/1134/274 2309/1139/276
f 2594/822/1274 2596/397/416 278/248/251
f 2669/852/1312 326/10/10 281/9/9
f 2311/1132/1744 2309/1139/276 2316/1140/1752
f 2729/777/1191 1143/209/211 1100/208/210
f 1738/693/881 1731/694/1434 1501/108/108
f 2312/1141/587 2269/1142/1753 2319/1143/1754
f 757/387/1048 712/387/494 711/387/737
f 367/464/500 289/469/1495 295/479/517
f 1172/472/509 1179/681/1025 1164/725/1197
f 1804/818/1270 1850/438/466 1866/437/465
f 2328/1144/1755 2325/1145/1756 2321/1146/1757
f 2331/214/1709 2330/214/1758 2327/214/1759
f 2327/214/1759 2329/214/1755 2322/214/1757
f 1043/387/1148 1042/387/1154 1039/387/400
s 0
f 1110/214/1230 1058/214/1230 1061/214/1230
s 1
f 2332/204/543 2335/204/542 2333/204/1760
f 2333/204/1760 2335/204/542 2334/204/1761
f 2334/204/1761 2336/204/1762 2337/204/1763
f 823/387/858 835/387/1284 820/387/816
f 828/572/866 838/725/971 839/473/972
s 0
f 1065/214/604 1073/214/604 1095/214/604
s 1
f 2058/64/64 2060/45/45 2047/410/429
f 1193/706/1207 1190/661/1022 1194/705/1030
f 2123/759/1062 2134/1088/1668 2160/963/1497
s 0
f 1836/214/909 1849/214/909 1839/214/909
s 1
f 2335/204/542 2351/204/1764 2336/204/1762
f 2355/214/1765 2353/214/1766 2352/214/1767
s 0
f 2359/1147/1500 2358/1147/1500 2361/1147/1500
s 1
f 2371/1145/1768 2366/1144/1156 2369/1146/1769
f 2364/214/1697 2365/214/1155 2391/214/521
f 896/747/1013 905/510/961 1952/745/1011
f 2367/214/1156 2368/214/1699 2370/214/1770
f 844/472/976 845/683/854 851/729/980
f 2388/1148/1771 2373/1149/1772 2379/1141/885
f 2378/214/884 2377/214/1393 2390/214/1362
f 1936/786/1236 1479/442/470 2849/444/472
f 2042/498/560 2044/1041/1606 2036/950/1480
f 611/387/794 619/387/563 622/387/699
f 2385/1150/1157 2371/1145/1768 2393/1137/1773
f 2391/214/521 2392/214/520 2387/214/1774
f 1217/609/1775 1249/510/1776 1242/422/1777
f 894/387/1006 1953/387/1559 1957/387/1014
f 904/510/1778 895/747/1779 887/610/1780
f 1890/979/1515 1861/966/1503 1917/983/1521
f 2403/1151/1781 2396/1127/1782 2400/1131/1783
f 2408/214/1784 2398/214/1785 2397/214/1786
f 598/387/478 604/387/951 908/387/780
f 2398/214/1785 2399/214/1787 2395/214/1788
f 408/214/949 2769/214/522 412/214/1501
f 2404/1142/1789 2410/1152/1790 2407/1130/1791
f 2409/214/1233 2397/214/1786 2381/214/493
f 880/387/998 888/387/1003 875/387/999
s 0
f 1385/831/1792 1390/352/1792 1523/435/1792
s 1
f 538/625/744 532/894/731 2863/817/730
f 415/69/69 411/504/570 403/503/569
f 2078/763/1071 2077/1058/1628 2085/793/1244
f 2627/832/1290 1421/850/1309 1936/786/1236
f 968/139/140 110/140/141 94/119/120
f 2415/204/1269 2426/204/206 2417/204/1793
f 166/543/863 210/696/889 708/689/870
f 2422/204/1794 2423/204/1794 2417/204/1793
f 883/742/1000 893/743/1001 877/486/538
f 2399/214/1787 2401/214/1795 2408/214/1784
f 2428/204/409 2430/204/1796 2426/204/206
f 2426/204/206 2430/204/1796 2419/204/1797
f 2432/214/1798 2434/214/1799 2431/214/1800
s 0
f 2440/1147/1363 2441/1147/1363 2438/1147/1363
s 1
f 2443/1153/1801 2449/1153/1802 2451/1153/1803
f 2452/1153/1804 2453/1153/1805 2443/1153/1801
f 2444/1153/1806 2445/1153/1807 2452/1153/1804
f 2446/1153/1808 2454/1153/1809 2444/1153/1806
f 2446/1153/1808 2450/1153/1810 2447/1153/1811
f 2451/1153/1803 2450/1153/1810 2448/1153/1812
f 2448/1153/1812 2444/1153/1806 2443/1153/1801
f 2454/1153/1809 2447/1153/1811 2450/1153/1810
f 2476/1153/1813 2464/1153/1814 2473/1153/1815
f 2478/1153/1816 2466/1153/1817 2464/1153/1814
f 2455/1153/1818 2466/1153/1817 2480/1153/1819
f 2457/1153/1820 2467/1153/1821 2455/1153/1818
f 2457/1153/1820 2470/1153/1822 2468/1153/1823
f 2459/1153/1824 2471/1153/1825 2470/1153/1822
f 2482/1153/1826 2471/1153/1825 2461/1153/1827
f 2476/1153/1813 2463/1153/1828 2482/1153/1826
f 2464/1153/1814 2474/1153/1829 2473/1153/1815
f 2466/1153/1817 2465/1153/1830 2464/1153/1814
f 2466/1153/1817 2469/1153/1831 2484/1153/1832
f 2467/1153/1821 2485/1153/1833 2469/1153/1831
f 2470/1153/1822 2485/1153/1833 2468/1153/1823
f 2471/1153/1825 2486/1153/1834 2470/1153/1822
f 2471/1153/1825 2475/1153/1835 2472/1153/1836
f 2463/1153/1828 2474/1153/1829 2475/1153/1835
f 2456/214/1818 2481/214/1837 2460/214/1824
f 2486/1153/1834 2472/1153/1836 2469/1153/1831
f 2487/1153/1838 2498/1153/1839 2488/1153/1840
f 2489/1153/1841 2492/1153/1842 2498/1153/1839
f 2491/1153/1843 2492/1153/1842 2490/1153/1844
f 2497/1153/1845 2493/1153/1846 2491/1153/1843
f 2495/1153/1847 2494/1153/1848 2497/1153/1845
f 2495/1153/1847 2488/1153/1840 2496/1153/1849
f 2490/1153/1844 2489/1153/1841 2495/1153/1847
f 2498/1153/1839 2493/1153/1846 2496/1153/1849
f 2511/1153/1820 2499/1153/1821 2524/1153/1818
f 2524/1153/1818 2515/1153/1817 2526/1153/1819
f 2515/1153/1817 2500/1153/1816 2526/1153/1819
f 2502/1153/1814 2503/1153/1813 2500/1153/1816
f 2503/1153/1813 2506/1153/1828 2528/1153/1826
f 2528/1153/1826 2519/1153/1825 2507/1153/1827
f 2519/1153/1825 2509/1153/1824 2507/1153/1827
f 2521/1153/1822 2511/1153/1820 2509/1153/1824
f 2522/1153/1833 2499/1153/1821 2513/1153/1823
f 2514/1153/1831 2515/1153/1817 2499/1153/1821
f 2515/1153/1817 2516/1153/1830 2502/1153/1814
f 2502/1153/1814 2518/1153/1829 2505/1153/1815
f 2518/1153/1829 2506/1153/1828 2505/1153/1815
f 2530/1153/1835 2519/1153/1825 2506/1153/1828
f 2519/1153/1825 2523/1153/1834 2521/1153/1822
f 2521/1153/1822 2522/1153/1833 2513/1153/1823
f 2529/214/1826 2508/214/1850 2501/214/1816
f 2516/1153/1830 2517/1153/1832 2530/1153/1835
f 2541/1154/1851 2542/1154/1852 2538/1154/1853
f 2549/1154/1854 2551/1154/1855 2544/1154/1856
f 2543/1154/1857 2545/1154/1858 2551/1154/1855
f 2560/1154/1859 2554/1154/1860 2545/1154/1858
f 2547/1154/1861 2554/1154/1860 2546/1154/1862
f 2548/1154/1863 2556/1154/1864 2547/1154/1861
f 2549/1154/1854 2550/1154/1865 2548/1154/1863
f 2551/1154/1855 2552/1154/1866 2544/1154/1856
f 2545/1154/1858 2567/1154/1867 2551/1154/1855
f 2554/1154/1860 2568/1154/1868 2545/1154/1858
f 2554/1154/1860 2555/1154/1869 2553/1154/1870
f 2556/1154/1864 2557/1154/1871 2555/1154/1869
f 2550/1154/1865 2552/1154/1866 2557/1154/1871
f 2546/1154/1862 2560/1154/1859 2543/1154/1857
f 2553/1154/1870 2555/1154/1869 2557/1154/1871
f 2569/1154/1872 2605/1154/1873 2603/1154/1874
f 2575/1154/1875 2570/1154/1876 2569/1154/1872
f 2576/1154/1877 2579/1154/1878 2575/1154/1875
f 2576/1154/1877 2615/1154/1879 2612/1154/1880
f 2582/1154/1881 2588/1154/1882 2615/1154/1879
f 2587/1154/1883 2622/1154/1884 2588/1154/1882
f 2589/1154/1885 2593/1154/1886 2622/1154/1884
f 2598/1154/1887 2593/1154/1886 2592/1154/1888
f 2602/1154/1889 2601/1154/1890 2598/1154/1887
f 2603/1154/1874 2604/1154/1891 2602/1154/1889
f 2605/1154/1873 2606/1154/1892 2633/1154/1893
f 2570/1154/1876 2640/1154/1894 2606/1154/1892
f 2612/1154/1880 2640/1154/1894 2579/1154/1878
f 2615/1154/1879 2611/1154/1895 2612/1154/1880
f 2588/1154/1882 2619/1154/1896 2615/1154/1879
f 2622/1154/1884 2645/1154/1897 2588/1154/1882
f 2593/1154/1886 2628/1154/1898 2622/1154/1884
f 2601/1154/1890 2629/1154/1899 2593/1154/1886
f 2601/1154/1890 2655/1154/1900 2654/1154/1901
f 2604/1154/1891 2633/1154/1893 2655/1154/1900
f 2633/1154/1893 2637/1154/1902 2661/1154/1903
f 2606/1154/1892 2642/1154/1904 2637/1154/1902
f 2611/1154/1895 2642/1154/1904 2640/1154/1894
f 2619/1154/1896 2663/1154/1905 2611/1154/1895
f 2645/1154/1897 2665/1154/1906 2619/1154/1896
f 2628/1154/1898 2649/1154/1907 2645/1154/1897
f 2629/1154/1899 2647/1154/1908 2628/1154/1898
f 2654/1154/1901 2651/1154/1909 2629/1154/1899
f 2654/1154/1901 2657/1154/1910 2659/1154/1911
f 2655/1154/1900 2661/1154/1903 2657/1154/1910
f 2662/214/1912 2650/214/1913 2656/214/1914
f 2587/1154/1883 2576/1154/1877 2569/1154/1872
f 2671/1154/1915 2673/1154/1916 2686/1154/1917
f 2678/1154/1918 2672/1154/1919 2671/1154/1915
f 2679/1154/1920 2677/1154/1921 2678/1154/1918
f 2679/1154/1920 2700/1154/1922 2681/1154/1923
f 2680/1154/1924 2682/1154/1925 2700/1154/1922
f 2685/1154/1926 2673/1154/1916 2682/1154/1925
f 2673/1154/1916 2691/1154/1927 2703/1154/1928
f 2672/1154/1919 2692/1154/1929 2691/1154/1927
f 2677/1154/1921 2701/1154/1930 2692/1154/1929
f 2700/1154/1922 2701/1154/1930 2681/1154/1923
f 2682/1154/1925 2716/1154/1931 2700/1154/1922
f 2673/1154/1916 2702/1154/1932 2682/1154/1925
f 2678/1154/1918 2671/1154/1915 2685/1154/1926
f 2701/1154/1930 2716/1154/1931 2702/1154/1932
f 2720/1154/1933 2719/1154/1873 2748/1154/1874
f 2721/1154/1875 2753/1154/1876 2720/1154/1933
f 2724/1154/1877 2754/1154/1878 2721/1154/1875
f 2724/1154/1877 2763/1154/1879 2725/1154/1880
f 2726/1154/1881 2766/1154/1882 2763/1154/1879
f 2831/1154/1883 2767/1154/1884 2766/1154/1882
f 2832/1154/1885 2744/1154/1886 2767/1154/1884
f 2743/1154/1887 2744/1154/1886 2833/1154/1888
f 2747/1154/1889 2771/1154/1890 2743/1154/1887
f 2748/1154/1874 2779/1154/1891 2747/1154/1889
f 2719/1154/1873 2781/1154/1892 2752/1154/1893
f 2753/1154/1876 2786/1154/1894 2781/1154/1892
f 2725/1154/1880 2786/1154/1894 2754/1154/1878
f 2763/1154/1879 2789/1154/1895 2725/1154/1880
f 2766/1154/1882 2790/1154/1896 2763/1154/1879
f 2767/1154/1884 2796/1154/1897 2766/1154/1882
f 2744/1154/1886 2768/1154/1898 2767/1154/1884
f 2771/1154/1890 2772/1154/1899 2744/1154/1886
f 2771/1154/1890 2780/1154/1900 2803/1154/1901
f 2779/1154/1891 2752/1154/1893 2780/1154/1900
f 2752/1154/1893 2783/1154/1934 2816/1154/1903
f 2781/1154/1892 2788/1154/1904 2783/1154/1934
f 2789/1154/1895 2788/1154/1904 2786/1154/1894
f 2790/1154/1896 2822/1154/1905 2789/1154/1895
f 2796/1154/1897 2792/1154/1906 2790/1154/1896
f 2768/1154/1898 2798/1154/1907 2796/1154/1897
f 2772/1154/1899 2802/1154/1908 2768/1154/1898
f 2803/1154/1901 2800/1154/1909 2772/1154/1899
f 2803/1154/1901 2814/1154/1910 2825/1154/1911
f 2780/1154/1900 2816/1154/1903 2814/1154/1910
f 2821/214/1912 2799/214/1913 2813/214/1914
f 2833/1154/1888 2724/1154/1877 2720/1154/1933
f 2862/1155/1935 2839/1156/1936 2834/1157/1937
f 2840/1156/1938 2859/1155/1939 2865/1157/1940
f 2839/1156/1936 2865/1157/1940 2834/1157/1937
f 2858/1158/1941 2840/1156/1938 2839/1156/1936
f 2862/1155/1935 2841/1158/1942 2858/1158/1941
f 2834/1157/1937 2859/1155/1939 2862/1155/1935
f 2318/214/586 2308/214/275 2307/214/1356
f 2307/214/1356 2315/214/1344 2314/214/1343
s 0
f 2812/214/899 1558/214/899 1553/214/899
s 1
f 1402/837/1297 1559/844/1303 2810/877/1357
f 1559/844/1303 1554/902/1400 2810/877/1357
f 1548/878/1358 1573/1159/1943 1402/837/1297
s 0
f 1567/879/1944 1565/863/1944 1535/862/1944
s 1
f 2390/214/1362 2392/214/520 2389/214/1945
f 2392/214/520 2384/214/519 2389/214/1945
f 2389/214/1945 2380/214/885 2390/214/1362
s 0
f 2069/214/1363 2778/214/1363 2215/214/1363
f 2215/214/1363 2206/214/1363 2069/214/1363
s 1
f 725/214/1365 761/214/1946 767/214/1364
f 761/214/1946 778/214/732 767/214/1364
f 778/214/732 776/214/907 767/214/1364
f 715/214/549 740/214/1202 725/214/1365
f 740/214/1202 717/214/1232 725/214/1365
f 1539/876/1354 1402/837/1297 2674/883/1368
f 1402/837/1297 1573/1159/1943 2674/883/1368
f 1573/1159/1943 1575/881/1366 2674/883/1368
f 1594/891/1379 1578/849/1369 1595/884/1371
f 1578/849/1369 1583/848/1369 1595/884/1371
s 0
f 2750/214/1174 1584/214/1174 1579/214/1174
f 2710/214/490 1581/214/490 1585/214/490
s 1
f 2182/885/1372 2102/1045/1613 2110/722/967
f 1608/858/1947 1594/891/1379 1602/466/1378
f 1594/891/1379 1595/884/1371 1821/311/1378
f 1595/884/1371 1597/218/1378 1821/311/1378
s 0
f 1685/214/1380 1652/214/1380 1680/214/1380
f 1652/214/1380 2616/214/1380 1643/214/1380
f 1680/214/1380 1652/214/1380 1643/214/1380
f 1087/214/688 1078/214/688 1092/214/688
f 1092/214/688 1068/214/688 1087/214/688
f 1068/214/688 1062/214/688 1059/214/688
s 1
f 2314/214/1343 2280/214/964 2272/214/1948
f 2280/214/964 2287/214/1742 2284/214/1743
f 2282/214/1949 2280/214/964 2284/214/1743
f 2282/214/1949 2272/214/1948 2280/214/964
f 2272/214/1948 2270/214/1381 2314/214/1343
f 2270/214/1381 2313/214/587 2318/214/586
f 1639/854/1314 1447/955/1488 1629/1160/1950
f 1639/854/1314 1629/1160/1950 2844/897/1388
f 1625/1161/1951 1664/907/1408 1852/906/1407
f 2732/1162/1952 1625/1161/1951 1852/906/1407
f 1943/896/1387 1639/854/1314 2844/897/1388
f 2697/898/1389 2732/1162/1952 1943/896/1387
f 2732/1162/1952 1852/906/1407 1943/896/1387
s 0
f 2695/214/1391 1630/214/1391 1633/214/1391
f 2842/214/909 1636/214/909 1631/214/909
s 1
f 2397/214/1786 2398/214/1785 2395/214/1788
f 2395/214/1788 2411/214/1953 2397/214/1786
f 2411/214/1953 2374/214/1394 2377/214/1393
f 2374/214/1394 2376/214/1954 2382/214/1392
f 2376/214/1954 2394/214/1773 2387/214/1774
f 2382/214/1392 2376/214/1954 2387/214/1774
f 2377/214/1393 2397/214/1786 2411/214/1953
s 0
f 1678/859/1395 1645/912/1395 1648/899/1395
f 1335/518/1398 1338/814/1398 1350/826/1398
s 1
f 1559/844/1303 1614/1163/1955 1604/901/1399
f 1656/904/1404 1483/779/1193 1467/778/1192
f 2618/903/1403 1653/375/386 1853/374/385
f 1656/904/1404 1467/778/1192 2618/903/1403
f 1434/311/1396 1654/900/1397 1661/772/1405
f 2742/905/1406 448/530/613 437/521/611
f 448/530/613 442/529/619 437/521/611
f 437/521/611 317/417/436 441/531/614
f 1656/904/1404 1853/374/385 1658/908/1409
f 1853/374/385 1852/906/1407 1658/908/1409
f 49/52/52 46/44/44 7/17/17
f 1695/27/1410 1668/474/1410 1672/909/1411
f 1675/859/1412 1672/909/1411 1681/911/1414
f 1088/214/207 1090/214/628 1080/214/208
f 1090/214/628 1077/214/627 1080/214/208
f 1077/214/627 1084/214/656 1080/214/208
f 161/223/227 205/250/253 160/249/252
f 2121/535/623 2133/537/625 2130/765/1158
s 0
f 1697/360/1956 1497/823/1956 1718/914/1956
s 1
f 2736/214/1418 2723/214/1415 390/214/1419
f 1857/917/1422 1707/943/1463 1691/919/1425
s 0
f 1496/823/1957 1721/869/1957 1710/920/1957
s 1
f 33/51/51 69/70/70 50/922/1427
f 1719/212/214 1857/917/1422 1704/916/1421
f 194/296/306 177/571/682 195/812/1263
s 0
f 1726/695/1958 1722/869/1958 1323/806/1959
s 1
f 1731/694/1434 1738/693/881 1734/926/1435
f 1399/833/1291 556/835/1295 1397/927/1437
f 2315/214/1344 2307/214/1356 2278/214/1439
f 2307/214/1356 2304/214/1443 2300/214/1960
f 2320/214/1961 2307/214/1356 2300/214/1960
f 2304/214/1443 2302/214/1708 2300/214/1960
f 2273/214/1440 2279/214/962 2315/214/1344
f 2307/214/1356 2320/214/1961 2278/214/1439
f 2200/214/1441 2202/214/1441 2205/214/1441
s 0
f 2205/214/1441 2198/214/1441 2200/214/1441
s 1
f 2308/214/275 2298/214/648 2303/214/1442
f 2303/214/1442 2331/214/1709 2304/214/1443
f 2304/214/1443 2307/214/1356 2308/214/275
f 1958/577/689 419/508/584 426/1164/596
f 419/508/584 409/507/568 426/1164/596
f 2599/929/1445 431/1075/1651 430/403/422
f 1958/577/689 426/1164/596 2599/929/1445
f 181/240/243 140/171/172 142/172/173
f 1284/930/1446 558/790/1241 561/801/1252
f 793/482/1962 782/425/733 814/481/832
f 813/208/925 768/210/548 806/209/1517
f 768/210/548 795/719/734 806/209/1517
f 806/209/1517 809/777/1963 813/208/925
f 812/931/1447 793/482/1962 814/481/832
f 809/777/1963 812/931/1447 813/208/925
f 1111/214/1964 1130/214/1187 1126/214/446
f 1126/214/446 1114/214/1504 1111/214/1964
f 1114/214/1504 1066/214/1448 1111/214/1964
f 1066/214/1448 1090/214/628 1088/214/207
f 1060/214/1181 1111/214/1964 1066/214/1448
f 1532/874/1449 1752/942/1461 1755/933/1450
f 1761/936/1453 1756/935/1452 1862/356/366
s 0
f 1528/830/1965 1764/1076/1965 1767/939/1965
s 1
f 1771/941/1459 1774/867/1329 1756/935/1452
f 1673/792/1243 1670/910/1413 1691/919/1425
s 0
f 1315/519/1966 1324/806/1966 1329/805/1966
s 1
f 1793/945/1466 1788/351/1469 1564/863/1465
s 0
f 1564/863/1465 1812/952/1465 1779/944/1465
f 1079/214/1468 1081/214/1468 1050/214/1468
f 1081/214/1468 1048/214/1468 2853/214/1468
f 1050/214/1468 1081/214/1468 2853/214/1468
s 1
f 1782/947/1471 1867/970/1506 1794/868/1330
s 0
f 1800/214/1475 1808/214/1475 1569/214/1475
f 1808/214/1475 1811/214/1475 1798/214/1475
f 1569/214/1475 1808/214/1475 1798/214/1475
f 1811/214/1475 1817/214/1475 1798/214/1475
f 1569/214/1475 1562/214/1475 2676/214/1475
f 1803/214/838 1806/214/838 1572/214/838
f 1806/214/838 1576/214/838 1572/214/838
f 1574/214/838 1549/214/838 1552/214/838
f 1576/214/838 1574/214/838 1547/214/838
f 1572/214/838 1576/214/838 1547/214/838
s 1
f 182/238/241 176/236/239 154/169/170
f 1566/863/1473 1797/949/1474 1815/951/1483
s 0
f 1517/109/1967 1513/445/1967 1758/937/1967
f 1833/214/1487 2706/214/1487 1831/214/1487
f 2705/214/936 2795/214/936 1825/214/936
f 1841/214/1391 1847/214/1391 1835/214/1391
s 1
f 1022/387/1138 1007/387/1133 935/387/1078
f 1007/387/1133 997/387/1131 967/387/1094
f 997/387/1131 993/387/789 994/387/788
f 994/387/788 977/387/1119 978/387/1104
f 978/387/1104 973/387/1028 994/387/788
f 973/387/1028 967/387/1094 994/387/788
f 967/387/1094 961/387/1088 948/387/1081
f 948/387/1081 947/387/1077 1007/387/1133
f 947/387/1077 935/387/1078 1007/387/1133
f 967/387/1094 948/387/1081 1007/387/1133
f 997/387/1131 994/387/788 967/387/1094
f 935/387/1078 941/387/1073 1011/387/1139
f 30/18/18 29/8/8 6/7/7
f 289/469/1495 291/373/391 284/372/407
f 2122/761/1064 2114/735/986 2107/357/367
s 0
f 1298/214/1499 1305/214/1499 1321/214/1499
f 1333/214/1499 1341/214/1499 1339/214/1499
f 1341/214/1499 1355/214/1499 1339/214/1499
f 1313/214/1499 1298/214/1499 1296/214/1499
f 1298/214/1499 1321/214/1499 1318/214/1499
f 1331/214/1499 1321/214/1499 1333/214/1499
f 1355/214/1499 1353/214/1499 1351/214/1499
f 1353/214/1499 1364/214/1499 1348/214/1499
f 1364/214/1499 1359/214/1499 1345/214/1499
f 1359/214/1499 1366/214/1499 1400/214/1499
f 1364/214/1499 1345/214/1499 1348/214/1499
f 1366/214/1499 1368/214/1499 1394/214/1499
f 1400/214/1499 1396/214/1499 1381/214/1499
f 1396/214/1499 1412/214/1499 1406/214/1499
f 1366/214/1968 1394/214/1968 1400/214/1968
f 1353/214/1499 1348/214/1499 1351/214/1499
f 1321/214/1499 1331/214/1499 1318/214/1499
f 1333/214/1499 1339/214/1499 1331/214/1499
f 1296/214/1499 1298/214/1499 1328/214/1499
f 1359/214/1499 1400/214/1499 1375/214/1499
f 1396/214/1499 1406/214/1499 1381/214/1499
f 1412/214/1499 1409/214/1499 1406/214/1499
f 1381/214/1499 1384/214/1499 1400/214/1499
f 1339/214/1499 1355/214/1499 1351/214/1499
f 1277/214/1499 1283/214/1499 1263/214/1499
f 1283/214/1499 1291/214/1499 1293/214/1499
f 1263/214/1499 1283/214/1499 1293/214/1499
f 1291/214/1499 1296/214/1499 1328/214/1499
f 1400/214/1499 1384/214/1499 1370/214/1499
f 1285/214/1499 1293/214/1499 1291/214/1499
f 1274/214/1499 1271/214/1499 1261/214/1499
f 1271/214/1499 1277/214/1499 1261/214/1499
f 1400/214/1499 1370/214/1499 1378/214/1499
f 1375/214/1499 1345/214/1499 1359/214/1499
f 1400/214/1499 1378/214/1499 1375/214/1499
f 1263/214/1499 1261/214/1499 1277/214/1499
f 1288/214/1499 1293/214/1499 1285/214/1499
f 1328/214/1969 1300/214/1969 1291/214/1969
f 1300/214/1499 1285/214/1499 1291/214/1499
f 2212/214/1500 2632/214/1500 2171/214/1500
f 2171/214/1500 2174/214/1500 2177/214/1500
s 1
f 1855/960/1493 1673/792/1243 1707/943/1463
f 1122/968/1504 1124/427/446 1156/426/445
f 1156/426/445 1108/716/1177 1122/968/1504
f 1108/716/1177 1071/538/626 1096/540/628
f 1074/967/1448 1108/716/1177 1096/540/628
f 1891/796/1249 1859/962/1496 1743/965/1502
f 1756/935/1452 1895/768/1162 1863/969/1505
f 1888/797/1250 1890/979/1515 1915/978/1514
f 153/232/235 133/167/168 135/168/169
f 2760/980/1516 377/480/571 379/484/534
f 379/484/534 468/468/503 2760/980/1516
f 780/214/733 787/214/1962 790/214/1517
f 787/214/1962 800/214/1447 790/214/1517
f 800/214/1447 803/214/1970 790/214/1517
f 1867/970/1506 1782/947/1471 1776/981/1519
f 1917/983/1521 1860/354/364 1892/353/363
f 2867/986/1524 2066/752/1047 2059/47/47
f 2059/47/47 2065/46/46 2867/986/1524
f 2065/46/46 2074/365/376 2867/986/1524
f 1878/387/1528 1907/387/1531 1909/387/1160
f 1878/387/1528 1875/387/1532 1911/387/1530
f 1875/387/1532 1880/387/1534 2653/387/1533
f 1880/387/1534 1885/387/1971 1913/387/1535
s 0
f 1437/214/906 1420/214/906 1431/214/906
f 1420/214/906 2626/214/906 1418/214/906
f 1431/214/906 1420/214/906 1418/214/906
s 1
f 1893/387/1972 1919/387/1540 2684/387/1539
f 2684/387/1539 1913/387/1535 1889/387/1537
f 1913/387/1535 1885/387/1971 1883/387/1973
f 1913/387/1535 1883/387/1973 1914/387/1536
f 1916/387/1974 1893/387/1972 2684/387/1539
f 1889/387/1537 1916/387/1974 2684/387/1539
f 1896/387/1538 2688/387/1542 2684/387/1539
f 1900/387/1541 2690/387/1544 2688/387/1542
f 1898/387/1543 1923/387/1531 2690/387/1544
f 1898/387/1543 1902/387/1565 1921/387/1227
f 1924/990/1545 1927/1165/1975 1926/991/1546
f 1925/992/1547 1926/991/1546 1929/993/1548
f 1928/994/1549 1929/993/1548 1932/995/1550
f 1932/995/1550 1935/998/1553 1931/997/1552
f 1935/998/1553 1934/1166/1976 1933/999/1554
s 0
f 2708/424/1555 1937/1000/1555 901/423/1555
f 1938/1000/1977 1642/1001/1977 902/423/1977
f 1945/1002/1978 2745/720/1978 1939/511/1978
f 2745/720/1978 1945/1002/1978 1949/744/1978
f 1944/1002/1979 1871/1003/1979 1948/744/1979
f 1868/1003/1980 1872/1004/1980 1954/746/1980
s 1
f 1873/387/1529 1909/387/1160 1957/387/1014
s 0
f 1592/1001/1981 1588/1000/1981 1240/423/1981
f 1587/1000/1560 2614/424/1560 1239/423/1560
f 2835/511/1982 1972/720/1982 1964/1002/1982
f 1968/1003/1983 1963/1002/1983 1234/744/1983
f 1964/1002/1982 1972/720/1982 1235/744/1982
f 1966/1003/1563 1970/745/1563 1244/746/1563
s 1
f 1902/387/1565 1246/387/1042 1250/387/1041
s 0
f 1981/1005/1363 1974/1005/1363 1975/1005/1363
f 1975/1005/1363 1976/1005/1363 1981/1005/1363
f 1976/1005/1363 1977/1005/1363 1980/1005/1363
f 1981/1005/1363 1976/1005/1363 1980/1005/1363
f 1977/1005/1363 1978/1005/1363 1979/1005/1363
s 1
f 1982/1006/1566 1985/1011/1570 1983/1007/1567
f 1985/1011/1570 1991/1010/359 1983/1007/1567
f 1991/1010/359 1986/1009/1569 1987/1013/1572
f 1991/1010/359 1989/1017/1576 1990/1015/1574
f 1992/1014/1573 1993/1021/1984 1994/1016/1575
s 0
f 2002/1005/1363 1995/1005/1363 1996/1005/1363
f 1996/1005/1363 1997/1005/1363 2002/1005/1363
f 1997/1005/1363 1998/1005/1363 2001/1005/1363
f 2002/1005/1363 1997/1005/1363 2001/1005/1363
f 1998/1005/1363 1999/1005/1363 2000/1005/1363
s 1
f 2003/1009/1577 2013/1010/372 2005/1018/1578
f 2010/1007/1581 2008/1020/1584 2007/1019/1582
f 2003/1009/1577 2007/1019/1582 2008/1020/1584
f 2008/1020/1584 2009/1012/1588 2013/1010/372
f 2012/1014/1580 2013/1010/372 2017/1017/1586
f 2009/1012/1588 2015/1015/1985 2016/1022/1589
f 286/371/382 274/337/346 261/339/348
f 2071/623/742 2199/1167/1986 2194/1033/1601
f 940/1168/1073 925/1169/576 2267/1170/1987
f 925/1169/576 1251/1171/1988 2267/1170/1987
f 1032/1172/1989 1253/1173/1990 1010/1174/1139
f 940/1168/1073 2267/1170/1987 2263/1175/1991
f 1034/1176/1144 1032/1172/1989 1010/1174/1139
f 940/1168/1073 2263/1175/1991 2764/1177/1337
f 1040/1178/1992 1034/1176/1144 913/1179/876
f 1034/1176/1144 1010/1174/1139 670/1180/527
f 1010/1174/1139 940/1168/1073 603/1181/1993
f 940/1168/1073 2764/1177/1337 2784/1182/559
f 940/1168/1073 2784/1182/559 603/1181/1993
f 1255/1183/1994 1040/1178/1992 915/1184/1995
f 1034/1176/1144 670/1180/527 913/1179/876
f 1160/1185/903 1103/1186/1176 1257/1187/1196
f 1103/1186/1176 1255/1183/1994 1257/1187/1196
f 1010/1174/1139 603/1181/1993 670/1180/527
f 2784/1182/559 2257/1188/1996 603/1181/1993
f 1257/1187/1196 1255/1183/1994 917/1189/1997
f 2251/1190/1987 594/1191/1998 907/1192/780
f 1259/1193/1205 1257/1187/1196 2683/1194/1539
f 1259/1193/1205 2683/1194/1539 2687/1195/1542
f 1922/1196/1999 1920/1197/1227 1259/1193/1205
f 2689/1198/1544 1922/1196/1999 1259/1193/1205
f 2257/1188/1996 2251/1190/1987 603/1181/1993
f 2251/1190/1987 907/1192/780 603/1181/1993
f 2689/1198/1544 1259/1193/1205 2687/1195/1542
f 915/1184/1995 1040/1178/1992 913/1179/876
f 2683/1194/1539 1257/1187/1196 834/1199/1284
f 917/1189/1997 1255/1183/1994 915/1184/1995
f 670/1180/527 909/1200/2000 911/1201/2001
f 834/1199/1284 1257/1187/1196 917/1189/1997
f 1912/1202/1535 2683/1194/1539 834/1199/1284
f 670/1180/527 911/1201/2001 913/1179/876
f 2652/1036/1533 1912/1202/1535 897/1034/1016
f 917/1189/1997 919/1203/817 834/1199/1284
f 919/1203/817 819/1204/816 834/1199/1284
f 897/1034/1016 1908/1205/1160 1906/1206/1999
f 897/1034/1016 1906/1206/1999 1910/1035/1530
f 1912/1202/1535 834/1199/1284 897/1034/1016
f 49/52/52 50/922/1427 48/65/65
f 556/835/1295 1402/837/1297 1413/1040/1605
f 1402/837/1297 1537/875/1353 1413/1040/1605
s 0
f 1613/214/1311 2773/214/1311 1606/214/1311
f 2773/214/1311 1577/214/1311 1593/214/1311
f 1606/214/1311 2773/214/1311 1593/214/1311
s 1
f 482/214/1607 2846/214/1643 477/214/2002
f 524/214/1608 526/214/2003 528/214/1609
f 482/214/1607 477/214/2002 524/214/1608
f 1136/214/211 1151/214/2004 1148/214/530
f 1148/214/530 1133/214/529 1136/214/211
f 1133/214/529 1140/214/444 1136/214/211
f 1794/868/1330 1774/867/1329 1769/940/1458
s 0
f 1477/214/1487 2756/214/1487 1484/214/1487
f 1657/214/1487 1660/214/1487 1651/214/1487
f 1660/214/1487 1663/214/1487 1655/214/1487
f 1651/214/1487 1660/214/1487 1655/214/1487
f 1477/214/1487 1484/214/1487 1651/214/1487
s 1
f 2860/1050/1272 463/703/643 456/552/652
f 544/605/720 512/602/718 2860/1050/1272
s 0
f 1112/214/663 1125/214/663 1123/214/663
f 1125/214/663 1139/214/663 1137/214/663
f 1123/214/663 1125/214/663 1137/214/663
f 1139/214/663 1132/214/663 1153/214/663
f 1139/214/663 1153/214/663 1137/214/663
s 1
f 354/214/1282 2670/214/1281 344/214/1621
f 344/214/1621 2644/214/994 352/214/1620
f 2644/214/994 348/214/993 352/214/1620
f 2558/1207/2005 318/490/546 308/893/428
f 321/1208/440 310/418/437 433/520/610
f 310/418/437 317/417/436 433/520/610
f 2558/1207/2005 308/893/428 882/1209/2006
f 308/893/428 321/1208/440 433/520/610
f 882/1209/2006 308/893/428 2561/1053/1623
f 2155/840/1299 2088/870/1336 2096/1054/1624
f 2828/1056/199 336/491/200 330/30/30
s 0
f 1478/214/1061 1475/214/1061 1482/214/1061
f 734/214/1468 747/214/1468 744/214/1468
f 744/214/1468 700/214/1468 731/214/1468
f 700/214/1468 697/214/1468 731/214/1468
s 1
f 2083/841/1300 2076/621/740 2075/749/1021
f 222/294/304 221/262/265 192/261/264
f 1809/1057/1627 1807/819/1271 1866/437/465
f 1866/437/465 1867/970/1506 1809/1057/1627
f 86/87/87 105/111/111 84/110/110
f 2065/46/46 2055/1049/1617 2062/501/566
f 2188/1059/1629 2084/842/1301 2075/749/1021
f 2098/1055/1625 2096/1054/1624 2093/886/1373
f 1732/694/886 1336/518/1294 1505/506/1438
f 2043/419/438 2042/498/560 2034/780/1199
f 2096/1054/1624 2088/870/1336 2186/1061/1631
f 235/538/921 727/716/931 722/540/1232
f 727/716/931 769/426/831 774/968/1946
f 730/967/1365 727/716/931 774/968/1946
f 769/426/831 771/427/732 774/968/1946
f 1620/309/2007 1635/217/2008 1436/311/2009
s 0
f 1635/217/2010 1632/216/2011 1442/218/2011
s 1
f 1442/218/2012 1632/216/2013 1638/225/2014
f 1638/225/2014 1623/224/2015 1442/218/2012
f 1442/218/2016 1436/311/2009 1635/217/2008
f 2104/1064/1636 2099/370/381 2085/793/1244
f 2085/793/1244 2077/1058/1628 2053/1047/1615
f 2077/1058/1628 2072/1052/1622 2053/1047/1615
f 1356/827/1280 1342/710/918 1343/1210/2017
f 1342/710/918 568/709/917 572/1211/2018
f 1343/1210/2017 1342/710/918 572/1211/2018
f 1343/1210/2017 574/1065/1637 1356/827/1280
f 534/617/731 525/1212/405 523/550/1190
f 1862/356/366 1746/355/365 1750/1213/2019
f 1746/355/365 1743/965/1502 1750/1213/2019
f 1862/356/366 1750/1213/2019 1748/938/1455
f 1859/962/1496 1858/213/215 1728/1214/2020
f 1858/213/215 1719/212/214 1728/1214/2020
f 1728/1214/2020 1719/212/214 1730/923/1428
f 1743/965/1502 1859/962/1496 1742/1067/1639
f 1742/1067/1639 1750/1213/2019 1743/965/1502
f 1728/1214/2020 1736/1066/1638 1859/962/1496
f 2184/1069/1640 2093/886/1373 2096/1054/1624
f 480/214/1641 474/214/2021 470/214/2022
f 474/214/2021 387/214/2023 384/214/2024
f 470/214/2022 474/214/2021 384/214/2024
f 387/214/2023 395/214/2025 399/214/2026
f 395/214/2025 2736/214/1418 397/214/1420
f 399/214/2026 395/214/2025 397/214/1420
f 399/214/2026 384/214/2024 387/214/2023
f 470/214/2022 473/214/1642 480/214/1641
f 473/214/1642 477/214/2002 2846/214/1643
s 0
f 1709/920/1644 1720/869/1644 1725/695/1644
f 728/214/1164 773/214/1164 760/214/1164
s 1
f 2201/1071/1647 2199/1167/1986 2070/861/1317
f 2199/1167/1986 2071/623/742 2070/861/1317
f 2070/861/1317 2059/47/47 2068/1070/1646
f 2097/1060/1630 2093/886/1373 2110/722/967
f 2084/842/1301 2188/1059/1629 2186/1061/1631
f 2693/214/883 335/214/2027 337/214/1652
f 335/214/2027 2827/214/453 339/214/1265
f 337/214/1652 335/214/2027 339/214/1265
f 2348/204/1654 2349/204/1654 2335/204/542
f 2349/204/1654 2350/204/2028 2335/204/542
f 2335/204/542 2344/204/1332 2348/204/1654
f 2344/204/1332 2345/204/1654 2346/204/1654
f 2346/204/1654 2347/204/1654 2344/204/1332
s 0
f 1816/214/1655 1810/214/1655 1814/214/1655
f 1810/214/1655 1784/214/1655 1814/214/1655
f 1784/214/1655 1777/214/1655 1780/214/1655
s 1
f 539/579/691 501/563/669 483/562/667
f 2850/1077/680 499/568/676 539/579/691
f 235/538/921 753/556/645 704/770/878
f 701/560/877 745/559/920 743/207/890
f 210/696/889 235/538/921 704/770/878
f 701/560/877 743/207/890 210/696/889
s 0
f 1703/214/19 1705/214/19 1687/214/19
f 1705/214/19 1690/214/19 1687/214/19
f 1690/214/19 1669/214/19 1687/214/19
f 1669/214/19 1682/214/19 1666/214/19
f 1682/214/19 1684/214/19 1671/214/19
f 1684/214/19 1679/214/19 1671/214/19
f 1669/214/19 1666/214/19 1687/214/19
f 1729/214/19 1711/214/19 1713/214/19
f 1711/214/19 1703/214/19 1687/214/19
f 1735/214/19 1727/214/19 1733/214/19
f 1727/214/19 1729/214/19 1708/214/19
f 1733/214/19 1727/214/19 1708/214/19
f 1747/214/19 1749/214/19 1757/214/19
f 1749/214/19 1741/214/19 1744/214/19
f 1795/214/19 1768/214/19 1762/214/19
f 1768/214/19 1770/214/19 1762/214/19
f 1795/214/19 1762/214/19 1789/214/19
f 1778/214/19 1775/214/19 1792/214/19
f 1775/214/19 1781/214/19 1792/214/19
f 1781/214/19 1795/214/19 1789/214/19
f 1770/214/19 1772/214/19 1762/214/19
f 1789/214/19 1792/214/19 1781/214/19
f 1772/214/19 1760/214/19 1762/214/19
f 1760/214/19 1747/214/19 1753/214/19
f 1762/214/19 1760/214/19 1765/214/19
f 1751/214/19 1765/214/19 1760/214/19
f 1757/214/19 1753/214/19 1747/214/19
f 1753/214/19 1751/214/19 1760/214/19
f 1737/214/19 1739/214/19 1735/214/19
f 1739/214/19 1744/214/19 1741/214/19
f 1735/214/19 1739/214/19 1741/214/19
f 1744/214/19 1757/214/19 1749/214/19
f 1733/214/19 1737/214/19 1735/214/19
f 1713/214/19 1708/214/19 1729/214/19
f 1700/214/19 1716/214/19 1713/214/19
f 1700/214/19 1713/214/19 1711/214/19
f 1711/214/19 1687/214/19 1700/214/19
s 1
f 2045/1037/1602 24/1100/1681 2150/1099/1680
f 2151/1042/1610 2152/1101/1682 24/1100/1681
f 2049/1046/1614 1/1102/1683 2152/1101/1682
f 2061/1051/1619 3/1103/1684 1/1102/1683
f 2154/622/741 5/1104/1685 3/1103/1684
f 2076/621/740 8/1105/1686 5/1104/1685
f 2083/841/1300 12/1106/1687 8/1105/1686
f 2155/840/1299 11/1108/1689 12/1106/1687
f 2155/840/1299 2098/1055/1625 16/1107/1688
f 2098/1055/1625 2097/1060/1630 19/1109/1690
f 2097/1060/1630 2156/1072/1648 21/1110/1691
f 2156/1072/1648 2116/724/969 23/1111/1692
f 2116/724/969 2125/1081/1660 2159/1112/1693
f 2125/1081/1660 2157/964/1498 2162/1113/1694
f 2157/964/1498 2160/963/1497 38/1114/1695
f 2160/963/1497 2137/1093/1674 40/1115/1696
f 2364/214/1697 2387/214/1774 2394/214/1773
f 2394/214/1773 2372/214/1698 2364/214/1697
f 2372/214/1698 2370/214/1770 2368/214/1699
f 1614/1163/1955 1559/844/1303 2774/1117/1701
f 1559/844/1303 1586/846/1305 2774/1117/1701
f 1586/846/1305 1589/889/1376 2709/1215/2029
f 1589/889/1376 1609/892/1382 2709/1215/2029
f 1586/846/1305 2709/1215/2029 2749/1116/1700
f 531/214/672 2864/214/671 533/214/1703
f 533/214/1703 528/214/1609 535/214/1702
f 528/214/1609 526/214/2003 535/214/1702
s 0
f 2165/214/19 2738/214/19 2168/214/19
f 2168/214/19 2208/214/19 2163/214/19
f 2208/214/19 2866/214/19 2063/214/19
f 2063/214/19 2081/214/19 2208/214/19
f 2081/214/19 2079/214/19 2208/214/19
f 2091/214/19 2165/214/19 2168/214/19
f 2086/214/19 2091/214/19 2168/214/19
f 2208/214/19 2079/214/19 2163/214/19
f 2735/214/1704 2180/214/1704 2176/214/1704
s 1
f 464/214/1705 2861/214/1645 511/214/2030
f 2861/214/1645 509/214/945 511/214/2030
f 511/214/2030 462/214/1059 464/214/1705
s 0
f 2731/214/1706 1634/214/1706 1618/214/1706
s 1
f 520/593/706 442/529/619 2699/1118/695
f 442/529/619 453/546/639 2699/1118/695
f 2331/214/1709 2327/214/1759 2326/214/2031
f 2327/214/1759 2322/214/1757 2326/214/2031
f 2326/214/2031 2302/214/1708 2331/214/1709
s 0
f 2214/214/1710 2777/214/1710 2067/214/1710
f 2067/214/1710 2868/214/1710 2209/214/1710
f 2213/214/1711 2207/214/1711 2196/214/1711
f 2207/214/1711 2167/214/1711 2196/214/1711
f 2167/214/1711 2210/214/1711 2178/214/1711
f 2210/214/1711 2175/214/1711 2178/214/1711
f 2178/214/1711 2196/214/1711 2167/214/1711
f 2217/204/1711 2218/204/1711 2219/204/1711
f 2220/600/2032 2018/1123/2032 2223/1119/2032
s 1
f 590/732/983 2227/652/776 2226/1119/1712
f 2225/1119/2033 2230/1124/2034 2231/650/773
f 2231/650/773 2229/1124/2035 2022/1120/1713
f 588/811/1262 2232/651/774 2022/1120/1713
f 587/811/2036 2023/1120/2037 2027/1121/2038
f 2666/592/1715 2025/1121/1714 2028/1122/2039
f 2221/387/777 2235/387/779 595/387/781
f 923/600/715 2826/652/1069 2140/1119/2040
f 2140/1119/2040 2826/652/1069 2243/732/1068
f 2243/732/1068 2242/650/1067 2140/1119/2040
f 2242/650/1067 2823/651/1066 2143/1120/1723
f 2143/1120/1723 2823/651/1066 921/811/1457
f 2143/1120/1723 921/811/1457 2804/592/705
s 0
f 2807/592/2041 2809/762/2041 2249/1122/2041
s 1
f 1252/387/575 2250/387/1070 922/387/880
f 595/387/781 2252/387/2042 2253/387/1729
f 2253/387/1729 2252/387/2042 2258/387/1730
f 2255/387/1731 2258/387/1730 2785/387/559
s 0
f 2101/214/1499 2181/214/1499 2179/214/1499
f 2181/214/1499 2183/214/1499 2179/214/1499
f 2183/214/1499 2094/214/1499 2179/214/1499
f 2179/214/1499 2733/214/1499 2101/214/1499
f 2193/214/1499 2197/214/1499 2191/214/1499
f 2197/214/1499 2179/214/1499 2185/214/1499
f 2191/214/1499 2197/214/1499 2189/214/1499
f 2187/214/1499 2189/214/1499 2197/214/1499
f 2187/214/1499 2197/214/1499 2185/214/1499
s 1
f 2765/387/1337 2264/387/1733 2126/387/1732
f 2264/387/1733 2268/387/2042 2265/387/1734
f 2265/387/1734 2268/387/2042 1252/387/575
f 2274/1127/1737 2277/1149/2043 2271/1125/1735
f 2277/1149/2043 2269/1142/1753 2271/1125/1735
f 2073/502/567 2062/501/566 2072/1052/1622
f 2286/214/2044 2281/214/963 2288/214/1741
f 2281/214/963 2279/214/962 2275/214/1736
f 2279/214/962 2273/214/1440 2275/214/1736
f 2290/214/1738 2288/214/1741 2281/214/963
f 2276/1126/1736 2271/1125/1735 2283/1128/1739
s 0
f 2794/214/1706 1843/214/1706 1846/214/1706
s 1
f 2291/1129/1738 2283/1128/1739 2285/1130/1740
f 2281/214/963 2286/214/2044 2287/214/1742
f 2287/214/1742 2286/214/2044 2288/214/1741
f 2311/1132/1744 2292/1138/1749 2294/1133/1745
f 2301/1137/1708 2325/1145/1756 2305/1135/1746
f 2325/1145/1756 2323/1150/1751 2305/1135/1746
f 2319/1143/1754 2299/1136/1747 2311/1132/1744
f 2299/1136/1747 2305/1135/1746 2311/1132/1744
f 2324/214/1751 2329/214/1755 2330/214/1758
f 2303/214/1442 2298/214/648 2306/214/1750
f 2298/214/648 2295/214/647 2293/214/1749
f 2324/214/1751 2330/214/1758 2303/214/1442
f 2293/214/1749 2306/214/1750 2298/214/648
f 2277/1149/2043 2319/1143/1754 2269/1142/1753
f 2319/1143/1754 2311/1132/1744 2316/1140/1752
f 2312/1141/587 2319/1143/1754 2316/1140/1752
f 2328/1144/1755 2323/1150/1751 2325/1145/1756
f 2331/214/1709 2303/214/1442 2330/214/1758
f 2327/214/1759 2330/214/1758 2329/214/1755
f 2334/204/1761 2335/204/542 2336/204/1762
s 0
f 1095/214/604 1097/214/604 1089/214/604
f 1097/214/604 1075/214/604 1089/214/604
f 1089/214/604 1065/214/604 1095/214/604
s 1
f 2335/204/542 2350/204/2028 2351/204/1764
f 2355/214/1765 2354/214/2045 2353/214/1766
s 0
f 2357/1147/1500 2356/1147/1500 2363/1147/1500
f 2363/1147/1500 2362/1147/1500 2357/1147/1500
f 2362/1147/1500 2361/1147/1500 2358/1147/1500
f 2357/1147/1500 2362/1147/1500 2358/1147/1500
f 2361/1147/1500 2360/1147/1500 2359/1147/1500
s 1
f 2371/1145/1768 2385/1150/1157 2366/1144/1156
f 2364/214/1697 2368/214/1699 2365/214/1155
f 2367/214/1156 2365/214/1155 2368/214/1699
f 2375/1216/2046 2373/1149/1772 2388/1148/1771
f 2373/1149/1772 2404/1142/1789 2379/1141/885
f 2381/214/493 2377/214/1393 2378/214/884
f 2377/214/1393 2382/214/1392 2390/214/1362
f 2393/1137/1773 2375/1216/2046 2383/1133/2047
f 2375/1216/2046 2388/1148/1771 2383/1133/2047
f 2383/1133/2047 2385/1150/1157 2393/1137/1773
f 2390/214/1362 2382/214/1392 2392/214/520
f 2382/214/1392 2387/214/1774 2392/214/520
f 2387/214/1774 2364/214/1697 2391/214/521
f 1890/979/1515 1891/796/1249 1861/966/1503
f 2403/1151/1781 2410/1152/1790 2396/1127/1782
f 2408/214/1784 2401/214/1795 2398/214/1785
f 2398/214/1785 2401/214/1795 2399/214/1787
f 2373/1149/1772 2410/1152/1790 2404/1142/1789
f 2410/1152/1790 2403/1151/1781 2407/1130/1791
f 2408/214/1784 2397/214/1786 2409/214/1233
f 2397/214/1786 2377/214/1393 2381/214/493
f 2417/204/1793 2418/204/2048 2416/204/2048
f 2416/204/2048 2415/204/1269 2417/204/1793
f 2425/204/2049 2417/204/1793 2424/204/1794
f 2417/204/1793 2426/204/206 2422/204/1794
f 2424/204/1794 2417/204/1793 2423/204/1794
f 2426/204/206 2419/204/1797 2420/204/1794
f 2420/204/1794 2421/204/2050 2426/204/206
f 2421/204/2050 2422/204/1794 2426/204/206
f 2408/214/1784 2409/214/1233 2402/214/1781
f 2409/214/1233 2406/214/492 2402/214/1781
f 2402/214/1781 2399/214/1787 2408/214/1784
f 2428/204/409 2429/204/2051 2430/204/1796
f 2432/214/1798 2433/214/2052 2434/214/1799
s 0
f 2442/1147/1363 2435/1147/1363 2436/1147/1363
f 2436/1147/1363 2437/1147/1363 2442/1147/1363
f 2437/1147/1363 2438/1147/1363 2441/1147/1363
f 2442/1147/1363 2437/1147/1363 2441/1147/1363
f 2438/1147/1363 2439/1147/1363 2440/1147/1363
s 1
f 2443/1153/1801 2453/1153/1805 2449/1153/1802
f 2452/1153/1804 2445/1153/1807 2453/1153/1805
f 2444/1153/1806 2454/1153/1809 2445/1153/1807
f 2446/1153/1808 2447/1153/1811 2454/1153/1809
f 2446/1153/1808 2448/1153/1812 2450/1153/1810
f 2451/1153/1803 2449/1153/1802 2450/1153/1810
f 2443/1153/1801 2451/1153/1803 2448/1153/1812
f 2448/1153/1812 2446/1153/1808 2444/1153/1806
f 2444/1153/1806 2452/1153/1804 2443/1153/1801
f 2450/1153/1810 2449/1153/1802 2454/1153/1809
f 2449/1153/1802 2453/1153/1805 2454/1153/1809
f 2453/1153/1805 2445/1153/1807 2454/1153/1809
f 2476/1153/1813 2478/1153/1816 2464/1153/1814
f 2478/1153/1816 2480/1153/1819 2466/1153/1817
f 2455/1153/1818 2467/1153/1821 2466/1153/1817
f 2457/1153/1820 2468/1153/1823 2467/1153/1821
f 2457/1153/1820 2459/1153/1824 2470/1153/1822
f 2459/1153/1824 2461/1153/1827 2471/1153/1825
f 2482/1153/1826 2463/1153/1828 2471/1153/1825
f 2476/1153/1813 2473/1153/1815 2463/1153/1828
f 2464/1153/1814 2465/1153/1830 2474/1153/1829
f 2466/1153/1817 2484/1153/1832 2465/1153/1830
f 2466/1153/1817 2467/1153/1821 2469/1153/1831
f 2467/1153/1821 2468/1153/1823 2485/1153/1833
f 2470/1153/1822 2486/1153/1834 2485/1153/1833
f 2471/1153/1825 2472/1153/1836 2486/1153/1834
f 2471/1153/1825 2463/1153/1828 2475/1153/1835
f 2463/1153/1828 2473/1153/1815 2474/1153/1829
f 2479/214/1816 2477/214/1813 2483/214/1826
f 2483/214/1826 2462/214/1850 2479/214/1816
f 2462/214/1850 2460/214/1824 2481/214/1837
f 2479/214/1816 2462/214/1850 2481/214/1837
f 2460/214/1824 2458/214/1820 2456/214/1818
f 2475/1153/1835 2474/1153/1829 2465/1153/1830
f 2465/1153/1830 2484/1153/1832 2475/1153/1835
f 2484/1153/1832 2469/1153/1831 2472/1153/1836
f 2475/1153/1835 2484/1153/1832 2472/1153/1836
f 2469/1153/1831 2485/1153/1833 2486/1153/1834
f 2487/1153/1838 2489/1153/1841 2498/1153/1839
f 2489/1153/1841 2490/1153/1844 2492/1153/1842
f 2491/1153/1843 2493/1153/1846 2492/1153/1842
f 2497/1153/1845 2494/1153/1848 2493/1153/1846
f 2495/1153/1847 2496/1153/1849 2494/1153/1848
f 2495/1153/1847 2487/1153/1838 2488/1153/1840
f 2489/1153/1841 2487/1153/1838 2495/1153/1847
f 2495/1153/1847 2497/1153/1845 2491/1153/1843
f 2491/1153/1843 2490/1153/1844 2495/1153/1847
f 2496/1153/1849 2488/1153/1840 2498/1153/1839
f 2498/1153/1839 2492/1153/1842 2493/1153/1846
f 2493/1153/1846 2494/1153/1848 2496/1153/1849
f 2511/1153/1820 2513/1153/1823 2499/1153/1821
f 2524/1153/1818 2499/1153/1821 2515/1153/1817
f 2515/1153/1817 2502/1153/1814 2500/1153/1816
f 2502/1153/1814 2505/1153/1815 2503/1153/1813
f 2503/1153/1813 2505/1153/1815 2506/1153/1828
f 2528/1153/1826 2506/1153/1828 2519/1153/1825
f 2519/1153/1825 2521/1153/1822 2509/1153/1824
f 2521/1153/1822 2513/1153/1823 2511/1153/1820
f 2522/1153/1833 2514/1153/1831 2499/1153/1821
f 2514/1153/1831 2517/1153/1832 2515/1153/1817
f 2515/1153/1817 2517/1153/1832 2516/1153/1830
f 2502/1153/1814 2516/1153/1830 2518/1153/1829
f 2518/1153/1829 2530/1153/1835 2506/1153/1828
f 2530/1153/1835 2520/1153/1836 2519/1153/1825
f 2519/1153/1825 2520/1153/1836 2523/1153/1834
f 2521/1153/1822 2523/1153/1834 2522/1153/1833
f 2510/214/1824 2512/214/1820 2525/214/1818
f 2525/214/1818 2527/214/1837 2510/214/1824
f 2527/214/1837 2501/214/1816 2508/214/1850
f 2510/214/1824 2527/214/1837 2508/214/1850
f 2501/214/1816 2504/214/1813 2529/214/1826
f 2514/1153/1831 2522/1153/1833 2523/1153/1834
f 2523/1153/1834 2520/1153/1836 2514/1153/1831
f 2520/1153/1836 2530/1153/1835 2517/1153/1832
f 2514/1153/1831 2520/1153/1836 2517/1153/1832
f 2530/1153/1835 2518/1153/1829 2516/1153/1830
f 2542/1154/1852 2531/1154/2053 2538/1154/1853
f 2531/1154/2053 2532/1154/2054 2537/1154/2055
f 2538/1154/1853 2531/1154/2053 2537/1154/2055
s 0
f 2532/1154/2054 2533/1154/2054 2536/1154/2054
f 2533/1154/2054 2534/1154/2054 2535/1154/2054
f 2536/1154/2054 2533/1154/2054 2535/1154/2054
s 1
f 2536/1154/2054 2537/1154/2055 2532/1154/2054
f 2538/1154/1853 2539/1154/1851 2541/1154/1851
s 0
f 2539/1154/1851 2540/1154/1851 2541/1154/1851
s 1
f 2549/1154/1854 2543/1154/1857 2551/1154/1855
f 2543/1154/1857 2560/1154/1859 2545/1154/1858
f 2560/1154/1859 2546/1154/1862 2554/1154/1860
f 2547/1154/1861 2556/1154/1864 2554/1154/1860
f 2548/1154/1863 2550/1154/1865 2556/1154/1864
f 2549/1154/1854 2544/1154/1856 2550/1154/1865
f 2551/1154/1855 2567/1154/1867 2552/1154/1866
f 2545/1154/1858 2568/1154/1868 2567/1154/1867
f 2554/1154/1860 2553/1154/1870 2568/1154/1868
f 2554/1154/1860 2556/1154/1864 2555/1154/1869
f 2556/1154/1864 2550/1154/1865 2557/1154/1871
f 2550/1154/1865 2544/1154/1856 2552/1154/1866
f 2543/1154/1857 2549/1154/1854 2546/1154/1862
f 2549/1154/1854 2548/1154/1863 2546/1154/1862
f 2548/1154/1863 2547/1154/1861 2546/1154/1862
f 2557/1154/1871 2552/1154/1866 2567/1154/1867
f 2567/1154/1867 2568/1154/1868 2557/1154/1871
f 2568/1154/1868 2553/1154/1870 2557/1154/1871
f 2569/1154/1872 2570/1154/1876 2605/1154/1873
f 2575/1154/1875 2579/1154/1878 2570/1154/1876
f 2576/1154/1877 2612/1154/1880 2579/1154/1878
f 2576/1154/1877 2582/1154/1881 2615/1154/1879
f 2582/1154/1881 2587/1154/1883 2588/1154/1882
f 2587/1154/1883 2589/1154/1885 2622/1154/1884
f 2589/1154/1885 2592/1154/1888 2593/1154/1886
f 2598/1154/1887 2601/1154/1890 2593/1154/1886
f 2602/1154/1889 2604/1154/1891 2601/1154/1890
f 2603/1154/1874 2605/1154/1873 2604/1154/1891
f 2605/1154/1873 2570/1154/1876 2606/1154/1892
f 2570/1154/1876 2579/1154/1878 2640/1154/1894
f 2612/1154/1880 2611/1154/1895 2640/1154/1894
f 2615/1154/1879 2619/1154/1896 2611/1154/1895
f 2588/1154/1882 2645/1154/1897 2619/1154/1896
f 2622/1154/1884 2628/1154/1898 2645/1154/1897
f 2593/1154/1886 2629/1154/1899 2628/1154/1898
f 2601/1154/1890 2654/1154/1901 2629/1154/1899
f 2601/1154/1890 2604/1154/1891 2655/1154/1900
f 2604/1154/1891 2605/1154/1873 2633/1154/1893
f 2633/1154/1893 2606/1154/1892 2637/1154/1902
f 2606/1154/1892 2640/1154/1894 2642/1154/1904
f 2611/1154/1895 2663/1154/1905 2642/1154/1904
f 2619/1154/1896 2665/1154/1906 2663/1154/1905
f 2645/1154/1897 2649/1154/1907 2665/1154/1906
f 2628/1154/1898 2647/1154/1908 2649/1154/1907
f 2629/1154/1899 2651/1154/1909 2647/1154/1908
f 2654/1154/1901 2659/1154/1911 2651/1154/1909
f 2654/1154/1901 2655/1154/1900 2657/1154/1910
f 2655/1154/1900 2633/1154/1893 2661/1154/1903
f 2656/214/1914 2660/214/1903 2636/214/1934
f 2636/214/1934 2641/214/2056 2656/214/1914
f 2641/214/2056 2662/214/1912 2656/214/1914
f 2662/214/1912 2664/214/1906 2648/214/1907
f 2648/214/1907 2646/214/2057 2662/214/1912
f 2646/214/2057 2650/214/1913 2662/214/1912
f 2650/214/1913 2658/214/1911 2656/214/1914
f 2569/1154/1872 2603/1154/1874 2602/1154/1889
f 2602/1154/1889 2598/1154/1887 2592/1154/1888
f 2592/1154/1888 2589/1154/1885 2587/1154/1883
f 2587/1154/1883 2582/1154/1881 2576/1154/1877
f 2576/1154/1877 2575/1154/1875 2569/1154/1872
f 2569/1154/1872 2602/1154/1889 2592/1154/1888
f 2592/1154/1888 2587/1154/1883 2569/1154/1872
f 2671/1154/1915 2672/1154/1919 2673/1154/1916
f 2678/1154/1918 2677/1154/1921 2672/1154/1919
f 2679/1154/1920 2681/1154/1923 2677/1154/1921
f 2679/1154/1920 2680/1154/1924 2700/1154/1922
f 2680/1154/1924 2685/1154/1926 2682/1154/1925
f 2685/1154/1926 2686/1154/1917 2673/1154/1916
f 2673/1154/1916 2672/1154/1919 2691/1154/1927
f 2672/1154/1919 2677/1154/1921 2692/1154/1929
f 2677/1154/1921 2681/1154/1923 2701/1154/1930
f 2700/1154/1922 2716/1154/1931 2701/1154/1930
f 2682/1154/1925 2702/1154/1932 2716/1154/1931
f 2673/1154/1916 2703/1154/1928 2702/1154/1932
f 2671/1154/1915 2686/1154/1917 2685/1154/1926
f 2685/1154/1926 2680/1154/1924 2679/1154/1920
f 2679/1154/1920 2678/1154/1918 2685/1154/1926
f 2702/1154/1932 2703/1154/1928 2691/1154/1927
f 2691/1154/1927 2692/1154/1929 2702/1154/1932
f 2692/1154/1929 2701/1154/1930 2702/1154/1932
f 2720/1154/1933 2753/1154/1876 2719/1154/1873
f 2721/1154/1875 2754/1154/1878 2753/1154/1876
f 2724/1154/1877 2725/1154/1880 2754/1154/1878
f 2724/1154/1877 2726/1154/1881 2763/1154/1879
f 2726/1154/1881 2831/1154/1883 2766/1154/1882
f 2831/1154/1883 2832/1154/1885 2767/1154/1884
f 2832/1154/1885 2833/1154/1888 2744/1154/1886
f 2743/1154/1887 2771/1154/1890 2744/1154/1886
f 2747/1154/1889 2779/1154/1891 2771/1154/1890
f 2748/1154/1874 2719/1154/1873 2779/1154/1891
f 2719/1154/1873 2753/1154/1876 2781/1154/1892
f 2753/1154/1876 2754/1154/1878 2786/1154/1894
f 2725/1154/1880 2789/1154/1895 2786/1154/1894
f 2763/1154/1879 2790/1154/1896 2789/1154/1895
f 2766/1154/1882 2796/1154/1897 2790/1154/1896
f 2767/1154/1884 2768/1154/1898 2796/1154/1897
f 2744/1154/1886 2772/1154/1899 2768/1154/1898
f 2771/1154/1890 2803/1154/1901 2772/1154/1899
f 2771/1154/1890 2779/1154/1891 2780/1154/1900
f 2779/1154/1891 2719/1154/1873 2752/1154/1893
f 2752/1154/1893 2781/1154/1892 2783/1154/1934
f 2781/1154/1892 2786/1154/1894 2788/1154/1904
f 2789/1154/1895 2822/1154/1905 2788/1154/1904
f 2790/1154/1896 2792/1154/1906 2822/1154/1905
f 2796/1154/1897 2798/1154/1907 2792/1154/1906
f 2768/1154/1898 2802/1154/1908 2798/1154/1907
f 2772/1154/1899 2800/1154/1909 2802/1154/1908
f 2803/1154/1901 2825/1154/1911 2800/1154/1909
f 2803/1154/1901 2780/1154/1900 2814/1154/1910
f 2780/1154/1900 2752/1154/1893 2816/1154/1903
f 2813/214/1914 2815/214/1903 2782/214/1934
f 2782/214/1934 2787/214/2056 2813/214/1914
f 2787/214/2056 2821/214/1912 2813/214/1914
f 2821/214/1912 2791/214/1906 2797/214/1907
f 2797/214/1907 2801/214/2057 2821/214/1912
f 2801/214/2057 2799/214/1913 2821/214/1912
f 2799/214/1913 2824/214/1911 2813/214/1914
f 2720/1154/1933 2748/1154/1874 2747/1154/1889
f 2747/1154/1889 2743/1154/1887 2833/1154/1888
f 2833/1154/1888 2832/1154/1885 2724/1154/1877
f 2832/1154/1885 2831/1154/1883 2724/1154/1877
f 2831/1154/1883 2726/1154/1881 2724/1154/1877
f 2724/1154/1877 2721/1154/1875 2720/1154/1933
f 2720/1154/1933 2747/1154/1889 2833/1154/1888
f 2862/1155/1935 2858/1158/1941 2839/1156/1936
f 2840/1156/1938 2841/1158/1942 2859/1155/1939
f 2839/1156/1936 2840/1156/1938 2865/1157/1940
f 2858/1158/1941 2841/1158/1942 2840/1156/1938
f 2862/1155/1935 2859/1155/1939 2841/1158/1942
f 2834/1157/1937 2865/1157/1940 2859/1155/1939
o Wheel_FL
v -0.617500 0.501948 -1.406948
v -0.617500 0.501948 -1.406948
v -0.649500 0.453520 -1.536032
v -0.617500 0.555274 -1.327140
v -0.617500 0.555274 -1.327140
v -0.617500 0.574000 -1.233000
v -0.617500 0.574000 -1.233000
v -0.617500 0.555274 -1.138860
v -0.617500 0.555274 -1.138860
v -0.649500 0.656000 -1.233000
v -0.649500 0.559931 -1.001069
v -0.617500 0.501948 -1.059052
v -0.617500 0.501948 -1.059052
v -0.617500 0.422140 -1.005726
v -0.617500 0.422140 -1.005726
v -0.649500 0.328000 -0.905000
v -0.617500 0.233860 -1.005726
v -0.617500 0.233860 -1.005726
v -0.649500 0.202480 -0.929968
v -0.649500 0.096069 -1.001069
v -0.649500 0.024968 -1.107480
v -0.649500 0.000000 -1.233000
v -0.617500 0.154052 -1.406948
v -0.617500 0.154052 -1.406948
v -0.649500 0.328000 -1.561000
v -0.857500 0.453520 -1.536032
v -0.649500 0.559931 -1.464931
v -0.649500 0.631032 -1.358520
v -0.857500 0.656000 -1.233000
v -0.649500 0.631032 -1.107480
v -0.857500 0.631032 -1.107480
v -0.649500 0.453520 -0.929968
v -0.857500 0.328000 -0.905000
v -0.857500 0.024968 -1.107480
v -0.649500 0.024968 -1.358520
v -0.649500 0.096069 -1.464931
v -0.857500 0.096069 -1.464931
v -0.649500 0.202480 -1.536032
v -0.857500 0.202480 -1.536032
v -0.857500 0.328000 -1.561000
v -0.857500 0.559931 -1.464931
v -0.857500 0.631032 -1.358520
v -0.893500 0.542960 -1.447960
v -0.893500 0.632000 -1.233000
v -0.857500 0.559931 -1.001069
v -0.893500 0.542960 -1.018040
v -0.857500 0.453520 -0.929968
v -0.857500 0.202480 -0.929968
v -0.893500 0.211664 -0.952141
v -0.857500 0.096069 -1.001069
v -0.893500 0.113040 -1.018040
v -0.893500 0.024000 -1.233000
v -0.893500 0.047141 -1.116664
v -0.857500 0.000000 -1.233000
v -0.857500 0.024968 -1.358520
v -0.893500 0.047141 -1.349336
v -0.893500 0.444336 -1.513859
v -0.892500 0.414486 -1.441797
v -0.892500 0.414486 -1.441797
v -0.892500 0.487806 -1.392806
v -0.892500 0.487806 -1.392806
v -0.892500 0.536797 -1.319486
v -0.892500 0.536797 -1.319486
v -0.893500 0.608859 -1.349336
v -0.892500 0.554000 -1.233000
v -0.892500 0.554000 -1.233000
v -0.893500 0.608859 -1.116664
v -0.892500 0.487806 -1.073194
v -0.892500 0.487806 -1.073194
v -0.893500 0.444336 -0.952141
v -0.893500 0.328000 -0.929000
v -0.892500 0.241514 -1.024203
v -0.892500 0.241514 -1.024203
v -0.892500 0.328000 -1.007000
v -0.892500 0.328000 -1.007000
v -0.892500 0.168194 -1.073194
v -0.892500 0.168194 -1.073194
v -0.892500 0.102000 -1.233000
v -0.892500 0.102000 -1.233000
v -0.893500 0.113040 -1.447960
v -0.893500 0.211664 -1.513859
v -0.892500 0.241514 -1.441797
v -0.892500 0.241514 -1.441797
v -0.892500 0.168194 -1.392806
v -0.892500 0.168194 -1.392806
v -0.893500 0.328000 -1.537000
v -0.892500 0.328000 -1.459000
v -0.892500 0.328000 -1.459000
v -0.883500 0.406067 -1.421471
v -0.883500 0.406067 -1.421471
v -0.883500 0.472250 -1.377250
v -0.883500 0.472250 -1.377250
v -0.883500 0.532000 -1.233000
v -0.883500 0.532000 -1.233000
v -0.883500 0.516471 -1.311067
v -0.883500 0.516471 -1.311067
v -0.892500 0.536797 -1.146514
v -0.892500 0.536797 -1.146514
v -0.883500 0.516471 -1.154933
v -0.883500 0.516471 -1.154933
v -0.883500 0.406067 -1.044529
v -0.883500 0.406067 -1.044529
v -0.892500 0.414486 -1.024203
v -0.892500 0.414486 -1.024203
v -0.883500 0.328000 -1.029000
v -0.883500 0.328000 -1.029000
v -0.883500 0.249933 -1.044529
v -0.883500 0.249933 -1.044529
v -0.892500 0.119203 -1.146514
v -0.892500 0.119203 -1.146514
v -0.883500 0.139529 -1.154933
v -0.883500 0.139529 -1.154933
v -0.892500 0.119203 -1.319486
v -0.892500 0.119203 -1.319486
v -0.883500 0.183750 -1.377250
v -0.883500 0.183750 -1.377250
v -0.883500 0.328000 -1.437000
v -0.883500 0.328000 -1.437000
v -0.883500 0.249933 -1.421471
v -0.883500 0.249933 -1.421471
v -0.617500 0.328000 -1.479000
v -0.617500 0.328000 -1.479000
v -0.617500 0.422140 -1.460274
v -0.617500 0.422140 -1.460274
v -0.617500 0.328000 -0.987000
v -0.617500 0.328000 -0.987000
v -0.617500 0.154052 -1.059052
v -0.617500 0.154052 -1.059052
v -0.617500 0.100726 -1.138860
v -0.617500 0.100726 -1.138860
v -0.617500 0.082000 -1.233000
v -0.617500 0.082000 -1.233000
v -0.617500 0.100726 -1.327140
v -0.617500 0.100726 -1.327140
v -0.617500 0.233860 -1.460274
v -0.617500 0.233860 -1.460274
v -0.883500 0.472250 -1.088750
v -0.883500 0.472250 -1.088750
v -0.883500 0.183750 -1.088750
v -0.883500 0.183750 -1.088750
v -0.883500 0.124000 -1.233000
v -0.883500 0.124000 -1.233000
v -0.883500 0.139529 -1.311067
v -0.883500 0.139529 -1.311067
vn 0.5336 -0.0000 -0.8457
vn 0.9783 0.0793 -0.1913
vn 0.9783 -0.0000 -0.2071
vn 0.5336 0.3236 -0.7813
vn 0.9783 0.1464 -0.1464
vn 0.5336 0.7813 -0.3236
vn 0.9783 0.1913 -0.0793
vn 0.5336 0.8457 -0.0000
vn 0.9783 0.2071 -0.0000
vn 0.5337 0.7813 0.3236
vn 0.9783 0.1913 0.0793
vn 0.9783 0.1464 0.1464
vn 0.5336 0.5980 0.5980
vn 0.9783 0.0793 0.1913
vn 0.5336 -0.0000 0.8457
vn 0.9783 -0.0000 0.2071
vn 0.5336 -0.3236 0.7813
vn 0.9783 -0.0793 0.1913
vn 0.5337 -0.5980 0.5980
vn 0.9783 -0.1464 0.1464
vn 0.9783 -0.1913 0.0793
vn 0.5336 -0.8457 -0.0000
vn 0.9783 -0.2071 -0.0000
vn 0.5336 -0.7813 -0.3236
vn 0.9783 -0.1913 -0.0793
vn 0.5336 -0.5980 -0.5980
vn 0.9783 -0.1464 -0.1464
vn 0.5337 -0.3236 -0.7813
vn 0.9783 -0.0792 -0.1914
vn -0.2803 -0.0000 -0.9599
vn -0.2803 0.3673 -0.8869
vn 0.5336 0.5980 -0.5980
vn -0.2803 0.6788 -0.6788
vn -0.2803 0.8869 -0.3673
vn -0.2803 0.9599 -0.0000
vn -0.2803 0.8869 0.3673
vn -0.2803 0.6788 0.6788
vn 0.5336 0.3236 0.7813
vn -0.2803 0.3673 0.8869
vn -0.2803 -0.0000 0.9599
vn -0.2803 -0.3673 0.8869
vn -0.2803 -0.6788 0.6788
vn 0.5336 -0.7813 0.3236
vn -0.2803 -0.8869 0.3673
vn -0.2803 -0.9599 -0.0000
vn -0.2803 -0.8869 -0.3674
vn -0.2803 -0.6788 -0.6788
vn -0.2803 -0.3673 -0.8869
vn -0.8600 -0.0000 -0.5103
vn -0.8600 0.3608 -0.3608
vn -0.8600 0.4715 -0.1953
vn -0.8600 0.4715 0.1953
vn -0.8600 0.3608 0.3608
vn -0.8600 0.1953 0.4715
vn -0.8600 -0.0000 0.5103
vn -0.8600 -0.3608 0.3608
vn -0.8600 -0.4715 0.1953
vn -0.8600 -0.5103 -0.0000
vn -0.8600 -0.4715 -0.1953
vn -0.8600 -0.3608 -0.3608
vn -0.9843 -0.0676 0.1632
vn -0.8600 0.1953 -0.4715
vn -0.9843 -0.1249 0.1249
vn -0.9843 -0.1632 0.0676
vn -0.8600 0.5103 -0.0000
vn -0.9843 -0.1632 -0.0676
vn -0.9843 -0.1249 -0.1249
vn -0.9843 -0.0676 -0.1632
vn -0.9843 0.0676 -0.1632
vn -0.8600 -0.1953 0.4715
vn -0.9843 0.1249 -0.1249
vn -0.9843 0.1632 -0.0676
vn -0.9843 0.1632 0.0676
vn -0.9843 0.1249 0.1249
vn -0.8600 -0.1953 -0.4715
vn -0.9843 0.0676 0.1632
vn -0.9843 -0.0000 0.1767
vn -0.9764 -0.0827 0.1995
vn -0.9764 -0.1527 0.1527
vn -0.9843 -0.1633 0.0676
vn -0.9764 -0.2159 -0.0000
vn -0.9843 -0.1766 -0.0000
vn -0.9764 -0.1995 -0.0827
vn -0.9764 -0.0826 -0.1995
vn -0.9764 -0.0000 -0.2159
vn -0.9843 -0.0000 -0.1766
vn -0.9764 0.0827 -0.1996
vn -0.9764 0.1527 -0.1527
vn -0.9764 0.1995 -0.0826
vn -0.9843 0.1766 -0.0000
vn -0.9764 0.2160 -0.0000
vn -0.9764 0.1995 0.0827
vn -0.9764 0.1527 0.1527
vn -0.9764 0.0826 0.1995
vn 0.9783 -0.0792 -0.1913
vn -1.0000 -0.0000 -0.0000
vn -0.9843 -0.0000 0.1766
vn -0.9764 -0.0000 0.2160
vn -0.9764 -0.1995 0.0826
vn -0.9764 -0.1527 -0.1527
vn 0.9783 -0.0793 0.1912
vt 0.429688 0.220703
vt 0.421890 0.197720
vt 0.423340 0.220703
vt 0.427755 0.190059
vt 0.417762 0.178235
vt 0.414013 0.146721
vt 0.411584 0.165216
vt 0.404297 0.140625
vt 0.404297 0.160645
vt 0.394580 0.146721
vt 0.397009 0.165216
vt 0.390831 0.178235
vt 0.386343 0.164079
vt 0.386703 0.197720
vt 0.378906 0.220703
vt 0.385254 0.220703
vt 0.380839 0.251348
vt 0.386703 0.243687
vt 0.386343 0.277327
vt 0.390831 0.263171
vt 0.397009 0.276190
vt 0.404297 0.300781
vt 0.404297 0.280762
vt 0.414013 0.294686
vt 0.411584 0.276190
vt 0.422251 0.277327
vt 0.417762 0.263171
vt 0.427755 0.251348
vt 0.421890 0.243687
vt 0.422251 0.164079
vt 0.380839 0.190059
vt 0.394580 0.294686
vt 0.427830 0.220703
vt 0.420937 0.168223
vt 0.413302 0.152134
vt 0.395291 0.152134
vt 0.387657 0.168223
vt 0.382555 0.192301
vt 0.380764 0.220703
vt 0.387657 0.273184
vt 0.395291 0.289272
vt 0.404297 0.294922
vt 0.413302 0.289272
vt 0.420937 0.273184
vt 0.420460 0.199588
vt 0.426038 0.192301
vt 0.416668 0.181688
vt 0.410992 0.169727
vt 0.404297 0.146484
vt 0.397602 0.169727
vt 0.391926 0.181688
vt 0.388134 0.199588
vt 0.388134 0.241818
vt 0.382555 0.249105
vt 0.391926 0.259718
vt 0.397602 0.271679
vt 0.410992 0.271679
vt 0.416668 0.259718
vt 0.426038 0.249105
vt 0.420460 0.241818
vt 0.369141 0.376953
vt 0.359573 0.416759
vt 0.364755 0.421051
vt 0.348299 0.450504
vt 0.352265 0.458436
vt 0.333573 0.483416
vt 0.311523 0.480970
vt 0.311523 0.492188
vt 0.289474 0.483416
vt 0.291621 0.473052
vt 0.270782 0.458436
vt 0.263474 0.416759
vt 0.258292 0.421051
vt 0.259515 0.376953
vt 0.253906 0.376953
vt 0.258292 0.332855
vt 0.263474 0.337148
vt 0.270782 0.295470
vt 0.274748 0.303402
vt 0.289474 0.270490
vt 0.291621 0.280854
vt 0.311523 0.261719
vt 0.311523 0.272936
vt 0.333573 0.270490
vt 0.331426 0.280854
vt 0.352265 0.295470
vt 0.348299 0.303402
vt 0.364755 0.332855
vt 0.359573 0.337148
vt 0.445312 0.265625
vt 0.421792 0.220703
vt 0.404297 0.165527
vt 0.386802 0.220703
vt 0.404297 0.275879
vt 0.363532 0.376953
vt 0.331426 0.473052
vt 0.274748 0.450504
s 1
usemtl Viper_Atlas_Opaque
f 2893/1217/2058 2991/1218/2059 2989/1219/2060
f 2871/1220/2061 2869/1221/2062 2991/1218/2059
f 2869/1221/2062 2896/1222/2063 2872/1223/2064
f 2872/1223/2064 2878/1224/2065 2874/1225/2066
f 2874/1225/2066 2898/1226/2067 2876/1227/2068
f 2898/1226/2067 2880/1228/2069 2876/1227/2068
f 2879/1229/2070 2882/1230/2071 2880/1228/2069
f 2882/1230/2071 2884/1231/2072 2993/1232/2073
f 2993/1232/2073 2887/1233/2074 2885/1234/2075
f 2885/1234/2075 2888/1235/2076 2995/1236/2077
f 2888/1235/2076 2997/1237/2078 2995/1236/2077
f 2997/1237/2078 2890/1238/2079 2999/1239/2080
f 2999/1239/2080 2903/1240/2081 3001/1241/2082
f 3001/1241/2082 2904/1242/2083 2891/1243/2084
f 2891/1243/2084 2906/1244/2085 3003/1245/2086
f 2906/1244/2085 2989/1219/2060 3003/1245/2086
f 2908/1217/2087 2871/1220/2061 2893/1217/2058
f 2894/1220/2088 2895/1246/2089 2871/1220/2061
f 2909/1246/2090 2896/1222/2063 2895/1246/2089
f 2910/1222/2091 2878/1224/2065 2896/1222/2063
f 2897/1224/2092 2898/1226/2067 2878/1224/2065
f 2899/1226/2093 2879/1229/2070 2898/1226/2067
f 2913/1229/2094 2900/1247/2095 2879/1229/2070
f 2915/1247/2096 2884/1231/2072 2900/1247/2095
f 2901/1231/2097 2887/1233/2074 2884/1231/2072
f 2916/1233/2098 2888/1235/2076 2887/1233/2074
f 2918/1235/2099 2889/1248/2100 2888/1235/2076
f 2902/1248/2101 2890/1238/2079 2889/1248/2100
f 2922/1238/2102 2903/1240/2081 2890/1238/2079
f 2923/1240/2103 2904/1242/2083 2903/1240/2081
f 2905/1242/2104 2906/1244/2085 2904/1242/2083
f 2907/1244/2105 2893/1217/2058 2906/1244/2085
f 2954/1249/2106 2894/1220/2088 2908/1217/2087
f 2894/1220/2088 2911/1250/2107 2909/1246/2090
f 2911/1250/2107 2910/1222/2091 2909/1246/2090
f 2932/1251/2108 2897/1224/2092 2910/1222/2091
f 2897/1224/2092 2935/1252/2109 2899/1226/2093
f 2899/1226/2093 2914/1253/2110 2913/1229/2094
f 2913/1229/2094 2938/1254/2111 2915/1247/2096
f 2938/1254/2111 2901/1231/2097 2915/1247/2096
f 2939/1255/2112 2916/1233/2098 2901/1231/2097
f 2916/1233/2098 2919/1256/2113 2918/1235/2099
f 2919/1256/2113 2902/1248/2101 2918/1235/2099
f 2921/1257/2114 2922/1238/2102 2902/1248/2101
f 2920/1258/2115 2923/1240/2103 2922/1238/2102
f 2924/1259/2116 2905/1242/2104 2923/1240/2103
f 2948/1260/2117 2907/1244/2105 2905/1242/2104
f 2907/1244/2105 2954/1249/2106 2908/1217/2087
f 2954/1249/2106 2927/1261/2118 2925/1262/2119
f 2927/1261/2118 2911/1250/2107 2925/1262/2119
f 2929/1263/2120 2932/1251/2108 2911/1250/2107
f 2931/1264/2121 2912/1265/2122 2932/1251/2108
f 2912/1265/2122 2966/1266/2123 2935/1252/2109
f 2935/1252/2109 2937/1267/2124 2914/1253/2110
f 2914/1253/2110 2972/1268/2125 2938/1254/2111
f 2972/1268/2125 2939/1255/2112 2938/1254/2111
f 2939/1255/2112 2941/1269/2126 2917/1270/2127
f 2941/1269/2126 2919/1256/2113 2917/1270/2127
f 2945/1271/2128 2921/1257/2114 2919/1256/2113
f 2978/1272/2129 2920/1258/2115 2921/1257/2114
f 2920/1258/2115 2982/1273/2130 2924/1259/2116
f 2924/1259/2116 2953/1274/2131 2948/1260/2117
f 2953/1274/2131 2949/1275/2132 2948/1260/2117
f 2951/1276/2133 2954/1249/2106 2949/1275/2132
f 2955/1277/2134 2957/1278/2135 2926/1279/2118
f 2926/1279/2118 2959/1280/2136 2928/1281/2120
f 2959/1280/2136 2930/1282/2137 2928/1281/2120
f 2930/1282/2137 2961/1283/2138 2933/1284/2139
f 2961/1283/2138 2965/1285/2123 2933/1284/2139
f 2967/1286/2140 2936/1287/2124 2965/1285/2123
f 2936/1287/2124 2969/1288/2141 2971/1289/2125
f 2971/1289/2125 2973/1290/2142 2942/1291/2143
f 2973/1290/2142 2940/1292/2126 2942/1291/2143
f 2975/1293/2144 2944/1294/2128 2940/1292/2126
f 3007/1295/2145 2977/1296/2129 2944/1294/2128
f 2979/1297/2146 2946/1298/2147 2977/1296/2129
f 3009/1299/2148 2981/1300/2130 2946/1298/2147
f 3011/1301/2149 2952/1302/2131 2981/1300/2130
f 2983/1303/2150 2950/1304/2133 2952/1302/2131
f 2987/1305/2151 2955/1277/2134 2950/1304/2133
f 2883/1306/2071 2998/1306/2078 3004/1306/2152
s 0
f 2970/1288/2153 2968/1286/2153 2958/1278/2153
s 1
f 2893/1217/2058 2871/1220/2061 2991/1218/2059
f 2871/1220/2061 2895/1246/2089 2869/1221/2062
f 2869/1221/2062 2895/1246/2089 2896/1222/2063
f 2872/1223/2064 2896/1222/2063 2878/1224/2065
f 2874/1225/2066 2878/1224/2065 2898/1226/2067
f 2898/1226/2067 2879/1229/2070 2880/1228/2069
f 2879/1229/2070 2900/1247/2095 2882/1230/2071
f 2882/1230/2071 2900/1247/2095 2884/1231/2072
f 2993/1232/2073 2884/1231/2072 2887/1233/2074
f 2885/1234/2075 2887/1233/2074 2888/1235/2076
f 2888/1235/2076 2889/1248/2100 2997/1237/2078
f 2997/1237/2078 2889/1248/2100 2890/1238/2079
f 2999/1239/2080 2890/1238/2079 2903/1240/2081
f 3001/1241/2082 2903/1240/2081 2904/1242/2083
f 2891/1243/2084 2904/1242/2083 2906/1244/2085
f 2906/1244/2085 2893/1217/2058 2989/1219/2060
f 2908/1217/2087 2894/1220/2088 2871/1220/2061
f 2894/1220/2088 2909/1246/2090 2895/1246/2089
f 2909/1246/2090 2910/1222/2091 2896/1222/2063
f 2910/1222/2091 2897/1224/2092 2878/1224/2065
f 2897/1224/2092 2899/1226/2093 2898/1226/2067
f 2899/1226/2093 2913/1229/2094 2879/1229/2070
f 2913/1229/2094 2915/1247/2096 2900/1247/2095
f 2915/1247/2096 2901/1231/2097 2884/1231/2072
f 2901/1231/2097 2916/1233/2098 2887/1233/2074
f 2916/1233/2098 2918/1235/2099 2888/1235/2076
f 2918/1235/2099 2902/1248/2101 2889/1248/2100
f 2902/1248/2101 2922/1238/2102 2890/1238/2079
f 2922/1238/2102 2923/1240/2103 2903/1240/2081
f 2923/1240/2103 2905/1242/2104 2904/1242/2083
f 2905/1242/2104 2907/1244/2105 2906/1244/2085
f 2907/1244/2105 2908/1217/2087 2893/1217/2058
f 2954/1249/2106 2925/1262/2119 2894/1220/2088
f 2894/1220/2088 2925/1262/2119 2911/1250/2107
f 2911/1250/2107 2932/1251/2108 2910/1222/2091
f 2932/1251/2108 2912/1265/2122 2897/1224/2092
f 2897/1224/2092 2912/1265/2122 2935/1252/2109
f 2899/1226/2093 2935/1252/2109 2914/1253/2110
f 2913/1229/2094 2914/1253/2110 2938/1254/2111
f 2938/1254/2111 2939/1255/2112 2901/1231/2097
f 2939/1255/2112 2917/1270/2127 2916/1233/2098
f 2916/1233/2098 2917/1270/2127 2919/1256/2113
f 2919/1256/2113 2921/1257/2114 2902/1248/2101
f 2921/1257/2114 2920/1258/2115 2922/1238/2102
f 2920/1258/2115 2924/1259/2116 2923/1240/2103
f 2924/1259/2116 2948/1260/2117 2905/1242/2104
f 2948/1260/2117 2949/1275/2132 2907/1244/2105
f 2907/1244/2105 2949/1275/2132 2954/1249/2106
f 2954/1249/2106 2956/1307/2154 2927/1261/2118
f 2927/1261/2118 2929/1263/2120 2911/1250/2107
f 2929/1263/2120 2931/1264/2121 2932/1251/2108
f 2931/1264/2121 2934/1308/2139 2912/1265/2122
f 2912/1265/2122 2934/1308/2139 2966/1266/2123
f 2935/1252/2109 2966/1266/2123 2937/1267/2124
f 2914/1253/2110 2937/1267/2124 2972/1268/2125
f 2972/1268/2125 2943/1309/2143 2939/1255/2112
f 2939/1255/2112 2943/1309/2143 2941/1269/2126
f 2941/1269/2126 2945/1271/2128 2919/1256/2113
f 2945/1271/2128 2978/1272/2129 2921/1257/2114
f 2978/1272/2129 2947/1310/2147 2920/1258/2115
f 2920/1258/2115 2947/1310/2147 2982/1273/2130
f 2924/1259/2116 2982/1273/2130 2953/1274/2131
f 2953/1274/2131 2951/1276/2133 2949/1275/2132
f 2951/1276/2133 2956/1307/2154 2954/1249/2106
f 2955/1277/2134 2985/1311/2155 2957/1278/2135
f 2926/1279/2118 2957/1278/2135 2959/1280/2136
f 2959/1280/2136 2963/1312/2156 2930/1282/2137
f 2930/1282/2137 2963/1312/2156 2961/1283/2138
f 2961/1283/2138 2967/1286/2140 2965/1285/2123
f 2967/1286/2140 3005/1313/2157 2936/1287/2124
f 2936/1287/2124 3005/1313/2157 2969/1288/2141
f 2971/1289/2125 2969/1288/2141 2973/1290/2142
f 2973/1290/2142 2975/1293/2144 2940/1292/2126
f 2975/1293/2144 3007/1295/2145 2944/1294/2128
f 3007/1295/2145 2979/1297/2146 2977/1296/2129
f 2979/1297/2146 3009/1299/2148 2946/1298/2147
f 3009/1299/2148 3011/1301/2149 2981/1300/2130
f 3011/1301/2149 2983/1303/2150 2952/1302/2131
f 2983/1303/2150 2987/1305/2151 2950/1304/2133
f 2987/1305/2151 2985/1311/2155 2955/1277/2134
f 3004/1306/2152 2990/1306/2060 2992/1306/2059
f 2992/1306/2059 2870/1306/2062 2873/1306/2064
f 2873/1306/2064 2875/1306/2066 2877/1306/2068
f 2877/1306/2068 2881/1306/2069 2883/1306/2071
f 2883/1306/2071 2994/1306/2073 2886/1306/2158
f 2886/1306/2158 2996/1306/2077 2883/1306/2071
f 2996/1306/2077 2998/1306/2078 2883/1306/2071
f 2998/1306/2078 3000/1306/2080 3002/1306/2082
f 3002/1306/2082 2892/1306/2084 2998/1306/2078
f 2892/1306/2084 3004/1306/2152 2998/1306/2078
f 3004/1306/2152 2992/1306/2059 2873/1306/2064
f 2873/1306/2064 2877/1306/2068 2883/1306/2071
f 3004/1306/2152 2873/1306/2064 2883/1306/2071
s 0
f 2958/1278/2153 2986/1311/2153 2988/1305/2153
f 2988/1305/2153 2984/1303/2153 3012/1301/2153
f 3012/1301/2153 3010/1299/2153 2980/1297/2153
f 2980/1297/2153 3008/1295/2153 2976/1293/2153
f 2976/1293/2153 2974/1290/2153 2970/1288/2153
f 2970/1288/2153 3006/1313/2153 2968/1286/2153
f 2968/1286/2153 2962/1283/2153 2964/1312/2153
f 2964/1312/2153 2960/1280/2153 2968/1286/2153
f 2960/1280/2153 2958/1278/2153 2968/1286/2153
f 2958/1278/2153 2988/1305/2153 2976/1293/2153
f 2988/1305/2153 3012/1301/2153 2976/1293/2153
f 3012/1301/2153 2980/1297/2153 2976/1293/2153
f 2976/1293/2153 2970/1288/2153 2958/1278/2153
o Wheel_FR
v 0.617500 0.328000 -1.479000
v 0.617500 0.328000 -1.479000
v 0.649500 0.328000 -1.561000
v 0.617500 0.422140 -1.460274
v 0.617500 0.422140 -1.460274
v 0.617500 0.501948 -1.406948
v 0.617500 0.501948 -1.406948
v 0.649500 0.453520 -1.536032
v 0.649500 0.559931 -1.464931
v 0.617500 0.555274 -1.327140
v 0.617500 0.555274 -1.327140
v 0.617500 0.574000 -1.233000
v 0.617500 0.574000 -1.233000
v 0.649500 0.656000 -1.233000
v 0.617500 0.555274 -1.138860
v 0.617500 0.555274 -1.138860
v 0.617500 0.501948 -1.059052
v 0.617500 0.501948 -1.059052
v 0.649500 0.559931 -1.001069
v 0.617500 0.422140 -1.005726
v 0.617500 0.422140 -1.005726
v 0.649500 0.453520 -0.929968
v 0.649500 0.328000 -0.905000
v 0.617500 0.233860 -1.005726
v 0.617500 0.233860 -1.005726
v 0.617500 0.154052 -1.059052
v 0.617500 0.154052 -1.059052
v 0.617500 0.100726 -1.138860
v 0.617500 0.100726 -1.138860
v 0.617500 0.100726 -1.327140
v 0.617500 0.100726 -1.327140
v 0.857500 0.453520 -1.536032
v 0.857500 0.559931 -1.464931
v 0.649500 0.631032 -1.358520
v 0.857500 0.656000 -1.233000
v 0.857500 0.631032 -1.358520
v 0.649500 0.631032 -1.107480
v 0.857500 0.453520 -0.929968
v 0.857500 0.559931 -1.001069
v 0.649500 0.202480 -0.929968
v 0.857500 0.328000 -0.905000
v 0.649500 0.096069 -1.001069
v 0.649500 0.024968 -1.107480
v 0.649500 0.000000 -1.233000
v 0.649500 0.024968 -1.358520
v 0.857500 0.024968 -1.358520
v 0.857500 0.000000 -1.233000
v 0.649500 0.096069 -1.464931
v 0.649500 0.202480 -1.536032
v 0.857500 0.328000 -1.561000
v 0.893500 0.542960 -1.447960
v 0.893500 0.444336 -1.513859
v 0.893500 0.608859 -1.349336
v 0.857500 0.631032 -1.107480
v 0.893500 0.211664 -0.952141
v 0.893500 0.328000 -0.929000
v 0.857500 0.202480 -0.929968
v 0.857500 0.096069 -1.001069
v 0.857500 0.024968 -1.107480
v 0.893500 0.047141 -1.349336
v 0.893500 0.024000 -1.233000
v 0.857500 0.096069 -1.464931
v 0.857500 0.202480 -1.536032
v 0.893500 0.328000 -1.537000
v 0.892500 0.414486 -1.441797
v 0.892500 0.414486 -1.441797
v 0.892500 0.487806 -1.392806
v 0.892500 0.487806 -1.392806
v 0.893500 0.632000 -1.233000
v 0.893500 0.608859 -1.116664
v 0.892500 0.536797 -1.146514
v 0.892500 0.536797 -1.146514
v 0.893500 0.542960 -1.018040
v 0.893500 0.444336 -0.952141
v 0.893500 0.113040 -1.018040
v 0.892500 0.241514 -1.024203
v 0.892500 0.241514 -1.024203
v 0.893500 0.047141 -1.116664
v 0.893500 0.113040 -1.447960
v 0.893500 0.211664 -1.513859
v 0.883500 0.406067 -1.421471
v 0.883500 0.406067 -1.421471
v 0.892500 0.536797 -1.319486
v 0.892500 0.536797 -1.319486
v 0.883500 0.472250 -1.377250
v 0.883500 0.472250 -1.377250
v 0.892500 0.554000 -1.233000
v 0.892500 0.554000 -1.233000
v 0.883500 0.532000 -1.233000
v 0.883500 0.532000 -1.233000
v 0.892500 0.487806 -1.073194
v 0.892500 0.487806 -1.073194
v 0.883500 0.516471 -1.154933
v 0.883500 0.516471 -1.154933
v 0.892500 0.414486 -1.024203
v 0.892500 0.414486 -1.024203
v 0.892500 0.328000 -1.007000
v 0.892500 0.328000 -1.007000
v 0.883500 0.328000 -1.029000
v 0.883500 0.328000 -1.029000
v 0.883500 0.406067 -1.044529
v 0.883500 0.406067 -1.044529
v 0.883500 0.249933 -1.044529
v 0.883500 0.249933 -1.044529
v 0.883500 0.183750 -1.088750
v 0.883500 0.183750 -1.088750
v 0.892500 0.168194 -1.073194
v 0.892500 0.168194 -1.073194
v 0.883500 0.139529 -1.154933
v 0.883500 0.139529 -1.154933
v 0.892500 0.119203 -1.146514
v 0.892500 0.119203 -1.146514
v 0.892500 0.102000 -1.233000
v 0.892500 0.102000 -1.233000
v 0.892500 0.119203 -1.319486
v 0.892500 0.119203 -1.319486
v 0.883500 0.183750 -1.377250
v 0.883500 0.183750 -1.377250
v 0.883500 0.139529 -1.311067
v 0.883500 0.139529 -1.311067
v 0.892500 0.168194 -1.392806
v 0.892500 0.168194 -1.392806
v 0.892500 0.241514 -1.441797
v 0.892500 0.241514 -1.441797
v 0.892500 0.328000 -1.459000
v 0.892500 0.328000 -1.459000
v 0.617500 0.328000 -0.987000
v 0.617500 0.328000 -0.987000
v 0.617500 0.082000 -1.233000
v 0.617500 0.082000 -1.233000
v 0.617500 0.154052 -1.406948
v 0.617500 0.154052 -1.406948
v 0.617500 0.233860 -1.460274
v 0.617500 0.233860 -1.460274
v 0.883500 0.328000 -1.437000
v 0.883500 0.328000 -1.437000
v 0.883500 0.516471 -1.311067
v 0.883500 0.516471 -1.311067
v 0.883500 0.472250 -1.088750
v 0.883500 0.472250 -1.088750
v 0.883500 0.124000 -1.233000
v 0.883500 0.124000 -1.233000
v 0.883500 0.249933 -1.421471
v 0.883500 0.249933 -1.421471
vn -0.9783 0.0793 -0.1913
vn -0.5336 -0.0000 -0.8457
vn -0.9783 -0.0000 -0.2071
vn -0.9783 0.1464 -0.1464
vn -0.5336 0.3236 -0.7813
vn -0.5336 0.7813 -0.3236
vn -0.5336 0.5980 -0.5980
vn -0.9783 0.1913 -0.0793
vn -0.5336 0.8457 -0.0000
vn -0.9783 0.2071 -0.0000
vn -0.5337 0.7813 0.3236
vn -0.9783 0.1464 0.1464
vn -0.9783 0.1913 0.0793
vn -0.5337 0.3236 0.7813
vn -0.5336 0.5980 0.5980
vn -0.9783 -0.0000 0.2071
vn -0.9783 0.0793 0.1913
vn -0.9783 -0.0792 0.1913
vn -0.5336 -0.0000 0.8457
vn -0.9783 -0.1464 0.1464
vn -0.5336 -0.3236 0.7813
vn -0.5336 -0.7813 0.3236
vn -0.5336 -0.5980 0.5980
vn -0.9783 -0.1913 0.0793
vn -0.5336 -0.8457 -0.0000
vn -0.9783 -0.2071 -0.0000
vn -0.5336 -0.7813 -0.3236
vn -0.9783 -0.1913 -0.0793
vn -0.5336 -0.5980 -0.5980
vn -0.9783 -0.1464 -0.1464
vn -0.5337 -0.3236 -0.7813
vn -0.9783 -0.0793 -0.1913
vn 0.2803 -0.0000 -0.9599
vn 0.2803 0.3673 -0.8869
vn 0.2803 0.6788 -0.6788
vn 0.2803 0.8869 -0.3673
vn 0.2803 0.9599 -0.0000
vn 0.2803 0.8869 0.3673
vn 0.2803 0.6788 0.6788
vn 0.2803 0.3673 0.8869
vn 0.2803 -0.0000 0.9599
vn 0.2803 -0.3673 0.8869
vn 0.2803 -0.6788 0.6788
vn 0.2803 -0.8869 0.3673
vn 0.2803 -0.9599 -0.0000
vn 0.2803 -0.8869 -0.3674
vn 0.2803 -0.6788 -0.6788
vn 0.2803 -0.3673 -0.8869
vn 0.8600 -0.0000 -0.5103
vn 0.8600 0.3608 -0.3608
vn 0.8600 0.1953 -0.4715
vn 0.8600 0.4715 -0.1953
vn 0.8600 0.4714 0.1953
vn 0.8600 0.5103 -0.0000
vn 0.8600 0.3608 0.3608
vn 0.8600 0.1953 0.4715
vn 0.8600 -0.0000 0.5103
vn 0.8600 -0.1953 0.4715
vn 0.8600 -0.4715 0.1953
vn 0.8600 -0.3608 0.3608
vn 0.8600 -0.5103 -0.0000
vn 0.8600 -0.4715 -0.1953
vn 0.8600 -0.3608 -0.3608
vn 0.8600 -0.1953 -0.4715
vn 0.9843 -0.0676 0.1632
vn 0.9843 -0.0000 0.1766
vn 0.9843 -0.1249 0.1249
vn 0.9843 -0.1632 0.0676
vn 0.9843 -0.1766 -0.0000
vn 0.9843 -0.1249 -0.1249
vn 0.9843 -0.1632 -0.0676
vn 0.9843 -0.0676 -0.1632
vn 0.9843 0.0676 -0.1632
vn 0.9843 -0.0000 -0.1766
vn 0.9843 0.1249 -0.1249
vn 0.9843 0.1632 -0.0676
vn 0.9843 0.1632 0.0676
vn 0.9843 0.1766 -0.0000
vn 0.9843 0.1249 0.1249
vn 0.9843 0.0676 0.1632
vn 0.9843 -0.0000 0.1767
vn 0.9764 -0.0826 0.1995
vn 0.9764 -0.0000 0.2160
vn 0.9764 -0.1527 0.1527
vn 0.9764 -0.1995 0.0826
vn 0.9764 -0.2160 -0.0000
vn 0.9843 -0.1250 -0.1249
vn 0.9764 -0.1995 -0.0826
vn 0.9764 -0.1527 -0.1527
vn 0.9764 -0.0827 -0.1996
vn 0.9764 -0.0000 -0.2160
vn 0.9843 0.1249 -0.1250
vn 0.9764 0.0826 -0.1995
vn 0.9764 0.1527 -0.1527
vn 0.9764 0.1995 -0.0826
vn 0.9764 0.2160 -0.0000
vn 0.9843 0.1250 0.1249
vn 0.9764 0.1995 0.0826
vn 0.9764 0.1527 0.1527
vn 0.9764 0.0827 0.1995
vn 1.0000 -0.0000 -0.0000
vn -0.9783 -0.0793 -0.1912
vt 0.421890 0.197720
vt 0.429688 0.220703
vt 0.423340 0.220703
vt 0.417762 0.178235
vt 0.427755 0.190059
vt 0.414013 0.146721
vt 0.422251 0.164079
vt 0.411584 0.165216
vt 0.404297 0.140625
vt 0.404297 0.160645
vt 0.394580 0.146721
vt 0.390831 0.178235
vt 0.397009 0.165216
vt 0.380839 0.190059
vt 0.386343 0.164079
vt 0.385254 0.220703
vt 0.386703 0.197720
vt 0.386703 0.243687
vt 0.378906 0.220703
vt 0.390831 0.263171
vt 0.380839 0.251348
vt 0.394580 0.294686
vt 0.386343 0.277327
vt 0.397009 0.276190
vt 0.404297 0.300781
vt 0.404297 0.280762
vt 0.414013 0.294686
vt 0.411584 0.276190
vt 0.422251 0.277327
vt 0.417762 0.263171
vt 0.427755 0.251348
vt 0.421890 0.243687
vt 0.427830 0.220703
vt 0.420937 0.168223
vt 0.426038 0.192301
vt 0.413302 0.152134
vt 0.395291 0.152134
vt 0.404297 0.146484
vt 0.387657 0.168223
vt 0.382555 0.192301
vt 0.380764 0.220703
vt 0.382555 0.249105
vt 0.395291 0.289272
vt 0.387657 0.273184
vt 0.404297 0.294922
vt 0.413302 0.289272
vt 0.420937 0.273184
vt 0.426038 0.249105
vt 0.420460 0.199588
vt 0.421792 0.220703
vt 0.416668 0.181688
vt 0.410992 0.169727
vt 0.404297 0.165527
vt 0.391926 0.181688
vt 0.397602 0.169727
vt 0.388134 0.199588
vt 0.388134 0.241818
vt 0.386802 0.220703
vt 0.391926 0.259718
vt 0.397602 0.271679
vt 0.410992 0.271679
vt 0.404297 0.275879
vt 0.416668 0.259718
vt 0.420460 0.241818
vt 0.369141 0.376953
vt 0.359573 0.416759
vt 0.363532 0.376953
vt 0.364755 0.421051
vt 0.348299 0.450504
vt 0.333573 0.483416
vt 0.352265 0.458436
vt 0.311523 0.492188
vt 0.331426 0.473052
vt 0.289474 0.483416
vt 0.311523 0.480970
vt 0.270782 0.458436
vt 0.291621 0.473052
vt 0.258292 0.421051
vt 0.274748 0.450504
vt 0.253906 0.376953
vt 0.263474 0.416759
vt 0.258292 0.332855
vt 0.259515 0.376953
vt 0.270782 0.295470
vt 0.263474 0.337148
vt 0.289474 0.270490
vt 0.274748 0.303402
vt 0.311523 0.261719
vt 0.291621 0.280854
vt 0.333573 0.270490
vt 0.311523 0.272936
vt 0.352265 0.295470
vt 0.331426 0.280854
vt 0.364755 0.332855
vt 0.348299 0.303402
vt 0.359573 0.337148
vt 0.445312 0.265625
s 1
usemtl Viper_Atlas_Opaque
f 3016/1314/2159 3015/1315/2160 3013/1316/2161
f 3018/1317/2162 3020/1318/2163 3016/1314/2159
f 3018/1317/2162 3046/1319/2164 3021/1320/2165
f 3022/1321/2166 3026/1322/2167 3046/1319/2164
f 3024/1323/2168 3049/1324/2169 3026/1322/2167
f 3029/1325/2170 3049/1324/2169 3027/1326/2171
f 3029/1325/2170 3034/1327/2172 3031/1328/2173
f 3139/1329/2174 3034/1327/2172 3032/1330/2175
f 3036/1331/2176 3035/1332/2177 3139/1329/2174
f 3038/1333/2178 3052/1334/2179 3036/1331/2176
f 3038/1333/2178 3055/1335/2180 3054/1336/2181
f 3040/1337/2182 3056/1338/2183 3055/1335/2180
f 3141/1339/2184 3057/1340/2185 3056/1338/2183
f 3042/1341/2186 3060/1342/2187 3057/1340/2185
f 3143/1343/2188 3061/1344/2189 3060/1342/2187
f 3013/1316/2161 3061/1344/2189 3145/1345/2190
f 3020/1318/2163 3062/1315/2191 3015/1315/2160
f 3021/1320/2165 3044/1318/2192 3020/1318/2163
f 3046/1319/2164 3045/1320/2193 3021/1320/2165
f 3026/1322/2167 3048/1319/2194 3046/1319/2164
f 3049/1324/2169 3047/1322/2195 3026/1322/2167
f 3031/1328/2173 3066/1324/2196 3049/1324/2169
f 3034/1327/2172 3051/1328/2197 3031/1328/2173
f 3035/1332/2177 3050/1327/2198 3034/1327/2172
f 3052/1334/2179 3053/1332/2199 3035/1332/2177
f 3054/1336/2181 3069/1334/2200 3052/1334/2179
f 3055/1335/2180 3070/1336/2201 3054/1336/2181
f 3056/1338/2183 3071/1335/2202 3055/1335/2180
f 3057/1340/2185 3059/1338/2203 3056/1338/2183
f 3060/1342/2187 3058/1340/2204 3057/1340/2185
f 3061/1344/2189 3074/1342/2205 3060/1342/2187
f 3015/1315/2160 3075/1344/2206 3061/1344/2189
f 3044/1318/2192 3076/1346/2207 3062/1315/2191
f 3044/1318/2192 3063/1347/2208 3064/1348/2209
f 3045/1320/2193 3065/1349/2210 3063/1347/2208
f 3047/1322/2195 3065/1349/2210 3048/1319/2194
f 3047/1322/2195 3082/1350/2211 3081/1351/2212
f 3066/1324/2196 3085/1352/2213 3082/1350/2211
f 3050/1327/2198 3085/1352/2213 3051/1328/2197
f 3053/1332/2199 3086/1353/2214 3050/1327/2198
f 3069/1334/2200 3068/1354/2215 3053/1332/2199
f 3070/1336/2201 3067/1355/2216 3069/1334/2200
f 3070/1336/2201 3090/1356/2217 3087/1357/2218
f 3059/1338/2203 3090/1356/2217 3071/1335/2202
f 3058/1340/2204 3073/1358/2219 3059/1338/2203
f 3074/1342/2205 3072/1359/2220 3058/1340/2204
f 3075/1344/2206 3091/1360/2221 3074/1342/2205
f 3075/1344/2206 3076/1346/2207 3092/1361/2222
f 3076/1346/2207 3078/1362/2223 3138/1363/2224
f 3063/1347/2208 3078/1362/2223 3064/1348/2209
f 3065/1349/2210 3080/1364/2225 3063/1347/2208
f 3081/1351/2212 3096/1365/2226 3065/1349/2210
f 3082/1350/2211 3100/1366/2227 3081/1351/2212
f 3082/1350/2211 3104/1367/2228 3084/1368/2229
f 3085/1352/2213 3108/1369/2230 3104/1367/2228
f 3068/1354/2215 3108/1369/2230 3086/1353/2214
f 3068/1354/2215 3089/1370/2231 3110/1371/2232
f 3087/1357/2218 3089/1370/2231 3067/1355/2216
f 3090/1356/2217 3120/1372/2233 3087/1357/2218
f 3073/1358/2219 3124/1373/2234 3090/1356/2217
f 3073/1358/2219 3128/1374/2235 3126/1375/2236
f 3072/1359/2220 3134/1376/2237 3128/1374/2235
f 3092/1361/2222 3134/1376/2237 3091/1360/2221
f 3076/1346/2207 3136/1377/2238 3092/1361/2222
f 3137/1378/2239 3093/1379/2240 3147/1380/2241
f 3077/1381/2223 3097/1382/2242 3093/1379/2240
f 3095/1383/2226 3097/1382/2242 3079/1384/2225
f 3099/1385/2227 3149/1386/2243 3095/1383/2226
f 3083/1387/2229 3101/1388/2244 3099/1385/2227
f 3103/1389/2245 3105/1390/2246 3083/1387/2229
f 3107/1391/2230 3151/1392/2247 3103/1389/2245
f 3109/1393/2232 3113/1394/2248 3107/1391/2230
f 3088/1395/2231 3111/1396/2249 3109/1393/2232
f 3119/1397/2250 3115/1398/2251 3088/1395/2231
f 3123/1399/2234 3117/1400/2252 3119/1397/2250
f 3125/1401/2236 3121/1402/2253 3123/1399/2234
f 3127/1403/2235 3153/1404/2254 3125/1401/2236
f 3133/1405/2255 3131/1406/2256 3127/1403/2235
f 3135/1407/2238 3129/1408/2257 3133/1405/2255
f 3137/1378/2239 3155/1409/2258 3135/1407/2238
f 3037/1410/2176 3028/1410/2171 3017/1410/2159
s 0
f 3122/1402/2259 3132/1406/2259 3156/1409/2259
s 1
f 3016/1314/2159 3020/1318/2163 3015/1315/2160
f 3018/1317/2162 3021/1320/2165 3020/1318/2163
f 3018/1317/2162 3022/1321/2166 3046/1319/2164
f 3022/1321/2166 3024/1323/2168 3026/1322/2167
f 3024/1323/2168 3027/1326/2171 3049/1324/2169
f 3029/1325/2170 3031/1328/2173 3049/1324/2169
f 3029/1325/2170 3032/1330/2175 3034/1327/2172
f 3139/1329/2174 3035/1332/2177 3034/1327/2172
f 3036/1331/2176 3052/1334/2179 3035/1332/2177
f 3038/1333/2178 3054/1336/2181 3052/1334/2179
f 3038/1333/2178 3040/1337/2182 3055/1335/2180
f 3040/1337/2182 3141/1339/2184 3056/1338/2183
f 3141/1339/2184 3042/1341/2186 3057/1340/2185
f 3042/1341/2186 3143/1343/2188 3060/1342/2187
f 3143/1343/2188 3145/1345/2190 3061/1344/2189
f 3013/1316/2161 3015/1315/2160 3061/1344/2189
f 3020/1318/2163 3044/1318/2192 3062/1315/2191
f 3021/1320/2165 3045/1320/2193 3044/1318/2192
f 3046/1319/2164 3048/1319/2194 3045/1320/2193
f 3026/1322/2167 3047/1322/2195 3048/1319/2194
f 3049/1324/2169 3066/1324/2196 3047/1322/2195
f 3031/1328/2173 3051/1328/2197 3066/1324/2196
f 3034/1327/2172 3050/1327/2198 3051/1328/2197
f 3035/1332/2177 3053/1332/2199 3050/1327/2198
f 3052/1334/2179 3069/1334/2200 3053/1332/2199
f 3054/1336/2181 3070/1336/2201 3069/1334/2200
f 3055/1335/2180 3071/1335/2202 3070/1336/2201
f 3056/1338/2183 3059/1338/2203 3071/1335/2202
f 3057/1340/2185 3058/1340/2204 3059/1338/2203
f 3060/1342/2187 3074/1342/2205 3058/1340/2204
f 3061/1344/2189 3075/1344/2206 3074/1342/2205
f 3015/1315/2160 3062/1315/2191 3075/1344/2206
f 3044/1318/2192 3064/1348/2209 3076/1346/2207
f 3044/1318/2192 3045/1320/2193 3063/1347/2208
f 3045/1320/2193 3048/1319/2194 3065/1349/2210
f 3047/1322/2195 3081/1351/2212 3065/1349/2210
f 3047/1322/2195 3066/1324/2196 3082/1350/2211
f 3066/1324/2196 3051/1328/2197 3085/1352/2213
f 3050/1327/2198 3086/1353/2214 3085/1352/2213
f 3053/1332/2199 3068/1354/2215 3086/1353/2214
f 3069/1334/2200 3067/1355/2216 3068/1354/2215
f 3070/1336/2201 3087/1357/2218 3067/1355/2216
f 3070/1336/2201 3071/1335/2202 3090/1356/2217
f 3059/1338/2203 3073/1358/2219 3090/1356/2217
f 3058/1340/2204 3072/1359/2220 3073/1358/2219
f 3074/1342/2205 3091/1360/2221 3072/1359/2220
f 3075/1344/2206 3092/1361/2222 3091/1360/2221
f 3075/1344/2206 3062/1315/2191 3076/1346/2207
f 3076/1346/2207 3064/1348/2209 3078/1362/2223
f 3063/1347/2208 3080/1364/2225 3078/1362/2223
f 3065/1349/2210 3096/1365/2226 3080/1364/2225
f 3081/1351/2212 3100/1366/2227 3096/1365/2226
f 3082/1350/2211 3084/1368/2229 3100/1366/2227
f 3082/1350/2211 3085/1352/2213 3104/1367/2228
f 3085/1352/2213 3086/1353/2214 3108/1369/2230
f 3068/1354/2215 3110/1371/2232 3108/1369/2230
f 3068/1354/2215 3067/1355/2216 3089/1370/2231
f 3087/1357/2218 3120/1372/2233 3089/1370/2231
f 3090/1356/2217 3124/1373/2234 3120/1372/2233
f 3073/1358/2219 3126/1375/2236 3124/1373/2234
f 3073/1358/2219 3072/1359/2220 3128/1374/2235
f 3072/1359/2220 3091/1360/2221 3134/1376/2237
f 3092/1361/2222 3136/1377/2238 3134/1376/2237
f 3076/1346/2207 3138/1363/2224 3136/1377/2238
f 3137/1378/2239 3077/1381/2223 3093/1379/2240
f 3077/1381/2223 3079/1384/2225 3097/1382/2242
f 3095/1383/2226 3149/1386/2243 3097/1382/2242
f 3099/1385/2227 3101/1388/2244 3149/1386/2243
f 3083/1387/2229 3105/1390/2246 3101/1388/2244
f 3103/1389/2245 3151/1392/2247 3105/1390/2246
f 3107/1391/2230 3113/1394/2248 3151/1392/2247
f 3109/1393/2232 3111/1396/2249 3113/1394/2248
f 3088/1395/2231 3115/1398/2251 3111/1396/2249
f 3119/1397/2250 3117/1400/2252 3115/1398/2251
f 3123/1399/2234 3121/1402/2253 3117/1400/2252
f 3125/1401/2236 3153/1404/2254 3121/1402/2253
f 3127/1403/2235 3131/1406/2256 3153/1404/2254
f 3133/1405/2255 3129/1408/2257 3131/1406/2256
f 3135/1407/2238 3155/1409/2258 3129/1408/2257
f 3137/1378/2239 3147/1380/2241 3155/1409/2258
f 3017/1410/2159 3014/1410/2161 3146/1410/2260
f 3146/1410/2260 3144/1410/2188 3017/1410/2159
f 3144/1410/2188 3043/1410/2186 3017/1410/2159
f 3043/1410/2186 3142/1410/2184 3041/1410/2182
f 3041/1410/2182 3039/1410/2178 3043/1410/2186
f 3039/1410/2178 3037/1410/2176 3043/1410/2186
f 3037/1410/2176 3140/1410/2174 3033/1410/2175
f 3033/1410/2175 3030/1410/2170 3028/1410/2171
f 3028/1410/2171 3025/1410/2168 3023/1410/2166
f 3023/1410/2166 3019/1410/2162 3017/1410/2159
f 3037/1410/2176 3033/1410/2175 3028/1410/2171
f 3028/1410/2171 3023/1410/2166 3017/1410/2159
f 3017/1410/2159 3043/1410/2186 3037/1410/2176
s 0
f 3156/1409/2259 3148/1380/2259 3094/1379/2259
f 3094/1379/2259 3098/1382/2259 3150/1386/2259
f 3150/1386/2259 3102/1388/2259 3106/1390/2259
f 3106/1390/2259 3152/1392/2259 3150/1386/2259
f 3152/1392/2259 3114/1394/2259 3150/1386/2259
f 3114/1394/2259 3112/1396/2259 3116/1398/2259
f 3116/1398/2259 3118/1400/2259 3122/1402/2259
f 3122/1402/2259 3154/1404/2259 3132/1406/2259
f 3132/1406/2259 3130/1408/2259 3156/1409/2259
f 3156/1409/2259 3094/1379/2259 3114/1394/2259
f 3094/1379/2259 3150/1386/2259 3114/1394/2259
f 3114/1394/2259 3116/1398/2259 3156/1409/2259
f 3116/1398/2259 3122/1402/2259 3156/1409/2259
o Wheel_RL
v -0.600000 0.510948 1.059052
v -0.600000 0.510948 1.059052
v -0.632000 0.465964 0.921653
v -0.600000 0.564274 1.138860
v -0.600000 0.564274 1.138860
v -0.600000 0.583000 1.233000
v -0.600000 0.583000 1.233000
v -0.600000 0.564274 1.327140
v -0.600000 0.564274 1.327140
v -0.632000 0.674000 1.233000
v -0.632000 0.575295 1.471295
v -0.600000 0.510948 1.406948
v -0.600000 0.510948 1.406948
v -0.600000 0.431140 1.460274
v -0.600000 0.431140 1.460274
v -0.632000 0.337000 1.570000
v -0.600000 0.242860 1.460274
v -0.600000 0.242860 1.460274
v -0.632000 0.208036 1.544347
v -0.632000 0.098705 1.471295
v -0.632000 0.025653 1.361964
v -0.632000 0.000000 1.233000
v -0.600000 0.163052 1.059052
v -0.600000 0.163052 1.059052
v -0.632000 0.337000 0.896000
v -0.900000 0.465964 0.921653
v -0.632000 0.575295 0.994705
v -0.632000 0.648347 1.104036
v -0.900000 0.674000 1.233000
v -0.632000 0.648347 1.361964
v -0.900000 0.648347 1.361964
v -0.632000 0.465964 1.544347
v -0.900000 0.337000 1.570000
v -0.900000 0.025653 1.361964
v -0.632000 0.025653 1.104036
v -0.632000 0.098705 0.994705
v -0.900000 0.098705 0.994705
v -0.632000 0.208036 0.921653
v -0.900000 0.208036 0.921653
v -0.900000 0.337000 0.896000
v -0.900000 0.575295 0.994705
v -0.900000 0.648347 1.104036
v -0.936000 0.558324 1.011676
v -0.936000 0.650000 1.233000
v -0.900000 0.575295 1.471295
v -0.936000 0.558324 1.454324
v -0.900000 0.465964 1.544347
v -0.900000 0.208036 1.544347
v -0.936000 0.217220 1.522174
v -0.900000 0.098705 1.471295
v -0.936000 0.115676 1.454324
v -0.936000 0.024000 1.233000
v -0.936000 0.047826 1.352780
v -0.900000 0.000000 1.233000
v -0.900000 0.025653 1.104036
v -0.936000 0.047826 1.113220
v -0.936000 0.456780 0.943826
v -0.935000 0.423486 1.024203
v -0.935000 0.423486 1.024203
v -0.935000 0.496806 1.073194
v -0.935000 0.496806 1.073194
v -0.935000 0.545797 1.146514
v -0.935000 0.545797 1.146514
v -0.936000 0.626174 1.113220
v -0.935000 0.563000 1.233000
v -0.935000 0.563000 1.233000
v -0.936000 0.626174 1.352780
v -0.935000 0.496806 1.392806
v -0.935000 0.496806 1.392806
v -0.936000 0.456780 1.522174
v -0.936000 0.337000 1.546000
v -0.935000 0.250514 1.441797
v -0.935000 0.250514 1.441797
v -0.935000 0.337000 1.459000
v -0.935000 0.337000 1.459000
v -0.935000 0.177194 1.392806
v -0.935000 0.177194 1.392806
v -0.935000 0.111000 1.233000
v -0.935000 0.111000 1.233000
v -0.936000 0.115676 1.011676
v -0.936000 0.217220 0.943826
v -0.935000 0.250514 1.024203
v -0.935000 0.250514 1.024203
v -0.935000 0.177194 1.073194
v -0.935000 0.177194 1.073194
v -0.936000 0.337000 0.920000
v -0.935000 0.337000 1.007000
v -0.935000 0.337000 1.007000
v -0.926000 0.415067 1.044529
v -0.926000 0.415067 1.044529
v -0.926000 0.481250 1.088750
v -0.926000 0.481250 1.088750
v -0.926000 0.541000 1.233000
v -0.926000 0.541000 1.233000
v -0.926000 0.525471 1.154933
v -0.926000 0.525471 1.154933
v -0.935000 0.545797 1.319486
v -0.935000 0.545797 1.319486
v -0.926000 0.525471 1.311067
v -0.926000 0.525471 1.311067
v -0.926000 0.415067 1.421471
v -0.926000 0.415067 1.421471
v -0.935000 0.423486 1.441797
v -0.935000 0.423486 1.441797
v -0.926000 0.337000 1.437000
v -0.926000 0.337000 1.437000
v -0.926000 0.258933 1.421471
v -0.926000 0.258933 1.421471
v -0.935000 0.128203 1.319486
v -0.935000 0.128203 1.319486
v -0.926000 0.148529 1.311067
v -0.926000 0.148529 1.311067
v -0.935000 0.128203 1.146514
v -0.935000 0.128203 1.146514
v -0.926000 0.192750 1.088750
v -0.926000 0.192750 1.088750
v -0.926000 0.337000 1.029000
v -0.926000 0.337000 1.029000
v -0.926000 0.258933 1.044529
v -0.926000 0.258933 1.044529
v -0.600000 0.337000 0.987000
v -0.600000 0.337000 0.987000
v -0.600000 0.431140 1.005726
v -0.600000 0.431140 1.005726
v -0.600000 0.337000 1.479000
v -0.600000 0.337000 1.479000
v -0.600000 0.163052 1.406948
v -0.600000 0.163052 1.406948
v -0.600000 0.109726 1.327140
v -0.600000 0.109726 1.327140
v -0.600000 0.091000 1.233000
v -0.600000 0.091000 1.233000
v -0.600000 0.109726 1.138860
v -0.600000 0.109726 1.138860
v -0.600000 0.242860 1.005726
v -0.600000 0.242860 1.005726
v -0.926000 0.481250 1.377250
v -0.926000 0.481250 1.377250
v -0.926000 0.192750 1.377250
v -0.926000 0.192750 1.377250
v -0.926000 0.133000 1.233000
v -0.926000 0.133000 1.233000
v -0.926000 0.148529 1.154933
v -0.926000 0.148529 1.154933
vn 0.5464 -0.0000 -0.8375
vn 0.9821 0.0722 -0.1742
vn 0.9821 -0.0000 -0.1886
vn 0.5464 0.5922 -0.5922
vn 0.9821 0.1333 -0.1333
vn 0.9821 0.1742 -0.0722
vn 0.5464 0.7738 -0.3205
vn 0.9821 0.1886 -0.0000
vn 0.5464 0.8375 -0.0000
vn 0.9821 0.1742 0.0722
vn 0.5464 0.7738 0.3205
vn 0.9821 0.1333 0.1333
vn 0.5464 0.5922 0.5922
vn 0.9821 0.0722 0.1742
vn 0.5464 0.3205 0.7738
vn 0.9821 -0.0000 0.1886
vn 0.5464 -0.3205 0.7738
vn 0.9821 -0.0722 0.1742
vn 0.5464 -0.5922 0.5922
vn 0.9821 -0.1333 0.1333
vn 0.5464 -0.7738 0.3205
vn 0.9821 -0.1742 0.0722
vn 0.9821 -0.1886 -0.0000
vn 0.5464 -0.7738 -0.3205
vn 0.9821 -0.1742 -0.0722
vn 0.5464 -0.5922 -0.5922
vn 0.9821 -0.1333 -0.1333
vn 0.5464 -0.3205 -0.7738
vn 0.9821 -0.0722 -0.1742
vn -0.2803 -0.0000 -0.9599
vn 0.5464 0.3205 -0.7738
vn -0.2803 0.3673 -0.8869
vn -0.2803 0.6788 -0.6788
vn -0.2803 0.8869 -0.3673
vn -0.2803 0.9599 -0.0000
vn -0.2803 0.8869 0.3673
vn -0.2803 0.6788 0.6788
vn -0.2803 0.3674 0.8869
vn 0.5464 -0.0000 0.8375
vn -0.2803 -0.0000 0.9599
vn -0.2803 -0.3673 0.8869
vn -0.2803 -0.6788 0.6788
vn -0.2803 -0.8869 0.3674
vn 0.5464 -0.8375 -0.0000
vn -0.2803 -0.9599 -0.0000
vn -0.2803 -0.8869 -0.3673
vn -0.2803 -0.6788 -0.6788
vn -0.2803 -0.3673 -0.8869
vn -0.8597 -0.0000 -0.5108
vn -0.8597 0.1955 -0.4719
vn -0.8597 0.3612 -0.3612
vn -0.8597 0.4719 -0.1955
vn -0.8597 0.5108 -0.0000
vn -0.8597 0.3612 0.3612
vn -0.8597 0.1955 0.4719
vn -0.8597 -0.0000 0.5108
vn -0.8597 -0.1955 0.4719
vn -0.8597 -0.4719 0.1955
vn -0.8597 -0.5108 -0.0000
vn -0.8597 -0.4719 -0.1955
vn -0.8597 -0.1955 -0.4719
vn -0.9844 -0.0673 0.1624
vn -0.9844 -0.1244 0.1244
vn -0.9844 -0.1625 0.0673
vn -0.9844 -0.1624 -0.0673
vn -0.8597 0.4719 0.1955
vn -0.9844 -0.1244 -0.1244
vn -0.9844 -0.0673 -0.1625
vn -0.9844 -0.0000 -0.1759
vn -0.9844 0.0673 -0.1625
vn -0.8597 -0.3612 0.3612
vn -0.9844 0.1624 -0.0673
vn -0.9844 0.1625 0.0673
vn -0.9844 0.1244 0.1244
vn -0.8597 -0.3612 -0.3612
vn -0.9844 0.0673 0.1625
vn -0.9764 -0.0000 0.2160
vn -0.9844 -0.0673 0.1625
vn -0.9844 -0.0000 0.1760
vn -0.9764 -0.0827 0.1996
vn -0.9764 -0.1996 0.0827
vn -0.9844 -0.1760 -0.0000
vn -0.9764 -0.2160 -0.0000
vn -0.9844 -0.1625 -0.0673
vn -0.9764 -0.1995 -0.0827
vn -0.9764 -0.1527 -0.1527
vn -0.9764 -0.0000 -0.2160
vn -0.9844 -0.0000 -0.1760
vn -0.9764 0.0827 -0.1995
vn -0.9764 0.1527 -0.1527
vn -0.9844 0.1244 -0.1244
vn -0.9844 0.1625 -0.0673
vn -0.9764 0.2159 -0.0000
vn -0.9844 0.1759 -0.0000
vn -0.9764 0.1527 0.1527
vn -0.9764 0.0827 0.1996
vn 0.9821 0.0722 0.1741
vn 0.9821 -0.1741 0.0722
vn 0.9821 -0.0722 -0.1741
vn -1.0000 -0.0000 -0.0000
vn -0.9844 -0.0000 0.1759
vn -0.9844 -0.1759 -0.0000
vn -0.9764 -0.1527 0.1527
vn -0.9764 -0.0826 -0.1995
vn -0.9764 0.1995 -0.0826
vn -0.9764 0.1995 0.0826
vn 0.9821 0.0722 -0.1741
vn 0.9821 0.1741 -0.0722
vn 0.9821 0.1741 0.0722
vn 0.9821 -0.0722 0.1741
vn 0.9821 -0.1741 -0.0722
vt 0.429688 0.220703
vt 0.421420 0.198334
vt 0.422831 0.220703
vt 0.422251 0.164079
vt 0.417403 0.179369
vt 0.411390 0.166698
vt 0.414013 0.146721
vt 0.404297 0.162248
vt 0.404297 0.140625
vt 0.397204 0.166698
vt 0.394580 0.146721
vt 0.391191 0.179369
vt 0.386343 0.164079
vt 0.387173 0.198334
vt 0.380839 0.190059
vt 0.385762 0.220703
vt 0.380839 0.251348
vt 0.387173 0.243073
vt 0.386343 0.277327
vt 0.391191 0.262037
vt 0.394580 0.294686
vt 0.397204 0.274708
vt 0.404297 0.279158
vt 0.414013 0.294686
vt 0.411390 0.274708
vt 0.422251 0.277327
vt 0.417403 0.262037
vt 0.427755 0.251348
vt 0.421420 0.243073
vt 0.427755 0.190059
vt 0.378906 0.220703
vt 0.404297 0.300781
vt 0.427879 0.220703
vt 0.426084 0.192241
vt 0.420972 0.168112
vt 0.413321 0.151989
vt 0.404297 0.146328
vt 0.387622 0.168112
vt 0.382510 0.192241
vt 0.380714 0.220703
vt 0.382510 0.249165
vt 0.395272 0.289417
vt 0.404297 0.295078
vt 0.413321 0.289417
vt 0.426084 0.249165
vt 0.420028 0.200152
vt 0.416337 0.182730
vt 0.410813 0.171089
vt 0.397781 0.171089
vt 0.395272 0.151989
vt 0.392257 0.182730
vt 0.388565 0.200152
vt 0.387269 0.220703
vt 0.388565 0.241254
vt 0.387622 0.273294
vt 0.397781 0.270318
vt 0.410813 0.270318
vt 0.416337 0.258676
vt 0.420972 0.273294
vt 0.420028 0.241254
vt 0.363532 0.376953
vt 0.364755 0.421051
vt 0.369141 0.376953
vt 0.359573 0.416759
vt 0.352265 0.458436
vt 0.331426 0.473052
vt 0.333573 0.483416
vt 0.311523 0.492188
vt 0.311523 0.480970
vt 0.289474 0.483416
vt 0.291621 0.473052
vt 0.270782 0.458436
vt 0.274748 0.450504
vt 0.258292 0.421051
vt 0.259515 0.376953
vt 0.253906 0.376953
vt 0.263474 0.337148
vt 0.258292 0.332855
vt 0.274748 0.303402
vt 0.270782 0.295470
vt 0.289474 0.270490
vt 0.311523 0.272936
vt 0.311523 0.261719
vt 0.333573 0.270490
vt 0.348299 0.303402
vt 0.352265 0.295470
vt 0.359573 0.337148
vt 0.364755 0.332855
vt 0.445312 0.265625
vt 0.263474 0.416759
vt 0.421324 0.220703
vt 0.404297 0.167001
vt 0.392257 0.258676
vt 0.404297 0.274405
vt 0.348299 0.450504
vt 0.291621 0.280854
vt 0.331426 0.280854
s 1
usemtl Viper_Atlas_Opaque
f 3181/1411/2261 3279/1412/2262 3277/1413/2263
f 3279/1412/2262 3183/1414/2264 3157/1415/2265
f 3183/1414/2264 3160/1416/2266 3157/1415/2265
f 3184/1417/2267 3162/1418/2268 3160/1416/2266
f 3166/1419/2269 3164/1420/2270 3162/1418/2268
f 3186/1421/2271 3168/1422/2272 3164/1420/2270
f 3167/1423/2273 3170/1424/2274 3168/1422/2272
f 3188/1425/2275 3281/1426/2276 3170/1424/2274
f 3281/1426/2276 3175/1427/2277 3173/1428/2278
f 3173/1428/2278 3176/1429/2279 3283/1430/2280
f 3283/1430/2280 3177/1431/2281 3285/1432/2282
f 3177/1431/2281 3287/1433/2283 3285/1432/2282
f 3287/1433/2283 3191/1434/2284 3289/1435/2285
f 3289/1435/2285 3192/1436/2286 3179/1437/2287
f 3179/1437/2287 3194/1438/2288 3291/1439/2289
f 3194/1438/2288 3277/1413/2263 3291/1439/2289
f 3196/1411/2290 3159/1440/2291 3181/1411/2261
f 3182/1440/2292 3183/1414/2264 3159/1440/2291
f 3197/1414/2293 3184/1417/2267 3183/1414/2264
f 3198/1417/2294 3166/1419/2269 3184/1417/2267
f 3185/1419/2295 3186/1421/2271 3166/1419/2269
f 3187/1421/2296 3167/1423/2273 3186/1421/2271
f 3201/1423/2297 3188/1425/2275 3167/1423/2273
f 3203/1425/2298 3172/1441/2299 3188/1425/2275
f 3189/1441/2300 3175/1427/2277 3172/1441/2299
f 3204/1427/2301 3176/1429/2279 3175/1427/2277
f 3206/1429/2302 3177/1431/2281 3176/1429/2279
f 3190/1431/2303 3178/1442/2304 3177/1431/2281
f 3210/1442/2305 3191/1434/2284 3178/1442/2304
f 3211/1434/2306 3192/1436/2286 3191/1434/2284
f 3193/1436/2307 3194/1438/2288 3192/1436/2286
f 3195/1438/2308 3181/1411/2261 3194/1438/2288
f 3242/1443/2309 3182/1440/2292 3196/1411/2290
f 3213/1444/2310 3197/1414/2293 3182/1440/2292
f 3199/1445/2311 3198/1417/2294 3197/1414/2293
f 3220/1446/2312 3185/1419/2295 3198/1417/2294
f 3200/1447/2313 3187/1421/2296 3185/1419/2295
f 3187/1421/2296 3202/1448/2314 3201/1423/2297
f 3201/1423/2297 3226/1449/2315 3203/1425/2298
f 3203/1425/2298 3227/1450/2316 3189/1441/2300
f 3227/1450/2316 3204/1427/2301 3189/1441/2300
f 3205/1451/2317 3206/1429/2302 3204/1427/2301
f 3206/1429/2302 3209/1452/2318 3190/1431/2303
f 3190/1431/2303 3208/1453/2319 3210/1442/2305
f 3208/1453/2319 3211/1434/2306 3210/1442/2305
f 3212/1454/2320 3193/1436/2307 3211/1434/2306
f 3193/1436/2307 3237/1455/2321 3195/1438/2308
f 3237/1455/2321 3196/1411/2290 3195/1438/2308
f 3242/1443/2309 3215/1456/2322 3213/1444/2310
f 3215/1456/2322 3199/1445/2311 3213/1444/2310
f 3217/1457/2323 3220/1446/2312 3199/1445/2311
f 3219/1458/2324 3200/1447/2313 3220/1446/2312
f 3200/1447/2313 3254/1459/2325 3223/1460/2326
f 3254/1459/2325 3202/1448/2314 3223/1460/2326
f 3225/1461/2327 3226/1449/2315 3202/1448/2314
f 3260/1462/2328 3227/1450/2316 3226/1449/2315
f 3231/1463/2329 3205/1451/2317 3227/1450/2316
f 3229/1464/2330 3207/1465/2331 3205/1451/2317
f 3207/1465/2331 3266/1466/2332 3209/1452/2318
f 3266/1466/2332 3208/1453/2319 3209/1452/2318
f 3208/1453/2319 3270/1467/2333 3212/1454/2320
f 3212/1454/2320 3241/1468/2334 3236/1469/2335
f 3241/1468/2334 3237/1455/2321 3236/1469/2335
f 3239/1470/2336 3242/1443/2309 3237/1455/2321
f 3273/1471/2337 3214/1472/2338 3243/1473/2339
f 3245/1474/2340 3216/1475/2323 3214/1472/2338
f 3216/1475/2323 3251/1476/2341 3218/1477/2324
f 3251/1476/2341 3221/1478/2342 3218/1477/2324
f 3249/1479/2343 3253/1480/2344 3221/1478/2342
f 3255/1481/2345 3224/1482/2327 3253/1480/2344
f 3293/1483/2346 3259/1484/2328 3224/1482/2327
f 3259/1484/2328 3261/1485/2347 3230/1486/2348
f 3230/1486/2348 3263/1487/2349 3228/1488/2330
f 3228/1488/2330 3295/1489/2350 3232/1490/2351
f 3295/1489/2350 3265/1491/2352 3232/1490/2351
f 3265/1491/2352 3297/1492/2353 3234/1493/2354
f 3297/1492/2353 3269/1494/2333 3234/1493/2354
f 3269/1494/2333 3271/1495/2355 3240/1496/2334
f 3240/1496/2334 3275/1497/2356 3238/1498/2336
f 3275/1497/2356 3243/1473/2339 3238/1498/2336
f 3171/1499/2357 3286/1499/2358 3292/1499/2359
s 0
f 3258/1500/2360 3256/1481/2360 3246/1474/2360
s 1
f 3181/1411/2261 3159/1440/2291 3279/1412/2262
f 3279/1412/2262 3159/1440/2291 3183/1414/2264
f 3183/1414/2264 3184/1417/2267 3160/1416/2266
f 3184/1417/2267 3166/1419/2269 3162/1418/2268
f 3166/1419/2269 3186/1421/2271 3164/1420/2270
f 3186/1421/2271 3167/1423/2273 3168/1422/2272
f 3167/1423/2273 3188/1425/2275 3170/1424/2274
f 3188/1425/2275 3172/1441/2299 3281/1426/2276
f 3281/1426/2276 3172/1441/2299 3175/1427/2277
f 3173/1428/2278 3175/1427/2277 3176/1429/2279
f 3283/1430/2280 3176/1429/2279 3177/1431/2281
f 3177/1431/2281 3178/1442/2304 3287/1433/2283
f 3287/1433/2283 3178/1442/2304 3191/1434/2284
f 3289/1435/2285 3191/1434/2284 3192/1436/2286
f 3179/1437/2287 3192/1436/2286 3194/1438/2288
f 3194/1438/2288 3181/1411/2261 3277/1413/2263
f 3196/1411/2290 3182/1440/2292 3159/1440/2291
f 3182/1440/2292 3197/1414/2293 3183/1414/2264
f 3197/1414/2293 3198/1417/2294 3184/1417/2267
f 3198/1417/2294 3185/1419/2295 3166/1419/2269
f 3185/1419/2295 3187/1421/2296 3186/1421/2271
f 3187/1421/2296 3201/1423/2297 3167/1423/2273
f 3201/1423/2297 3203/1425/2298 3188/1425/2275
f 3203/1425/2298 3189/1441/2300 3172/1441/2299
f 3189/1441/2300 3204/1427/2301 3175/1427/2277
f 3204/1427/2301 3206/1429/2302 3176/1429/2279
f 3206/1429/2302 3190/1431/2303 3177/1431/2281
f 3190/1431/2303 3210/1442/2305 3178/1442/2304
f 3210/1442/2305 3211/1434/2306 3191/1434/2284
f 3211/1434/2306 3193/1436/2307 3192/1436/2286
f 3193/1436/2307 3195/1438/2308 3194/1438/2288
f 3195/1438/2308 3196/1411/2290 3181/1411/2261
f 3242/1443/2309 3213/1444/2310 3182/1440/2292
f 3213/1444/2310 3199/1445/2311 3197/1414/2293
f 3199/1445/2311 3220/1446/2312 3198/1417/2294
f 3220/1446/2312 3200/1447/2313 3185/1419/2295
f 3200/1447/2313 3223/1460/2326 3187/1421/2296
f 3187/1421/2296 3223/1460/2326 3202/1448/2314
f 3201/1423/2297 3202/1448/2314 3226/1449/2315
f 3203/1425/2298 3226/1449/2315 3227/1450/2316
f 3227/1450/2316 3205/1451/2317 3204/1427/2301
f 3205/1451/2317 3207/1465/2331 3206/1429/2302
f 3206/1429/2302 3207/1465/2331 3209/1452/2318
f 3190/1431/2303 3209/1452/2318 3208/1453/2319
f 3208/1453/2319 3212/1454/2320 3211/1434/2306
f 3212/1454/2320 3236/1469/2335 3193/1436/2307
f 3193/1436/2307 3236/1469/2335 3237/1455/2321
f 3237/1455/2321 3242/1443/2309 3196/1411/2290
f 3242/1443/2309 3244/1501/2361 3215/1456/2322
f 3215/1456/2322 3217/1457/2323 3199/1445/2311
f 3217/1457/2323 3219/1458/2324 3220/1446/2312
f 3219/1458/2324 3222/1502/2362 3200/1447/2313
f 3200/1447/2313 3222/1502/2362 3254/1459/2325
f 3254/1459/2325 3225/1461/2327 3202/1448/2314
f 3225/1461/2327 3260/1462/2328 3226/1449/2315
f 3260/1462/2328 3231/1463/2329 3227/1450/2316
f 3231/1463/2329 3229/1464/2330 3205/1451/2317
f 3229/1464/2330 3233/1503/2351 3207/1465/2331
f 3207/1465/2331 3233/1503/2351 3266/1466/2332
f 3266/1466/2332 3235/1504/2354 3208/1453/2319
f 3208/1453/2319 3235/1504/2354 3270/1467/2333
f 3212/1454/2320 3270/1467/2333 3241/1468/2334
f 3241/1468/2334 3239/1470/2336 3237/1455/2321
f 3239/1470/2336 3244/1501/2361 3242/1443/2309
f 3273/1471/2337 3245/1474/2340 3214/1472/2338
f 3245/1474/2340 3247/1505/2363 3216/1475/2323
f 3216/1475/2323 3247/1505/2363 3251/1476/2341
f 3251/1476/2341 3249/1479/2343 3221/1478/2342
f 3249/1479/2343 3255/1481/2345 3253/1480/2344
f 3255/1481/2345 3293/1483/2346 3224/1482/2327
f 3293/1483/2346 3257/1500/2364 3259/1484/2328
f 3259/1484/2328 3257/1500/2364 3261/1485/2347
f 3230/1486/2348 3261/1485/2347 3263/1487/2349
f 3228/1488/2330 3263/1487/2349 3295/1489/2350
f 3295/1489/2350 3267/1506/2365 3265/1491/2352
f 3265/1491/2352 3267/1506/2365 3297/1492/2353
f 3297/1492/2353 3299/1507/2366 3269/1494/2333
f 3269/1494/2333 3299/1507/2366 3271/1495/2355
f 3240/1496/2334 3271/1495/2355 3275/1497/2356
f 3275/1497/2356 3273/1471/2337 3243/1473/2339
f 3292/1499/2359 3278/1499/2263 3280/1499/2367
f 3280/1499/2367 3158/1499/2265 3292/1499/2359
f 3158/1499/2265 3161/1499/2368 3292/1499/2359
f 3161/1499/2368 3163/1499/2268 3165/1499/2369
f 3165/1499/2369 3169/1499/2272 3161/1499/2368
f 3169/1499/2272 3171/1499/2357 3161/1499/2368
f 3171/1499/2357 3282/1499/2276 3174/1499/2370
f 3174/1499/2370 3284/1499/2280 3171/1499/2357
f 3284/1499/2280 3286/1499/2358 3171/1499/2357
f 3286/1499/2358 3288/1499/2283 3290/1499/2371
f 3290/1499/2371 3180/1499/2287 3286/1499/2358
f 3180/1499/2287 3292/1499/2359 3286/1499/2358
f 3292/1499/2359 3161/1499/2368 3171/1499/2357
s 0
f 3246/1474/2360 3274/1471/2360 3276/1497/2360
f 3276/1497/2360 3272/1495/2360 3300/1507/2360
f 3300/1507/2360 3298/1492/2360 3268/1506/2360
f 3268/1506/2360 3296/1489/2360 3264/1487/2360
f 3264/1487/2360 3262/1485/2360 3258/1500/2360
f 3258/1500/2360 3294/1483/2360 3256/1481/2360
f 3256/1481/2360 3250/1479/2360 3252/1476/2360
f 3252/1476/2360 3248/1505/2360 3256/1481/2360
f 3248/1505/2360 3246/1474/2360 3256/1481/2360
f 3246/1474/2360 3276/1497/2360 3264/1487/2360
f 3276/1497/2360 3300/1507/2360 3264/1487/2360
f 3300/1507/2360 3268/1506/2360 3264/1487/2360
f 3264/1487/2360 3258/1500/2360 3246/1474/2360
o Wheel_RR
v 0.600000 0.337000 0.987000
v 0.600000 0.337000 0.987000
v 0.632000 0.337000 0.896000
v 0.600000 0.431140 1.005726
v 0.600000 0.431140 1.005726
v 0.600000 0.510948 1.059052
v 0.600000 0.510948 1.059052
v 0.632000 0.465964 0.921653
v 0.632000 0.575295 0.994705
v 0.600000 0.564274 1.138860
v 0.600000 0.564274 1.138860
v 0.600000 0.583000 1.233000
v 0.600000 0.583000 1.233000
v 0.632000 0.674000 1.233000
v 0.600000 0.564274 1.327140
v 0.600000 0.564274 1.327140
v 0.600000 0.510948 1.406948
v 0.600000 0.510948 1.406948
v 0.632000 0.575295 1.471295
v 0.600000 0.431140 1.460274
v 0.600000 0.431140 1.460274
v 0.632000 0.465964 1.544347
v 0.632000 0.337000 1.570000
v 0.600000 0.242860 1.460274
v 0.600000 0.242860 1.460274
v 0.600000 0.163052 1.406948
v 0.600000 0.163052 1.406948
v 0.600000 0.109726 1.327140
v 0.600000 0.109726 1.327140
v 0.600000 0.109726 1.138860
v 0.600000 0.109726 1.138860
v 0.900000 0.465964 0.921653
v 0.900000 0.575295 0.994705
v 0.632000 0.648347 1.104036
v 0.900000 0.674000 1.233000
v 0.900000 0.648347 1.104036
v 0.632000 0.648347 1.361964
v 0.900000 0.465964 1.544347
v 0.900000 0.575295 1.471295
v 0.632000 0.208036 1.544347
v 0.900000 0.337000 1.570000
v 0.632000 0.098705 1.471295
v 0.632000 0.025653 1.361964
v 0.632000 0.000000 1.233000
v 0.632000 0.025653 1.104036
v 0.900000 0.025653 1.104036
v 0.900000 0.000000 1.233000
v 0.632000 0.098705 0.994705
v 0.632000 0.208036 0.921653
v 0.900000 0.337000 0.896000
v 0.936000 0.558324 1.011676
v 0.936000 0.456780 0.943826
v 0.936000 0.626174 1.113220
v 0.900000 0.648347 1.361964
v 0.936000 0.217220 1.522174
v 0.936000 0.337000 1.546000
v 0.900000 0.208036 1.544347
v 0.900000 0.098705 1.471295
v 0.900000 0.025653 1.361964
v 0.936000 0.047826 1.113220
v 0.936000 0.024000 1.233000
v 0.900000 0.098705 0.994705
v 0.900000 0.208036 0.921653
v 0.936000 0.337000 0.920000
v 0.935000 0.423486 1.024203
v 0.935000 0.423486 1.024203
v 0.935000 0.496806 1.073194
v 0.935000 0.496806 1.073194
v 0.936000 0.650000 1.233000
v 0.936000 0.626174 1.352780
v 0.935000 0.545797 1.319486
v 0.935000 0.545797 1.319486
v 0.936000 0.558324 1.454324
v 0.936000 0.456780 1.522174
v 0.936000 0.115676 1.454324
v 0.935000 0.250514 1.441797
v 0.935000 0.250514 1.441797
v 0.936000 0.047826 1.352780
v 0.936000 0.115676 1.011676
v 0.936000 0.217220 0.943826
v 0.926000 0.415067 1.044529
v 0.926000 0.415067 1.044529
v 0.935000 0.545797 1.146514
v 0.935000 0.545797 1.146514
v 0.926000 0.481250 1.088750
v 0.926000 0.481250 1.088750
v 0.935000 0.563000 1.233000
v 0.935000 0.563000 1.233000
v 0.926000 0.541000 1.233000
v 0.926000 0.541000 1.233000
v 0.935000 0.496806 1.392806
v 0.935000 0.496806 1.392806
v 0.926000 0.525471 1.311067
v 0.926000 0.525471 1.311067
v 0.935000 0.423486 1.441797
v 0.935000 0.423486 1.441797
v 0.935000 0.337000 1.459000
v 0.935000 0.337000 1.459000
v 0.926000 0.337000 1.437000
v 0.926000 0.337000 1.437000
v 0.926000 0.415067 1.421471
v 0.926000 0.415067 1.421471
v 0.926000 0.258933 1.421471
v 0.926000 0.258933 1.421471
v 0.926000 0.192750 1.377250
v 0.926000 0.192750 1.377250
v 0.935000 0.177194 1.392806
v 0.935000 0.177194 1.392806
v 0.926000 0.148529 1.311067
v 0.926000 0.148529 1.311067
v 0.935000 0.128203 1.319486
v 0.935000 0.128203 1.319486
v 0.935000 0.111000 1.233000
v 0.935000 0.111000 1.233000
v 0.935000 0.128203 1.146514
v 0.935000 0.128203 1.146514
v 0.926000 0.192750 1.088750
v 0.926000 0.192750 1.088750
v 0.926000 0.148529 1.154933
v 0.926000 0.148529 1.154933
v 0.935000 0.177194 1.073194
v 0.935000 0.177194 1.073194
v 0.935000 0.250514 1.024203
v 0.935000 0.250514 1.024203
v 0.935000 0.337000 1.007000
v 0.935000 0.337000 1.007000
v 0.600000 0.337000 1.479000
v 0.600000 0.337000 1.479000
v 0.600000 0.091000 1.233000
v 0.600000 0.091000 1.233000
v 0.600000 0.163052 1.059052
v 0.600000 0.163052 1.059052
v 0.600000 0.242860 1.005726
v 0.600000 0.242860 1.005726
v 0.926000 0.337000 1.029000
v 0.926000 0.337000 1.029000
v 0.926000 0.525471 1.154933
v 0.926000 0.525471 1.154933
v 0.926000 0.481250 1.377250
v 0.926000 0.481250 1.377250
v 0.926000 0.133000 1.233000
v 0.926000 0.133000 1.233000
v 0.926000 0.258933 1.044529
v 0.926000 0.258933 1.044529
vn -0.9821 0.0722 -0.1742
vn -0.5464 -0.0000 -0.8375
vn -0.9821 -0.0000 -0.1886
vn -0.9821 0.1333 -0.1333
vn -0.5464 0.3205 -0.7738
vn -0.9821 0.1742 -0.0722
vn -0.5464 0.5922 -0.5922
vn -0.9821 0.1886 -0.0000
vn -0.5464 0.7738 -0.3205
vn -0.9821 0.1742 0.0722
vn -0.5464 0.8375 -0.0000
vn -0.9821 0.1333 0.1333
vn -0.5464 0.7738 0.3205
vn -0.9821 0.0722 0.1742
vn -0.5464 0.5922 0.5922
vn -0.9821 -0.0000 0.1886
vn -0.5464 0.3205 0.7738
vn -0.5464 -0.3205 0.7738
vn -0.5464 -0.0000 0.8375
vn -0.9821 -0.0722 0.1742
vn -0.5464 -0.5922 0.5922
vn -0.9821 -0.1333 0.1333
vn -0.5464 -0.7738 0.3205
vn -0.9821 -0.1886 -0.0000
vn -0.9821 -0.1742 0.0722
vn -0.5464 -0.7738 -0.3205
vn -0.5464 -0.8375 -0.0000
vn -0.9821 -0.1742 -0.0722
vn -0.5464 -0.5922 -0.5922
vn -0.9821 -0.0722 -0.1742
vn -0.9821 -0.1333 -0.1333
vn -0.5464 -0.3205 -0.7738
vn 0.2803 -0.0000 -0.9599
vn 0.2803 0.3673 -0.8869
vn 0.2803 0.6788 -0.6788
vn 0.2803 0.8869 -0.3673
vn 0.2803 0.9599 -0.0000
vn 0.2803 0.8869 0.3673
vn 0.2803 0.6788 0.6788
vn 0.2803 0.3674 0.8869
vn 0.2803 -0.0000 0.9599
vn 0.2803 -0.3673 0.8869
vn 0.2803 -0.6788 0.6788
vn 0.2803 -0.8869 0.3673
vn 0.2803 -0.9599 -0.0000
vn 0.2803 -0.8869 -0.3673
vn 0.2803 -0.6788 -0.6788
vn 0.2803 -0.3673 -0.8869
vn 0.8597 -0.0000 -0.5108
vn 0.8597 0.1955 -0.4719
vn 0.8597 0.3612 -0.3612
vn 0.8597 0.4719 -0.1955
vn 0.8597 0.5108 -0.0000
vn 0.8597 0.3612 0.3612
vn 0.8597 0.4719 0.1955
vn 0.8597 0.1955 0.4719
vn 0.8597 -0.0000 0.5108
vn 0.8597 -0.1955 0.4719
vn 0.8597 -0.3612 0.3612
vn 0.8597 -0.5108 -0.0000
vn 0.8597 -0.4719 0.1955
vn 0.8597 -0.4719 -0.1955
vn 0.8597 -0.1955 -0.4719
vn 0.8597 -0.3612 -0.3612
vn 0.9844 -0.0673 0.1624
vn 0.9844 -0.0000 0.1759
vn 0.9844 -0.1244 0.1244
vn 0.9844 -0.1625 0.0673
vn 0.9844 -0.1624 -0.0673
vn 0.9844 -0.1759 -0.0000
vn 0.9844 -0.0673 -0.1624
vn 0.9844 -0.1244 -0.1244
vn 0.9844 -0.0000 -0.1759
vn 0.9844 0.0673 -0.1625
vn 0.9844 0.1624 -0.0673
vn 0.9844 0.1244 -0.1244
vn 0.9844 0.1625 0.0673
vn 0.9844 0.1759 -0.0000
vn 0.9844 0.1244 0.1244
vn 0.9844 0.0673 0.1625
vn 0.9844 -0.0673 0.1625
vn 0.9764 -0.0000 0.2160
vn 0.9844 -0.0000 0.1760
vn 0.9764 -0.0826 0.1995
vn 0.9764 -0.1995 0.0827
vn 0.9764 -0.1527 0.1527
vn 0.9764 -0.2159 -0.0000
vn 0.9844 -0.1625 -0.0673
vn 0.9764 -0.1995 -0.0826
vn 0.9844 -0.0673 -0.1625
vn 0.9764 -0.1527 -0.1527
vn 0.9764 -0.0000 -0.2160
vn 0.9764 -0.0826 -0.1995
vn 0.9844 -0.0000 -0.1760
vn 0.9764 0.0826 -0.1995
vn 0.9764 0.1527 -0.1527
vn 0.9844 0.1625 -0.0673
vn 0.9764 0.2160 -0.0000
vn 0.9764 0.1995 -0.0826
vn 0.9844 0.1760 -0.0000
vn 0.9764 0.1995 0.0826
vn 0.9764 0.1527 0.1527
vn 0.9764 0.0827 0.1995
vn -0.9821 -0.0722 0.1741
vn -0.9821 0.1741 0.0722
vn -0.9821 0.0722 -0.1741
vn 1.0000 -0.0000 -0.0000
vn -0.9821 -0.0722 -0.1741
vn -0.9821 -0.1741 -0.0722
vn -0.9821 -0.1741 0.0722
vn -0.9821 0.0722 0.1741
vn -0.9821 0.1741 -0.0722
vt 0.421420 0.198334
vt 0.429688 0.220703
vt 0.422831 0.220703
vt 0.417403 0.179369
vt 0.427755 0.190059
vt 0.411390 0.166698
vt 0.422251 0.164079
vt 0.404297 0.162248
vt 0.414013 0.146721
vt 0.397204 0.166698
vt 0.404297 0.140625
vt 0.391191 0.179369
vt 0.394580 0.146721
vt 0.387173 0.198334
vt 0.386343 0.164079
vt 0.385762 0.220703
vt 0.380839 0.190059
vt 0.380839 0.251348
vt 0.378906 0.220703
vt 0.387173 0.243073
vt 0.386343 0.277327
vt 0.391191 0.262037
vt 0.394580 0.294686
vt 0.404297 0.279158
vt 0.397204 0.274708
vt 0.414013 0.294686
vt 0.404297 0.300781
vt 0.411390 0.274708
vt 0.422251 0.277327
vt 0.421420 0.243073
vt 0.417403 0.262037
vt 0.427755 0.251348
vt 0.427879 0.220703
vt 0.426084 0.192241
vt 0.420972 0.168112
vt 0.413321 0.151989
vt 0.404297 0.146328
vt 0.387622 0.168112
vt 0.395272 0.151989
vt 0.382510 0.192241
vt 0.380714 0.220703
vt 0.382510 0.249165
vt 0.387622 0.273294
vt 0.404297 0.295078
vt 0.395272 0.289417
vt 0.413321 0.289417
vt 0.426084 0.249165
vt 0.420972 0.273294
vt 0.420028 0.200152
vt 0.421324 0.220703
vt 0.416337 0.182730
vt 0.410813 0.171089
vt 0.397781 0.171089
vt 0.404297 0.167001
vt 0.388565 0.200152
vt 0.392257 0.182730
vt 0.387269 0.220703
vt 0.388565 0.241254
vt 0.397781 0.270318
vt 0.392257 0.258676
vt 0.410813 0.270318
vt 0.404297 0.274405
vt 0.416337 0.258676
vt 0.420028 0.241254
vt 0.364755 0.421051
vt 0.363532 0.376953
vt 0.369141 0.376953
vt 0.352265 0.458436
vt 0.359573 0.416759
vt 0.331426 0.473052
vt 0.348299 0.450504
vt 0.333573 0.483416
vt 0.311523 0.480970
vt 0.289474 0.483416
vt 0.311523 0.492188
vt 0.270782 0.458436
vt 0.291621 0.473052
vt 0.258292 0.421051
vt 0.274748 0.450504
vt 0.259515 0.376953
vt 0.263474 0.416759
vt 0.253906 0.376953
vt 0.263474 0.337148
vt 0.258292 0.332855
vt 0.274748 0.303402
vt 0.289474 0.270490
vt 0.270782 0.295470
vt 0.311523 0.272936
vt 0.291621 0.280854
vt 0.311523 0.261719
vt 0.331426 0.280854
vt 0.333573 0.270490
vt 0.348299 0.303402
vt 0.352265 0.295470
vt 0.359573 0.337148
vt 0.364755 0.332855
vt 0.445312 0.265625
s 1
usemtl Viper_Atlas_Opaque
f 3304/1508/2372 3303/1509/2373 3301/1510/2374
f 3306/1511/2375 3308/1512/2376 3304/1508/2372
f 3310/1513/2377 3309/1514/2378 3306/1511/2375
f 3312/1515/2379 3334/1516/2380 3310/1513/2377
f 3315/1517/2381 3314/1518/2382 3312/1515/2379
f 3317/1519/2383 3337/1520/2384 3315/1517/2381
f 3320/1521/2385 3319/1522/2386 3317/1519/2383
f 3427/1523/2387 3322/1524/2388 3320/1521/2385
f 3427/1523/2387 3340/1525/2389 3323/1526/2390
f 3324/1527/2391 3342/1528/2392 3340/1525/2389
f 3326/1529/2393 3343/1530/2394 3342/1528/2392
f 3429/1531/2395 3343/1530/2394 3328/1532/2396
f 3429/1531/2395 3345/1533/2397 3344/1534/2398
f 3330/1535/2399 3348/1536/2400 3345/1533/2397
f 3433/1537/2401 3348/1536/2400 3431/1538/2402
f 3301/1510/2374 3349/1539/2403 3433/1537/2401
f 3308/1512/2376 3350/1509/2404 3303/1509/2373
f 3309/1514/2378 3332/1512/2405 3308/1512/2376
f 3334/1516/2380 3333/1514/2406 3309/1514/2378
f 3314/1518/2382 3336/1516/2407 3334/1516/2380
f 3337/1520/2384 3335/1518/2408 3314/1518/2382
f 3319/1522/2386 3354/1520/2409 3337/1520/2384
f 3322/1524/2388 3339/1522/2410 3319/1522/2386
f 3323/1526/2390 3338/1524/2411 3322/1524/2388
f 3340/1525/2389 3341/1526/2412 3323/1526/2390
f 3342/1528/2392 3357/1525/2413 3340/1525/2389
f 3343/1530/2394 3358/1528/2414 3342/1528/2392
f 3344/1534/2398 3359/1530/2415 3343/1530/2394
f 3345/1533/2397 3347/1534/2416 3344/1534/2398
f 3348/1536/2400 3346/1533/2417 3345/1533/2397
f 3349/1539/2403 3362/1536/2418 3348/1536/2400
f 3303/1509/2373 3363/1539/2419 3349/1539/2403
f 3332/1512/2405 3364/1540/2420 3350/1509/2404
f 3333/1514/2406 3352/1541/2421 3332/1512/2405
f 3336/1516/2407 3351/1542/2422 3333/1514/2406
f 3335/1518/2408 3353/1543/2423 3336/1516/2407
f 3354/1520/2409 3369/1544/2424 3335/1518/2408
f 3354/1520/2409 3373/1545/2425 3370/1546/2426
f 3339/1522/2410 3374/1547/2427 3373/1545/2425
f 3338/1524/2411 3356/1548/2428 3374/1547/2427
f 3357/1525/2413 3356/1548/2428 3341/1526/2412
f 3358/1528/2414 3355/1549/2429 3357/1525/2413
f 3359/1530/2415 3375/1550/2430 3358/1528/2414
f 3359/1530/2415 3361/1551/2431 3378/1552/2432
f 3346/1533/2417 3361/1551/2431 3347/1534/2416
f 3362/1536/2418 3360/1553/2433 3346/1533/2417
f 3362/1536/2418 3380/1554/2434 3379/1555/2435
f 3350/1509/2404 3380/1554/2434 3363/1539/2419
f 3364/1540/2420 3366/1556/2436 3426/1557/2437
f 3351/1542/2422 3366/1556/2436 3352/1541/2421
f 3353/1543/2423 3368/1558/2438 3351/1542/2422
f 3369/1544/2424 3384/1559/2439 3353/1543/2423
f 3369/1544/2424 3372/1560/2440 3388/1561/2441
f 3373/1545/2425 3372/1560/2440 3370/1546/2426
f 3373/1545/2425 3396/1562/2442 3392/1563/2443
f 3356/1548/2428 3396/1562/2442 3374/1547/2427
f 3355/1549/2429 3398/1564/2444 3356/1548/2428
f 3375/1550/2430 3377/1565/2445 3355/1549/2429
f 3375/1550/2430 3412/1566/2446 3408/1567/2447
f 3361/1551/2431 3412/1566/2446 3378/1552/2432
f 3361/1551/2431 3416/1568/2448 3414/1569/2449
f 3360/1553/2433 3422/1570/2450 3416/1568/2448
f 3380/1554/2434 3422/1570/2450 3379/1555/2435
f 3364/1540/2420 3424/1571/2451 3380/1554/2434
f 3365/1572/2452 3435/1573/2453 3425/1574/2454
f 3367/1575/2438 3381/1576/2455 3365/1572/2452
f 3367/1575/2438 3437/1577/2456 3385/1578/2457
f 3383/1579/2439 3389/1580/2458 3437/1577/2456
f 3371/1581/2459 3389/1580/2458 3387/1582/2441
f 3391/1583/2443 3393/1584/2460 3371/1581/2459
f 3395/1585/2461 3439/1586/2462 3391/1583/2443
f 3395/1585/2461 3399/1587/2463 3401/1588/2464
f 3397/1589/2465 3403/1590/2466 3399/1587/2463
f 3376/1591/2445 3405/1592/2467 3403/1590/2466
f 3411/1593/2468 3405/1592/2467 3407/1594/2447
f 3411/1593/2468 3441/1595/2469 3409/1596/2470
f 3413/1597/2471 3419/1598/2472 3441/1595/2469
f 3415/1599/2448 3417/1600/2473 3419/1598/2472
f 3421/1601/2450 3443/1602/2474 3417/1600/2473
f 3425/1574/2454 3443/1602/2474 3423/1603/2451
f 3325/1604/2475 3316/1604/2476 3305/1604/2477
s 0
f 3410/1596/2478 3420/1598/2478 3444/1602/2478
s 1
f 3304/1508/2372 3308/1512/2376 3303/1509/2373
f 3306/1511/2375 3309/1514/2378 3308/1512/2376
f 3310/1513/2377 3334/1516/2380 3309/1514/2378
f 3312/1515/2379 3314/1518/2382 3334/1516/2380
f 3315/1517/2381 3337/1520/2384 3314/1518/2382
f 3317/1519/2383 3319/1522/2386 3337/1520/2384
f 3320/1521/2385 3322/1524/2388 3319/1522/2386
f 3427/1523/2387 3323/1526/2390 3322/1524/2388
f 3427/1523/2387 3324/1527/2391 3340/1525/2389
f 3324/1527/2391 3326/1529/2393 3342/1528/2392
f 3326/1529/2393 3328/1532/2396 3343/1530/2394
f 3429/1531/2395 3344/1534/2398 3343/1530/2394
f 3429/1531/2395 3330/1535/2399 3345/1533/2397
f 3330/1535/2399 3431/1538/2402 3348/1536/2400
f 3433/1537/2401 3349/1539/2403 3348/1536/2400
f 3301/1510/2374 3303/1509/2373 3349/1539/2403
f 3308/1512/2376 3332/1512/2405 3350/1509/2404
f 3309/1514/2378 3333/1514/2406 3332/1512/2405
f 3334/1516/2380 3336/1516/2407 3333/1514/2406
f 3314/1518/2382 3335/1518/2408 3336/1516/2407
f 3337/1520/2384 3354/1520/2409 3335/1518/2408
f 3319/1522/2386 3339/1522/2410 3354/1520/2409
f 3322/1524/2388 3338/1524/2411 3339/1522/2410
f 3323/1526/2390 3341/1526/2412 3338/1524/2411
f 3340/1525/2389 3357/1525/2413 3341/1526/2412
f 3342/1528/2392 3358/1528/2414 3357/1525/2413
f 3343/1530/2394 3359/1530/2415 3358/1528/2414
f 3344/1534/2398 3347/1534/2416 3359/1530/2415
f 3345/1533/2397 3346/1533/2417 3347/1534/2416
f 3348/1536/2400 3362/1536/2418 3346/1533/2417
f 3349/1539/2403 3363/1539/2419 3362/1536/2418
f 3303/1509/2373 3350/1509/2404 3363/1539/2419
f 3332/1512/2405 3352/1541/2421 3364/1540/2420
f 3333/1514/2406 3351/1542/2422 3352/1541/2421
f 3336/1516/2407 3353/1543/2423 3351/1542/2422
f 3335/1518/2408 3369/1544/2424 3353/1543/2423
f 3354/1520/2409 3370/1546/2426 3369/1544/2424
f 3354/1520/2409 3339/1522/2410 3373/1545/2425
f 3339/1522/2410 3338/1524/2411 3374/1547/2427
f 3338/1524/2411 3341/1526/2412 3356/1548/2428
f 3357/1525/2413 3355/1549/2429 3356/1548/2428
f 3358/1528/2414 3375/1550/2430 3355/1549/2429
f 3359/1530/2415 3378/1552/2432 3375/1550/2430
f 3359/1530/2415 3347/1534/2416 3361/1551/2431
f 3346/1533/2417 3360/1553/2433 3361/1551/2431
f 3362/1536/2418 3379/1555/2435 3360/1553/2433
f 3362/1536/2418 3363/1539/2419 3380/1554/2434
f 3350/1509/2404 3364/1540/2420 3380/1554/2434
f 3364/1540/2420 3352/1541/2421 3366/1556/2436
f 3351/1542/2422 3368/1558/2438 3366/1556/2436
f 3353/1543/2423 3384/1559/2439 3368/1558/2438
f 3369/1544/2424 3388/1561/2441 3384/1559/2439
f 3369/1544/2424 3370/1546/2426 3372/1560/2440
f 3373/1545/2425 3392/1563/2443 3372/1560/2440
f 3373/1545/2425 3374/1547/2427 3396/1562/2442
f 3356/1548/2428 3398/1564/2444 3396/1562/2442
f 3355/1549/2429 3377/1565/2445 3398/1564/2444
f 3375/1550/2430 3408/1567/2447 3377/1565/2445
f 3375/1550/2430 3378/1552/2432 3412/1566/2446
f 3361/1551/2431 3414/1569/2449 3412/1566/2446
f 3361/1551/2431 3360/1553/2433 3416/1568/2448
f 3360/1553/2433 3379/1555/2435 3422/1570/2450
f 3380/1554/2434 3424/1571/2451 3422/1570/2450
f 3364/1540/2420 3426/1557/2437 3424/1571/2451
f 3365/1572/2452 3381/1576/2455 3435/1573/2453
f 3367/1575/2438 3385/1578/2457 3381/1576/2455
f 3367/1575/2438 3383/1579/2439 3437/1577/2456
f 3383/1579/2439 3387/1582/2441 3389/1580/2458
f 3371/1581/2459 3393/1584/2460 3389/1580/2458
f 3391/1583/2443 3439/1586/2462 3393/1584/2460
f 3395/1585/2461 3401/1588/2464 3439/1586/2462
f 3395/1585/2461 3397/1589/2465 3399/1587/2463
f 3397/1589/2465 3376/1591/2445 3403/1590/2466
f 3376/1591/2445 3407/1594/2447 3405/1592/2467
f 3411/1593/2468 3409/1596/2470 3405/1592/2467
f 3411/1593/2468 3413/1597/2471 3441/1595/2469
f 3413/1597/2471 3415/1599/2448 3419/1598/2472
f 3415/1599/2448 3421/1601/2450 3417/1600/2473
f 3421/1601/2450 3423/1603/2451 3443/1602/2474
f 3425/1574/2454 3435/1573/2453 3443/1602/2474
f 3305/1604/2477 3302/1604/2374 3434/1604/2479
f 3434/1604/2479 3432/1604/2402 3305/1604/2477
f 3432/1604/2402 3331/1604/2480 3305/1604/2477
f 3331/1604/2480 3430/1604/2395 3329/1604/2481
f 3329/1604/2481 3327/1604/2393 3331/1604/2480
f 3327/1604/2393 3325/1604/2475 3331/1604/2480
f 3325/1604/2475 3428/1604/2387 3321/1604/2482
f 3321/1604/2482 3318/1604/2383 3325/1604/2475
f 3318/1604/2383 3316/1604/2476 3325/1604/2475
f 3316/1604/2476 3313/1604/2379 3311/1604/2483
f 3311/1604/2483 3307/1604/2375 3316/1604/2476
f 3307/1604/2375 3305/1604/2477 3316/1604/2476
f 3305/1604/2477 3331/1604/2480 3325/1604/2475
s 0
f 3444/1602/2478 3436/1573/2478 3382/1576/2478
f 3382/1576/2478 3386/1578/2478 3438/1577/2478
f 3438/1577/2478 3390/1580/2478 3394/1584/2478
f 3394/1584/2478 3440/1586/2478 3438/1577/2478
f 3440/1586/2478 3402/1588/2478 3438/1577/2478
f 3402/1588/2478 3400/1587/2478 3404/1590/2478
f 3404/1590/2478 3406/1592/2478 3410/1596/2478
f 3410/1596/2478 3442/1595/2478 3420/1598/2478
f 3420/1598/2478 3418/1600/2478 3444/1602/2478
f 3444/1602/2478 3382/1576/2478 3402/1588/2478
f 3382/1576/2478 3438/1577/2478 3402/1588/2478
f 3402/1588/2478 3404/1590/2478 3444/1602/2478
f 3404/1590/2478 3410/1596/2478 3444/1602/2478
