# Blender 4.1.1
# www.blender.org
mtllib rx7_fd_nowing.mtl
o Body
v -0.509900 0.724572 -1.525000
v -0.509900 0.724572 -1.525000
v -0.509900 0.724572 -1.525000
v -0.736100 0.697428 -1.525000
v -0.736100 0.697428 -1.525000
v -0.736100 0.697428 -1.525000
v -0.756110 0.609527 -1.715000
v -0.756110 0.609527 -1.715000
v -0.742190 0.576997 -1.791000
v -0.742190 0.576997 -1.791000
v -0.742190 0.576997 -1.791000
v -0.701300 0.571644 -1.813800
v -0.701300 0.571644 -1.813800
v -0.536000 0.591480 -1.813800
v -0.536000 0.591480 -1.813800
v -0.496850 0.609858 -1.783400
v -0.496850 0.609858 -1.783400
v -0.496850 0.609858 -1.783400
v -0.492500 0.682200 -1.623800
v -0.492500 0.682200 -1.623800
v -0.509900 0.728572 -1.525000
v -0.509900 0.728572 -1.525000
v -0.509900 0.728572 -1.525000
v -0.736100 0.701428 -1.525000
v -0.736100 0.701428 -1.525000
v -0.736100 0.701428 -1.525000
v -0.756110 0.613527 -1.715000
v -0.756110 0.613527 -1.715000
v -0.742190 0.580997 -1.791000
v -0.742190 0.580997 -1.791000
v -0.742190 0.580997 -1.791000
v -0.701300 0.575644 -1.813800
v -0.701300 0.575644 -1.813800
v -0.536000 0.595480 -1.813800
v -0.536000 0.595480 -1.813800
v -0.496850 0.613858 -1.783400
v -0.496850 0.613858 -1.783400
v -0.496850 0.613858 -1.783400
v -0.492500 0.686200 -1.623800
v -0.492500 0.686200 -1.623800
v -0.520000 0.635000 -1.547000
v -0.520000 0.635000 -1.547000
v -0.520000 0.635000 -1.547000
v -0.726000 0.635000 -1.547000
v -0.726000 0.635000 -1.547000
v -0.726000 0.635000 -1.547000
v -0.726000 0.683000 -1.547000
v -0.726000 0.683000 -1.547000
v -0.726000 0.683000 -1.547000
v -0.520000 0.683000 -1.547000
v -0.520000 0.683000 -1.547000
v -0.520000 0.683000 -1.547000
v -0.514000 0.491267 -1.736500
v -0.514000 0.491267 -1.736500
v -0.514000 0.491267 -1.736500
v -0.732000 0.491267 -1.736500
v -0.732000 0.491267 -1.736500
v -0.732000 0.491267 -1.736500
v -0.732000 0.582200 -1.789000
v -0.732000 0.582200 -1.789000
v -0.732000 0.582200 -1.789000
v -0.514000 0.582200 -1.789000
v -0.514000 0.582200 -1.789000
v -0.514000 0.582200 -1.789000
v -0.546264 0.502339 -1.744624
v -0.699736 0.502339 -1.744624
v -0.710200 0.510413 -1.749286
v -0.710200 0.561554 -1.778812
v -0.699736 0.569629 -1.783474
v -0.546264 0.569629 -1.783474
v -0.535800 0.561554 -1.778812
v -0.535800 0.510413 -1.749286
v 0.509900 0.724572 -1.525000
v 0.509900 0.724572 -1.525000
v 0.509900 0.724572 -1.525000
v 0.736100 0.697428 -1.525000
v 0.736100 0.697428 -1.525000
v 0.736100 0.697428 -1.525000
v 0.756110 0.609527 -1.715000
v 0.756110 0.609527 -1.715000
v 0.742190 0.576997 -1.791000
v 0.742190 0.576997 -1.791000
v 0.742190 0.576997 -1.791000
v 0.701300 0.571644 -1.813800
v 0.701300 0.571644 -1.813800
v 0.536000 0.591480 -1.813800
v 0.536000 0.591480 -1.813800
v 0.496850 0.609858 -1.783400
v 0.496850 0.609858 -1.783400
v 0.496850 0.609858 -1.783400
v 0.492500 0.682200 -1.623800
v 0.492500 0.682200 -1.623800
v 0.509900 0.728572 -1.525000
v 0.509900 0.728572 -1.525000
v 0.509900 0.728572 -1.525000
v 0.736100 0.701428 -1.525000
v 0.736100 0.701428 -1.525000
v 0.736100 0.701428 -1.525000
v 0.756110 0.613527 -1.715000
v 0.756110 0.613527 -1.715000
v 0.742190 0.580997 -1.791000
v 0.742190 0.580997 -1.791000
v 0.742190 0.580997 -1.791000
v 0.701300 0.575644 -1.813800
v 0.701300 0.575644 -1.813800
v 0.536000 0.595480 -1.813800
v 0.536000 0.595480 -1.813800
v 0.496850 0.613858 -1.783400
v 0.496850 0.613858 -1.783400
v 0.496850 0.613858 -1.783400
v 0.492500 0.686200 -1.623800
v 0.492500 0.686200 -1.623800
v 0.520000 0.635000 -1.547000
v 0.520000 0.635000 -1.547000
v 0.520000 0.635000 -1.547000
v 0.726000 0.635000 -1.547000
v 0.726000 0.635000 -1.547000
v 0.726000 0.635000 -1.547000
v 0.726000 0.683000 -1.547000
v 0.726000 0.683000 -1.547000
v 0.726000 0.683000 -1.547000
v 0.520000 0.683000 -1.547000
v 0.520000 0.683000 -1.547000
v 0.520000 0.683000 -1.547000
v 0.514000 0.491267 -1.736500
v 0.514000 0.491267 -1.736500
v 0.514000 0.491267 -1.736500
v 0.732000 0.491267 -1.736500
v 0.732000 0.491267 -1.736500
v 0.732000 0.491267 -1.736500
v 0.732000 0.582200 -1.789000
v 0.732000 0.582200 -1.789000
v 0.732000 0.582200 -1.789000
v 0.514000 0.582200 -1.789000
v 0.514000 0.582200 -1.789000
v 0.514000 0.582200 -1.789000
v 0.546264 0.502339 -1.744624
v 0.699736 0.502339 -1.744624
v 0.710200 0.510413 -1.749286
v 0.710200 0.561554 -1.778812
v 0.699736 0.569629 -1.783474
v 0.546264 0.569629 -1.783474
v 0.535800 0.561554 -1.778812
v 0.535800 0.510413 -1.749286
v -0.780261 0.309533 1.880004
v -0.794364 0.484436 1.880000
v -0.753608 0.761899 1.880000
v -0.540067 0.819699 1.870549
v 0.400010 0.830144 1.880000
v 0.705245 0.804008 1.881401
v 0.753608 0.761899 1.880000
v 0.797930 0.659274 1.880000
v 0.801867 0.600214 1.880580
v 0.794364 0.484436 1.880000
v -0.818204 0.273812 1.680000
v -0.820816 0.340603 1.680000
v -0.832990 0.470239 1.680000
v -0.841000 0.600000 1.680000
v -0.837320 0.672857 1.680000
v -0.819975 0.743000 1.680000
v -0.791300 0.790650 1.680000
v -0.630000 0.835000 1.680000
v 0.791300 0.790650 1.680000
v 0.819975 0.743000 1.680000
v 0.837320 0.672857 1.680000
v 0.841000 0.600000 1.680000
v 0.832990 0.470239 1.680000
v 0.820816 0.340603 1.680000
v 0.818204 0.273812 1.680000
v 0.816611 0.206974 1.680000
v 0.816611 0.206974 1.680000
v 0.816611 0.206974 1.680000
v -0.829437 0.245613 1.590000
v -0.832085 0.318180 1.590000
v -0.852797 0.599071 1.588389
v -0.849417 0.677748 1.586726
v -0.831848 0.753233 1.584771
v -0.802887 0.801103 1.584214
v 0.802887 0.801103 1.584214
v 0.831848 0.753233 1.584771
v 0.849417 0.677748 1.586726
v 0.852797 0.599071 1.588389
v 0.832085 0.318180 1.590000
v 0.829437 0.245613 1.590000
v 0.827822 0.173000 1.590000
v 0.827822 0.173000 1.590000
v -0.844416 0.534672 1.579658
v 0.844416 0.534672 1.579658
v -0.834725 0.557313 1.513857
v -0.834725 0.557313 1.513857
v -0.858351 0.597977 1.508368
v -0.856036 0.680996 1.521246
v -0.838051 0.759222 1.521246
v -0.808831 0.806946 1.521246
v 0.808831 0.806946 1.521246
v 0.838051 0.759222 1.521246
v 0.856036 0.680996 1.521246
v 0.858351 0.597977 1.508368
v 0.834725 0.557313 1.513857
v 0.834725 0.557313 1.513857
v -0.854849 0.628007 1.445349
v -0.854849 0.628007 1.445349
v -0.862597 0.701400 1.441603
v -0.845080 0.765615 1.441603
v -0.814897 0.812936 1.441603
v -0.696633 0.866688 1.441603
v 0.814897 0.812936 1.441603
v 0.845080 0.765615 1.441603
v 0.862597 0.701400 1.441603
v 0.854849 0.628007 1.445348
v 0.854849 0.628007 1.445348
v -0.866671 0.682348 1.342642
v -0.866671 0.682348 1.342642
v -0.866671 0.682348 1.342642
v -0.869785 0.730670 1.341246
v -0.853430 0.772269 1.341246
v -0.821660 0.818951 1.341246
v -0.779028 0.854268 1.341246
v 0.821660 0.818951 1.341246
v 0.853430 0.772269 1.341246
v 0.869785 0.730670 1.341246
v 0.866671 0.682348 1.342642
v 0.866671 0.682348 1.342642
v 0.866671 0.682348 1.342642
v -0.874119 0.701198 1.231729
v -0.874119 0.701198 1.231729
v -0.869841 0.757664 1.225025
v -0.826134 0.821763 1.230000
v 0.826134 0.821763 1.230000
v 0.869841 0.757664 1.225024
v 0.874119 0.701198 1.231728
v 0.874119 0.701198 1.231728
v -0.872630 0.683511 1.120529
v -0.872630 0.683511 1.120529
v -0.872630 0.683511 1.120529
v -0.874436 0.731333 1.118754
v -0.857640 0.773568 1.118754
v -0.824270 0.818026 1.118754
v 0.824270 0.818026 1.118754
v 0.857640 0.773568 1.118754
v 0.874436 0.731333 1.118754
v 0.872630 0.683511 1.120529
v 0.872630 0.683511 1.120529
v 0.872630 0.683511 1.120529
v -0.864553 0.627727 1.012805
v -0.864553 0.627727 1.012805
v -0.864553 0.627727 1.012805
v -0.872550 0.703133 1.018397
v -0.853934 0.769065 1.018397
v -0.820996 0.813046 1.018397
v 0.820996 0.813046 1.018397
v 0.853934 0.769065 1.018397
v 0.872550 0.703133 1.018397
v 0.864553 0.627727 1.012806
v 0.864553 0.627727 1.012806
v 0.864553 0.627727 1.012806
v -0.832777 0.556550 0.945480
v -0.832777 0.556550 0.945480
v -0.870975 0.597904 0.951686
v -0.871376 0.684572 0.938754
v -0.851905 0.766363 0.938754
v -0.819185 0.810122 0.938754
v 0.819185 0.810122 0.938754
v 0.851905 0.766363 0.938754
v 0.871376 0.684572 0.938754
v 0.870975 0.597904 0.951686
v 0.832777 0.556550 0.945480
v 0.832777 0.556550 0.945480
v -0.826323 0.443792 0.887620
v -0.826323 0.443792 0.887620
v -0.859580 0.537005 0.881440
v -0.872134 0.599006 0.871268
v -0.869593 0.683602 0.876814
v -0.850342 0.764229 0.871635
v -0.817542 0.808062 0.880579
v 0.817542 0.808062 0.880574
v 0.850342 0.764229 0.871632
v 0.869593 0.683602 0.876814
v 0.872134 0.599006 0.871268
v 0.859580 0.537005 0.881440
v -0.830904 0.242981 0.870000
v -0.830904 0.242981 0.870000
v -0.837873 0.316077 0.870000
v 0.519033 1.158422 0.807821
v 0.837873 0.316077 0.870000
v 0.830904 0.242981 0.870000
v 0.830904 0.242981 0.870000
v 0.824655 0.169813 0.870000
v 0.824655 0.169813 0.870000
v 0.824655 0.169813 0.870000
v 0.824655 0.169813 0.870000
v -0.870000 0.600000 0.780000
v -0.867310 0.681899 0.780000
v -0.848250 0.761000 0.780000
v -0.814926 0.804134 0.780000
v -0.513867 1.166996 0.790046
v 0.814926 0.804134 0.780000
v 0.848250 0.761000 0.780000
v 0.867310 0.681899 0.780000
v 0.870000 0.600000 0.780000
v 0.854125 0.458122 0.780000
v -0.811398 0.320195 0.482513
v -0.811398 0.320195 0.482513
v -0.864000 0.600000 0.500000
v -0.861567 0.675377 0.500000
v -0.842400 0.748000 0.500000
v -0.762840 0.835820 0.425468
v -0.762840 0.835820 0.425468
v -0.762840 0.835820 0.425468
v -0.485394 1.232286 0.473984
v 0.489177 1.230940 0.518274
v 0.842400 0.748000 0.500000
v 0.861567 0.675377 0.500000
v 0.864000 0.600000 0.500000
v 0.842791 0.458647 0.500000
v 0.811398 0.320195 0.482513
v 0.811398 0.320195 0.482513
v 0.790373 0.173000 0.500000
v 0.790373 0.173000 0.500000
v -0.862000 0.600000 0.250000
v -0.859899 0.672843 0.250000
v -0.840450 0.743000 0.250000
v -0.806474 0.785487 0.250000
v 0.806474 0.785487 0.250000
v 0.840450 0.743000 0.250000
v 0.859899 0.672843 0.250000
v 0.862000 0.600000 0.250000
v -0.862000 0.600000 0.000000
v -0.859677 0.669355 0.000000
v -0.840450 0.736000 0.000000
v -0.806559 0.778593 0.000000
v 0.223390 1.213654 0.062828
v 0.507296 1.143371 0.016338
v 0.507296 1.143371 0.016338
v 0.806559 0.778593 0.000000
v 0.840450 0.736000 0.000000
v 0.859677 0.669355 0.000000
v 0.862000 0.600000 0.000000
v 0.782067 0.248676 0.143345
v 0.782067 0.248676 0.143345
v 0.782067 0.248676 0.143345
v -0.841735 0.459525 -0.190000
v -0.864000 0.600000 -0.190000
v -0.861188 0.666895 -0.190000
v -0.842400 0.731000 -0.190000
v -0.808880 0.773993 -0.190000
v 0.808880 0.773993 -0.190000
v 0.842400 0.731000 -0.190000
v 0.861188 0.666895 -0.190000
v 0.864000 0.600000 -0.190000
v -0.866000 0.600000 -0.430000
v -0.862474 0.661936 -0.430000
v -0.844350 0.721000 -0.430000
v -0.813101 0.766749 -0.430000
v -0.721747 0.823620 -0.430000
v 0.813101 0.766749 -0.430000
v 0.844350 0.721000 -0.430000
v 0.862474 0.661936 -0.430000
v 0.866000 0.600000 -0.430000
v -0.868000 0.600000 -0.650000
v -0.863987 0.659958 -0.650000
v -0.846300 0.717000 -0.650000
v -0.815622 0.763963 -0.650000
v -0.733738 0.808683 -0.637257
v -0.563973 0.815088 -0.671255
v -0.150114 0.846423 -0.650000
v 0.000000 0.854000 -0.650000
v 0.150114 0.846423 -0.650000
v 0.557402 0.812414 -0.643569
v 0.557402 0.812414 -0.643569
v 0.815622 0.763963 -0.650000
v 0.846300 0.717000 -0.650000
v 0.863987 0.659958 -0.650000
v 0.868000 0.600000 -0.650000
v -0.861575 0.534920 -0.881371
v -0.861575 0.534920 -0.881371
v -0.872678 0.599329 -0.871269
v -0.868235 0.658523 -0.878543
v -0.850824 0.714253 -0.875211
v -0.820303 0.762097 -0.874356
v -0.776632 0.796267 -0.873968
v -0.715381 0.805297 -0.875342
v -0.651287 0.801957 -0.880304
v -0.276524 0.753345 -1.441786
v 0.651592 0.801979 -0.880070
v 0.715381 0.805297 -0.875342
v 0.776632 0.796267 -0.873969
v 0.820303 0.762097 -0.874358
v 0.850824 0.714253 -0.875211
v 0.868235 0.658523 -0.878545
v 0.872678 0.599329 -0.871269
v 0.861575 0.534919 -0.881371
v 0.861575 0.534919 -0.881371
v 0.845213 0.443792 -0.887620
v 0.845213 0.443792 -0.887620
v -0.847704 0.557120 -0.946009
v -0.847704 0.557120 -0.946009
v -0.870797 0.597836 -0.952118
v -0.868736 0.656909 -0.938754
v -0.851605 0.710856 -0.938754
v -0.821003 0.758731 -0.938754
v -0.777362 0.792856 -0.938754
v -0.714359 0.802149 -0.938754
v -0.648699 0.798838 -0.938754
v 0.648699 0.798838 -0.938754
v 0.714359 0.802149 -0.938754
v 0.777362 0.792856 -0.938754
v 0.821003 0.758731 -0.938754
v 0.851605 0.710856 -0.938754
v 0.868736 0.656909 -0.938754
v 0.870797 0.597836 -0.952118
v 0.847704 0.557120 -0.946009
v 0.847704 0.557120 -0.946009
v -0.862871 0.629226 -1.016261
v -0.862871 0.629226 -1.016261
v -0.862694 0.690652 -1.059148
v -0.820527 0.753089 -1.018397
v -0.778016 0.787847 -1.018397
v -0.714292 0.797431 -1.018397
v -0.647902 0.794069 -1.018397
v 0.647902 0.794069 -1.018397
v 0.714292 0.797431 -1.018397
v 0.778016 0.787847 -1.018397
v 0.820527 0.753089 -1.018397
v 0.862694 0.690652 -1.059149
v 0.862871 0.629226 -1.016261
v 0.862871 0.629226 -1.016261
v -0.869307 0.686944 -1.125064
v -0.869307 0.686944 -1.125064
v -0.869307 0.686944 -1.125064
v -0.818506 0.744187 -1.118754
v -0.778547 0.779876 -1.118754
v -0.715029 0.789812 -1.118754
v -0.648928 0.786799 -1.118754
v 0.648928 0.786799 -1.118754
v 0.715029 0.789812 -1.118754
v 0.778547 0.779876 -1.118754
v 0.818506 0.744187 -1.118754
v 0.869307 0.686944 -1.125064
v 0.869307 0.686944 -1.125064
v 0.869307 0.686944 -1.125064
v -0.778750 0.768000 -1.230000
v -0.650000 0.776000 -1.230000
v 0.714994 0.776601 -1.230000
v -0.870066 0.685389 -1.344043
v -0.870066 0.685389 -1.344043
v -0.870066 0.685389 -1.344043
v 0.433653 0.756480 -1.376369
v 0.779463 0.756579 -1.341246
v 0.870066 0.685389 -1.344043
v 0.870066 0.685389 -1.344043
v 0.870066 0.685389 -1.344043
v -0.778542 0.733619 -1.441603
v 0.715732 0.742412 -1.441603
v -0.814660 0.681431 -1.521246
v 0.500000 0.731449 -1.521246
v 0.713748 0.705800 -1.521246
v -0.854959 0.528591 -1.579339
v -0.862027 0.590684 -1.575781
v 0.854959 0.528591 -1.579339
v -0.838125 0.180000 -1.590000
v -0.838125 0.180000 -1.590000
v -0.839760 0.248505 -1.590000
v 0.842441 0.316961 -1.590000
v 0.839760 0.248505 -1.590000
v -0.826672 0.323820 -1.700000
v 0.792031 0.610926 -1.700000
v 0.840175 0.442815 -1.699830
v -0.703877 0.804301 1.881105
v -0.748490 0.825000 1.680000
v -0.630000 0.815000 1.880000
v -0.579911 0.851558 1.650075
v -0.579911 0.851558 1.650075
v -0.241776 1.137443 1.109334
v -0.448094 0.862770 1.746624
v -0.448094 0.862770 1.746624
v -0.300000 0.840000 1.880000
v -0.336257 0.873680 1.770232
v -0.336257 0.873680 1.770232
v -0.219698 0.875000 1.795053
v -0.219698 0.875000 1.795053
v -0.091980 0.876887 1.802565
v -0.091980 0.876887 1.802565
v -0.150166 0.878111 1.799127
v -0.150166 0.878111 1.799127
v -0.150166 0.878111 1.799127
v 0.000000 0.880920 1.808000
v 0.000000 0.880920 1.808000
v 0.056613 0.880636 1.804655
v 0.056613 0.880636 1.804655
v 0.056613 0.877636 1.804655
v 0.056613 0.877636 1.804655
v 0.000000 0.877920 1.808000
v 0.000000 0.877920 1.808000
v 0.296950 0.840470 1.879539
v 0.219025 0.873496 1.795102
v 0.219025 0.873496 1.795102
v 0.150092 0.850122 1.880000
v 0.158289 0.878583 1.798650
v 0.158289 0.878583 1.798650
v 0.158289 0.878583 1.798650
v 0.503271 0.858036 1.706662
v 0.503271 0.858036 1.706662
v 0.503271 0.858036 1.706662
v 0.539375 0.852986 1.680000
v 0.539375 0.852986 1.680000
v 0.519305 0.819343 1.876451
v 0.748490 0.825000 1.680000
v -0.693961 0.848278 1.577330
v 0.539375 0.855986 1.680000
v 0.539375 0.855986 1.680000
v 0.690533 0.834059 1.680000
v -0.626782 0.850805 1.590000
v 0.604857 0.855844 1.590000
v 0.604857 0.855844 1.590000
v 0.694171 0.848172 1.577812
v 0.759647 0.835491 1.581974
v 0.410086 0.916639 1.627092
v 0.695451 0.856276 1.521246
v -0.764990 0.841222 1.521246
v -0.695451 0.856276 1.521246
v -0.641171 0.873081 1.446076
v -0.641171 0.873081 1.446076
v -0.634520 0.861744 1.518635
v -0.634520 0.861744 1.518635
v -0.567733 0.956576 1.288674
v 0.637325 0.862503 1.511796
v 0.637325 0.862503 1.511796
v 0.637325 0.862503 1.511796
v -0.771406 0.847615 1.441603
v -0.648664 0.886548 1.320736
v -0.648664 0.886548 1.320736
v 0.617986 0.890315 1.341246
v 0.696633 0.866688 1.441604
v 0.643101 0.876611 1.420116
v 0.643101 0.876611 1.420116
v 0.779028 0.854268 1.341246
v -0.698930 0.874665 1.341246
v -0.784090 0.858000 1.230000
v -0.635528 0.912550 1.220804
v -0.635528 0.912550 1.220804
v -0.635528 0.912550 1.220804
v 0.632533 0.919022 1.192349
v 0.632533 0.919022 1.192349
v 0.649855 0.889040 1.307346
v 0.649855 0.889040 1.307346
v -0.629054 0.946222 1.163926
v -0.629054 0.946222 1.163926
v -0.696844 0.889161 1.230000
v -0.683005 0.923202 1.118754
v -0.629054 0.949222 1.163926
v -0.629054 0.949222 1.163926
v 0.486098 1.140048 0.967625
v 0.683005 0.923202 1.118754
v 0.696844 0.889161 1.230000
v 0.782871 0.855568 1.118754
v -0.782871 0.855568 1.118754
v -0.612579 1.000968 1.047598
v -0.612579 1.000968 1.047598
v -0.612579 1.000968 1.047598
v 0.614826 0.985206 1.057356
v 0.614826 0.985206 1.057356
v 0.622258 0.963350 1.116534
v 0.622258 0.963350 1.116534
v 0.756631 0.871132 1.000347
v 0.756631 0.871132 1.000347
v -0.653748 0.977875 0.954789
v -0.653748 0.977875 0.954789
v -0.701775 0.927983 0.985000
v -0.701775 0.927983 0.985000
v -0.754501 0.875360 1.000174
v -0.754501 0.875360 1.000174
v -0.612630 1.026540 0.929849
v -0.612630 1.026540 0.929849
v 0.646029 0.986138 0.949910
v 0.646029 0.986138 0.949910
v 0.703549 0.920368 0.985141
v 0.703549 0.920368 0.985141
v 0.668139 0.956580 1.018397
v 0.760141 0.865641 0.944188
v 0.760141 0.865641 0.944188
v -0.765942 0.858184 0.877556
v -0.765942 0.858184 0.877556
v -0.588551 1.062006 0.879880
v -0.588551 1.062006 0.879880
v -0.546252 1.105641 0.908673
v -0.546252 1.105641 0.908673
v -0.546252 1.105641 0.908673
v -0.443428 1.159011 0.887620
v -0.443428 1.159011 0.887620
v 0.512494 1.136789 0.902120
v 0.512494 1.136789 0.902120
v 0.612629 1.024613 0.929072
v 0.612629 1.024613 0.929072
v 0.589613 1.060305 0.881627
v 0.589613 1.060305 0.881627
v -0.658219 0.980653 0.880330
v -0.401004 1.173861 0.878711
v -0.401004 1.173861 0.878711
v -0.401004 1.173861 0.878711
v -0.349816 1.184538 0.867963
v -0.349816 1.184538 0.867963
v 0.350015 1.184721 0.868003
v 0.350015 1.184721 0.868003
v 0.410703 1.170962 0.880747
v 0.410703 1.170962 0.880747
v 0.656931 0.982424 0.877867
v 0.765760 0.857953 0.879253
v 0.765760 0.857953 0.879253
v -0.561124 1.107178 0.816259
v -0.561124 1.107178 0.816259
v -0.559792 1.115221 0.759657
v -0.559792 1.115221 0.759657
v -0.150148 1.196808 0.860577
v -0.150148 1.196808 0.860577
v -0.300939 1.193066 0.866180
v -0.300939 1.193066 0.866180
v -0.300939 1.193066 0.866180
v -0.150148 1.199808 0.860577
v -0.150148 1.199808 0.860577
v -0.002495 1.197123 0.854999
v -0.002495 1.197123 0.854999
v -0.002495 1.197123 0.854999
v 0.301744 1.192438 0.866207
v 0.301744 1.192438 0.866207
v 0.146063 1.198467 0.860424
v 0.146063 1.198467 0.860424
v 0.561924 1.101704 0.820372
v 0.561924 1.101704 0.820372
v 0.559796 1.112937 0.779236
v 0.559796 1.112937 0.779236
v 0.767031 0.851351 0.782638
v 0.767031 0.851351 0.782638
v -0.766188 0.851683 0.769777
v -0.766188 0.851683 0.769777
v -0.766188 0.851683 0.769777
v -0.554546 1.143421 0.503477
v -0.554546 1.143421 0.503477
v -0.654703 0.991957 0.780000
v -0.623155 1.033854 0.179439
v -0.555872 1.141005 0.548106
v -0.555872 1.141005 0.548106
v 0.654703 0.991957 0.780000
v 0.633301 1.020473 0.128197
v 0.633301 1.020473 0.128197
v 0.558942 1.114927 0.733576
v 0.558942 1.114927 0.733576
v 0.554597 1.143430 0.500684
v 0.554597 1.143430 0.500684
v 0.763193 0.837931 0.498151
v 0.763193 0.837931 0.498151
v -0.761679 0.838266 0.499337
v -0.761679 0.838266 0.499337
v -0.554947 1.141883 0.398602
v -0.554947 1.141883 0.398602
v -0.554775 1.139127 0.246969
v -0.554775 1.139127 0.246969
v 0.555728 1.137562 0.229976
v 0.555728 1.137562 0.229976
v 0.555728 1.137562 0.229976
v 0.760271 0.832617 0.242229
v 0.760271 0.832617 0.242229
v 0.761988 0.835756 0.399997
v 0.761988 0.835756 0.399997
v -0.761605 0.832059 0.244974
v -0.761605 0.832059 0.244974
v -0.590292 1.068853 0.012233
v -0.590292 1.068853 0.012233
v 0.607629 1.044465 -0.055044
v 0.607629 1.044465 -0.055044
v 0.761749 0.824762 0.001845
v 0.761749 0.824762 0.001845
v -0.762492 0.822341 -0.006569
v -0.762492 0.822341 -0.006569
v -0.654070 0.966352 -0.094518
v -0.654070 0.966352 -0.094518
v -0.537641 1.142092 0.034123
v -0.607000 0.991470 -0.190001
v -0.607000 0.991470 -0.190001
v -0.549941 1.086656 -0.054984
v -0.549941 1.086656 -0.054984
v -0.595000 1.025119 -0.130000
v -0.595000 1.025119 -0.130000
v -0.505461 1.108397 -0.044520
v -0.505461 1.108397 -0.044520
v -0.300000 1.164121 -0.012895
v -0.300000 1.164121 -0.012895
v -0.380094 1.151762 -0.015016
v -0.380094 1.151762 -0.015016
v -0.420893 1.139026 -0.024622
v -0.420893 1.139026 -0.024622
v -0.158827 1.178369 -0.009180
v -0.158827 1.178369 -0.009180
v -0.353172 0.961299 -0.433058
v -0.003365 1.184775 -0.004970
v -0.003365 1.184775 -0.004970
v 0.144629 1.180660 -0.008597
v 0.144629 1.180660 -0.008597
v 0.380000 1.151546 -0.015000
v 0.380000 1.151546 -0.015000
v 0.289693 1.165631 -0.012624
v 0.289693 1.165631 -0.012624
v 0.400231 1.146410 -0.019760
v 0.400231 1.146410 -0.019760
v 0.502154 1.109643 -0.043742
v 0.502154 1.109643 -0.043742
v 0.610905 0.980147 -0.209523
v 0.610905 0.980147 -0.209523
v 0.549976 1.087285 -0.054992
v 0.549976 1.087285 -0.054992
v 0.549976 1.087285 -0.054992
v 0.595000 1.026485 -0.130000
v 0.595000 1.026485 -0.130000
v 0.595000 1.026485 -0.130000
v 0.634237 1.002324 -0.087662
v 0.634237 1.002324 -0.087662
v 0.696678 0.908095 -0.190014
v 0.696678 0.908095 -0.190014
v 0.763749 0.818855 -0.184844
v 0.763749 0.818855 -0.184844
v -0.719507 0.860681 -0.269999
v -0.719507 0.860681 -0.269999
v -0.739947 0.819270 -0.334732
v -0.739947 0.819270 -0.334732
v -0.739947 0.819270 -0.334732
v -0.765165 0.815432 -0.194572
v -0.765165 0.815432 -0.194572
v -0.702129 0.899534 -0.200604
v -0.702129 0.899534 -0.200604
v -0.766914 0.804862 -0.430026
v -0.766914 0.804862 -0.430026
v -0.759962 0.807536 -0.430000
v -0.759962 0.807536 -0.430000
v -0.756962 0.807536 -0.430000
v -0.756962 0.807536 -0.430000
v -0.660043 0.835992 -0.451252
v -0.660043 0.835992 -0.451252
v -0.619116 0.951305 -0.250578
v -0.619116 0.951305 -0.250578
v 0.491997 0.901717 -0.461328
v 0.633028 0.913154 -0.320142
v 0.633028 0.913154 -0.320142
v 0.764380 0.807882 -0.430381
v 0.764380 0.807882 -0.430381
v 0.764380 0.807882 -0.430381
v 0.756962 0.807536 -0.430000
v 0.756962 0.807536 -0.430000
v 0.759962 0.807536 -0.430000
v 0.759962 0.807536 -0.430000
v 0.759962 0.807536 -0.430000
v 0.708992 0.884132 -0.231444
v 0.708992 0.884132 -0.231444
v 0.708992 0.884132 -0.231444
v 0.708992 0.884132 -0.231444
v -0.669000 0.819242 -0.566000
v -0.669000 0.819242 -0.566000
v -0.505186 0.821333 -0.627061
v -0.505186 0.821333 -0.627061
v -0.598616 0.815241 -0.615543
v -0.598616 0.815241 -0.615543
v -0.499173 0.816119 -0.644876
v -0.398024 0.827129 -0.640635
v -0.398024 0.827129 -0.640635
v -0.255013 0.835821 -0.650345
v -0.255013 0.835821 -0.650345
v -0.340000 0.829092 -0.648000
v -0.340000 0.829092 -0.648000
v 0.000000 0.851000 -0.650000
v -0.150114 0.843423 -0.650000
v 0.339150 0.828925 -0.648035
v 0.339150 0.828925 -0.648035
v 0.339150 0.828925 -0.648035
v 0.254998 0.834423 -0.649913
v 0.254998 0.834423 -0.649913
v 0.254998 0.834423 -0.649913
v 0.150114 0.843423 -0.650000
v 0.394197 0.827346 -0.641122
v 0.394197 0.827346 -0.641122
v 0.492933 0.824250 -0.628606
v 0.492933 0.824250 -0.628606
v 0.592304 0.819901 -0.616605
v 0.592304 0.819901 -0.616605
v 0.675000 0.808000 -0.650000
v 0.675000 0.808000 -0.650000
v 0.666312 0.823965 -0.568286
v 0.666312 0.823965 -0.568286
v 0.665155 0.831104 -0.462661
v 0.665155 0.831104 -0.462661
v 0.665155 0.831104 -0.462661
v 0.665155 0.831104 -0.462661
v -0.505085 0.859385 1.705290
v -0.505085 0.859385 1.705290
v -0.400010 0.830144 1.880000
v -0.400280 0.865931 1.756593
v -0.400280 0.865931 1.756593
v -0.150092 0.850122 1.880000
v -0.091980 0.879887 1.802565
v -0.091980 0.879887 1.802565
v 0.025477 0.877792 1.806495
v 0.025477 0.877792 1.806495
v 0.400281 0.865931 1.756592
v 0.400281 0.865931 1.756592
v 0.351489 0.868096 1.766987
v 0.351489 0.868096 1.766987
v 0.300000 0.874215 1.777956
v 0.300000 0.874215 1.777956
v 0.450640 0.856058 1.745666
v 0.450640 0.856058 1.745666
v 0.630000 0.835000 1.680000
v -0.690533 0.834059 1.680000
v 0.579974 0.850401 1.650022
v 0.579974 0.850401 1.650022
v 0.579974 0.850401 1.650022
v 0.579974 0.850401 1.650022
v -0.759518 0.835355 1.583288
v 0.764990 0.841222 1.521246
v 0.771406 0.847615 1.441603
v 0.698930 0.874665 1.341246
v 0.784090 0.858000 1.230000
v -0.622576 0.963619 1.118754
v -0.622576 0.963619 1.118754
v -0.668139 0.956580 1.018397
v -0.622576 0.960619 1.118754
v -0.622576 0.960619 1.118754
v 0.594882 1.024069 1.007845
v 0.594882 1.024069 1.007845
v -0.760064 0.866315 0.934628
v -0.760064 0.866315 0.934628
v -0.443428 1.162011 0.887620
v -0.443428 1.162011 0.887620
v 0.550163 1.097029 0.910262
v 0.550163 1.097029 0.910262
v -0.230238 1.193662 0.863552
v -0.230238 1.193662 0.863552
v -0.827822 0.331000 1.590000
v -0.829672 0.443792 1.572380
v -0.829672 0.443792 1.572380
v -0.824655 0.169813 0.870000
v -0.824655 0.169813 0.870000
v -0.824655 0.169813 0.870000
v -0.824655 0.169813 0.870000
v -0.537822 0.331000 1.590000
v -0.537822 0.331000 1.590000
v -0.539672 0.443791 1.572380
v -0.539672 0.443791 1.572380
v -0.544613 0.545542 1.521246
v -0.544613 0.545542 1.521246
v -0.551613 0.626291 1.441603
v -0.551613 0.626291 1.441603
v -0.559928 0.678136 1.341246
v -0.559928 0.678136 1.341246
v -0.559928 0.678136 1.341246
v -0.565451 0.696000 1.230000
v -0.565451 0.696000 1.230000
v -0.559746 0.678136 1.118754
v -0.559746 0.678136 1.118754
v -0.559746 0.678136 1.118754
v -0.548888 0.626291 1.018397
v -0.548888 0.626291 1.018397
v -0.541178 0.545542 0.938754
v -0.541178 0.545542 0.938754
v -0.536323 0.443791 0.887620
v -0.536323 0.443791 0.887620
v -0.534655 0.169813 0.870000
v -0.534655 0.169813 0.870000
v -0.843692 0.177618 -0.870000
v -0.843692 0.177618 -0.870000
v -0.843692 0.177618 -0.870000
v -0.845213 0.443791 -0.887620
v -0.845213 0.443791 -0.887620
v -0.870711 0.704711 -1.229249
v -0.870711 0.704711 -1.229249
v -0.840078 0.443791 -1.572380
v -0.840078 0.443791 -1.572380
v -0.838125 0.331000 -1.590000
v -0.774625 0.696000 -1.230000
v -0.775403 0.693371 -1.341246
v -0.774398 0.702915 -1.441603
v -0.774398 0.702915 -1.441603
v -0.769842 0.562433 -1.521246
v -0.765078 0.443791 -1.572380
v -0.553692 0.177618 -0.870000
v -0.553692 0.177618 -0.870000
v -0.555213 0.443791 -0.887620
v -0.555213 0.443791 -0.887620
v -0.558111 0.545542 -0.938754
v -0.558111 0.545542 -0.938754
v -0.558824 0.626291 -1.018397
v -0.558824 0.626291 -1.018397
v -0.559403 0.678136 -1.118754
v -0.559403 0.678136 -1.118754
v -0.559403 0.678136 -1.118754
v -0.559625 0.696000 -1.230000
v -0.559625 0.696000 -1.230000
v -0.560403 0.697987 -1.341246
v -0.560403 0.697987 -1.341246
v -0.559398 0.724187 -1.441603
v -0.559398 0.724187 -1.441603
v -0.559398 0.724187 -1.441603
v -0.554842 0.565438 -1.521246
v -0.554842 0.565438 -1.521246
v -0.550078 0.443791 -1.572380
v -0.550078 0.443791 -1.572380
v -0.548125 0.331000 -1.590000
v -0.548125 0.331000 -1.590000
v 0.827822 0.331000 1.590000
v 0.829672 0.443791 1.572380
v 0.829672 0.443791 1.572380
v 0.826323 0.443791 0.887620
v 0.826323 0.443791 0.887620
v 0.537822 0.331000 1.590000
v 0.537822 0.331000 1.590000
v 0.539672 0.443791 1.572380
v 0.539672 0.443791 1.572380
v 0.544613 0.545542 1.521246
v 0.544613 0.545542 1.521246
v 0.551613 0.626291 1.441603
v 0.551613 0.626291 1.441603
v 0.559928 0.678136 1.341246
v 0.559928 0.678136 1.341246
v 0.559928 0.678136 1.341246
v 0.565451 0.696000 1.230000
v 0.565451 0.696000 1.230000
v 0.559746 0.678136 1.118754
v 0.559746 0.678136 1.118754
v 0.559746 0.678136 1.118754
v 0.548888 0.626291 1.018397
v 0.548888 0.626291 1.018397
v 0.541178 0.545542 0.938754
v 0.541178 0.545542 0.938754
v 0.536323 0.443791 0.887620
v 0.536323 0.443791 0.887620
v 0.534655 0.169813 0.870000
v 0.534655 0.169813 0.870000
v 0.840078 0.443791 -1.572380
v 0.840078 0.443791 -1.572380
v 0.838125 0.331000 -1.590000
v 0.843692 0.177618 -0.870000
v 0.843692 0.177618 -0.870000
v 0.843692 0.177618 -0.870000
v 0.774625 0.696000 -1.230000
v 0.775403 0.693371 -1.341246
v 0.774398 0.702915 -1.441603
v 0.774398 0.702915 -1.441603
v 0.769842 0.562433 -1.521246
v 0.765078 0.443791 -1.572380
v 0.553692 0.177618 -0.870000
v 0.553692 0.177618 -0.870000
v 0.555213 0.443791 -0.887620
v 0.555213 0.443791 -0.887620
v 0.558111 0.545542 -0.938754
v 0.558111 0.545542 -0.938754
v 0.558824 0.626291 -1.018397
v 0.558824 0.626291 -1.018397
v 0.559403 0.678136 -1.118754
v 0.559403 0.678136 -1.118754
v 0.559403 0.678136 -1.118754
v 0.559625 0.696000 -1.230000
v 0.559625 0.696000 -1.230000
v 0.560403 0.697987 -1.341246
v 0.560403 0.697987 -1.341246
v 0.559398 0.724187 -1.441603
v 0.559398 0.724187 -1.441603
v 0.559398 0.724187 -1.441603
v 0.554842 0.565438 -1.521246
v 0.554842 0.565438 -1.521246
v 0.550078 0.443791 -1.572380
v 0.550078 0.443791 -1.572380
v 0.548125 0.331000 -1.590000
v 0.548125 0.331000 -1.590000
v -0.610000 0.225000 1.880000
v -0.610000 0.225000 1.880000
v -0.778742 0.250000 1.880000
v -0.778742 0.250000 1.880000
v -0.816611 0.206974 1.680000
v -0.816611 0.206974 1.680000
v -0.816611 0.206974 1.680000
v -0.827822 0.173000 1.590000
v -0.827822 0.173000 1.590000
v -0.610000 0.225000 0.870000
v -0.816199 0.170836 0.780000
v -0.816199 0.170836 0.780000
v -0.790373 0.173000 0.500000
v -0.790373 0.173000 0.500000
v -0.771288 0.174845 0.000000
v -0.771288 0.174845 0.000000
v -0.823542 0.177825 -0.650000
v -0.823542 0.177825 -0.650000
v -0.610000 0.225000 -1.590000
v 0.610000 0.225000 1.880000
v 0.610000 0.225000 1.880000
v 0.778742 0.250000 1.880000
v 0.778742 0.250000 1.880000
v 0.771288 0.174845 0.000000
v 0.771288 0.174845 0.000000
v 0.805886 0.176914 -0.430000
v 0.805886 0.176914 -0.430000
v 0.604285 0.140087 0.045491
v 0.823542 0.177825 -0.650000
v 0.823542 0.177825 -0.650000
v 0.610000 0.225000 -0.870000
v 0.610000 0.225000 -1.590000
v 0.838125 0.180000 -1.590000
v 0.838125 0.180000 -1.590000
v 0.822437 0.214000 -1.700000
v 0.822437 0.214000 -1.700000
v 0.000000 0.222000 -2.046960
v 0.000000 0.222000 -2.046960
v 0.356794 0.235256 -2.021245
v 0.356794 0.235256 -2.021245
v 0.191101 0.328767 -2.055881
v 0.191101 0.328767 -2.055881
v -0.202397 0.346662 -2.085012
v -0.202397 0.346662 -2.085012
v -0.403023 0.255537 -2.013673
v -0.403023 0.255537 -2.013673
v -0.403023 0.255537 -2.013673
v -0.356794 0.235256 -2.021245
v -0.356794 0.235256 -2.021245
v -0.121710 0.220924 -2.042920
v -0.121710 0.220924 -2.042920
v -0.121710 0.220924 -2.042920
v -0.121710 0.220924 -2.042920
v 0.403023 0.255537 -2.013673
v 0.403023 0.255537 -2.013673
v 0.403023 0.255537 -2.013673
v -0.391552 0.313971 -2.023155
v -0.391552 0.313971 -2.023155
v -0.391552 0.313971 -2.023155
v -0.351720 0.235876 -1.980266
v -0.351720 0.235876 -1.980266
v 0.000000 0.223175 -2.005659
v 0.000000 0.223175 -2.005659
v 0.195400 0.226106 -2.001461
v 0.195400 0.226106 -2.001461
v 0.351720 0.235876 -1.980266
v 0.351720 0.235876 -1.980266
v 0.408453 0.274472 -1.976178
v 0.408453 0.274472 -1.976178
v 0.408453 0.274472 -1.976178
v 0.391553 0.313971 -2.023155
v 0.391553 0.313971 -2.023155
v 0.391553 0.313971 -2.023155
v -0.408453 0.274472 -1.976178
v -0.408453 0.274472 -1.976178
v -0.408453 0.274472 -1.976178
v -0.512529 0.253039 -1.964185
v -0.512529 0.253039 -1.964185
v -0.585598 0.227818 -1.936526
v -0.585598 0.227818 -1.936526
v -0.741007 0.310435 -1.794171
v -0.741007 0.310435 -1.794171
v -0.596306 0.322674 -1.938418
v -0.596306 0.322674 -1.938418
v -0.512864 0.293736 -1.975809
v -0.512864 0.293736 -1.975809
v -0.766349 0.282689 -1.767263
v -0.766349 0.282689 -1.767263
v -0.766349 0.282689 -1.767263
v -0.718439 0.255680 -1.794812
v -0.718439 0.255680 -1.794812
v -0.718439 0.255680 -1.794812
v -0.492438 0.405205 -1.999141
v -0.492438 0.405205 -1.999141
v -0.512024 0.437647 -1.980754
v -0.512024 0.437647 -1.980754
v -0.548483 0.396089 -1.965030
v -0.548483 0.396089 -1.965030
v -0.548483 0.396089 -1.965030
v -0.548483 0.396089 -1.965030
v -0.663811 0.466941 -1.884137
v -0.663811 0.466941 -1.884137
v -0.758110 0.442943 -1.791182
v -0.758110 0.442943 -1.791182
v -0.758110 0.442943 -1.791182
v -0.758110 0.442943 -1.791182
v -0.620276 0.400664 -1.907350
v -0.620276 0.400664 -1.907350
v 0.766349 0.282689 -1.767263
v 0.766349 0.282689 -1.767263
v 0.766349 0.282689 -1.767263
v 0.741007 0.310435 -1.794171
v 0.741007 0.310435 -1.794171
v 0.596306 0.322674 -1.938418
v 0.596306 0.322674 -1.938418
v 0.512864 0.293736 -1.975809
v 0.512864 0.293736 -1.975809
v 0.512529 0.253039 -1.964185
v 0.512529 0.253039 -1.964185
v 0.718439 0.255680 -1.794812
v 0.718439 0.255680 -1.794812
v 0.718439 0.255680 -1.794812
v 0.492438 0.405205 -1.999141
v 0.492438 0.405205 -1.999141
v 0.758110 0.442943 -1.791182
v 0.758110 0.442943 -1.791182
v 0.758110 0.442943 -1.791182
v 0.758110 0.442943 -1.791182
v 0.758110 0.442943 -1.791182
v 0.620000 0.400000 -1.922891
v 0.620000 0.400000 -1.922891
v 0.512024 0.437647 -1.980754
v 0.512024 0.437647 -1.980754
v 0.663811 0.466941 -1.884137
v 0.663811 0.466941 -1.884137
v 0.620276 0.400664 -1.907350
v 0.620276 0.400664 -1.907350
v 0.548483 0.396089 -1.965030
v 0.548483 0.396089 -1.965030
v 0.548483 0.396089 -1.965030
v 0.548483 0.396089 -1.965030
v -0.659225 0.450004 2.123185
v -0.585856 0.472936 2.174462
v -0.541355 0.474101 2.188598
v -0.475058 0.471146 2.210553
v -0.410508 0.449983 2.224672
v -0.474319 0.429175 2.197328
v -0.530068 0.426266 2.175159
v -0.587963 0.428243 2.155687
v 0.659319 0.449999 2.123255
v 0.530069 0.426266 2.175158
v 0.585855 0.472936 2.174462
v 0.541355 0.474100 2.188598
v 0.475058 0.471146 2.210553
v 0.410508 0.450019 2.224635
v 0.474319 0.429175 2.197328
v 0.587963 0.428243 2.155687
v -0.155269 0.313377 2.212508
v -0.155269 0.313377 2.212508
v -0.155269 0.313377 2.212508
v 0.160364 0.486042 2.275860
v 0.160364 0.486042 2.275860
v -0.160321 0.485441 2.274161
v -0.160321 0.485441 2.274161
v 0.155306 0.313428 2.212418
v 0.155306 0.313428 2.212418
v 0.155306 0.313428 2.212418
v 0.345617 0.642021 -1.844890
v -0.387665 0.637455 -1.832428
v 0.500000 0.604077 -1.804296
v 0.753830 0.607567 -1.728851
v 0.792031 0.604896 -1.714697
v 0.575139 0.585685 -1.826041
v -0.650000 0.578575 -1.823476
v 0.575139 0.573619 -1.868055
v -0.753830 0.594584 -1.757703
v -0.575139 0.573619 -1.868055
v 0.792031 0.597710 -1.729395
v 0.826672 0.323820 -1.700000
v 0.824042 0.268939 -1.700000
v 0.616828 0.179820 -1.880705
v 0.616828 0.179820 -1.880705
v 0.616828 0.179820 -1.880705
v 0.411218 0.167125 -1.965900
v 0.411218 0.167125 -1.965900
v 0.127237 0.164271 -2.003563
v 0.127237 0.164271 -2.003563
v -0.102805 0.164012 -2.003142
v -0.102805 0.164012 -2.003142
v -0.308414 0.164989 -1.987134
v -0.308414 0.164989 -1.987134
v -0.514023 0.171629 -1.931820
v -0.514023 0.171629 -1.931820
v -0.616828 0.179820 -1.880705
v -0.616828 0.179820 -1.880705
v -0.616828 0.179820 -1.880705
v -0.719632 0.193309 -1.806138
v -0.719632 0.193309 -1.806138
v -0.824042 0.268939 -1.700000
v 0.200000 0.225000 -2.042663
v 0.200000 0.225000 -2.042663
v -0.620000 0.400000 -1.922891
v -0.620000 0.400000 -1.922891
v 0.283704 0.165107 -1.991949
v 0.283704 0.165107 -1.991949
v 0.585598 0.227818 -1.936526
v 0.585598 0.227818 -1.936526
v -0.789706 0.229108 -1.739585
v 0.789706 0.229109 -1.739585
v -0.800000 0.300000 -1.732653
v 0.800000 0.300000 -1.732653
v -0.784121 0.379956 -1.762410
v 0.337442 0.473168 -2.053640
v 0.786471 0.378523 -1.759303
v -0.779406 0.490896 -1.773972
v 0.779138 0.491822 -1.773870
v 0.841525 0.537523 -1.701351
v 0.719632 0.178189 -1.700000
v 0.616828 0.142378 -1.700000
v 0.616828 0.142378 -1.700000
v 0.616828 0.142378 -1.700000
v 0.514023 0.225000 -1.700000
v 0.514023 0.225000 -1.700000
v 0.514023 0.225000 -1.700000
v -0.000000 0.152693 -1.986286
v -0.000000 0.152693 -1.986286
v -0.000000 0.152693 -1.986286
v -0.000000 0.152693 -1.986286
v -0.000000 0.152693 -1.986286
v -0.514023 0.225000 -1.700000
v -0.514023 0.225000 -1.700000
v -0.514023 0.225000 -1.700000
v -0.719632 0.178189 -1.700000
v 0.719632 0.193309 -1.806138
v 0.719632 0.193309 -1.806138
v 0.514023 0.171629 -1.931820
v 0.514023 0.171629 -1.931820
v 0.205609 0.164195 -1.998602
v 0.205609 0.164195 -1.998602
v -0.205609 0.164195 -1.998602
v -0.205609 0.164195 -1.998602
v -0.411218 0.167125 -1.965900
v -0.411218 0.167125 -1.965900
v -0.822437 0.214000 -1.700000
v -0.822437 0.214000 -1.700000
v 0.000000 0.855000 1.880000
v 0.630000 0.815000 1.880000
v 0.776902 0.724325 1.895315
v 0.776902 0.724325 1.895315
v -0.776903 0.724325 1.895315
v -0.776903 0.724325 1.895315
v -0.754150 0.814096 1.952167
v -0.754150 0.814096 1.952167
v -0.708932 0.827202 2.029358
v -0.708932 0.827202 2.029358
v -0.656537 0.837534 2.076918
v -0.656537 0.837534 2.076918
v -0.150092 0.866919 2.165210
v -0.150092 0.866919 2.165210
v -0.000000 0.854023 2.184862
v -0.000000 0.854023 2.184862
v -0.000000 0.854023 2.184862
v 0.300000 0.865715 2.150863
v 0.300000 0.865715 2.150863
v 0.400010 0.862937 2.135929
v 0.400010 0.862937 2.135929
v 0.500000 0.857082 2.118176
v 0.500000 0.857082 2.118176
v 0.656537 0.837534 2.076918
v 0.656537 0.837534 2.076918
v 0.754150 0.814096 1.952167
v 0.754150 0.814096 1.952167
v -0.565039 0.850824 2.105925
v -0.565039 0.850824 2.105925
v -0.500000 0.857082 2.118176
v -0.500000 0.857082 2.118176
v -0.400010 0.862937 2.135929
v -0.400010 0.862937 2.135929
v -0.300000 0.865715 2.150863
v -0.300000 0.865715 2.150863
v 0.150092 0.866919 2.165210
v 0.150092 0.866919 2.165210
v 0.565039 0.850824 2.105925
v 0.565039 0.850824 2.105925
v 0.708932 0.827202 2.029358
v 0.708932 0.827202 2.029358
v 0.782076 0.368485 1.882641
v 0.780261 0.309533 1.880004
v 0.689362 0.299488 2.032429
v 0.689362 0.299488 2.032429
v 0.389371 0.329722 2.183866
v 0.389371 0.329722 2.183866
v 0.097343 0.311023 2.215611
v -0.292028 0.320452 2.198717
v -0.292028 0.320452 2.198717
v -0.486714 0.335221 2.159890
v -0.486714 0.335221 2.159890
v -0.486714 0.335221 2.159890
v -0.782129 0.368931 1.882563
v -0.801867 0.600214 1.880580
v -0.797930 0.659274 1.880000
v -0.299479 0.782131 2.161589
v -0.299479 0.782131 2.161589
v -0.345184 0.740303 2.144457
v -0.345184 0.740303 2.144457
v -0.386138 0.702659 2.134050
v -0.386138 0.702659 2.134050
v -0.449661 0.688098 2.121387
v -0.449661 0.688098 2.121387
v -0.746075 0.681113 1.972135
v -0.746075 0.681113 1.972135
v -0.716218 0.767107 2.010375
v -0.716218 0.767107 2.010375
v 0.279365 0.832964 2.172503
v 0.279365 0.832964 2.172503
v 0.388929 0.817274 2.157705
v 0.388929 0.817274 2.157705
v 0.388929 0.817274 2.157705
v 0.558685 0.799797 2.116392
v 0.558685 0.799797 2.116392
v 0.558685 0.799797 2.116392
v 0.716218 0.767107 2.010375
v 0.716218 0.767107 2.010375
v 0.754823 0.743909 1.945315
v 0.754823 0.743909 1.945315
v 0.745510 0.682658 1.972897
v 0.745510 0.682658 1.972897
v 0.449732 0.688022 2.121437
v 0.449732 0.688022 2.121437
v 0.386138 0.702659 2.134049
v 0.386138 0.702659 2.134049
v 0.299313 0.782143 2.161469
v 0.299313 0.782143 2.161469
v -0.750000 0.300000 1.947794
v -0.691492 0.299445 2.030639
v -0.691492 0.299445 2.030639
v 0.750000 0.300000 1.947794
v -0.750000 0.370000 1.968373
v -0.700000 0.370000 2.051812
v -0.650000 0.370000 2.100682
v -0.520000 0.370000 2.166226
v -0.400000 0.370000 2.201967
v -0.260000 0.370000 2.230870
v 0.260000 0.370000 2.230870
v 0.400000 0.370000 2.201967
v 0.520000 0.370000 2.166226
v 0.650000 0.370000 2.100682
v 0.700000 0.370000 2.051812
v 0.750000 0.370000 1.968373
v -0.780000 0.440000 1.914466
v -0.750000 0.440000 1.996691
v -0.700000 0.440000 2.082378
v -0.260000 0.440000 2.256346
v 0.260000 0.440000 2.256346
v 0.700000 0.440000 2.082378
v 0.750000 0.440000 1.996691
v 0.780000 0.440000 1.914466
v -0.780000 0.510000 1.938187
v -0.750000 0.510000 2.020175
v -0.700000 0.510000 2.104895
v -0.650000 0.510000 2.152842
v -0.520000 0.510000 2.213031
v -0.400000 0.510000 2.244016
v -0.260000 0.510000 2.268865
v 0.000000 0.510000 2.287000
v 0.260000 0.510000 2.268865
v 0.400000 0.510000 2.244016
v 0.520000 0.510000 2.213031
v 0.650000 0.510000 2.152842
v 0.700000 0.510000 2.104895
v 0.750000 0.510000 2.020175
v 0.780000 0.510000 1.938187
v -0.780106 0.582122 1.947734
v -0.748038 0.572607 2.023889
v -0.700000 0.565000 2.101797
v -0.650000 0.565000 2.145725
v -0.520000 0.565000 2.200109
v -0.400000 0.565000 2.227743
v -0.260000 0.565000 2.249860
v -0.130000 0.565000 2.261965
v 0.000000 0.565000 2.266000
v 0.130000 0.565000 2.261965
v 0.260000 0.565000 2.249860
v 0.400000 0.565000 2.227743
v 0.520000 0.565000 2.200109
v 0.650000 0.565000 2.145725
v 0.700000 0.565000 2.101797
v 0.749484 0.567615 2.021822
v 0.778949 0.573413 1.951087
v -0.700000 0.600000 2.066420
v -0.650000 0.600000 2.102993
v -0.520000 0.600000 2.150252
v -0.400000 0.600000 2.175223
v -0.260000 0.600000 2.195325
v -0.130000 0.600000 2.206331
v 0.000000 0.600000 2.210000
v 0.130000 0.600000 2.206331
v 0.260000 0.600000 2.195325
v 0.400000 0.600000 2.175223
v 0.520000 0.600000 2.150252
v 0.650000 0.600000 2.102993
v 0.700000 0.600000 2.066420
v -0.780000 0.650000 1.924267
v -0.709205 0.671448 2.019963
v -0.709205 0.671448 2.019963
v -0.650000 0.650000 2.066223
v -0.520000 0.650000 2.109259
v -0.400000 0.650000 2.132451
v -0.260000 0.650000 2.151175
v -0.130000 0.650000 2.161428
v 0.000000 0.650000 2.164845
v 0.130000 0.650000 2.161428
v 0.260000 0.650000 2.151175
v 0.400000 0.650000 2.132451
v 0.520000 0.650000 2.109259
v 0.650000 0.650000 2.066223
v 0.706490 0.672610 2.021959
v 0.706490 0.672610 2.021959
v 0.780000 0.650000 1.924267
v -0.260000 0.720000 2.153197
v -0.130000 0.720000 2.163670
v 0.000000 0.720000 2.167160
v 0.130000 0.720000 2.163670
v 0.260000 0.720000 2.153197
v -0.130000 0.780000 2.176465
v -0.000401 0.790605 2.182928
v -0.000401 0.790605 2.182928
v 0.130000 0.780000 2.176465
v -0.520000 0.820000 2.131539
v -0.388929 0.817274 2.157705
v -0.388929 0.817274 2.157705
v -0.388929 0.817274 2.157705
v 0.520000 0.820000 2.131539
v 0.002700 0.308399 2.216058
v 0.681399 0.186544 1.880000
v 0.681399 0.186544 1.880000
v 0.584056 0.225000 1.880000
v 0.486714 0.225000 1.880000
v 0.486714 0.225000 1.880000
v 0.389371 0.225000 1.880000
v 0.097343 0.225000 1.880000
v -0.097343 0.225000 1.880000
v -0.194686 0.225000 1.880000
v -0.292028 0.225000 1.880000
v -0.486714 0.225000 1.880000
v -0.486714 0.225000 1.880000
v 0.584056 0.332413 2.121250
v 0.584056 0.332413 2.121250
v 0.486714 0.335221 2.159890
v 0.486714 0.335221 2.159890
v 0.486714 0.335221 2.159890
v 0.292028 0.320452 2.198717
v 0.292028 0.320452 2.198717
v -0.097343 0.311023 2.215611
v -0.389371 0.329722 2.183866
v -0.389371 0.329722 2.183866
v -0.584056 0.332413 2.121250
v -0.584056 0.332413 2.121250
v -0.589576 0.678134 2.087304
v -0.589576 0.678134 2.087304
v -0.754823 0.743909 1.945316
v -0.754823 0.743909 1.945316
v -0.657857 0.783416 2.067665
v -0.657857 0.783416 2.067665
v -0.558684 0.799797 2.116393
v -0.558684 0.799797 2.116393
v -0.558684 0.799797 2.116393
v -0.279364 0.832964 2.172503
v -0.279364 0.832964 2.172503
v 0.657857 0.783416 2.067665
v 0.657857 0.783416 2.067665
v 0.589577 0.678134 2.087304
v 0.589577 0.678134 2.087304
v 0.345183 0.740303 2.144457
v 0.345183 0.740303 2.144457
v -0.650000 0.700000 2.061553
v -0.550000 0.700000 2.100015
v -0.550000 0.755000 2.108057
v -0.450000 0.755000 2.131061
v -0.450000 0.810000 2.144382
v -0.450000 0.810000 2.144382
v -0.200000 0.810000 2.178901
v 0.200000 0.810000 2.178901
v 0.450000 0.755000 2.131061
v 0.450000 0.810000 2.144382
v 0.450000 0.810000 2.144382
v 0.550000 0.700000 2.100015
v 0.550000 0.755000 2.108057
v 0.650000 0.700000 2.061553
v -0.151000 0.326000 2.206858
v 0.151000 0.326000 2.206858
v 0.151000 0.476000 2.263133
v -0.151000 0.476000 2.263133
v -0.823778 0.243830 0.780000
v -0.811834 0.260927 0.597123
v -0.806525 0.274994 0.524967
v -0.814576 0.286001 0.580081
v -0.831977 0.316752 0.780000
v -0.854125 0.458122 0.780000
v -0.842791 0.458647 0.500000
v -0.835979 0.458693 0.250000
v -0.821876 0.401500 0.250000
v -0.809195 0.348000 0.260000
v -0.809195 0.348000 0.260000
v -0.770573 0.173765 0.250000
v -0.770573 0.173765 0.250000
v -0.807678 0.353172 0.151144
v -0.807678 0.353172 0.151144
v -0.836120 0.459062 0.000000
v -0.782067 0.248676 0.143345
v -0.782067 0.248676 0.143345
v -0.782067 0.248676 0.143345
v -0.821001 0.241394 -0.540684
v -0.821001 0.241394 -0.540684
v -0.811937 0.360409 0.000000
v -0.786801 0.175766 -0.190000
v -0.786801 0.175766 -0.190000
v -0.805886 0.176914 -0.430000
v -0.805886 0.176914 -0.430000
v -0.799555 0.249581 -0.190000
v -0.799555 0.249581 -0.190000
v -0.846630 0.445449 -0.453903
v -0.824332 0.370824 -0.224002
v -0.824332 0.370824 -0.224002
v -0.824332 0.370824 -0.224002
v -0.824405 0.278161 -0.649738
v -0.824405 0.278161 -0.649738
v -0.815624 0.255214 -0.430000
v -0.815624 0.255214 -0.430000
v -0.834261 0.378868 -0.430000
v -0.834261 0.378868 -0.430000
v -0.837226 0.383189 -0.585320
v -0.837226 0.383189 -0.585320
v -0.837226 0.383189 -0.585320
v -0.846086 0.249450 -0.870000
v -0.857147 0.398483 -0.869997
v -0.850070 0.329748 -0.870239
v -0.798169 0.247400 -0.334534
v -0.798169 0.247400 -0.334534
v -0.798169 0.247400 -0.334534
v -0.798169 0.247400 -0.334534
v -0.803160 0.348000 0.260000
v -0.803160 0.348000 0.260000
v -0.803160 0.348000 0.260000
v -0.811763 0.369000 -0.180000
v -0.811763 0.369000 -0.180000
v -0.811763 0.369000 -0.180000
v -0.812208 0.369395 -0.190000
v -0.812208 0.369395 -0.190000
v -0.821680 0.378868 -0.430000
v -0.821680 0.378868 -0.430000
v -0.834942 0.331178 -0.684963
v -0.778704 0.250194 0.000000
v -0.778704 0.250194 0.000000
v -0.802671 0.348477 0.250000
v -0.802671 0.348477 0.250000
v -0.803435 0.360409 0.000000
v -0.803435 0.360409 0.000000
v -0.835987 0.371073 -0.669735
v -0.803042 0.255214 -0.430000
v -0.803042 0.255214 -0.430000
v -0.789251 0.249581 -0.190000
v -0.789251 0.249581 -0.190000
v -0.780878 0.251000 0.250000
v -0.780878 0.251000 0.250000
v -0.780878 0.251000 0.250000
v -0.801569 0.266016 0.480069
v -0.801569 0.266016 0.480069
v -0.788470 0.317925 0.148696
v -0.798756 0.321754 -0.113036
v -0.818454 0.815326 -0.490594
v -0.818454 0.815326 -0.490594
v -0.818454 0.815326 -0.490594
v -0.816893 0.813043 -0.412447
v -0.816893 0.813043 -0.412447
v -0.816893 0.813043 -0.412447
v -0.880000 0.846000 -0.528000
v -0.880000 0.846000 -0.528000
v -0.880000 0.846000 -0.528000
v -0.880000 0.881355 -0.505154
v -0.880000 0.881355 -0.505154
v -0.880000 0.881355 -0.505154
v -0.880000 0.896000 -0.450000
v -0.880000 0.896000 -0.450000
v -0.880000 0.881355 -0.394846
v -0.880000 0.846000 -0.372000
v -0.880000 0.846000 -0.372000
v -0.880000 0.810645 -0.394846
v -0.880000 0.810645 -0.505154
v -0.880000 0.810645 -0.505154
v -0.941420 0.842592 -0.518470
v -0.941420 0.842592 -0.518470
v -0.941420 0.842592 -0.518470
v -0.940000 0.883406 -0.499497
v -0.940000 0.883406 -0.499497
v -0.940000 0.883406 -0.499497
v -0.957527 0.885030 -0.455271
v -0.957527 0.885030 -0.455271
v -0.953898 0.856709 -0.387344
v -0.953898 0.856709 -0.387344
v -0.953898 0.856709 -0.387344
v -0.956889 0.813521 -0.468528
v -0.956889 0.813521 -0.468528
v -0.956889 0.813521 -0.468528
v 0.831977 0.316752 0.780000
v 0.811834 0.260927 0.597125
v 0.814576 0.286001 0.580081
v 0.823778 0.243830 0.780000
v 0.816199 0.170836 0.780000
v 0.816199 0.170836 0.780000
v 0.835979 0.458693 0.250000
v 0.821876 0.401500 0.250000
v 0.807678 0.353172 0.151144
v 0.807678 0.353172 0.151144
v 0.809195 0.348000 0.260000
v 0.809195 0.348000 0.260000
v 0.770573 0.173765 0.250000
v 0.770573 0.173765 0.250000
v 0.836120 0.459062 0.000000
v 0.811937 0.360409 0.000000
v 0.824332 0.370824 -0.224012
v 0.824332 0.370824 -0.224012
v 0.824332 0.370824 -0.224012
v 0.821001 0.241393 -0.540682
v 0.821001 0.241393 -0.540682
v 0.799555 0.249581 -0.190000
v 0.799555 0.249581 -0.190000
v 0.841735 0.459525 -0.190000
v 0.846630 0.445449 -0.453903
v 0.786801 0.175766 -0.190000
v 0.786801 0.175766 -0.190000
v 0.834261 0.378868 -0.430000
v 0.834261 0.378868 -0.430000
v 0.815624 0.255214 -0.430000
v 0.815624 0.255214 -0.430000
v 0.824405 0.278161 -0.649738
v 0.824405 0.278161 -0.649738
v 0.857147 0.398483 -0.869997
v 0.850070 0.329748 -0.870239
v 0.846086 0.249450 -0.870000
v 0.834224 0.249577 -0.715534
v 0.837226 0.383189 -0.585320
v 0.837226 0.383189 -0.585320
v 0.837226 0.383189 -0.585320
v 0.806525 0.274994 0.524968
v 0.803160 0.348000 0.260000
v 0.803160 0.348000 0.260000
v 0.803160 0.348000 0.260000
v 0.802671 0.348477 0.250000
v 0.802671 0.348477 0.250000
v 0.803435 0.360409 0.000000
v 0.803435 0.360409 0.000000
v 0.811763 0.369000 -0.180000
v 0.811763 0.369000 -0.180000
v 0.811763 0.369000 -0.180000
v 0.812208 0.369395 -0.190000
v 0.812208 0.369395 -0.190000
v 0.835987 0.371073 -0.669735
v 0.834942 0.331178 -0.684963
v 0.803042 0.255214 -0.430000
v 0.803042 0.255214 -0.430000
v 0.778704 0.250194 0.000000
v 0.778704 0.250194 0.000000
v 0.780878 0.251000 0.250000
v 0.780878 0.251000 0.250000
v 0.780878 0.251000 0.250000
v 0.801569 0.266016 0.480069
v 0.801569 0.266016 0.480069
v 0.821680 0.378868 -0.430000
v 0.821680 0.378868 -0.430000
v 0.798169 0.247400 -0.334534
v 0.798169 0.247400 -0.334534
v 0.798169 0.247400 -0.334534
v 0.798169 0.247400 -0.334534
v 0.789251 0.249581 -0.190000
v 0.789251 0.249581 -0.190000
v 0.788470 0.317925 0.148696
v 0.798757 0.321756 -0.113038
v 0.818454 0.815326 -0.409406
v 0.818454 0.815326 -0.409406
v 0.818454 0.815326 -0.409406
v 0.816893 0.813043 -0.487553
v 0.816893 0.813043 -0.487553
v 0.816893 0.813043 -0.487553
v 0.880000 0.846000 -0.528000
v 0.880000 0.846000 -0.528000
v 0.880000 0.881355 -0.505154
v 0.880000 0.896000 -0.450000
v 0.879968 0.857405 -0.372523
v 0.879968 0.857405 -0.372523
v 0.880000 0.810645 -0.394846
v 0.880000 0.810645 -0.394846
v 0.880000 0.810645 -0.505154
v 0.953898 0.856709 -0.512656
v 0.953898 0.856709 -0.512656
v 0.953898 0.856709 -0.512656
v 0.957527 0.885030 -0.444729
v 0.957527 0.885030 -0.444729
v 0.940000 0.883406 -0.400503
v 0.940000 0.883406 -0.400503
v 0.941420 0.842592 -0.381530
v 0.941420 0.842592 -0.381530
v 0.941420 0.842592 -0.381530
v 0.956889 0.813521 -0.431472
v 0.956889 0.813521 -0.431472
v 0.956889 0.813521 -0.431472
v -0.689234 0.943000 0.939000
v -0.657110 0.979579 0.948608
v -0.642280 0.982887 0.972901
v -0.676753 0.960109 0.994788
v -0.711716 0.921000 0.991249
v -0.732468 0.900184 0.972629
v -0.723482 0.909983 0.948207
v 0.702508 0.930827 0.939276
v 0.656642 0.975375 0.947551
v 0.644654 0.986595 0.972620
v 0.672251 0.953552 0.994744
v 0.717255 0.910419 0.986371
v 0.726999 0.899484 0.961240
v -0.817381 0.746127 -1.230000
v -0.715425 0.765965 -1.341246
v -0.714994 0.776601 -1.230000
v 0.650000 0.766909 -1.341246
v 0.650000 0.776000 -1.230000
v 0.715425 0.765965 -1.341246
v 0.778750 0.768000 -1.230000
v 0.817381 0.746127 -1.230000
v 0.870711 0.704711 -1.229249
v 0.870711 0.704711 -1.229249
v -0.866148 0.642341 -1.428241
v -0.866148 0.642341 -1.428241
v -0.866148 0.642341 -1.428241
v -0.818221 0.732182 -1.341246
v -0.779463 0.756579 -1.341246
v -0.650000 0.766909 -1.341246
v -0.650000 0.747836 -1.441603
v 0.778542 0.733619 -1.441603
v 0.818221 0.732182 -1.341246
v 0.866148 0.642341 -1.428241
v 0.866148 0.642341 -1.428241
v 0.866148 0.642341 -1.428241
v -0.870583 0.610742 -1.503656
v -0.870583 0.610742 -1.503656
v -0.818648 0.704820 -1.441603
v -0.650000 0.713449 -1.521246
v -0.715732 0.742412 -1.441603
v -0.500000 0.731449 -1.521246
v 0.650000 0.747836 -1.441603
v 0.818648 0.704820 -1.441603
v 0.870583 0.610742 -1.503656
v 0.870583 0.610742 -1.503656
v -0.849579 0.572326 -1.509508
v -0.849579 0.572326 -1.509508
v -0.808273 0.656637 -1.583094
v -0.774366 0.698853 -1.521246
v -0.769764 0.697692 -1.525000
v -0.741090 0.679508 -1.572380
v -0.741090 0.679508 -1.572380
v -0.738763 0.689729 -1.550287
v -0.738763 0.689729 -1.550287
v -0.713596 0.704129 -1.525000
v -0.713596 0.704129 -1.525000
v -0.713748 0.705800 -1.521246
v -0.575007 0.722448 -1.521246
v -0.501768 0.708769 -1.571175
v -0.501768 0.708769 -1.571175
v 0.575007 0.722448 -1.521246
v 0.501556 0.708252 -1.572380
v 0.501556 0.708252 -1.572380
v 0.501768 0.708769 -1.571175
v 0.501768 0.708769 -1.571175
v 0.650000 0.713449 -1.521246
v 0.644496 0.712421 -1.525000
v 0.644496 0.712421 -1.525000
v 0.741090 0.679508 -1.572380
v 0.741090 0.679508 -1.572380
v 0.774366 0.698853 -1.521246
v 0.769764 0.697692 -1.525000
v 0.736100 0.701428 -1.525000
v 0.736100 0.701428 -1.525000
v 0.736100 0.701428 -1.525000
v 0.814660 0.681431 -1.521246
v 0.849579 0.572326 -1.509508
v 0.849579 0.572326 -1.509508
v -0.842441 0.316961 -1.590000
v -0.742946 0.671356 -1.590000
v -0.742946 0.671356 -1.590000
v -0.768209 0.668325 -1.590000
v -0.741969 0.675647 -1.580726
v -0.741969 0.675647 -1.580726
v -0.770000 0.676039 -1.572380
v -0.500000 0.708439 -1.572380
v -0.498453 0.700533 -1.590000
v -0.499048 0.700524 -1.590000
v -0.491579 0.700636 -1.590000
v 0.498453 0.700533 -1.590000
v 0.499048 0.702145 -1.586619
v 0.500000 0.708439 -1.572380
v 0.500000 0.704464 -1.581214
v 0.500000 0.704464 -1.581214
v 0.770000 0.676039 -1.572380
v 0.741969 0.675647 -1.580726
v 0.741969 0.675647 -1.580726
v 0.808273 0.656636 -1.583094
v 0.862027 0.590684 -1.575781
v -0.841621 0.537407 -1.701376
v -0.792031 0.610926 -1.700000
v -0.754406 0.620908 -1.698818
v -0.754406 0.620908 -1.698818
v -0.754378 0.620890 -1.698876
v -0.754397 0.621054 -1.698731
v -0.754397 0.621054 -1.698731
v -0.494577 0.651661 -1.700000
v -0.494577 0.651661 -1.700000
v -0.491824 0.698261 -1.598994
v 0.498387 0.700536 -1.590373
v 0.498387 0.700536 -1.590373
v 0.499048 0.700524 -1.590000
v 0.491579 0.700636 -1.590000
v 0.491824 0.698261 -1.598994
v 0.768209 0.668325 -1.590000
v 0.754378 0.620890 -1.698876
v 0.754456 0.620793 -1.699295
v 0.754456 0.620793 -1.699295
v 0.754406 0.620908 -1.698818
v 0.754397 0.621054 -1.698731
v 0.754397 0.621054 -1.698731
v 0.754218 0.621839 -1.697033
v 0.754218 0.621839 -1.697033
v -0.754646 0.613929 -1.714275
v -0.756007 0.613712 -1.714022
v -0.754588 0.613997 -1.714139
v -0.754588 0.620213 -1.700548
v -0.755965 0.613884 -1.713620
v -0.494668 0.650139 -1.703357
v -0.494668 0.650139 -1.703357
v 0.494668 0.650139 -1.703357
v 0.494668 0.650139 -1.703357
v 0.754646 0.613929 -1.714275
v 0.756007 0.613712 -1.714022
v 0.754588 0.620213 -1.700548
v 0.754588 0.620213 -1.700548
v 0.755965 0.613884 -1.713620
v 0.754588 0.613997 -1.714139
v 0.754530 0.620466 -1.700000
v 0.754530 0.620466 -1.700000
v -0.792031 0.604896 -1.714697
v -0.754645 0.610104 -1.722997
v -0.756110 0.613247 -1.715000
v -0.792031 0.607975 -1.707349
v -0.753557 0.607560 -1.728940
v -0.753557 0.607560 -1.728940
v -0.753579 0.607612 -1.728820
v -0.753579 0.607612 -1.728820
v -0.753830 0.608199 -1.727448
v -0.753830 0.608199 -1.727448
v -0.500000 0.612379 -1.785846
v -0.500000 0.612379 -1.785846
v -0.517634 0.604101 -1.799539
v -0.517634 0.604101 -1.799539
v -0.496850 0.613858 -1.783400
v -0.496850 0.613858 -1.783400
v -0.496850 0.613858 -1.783400
v -0.477745 0.629431 -1.768565
v -0.496077 0.626712 -1.755042
v -0.496077 0.626712 -1.755042
v -0.496010 0.627828 -1.752579
v -0.496010 0.627828 -1.752579
v -0.461906 0.638732 -1.756266
v 0.496850 0.613858 -1.783400
v 0.496850 0.613858 -1.783400
v 0.496850 0.613858 -1.783400
v 0.461906 0.638732 -1.756266
v 0.477745 0.629431 -1.768565
v 0.496010 0.627828 -1.752579
v 0.496010 0.627828 -1.752579
v 0.496077 0.626712 -1.755042
v 0.496077 0.626712 -1.755042
v 0.753557 0.607560 -1.728940
v 0.753557 0.607560 -1.728940
v 0.792031 0.607975 -1.707349
v 0.756110 0.613247 -1.715000
v 0.754645 0.610104 -1.722997
v -0.753830 0.601076 -1.743277
v -0.750910 0.601376 -1.743389
v -0.753830 0.607567 -1.728851
v -0.500000 0.604077 -1.804296
v -0.532841 0.596038 -1.813800
v -0.386544 0.530758 -2.012136
v 0.532841 0.596038 -1.813800
v 0.575139 0.590783 -1.813800
v 0.575139 0.590783 -1.813800
v 0.750910 0.601376 -1.743389
v 0.792031 0.601544 -1.722046
v -0.792031 0.601544 -1.722046
v -0.650000 0.581800 -1.813800
v -0.650000 0.581800 -1.813800
v -0.575139 0.585685 -1.826041
v -0.602548 0.587494 -1.813800
v -0.602548 0.587494 -1.813800
v -0.500000 0.585648 -1.856443
v -0.500000 0.571588 -1.908591
v -0.400000 0.563429 -1.951830
v 0.500000 0.585648 -1.856443
v 0.400000 0.563429 -1.951830
v 0.650000 0.578575 -1.823476
v 0.650000 0.581800 -1.813800
v 0.650000 0.581800 -1.813800
v 0.753830 0.594584 -1.757703
v 0.753830 0.601076 -1.743277
v -0.838996 0.430699 -1.700021
v 0.701300 0.549011 -1.813800
v -0.616828 0.142378 -1.700000
v -0.616828 0.142378 -1.700000
v -0.616828 0.142378 -1.700000
v -0.703710 0.585585 -1.790843
v -0.702127 0.549049 -1.813339
v -0.509900 0.728572 -1.525000
v -0.509900 0.728572 -1.525000
v -0.628929 0.949500 1.163054
v -0.628929 0.949500 1.163054
v -0.669741 0.547553 -1.831397
v -0.701300 0.549011 -1.813800
v -0.704067 0.585719 -1.790452
v -0.732983 0.531757 -1.796134
v -0.742190 0.531183 -1.791000
v -0.740963 0.516866 -1.797702
v -0.747536 0.593491 -1.761810
v -0.792031 0.597710 -1.729395
v 0.610000 0.225000 1.680000
v 0.610000 0.225000 1.680000
v 0.610000 0.225000 1.590000
v 0.610000 0.225000 1.590000
v 0.610000 0.225000 0.870000
v 0.610000 0.225000 0.780000
v 0.500000 0.571588 -1.908591
v -0.836072 0.458935 0.085899
v 0.742190 0.531183 -1.791000
v 0.747520 0.593452 -1.761900
v 0.747520 0.593452 -1.761900
v 0.703710 0.585585 -1.790843
v 0.702127 0.549049 -1.813339
v 0.704067 0.585719 -1.790452
v 0.740963 0.516866 -1.797702
v 0.732983 0.531757 -1.796134
v 0.667043 0.579755 -1.813800
v 0.667043 0.579755 -1.813800
v -0.230238 1.196662 0.863552
v -0.230238 1.196662 0.863552
v 0.669741 0.547553 -1.831397
v 0.665716 0.579914 -1.813800
v 0.665716 0.579914 -1.813800
v -0.608528 1.034233 0.920856
v -0.608528 1.034233 0.920856
v -0.610000 0.225000 1.680000
v -0.610000 0.225000 1.680000
v -0.610000 0.225000 1.590000
v -0.610000 0.225000 1.590000
v -0.610000 0.225000 0.780000
v -0.604336 0.140098 0.045498
v -0.650000 0.711760 -1.525000
v -0.650000 0.711760 -1.525000
v -0.709068 0.704672 -1.525000
v -0.709068 0.704672 -1.525000
v -0.736100 0.701428 -1.525000
v -0.736100 0.701428 -1.525000
v -0.736100 0.701428 -1.525000
v -0.610000 0.225000 -0.870000
v -0.584056 0.225000 1.880000
v -0.389371 0.225000 1.880000
v -0.754218 0.621839 -1.697033
v -0.754218 0.621839 -1.697033
v -0.754456 0.620793 -1.699295
v -0.754530 0.620466 -1.700000
v -0.754530 0.620466 -1.700000
v 0.194686 0.225000 1.880000
v 0.292028 0.225000 1.880000
v -0.747520 0.593452 -1.761900
v -0.747520 0.593452 -1.761900
v -0.667043 0.579755 -1.813800
v -0.667043 0.579755 -1.813800
v -0.665716 0.579914 -1.813800
v -0.665716 0.579914 -1.813800
v -0.834224 0.249577 -0.715534
v -0.575139 0.590783 -1.813800
v -0.575139 0.590783 -1.813800
v -0.536000 0.595480 -1.813800
v -0.536000 0.595480 -1.813800
v -0.492500 0.686200 -1.623800
v -0.492500 0.686200 -1.623800
v -0.498081 0.699790 -1.592111
v -0.498387 0.700536 -1.590373
v -0.498387 0.700536 -1.590373
v -0.499048 0.702145 -1.586619
v -0.500000 0.704464 -1.581214
v -0.500000 0.704464 -1.581214
v -0.501556 0.708252 -1.572380
v -0.501556 0.708252 -1.572380
v -0.509900 0.725572 -1.525000
v -0.509900 0.725572 -1.525000
v -0.569500 0.718420 -1.525000
v -0.569500 0.718420 -1.525000
v -0.575009 0.717759 -1.525000
v -0.575009 0.717759 -1.525000
v -0.713596 0.701129 -1.525000
v -0.713596 0.701129 -1.525000
v -0.736100 0.698428 -1.525000
v -0.736100 0.698428 -1.525000
v -0.736100 0.698428 -1.525000
v -0.736100 0.698428 -1.525000
v -0.738763 0.686729 -1.550287
v -0.738763 0.686729 -1.550287
v -0.741090 0.676508 -1.572380
v -0.741090 0.676508 -1.572380
v -0.741969 0.672647 -1.580726
v -0.741969 0.672647 -1.580726
v -0.742946 0.668357 -1.590000
v -0.742946 0.668357 -1.590000
v -0.746794 0.651451 -1.626541
v -0.746794 0.651451 -1.626541
v -0.754218 0.618839 -1.697033
v -0.754218 0.618839 -1.697033
v -0.754588 0.617213 -1.700548
v -0.754588 0.617213 -1.700548
v -0.754645 0.607104 -1.722997
v -0.754645 0.607104 -1.722997
v -0.753830 0.605199 -1.727448
v -0.753830 0.605199 -1.727448
v -0.753579 0.604612 -1.728820
v -0.753579 0.604612 -1.728820
v -0.753557 0.604560 -1.728940
v -0.753557 0.604560 -1.728940
v -0.750910 0.598376 -1.743389
v -0.750910 0.598376 -1.743389
v -0.750645 0.597757 -1.744836
v -0.750645 0.597757 -1.744836
v -0.748076 0.591753 -1.758861
v -0.748076 0.591753 -1.758861
v -0.747536 0.590491 -1.761810
v -0.747536 0.590491 -1.761810
v -0.747520 0.590452 -1.761900
v -0.747520 0.590452 -1.761900
v -0.747520 0.590452 -1.761900
v -0.665716 0.576914 -1.813800
v -0.665716 0.576914 -1.813800
v -0.517634 0.601101 -1.799539
v -0.517634 0.601101 -1.799539
v -0.496850 0.610858 -1.783400
v -0.496850 0.610858 -1.783400
v -0.496850 0.610858 -1.783400
v -0.494668 0.647139 -1.703357
v -0.494668 0.647139 -1.703357
v -0.494577 0.648661 -1.700000
v -0.494577 0.648661 -1.700000
v -0.492500 0.683200 -1.623800
v -0.492500 0.683200 -1.623800
v -0.500000 0.701464 -1.581214
v -0.500000 0.701464 -1.581214
v -0.501768 0.705769 -1.571175
v -0.501768 0.705769 -1.571175
v -0.644496 0.709421 -1.525000
v -0.644496 0.709421 -1.525000
v -0.650000 0.708760 -1.525000
v -0.650000 0.708760 -1.525000
v -0.709068 0.701672 -1.525000
v -0.709068 0.701672 -1.525000
v -0.754397 0.618054 -1.698731
v -0.754397 0.618054 -1.698731
v -0.754456 0.617792 -1.699295
v -0.754456 0.617792 -1.699295
v -0.754530 0.617466 -1.700000
v -0.754530 0.617466 -1.700000
v 0.774046 0.697178 -1.525000
v -0.667043 0.576755 -1.813800
v -0.667043 0.576755 -1.813800
v 0.025477 0.880792 1.806495
v 0.025477 0.880792 1.806495
v -0.650000 0.578800 -1.813800
v -0.650000 0.578800 -1.813800
v -0.602548 0.584494 -1.813800
v -0.602548 0.584494 -1.813800
v -0.575139 0.587783 -1.813800
v -0.575139 0.587783 -1.813800
v -0.536000 0.592480 -1.813800
v -0.536000 0.592480 -1.813800
v -0.500000 0.609379 -1.785846
v -0.500000 0.609379 -1.785846
v -0.496077 0.623712 -1.755042
v -0.496077 0.623712 -1.755042
v -0.496010 0.624828 -1.752579
v -0.496010 0.624828 -1.752579
v -0.498081 0.696790 -1.592111
v -0.498081 0.696790 -1.592111
v -0.498387 0.697536 -1.590373
v -0.498387 0.697536 -1.590373
v -0.499048 0.699145 -1.586619
v -0.499048 0.699145 -1.586619
v -0.501556 0.705252 -1.572380
v -0.501556 0.705252 -1.572380
v -0.530258 0.698572 -1.551100
v -0.579130 0.691420 -1.551100
v -0.583647 0.690759 -1.551100
v -0.640627 0.682420 -1.551100
v -0.645140 0.681760 -1.551100
v -0.693575 0.674672 -1.551100
v -0.697288 0.674129 -1.551100
v -0.715742 0.671428 -1.551100
v -0.717926 0.659729 -1.571835
v -0.719834 0.649508 -1.589952
v -0.720554 0.645647 -1.596795
v -0.721355 0.641357 -1.604400
v -0.724511 0.624451 -1.634364
v -0.724511 0.624451 -1.634364
v -0.730599 0.591839 -1.692167
v -0.730599 0.591839 -1.692167
v -0.730745 0.591054 -1.693559
v -0.730745 0.591054 -1.693559
v -0.730794 0.590793 -1.694022
v -0.730794 0.590793 -1.694022
v -0.730855 0.590466 -1.694600
v -0.730902 0.590213 -1.695050
v -0.730902 0.590213 -1.695050
v -0.730949 0.580104 -1.713457
v -0.730949 0.580104 -1.713457
v -0.730281 0.578199 -1.717108
v -0.730281 0.578199 -1.717108
v -0.730075 0.577612 -1.718232
v -0.730056 0.577560 -1.718331
v -0.730056 0.577560 -1.718331
v -0.727887 0.571376 -1.730179
v -0.727887 0.571376 -1.730179
v -0.727669 0.570757 -1.731365
v -0.727669 0.570757 -1.731365
v -0.725563 0.564753 -1.742866
v -0.725563 0.564753 -1.742866
v -0.725120 0.563491 -1.745284
v -0.725120 0.563491 -1.745284
v -0.725106 0.563452 -1.745358
v -0.725106 0.563452 -1.745358
v -0.659115 0.549755 -1.787916
v -0.659115 0.549755 -1.787916
v -0.658027 0.549914 -1.787916
v -0.658027 0.549914 -1.787916
v -0.645140 0.551800 -1.787916
v -0.645140 0.551800 -1.787916
v -0.606229 0.557494 -1.787916
v -0.606229 0.557494 -1.787916
v -0.583754 0.560783 -1.787916
v -0.583754 0.560783 -1.787916
v -0.551660 0.565480 -1.787916
v -0.551660 0.565480 -1.787916
v -0.536600 0.574101 -1.776222
v -0.536600 0.574101 -1.776222
v -0.522140 0.582379 -1.764994
v -0.522140 0.582379 -1.764994
v -0.519557 0.583858 -1.762988
v -0.519557 0.583858 -1.762988
v -0.518923 0.596712 -1.739734
v -0.518923 0.596712 -1.739734
v -0.518868 0.597828 -1.737715
v -0.518868 0.597828 -1.737715
v -0.517768 0.620139 -1.697353
v -0.517693 0.621661 -1.694600
v -0.515990 0.656200 -1.632116
v -0.520566 0.669790 -1.606131
v -0.520817 0.670536 -1.604706
v -0.521359 0.672145 -1.601628
v -0.522140 0.674464 -1.597195
v -0.523416 0.678252 -1.589952
v -0.523590 0.678769 -1.588963
v 0.650000 0.711760 -1.525000
v 0.650000 0.711760 -1.525000
v 0.709068 0.704672 -1.525000
v 0.709068 0.704672 -1.525000
v 0.713596 0.704129 -1.525000
v 0.713596 0.704129 -1.525000
v 0.738763 0.689729 -1.550287
v 0.738763 0.689729 -1.550287
v 0.746794 0.654451 -1.626541
v 0.746794 0.654451 -1.626541
v 0.753830 0.608199 -1.727448
v 0.753579 0.607612 -1.728820
v 0.753579 0.607612 -1.728820
v 0.747536 0.593491 -1.761810
v 0.747536 0.593491 -1.761810
v 0.747536 0.593491 -1.761810
v -0.628929 0.946500 1.163054
v -0.628929 0.946500 1.163054
v 0.602548 0.587494 -1.813800
v 0.602548 0.587494 -1.813800
v 0.536000 0.595480 -1.813800
v 0.536000 0.595480 -1.813800
v 0.517634 0.604101 -1.799539
v 0.517634 0.604101 -1.799539
v 0.500000 0.612379 -1.785846
v 0.500000 0.612379 -1.785846
v 0.494577 0.651661 -1.700000
v 0.494577 0.651661 -1.700000
v 0.492500 0.686200 -1.623800
v 0.498081 0.699790 -1.592111
v 0.498081 0.699790 -1.592111
v 0.509900 0.725572 -1.525000
v 0.509900 0.725572 -1.525000
v 0.650000 0.708760 -1.525000
v 0.650000 0.708760 -1.525000
v 0.709068 0.701672 -1.525000
v 0.709068 0.701672 -1.525000
v 0.736100 0.698428 -1.525000
v 0.736100 0.698428 -1.525000
v 0.736100 0.698428 -1.525000
v 0.738763 0.686729 -1.550287
v 0.738763 0.686729 -1.550287
v 0.741090 0.676508 -1.572380
v 0.741090 0.676508 -1.572380
v 0.742946 0.668357 -1.590000
v 0.742946 0.668357 -1.590000
v 0.746794 0.651451 -1.626541
v 0.746794 0.651451 -1.626541
v 0.754456 0.617792 -1.699295
v 0.754456 0.617792 -1.699295
v 0.754530 0.617466 -1.700000
v 0.754530 0.617466 -1.700000
v 0.754588 0.617213 -1.700548
v 0.754588 0.617213 -1.700548
v 0.753830 0.605199 -1.727448
v 0.753830 0.605199 -1.727448
v 0.750910 0.598376 -1.743389
v 0.750910 0.598376 -1.743389
v 0.750645 0.597757 -1.744836
v 0.750645 0.597757 -1.744836
v 0.748076 0.591753 -1.758861
v 0.748076 0.591753 -1.758861
v 0.667043 0.576755 -1.813800
v 0.667043 0.576755 -1.813800
v 0.602548 0.584494 -1.813800
v 0.602548 0.584494 -1.813800
v 0.517634 0.601101 -1.799539
v 0.517634 0.601101 -1.799539
v -0.774046 0.697178 -1.525000
v 0.496077 0.623712 -1.755042
v 0.496077 0.623712 -1.755042
v 0.496010 0.624828 -1.752579
v 0.496010 0.624828 -1.752579
v 0.494668 0.647139 -1.703357
v 0.494668 0.647139 -1.703357
v 0.498081 0.696790 -1.592111
v 0.498081 0.696790 -1.592111
v 0.498387 0.697536 -1.590373
v 0.498387 0.697536 -1.590373
v 0.501768 0.705769 -1.571175
v 0.501768 0.705769 -1.571175
v 0.836072 0.458935 0.085899
v 0.569500 0.718420 -1.525000
v 0.569500 0.718420 -1.525000
v 0.575009 0.717759 -1.525000
v 0.575009 0.717759 -1.525000
v 0.644496 0.709421 -1.525000
v 0.644496 0.709421 -1.525000
v 0.713596 0.701129 -1.525000
v 0.713596 0.701129 -1.525000
v 0.741969 0.672647 -1.580726
v 0.741969 0.672647 -1.580726
v 0.754218 0.618839 -1.697033
v 0.754218 0.618839 -1.697033
v 0.754397 0.618054 -1.698731
v 0.754397 0.618054 -1.698731
v 0.754645 0.607104 -1.722997
v 0.754645 0.607104 -1.722997
v 0.753579 0.604612 -1.728820
v 0.753579 0.604612 -1.728820
v 0.753557 0.604560 -1.728940
v 0.753557 0.604560 -1.728940
v 0.747536 0.590491 -1.761810
v 0.747536 0.590491 -1.761810
v 0.747520 0.590452 -1.761900
v 0.747520 0.590452 -1.761900
v 0.747520 0.590452 -1.761900
v 0.665716 0.576914 -1.813800
v 0.665716 0.576914 -1.813800
v 0.650000 0.578800 -1.813800
v 0.650000 0.578800 -1.813800
v -0.681399 0.186544 1.880000
v -0.681399 0.186544 1.880000
v 0.575139 0.587783 -1.813800
v 0.575139 0.587783 -1.813800
v 0.536000 0.592480 -1.813800
v 0.536000 0.592480 -1.813800
v 0.500000 0.609379 -1.785846
v 0.500000 0.609379 -1.785846
v 0.496850 0.610858 -1.783400
v 0.496850 0.610858 -1.783400
v 0.496850 0.610858 -1.783400
v 0.496850 0.610858 -1.783400
v 0.509900 0.728572 -1.525000
v 0.509900 0.728572 -1.525000
v 0.494577 0.648661 -1.700000
v 0.494577 0.648661 -1.700000
v 0.492500 0.683200 -1.623800
v 0.492500 0.683200 -1.623800
v 0.499048 0.699145 -1.586619
v 0.499048 0.699145 -1.586619
v 0.500000 0.701464 -1.581214
v 0.500000 0.701464 -1.581214
v 0.501556 0.705252 -1.572380
v 0.501556 0.705252 -1.572380
v 0.530258 0.698572 -1.551100
v 0.579130 0.691420 -1.551100
v 0.583647 0.690759 -1.551100
v 0.640627 0.682420 -1.551100
v 0.645140 0.681760 -1.551100
v 0.693575 0.674672 -1.551100
v 0.697288 0.674129 -1.551100
v 0.715742 0.671428 -1.551100
v 0.717926 0.659729 -1.571835
v 0.719834 0.649508 -1.589952
v 0.720554 0.645647 -1.596795
v 0.721355 0.641357 -1.604400
v 0.724511 0.624451 -1.634364
v 0.724511 0.624451 -1.634364
v 0.730599 0.591839 -1.692167
v 0.730599 0.591839 -1.692167
v 0.730745 0.591054 -1.693559
v 0.730745 0.591054 -1.693559
v 0.730794 0.590792 -1.694022
v 0.730794 0.590792 -1.694022
v 0.730855 0.590466 -1.694600
v 0.730855 0.590466 -1.694600
v 0.730902 0.590213 -1.695050
v 0.730902 0.590213 -1.695050
v 0.730949 0.580104 -1.713457
v 0.730949 0.580104 -1.713457
v 0.730281 0.578199 -1.717108
v 0.730281 0.578199 -1.717108
v 0.730075 0.577612 -1.718232
v 0.730075 0.577612 -1.718232
v 0.730056 0.577560 -1.718331
v 0.730056 0.577560 -1.718331
v 0.727887 0.571376 -1.730179
v 0.727887 0.571376 -1.730179
v 0.727669 0.570757 -1.731365
v 0.727669 0.570757 -1.731365
v 0.725563 0.564753 -1.742866
v 0.725563 0.564753 -1.742866
v 0.725120 0.563491 -1.745284
v 0.725120 0.563491 -1.745284
v 0.725106 0.563452 -1.745358
v 0.725106 0.563452 -1.745358
v 0.659115 0.549755 -1.787916
v 0.659115 0.549755 -1.787916
v 0.658027 0.549914 -1.787916
v 0.658027 0.549914 -1.787916
v 0.645140 0.551800 -1.787916
v 0.645140 0.551800 -1.787916
v 0.606229 0.557494 -1.787916
v 0.606229 0.557494 -1.787916
v 0.583754 0.560783 -1.787916
v 0.583754 0.560783 -1.787916
v 0.551660 0.565480 -1.787916
v 0.551660 0.565480 -1.787916
v 0.536600 0.574101 -1.776222
v 0.536600 0.574101 -1.776222
v 0.522140 0.582379 -1.764994
v 0.522140 0.582379 -1.764994
v 0.519557 0.583858 -1.762988
v 0.519557 0.583858 -1.762988
v 0.519557 0.583858 -1.762988
v 0.518923 0.596712 -1.739734
v 0.518923 0.596712 -1.739734
v 0.518868 0.597828 -1.737715
v 0.518868 0.597828 -1.737715
v 0.517768 0.620139 -1.697353
v 0.517693 0.621661 -1.694600
v 0.515990 0.656200 -1.632116
v 0.520566 0.669790 -1.606131
v 0.520817 0.670536 -1.604706
v 0.521359 0.672145 -1.601628
v 0.522140 0.674464 -1.597195
v 0.523416 0.678252 -1.589952
v 0.523590 0.678769 -1.588963
v 0.829283 0.199164 -1.652000
v 0.829283 0.199164 -1.652000
v -0.829283 0.199164 -1.652000
v -0.829283 0.199164 -1.652000
v -0.555904 0.225000 -1.652000
v -0.555904 0.225000 -1.652000
v -0.514564 0.141986 -1.652000
v -0.514564 0.141986 -1.652000
v -0.182672 0.148892 -1.652000
v 0.182672 0.148892 -1.652000
v 0.514564 0.141986 -1.652000
v 0.514564 0.141986 -1.652000
v 0.555904 0.225000 -1.652000
v 0.555904 0.225000 -1.652000
v -0.613848 0.141341 -1.652000
v -0.613848 0.141341 -1.652000
v -0.613848 0.141341 -1.652000
v -0.671793 0.161525 -1.652000
v -0.671793 0.161525 -1.652000
v -0.771338 0.178979 -1.652000
v 0.771338 0.178979 -1.652000
v 0.671793 0.161525 -1.652000
v 0.671793 0.161525 -1.652000
v 0.613848 0.141341 -1.652000
v 0.613848 0.141341 -1.652000
v 0.613848 0.141341 -1.652000
v -0.610000 0.225000 1.230000
v -0.280000 0.225000 1.880000
v -0.610000 0.225000 0.000000
v -0.610000 0.225000 -1.230000
v -0.280000 0.225000 -1.230000
v -0.610000 0.225000 -1.652000
v -0.610000 0.225000 -1.652000
v -0.610000 0.225000 -1.652000
v -0.610000 0.225000 -1.700000
v -0.610000 0.225000 -1.700000
v -0.280000 0.225000 -1.652000
v -0.280000 0.225000 -1.652000
v 0.280000 0.225000 1.230000
v -0.280000 0.225000 1.230000
v -0.280000 0.225000 0.000000
v 0.280000 0.225000 0.000000
v 0.280000 0.225000 -1.652000
v 0.280000 0.225000 -1.652000
v 0.280000 0.225000 -1.230000
v -0.280000 0.225000 -1.700000
v 0.280000 0.225000 -1.700000
v 0.280000 0.225000 1.880000
v 0.610000 0.225000 0.000000
v 0.610000 0.225000 1.230000
v 0.610000 0.225000 -1.230000
v 0.610000 0.225000 -1.700000
v 0.610000 0.225000 -1.700000
v 0.610000 0.225000 -1.652000
v 0.610000 0.225000 -1.652000
v 0.610000 0.225000 -1.652000
v -0.745000 0.280000 1.450000
v -0.745000 0.280000 1.010000
v -0.610000 0.280000 1.010000
v -0.610000 0.280000 1.450000
v 0.610000 0.280000 1.450000
v 0.610000 0.280000 1.010000
v 0.745000 0.280000 1.010000
v 0.745000 0.280000 1.450000
v -0.745000 0.280000 -1.010000
v -0.745000 0.280000 -1.450000
v -0.610000 0.280000 -1.450000
v -0.610000 0.280000 -1.010000
v 0.610000 0.280000 -1.010000
v 0.610000 0.280000 -1.450000
v 0.745000 0.280000 -1.450000
v 0.745000 0.280000 -1.010000
v 0.220000 0.120000 -1.190000
v 0.220000 0.120000 -1.190000
v 0.220000 0.120000 -1.190000
v -0.220000 0.240000 -0.760000
v -0.220000 0.240000 -0.760000
v -0.220000 0.240000 -0.760000
v 0.220000 0.120000 -0.760000
v 0.220000 0.120000 -0.760000
v 0.220000 0.120000 -0.760000
v 0.220000 0.240000 -0.760000
v 0.220000 0.240000 -0.760000
v 0.220000 0.240000 -0.760000
v -0.220000 0.240000 -1.190000
v -0.220000 0.240000 -1.190000
v -0.220000 0.240000 -1.190000
v 0.220000 0.240000 -1.190000
v 0.220000 0.240000 -1.190000
v 0.220000 0.240000 -1.190000
v -0.220000 0.120000 -1.190000
v -0.220000 0.120000 -1.190000
v -0.220000 0.120000 -1.190000
v -0.220000 0.120000 -0.760000
v -0.220000 0.120000 -0.760000
v -0.220000 0.120000 -0.760000
v 0.130000 0.135000 -0.770000
v 0.130000 0.135000 -0.770000
v 0.130000 0.135000 -0.770000
v -0.130000 0.240000 -0.080000
v -0.130000 0.240000 -0.080000
v -0.130000 0.240000 -0.080000
v 0.130000 0.240000 -0.080000
v 0.130000 0.240000 -0.080000
v 0.130000 0.240000 -0.080000
v -0.130000 0.240000 -0.770000
v -0.130000 0.240000 -0.770000
v -0.130000 0.240000 -0.770000
v -0.130000 0.135000 -0.080000
v -0.130000 0.135000 -0.080000
v -0.130000 0.135000 -0.080000
v 0.130000 0.135000 -0.080000
v 0.130000 0.135000 -0.080000
v 0.130000 0.135000 -0.080000
v 0.130000 0.240000 -0.770000
v 0.130000 0.240000 -0.770000
v 0.130000 0.240000 -0.770000
v -0.130000 0.135000 -0.770000
v -0.130000 0.135000 -0.770000
v -0.130000 0.135000 -0.770000
v 0.160000 0.140000 1.080000
v 0.160000 0.140000 1.080000
v 0.160000 0.140000 1.080000
v -0.160000 0.140000 1.420000
v -0.160000 0.140000 1.420000
v -0.160000 0.140000 1.420000
v 0.160000 0.250000 1.080000
v 0.160000 0.250000 1.080000
v 0.160000 0.250000 1.080000
v -0.160000 0.250000 1.080000
v -0.160000 0.250000 1.080000
v -0.160000 0.250000 1.080000
v 0.160000 0.140000 1.420000
v 0.160000 0.140000 1.420000
v 0.160000 0.140000 1.420000
v 0.160000 0.250000 1.420000
v 0.160000 0.250000 1.420000
v 0.160000 0.250000 1.420000
v -0.160000 0.250000 1.420000
v -0.160000 0.250000 1.420000
v -0.160000 0.250000 1.420000
v -0.160000 0.140000 1.080000
v -0.160000 0.140000 1.080000
v -0.160000 0.140000 1.080000
v -0.035000 0.180000 1.120000
v -0.035000 0.180000 1.120000
v -0.035000 0.180000 1.120000
v 0.017500 0.149689 -0.080000
v 0.017500 0.149689 -0.080000
v 0.017500 0.149689 -0.080000
v -0.017500 0.149689 1.120000
v -0.017500 0.149689 1.120000
v -0.017500 0.149689 1.120000
v 0.035000 0.180000 -0.080000
v 0.035000 0.180000 -0.080000
v 0.035000 0.180000 -0.080000
v 0.035000 0.180000 1.120000
v 0.035000 0.180000 1.120000
v 0.035000 0.180000 1.120000
v 0.017500 0.149689 1.120000
v 0.017500 0.149689 1.120000
v 0.017500 0.149689 1.120000
v 0.017500 0.210311 1.120000
v 0.017500 0.210311 1.120000
v 0.017500 0.210311 1.120000
v 0.017500 0.210311 -0.080000
v 0.017500 0.210311 -0.080000
v 0.017500 0.210311 -0.080000
v -0.017500 0.210311 -0.080000
v -0.017500 0.210311 -0.080000
v -0.017500 0.210311 -0.080000
v -0.035000 0.180000 -0.080000
v -0.035000 0.180000 -0.080000
v -0.035000 0.180000 -0.080000
v -0.017500 0.149689 -0.080000
v -0.017500 0.149689 -0.080000
v -0.017500 0.149689 -0.080000
v -0.017500 0.210311 1.120000
v -0.017500 0.210311 1.120000
v -0.017500 0.210311 1.120000
v -0.720000 0.280000 1.205000
v -0.720000 0.280000 1.205000
v -0.720000 0.280000 1.205000
v -0.153305 0.176454 1.222275
v -0.153305 0.176454 1.222275
v -0.153305 0.176454 1.222275
v -0.152042 0.185448 1.250225
v -0.152042 0.185448 1.250225
v -0.152042 0.185448 1.250225
v -0.722042 0.265448 1.250225
v -0.722042 0.265448 1.250225
v -0.722042 0.265448 1.250225
v -0.723305 0.256454 1.222275
v -0.723305 0.256454 1.222275
v -0.723305 0.256454 1.222275
v -0.146695 0.223546 1.222275
v -0.146695 0.223546 1.222275
v -0.146695 0.223546 1.222275
v -0.716695 0.303546 1.222275
v -0.716695 0.303546 1.222275
v -0.716695 0.303546 1.222275
v -0.150000 0.200000 1.205000
v -0.150000 0.200000 1.205000
v -0.150000 0.200000 1.205000
v -0.147958 0.214552 1.250225
v -0.147958 0.214552 1.250225
v -0.147958 0.214552 1.250225
v -0.717958 0.294552 1.250225
v -0.717958 0.294552 1.250225
v -0.717958 0.294552 1.250225
v 0.153305 0.176454 1.237725
v 0.153305 0.176454 1.237725
v 0.153305 0.176454 1.237725
v 0.723305 0.256454 1.237725
v 0.723305 0.256454 1.237725
v 0.723305 0.256454 1.237725
v 0.717958 0.294552 1.209775
v 0.717958 0.294552 1.209775
v 0.717958 0.294552 1.209775
v 0.722042 0.265448 1.209775
v 0.722042 0.265448 1.209775
v 0.722042 0.265448 1.209775
v 0.147958 0.214552 1.209775
v 0.147958 0.214552 1.209775
v 0.147958 0.214552 1.209775
v 0.146695 0.223546 1.237725
v 0.146695 0.223546 1.237725
v 0.146695 0.223546 1.237725
v 0.720000 0.280000 1.255000
v 0.720000 0.280000 1.255000
v 0.720000 0.280000 1.255000
v 0.152042 0.185448 1.209775
v 0.152042 0.185448 1.209775
v 0.152042 0.185448 1.209775
v 0.150000 0.200000 1.255000
v 0.150000 0.200000 1.255000
v 0.150000 0.200000 1.255000
v 0.716695 0.303546 1.237725
v 0.716695 0.303546 1.237725
v 0.716695 0.303546 1.237725
v 0.275500 0.195048 -1.022852
v 0.275500 0.195048 -1.022852
v 0.275500 0.195048 -1.022852
v 0.304500 0.195048 -1.022852
v 0.304500 0.195048 -1.022852
v 0.304500 0.195048 -1.022852
v 0.304500 0.154957 -0.671897
v 0.304500 0.154957 -0.671897
v 0.319000 0.220000 -1.020000
v 0.319000 0.220000 -1.020000
v 0.319000 0.220000 -1.020000
v 0.304500 0.244952 -1.017148
v 0.304500 0.244952 -1.017148
v 0.304500 0.244952 -1.017148
v 0.275500 0.244952 -1.017148
v 0.275500 0.244952 -1.017148
v 0.275500 0.244952 -1.017148
v 0.261000 0.220000 -1.020000
v 0.261000 0.220000 -1.020000
v 0.261000 0.220000 -1.020000
v 0.261000 0.180000 -0.670000
v 0.261000 0.180000 -0.670000
v 0.275500 0.154957 -0.671897
v 0.275500 0.154957 -0.671897
v 0.275500 0.144887 -0.360289
v 0.275500 0.144887 -0.360289
v 0.319000 0.180000 -0.670000
v 0.319000 0.180000 -0.670000
v 0.304500 0.205043 -0.668103
v 0.304500 0.205043 -0.668103
v 0.319000 0.170000 -0.360000
v 0.319000 0.170000 -0.360000
v 0.275500 0.205043 -0.668103
v 0.275500 0.205043 -0.668103
v 0.275500 0.195113 -0.359711
v 0.275500 0.195113 -0.359711
v 0.261000 0.170000 -0.360000
v 0.261000 0.170000 -0.360000
v 0.261012 0.170000 0.200820
v 0.261012 0.170000 0.200820
v 0.304500 0.144887 -0.360289
v 0.304500 0.144887 -0.360289
v 0.304494 0.144885 0.199590
v 0.304494 0.144885 0.199590
v 0.304500 0.195113 -0.359711
v 0.304500 0.195113 -0.359711
v 0.275506 0.144885 0.200410
v 0.275506 0.144885 0.200410
v 0.318988 0.170000 0.199180
v 0.318988 0.170000 0.199180
v 0.304494 0.195115 0.199590
v 0.304494 0.195115 0.199590
v 0.334322 0.195110 0.697682
v 0.334322 0.195110 0.697682
v 0.275506 0.195115 0.200410
v 0.275506 0.195115 0.200410
v 0.305555 0.195110 0.701349
v 0.305555 0.195110 0.701349
v 0.305678 0.144890 0.702318
v 0.305678 0.144890 0.702318
v 0.334445 0.144890 0.698651
v 0.334445 0.144890 0.698651
v 0.406277 0.164899 1.224754
v 0.406277 0.164899 1.224754
v 0.348767 0.170000 0.696334
v 0.348767 0.170000 0.696334
v 0.434173 0.164899 1.216829
v 0.434173 0.164899 1.216829
v 0.405827 0.215101 1.223171
v 0.405827 0.215101 1.223171
v 0.291233 0.170000 0.703666
v 0.291233 0.170000 0.703666
v 0.392104 0.190000 1.227925
v 0.392104 0.190000 1.227925
v 0.556863 0.174894 1.586171
v 0.556863 0.174894 1.586171
v 0.556863 0.174894 1.586171
v 0.596769 0.200000 1.568846
v 0.596769 0.200000 1.568846
v 0.596769 0.200000 1.568846
v 0.447896 0.190000 1.212075
v 0.447896 0.190000 1.212075
v 0.433723 0.215101 1.215246
v 0.433723 0.215101 1.215246
v 0.556368 0.225106 1.584983
v 0.556368 0.225106 1.584983
v 0.556368 0.225106 1.584983
v 0.543231 0.200000 1.591154
v 0.543231 0.200000 1.591154
v 0.543231 0.200000 1.591154
v 0.583632 0.174894 1.575017
v 0.583632 0.174894 1.575017
v 0.583632 0.174894 1.575017
v 0.583137 0.225106 1.573829
v 0.583137 0.225106 1.573829
v 0.583137 0.225106 1.573829
v 0.290000 0.125000 -0.470000
v 0.290000 0.125000 -0.470000
v 0.220000 0.175000 -0.470000
v 0.220000 0.175000 -0.470000
v 0.220000 0.175000 -0.470000
v 0.290000 0.225000 -0.470000
v 0.290000 0.225000 -0.470000
v 0.339497 0.210355 -0.470000
v 0.339497 0.210355 -0.470000
v 0.360000 0.175000 -0.760000
v 0.360000 0.175000 -0.760000
v 0.360000 0.175000 -0.760000
v 0.339497 0.210355 -0.760000
v 0.339497 0.210355 -0.760000
v 0.290000 0.225000 -0.760000
v 0.290000 0.225000 -0.760000
v 0.220000 0.175000 -0.760000
v 0.220000 0.175000 -0.760000
v 0.220000 0.175000 -0.760000
v 0.290000 0.125000 -0.760000
v 0.290000 0.125000 -0.760000
v 0.339497 0.139645 -0.760000
v 0.339497 0.139645 -0.760000
v 0.240503 0.210355 -0.470000
v 0.240503 0.210355 -0.470000
v 0.240503 0.210355 -0.760000
v 0.240503 0.210355 -0.760000
v 0.240503 0.139645 -0.470000
v 0.240503 0.139645 -0.470000
v 0.240503 0.139645 -0.760000
v 0.240503 0.139645 -0.760000
v 0.339497 0.139645 -0.470000
v 0.339497 0.139645 -0.470000
v 0.360000 0.175000 -0.470000
v 0.360000 0.175000 -0.470000
v 0.360000 0.175000 -0.470000
v 0.362175 0.132574 0.420000
v 0.362175 0.132574 0.420000
v 0.227825 0.132574 0.420000
v 0.227825 0.132574 0.420000
v 0.295000 0.235000 -0.020000
v 0.295000 0.235000 -0.020000
v 0.390000 0.175000 0.420000
v 0.390000 0.175000 0.420000
v 0.390000 0.175000 0.420000
v 0.362175 0.217426 0.420000
v 0.362175 0.217426 0.420000
v 0.362175 0.217426 -0.020000
v 0.362175 0.217426 -0.020000
v 0.295000 0.235000 0.420000
v 0.295000 0.235000 0.420000
v 0.227825 0.217426 -0.020000
v 0.227825 0.217426 -0.020000
v 0.227825 0.217426 0.420000
v 0.227825 0.217426 0.420000
v 0.200000 0.175000 -0.020000
v 0.200000 0.175000 -0.020000
v 0.200000 0.175000 -0.020000
v 0.200000 0.175000 0.420000
v 0.200000 0.175000 0.420000
v 0.200000 0.175000 0.420000
v 0.295000 0.115000 0.420000
v 0.295000 0.115000 0.420000
v 0.227825 0.132574 -0.020000
v 0.227825 0.132574 -0.020000
v 0.295000 0.115000 -0.020000
v 0.295000 0.115000 -0.020000
v 0.390000 0.175000 -0.020000
v 0.390000 0.175000 -0.020000
v 0.390000 0.175000 -0.020000
v 0.362175 0.132574 -0.020000
v 0.362175 0.132574 -0.020000
v 0.686066 0.151967 1.970000
v 0.686066 0.151967 1.970000
v 0.473934 0.258033 1.970000
v 0.473934 0.258033 1.970000
v 0.730000 0.205000 1.970000
v 0.730000 0.205000 1.970000
v 0.730000 0.205000 1.970000
v 0.686066 0.258033 1.540000
v 0.686066 0.258033 1.540000
v 0.686066 0.151967 1.540000
v 0.686066 0.151967 1.540000
v 0.686066 0.258033 1.970000
v 0.686066 0.258033 1.970000
v 0.580000 0.280000 1.540000
v 0.580000 0.280000 1.540000
v 0.580000 0.280000 1.970000
v 0.580000 0.280000 1.970000
v 0.473934 0.258033 1.540000
v 0.473934 0.258033 1.540000
v 0.430000 0.205000 1.970000
v 0.430000 0.205000 1.970000
v 0.430000 0.205000 1.970000
v 0.473934 0.151967 1.970000
v 0.473934 0.151967 1.970000
v 0.430000 0.205000 1.540000
v 0.430000 0.205000 1.540000
v 0.430000 0.205000 1.540000
v 0.473934 0.151967 1.540000
v 0.473934 0.151967 1.540000
v 0.580000 0.130000 1.970000
v 0.580000 0.130000 1.970000
v 0.580000 0.130000 1.540000
v 0.580000 0.130000 1.540000
v 0.730000 0.205000 1.540000
v 0.730000 0.205000 1.540000
v 0.730000 0.205000 1.540000
v 0.510000 0.200000 1.910000
v 0.510000 0.200000 1.910000
v 0.510000 0.200000 2.120000
v 0.510000 0.200000 2.120000
v 0.521716 0.171716 1.910000
v 0.521716 0.171716 1.910000
v 0.550000 0.160000 1.910000
v 0.550000 0.160000 1.910000
v 0.550000 0.160000 2.120000
v 0.550000 0.160000 2.120000
v 0.578284 0.171716 1.910000
v 0.578284 0.171716 1.910000
v 0.590000 0.200000 1.910000
v 0.590000 0.200000 1.910000
v 0.578284 0.171716 2.120000
v 0.578284 0.171716 2.120000
v 0.590000 0.200000 2.120000
v 0.590000 0.200000 2.120000
v 0.578284 0.228284 1.910000
v 0.578284 0.228284 1.910000
v 0.578284 0.228284 2.120000
v 0.578284 0.228284 2.120000
v 0.550000 0.240000 1.910000
v 0.550000 0.240000 1.910000
v 0.521716 0.228284 1.910000
v 0.521716 0.228284 1.910000
v 0.550000 0.240000 2.120000
v 0.550000 0.240000 2.120000
v 0.521716 0.171716 2.120000
v 0.521716 0.171716 2.120000
v 0.521716 0.228284 2.120000
v 0.521716 0.228284 2.120000
v 0.631716 0.171716 1.910000
v 0.631716 0.171716 1.910000
v 0.660000 0.160000 1.910000
v 0.660000 0.160000 1.910000
v 0.660000 0.160000 2.120000
v 0.660000 0.160000 2.120000
v 0.688284 0.171716 1.910000
v 0.688284 0.171716 1.910000
v 0.700000 0.200000 2.120000
v 0.700000 0.200000 2.120000
v 0.688284 0.171716 2.120000
v 0.688284 0.171716 2.120000
v 0.700000 0.200000 1.910000
v 0.700000 0.200000 1.910000
v 0.688284 0.228284 1.910000
v 0.688284 0.228284 1.910000
v 0.688284 0.228284 2.120000
v 0.688284 0.228284 2.120000
v 0.660000 0.240000 1.910000
v 0.660000 0.240000 1.910000
v 0.660000 0.240000 2.120000
v 0.660000 0.240000 2.120000
v 0.631716 0.228284 1.910000
v 0.631716 0.228284 1.910000
v 0.631716 0.228284 2.120000
v 0.631716 0.228284 2.120000
v 0.620000 0.200000 2.120000
v 0.620000 0.200000 2.120000
v 0.620000 0.200000 1.910000
v 0.620000 0.200000 1.910000
v 0.631716 0.171716 2.120000
v 0.631716 0.171716 2.120000
v -0.814024 0.812005 0.833377
v -0.814030 0.811546 0.826392
v -0.871872 0.659844 0.836449
v -0.872026 0.660314 0.843430
v -0.872051 0.659483 0.843385
v -0.871847 0.660675 0.836494
v -0.853379 0.430204 0.796384
v -0.853203 0.429167 0.803504
v -0.853035 0.427218 0.802433
v -0.853651 0.432287 0.797684
v -0.824304 0.302285 0.657436
v -0.824024 0.297083 0.662235
v -0.823768 0.296214 0.660304
v -0.824535 0.303169 0.659367
v -0.793501 0.257473 0.299512
v -0.794568 0.251017 0.300259
v -0.794542 0.250995 0.299890
v -0.790156 0.259042 0.299997
v -0.805609 0.248941 -0.249998
v -0.806303 0.241086 -0.249817
v -0.806315 0.241086 -0.250020
v -0.805599 0.248936 -0.249776
v -0.821063 0.258586 -0.499757
v -0.821337 0.251602 -0.500024
v -0.821387 0.253960 -0.503191
v -0.821012 0.256228 -0.496590
v -0.842355 0.400594 -0.546617
v -0.842063 0.398575 -0.553339
v -0.842180 0.399543 -0.553528
v -0.842152 0.399655 -0.546436
v -0.868295 0.620323 -0.556481
v -0.868380 0.620011 -0.563473
v -0.868312 0.621014 -0.563373
v -0.868363 0.619320 -0.556582
v -0.798707 0.781591 -0.516612
v -0.797862 0.782266 -0.523400
v -0.541748 0.818360 -0.660971
v -0.537815 0.818181 -0.660292
v -0.497947 0.799208 -0.909851
v -0.501894 0.799291 -0.910489
v -0.501910 0.799300 -0.910360
v -0.497931 0.799199 -0.909980
v -0.467943 0.776375 -1.229992
v -0.471924 0.776454 -1.230371
v -0.471926 0.776456 -1.230338
v -0.467940 0.776372 -1.230025
v -0.448330 0.738217 -1.489679
v -0.452264 0.737766 -1.490014
v -0.452219 0.737790 -1.490322
v -0.448376 0.738193 -1.489371
v -0.398184 0.676879 -1.700275
v -0.402054 0.676459 -1.701083
v -0.402031 0.676437 -1.701163
v -0.398207 0.676900 -1.700195
v -0.358116 0.635824 -1.840884
v -0.361954 0.635295 -1.841669
v 0.813997 0.811553 0.826392
v 0.813990 0.812011 0.833377
v 0.872026 0.660314 0.843430
v 0.871872 0.659844 0.836449
v 0.871847 0.660675 0.836494
v 0.872051 0.659483 0.843385
v 0.853203 0.429167 0.803504
v 0.853379 0.430204 0.796384
v 0.853651 0.432287 0.797684
v 0.853035 0.427218 0.802433
v 0.824024 0.297083 0.662235
v 0.824304 0.302285 0.657436
v 0.824535 0.303169 0.659367
v 0.823768 0.296214 0.660304
v 0.794568 0.251017 0.300259
v 0.793501 0.257473 0.299512
v 0.793523 0.257492 0.299882
v 0.794542 0.250995 0.299890
v 0.806303 0.241086 -0.249817
v 0.805609 0.248941 -0.249989
v 0.805600 0.248936 -0.249798
v 0.806315 0.241086 -0.250020
v 0.821337 0.251602 -0.500024
v 0.821063 0.258586 -0.499757
v 0.821012 0.256228 -0.496590
v 0.821387 0.253960 -0.503191
v 0.842063 0.398575 -0.553339
v 0.842355 0.400594 -0.546617
v 0.842152 0.399655 -0.546436
v 0.842180 0.399543 -0.553528
v 0.868380 0.620011 -0.563473
v 0.868295 0.620323 -0.556481
v 0.868363 0.619320 -0.556582
v 0.868312 0.621014 -0.563373
v 0.798277 0.782258 -0.523400
v 0.799124 0.781563 -0.516612
v 0.538224 0.814908 -0.659920
v 0.542147 0.814562 -0.660521
v 0.502147 0.795314 -0.910521
v 0.498223 0.795660 -0.909920
v 0.498206 0.795650 -0.910049
v 0.502164 0.795324 -0.910393
v 0.471844 0.770903 -1.230360
v 0.467873 0.770703 -1.229973
v 0.467870 0.770701 -1.230006
v 0.471847 0.770905 -1.230326
v 0.452083 0.729590 -1.490736
v 0.448103 0.729806 -1.490483
v 0.448154 0.729878 -1.490191
v 0.452032 0.729519 -1.491027
v 0.402032 0.678620 -1.701028
v 0.398154 0.678979 -1.700191
v 0.398177 0.678998 -1.700110
v 0.402008 0.678600 -1.701109
v 0.362452 0.640439 -1.841230
v 0.359137 0.641869 -1.840815
v -0.570909 1.081588 0.911383
v -0.572759 1.079986 0.909334
v -0.652754 0.961767 1.079356
v -0.650562 0.963347 1.081373
v -0.650523 0.963501 1.080773
v -0.652793 0.961613 1.079956
v -0.682407 0.879830 1.349954
v -0.678580 0.880562 1.350457
v -0.678592 0.880599 1.349981
v -0.682395 0.879793 1.350430
v -0.652139 0.853127 1.580627
v -0.648196 0.853469 1.580165
v -0.648633 0.853596 1.579185
v -0.651701 0.852999 1.581606
v -0.481942 0.849635 1.791636
v -0.478712 0.850576 1.789536
v -0.480250 0.850578 1.788591
v -0.480503 0.849586 1.792492
v -0.000384 0.860314 1.872590
v 0.000407 0.861572 1.869097
v -0.000425 0.861570 1.869096
v 0.000374 0.860316 1.872590
v 0.480573 0.844851 1.792402
v 0.480023 0.845731 1.788647
v 0.478797 0.845727 1.789361
v 0.481799 0.844855 1.791689
v 0.651683 0.852594 1.581619
v 0.648609 0.853178 1.579199
v 0.648172 0.853042 1.580176
v 0.652120 0.852731 1.580642
v 0.682402 0.879541 1.350505
v 0.678610 0.880382 1.350091
v 0.678594 0.880327 1.350564
v 0.682418 0.879596 1.350033
v 0.652789 0.956418 1.080039
v 0.650040 0.958161 1.080879
v 0.650096 0.957987 1.081470
v 0.652733 0.956592 1.079448
v 0.572763 1.076292 0.909343
v 0.570884 1.077886 0.911400
v -0.535000 0.474425 2.182641
v -0.596063 0.471153 2.156787
v -0.535000 0.425575 2.165248
v 0.596063 0.428847 2.140690
v 0.640763 0.437788 2.117725
v 0.640763 0.462213 2.127477
v -0.642000 0.716000 2.069181
v -0.657000 0.741981 2.063777
v -0.657000 0.690019 2.056474
v -0.525500 0.694029 2.106740
v -0.509029 0.710500 2.112988
v -0.570500 0.771971 2.105534
v -0.410500 0.714761 2.133766
v -0.394761 0.730500 2.138123
v -0.469239 0.773500 2.133116
v 0.672000 0.686000 2.047052
v 0.687000 0.690019 2.037238
v 0.687000 0.741981 2.035681
v 0.548000 0.688000 2.100560
v 0.570500 0.694029 2.096214
v 0.586971 0.755500 2.095584
v 0.432000 0.709000 2.129393
v 0.453500 0.714761 2.126434
v 0.475000 0.752000 2.126871
v -0.153000 0.826000 2.181738
v -0.153000 0.812000 2.182049
v -0.087000 0.812000 2.183575
v -0.073000 0.826000 2.184323
v -0.073000 0.812000 2.183898
v -0.007000 0.812000 2.185425
v 0.007000 0.812000 2.185413
v 0.073000 0.812000 2.183891
v 0.073000 0.826000 2.184320
v 0.087000 0.812000 2.183568
v 0.153000 0.812000 2.182046
v 0.153000 0.826000 2.181738
v -0.876116 0.599783 -0.755476
v -0.874639 0.630217 -0.784524
v -0.876792 0.599783 -0.784524
v -0.792779 0.414783 1.914524
v -0.795838 0.445217 1.914524
v -0.792998 0.414783 1.885476
v 0.873995 0.630217 -0.755476
v 0.876116 0.599783 -0.755476
v 0.874639 0.630217 -0.784524
v 0.795838 0.445217 1.914524
v 0.792998 0.414783 1.885476
v 0.796059 0.445217 1.885476
v -0.640763 0.462213 2.127477
v -0.657125 0.450000 2.110164
v -0.640763 0.437788 2.117725
v -0.640763 0.437788 2.117725
v -0.596063 0.428847 2.140690
v -0.640763 0.462213 2.127477
v -0.596063 0.428847 2.140690
v -0.535000 0.425575 2.165248
v -0.596063 0.471153 2.156787
v -0.640763 0.462213 2.127477
v -0.596063 0.428847 2.140690
v -0.596063 0.471153 2.156787
v -0.535000 0.425575 2.165248
v -0.473938 0.428847 2.186374
v -0.535000 0.474425 2.182641
v -0.473938 0.428847 2.186374
v -0.429237 0.437788 2.201905
v -0.473938 0.471153 2.200590
v -0.429237 0.437788 2.201905
v -0.412875 0.450000 2.210110
v -0.429237 0.462213 2.209840
v -0.429237 0.462213 2.209840
v -0.473938 0.471153 2.200590
v -0.429237 0.437788 2.201905
v -0.473938 0.471153 2.200590
v -0.535000 0.474425 2.182641
v -0.473938 0.428847 2.186374
v 0.640763 0.437788 2.117725
v 0.657125 0.450000 2.110164
v 0.640763 0.462213 2.127477
v 0.640763 0.462213 2.127477
v 0.596063 0.471153 2.156787
v 0.596063 0.428847 2.140690
v 0.596063 0.471153 2.156787
v 0.535000 0.474425 2.182641
v 0.535000 0.425575 2.165248
v 0.596063 0.428847 2.140690
v 0.596063 0.471153 2.156787
v 0.535000 0.425575 2.165248
v 0.535000 0.474425 2.182641
v 0.473938 0.471153 2.200590
v 0.473938 0.428847 2.186374
v 0.473938 0.471153 2.200590
v 0.429237 0.462213 2.209840
v 0.429237 0.437788 2.201905
v 0.429237 0.462213 2.209840
v 0.412875 0.450000 2.210110
v 0.429237 0.437788 2.201905
v 0.429237 0.437788 2.201905
v 0.473938 0.428847 2.186374
v 0.473938 0.471153 2.200590
v 0.473938 0.428847 2.186374
v 0.535000 0.425575 2.165248
v 0.535000 0.474425 2.182641
v -0.646019 0.701000 2.065536
v -0.642000 0.716000 2.069181
v -0.657000 0.690019 2.056474
v -0.642000 0.716000 2.069181
v -0.646019 0.731000 2.069059
v -0.657000 0.741981 2.063777
v -0.657000 0.741981 2.063777
v -0.672000 0.746000 2.050378
v -0.657000 0.690019 2.056474
v -0.672000 0.746000 2.050378
v -0.687000 0.741981 2.035681
v -0.672000 0.686000 2.046989
v -0.687000 0.741981 2.035681
v -0.697981 0.731000 2.027300
v -0.697981 0.701000 2.028712
v -0.697981 0.731000 2.027300
v -0.702000 0.716000 2.025091
v -0.697981 0.701000 2.028712
v -0.697981 0.701000 2.028712
v -0.687000 0.690019 2.037192
v -0.687000 0.741981 2.035681
v -0.687000 0.690019 2.037192
v -0.672000 0.686000 2.046989
v -0.687000 0.741981 2.035681
v -0.672000 0.686000 2.046989
v -0.657000 0.690019 2.056474
v -0.672000 0.746000 2.050378
v -0.509029 0.710500 2.112988
v -0.503000 0.733000 2.117662
v -0.548000 0.778000 2.115860
v -0.503000 0.733000 2.117662
v -0.509029 0.755500 2.119603
v -0.525500 0.771971 2.119767
v -0.548000 0.778000 2.115860
v -0.503000 0.733000 2.117662
v -0.525500 0.771971 2.119767
v -0.548000 0.778000 2.115860
v -0.570500 0.771971 2.105534
v -0.509029 0.710500 2.112988
v -0.570500 0.771971 2.105534
v -0.586971 0.755500 2.095584
v -0.548000 0.688000 2.100545
v -0.586971 0.755500 2.095584
v -0.593000 0.733000 2.091689
v -0.570500 0.694029 2.096214
v -0.593000 0.733000 2.091689
v -0.586971 0.710500 2.092526
v -0.570500 0.694029 2.096214
v -0.570500 0.694029 2.096214
v -0.548000 0.688000 2.100545
v -0.586971 0.755500 2.095584
v -0.548000 0.688000 2.100545
v -0.525500 0.694029 2.106740
v -0.570500 0.771971 2.105534
v -0.394761 0.730500 2.138123
v -0.389000 0.752000 2.142334
v -0.453500 0.789239 2.140549
v -0.389000 0.752000 2.142334
v -0.394761 0.773500 2.147101
v -0.432000 0.795000 2.146157
v -0.394761 0.773500 2.147101
v -0.410500 0.789239 2.148688
v -0.432000 0.795000 2.146157
v -0.432000 0.795000 2.146157
v -0.453500 0.789239 2.140549
v -0.389000 0.752000 2.142334
v -0.453500 0.789239 2.140549
v -0.469239 0.773500 2.133116
v -0.394761 0.730500 2.138123
v -0.469239 0.773500 2.133116
v -0.475000 0.752000 2.126873
v -0.432000 0.709000 2.129359
v -0.475000 0.752000 2.126873
v -0.469239 0.730500 2.125064
v -0.453500 0.714761 2.126391
v -0.432000 0.709000 2.129359
v -0.475000 0.752000 2.126873
v -0.453500 0.714761 2.126391
v -0.432000 0.709000 2.129359
v -0.410500 0.714761 2.133766
v -0.469239 0.773500 2.133116
v 0.697981 0.701000 2.028758
v 0.702000 0.716000 2.025127
v 0.697981 0.731000 2.027317
v 0.697981 0.731000 2.027317
v 0.687000 0.741981 2.035681
v 0.697981 0.701000 2.028758
v 0.687000 0.741981 2.035681
v 0.672000 0.746000 2.050378
v 0.672000 0.686000 2.047052
v 0.697981 0.701000 2.028758
v 0.687000 0.741981 2.035681
v 0.687000 0.690019 2.037238
v 0.672000 0.746000 2.050378
v 0.657000 0.741981 2.063777
v 0.657000 0.690019 2.056510
v 0.657000 0.741981 2.063777
v 0.646019 0.731000 2.069059
v 0.642000 0.716000 2.069181
v 0.657000 0.690019 2.056510
v 0.642000 0.716000 2.069181
v 0.646019 0.701000 2.065536
v 0.657000 0.741981 2.063777
v 0.642000 0.716000 2.069181
v 0.657000 0.690019 2.056510
v 0.657000 0.690019 2.056510
v 0.672000 0.686000 2.047052
v 0.672000 0.746000 2.050378
v 0.586971 0.710500 2.092526
v 0.593000 0.733000 2.091689
v 0.570500 0.694029 2.096214
v 0.593000 0.733000 2.091689
v 0.586971 0.755500 2.095584
v 0.570500 0.694029 2.096214
v 0.586971 0.755500 2.095584
v 0.570500 0.771971 2.105534
v 0.548000 0.688000 2.100560
v 0.570500 0.771971 2.105534
v 0.548000 0.778000 2.115860
v 0.509029 0.710500 2.112994
v 0.548000 0.688000 2.100560
v 0.570500 0.771971 2.105534
v 0.525500 0.694029 2.106762
v 0.548000 0.778000 2.115860
v 0.525500 0.771971 2.119767
v 0.503000 0.733000 2.117652
v 0.525500 0.771971 2.119767
v 0.509029 0.755500 2.119603
v 0.503000 0.733000 2.117652
v 0.503000 0.733000 2.117652
v 0.509029 0.710500 2.112994
v 0.548000 0.778000 2.115860
v 0.509029 0.710500 2.112994
v 0.525500 0.694029 2.106762
v 0.570500 0.771971 2.105534
v 0.469239 0.730500 2.125075
v 0.475000 0.752000 2.126871
v 0.453500 0.714761 2.126434
v 0.475000 0.752000 2.126871
v 0.469239 0.773500 2.133116
v 0.432000 0.709000 2.129393
v 0.469239 0.773500 2.133116
v 0.453500 0.789239 2.140549
v 0.394761 0.730500 2.138123
v 0.453500 0.789239 2.140549
v 0.432000 0.795000 2.146157
v 0.389000 0.752000 2.142334
v 0.394761 0.730500 2.138123
v 0.453500 0.789239 2.140549
v 0.389000 0.752000 2.142334
v 0.432000 0.795000 2.146157
v 0.410500 0.789239 2.148688
v 0.394761 0.773500 2.147101
v 0.394761 0.773500 2.147101
v 0.389000 0.752000 2.142334
v 0.432000 0.795000 2.146157
v 0.394761 0.730500 2.138123
v 0.410500 0.714761 2.133774
v 0.469239 0.773500 2.133116
v 0.410500 0.714761 2.133774
v 0.432000 0.709000 2.129393
v 0.469239 0.773500 2.133116
v -0.153000 0.826000 2.181738
v -0.087000 0.812000 2.183575
v -0.087000 0.826000 2.184000
v -0.073000 0.826000 2.184323
v -0.007000 0.812000 2.185425
v -0.007000 0.826000 2.185850
v 0.007000 0.812000 2.185413
v 0.073000 0.826000 2.184320
v 0.007000 0.826000 2.185842
v 0.087000 0.812000 2.183568
v 0.153000 0.826000 2.181738
v 0.087000 0.826000 2.183997
v -0.876936 0.605595 -0.808024
v -0.875567 0.624405 -0.808024
v -0.876442 0.615000 -0.817000
v -0.875567 0.624405 -0.808024
v -0.876792 0.599783 -0.784524
v -0.874639 0.630217 -0.784524
v -0.874639 0.630217 -0.784524
v -0.876116 0.599783 -0.755476
v -0.873995 0.630217 -0.755476
v -0.875567 0.624405 -0.808024
v -0.876936 0.605595 -0.808024
v -0.876792 0.599783 -0.784524
v -0.873995 0.630217 -0.755476
v -0.875202 0.605595 -0.731976
v -0.873885 0.624405 -0.731976
v -0.873885 0.624405 -0.731976
v -0.875202 0.605595 -0.731976
v -0.874347 0.615000 -0.723000
v -0.875202 0.605595 -0.731976
v -0.873995 0.630217 -0.755476
v -0.876116 0.599783 -0.755476
v -0.795919 0.420595 1.861976
v -0.797796 0.439405 1.861976
v -0.798125 0.430000 1.853000
v -0.797796 0.439405 1.861976
v -0.795919 0.420595 1.861976
v -0.796059 0.445217 1.885476
v -0.796059 0.445217 1.885476
v -0.792998 0.414783 1.885476
v -0.795838 0.445217 1.914524
v -0.795919 0.420595 1.861976
v -0.792998 0.414783 1.885476
v -0.796059 0.445217 1.885476
v -0.795838 0.445217 1.914524
v -0.794767 0.420595 1.938024
v -0.796662 0.439405 1.938024
v -0.796662 0.439405 1.938024
v -0.794767 0.420595 1.938024
v -0.796502 0.430000 1.947000
v -0.794767 0.420595 1.938024
v -0.795838 0.445217 1.914524
v -0.792779 0.414783 1.914524
v 0.875567 0.624405 -0.808024
v 0.876936 0.605595 -0.808024
v 0.876442 0.615000 -0.817000
v 0.876936 0.605595 -0.808024
v 0.875567 0.624405 -0.808024
v 0.876792 0.599783 -0.784524
v 0.876792 0.599783 -0.784524
v 0.874639 0.630217 -0.784524
v 0.876116 0.599783 -0.755476
v 0.875567 0.624405 -0.808024
v 0.874639 0.630217 -0.784524
v 0.876792 0.599783 -0.784524
v 0.876116 0.599783 -0.755476
v 0.873995 0.630217 -0.755476
v 0.875202 0.605595 -0.731976
v 0.875202 0.605595 -0.731976
v 0.873885 0.624405 -0.731976
v 0.874347 0.615000 -0.723000
v 0.873995 0.630217 -0.755476
v 0.873885 0.624405 -0.731976
v 0.875202 0.605595 -0.731976
v 0.797796 0.439405 1.861976
v 0.795919 0.420595 1.861976
v 0.798125 0.430000 1.853000
v 0.795919 0.420595 1.861976
v 0.796059 0.445217 1.885476
v 0.792998 0.414783 1.885476
v 0.792998 0.414783 1.885476
v 0.795838 0.445217 1.914524
v 0.792779 0.414783 1.914524
v 0.795919 0.420595 1.861976
v 0.797796 0.439405 1.861976
v 0.796059 0.445217 1.885476
v 0.792779 0.414783 1.914524
v 0.795838 0.445217 1.914524
v 0.794767 0.420595 1.938024
v 0.794767 0.420595 1.938024
v 0.796662 0.439405 1.938024
v 0.796502 0.430000 1.947000
v 0.795838 0.445217 1.914524
v 0.796662 0.439405 1.938024
v 0.794767 0.420595 1.938024
vn -0.0000 -0.0000 1.0000
vn -0.9945 -0.0000 0.1047
vn -1.0000 -0.0000 -0.0005
vn -0.9971 -0.0000 -0.0765
vn -0.9836 -0.0000 -0.1802
vn -0.4870 -0.0000 -0.8734
vn -0.2512 -0.0000 -0.9679
vn 0.2708 -0.0000 -0.9626
vn -0.2521 -0.0000 -0.9677
vn 0.6133 -0.0000 -0.7898
vn 0.3693 -0.0000 -0.9293
vn 0.9989 -0.0000 0.0472
vn 0.9996 -0.0000 -0.0272
vn 0.9848 -0.0000 0.1734
vn 0.9950 -0.0000 0.1001
vn -0.1088 0.9065 -0.4079
vn 0.1088 -0.9065 0.4079
vn -0.0000 -0.7967 0.6043
vn -0.9997 0.0025 0.0242
vn -0.9997 0.0111 0.0224
vn -0.9997 0.0127 0.0220
vn -0.0000 0.9231 -0.3845
vn 0.9997 0.0025 0.0242
vn 0.9997 0.0111 0.0224
vn 0.9997 -0.0000 0.0248
vn -0.0000 -0.5000 -0.8660
vn 0.9945 -0.0000 0.1047
vn 1.0000 -0.0000 -0.0005
vn 0.9971 -0.0000 -0.0765
vn 0.9836 -0.0000 -0.1802
vn 0.4870 -0.0000 -0.8734
vn 0.2512 -0.0000 -0.9679
vn -0.2708 -0.0000 -0.9626
vn 0.2521 -0.0000 -0.9677
vn -0.6133 -0.0000 -0.7898
vn -0.3693 -0.0000 -0.9293
vn -0.9989 -0.0000 0.0472
vn -0.9996 -0.0000 -0.0272
vn -0.9848 -0.0000 0.1734
vn -0.9950 -0.0000 0.1001
vn 0.1088 0.9065 -0.4079
vn -0.1088 -0.9065 0.4079
vn 0.9997 0.0127 0.0220
vn -0.9997 -0.0000 0.0248
vn -0.8109 -0.4477 0.3769
vn -0.9862 -0.0311 0.1624
vn -0.9875 -0.0232 0.1561
vn -0.9565 -0.0420 0.2888
vn -0.9855 -0.0574 0.1595
vn -0.9598 -0.0766 0.2701
vn -0.9878 -0.0850 0.1306
vn -0.9659 -0.0814 0.2459
vn -0.9870 -0.0049 0.1609
vn -0.9452 0.1506 0.2898
vn -0.9651 0.0151 0.2614
vn -0.9270 0.2884 0.2397
vn -0.9751 0.1445 0.1683
vn -0.7783 0.6253 -0.0569
vn -0.9083 0.3748 0.1858
vn -0.4080 0.8973 0.1685
vn -0.7385 0.6457 0.1942
vn -0.3333 0.9407 -0.0628
vn -0.0871 0.9855 0.1455
vn -0.0975 0.9951 -0.0170
vn -0.1095 0.9813 0.1582
vn -0.0932 0.9952 0.0310
vn -0.0000 -0.9989 -0.0477
vn -0.0254 -0.9985 -0.0485
vn -0.0049 -0.9988 -0.0477
vn -0.1087 0.9065 -0.4080
vn -0.1087 0.9065 -0.4079
vn -0.2360 0.9465 0.2200
vn -0.4871 0.8392 0.2417
vn -0.2591 0.9436 0.2062
vn -0.0942 0.9927 0.0753
vn -0.1728 0.9471 0.2703
vn -0.1515 0.9378 0.3123
vn -0.1129 0.9440 0.3102
vn -0.4178 0.9085 -0.0026
vn -0.8200 0.5724 0.0028
vn -0.8020 0.5967 0.0278
vn 0.1087 0.9065 -0.4080
vn 0.1088 0.9065 -0.4080
vn 0.0572 0.9590 0.2775
vn 0.4389 0.8981 0.0280
vn 0.0206 0.9786 0.2050
vn -0.1273 0.9367 0.3262
vn -0.6761 0.7285 0.1106
vn -0.6917 0.7172 0.0843
vn -0.6937 0.7196 -0.0321
vn -0.0705 0.9376 0.3404
vn -0.0417 0.9391 0.3410
vn -0.0458 0.9901 0.1330
vn 0.0024 0.9377 0.3475
vn -0.0189 0.9345 0.3553
vn 0.0397 0.9576 0.2855
vn 0.2117 0.9272 0.3089
vn 0.0387 0.9471 0.3187
vn -0.3473 0.9252 0.1529
vn -0.3808 0.9109 0.1588
vn -0.1854 0.9768 0.1076
vn 0.0248 0.9399 0.3405
vn 0.0876 0.9441 0.3178
vn 0.1084 0.9400 0.3234
vn 0.1793 0.9291 0.3236
vn 0.1453 0.9300 0.3376
vn -0.0082 -0.9992 -0.0391
vn 0.0193 -0.9987 -0.0470
vn -0.0056 -0.9992 -0.0398
vn 0.0880 0.9959 0.0202
vn 0.2358 0.9355 0.2631
vn 0.1930 0.9367 0.2921
vn 0.3123 0.8962 0.3150
vn 0.0844 0.9964 -0.0057
vn 0.0809 0.9869 0.1395
vn 0.3443 0.9371 -0.0579
vn 0.0920 0.9876 0.1273
vn 0.4056 0.8990 0.1650
vn 0.7808 0.6223 -0.0562
vn 0.9083 0.3748 0.1858
vn 0.7385 0.6457 0.1942
vn 0.9270 0.2885 0.2397
vn 0.9751 0.1445 0.1683
vn 0.9452 0.1506 0.2898
vn 0.9870 -0.0049 0.1609
vn 0.9659 -0.0817 0.2457
vn 0.9647 0.0162 0.2627
vn 0.9600 -0.0770 0.2693
vn 0.9878 -0.0850 0.1306
vn 0.9565 -0.0419 0.2888
vn 0.9855 -0.0574 0.1595
vn 0.8107 -0.4476 0.3773
vn 0.9862 -0.0311 0.1624
vn -0.9983 -0.0259 -0.0518
vn -0.9933 -0.0221 0.1133
vn -0.9635 -0.0385 0.2648
vn -0.9856 -0.1574 -0.0609
vn -0.9955 -0.0338 0.0888
vn -0.9841 0.1337 0.1170
vn -0.9170 0.3742 0.1382
vn -0.4135 0.9001 0.1374
vn -0.7401 0.6565 0.1459
vn -0.1226 0.9823 0.1419
vn -0.1490 0.9754 0.1627
vn -0.2513 0.9482 0.1944
vn 0.2582 0.9446 0.2026
vn 0.3063 0.9286 0.2094
vn 0.4532 0.8435 0.2883
vn 0.5424 0.8166 0.1973
vn 0.5628 0.7675 0.3069
vn 0.1940 0.9673 0.1634
vn 0.1011 0.9930 0.0603
vn 0.0786 0.9911 0.1077
vn 0.1233 0.9818 0.1445
vn 0.4080 0.9028 0.1357
vn 0.9170 0.3742 0.1382
vn 0.7400 0.6565 0.1460
vn 0.9841 0.1337 0.1170
vn 0.9955 -0.0338 0.0888
vn 0.9856 -0.1574 -0.0609
vn 0.9635 -0.0385 0.2648
vn 0.9875 -0.0232 0.1561
vn 0.9983 -0.0259 -0.0518
vn -0.7818 -0.0764 -0.6188
vn -0.2512 0.9482 0.1944
vn 0.3282 0.9195 0.2162
vn 0.7818 -0.0764 -0.6188
vn -0.8602 -0.4304 -0.2734
vn -0.9624 -0.2450 -0.1176
vn -0.9912 0.0992 0.0880
vn -0.9171 0.3794 0.1227
vn -0.4258 0.8969 0.1193
vn -0.7401 0.6614 0.1216
vn -0.1466 0.9796 0.1374
vn 0.0247 0.9406 0.3386
vn -0.0006 0.9881 0.1535
vn 0.0309 0.9402 0.3392
vn 0.1515 0.9795 0.1327
vn -0.2261 0.9677 0.1113
vn 0.4183 0.9006 0.1179
vn 0.9171 0.3794 0.1227
vn 0.7401 0.6614 0.1216
vn 0.9912 0.0992 0.0880
vn 0.9624 -0.2450 -0.1176
vn 0.8602 -0.4304 -0.2734
vn -0.9934 -0.1140 -0.0139
vn -0.9925 0.0764 0.0953
vn -0.9058 0.4079 0.1146
vn -0.4419 0.8916 0.0987
vn -0.7386 0.6663 0.1026
vn -0.3474 0.9252 0.1529
vn 0.2001 0.9729 0.1158
vn -0.9711 -0.2364 -0.0332
vn -0.9784 -0.1962 -0.0646
vn -0.9707 -0.2394 -0.0213
vn -0.0362 0.9416 0.3348
vn -0.0029 0.9409 0.3387
vn 0.1844 0.9761 0.1148
vn 0.4382 0.8929 0.1029
vn 0.9058 0.4079 0.1146
vn 0.7386 0.6663 0.1026
vn 0.9925 0.0764 0.0953
vn 0.9934 -0.1140 -0.0139
vn -0.9960 -0.0703 0.0558
vn -0.9844 0.1575 0.0779
vn -0.8792 0.4695 0.0812
vn -0.4608 0.8838 0.0814
vn -0.7386 0.6705 0.0699
vn -0.0385 0.9945 -0.0975
vn -0.0864 0.9107 -0.4039
vn -0.0766 0.9462 -0.3144
vn 0.0870 0.9422 -0.3235
vn 0.0540 0.9756 -0.2128
vn 0.0822 0.9117 -0.4026
vn -0.3809 0.9109 0.1588
vn 0.2864 0.9442 0.1624
vn 0.4517 0.8894 0.0697
vn 0.2296 0.9686 0.0958
vn 0.8792 0.4695 0.0812
vn 0.7386 0.6705 0.0699
vn 0.9844 0.1575 0.0779
vn 0.9960 -0.0703 0.0558
vn -0.9987 0.0466 0.0219
vn -0.9390 0.3434 0.0157
vn -0.7470 0.6648 0.0089
vn -0.5309 0.8463 0.0447
vn -0.3425 0.9208 0.1868
vn -0.4792 0.8191 0.3154
vn 0.3868 0.8849 0.2596
vn 0.2308 0.9598 0.1599
vn 0.3465 0.9267 0.1452
vn 0.4948 0.8687 0.0219
vn 0.7470 0.6648 0.0089
vn 0.9987 0.0466 0.0219
vn 0.9390 0.3434 0.0157
vn -0.9851 0.1691 -0.0321
vn -0.9987 -0.0508 -0.0102
vn -0.8673 0.4963 -0.0389
vn -0.7435 0.6677 -0.0381
vn -0.6348 0.7726 -0.0119
vn -0.5429 0.8206 0.1784
vn -0.5467 0.8173 0.1821
vn -0.5343 0.7989 0.2762
vn 0.9899 -0.0000 0.1419
vn 0.9900 -0.0000 0.1409
vn -0.5250 0.8298 0.1892
vn -0.5760 0.7879 0.2178
vn 0.5989 0.8008 -0.0032
vn 0.7421 0.6691 -0.0402
vn 0.9851 0.1691 -0.0321
vn -0.9960 0.0809 -0.0382
vn -0.9974 -0.0642 0.0319
vn -0.8922 0.4484 -0.0543
vn -0.7475 0.6624 -0.0498
vn -0.6487 0.7250 0.2314
vn -0.7038 0.6675 0.2430
vn 0.6712 0.7302 0.1277
vn 0.6382 0.7361 0.2255
vn 0.6645 0.7083 0.2381
vn 0.6669 0.7450 -0.0139
vn 0.8673 0.4963 -0.0389
vn 0.7420 0.6686 -0.0490
vn 0.8922 0.4484 -0.0543
vn 0.9987 -0.0508 -0.0102
vn 0.9960 0.0809 -0.0382
vn -0.1188 -0.8135 0.5693
vn -0.9125 -0.3417 0.2251
vn -0.3722 -0.6253 0.6859
vn -0.9956 0.0924 -0.0167
vn -0.9025 0.4286 -0.0420
vn -0.7486 0.6617 -0.0416
vn -0.7132 0.7006 -0.0241
vn -0.6008 0.7948 -0.0861
vn -0.3776 0.9185 -0.1177
vn -0.1337 0.9901 -0.0427
vn -0.1489 0.9035 -0.4018
vn -0.1411 0.9058 -0.3994
vn -0.0050 0.9884 0.1516
vn 0.0048 0.9968 0.0796
vn 0.6974 0.7164 -0.0191
vn 0.7104 0.7036 0.0166
vn -0.5102 0.8434 0.1682
vn 0.7458 0.6649 -0.0409
vn 0.9025 0.4286 -0.0420
vn 0.9974 -0.0642 0.0319
vn 0.9956 0.0924 -0.0167
vn -0.9465 -0.2412 0.2146
vn -0.2538 -0.1955 0.9473
vn -0.9964 -0.0849 -0.0070
vn -0.9917 0.1262 -0.0231
vn -0.9034 0.4274 -0.0363
vn -0.7496 0.6604 -0.0432
vn -0.7282 0.6848 -0.0264
vn 0.1089 0.9065 -0.4079
vn 0.1061 0.8949 -0.4335
vn 0.1396 0.9054 -0.4009
vn -0.8152 0.5792 -0.0080
vn -0.7906 0.6114 -0.0341
vn 0.7196 0.6884 0.0912
vn -0.7539 0.6544 0.0583
vn -0.0590 -0.0000 -0.9983
vn 0.0001 -0.0000 -1.0000
vn -0.7200 0.6780 0.1483
vn -0.7357 0.6592 0.1559
vn -0.7384 0.6719 0.0578
vn 0.1471 0.8819 -0.4479
vn 0.5246 0.3391 -0.7809
vn -0.2924 0.9208 0.2581
vn -0.5776 0.7806 0.2389
vn -0.3084 0.8915 0.3318
vn 0.0448 0.8841 -0.4652
vn -0.0125 0.9209 -0.3897
vn 0.0770 0.9560 -0.2831
vn 0.5251 0.8276 0.1984
vn 0.5465 0.8208 0.1662
vn 0.2118 0.9590 0.1882
vn 0.7036 0.6836 0.1940
vn 0.7517 0.6574 0.0523
vn 0.7564 0.6514 0.0594
vn 0.7518 0.6495 0.1135
vn 0.1087 0.9065 -0.4079
vn 0.7169 0.6967 -0.0262
vn 0.7481 0.6622 -0.0430
vn 0.9034 0.4274 -0.0363
vn 0.9125 -0.3417 0.2251
vn 0.9917 0.1262 -0.0231
vn 0.3722 -0.6253 0.6859
vn 0.9465 -0.2412 0.2146
vn -0.6195 -0.0546 0.7831
vn -0.0386 -0.0644 0.9972
vn -0.9928 -0.1066 -0.0542
vn -0.9921 -0.0936 -0.0833
vn -0.1997 0.9529 0.2282
vn -0.1620 0.9642 0.2100
vn 0.6725 0.7401 -0.0080
vn 0.0026 1.0000 -0.0065
vn 0.0019 1.0000 -0.0058
vn 0.1556 0.9656 0.2084
vn 0.9858 -0.1457 -0.0829
vn 0.9867 -0.1417 -0.0794
vn 0.9846 -0.1480 -0.0930
vn 0.2537 -0.1955 0.9473
vn 0.6195 -0.0546 0.7831
vn -0.9911 -0.1042 -0.0827
vn -0.9919 -0.0847 -0.0942
vn -0.9916 -0.1053 -0.0752
vn -0.9920 -0.1255 -0.0117
vn -0.9884 -0.1381 -0.0636
vn -0.9988 -0.0472 -0.0134
vn -0.9905 0.1351 -0.0257
vn -0.8998 0.4345 -0.0404
vn -0.7509 0.6587 -0.0479
vn -0.7475 0.6635 -0.0316
vn -0.7861 0.6153 0.0594
vn -0.7635 0.6377 0.1018
vn -0.7757 0.6277 0.0658
vn -0.7840 0.6203 0.0255
vn -0.0071 0.9732 0.2296
vn -0.0158 0.9749 0.2222
vn 0.0371 -0.0000 0.9993
vn -0.9867 -0.1417 -0.0794
vn -0.9858 -0.1457 -0.0829
vn -0.9846 -0.1480 -0.0930
vn 0.0206 0.9785 0.2050
vn -0.4969 0.8320 0.2465
vn 0.0572 0.9590 0.2776
vn 0.7831 0.6154 0.0896
vn 0.7833 0.6213 0.0226
vn 0.7730 0.6313 0.0626
vn 0.7362 0.6759 -0.0341
vn 0.7504 0.6589 -0.0515
vn 0.8990 0.4358 -0.0422
vn 0.9964 -0.0849 -0.0070
vn 0.9905 0.1351 -0.0257
vn 0.9988 -0.0472 -0.0134
vn 0.9928 -0.1066 -0.0543
vn 0.9920 -0.1255 -0.0117
vn 0.9916 -0.1053 -0.0752
vn 0.9884 -0.1381 -0.0636
vn 0.9921 -0.0936 -0.0833
vn 0.9911 -0.1042 -0.0827
vn -0.9828 -0.1807 -0.0374
vn -0.9983 -0.0557 -0.0179
vn -0.9893 0.1448 -0.0166
vn -0.8856 0.4637 -0.0276
vn -0.7849 0.6195 -0.0152
vn -0.0075 0.9805 -0.1965
vn -0.8253 0.5640 -0.0280
vn -0.8403 0.5411 -0.0331
vn 0.7922 0.6094 0.0318
vn 0.8253 0.5642 -0.0215
vn 0.8444 0.5350 0.0272
vn 0.7809 0.6243 -0.0210
vn 0.8840 0.4669 -0.0246
vn 0.9893 0.1448 -0.0166
vn 0.9983 -0.0557 -0.0179
vn 0.9828 -0.1807 -0.0374
vn -0.9828 -0.1714 -0.0686
vn -0.9846 -0.1748 -0.0032
vn -0.9697 -0.2365 -0.0616
vn -0.9973 -0.0736 -0.0074
vn -0.9775 -0.2104 -0.0132
vn -0.9887 0.1499 -0.0064
vn -0.8904 0.4551 -0.0135
vn -0.7520 0.6589 -0.0172
vn 0.8245 0.5657 -0.0144
vn 0.7783 0.6277 -0.0135
vn 0.7279 0.6853 -0.0203
vn 0.6540 0.7561 -0.0245
vn 0.7280 0.6853 -0.0203
vn -0.4796 0.8487 -0.2229
vn -0.7350 0.6596 -0.1573
vn -0.8056 0.5922 -0.0166
vn 0.7517 0.6592 -0.0183
vn 0.8904 0.4551 -0.0135
vn 0.9887 0.1499 -0.0064
vn 0.9973 -0.0736 -0.0074
vn 0.9784 -0.1962 -0.0646
vn 0.9707 -0.2394 -0.0213
vn 0.9828 -0.1714 -0.0686
vn 0.9846 -0.1748 -0.0032
vn -0.9615 -0.2668 0.0651
vn -0.9756 -0.2197 -0.0009
vn -0.9793 -0.2015 0.0203
vn -0.9682 -0.2500 -0.0028
vn -0.9974 -0.0711 0.0074
vn -0.9877 0.1566 0.0014
vn -0.8889 0.4580 -0.0066
vn -0.7490 0.6624 -0.0154
vn -0.8459 0.5330 -0.0172
vn -0.6128 0.7898 -0.0278
vn -0.8088 0.5838 -0.0714
vn 0.4011 0.8738 -0.2749
vn -0.0532 0.9463 -0.3188
vn 0.7095 0.6862 -0.1605
vn 0.7784 0.6276 -0.0135
vn 0.7500 0.6613 -0.0138
vn 0.8889 0.4580 -0.0066
vn 0.9877 0.1566 0.0014
vn 0.9756 -0.2197 -0.0009
vn 0.9793 -0.2015 0.0203
vn 0.9974 -0.0711 0.0074
vn 0.9775 -0.2104 -0.0132
vn 0.9682 -0.2500 -0.0028
vn -0.9777 -0.2014 0.0604
vn -0.9783 -0.2050 0.0293
vn -0.9830 -0.1819 0.0254
vn -0.9866 0.1631 0.0037
vn -0.9985 -0.0543 0.0117
vn -0.8907 0.4546 -0.0037
vn -0.7385 0.6742 -0.0115
vn -0.7370 0.6746 -0.0423
vn 0.9711 -0.2364 -0.0332
vn -0.5101 0.7795 -0.3636
vn -0.4910 0.7888 -0.3697
vn -0.1375 0.8805 -0.4536
vn -0.5100 0.7795 -0.3636
vn -0.3318 0.8251 -0.4573
vn -0.2575 0.8559 -0.4486
vn -0.1931 0.8869 -0.4197
vn -0.1497 0.9251 -0.3489
vn -0.1036 0.9649 -0.2412
vn -0.1497 0.9252 -0.3488
vn -0.0697 0.9711 -0.2281
vn -0.0697 0.9711 -0.2282
vn -0.0026 1.0000 -0.0065
vn -0.6725 0.7401 -0.0080
vn -0.0019 1.0000 -0.0058
vn 0.1024 0.9616 -0.2548
vn 0.1831 0.8958 -0.4050
vn -0.9954 0.0588 -0.0757
vn 0.1314 0.9120 -0.3886
vn 0.1520 0.8936 -0.4223
vn 0.2423 0.8519 -0.4644
vn 0.3097 0.8407 -0.4442
vn 0.5332 0.7697 -0.3511
vn 0.5264 0.7745 -0.3507
vn -0.0385 0.9925 0.1160
vn 0.8449 0.5347 0.0179
vn 0.8484 0.5272 -0.0482
vn 0.7684 0.6397 -0.0198
vn 0.7451 0.6668 -0.0124
vn 0.8907 0.4546 -0.0037
vn 0.9866 0.1631 0.0037
vn 0.9830 -0.1819 0.0254
vn 0.9985 -0.0543 0.0117
vn 0.9783 -0.2050 0.0293
vn 0.9973 -0.0377 0.0636
vn 0.9474 0.3160 0.0506
vn 0.9777 -0.2014 0.0604
vn -0.9973 -0.0377 0.0636
vn -0.8337 -0.5415 0.1081
vn -0.8564 -0.5055 0.1047
vn -0.9867 -0.1621 0.0109
vn -0.9845 0.1754 0.0041
vn -0.9993 -0.0358 0.0065
vn -0.9021 0.4315 -0.0033
vn -0.7374 0.6754 -0.0069
vn 0.1053 0.9074 -0.4068
vn 0.1083 0.9070 -0.4070
vn -0.8006 0.5858 -0.1257
vn -0.6007 0.7948 -0.0861
vn -0.7371 0.6745 -0.0423
vn -0.4935 0.7795 -0.3858
vn 0.9936 -0.0000 0.1131
vn 0.9923 -0.0000 0.1239
vn 0.9913 -0.0000 0.1319
vn -0.2880 0.9282 -0.2355
vn 0.3914 0.8899 -0.2341
vn 0.4304 0.8164 -0.3851
vn 0.5331 0.7697 -0.3511
vn -0.1088 0.9065 -0.4080
vn 0.6288 0.7330 -0.2594
vn -0.0623 0.9260 -0.3723
vn 0.0564 0.9374 -0.3436
vn -0.0588 0.9266 -0.3715
vn -0.0000 -0.9330 0.3599
vn 0.7412 0.6713 -0.0068
vn 0.9021 0.4315 -0.0033
vn 0.9845 0.1754 0.0041
vn 0.9867 -0.1621 0.0109
vn 0.9993 -0.0358 0.0065
vn 0.1159 0.9931 -0.0161
vn 0.1132 0.9934 -0.0161
vn -0.9880 -0.1499 0.0384
vn -0.9832 0.1823 0.0116
vn -0.9993 -0.0341 0.0151
vn -0.9051 0.4251 0.0074
vn -0.7456 0.6664 0.0026
vn -0.4843 0.8744 -0.0306
vn -0.1201 0.9791 -0.1644
vn 0.0496 0.9887 0.1418
vn -0.0232 0.9903 -0.1369
vn -0.0673 0.9234 -0.3779
vn -0.0423 0.9975 -0.0562
vn -0.0937 0.8814 -0.4630
vn 0.0288 0.9092 -0.4154
vn -0.0483 0.8580 -0.5114
vn 0.0764 0.9397 -0.3334
vn 0.0609 0.9150 -0.3989
vn 0.0335 0.1771 -0.9836
vn 0.0703 0.9343 -0.3496
vn 0.0611 0.9149 -0.3990
vn 0.0783 0.9080 -0.4117
vn 0.0783 0.9079 -0.4117
vn -0.3189 0.9394 -0.1260
vn 0.5272 0.8391 -0.1344
vn 0.5280 0.8479 0.0478
vn 0.2244 0.9744 -0.0138
vn -0.0102 0.7966 0.6044
vn 0.7476 0.6642 0.0020
vn 0.9051 0.4251 0.0074
vn 0.9832 0.1823 0.0116
vn 0.9880 -0.1499 0.0384
vn 0.9993 -0.0341 0.0151
vn 0.8564 -0.5055 0.1047
vn 0.9952 -0.0083 0.0973
vn -0.9945 -0.0436 0.0952
vn -0.9862 -0.0376 -0.1610
vn -0.9973 -0.0416 0.0606
vn -0.9935 -0.0606 0.0960
vn -0.9899 -0.0673 0.1246
vn -0.9952 -0.0083 0.0973
vn -0.9786 -0.1685 -0.1184
vn -0.9553 -0.0795 -0.2847
vn -0.9708 -0.2338 0.0540
vn -0.9989 -0.0458 0.0004
vn -0.9819 0.1891 0.0096
vn -0.9062 0.4229 0.0008
vn -0.7390 0.6737 -0.0093
vn -0.3966 0.9176 -0.0268
vn 0.0087 0.9990 -0.0437
vn 0.0622 0.9917 -0.1124
vn 0.0106 0.9915 -0.1297
vn 0.0458 0.9980 -0.0430
vn -0.0486 0.9977 -0.0481
vn 0.3993 0.9163 -0.0308
vn 0.7390 0.6737 -0.0093
vn 0.9062 0.4229 0.0008
vn 0.9819 0.1891 0.0096
vn 0.9786 -0.1685 -0.1184
vn 0.9989 -0.0458 0.0004
vn 0.9553 -0.0795 -0.2847
vn 0.9708 -0.2338 0.0540
vn 0.9935 -0.0606 0.0960
vn 0.9899 -0.0673 0.1246
vn 0.9945 -0.0436 0.0952
vn 0.9973 -0.0417 0.0606
vn 0.9862 -0.0376 -0.1610
vn -0.7209 -0.0814 -0.6882
vn -0.9910 -0.0488 0.1250
vn 0.7210 -0.0814 -0.6882
vn -0.8436 -0.4256 -0.3274
vn -0.9522 -0.2374 -0.1923
vn -0.9871 0.1592 -0.0173
vn -0.9015 0.4327 -0.0061
vn -0.7408 0.6708 -0.0369
vn -0.3939 0.9179 -0.0488
vn -0.0479 0.9973 -0.0548
vn -0.0467 0.9983 -0.0335
vn 0.0226 0.9981 -0.0572
vn 0.0478 0.9973 -0.0548
vn -0.0726 0.9960 -0.0525
vn 0.3939 0.9179 -0.0488
vn 0.7408 0.6708 -0.0369
vn 0.9015 0.4327 -0.0061
vn 0.9871 0.1592 -0.0173
vn 0.8436 -0.4256 -0.3274
vn 0.9522 -0.2374 -0.1923
vn -0.9946 -0.0611 -0.0840
vn -0.9366 0.3500 0.0189
vn -0.7360 0.6751 -0.0514
vn -0.4028 0.9130 -0.0640
vn -0.0491 0.9965 -0.0670
vn 0.0391 0.9970 -0.0672
vn 0.0491 0.9965 -0.0670
vn -0.0615 0.9961 -0.0636
vn 0.4028 0.9130 -0.0640
vn 0.7360 0.6751 -0.0514
vn 0.9946 -0.0611 -0.0840
vn 0.9366 0.3500 0.0189
vn -0.8101 0.5798 0.0864
vn -0.6996 0.7143 -0.0194
vn -0.4209 0.9027 -0.0889
vn -0.0572 0.9940 -0.0935
vn 0.0336 0.9960 -0.0825
vn -0.0466 0.9955 -0.0820
vn 0.0572 0.9940 -0.0935
vn 0.4209 0.9027 -0.0889
vn 0.6996 0.7143 -0.0194
vn -0.6512 0.7584 -0.0271
vn -0.3337 0.9396 -0.0764
vn -0.5549 0.8309 -0.0416
vn -0.0657 0.9926 -0.1020
vn 0.0119 0.9955 -0.0939
vn -0.0214 0.9953 -0.0941
vn 0.0657 0.9926 -0.1020
vn 0.3337 0.9396 -0.0764
vn 0.6512 0.7584 -0.0271
vn 0.5549 0.8309 -0.0416
vn -0.4750 0.8494 -0.2299
vn -0.6454 0.7310 -0.2214
vn -0.2650 0.9330 -0.2434
vn -0.0928 0.9661 -0.2409
vn -0.0392 0.9734 -0.2259
vn 0.0309 0.9734 -0.2271
vn 0.0154 0.9777 -0.2094
vn 0.0928 0.9661 -0.2409
vn 0.2651 0.9330 -0.2434
vn 0.4750 0.8494 -0.2299
vn 0.6454 0.7310 -0.2214
vn -0.3646 0.8580 -0.3617
vn -0.6804 0.6687 -0.3000
vn -0.1825 0.9068 -0.3799
vn -0.1089 0.9180 -0.3813
vn -0.0916 0.9236 -0.3722
vn 0.0865 0.9244 -0.3716
vn 0.1089 0.9180 -0.3813
vn 0.1825 0.9069 -0.3799
vn 0.3646 0.8580 -0.3617
vn 0.6804 0.6687 -0.3000
vn -0.9849 -0.1712 0.0257
vn -0.8898 0.4069 -0.2067
vn -0.9520 -0.2636 0.1557
vn -0.1898 0.8970 -0.3992
vn -0.6382 0.7084 -0.3013
vn -0.1109 0.9064 -0.4077
vn -0.1084 0.9069 -0.4072
vn -0.1082 0.9078 -0.4051
vn 0.1109 0.9064 -0.4077
vn 0.1898 0.8970 -0.3992
vn 0.6382 0.7084 -0.3013
vn 0.9520 -0.2636 0.1558
vn 0.8898 0.4068 -0.2068
vn 0.9849 -0.1712 0.0257
vn -0.8910 0.4125 -0.1897
vn -0.7728 -0.0604 0.6318
vn -0.7596 0.5778 -0.2987
vn -0.1477 0.9011 -0.4078
vn -0.1089 0.9065 -0.4079
vn -0.0000 0.9957 0.0922
vn -0.0000 0.9946 0.1039
vn -0.0000 0.9956 0.0935
vn 0.1086 0.9065 -0.4079
vn 0.1477 0.9010 -0.4078
vn 0.7596 0.5777 -0.2988
vn 0.8908 0.4131 -0.1892
vn 0.7728 -0.0604 0.6318
vn -0.9984 -0.0283 0.0488
vn -0.9914 -0.0237 -0.1290
vn -0.9669 -0.0495 -0.2503
vn 0.9984 -0.0283 0.0488
vn -0.9887 -0.0236 -0.1483
vn -0.9117 -0.0395 -0.4090
vn -0.9216 -0.0576 -0.3838
vn -0.9126 -0.0764 -0.4017
vn -0.5201 0.7005 -0.4886
vn 0.5175 0.7025 -0.4885
vn 0.9202 -0.0366 -0.3898
vn 0.9669 -0.0498 -0.2503
vn 0.9117 -0.0395 -0.4090
vn 0.9128 -0.0756 -0.4014
vn 0.9131 -0.0454 -0.4051
vn -0.0000 -0.1543 -0.9880
vn -0.0000 -0.3025 -0.9531
vn 0.0016 -0.3117 -0.9502
vn -0.0044 -0.5759 -0.8175
vn -0.0050 -0.5972 -0.8021
vn -0.0109 -0.8016 -0.5978
vn -0.0133 -0.8105 -0.5856
vn -0.0130 -0.9477 -0.3189
vn -0.0158 -0.9502 -0.3112
vn -0.0157 -0.9999 -0.0005
vn -0.0145 -0.9516 0.3070
vn -0.0169 -0.9999 -0.0026
vn -0.0142 -0.9474 0.3198
vn -0.0119 -0.8005 0.5992
vn -0.2537 -0.1955 0.9473
vn -0.0043 -0.5758 0.8176
vn -0.0000 -0.2588 0.9659
vn -0.9983 -0.0579 -0.0052
vn -0.9997 -0.0224 -0.0039
vn -0.9995 -0.0302 -0.0052
vn -0.0530 -0.9978 -0.0394
vn 0.0332 -0.9993 -0.0141
vn -0.0310 -0.9985 -0.0451
vn 0.2219 -0.9591 0.1756
vn 0.2150 -0.8482 0.4840
vn 0.4248 -0.6544 0.6256
vn 0.0746 -0.4730 0.8779
vn 0.0249 -0.6291 0.7769
vn 0.0078 -0.2838 0.9589
vn -0.0000 -0.1543 0.9880
vn -0.0000 -0.3040 0.9527
vn -0.0000 -0.0661 -0.9978
vn -0.0000 -0.2608 -0.9654
vn 0.0016 -0.2680 -0.9634
vn -0.0044 -0.5788 -0.8155
vn -0.0044 -0.5952 -0.8036
vn -0.0113 -0.8047 -0.5936
vn -0.0135 -0.8078 -0.5893
vn -0.0189 -0.9483 -0.3168
vn -0.0327 -0.9528 -0.3017
vn -0.0099 -0.9967 -0.0810
vn 0.0411 -0.9933 -0.1076
vn 0.0153 -0.4282 0.9036
vn 0.0442 -0.4470 0.8935
vn -0.0000 -0.2709 0.9626
vn -0.9993 -0.0376 -0.0009
vn -0.9997 -0.0230 -0.0058
vn -0.9995 -0.0324 -0.0034
vn -0.0016 -0.3117 -0.9502
vn 0.0044 -0.5759 -0.8175
vn 0.0050 -0.5972 -0.8021
vn 0.0109 -0.8016 -0.5978
vn 0.0133 -0.8105 -0.5856
vn 0.0130 -0.9477 -0.3189
vn 0.0158 -0.9502 -0.3112
vn 0.0157 -0.9999 -0.0005
vn 0.0169 -0.9999 -0.0026
vn 0.0145 -0.9516 0.3070
vn 0.0142 -0.9474 0.3198
vn 0.1188 -0.8135 0.5693
vn 0.0119 -0.8005 0.5992
vn 0.3721 -0.6253 0.6859
vn 0.0043 -0.5758 0.8176
vn 0.0386 -0.0644 0.9972
vn 0.9837 -0.1800 -0.0057
vn 0.9944 -0.1059 -0.0064
vn 0.9942 -0.1072 -0.0054
vn 0.0327 -0.9528 -0.3017
vn 0.0310 -0.9985 -0.0451
vn 0.0530 -0.9978 -0.0394
vn -0.0332 -0.9993 -0.0141
vn -0.2219 -0.9591 0.1756
vn -0.2150 -0.8482 0.4840
vn -0.4248 -0.6544 0.6256
vn -0.0746 -0.4730 0.8779
vn -0.0249 -0.6291 0.7769
vn -0.0078 -0.2838 0.9589
vn -0.0016 -0.2680 -0.9634
vn 0.0044 -0.5788 -0.8155
vn 0.0044 -0.5952 -0.8036
vn 0.0113 -0.8047 -0.5936
vn 0.0135 -0.8078 -0.5893
vn 0.0189 -0.9483 -0.3168
vn 0.0327 -0.9528 -0.3018
vn 0.0099 -0.9967 -0.0810
vn -0.0411 -0.9933 -0.1076
vn -0.0153 -0.4282 0.9036
vn 0.9996 -0.0276 -0.0082
vn 0.9998 -0.0173 -0.0083
vn 0.9997 -0.0230 -0.0058
vn -0.0084 -0.9493 0.3143
vn 0.0496 -0.9898 0.1334
vn 0.1351 -0.9889 -0.0616
vn 0.1247 -0.9883 0.0882
vn 0.2528 -0.9675 0.0031
vn 0.2520 -0.9676 0.0125
vn 0.2274 -0.9734 0.0262
vn 0.1061 -0.9911 0.0810
vn -0.1382 -0.9904 0.0058
vn 0.1205 -0.9906 -0.0645
vn 0.1615 -0.9854 -0.0545
vn -0.1452 -0.6154 0.7747
vn -0.2011 -0.5773 0.7914
vn -0.0773 -0.7319 0.6771
vn -0.0496 -0.9898 0.1335
vn 0.0096 -0.9499 0.3123
vn -0.1247 -0.9883 0.0882
vn -0.0496 -0.9898 0.1334
vn -0.1351 -0.9889 -0.0616
vn -0.2528 -0.9675 0.0031
vn -0.2520 -0.9676 0.0125
vn -0.2490 -0.9684 0.0124
vn -0.2274 -0.9734 0.0263
vn -0.1060 -0.9911 0.0810
vn 0.1382 -0.9904 0.0058
vn 0.2185 -0.9757 -0.0170
vn -0.1615 -0.9854 -0.0545
vn -0.1205 -0.9906 -0.0645
vn 0.1346 -0.9899 -0.0448
vn 0.3116 -0.8944 -0.3209
vn 0.0601 -0.9970 -0.0483
vn -0.0125 0.9936 -0.1119
vn -0.0199 0.9994 -0.0292
vn -0.0115 0.9327 -0.3604
vn -0.0378 0.9898 0.1376
vn -0.2238 0.9737 -0.0436
vn -0.2592 0.9606 -0.0998
vn -0.4791 0.8447 -0.2386
vn -0.9639 -0.1539 0.2173
vn 0.9639 -0.1539 0.2173
vn 0.4791 0.8447 -0.2386
vn 0.2677 0.9580 -0.1032
vn 0.2284 0.9726 -0.0430
vn 0.0847 -0.4287 -0.8995
vn 0.1148 -0.2483 -0.9619
vn -0.1107 -0.0808 -0.9906
vn 0.6216 0.6358 0.4577
vn -0.6663 -0.1616 -0.7279
vn -0.5714 -0.1994 -0.7961
vn -0.6314 -0.2822 -0.7223
vn -0.2822 0.7848 -0.5518
vn 0.6164 -0.1259 0.7773
vn -0.6216 0.6358 0.4577
vn 0.6979 -0.0954 -0.7098
vn 0.6314 -0.2822 -0.7223
vn 0.6676 -0.1586 -0.7275
vn 0.6940 -0.0577 -0.7176
vn 0.5855 -0.0605 -0.8084
vn 0.5810 0.1531 -0.7994
vn -0.1918 0.8955 -0.4017
vn 0.1711 0.9034 -0.3932
vn -0.1150 0.9086 -0.4015
vn -0.2019 0.5415 -0.8161
vn 0.1143 0.9089 -0.4011
vn -0.1357 0.8926 -0.4300
vn -0.1366 0.8950 -0.4246
vn -0.1846 0.8549 -0.4849
vn 0.1688 0.3603 -0.9174
vn 0.1178 0.7682 -0.6293
vn 0.1566 0.8719 -0.4639
vn 0.1346 0.8912 -0.4332
vn 0.1092 0.9065 -0.4079
vn 0.1087 0.9065 -0.4081
vn -0.7347 -0.0877 -0.6727
vn -0.9131 -0.0454 -0.4051
vn -0.6886 0.1361 -0.7122
vn -0.6980 -0.0964 -0.7096
vn -0.7369 -0.0736 -0.6720
vn -0.4664 0.5964 -0.6532
vn -0.5313 0.3363 -0.7776
vn -0.4838 -0.6224 -0.6152
vn -0.5962 -0.5979 -0.5357
vn -0.5438 0.0567 -0.8373
vn -0.6867 -0.0298 -0.7263
vn -0.1471 0.8819 -0.4480
vn -0.2374 0.8219 -0.5178
vn -0.1446 0.8787 -0.4549
vn -0.3808 0.0426 -0.9237
vn -0.3141 -0.2125 -0.9253
vn -0.2145 -0.1490 -0.9653
vn -0.3244 -0.4815 -0.8142
vn -0.4619 -0.0082 -0.8869
vn -0.3368 -0.2608 -0.9047
vn -0.4099 -0.0876 -0.9079
vn -0.5526 0.1172 -0.8252
vn -0.4843 0.2398 -0.8414
vn -0.2298 -0.5213 -0.8219
vn -0.0459 -0.5631 -0.8251
vn -0.1144 -0.8327 -0.5417
vn 0.0027 -0.8386 -0.5447
vn -0.0162 -0.7515 -0.6595
vn 0.0015 -0.6285 -0.7778
vn -0.0659 -0.7944 -0.6038
vn -0.1107 -0.0807 -0.9906
vn -0.6365 -0.0404 -0.7702
vn 0.5433 0.0567 -0.8376
vn 0.1144 -0.8312 -0.5441
vn 0.2438 -0.5460 -0.8015
vn 0.2821 -0.2541 -0.9251
vn 0.0868 -0.2812 -0.9557
vn 0.0736 -0.5611 -0.8245
vn 0.0527 -0.8092 -0.5852
vn 0.0226 -0.7619 -0.6473
vn 0.4207 0.0322 -0.9066
vn 0.3244 -0.4815 -0.8142
vn 0.2122 -0.1418 -0.9669
vn 0.3368 -0.2608 -0.9047
vn 0.4619 -0.0081 -0.8869
vn 0.4099 -0.0876 -0.9079
vn 0.5715 -0.1993 -0.7960
vn 0.5526 0.1172 -0.8252
vn 0.4764 0.2906 -0.8298
vn 0.1446 0.8787 -0.4550
vn 0.2374 0.8219 -0.5179
vn 0.4590 0.6059 -0.6498
vn 0.5962 -0.5979 -0.5357
vn 0.4838 -0.6225 -0.6152
vn 0.6905 -0.0299 -0.7228
vn 0.7347 -0.0877 -0.6727
vn 0.6886 0.1361 -0.7122
vn 0.7391 -0.0745 -0.6694
vn 0.6365 -0.0404 -0.7702
vn 0.6904 -0.0299 -0.7228
vn 0.3177 -0.9120 -0.2595
vn 0.2865 -0.9461 -0.1507
vn 0.5963 -0.5979 -0.5357
vn 0.3144 -0.9460 -0.0791
vn -0.2680 -0.9604 0.0762
vn -0.2232 -0.9680 0.1150
vn -0.6184 -0.7695 -0.1594
vn 0.0026 -0.8386 -0.5448
vn -0.0033 -0.9775 0.2108
vn -0.0162 -0.7516 -0.6594
vn -0.0338 -0.9991 0.0247
vn 0.0033 -0.9775 0.2108
vn 0.2680 -0.9604 0.0762
vn 0.2232 -0.9680 0.1150
vn -0.3144 -0.9460 -0.0791
vn -0.5962 -0.5979 -0.5358
vn -0.4838 -0.6225 -0.6152
vn -0.2865 -0.9461 -0.1507
vn -0.3177 -0.9120 -0.2595
vn -0.2909 0.9155 -0.2779
vn -0.0905 0.9860 -0.1399
vn -0.0537 0.9896 -0.1334
vn -0.0334 0.9930 -0.1129
vn -0.0782 0.9909 0.1098
vn -0.0181 0.9965 -0.0811
vn 0.0266 0.9990 -0.0351
vn -0.0182 0.9988 -0.0458
vn 0.0340 0.9931 -0.1123
vn 0.0837 0.9858 -0.1453
vn 0.2883 0.9164 -0.2776
vn -0.9428 -0.0863 0.3221
vn -0.9414 -0.1305 0.3109
vn -0.9361 0.0418 0.3492
vn -0.8949 0.1681 0.4134
vn -0.7735 -0.0447 0.6322
vn -0.8675 -0.0452 0.4953
vn -0.8950 0.0120 0.4460
vn -0.8457 -0.1898 0.4987
vn -0.8835 -0.1574 0.4412
vn -0.8958 -0.1528 0.4174
vn -0.8976 -0.0802 0.4335
vn -0.8520 0.1550 0.5000
vn -0.8400 0.1594 0.5187
vn -0.7415 -0.1083 0.6621
vn -0.5496 -0.1280 0.8256
vn -0.5106 -0.0851 0.8556
vn -0.7698 -0.0886 0.6321
vn -0.7585 -0.2279 0.6106
vn -0.5863 -0.2750 0.7620
vn -0.2997 -0.6692 0.6799
vn -0.4165 -0.2890 0.8620
vn -0.5499 -0.3429 0.7616
vn -0.4106 -0.0904 0.9073
vn -0.5031 -0.0633 0.8619
vn -0.4553 0.4160 0.7871
vn -0.4439 0.4887 0.7511
vn -0.3914 0.6132 0.6861
vn -0.3461 0.1702 0.9226
vn -0.4886 -0.6210 0.6128
vn -0.7639 -0.2596 0.5908
vn -0.7140 0.3105 0.6275
vn -0.6302 0.4598 0.6256
vn -0.6671 0.1969 0.7185
vn -0.2107 -0.7020 0.6803
vn -0.2966 -0.2897 0.9100
vn -0.3048 -0.3380 0.8904
vn -0.3342 -0.2058 0.9198
vn -0.3811 -0.0521 0.9231
vn -0.2756 -0.4234 0.8630
vn -0.2621 -0.3295 0.9070
vn -0.1911 0.1270 0.9733
vn -0.2254 0.4570 0.8604
vn -0.2085 0.6776 0.7053
vn -0.1474 -0.1527 0.9772
vn -0.2147 -0.0302 0.9762
vn 0.0116 0.4078 0.9130
vn -0.1759 -0.7437 0.6450
vn -0.2329 -0.3657 0.9011
vn -0.2479 -0.2785 0.9279
vn -0.2209 0.0072 0.9753
vn -0.2898 0.5137 0.8076
vn -0.1556 0.5855 0.7956
vn -0.0876 0.7206 0.6877
vn -0.1846 0.4155 0.8907
vn -0.2436 0.0591 0.9681
vn -0.1671 0.0722 0.9833
vn -0.1676 0.3909 0.9050
vn -0.1167 -0.3914 0.9128
vn -0.1375 -0.7690 0.6243
vn -0.0461 -0.7431 0.6676
vn -0.0494 -0.0866 0.9950
vn -0.1209 -0.2764 0.9534
vn -0.0949 0.0939 0.9910
vn -0.0664 0.5692 0.8195
vn 0.0165 -0.0239 0.9996
vn 0.0173 0.6219 0.7829
vn -0.0358 0.7651 0.6429
vn 0.0005 0.7674 0.6411
vn -0.0501 0.3449 0.9373
vn 0.0002 0.3455 0.9384
vn -0.0551 -0.1194 0.9913
vn -0.0805 0.6002 0.7958
vn -0.0735 0.7580 0.6481
vn -0.0976 0.3388 0.9358
vn -0.0973 -0.1064 0.9896
vn -0.1193 -0.2023 0.9720
vn -0.0695 0.0756 0.9947
vn -0.1452 0.4668 0.8723
vn -0.1224 0.1930 0.9735
vn -0.0756 0.4758 0.8763
vn -0.3428 -0.0920 0.9349
vn -0.3238 0.2109 0.9223
vn 0.0505 0.3438 0.9377
vn 0.0539 -0.1213 0.9912
vn -0.0009 -0.1255 0.9921
vn -0.0008 -0.1266 0.9920
vn 0.0690 0.0836 0.9941
vn 0.0436 -0.0752 0.9962
vn 0.0461 -0.7450 0.6655
vn 0.1140 -0.3968 0.9108
vn 0.1315 -0.2668 0.9547
vn 0.1153 0.0900 0.9892
vn 0.1373 -0.7690 0.6243
vn 0.0873 0.6011 0.7944
vn 0.0469 0.5624 0.8256
vn 0.0369 0.7651 0.6429
vn 0.0747 0.7578 0.6482
vn 0.0987 0.3369 0.9363
vn 0.1002 -0.1087 0.9890
vn 0.1199 -0.2019 0.9720
vn 0.1225 0.1920 0.9737
vn 0.1452 0.4668 0.8723
vn 0.0756 0.4758 0.8763
vn 0.2144 -0.0301 0.9763
vn 0.1468 -0.1521 0.9774
vn -0.0127 0.4066 0.9135
vn 0.2107 -0.7020 0.6803
vn 0.3048 -0.3380 0.8904
vn 0.2965 -0.2895 0.9101
vn 0.3342 -0.2058 0.9198
vn 0.2756 -0.4234 0.8630
vn 0.3765 -0.0478 0.9252
vn 0.2620 -0.3297 0.9070
vn 0.2149 0.6718 0.7089
vn 0.2256 0.4567 0.8605
vn 0.1910 0.1276 0.9733
vn 0.2367 -0.3690 0.8988
vn 0.1759 -0.7437 0.6450
vn 0.2435 -0.2702 0.9315
vn 0.2116 0.0031 0.9774
vn 0.1579 0.5824 0.7974
vn 0.2867 0.5153 0.8076
vn 0.0876 0.7193 0.6891
vn 0.2436 0.0591 0.9681
vn 0.1846 0.4155 0.8907
vn 0.1668 0.0721 0.9834
vn 0.1676 0.3909 0.9050
vn 0.4162 -0.2894 0.8620
vn 0.2991 -0.6689 0.6805
vn 0.5543 -0.3383 0.7605
vn 0.5886 -0.2784 0.7590
vn 0.5082 -0.0575 0.8593
vn 0.4105 -0.0900 0.9074
vn 0.4596 0.4212 0.7819
vn 0.4121 0.6038 0.6823
vn 0.4721 0.4576 0.7535
vn 0.3457 0.1702 0.9228
vn 0.7535 -0.2342 0.6143
vn 0.7690 -0.0797 0.6343
vn 0.7735 -0.0455 0.6321
vn 0.7415 -0.1083 0.6621
vn 0.5496 -0.1280 0.8256
vn 0.5106 -0.0851 0.8556
vn 0.4660 -0.6344 0.6167
vn 0.7561 -0.2545 0.6030
vn 0.7036 0.3234 0.6328
vn 0.6201 0.4711 0.6273
vn 0.6583 0.1848 0.7297
vn 0.8950 0.0112 0.4458
vn 0.8675 -0.0452 0.4953
vn 0.9435 -0.0837 0.3205
vn 0.9307 0.0423 0.3634
vn 0.9404 -0.1284 0.3148
vn 0.8888 0.1551 0.4313
vn 0.8469 -0.2008 0.4924
vn 0.8904 -0.1458 0.4312
vn 0.8965 -0.1490 0.4173
vn 0.8986 -0.0750 0.4322
vn 0.8643 0.1387 0.4835
vn 0.8407 0.1428 0.5223
vn 0.3428 -0.0920 0.9349
vn 0.3238 0.2109 0.9223
vn 0.0001 0.0354 0.9994
vn 0.0002 0.0354 0.9994
vn 0.4660 -0.6345 0.6167
vn -0.1009 -0.8729 0.4773
vn 0.2991 -0.6690 0.6804
vn 0.0133 -0.9240 0.3821
vn 0.0133 -0.9396 0.3421
vn 0.0126 -0.9530 0.3028
vn 0.0097 -0.9627 0.2704
vn 0.0052 -0.9685 0.2491
vn 0.0008 -0.9690 0.2470
vn -0.0052 -0.9685 0.2491
vn -0.0097 -0.9627 0.2703
vn -0.0126 -0.9530 0.3028
vn -0.0133 -0.9396 0.3421
vn -0.2106 -0.7020 0.6803
vn -0.0133 -0.9240 0.3821
vn 0.0980 -0.8721 0.4795
vn -0.2258 -0.1466 0.9631
vn -0.2872 -0.1677 0.9431
vn -0.5058 -0.1506 0.8494
vn -0.3428 -0.0921 0.9349
vn -0.1914 -0.1896 0.9630
vn -0.1985 -0.2295 0.9528
vn -0.1671 0.0721 0.9833
vn -0.1224 0.1929 0.9735
vn -0.0598 -0.1431 0.9879
vn -0.2130 0.8225 0.5273
vn 0.0600 -0.1449 0.9876
vn 0.1225 0.1919 0.9737
vn 0.1910 0.1275 0.9733
vn 0.1915 -0.1893 0.9631
vn 0.1668 0.0720 0.9834
vn 0.5055 -0.1495 0.8498
vn 0.3457 0.1701 0.9228
vn 0.2872 -0.1678 0.9431
vn 0.2260 -0.1460 0.9631
vn 0.1985 -0.2295 0.9528
vn 0.8951 0.0112 0.4458
vn 0.2130 0.8226 0.5272
vn -0.0000 -0.3513 0.9363
vn 0.9954 0.0588 -0.0757
vn -0.0000 -0.9994 -0.0333
vn -0.0000 -0.9996 -0.0278
vn -0.0001 -0.9994 -0.0337
vn 0.3950 0.9184 -0.0244
vn -0.9698 -0.2368 -0.0583
vn -0.9673 -0.2534 -0.0151
vn -0.9789 -0.1967 -0.0560
vn -0.9780 -0.2037 0.0453
vn -0.9791 -0.2005 0.0328
vn -0.9723 -0.2318 0.0311
vn -0.9742 -0.2175 -0.0607
vn -0.9803 -0.1882 0.0591
vn -0.9800 -0.1943 0.0426
vn -0.9828 -0.1796 0.0430
vn -0.9863 -0.1597 0.0414
vn -0.9864 -0.1524 0.0614
vn -0.9865 -0.1498 0.0656
vn 0.3186 0.9090 -0.2689
vn 0.7747 0.6034 -0.1890
vn 0.7651 0.6439 0.0020
vn 0.7788 0.5989 0.1865
vn -0.1893 -0.9615 0.1993
vn 0.0148 -0.9998 0.0109
vn 0.0129 -0.9991 -0.0407
vn -0.1051 0.4680 -0.8775
vn -0.1241 0.4926 -0.8614
vn -0.1584 0.5359 -0.8293
vn -0.0785 0.9847 -0.1554
vn -0.1455 0.9863 0.0774
vn 0.0088 0.9665 -0.2566
vn -0.1839 0.8493 0.4949
vn 0.2642 0.8101 0.5233
vn 0.3312 0.5121 0.7925
vn -0.0660 -0.5415 0.8381
vn -0.3984 -0.7297 0.5557
vn -0.0462 -0.8614 0.5058
vn -0.2357 -0.7236 -0.6487
vn 0.0323 -0.5424 -0.8395
vn 0.0157 -0.6107 -0.7917
vn -0.9865 0.0501 -0.1558
vn -0.9474 0.0932 -0.3063
vn -0.9660 0.1359 -0.2201
vn -0.0193 -0.9987 -0.0470
vn 0.0056 -0.9992 -0.0398
vn 0.0082 -0.9992 -0.0391
vn 0.0001 -0.9994 -0.0337
vn 0.9698 -0.2368 -0.0583
vn 0.9789 -0.1967 -0.0560
vn 0.9673 -0.2534 -0.0151
vn 0.9780 -0.2037 0.0453
vn 0.9723 -0.2318 0.0311
vn 0.9791 -0.2005 0.0328
vn 0.9742 -0.2175 -0.0607
vn 0.9803 -0.1882 0.0591
vn 0.9828 -0.1796 0.0430
vn 0.9800 -0.1943 0.0426
vn 0.9863 -0.1597 0.0414
vn 0.9864 -0.1524 0.0614
vn 0.9865 -0.1498 0.0656
vn -0.7788 0.5989 -0.1865
vn -0.3363 0.9417 0.0091
vn -0.2642 0.8101 -0.5233
vn -0.7510 0.6447 0.1426
vn -0.2391 -0.4184 0.8762
vn -0.0399 -0.5278 0.8484
vn -0.0795 -0.4295 0.8996
vn -0.0148 -0.9998 -0.0109
vn 0.1893 -0.9615 -0.1993
vn -0.0379 -0.9869 -0.1571
vn 0.1839 0.8493 -0.4949
vn -0.3312 0.5121 -0.7925
vn 0.0619 0.8642 0.4992
vn 0.1496 0.9731 -0.1751
vn -0.3428 0.7659 0.5439
vn 0.2294 0.4169 0.8796
vn 0.2899 -0.7854 0.5470
vn 0.2043 -0.6845 0.6998
vn 0.0660 -0.5415 -0.8381
vn 0.3984 -0.7297 -0.5557
vn 0.0462 -0.8614 -0.5058
vn 0.9474 0.0932 0.3063
vn 0.9865 0.0501 0.1558
vn 0.9859 0.0220 0.1660
vn 0.7188 0.6909 0.0771
vn 0.7357 0.6744 0.0619
vn 0.7779 0.6278 0.0285
vn 0.2024 -0.0000 0.9793
vn 0.2055 -0.0000 0.9787
vn 0.2037 -0.0000 0.9790
vn -0.1086 0.9065 -0.4079
vn 0.0049 -0.9988 -0.0477
vn 0.0254 -0.9985 -0.0485
vn -0.1089 0.9065 -0.4080
vn -0.2660 0.7920 -0.5495
vn -0.0502 0.3874 -0.9205
vn -0.2686 0.7665 -0.5834
vn -0.1162 0.7968 -0.5930
vn -0.0464 0.3835 -0.9224
vn -0.1123 0.7943 -0.5970
vn -0.0480 0.3713 -0.9273
vn -0.1146 0.7859 -0.6077
vn -0.0468 0.3662 -0.9294
vn -0.1108 0.7800 -0.6159
vn -0.0432 0.3580 -0.9327
vn -0.1134 0.7770 -0.6192
vn -0.0440 0.3554 -0.9337
vn 0.1373 0.7998 -0.5844
vn 0.0857 0.4452 -0.8913
vn 0.5043 0.7558 -0.4176
vn 0.0858 0.4451 -0.8914
vn 0.2082 0.8459 -0.4910
vn 0.5520 0.7274 -0.4076
vn 0.2221 0.8402 -0.4948
vn 0.5840 0.7097 -0.3939
vn 0.2329 0.8376 -0.4941
vn 0.5979 0.6996 -0.3913
vn 0.2582 0.8358 -0.4845
vn 0.6348 0.6639 -0.3952
vn 0.6626 0.6360 -0.3956
vn 0.9155 0.3127 -0.2530
vn 0.7269 0.5630 -0.3932
vn 0.9204 0.3086 -0.2401
vn 0.7279 0.5616 -0.3933
vn 0.9207 0.3081 -0.2396
vn 0.7287 0.5609 -0.3930
vn 0.9208 0.3077 -0.2395
vn 0.7294 0.5602 -0.3926
vn 0.9313 0.3125 -0.1872
vn 0.7480 0.5703 -0.3395
vn 0.9447 0.3237 -0.0519
vn 0.7724 0.5901 -0.2349
vn 0.9414 0.3361 0.0275
vn 0.7749 0.6075 -0.1744
vn 0.9420 0.3344 0.0288
vn 0.7753 0.6070 -0.1744
vn 0.9421 0.3341 0.0292
vn 0.7807 0.6030 -0.1636
vn 0.9440 0.3285 0.0290
vn 0.7894 0.5917 -0.1634
vn 0.9448 0.3259 0.0333
vn 0.7943 0.5876 -0.1540
vn 0.9468 0.3200 0.0334
vn 0.8029 0.5764 -0.1523
vn 0.9477 0.3170 0.0370
vn 0.8039 0.5749 -0.1524
vn 0.8134 0.3737 0.4457
vn 0.6684 0.6998 0.2519
vn 0.2684 0.3887 0.8814
vn 0.2052 0.7082 0.6755
vn -0.0438 0.3641 0.9303
vn -0.0967 0.6765 0.7301
vn -0.0475 0.3674 0.9288
vn -0.0953 0.6917 0.7159
vn -0.0472 0.3778 0.9247
vn -0.0984 0.7013 0.7061
vn -0.0487 0.3838 0.9221
vn -0.3336 0.7421 0.5814
vn -0.4327 0.7497 0.5007
vn -0.6357 0.7029 0.3191
vn -0.6061 0.7251 0.3270
vn -0.6270 0.7211 0.2946
vn -0.5953 0.7379 0.3179
vn -0.7453 0.6657 0.0376
vn -0.8788 0.4761 0.0325
vn -0.9528 0.2838 -0.1080
vn -0.8041 0.5298 -0.2697
vn -0.9491 0.2931 -0.1154
vn -0.4821 0.7768 -0.4051
vn -0.9400 0.3194 -0.1200
vn -0.4723 0.7772 -0.4157
vn -0.9362 0.3247 -0.1347
vn -0.4294 0.7952 -0.4282
vn -0.6237 0.6835 -0.3792
vn -0.3653 0.8018 -0.4730
vn -0.5868 0.7012 -0.4049
vn -0.3472 0.8047 -0.4815
vn -0.5822 0.7043 -0.4063
vn -0.3452 0.8058 -0.4812
vn -0.5752 0.7091 -0.4079
vn -0.3413 0.8076 -0.4809
vn -0.5636 0.7167 -0.4108
vn -0.3354 0.8104 -0.4803
vn -0.5600 0.7209 -0.4082
vn -0.3274 0.8125 -0.4823
vn -0.5187 0.7366 -0.4339
vn 0.1086 0.9065 -0.4080
vn -0.8007 0.5858 -0.1257
vn 0.0501 0.3874 -0.9206
vn 0.2660 0.7920 -0.5495
vn 0.2686 0.7665 -0.5834
vn 0.0464 0.3835 -0.9224
vn 0.1162 0.7968 -0.5930
vn 0.0480 0.3713 -0.9273
vn 0.1123 0.7943 -0.5970
vn 0.1146 0.7859 -0.6077
vn 0.1151 0.7862 -0.6071
vn 0.0468 0.3662 -0.9294
vn 0.1108 0.7800 -0.6159
vn 0.0432 0.3580 -0.9327
vn 0.1134 0.7770 -0.6192
vn 0.0440 0.3554 -0.9337
vn -0.1373 0.7998 -0.5844
vn -0.5043 0.7558 -0.4176
vn -0.0858 0.4452 -0.8913
vn -0.5520 0.7274 -0.4076
vn -0.2082 0.8459 -0.4910
vn -0.5840 0.7097 -0.3939
vn -0.2221 0.8402 -0.4948
vn -0.5979 0.6996 -0.3913
vn -0.2329 0.8376 -0.4941
vn -0.6348 0.6639 -0.3952
vn -0.2582 0.8358 -0.4845
vn -0.9155 0.3127 -0.2530
vn -0.6626 0.6360 -0.3956
vn -0.9204 0.3086 -0.2401
vn -0.7269 0.5630 -0.3932
vn -0.9207 0.3081 -0.2396
vn -0.7280 0.5615 -0.3934
vn -0.9208 0.3078 -0.2395
vn -0.7287 0.5609 -0.3930
vn -0.9313 0.3125 -0.1872
vn -0.7294 0.5603 -0.3925
vn -0.9447 0.3237 -0.0518
vn -0.7480 0.5703 -0.3395
vn -0.9414 0.3361 0.0275
vn -0.7724 0.5901 -0.2349
vn -0.9420 0.3345 0.0288
vn -0.7749 0.6075 -0.1744
vn -0.9420 0.3342 0.0292
vn -0.7752 0.6072 -0.1742
vn -0.9441 0.3285 0.0290
vn -0.7807 0.6032 -0.1635
vn -0.9448 0.3259 0.0332
vn -0.7894 0.5917 -0.1634
vn -0.9468 0.3200 0.0334
vn -0.7944 0.5876 -0.1540
vn -0.9477 0.3171 0.0374
vn -0.8029 0.5764 -0.1523
vn -0.8132 0.3738 0.4460
vn -0.8039 0.5749 -0.1525
vn -0.2684 0.3887 0.8814
vn -0.6684 0.6998 0.2518
vn 0.0438 0.3641 0.9303
vn -0.2052 0.7083 0.6755
vn 0.0475 0.3674 0.9288
vn 0.0967 0.6765 0.7301
vn 0.0953 0.6917 0.7159
vn 0.0994 0.6792 0.7272
vn 0.0472 0.3778 0.9247
vn 0.0984 0.7013 0.7061
vn 0.0487 0.3838 0.9221
vn 0.3336 0.7421 0.5814
vn 0.4327 0.7497 0.5007
vn 0.6357 0.7029 0.3191
vn 0.6061 0.7251 0.3270
vn 0.6270 0.7211 0.2946
vn 0.5953 0.7379 0.3179
vn 0.7453 0.6657 0.0377
vn 0.9528 0.2838 -0.1080
vn 0.7453 0.6657 0.0374
vn 0.8789 0.4760 0.0323
vn 0.9491 0.2931 -0.1154
vn 0.8041 0.5298 -0.2697
vn 0.4821 0.7768 -0.4051
vn 0.8031 0.5305 -0.2713
vn 0.9400 0.3194 -0.1200
vn 0.4723 0.7772 -0.4157
vn 0.9362 0.3247 -0.1347
vn 0.4294 0.7952 -0.4282
vn 0.6237 0.6835 -0.3792
vn 0.3653 0.8018 -0.4730
vn 0.5868 0.7012 -0.4049
vn 0.3472 0.8047 -0.4815
vn 0.5822 0.7043 -0.4063
vn 0.3452 0.8058 -0.4812
vn 0.5752 0.7091 -0.4079
vn 0.3413 0.8076 -0.4809
vn 0.5636 0.7167 -0.4108
vn 0.3354 0.8104 -0.4803
vn 0.5600 0.7209 -0.4082
vn 0.3274 0.8125 -0.4823
vn 0.5187 0.7366 -0.4339
vn 0.1263 0.8703 -0.4760
vn 0.1273 0.8695 -0.4772
vn 0.1272 0.8695 -0.4772
vn -0.0000 -0.9963 -0.0861
vn -0.0001 -0.9964 -0.0848
vn -0.0023 -0.9989 -0.0476
vn 0.3210 0.9119 0.2556
vn 0.9933 -0.0221 0.1133
vn -0.7201 0.6779 0.1482
vn 0.9901 -0.0000 0.1402
vn 0.9903 -0.0000 0.1391
vn -0.6917 0.7172 0.0844
vn -0.0001 -0.0000 -1.0000
vn 0.9158 0.1005 0.3889
vn 0.1758 0.9844 0.0063
vn 0.6832 0.7302 -0.0083
vn -0.0891 0.9774 0.1915
vn 0.9919 -0.0847 -0.0942
vn 0.4535 0.8905 -0.0366
vn 0.9697 -0.2365 -0.0616
vn 0.9615 -0.2668 0.0651
vn -0.9474 0.3160 0.0506
vn -0.6832 0.7302 -0.0083
vn -0.1759 0.9844 0.0063
vn -0.1132 0.9934 -0.0161
vn 0.8792 0.0696 0.4713
vn -0.9921 -0.0977 0.0786
vn -0.1159 0.9931 -0.0161
vn 0.1089 0.9065 -0.4080
vn -0.3575 0.9331 -0.0401
vn -0.4842 0.8744 -0.0306
vn -0.2586 0.9633 -0.0725
vn -0.0000 -0.9925 0.1222
vn -0.0000 0.9967 0.0816
vn 0.0577 0.9375 -0.3433
vn 0.8337 -0.5415 0.1081
vn 0.9921 -0.0977 0.0786
vn -0.9937 -0.0804 0.0778
vn 0.3599 0.9328 0.0191
vn 0.3914 0.8900 -0.2341
vn 0.8010 0.5978 -0.0316
vn 0.5272 0.8390 -0.1344
vn -0.3599 0.9328 0.0191
vn 0.9937 -0.0804 0.0778
vn -0.0723 0.9918 -0.1051
vn 0.0967 0.9919 -0.0826
vn -0.6549 0.7450 -0.1263
vn 0.9910 -0.0488 0.1250
vn 0.8101 0.5798 0.0864
vn 0.9914 -0.0237 -0.1290
vn 0.9887 -0.0236 -0.1483
vn -0.0142 -0.9474 0.3197
vn -0.0000 -0.0642 0.9979
vn -1.0000 -0.0059 -0.0031
vn -0.9999 -0.0146 -0.0045
vn -0.9980 -0.0628 -0.0060
vn -0.9944 -0.1059 -0.0064
vn -0.9942 -0.1072 -0.0054
vn -0.9837 -0.1800 -0.0057
vn -0.9540 -0.2998 -0.0008
vn -0.9779 -0.2093 -0.0008
vn -0.0327 -0.9528 -0.3018
vn 0.0953 -0.9634 -0.2506
vn -0.9999 -0.0139 -0.0079
vn -0.9999 -0.0063 -0.0091
vn -0.9998 -0.0173 -0.0083
vn -0.9996 -0.0276 -0.0082
vn -0.9998 -0.0205 -0.0083
vn -0.9999 -0.0106 0.0003
vn -0.9991 -0.0425 0.0004
vn -0.9997 -0.0209 -0.0155
vn 0.0142 -0.9474 0.3197
vn 0.9995 -0.0302 -0.0052
vn 0.9999 -0.0146 -0.0045
vn 0.9997 -0.0224 -0.0039
vn 1.0000 -0.0059 -0.0031
vn 0.9983 -0.0579 -0.0052
vn 0.9980 -0.0628 -0.0060
vn 0.9779 -0.2093 -0.0008
vn 0.9540 -0.2998 -0.0008
vn -0.0953 -0.9634 -0.2506
vn -0.0442 -0.4470 0.8935
vn 0.9999 -0.0063 -0.0091
vn 0.9999 -0.0139 -0.0079
vn 0.9993 -0.0376 -0.0009
vn 0.9995 -0.0324 -0.0034
vn 0.9997 -0.0209 -0.0155
vn 0.9991 -0.0425 0.0004
vn 0.9999 -0.0106 0.0003
vn 0.9998 -0.0205 -0.0083
vn -0.0000 -1.0000 -0.0000
vn 0.0137 -0.9999 -0.0039
vn 0.0208 -0.9998 -0.0000
vn -0.0000 -1.0000 -0.0057
vn -0.5797 -0.4050 -0.7070
vn -0.5666 -0.4097 -0.7149
vn -0.7055 -0.3513 -0.6155
vn -0.0137 -0.9999 -0.0039
vn -0.0208 -0.9998 -0.0000
vn 0.4742 -0.8804 -0.0000
vn 0.0496 -0.9898 0.1335
vn 0.2200 -0.9214 0.3204
vn 0.2490 -0.9684 0.0124
vn -0.2185 -0.9757 -0.0170
vn -0.2053 -0.9787 0.0057
vn -0.2065 -0.9784 0.0118
vn -0.2083 -0.9780 0.0126
vn 0.1987 -0.9799 -0.0173
vn -0.2916 -0.9557 -0.0412
vn -0.1346 -0.9899 -0.0448
vn -0.3116 -0.8944 -0.3209
vn -0.4742 -0.8804 -0.0000
vn -0.2200 -0.9214 0.3204
vn 0.2053 -0.9787 0.0057
vn 0.2065 -0.9784 0.0118
vn 0.2083 -0.9780 0.0126
vn -0.1987 -0.9799 -0.0173
vn 0.2916 -0.9557 -0.0412
vn -0.9973 -0.0702 -0.0211
vn -0.9974 -0.0580 -0.0421
vn -0.9970 -0.0459 -0.0629
vn 0.1452 -0.6154 0.7747
vn 0.0773 -0.7319 0.6771
vn 0.2011 -0.5773 0.7914
vn 0.0588 0.9980 -0.0224
vn -0.0147 0.9998 -0.0123
vn -0.5157 0.7925 -0.3255
vn 0.5157 0.7925 -0.3255
vn -0.2762 -0.5385 -0.7961
vn -0.4529 -0.5954 -0.6636
vn 0.0868 -0.2813 -0.9557
vn 0.2075 -0.5333 -0.8201
vn 0.4529 -0.5954 -0.6636
vn 0.0884 -0.4636 -0.8816
vn -0.4517 0.6946 -0.5600
vn -0.5855 -0.0605 -0.8084
vn -0.6903 -0.0576 -0.7212
vn -0.5882 0.1497 -0.7947
vn 0.4517 0.6946 -0.5600
vn 0.4619 -0.0082 -0.8869
vn 0.5715 -0.1994 -0.7960
vn 0.2822 0.7848 -0.5518
vn -0.6165 -0.1259 0.7773
vn -0.0460 -0.7431 0.6676
vn -0.0494 -0.0867 0.9950
vn 0.0436 -0.0753 0.9962
vn -0.1087 0.9065 -0.4081
vn -0.1090 0.9066 -0.4076
vn -0.1087 0.9064 -0.4081
vn -0.1086 0.9065 -0.4081
vn 0.1091 0.9066 -0.4076
vn 0.1090 0.9065 -0.4080
vn -0.1087 0.9066 -0.4079
vn 0.1087 0.9066 -0.4079
vn 0.0339 -0.9992 0.0231
vn 0.6184 -0.7695 -0.1594
vn -0.0486 0.9869 -0.1541
vn -0.0823 0.9868 -0.1392
vn -0.0000 1.0000 0.0032
vn 0.0059 0.9957 -0.0927
vn 0.0560 0.9887 -0.1391
vn 0.0800 0.9853 -0.1511
vn 0.0468 0.9867 -0.1558
vn 0.0407 -0.9679 0.2481
vn -0.0394 -0.9679 0.2481
vn 0.0001 -0.9964 -0.0848
vn -0.0000 -0.9923 -0.1240
vn 0.6155 0.4277 -0.6620
vn 0.7174 0.5855 -0.3774
vn 0.2470 -0.5259 0.8139
vn 0.0379 -0.9869 0.1571
vn 0.2334 -0.5277 -0.8167
vn -0.0708 0.4225 -0.9036
vn -0.1496 0.9731 0.1751
vn -0.2899 -0.7854 -0.5470
vn -0.9859 0.0220 -0.1660
vn -0.9988 -0.0175 0.0461
vn -0.3950 0.9184 -0.0244
vn -0.0129 -0.9991 0.0407
vn -0.2470 -0.5259 -0.8139
vn 0.9660 0.1359 0.2201
vn 0.9988 -0.0175 -0.0461
vn -0.6302 0.7742 0.0584
vn -0.7181 0.6940 -0.0522
vn -0.6846 0.7288 0.0160
vn -0.7199 0.6941 -0.0056
vn -0.7392 0.6729 0.0298
vn -0.7156 0.6983 0.0169
vn -0.4675 0.8681 0.1672
vn 0.7237 0.6858 0.0778
vn 0.7112 0.6979 0.0847
vn 0.7460 0.6632 0.0599
vn -0.5940 -0.0000 -0.8045
vn -0.5940 -0.0000 -0.8044
vn -0.1086 0.9065 -0.4080
vn 0.0590 -0.0000 -0.9983
vn 0.2006 -0.0000 0.9797
vn -0.1086 0.9066 -0.4079
vn 0.0023 -0.9989 -0.0476
vn -0.1151 0.7862 -0.6071
vn -0.0994 0.6792 0.7272
vn -0.8031 0.5305 -0.2713
vn -0.1272 0.8695 -0.4772
vn -0.1273 0.8695 -0.4772
vn -0.1273 0.8696 -0.4771
vn -0.1266 0.8708 -0.4751
vn -0.1271 0.8698 -0.4767
vn -0.1273 0.8695 -0.4773
vn -0.1273 0.8696 -0.4772
vn -0.1272 0.8695 -0.4773
vn -0.1272 0.8696 -0.4770
vn -0.1274 0.8695 -0.4771
vn 0.0378 -0.0000 0.9993
vn 0.8789 0.4760 0.0325
vn 0.1270 0.8697 -0.4769
vn 0.1267 0.8704 -0.4758
vn 0.1271 0.8697 -0.4769
vn 0.1273 0.8695 -0.4773
vn 0.1272 0.8696 -0.4771
vn 0.1274 0.8695 -0.4773
vn 0.1273 0.8696 -0.4772
vn 0.5797 -0.4050 -0.7070
vn 0.5666 -0.4097 -0.7149
vn 0.4840 -0.4357 -0.7589
vn -0.0601 -0.9970 -0.0483
vn 0.9973 -0.0702 -0.0211
vn 0.9974 -0.0580 -0.0421
vn 0.9966 -0.0824 -0.0000
vn -0.0000 1.0000 -0.0000
vn 1.0000 -0.0000 -0.0000
vn -0.0000 -0.0000 -1.0000
vn -1.0000 -0.0000 -0.0000
vn -0.8660 -0.5000 -0.0000
vn 0.8660 -0.5000 -0.0000
vn 0.8660 0.5000 -0.0000
vn -0.8660 0.5000 -0.0000
vn -0.0817 -0.5821 -0.8090
vn -0.1322 -0.9418 0.3090
vn 0.1322 0.9418 0.3090
vn 0.0817 0.5821 -0.8090
vn 0.9903 -0.1390 -0.0000
vn -0.9903 0.1390 -0.0000
vn 0.0817 -0.5821 0.8090
vn 0.1322 -0.9418 -0.3090
vn -0.1322 0.9418 -0.3090
vn -0.0817 0.5821 0.8090
vn -0.9903 -0.1390 -0.0000
vn 0.9903 0.1390 -0.0000
vn -0.8660 -0.4968 -0.0568
vn -0.8660 -0.4987 -0.0364
vn -0.0000 -0.9935 -0.1135
vn -0.0000 -0.9973 -0.0730
vn 0.8660 -0.4968 -0.0568
vn 0.8660 -0.4987 -0.0364
vn 0.8660 -0.4987 -0.0365
vn 0.8660 0.4968 0.0568
vn 0.8660 0.4987 0.0364
vn 0.8660 0.4987 0.0365
vn -0.0000 0.9935 0.1136
vn -0.0000 0.9973 0.0730
vn -0.8660 0.4968 0.0568
vn -0.8660 0.4987 0.0364
vn -0.8660 -0.4999 -0.0080
vn -0.8660 -0.4999 -0.0081
vn -0.0000 -0.9999 -0.0162
vn 0.8660 -0.4999 -0.0080
vn 0.8660 0.4999 0.0080
vn -0.0000 0.9999 0.0161
vn -0.8660 0.4999 0.0080
vn -0.8660 0.4999 0.0081
vn -0.8656 -0.5000 0.0260
vn 0.8656 -0.5000 -0.0259
vn 0.8657 -0.5000 -0.0259
vn 0.8660 0.4999 0.0081
vn 0.8656 0.5000 -0.0259
vn -0.8656 0.5000 0.0260
vn -0.8581 -0.4999 0.1174
vn -0.8580 -0.5000 0.1174
vn 0.0024 -0.9998 0.0188
vn 0.0025 -0.9998 0.0188
vn 0.8605 -0.4998 -0.0985
vn 0.8605 -0.4999 -0.0986
vn 0.8581 0.4999 -0.1173
vn -0.0024 0.9998 -0.0188
vn -0.8657 0.5000 0.0259
vn -0.8605 0.4998 0.0987
vn -0.8248 -0.4993 0.2651
vn -0.8252 -0.4993 0.2642
vn 0.0086 -0.9995 0.0304
vn 0.0087 -0.9995 0.0306
vn 0.8337 -0.5002 -0.2340
vn 0.8580 0.5000 -0.1173
vn 0.8248 0.4993 -0.2654
vn -0.0025 0.9998 -0.0188
vn -0.0086 0.9995 -0.0305
vn -0.8338 0.5002 0.2338
vn -0.8336 0.5001 0.2345
vn -0.7947 -0.4996 0.3449
vn 0.0098 -0.9997 0.0238
vn 0.8335 -0.5001 -0.2348
vn 0.8042 -0.4999 -0.3216
vn 0.7944 0.4995 -0.3455
vn 0.7943 0.4998 -0.3454
vn -0.0098 0.9997 -0.0238
vn -0.0099 0.9997 -0.0238
vn -0.8045 0.4999 0.3209
vn -0.8045 0.4998 0.3209
vn -0.0000 0.1135 -0.9935
vn 0.3845 0.0256 0.9228
vn 0.6182 0.7860 -0.0000
vn 0.8651 0.5017 -0.0000
vn -0.6182 0.7860 -0.0000
vn -0.8651 0.5017 -0.0000
vn -0.6182 -0.7860 -0.0000
vn -0.8651 -0.5017 -0.0000
vn 0.6182 -0.7860 -0.0000
vn 0.8651 -0.5017 -0.0000
vn 0.5836 0.8121 -0.0000
vn 0.8362 0.5484 -0.0000
vn -0.5836 0.8121 -0.0000
vn -0.8362 0.5484 -0.0000
vn -0.5836 -0.8121 -0.0000
vn -0.8362 -0.5484 -0.0000
vn 0.5836 -0.8121 -0.0000
vn 0.8362 -0.5484 -0.0000
vn 0.5155 0.8569 -0.0000
vn 0.7701 0.6380 -0.0000
vn -0.5155 0.8569 -0.0000
vn -0.7701 0.6380 -0.0000
vn -0.5155 -0.8569 -0.0000
vn -0.7701 -0.6380 -0.0000
vn 0.5155 -0.8569 -0.0000
vn 0.7701 -0.6380 -0.0000
vn -0.7071 -0.7071 -0.0000
vn 0.7071 -0.7071 -0.0000
vn 0.7071 0.7071 -0.0000
vn -0.7071 0.7071 -0.0000
vn -0.4840 -0.4357 -0.7589
vn -0.9966 -0.0824 -0.0000
vn 0.3290 -0.9443 -0.0000
vn -0.3290 -0.9443 -0.0000
vn 0.7055 -0.3513 -0.6155
vn 0.9970 -0.0459 -0.0629
vn -0.8660 -0.4987 -0.0365
vn -0.8660 0.4987 0.0365
vn 0.8660 -0.4999 -0.0081
vn -0.8604 0.4999 0.0987
vn 0.8251 0.4993 -0.2645
vn -0.0087 0.9995 -0.0306
vn -0.7945 -0.4998 0.3449
vn 0.0099 -0.9997 0.0238
vn 0.8042 -0.4998 -0.3216
vn -0.0000 0.1136 -0.9935
vn -0.9346 0.3549 -0.0230
vn -0.9341 0.3542 -0.0438
vn -0.9341 0.3542 -0.0444
vn -0.9964 -0.0744 -0.0412
vn -0.9966 -0.0819 0.0117
vn -0.9963 -0.0742 -0.0423
vn -0.9847 -0.1665 -0.0516
vn -0.9879 -0.1311 -0.0828
vn -0.9880 -0.1302 -0.0836
vn -0.9912 -0.1150 -0.0660
vn -0.9837 0.1472 -0.1035
vn -0.9908 -0.1181 -0.0655
vn -0.8797 0.4752 0.0159
vn -0.9955 0.0926 0.0197
vn -0.9959 0.0884 0.0197
vn -0.9941 0.0877 0.0635
vn -0.9973 0.0378 0.0631
vn -0.9940 0.0887 0.0635
vn -0.9892 -0.1141 0.0924
vn -0.9900 -0.1409 0.0022
vn -0.9899 -0.1417 -0.0005
vn -0.9931 -0.1174 0.0060
vn -0.9930 -0.1172 0.0170
vn -0.9930 -0.1172 0.0172
vn -0.9207 0.3812 0.0841
vn -0.9104 0.4079 -0.0688
vn -0.9206 0.3804 0.0879
vn 0.0566 0.9962 -0.0667
vn 0.0325 0.9969 -0.0710
vn 0.0322 0.9970 -0.0710
vn 0.0317 0.9972 -0.0681
vn 0.0264 0.9973 -0.0687
vn 0.0263 0.9973 -0.0687
vn 0.0308 0.9892 -0.1431
vn -0.0984 0.9832 -0.1539
vn -0.0997 0.9830 -0.1540
vn -0.0297 0.9579 -0.2856
vn -0.0434 0.9565 -0.2886
vn -0.0435 0.9564 -0.2887
vn -0.0423 0.9555 -0.2918
vn -0.0698 0.9521 -0.2979
vn -0.0418 0.9556 -0.2917
vn 0.9346 0.3550 -0.0230
vn 0.9341 0.3544 -0.0438
vn 0.9346 0.3550 -0.0223
vn 0.9964 -0.0744 -0.0413
vn 0.9966 -0.0819 0.0117
vn 0.9965 -0.0821 0.0127
vn 0.9847 -0.1665 -0.0516
vn 0.9879 -0.1311 -0.0828
vn 0.9846 -0.1674 -0.0509
vn 0.9912 -0.1150 -0.0660
vn 0.9837 0.1472 -0.1035
vn 0.9831 0.1504 -0.1039
vn 0.9878 0.1543 0.0193
vn 0.9958 0.0890 0.0197
vn 0.9877 0.1549 0.0193
vn 0.9941 0.0878 0.0635
vn 0.9973 0.0378 0.0631
vn 0.9973 0.0368 0.0631
vn 0.9892 -0.1141 0.0924
vn 0.9900 -0.1409 0.0022
vn 0.9890 -0.1133 0.0951
vn 0.9931 -0.1174 0.0060
vn 0.9930 -0.1172 0.0170
vn 0.9931 -0.1174 0.0058
vn 0.9215 0.3793 0.0836
vn 0.9114 0.4059 -0.0683
vn 0.9108 0.4065 -0.0720
vn 0.0741 0.9933 -0.0883
vn 0.0736 0.9938 -0.0828
vn -0.0561 0.9958 -0.0723
vn -0.0571 0.9958 -0.0722
vn -0.0619 0.9865 -0.1518
vn 0.0425 0.9865 -0.1581
vn 0.0435 0.9865 -0.1582
vn 0.0371 0.9691 -0.2437
vn 0.0343 0.9618 -0.2715
vn 0.3347 0.8840 -0.3263
vn 0.3395 0.8820 -0.3269
vn -0.7263 0.6752 0.1293
vn -0.6780 0.7134 0.1771
vn -0.7267 0.6748 0.1288
vn -0.6610 0.7338 0.1569
vn -0.2174 0.9405 0.2611
vn -0.6642 0.7311 0.1557
vn -0.1883 0.9722 0.1394
vn -0.0726 0.9896 0.1242
vn -0.1896 0.9719 0.1396
vn -0.1105 0.9883 0.1051
vn -0.1790 0.9710 0.1586
vn -0.1796 0.9708 0.1590
vn -0.0627 0.9681 0.2424
vn -0.0749 0.9436 0.3226
vn -0.0627 0.9682 0.2420
vn 0.0845 0.9440 0.3190
vn 0.0679 0.9734 0.2187
vn 0.0846 0.9438 0.3194
vn 0.1569 0.9743 0.1614
vn 0.0978 0.9885 0.1155
vn 0.1575 0.9742 0.1618
vn 0.0646 0.9899 0.1261
vn 0.1982 0.9702 0.1391
vn 0.0632 0.9900 0.1260
vn 0.2175 0.9448 0.2450
vn 0.5618 0.8088 0.1739
vn 0.5646 0.8070 0.1731
vn 0.5985 0.7600 0.2535
vn 0.7234 0.6761 0.1397
vn 0.7246 0.6751 0.1384
vn -0.9346 0.3549 -0.0224
vn -0.9965 -0.0821 0.0127
vn -0.9846 -0.1674 -0.0509
vn -0.9831 0.1504 -0.1039
vn -0.8780 0.4784 0.0159
vn -0.9973 0.0368 0.0631
vn -0.9890 -0.1133 0.0951
vn -0.9931 -0.1174 0.0057
vn -0.9099 0.4084 -0.0726
vn 0.0569 0.9962 -0.0666
vn 0.0321 0.9892 -0.1429
vn -0.0296 0.9579 -0.2855
vn -0.0703 0.9520 -0.2980
vn 0.9340 0.3544 -0.0444
vn 0.9963 -0.0742 -0.0424
vn 0.9880 -0.1302 -0.0835
vn 0.9908 -0.1181 -0.0655
vn 0.9959 0.0884 0.0197
vn 0.9940 0.0887 0.0635
vn 0.9899 -0.1417 -0.0005
vn 0.9930 -0.1172 0.0172
vn 0.9214 0.3785 0.0875
vn 0.0746 0.9938 -0.0829
vn -0.0629 0.9864 -0.1517
vn 0.0295 0.9623 -0.2704
vn -0.6776 0.7137 0.1775
vn -0.2141 0.9411 0.2616
vn -0.0713 0.9897 0.1240
vn -0.1099 0.9884 0.1046
vn -0.0750 0.9434 0.3230
vn 0.0678 0.9736 0.2182
vn 0.0972 0.9886 0.1150
vn 0.1997 0.9699 0.1393
vn 0.2148 0.9453 0.2454
vn 0.5972 0.7606 0.2545
vn -0.3559 -0.3134 0.8804
vn 0.4828 -0.3247 0.8133
vn -0.5131 -0.1195 0.8500
vn -0.2409 -0.1242 0.9626
vn -0.1413 -0.1304 0.9813
vn 0.5426 0.0251 0.8396
vn 0.2008 -0.0438 0.9787
vn 0.1634 -0.1059 0.9809
vn -0.0231 0.0221 0.9995
vn -0.0231 -0.0304 0.9993
vn 0.0230 -0.0307 0.9993
vn 0.0230 0.0220 0.9995
vn -0.9972 0.0706 0.0232
vn -0.9950 -0.1000 0.0075
vn -0.9973 -0.0695 -0.0221
vn 0.9950 -0.1000 0.0075
vn -0.5767 -0.3029 0.7587
vn -0.4828 -0.3247 0.8133
vn -0.3673 -0.3308 0.8693
vn -0.4763 -0.3127 0.8218
vn -0.2943 -0.3206 0.9003
vn -0.2567 -0.3079 0.9161
vn -0.2392 -0.3000 0.9235
vn -0.2504 -0.2992 0.9208
vn -0.2836 -0.3055 0.9090
vn 0.5767 -0.3029 0.7587
vn 0.4763 -0.3127 0.8218
vn 0.3559 -0.3134 0.8804
vn 0.3673 -0.3308 0.8693
vn 0.2836 -0.3055 0.9090
vn 0.2504 -0.2992 0.9208
vn 0.2392 -0.3000 0.9235
vn 0.2567 -0.3079 0.9161
vn 0.2943 -0.3206 0.9003
vn -0.6223 -0.0234 0.7824
vn -0.5374 -0.1372 0.8321
vn -0.6778 -0.1023 0.7281
vn -0.6937 -0.0406 0.7191
vn -0.6292 0.0365 0.7764
vn -0.5866 0.0381 0.8090
vn -0.5963 0.0233 0.8024
vn -0.5421 0.0244 0.8400
vn -0.5246 -0.0480 0.8500
vn -0.1896 -0.1507 0.9702
vn -0.1030 -0.1129 0.9883
vn -0.2139 -0.1754 0.9610
vn -0.3507 -0.2410 0.9049
vn -0.3897 -0.1583 0.9072
vn -0.3228 -0.0768 0.9434
vn -0.2470 -0.0302 0.9685
vn -0.2001 -0.0436 0.9788
vn -0.2335 -0.1199 0.9649
vn -0.1194 -0.1599 0.9799
vn -0.1725 -0.2571 0.9509
vn -0.1862 -0.2811 0.9414
vn -0.1773 -0.2617 0.9487
vn -0.2043 -0.2434 0.9482
vn -0.2592 -0.2046 0.9439
vn -0.2220 -0.1406 0.9649
vn -0.1642 -0.1075 0.9806
vn -0.1600 -0.1492 0.9758
vn 0.5861 0.0389 0.8093
vn 0.6289 0.0373 0.7766
vn 0.6938 -0.0399 0.7190
vn 0.5959 0.0240 0.8027
vn 0.6777 -0.1018 0.7282
vn 0.5374 -0.1372 0.8321
vn 0.6202 -0.0243 0.7841
vn 0.5124 -0.1189 0.8505
vn 0.5237 -0.0472 0.8506
vn 0.2471 -0.0302 0.9685
vn 0.3228 -0.0768 0.9434
vn 0.3898 -0.1582 0.9072
vn 0.3507 -0.2409 0.9050
vn 0.2339 -0.1198 0.9649
vn 0.2139 -0.1756 0.9609
vn 0.1036 -0.1135 0.9881
vn 0.1889 -0.1503 0.9704
vn 0.2406 -0.1237 0.9627
vn 0.2238 -0.1405 0.9645
vn 0.2598 -0.2045 0.9438
vn 0.2043 -0.2434 0.9482
vn 0.1773 -0.2617 0.9487
vn 0.1194 -0.1599 0.9799
vn 0.1862 -0.2811 0.9414
vn 0.1725 -0.2571 0.9509
vn 0.1411 -0.1301 0.9814
vn 0.1592 -0.1483 0.9761
vn -0.0342 -0.0303 0.9990
vn -0.0231 -0.0303 0.9993
vn 0.0230 -0.0306 0.9993
vn 0.0342 -0.0306 0.9989
vn 0.9971 -0.0726 -0.0212
vn 0.9973 -0.0706 -0.0219
vn 0.9973 -0.0695 -0.0221
vn -0.9971 0.0726 0.0240
vn -0.9973 0.0698 0.0219
vn -0.9973 0.0698 0.0218
vn -0.9973 0.0695 0.0216
vn 0.9854 0.0984 -0.1392
vn -0.9903 -0.0989 0.0977
vn 0.9902 0.0996 -0.0984
vn 0.9932 0.1000 0.0595
vn 0.9912 0.0998 0.0869
vn 0.9932 0.0998 0.0594
vn -0.9971 -0.0726 -0.0212
vn 0.9971 0.0726 0.0240
vn 0.9972 0.0706 0.0232
vn -0.9973 -0.0706 -0.0219
vn 0.9973 0.0695 0.0216
vn 0.9973 0.0698 0.0218
vn 0.9973 0.0698 0.0219
vn -0.9854 0.0984 -0.1392
vn -0.9902 0.0996 -0.0984
vn 0.9903 -0.0989 0.0977
vn -0.9932 0.0998 0.0594
vn -0.9912 0.0998 0.0869
vn -0.9932 0.1000 0.0595
vt 0.343750 0.937500
vt 0.031250 0.937500
vt 0.012656 0.855469
vt 0.005859 0.837656
vt 0.005859 0.724844
vt 0.012656 0.707031
vt 0.112344 0.707031
vt 0.119141 0.724844
vt 0.119141 0.837656
vt 0.112344 0.855469
vt 0.093750 0.937500
vt 0.156250 0.937500
vt 0.995117 0.978516
vt 0.507812 0.242505
vt 0.589736 0.270406
vt 0.591302 0.242851
vt 0.507812 0.297522
vt 0.507812 0.269978
vt 0.507812 0.879564
vt 0.530231 0.907306
vt 0.530451 0.879750
vt 0.507812 0.907998
vt 0.530516 0.932164
vt 0.507812 0.853757
vt 0.591388 0.879750
vt 0.591451 0.852194
vt 0.591167 0.907306
vt 0.992188 0.242505
vt 0.910264 0.270406
vt 0.992188 0.269978
vt 0.992188 0.297522
vt 0.992188 0.853757
vt 0.969549 0.879750
vt 0.992188 0.879564
vt 0.969769 0.907306
vt 0.992188 0.907998
vt 0.908612 0.879750
vt 0.908833 0.907306
vt 0.969484 0.932164
vt 0.556874 0.109401
vt 0.518551 0.158941
vt 0.577110 0.158941
vt 0.577110 0.181234
vt 0.577110 0.359578
vt 0.518668 0.381872
vt 0.577110 0.381872
vt 0.525988 0.451228
vt 0.578715 0.563808
vt 0.516587 0.736084
vt 0.577110 0.790578
vt 0.922890 0.181234
vt 0.981449 0.158941
vt 0.922890 0.158941
vt 0.922890 0.359578
vt 0.981332 0.381872
vt 0.983729 0.359578
vt 0.922890 0.381872
vt 0.974012 0.451228
vt 0.921270 0.563810
vt 0.968401 0.513153
vt 0.922890 0.790578
vt 0.983413 0.736084
vt 0.234375 0.550781
vt 0.203313 0.554007
vt 0.200207 0.667969
vt 0.133282 0.823773
vt 0.189598 0.773379
vt 0.172815 0.855469
vt 0.887947 0.040072
vt 0.860358 0.109401
vt 0.887947 0.109401
vt 0.860358 0.034133
vt 0.832768 0.109401
vt 0.832768 0.030454
vt 0.805179 0.109401
vt 0.794018 0.027061
vt 0.777590 0.109401
vt 0.750765 0.026159
vt 0.722411 0.109401
vt 0.705993 0.027038
vt 0.694821 0.109401
vt 0.667232 0.030454
vt 0.667232 0.109401
vt 0.639642 0.034133
vt 0.639642 0.109401
vt 0.612053 0.040072
vt 0.612053 0.109401
vt 0.281250 0.937500
vt 0.591353 0.297962
vt 0.591452 0.932164
vt 0.908698 0.242851
vt 0.908647 0.297962
vt 0.908549 0.852194
vt 0.908548 0.932164
vt 0.516271 0.359578
vt 0.531599 0.513153
vt 0.531397 0.575078
vt 0.527000 0.622141
vt 0.521591 0.681589
vt 0.510876 0.790578
vt 0.943126 0.109401
vt 0.968603 0.575078
vt 0.973000 0.622141
vt 0.978409 0.681589
vt 0.989124 0.790578
vt 0.178464 0.564758
vt 0.170690 0.608903
vt 0.173805 0.656142
vt 0.268543 0.667969
vt 0.294945 0.656142
vt 0.290286 0.564758
vt 0.298060 0.608903
vt 0.265437 0.554007
vt 0.235749 0.822120
vt 0.244141 0.779792
vt 0.227358 0.769531
vt 0.777589 0.026270
vt 0.722411 0.026270
vt 0.577110 0.270406
vt 0.670641 0.109401
vt 0.577110 0.109401
vt 0.577110 0.575078
vt 0.670641 0.270406
vt 0.577110 0.879750
vt 0.670641 0.575078
vt 0.577110 0.984280
vt 0.670641 0.879750
vt 0.829359 0.109401
vt 0.829359 0.270406
vt 0.829359 0.575078
vt 0.670641 0.984280
vt 0.829359 0.879750
vt 0.922890 0.109401
vt 0.922890 0.270406
vt 0.922890 0.575078
vt 0.829359 0.984280
vt 0.922890 0.879750
vt 0.538848 0.324900
vt 0.577110 0.215912
vt 0.538848 0.215912
vt 0.922890 0.324900
vt 0.961152 0.215912
vt 0.922890 0.215912
vt 0.538848 0.934244
vt 0.577110 0.825256
vt 0.538848 0.825256
vt 0.922890 0.934244
vt 0.961152 0.825256
vt 0.922890 0.825256
vt 0.812354 0.869842
vt 0.687646 0.763331
vt 0.687646 0.869842
vt 0.812354 0.763331
vt 0.786845 0.765808
vt 0.713155 0.594894
vt 0.713155 0.765808
vt 0.786845 0.594894
vt 0.795348 0.307561
vt 0.704652 0.223343
vt 0.704652 0.307561
vt 0.795348 0.223343
vt 0.995117 0.994141
vt 0.922890 0.984280
vt 0.577110 0.324900
vt 0.961152 0.324900
vt 0.577110 0.934244
vt 0.961152 0.934244
vt 0.406250 0.937500
vt 0.363281 0.667969
vt 0.336914 0.663259
vt 0.363281 0.597656
vt 0.389648 0.602366
vt 0.408951 0.615234
vt 0.408951 0.650391
vt 0.494141 0.636719
vt 0.477539 0.663782
vt 0.477539 0.609655
vt 0.481445 0.893522
vt 0.490739 0.912109
vt 0.456055 0.981478
vt 0.446761 0.962891
vt 0.460938 0.605469
vt 0.468750 0.886719
vt 0.490739 0.962891
vt 0.494141 0.937500
vt 0.468750 0.937500
vt 0.450677 0.605469
vt 0.471198 0.667969
vt 0.471198 0.605469
vt 0.450677 0.667969
vt 0.317612 0.650391
vt 0.310547 0.632812
vt 0.317612 0.615234
vt 0.336914 0.602366
vt 0.389648 0.602366
vt 0.389648 0.663259
vt 0.416016 0.632812
vt 0.389648 0.663259
vt 0.336914 0.663259
vt 0.336914 0.602366
vt 0.489692 0.621094
vt 0.489692 0.652344
vt 0.460938 0.667969
vt 0.444336 0.663782
vt 0.432183 0.652344
vt 0.432183 0.621094
vt 0.427734 0.636719
vt 0.444336 0.609655
vt 0.468750 0.988281
vt 0.481445 0.981478
vt 0.443359 0.937500
vt 0.456055 0.893522
vt 0.446761 0.912109
vt 0.487799 0.617405
vt 0.487799 0.656032
vt 0.434076 0.617405
vt 0.434076 0.656032
vt 0.487799 0.617405
vt 0.494141 0.636719
vt 0.487799 0.656032
vt 0.434076 0.656032
vt 0.434076 0.617405
vt 0.427734 0.636719
s 0
usemtl FD_Original_Atlas
f 1/1/1 21/1/1 24/1/1
s 1
f 6/1/2 26/1/2 28/1/3
f 8/1/4 28/1/3 31/1/5
f 10/1/6 30/1/6 33/1/7
f 15/1/8 13/1/9 33/1/7
f 17/1/10 15/1/8 34/1/11
f 20/1/12 18/1/13 37/1/13
f 3/1/14 20/1/12 39/1/15
s 0
f 35/2/16 27/2/16 38/2/16
f 7/1/17 19/1/17 5/1/17
f 45/1/18 54/1/18 42/1/18
s 1
f 46/1/19 61/1/20 58/1/21
s 0
f 51/1/22 59/1/22 48/1/22
s 1
f 43/1/23 64/1/24 52/1/25
s 0
f 47/1/1 41/1/1 50/1/1
f 56/1/26 63/1/26 53/1/26
f 70/3/26 71/4/26 72/5/26
f 73/1/1 96/1/1 93/1/1
s 1
f 77/1/27 100/1/28 98/1/27
f 79/1/29 103/1/30 100/1/28
f 81/1/31 105/1/32 102/1/31
f 87/1/33 105/1/32 84/1/34
f 89/1/35 107/1/36 87/1/33
f 92/1/37 110/1/38 90/1/38
f 75/1/39 112/1/40 92/1/37
s 0
f 106/2/41 108/2/41 99/2/41
f 80/1/42 78/1/42 91/1/42
f 117/1/18 114/1/18 126/1/18
s 1
f 118/1/23 130/1/43 133/1/24
s 0
f 123/1/22 120/1/22 131/1/22
s 1
f 115/1/19 124/1/44 136/1/20
s 0
f 119/1/1 122/1/1 113/1/1
f 128/1/26 125/1/26 135/1/26
f 142/3/26 144/5/26 143/4/26
f 1/1/1 24/1/1 4/1/1
s 1
f 6/1/2 28/1/3 8/1/4
f 8/1/4 31/1/5 11/1/5
f 10/1/6 33/1/7 13/1/9
f 15/1/8 33/1/7 34/1/11
f 17/1/10 34/1/11 36/1/10
f 20/1/12 37/1/13 39/1/15
f 3/1/14 39/1/15 22/1/14
s 0
f 40/2/16 25/2/16 23/2/16
f 25/2/16 40/2/16 27/2/16
f 27/2/16 32/2/16 29/2/16
f 40/2/16 38/2/16 27/2/16
f 32/2/16 27/2/16 35/2/16
f 2/1/17 5/1/17 19/1/17
f 19/1/17 7/1/17 16/1/17
f 7/1/17 14/1/17 16/1/17
f 14/1/17 7/1/17 12/1/17
f 12/1/17 7/1/17 9/1/17
f 45/1/18 57/1/18 54/1/18
s 1
f 46/1/19 49/1/44 61/1/20
s 0
f 51/1/22 62/1/22 59/1/22
s 1
f 43/1/23 55/1/43 64/1/24
s 0
f 47/1/1 44/1/1 41/1/1
f 56/1/26 60/1/26 63/1/26
f 72/5/26 65/6/26 70/3/26
f 65/6/26 66/7/26 70/3/26
f 66/7/26 67/8/26 68/9/26
f 68/9/26 69/10/26 66/7/26
f 69/10/26 70/3/26 66/7/26
f 73/1/1 76/1/1 96/1/1
s 1
f 77/1/27 79/1/29 100/1/28
f 79/1/29 82/1/30 103/1/30
f 81/1/31 84/1/34 105/1/32
f 87/1/33 107/1/36 105/1/32
f 89/1/35 109/1/35 107/1/36
f 92/1/37 112/1/40 110/1/38
f 75/1/39 95/1/39 112/1/40
s 0
f 111/2/41 94/2/41 97/2/41
f 97/2/41 99/2/41 111/2/41
f 99/2/41 101/2/41 104/2/41
f 111/2/41 99/2/41 108/2/41
f 104/2/41 106/2/41 99/2/41
f 74/1/42 91/1/42 78/1/42
f 91/1/42 88/1/42 80/1/42
f 80/1/42 88/1/42 86/1/42
f 86/1/42 85/1/42 80/1/42
f 85/1/42 83/1/42 80/1/42
f 117/1/18 126/1/18 129/1/18
s 1
f 118/1/23 133/1/24 121/1/25
s 0
f 123/1/22 131/1/22 134/1/22
s 1
f 115/1/19 136/1/20 127/1/21
s 0
f 119/1/1 113/1/1 116/1/1
f 128/1/26 135/1/26 132/1/26
f 144/5/26 142/3/26 137/6/26
f 137/6/26 142/3/26 138/7/26
f 138/7/26 140/9/26 139/8/26
f 140/9/26 138/7/26 141/10/26
f 141/10/26 138/7/26 142/3/26
s 1
f 973/2/45 155/2/46 977/2/47
f 145/2/48 156/2/49 155/2/46
f 1269/2/50 157/2/51 156/2/49
f 146/2/52 158/2/53 157/2/51
f 1271/2/54 158/2/53 1270/2/55
f 1220/2/56 159/2/57 1271/2/54
f 147/2/58 160/2/59 1220/2/56
f 147/2/58 470/2/60 161/2/61
f 469/2/62 810/2/63 470/2/60
f 469/2/62 471/2/64 162/2/65
f 469/2/62 162/2/65 810/2/63
f 471/2/64 148/2/66 162/2/65
f 1621/2/67 1590/2/68 1584/2/69
f 1982/2/70 1984/2/71 1727/2/70
f 792/11/72 526/11/73 473/11/74
f 793/2/75 475/2/76 148/2/66
f 795/11/77 474/11/78 476/11/76
f 310/2/79 637/2/80 641/2/81
f 526/11/73 792/11/72 476/11/76
f 2170/2/82 2216/2/83 2169/2/41
f 624/2/84 311/2/85 626/2/86
f 793/2/75 478/2/87 794/2/77
f 479/11/87 474/11/78 795/11/77
f 822/2/88 569/2/89 571/2/90
f 474/11/78 481/11/91 486/11/92
f 796/2/93 485/2/92 480/2/91
f 481/11/91 474/11/78 479/11/87
f 494/11/94 474/11/78 483/11/95
f 483/11/95 474/11/78 486/11/92
f 500/11/96 518/11/97 491/11/98
f 522/2/99 531/2/100 206/2/101
f 474/11/78 494/11/94 799/11/102
f 518/11/97 497/11/103 806/11/104
f 497/11/103 518/11/97 500/11/96
f 802/11/105 518/11/97 804/11/106
f 1518/2/107 1516/2/108 1494/2/109
f 804/11/106 518/11/97 806/11/104
f 507/2/110 502/2/111 807/2/112
f 503/11/111 518/11/97 808/11/112
f 1855/2/16 2004/2/16 2006/2/16
f 518/11/97 802/11/105 808/11/112
f 505/11/113 518/11/97 503/11/111
f 507/2/110 1217/2/114 809/2/115
f 1217/2/114 150/2/116 512/2/117
f 1217/2/114 512/2/117 809/2/115
f 150/2/116 508/2/118 512/2/117
f 151/2/119 508/2/118 150/2/116
f 151/2/119 164/2/120 163/2/121
f 1218/2/122 165/2/123 164/2/120
f 152/2/124 166/2/125 165/2/123
f 154/2/126 166/2/125 153/2/127
f 1257/2/128 167/2/129 154/2/126
f 1258/2/130 168/2/131 1257/2/128
f 992/2/132 169/2/133 1258/2/130
f 977/2/47 173/2/134 979/2/135
f 155/2/46 174/2/136 173/2/134
f 156/2/49 187/2/137 174/2/136
f 157/2/51 175/2/138 187/2/137
f 159/2/57 175/2/138 158/2/53
f 160/2/59 176/2/139 159/2/57
f 161/2/61 177/2/140 160/2/59
f 161/2/61 815/2/141 178/2/142
f 470/2/60 810/2/63 509/2/143
f 470/2/60 509/2/143 815/2/141
f 810/2/63 513/2/144 509/2/143
f 162/2/65 472/2/74 513/2/144
f 473/11/74 526/11/73 525/11/145
f 510/2/146 507/2/110 811/2/147
f 543/2/148 554/2/149 563/2/150
f 507/2/110 809/2/115 527/2/151
f 149/2/152 803/2/106 495/2/153
f 809/2/115 512/2/117 516/2/154
f 809/2/115 516/2/154 527/2/151
f 512/2/117 508/2/118 517/2/155
f 512/2/117 517/2/155 516/2/154
f 163/2/121 517/2/155 508/2/118
f 163/2/121 180/2/156 179/2/157
f 164/2/120 181/2/158 180/2/156
f 165/2/123 182/2/159 181/2/158
f 167/2/129 182/2/159 166/2/125
f 168/2/131 188/2/160 167/2/129
f 169/2/133 183/2/161 168/2/131
f 170/2/162 184/2/163 169/2/133
f 173/2/134 837/2/164 979/2/135
f 174/2/136 187/2/137 173/2/134
f 509/2/143 513/2/144 524/2/165
f 518/11/97 514/11/166 528/11/151
f 184/2/163 907/2/167 188/2/160
f 187/2/137 190/2/168 837/2/164
f 175/2/138 191/2/169 187/2/137
f 176/2/139 191/2/169 175/2/138
f 177/2/140 192/2/170 176/2/139
f 178/2/142 193/2/171 177/2/140
f 178/2/142 520/2/172 194/2/173
f 815/2/141 509/2/143 521/2/174
f 815/2/141 521/2/174 520/2/172
f 2046/2/175 1216/2/176 489/2/177
f 527/2/151 516/2/154 519/2/178
f 531/2/100 538/2/179 206/2/101
f 516/2/154 517/2/155 816/2/180
f 516/2/154 816/2/180 519/2/178
f 179/2/157 816/2/180 517/2/155
f 179/2/157 196/2/181 195/2/182
f 180/2/156 197/2/183 196/2/181
f 181/2/158 198/2/184 197/2/183
f 188/2/160 200/2/185 198/2/184
f 191/2/169 202/2/186 190/2/168
f 192/2/170 202/2/186 191/2/169
f 193/2/171 203/2/187 192/2/170
f 194/2/173 204/2/188 193/2/171
f 194/2/173 530/2/189 205/2/190
f 520/2/172 521/2/174 206/2/101
f 520/2/172 206/2/101 530/2/189
f 525/11/145 526/11/73 523/11/191
f 518/11/97 528/11/151 536/11/192
f 1474/2/193 303/2/194 1472/2/195
f 798/2/196 1216/2/176 488/2/197
f 534/2/198 535/2/192 527/2/151
f 519/2/178 816/2/180 817/2/199
f 519/2/178 817/2/199 534/2/198
f 195/2/182 817/2/199 816/2/180
f 195/2/182 208/2/200 207/2/201
f 196/2/181 209/2/202 208/2/200
f 197/2/183 211/2/203 209/2/202
f 203/2/187 214/2/204 202/2/186
f 204/2/188 215/2/205 203/2/187
f 205/2/190 216/2/206 204/2/188
f 205/2/190 218/2/207 217/2/208
f 530/2/189 206/2/101 538/2/179
f 530/2/189 538/2/179 218/2/207
f 761/2/209 766/2/210 764/2/211
f 781/2/212 370/2/213 779/2/214
f 524/2/165 521/2/174 509/2/143
f 523/11/191 526/11/73 532/11/215
f 518/11/97 536/11/192 533/11/216
f 534/2/198 817/2/199 537/2/217
f 534/2/198 537/2/217 818/2/218
f 207/2/201 537/2/217 817/2/199
f 207/2/201 220/2/219 219/2/220
f 208/2/200 221/2/221 220/2/219
f 209/2/202 224/2/222 221/2/221
f 215/2/205 226/2/223 214/2/204
f 216/2/206 227/2/224 215/2/205
f 216/2/206 228/2/225 227/2/224
f 217/2/208 539/2/226 228/2/225
f 218/2/207 538/2/179 549/2/227
f 218/2/207 549/2/227 539/2/226
f 538/2/179 531/2/100 541/2/228
f 541/2/228 549/2/227 538/2/179
f 532/11/215 526/11/73 542/11/228
f 518/11/97 553/11/229 474/11/78
f 518/11/97 533/11/216 544/11/148
f 545/2/230 555/2/231 543/2/148
f 546/11/230 544/11/148 533/11/216
f 818/2/218 537/2/217 819/2/232
f 818/2/218 819/2/232 555/2/231
f 219/2/220 819/2/232 537/2/217
f 220/2/219 229/2/233 219/2/220
f 221/2/221 232/2/234 230/2/235
f 226/2/223 236/2/236 235/2/237
f 227/2/224 237/2/238 236/2/236
f 227/2/224 238/2/239 237/2/238
f 228/2/225 557/2/240 238/2/239
f 539/2/226 549/2/227 550/2/241
f 539/2/226 550/2/241 557/2/240
f 1891/2/242 821/2/243 550/2/241
f 1890/12/244 2157/12/244 823/12/245
f 526/11/73 2158/11/246 548/11/247
f 518/11/97 544/11/148 553/11/229
f 555/2/231 819/2/232 556/2/248
f 555/2/231 556/2/248 554/2/149
f 229/2/233 556/2/248 819/2/232
f 230/2/235 239/2/249 229/2/233
f 232/2/234 241/2/250 230/2/235
f 235/2/237 248/2/251 247/2/252
f 236/2/236 249/2/253 248/2/251
f 237/2/238 250/2/254 249/2/253
f 238/2/239 571/2/90 250/2/254
f 557/2/240 550/2/241 822/2/88
f 557/2/240 822/2/88 571/2/90
f 526/11/73 560/11/255 824/11/256
f 554/2/149 579/2/257 561/2/258
f 553/11/229 564/11/150 562/11/258
f 553/11/229 562/11/258 826/11/259
f 554/2/149 556/2/248 565/2/260
f 554/2/149 565/2/260 579/2/257
f 239/2/249 565/2/260 556/2/248
f 240/2/261 251/2/262 239/2/249
f 241/2/250 252/2/263 240/2/261
f 244/2/264 253/2/265 241/2/250
f 245/2/266 259/2/267 257/2/268
f 247/2/252 260/2/269 259/2/267
f 248/2/251 261/2/270 260/2/269
f 249/2/253 262/2/271 261/2/270
f 250/2/254 827/2/272 262/2/271
f 724/2/273 355/2/274 364/2/275
f 2177/2/82 2143/2/82 2145/2/83
f 1809/2/41 1814/2/41 1813/2/41
f 2206/2/82 2251/2/83 1877/2/83
f 1139/2/276 1857/2/16 1834/2/277
f 622/2/278 310/2/79 619/2/279
f 581/11/280 578/11/281 566/11/260
f 296/2/282 310/2/79 641/2/81
f 251/2/262 580/2/280 565/2/260
f 252/2/263 263/2/283 251/2/262
f 253/2/265 264/2/284 252/2/263
f 256/2/285 265/2/286 253/2/265
f 257/2/268 271/2/287 269/2/288
f 259/2/267 272/2/289 271/2/287
f 259/2/267 273/2/290 272/2/289
f 260/2/269 274/2/291 273/2/290
f 261/2/270 275/2/292 274/2/291
f 262/2/271 582/2/293 275/2/292
f 1140/2/294 1138/2/295 1844/2/296
f 654/2/297 310/2/79 656/2/298
f 575/2/299 825/2/259 579/2/257
f 828/11/272 597/11/300 583/11/293
f 800/12/301 493/12/302 2047/12/301
f 507/2/110 527/2/151 811/2/147
f 574/11/303 1924/11/304 568/11/305
f 1924/11/304 597/11/300 568/11/305
f 1912/2/41 1915/2/306 1104/2/307
f 830/2/308 296/2/282 587/2/309
f 526/11/73 590/11/310 588/11/309
f 697/2/311 695/2/312 332/2/313
f 591/2/314 284/2/315 605/2/316
f 831/2/317 284/2/315 591/2/314
f 553/11/229 832/11/317 592/11/314
f 594/11/318 607/11/319 596/11/320
f 2233/2/321 1798/2/321 1797/2/41
f 576/11/299 581/11/280 609/11/322
f 609/11/322 607/11/319 576/11/299
f 263/2/283 608/2/322 580/2/280
f 264/2/284 276/2/323 263/2/283
f 265/2/286 277/2/324 264/2/284
f 266/2/325 278/2/326 265/2/286
f 267/2/327 280/2/328 266/2/325
f 269/2/288 281/2/329 839/2/330
f 271/2/287 283/2/331 282/2/332
f 1770/2/41 1766/2/41 1789/2/41
f 590/11/310 474/11/78 600/11/333
f 601/2/334 296/2/282 599/2/333
f 474/11/78 602/11/334 600/11/333
f 339/2/335 1596/2/336 1645/2/337
f 605/2/316 311/2/85 603/2/338
f 2151/2/294 1852/2/41 1851/2/41
f 1577/2/339 1576/2/340 1615/2/341
f 909/2/342 286/2/343 280/2/328
f 282/2/332 982/2/344 841/2/345
f 283/2/331 1464/2/346 282/2/332
f 283/2/331 1469/2/347 1468/2/348
f 271/2/287 292/2/349 1469/2/347
f 272/2/289 293/2/350 292/2/349
f 273/2/290 294/2/351 293/2/350
f 274/2/291 295/2/352 294/2/351
f 275/2/292 635/2/353 295/2/352
f 585/11/354 611/11/355 597/11/300
f 296/2/282 612/2/356 610/2/355
f 611/11/355 639/11/357 597/11/300
f 474/11/78 615/11/358 834/11/359
s 0
f 833/12/360 614/12/360 1918/12/360
s 1
f 474/11/78 623/11/278 615/11/358
f 1465/2/361 1467/2/362 1466/2/363
f 553/11/229 627/11/364 474/11/78
f 541/2/228 552/2/365 549/2/227
f 553/11/229 604/11/338 625/11/366
f 284/2/315 595/2/320 628/2/367
f 596/11/320 643/11/368 629/11/367
f 630/2/369 284/2/315 628/2/367
f 607/11/319 609/11/322 633/11/370
f 633/11/370 643/11/368 607/11/319
f 276/2/323 632/2/370 608/2/322
f 277/2/324 297/2/371 276/2/323
f 278/2/326 298/2/372 277/2/324
f 279/2/373 299/2/374 278/2/326
f 280/2/328 300/2/375 279/2/373
f 285/2/376 301/2/377 280/2/328
f 285/2/376 1578/2/378 1575/2/379
f 287/2/380 1579/2/381 1578/2/378
f 1468/2/348 1470/2/382 303/2/194
f 1469/2/347 304/2/383 1470/2/382
f 292/2/349 305/2/384 304/2/383
f 293/2/350 306/2/385 305/2/384
f 294/2/351 308/2/386 306/2/385
f 1762/2/16 384/2/387 1765/2/16
f 636/11/353 640/11/388 653/11/389
f 639/11/357 613/11/356 642/11/81
f 643/11/368 647/11/390 631/11/369
f 645/11/391 649/11/392 647/11/390
f 643/11/368 633/11/370 651/11/393
f 651/11/393 645/11/391 643/11/368
f 297/2/371 650/2/393 632/2/370
f 298/2/372 650/2/393 297/2/371
f 299/2/374 312/2/394 298/2/372
f 300/2/375 313/2/395 299/2/374
f 301/2/377 314/2/396 300/2/375
f 1575/2/379 315/2/397 301/2/377
f 984/2/398 1482/2/399 1476/2/400
f 1470/2/382 1472/2/195 303/2/194
f 1470/2/382 320/2/401 1471/2/402
f 304/2/383 321/2/403 320/2/401
f 305/2/384 322/2/404 321/2/403
f 306/2/385 323/2/405 322/2/404
f 2199/2/41 2197/2/41 1863/2/41
f 640/11/388 309/11/386 653/11/389
f 640/11/388 638/11/80 655/11/297
f 311/2/85 332/2/313 310/2/79
f 579/2/257 577/2/281 575/2/299
f 649/11/392 645/11/391 659/11/406
f 671/2/407 661/2/408 663/2/409
f 645/11/391 664/11/409 662/11/410
f 677/2/411 728/2/412 675/2/413
f 312/2/394 324/2/414 650/2/393
f 313/2/395 325/2/415 312/2/394
f 314/2/396 326/2/416 313/2/395
f 315/2/397 327/2/417 314/2/396
f 317/2/418 1582/2/419 315/2/397
f 318/2/420 340/2/421 1576/2/340
f 1482/2/399 986/2/422 1476/2/400
f 1472/2/195 1471/2/402 1907/2/423
f 1907/2/423 1479/2/424 1478/2/425
f 328/2/426 1479/2/424 1907/2/423
f 320/2/401 329/2/427 328/2/426
f 321/2/403 330/2/428 329/2/427
f 322/2/404 331/2/429 330/2/428
f 323/2/405 308/2/386 331/2/429
f 666/11/430 640/11/388 674/11/431
f 656/2/298 677/2/411 667/2/432
f 640/11/388 657/11/298 668/11/432
f 310/2/79 332/2/313 677/2/411
f 332/2/313 333/2/433 697/2/311
f 311/2/85 333/2/433 332/2/313
f 311/2/85 660/2/434 669/2/435
f 2149/2/321 2187/2/321 2185/2/82
f 645/11/391 670/11/435 659/11/406
f 645/11/391 662/11/410 672/11/436
f 325/2/415 335/2/437 324/2/414
f 326/2/416 336/2/438 325/2/415
f 327/2/417 337/2/439 326/2/416
f 2222/2/440 1589/2/441 338/2/442
f 1581/2/443 1582/2/419 2222/2/440
f 1583/2/444 1589/2/441 2222/2/440
f 1482/2/399 1487/2/445 986/2/422
f 1479/2/424 1495/2/446 1478/2/425
f 328/2/426 342/2/447 1479/2/424
f 328/2/426 344/2/448 343/2/449
f 329/2/427 345/2/450 344/2/448
f 330/2/428 346/2/451 345/2/450
f 331/2/429 726/2/452 346/2/451
f 2027/2/16 1966/2/16 1964/2/16
f 1582/2/419 317/2/418 1586/2/453
f 676/11/413 729/11/412 640/11/388
f 2224/2/83 2172/2/41 2264/2/83
f 728/2/412 682/2/454 678/2/455
f 694/11/456 683/11/457 681/11/458
f 677/2/411 684/2/459 680/2/458
f 685/11/459 694/11/456 681/11/458
f 677/2/411 690/2/460 684/2/459
f 691/11/460 694/11/456 685/11/459
f 694/11/456 689/11/461 687/11/462
f 677/2/411 688/2/463 690/2/460
f 332/2/313 692/2/464 677/2/411
f 677/2/411 692/2/464 686/2/462
f 693/11/465 694/11/456 687/11/462
f 696/11/312 694/11/456 693/11/465
f 698/11/311 694/11/456 696/11/312
f 1490/2/466 1481/2/467 1532/2/468
f 702/11/469 740/11/470 698/11/311
f 1538/2/471 1465/2/361 1466/2/363
f 740/11/470 700/11/472 704/11/473
f 706/11/474 740/11/470 704/11/473
f 2212/2/82 2210/2/321 1847/2/321
f 310/2/79 654/2/297 637/2/80
f 710/11/475 740/11/470 706/11/474
f 673/2/431 726/2/452 308/2/386
f 669/2/435 707/2/476 712/2/477
f 310/2/79 1919/2/478 619/2/279
f 716/11/479 645/11/391 718/11/480
f 645/11/391 672/11/436 720/11/481
f 335/2/437 719/2/481 671/2/407
f 336/2/438 347/2/482 335/2/437
f 337/2/439 348/2/483 336/2/438
f 338/2/442 349/2/484 337/2/439
f 338/2/442 1598/2/485 350/2/486
f 1589/2/441 1592/2/487 1598/2/485
f 340/2/421 1595/2/488 1597/2/489
f 340/2/421 1601/2/490 1595/2/488
f 1484/2/491 1510/2/492 1499/2/493
f 342/2/447 1492/2/494 1495/2/446
f 343/2/449 1492/2/494 342/2/447
f 343/2/449 352/2/495 351/2/496
f 344/2/448 353/2/497 352/2/495
f 345/2/450 354/2/498 353/2/497
f 456/2/499 1737/2/500 2265/2/41
f 722/11/501 725/11/502 727/11/503
f 728/2/412 678/2/455 738/2/504
f 694/11/456 739/11/504 679/11/455
f 540/12/505 547/12/506 551/12/507
f 739/11/504 694/11/456 737/11/508
f 669/2/435 788/2/509 741/2/510
f 740/11/470 708/11/511 742/11/510
f 1731/2/70 1976/2/512 1935/2/70
f 718/11/480 645/11/391 754/11/513
f 747/11/514 752/11/515 745/11/516
s 0
f 751/12/517 746/12/517 748/12/517
s 1
f 348/2/483 356/2/518 347/2/482
f 349/2/484 357/2/519 348/2/483
f 350/2/486 358/2/520 349/2/484
f 350/2/486 1599/2/521 359/2/522
f 1596/2/336 1594/2/523 1642/2/524
f 1492/2/494 1504/2/525 1495/2/446
f 351/2/496 1504/2/525 1492/2/494
f 351/2/496 361/2/526 360/2/527
f 352/2/495 362/2/528 361/2/526
f 353/2/497 363/2/529 362/2/528
f 354/2/498 730/2/530 363/2/529
f 760/11/531 737/11/508 694/11/456
f 149/2/152 807/2/112 801/2/105
f 489/2/177 1216/2/176 498/2/532
f 495/2/153 496/2/103 499/2/96
f 364/2/275 736/2/508 755/2/533
f 757/2/534 365/2/535 759/2/531
f 694/11/456 758/11/534 760/11/531
f 1923/2/304 296/2/282 584/2/354
f 665/2/430 673/2/431 308/2/386
f 694/11/456 763/11/536 758/11/534
f 694/11/456 767/11/210 763/11/536
f 694/11/456 768/11/537 769/11/538
f 694/11/456 776/11/539 768/11/537
f 740/11/470 772/11/540 694/11/456
s 0
f 770/2/541 369/2/541 773/2/541
s 1
f 694/11/456 774/11/542 776/11/539
f 370/2/213 771/2/543 777/2/544
f 779/2/214 370/2/213 777/2/544
f 740/11/470 780/11/214 778/11/545
f 1921/2/82 2249/2/82 1917/2/83
f 740/11/470 782/11/212 780/11/214
f 784/2/546 370/2/213 781/2/212
f 786/11/547 782/11/212 740/11/470
f 743/2/548 787/2/549 750/2/550
f 357/2/519 371/2/551 356/2/518
f 358/2/520 372/2/552 357/2/519
f 359/2/522 373/2/553 358/2/520
f 359/2/522 1613/2/554 374/2/555
f 1605/2/556 1595/2/488 1607/2/557
f 1954/2/558 1505/2/559 868/2/560
f 1507/2/561 1954/2/558 1522/2/562
f 1497/2/563 1522/2/562 1954/2/558
f 1504/2/525 375/2/564 1506/2/565
f 1506/2/565 1507/2/561 1529/2/566
f 377/2/567 375/2/564 1504/2/525
f 360/2/527 378/2/568 377/2/567
f 361/2/526 379/2/569 378/2/568
f 362/2/528 380/2/570 379/2/569
f 363/2/529 381/2/571 380/2/570
f 364/2/275 381/2/571 730/2/530
f 365/2/535 383/2/572 364/2/275
f 764/2/211 384/2/387 365/2/535
f 368/2/573 384/2/387 367/2/574
f 784/2/546 386/2/575 385/2/576
f 787/2/549 387/2/577 386/2/575
f 371/2/551 387/2/577 743/2/548
f 372/2/552 388/2/578 371/2/551
f 373/2/553 389/2/579 372/2/552
f 374/2/555 390/2/580 373/2/553
f 1613/2/554 392/2/581 391/2/582
f 1608/2/583 392/2/581 1613/2/554
f 1628/2/584 1609/2/585 1608/2/583
f 1609/2/585 1628/2/584 1629/2/586
f 1611/2/587 1609/2/585 1629/2/586
f 1629/2/586 1607/2/557 1611/2/587
f 939/2/588 1610/2/589 1611/2/587
f 1505/2/559 870/2/590 868/2/560
f 1507/2/561 376/2/591 1505/2/559
f 1610/2/589 394/2/592 392/2/581
f 375/2/564 397/2/593 870/2/590
f 377/2/567 398/2/594 375/2/564
f 377/2/567 399/2/595 398/2/594
f 378/2/568 400/2/596 399/2/595
f 379/2/569 401/2/597 400/2/596
f 380/2/570 402/2/598 401/2/597
f 381/2/571 403/2/599 402/2/598
f 383/2/572 403/2/599 382/2/600
f 365/2/535 404/2/601 383/2/572
f 385/2/576 406/2/602 405/2/603
f 387/2/577 406/2/602 386/2/575
f 388/2/578 407/2/604 387/2/577
f 389/2/579 408/2/605 388/2/578
f 390/2/580 409/2/606 389/2/579
f 391/2/582 410/2/607 390/2/580
f 392/2/581 413/2/608 411/2/609
f 398/2/594 415/2/610 397/2/593
f 399/2/595 415/2/610 398/2/594
f 400/2/596 416/2/611 399/2/595
f 400/2/596 417/2/612 416/2/611
f 401/2/597 418/2/613 417/2/612
f 402/2/598 419/2/614 418/2/613
f 404/2/601 419/2/614 403/2/599
f 365/2/535 420/2/615 404/2/601
f 405/2/603 422/2/616 421/2/617
f 407/2/604 422/2/616 406/2/602
f 408/2/605 423/2/618 407/2/604
f 409/2/606 424/2/619 408/2/605
f 410/2/607 427/2/620 425/2/621
f 416/2/611 430/2/622 415/2/610
f 416/2/611 431/2/623 430/2/622
f 417/2/612 432/2/624 431/2/623
f 418/2/613 433/2/625 432/2/624
f 419/2/614 434/2/626 433/2/625
f 420/2/615 384/2/387 434/2/626
f 422/2/616 435/2/627 421/2/617
f 423/2/618 436/2/628 422/2/616
f 424/2/619 437/2/629 423/2/618
f 425/2/621 438/2/630 424/2/619
f 431/2/623 872/2/631 430/2/622
f 431/2/623 442/2/632 1690/2/633
f 432/2/624 1692/2/634 442/2/632
f 433/2/625 443/2/635 1692/2/634
f 434/2/626 384/2/387 443/2/635
f 436/2/628 1694/2/636 435/2/627
f 437/2/629 444/2/637 436/2/628
f 438/2/630 1696/2/638 437/2/629
f 438/2/630 1699/2/639 1697/2/640
f 1703/2/641 447/2/642 872/2/631
f 1703/2/641 872/2/631 1690/2/633
f 1704/2/643 1703/2/641 1690/2/633
f 1704/2/643 1690/2/633 442/2/632
f 1691/2/644 1704/2/643 442/2/632
f 1692/2/634 1691/2/644 442/2/632
f 1705/2/645 1691/2/644 1692/2/634
f 443/2/635 1705/2/645 1692/2/634
f 384/2/387 1705/2/645 443/2/635
f 1694/2/636 1693/2/646 448/2/647
f 444/2/637 1695/2/648 1693/2/646
f 444/2/637 1693/2/646 1694/2/636
f 1696/2/638 449/2/649 1695/2/648
f 1696/2/638 1695/2/648 444/2/637
f 1697/2/640 1708/2/650 449/2/649
f 1696/2/638 1697/2/640 449/2/649
f 1699/2/639 450/2/651 1708/2/650
f 1697/2/640 1699/2/639 1708/2/650
f 1714/2/652 1701/2/653 447/2/642
f 1714/2/652 447/2/642 1703/2/641
f 453/2/654 1714/2/652 1703/2/641
f 453/2/654 1703/2/641 1704/2/643
f 1716/2/655 453/2/654 1704/2/643
f 1691/2/644 1716/2/655 1704/2/643
f 1706/2/656 1716/2/655 1691/2/644
f 1705/2/645 1706/2/656 1691/2/644
f 384/2/387 1706/2/656 1705/2/645
f 1693/2/646 1718/2/657 448/2/647
f 1695/2/648 454/2/658 1718/2/657
f 1695/2/648 1718/2/657 1693/2/646
f 449/2/649 1707/2/659 454/2/658
f 449/2/649 454/2/658 1695/2/648
f 1708/2/650 1719/2/660 1707/2/659
f 449/2/649 1708/2/650 1707/2/659
f 450/2/651 1709/2/661 1719/2/660
f 1708/2/650 450/2/651 1719/2/660
f 1713/2/662 1723/2/663 1702/2/664
f 455/2/665 1712/2/666 1701/2/653
f 455/2/665 1701/2/653 1714/2/652
f 1725/2/667 455/2/665 1714/2/652
f 453/2/654 1725/2/667 1714/2/652
f 1733/2/512 1725/2/667 453/2/654
f 1716/2/655 1733/2/512 453/2/654
f 1715/2/71 1733/2/512 1716/2/655
f 1706/2/656 1715/2/71 1716/2/655
f 1734/2/668 1715/2/71 1706/2/656
f 384/2/387 1734/2/668 1706/2/656
f 1717/2/669 1734/2/668 384/2/387
s 0
f 1934/2/16 1733/2/16 1715/2/16
s 1
f 448/2/647 1737/2/500 456/2/499
f 1718/2/657 1742/2/321 1737/2/500
f 1718/2/657 1737/2/500 448/2/647
f 454/2/658 457/2/41 1742/2/321
f 454/2/658 1742/2/321 1718/2/657
f 1707/2/659 1747/2/670 457/2/41
f 1707/2/659 457/2/41 454/2/658
f 1719/2/660 1752/2/671 1747/2/670
f 1719/2/660 1747/2/670 1707/2/659
f 1709/2/661 1720/2/672 1752/2/671
f 1719/2/660 1709/2/661 1752/2/671
f 1710/2/673 1753/2/674 1721/2/675
f 458/2/676 874/2/677 1723/2/663
f 459/2/678 458/2/676 1723/2/663
f 459/2/678 1723/2/663 1713/2/662
f 1724/2/679 459/2/678 1712/2/666
f 1724/2/679 1712/2/666 455/2/665
f 1761/2/680 1724/2/679 455/2/665
f 2209/2/16 455/2/665 1725/2/667
f 2209/2/16 1725/2/667 1726/2/16
f 1761/2/680 1726/2/16 1730/2/16
f 1733/2/512 1726/2/16 1725/2/667
f 1730/2/16 1726/2/16 1937/2/16
f 1530/2/681 1496/2/682 1498/2/683
f 384/2/387 1762/2/16 1717/2/669
f 456/2/499 1768/2/684 448/2/647
s 0
f 1758/2/16 1757/2/16 1942/2/16
f 1742/2/41 2142/2/41 1744/2/41
s 1
f 1747/2/670 2043/2/41 1748/2/41
f 1771/2/294 2147/2/82 1748/2/41
f 1748/2/41 457/2/41 1747/2/670
f 1748/2/41 2147/2/82 1751/2/41
f 1752/2/671 1774/2/685 1771/2/294
f 1752/2/671 2043/2/41 1747/2/670
f 1720/2/672 1775/2/686 1774/2/685
f 1752/2/671 1720/2/672 1774/2/685
f 1753/2/674 460/2/687 1775/2/686
f 1721/2/675 1753/2/674 1775/2/686
f 1753/2/674 936/2/688 460/2/687
f 874/2/677 463/2/689 462/2/690
f 458/2/676 1755/2/691 463/2/689
f 1758/2/16 1724/2/679 1761/2/680
s 0
f 1758/2/16 1760/2/16 1757/2/16
f 1760/2/16 1761/2/16 1728/2/16
s 1
f 1763/2/16 1764/2/16 1964/2/16
f 1788/2/41 1766/2/41 1767/2/41
s 0
f 1771/2/41 1791/2/41 1773/2/41
s 1
f 1771/2/294 1774/2/685 1791/2/41
f 936/2/688 465/2/692 460/2/687
f 463/2/689 2353/2/693 462/2/690
f 1755/2/691 1169/2/694 463/2/689
f 1755/2/691 1881/2/695 466/2/696
f 1776/2/697 1881/2/695 458/2/676
f 1776/2/697 458/2/676 459/2/678
f 1777/2/16 1776/2/697 459/2/678
f 1777/2/16 459/2/678 1724/2/679
f 1943/2/16 1778/2/71 1780/2/16
f 1777/2/16 1779/2/16 1945/2/16
f 1780/2/16 1778/2/71 1781/2/70
f 1942/2/680 1724/2/679 1758/2/16
f 1139/2/276 1784/2/16 1785/2/16
f 1961/2/16 1785/2/16 1960/2/16
f 1764/2/16 1763/2/16 1963/2/16
f 384/2/387 1785/2/16 1765/2/16
f 1961/2/16 1765/2/16 1785/2/16
f 1138/2/295 1139/2/276 384/2/387
f 448/2/647 1138/2/295 384/2/387
f 2168/2/294 1138/2/295 1790/2/41
f 2169/2/41 1790/2/41 2171/2/41
f 1786/2/321 1766/2/41 1788/2/41
f 1790/2/41 448/2/647 1789/2/41
f 2171/2/41 1789/2/41 1766/2/41
f 1792/2/321 1795/2/41 1794/2/41
f 467/2/83 1795/2/41 1774/2/685
f 1795/2/41 1792/2/321 1796/2/82
f 1774/2/685 1799/2/41 1791/2/41
f 1775/2/686 1187/2/698 467/2/83
f 1774/2/685 1775/2/686 467/2/83
f 460/2/687 468/2/699 1187/2/698
f 1775/2/686 460/2/687 1187/2/698
f 464/2/700 468/2/699 460/2/687
f 464/2/700 1150/2/701 1149/2/702
f 465/2/692 1006/2/703 1150/2/701
f 835/13/704 844/13/705 842/13/704
f 836/13/706 846/13/707 844/13/705
f 189/13/708 848/13/709 846/13/707
f 201/13/710 851/13/711 848/13/709
f 212/14/712 853/15/713 850/16/711
f 233/17/714 853/15/713 225/18/715
f 246/13/266 856/13/716 234/13/714
f 258/13/268 858/13/717 246/13/266
f 270/13/718 860/13/719 258/13/268
f 840/13/330 862/13/720 270/13/718
f 861/13/721 863/13/722 845/13/723
f 871/19/724 877/20/725 876/21/726
f 445/22/727 878/23/728 877/20/725
f 1700/13/729 880/13/730 879/13/728
f 1722/13/731 881/13/732 880/13/730
f 875/13/733 881/13/732 873/13/734
f 866/13/735 884/13/736 882/13/735
f 869/13/737 886/13/738 884/13/736
f 396/13/739 888/13/740 886/13/738
f 414/13/741 891/13/742 888/13/740
f 428/24/743 893/25/744 890/26/742
f 876/21/726 895/27/745 893/25/744
f 878/23/728 895/27/745 877/20/725
f 879/13/728 900/13/746 897/13/747
f 881/13/732 900/13/746 880/13/730
f 875/13/733 902/13/748 881/13/732
f 901/13/749 903/13/750 894/13/751
f 906/13/704 913/13/705 908/13/752
f 908/13/752 915/13/753 199/13/754
f 199/13/754 917/13/755 210/13/756
f 210/13/756 920/13/757 223/13/758
f 222/28/758 922/29/759 231/30/760
f 922/29/759 242/31/761 231/30/760
f 925/13/762 255/13/763 243/13/761
f 927/13/764 268/13/765 255/13/763
f 929/13/766 910/13/342 268/13/765
f 931/13/720 289/13/767 910/13/342
f 921/13/768 918/13/769 928/13/770
f 439/32/771 941/33/772 1698/34/773
f 1698/34/773 942/35/774 451/36/775
f 452/13/775 944/13/776 1711/13/777
f 1711/13/777 945/13/778 1754/13/779
f 1754/13/779 946/13/780 935/13/734
f 946/13/780 937/13/733 935/13/734
f 938/13/735 949/13/736 395/13/781
f 395/13/781 951/13/782 412/13/783
f 412/13/783 953/13/784 426/13/785
f 426/13/785 956/13/786 440/13/787
f 439/32/771 958/37/788 941/33/772
f 941/33/772 961/38/789 942/35/774
f 961/38/789 943/39/776 942/35/774
f 944/13/776 966/13/790 945/13/778
f 966/13/790 946/13/780 945/13/778
f 967/13/748 937/13/733 946/13/780
f 952/13/791 950/13/792 968/13/793
f 2252/40/794 975/41/795 1925/42/796
f 975/41/795 1927/43/797 1925/42/796
f 980/44/798 981/45/799 1929/46/800
f 1929/46/800 983/47/801 1930/48/802
f 987/49/803 1938/50/804 1930/48/802
f 2367/13/805 2365/13/806 989/13/807
f 172/13/808 993/13/132 1406/13/809
f 1902/51/810 171/52/811 1900/53/812
f 1904/54/813 1580/55/814 291/56/815
f 1905/57/816 319/58/817 1580/55/814
f 998/59/818 1587/60/819 319/58/817
f 1001/61/820 1000/62/821 998/59/818
f 2370/13/822 2350/13/823 1003/13/824
f 1008/2/825 1022/2/826 1171/2/827
f 1035/2/828 1010/2/829 1022/2/826
f 1037/2/830 1025/2/831 1010/2/829
s 0
f 1026/2/832 1040/2/832 1043/2/832
f 1045/2/833 1016/2/833 1027/2/833
s 1
f 1015/2/834 1030/2/835 1018/2/836
f 1032/63/837 1021/64/838 1014/65/839
s 0
f 1057/2/840 1060/2/840 1049/2/840
s 1
f 1052/1/841 1054/1/842 1062/1/843
s 0
f 1074/2/844 1068/2/844 1172/2/844
f 1073/2/845 1077/2/845 1067/2/845
s 1
f 1092/2/846 1081/2/846 1177/2/846
f 1080/1/847 1091/1/848 1083/1/849
f 1098/66/850 1106/67/851 1105/68/852
f 1820/2/16 1776/2/697 1777/2/16
f 1802/2/16 1804/2/16 1803/2/16
f 1804/2/16 1777/2/16 1945/2/16
f 1839/2/853 1806/2/16 1139/2/276
f 1843/2/854 1808/2/294 1846/2/294
f 2168/2/294 1808/2/294 1138/2/295
f 1812/2/294 1813/2/41 1814/2/41
f 1816/2/41 467/2/83 1813/2/41
f 467/2/83 1187/2/698 1851/2/41
f 1817/2/16 1776/2/697 1820/2/16
f 1856/2/16 1817/2/16 1820/2/16
f 1819/2/16 1800/2/16 1818/2/16
f 2032/2/70 2034/2/70 1931/2/70
s 0
f 1822/2/71 1855/2/71 1854/2/71
f 1828/2/16 1857/2/16 1830/2/16
s 1
f 1836/2/680 1834/2/277 1833/2/16
f 1834/2/277 1838/2/680 1839/2/853
f 1842/2/41 1844/2/296 1848/2/294
f 1843/2/854 1844/2/296 1138/2/295
f 1846/2/294 1844/2/296 1843/2/854
s 0
f 2164/2/41 1140/2/41 2166/2/41
s 1
f 2053/2/512 2054/2/70 1955/2/512
f 1851/2/41 1142/2/41 1141/2/41
f 1809/2/41 1852/2/41 1853/2/41
f 1851/2/41 1187/2/698 1142/2/41
f 1865/2/512 1776/2/697 1817/2/16
f 1856/2/16 1854/2/16 1865/2/512
f 1856/2/16 1865/2/512 1817/2/16
f 626/2/86 311/2/85 622/2/278
f 1956/2/16 1868/2/16 1870/2/16
f 1871/2/855 1858/2/16 1857/2/16
f 1858/2/16 1868/2/16 1956/2/16
f 1858/2/16 1830/2/16 1857/2/16
f 1139/2/276 1871/2/855 1857/2/16
f 1138/2/295 1859/2/856 1139/2/276
f 1140/2/294 1874/2/857 1138/2/295
f 1874/2/857 1860/2/41 1143/2/41
f 1862/2/41 1143/2/41 1860/2/41
f 1860/2/41 2164/2/41 2162/2/41
f 2160/2/41 1143/2/41 1862/2/41
f 1864/2/41 1880/2/41 1141/2/41
f 1142/2/41 1864/2/41 1141/2/41
f 1142/2/41 1187/2/698 1864/2/41
f 1899/2/71 1776/2/697 1865/2/512
f 1854/2/16 1146/2/16 1899/2/71
f 1854/2/16 1899/2/71 1865/2/512
f 1867/2/16 1144/2/512 1953/2/16
f 1868/2/16 1147/2/858 1144/2/512
f 1144/2/512 1870/2/16 1868/2/16
f 1871/2/855 1872/2/859 1147/2/858
f 1871/2/855 1147/2/858 1868/2/16
f 1873/2/860 1872/2/859 1871/2/855
f 1139/2/276 1873/2/860 1871/2/855
f 1139/2/276 1859/2/856 1873/2/860
f 1138/2/295 1183/2/861 1859/2/856
f 1875/2/862 1183/2/861 1138/2/295
f 1874/2/857 1906/2/863 1875/2/862
f 1874/2/857 1875/2/862 1138/2/295
f 1145/2/864 1906/2/863 1874/2/857
f 1143/2/41 1145/2/864 1874/2/857
f 1876/2/83 1145/2/864 1143/2/41
f 1876/2/83 2160/2/41 1878/2/41
f 1922/2/41 1876/2/83 1878/2/41
s 0
f 1141/2/865 1880/2/865 1850/2/865
s 1
f 1148/2/866 1879/2/41 1880/2/41
f 1864/2/41 1148/2/866 1880/2/41
f 1864/2/41 1187/2/698 1148/2/866
f 1169/2/694 1178/2/867 1215/2/868
f 466/2/696 1180/2/869 1169/2/694
f 1180/2/869 466/2/696 1058/2/870
f 1058/2/870 466/2/696 1182/2/871
f 1881/2/695 1182/2/871 466/2/696
f 1182/2/871 1881/2/695 1185/2/872
f 1776/2/697 1185/2/872 1881/2/695
f 1776/2/697 1899/2/71 1185/2/872
f 1886/2/71 1893/2/16 1887/2/16
f 1893/2/16 1071/2/873 1887/2/16
f 1953/2/16 1892/2/16 1893/2/16
f 1165/2/874 1167/2/875 1050/2/876
f 1071/2/873 1075/2/877 1185/2/872
f 1894/2/71 1887/2/16 1895/2/878
f 1897/2/879 1071/2/873 1185/2/872
f 1896/2/880 1894/2/71 1895/2/878
f 1146/2/16 1897/2/879 1185/2/872
f 1897/2/879 1896/2/880 1895/2/878
f 1178/2/867 1167/2/875 1215/2/868
f 1167/2/875 1178/2/867 1050/2/876
f 1050/2/876 1178/2/867 1058/2/870
f 1169/2/694 1058/2/870 1178/2/867
f 1180/2/869 1058/2/870 1169/2/694
f 1182/2/871 1051/2/841 1058/2/870
f 1051/2/841 1182/2/871 1053/2/842
f 1053/2/842 1182/2/871 1075/2/877
f 1185/2/872 1075/2/877 1182/2/871
f 1899/2/71 1146/2/16 1185/2/872
f 1063/2/881 1859/2/856 1028/2/882
f 1050/2/876 1213/2/883 1163/2/884
f 1050/2/876 1047/2/885 1017/2/886
f 1055/2/887 1017/2/886 1047/2/885
f 1017/2/886 1055/2/887 1028/2/882
f 1053/2/842 1028/2/882 1055/2/887
f 1028/2/882 1053/2/842 1063/2/881
f 1069/2/888 1063/2/881 1053/2/842
f 1065/2/889 1071/2/873 1859/2/856
f 1147/2/858 1872/2/859 1859/2/856
f 1019/2/890 1023/2/891 1160/2/892
f 1196/2/893 1158/2/894 1007/2/895
f 1023/2/891 1158/2/894 1210/2/896
f 1158/2/894 1023/2/891 1007/2/895
f 1023/2/891 1210/2/896 1160/2/892
f 1050/2/876 1160/2/892 1213/2/883
f 1160/2/892 1050/2/876 1019/2/890
f 1017/2/886 1019/2/890 1050/2/876
f 1028/2/882 1859/2/856 1013/2/897
f 1065/2/889 1859/2/856 1063/2/881
f 1872/2/859 1873/2/860 1859/2/856
f 1163/2/884 1165/2/874 1050/2/876
f 1053/2/842 1173/2/898 1069/2/888
f 1071/2/873 1147/2/858 1859/2/856
f 1144/2/512 1147/2/858 1071/2/873
f 1176/2/899 1174/2/900 1009/2/901
f 1183/2/861 1041/2/902 1011/2/903
f 1170/2/904 1208/2/905 1156/2/906
f 1208/2/905 1170/2/904 1174/2/900
f 1174/2/900 1170/2/904 1009/2/901
f 1183/2/861 1011/2/903 1013/2/897
f 1041/2/902 1183/2/861 1093/2/907
f 1875/2/862 1906/2/863 1183/2/861
f 1206/2/908 1155/2/909 1176/2/899
f 1024/2/910 1088/2/911 1176/2/899
f 1088/2/911 1024/2/910 1086/2/912
f 1041/2/902 1086/2/912 1024/2/910
f 1086/2/912 1041/2/902 1084/2/913
f 1093/2/907 1084/2/913 1041/2/902
f 1084/2/913 1093/2/907 1109/2/914
f 1183/2/861 1102/2/915 1093/2/907
f 1176/2/899 1155/2/909 1174/2/900
f 1176/2/899 1009/2/901 1024/2/910
f 1920/2/41 1104/2/307 1876/2/83
f 1145/2/864 1876/2/83 1104/2/307
f 1913/2/41 1908/2/916 1915/2/306
f 1914/2/917 1879/2/41 1186/2/918
f 1915/2/306 1908/2/916 1914/2/917
f 1176/2/899 1204/2/919 1151/2/920
f 1097/2/921 1104/2/307 1186/2/918
f 1104/2/307 1914/2/917 1186/2/918
f 1882/2/41 1911/2/684 1912/2/41
f 1882/2/41 1104/2/307 1920/2/41
f 1922/2/41 1920/2/41 1876/2/83
f 468/2/699 1186/2/918 1187/2/698
f 1006/2/703 1179/2/922 1150/2/701
f 1079/2/847 1150/2/701 1179/2/922
f 1181/2/923 1150/2/701 1079/2/847
f 1150/2/701 1181/2/923 1149/2/702
f 1079/2/847 1149/2/702 1181/2/923
f 1184/2/924 1149/2/702 1079/2/847
f 1149/2/702 1184/2/924 468/2/699
f 468/2/699 1184/2/924 1186/2/918
f 1148/2/866 1187/2/698 1186/2/918
f 1006/2/703 1204/2/919 1179/2/922
f 1176/2/899 1179/2/922 1204/2/919
f 1179/2/922 1176/2/899 1079/2/847
f 1079/2/847 1082/2/849 1184/2/924
f 1084/2/913 1184/2/924 1082/2/849
f 1097/2/921 1184/2/924 1084/2/913
f 1184/2/924 1097/2/921 1186/2/918
f 1879/2/41 1148/2/866 1186/2/918
f 1176/2/899 1151/2/920 1206/2/908
f 1109/2/914 1101/2/925 1084/2/913
f 1145/2/864 1104/2/307 1183/2/861
f 1906/2/863 1145/2/864 1183/2/861
f 1007/2/895 1156/2/906 1196/2/893
f 1156/2/906 1007/2/895 1170/2/904
f 1859/2/856 1183/2/861 1013/2/897
f 1075/2/877 1173/2/898 1053/2/842
f 1183/2/861 1104/2/307 1102/2/915
f 1084/2/913 1101/2/925 1096/2/926
f 1005/13/927 1188/13/928 1205/13/929
f 1189/13/930 1205/13/929 1188/13/928
f 1194/13/931 1153/13/932 1190/13/933
f 1197/13/934 1207/13/935 1194/13/931
f 1197/13/893 1211/13/896 1159/13/936
f 1197/13/893 1161/13/892 1211/13/896
f 1197/13/893 1212/13/937 1161/13/892
f 1197/13/893 1162/13/938 1212/13/937
f 1201/13/939 1164/13/940 1162/13/938
f 1885/13/941 1168/13/942 1166/13/943
f 1203/13/944 1214/13/945 1168/13/942
f 1220/2/56 1222/2/946 147/2/58
f 1222/2/946 469/2/62 147/2/58
f 1226/2/947 471/2/64 469/2/62
f 1226/2/947 148/2/66 471/2/64
f 1245/2/948 793/2/75 148/2/66
f 1247/2/949 477/2/950 793/2/75
f 1249/2/951 796/2/93 477/2/950
f 1228/2/952 1216/2/176 796/2/93
f 1216/2/176 1252/2/953 498/2/532
f 495/2/153 1235/2/954 149/2/152
f 507/2/110 1239/2/955 1217/2/114
f 1217/2/114 1239/2/955 150/2/116
f 150/2/116 1241/2/956 151/2/119
f 151/2/119 1241/2/956 1218/2/122
f 146/2/52 1269/2/50 1320/2/957
f 1328/2/958 1343/2/959 146/2/52
f 1270/2/55 146/2/52 1343/2/959
f 1343/2/959 1373/2/960 1270/2/55
f 1271/2/54 1270/2/55 1373/2/960
f 1282/2/961 1223/2/962 1431/2/963
f 973/2/45 1304/2/964 145/2/48
f 1304/2/964 1308/2/965 145/2/48
f 1269/2/50 145/2/48 1308/2/965
f 1320/2/957 1269/2/50 1308/2/965
f 1308/2/965 1321/2/966 1320/2/957
f 146/2/52 1320/2/957 1321/2/966
f 1321/2/966 1329/2/967 146/2/52
f 1328/2/958 146/2/52 1329/2/967
f 1343/2/959 1328/2/958 1329/2/967
f 1329/2/967 1344/2/968 1343/2/959
f 1373/2/960 1343/2/959 1344/2/968
f 1344/2/968 1280/2/969 1373/2/960
f 1280/2/969 1220/2/56 1373/2/960
f 1271/2/54 1373/2/960 1220/2/56
f 1431/2/963 1223/2/962 1220/2/56
f 1225/2/970 1282/2/961 1433/2/971
f 1433/2/971 1227/2/972 1225/2/970
f 1330/2/973 1322/2/974 1112/2/975
f 1427/2/976 1119/2/977 1310/2/978
f 1119/2/977 1112/2/975 1310/2/978
f 1112/2/975 1113/2/979 1331/2/980
f 1346/2/981 1331/2/980 1113/2/979
f 1376/2/982 1361/2/983 1429/2/984
f 1427/2/976 1310/2/978 1305/2/985
f 1309/2/986 1305/2/985 1310/2/978
f 1322/2/974 1309/2/986 1310/2/978
f 1310/2/978 1112/2/975 1322/2/974
f 1330/2/973 1112/2/975 1331/2/980
f 1345/2/987 1330/2/973 1331/2/980
f 1331/2/980 1346/2/981 1345/2/987
f 1360/2/988 1345/2/987 1346/2/981
f 1346/2/981 1361/2/983 1360/2/988
f 1374/2/989 1360/2/988 1361/2/983
f 1361/2/983 1376/2/982 1374/2/989
f 1304/2/964 973/2/45 1305/2/985
f 1308/2/965 1304/2/964 1305/2/985
f 1305/2/985 1309/2/986 1308/2/965
f 1321/2/966 1308/2/965 1309/2/986
f 1309/2/986 1322/2/974 1321/2/966
f 1329/2/967 1321/2/966 1322/2/974
f 1322/2/974 1330/2/973 1329/2/967
f 1344/2/968 1329/2/967 1330/2/973
f 1330/2/973 1345/2/987 1344/2/968
f 1345/2/987 1360/2/988 1344/2/968
f 1280/2/969 1344/2/968 1360/2/988
f 1360/2/988 1374/2/989 1280/2/969
f 1282/2/961 1225/2/970 1223/2/962
f 1266/2/990 1117/2/991 1311/2/992
f 1118/2/993 1311/2/992 1117/2/991
f 1332/2/994 1114/2/995 1115/2/996
f 1278/2/997 1377/2/998 1362/2/999
f 1274/2/1000 1276/2/1001 1378/2/1002
f 1425/2/1003 1312/2/1004 1266/2/990
f 1117/2/991 1266/2/990 1312/2/1004
f 1116/2/1005 1117/2/991 1312/2/1004
f 1116/2/1005 1333/2/1006 1115/2/996
f 1332/2/994 1115/2/996 1333/2/1006
f 1347/2/1007 1332/2/994 1333/2/1006
f 1333/2/1006 1348/2/1008 1347/2/1007
f 1362/2/999 1347/2/1007 1348/2/1008
f 1348/2/1008 1363/2/1009 1362/2/999
f 1278/2/997 1362/2/999 1363/2/1009
f 1363/2/1009 1378/2/1002 1278/2/997
f 1378/2/1002 1276/2/1001 1278/2/997
f 1246/2/1010 1399/2/1011 1400/2/1012
f 1400/2/1012 1248/2/1013 1246/2/1010
f 1313/2/1014 1264/2/1015 1128/2/1016
f 1128/2/1016 1133/2/1017 1313/2/1014
f 1323/2/1018 1313/2/1014 1133/2/1017
f 1334/2/1019 1323/2/1018 1133/2/1017
f 1350/2/1020 1133/2/1017 1335/2/1021
f 1335/2/1021 1351/2/1022 1350/2/1020
f 1365/2/1023 1350/2/1020 1351/2/1022
f 1351/2/1022 1366/2/1024 1365/2/1023
f 1380/2/1025 1365/2/1023 1366/2/1024
f 1366/2/1024 1381/2/1026 1380/2/1025
f 1381/2/1026 1391/2/1027 1380/2/1025
f 1349/2/1028 1334/2/1019 1133/2/1017
f 1133/2/1017 1350/2/1020 1349/2/1028
f 1364/2/1029 1349/2/1028 1350/2/1020
f 1350/2/1020 1365/2/1023 1364/2/1029
f 1379/2/1030 1364/2/1029 1365/2/1023
f 1365/2/1023 1380/2/1025 1379/2/1030
f 1390/2/1031 1379/2/1030 1380/2/1025
f 1380/2/1025 1391/2/1027 1390/2/1031
f 1272/2/1032 1390/2/1031 1391/2/1027
f 1391/2/1027 1395/2/1033 1272/2/1032
f 1250/2/1034 1438/2/1035 1229/2/1036
f 1312/2/1004 1425/2/1003 1264/2/1015
f 1264/2/1015 1313/2/1014 1312/2/1004
f 1116/2/1005 1312/2/1004 1313/2/1014
f 1313/2/1014 1323/2/1018 1116/2/1005
f 1333/2/1006 1116/2/1005 1323/2/1018
f 1323/2/1018 1334/2/1019 1333/2/1006
f 1348/2/1008 1333/2/1006 1334/2/1019
f 1334/2/1019 1349/2/1028 1348/2/1008
f 1363/2/1009 1348/2/1008 1349/2/1028
f 1349/2/1028 1364/2/1029 1363/2/1009
f 1378/2/1002 1363/2/1009 1364/2/1029
f 1364/2/1029 1379/2/1030 1378/2/1002
f 1274/2/1000 1378/2/1002 1379/2/1030
f 1379/2/1030 1390/2/1031 1274/2/1000
f 1390/2/1031 1272/2/1032 1274/2/1000
f 1248/2/1013 1400/2/1012 1250/2/1034
f 1266/2/990 1311/2/992 1427/2/976
f 1119/2/977 1427/2/976 1311/2/992
f 1311/2/992 1118/2/993 1119/2/977
f 1114/2/995 1332/2/994 1113/2/979
f 1332/2/994 1347/2/1007 1113/2/979
f 1346/2/981 1113/2/979 1347/2/1007
f 1361/2/983 1346/2/981 1347/2/1007
f 1347/2/1007 1362/2/999 1361/2/983
f 1429/2/984 1361/2/983 1362/2/999
f 1362/2/999 1377/2/998 1429/2/984
f 1227/2/972 1433/2/971 1436/2/1037
f 1244/2/1038 1227/2/972 1436/2/1037
f 1436/2/1037 1399/2/1011 1244/2/1038
f 1399/2/1011 1246/2/1010 1244/2/1038
f 1382/2/1039 1393/2/1040 1392/2/1041
f 1396/2/1042 1392/2/1041 1393/2/1040
f 1393/2/1040 1398/2/1043 1396/2/1042
f 1131/2/1044 1135/2/1045 1314/2/1046
f 1314/2/1046 1324/2/1047 1131/2/1044
f 1324/2/1047 1336/2/1048 1131/2/1044
f 1314/2/1046 1135/2/1045 1422/2/1049
f 1336/2/1048 1353/2/1050 1131/2/1044
f 1352/2/1051 1131/2/1044 1353/2/1050
f 1367/2/1052 1352/2/1051 1353/2/1050
f 1353/2/1050 1368/2/1053 1367/2/1052
f 1382/2/1039 1367/2/1052 1368/2/1053
f 1368/2/1053 1383/2/1054 1382/2/1039
f 1393/2/1040 1382/2/1039 1383/2/1054
f 1383/2/1054 1394/2/1055 1393/2/1040
f 1398/2/1043 1393/2/1040 1394/2/1055
f 1394/2/1055 1302/2/1056 1398/2/1043
f 1284/2/1057 1234/2/1058 1251/2/1059
f 1300/2/1060 1444/2/1061 1384/2/1062
f 1419/2/1063 1316/2/1064 1126/2/1065
f 1126/2/1065 1316/2/1064 1121/2/1066
f 1123/2/1067 1338/2/1068 1124/2/1069
f 1370/2/1070 1385/2/1071 1298/2/1072
f 1315/2/1073 1261/2/1074 1419/2/1063
f 1419/2/1063 1126/2/1065 1315/2/1073
f 1125/2/1075 1315/2/1073 1126/2/1065
f 1125/2/1075 1124/2/1069 1337/2/1076
f 1124/2/1069 1338/2/1068 1337/2/1076
f 1354/2/1077 1337/2/1076 1338/2/1068
f 1338/2/1068 1355/2/1078 1354/2/1077
f 1369/2/1079 1354/2/1077 1355/2/1078
f 1355/2/1078 1370/2/1070 1369/2/1079
f 1370/2/1070 1298/2/1072 1369/2/1079
f 1384/2/1062 1369/2/1079 1298/2/1072
f 1300/2/1060 1384/2/1062 1298/2/1072
f 1403/2/1080 1238/2/1081 1286/2/1082
f 1236/2/1083 1286/2/1082 1238/2/1081
f 1261/2/1074 1315/2/1073 1422/2/1049
f 1314/2/1046 1422/2/1049 1315/2/1073
f 1324/2/1047 1314/2/1046 1315/2/1073
f 1315/2/1073 1125/2/1075 1324/2/1047
f 1336/2/1048 1324/2/1047 1125/2/1075
f 1125/2/1075 1337/2/1076 1336/2/1048
f 1353/2/1050 1336/2/1048 1337/2/1076
f 1337/2/1076 1354/2/1077 1353/2/1050
f 1368/2/1053 1353/2/1050 1354/2/1077
f 1354/2/1077 1369/2/1079 1368/2/1053
f 1383/2/1054 1368/2/1053 1369/2/1079
f 1369/2/1079 1384/2/1062 1383/2/1054
f 1384/2/1062 1444/2/1061 1383/2/1054
f 1394/2/1055 1383/2/1054 1444/2/1061
f 1302/2/1056 1394/2/1055 1444/2/1061
f 1286/2/1082 1236/2/1083 1234/2/1058
f 1127/2/1084 1417/2/1085 1317/2/1086
f 1120/2/1087 1127/2/1084 1317/2/1086
f 1120/2/1087 1339/2/1088 1122/2/1089
f 1339/2/1088 1356/2/1090 1122/2/1089
f 1371/2/1091 1386/2/1092 1442/2/1093
f 1120/2/1087 1325/2/1094 1340/2/1095
f 1292/2/1096 1256/2/1097 1440/2/1098
f 1240/2/1099 1440/2/1098 1256/2/1097
f 1317/2/1086 1417/2/1085 1259/2/1100
f 1259/2/1100 1318/2/1101 1317/2/1086
f 1120/2/1087 1317/2/1086 1318/2/1101
f 1318/2/1101 1325/2/1094 1120/2/1087
f 1120/2/1087 1340/2/1095 1339/2/1088
f 1356/2/1090 1339/2/1088 1340/2/1095
f 1340/2/1095 1357/2/1102 1356/2/1090
f 1371/2/1091 1356/2/1090 1357/2/1102
f 1357/2/1102 1372/2/1103 1371/2/1091
f 1386/2/1092 1371/2/1091 1372/2/1103
f 1372/2/1103 1387/2/1104 1386/2/1092
f 1294/2/1105 1242/2/1106 1292/2/1096
f 1257/2/128 154/2/126 1327/2/1107
f 1359/2/1108 1342/2/1109 154/2/126
f 154/2/126 153/2/127 1359/2/1108
f 1389/2/1110 1359/2/1108 153/2/127
f 153/2/127 152/2/124 1389/2/1110
f 1307/2/1111 992/2/132 1258/2/130
f 1319/2/1112 1307/2/1111 1258/2/130
f 1258/2/130 1257/2/128 1319/2/1112
f 1326/2/1113 1319/2/1112 1257/2/128
f 1257/2/128 1327/2/1107 1326/2/1113
f 1327/2/1107 154/2/126 1326/2/1113
f 1341/2/1114 1326/2/1113 154/2/126
f 154/2/126 1342/2/1109 1341/2/1114
f 1358/2/1115 1341/2/1114 1342/2/1109
f 1342/2/1109 1359/2/1108 1358/2/1115
f 1296/2/1116 1358/2/1115 1359/2/1108
f 1359/2/1108 1389/2/1110 1296/2/1116
f 1218/2/122 1296/2/1116 1389/2/1110
f 1389/2/1110 152/2/124 1218/2/122
f 1242/2/1106 1294/2/1105 1218/2/122
f 992/2/132 1307/2/1111 1259/2/1100
f 1318/2/1101 1259/2/1100 1307/2/1111
f 1307/2/1111 1319/2/1112 1318/2/1101
f 1325/2/1094 1318/2/1101 1319/2/1112
f 1319/2/1112 1326/2/1113 1325/2/1094
f 1340/2/1095 1325/2/1094 1326/2/1113
f 1326/2/1113 1341/2/1114 1340/2/1095
f 1357/2/1102 1340/2/1095 1341/2/1114
f 1341/2/1114 1358/2/1115 1357/2/1102
f 1372/2/1103 1357/2/1102 1358/2/1115
f 1387/2/1104 1372/2/1103 1358/2/1115
f 1358/2/1115 1296/2/1116 1387/2/1104
f 1256/2/1097 1292/2/1096 1242/2/1106
f 1316/2/1064 1419/2/1063 1417/2/1085
f 1417/2/1085 1127/2/1084 1316/2/1064
f 1121/2/1066 1316/2/1064 1127/2/1084
f 1338/2/1068 1123/2/1067 1122/2/1089
f 1355/2/1078 1338/2/1068 1122/2/1089
f 1122/2/1089 1356/2/1090 1355/2/1078
f 1370/2/1070 1355/2/1078 1356/2/1090
f 1356/2/1090 1371/2/1091 1370/2/1070
f 1371/2/1091 1442/2/1093 1370/2/1070
f 1385/2/1071 1370/2/1070 1442/2/1093
f 1440/2/1098 1240/2/1099 1290/2/1117
f 1240/2/1099 1254/2/1118 1290/2/1117
f 1403/2/1080 1290/2/1117 1254/2/1118
f 1238/2/1081 1403/2/1080 1254/2/1118
f 1335/2/1021 1133/2/1017 1131/2/1044
f 1351/2/1022 1335/2/1021 1131/2/1044
f 1131/2/1044 1352/2/1051 1351/2/1022
f 1366/2/1024 1351/2/1022 1352/2/1051
f 1352/2/1051 1367/2/1052 1366/2/1024
f 1381/2/1026 1366/2/1024 1367/2/1052
f 1367/2/1052 1382/2/1039 1381/2/1026
f 1382/2/1039 1392/2/1041 1381/2/1026
f 1391/2/1027 1381/2/1026 1392/2/1041
f 1395/2/1033 1391/2/1027 1392/2/1041
f 1392/2/1041 1396/2/1042 1395/2/1033
f 1377/2/998 1278/2/997 1429/2/984
f 1376/2/982 1429/2/984 1374/2/989
f 1399/2/1011 1436/2/1037 1400/2/1012
f 1438/2/1035 1250/2/1034 1400/2/1012
f 1229/2/1036 1438/2/1035 1231/2/1119
f 1251/2/1059 1231/2/1120 1284/2/1057
f 1234/2/1058 1284/2/1057 1286/2/1082
f 1290/2/1117 1403/2/1080 1286/2/1082
f 1442/2/1093 1386/2/1092 1387/2/1104
f 1298/2/1072 1385/2/1071 1442/2/1093
f 1396/2/1042 1398/2/1043 1302/2/1056
f 1272/2/1032 1395/2/1033 1396/2/1042
f 993/13/132 1260/13/1121 1406/13/809
f 1260/13/1121 1407/13/1122 1406/13/809
f 1418/13/1123 1409/13/1124 1407/13/1122
f 1420/69/1063 1410/70/1125 1408/71/1124
f 1262/72/1074 1947/73/1126 1410/70/1125
f 1423/74/1049 1946/75/1127 1947/73/1126
f 1137/76/1045 1411/77/1128 1946/75/1127
f 1404/78/1129 1412/79/1130 1411/77/1128
f 1412/79/1130 1130/80/1016 1413/81/1131
f 1413/81/1131 1265/82/1015 1414/83/1132
f 1414/83/1132 1426/84/1003 1940/85/1133
f 1940/85/1133 1267/86/1134 1415/87/1135
f 1416/13/1135 1428/13/976 1939/13/1136
f 1939/13/1136 1306/13/985 2253/13/794
f 2253/13/794 1306/13/985 974/13/45
f 1375/1/989 1283/1/961 1281/1/969
f 1432/1/963 1221/1/56 1281/1/969
f 1281/1/969 1283/1/961 1432/1/963
f 1447/1/1137 1448/1/1138 1430/1/984
f 1434/1/971 1446/1/1139 1430/1/984
f 1430/1/984 1448/1/1138 1434/1/971
f 1448/1/1138 1437/1/1140 1434/1/971
f 1430/1/984 1446/1/1139 1375/1/989
f 1283/1/961 1375/1/989 1446/1/1139
f 1446/1/1139 1434/1/971 1283/1/961
f 1449/1/1141 1279/1/997 1277/1/1001
f 1450/1/1142 1449/1/1141 1401/1/1143
f 1439/1/1144 1273/1/1032 1452/1/1145
f 1401/1/1143 1275/1/1000 1273/1/1032
f 1273/1/1032 1439/1/1144 1401/1/1143
f 1397/1/1042 1452/1/1145 1273/1/1032
f 1449/1/1141 1277/1/1001 1275/1/1000
f 1401/1/1143 1449/1/1141 1275/1/1000
f 1447/1/1137 1430/1/984 1279/1/997
f 1448/1/1138 1447/1/1137 1279/1/997
f 1279/1/997 1449/1/1141 1448/1/1138
f 1449/1/1141 1450/1/1142 1448/1/1138
f 1437/1/1140 1448/1/1138 1450/1/1142
s 0
f 1451/1/1146 1402/1/1146 1435/1/1146
s 1
f 1232/1/1119 1397/1/1042 1453/1/1147
f 1303/1/1056 1285/1/1148 1453/1/1147
f 1232/1/1119 1453/1/1147 1285/1/1148
f 1299/1/1149 1454/1/1150 1301/1/1060
f 1303/1/1056 1453/1/1147 1397/1/1042
f 1301/1/1060 1454/1/1150 1445/1/1061
f 1454/1/1150 1287/1/1151 1445/1/1061
f 1303/1/1056 1445/1/1061 1287/1/1151
f 1285/1/1148 1303/1/1056 1287/1/1151
f 1459/1/1152 1441/1/1098 1443/1/1153
f 1458/1/1154 1457/1/1155 1443/1/1153
f 1443/1/1153 1441/1/1098 1458/1/1154
f 1441/1/1098 1291/1/1117 1458/1/1154
f 1455/1/1156 1458/1/1154 1291/1/1117
f 1295/1/1157 1297/1/1116 1219/1/122
f 1293/1/1096 1388/1/1104 1297/1/1116
f 1297/1/1116 1295/1/1157 1293/1/1096
f 1459/1/1152 1443/1/1153 1388/1/1104
f 1388/1/1104 1293/1/1096 1459/1/1152
f 1441/1/1098 1459/1/1152 1293/1/1096
f 1443/1/1153 1457/1/1155 1299/1/1149
f 1454/1/1150 1299/1/1149 1457/1/1155
f 1457/1/1155 1458/1/1154 1454/1/1150
f 1458/1/1154 1455/1/1156 1454/1/1150
f 1287/1/1151 1454/1/1150 1455/1/1156
s 0
f 1456/1/1158 1289/1/1158 1288/1/1158
s 1
f 1397/1/1042 1232/1/1119 1452/1/1145
f 1439/1/1144 1452/1/1145 1232/1/1119
s 0
f 1463/88/1159 1460/88/1159 1461/88/1159
s 1
f 1576/2/340 1637/2/1160 1615/2/341
f 1500/2/1161 1502/2/1162 1520/2/1163
s 0
f 1480/2/1164 1537/2/1164 1534/2/1164
s 1
f 1467/2/362 303/2/194 1466/2/363
f 303/2/194 1538/2/471 1466/2/363
f 1526/2/1165 1539/2/1166 1536/2/1167
f 1540/2/1168 1524/2/1169 1528/2/1170
f 1539/2/1166 1524/2/1169 1536/2/1167
f 1524/2/1169 1539/2/1166 1528/2/1170
f 1539/2/1166 1526/2/1165 1528/2/1170
f 303/2/194 1536/2/1167 1538/2/471
f 1514/2/1171 1536/2/1167 303/2/194
f 1536/2/1167 1514/2/1171 1526/2/1165
f 1533/2/1172 1517/2/1173 1519/2/1174
f 1519/2/1174 1511/2/1175 1533/2/1172
f 1529/2/566 1522/2/562 1497/2/563
f 1497/2/563 1504/2/525 1529/2/566
f 1497/2/563 1531/2/1176 1504/2/525
f 1504/2/525 1531/2/1176 1521/2/1177
f 1511/2/1175 1521/2/1177 1531/2/1176
f 1519/2/1174 1521/2/1177 1511/2/1175
f 1540/2/1168 1533/2/1172 1524/2/1169
f 788/2/509 753/2/513 749/2/1178
f 1540/2/1168 1528/2/1170 1517/2/1173
s 0
f 1512/2/67 1515/2/67 1527/2/67
s 1
f 1543/2/1179 1553/2/1180 1546/2/1181
f 1572/2/1182 1541/2/1183 1544/2/1184
f 1561/2/1185 1552/2/1186 1549/2/1187
f 1565/2/1188 1554/2/1189 1550/2/1190
f 1554/2/1189 1569/2/1191 1555/2/1192
f 1555/2/1192 1569/2/1191 1556/2/1193
f 1557/2/1194 1570/2/1195 1558/2/1196
f 1562/2/1197 1547/2/1198 1559/2/1199
f 1574/2/1200 1566/2/1201 1563/2/1202
f 1590/2/68 1625/2/1203 1591/2/1204
f 1591/2/1204 1626/2/1205 1639/2/1206
f 579/2/257 825/2/259 561/2/258
f 796/2/93 798/2/196 485/2/92
f 1804/2/16 1802/2/16 1800/2/16
f 1577/2/339 1615/2/341 317/2/418
f 317/2/418 1615/2/341 1637/2/1160
f 1619/2/1207 1635/2/1208 1647/2/1209
f 1648/2/1210 1622/2/1211 1633/2/1212
f 1647/2/1209 1635/2/1208 1633/2/1212
f 1633/2/1212 1622/2/1211 1647/2/1209
f 1647/2/1209 1622/2/1211 1619/2/1207
f 317/2/418 1637/2/1160 1635/2/1208
f 1617/2/1213 317/2/418 1635/2/1208
f 1635/2/1208 1619/2/1207 1617/2/1213
f 1646/2/1214 1627/2/1215 1624/2/1216
f 1627/2/1215 1646/2/1214 1644/2/1217
f 1628/2/584 1607/2/557 1629/2/586
f 1607/2/557 1628/2/584 1613/2/554
f 1607/2/557 1613/2/554 1631/2/1218
f 1613/2/554 1640/2/1219 1631/2/1218
f 1644/2/1217 1631/2/1218 1640/2/1219
f 1627/2/1215 1644/2/1217 1640/2/1219
f 1648/2/1210 1633/2/1212 1646/2/1214
f 522/2/99 206/2/101 521/2/174
f 1648/2/1210 1624/2/1216 1622/2/1211
s 0
f 1616/2/67 1621/2/67 1623/2/67
s 1
f 1654/2/1220 1658/2/1221 1657/2/1222
f 1651/2/1223 1658/2/1221 1654/2/1220
f 1650/2/1224 1662/2/1225 1659/2/1226
f 1649/2/1227 1674/2/1228 1661/2/1229
f 1657/2/1222 1664/2/1230 1656/2/1231
f 1658/2/1221 1664/2/1230 1657/2/1222
f 1658/2/1221 1669/2/1232 1667/2/1233
f 1660/2/1234 1672/2/1235 1669/2/1232
f 1662/2/1225 1675/2/1236 1671/2/1237
f 1655/2/1238 1665/2/1239 1663/2/1240
f 1670/2/1241 1676/2/1242 1668/2/1243
f 1684/1/1244 1688/1/1245 1689/1/1246
f 1533/2/1172 1540/2/1168 1517/2/1173
f 2034/2/70 1933/2/512 1931/2/70
f 1984/2/71 1759/2/71 1727/2/70
f 1994/2/71 1818/2/16 1803/2/16
f 1855/2/16 1821/2/512 2002/2/70
f 738/2/504 736/2/508 728/2/412
f 2010/2/70 1949/2/16 1898/2/16
f 2013/2/16 1951/2/512 1949/2/16
f 589/12/1247 598/12/1248 829/12/1249
f 2062/2/16 2064/2/512 1961/2/16
f 2056/2/512 2018/2/70 1827/2/70
f 2021/2/1250 2023/2/70 1805/2/70
f 1477/2/1251 1485/2/1252 1527/2/67
f 2042/2/70 1994/2/71 1803/2/16
f 1966/2/16 2068/2/16 1968/2/16
f 1968/2/16 2029/2/16 1736/2/16
f 1736/2/16 1969/2/70 1888/2/1253
f 2070/1/1254 1971/1/1255 1970/1/1256
f 2071/1/1257 1973/1/1258 1971/1/1255
f 2072/1/1259 2031/1/1260 1973/1/1258
f 2031/1/1260 2074/1/1261 2033/1/1262
f 2033/1/1262 2075/1/1263 2035/1/1264
f 2035/1/1264 2076/1/1265 1975/1/1266
f 1975/1/1266 2077/1/1267 1977/1/1268
f 2077/1/1267 1981/1/1269 1978/1/1270
f 2078/1/1271 1983/1/1272 1981/1/1269
f 2079/1/1273 1985/1/1274 1983/1/1272
f 2080/1/1275 1987/1/1276 1985/1/1274
f 2081/1/1277 1989/1/1278 1987/1/1276
f 2082/1/1279 1991/1/1280 1989/1/1278
f 2084/1/1281 2037/1/1282 1991/1/1280
f 2086/1/1283 2039/1/1284 2037/1/1282
f 2088/1/1285 2041/1/1286 2039/1/1284
f 2090/1/1287 1993/1/1288 2041/1/1286
f 2091/1/1289 1995/1/1290 1993/1/1288
f 2093/1/1291 1997/1/1292 1995/1/1290
f 2095/1/1293 1999/1/1294 1997/1/1292
f 2097/1/1295 2001/1/1296 1999/1/1294
f 2098/1/1297 2003/1/1298 2001/1/1296
f 2100/1/1299 2005/1/1300 2003/1/1298
f 2102/1/1301 2007/1/1302 2005/1/1300
f 2104/1/1303 2009/1/1304 2007/1/1302
f 2106/1/1305 2011/1/1306 2009/1/1304
f 2108/1/1307 2044/1/1308 2011/1/1306
f 2110/1/1309 2014/1/1310 2044/1/1308
f 2112/1/1311 2048/1/1312 2014/1/1310
f 2048/1/1312 2116/1/1313 2050/1/1314
f 2050/1/1314 2118/1/1315 2052/1/1316
f 2052/1/1316 2121/1/1317 2055/1/1318
f 2055/1/1318 2123/1/1319 2017/1/1320
f 2017/1/1320 2125/1/1321 2057/1/1322
f 2057/1/1322 2127/1/1323 2020/1/1324
f 2127/1/1323 2059/1/1325 2020/1/1324
f 2129/1/1326 2061/1/1327 2059/1/1325
f 2061/1/1327 2132/1/1328 2022/1/1329
f 2022/1/1329 2133/1/1330 2024/1/1331
f 2024/1/1331 2134/1/1332 2026/1/1333
f 2026/1/1333 2135/1/1334 2063/1/1335
f 2063/1/1335 2136/1/1336 2065/1/1337
f 2065/1/1337 2137/1/1338 2067/1/1339
f 2067/1/1339 2138/1/1340 2028/1/1341
f 2028/1/1341 2139/1/1342 2069/1/1343
f 2069/1/1343 2140/1/1344 2030/1/1345
f 2030/1/1345 2070/1/1254 1970/1/1256
f 2079/1/1273 2078/1/1271 2075/1/1263
f 680/2/458 682/2/454 677/2/411
s 0
f 457/2/41 2146/2/41 2144/2/41
s 1
f 2143/2/82 2175/2/83 2141/2/83
f 480/2/91 478/2/87 477/2/950
f 2148/2/321 2178/2/321 1750/2/321
f 1745/2/321 2181/2/321 2148/2/321
f 1772/2/1346 2183/2/82 1745/2/321
f 1853/2/41 2193/2/321 1811/2/321
f 2239/2/321 2195/2/83 1849/2/83
f 724/2/273 721/2/1347 355/2/274
f 1909/2/321 2243/2/321 2154/2/82
f 1917/2/83 2246/2/41 1910/2/41
f 1861/2/82 2256/2/1346 2255/2/82
f 1826/2/16 1856/2/16 1820/2/16
f 2161/2/83 2163/2/83 2207/2/83
f 521/2/174 524/2/165 522/2/99
f 1769/2/83 2274/2/41 2272/2/82
f 1739/2/41 2220/2/83 2274/2/41
f 1741/2/41 2172/2/41 2220/2/83
f 2223/1/1348 2276/1/1349 2173/1/1350
f 2225/1/1351 2277/1/1352 2223/1/1348
f 2227/1/1353 2278/1/1354 2225/1/1351
f 2227/1/1353 2280/1/1355 2279/1/1356
f 2174/1/1357 2281/1/1358 2280/1/1355
f 2176/1/1359 2282/1/1360 2281/1/1358
f 2229/1/1361 2283/1/1362 2282/1/1360
f 2182/1/1363 2283/1/1362 2180/1/1364
f 2184/1/1365 2284/1/1366 2182/1/1363
f 2232/1/1367 2285/1/1368 2184/1/1365
f 2186/1/1369 2286/1/1370 2232/1/1367
f 2188/1/1371 2287/1/1372 2186/1/1369
f 2234/1/1373 2289/1/1374 2188/1/1371
f 2236/1/1375 2291/1/1376 2234/1/1373
f 2190/1/1377 2293/1/1378 2236/1/1375
f 2192/1/1379 2295/1/1380 2190/1/1377
f 2194/1/1381 2297/1/1382 2192/1/1379
f 2238/1/1383 2299/1/1384 2194/1/1381
f 2196/1/1385 2301/1/1386 2238/1/1383
f 2240/1/1387 2303/1/1388 2196/1/1385
f 2242/1/1389 2305/1/1390 2240/1/1387
f 2198/1/1391 2307/1/1392 2242/1/1389
f 2200/1/1393 2309/1/1394 2198/1/1391
f 2202/1/1395 2311/1/1396 2200/1/1393
f 2244/1/1397 2313/1/1398 2202/1/1395
f 2247/1/1399 2315/1/1400 2244/1/1397
f 2204/1/1401 2317/1/1402 2247/1/1399
f 2248/1/1403 2319/1/1404 2204/1/1401
f 2250/1/1405 2320/1/1406 2248/1/1403
f 2250/1/1405 2324/1/1407 2322/1/1408
f 2205/1/1409 2326/1/1410 2324/1/1407
f 2254/1/1411 2329/1/1412 2326/1/1410
f 2257/1/1413 2331/1/1414 2329/1/1412
f 2208/1/1415 2333/1/1416 2331/1/1414
f 2259/1/1417 2335/1/1418 2333/1/1416
f 2211/1/1419 2336/1/1420 2263/1/1421
f 2213/1/1422 2338/1/1423 2211/1/1419
f 2213/1/1422 2341/1/1424 2340/1/1425
f 2215/1/1426 2342/1/1427 2341/1/1424
f 2267/1/1428 2343/1/1429 2342/1/1427
f 2269/1/1430 2344/1/1431 2343/1/1429
f 2217/1/1432 2345/1/1433 2344/1/1431
f 2219/1/1434 2346/1/1435 2345/1/1433
f 2271/1/1436 2347/1/1437 2346/1/1435
f 2273/1/1438 2348/1/1439 2347/1/1437
f 2275/1/1440 2349/1/1441 2348/1/1439
f 2221/1/1442 2276/1/1349 2349/1/1441
f 2306/1/1443 2308/1/1444 2323/1/1445
f 973/2/45 145/2/48 155/2/46
f 145/2/48 1269/2/50 156/2/49
f 1269/2/50 146/2/52 157/2/51
f 146/2/52 1270/2/55 158/2/53
f 1271/2/54 159/2/57 158/2/53
f 1220/2/56 160/2/59 159/2/57
f 147/2/58 161/2/61 160/2/59
f 147/2/58 469/2/62 470/2/60
f 1584/2/69 1585/2/1446 1618/2/1447
f 1618/2/1447 1620/2/1448 1584/2/69
f 1620/2/1448 1621/2/67 1584/2/69
f 1727/2/70 1729/2/70 1982/2/70
f 1729/2/70 1936/2/71 1979/2/71
f 1982/2/70 1729/2/70 1979/2/71
f 148/2/66 791/2/72 472/2/74
f 793/2/75 794/2/77 475/2/76
f 475/2/76 791/2/72 148/2/66
f 474/11/78 526/11/73 476/11/76
f 2170/2/82 1787/2/41 2218/2/41
f 1787/2/41 1767/2/41 2270/2/41
f 2218/2/41 1787/2/41 2270/2/41
f 1767/2/41 1769/2/83 2272/2/82
f 2272/2/82 2270/2/41 1767/2/41
f 2218/2/41 2216/2/83 2170/2/82
f 2216/2/83 2268/2/83 2169/2/41
f 822/2/88 567/2/305 569/2/89
f 477/2/950 796/2/93 480/2/91
f 1646/2/1214 1624/2/1216 1648/2/1210
f 799/11/102 491/11/98 474/11/78
f 491/11/98 518/11/97 474/11/78
f 1494/2/109 1500/2/1161 1520/2/1163
f 1518/2/107 1494/2/109 1520/2/1163
f 807/2/112 149/2/152 507/2/110
f 2010/2/70 1898/2/16 2008/2/16
f 1898/2/16 1855/2/16 2006/2/16
f 2008/2/16 1898/2/16 2006/2/16
f 151/2/119 163/2/121 508/2/118
f 151/2/119 1218/2/122 164/2/120
f 1218/2/122 152/2/124 165/2/123
f 152/2/124 153/2/127 166/2/125
f 154/2/126 167/2/129 166/2/125
f 1257/2/128 168/2/131 167/2/129
f 1258/2/130 169/2/133 168/2/131
f 992/2/132 170/2/162 169/2/133
f 977/2/47 155/2/46 173/2/134
f 155/2/46 156/2/49 174/2/136
f 156/2/49 157/2/51 187/2/137
f 157/2/51 158/2/53 175/2/138
f 159/2/57 176/2/139 175/2/138
f 160/2/59 177/2/140 176/2/139
f 161/2/61 178/2/142 177/2/140
f 161/2/61 470/2/60 815/2/141
f 810/2/63 162/2/65 513/2/144
f 555/2/231 554/2/149 543/2/148
f 472/2/74 524/2/165 513/2/144
f 505/11/113 812/11/1449 518/11/97
f 149/2/152 801/2/105 803/2/106
f 812/11/1449 514/11/166 518/11/97
f 478/2/87 793/2/75 477/2/950
f 163/2/121 179/2/157 517/2/155
f 163/2/121 164/2/120 180/2/156
f 164/2/120 165/2/123 181/2/158
f 165/2/123 166/2/125 182/2/159
f 167/2/129 188/2/160 182/2/159
f 168/2/131 183/2/161 188/2/160
f 169/2/133 184/2/163 183/2/161
f 170/2/162 185/2/1450 184/2/163
f 173/2/134 187/2/137 837/2/164
f 183/2/161 184/2/163 188/2/160
f 184/2/163 185/2/1450 907/2/167
f 187/2/137 191/2/169 190/2/168
f 176/2/139 192/2/170 191/2/169
f 177/2/140 193/2/171 192/2/170
f 178/2/142 194/2/173 193/2/171
f 178/2/142 815/2/141 520/2/172
f 587/2/309 296/2/282 1923/2/304
f 2046/2/175 488/2/197 1216/2/176
f 179/2/157 195/2/182 816/2/180
f 179/2/157 180/2/156 196/2/181
f 180/2/156 181/2/158 197/2/183
f 181/2/158 182/2/159 198/2/184
f 182/2/159 188/2/160 198/2/184
f 188/2/160 907/2/167 200/2/185
f 192/2/170 203/2/187 202/2/186
f 193/2/171 204/2/188 203/2/187
f 194/2/173 205/2/190 204/2/188
f 194/2/173 520/2/172 530/2/189
f 677/2/411 686/2/462 688/2/463
f 1472/2/195 1478/2/425 1474/2/193
f 798/2/196 796/2/93 1216/2/176
f 195/2/182 207/2/201 817/2/199
f 195/2/182 196/2/181 208/2/200
f 196/2/181 197/2/183 209/2/202
f 197/2/183 198/2/184 211/2/203
f 198/2/184 200/2/185 211/2/203
f 203/2/187 215/2/205 214/2/204
f 204/2/188 216/2/206 215/2/205
f 205/2/190 217/2/208 216/2/206
f 205/2/190 530/2/189 218/2/207
f 761/2/209 762/2/536 766/2/210
f 534/2/198 818/2/218 535/2/192
f 573/2/1451 567/2/305 587/2/309
f 822/2/88 587/2/309 567/2/305
f 536/11/192 546/11/230 533/11/216
f 207/2/201 219/2/220 537/2/217
f 207/2/201 208/2/200 220/2/219
f 208/2/200 209/2/202 221/2/221
f 209/2/202 211/2/203 224/2/222
f 215/2/205 227/2/224 226/2/223
f 216/2/206 217/2/208 228/2/225
f 217/2/208 218/2/207 539/2/226
f 818/2/218 555/2/231 545/2/230
f 219/2/220 229/2/233 819/2/232
f 220/2/219 230/2/235 229/2/233
f 220/2/219 221/2/221 230/2/235
f 221/2/221 224/2/222 232/2/234
f 226/2/223 227/2/224 236/2/236
f 227/2/224 228/2/225 238/2/239
f 228/2/225 539/2/226 557/2/240
f 542/11/228 526/11/73 548/11/247
f 550/2/241 549/2/227 552/2/365
f 552/2/365 1891/2/242 550/2/241
f 1890/12/244 823/12/245 820/12/1452
f 526/11/73 824/11/256 2158/11/246
f 544/11/148 564/11/150 553/11/229
f 229/2/233 239/2/249 556/2/248
f 230/2/235 240/2/261 239/2/249
f 230/2/235 241/2/250 240/2/261
f 232/2/234 244/2/264 241/2/250
f 235/2/237 236/2/236 248/2/251
f 236/2/236 237/2/238 249/2/253
f 237/2/238 238/2/239 250/2/254
f 238/2/239 557/2/240 571/2/90
f 820/12/1452 823/12/245 558/12/1453
f 550/2/241 559/2/255 822/2/88
f 563/2/150 554/2/149 561/2/258
f 239/2/249 251/2/262 565/2/260
f 240/2/261 252/2/263 251/2/262
f 241/2/250 253/2/265 252/2/263
f 244/2/264 256/2/285 253/2/265
f 247/2/252 248/2/251 260/2/269
f 248/2/251 249/2/253 261/2/270
f 249/2/253 250/2/254 262/2/271
f 250/2/254 571/2/90 827/2/272
f 568/11/305 572/11/90 570/11/1454
f 572/11/90 568/11/305 828/11/272
f 559/2/255 587/2/309 822/2/88
f 588/11/309 560/11/255 526/11/73
f 2145/2/83 1749/2/82 2230/2/83
f 1749/2/82 2179/2/83 2230/2/83
f 2230/2/83 2177/2/82 2145/2/83
f 1813/2/41 467/2/83 1851/2/41
f 1851/2/41 1810/2/41 1813/2/41
f 1810/2/41 1809/2/41 1813/2/41
f 553/11/229 826/11/259 832/11/317
f 1877/2/83 2159/2/83 2206/2/82
f 2159/2/83 1861/2/82 2255/2/82
f 2206/2/82 2159/2/83 2255/2/82
f 565/2/260 577/2/281 579/2/257
f 1857/2/16 1828/2/680 1834/2/277
f 622/2/278 311/2/85 310/2/79
f 641/2/81 612/2/356 296/2/282
f 581/11/280 576/11/299 578/11/281
f 251/2/262 263/2/283 580/2/280
f 252/2/263 264/2/284 263/2/283
f 253/2/265 265/2/286 264/2/284
f 256/2/285 266/2/325 265/2/286
f 254/2/763 267/2/327 266/2/325
f 257/2/268 259/2/267 271/2/287
f 259/2/267 260/2/269 273/2/290
f 260/2/269 261/2/270 274/2/291
f 261/2/270 262/2/271 275/2/292
f 262/2/271 827/2/272 582/2/293
f 1844/2/296 2166/2/294 1140/2/294
f 568/11/305 597/11/300 828/11/272
f 493/12/302 487/12/1455 2047/12/301
s 0
f 2047/12/301 490/12/301 800/12/301
f 490/12/301 501/12/301 492/12/301
f 800/12/301 490/12/301 492/12/301
s 1
f 587/2/309 1923/2/304 573/2/1451
s 0
f 529/2/1456 515/2/1456 813/2/1456
s 1
f 575/2/299 831/2/317 825/2/259
f 1924/11/304 585/11/354 597/11/300
f 1912/2/41 1911/2/684 1913/2/41
f 1915/2/306 1914/2/917 1104/2/307
f 1912/2/41 1913/2/41 1915/2/306
f 526/11/73 474/11/78 590/11/310
f 553/11/229 592/11/314 606/11/316
f 831/2/317 575/2/299 593/2/318
f 594/11/318 576/11/299 607/11/319
f 831/2/317 593/2/318 595/2/320
f 595/2/320 284/2/315 831/2/317
f 1797/2/41 1793/2/1346 2235/2/1346
f 1793/2/1346 1815/2/82 2235/2/1346
f 2235/2/1346 1815/2/82 2189/2/321
f 1815/2/82 1811/2/321 2189/2/321
f 1811/2/321 2193/2/321 2191/2/321
f 2191/2/321 2189/2/321 1811/2/321
f 2235/2/1346 2233/2/321 1797/2/41
f 2233/2/321 2187/2/321 1798/2/321
f 2187/2/321 2149/2/321 1798/2/321
f 263/2/283 276/2/323 608/2/322
f 264/2/284 277/2/324 276/2/323
f 265/2/286 278/2/326 277/2/324
f 266/2/325 279/2/373 278/2/326
f 266/2/325 280/2/328 279/2/373
f 267/2/327 909/2/342 280/2/328
f 269/2/288 271/2/287 281/2/329
f 448/2/647 1768/2/684 1789/2/41
f 1768/2/684 1770/2/41 1789/2/41
f 830/2/308 599/2/333 296/2/282
f 1645/2/337 1632/2/1457 339/2/335
f 1632/2/1457 1634/2/1458 339/2/335
f 1596/2/336 1642/2/524 1645/2/337
f 553/11/229 606/11/316 604/11/338
f 1851/2/41 1141/2/41 2151/2/294
f 1852/2/41 1810/2/41 1851/2/41
f 280/2/328 287/2/380 285/2/376
f 909/2/342 288/2/767 286/2/343
f 282/2/332 1464/2/346 982/2/344
f 283/2/331 1468/2/348 1464/2/346
f 283/2/331 271/2/287 1469/2/347
f 271/2/287 272/2/289 292/2/349
f 272/2/289 273/2/290 293/2/350
f 273/2/290 274/2/291 294/2/351
f 274/2/291 275/2/292 295/2/352
f 275/2/292 582/2/293 635/2/353
f 597/11/300 639/11/357 583/11/293
f 639/11/357 636/11/353 583/11/293
f 610/2/355 584/2/354 296/2/282
f 611/11/355 613/11/356 639/11/357
f 310/2/79 296/2/282 601/2/334
f 601/2/334 617/2/1459 310/2/79
f 474/11/78 618/11/1459 602/11/334
f 618/11/1459 474/11/78 834/11/359
s 0
f 614/12/360 620/12/360 1918/12/360
f 1918/12/360 616/12/360 833/12/360
s 1
f 474/11/78 627/11/364 623/11/278
f 553/11/229 625/11/366 627/11/364
f 596/11/320 607/11/319 643/11/368
f 629/11/367 643/11/368 631/11/369
f 803/2/106 805/2/104 495/2/153
f 276/2/323 297/2/371 632/2/370
f 277/2/324 298/2/372 297/2/371
f 278/2/326 299/2/374 298/2/372
f 279/2/373 300/2/375 299/2/374
f 280/2/328 301/2/377 300/2/375
f 285/2/376 1575/2/379 301/2/377
f 285/2/376 287/2/380 1578/2/378
f 287/2/380 290/2/1460 1579/2/381
f 984/2/398 982/2/344 1465/2/361
f 982/2/344 1464/2/346 1465/2/361
f 1465/2/361 1464/2/346 1468/2/348
f 1468/2/348 303/2/194 1467/2/362
f 1467/2/362 1465/2/361 1468/2/348
f 1468/2/348 1469/2/347 1470/2/382
f 1469/2/347 292/2/349 304/2/383
f 292/2/349 293/2/350 305/2/384
f 293/2/350 294/2/351 306/2/385
f 294/2/351 295/2/352 308/2/386
f 295/2/352 635/2/353 308/2/386
f 639/11/357 640/11/388 636/11/353
f 1765/2/16 1763/2/16 1965/2/71
f 1965/2/71 1762/2/16 1765/2/16
s 0
f 634/2/1461 652/2/1461 307/2/1461
s 1
f 640/11/388 639/11/357 642/11/81
f 642/11/81 638/11/80 640/11/388
f 643/11/368 645/11/391 647/11/390
f 284/2/315 646/2/390 311/2/85
f 646/2/390 648/2/392 311/2/85
f 298/2/372 312/2/394 650/2/393
f 299/2/374 313/2/395 312/2/394
f 300/2/375 314/2/396 313/2/395
f 301/2/377 315/2/397 314/2/396
f 1575/2/379 317/2/418 315/2/397
f 317/2/418 1575/2/379 1577/2/339
f 1575/2/379 1578/2/378 1576/2/340
f 1577/2/339 1575/2/379 1576/2/340
f 1576/2/340 1578/2/378 1579/2/381
f 1579/2/381 318/2/420 1576/2/340
f 984/2/398 1465/2/361 1482/2/399
f 1470/2/382 1471/2/402 1472/2/195
f 1470/2/382 304/2/383 320/2/401
f 304/2/383 305/2/384 321/2/403
f 305/2/384 306/2/385 322/2/404
f 306/2/385 308/2/386 323/2/405
f 1863/2/41 2154/2/82 2199/2/41
f 2154/2/82 2243/2/321 2201/2/83
f 2201/2/83 2199/2/41 2154/2/82
f 640/11/388 666/11/430 309/11/386
f 655/11/297 657/11/298 640/11/388
f 650/2/393 671/2/407 663/2/409
f 333/2/433 709/2/475 705/2/474
f 645/11/391 651/11/393 664/11/409
f 675/2/413 667/2/432 677/2/411
f 650/2/393 324/2/414 671/2/407
f 312/2/394 325/2/415 324/2/414
f 313/2/395 326/2/416 325/2/415
f 314/2/396 327/2/417 326/2/416
f 315/2/397 1581/2/443 327/2/417
f 1581/2/443 315/2/397 1582/2/419
f 757/2/534 762/2/536 761/2/209
f 318/2/420 1588/2/1462 340/2/421
f 1478/2/425 1472/2/195 1907/2/423
f 1907/2/423 1471/2/402 320/2/401
f 320/2/401 328/2/426 1907/2/423
f 320/2/401 321/2/403 329/2/427
f 321/2/403 322/2/404 330/2/428
f 322/2/404 323/2/405 331/2/429
f 535/2/192 818/2/218 545/2/230
f 310/2/79 677/2/411 656/2/298
f 311/2/85 669/2/435 333/2/433
f 2231/2/684 1772/2/1346 2185/2/82
f 1772/2/1346 2149/2/321 2185/2/82
f 324/2/414 335/2/437 671/2/407
f 325/2/415 336/2/438 335/2/437
f 326/2/416 337/2/439 336/2/438
f 327/2/417 338/2/442 337/2/439
f 338/2/442 327/2/417 2222/2/440
f 327/2/417 1581/2/443 2222/2/440
f 2222/2/440 1582/2/419 1583/2/444
f 340/2/421 1588/2/1462 995/2/1463
f 1482/2/399 1484/2/491 1487/2/445
f 1482/2/399 1491/2/1464 1484/2/491
f 1479/2/424 342/2/447 1495/2/446
f 1494/2/109 1485/2/1252 1477/2/1251
f 328/2/426 343/2/449 342/2/447
f 328/2/426 329/2/427 344/2/448
f 329/2/427 330/2/428 345/2/450
f 330/2/428 331/2/429 346/2/451
f 331/2/429 308/2/386 726/2/452
f 1964/2/16 1962/2/70 2066/2/70
f 1962/2/70 2064/2/512 2066/2/70
f 2066/2/70 2027/2/16 1964/2/16
f 640/11/388 729/11/412 674/11/431
f 605/2/316 284/2/315 311/2/85
f 729/11/412 727/11/503 674/11/431
f 550/2/241 821/2/243 559/2/255
f 162/2/65 148/2/66 472/2/74
f 1583/2/444 1582/2/419 1586/2/453
f 640/11/388 668/11/432 676/11/413
f 2264/2/83 1743/2/82 2226/2/82
f 1743/2/82 2141/2/83 2228/2/83
f 2141/2/83 2175/2/83 2228/2/83
f 2228/2/83 2226/2/82 1743/2/82
f 2226/2/82 2224/2/83 2264/2/83
f 728/2/412 677/2/411 682/2/454
f 694/11/456 679/11/455 683/11/457
f 694/11/456 691/11/460 689/11/461
f 332/2/313 695/2/312 692/2/464
f 1535/2/1465 1523/2/1466 1481/2/467
f 1523/2/1466 1532/2/468 1481/2/467
f 1532/2/468 1509/2/1467 1490/2/466
f 697/2/311 333/2/433 701/2/469
f 1538/2/471 1482/2/399 1465/2/361
f 698/11/311 740/11/470 694/11/456
f 740/11/470 702/11/469 700/11/472
f 333/2/433 705/2/474 703/2/473
f 2167/2/684 2169/2/41 2268/2/83
f 2266/2/684 2214/2/82 1807/2/82
f 2214/2/82 2212/2/82 1845/2/82
f 2266/2/684 1807/2/82 2167/2/684
f 2167/2/684 2268/2/83 2266/2/684
f 1845/2/82 1807/2/82 2214/2/82
f 2261/2/684 1841/2/684 2210/2/321
f 1841/2/684 1847/2/321 2210/2/321
f 1847/2/321 1845/2/82 2212/2/82
s 0
f 711/2/1468 334/2/1468 714/2/1468
s 1
f 333/2/433 669/2/435 712/2/477
f 713/11/477 708/11/511 740/11/470
f 740/11/470 710/11/475 713/11/477
f 310/2/79 617/2/1459 1919/2/478
f 716/11/479 670/11/435 645/11/391
f 335/2/437 347/2/482 719/2/481
f 336/2/438 348/2/483 347/2/482
f 337/2/439 349/2/484 348/2/483
f 338/2/442 350/2/486 349/2/484
f 338/2/442 1589/2/441 1598/2/485
f 1589/2/441 1583/2/444 1592/2/487
f 1584/2/69 1590/2/68 1591/2/1204
f 340/2/421 995/2/1463 1601/2/490
f 1489/2/1469 1487/2/445 1484/2/491
f 1490/2/466 1509/2/1467 1483/2/1470
f 343/2/449 351/2/496 1492/2/494
f 343/2/449 344/2/448 352/2/495
f 344/2/448 345/2/450 353/2/497
f 345/2/450 346/2/451 354/2/498
f 354/2/498 346/2/451 730/2/530
f 346/2/451 726/2/452 730/2/530
f 519/2/178 534/2/198 527/2/151
f 1770/2/41 1768/2/684 1738/2/41
f 1768/2/684 456/2/499 1740/2/41
s 0
f 1738/2/1471 1768/2/1471 1740/2/1471
s 1
f 1737/2/500 1742/2/321 1744/2/41
f 2265/2/41 1740/2/41 456/2/499
f 1737/2/500 1744/2/41 2265/2/41
f 729/11/412 722/11/501 727/11/503
f 724/2/273 364/2/275 733/2/1472
f 731/11/1473 727/11/503 725/11/502
f 725/11/502 735/11/1474 731/11/1473
s 0
f 723/12/1475 732/12/1475 734/12/1475
s 1
f 1641/2/1476 1604/2/683 1630/2/681
f 1630/2/681 1604/2/683 1606/2/682
f 1890/12/244 551/12/507 2157/12/244
f 547/12/506 2157/12/244 551/12/507
f 741/2/510 707/2/476 669/2/435
f 742/11/510 789/11/509 740/11/470
f 1731/2/70 1933/2/512 2036/2/512
f 1976/2/512 1980/2/512 1935/2/70
f 1731/2/70 2036/2/512 1976/2/512
f 717/2/480 753/2/513 669/2/435
f 753/2/513 788/2/509 669/2/435
f 645/11/391 720/11/481 744/11/548
f 644/11/1477 745/11/516 752/11/515
f 743/2/548 719/2/481 347/2/482
f 347/2/482 356/2/518 743/2/548
f 348/2/483 357/2/519 356/2/518
f 349/2/484 358/2/520 357/2/519
f 350/2/486 359/2/522 358/2/520
f 350/2/486 1598/2/485 1599/2/521
f 1598/2/485 1592/2/487 1599/2/521
f 1595/2/488 1605/2/556 1643/2/1478
f 1601/2/490 997/2/1479 1595/2/488
f 988/2/1480 1489/2/1469 1484/2/491
f 1499/2/493 1497/2/563 1484/2/491
s 0
f 1503/2/1481 1501/2/1481 1493/2/1481
s 1
f 351/2/496 360/2/527 1504/2/525
f 351/2/496 352/2/495 361/2/526
f 352/2/495 353/2/497 362/2/528
f 353/2/497 354/2/498 363/2/529
f 733/2/1472 364/2/275 730/2/530
f 364/2/275 355/2/274 736/2/508
f 788/2/1482 783/2/1483 785/2/1484
f 311/2/85 624/2/84 603/2/338
f 498/2/532 499/2/96 489/2/177
f 760/11/531 756/11/533 737/11/508
f 499/2/96 498/2/532 495/2/153
f 495/2/153 805/2/104 496/2/103
f 755/2/533 759/2/531 364/2/275
f 759/2/531 365/2/535 364/2/275
f 757/2/534 761/2/209 365/2/535
f 694/11/456 765/11/211 767/11/210
f 694/11/456 769/11/538 765/11/211
f 694/11/456 772/11/540 774/11/542
f 740/11/470 778/11/545 772/11/540
f 1921/2/82 1877/2/83 2251/2/83
f 2249/2/82 2203/2/82 1917/2/83
f 1921/2/82 2251/2/83 2249/2/82
f 701/2/469 333/2/433 699/2/472
f 333/2/433 703/2/473 699/2/472
f 786/11/547 740/11/470 789/11/509
f 781/2/212 785/2/1484 784/2/546
f 356/2/518 371/2/551 743/2/548
f 357/2/519 372/2/552 371/2/551
f 358/2/520 373/2/553 372/2/552
f 359/2/522 374/2/555 373/2/553
f 359/2/522 1599/2/521 1613/2/554
f 1599/2/521 1592/2/487 1613/2/554
s 0
f 1593/2/1485 1603/2/1485 1614/2/1485
s 1
f 997/2/1479 999/2/1486 1595/2/488
f 868/2/560 988/2/1480 1954/2/558
f 988/2/1480 1484/2/491 1954/2/558
f 1507/2/561 1505/2/559 1954/2/558
f 1954/2/558 1484/2/491 1497/2/563
f 1504/2/525 1506/2/565 1529/2/566
f 1522/2/562 1529/2/566 1507/2/561
f 360/2/527 377/2/567 1504/2/525
f 360/2/527 361/2/526 378/2/568
f 361/2/526 362/2/528 379/2/569
f 362/2/528 363/2/529 380/2/570
f 363/2/529 730/2/530 381/2/571
f 364/2/275 382/2/600 381/2/571
f 364/2/275 383/2/572 382/2/600
f 761/2/209 764/2/211 365/2/535
f 764/2/211 366/2/1487 384/2/387
f 366/2/1487 367/2/574 384/2/387
f 368/2/573 448/2/647 384/2/387
f 448/2/647 368/2/573 775/2/1488
f 775/2/1488 370/2/213 448/2/647
f 448/2/647 370/2/213 385/2/576
f 370/2/213 784/2/546 385/2/576
f 784/2/546 790/2/1489 386/2/575
f 787/2/549 743/2/548 387/2/577
f 371/2/551 388/2/578 387/2/577
f 372/2/552 389/2/579 388/2/578
f 373/2/553 390/2/580 389/2/579
f 374/2/555 391/2/582 390/2/580
f 391/2/582 374/2/555 1613/2/554
f 1608/2/583 1613/2/554 1628/2/584
f 1611/2/587 1610/2/589 1609/2/585
f 1607/2/557 1595/2/488 1611/2/587
f 1611/2/587 1595/2/488 999/2/1486
f 999/2/1486 939/2/588 1611/2/587
f 1505/2/559 375/2/564 870/2/590
f 375/2/564 1507/2/561 1506/2/565
f 1608/2/583 1609/2/585 392/2/581
f 1609/2/585 1610/2/589 393/2/1490
f 1610/2/589 939/2/588 394/2/592
f 375/2/564 398/2/594 397/2/593
f 377/2/567 378/2/568 399/2/595
f 378/2/568 379/2/569 400/2/596
f 379/2/569 380/2/570 401/2/597
f 380/2/570 381/2/571 402/2/598
f 381/2/571 382/2/600 403/2/599
f 383/2/572 404/2/601 403/2/599
f 448/2/647 385/2/576 405/2/603
f 385/2/576 386/2/575 406/2/602
f 387/2/577 407/2/604 406/2/602
f 388/2/578 408/2/605 407/2/604
f 389/2/579 409/2/606 408/2/605
f 390/2/580 410/2/607 409/2/606
f 391/2/582 411/2/609 410/2/607
f 391/2/582 392/2/581 411/2/609
f 392/2/581 394/2/592 413/2/608
f 399/2/595 416/2/611 415/2/610
f 400/2/596 401/2/597 417/2/612
f 401/2/597 402/2/598 418/2/613
f 402/2/598 403/2/599 419/2/614
f 404/2/601 420/2/615 419/2/614
f 448/2/647 405/2/603 421/2/617
f 405/2/603 406/2/602 422/2/616
f 407/2/604 423/2/618 422/2/616
f 408/2/605 424/2/619 423/2/618
f 409/2/606 425/2/621 424/2/619
f 409/2/606 410/2/607 425/2/621
f 410/2/607 411/2/609 427/2/620
f 411/2/609 413/2/608 427/2/620
f 416/2/611 417/2/612 431/2/623
f 417/2/612 418/2/613 432/2/624
f 418/2/613 419/2/614 433/2/625
f 419/2/614 420/2/615 434/2/626
f 420/2/615 365/2/535 384/2/387
f 421/2/617 435/2/627 448/2/647
f 422/2/616 436/2/628 435/2/627
f 423/2/618 437/2/629 436/2/628
f 424/2/619 438/2/630 437/2/629
f 425/2/621 441/2/1491 438/2/630
f 425/2/621 427/2/620 441/2/1491
f 431/2/623 1690/2/633 872/2/631
f 431/2/623 432/2/624 442/2/632
f 432/2/624 433/2/625 1692/2/634
f 433/2/625 434/2/626 443/2/635
f 435/2/627 1694/2/636 448/2/647
f 436/2/628 444/2/637 1694/2/636
f 437/2/629 1696/2/638 444/2/637
f 438/2/630 1697/2/640 1696/2/638
f 438/2/630 441/2/1491 1699/2/639
f 1762/2/16 1965/2/71 1967/2/16
s 0
f 1967/2/1253 1735/2/1253 1762/2/1253
s 1
f 1735/2/16 1889/2/16 1717/2/669
f 1762/2/16 1735/2/16 1717/2/669
f 1889/2/16 1932/2/16 1734/2/668
s 0
f 1932/2/16 1934/2/16 1715/2/16
s 1
f 1934/2/16 1732/2/512 1733/2/512
f 1715/2/71 1734/2/668 1932/2/16
f 1734/2/668 1717/2/669 1889/2/16
f 2209/2/16 1761/2/680 455/2/665
s 0
f 1730/2/16 1728/2/16 1761/2/16
s 1
f 1761/2/680 2209/2/16 1726/2/16
f 1733/2/512 1732/2/512 1726/2/16
f 1498/2/683 1508/2/1476 1530/2/681
f 1748/2/41 2043/2/41 1771/2/294
s 0
f 1771/2/41 1746/2/41 2147/2/41
s 1
f 1748/2/41 2146/2/41 457/2/41
f 1752/2/671 1771/2/294 2043/2/41
f 874/2/677 458/2/676 463/2/689
s 0
f 1758/2/16 1761/2/16 1760/2/16
f 1799/2/41 2150/2/41 1791/2/41
f 2150/2/41 1773/2/41 1791/2/41
f 1773/2/41 1746/2/41 1771/2/41
s 1
f 460/2/687 465/2/692 464/2/700
f 936/2/688 1004/2/1492 465/2/692
f 463/2/689 1169/2/694 1215/2/868
f 1755/2/691 466/2/696 1169/2/694
f 1755/2/691 458/2/676 1881/2/695
f 1777/2/16 1724/2/679 1779/2/16
f 1942/2/680 1779/2/16 1724/2/679
f 384/2/387 1139/2/276 1785/2/16
f 1961/2/16 1763/2/16 1765/2/16
f 1790/2/41 1138/2/295 448/2/647
f 2171/2/41 1790/2/41 1789/2/41
f 467/2/83 1816/2/41 1795/2/41
f 1774/2/685 1795/2/41 1799/2/41
f 464/2/700 1149/2/702 468/2/699
f 464/2/700 465/2/692 1150/2/701
f 465/2/692 2351/2/1493 1006/2/703
f 835/13/704 836/13/706 844/13/705
f 836/13/706 189/13/708 846/13/707
f 189/13/708 201/13/710 848/13/709
f 201/13/710 213/13/712 851/13/711
f 212/14/712 225/18/715 853/15/713
f 233/17/714 855/89/1494 853/15/713
f 246/13/266 858/13/717 856/13/716
f 258/13/268 860/13/719 858/13/717
f 270/13/718 862/13/720 860/13/719
f 840/13/330 864/13/1495 862/13/720
f 865/13/1496 843/13/1497 863/13/722
f 843/13/1497 845/13/723 863/13/722
f 845/13/723 847/13/1498 861/13/721
f 847/13/1498 849/13/1499 859/13/1500
f 849/13/1499 852/13/1501 859/13/1500
f 852/13/1501 854/13/1502 857/13/1503
f 859/13/1500 852/13/1501 857/13/1503
f 859/13/1500 861/13/721 847/13/1498
f 428/24/743 871/19/724 876/21/726
f 871/19/724 445/22/727 877/20/725
f 446/13/727 1700/13/729 879/13/728
f 1700/13/729 1722/13/731 880/13/730
f 1722/13/731 873/13/734 881/13/732
f 866/13/735 869/13/737 884/13/736
f 869/13/737 396/13/739 886/13/738
f 396/13/739 414/13/741 888/13/740
f 414/13/741 429/13/1504 891/13/742
f 428/24/743 876/21/726 893/25/744
f 876/21/726 877/20/725 895/27/745
f 878/23/728 898/90/1505 895/27/745
f 879/13/728 880/13/730 900/13/746
f 881/13/732 902/13/748 900/13/746
f 875/13/733 904/13/733 902/13/748
f 905/13/1506 883/13/1507 885/13/1508
f 885/13/1508 887/13/1509 903/13/750
f 887/13/1509 889/13/1510 903/13/750
f 889/13/1510 892/13/1511 894/13/751
f 896/13/1512 899/13/1513 901/13/749
f 889/13/1510 894/13/751 903/13/750
f 894/13/751 896/13/1512 901/13/749
f 905/13/1506 885/13/1508 903/13/750
f 906/13/704 911/13/704 913/13/705
f 908/13/752 913/13/705 915/13/753
f 199/13/754 915/13/753 917/13/755
f 210/13/756 917/13/755 920/13/757
f 222/28/758 919/91/757 922/29/759
f 922/29/759 924/92/1514 242/31/761
f 925/13/762 927/13/764 255/13/763
f 927/13/764 929/13/766 268/13/765
f 929/13/766 931/13/720 910/13/342
f 931/13/720 933/13/1495 289/13/767
f 914/13/1515 912/13/1516 932/13/1517
f 912/13/1516 934/13/1518 932/13/1517
f 932/13/1517 930/13/1519 914/13/1515
f 914/13/1515 930/13/1519 916/13/1520
f 930/13/1519 928/13/770 916/13/1520
f 928/13/770 926/13/1521 921/13/768
f 916/13/1520 928/13/770 918/13/769
f 926/13/1521 923/13/1522 921/13/768
f 1698/34/773 941/33/772 942/35/774
f 451/36/775 942/35/774 943/39/776
f 1711/13/777 944/13/776 945/13/778
f 1754/13/779 945/13/778 946/13/780
f 938/13/735 947/13/735 949/13/736
f 395/13/781 949/13/736 951/13/782
f 412/13/783 951/13/782 953/13/784
f 426/13/785 953/13/784 956/13/786
f 439/32/771 955/93/786 958/37/788
f 941/33/772 958/37/788 961/38/789
f 961/38/789 964/94/1523 943/39/776
f 944/13/776 963/13/1524 966/13/790
f 966/13/790 967/13/748 946/13/780
f 967/13/748 969/13/733 937/13/733
f 950/13/792 948/13/1525 970/13/1526
f 970/13/1526 968/13/793 950/13/792
f 968/13/793 965/13/1527 959/13/1528
f 965/13/1527 962/13/1529 960/13/1530
f 960/13/1530 959/13/1528 965/13/1527
f 959/13/1528 957/13/1531 954/13/1532
f 959/13/1528 954/13/1532 968/13/793
f 954/13/1532 952/13/791 968/13/793
s 0
f 2384/13/1533 2354/13/1533 2382/13/1533
s 1
f 2358/13/1534 2356/13/1535 1195/13/1536
f 1202/13/1537 2357/13/1538 2355/13/1539
f 2358/13/1534 1195/13/1536 2359/13/1540
f 2359/13/1540 1195/13/1536 2361/13/1541
f 1926/13/796 972/13/1542 2253/13/794
f 2253/13/794 974/13/45 976/13/1543
f 976/13/1543 978/13/1544 1928/13/797
f 980/44/798 838/95/1545 981/45/799
f 1929/46/800 981/45/799 983/47/801
f 1930/48/802 983/47/801 1475/96/1546
f 1475/96/1546 985/97/1547 1930/48/802
f 985/97/1547 1486/98/1548 1930/48/802
f 1486/98/1548 1488/99/1549 1930/48/802
f 1488/99/1549 987/49/803 1930/48/802
f 987/49/803 867/100/1550 1938/50/804
f 2368/13/1551 2369/13/1552 1203/13/944
f 1214/13/945 2369/13/1552 2352/13/1553
f 1406/13/809 991/13/1554 1901/13/812
f 1900/53/812 171/52/811 1405/101/809
f 1903/13/810 186/13/1555 172/13/808
f 1904/54/813 1905/57/816 1580/55/814
f 1905/57/816 998/59/818 319/58/817
f 998/59/818 994/102/1556 1587/60/819
f 998/59/818 1600/103/1557 994/102/1556
f 998/59/818 996/104/1558 1600/103/1557
f 998/59/818 1000/62/821 996/104/1558
f 1001/61/820 940/105/1559 1000/62/821
f 2370/13/822 2372/13/1560 1188/13/928
f 2405/13/1561 1191/13/1562 2375/13/1563
f 2371/13/1564 1002/13/1565 2373/13/1566
f 1171/2/827 1022/2/826 1010/2/829
f 1018/2/836 1030/2/835 1020/2/1567
f 1033/2/1568 1035/2/828 1022/2/826
f 1035/2/828 1037/2/830 1010/2/829
f 1037/2/830 1039/2/1569 1025/2/831
f 1015/2/834 1044/2/1570 1030/2/835
f 1021/64/838 1031/106/1571 1014/65/839
f 1031/106/1571 1046/107/1572 1029/108/882
f 1014/65/839 1031/106/1571 1029/108/882
f 1014/65/839 1012/109/1573 1032/63/837
f 1012/109/1573 1042/110/902 1036/111/1574
f 1036/111/1574 1042/110/902 1038/112/1575
f 1036/111/1574 1034/113/1576 1012/109/1573
f 1034/113/1576 1032/63/837 1012/109/1573
f 1050/2/876 1061/2/1577 1047/2/885
f 1056/1/887 1048/1/885 1054/1/842
f 1048/1/885 1062/1/843 1054/1/842
f 1062/1/843 1059/1/870 1052/1/841
f 1066/114/889 1064/115/881 1070/116/888
f 1070/116/888 1078/67/1578 1066/114/889
f 1078/67/1578 1076/66/1579 1072/68/1580
f 1066/114/889 1078/67/1578 1072/68/1580
f 1088/2/911 1090/2/1581 1176/2/899
f 1091/1/848 1089/1/1582 1085/1/1583
f 1089/1/1582 1087/1/912 1085/1/1583
f 1085/1/1583 1083/1/849 1091/1/848
s 0
f 1095/2/1584 1100/2/1584 1108/2/1584
f 1099/2/1585 1111/2/1585 1107/2/1585
s 1
f 1110/116/914 1094/115/907 1103/114/915
f 1103/114/915 1105/68/852 1106/67/851
f 1103/114/915 1106/67/851 1110/116/914
f 1129/1/1586 1136/1/1045 1134/1/1587
f 1132/1/1588 1134/1/1587 1136/1/1045
f 1839/2/853 1838/2/680 1806/2/16
f 1139/2/276 1806/2/16 1784/2/16
f 1843/2/854 1138/2/295 1808/2/294
f 1819/2/16 1801/2/16 1800/2/16
f 1931/2/70 1888/2/1253 1974/2/70
f 1888/2/1253 1969/2/70 1972/2/1589
f 1972/2/1589 1974/2/70 1888/2/1253
f 1974/2/70 2032/2/70 1931/2/70
s 0
f 1898/2/16 1146/2/16 1855/2/16
f 1146/2/16 1854/2/16 1855/2/16
s 1
f 1854/2/16 1856/2/16 1822/2/1590
s 0
f 1856/2/71 1826/2/71 1823/2/70
s 1
f 1823/2/70 1822/2/1590 1856/2/16
f 1139/2/276 1834/2/277 1839/2/853
f 1834/2/277 1836/2/680 1838/2/680
f 1846/2/294 1848/2/294 1844/2/296
f 1955/2/512 1869/2/70 2053/2/512
f 1869/2/70 1866/2/1591 2051/2/70
f 2049/2/1591 1952/2/512 2015/2/512
f 1952/2/512 1951/2/512 2015/2/512
f 1951/2/512 2045/2/680 2015/2/512
f 1952/2/512 2049/2/1591 1866/2/1591
f 2054/2/70 1957/2/1592 1955/2/512
f 2049/2/1591 2051/2/70 1866/2/1591
f 2051/2/70 2053/2/512 1869/2/70
f 1809/2/41 1810/2/41 1852/2/41
f 648/2/392 658/2/406 311/2/85
f 1871/2/855 1868/2/16 1858/2/16
f 1858/2/16 1958/2/16 1830/2/16
f 1874/2/857 1140/2/294 1860/2/41
f 1860/2/41 1140/2/294 2164/2/41
f 1144/2/512 1867/2/16 1870/2/16
f 1876/2/83 1143/2/41 2160/2/41
f 1880/2/41 1879/2/41 1863/2/41
s 0
f 1879/2/41 2156/2/41 1863/2/41
s 1
f 1863/2/41 1850/2/1593 1880/2/41
f 1850/2/1593 2152/2/82 1141/2/41
s 0
f 2152/2/1594 2151/2/1594 1141/2/1594
s 1
f 1892/2/16 1144/2/512 1071/2/873
f 1886/2/71 1950/2/71 1893/2/16
f 1893/2/16 1892/2/16 1071/2/873
f 1953/2/16 1144/2/512 1892/2/16
f 1894/2/71 1886/2/71 1887/2/16
f 1897/2/879 1895/2/878 1071/2/873
f 1895/2/878 1887/2/16 1071/2/873
f 1896/2/880 1948/2/1595 1894/2/71
f 1146/2/16 1898/2/16 1897/2/879
f 1913/2/41 1910/2/41 1908/2/916
f 1914/2/917 2155/2/1596 1879/2/41
f 1882/2/41 1916/2/321 1911/2/684
f 1882/2/41 1912/2/41 1104/2/307
f 1922/2/41 1882/2/41 1920/2/41
f 1189/13/930 1152/13/920 1205/13/929
f 1194/13/931 1207/13/935 1153/13/932
f 1197/13/934 1154/13/1597 1207/13/935
f 1197/13/934 1175/13/900 1154/13/1597
f 1197/13/934 1209/13/905 1175/13/900
f 1197/13/934 1157/13/906 1209/13/905
f 1197/13/893 1201/13/939 1162/13/938
f 1201/13/939 1883/13/1598 1164/13/940
f 1885/13/941 1203/13/944 1168/13/942
f 1222/2/946 1224/2/1599 469/2/62
f 1224/2/1599 1226/2/947 469/2/62
f 1226/2/947 1243/2/1600 148/2/66
f 1243/2/1600 1245/2/948 148/2/66
f 1245/2/948 1247/2/949 793/2/75
f 1247/2/949 1249/2/951 477/2/950
f 1249/2/951 1228/2/952 796/2/93
f 1228/2/952 1230/2/1601 1216/2/176
f 1216/2/176 1230/2/1601 1252/2/953
f 495/2/153 498/2/532 1252/2/953
f 1252/2/953 1233/2/1602 495/2/153
f 495/2/153 1233/2/1602 1235/2/954
f 507/2/110 149/2/152 1237/2/1603
f 149/2/152 1235/2/954 1237/2/1603
f 507/2/110 1237/2/1603 1253/2/1604
f 507/2/110 1253/2/1604 1239/2/955
f 150/2/116 1239/2/955 1255/2/1605
f 150/2/116 1255/2/1605 1241/2/956
f 1260/13/1121 1418/13/1123 1407/13/1122
f 1418/13/1123 1421/13/1063 1409/13/1124
f 1420/69/1063 1262/72/1074 1410/70/1125
f 1262/72/1074 1423/74/1049 1947/73/1126
f 1423/74/1049 1137/76/1045 1946/75/1127
f 1137/76/1045 1263/117/1606 1411/77/1128
f 1411/77/1128 1263/117/1606 1404/78/1129
f 1404/78/1129 1424/118/1607 1412/79/1130
f 1412/79/1130 1424/118/1607 1130/80/1016
f 1413/81/1131 1130/80/1016 1265/82/1015
f 1414/83/1132 1265/82/1015 1426/84/1003
f 1940/85/1133 1426/84/1003 1267/86/1134
f 1416/13/1135 1268/13/990 1428/13/976
f 1939/13/1136 1428/13/976 1306/13/985
s 0
f 1463/88/1159 1461/88/1159 1462/88/1159
s 1
f 1576/2/340 340/2/421 1637/2/1160
f 1473/2/1446 1513/2/1608 302/2/1609
f 284/2/315 630/2/369 646/2/390
f 715/2/479 717/2/480 669/2/435
f 507/2/110 510/2/146 502/2/111
f 1548/2/1610 1551/2/1611 1543/2/1179
f 1543/2/1179 1551/2/1611 1553/2/1180
f 1553/2/1180 1555/2/1192 1546/2/1181
f 1546/2/1181 1555/2/1192 1556/2/1193
f 1545/2/1612 1557/2/1194 1558/2/1196
f 1544/2/1184 1558/2/1196 1572/2/1182
f 1572/2/1182 1560/2/1613 1541/2/1183
f 1559/2/1199 1547/2/1198 1542/2/1614
f 1561/2/1185 1564/2/1615 1552/2/1186
f 1565/2/1188 1567/2/1616 1554/2/1189
f 1554/2/1189 1567/2/1616 1569/2/1191
f 1558/2/1196 1570/2/1195 1572/2/1182
f 1573/2/1617 1562/2/1197 1559/2/1199
f 1574/2/1200 1568/2/1618 1566/2/1201
f 1574/2/1200 1571/2/1619 1568/2/1618
f 355/2/274 728/2/412 736/2/508
f 316/2/1609 1618/2/1447 1585/2/1446
f 1590/2/68 1621/2/67 1625/2/1203
f 1602/2/1161 1591/2/1204 1639/2/1206
f 1612/2/1162 1602/2/1161 1639/2/1206
f 1591/2/1204 1625/2/1203 1626/2/1205
f 1800/2/16 1801/2/16 1804/2/16
f 1801/2/16 1820/2/16 1804/2/16
f 1820/2/16 1777/2/16 1804/2/16
s 0
f 341/2/1620 1636/2/1620 1638/2/1620
s 1
f 1654/2/1220 1657/2/1222 1656/2/1231
f 1651/2/1223 1660/2/1234 1658/2/1221
f 1649/2/1227 1652/2/1621 1674/2/1228
f 1652/2/1621 1663/2/1240 1674/2/1228
f 1653/2/1622 1655/2/1238 1663/2/1240
f 1658/2/1221 1667/2/1233 1664/2/1230
f 1658/2/1221 1660/2/1234 1669/2/1232
f 1659/2/1226 1662/2/1225 1671/2/1237
f 1663/2/1240 1665/2/1239 1674/2/1228
f 1670/2/1241 1673/2/1623 1676/2/1242
f 1666/2/1624 1668/2/1243 1676/2/1242
f 1678/1/1625 1677/1/1626 1680/1/1627
f 1677/1/1626 1683/1/1628 1680/1/1627
f 1680/1/1627 1683/1/1628 1681/1/1629
f 1681/1/1629 1683/1/1628 1682/1/1630
f 1680/1/1627 1679/1/1631 1678/1/1625
f 1684/1/1244 1685/1/1632 1687/1/1633
f 1688/1/1245 1684/1/1244 1687/1/1633
f 1687/1/1633 1685/1/1632 1686/1/1634
f 2034/2/70 2036/2/512 1933/2/512
s 0
f 511/12/1635 814/12/1635 506/12/1635
f 504/12/1636 511/12/1636 506/12/1636
s 1
f 1984/2/71 1986/2/1637 1759/2/71
f 1994/2/71 1996/2/71 1818/2/16
f 1824/2/16 1825/2/512 1998/2/512
f 1825/2/512 1818/2/16 1996/2/71
f 1998/2/512 1825/2/512 1996/2/71
f 2000/2/70 2002/2/70 1821/2/512
f 2002/2/70 2004/2/16 1855/2/16
f 1998/2/512 2000/2/70 1821/2/512
f 1824/2/16 1998/2/512 1821/2/512
f 797/12/1638 487/12/1455 493/12/302
f 493/12/302 482/12/1638 797/12/1638
s 0
f 482/12/1638 484/12/1638 797/12/1638
s 1
f 2010/2/70 2012/2/71 1949/2/16
f 2013/2/16 2045/2/680 1951/2/512
f 829/12/1249 586/12/1639 589/12/1247
f 1962/2/70 1961/2/16 2064/2/512
f 1961/2/16 1959/2/512 2062/2/16
f 1959/2/512 2025/2/512 2062/2/16
f 1831/2/70 1827/2/70 2018/2/70
f 1827/2/70 1829/2/512 2056/2/512
f 1829/2/512 1957/2/1592 2016/2/512
f 1957/2/1592 2054/2/70 2016/2/512
f 2016/2/512 2056/2/512 1829/2/512
f 1835/2/512 1832/2/1250 2058/2/70
f 1832/2/1250 2019/2/1640 2058/2/70
f 2058/2/70 2060/2/70 1835/2/512
f 2060/2/70 2021/2/1250 1837/2/71
f 1805/2/70 1837/2/71 2021/2/1250
f 1837/2/71 1835/2/512 2060/2/70
f 1959/2/512 1783/2/1637 2025/2/512
f 1783/2/1637 1805/2/70 2023/2/70
f 2023/2/70 2025/2/512 1783/2/1637
f 1485/2/1252 1494/2/109 1516/2/108
f 1516/2/108 1527/2/67 1485/2/1252
f 1527/2/67 1525/2/1641 1477/2/1251
f 1525/2/1641 1513/2/1608 1477/2/1251
f 1513/2/1608 1473/2/1446 1477/2/1251
f 1941/2/70 1756/2/71 1990/2/1637
f 1756/2/71 1759/2/71 1986/2/1637
f 1988/2/71 1756/2/71 1986/2/1637
f 1988/2/71 1990/2/1637 1756/2/71
f 1990/2/1637 1992/2/71 1941/2/70
f 2038/2/71 2040/2/1637 1944/2/70
f 2040/2/1637 2042/2/70 1803/2/16
f 1944/2/70 2040/2/1637 1803/2/16
f 1992/2/71 2038/2/71 1782/2/71
f 1944/2/70 1943/2/16 2038/2/71
f 1943/2/16 1782/2/71 2038/2/71
f 1782/2/71 1941/2/70 1992/2/71
f 1966/2/16 2027/2/16 2068/2/16
f 1968/2/16 2068/2/16 2029/2/16
f 1736/2/16 2029/2/16 1969/2/70
f 2070/1/1254 2071/1/1257 1971/1/1255
f 2071/1/1257 2072/1/1259 1973/1/1258
f 2072/1/1259 2073/1/1642 2031/1/1260
f 2031/1/1260 2073/1/1642 2074/1/1261
f 2033/1/1262 2074/1/1261 2075/1/1263
f 2035/1/1264 2075/1/1263 2076/1/1265
f 1975/1/1266 2076/1/1265 2077/1/1267
f 2077/1/1267 2078/1/1271 1981/1/1269
f 2078/1/1271 2079/1/1273 1983/1/1272
f 2079/1/1273 2080/1/1275 1985/1/1274
f 2080/1/1275 2081/1/1277 1987/1/1276
f 2081/1/1277 2082/1/1279 1989/1/1278
f 2082/1/1279 2084/1/1281 1991/1/1280
f 2084/1/1281 2086/1/1283 2037/1/1282
f 2086/1/1283 2088/1/1285 2039/1/1284
f 2088/1/1285 2090/1/1287 2041/1/1286
f 2090/1/1287 2091/1/1289 1993/1/1288
f 2091/1/1289 2093/1/1291 1995/1/1290
f 2093/1/1291 2095/1/1293 1997/1/1292
f 2095/1/1293 2097/1/1295 1999/1/1294
f 2097/1/1295 2098/1/1297 2001/1/1296
f 2098/1/1297 2100/1/1299 2003/1/1298
f 2100/1/1299 2102/1/1301 2005/1/1300
f 2102/1/1301 2104/1/1303 2007/1/1302
f 2104/1/1303 2106/1/1305 2009/1/1304
f 2106/1/1305 2108/1/1307 2011/1/1306
f 2108/1/1307 2110/1/1309 2044/1/1308
f 2110/1/1309 2112/1/1311 2014/1/1310
f 2112/1/1311 2114/1/1643 2048/1/1312
f 2048/1/1312 2114/1/1643 2116/1/1313
f 2050/1/1314 2116/1/1313 2118/1/1315
f 2052/1/1316 2118/1/1315 2121/1/1317
f 2055/1/1318 2121/1/1317 2123/1/1319
f 2017/1/1320 2123/1/1319 2125/1/1321
f 2057/1/1322 2125/1/1321 2127/1/1323
f 2127/1/1323 2129/1/1326 2059/1/1325
f 2129/1/1326 2131/1/1644 2061/1/1327
f 2061/1/1327 2131/1/1644 2132/1/1328
f 2022/1/1329 2132/1/1328 2133/1/1330
f 2024/1/1331 2133/1/1330 2134/1/1332
f 2026/1/1333 2134/1/1332 2135/1/1334
f 2063/1/1335 2135/1/1334 2136/1/1336
f 2065/1/1337 2136/1/1336 2137/1/1338
f 2067/1/1339 2137/1/1338 2138/1/1340
f 2028/1/1341 2138/1/1340 2139/1/1342
f 2069/1/1343 2139/1/1342 2140/1/1344
f 2030/1/1345 2140/1/1344 2070/1/1254
f 2071/1/1257 2070/1/1254 2140/1/1344
f 2140/1/1344 2139/1/1342 2071/1/1257
f 2139/1/1342 2138/1/1340 2071/1/1257
f 2137/1/1338 2136/1/1336 2072/1/1259
f 2136/1/1336 2135/1/1334 2072/1/1259
f 2137/1/1338 2072/1/1259 2138/1/1340
f 2138/1/1340 2072/1/1259 2071/1/1257
f 2135/1/1334 2134/1/1332 2072/1/1259
f 2134/1/1332 2133/1/1330 2083/1/1645
f 2073/1/1642 2134/1/1332 2083/1/1645
f 2134/1/1332 2073/1/1642 2072/1/1259
f 2133/1/1330 2132/1/1328 2085/1/1645
f 2132/1/1328 2130/1/1646 2117/1/1645
s 0
f 2130/1/1646 2128/1/1646 2119/1/1646
f 2128/1/1646 2126/1/1646 2124/1/1646
f 2124/1/1645 2122/1/1645 2128/1/1645
s 1
f 2122/1/1645 2120/1/1645 2119/1/1645
f 2075/1/1263 2074/1/1261 2079/1/1273
f 2074/1/1261 2073/1/1642 2081/1/1277
f 2079/1/1273 2074/1/1261 2080/1/1275
f 2083/1/1645 2133/1/1330 2085/1/1645
s 0
f 2128/1/1646 2122/1/1646 2119/1/1646
f 2119/1/1645 2117/1/1645 2130/1/1645
f 2117/1/1646 2115/1/1646 2085/1/1646
f 2115/1/1645 2113/1/1645 2103/1/1645
f 2103/1/1647 2113/1/1647 2111/1/1647
s 1
f 2111/1/1646 2109/1/1648 2107/1/1649
f 2107/1/1649 2105/1/1650 2111/1/1646
s 0
f 2105/1/1645 2103/1/1645 2111/1/1645
f 2103/1/1651 2101/1/1651 2115/1/1651
f 2101/1/1646 2099/1/1646 2115/1/1646
s 1
f 2132/1/1328 2117/1/1645 2085/1/1645
f 2077/1/1267 2076/1/1265 2078/1/1271
f 2076/1/1265 2075/1/1263 2078/1/1271
s 0
f 2115/1/1652 2099/1/1653 2096/1/1653
f 2096/1/1647 2094/1/1647 2092/1/1647
f 2089/1/1654 2087/1/1654 2115/1/1654
f 2087/1/1646 2085/1/1646 2115/1/1646
s 1
f 2083/1/1645 2081/1/1277 2073/1/1642
f 2081/1/1277 2080/1/1275 2074/1/1261
s 0
f 2096/1/1645 2092/1/1645 2115/1/1645
f 2092/1/1651 2089/1/1651 2115/1/1651
f 2144/2/41 2142/2/41 1742/2/41
s 1
f 1742/2/321 457/2/41 2144/2/41
f 2143/2/82 2177/2/82 2175/2/83
f 2148/2/321 2181/2/321 2178/2/321
f 1745/2/321 2183/2/82 2181/2/321
f 1772/2/1346 2231/2/684 2183/2/82
f 1853/2/41 2237/2/82 2193/2/321
f 1853/2/41 2151/2/41 2237/2/82
f 2151/2/41 2153/2/41 2195/2/83
f 2237/2/82 2151/2/41 2195/2/83
f 2153/2/41 1849/2/83 2195/2/83
f 1849/2/83 1863/2/41 2241/2/82
f 2239/2/321 1849/2/83 2241/2/82
f 1863/2/41 2197/2/41 2241/2/82
f 721/2/1347 728/2/412 355/2/274
f 1909/2/321 2245/2/82 2243/2/321
f 1917/2/83 2203/2/82 2246/2/41
s 0
f 621/12/1655 620/12/1655 614/12/1655
s 1
f 1861/2/82 2161/2/83 2256/2/1346
f 1820/2/16 1801/2/16 1819/2/16
f 1819/2/16 1826/2/16 1820/2/16
f 2163/2/83 2165/2/83 2258/2/82
f 2165/2/83 1840/2/684 2260/2/82
f 2258/2/82 2165/2/83 2260/2/82
f 2207/2/83 2256/2/1346 2161/2/83
f 2258/2/82 2207/2/83 2163/2/83
f 1769/2/83 1739/2/41 2274/2/41
f 1739/2/41 1741/2/41 2220/2/83
f 1741/2/41 2265/2/41 2172/2/41
f 2223/1/1348 2277/1/1352 2276/1/1349
f 2225/1/1351 2278/1/1354 2277/1/1352
f 2227/1/1353 2279/1/1356 2278/1/1354
f 2227/1/1353 2174/1/1357 2280/1/1355
f 2174/1/1357 2176/1/1359 2281/1/1358
f 2176/1/1359 2229/1/1361 2282/1/1360
f 2229/1/1361 2180/1/1364 2283/1/1362
f 2182/1/1363 2284/1/1366 2283/1/1362
f 2184/1/1365 2285/1/1368 2284/1/1366
f 2232/1/1367 2286/1/1370 2285/1/1368
f 2186/1/1369 2287/1/1372 2286/1/1370
f 2188/1/1371 2289/1/1374 2287/1/1372
f 2234/1/1373 2291/1/1376 2289/1/1374
f 2236/1/1375 2293/1/1378 2291/1/1376
f 2190/1/1377 2295/1/1380 2293/1/1378
f 2192/1/1379 2297/1/1382 2295/1/1380
f 2194/1/1381 2299/1/1384 2297/1/1382
f 2238/1/1383 2301/1/1386 2299/1/1384
f 2196/1/1385 2303/1/1388 2301/1/1386
f 2240/1/1387 2305/1/1390 2303/1/1388
f 2242/1/1389 2307/1/1392 2305/1/1390
f 2198/1/1391 2309/1/1394 2307/1/1392
f 2200/1/1393 2311/1/1396 2309/1/1394
f 2202/1/1395 2313/1/1398 2311/1/1396
f 2244/1/1397 2315/1/1400 2313/1/1398
f 2247/1/1399 2317/1/1402 2315/1/1400
f 2204/1/1401 2319/1/1404 2317/1/1402
f 2248/1/1403 2320/1/1406 2319/1/1404
f 2250/1/1405 2322/1/1408 2320/1/1406
f 2250/1/1405 2205/1/1409 2324/1/1407
f 2205/1/1409 2254/1/1411 2326/1/1410
f 2254/1/1411 2257/1/1413 2329/1/1412
f 2257/1/1413 2208/1/1415 2331/1/1414
f 2208/1/1415 2259/1/1417 2333/1/1416
f 2259/1/1417 2262/1/1656 2335/1/1418
f 2211/1/1419 2338/1/1423 2336/1/1420
f 2213/1/1422 2340/1/1425 2338/1/1423
f 2213/1/1422 2215/1/1426 2341/1/1424
f 2215/1/1426 2267/1/1428 2342/1/1427
f 2267/1/1428 2269/1/1430 2343/1/1429
f 2269/1/1430 2217/1/1432 2344/1/1431
f 2217/1/1432 2219/1/1434 2345/1/1433
f 2219/1/1434 2271/1/1436 2346/1/1435
f 2271/1/1436 2273/1/1438 2347/1/1437
f 2273/1/1438 2275/1/1440 2348/1/1439
f 2275/1/1440 2221/1/1442 2349/1/1441
f 2221/1/1442 2173/1/1350 2276/1/1349
f 2349/1/1441 2276/1/1349 2277/1/1352
f 2277/1/1352 2278/1/1354 2347/1/1437
f 2278/1/1354 2279/1/1356 2343/1/1429
f 2346/1/1435 2278/1/1354 2345/1/1433
f 2278/1/1354 2346/1/1435 2347/1/1437
f 2279/1/1356 2280/1/1355 2287/1/1372
f 2278/1/1354 2344/1/1431 2345/1/1433
f 2348/1/1439 2349/1/1441 2277/1/1352
f 2347/1/1437 2348/1/1439 2277/1/1352
f 2342/1/1427 2343/1/1429 2288/1/1445
f 2343/1/1429 2344/1/1431 2278/1/1354
f 2288/1/1445 2343/1/1429 2279/1/1356
f 2341/1/1424 2342/1/1427 2290/1/1445
f 2342/1/1427 2288/1/1445 2290/1/1445
s 0
f 2334/1/1444 2337/1/1444 2332/1/1444
f 2337/1/1444 2339/1/1444 2327/1/1444
f 2332/1/1445 2337/1/1445 2330/1/1445
s 1
f 2339/1/1444 2341/1/1424 2325/1/1445
f 2288/1/1445 2279/1/1356 2287/1/1372
f 2281/1/1358 2282/1/1360 2284/1/1366
f 2282/1/1360 2283/1/1362 2284/1/1366
f 2280/1/1355 2281/1/1358 2285/1/1368
f 2286/1/1370 2280/1/1355 2285/1/1368
s 0
f 2328/1/1445 2330/1/1445 2327/1/1445
f 2327/1/1444 2330/1/1444 2337/1/1444
s 1
f 2325/1/1445 2341/1/1424 2290/1/1445
f 2280/1/1355 2286/1/1370 2287/1/1372
f 2284/1/1366 2285/1/1368 2281/1/1358
f 2321/1/1445 2323/1/1445 2310/1/1445
s 0
f 2323/1/1444 2325/1/1444 2290/1/1444
f 2302/1/1445 2323/1/1445 2298/1/1445
f 2325/1/1445 2327/1/1445 2339/1/1445
f 2290/1/1444 2292/1/1444 2323/1/1444
s 1
f 2323/1/1445 2302/1/1444 2304/1/1657
s 0
f 2296/1/1444 2323/1/1444 2294/1/1444
s 1
f 2316/1/1658 2318/1/1444 2314/1/1659
s 0
f 2318/1/1444 2321/1/1444 2310/1/1444
s 1
f 2314/1/1659 2318/1/1444 2312/1/1660
s 0
f 2312/1/1445 2318/1/1445 2310/1/1445
f 2323/1/1661 2296/1/1661 2298/1/1661
f 2292/1/1662 2294/1/1662 2323/1/1662
f 2298/1/1444 2300/1/1444 2302/1/1444
f 2310/1/1663 2323/1/1663 2308/1/1663
s 1
f 2304/1/1657 2306/1/1443 2323/1/1445
f 2372/13/1560 1189/13/930 1188/13/928
f 1002/13/1565 2370/13/822 1003/13/824
f 989/13/807 2369/13/1552 2367/13/805
f 1885/13/941 2368/13/1551 1203/13/944
f 1193/13/1664 2360/13/1665 1198/13/1666
f 461/13/1667 2352/13/1553 2369/13/1552
s 0
f 2401/13/1533 2362/13/1533 1192/13/1533
s 1
f 1005/13/927 2370/13/822 1188/13/928
f 2383/13/1668 1884/13/1669 2385/13/1670
s 0
f 2376/119/1533 2377/120/1533 971/121/1533
f 2378/122/1533 2389/123/1533 2376/119/1533
f 2379/124/1533 2390/125/1533 2378/122/1533
f 2381/126/1533 2380/127/1533 2379/124/1533
f 2384/13/1533 2387/13/1533 2382/13/1533
f 2389/123/1533 2397/128/1533 2377/120/1533
f 2390/125/1533 2388/129/1533 2389/123/1533
f 2380/127/1533 2391/130/1533 2390/125/1533
f 2386/131/1533 2394/132/1533 2380/127/1533
f 2395/13/1533 2393/13/1533 2387/13/1533
f 2388/129/1533 990/133/1533 2397/128/1533
f 2391/130/1533 2399/134/1533 2388/129/1533
f 2394/132/1533 2398/135/1533 2391/130/1533
f 2392/136/1533 2400/137/1533 2394/132/1533
f 2396/13/1533 2404/13/1533 2393/13/1533
f 2407/138/1533 2409/139/1533 2406/140/1533
f 2411/141/1533 2413/142/1533 2410/143/1533
f 2415/144/1533 2417/145/1533 2414/146/1533
f 2419/147/1533 2421/148/1533 2418/149/1533
f 2423/150/1533 2444/151/1533 2441/152/1533
f 2432/153/1671 2435/152/1671 2426/151/1671
f 2428/153/1 2425/151/1 2443/151/1
f 2424/150/1672 2433/153/1672 2430/153/1672
f 2440/152/1673 2437/150/1673 2422/150/1673
f 2445/151/1674 2436/152/1674 2442/152/1674
f 2447/154/1533 2459/155/1533 2468/156/1533
f 2453/157/1671 2456/156/1671 2450/155/1671
f 2461/157/1 2449/155/1 2458/155/1
f 2448/154/1672 2454/157/1672 2463/157/1672
f 2467/156/1673 2464/154/1673 2446/154/1673
f 2460/155/1674 2457/156/1674 2469/156/1674
f 2471/158/1533 2474/159/1533 2492/160/1533
f 2486/161/1671 2480/160/1671 2489/159/1671
f 2482/161/1 2488/159/1 2473/159/1
f 2472/158/1672 2487/161/1672 2484/161/1672
f 2491/160/1673 2476/158/1673 2470/158/1673
f 2475/159/1674 2481/160/1674 2493/160/1674
f 2526/162/1675 2496/162/1675 2523/162/1675
f 2498/162/1533 2501/162/1533 2525/162/1533
f 2505/162/1676 2511/162/1676 2499/162/1676
f 2517/162/1677 2507/162/1677 2504/162/1677
f 2519/162/1671 2513/162/1671 2516/162/1671
f 2522/162/1678 2529/162/1678 2520/162/1678
f 2515/162/1673 2497/162/1673 2521/162/1673
f 2500/162/1 2506/162/1 2527/162/1
f 2534/162/1679 2531/162/1679 2553/162/1679
f 2535/162/1680 2540/162/1680 2543/162/1680
f 2536/162/1 2557/162/1 2539/162/1
f 2546/162/1681 2558/162/1681 2555/162/1681
f 2551/162/1682 2548/162/1682 2545/162/1682
f 2537/162/1683 2533/162/1683 2552/162/1683
f 2544/162/1684 2541/162/1684 2559/162/1684
f 2560/162/1685 2578/162/1685 2584/162/1685
f 2582/162/1686 2564/162/1686 2561/162/1686
f 2581/162/1673 2566/162/1673 2569/162/1673
f 2576/162/1687 2568/162/1687 2573/162/1687
f 2575/162/1688 2580/162/1688 2588/162/1688
f 2583/162/1689 2562/162/1689 2586/162/1689
f 2565/162/1690 2571/162/1690 2567/162/1690
s 1
f 2592/162/1691 2611/162/1692 2609/162/1691
f 2594/162/1693 2612/162/1694 2591/162/1693
f 2595/162/1695 2617/162/1696 2597/162/1697
f 2599/162/1698 2619/162/1699 2616/162/1700
f 2605/162/1701 2618/162/1702 2602/162/1701
f 2608/162/1703 2623/162/1704 2606/162/1703
f 2611/162/1692 2615/162/1705 2626/162/1706
f 2596/162/1694 2614/162/1707 2612/162/1694
f 2617/162/1696 2631/162/1708 2597/162/1697
f 2619/162/1699 2621/162/1709 2616/162/1700
f 2622/162/1702 2634/162/1710 2618/162/1702
f 2623/162/1704 2627/162/1711 2625/162/1712
f 2626/162/1706 2637/162/1713 2628/162/1713
f 2614/162/1707 2632/162/1533 2636/162/1533
f 2631/162/1708 2639/162/1714 2633/162/1715
f 2635/162/1716 2638/162/1717 2621/162/1709
f 2624/162/1710 2640/162/1671 2634/162/1710
f 2627/162/1711 2645/162/1718 2625/162/1712
f 2628/162/1713 2649/162/1719 2660/162/1720
f 2636/162/1533 2650/162/1721 2648/162/1722
f 2633/162/1715 2655/162/1723 2651/162/1724
f 2641/162/1717 2654/162/1725 2638/162/1717
f 2644/162/1671 2643/162/1726 2640/162/1671
f 2629/162/1727 2647/162/1728 2645/162/1718
f 2660/162/1720 2653/162/1729 2662/162/1730
f 2648/162/1722 2656/162/1731 2652/162/1732
f 2655/162/1723 2657/162/1733 2651/162/1724
f 2642/162/1734 2670/162/1735 2654/162/1725
f 2646/162/1736 2673/162/1737 2643/162/1726
f 2647/162/1728 2663/162/1738 2659/162/1739
f 2653/162/1729 2678/162/1740 2662/162/1730
f 2656/162/1731 2664/162/1741 2652/162/1732
f 2671/162/1742 2682/162/1743 2657/162/1733
f 2670/162/1735 2684/162/1744 2668/162/1745
f 2673/162/1737 2675/162/1746 2685/162/1747
f 2659/162/1739 2679/162/1748 2676/162/1749
s 0
f 2601/162/1750 2593/162/1750 2607/162/1750
f 2667/162/1751 2683/162/1751 2674/162/1751
f 2691/162/1 2717/162/1 2693/162/1
f 2715/162/1673 2711/162/1673 2705/162/1673
s 1
f 2694/162/1752 2720/162/1753 2696/162/1753
f 2692/162/1671 2694/162/1752 2699/162/1752
f 2710/162/1754 2692/162/1671 2701/162/1671
f 2689/162/1755 2710/162/1754 2712/162/1754
f 2714/162/1756 2690/162/1757 2704/162/1757
f 2687/162/1533 2714/162/1756 2716/162/1756
f 2718/162/1758 2687/162/1533 2706/162/1533
f 2721/162/1759 2718/162/1758 2708/162/1758
s 0
f 2735/162/1 2722/162/1 2731/162/1
f 2749/162/1673 2737/162/1673 2751/162/1673
s 1
f 2732/162/1760 2729/162/1761 2754/162/1761
f 2736/162/1671 2732/162/1760 2734/162/1760
f 2740/162/1762 2736/162/1671 2727/162/1671
f 2745/162/1763 2740/162/1762 2738/162/1762
f 2725/162/1764 2746/162/1765 2743/162/1765
f 2748/162/1533 2725/162/1764 2750/162/1764
f 2723/162/1766 2748/162/1533 2752/162/1533
f 2730/162/1767 2723/162/1766 2757/162/1766
s 0
f 2773/162/1 2758/162/1 2769/162/1
f 2785/162/1673 2775/162/1673 2789/162/1673
s 1
f 2770/162/1768 2763/162/1769 2792/162/1769
f 2774/162/1671 2770/162/1768 2766/162/1768
f 2761/162/1770 2774/162/1671 2772/162/1671
f 2778/162/1771 2761/162/1770 2776/162/1770
f 2781/162/1772 2779/162/1773 2784/162/1773
f 2788/162/1533 2781/162/1772 2786/162/1772
f 2759/162/1774 2788/162/1533 2790/162/1533
f 2764/162/1775 2759/162/1774 2768/162/1774
f 2799/162/1776 2797/162/1674 2795/162/1674
f 2801/162/1533 2823/162/1776 2799/162/1776
f 2805/162/1777 2803/162/1533 2801/162/1533
f 2807/162/1672 2809/162/1777 2805/162/1777
f 2813/162/1778 2811/162/1672 2807/162/1672
f 2817/162/1671 2815/162/1778 2813/162/1778
f 2819/162/1779 2821/162/1671 2817/162/1671
f 2795/162/1674 2825/162/1779 2819/162/1779
s 0
f 2798/162/1673 2794/162/1673 2806/162/1673
f 2808/13/1 2814/13/1 2824/13/1
s 1
f 2827/162/1776 2853/162/1674 2855/162/1674
f 2829/162/1533 2857/162/1776 2827/162/1776
f 2833/162/1777 2831/162/1533 2829/162/1533
f 2839/162/1672 2837/162/1777 2833/162/1777
f 2841/162/1778 2835/162/1672 2839/162/1672
f 2845/162/1671 2843/162/1778 2841/162/1778
f 2849/162/1779 2847/162/1671 2845/162/1671
f 2855/162/1674 2851/162/1779 2849/162/1779
s 0
f 2826/162/1673 2854/162/1673 2838/162/1673
f 2836/13/1 2842/13/1 2850/13/1
s 1
f 463/2/689 1215/2/868 2353/2/693
f 465/2/692 1004/2/1492 2351/2/1493
s 0
f 2384/13/1533 1200/13/1533 2354/13/1533
s 1
f 1202/13/1537 1199/13/1780 2357/13/1538
f 1214/13/945 1203/13/944 2369/13/1552
f 2405/13/1561 2402/13/1781 1191/13/1562
f 2372/13/1560 2374/13/1782 1189/13/930
f 1002/13/1565 2371/13/1564 2370/13/822
f 989/13/807 461/13/1667 2369/13/1552
f 1885/13/941 2366/13/1783 2368/13/1551
f 1193/13/1664 2363/13/1784 2360/13/1665
s 0
f 2401/13/1533 2404/13/1533 2362/13/1533
s 1
f 1005/13/927 2350/13/823 2370/13/822
f 2383/13/1668 2364/13/1785 1884/13/1669
s 0
f 2376/119/1533 2389/123/1533 2377/120/1533
f 2378/122/1533 2390/125/1533 2389/123/1533
f 2379/124/1533 2380/127/1533 2390/125/1533
f 2381/126/1533 2386/131/1533 2380/127/1533
f 2384/13/1533 2395/13/1533 2387/13/1533
f 2389/123/1533 2388/129/1533 2397/128/1533
f 2390/125/1533 2391/130/1533 2388/129/1533
f 2380/127/1533 2394/132/1533 2391/130/1533
f 2386/131/1533 2392/136/1533 2394/132/1533
f 2395/13/1533 2396/13/1533 2393/13/1533
f 2388/129/1533 2399/134/1533 990/133/1533
f 2391/130/1533 2398/135/1533 2399/134/1533
f 2394/132/1533 2400/137/1533 2398/135/1533
f 2392/136/1533 2403/163/1533 2400/137/1533
f 2396/13/1533 2401/13/1533 2404/13/1533
f 2407/138/1533 2408/164/1533 2409/139/1533
f 2411/141/1533 2412/165/1533 2413/142/1533
f 2415/144/1533 2416/166/1533 2417/145/1533
f 2419/147/1533 2420/167/1533 2421/148/1533
f 2423/150/1533 2429/153/1533 2444/151/1533
f 2432/153/1671 2438/150/1671 2435/152/1671
f 2428/153/1 2431/153/1 2425/151/1
f 2424/150/1672 2439/150/1672 2433/153/1672
f 2440/152/1673 2434/152/1673 2437/150/1673
f 2445/151/1674 2427/151/1674 2436/152/1674
f 2447/154/1533 2462/157/1533 2459/155/1533
f 2453/157/1671 2465/154/1671 2456/156/1671
f 2461/157/1 2452/157/1 2449/155/1
f 2448/154/1672 2466/154/1672 2454/157/1672
f 2467/156/1673 2455/156/1673 2464/154/1673
f 2460/155/1674 2451/155/1674 2457/156/1674
f 2471/158/1533 2483/161/1533 2474/159/1533
f 2486/161/1671 2477/158/1671 2480/160/1671
f 2482/161/1 2485/161/1 2488/159/1
f 2472/158/1672 2478/158/1672 2487/161/1672
f 2491/160/1673 2479/160/1673 2476/158/1673
f 2475/159/1674 2490/159/1674 2481/160/1674
f 2526/162/1675 2502/162/1675 2496/162/1675
f 2498/162/1533 2510/162/1533 2501/162/1533
f 2505/162/1676 2508/162/1676 2511/162/1676
f 2517/162/1677 2514/162/1677 2507/162/1677
f 2519/162/1671 2528/162/1671 2513/162/1671
f 2522/162/1678 2495/162/1678 2529/162/1678
f 2521/162/1673 2518/162/1673 2515/162/1673
f 2515/162/1673 2503/162/1673 2497/162/1673
f 2497/162/1673 2524/162/1673 2521/162/1673
f 2527/162/1 2494/162/1 2500/162/1
f 2500/162/1 2509/162/1 2506/162/1
f 2506/162/1 2512/162/1 2527/162/1
f 2534/162/1679 2542/162/1679 2531/162/1679
f 2535/162/1680 2538/162/1680 2540/162/1680
f 2536/162/1 2554/162/1 2557/162/1
f 2546/162/1681 2549/162/1681 2558/162/1681
s 1
f 2551/162/1682 2530/162/1682 2548/162/1682
s 0
f 2552/162/1683 2547/162/1683 2556/162/1683
f 2556/162/1683 2537/162/1683 2552/162/1683
f 2550/162/1684 2532/162/1684 2559/162/1684
f 2532/162/1684 2544/162/1684 2559/162/1684
f 2560/162/1685 2563/162/1685 2578/162/1685
f 2582/162/1686 2570/162/1686 2564/162/1686
f 2581/162/1673 2572/162/1673 2566/162/1673
f 2576/162/1687 2589/162/1687 2568/162/1687
f 2575/162/1688 2585/162/1688 2580/162/1688
f 2586/162/1689 2577/162/1689 2574/162/1689
f 2574/162/1689 2583/162/1689 2586/162/1689
f 2587/162/1690 2579/162/1690 2567/162/1690
f 2579/162/1690 2565/162/1690 2567/162/1690
s 1
f 2592/162/1691 2613/162/1786 2611/162/1692
f 2594/162/1693 2596/162/1694 2612/162/1694
f 2595/162/1695 2600/162/1695 2617/162/1696
f 2599/162/1698 2603/162/1698 2619/162/1699
f 2605/162/1701 2622/162/1702 2618/162/1702
f 2608/162/1703 2610/162/1787 2623/162/1704
f 2611/162/1692 2613/162/1786 2615/162/1705
f 2596/162/1694 2630/162/1707 2614/162/1707
f 2617/162/1696 2620/162/1788 2631/162/1708
f 2619/162/1699 2635/162/1716 2621/162/1709
f 2622/162/1702 2624/162/1710 2634/162/1710
f 2623/162/1704 2610/162/1787 2627/162/1711
f 2626/162/1706 2615/162/1705 2637/162/1713
f 2614/162/1707 2630/162/1707 2632/162/1533
f 2631/162/1708 2620/162/1788 2639/162/1714
f 2635/162/1716 2641/162/1717 2638/162/1717
f 2624/162/1710 2644/162/1671 2640/162/1671
f 2627/162/1711 2629/162/1727 2645/162/1718
f 2628/162/1713 2637/162/1713 2649/162/1719
f 2636/162/1533 2632/162/1533 2650/162/1721
f 2633/162/1715 2639/162/1714 2655/162/1723
f 2641/162/1717 2642/162/1734 2654/162/1725
f 2644/162/1671 2646/162/1736 2643/162/1726
f 2629/162/1727 2661/162/1789 2647/162/1728
f 2660/162/1720 2649/162/1719 2653/162/1729
f 2648/162/1722 2650/162/1721 2656/162/1731
f 2655/162/1723 2671/162/1742 2657/162/1733
f 2642/162/1734 2672/162/1790 2670/162/1735
f 2646/162/1736 2658/162/1791 2673/162/1737
f 2647/162/1728 2661/162/1789 2663/162/1738
f 2653/162/1729 2666/162/1792 2678/162/1740
f 2656/162/1731 2680/162/1793 2664/162/1741
f 2671/162/1742 2669/162/1794 2682/162/1743
f 2670/162/1735 2672/162/1790 2684/162/1744
f 2673/162/1737 2658/162/1791 2675/162/1746
f 2659/162/1739 2663/162/1738 2679/162/1748
s 0
f 2607/162/1750 2604/162/1750 2601/162/1750
f 2601/162/1750 2598/162/1750 2593/162/1750
f 2593/162/1795 2590/162/1795 2607/162/1795
f 2674/162/1751 2677/162/1751 2667/162/1751
f 2677/162/1751 2665/162/1751 2667/162/1751
s 1
f 2665/162/1751 2681/162/1751 2667/162/1751
s 0
f 2719/162/1 2693/162/1 2717/162/1
f 2717/162/1 2691/162/1 2686/162/1
f 2686/162/1 2691/162/1 2713/162/1
f 2713/162/1 2709/162/1 2688/162/1
f 2691/162/1 2709/162/1 2713/162/1
f 2707/162/1673 2698/162/1673 2695/162/1673
f 2698/162/1673 2707/162/1673 2700/162/1673
f 2700/162/1673 2705/162/1673 2711/162/1673
f 2707/162/1673 2705/162/1673 2700/162/1673
f 2711/162/1673 2715/162/1673 2702/162/1673
s 1
f 2694/162/1752 2696/162/1753 2699/162/1752
f 2692/162/1671 2699/162/1752 2701/162/1671
f 2710/162/1754 2701/162/1671 2712/162/1754
f 2689/162/1755 2712/162/1754 2703/162/1755
f 2714/162/1756 2704/162/1757 2716/162/1756
f 2687/162/1533 2716/162/1756 2706/162/1533
f 2718/162/1758 2706/162/1533 2708/162/1758
f 2721/162/1759 2708/162/1758 2697/162/1759
s 0
f 2728/162/1 2731/162/1 2722/162/1
f 2722/162/1 2735/162/1 2747/162/1
f 2747/162/1 2735/162/1 2724/162/1
f 2724/162/1 2739/162/1 2744/162/1
f 2735/162/1 2739/162/1 2724/162/1
f 2756/162/1673 2733/162/1673 2753/162/1673
f 2733/162/1673 2756/162/1673 2726/162/1673
f 2726/162/1673 2751/162/1673 2737/162/1673
f 2756/162/1673 2751/162/1673 2726/162/1673
f 2737/162/1673 2749/162/1673 2741/162/1673
s 1
f 2732/162/1760 2754/162/1761 2734/162/1760
f 2736/162/1671 2734/162/1760 2727/162/1671
f 2740/162/1762 2727/162/1671 2738/162/1762
f 2745/162/1763 2738/162/1762 2742/162/1763
f 2725/162/1764 2743/162/1765 2750/162/1764
f 2748/162/1533 2750/162/1764 2752/162/1533
f 2723/162/1766 2752/162/1533 2757/162/1766
f 2730/162/1767 2757/162/1766 2755/162/1767
s 0
f 2762/162/1 2769/162/1 2758/162/1
f 2758/162/1 2773/162/1 2787/162/1
f 2787/162/1 2773/162/1 2780/162/1
f 2780/162/1 2760/162/1 2777/162/1
f 2773/162/1 2760/162/1 2780/162/1
f 2767/162/1673 2765/162/1673 2791/162/1673
f 2765/162/1673 2767/162/1673 2771/162/1673
f 2771/162/1673 2789/162/1673 2775/162/1673
f 2767/162/1673 2789/162/1673 2771/162/1673
f 2775/162/1673 2785/162/1673 2782/162/1673
s 1
f 2770/162/1768 2792/162/1769 2766/162/1768
f 2774/162/1671 2766/162/1768 2772/162/1671
f 2761/162/1770 2772/162/1671 2776/162/1770
f 2778/162/1771 2776/162/1770 2783/162/1771
f 2781/162/1772 2784/162/1773 2786/162/1772
f 2788/162/1533 2786/162/1772 2790/162/1533
f 2759/162/1774 2790/162/1533 2768/162/1774
f 2764/162/1775 2768/162/1774 2793/162/1775
f 2799/162/1776 2823/162/1776 2797/162/1674
f 2801/162/1533 2803/162/1533 2823/162/1776
f 2805/162/1777 2809/162/1777 2803/162/1533
f 2807/162/1672 2811/162/1672 2809/162/1777
f 2813/162/1778 2815/162/1778 2811/162/1672
f 2817/162/1671 2821/162/1671 2815/162/1778
f 2819/162/1779 2825/162/1779 2821/162/1671
f 2795/162/1674 2797/162/1674 2825/162/1779
s 0
f 2794/162/1673 2818/162/1673 2816/162/1673
f 2816/162/1673 2812/162/1673 2794/162/1673
f 2812/162/1673 2806/162/1673 2794/162/1673
f 2806/162/1673 2804/162/1673 2800/162/1673
f 2800/162/1673 2798/162/1673 2806/162/1673
f 2824/13/1 2796/13/1 2822/13/1
f 2822/13/1 2802/13/1 2808/13/1
f 2808/13/1 2810/13/1 2814/13/1
f 2814/13/1 2820/13/1 2824/13/1
f 2824/13/1 2822/13/1 2808/13/1
s 1
f 2827/162/1776 2857/162/1776 2853/162/1674
f 2829/162/1533 2831/162/1533 2857/162/1776
f 2833/162/1777 2837/162/1777 2831/162/1533
f 2839/162/1672 2835/162/1672 2837/162/1777
f 2841/162/1778 2843/162/1778 2835/162/1672
f 2845/162/1671 2847/162/1671 2843/162/1778
f 2849/162/1779 2851/162/1779 2847/162/1671
f 2855/162/1674 2853/162/1674 2851/162/1779
s 0
f 2854/162/1673 2848/162/1673 2844/162/1673
f 2844/162/1673 2840/162/1673 2854/162/1673
f 2840/162/1673 2838/162/1673 2854/162/1673
f 2838/162/1673 2832/162/1673 2828/162/1673
f 2828/162/1673 2826/162/1673 2838/162/1673
f 2850/13/1 2852/13/1 2856/13/1
f 2856/13/1 2830/13/1 2836/13/1
f 2836/13/1 2834/13/1 2842/13/1
f 2842/13/1 2846/13/1 2850/13/1
f 2850/13/1 2856/13/1 2836/13/1
s 1
f 2858/168/1796 2860/168/1797 2861/168/1798
f 2863/168/1799 2865/168/1800 2862/168/1801
f 2866/168/1802 2868/168/1803 2869/168/1804
f 2871/168/1805 2873/168/1806 2870/168/1807
f 2874/168/1808 2876/168/1809 2877/168/1810
f 2879/168/1811 2881/168/1812 2878/168/1813
f 2882/168/1814 2884/168/1815 2885/168/1816
f 2886/168/1817 2888/168/1818 2889/168/1819
f 2891/168/1820 2893/168/1821 2890/168/1822
f 2894/168/1823 2896/168/1824 2897/168/1825
f 2898/168/1826 2900/168/1827 2901/168/1828
f 2902/168/1829 2904/168/1830 2905/168/1831
f 2906/168/1832 2908/168/1833 2909/168/1834
f 2911/168/1835 2913/168/1836 2910/168/1837
f 2915/168/1838 2917/168/1839 2914/168/1840
f 2918/168/1841 2920/168/1842 2921/168/1843
f 2923/168/1844 2925/168/1845 2922/168/1846
f 2926/168/1847 2928/168/1848 2929/168/1849
f 2931/168/1850 2933/168/1851 2930/168/1852
f 2934/168/1853 2936/168/1854 2937/168/1855
f 2939/168/1856 2941/168/1857 2938/168/1858
f 2943/168/1859 2945/168/1860 2942/168/1861
f 2946/168/1862 2948/168/1863 2949/168/1864
s 0
f 2950/168/1865 2952/168/1865 2953/168/1865
s 1
f 2954/168/1866 2956/168/1867 2957/168/1868
f 2958/168/1869 2960/168/1870 2961/168/1871
s 0
f 2963/168/1872 2965/168/1872 2962/168/1872
s 1
f 2966/168/1873 2968/168/1874 2969/168/1875
f 2971/168/1876 2973/168/1877 2970/168/1878
f 2975/168/1879 2977/168/1880 2974/168/1881
f 2979/168/1882 2981/168/1883 2978/168/1884
f 2982/168/1885 2984/168/1886 2985/168/1887
f 2987/168/1888 2989/168/1889 2986/168/1890
f 2991/168/1891 2993/168/1892 2990/168/1893
f 2995/168/1894 2997/168/1895 2994/168/1896
f 2999/168/1897 3001/168/1898 2998/168/1899
f 3002/168/1900 3004/168/1901 3005/168/1902
f 3006/168/1903 3008/168/1904 3009/168/1905
f 2858/168/1796 2859/168/1906 2860/168/1797
f 2863/168/1799 2864/168/1907 2865/168/1800
f 2866/168/1802 2867/168/1908 2868/168/1803
f 2871/168/1805 2872/168/1909 2873/168/1806
f 2874/168/1808 2875/168/1910 2876/168/1809
f 2879/168/1811 2880/168/1911 2881/168/1812
f 2882/168/1814 2883/168/1912 2884/168/1815
f 2886/168/1817 2887/168/1913 2888/168/1818
f 2891/168/1820 2892/168/1914 2893/168/1821
f 2894/168/1823 2895/168/1915 2896/168/1824
f 2898/168/1826 2899/168/1826 2900/168/1827
f 2902/168/1829 2903/168/1916 2904/168/1830
f 2906/168/1832 2907/168/1917 2908/168/1833
f 2911/168/1835 2912/168/1918 2913/168/1836
f 2915/168/1838 2916/168/1919 2917/168/1839
f 2918/168/1841 2919/168/1920 2920/168/1842
f 2923/168/1844 2924/168/1921 2925/168/1845
f 2926/168/1847 2927/168/1922 2928/168/1848
f 2931/168/1850 2932/168/1923 2933/168/1851
f 2934/168/1853 2935/168/1924 2936/168/1854
f 2939/168/1856 2940/168/1925 2941/168/1857
f 2943/168/1859 2944/168/1926 2945/168/1860
f 2946/168/1862 2947/168/1927 2948/168/1863
s 0
f 2950/168/1865 2951/168/1865 2952/168/1865
s 1
f 2954/168/1866 2955/168/1928 2956/168/1867
f 2958/168/1869 2959/168/1929 2960/168/1870
s 0
f 2963/168/1872 2964/168/1872 2965/168/1872
s 1
f 2966/168/1873 2967/168/1930 2968/168/1874
f 2971/168/1876 2972/168/1931 2973/168/1877
f 2975/168/1879 2976/168/1932 2977/168/1880
f 2979/168/1882 2980/168/1933 2981/168/1883
f 2982/168/1885 2983/168/1934 2984/168/1886
f 2987/168/1888 2988/168/1935 2989/168/1889
f 2991/168/1891 2992/168/1936 2993/168/1892
f 2995/168/1894 2996/168/1937 2997/168/1895
f 2999/168/1897 3000/168/1938 3001/168/1898
f 3002/168/1900 3003/168/1939 3004/168/1901
f 3006/168/1903 3007/168/1940 3008/168/1904
s 0
f 3010/169/1941 3011/170/1941 3012/171/1941
f 3013/172/1942 3014/173/1942 3015/174/1942
f 3016/175/1943 3017/176/1943 3018/177/1943
f 3019/178/1944 3020/179/1944 3021/180/1944
f 3022/178/1945 3023/179/1945 3024/181/1945
f 3025/182/1946 3026/177/1946 3027/176/1946
f 3028/183/1947 3029/178/1947 3030/184/1947
f 3031/183/1948 3032/178/1948 3033/185/1948
f 3034/186/1949 3035/186/1949 3036/186/1949
f 3037/186/1950 3038/186/1950 3039/186/1950
f 3040/186/1951 3041/186/1951 3042/186/1951
f 3043/186/1952 3044/186/1952 3045/186/1952
s 1
f 3046/187/1953 3047/188/1953 3048/189/1953
f 3049/187/1954 3050/190/1954 3051/189/1954
f 3052/190/1955 3054/188/1955 3053/187/1955
s 0
f 3055/190/1956 3056/189/1956 3057/188/1956
f 3058/191/1957 3059/192/1957 3060/193/1957
f 3061/193/1958 3062/194/1958 3063/191/1958
f 3064/194/1959 3065/171/1959 3066/170/1959
f 3067/191/1960 3068/194/1960 3069/170/1960
f 3070/171/1961 3071/195/1961 3072/169/1961
f 3073/195/1962 3074/173/1962 3075/196/1962
f 3076/173/1963 3077/197/1963 3078/174/1963
f 3079/174/1964 3080/196/1964 3081/173/1964
f 3082/196/1965 3083/169/1965 3084/195/1965
f 3085/173/1966 3086/197/1966 3087/174/1966
f 3088/174/1967 3089/198/1967 3090/172/1967
f 3091/198/1968 3092/169/1968 3093/171/1968
f 3094/172/1969 3095/198/1969 3096/171/1969
f 3097/169/1970 3098/199/1970 3099/200/1970
f 3100/199/1971 3101/191/1971 3102/193/1971
f 3103/191/1972 3104/192/1972 3105/193/1972
f 3106/193/1973 3107/200/1973 3108/199/1973
f 3109/200/1974 3110/171/1974 3111/169/1974
f 3112/201/1975 3113/175/1975 3114/177/1975
f 3115/175/1976 3116/202/1976 3117/176/1976
f 3118/176/1977 3119/203/1977 3120/177/1977
f 3121/203/1978 3122/204/1978 3123/182/1978
s 1
f 3124/204/1979 3125/205/1979 3126/206/1979
s 0
f 3127/205/1980 3128/207/1980 3129/206/1980
f 3130/206/1981 3131/208/1981 3132/204/1981
f 3133/208/1982 3134/182/1982 3135/204/1982
f 3136/182/1983 3137/177/1983 3138/203/1983
f 3139/179/1984 3140/185/1984 3141/209/1984
f 3142/185/1985 3143/184/1985 3144/210/1985
f 3145/209/1986 3146/185/1986 3147/210/1986
f 3148/209/1987 3149/180/1987 3150/179/1987
f 3151/180/1988 3152/181/1988 3153/183/1988
f 3154/181/1989 3155/211/1989 3156/212/1989
f 3157/211/1990 3158/213/1990 3159/212/1990
f 3160/212/1991 3161/183/1991 3162/181/1991
f 3163/183/1992 3164/178/1992 3165/180/1992
s 1
f 3166/179/1993 3167/185/1993 3168/180/1993
s 0
f 3169/185/1994 3170/184/1994 3171/209/1994
f 3172/184/1995 3173/210/1995 3174/209/1995
f 3175/209/1996 3176/180/1996 3177/185/1996
f 3178/180/1997 3179/181/1997 3180/179/1997
f 3181/181/1998 3182/211/1998 3183/183/1998
s 1
f 3184/211/1999 3185/213/1999 3186/212/1999
s 0
f 3187/183/2000 3188/211/2000 3189/212/2000
f 3190/183/2001 3191/178/2001 3192/181/2001
f 3193/201/2002 3194/175/2002 3195/202/2002
f 3196/202/2003 3197/176/2003 3198/201/2003
f 3199/176/2004 3200/203/2004 3201/182/2004
f 3202/201/2005 3203/176/2005 3204/177/2005
f 3205/203/2006 3206/204/2006 3207/208/2006
f 3208/204/2007 3209/205/2007 3210/207/2007
f 3211/208/2008 3212/207/2008 3213/206/2008
f 3214/204/2009 3215/207/2009 3216/208/2009
f 3217/208/2010 3218/182/2010 3219/203/2010
f 3220/179/2011 3221/185/2011 3222/178/2011
f 3223/185/2012 3224/184/2012 3225/178/2012
f 3226/184/2013 3227/210/2013 3228/183/2013
f 3229/210/2014 3230/209/2014 3231/213/2014
f 3232/183/2015 3233/210/2015 3234/212/2015
f 3235/209/2016 3236/180/2016 3237/211/2016
f 3238/180/2017 3239/181/2017 3240/211/2017
f 3241/211/2018 3242/213/2018 3243/209/2018
f 3244/213/2019 3245/212/2019 3246/210/2019
f 3247/179/2020 3248/185/2020 3249/178/2020
f 3250/185/2021 3251/184/2021 3252/183/2021
f 3253/184/2022 3254/210/2022 3255/213/2022
f 3256/210/2023 3257/209/2023 3258/211/2023
s 1
f 3259/213/2024 3260/210/2024 3261/211/2024
s 0
f 3262/209/2025 3263/180/2025 3264/181/2025
f 3265/181/2026 3266/211/2026 3267/209/2026
f 3268/213/2027 3269/212/2027 3270/184/2027
f 3271/212/2028 3272/183/2028 3273/184/2028
f 3274/186/2029 3275/186/2029 3276/186/2029
f 3277/186/2030 3278/186/2030 3279/186/2030
f 3280/186/2031 3281/186/2031 3282/186/2031
f 3283/186/2032 3284/186/2032 3285/186/2032
f 3286/214/2033 3288/175/2033 3287/215/2033
f 3289/215/2034 3291/188/2034 3290/189/2034
s 1
f 3292/188/2035 3294/190/2035 3293/187/2035
s 0
f 3295/215/2036 3296/214/2036 3297/189/2036
f 3298/190/2037 3299/216/2037 3300/217/2037
f 3301/217/2038 3302/216/2038 3303/207/2038
f 3304/216/2039 3305/190/2039 3306/187/2039
f 3307/218/2040 3309/219/2040 3308/220/2040
f 3310/220/2041 3311/218/2041 3312/188/2041
f 3313/188/1954 3314/189/1954 3315/190/1954
f 3316/218/2042 3318/188/2042 3317/189/2042
f 3319/190/2043 3321/221/2043 3320/222/2043
f 3322/221/2044 3324/223/2044 3323/222/2044
f 3325/222/2045 3327/187/2045 3326/190/2045
f 3328/215/2046 3330/175/2046 3329/214/2046
f 3331/214/2047 3332/215/2047 3333/189/2047
s 1
f 3334/189/2048 3335/188/2048 3336/187/2048
s 0
f 3337/215/2049 3339/189/2049 3338/188/2049
f 3340/187/2050 3341/190/2050 3342/216/2050
f 3343/216/2051 3344/217/2051 3345/207/2051
f 3346/190/2052 3347/217/2052 3348/216/2052
f 3349/220/2053 3351/219/2053 3350/218/2053
f 3352/218/2054 3354/189/2054 3353/188/2054
s 1
f 3355/189/1956 3356/190/1956 3357/187/1956
s 0
f 3358/218/2055 3359/220/2055 3360/188/2055
f 3361/187/2056 3363/222/2056 3362/190/2056
f 3364/222/2057 3366/223/2057 3365/221/2057
f 3367/190/2058 3369/222/2058 3368/221/2058
o Wheel_FL
v -0.640000 0.611000 -1.230000
v -0.640000 0.589686 -1.337151
v -0.640000 0.528990 -1.427990
v -0.640000 0.438151 -1.488686
v -0.640000 0.331000 -1.510000
v -0.640000 0.223849 -1.488686
v -0.640000 0.133010 -1.427990
v -0.640000 0.072314 -1.337151
v -0.640000 0.051000 -1.230000
v -0.640000 0.072314 -1.122849
v -0.640000 0.133010 -1.032010
v -0.640000 0.223849 -0.971314
v -0.640000 0.331000 -0.950000
v -0.640000 0.438151 -0.971314
v -0.640000 0.528990 -1.032010
v -0.640000 0.589686 -1.122849
v -0.670000 0.662000 -1.230000
v -0.670000 0.662000 -1.230000
v -0.670000 0.636804 -1.356668
v -0.670000 0.636804 -1.356668
v -0.670000 0.565052 -1.464052
v -0.670000 0.565052 -1.464052
v -0.670000 0.457668 -1.535804
v -0.670000 0.457668 -1.535804
v -0.670000 0.331000 -1.561000
v -0.670000 0.331000 -1.561000
v -0.670000 0.204332 -1.535804
v -0.670000 0.204332 -1.535804
v -0.670000 0.096948 -1.464052
v -0.670000 0.096948 -1.464052
v -0.670000 0.025196 -1.356668
v -0.670000 0.025196 -1.356668
v -0.670000 0.000000 -1.230000
v -0.670000 0.000000 -1.230000
v -0.670000 0.025196 -1.103332
v -0.670000 0.025196 -1.103332
v -0.670000 0.096948 -0.995948
v -0.670000 0.096948 -0.995948
v -0.670000 0.204332 -0.924196
v -0.670000 0.204332 -0.924196
v -0.670000 0.331000 -0.899000
v -0.670000 0.331000 -0.899000
v -0.670000 0.457668 -0.924196
v -0.670000 0.457668 -0.924196
v -0.670000 0.565052 -0.995948
v -0.670000 0.565052 -0.995948
v -0.670000 0.636804 -1.103332
v -0.670000 0.636804 -1.103332
v -0.823000 0.662000 -1.230000
v -0.823000 0.662000 -1.230000
v -0.823000 0.636804 -1.356668
v -0.823000 0.636804 -1.356668
v -0.823000 0.565052 -1.464052
v -0.823000 0.565052 -1.464052
v -0.823000 0.457668 -1.535804
v -0.823000 0.457668 -1.535804
v -0.823000 0.331000 -1.561000
v -0.823000 0.331000 -1.561000
v -0.823000 0.204332 -1.535804
v -0.823000 0.204332 -1.535804
v -0.823000 0.096948 -1.464052
v -0.823000 0.096948 -1.464052
v -0.823000 0.025196 -1.356668
v -0.823000 0.025196 -1.356668
v -0.823000 0.000000 -1.230000
v -0.823000 0.000000 -1.230000
v -0.823000 0.025196 -1.103332
v -0.823000 0.025196 -1.103332
v -0.823000 0.096948 -0.995948
v -0.823000 0.096948 -0.995948
v -0.823000 0.204332 -0.924196
v -0.823000 0.204332 -0.924196
v -0.823000 0.331000 -0.899000
v -0.823000 0.331000 -0.899000
v -0.823000 0.457668 -0.924196
v -0.823000 0.457668 -0.924196
v -0.823000 0.565052 -0.995948
v -0.823000 0.565052 -0.995948
v -0.823000 0.636804 -1.103332
v -0.823000 0.636804 -1.103332
v -0.860000 0.551000 -1.230000
v -0.860000 0.551000 -1.230000
v -0.860000 0.534253 -1.314190
v -0.860000 0.534253 -1.314190
v -0.860000 0.486564 -1.385563
v -0.860000 0.486564 -1.385563
v -0.860000 0.415190 -1.433254
v -0.860000 0.415190 -1.433254
v -0.860000 0.331000 -1.450000
v -0.860000 0.331000 -1.450000
v -0.860000 0.246810 -1.433254
v -0.860000 0.246810 -1.433254
v -0.860000 0.175437 -1.385563
v -0.860000 0.175437 -1.385563
v -0.860000 0.127747 -1.314190
v -0.860000 0.127747 -1.314190
v -0.860000 0.111000 -1.230000
v -0.860000 0.111000 -1.230000
v -0.860000 0.127747 -1.145810
v -0.860000 0.127747 -1.145810
v -0.860000 0.175437 -1.074437
v -0.860000 0.175437 -1.074437
v -0.860000 0.246810 -1.026747
v -0.860000 0.246810 -1.026747
v -0.860000 0.331000 -1.010000
v -0.860000 0.331000 -1.010000
v -0.860000 0.415190 -1.026747
v -0.860000 0.415190 -1.026747
v -0.860000 0.486564 -1.074437
v -0.860000 0.486564 -1.074437
v -0.860000 0.534253 -1.145810
v -0.860000 0.534253 -1.145810
vn 0.9562 0.2705 -0.1120
vn 0.8619 0.5070 -0.0000
vn 0.9562 0.2928 -0.0000
vn 0.9562 0.2070 -0.2070
vn 0.8619 0.4684 -0.1940
vn 0.8619 0.1940 -0.4684
vn 0.8619 0.3585 -0.3585
vn 0.9562 -0.0000 -0.2928
vn 0.9562 0.1120 -0.2705
vn 0.9562 -0.1120 -0.2705
vn 0.8619 -0.0000 -0.5070
vn 0.9562 -0.2070 -0.2070
vn 0.8619 -0.1940 -0.4684
vn 0.9562 -0.2705 -0.1120
vn 0.8619 -0.3585 -0.3585
vn 0.9562 -0.2928 -0.0000
vn 0.8619 -0.4684 -0.1940
vn 0.9562 -0.2705 0.1120
vn 0.8619 -0.5070 -0.0000
vn 0.9562 -0.2070 0.2070
vn 0.8619 -0.4684 0.1940
vn 0.8619 -0.1940 0.4684
vn 0.8619 -0.3585 0.3585
vn 0.9562 -0.0000 0.2928
vn 0.9562 -0.1120 0.2705
vn 0.9562 0.1120 0.2705
vn 0.8619 -0.0000 0.5070
vn 0.9562 0.2070 0.2070
vn 0.8619 0.1940 0.4684
vn 0.9562 0.2705 0.1120
vn 0.8619 0.3585 0.3585
vn 0.8619 0.4684 0.1940
vn -0.0000 0.9239 -0.3827
vn -0.0000 1.0000 -0.0000
vn -0.0000 0.7071 -0.7071
vn -0.0000 0.3827 -0.9239
vn -0.0000 -0.0000 -1.0000
vn -0.0000 -0.3827 -0.9239
vn -0.0000 -0.7071 -0.7071
vn -0.0000 -0.9239 -0.3827
vn -0.0000 -1.0000 -0.0000
vn -0.0000 -0.9239 0.3827
vn -0.0000 -0.7071 0.7071
vn -0.0000 -0.3827 0.9239
vn -0.0000 -0.0000 1.0000
vn -0.0000 0.3827 0.9239
vn -0.0000 0.7071 0.7071
vn -0.0000 0.9239 0.3827
vn -0.9487 0.2922 -0.1210
vn -0.9837 0.1796 -0.0000
vn -0.9487 0.3162 -0.0000
vn -0.9487 0.2236 -0.2236
vn -0.9837 0.1660 -0.0687
vn -0.9837 0.0687 -0.1659
vn -0.9837 0.1270 -0.1270
vn -0.9487 -0.0000 -0.3162
vn -0.9487 0.1210 -0.2922
vn -0.9487 -0.1210 -0.2922
vn -0.9837 -0.0000 -0.1796
vn -0.9487 -0.2236 -0.2236
vn -0.9837 -0.0687 -0.1660
vn -0.9487 -0.2922 -0.1210
vn -0.9837 -0.1270 -0.1270
vn -0.9487 -0.3162 -0.0000
vn -0.9837 -0.1660 -0.0687
vn -0.9487 -0.2922 0.1210
vn -0.9837 -0.1796 -0.0000
vn -0.9487 -0.2236 0.2236
vn -0.9837 -0.1660 0.0687
vn -0.9837 -0.0687 0.1659
vn -0.9837 -0.1270 0.1270
vn -0.9487 -0.0000 0.3162
vn -0.9487 -0.1210 0.2922
vn -0.9487 0.1210 0.2922
vn -0.9837 -0.0000 0.1796
vn -0.9487 0.2236 0.2236
vn -0.9837 0.0687 0.1660
vn -0.9487 0.2922 0.1210
vn -0.9837 0.1270 0.1270
vn -0.9837 0.1660 0.0687
vn -0.9838 -0.1659 -0.0687
vn -0.9838 -0.0687 0.1659
vn -0.9838 0.1659 0.0687
vn -0.9838 0.1658 -0.0687
vn -0.9838 0.0687 -0.1659
vn -0.9838 -0.0687 -0.1658
vn -0.9838 -0.1658 0.0687
vn -0.9838 0.0687 0.1658
vt 0.218750 0.937500
vt 0.111181 0.374878
vt 0.011658 0.457326
vt 0.052882 0.656372
vt 0.082031 0.667969
vt 0.111181 0.656372
vt 0.135893 0.623348
vt 0.152405 0.573924
vt 0.158203 0.515625
vt 0.152405 0.457326
vt 0.135893 0.407902
vt 0.082031 0.363281
vt 0.052882 0.374878
vt 0.028170 0.407902
vt 0.005859 0.515625
vt 0.011658 0.573924
vt 0.028170 0.623348
s 1
usemtl FD_Original_Atlas
f 3371/224/2059 3387/224/2060 3370/224/2061
f 3372/224/2062 3389/224/2063 3371/224/2059
f 3372/224/2062 3393/224/2064 3391/224/2065
f 3374/224/2066 3393/224/2064 3373/224/2067
f 3375/224/2068 3395/224/2069 3374/224/2066
f 3376/224/2070 3397/224/2071 3375/224/2068
f 3377/224/2072 3399/224/2073 3376/224/2070
f 3378/224/2074 3401/224/2075 3377/224/2072
f 3379/224/2076 3403/224/2077 3378/224/2074
f 3380/224/2078 3405/224/2079 3379/224/2076
f 3380/224/2078 3409/224/2080 3407/224/2081
f 3382/224/2082 3409/224/2080 3381/224/2083
f 3383/224/2084 3411/224/2085 3382/224/2082
f 3384/224/2086 3413/224/2087 3383/224/2084
f 3385/224/2088 3415/224/2089 3384/224/2086
f 3370/224/2061 3417/224/2090 3385/224/2088
f 3388/224/2091 3418/224/2092 3386/224/2092
f 3390/224/2093 3420/224/2091 3388/224/2091
f 3392/224/2094 3422/224/2093 3390/224/2093
f 3394/224/2095 3424/224/2094 3392/224/2094
f 3396/224/2096 3426/224/2095 3394/224/2095
f 3398/224/2097 3428/224/2096 3396/224/2096
f 3400/224/2098 3430/224/2097 3398/224/2097
f 3402/224/2099 3432/224/2098 3400/224/2098
f 3404/224/2100 3434/224/2099 3402/224/2099
f 3406/224/2101 3436/224/2100 3404/224/2100
f 3408/224/2102 3438/224/2101 3406/224/2101
f 3410/224/2103 3440/224/2102 3408/224/2102
f 3412/224/2104 3442/224/2103 3410/224/2103
f 3414/224/2105 3444/224/2104 3412/224/2104
f 3416/224/2106 3446/224/2105 3414/224/2105
f 3386/224/2092 3448/224/2106 3416/224/2106
f 3421/224/2107 3451/224/2108 3419/224/2109
f 3423/224/2110 3453/224/2111 3421/224/2107
f 3423/224/2110 3457/224/2112 3455/224/2113
f 3427/224/2114 3457/224/2112 3425/224/2115
f 3429/224/2116 3459/224/2117 3427/224/2114
f 3431/224/2118 3461/224/2119 3429/224/2116
f 3433/224/2120 3463/224/2121 3431/224/2118
f 3435/224/2122 3465/224/2123 3433/224/2120
f 3437/224/2124 3467/224/2125 3435/224/2122
f 3439/224/2126 3469/224/2127 3437/224/2124
f 3439/224/2126 3473/224/2128 3471/224/2129
f 3443/224/2130 3473/224/2128 3441/224/2131
f 3445/224/2132 3475/224/2133 3443/224/2130
f 3447/224/2134 3477/224/2135 3445/224/2132
f 3449/224/2136 3479/224/2137 3447/224/2134
f 3419/224/2109 3481/224/2138 3449/224/2136
f 3378/224/2074 3374/224/2066 3370/224/2061
f 3464/225/2139 3472/226/2140 3480/227/2141
f 3371/224/2059 3389/224/2063 3387/224/2060
f 3372/224/2062 3391/224/2065 3389/224/2063
f 3372/224/2062 3373/224/2067 3393/224/2064
f 3374/224/2066 3395/224/2069 3393/224/2064
f 3375/224/2068 3397/224/2071 3395/224/2069
f 3376/224/2070 3399/224/2073 3397/224/2071
f 3377/224/2072 3401/224/2075 3399/224/2073
f 3378/224/2074 3403/224/2077 3401/224/2075
f 3379/224/2076 3405/224/2079 3403/224/2077
f 3380/224/2078 3407/224/2081 3405/224/2079
f 3380/224/2078 3381/224/2083 3409/224/2080
f 3382/224/2082 3411/224/2085 3409/224/2080
f 3383/224/2084 3413/224/2087 3411/224/2085
f 3384/224/2086 3415/224/2089 3413/224/2087
f 3385/224/2088 3417/224/2090 3415/224/2089
f 3370/224/2061 3387/224/2060 3417/224/2090
f 3388/224/2091 3420/224/2091 3418/224/2092
f 3390/224/2093 3422/224/2093 3420/224/2091
f 3392/224/2094 3424/224/2094 3422/224/2093
f 3394/224/2095 3426/224/2095 3424/224/2094
f 3396/224/2096 3428/224/2096 3426/224/2095
f 3398/224/2097 3430/224/2097 3428/224/2096
f 3400/224/2098 3432/224/2098 3430/224/2097
f 3402/224/2099 3434/224/2099 3432/224/2098
f 3404/224/2100 3436/224/2100 3434/224/2099
f 3406/224/2101 3438/224/2101 3436/224/2100
f 3408/224/2102 3440/224/2102 3438/224/2101
f 3410/224/2103 3442/224/2103 3440/224/2102
f 3412/224/2104 3444/224/2104 3442/224/2103
f 3414/224/2105 3446/224/2105 3444/224/2104
f 3416/224/2106 3448/224/2106 3446/224/2105
f 3386/224/2092 3418/224/2092 3448/224/2106
f 3421/224/2107 3453/224/2111 3451/224/2108
f 3423/224/2110 3455/224/2113 3453/224/2111
f 3423/224/2110 3425/224/2115 3457/224/2112
f 3427/224/2114 3459/224/2117 3457/224/2112
f 3429/224/2116 3461/224/2119 3459/224/2117
f 3431/224/2118 3463/224/2121 3461/224/2119
f 3433/224/2120 3465/224/2123 3463/224/2121
f 3435/224/2122 3467/224/2125 3465/224/2123
f 3437/224/2124 3469/224/2127 3467/224/2125
f 3439/224/2126 3471/224/2129 3469/224/2127
f 3439/224/2126 3441/224/2131 3473/224/2128
f 3443/224/2130 3475/224/2133 3473/224/2128
f 3445/224/2132 3477/224/2135 3475/224/2133
f 3447/224/2134 3479/224/2137 3477/224/2135
f 3449/224/2136 3481/224/2138 3479/224/2137
f 3419/224/2109 3451/224/2108 3481/224/2138
f 3370/224/2061 3385/224/2088 3384/224/2086
f 3384/224/2086 3383/224/2084 3382/224/2082
f 3382/224/2082 3381/224/2083 3380/224/2078
f 3380/224/2078 3379/224/2076 3378/224/2074
f 3378/224/2074 3377/224/2072 3376/224/2070
f 3376/224/2070 3375/224/2068 3374/224/2066
f 3374/224/2066 3373/224/2067 3372/224/2062
f 3372/224/2062 3371/224/2059 3370/224/2061
f 3370/224/2061 3384/224/2086 3382/224/2082
f 3382/224/2082 3380/224/2078 3378/224/2074
f 3378/224/2074 3376/224/2070 3374/224/2066
f 3374/224/2066 3372/224/2062 3370/224/2061
f 3370/224/2061 3382/224/2082 3378/224/2074
f 3480/227/2141 3450/228/2108 3452/229/2142
f 3452/229/2142 3454/230/2113 3456/231/2143
f 3456/231/2143 3458/232/2117 3460/233/2144
f 3460/233/2144 3462/234/2121 3464/225/2139
f 3464/225/2139 3466/235/2125 3468/236/2145
f 3468/236/2145 3470/237/2129 3472/226/2140
f 3472/226/2140 3474/238/2133 3476/239/2146
f 3476/239/2146 3478/240/2137 3480/227/2141
f 3480/227/2141 3452/229/2142 3456/231/2143
f 3456/231/2143 3460/233/2144 3464/225/2139
f 3464/225/2139 3468/236/2145 3472/226/2140
f 3472/226/2140 3476/239/2146 3480/227/2141
f 3480/227/2141 3456/231/2143 3464/225/2139
o Wheel_FR
v 0.640000 0.611000 -1.230000
v 0.640000 0.589686 -1.337151
v 0.640000 0.528990 -1.427990
v 0.640000 0.438151 -1.488686
v 0.640000 0.331000 -1.510000
v 0.640000 0.223849 -1.488686
v 0.640000 0.133010 -1.427990
v 0.640000 0.072314 -1.337151
v 0.640000 0.051000 -1.230000
v 0.640000 0.072314 -1.122849
v 0.640000 0.133010 -1.032010
v 0.640000 0.223849 -0.971314
v 0.640000 0.331000 -0.950000
v 0.640000 0.438151 -0.971314
v 0.640000 0.528990 -1.032010
v 0.640000 0.589686 -1.122849
v 0.670000 0.662000 -1.230000
v 0.670000 0.662000 -1.230000
v 0.670000 0.636804 -1.356668
v 0.670000 0.636804 -1.356668
v 0.670000 0.565052 -1.464052
v 0.670000 0.565052 -1.464052
v 0.670000 0.457668 -1.535804
v 0.670000 0.457668 -1.535804
v 0.670000 0.331000 -1.561000
v 0.670000 0.331000 -1.561000
v 0.670000 0.204332 -1.535804
v 0.670000 0.204332 -1.535804
v 0.670000 0.096948 -1.464052
v 0.670000 0.096948 -1.464052
v 0.670000 0.025196 -1.356668
v 0.670000 0.025196 -1.356668
v 0.670000 0.000000 -1.230000
v 0.670000 0.000000 -1.230000
v 0.670000 0.025196 -1.103332
v 0.670000 0.025196 -1.103332
v 0.670000 0.096948 -0.995948
v 0.670000 0.096948 -0.995948
v 0.670000 0.204332 -0.924196
v 0.670000 0.204332 -0.924196
v 0.670000 0.331000 -0.899000
v 0.670000 0.331000 -0.899000
v 0.670000 0.457668 -0.924196
v 0.670000 0.457668 -0.924196
v 0.670000 0.565052 -0.995948
v 0.670000 0.565052 -0.995948
v 0.670000 0.636804 -1.103332
v 0.670000 0.636804 -1.103332
v 0.823000 0.662000 -1.230000
v 0.823000 0.662000 -1.230000
v 0.823000 0.636804 -1.356668
v 0.823000 0.636804 -1.356668
v 0.823000 0.565052 -1.464052
v 0.823000 0.565052 -1.464052
v 0.823000 0.457668 -1.535804
v 0.823000 0.457668 -1.535804
v 0.823000 0.331000 -1.561000
v 0.823000 0.331000 -1.561000
v 0.823000 0.204332 -1.535804
v 0.823000 0.204332 -1.535804
v 0.823000 0.096948 -1.464052
v 0.823000 0.096948 -1.464052
v 0.823000 0.025196 -1.356668
v 0.823000 0.025196 -1.356668
v 0.823000 0.000000 -1.230000
v 0.823000 0.000000 -1.230000
v 0.823000 0.025196 -1.103332
v 0.823000 0.025196 -1.103332
v 0.823000 0.096948 -0.995948
v 0.823000 0.096948 -0.995948
v 0.823000 0.204332 -0.924196
v 0.823000 0.204332 -0.924196
v 0.823000 0.331000 -0.899000
v 0.823000 0.331000 -0.899000
v 0.823000 0.457668 -0.924196
v 0.823000 0.457668 -0.924196
v 0.823000 0.565052 -0.995948
v 0.823000 0.565052 -0.995948
v 0.823000 0.636804 -1.103332
v 0.823000 0.636804 -1.103332
v 0.860000 0.551000 -1.230000
v 0.860000 0.551000 -1.230000
v 0.860000 0.534253 -1.314190
v 0.860000 0.534253 -1.314190
v 0.860000 0.486564 -1.385563
v 0.860000 0.486564 -1.385563
v 0.860000 0.415190 -1.433254
v 0.860000 0.415190 -1.433254
v 0.860000 0.331000 -1.450000
v 0.860000 0.331000 -1.450000
v 0.860000 0.246810 -1.433254
v 0.860000 0.246810 -1.433254
v 0.860000 0.175437 -1.385563
v 0.860000 0.175437 -1.385563
v 0.860000 0.127747 -1.314190
v 0.860000 0.127747 -1.314190
v 0.860000 0.111000 -1.230000
v 0.860000 0.111000 -1.230000
v 0.860000 0.127747 -1.145810
v 0.860000 0.127747 -1.145810
v 0.860000 0.175437 -1.074437
v 0.860000 0.175437 -1.074437
v 0.860000 0.246810 -1.026747
v 0.860000 0.246810 -1.026747
v 0.860000 0.331000 -1.010000
v 0.860000 0.331000 -1.010000
v 0.860000 0.415190 -1.026747
v 0.860000 0.415190 -1.026747
v 0.860000 0.486564 -1.074437
v 0.860000 0.486564 -1.074437
v 0.860000 0.534253 -1.145810
v 0.860000 0.534253 -1.145810
vn -0.9562 0.2705 -0.1120
vn -0.9562 0.2928 -0.0000
vn -0.8619 0.5070 -0.0000
vn -0.9562 0.2070 -0.2070
vn -0.8619 0.4684 -0.1940
vn -0.8619 0.3585 -0.3585
vn -0.8619 0.1940 -0.4684
vn -0.9562 -0.0000 -0.2928
vn -0.9562 0.1120 -0.2705
vn -0.9562 -0.1120 -0.2705
vn -0.8619 -0.0000 -0.5070
vn -0.9562 -0.2070 -0.2070
vn -0.8619 -0.1940 -0.4684
vn -0.9562 -0.2705 -0.1120
vn -0.8619 -0.3585 -0.3585
vn -0.9562 -0.2928 -0.0000
vn -0.8619 -0.4684 -0.1940
vn -0.9562 -0.2705 0.1120
vn -0.8619 -0.5070 -0.0000
vn -0.9562 -0.2070 0.2070
vn -0.8619 -0.4684 0.1940
vn -0.8619 -0.3585 0.3585
vn -0.8619 -0.1940 0.4684
vn -0.9562 -0.0000 0.2928
vn -0.9562 -0.1120 0.2705
vn -0.9562 0.1120 0.2705
vn -0.8619 -0.0000 0.5070
vn -0.9562 0.2070 0.2070
vn -0.8619 0.1940 0.4684
vn -0.9562 0.2705 0.1120
vn -0.8619 0.3585 0.3585
vn -0.8619 0.4684 0.1940
vn -0.0000 0.9239 -0.3827
vn -0.0000 1.0000 -0.0000
vn -0.0000 0.7071 -0.7071
vn -0.0000 0.3827 -0.9239
vn -0.0000 -0.0000 -1.0000
vn -0.0000 -0.3827 -0.9239
vn -0.0000 -0.7071 -0.7071
vn -0.0000 -0.9239 -0.3827
vn -0.0000 -1.0000 -0.0000
vn -0.0000 -0.9239 0.3827
vn -0.0000 -0.7071 0.7071
vn -0.0000 -0.3827 0.9239
vn -0.0000 -0.0000 1.0000
vn -0.0000 0.3827 0.9239
vn -0.0000 0.7071 0.7071
vn -0.0000 0.9239 0.3827
vn 0.9487 0.2922 -0.1210
vn 0.9487 0.3162 -0.0000
vn 0.9837 0.1796 -0.0000
vn 0.9487 0.2236 -0.2236
vn 0.9837 0.1660 -0.0687
vn 0.9837 0.1270 -0.1270
vn 0.9837 0.0687 -0.1659
vn 0.9487 -0.0000 -0.3162
vn 0.9487 0.1210 -0.2922
vn 0.9487 -0.1210 -0.2922
vn 0.9837 -0.0000 -0.1796
vn 0.9487 -0.2236 -0.2236
vn 0.9837 -0.0687 -0.1660
vn 0.9487 -0.2922 -0.1210
vn 0.9837 -0.1270 -0.1270
vn 0.9487 -0.3162 -0.0000
vn 0.9837 -0.1660 -0.0687
vn 0.9487 -0.2922 0.1210
vn 0.9837 -0.1796 -0.0000
vn 0.9487 -0.2236 0.2236
vn 0.9837 -0.1660 0.0687
vn 0.9837 -0.1270 0.1270
vn 0.9837 -0.0687 0.1659
vn 0.9487 -0.0000 0.3162
vn 0.9487 -0.1210 0.2922
vn 0.9487 0.1210 0.2922
vn 0.9837 -0.0000 0.1796
vn 0.9487 0.2236 0.2236
vn 0.9837 0.0687 0.1660
vn 0.9487 0.2922 0.1210
vn 0.9837 0.1270 0.1270
vn 0.9837 0.1660 0.0687
vn 0.9838 -0.1658 -0.0687
vn 0.9838 0.1658 0.0687
vn 0.9838 -0.0687 0.1658
vn 0.9838 0.1659 -0.0687
vn 0.9838 0.0687 -0.1658
vn 0.9838 -0.0687 -0.1659
vn 0.9838 -0.1659 0.0687
vn 0.9838 0.0687 0.1659
vt 0.218750 0.937500
vt 0.111181 0.374878
vt 0.052882 0.656372
vt 0.011658 0.457326
vt 0.111181 0.656372
vt 0.082031 0.667969
vt 0.152405 0.573924
vt 0.135893 0.623348
vt 0.152405 0.457326
vt 0.158203 0.515625
vt 0.135893 0.407902
vt 0.052882 0.374878
vt 0.082031 0.363281
vt 0.028170 0.407902
vt 0.011658 0.573924
vt 0.005859 0.515625
vt 0.028170 0.623348
s 1
usemtl FD_Original_Atlas
f 3483/241/2147 3482/241/2148 3499/241/2149
f 3484/241/2150 3483/241/2147 3501/241/2151
f 3484/241/2150 3503/241/2152 3505/241/2153
f 3486/241/2154 3485/241/2155 3505/241/2153
f 3487/241/2156 3486/241/2154 3507/241/2157
f 3488/241/2158 3487/241/2156 3509/241/2159
f 3489/241/2160 3488/241/2158 3511/241/2161
f 3490/241/2162 3489/241/2160 3513/241/2163
f 3491/241/2164 3490/241/2162 3515/241/2165
f 3492/241/2166 3491/241/2164 3517/241/2167
f 3492/241/2166 3519/241/2168 3521/241/2169
f 3494/241/2170 3493/241/2171 3521/241/2169
f 3495/241/2172 3494/241/2170 3523/241/2173
f 3496/241/2174 3495/241/2172 3525/241/2175
f 3497/241/2176 3496/241/2174 3527/241/2177
f 3482/241/2148 3497/241/2176 3529/241/2178
f 3500/241/2179 3498/241/2180 3530/241/2180
f 3502/241/2181 3500/241/2179 3532/241/2179
f 3504/241/2182 3502/241/2181 3534/241/2181
f 3506/241/2183 3504/241/2182 3536/241/2182
f 3508/241/2184 3506/241/2183 3538/241/2183
f 3510/241/2185 3508/241/2184 3540/241/2184
f 3512/241/2186 3510/241/2185 3542/241/2185
f 3514/241/2187 3512/241/2186 3544/241/2186
f 3516/241/2188 3514/241/2187 3546/241/2187
f 3518/241/2189 3516/241/2188 3548/241/2188
f 3520/241/2190 3518/241/2189 3550/241/2189
f 3522/241/2191 3520/241/2190 3552/241/2190
f 3524/241/2192 3522/241/2191 3554/241/2191
f 3526/241/2193 3524/241/2192 3556/241/2192
f 3528/241/2194 3526/241/2193 3558/241/2193
f 3498/241/2180 3528/241/2194 3560/241/2194
f 3533/241/2195 3531/241/2196 3563/241/2197
f 3535/241/2198 3533/241/2195 3565/241/2199
f 3535/241/2198 3567/241/2200 3569/241/2201
f 3539/241/2202 3537/241/2203 3569/241/2201
f 3541/241/2204 3539/241/2202 3571/241/2205
f 3543/241/2206 3541/241/2204 3573/241/2207
f 3545/241/2208 3543/241/2206 3575/241/2209
f 3547/241/2210 3545/241/2208 3577/241/2211
f 3549/241/2212 3547/241/2210 3579/241/2213
f 3551/241/2214 3549/241/2212 3581/241/2215
f 3551/241/2214 3583/241/2216 3585/241/2217
f 3555/241/2218 3553/241/2219 3585/241/2217
f 3557/241/2220 3555/241/2218 3587/241/2221
f 3559/241/2222 3557/241/2220 3589/241/2223
f 3561/241/2224 3559/241/2222 3591/241/2225
f 3531/241/2196 3561/241/2224 3593/241/2226
f 3490/241/2162 3482/241/2148 3486/241/2154
f 3576/242/2227 3592/243/2228 3584/244/2229
f 3483/241/2147 3499/241/2149 3501/241/2151
f 3484/241/2150 3501/241/2151 3503/241/2152
f 3484/241/2150 3505/241/2153 3485/241/2155
f 3486/241/2154 3505/241/2153 3507/241/2157
f 3487/241/2156 3507/241/2157 3509/241/2159
f 3488/241/2158 3509/241/2159 3511/241/2161
f 3489/241/2160 3511/241/2161 3513/241/2163
f 3490/241/2162 3513/241/2163 3515/241/2165
f 3491/241/2164 3515/241/2165 3517/241/2167
f 3492/241/2166 3517/241/2167 3519/241/2168
f 3492/241/2166 3521/241/2169 3493/241/2171
f 3494/241/2170 3521/241/2169 3523/241/2173
f 3495/241/2172 3523/241/2173 3525/241/2175
f 3496/241/2174 3525/241/2175 3527/241/2177
f 3497/241/2176 3527/241/2177 3529/241/2178
f 3482/241/2148 3529/241/2178 3499/241/2149
f 3500/241/2179 3530/241/2180 3532/241/2179
f 3502/241/2181 3532/241/2179 3534/241/2181
f 3504/241/2182 3534/241/2181 3536/241/2182
f 3506/241/2183 3536/241/2182 3538/241/2183
f 3508/241/2184 3538/241/2183 3540/241/2184
f 3510/241/2185 3540/241/2184 3542/241/2185
f 3512/241/2186 3542/241/2185 3544/241/2186
f 3514/241/2187 3544/241/2186 3546/241/2187
f 3516/241/2188 3546/241/2187 3548/241/2188
f 3518/241/2189 3548/241/2188 3550/241/2189
f 3520/241/2190 3550/241/2189 3552/241/2190
f 3522/241/2191 3552/241/2190 3554/241/2191
f 3524/241/2192 3554/241/2191 3556/241/2192
f 3526/241/2193 3556/241/2192 3558/241/2193
f 3528/241/2194 3558/241/2193 3560/241/2194
f 3498/241/2180 3560/241/2194 3530/241/2180
f 3533/241/2195 3563/241/2197 3565/241/2199
f 3535/241/2198 3565/241/2199 3567/241/2200
f 3535/241/2198 3569/241/2201 3537/241/2203
f 3539/241/2202 3569/241/2201 3571/241/2205
f 3541/241/2204 3571/241/2205 3573/241/2207
f 3543/241/2206 3573/241/2207 3575/241/2209
f 3545/241/2208 3575/241/2209 3577/241/2211
f 3547/241/2210 3577/241/2211 3579/241/2213
f 3549/241/2212 3579/241/2213 3581/241/2215
f 3551/241/2214 3581/241/2215 3583/241/2216
f 3551/241/2214 3585/241/2217 3553/241/2219
f 3555/241/2218 3585/241/2217 3587/241/2221
f 3557/241/2220 3587/241/2221 3589/241/2223
f 3559/241/2222 3589/241/2223 3591/241/2225
f 3561/241/2224 3591/241/2225 3593/241/2226
f 3531/241/2196 3593/241/2226 3563/241/2197
f 3482/241/2148 3496/241/2174 3497/241/2176
f 3496/241/2174 3494/241/2170 3495/241/2172
f 3494/241/2170 3492/241/2166 3493/241/2171
f 3492/241/2166 3490/241/2162 3491/241/2164
f 3490/241/2162 3488/241/2158 3489/241/2160
f 3488/241/2158 3486/241/2154 3487/241/2156
f 3486/241/2154 3484/241/2150 3485/241/2155
f 3484/241/2150 3482/241/2148 3483/241/2147
f 3482/241/2148 3494/241/2170 3496/241/2174
f 3494/241/2170 3490/241/2162 3492/241/2166
f 3490/241/2162 3486/241/2154 3488/241/2158
f 3486/241/2154 3482/241/2148 3484/241/2150
f 3482/241/2148 3490/241/2162 3494/241/2170
f 3592/243/2228 3564/245/2230 3562/246/2197
f 3564/245/2230 3568/247/2231 3566/248/2200
f 3568/247/2231 3572/249/2232 3570/250/2205
f 3572/249/2232 3576/242/2227 3574/251/2209
f 3576/242/2227 3580/252/2233 3578/253/2213
f 3580/252/2233 3584/244/2229 3582/254/2216
f 3584/244/2229 3588/255/2234 3586/256/2221
f 3588/255/2234 3592/243/2228 3590/257/2225
f 3592/243/2228 3568/247/2231 3564/245/2230
f 3568/247/2231 3576/242/2227 3572/249/2232
f 3576/242/2227 3584/244/2229 3580/252/2233
f 3584/244/2229 3592/243/2228 3588/255/2234
f 3592/243/2228 3576/242/2227 3568/247/2231
o Wheel_RL
v -0.640000 0.611000 1.230000
v -0.640000 0.589686 1.122849
v -0.640000 0.528990 1.032010
v -0.640000 0.438151 0.971314
v -0.640000 0.331000 0.950000
v -0.640000 0.223849 0.971314
v -0.640000 0.133010 1.032010
v -0.640000 0.072314 1.122849
v -0.640000 0.051000 1.230000
v -0.640000 0.072314 1.337151
v -0.640000 0.133010 1.427990
v -0.640000 0.223849 1.488686
v -0.640000 0.331000 1.510000
v -0.640000 0.438151 1.488686
v -0.640000 0.528990 1.427990
v -0.640000 0.589686 1.337151
v -0.670000 0.662000 1.230000
v -0.670000 0.662000 1.230000
v -0.670000 0.636804 1.103332
v -0.670000 0.636804 1.103332
v -0.670000 0.565052 0.995948
v -0.670000 0.565052 0.995948
v -0.670000 0.457668 0.924196
v -0.670000 0.457668 0.924196
v -0.670000 0.331000 0.899000
v -0.670000 0.331000 0.899000
v -0.670000 0.204332 0.924196
v -0.670000 0.204332 0.924196
v -0.670000 0.096948 0.995948
v -0.670000 0.096948 0.995948
v -0.670000 0.025196 1.103332
v -0.670000 0.025196 1.103332
v -0.670000 0.000000 1.230000
v -0.670000 0.000000 1.230000
v -0.670000 0.025196 1.356668
v -0.670000 0.025196 1.356668
v -0.670000 0.096948 1.464052
v -0.670000 0.096948 1.464052
v -0.670000 0.204332 1.535804
v -0.670000 0.204332 1.535804
v -0.670000 0.331000 1.561000
v -0.670000 0.331000 1.561000
v -0.670000 0.457668 1.535804
v -0.670000 0.457668 1.535804
v -0.670000 0.565052 1.464052
v -0.670000 0.565052 1.464052
v -0.670000 0.636804 1.356668
v -0.670000 0.636804 1.356668
v -0.823000 0.662000 1.230000
v -0.823000 0.662000 1.230000
v -0.823000 0.636804 1.103332
v -0.823000 0.636804 1.103332
v -0.823000 0.565052 0.995948
v -0.823000 0.565052 0.995948
v -0.823000 0.457668 0.924196
v -0.823000 0.457668 0.924196
v -0.823000 0.331000 0.899000
v -0.823000 0.331000 0.899000
v -0.823000 0.204332 0.924196
v -0.823000 0.204332 0.924196
v -0.823000 0.096948 0.995948
v -0.823000 0.096948 0.995948
v -0.823000 0.025196 1.103332
v -0.823000 0.025196 1.103332
v -0.823000 0.000000 1.230000
v -0.823000 0.000000 1.230000
v -0.823000 0.025196 1.356668
v -0.823000 0.025196 1.356668
v -0.823000 0.096948 1.464052
v -0.823000 0.096948 1.464052
v -0.823000 0.204332 1.535804
v -0.823000 0.204332 1.535804
v -0.823000 0.331000 1.561000
v -0.823000 0.331000 1.561000
v -0.823000 0.457668 1.535804
v -0.823000 0.457668 1.535804
v -0.823000 0.565052 1.464052
v -0.823000 0.565052 1.464052
v -0.823000 0.636804 1.356668
v -0.823000 0.636804 1.356668
v -0.860000 0.551000 1.230000
v -0.860000 0.551000 1.230000
v -0.860000 0.534253 1.145810
v -0.860000 0.534253 1.145810
v -0.860000 0.486564 1.074437
v -0.860000 0.486564 1.074437
v -0.860000 0.415190 1.026747
v -0.860000 0.415190 1.026747
v -0.860000 0.331000 1.010000
v -0.860000 0.331000 1.010000
v -0.860000 0.246810 1.026747
v -0.860000 0.246810 1.026747
v -0.860000 0.175437 1.074437
v -0.860000 0.175437 1.074437
v -0.860000 0.127747 1.145810
v -0.860000 0.127747 1.145810
v -0.860000 0.111000 1.230000
v -0.860000 0.111000 1.230000
v -0.860000 0.127747 1.314190
v -0.860000 0.127747 1.314190
v -0.860000 0.175437 1.385563
v -0.860000 0.175437 1.385563
v -0.860000 0.246810 1.433254
v -0.860000 0.246810 1.433254
v -0.860000 0.331000 1.450000
v -0.860000 0.331000 1.450000
v -0.860000 0.415190 1.433254
v -0.860000 0.415190 1.433254
v -0.860000 0.486564 1.385563
v -0.860000 0.486564 1.385563
v -0.860000 0.534253 1.314190
v -0.860000 0.534253 1.314190
vn 0.9562 0.2705 -0.1120
vn 0.8619 0.5070 -0.0000
vn 0.9562 0.2928 -0.0000
vn 0.9562 0.2070 -0.2070
vn 0.8619 0.4684 -0.1940
vn 0.8619 0.1940 -0.4684
vn 0.8619 0.3585 -0.3585
vn 0.9562 -0.0000 -0.2928
vn 0.9562 0.1120 -0.2705
vn 0.9562 -0.1120 -0.2705
vn 0.8619 -0.0000 -0.5070
vn 0.9562 -0.2070 -0.2070
vn 0.8619 -0.1940 -0.4684
vn 0.9562 -0.2705 -0.1120
vn 0.8619 -0.3585 -0.3585
vn 0.9562 -0.2928 -0.0000
vn 0.8619 -0.4684 -0.1940
vn 0.9562 -0.2705 0.1120
vn 0.8619 -0.5070 -0.0000
vn 0.9562 -0.2070 0.2070
vn 0.8619 -0.4684 0.1940
vn 0.8619 -0.1940 0.4684
vn 0.8619 -0.3585 0.3585
vn 0.9562 -0.0000 0.2928
vn 0.9562 -0.1120 0.2705
vn 0.9562 0.1120 0.2705
vn 0.8619 -0.0000 0.5070
vn 0.9562 0.2070 0.2070
vn 0.8619 0.1940 0.4684
vn 0.9562 0.2705 0.1120
vn 0.8619 0.3585 0.3585
vn 0.8619 0.4684 0.1940
vn -0.0000 0.9239 -0.3827
vn -0.0000 1.0000 -0.0000
vn -0.0000 0.7071 -0.7071
vn -0.0000 0.3827 -0.9239
vn -0.0000 -0.0000 -1.0000
vn -0.0000 -0.3827 -0.9239
vn -0.0000 -0.7071 -0.7071
vn -0.0000 -0.9239 -0.3827
vn -0.0000 -1.0000 -0.0000
vn -0.0000 -0.9239 0.3827
vn -0.0000 -0.7071 0.7071
vn -0.0000 -0.3827 0.9239
vn -0.0000 -0.0000 1.0000
vn -0.0000 0.3827 0.9239
vn -0.0000 0.7071 0.7071
vn -0.0000 0.9239 0.3827
vn -0.9487 0.2922 -0.1210
vn -0.9837 0.1796 -0.0000
vn -0.9487 0.3162 -0.0000
vn -0.9487 0.2236 -0.2236
vn -0.9837 0.1660 -0.0687
vn -0.9837 0.0687 -0.1659
vn -0.9837 0.1270 -0.1270
vn -0.9487 -0.0000 -0.3162
vn -0.9487 0.1210 -0.2922
vn -0.9487 -0.1210 -0.2922
vn -0.9837 -0.0000 -0.1796
vn -0.9487 -0.2236 -0.2236
vn -0.9837 -0.0687 -0.1660
vn -0.9487 -0.2922 -0.1210
vn -0.9837 -0.1270 -0.1270
vn -0.9487 -0.3162 -0.0000
vn -0.9837 -0.1660 -0.0687
vn -0.9487 -0.2922 0.1210
vn -0.9837 -0.1796 -0.0000
vn -0.9487 -0.2236 0.2236
vn -0.9837 -0.1660 0.0687
vn -0.9837 -0.0687 0.1659
vn -0.9837 -0.1270 0.1270
vn -0.9487 -0.0000 0.3162
vn -0.9487 -0.1210 0.2922
vn -0.9487 0.1210 0.2922
vn -0.9837 -0.0000 0.1796
vn -0.9487 0.2236 0.2236
vn -0.9837 0.0687 0.1660
vn -0.9487 0.2922 0.1210
vn -0.9837 0.1270 0.1270
vn -0.9837 0.1660 0.0687
vn -0.9838 -0.1659 -0.0687
vn -0.9838 -0.0687 0.1659
vn -0.9838 0.1659 0.0687
vn -0.9838 0.1658 -0.0687
vn -0.9838 0.0687 -0.1659
vn -0.9838 -0.0687 -0.1658
vn -0.9838 -0.1658 0.0687
vn -0.9838 0.0687 0.1658
vt 0.218750 0.937500
vt 0.111181 0.374878
vt 0.011658 0.457326
vt 0.052882 0.656372
vt 0.082031 0.667969
vt 0.111181 0.656372
vt 0.135893 0.623348
vt 0.152405 0.573924
vt 0.158203 0.515625
vt 0.152405 0.457326
vt 0.135893 0.407902
vt 0.082031 0.363281
vt 0.052882 0.374878
vt 0.028170 0.407902
vt 0.005859 0.515625
vt 0.011658 0.573924
vt 0.028170 0.623348
s 1
usemtl FD_Original_Atlas
f 3595/258/2235 3611/258/2236 3594/258/2237
f 3596/258/2238 3613/258/2239 3595/258/2235
f 3596/258/2238 3617/258/2240 3615/258/2241
f 3598/258/2242 3617/258/2240 3597/258/2243
f 3599/258/2244 3619/258/2245 3598/258/2242
f 3600/258/2246 3621/258/2247 3599/258/2244
f 3601/258/2248 3623/258/2249 3600/258/2246
f 3602/258/2250 3625/258/2251 3601/258/2248
f 3603/258/2252 3627/258/2253 3602/258/2250
f 3604/258/2254 3629/258/2255 3603/258/2252
f 3604/258/2254 3633/258/2256 3631/258/2257
f 3606/258/2258 3633/258/2256 3605/258/2259
f 3607/258/2260 3635/258/2261 3606/258/2258
f 3608/258/2262 3637/258/2263 3607/258/2260
f 3609/258/2264 3639/258/2265 3608/258/2262
f 3594/258/2237 3641/258/2266 3609/258/2264
f 3612/258/2267 3642/258/2268 3610/258/2268
f 3614/258/2269 3644/258/2267 3612/258/2267
f 3616/258/2270 3646/258/2269 3614/258/2269
f 3618/258/2271 3648/258/2270 3616/258/2270
f 3620/258/2272 3650/258/2271 3618/258/2271
f 3622/258/2273 3652/258/2272 3620/258/2272
f 3624/258/2274 3654/258/2273 3622/258/2273
f 3626/258/2275 3656/258/2274 3624/258/2274
f 3628/258/2276 3658/258/2275 3626/258/2275
f 3630/258/2277 3660/258/2276 3628/258/2276
f 3632/258/2278 3662/258/2277 3630/258/2277
f 3634/258/2279 3664/258/2278 3632/258/2278
f 3636/258/2280 3666/258/2279 3634/258/2279
f 3638/258/2281 3668/258/2280 3636/258/2280
f 3640/258/2282 3670/258/2281 3638/258/2281
f 3610/258/2268 3672/258/2282 3640/258/2282
f 3645/258/2283 3675/258/2284 3643/258/2285
f 3647/258/2286 3677/258/2287 3645/258/2283
f 3647/258/2286 3681/258/2288 3679/258/2289
f 3651/258/2290 3681/258/2288 3649/258/2291
f 3653/258/2292 3683/258/2293 3651/258/2290
f 3655/258/2294 3685/258/2295 3653/258/2292
f 3657/258/2296 3687/258/2297 3655/258/2294
f 3659/258/2298 3689/258/2299 3657/258/2296
f 3661/258/2300 3691/258/2301 3659/258/2298
f 3663/258/2302 3693/258/2303 3661/258/2300
f 3663/258/2302 3697/258/2304 3695/258/2305
f 3667/258/2306 3697/258/2304 3665/258/2307
f 3669/258/2308 3699/258/2309 3667/258/2306
f 3671/258/2310 3701/258/2311 3669/258/2308
f 3673/258/2312 3703/258/2313 3671/258/2310
f 3643/258/2285 3705/258/2314 3673/258/2312
f 3602/258/2250 3598/258/2242 3594/258/2237
f 3688/259/2315 3696/260/2316 3704/261/2317
f 3595/258/2235 3613/258/2239 3611/258/2236
f 3596/258/2238 3615/258/2241 3613/258/2239
f 3596/258/2238 3597/258/2243 3617/258/2240
f 3598/258/2242 3619/258/2245 3617/258/2240
f 3599/258/2244 3621/258/2247 3619/258/2245
f 3600/258/2246 3623/258/2249 3621/258/2247
f 3601/258/2248 3625/258/2251 3623/258/2249
f 3602/258/2250 3627/258/2253 3625/258/2251
f 3603/258/2252 3629/258/2255 3627/258/2253
f 3604/258/2254 3631/258/2257 3629/258/2255
f 3604/258/2254 3605/258/2259 3633/258/2256
f 3606/258/2258 3635/258/2261 3633/258/2256
f 3607/258/2260 3637/258/2263 3635/258/2261
f 3608/258/2262 3639/258/2265 3637/258/2263
f 3609/258/2264 3641/258/2266 3639/258/2265
f 3594/258/2237 3611/258/2236 3641/258/2266
f 3612/258/2267 3644/258/2267 3642/258/2268
f 3614/258/2269 3646/258/2269 3644/258/2267
f 3616/258/2270 3648/258/2270 3646/258/2269
f 3618/258/2271 3650/258/2271 3648/258/2270
f 3620/258/2272 3652/258/2272 3650/258/2271
f 3622/258/2273 3654/258/2273 3652/258/2272
f 3624/258/2274 3656/258/2274 3654/258/2273
f 3626/258/2275 3658/258/2275 3656/258/2274
f 3628/258/2276 3660/258/2276 3658/258/2275
f 3630/258/2277 3662/258/2277 3660/258/2276
f 3632/258/2278 3664/258/2278 3662/258/2277
f 3634/258/2279 3666/258/2279 3664/258/2278
f 3636/258/2280 3668/258/2280 3666/258/2279
f 3638/258/2281 3670/258/2281 3668/258/2280
f 3640/258/2282 3672/258/2282 3670/258/2281
f 3610/258/2268 3642/258/2268 3672/258/2282
f 3645/258/2283 3677/258/2287 3675/258/2284
f 3647/258/2286 3679/258/2289 3677/258/2287
f 3647/258/2286 3649/258/2291 3681/258/2288
f 3651/258/2290 3683/258/2293 3681/258/2288
f 3653/258/2292 3685/258/2295 3683/258/2293
f 3655/258/2294 3687/258/2297 3685/258/2295
f 3657/258/2296 3689/258/2299 3687/258/2297
f 3659/258/2298 3691/258/2301 3689/258/2299
f 3661/258/2300 3693/258/2303 3691/258/2301
f 3663/258/2302 3695/258/2305 3693/258/2303
f 3663/258/2302 3665/258/2307 3697/258/2304
f 3667/258/2306 3699/258/2309 3697/258/2304
f 3669/258/2308 3701/258/2311 3699/258/2309
f 3671/258/2310 3703/258/2313 3701/258/2311
f 3673/258/2312 3705/258/2314 3703/258/2313
f 3643/258/2285 3675/258/2284 3705/258/2314
f 3594/258/2237 3609/258/2264 3608/258/2262
f 3608/258/2262 3607/258/2260 3606/258/2258
f 3606/258/2258 3605/258/2259 3604/258/2254
f 3604/258/2254 3603/258/2252 3602/258/2250
f 3602/258/2250 3601/258/2248 3600/258/2246
f 3600/258/2246 3599/258/2244 3598/258/2242
f 3598/258/2242 3597/258/2243 3596/258/2238
f 3596/258/2238 3595/258/2235 3594/258/2237
f 3594/258/2237 3608/258/2262 3606/258/2258
f 3606/258/2258 3604/258/2254 3602/258/2250
f 3602/258/2250 3600/258/2246 3598/258/2242
f 3598/258/2242 3596/258/2238 3594/258/2237
f 3594/258/2237 3606/258/2258 3602/258/2250
f 3704/261/2317 3674/262/2284 3676/263/2318
f 3676/263/2318 3678/264/2289 3680/265/2319
f 3680/265/2319 3682/266/2293 3684/267/2320
f 3684/267/2320 3686/268/2297 3688/259/2315
f 3688/259/2315 3690/269/2301 3692/270/2321
f 3692/270/2321 3694/271/2305 3696/260/2316
f 3696/260/2316 3698/272/2309 3700/273/2322
f 3700/273/2322 3702/274/2313 3704/261/2317
f 3704/261/2317 3676/263/2318 3680/265/2319
f 3680/265/2319 3684/267/2320 3688/259/2315
f 3688/259/2315 3692/270/2321 3696/260/2316
f 3696/260/2316 3700/273/2322 3704/261/2317
f 3704/261/2317 3680/265/2319 3688/259/2315
o Wheel_RR
v 0.640000 0.611000 1.230000
v 0.640000 0.589686 1.122849
v 0.640000 0.528990 1.032010
v 0.640000 0.438151 0.971314
v 0.640000 0.331000 0.950000
v 0.640000 0.223849 0.971314
v 0.640000 0.133010 1.032010
v 0.640000 0.072314 1.122849
v 0.640000 0.051000 1.230000
v 0.640000 0.072314 1.337151
v 0.640000 0.133010 1.427990
v 0.640000 0.223849 1.488686
v 0.640000 0.331000 1.510000
v 0.640000 0.438151 1.488686
v 0.640000 0.528990 1.427990
v 0.640000 0.589686 1.337151
v 0.670000 0.662000 1.230000
v 0.670000 0.662000 1.230000
v 0.670000 0.636804 1.103332
v 0.670000 0.636804 1.103332
v 0.670000 0.565052 0.995948
v 0.670000 0.565052 0.995948
v 0.670000 0.457668 0.924196
v 0.670000 0.457668 0.924196
v 0.670000 0.331000 0.899000
v 0.670000 0.331000 0.899000
v 0.670000 0.204332 0.924196
v 0.670000 0.204332 0.924196
v 0.670000 0.096948 0.995948
v 0.670000 0.096948 0.995948
v 0.670000 0.025196 1.103332
v 0.670000 0.025196 1.103332
v 0.670000 0.000000 1.230000
v 0.670000 0.000000 1.230000
v 0.670000 0.025196 1.356668
v 0.670000 0.025196 1.356668
v 0.670000 0.096948 1.464052
v 0.670000 0.096948 1.464052
v 0.670000 0.204332 1.535804
v 0.670000 0.204332 1.535804
v 0.670000 0.331000 1.561000
v 0.670000 0.331000 1.561000
v 0.670000 0.457668 1.535804
v 0.670000 0.457668 1.535804
v 0.670000 0.565052 1.464052
v 0.670000 0.565052 1.464052
v 0.670000 0.636804 1.356668
v 0.670000 0.636804 1.356668
v 0.823000 0.662000 1.230000
v 0.823000 0.662000 1.230000
v 0.823000 0.636804 1.103332
v 0.823000 0.636804 1.103332
v 0.823000 0.565052 0.995948
v 0.823000 0.565052 0.995948
v 0.823000 0.457668 0.924196
v 0.823000 0.457668 0.924196
v 0.823000 0.331000 0.899000
v 0.823000 0.331000 0.899000
v 0.823000 0.204332 0.924196
v 0.823000 0.204332 0.924196
v 0.823000 0.096948 0.995948
v 0.823000 0.096948 0.995948
v 0.823000 0.025196 1.103332
v 0.823000 0.025196 1.103332
v 0.823000 0.000000 1.230000
v 0.823000 0.000000 1.230000
v 0.823000 0.025196 1.356668
v 0.823000 0.025196 1.356668
v 0.823000 0.096948 1.464052
v 0.823000 0.096948 1.464052
v 0.823000 0.204332 1.535804
v 0.823000 0.204332 1.535804
v 0.823000 0.331000 1.561000
v 0.823000 0.331000 1.561000
v 0.823000 0.457668 1.535804
v 0.823000 0.457668 1.535804
v 0.823000 0.565052 1.464052
v 0.823000 0.565052 1.464052
v 0.823000 0.636804 1.356668
v 0.823000 0.636804 1.356668
v 0.860000 0.551000 1.230000
v 0.860000 0.551000 1.230000
v 0.860000 0.534253 1.145810
v 0.860000 0.534253 1.145810
v 0.860000 0.486564 1.074437
v 0.860000 0.486564 1.074437
v 0.860000 0.415190 1.026747
v 0.860000 0.415190 1.026747
v 0.860000 0.331000 1.010000
v 0.860000 0.331000 1.010000
v 0.860000 0.246810 1.026747
v 0.860000 0.246810 1.026747
v 0.860000 0.175437 1.074437
v 0.860000 0.175437 1.074437
v 0.860000 0.127747 1.145810
v 0.860000 0.127747 1.145810
v 0.860000 0.111000 1.230000
v 0.860000 0.111000 1.230000
v 0.860000 0.127747 1.314190
v 0.860000 0.127747 1.314190
v 0.860000 0.175437 1.385563
v 0.860000 0.175437 1.385563
v 0.860000 0.246810 1.433254
v 0.860000 0.246810 1.433254
v 0.860000 0.331000 1.450000
v 0.860000 0.331000 1.450000
v 0.860000 0.415190 1.433254
v 0.860000 0.415190 1.433254
v 0.860000 0.486564 1.385563
v 0.860000 0.486564 1.385563
v 0.860000 0.534253 1.314190
v 0.860000 0.534253 1.314190
vn -0.9562 0.2705 -0.1120
vn -0.9562 0.2928 -0.0000
vn -0.8619 0.5070 -0.0000
vn -0.9562 0.2070 -0.2070
vn -0.8619 0.4684 -0.1940
vn -0.8619 0.3585 -0.3585
vn -0.8619 0.1940 -0.4684
vn -0.9562 -0.0000 -0.2928
vn -0.9562 0.1120 -0.2705
vn -0.9562 -0.1120 -0.2705
vn -0.8619 -0.0000 -0.5070
vn -0.9562 -0.2070 -0.2070
vn -0.8619 -0.1940 -0.4684
vn -0.9562 -0.2705 -0.1120
vn -0.8619 -0.3585 -0.3585
vn -0.9562 -0.2928 -0.0000
vn -0.8619 -0.4684 -0.1940
vn -0.9562 -0.2705 0.1120
vn -0.8619 -0.5070 -0.0000
vn -0.9562 -0.2070 0.2070
vn -0.8619 -0.4684 0.1940
vn -0.8619 -0.3585 0.3585
vn -0.8619 -0.1940 0.4684
vn -0.9562 -0.0000 0.2928
vn -0.9562 -0.1120 0.2705
vn -0.9562 0.1120 0.2705
vn -0.8619 -0.0000 0.5070
vn -0.9562 0.2070 0.2070
vn -0.8619 0.1940 0.4684
vn -0.9562 0.2705 0.1120
vn -0.8619 0.3585 0.3585
vn -0.8619 0.4684 0.1940
vn -0.0000 0.9239 -0.3827
vn -0.0000 1.0000 -0.0000
vn -0.0000 0.7071 -0.7071
vn -0.0000 0.3827 -0.9239
vn -0.0000 -0.0000 -1.0000
vn -0.0000 -0.3827 -0.9239
vn -0.0000 -0.7071 -0.7071
vn -0.0000 -0.9239 -0.3827
vn -0.0000 -1.0000 -0.0000
vn -0.0000 -0.9239 0.3827
vn -0.0000 -0.7071 0.7071
vn -0.0000 -0.3827 0.9239
vn -0.0000 -0.0000 1.0000
vn -0.0000 0.3827 0.9239
vn -0.0000 0.7071 0.7071
vn -0.0000 0.9239 0.3827
vn 0.9487 0.2922 -0.1210
vn 0.9487 0.3162 -0.0000
vn 0.9837 0.1796 -0.0000
vn 0.9487 0.2236 -0.2236
vn 0.9837 0.1660 -0.0687
vn 0.9837 0.1270 -0.1270
vn 0.9837 0.0687 -0.1659
vn 0.9487 -0.0000 -0.3162
vn 0.9487 0.1210 -0.2922
vn 0.9487 -0.1210 -0.2922
vn 0.9837 -0.0000 -0.1796
vn 0.9487 -0.2236 -0.2236
vn 0.9837 -0.0687 -0.1660
vn 0.9487 -0.2922 -0.1210
vn 0.9837 -0.1270 -0.1270
vn 0.9487 -0.3162 -0.0000
vn 0.9837 -0.1660 -0.0687
vn 0.9487 -0.2922 0.1210
vn 0.9837 -0.1796 -0.0000
vn 0.9487 -0.2236 0.2236
vn 0.9837 -0.1660 0.0687
vn 0.9837 -0.1270 0.1270
vn 0.9837 -0.0687 0.1659
vn 0.9487 -0.0000 0.3162
vn 0.9487 -0.1210 0.2922
vn 0.9487 0.1210 0.2922
vn 0.9837 -0.0000 0.1796
vn 0.9487 0.2236 0.2236
vn 0.9837 0.0687 0.1660
vn 0.9487 0.2922 0.1210
vn 0.9837 0.1270 0.1270
vn 0.9837 0.1660 0.0687
vn 0.9838 -0.1658 -0.0687
vn 0.9838 0.1658 0.0687
vn 0.9838 -0.0687 0.1658
vn 0.9838 0.1659 -0.0687
vn 0.9838 0.0687 -0.1658
vn 0.9838 -0.0687 -0.1659
vn 0.9838 -0.1659 0.0687
vn 0.9838 0.0687 0.1659
vt 0.218750 0.937500
vt 0.111181 0.374878
vt 0.052882 0.656372
vt 0.011658 0.457326
vt 0.111181 0.656372
vt 0.082031 0.667969
vt 0.152405 0.573924
vt 0.135893 0.623348
vt 0.152405 0.457326
vt 0.158203 0.515625
vt 0.135893 0.407902
vt 0.052882 0.374878
vt 0.082031 0.363281
vt 0.028170 0.407902
vt 0.011658 0.573924
vt 0.005859 0.515625
vt 0.028170 0.623348
s 1
usemtl FD_Original_Atlas
f 3707/275/2323 3706/275/2324 3723/275/2325
f 3708/275/2326 3707/275/2323 3725/275/2327
f 3708/275/2326 3727/275/2328 3729/275/2329
f 3710/275/2330 3709/275/2331 3729/275/2329
f 3711/275/2332 3710/275/2330 3731/275/2333
f 3712/275/2334 3711/275/2332 3733/275/2335
f 3713/275/2336 3712/275/2334 3735/275/2337
f 3714/275/2338 3713/275/2336 3737/275/2339
f 3715/275/2340 3714/275/2338 3739/275/2341
f 3716/275/2342 3715/275/2340 3741/275/2343
f 3716/275/2342 3743/275/2344 3745/275/2345
f 3718/275/2346 3717/275/2347 3745/275/2345
f 3719/275/2348 3718/275/2346 3747/275/2349
f 3720/275/2350 3719/275/2348 3749/275/2351
f 3721/275/2352 3720/275/2350 3751/275/2353
f 3706/275/2324 3721/275/2352 3753/275/2354
f 3724/275/2355 3722/275/2356 3754/275/2356
f 3726/275/2357 3724/275/2355 3756/275/2355
f 3728/275/2358 3726/275/2357 3758/275/2357
f 3730/275/2359 3728/275/2358 3760/275/2358
f 3732/275/2360 3730/275/2359 3762/275/2359
f 3734/275/2361 3732/275/2360 3764/275/2360
f 3736/275/2362 3734/275/2361 3766/275/2361
f 3738/275/2363 3736/275/2362 3768/275/2362
f 3740/275/2364 3738/275/2363 3770/275/2363
f 3742/275/2365 3740/275/2364 3772/275/2364
f 3744/275/2366 3742/275/2365 3774/275/2365
f 3746/275/2367 3744/275/2366 3776/275/2366
f 3748/275/2368 3746/275/2367 3778/275/2367
f 3750/275/2369 3748/275/2368 3780/275/2368
f 3752/275/2370 3750/275/2369 3782/275/2369
f 3722/275/2356 3752/275/2370 3784/275/2370
f 3757/275/2371 3755/275/2372 3787/275/2373
f 3759/275/2374 3757/275/2371 3789/275/2375
f 3759/275/2374 3791/275/2376 3793/275/2377
f 3763/275/2378 3761/275/2379 3793/275/2377
f 3765/275/2380 3763/275/2378 3795/275/2381
f 3767/275/2382 3765/275/2380 3797/275/2383
f 3769/275/2384 3767/275/2382 3799/275/2385
f 3771/275/2386 3769/275/2384 3801/275/2387
f 3773/275/2388 3771/275/2386 3803/275/2389
f 3775/275/2390 3773/275/2388 3805/275/2391
f 3775/275/2390 3807/275/2392 3809/275/2393
f 3779/275/2394 3777/275/2395 3809/275/2393
f 3781/275/2396 3779/275/2394 3811/275/2397
f 3783/275/2398 3781/275/2396 3813/275/2399
f 3785/275/2400 3783/275/2398 3815/275/2401
f 3755/275/2372 3785/275/2400 3817/275/2402
f 3714/275/2338 3706/275/2324 3710/275/2330
f 3800/276/2403 3816/277/2404 3808/278/2405
f 3707/275/2323 3723/275/2325 3725/275/2327
f 3708/275/2326 3725/275/2327 3727/275/2328
f 3708/275/2326 3729/275/2329 3709/275/2331
f 3710/275/2330 3729/275/2329 3731/275/2333
f 3711/275/2332 3731/275/2333 3733/275/2335
f 3712/275/2334 3733/275/2335 3735/275/2337
f 3713/275/2336 3735/275/2337 3737/275/2339
f 3714/275/2338 3737/275/2339 3739/275/2341
f 3715/275/2340 3739/275/2341 3741/275/2343
f 3716/275/2342 3741/275/2343 3743/275/2344
f 3716/275/2342 3745/275/2345 3717/275/2347
f 3718/275/2346 3745/275/2345 3747/275/2349
f 3719/275/2348 3747/275/2349 3749/275/2351
f 3720/275/2350 3749/275/2351 3751/275/2353
f 3721/275/2352 3751/275/2353 3753/275/2354
f 3706/275/2324 3753/275/2354 3723/275/2325
f 3724/275/2355 3754/275/2356 3756/275/2355
f 3726/275/2357 3756/275/2355 3758/275/2357
f 3728/275/2358 3758/275/2357 3760/275/2358
f 3730/275/2359 3760/275/2358 3762/275/2359
f 3732/275/2360 3762/275/2359 3764/275/2360
f 3734/275/2361 3764/275/2360 3766/275/2361
f 3736/275/2362 3766/275/2361 3768/275/2362
f 3738/275/2363 3768/275/2362 3770/275/2363
f 3740/275/2364 3770/275/2363 3772/275/2364
f 3742/275/2365 3772/275/2364 3774/275/2365
f 3744/275/2366 3774/275/2365 3776/275/2366
f 3746/275/2367 3776/275/2366 3778/275/2367
f 3748/275/2368 3778/275/2367 3780/275/2368
f 3750/275/2369 3780/275/2368 3782/275/2369
f 3752/275/2370 3782/275/2369 3784/275/2370
f 3722/275/2356 3784/275/2370 3754/275/2356
f 3757/275/2371 3787/275/2373 3789/275/2375
f 3759/275/2374 3789/275/2375 3791/275/2376
f 3759/275/2374 3793/275/2377 3761/275/2379
f 3763/275/2378 3793/275/2377 3795/275/2381
f 3765/275/2380 3795/275/2381 3797/275/2383
f 3767/275/2382 3797/275/2383 3799/275/2385
f 3769/275/2384 3799/275/2385 3801/275/2387
f 3771/275/2386 3801/275/2387 3803/275/2389
f 3773/275/2388 3803/275/2389 3805/275/2391
f 3775/275/2390 3805/275/2391 3807/275/2392
f 3775/275/2390 3809/275/2393 3777/275/2395
f 3779/275/2394 3809/275/2393 3811/275/2397
f 3781/275/2396 3811/275/2397 3813/275/2399
f 3783/275/2398 3813/275/2399 3815/275/2401
f 3785/275/2400 3815/275/2401 3817/275/2402
f 3755/275/2372 3817/275/2402 3787/275/2373
f 3706/275/2324 3720/275/2350 3721/275/2352
f 3720/275/2350 3718/275/2346 3719/275/2348
f 3718/275/2346 3716/275/2342 3717/275/2347
f 3716/275/2342 3714/275/2338 3715/275/2340
f 3714/275/2338 3712/275/2334 3713/275/2336
f 3712/275/2334 3710/275/2330 3711/275/2332
f 3710/275/2330 3708/275/2326 3709/275/2331
f 3708/275/2326 3706/275/2324 3707/275/2323
f 3706/275/2324 3718/275/2346 3720/275/2350
f 3718/275/2346 3714/275/2338 3716/275/2342
f 3714/275/2338 3710/275/2330 3712/275/2334
f 3710/275/2330 3706/275/2324 3708/275/2326
f 3706/275/2324 3714/275/2338 3718/275/2346
f 3816/277/2404 3788/279/2406 3786/280/2373
f 3788/279/2406 3792/281/2407 3790/282/2376
f 3792/281/2407 3796/283/2408 3794/284/2381
f 3796/283/2408 3800/276/2403 3798/285/2385
f 3800/276/2403 3804/286/2409 3802/287/2389
f 3804/286/2409 3808/278/2405 3806/288/2392
f 3808/278/2405 3812/289/2410 3810/290/2397
f 3812/289/2410 3816/277/2404 3814/291/2401
f 3816/277/2404 3792/281/2407 3788/279/2406
f 3792/281/2407 3800/276/2403 3796/283/2408
f 3800/276/2403 3808/278/2405 3804/286/2409
f 3808/278/2405 3816/277/2404 3812/289/2410
f 3816/277/2404 3800/276/2403 3792/281/2407
