# PSX Racing car model — generated by tools/carmodels/export_models.mjs
mtllib viper_gts.mtl
v -0.258317 0.888215 2.235440
v -0.242818 0.895078 2.235440
v -0.466959 0.888370 2.195699
v -0.496764 0.874305 2.195699
v -0.214404 0.905428 2.235440
v -0.412314 0.905705 2.195699
v -0.175656 0.911066 2.235440
v -0.337800 0.911066 2.195699
v -0.755360 0.741586 -1.470423
v -0.732393 0.716917 -1.543061
v -0.808002 0.691035 -1.530053
v 0.558832 0.679508 -1.667718
v 0.548128 0.675654 -1.679064
v 0.415295 0.664396 -1.679064
v -0.129159 0.911105 2.235440
v -0.067163 0.913247 2.235440
v -0.129159 0.913247 2.195699
v -0.248382 0.911105 2.195699
v 0.000000 0.914046 2.235440
v 0.000000 0.914046 2.195699
v 0.067163 0.913247 2.235440
v 0.129159 0.913247 2.195699
v 0.129159 0.911105 2.235440
v 0.248382 0.911105 2.195699
v -0.195286 0.353855 -2.029516
v -0.074727 0.350755 -2.044419
v -0.194635 0.280274 -2.037573
v -0.918058 0.700022 -1.338924
v -0.924975 0.733224 -1.225021
v -0.855468 0.699160 -1.470423
v 0.175656 0.911066 2.235440
v 0.214404 0.905428 2.235440
v 0.412314 0.905705 2.195699
v 0.337800 0.911066 2.195699
v 0.242818 0.895078 2.235440
v 0.466959 0.888370 2.195699
v 0.258317 0.888215 2.235440
v 0.496764 0.874305 2.195699
v -0.709777 0.865123 2.086410
v -0.755082 0.839532 2.086410
v -0.626718 0.892691 2.086410
v -0.513456 0.900442 2.086410
v -0.377541 0.908376 2.086410
v -0.196321 0.910266 2.086410
v -0.242818 0.571279 2.186443
v -0.214404 0.536506 2.273979
v -0.214404 0.571279 2.184000
v 0.941488 0.736632 1.002524
v 0.930929 0.716970 0.918781
v 0.779920 0.830056 1.040287
v 0.196321 0.910266 2.086410
v 0.000000 0.911066 2.086410
v 0.377541 0.908376 2.086410
v 0.513456 0.900442 2.086410
v 0.626718 0.892691 2.086410
v 0.709777 0.865123 2.086410
v 0.755082 0.839532 2.086410
v -0.779920 0.857207 1.848159
v -0.894176 0.757069 1.897640
v -0.640826 0.916383 1.788352
v -0.615988 0.919063 1.788352
v -0.480471 0.917877 1.831149
v -0.258715 0.916568 1.878362
v -0.242818 0.536506 2.276170
v 0.000000 0.916034 1.897640
v 0.576247 0.681054 -1.649258
v 0.727263 0.710885 -1.543944
v 0.689390 0.664768 -1.679064
v 0.732393 0.710956 -1.543061
v 0.480471 0.917877 1.831149
v -0.941488 0.736632 1.002524
v -0.942859 0.739185 1.013399
v -0.779920 0.770764 0.784888
v 0.615988 0.919063 1.788352
v 0.640826 0.916383 1.788352
v 0.779920 0.857207 1.848159
v 0.894176 0.757069 1.897640
v -0.779920 0.851537 1.688999
v -0.934911 0.755082 1.688999
v -0.690503 0.949921 1.688999
v -0.665664 0.982000 1.688999
v -0.615988 0.919063 1.788352
v -0.480471 0.917877 1.831149
v -0.519218 0.985160 1.688999
v -0.665664 0.982000 1.688999
v -0.258715 0.916568 1.878362
v -0.279579 0.988648 1.688999
v 0.000000 0.916034 1.897640
v 0.000000 0.990071 1.688999
v 0.258715 0.916568 1.878362
v 0.279579 0.988648 1.688999
v 0.480471 0.917877 1.831149
v 0.519218 0.985160 1.688999
v 0.615988 0.919063 1.788352
v 0.665664 0.982000 1.688999
v 0.690503 0.949921 1.688999
v 0.665664 0.982000 1.688999
v 0.779920 0.851537 1.688999
v 0.934911 0.755082 1.688999
v -0.779920 0.850652 1.450552
v -0.945426 0.761654 1.531261
v -0.941841 0.759414 1.585029
v -0.675600 1.018400 1.450552
v -0.650761 1.044684 1.450552
v -0.507594 1.052813 1.450552
v -0.650761 1.044684 1.450552
v 0.037060 0.260305 -2.049513
v 0.037238 0.288350 -2.052475
v 0.050645 0.287491 -2.052475
v -0.273320 1.061780 1.450552
v 0.000000 1.065441 1.450552
v -0.619702 0.689694 -1.618953
v -0.564801 0.671106 -1.679064
v -0.689390 0.664768 -1.679064
v 0.273320 1.061780 1.450552
v 0.507594 1.052813 1.450552
v 0.650761 1.044684 1.450552
v 0.675600 1.018400 1.450552
v 0.650761 1.044684 1.450552
v 0.779920 0.850652 1.450552
v 0.945426 0.761654 1.531261
v 0.950807 0.765017 1.450552
v -0.950807 0.765017 1.450552
v -0.779920 0.854763 1.225021
v -0.952720 0.767409 1.341994
v -0.950861 0.765084 1.447518
v -0.645794 1.090895 1.225021
v -0.620955 1.094899 1.225021
v -0.484345 1.107726 1.225021
v -0.620955 1.094899 1.225021
v -0.260801 1.121877 1.225021
v 0.000000 1.127655 1.225021
v 0.260801 1.121877 1.225021
v 0.484345 1.107726 1.225021
v 0.620955 1.094899 1.225021
v 0.645794 1.090895 1.225021
v 0.620955 1.094899 1.225021
v 0.779920 0.854763 1.225021
v 0.950861 0.765084 1.447518
v 0.952720 0.767409 1.341994
v 0.954781 0.769985 1.225021
v -0.954781 0.769985 1.225021
v -0.779920 0.830056 1.040287
v -0.948191 0.752961 1.108048
v -0.640826 1.114598 1.063076
v -0.615988 1.127902 1.063076
v -0.484345 1.107726 1.225021
v -0.480471 1.145857 1.043623
v -0.260801 1.121877 1.225021
v -0.258715 1.165636 1.022162
v 0.000000 1.127655 1.225021
v 0.000000 1.170377 1.013399
v 0.260801 1.121877 1.225021
v 0.258715 1.165636 1.022162
v 0.484345 1.107726 1.225021
v 0.480471 1.145857 1.043623
v 0.615988 1.127902 1.063076
v 0.640826 1.114598 1.063076
v 0.948191 0.752961 1.108048
v 0.942859 0.739185 1.013399
v -0.930929 0.716970 0.918781
v -0.779920 0.830056 1.040287
v -0.640826 1.114598 1.063076
v -0.620955 1.095935 0.784888
v -0.779920 0.770764 0.784888
v -0.596117 1.127655 0.784888
v -0.620955 1.095935 0.784888
v -0.464971 1.193938 0.784888
v -0.250369 1.192921 0.784888
v 0.000000 1.187267 0.784888
v 0.250369 1.192921 0.784888
v 0.464971 1.193938 0.784888
v 0.596117 1.127655 0.784888
v 0.620955 1.095935 0.784888
v 0.640826 1.114598 1.063076
v 0.779920 0.830056 1.040287
v 0.779920 0.770764 0.784888
v 0.620955 1.095935 0.784888
v 0.924150 0.704346 0.865013
v 0.921813 0.699998 0.846487
v 0.914046 0.685535 0.784888
v 0.779920 0.770764 0.784888
v -0.914046 0.685535 0.784888
v -0.779920 0.731528 0.476894
v -0.871325 0.657716 0.476894
v -0.618968 1.086187 0.476894
v -0.779920 0.731528 0.476894
v -0.594130 1.118713 0.476894
v -0.618968 1.086187 0.476894
v 0.269147 0.993349 0.000000
v 0.464971 1.076857 0.182309
v 0.499844 0.974016 0.000000
v -0.240494 0.792482 -1.225021
v -0.462488 0.766459 -1.225021
v -0.454043 0.794634 -0.745147
v 0.050801 0.370586 -2.117372
v 0.061847 0.437086 -2.101313
v 0.062007 0.370586 -2.117319
v -0.819661 0.680722 -1.528047
v -0.808002 0.685074 -1.530053
v -0.830476 0.669643 -1.540214
v -0.938747 0.729707 1.108048
v -0.923001 0.709361 1.108048
v -0.929808 0.727511 1.225021
v 0.752486 0.562834 2.077376
v 0.755082 0.564474 2.072199
v 0.755082 0.571279 2.054935
v 0.844219 0.593633 -0.352207
v 0.831739 0.633871 -0.258317
v 0.795393 0.476695 -0.248382
v 0.836458 0.278933 -0.476894
v 0.849596 0.386483 -0.531538
v 0.845076 0.467753 -0.476894
v -0.060043 0.154235 -2.103531
v -0.060999 0.210806 -2.118862
v -0.049975 0.210892 -2.118862
v 0.183803 0.560350 2.150703
v 0.183803 0.560350 2.211294
v 0.189923 0.571279 2.183178
v 0.037238 0.288350 -2.052475
v 0.050814 0.364090 -2.044419
v 0.050645 0.287491 -2.052475
v 0.765017 0.295986 -1.728784
v 0.730244 0.286136 -1.767991
v 0.798529 0.364634 -1.702119
v 0.618968 1.086187 0.476894
v 0.594130 1.118713 0.476894
v 0.779920 0.731528 0.476894
v 0.618968 1.086187 0.476894
v 0.871325 0.657716 0.476894
v 0.799791 0.359657 -1.699687
v 0.790473 0.322897 -1.703762
v -0.779920 0.707149 0.202442
v -0.838538 0.650761 0.218576
v -0.620955 1.033892 0.158965
v -0.779920 0.707149 0.202442
v -0.596117 1.047359 0.158965
v -0.620955 1.033892 0.158965
v -0.463422 1.185186 0.476894
v -0.464971 1.076857 0.182309
v -0.249535 1.183963 0.476894
v -0.250369 1.109399 0.208061
v 0.000000 1.178325 0.476894
v 0.000000 1.122688 0.218576
v 0.249535 1.183963 0.476894
v 0.250369 1.109399 0.208061
v 0.463422 1.185186 0.476894
v 0.464971 1.076857 0.182309
v 0.596117 1.047359 0.158965
v 0.620955 1.033892 0.158965
v 0.779920 0.707149 0.202442
v 0.620955 1.033892 0.158965
v 0.779920 0.763076 -0.297455
v 0.908085 0.700438 -0.745147
v 0.853600 0.746359 -0.745147
v 0.779920 0.731528 0.476894
v 0.838538 0.650761 0.218576
v 0.779920 0.707149 0.202442
v -0.775151 0.756477 0.000000
v 0.019374 0.439066 -2.101313
v 0.000000 0.439140 -2.101313
v 0.000000 0.465965 -2.086410
v -0.665664 0.937439 0.000000
v -0.775151 0.756477 0.000000
v -0.640826 0.956490 0.000000
v -0.665664 0.937439 0.000000
v -0.596117 1.047359 0.158965
v -0.464971 1.076857 0.182309
v -0.499844 0.974016 0.000000
v -0.640826 0.956490 0.000000
v -0.236102 0.819716 -0.745147
v 0.455036 0.721949 -1.470423
v 0.236619 0.747141 -1.470423
v 0.240494 0.792482 -1.225021
v -0.584195 0.555197 2.161940
v -0.539102 0.562834 2.159957
v -0.533582 0.566323 2.153164
v -0.538065 0.725694 2.145771
v -0.538065 0.725694 2.132755
v -0.540728 0.725561 2.144820
v -0.415295 0.664396 -1.679064
v -0.506736 0.656726 -1.722939
v -0.548128 0.675654 -1.679064
v -0.397795 0.365106 -2.031911
v -0.377541 0.370586 -1.963005
v -0.397795 0.365106 -1.957397
v 0.195286 0.353855 -2.029516
v 0.074667 0.370586 -2.039392
v 0.195155 0.370586 -2.025327
v 0.050630 0.465465 -2.086410
v 0.037257 0.438919 -2.101313
v 0.596117 1.047359 0.158965
v 0.640826 0.956490 0.000000
v 0.665664 0.937439 0.000000
v 0.640826 0.956490 0.000000
v 0.775151 0.756477 0.000000
v 0.665664 0.937439 0.000000
v 0.824629 0.680567 0.000000
v 0.775151 0.756477 0.000000
v -0.924150 0.704346 0.865013
v -0.824629 0.680567 0.000000
v -0.779920 0.755707 -0.201389
v -0.843506 0.698451 -0.248382
v -0.708078 0.848870 -0.149029
v -0.779920 0.755707 -0.201389
v -0.683240 0.880307 -0.149029
v -0.708078 0.848870 -0.149029
v -0.532927 0.884226 -0.187936
v -0.683240 0.880307 -0.149029
v -0.269147 0.993349 0.000000
v -0.286961 0.888550 -0.230856
v 0.000000 1.001244 0.000000
v 0.000000 0.890315 -0.248382
v 0.286961 0.888550 -0.230856
v 0.532927 0.884226 -0.187936
v 0.683240 0.880307 -0.149029
v 0.708078 0.848870 -0.149029
v -0.455036 0.721949 -1.470423
v -0.236619 0.747141 -1.470423
v 0.779920 0.755707 -0.201389
v 0.708078 0.848870 -0.149029
v 0.843506 0.698451 -0.248382
v 0.779920 0.755707 -0.201389
v 0.050407 0.260305 -2.049590
v 0.695470 0.295986 -1.810955
v 0.679764 0.312590 -1.832684
v 0.682215 0.339290 -1.834893
v -0.730244 0.812045 -0.208641
v -0.779920 0.763076 -0.297455
v -0.705405 0.835658 -0.208641
v -0.550216 0.827059 -0.313689
v -0.705405 0.835658 -0.208641
v -0.296270 0.817574 -0.429574
v 0.000000 0.813700 -0.476894
v 0.296270 0.817574 -0.429574
v 0.550216 0.827059 -0.313689
v 0.705405 0.835658 -0.208641
v -0.869477 0.753182 -1.225021
v -0.920966 0.725442 -1.111118
v -0.917350 0.718422 -1.008364
v 0.683240 0.880307 -0.149029
v 0.730244 0.812045 -0.208641
v 0.705405 0.835658 -0.208641
v 0.878279 0.683548 -0.476894
v -0.878279 0.683548 -0.476894
v -0.853600 0.746359 -0.745147
v -0.908085 0.700438 -0.745147
v -0.753711 0.796366 -0.745147
v -0.617498 0.804551 -0.745147
v -0.550216 0.827059 -0.313689
v -0.296270 0.817574 -0.429574
v 0.000000 0.813700 -0.476894
v 0.000000 0.830590 -0.745147
v 0.296270 0.817574 -0.429574
v 0.236102 0.819716 -0.745147
v 0.550216 0.827059 -0.313689
v 0.454043 0.794634 -0.745147
v 0.617498 0.804551 -0.745147
v 0.753711 0.796366 -0.745147
v 0.129159 0.560350 2.211013
v 0.067163 0.560350 2.210540
v 0.175656 0.536506 2.272812
v -0.914480 0.712850 -0.926818
v -0.912637 0.709273 -0.874462
v -0.767729 0.779617 -1.225021
v -0.628983 0.787376 -1.225021
v 0.194635 0.280274 -2.037573
v 0.074727 0.350755 -2.044419
v 0.195286 0.353855 -2.029516
v 0.060043 0.154235 -2.103531
v 0.049192 0.154276 -2.103531
v 0.049975 0.210892 -2.118862
v 0.060999 0.210806 -2.118862
v 0.214404 0.536506 2.273979
v 0.175656 0.476894 2.351783
v 0.462488 0.766459 -1.225021
v -0.817214 0.645794 -0.288123
v -0.809371 0.651023 -0.248382
v -0.833216 0.651023 -0.248382
v -0.074478 0.278089 -2.052475
v 0.628983 0.787376 -1.225021
v 0.767729 0.779617 -1.225021
v 0.869477 0.753182 -1.225021
v 0.000000 0.560350 2.210364
v -0.175656 0.536506 2.272812
v 0.924975 0.733224 -1.225021
v -0.911818 0.670070 -1.441678
v -0.618849 0.748030 -1.470423
v 0.129159 0.476894 2.351777
v 0.175656 0.347735 2.315902
v 0.000000 0.803765 -1.225021
v 0.000000 0.769164 -1.410811
v -0.144062 0.762471 -1.410811
v -0.438997 0.212416 -2.014542
v -0.443595 0.273132 -2.020893
v -0.387476 0.260305 -2.039690
v 0.062023 0.363878 -2.044419
v 0.682215 0.339290 -1.834893
v 0.665342 0.341330 -1.844978
v 0.660697 0.359657 -1.846549
v -0.139094 0.751642 -1.470423
v -0.144062 0.732665 -1.410811
v -0.139094 0.728715 -1.470423
v 0.908666 0.557317 1.531261
v 0.920581 0.608401 1.531261
v 0.916999 0.528697 1.585029
v -0.670014 0.396418 -1.877262
v -0.458574 0.298537 -2.013692
v -0.660697 0.359657 -1.885471
v -0.576247 0.681068 -1.649258
v 0.849467 0.144062 0.000000
v 0.744153 0.144062 -0.248382
v 0.868344 0.144062 -0.248382
v 0.341277 0.598759 -1.847964
v 0.403716 0.591791 -1.847964
v 0.382509 0.566253 -1.884724
v 0.139094 0.728715 -1.470423
v 0.000000 0.739358 -1.410811
v 0.144062 0.732709 -1.410811
v 0.765848 0.571279 2.041881
v 0.139094 0.751642 -1.470423
v 0.144062 0.732709 -1.410811
v 0.144062 0.762514 -1.410811
v -0.242818 0.476894 2.354481
v -0.258317 0.476894 2.355680
v -0.948191 0.752961 1.108048
v -0.945646 0.747332 1.225021
v 0.914480 0.712850 -0.926818
v 0.917350 0.718422 -1.008364
v -0.067163 0.560350 2.210540
v -0.129159 0.560350 2.211013
v 0.618849 0.748030 -1.470423
v 0.755360 0.741586 -1.470423
v 0.855468 0.699160 -1.470423
v 0.918058 0.700022 -1.338924
v 0.911818 0.670070 -1.441678
v 0.910072 0.661690 -1.470423
v -0.785824 0.627558 -1.664908
v -0.794202 0.626207 -1.657367
v -0.804385 0.628801 -1.640938
v -0.258317 0.536506 2.277663
v -0.496764 0.476894 2.318445
v 0.183803 0.560350 2.211294
v 0.175656 0.560350 2.211021
v -0.931661 0.512810 1.603555
v -0.932895 0.636365 1.585029
v -0.916999 0.528697 1.585029
v -0.785824 0.633520 -1.664908
v -0.780755 0.628742 -1.679064
v -0.794202 0.632168 -1.657367
v -0.258317 0.571279 2.188106
v -0.242818 0.755082 2.181115
v -0.798797 0.625287 -1.653232
v 0.854183 0.429295 -1.593620
v 0.821642 0.411718 -1.679064
v 0.825230 0.483272 -1.679064
v 0.858050 0.392852 -0.585739
v 0.890294 0.477887 -0.745147
v 0.860973 0.471316 -0.571208
v -0.445101 0.442120 -1.996993
v -0.242640 0.370586 -2.083741
v -0.377541 0.370586 -2.037520
v 0.915959 0.694827 1.341994
v 0.927834 0.712972 1.341994
v 0.926006 0.672067 1.447518
v -0.732393 0.710956 -1.543061
v -0.819661 0.686683 -1.528047
v -0.808002 0.691035 -1.530053
v -0.808002 0.685074 -1.530053
v 0.397795 0.365106 -2.031911
v 0.446067 0.352044 -2.016247
v 0.397795 0.365106 -1.957397
v 0.446067 0.352044 -1.941733
v -0.804385 0.628801 -1.640938
v -0.798797 0.625287 -1.653232
v -0.798797 0.631248 -1.653232
v 0.068883 0.370586 -2.041565
v 0.070243 0.357728 -2.044419
v 0.062023 0.363878 -2.044419
v -0.556376 0.694827 1.108048
v -0.556376 0.641061 1.002524
v -0.556376 0.641061 1.447518
v -0.770095 0.633641 -1.679064
v 0.197712 0.585188 2.150703
v 0.673194 0.241030 -1.865512
v 0.679764 0.312590 -1.871432
v 0.695470 0.295986 -1.849702
v -0.571112 0.679393 -1.654700
v 0.067163 0.476894 2.351425
v -0.684499 0.437550 -1.865584
v -0.695470 0.423329 -1.854087
v -0.730244 0.433179 -1.814572
v 0.061816 0.287341 -2.052475
v -0.619702 0.695655 -1.618953
v -0.932902 0.702980 1.013399
v -0.917310 0.671302 1.013399
v -0.727263 0.710903 -1.543944
v -0.556376 0.144062 1.603555
v -0.556376 0.451791 1.585029
v -0.556376 0.451791 0.865013
v 0.904727 0.641061 1.002524
v 0.894168 0.557317 0.918781
v 0.904737 0.597230 0.918781
v 0.912494 0.603324 0.865013
v 0.909836 0.477623 0.846487
v 0.921813 0.699998 0.846487
v 0.887389 0.451791 0.865013
v 0.885052 0.144062 0.846487
v 0.894850 0.283045 0.846487
v -0.548128 0.669693 -1.679064
v -0.695470 0.423329 -1.854087
v -0.683884 0.411079 -1.867754
v -0.683884 0.411079 -1.829006
v 0.755082 0.704412 2.070369
v 0.824629 0.676593 1.988375
v 0.755082 0.704412 2.052832
v -0.744153 0.144062 -0.248382
v -0.744153 0.183803 -0.248382
v -0.725276 0.183803 0.000000
v -0.571112 0.685354 -1.654700
v -0.215953 0.685380 -1.679064
v 0.000000 0.697505 -1.669128
v -0.011268 0.696984 -1.669128
v -0.070073 0.704090 -1.617276
v 0.670014 0.396418 -1.838406
v 0.683884 0.411079 -1.829006
v 0.214404 0.476894 2.352720
v 0.000000 0.697505 -1.669128
v 0.000000 0.694477 -1.679064
v -0.011268 0.696984 -1.669128
v -0.139094 0.751642 -1.470423
v -0.070073 0.710073 -1.617276
v -0.045702 0.695534 -1.669128
v 0.377541 0.370586 -1.962939
v 0.877719 0.542535 -0.926818
v 0.887262 0.585114 -0.926818
v 0.884591 0.507154 -0.874462
v -0.193937 0.260305 -2.035366
v -0.074478 0.278089 -2.052475
v -0.074236 0.260305 -2.050486
v 0.896163 0.144062 0.476894
v 0.834121 0.272475 0.476894
v 0.886171 0.279430 0.784888
v 0.000000 0.735135 -1.470423
v 0.095657 0.713603 -1.562841
v 0.461991 0.347735 -2.006948
v 0.461991 0.347735 -1.932433
v -0.828472 0.670632 -0.099353
v 0.526570 0.726270 2.150698
v 0.526570 0.726270 2.137782
v 0.496764 0.708386 2.148964
v 0.819661 0.686141 -1.528047
v 0.830476 0.675605 -1.540214
v 0.819661 0.680180 -1.528047
v -0.814694 0.144062 0.784888
v -0.814694 0.183803 0.784888
v -0.556376 0.183803 0.846487
v 0.877052 0.283156 -0.745147
v 0.858007 0.390457 -0.586182
v 0.848848 0.288123 -0.556376
v 0.896163 0.144062 0.476894
v 0.938885 0.144062 0.784888
v 0.814694 0.144062 0.784888
v 0.215953 0.685380 -1.679064
v 0.571112 0.679393 -1.654700
v 0.564801 0.671106 -1.679064
v 0.558832 0.673547 -1.667718
v -0.880985 0.603166 -1.523224
v -0.865097 0.567798 -1.523224
v -0.885197 0.616106 -1.470423
v 0.571112 0.685354 -1.654700
v 0.548128 0.669693 -1.679064
v -0.827476 0.469153 -0.513948
v -0.826447 0.437640 -0.520654
v -0.850292 0.437640 -0.520654
v -0.755082 0.571279 2.054935
v -0.755082 0.564474 2.072199
v -0.752486 0.562834 2.077366
v -0.682215 0.339290 -1.834893
v -0.670014 0.396418 -1.838514
v -0.660697 0.359657 -1.846724
v -0.910072 0.661690 -1.470423
v -0.830476 0.675605 -1.540214
v -0.843506 0.658114 -1.554873
v -0.845076 0.467753 -0.476894
v -0.848571 0.574260 -0.397412
v -0.852600 0.479874 -0.511667
v -0.886171 0.279430 0.784888
v -0.834121 0.272475 0.476894
v -0.896163 0.144062 0.476894
v 0.070044 0.429202 -2.101313
v 0.070208 0.370586 -2.115763
v 0.068883 0.370586 -2.116078
v 0.175656 0.233479 2.210602
v -0.214404 0.233479 2.210602
v -0.529882 0.183803 1.897640
v -0.496764 0.571279 2.151844
v -0.755082 0.571279 2.051955
v -0.755082 0.536506 2.140185
v -0.908666 0.557317 1.531261
v -0.914046 0.638832 1.450552
v -0.556376 0.638832 1.450552
v -0.175656 0.476894 2.351783
v -0.129159 0.476894 2.351777
v 0.785824 0.627558 -1.664908
v 0.779703 0.627457 -1.670417
v 0.763549 0.699237 -1.537701
v 0.095657 0.725867 -1.562841
v 0.827476 0.469153 -0.513948
v 0.828755 0.479874 -0.511667
v 0.851321 0.469153 -0.513948
v -0.881298 0.676436 -1.338924
v -0.556376 0.676436 -1.338924
v -0.556376 0.694477 -1.225021
v 0.794823 0.183803 1.897640
v 0.835558 0.183803 1.688999
v 0.835558 0.144062 1.688999
v 0.049638 0.370586 -2.042889
v 0.050814 0.364090 -2.044419
v 0.037364 0.365308 -2.044419
v -0.556376 0.676436 -1.111118
v -0.556376 0.439781 -1.575580
v -0.556376 0.542535 -0.926818
v 0.785824 0.633520 -1.664908
v 0.780755 0.628742 -1.679064
v 0.779703 0.633418 -1.670417
v -0.725276 0.716334 2.063936
v -0.725276 0.716334 2.079685
v -0.546441 0.725276 2.142786
v 0.838291 0.262909 -1.593620
v 0.817551 0.371530 -1.679064
v -0.670014 0.396418 -1.838514
v -0.794202 0.626207 -1.657367
v 0.770095 0.633641 -1.679064
v 0.870012 0.625636 -1.575580
v 0.863140 0.619451 -1.593620
v 0.830476 0.669643 -1.540214
v 0.798797 0.624692 -1.653232
v -0.854183 0.429295 -1.593620
v -0.863140 0.619451 -1.593620
v -0.825230 0.483272 -1.679064
v 0.798797 0.630652 -1.653232
v 0.843506 0.650544 -1.554873
v 0.843506 0.656505 -1.554873
v 0.830476 0.669643 -1.540214
v -0.843910 0.638958 -0.307311
v -0.835077 0.589163 -0.447088
v -0.820066 0.638958 -0.307311
v -0.038338 0.370586 -2.043128
v -0.037364 0.365308 -2.044419
v -0.050814 0.364090 -2.044419
v -0.785824 0.627558 -1.664908
v -0.794202 0.632168 -1.657367
v -0.830590 0.590156 -1.679064
v -0.641601 0.552811 -1.847964
v -0.682554 0.531538 -1.847964
v -0.644535 0.589577 -1.786457
v -0.694801 0.601829 -1.746828
v -0.061847 0.437086 -2.101313
v -0.050670 0.437358 -2.101313
v -0.050801 0.370586 -2.117372
v -0.590379 0.594815 -1.815167
v -0.566520 0.576522 -1.847964
v -0.644535 0.595538 -1.786457
v -0.694801 0.607790 -1.746828
v -0.659703 0.590494 -1.778417
v -0.889957 0.643587 -1.523224
v -0.901079 0.637379 -1.470423
v 0.258317 0.571279 2.188106
v 0.242818 0.536506 2.276170
v 0.258317 0.536506 2.277663
v 0.843506 0.698451 -0.248382
v 0.841059 0.645794 -0.288123
v 0.843910 0.638958 -0.307311
v 0.844718 0.452254 0.476894
v 0.794462 0.448081 0.218576
v 0.838538 0.650761 0.218576
v -0.932924 0.144062 -0.745147
v -0.875241 0.144062 -0.856422
v -0.808732 0.144062 -0.745147
v -0.464137 0.579087 -1.847964
v -0.590379 0.588854 -1.815167
v -0.528513 0.579687 -1.847964
v -0.590379 0.594815 -1.815167
v -0.590379 0.588854 -1.815167
v -0.528513 0.579687 -1.847964
v -0.506736 0.650764 -1.722939
v -0.354545 0.260305 -2.051715
v -0.377541 0.370586 -2.037520
v -0.427217 0.608109 -1.807229
v -0.403716 0.585830 -1.847964
v 0.833216 0.651023 -0.248382
v 0.828472 0.670632 -0.099353
v 0.809371 0.651023 -0.248382
v -0.807894 0.633871 -0.258317
v -0.809371 0.651023 -0.248382
v -0.817214 0.645794 -0.288123
v -0.526570 0.726270 2.150108
v -0.526570 0.726270 2.137192
v 0.798797 0.624692 -1.653232
v 0.785824 0.627558 -1.664908
v -0.177464 0.611832 -1.847964
v -0.341277 0.598759 -1.847964
v 0.000000 0.617975 -1.847964
v 0.177464 0.611832 -1.847964
v 0.446459 0.607806 -1.786833
v 0.833216 0.651023 -0.248382
v 0.446459 0.613767 -1.786833
v 0.464137 0.579087 -1.847964
v 0.427217 0.601029 -1.807229
v 0.829912 0.635797 -0.248382
v 0.827178 0.664671 -0.099353
v -0.804385 0.634763 -1.640938
v -0.858050 0.392852 -0.585739
v -0.858007 0.390457 -0.586182
v -0.834206 0.392852 -0.585739
v 0.556376 0.542535 -1.523224
v 0.556376 0.624081 -1.441678
v 0.556376 0.439781 -0.874462
v 0.590379 0.588854 -1.815167
v 0.566316 0.582491 -1.827923
v 0.590379 0.594815 -1.815167
v 0.566520 0.576522 -1.847964
v 0.566316 0.588452 -1.827923
v 0.494777 0.569234 -1.865847
v 0.494777 0.563273 -1.865847
v 0.528513 0.573726 -1.847964
v 0.528513 0.579687 -1.847964
v 0.770095 0.627680 -1.679064
v 0.661817 0.596733 -1.776514
v 0.659703 0.601864 -1.778417
v 0.659703 0.595903 -1.778417
v 0.661817 0.596733 -1.776514
v 0.661817 0.602694 -1.776514
v 0.659703 0.595903 -1.778417
v -0.250369 1.109399 0.208061
v 0.000000 1.122688 0.218576
v 0.898004 0.482449 -0.856422
v 0.912002 0.708040 -0.856422
v 0.908085 0.700438 -0.745147
v 0.875241 0.144062 -0.856422
v 0.883625 0.285056 -0.856422
v -0.848571 0.574260 -0.397412
v -0.844219 0.593633 -0.352207
v -0.824726 0.574260 -0.397412
v 0.830590 0.590156 -1.679064
v 0.682554 0.531538 -1.847964
v 0.641601 0.552811 -1.847964
v -0.418395 0.462406 -1.996993
v -0.445101 0.442120 -1.996993
v -0.369434 0.482416 -1.996993
v -0.494777 0.563509 -1.865847
v -0.528513 0.573726 -1.847964
v -0.936474 0.679919 1.531261
v -0.941841 0.714543 1.450552
v -0.925952 0.670379 1.450552
v -0.556376 0.557317 1.531261
v -0.910071 0.296817 1.688999
v -0.925967 0.510674 1.688999
v -0.915765 0.297707 1.603555
v 0.925967 0.510674 1.688999
v 0.934911 0.755082 1.688999
v 0.886244 0.571279 1.897640
v -0.302669 0.489940 -1.996993
v -0.412803 0.566672 -1.879630
v -0.886932 0.635578 -1.441678
v 0.817214 0.645794 -0.288123
v -0.446369 0.367804 -2.014613
v -0.446067 0.352044 -2.016247
v -0.461991 0.347735 -2.007109
v -0.644535 0.595538 -1.786457
v -0.644535 0.589577 -1.786457
v -0.433620 0.561111 -1.876130
v 0.857415 0.233479 1.897640
v 0.898150 0.144062 1.688999
v 0.910071 0.296817 1.688999
v -0.412803 0.572633 -1.879630
v -0.433620 0.567072 -1.876130
v -0.115726 0.531906 -1.996993
v -0.222550 0.526619 -1.996993
v 0.000000 0.534518 -1.996993
v 0.115726 0.531906 -1.996993
v 0.222550 0.526619 -1.996993
v -0.845161 0.486245 -1.575580
v -0.833252 0.439781 -1.575580
v -0.853197 0.542535 -1.523224
v -0.875057 0.624081 -1.441678
v -0.881298 0.676436 -1.338924
v 0.427217 0.606990 -1.807229
v 0.302669 0.489940 -1.996993
v 0.494777 0.563273 -1.865847
v 0.447748 0.561326 -1.873755
v -0.837129 0.471316 -0.571208
v -0.834206 0.392852 -0.585739
v -0.826447 0.437640 -0.520654
v -0.683884 0.411079 -1.867754
v -0.725276 0.144062 0.000000
v -0.849467 0.144062 0.000000
v -0.576247 0.687029 -1.649258
v 0.727263 0.716846 -1.543944
v -0.875057 0.624081 -1.441678
v -0.556376 0.624081 -1.441678
v -0.129159 0.824629 2.195786
v -0.175656 0.824629 2.195802
v -0.175656 0.755082 2.175334
v 0.418395 0.462406 -1.996993
v 0.369434 0.482416 -1.996993
v 0.445101 0.442120 -1.996993
v -0.183048 0.439121 -2.086410
v -0.194732 0.424237 -2.086410
v -0.161627 0.452593 -2.086410
v -0.132418 0.454384 -2.086410
v -0.097366 0.464458 -2.086410
v -0.050630 0.465465 -2.086410
v 0.097366 0.464458 -2.086410
v -0.194635 0.280274 -2.037573
v 0.132418 0.454384 -2.086410
v 0.161627 0.452593 -2.086410
v 0.183048 0.439121 -2.086410
v 0.194732 0.424237 -2.086410
v -0.070044 0.429202 -2.101313
v -0.074515 0.420263 -2.101313
v -0.061847 0.437086 -2.101313
v -0.050670 0.437358 -2.101313
v -0.037257 0.438919 -2.101313
v -0.019374 0.439066 -2.101313
v 0.144062 0.762514 -1.410811
v 0.576247 0.687015 -1.649258
v -0.843506 0.652153 -1.554873
v 0.050670 0.437358 -2.101313
v 0.061847 0.437086 -2.101313
v 0.070044 0.429202 -2.101313
v 0.074515 0.420263 -2.101313
v -0.886244 0.571279 1.897640
v -0.894091 0.755082 1.897640
v -0.934911 0.755082 1.688999
v -0.879098 0.476894 1.897640
v -0.884268 0.536506 1.897640
v -0.857415 0.233479 1.897640
v -0.867822 0.347735 1.897640
v -0.857415 0.233479 1.897640
v -0.835558 0.144062 1.688999
v -0.794823 0.233479 1.897640
v -0.835558 0.183803 1.688999
v -0.794823 0.183803 1.897640
v 0.915765 0.297707 1.603555
v -0.903846 0.144062 1.603555
v -0.898150 0.144062 1.688999
v -0.940606 0.758642 1.603555
v -0.905081 0.451791 1.585029
v -0.903846 0.144062 1.603555
v 0.556376 0.648674 1.013399
v 0.556376 0.641061 1.002524
v 0.904727 0.641061 1.002524
v -0.941841 0.759414 1.585029
v -0.920581 0.608401 1.531261
v -0.908666 0.557317 1.531261
v -0.905081 0.451791 1.585029
v -0.070073 0.710073 -1.617276
v -0.945426 0.761654 1.531261
v -0.914046 0.638832 1.450552
v -0.908946 0.690588 -1.338924
v -0.893100 0.682333 -1.338924
v -0.899831 0.704164 -1.225021
v -0.950807 0.765017 1.450552
v -0.941894 0.715475 1.447518
v -0.926006 0.672067 1.447518
v -0.914100 0.641061 1.447518
v -0.397795 0.365106 -2.031911
v -0.950861 0.765084 1.447518
v -0.943710 0.738376 1.341994
v -0.927834 0.712972 1.341994
v -0.915959 0.694827 1.341994
v -0.914100 0.641061 1.447518
v -0.556376 0.694827 1.341994
v -0.556376 0.144062 0.846487
v -0.952720 0.767409 1.341994
v -0.918021 0.713354 1.225021
v -0.915959 0.694827 1.341994
v -0.556376 0.713354 1.225021
v -0.808732 0.183803 -0.745147
v -0.778927 0.183803 -0.476894
v -0.954781 0.769985 1.225021
v -0.911431 0.694827 1.108048
v -0.918021 0.713354 1.225021
v -0.242818 0.233479 2.210602
v -0.942859 0.739185 1.013399
v -0.911431 0.694827 1.108048
v -0.906098 0.648674 1.013399
v -0.695470 0.423329 -1.815339
v -0.941488 0.736632 1.002524
v -0.931449 0.698403 1.002524
v -0.915882 0.664953 1.002524
v -0.906098 0.648674 1.013399
v -0.904727 0.641061 1.002524
v -0.556376 0.648674 1.013399
v -0.890294 0.477887 -0.745147
v -0.877052 0.283156 -0.745147
v -0.858050 0.392852 -0.585739
v -0.930929 0.716970 0.918781
v -0.920053 0.653109 0.918781
v -0.904737 0.597230 0.918781
v -0.904727 0.641061 1.002524
v -0.894168 0.557317 0.918781
v -0.799791 0.359657 -1.738422
v -0.790473 0.322897 -1.703705
v -0.790473 0.322897 -1.742453
v -0.924150 0.704346 0.865013
v -0.912494 0.603324 0.865013
v -0.897412 0.514930 0.865013
v -0.894168 0.557317 0.918781
v -0.887389 0.451791 0.865013
v -0.556376 0.557317 0.918781
v -0.880589 0.624081 -1.008364
v -0.884206 0.676436 -1.111118
v -0.921813 0.699998 0.846487
v -0.909836 0.477623 0.846487
v -0.894850 0.283045 0.846487
v -0.887389 0.451791 0.865013
v -0.885052 0.144062 0.846487
v -0.902139 0.644724 -0.926818
v -0.906349 0.680685 -1.008364
v -0.891070 0.647666 -1.008364
v -0.914046 0.685535 0.784888
v -0.900766 0.468946 0.784888
v -0.885052 0.144062 0.846487
v -0.556376 0.144062 -0.856422
v -0.871325 0.657716 0.476894
v -0.844718 0.452254 0.476894
v -0.938885 0.144062 0.784888
v -0.771972 0.144062 0.476894
v -0.838538 0.650761 0.218576
v -0.794462 0.448081 0.218576
v -0.863377 0.144062 0.218576
v -0.898004 0.482449 -0.856422
v -0.883625 0.285056 -0.856422
v -0.739185 0.144062 0.218576
v -0.771972 0.183803 0.476894
v -0.771346 0.465965 0.000000
v -0.768752 0.278188 0.000000
v -0.789106 0.270737 0.218576
v -0.849467 0.144062 0.000000
v -0.877719 0.542535 -0.926818
v -0.556376 0.624081 -1.008364
v -0.739185 0.183803 0.218576
v -0.803334 0.664671 -0.099353
v -0.804627 0.670632 -0.099353
v 0.898150 0.144062 1.688999
v 0.857415 0.233479 1.897640
v -0.037060 0.260305 -2.049513
v -0.827178 0.664671 -0.099353
v -0.804627 0.670632 -0.099353
v -0.803334 0.664671 -0.099353
v -0.843506 0.658114 -1.554873
v 0.725276 0.716334 2.064526
v 0.725276 0.716334 2.080275
v -0.037238 0.288350 -2.052475
v -0.050645 0.287491 -2.052475
v -0.050814 0.364090 -2.044419
v -0.824629 0.680567 0.000000
v -0.795393 0.476695 -0.248382
v -0.791248 0.282659 -0.248382
v -0.868344 0.144062 -0.248382
v -0.659703 0.596455 -1.778417
v -0.694801 0.607790 -1.746828
v -0.694801 0.601829 -1.746828
v 0.755082 0.536506 2.140185
v 0.894176 0.571279 1.883300
v 0.755082 0.571279 2.051955
v -0.798529 0.364634 -1.740867
v -0.790473 0.396418 -1.709841
v -0.798529 0.364634 -1.702119
v 0.556376 0.694477 -1.225021
v 0.888215 0.694477 -1.225021
v 0.884206 0.676436 -1.111118
v 0.808732 0.183803 -0.745147
v 0.808732 0.144062 -0.745147
v 0.778927 0.144062 -0.476894
v 0.695470 0.423329 -1.853985
v 0.695470 0.423329 -1.815238
v 0.683884 0.411079 -1.829006
v -0.427217 0.614070 -1.807229
v -0.403716 0.591791 -1.847964
v -0.851321 0.469153 -0.513948
v 0.897412 0.514930 0.865013
v 0.679764 0.312590 -1.871432
v 0.670014 0.322897 -1.879317
v 0.670014 0.322897 -1.840570
v -0.895409 0.688687 -1.111118
v -0.888215 0.694477 -1.225021
v 0.931661 0.512810 1.603555
v 0.940606 0.758642 1.603555
v -0.910072 0.661690 -1.470423
v -0.902809 0.651673 -1.441678
v 0.900766 0.468946 0.784888
v -0.037257 0.438919 -2.101313
v -0.037356 0.370586 -2.117670
v -0.038338 0.370586 -2.117643
v -0.829912 0.635797 -0.248382
v -0.831739 0.633871 -0.258317
v -0.843506 0.698451 -0.248382
v -0.841059 0.645794 -0.288123
v -0.833216 0.651023 -0.248382
v 0.556376 0.144062 -1.593620
v 0.556376 0.439781 -1.575580
v -0.770095 0.627680 -1.679064
v -0.836458 0.278933 -0.476894
v -0.903118 0.144062 -0.476894
v -0.894176 0.571279 1.883300
v -0.755082 0.755082 2.054538
v -0.894176 0.755082 1.896829
v -0.778927 0.144062 -0.476894
v -0.878279 0.683548 -0.476894
v -0.908085 0.700438 -0.745147
v -0.910997 0.705840 -1.111118
v 0.785824 0.633520 -1.664908
v -0.556376 0.439781 -0.874462
v -0.679764 0.312590 -1.832684
v -0.670014 0.322897 -1.840529
v -0.679764 0.312590 -1.871432
v 0.566316 0.582491 -1.827923
v 0.590379 0.588854 -1.815167
v 0.566316 0.588452 -1.827923
v -0.457023 0.276201 -1.937990
v -0.457023 0.276201 -2.012505
v -0.458181 0.292866 -1.939803
v 0.819661 0.686141 -1.528047
v -0.827476 0.469153 -0.513948
v -0.860973 0.471316 -0.571208
v -0.837129 0.471316 -0.571208
v -0.548128 0.669693 -1.679064
v -0.571112 0.679393 -1.654700
v -0.548128 0.675654 -1.679064
v -0.850292 0.437640 -0.520654
v -0.382509 0.567134 -1.884724
v -0.412803 0.572633 -1.879630
v -0.412803 0.566672 -1.879630
v 0.732393 0.716917 -1.543061
v 0.763549 0.705198 -1.537701
v 0.732393 0.710956 -1.543061
v -0.556376 0.183803 1.603555
v 0.825003 0.288123 -0.556376
v 0.822459 0.288123 -0.539486
v 0.846304 0.288123 -0.539486
v 0.590379 0.594815 -1.815167
v -0.848848 0.288123 -0.556376
v -0.834163 0.390457 -0.586182
v -0.858007 0.390457 -0.586182
v -0.846304 0.288123 -0.539486
v -0.825003 0.288123 -0.556376
v -0.848848 0.288123 -0.556376
v -0.846304 0.288123 -0.539486
v -0.825752 0.386483 -0.531538
v -0.822459 0.288123 -0.539486
v -0.806068 0.635797 -0.248382
v 0.885052 0.144062 0.846487
v 0.875241 0.144062 -0.856422
v 0.932924 0.144062 -0.745147
v -0.817551 0.371530 -1.679064
v -0.806175 0.259788 -1.679064
v -0.838291 0.262909 -1.593620
v -0.807739 0.614001 1.987713
v -0.841902 0.640355 1.946661
v -0.810073 0.682415 1.985845
v -0.932924 0.144062 -0.745147
v -0.851321 0.469153 -0.513948
v -0.852600 0.479874 -0.511667
v -0.828755 0.479874 -0.511667
v -0.875241 0.144062 -0.856422
v 0.175656 0.755082 2.175334
v 0.214404 0.755082 2.177342
v 0.214404 0.824629 2.198076
v -0.912002 0.708040 -0.856422
v -0.899114 0.601476 -0.874462
v -0.884591 0.507154 -0.874462
v -0.875876 0.439781 -0.874462
v -0.045702 0.695534 -1.669128
v -0.912637 0.709273 -0.874462
v -0.887262 0.585114 -0.926818
v -0.877719 0.542535 -0.926818
v -0.875876 0.439781 -0.874462
v -0.914480 0.712850 -0.926818
v -0.880589 0.624081 -1.008364
v -0.917350 0.718422 -1.008364
v -0.884206 0.676436 -1.111118
v -0.869338 0.364377 1.897640
v -0.920966 0.725442 -1.111118
v -0.915595 0.717725 -1.225021
v 0.214404 0.571279 2.184000
v 0.197712 0.675906 2.179649
v 0.197712 0.585188 2.182936
v -0.918058 0.700022 -1.338924
v -0.924975 0.733224 -1.225021
v -0.888215 0.694477 -1.225021
v 0.670014 0.396418 -1.838406
v 0.670014 0.396418 -1.877153
v 0.683884 0.411079 -1.867754
v -0.911818 0.670070 -1.441678
v -0.576247 0.681068 -1.649258
v -0.576247 0.687029 -1.649258
v -0.571112 0.685354 -1.654700
v -0.873312 0.600911 -1.470423
v -0.873312 0.600911 -1.470423
v -0.853197 0.542535 -1.523224
v -0.556376 0.600911 -1.470423
v -0.840400 0.497758 -0.566311
v -0.870012 0.625636 -1.575580
v -0.861053 0.551294 -1.575580
v -0.833252 0.439781 -1.575580
v -0.556376 0.542535 -1.523224
v -0.854183 0.429295 -1.593620
v -0.838291 0.262909 -1.593620
v -0.826379 0.144062 -1.593620
v 0.920053 0.653109 0.918781
v 0.924150 0.704346 0.865013
v -0.821642 0.411718 -1.679064
v -0.805748 0.255585 -1.679064
v -0.797370 0.177196 -1.679064
v -0.793829 0.144062 -1.679064
v -0.826379 0.144062 -1.593620
v -0.731237 0.144062 -1.679064
v -0.556376 0.144062 -1.593620
v -0.556376 0.183803 -1.593620
v 0.901079 0.637379 -1.470423
v 0.880985 0.603166 -1.523224
v 0.889957 0.643587 -1.523224
v -0.129159 0.725276 2.176517
v -0.129159 0.755082 2.175321
v 0.899831 0.704164 -1.225021
v 0.893100 0.682333 -1.338924
v 0.908946 0.690588 -1.338924
v 0.902139 0.644724 -0.926818
v 0.914480 0.712850 -0.926818
v 0.912637 0.709273 -0.874462
v 0.556376 0.676436 -1.111118
v 0.880589 0.624081 -1.008364
v 0.895409 0.688687 -1.111118
v 0.910997 0.705840 -1.111118
v 0.906349 0.680685 -1.008364
v -0.894176 0.536506 1.969460
v -0.799791 0.359657 -1.699674
v 0.095657 0.713603 -1.562841
v 0.139094 0.728715 -1.470423
v 0.095657 0.725867 -1.562841
v 0.556376 0.676436 -1.338924
v 0.881298 0.676436 -1.338924
v 0.886932 0.635578 -1.441678
v 0.902809 0.651673 -1.441678
v 0.731237 0.144062 -1.679064
v 0.793829 0.144062 -1.679064
v 0.826379 0.144062 -1.593620
v -0.903118 0.144062 -0.476894
v 0.911818 0.670070 -1.441678
v -0.197712 0.585188 2.182882
v -0.189923 0.571279 2.183178
v -0.868344 0.144062 -0.248382
v 0.915595 0.717725 -1.225021
v 0.918058 0.700022 -1.338924
v 0.819200 0.259788 -1.696612
v 0.765017 0.295986 -1.767531
v 0.790473 0.322897 -1.742509
v 0.556376 0.144062 -0.856422
v -0.834163 0.390457 -0.586182
v -0.185969 0.104321 -2.071508
v -0.072341 0.151712 -2.103531
v -0.071161 0.104321 -2.086410
v -0.427217 0.614070 -1.807229
v -0.427217 0.608109 -1.807229
v -0.506736 0.650764 -1.722939
v -0.670014 0.322897 -1.879277
v 0.790473 0.396418 -1.709526
v 0.790473 0.396418 -1.748274
v 0.792447 0.388629 -1.746398
v 0.258317 0.755082 2.183683
v 0.242818 0.755082 2.181115
v 0.242818 0.571279 2.186443
v 0.894091 0.755082 1.897640
v 0.884268 0.536506 1.897640
v 0.879098 0.476894 1.897640
v 0.869338 0.364377 1.897640
v 0.867822 0.347735 1.897640
v 0.794823 0.233479 1.897640
v -0.067163 0.476894 2.351425
v 0.903846 0.144062 1.603555
v 0.556376 0.183803 1.603555
v 0.932895 0.636365 1.585029
v 0.905081 0.451791 1.585029
v 0.903846 0.144062 1.603555
v 0.556376 0.451791 1.585029
v 0.556376 0.144062 1.603555
v 0.936474 0.679919 1.531261
v 0.941841 0.759414 1.585029
v 0.556376 0.557317 1.531261
v 0.905081 0.451791 1.585029
v 0.889957 0.643587 -1.523224
v 0.941841 0.714543 1.450552
v 0.945426 0.761654 1.531261
v 0.925952 0.670379 1.450552
v 0.914046 0.638832 1.450552
v 0.556376 0.638832 1.450552
v 0.908666 0.557317 1.531261
v 0.875057 0.624081 -1.441678
v 0.941894 0.715475 1.447518
v 0.950807 0.765017 1.450552
v 0.914100 0.641061 1.447518
v 0.556376 0.641061 1.447518
v 0.914046 0.638832 1.450552
v 0.885197 0.616106 -1.470423
v 0.943710 0.738376 1.341994
v 0.950861 0.765084 1.447518
v 0.556376 0.694827 1.341994
v 0.914100 0.641061 1.447518
v 0.945646 0.747332 1.225021
v 0.952720 0.767409 1.341994
v 0.929808 0.727511 1.225021
v 0.918021 0.713354 1.225021
v 0.556376 0.713354 1.225021
v 0.915959 0.694827 1.341994
v 0.948191 0.752961 1.108048
v 0.954781 0.769985 1.225021
v 0.938747 0.729707 1.108048
v 0.923001 0.709361 1.108048
v 0.911431 0.694827 1.108048
v 0.918021 0.713354 1.225021
v 0.849467 0.144062 0.000000
v 0.768752 0.278188 0.000000
v 0.789106 0.270737 0.218576
v 0.942859 0.739185 1.013399
v 0.932902 0.702980 1.013399
v 0.911431 0.694827 1.108048
v 0.917310 0.671302 1.013399
v 0.556376 0.694827 1.108048
v 0.906098 0.648674 1.013399
v 0.803334 0.664671 -0.099353
v 0.806068 0.635797 -0.248382
v 0.809371 0.651023 -0.248382
v 0.941488 0.736632 1.002524
v 0.931449 0.698403 1.002524
v 0.906098 0.648674 1.013399
v 0.915882 0.664953 1.002524
v 0.045702 0.695579 -1.669128
v 0.930929 0.716970 0.918781
v 0.894168 0.557317 0.918781
v -0.144062 0.762471 -1.410811
v 0.000000 0.739358 -1.410811
v 0.556376 0.557317 0.918781
v 0.887389 0.451791 0.865013
v 0.556376 0.451791 0.865013
v 0.914046 0.685535 0.784888
v 0.885052 0.144062 0.846487
v 0.903118 0.144062 -0.476894
v 0.814694 0.183803 0.784888
v 0.556376 0.144062 0.846487
v 0.556376 0.183803 0.846487
v 0.871325 0.657716 0.476894
v 0.938885 0.144062 0.784888
v 0.771972 0.183803 0.476894
v 0.863377 0.144062 0.218576
v 0.739185 0.183803 0.218576
v 0.771972 0.144062 0.476894
v 0.771346 0.465965 0.000000
v 0.725276 0.183803 0.000000
v 0.739185 0.144062 0.218576
v 0.804627 0.670632 -0.099353
v 0.841059 0.645794 -0.288123
v 0.827178 0.664671 -0.099353
v 0.804627 0.670632 -0.099353
v 0.828472 0.670632 -0.099353
v 0.645794 0.552402 2.145503
v 0.707392 0.555197 2.114359
v 0.824629 0.680567 0.000000
v 0.791248 0.282659 -0.248382
v 0.868344 0.144062 -0.248382
v 0.744153 0.183803 -0.248382
v 0.725276 0.144062 0.000000
v 0.486829 0.702425 2.150557
v 0.486829 0.702425 2.163473
v 0.496764 0.708386 2.162458
v 0.496764 0.536506 2.241043
v 0.496764 0.571279 2.151844
v -0.731237 0.183803 -1.679064
v -0.860973 0.471316 -0.571208
v 0.185969 0.104321 -2.071508
v 0.072341 0.151712 -2.103531
v 0.189052 0.152308 -2.088628
v 0.828472 0.670632 -0.099353
v 0.840400 0.497758 -0.566311
v 0.858922 0.589163 -0.447088
v 0.835077 0.589163 -0.447088
v -0.494777 0.563509 -1.865847
v -0.433620 0.561111 -1.876130
v -0.433620 0.567072 -1.876130
v -0.458181 0.292866 -2.014317
v -0.458574 0.298537 -2.013692
v -0.770095 0.633641 -1.679064
v 0.000000 0.769164 -1.410811
v 0.861053 0.551294 -1.575580
v 0.870012 0.625636 -1.575580
v -0.830590 0.590156 -1.679064
v 0.682215 0.339290 -1.834893
v 0.670014 0.322897 -1.840570
v 0.666676 0.336070 -1.844650
v -0.730244 0.433179 -1.814572
v -0.695470 0.423329 -1.854087
v -0.695470 0.423329 -1.815339
v 0.903118 0.144062 -0.476894
v 0.778927 0.183803 -0.476894
v 0.878279 0.683548 -0.476894
v 0.556376 0.624081 -1.008364
v 0.556376 0.542535 -0.926818
v 0.863140 0.619451 -1.593620
v 0.848571 0.574260 -0.397412
v 0.880589 0.624081 -1.008364
v 0.891070 0.647666 -1.008364
v 0.197712 0.703418 2.178547
v -0.912002 0.708040 -0.856422
v 0.826447 0.437640 -0.520654
v 0.837129 0.471316 -0.571208
v 0.827476 0.469153 -0.513948
v 0.850292 0.437640 -0.520654
v 0.851321 0.469153 -0.513948
v -0.885052 0.144062 0.846487
v 0.189923 0.571279 2.183178
v 0.403716 0.585830 -1.847964
v 0.834163 0.390457 -0.586182
v 0.848848 0.288123 -0.556376
v 0.858007 0.390457 -0.586182
v 0.848848 0.288123 -0.556376
v 0.846304 0.288123 -0.539486
v 0.825752 0.386483 -0.531538
v 0.849596 0.386483 -0.531538
v 0.846304 0.288123 -0.539486
v -0.458181 0.292866 -2.014317
v -0.666676 0.336070 -1.883398
v 0.932924 0.144062 -0.745147
v -0.785824 0.633520 -1.664908
v 0.556376 0.183803 -0.856422
v 0.899114 0.601476 -0.874462
v 0.875876 0.439781 -0.874462
v -0.496764 0.536506 2.241043
v 0.875876 0.439781 -0.874462
v 0.877719 0.542535 -0.926818
v -0.844219 0.593633 -0.352207
v 0.917350 0.718422 -1.008364
v 0.884206 0.676436 -1.111118
v 0.556376 0.183803 -1.593620
v 0.920966 0.725442 -1.111118
v 0.888215 0.694477 -1.225021
v 0.924975 0.733224 -1.225021
v 0.881298 0.676436 -1.338924
v -0.799791 0.359657 -1.738422
v 0.910072 0.661690 -1.470423
v 0.875057 0.624081 -1.441678
v 0.873312 0.600911 -1.470423
v -0.790473 0.396418 -1.748589
v 0.873312 0.600911 -1.470423
v 0.865097 0.567798 -1.523224
v 0.556376 0.600911 -1.470423
v 0.853197 0.542535 -1.523224
v 0.853197 0.542535 -1.523224
v 0.845161 0.486245 -1.575580
v 0.833252 0.439781 -1.575580
v -0.854183 0.429295 -1.593620
v 0.854183 0.429295 -1.593620
v 0.833252 0.439781 -1.575580
v 0.838291 0.262909 -1.593620
v 0.830590 0.590156 -1.679064
v 0.797370 0.177196 -1.679064
v 0.805748 0.255585 -1.679064
v 0.731237 0.183803 -1.679064
v 0.849596 0.386483 -0.531538
v 0.826447 0.437640 -0.520654
v 0.850292 0.437640 -0.520654
v 0.806175 0.259788 -1.679064
v 0.050814 0.364090 -2.044419
v 0.050801 0.370586 -2.042857
v 0.062007 0.370586 -2.042804
v 0.825752 0.386483 -0.531538
v -0.848571 0.574260 -0.397412
v -0.828755 0.479874 -0.511667
v -0.852600 0.479874 -0.511667
v -0.506736 0.656726 -1.722939
v -0.843910 0.638958 -0.307311
v 0.824629 0.676593 1.973587
v -0.830590 0.590156 -1.679064
v -0.682554 0.531538 -1.847964
v -0.832956 0.483272 -1.696684
v -0.195155 0.370586 -2.025327
v -0.195286 0.353855 -2.029516
v -0.242640 0.370586 -2.009226
v 0.894176 0.536506 1.969460
v -0.194732 0.424237 -2.086410
v -0.377541 0.370586 -1.963005
v -0.420747 0.358895 -1.950020
v -0.446067 0.352044 -1.941733
v -0.461991 0.347735 -2.007109
v -0.192061 0.206694 -2.103959
v 0.067163 0.347735 2.315734
v -0.804627 0.670632 -0.099353
v -0.195286 0.353855 -2.029516
v -0.074667 0.370586 -2.039392
v -0.074727 0.350755 -2.044419
v 0.050670 0.437358 -2.101313
v -0.070073 0.704090 -1.617276
v -0.045702 0.695534 -1.669128
v -0.036170 0.154511 -2.103531
v -0.049192 0.154276 -2.103531
v -0.070208 0.370586 -2.041249
v -0.070243 0.357728 -2.044419
v -0.071122 0.370586 -2.040796
v -0.074515 0.420263 -2.101313
v -0.070208 0.370586 -2.115763
v -0.071122 0.370586 -2.115310
v -0.070243 0.357728 -2.044419
v -0.074667 0.370586 -2.039392
v -0.071122 0.370586 -2.040796
v -0.849596 0.386483 -0.531538
v -0.074667 0.370586 -2.113906
v -0.062007 0.370586 -2.042804
v -0.062023 0.363878 -2.044419
v -0.062847 0.370586 -2.042610
v -0.070044 0.429202 -2.101313
v -0.062007 0.370586 -2.117319
v -0.062847 0.370586 -2.117124
v -0.062023 0.363878 -2.044419
v -0.070208 0.370586 -2.041249
v -0.062847 0.370586 -2.042610
v -0.885234 0.547633 1.897640
v 0.250369 1.109399 0.208061
v -0.695470 0.295986 -1.849671
v 0.062023 0.363878 -2.044419
v -0.843506 0.652153 -1.554873
v -0.819661 0.680722 -1.528047
v -0.037356 0.370586 -2.043155
v -0.841059 0.645794 -0.288123
v -0.050801 0.370586 -2.042857
v 0.763549 0.705198 -1.537701
v 0.494777 0.569234 -1.865847
v 0.679764 0.312590 -1.832684
v 0.622653 0.553452 2.151873
v 0.670014 0.322897 -1.879317
v 0.457796 0.287333 -2.013779
v -0.382509 0.567134 -1.884724
v 0.912002 0.708040 -0.856422
v 0.912637 0.709273 -0.874462
v 0.828755 0.479874 -0.511667
v 0.848571 0.574260 -0.397412
v 0.852600 0.479874 -0.511667
v -0.070009 0.283006 -2.052475
v 0.528513 0.579687 -1.847964
v 0.050801 0.370586 -2.042857
v 0.049638 0.370586 -2.117404
v 0.037257 0.438919 -2.101313
v 0.037356 0.370586 -2.043155
v 0.037356 0.370586 -2.117670
v -0.727263 0.716864 -1.543944
v -0.727263 0.710903 -1.543944
v -0.732393 0.710956 -1.543061
v -0.556376 0.183803 -0.856422
v 0.070208 0.370586 -2.041249
v 0.070243 0.357728 -2.044419
v 0.068883 0.370586 -2.041565
v 0.062007 0.370586 -2.042804
v 0.193937 0.260305 -2.035366
v 0.074478 0.278089 -2.052475
v 0.194635 0.280274 -2.037573
v 0.074667 0.370586 -2.039392
v 0.074727 0.350755 -2.044419
v 0.073543 0.370586 -2.039965
v -0.765017 0.423329 -1.776161
v 0.074515 0.420263 -2.101313
v 0.073543 0.370586 -2.114480
v 0.073543 0.370586 -2.039965
v 0.070243 0.357728 -2.044419
v 0.070208 0.370586 -2.041249
v -0.037364 0.365308 -2.044419
v -0.770095 0.627680 -1.679064
v 0.194732 0.424237 -2.086410
v 0.445101 0.442120 -1.996993
v 0.446369 0.367804 -2.014613
v 0.195286 0.353855 -2.029516
v 0.377541 0.370586 -1.962939
v 0.397795 0.365106 -1.957397
v 0.000000 0.824629 2.194615
v -0.067163 0.824629 2.194932
v -0.067163 0.755082 2.174567
v 0.682554 0.531538 -1.847964
v 0.684499 0.437550 -1.865584
v 0.830590 0.590156 -1.679064
v 0.832956 0.483272 -1.696684
v -0.767476 0.420729 -1.734804
v -0.765017 0.423329 -1.737414
v -0.730244 0.433179 -1.775825
v -0.767476 0.420729 -1.773551
v -0.790473 0.396418 -1.748589
v -0.765017 0.423329 -1.776161
v -0.730244 0.433179 -1.775825
v -0.765017 0.423329 -1.737414
v -0.730244 0.433179 -1.775825
v -0.727263 0.716864 -1.543944
v -0.798529 0.364634 -1.702119
v -0.790473 0.396418 -1.709841
v -0.830178 0.371530 -1.704740
v -0.446067 0.352044 -1.941733
v -0.458574 0.298537 -1.939177
v -0.461991 0.347735 -1.932594
v -0.458574 0.298537 -1.939177
v -0.820375 0.593633 -0.352207
v -0.695470 0.423329 -1.815339
v -0.683884 0.411079 -1.829006
v -0.682215 0.339290 -1.834893
v 0.679764 0.312590 -1.832684
v -0.458574 0.298537 -1.939177
v -0.444880 0.290110 -1.948155
v -0.458181 0.292866 -1.939803
v -0.461991 0.347735 -2.007109
v -0.214404 0.755082 2.177342
v 0.397795 0.365106 -1.957397
v 0.446067 0.352044 -1.941733
v 0.444880 0.290110 -1.948155
v -0.896163 0.144062 0.476894
v -0.397795 0.365106 -1.957397
v -0.194635 0.280274 -2.037573
v -0.420747 0.358895 -1.950020
v -0.863377 0.144062 0.218576
v -0.420747 0.358895 -2.024534
v -0.444880 0.290110 -1.948155
v -0.446067 0.352044 -1.941733
v 0.885052 0.144062 0.846487
v 0.886171 0.279430 0.784888
v 0.073492 0.205422 -2.118862
v 0.192061 0.206694 -2.103959
v -0.074727 0.350755 -2.044419
v -0.070243 0.357728 -2.044419
v -0.070009 0.283006 -2.052475
v -0.525740 0.571279 2.143621
v -0.645794 0.552402 2.145093
v -0.070243 0.357728 -2.044419
v -0.062023 0.363878 -2.044419
v -0.061816 0.287341 -2.052475
v -0.070243 0.357728 -2.044419
v -0.061816 0.287341 -2.052475
v -0.070009 0.283006 -2.052475
v 0.000000 0.755082 2.174287
v 0.529882 0.183803 1.897640
v 0.242818 0.233479 2.210602
v 0.214404 0.233479 2.210602
v -0.074727 0.350755 -2.044419
v -0.822459 0.288123 -0.539486
v 0.045702 0.695579 -1.669128
v 0.177842 0.725276 2.176643
v -0.755082 0.704412 2.052832
v -0.755082 0.614187 2.051564
v -0.940606 0.758642 1.603555
v 0.062023 0.363878 -2.044419
v 0.070243 0.357728 -2.044419
v 0.070009 0.283006 -2.052475
v 0.062023 0.363878 -2.044419
v 0.070009 0.283006 -2.052475
v 0.061816 0.287341 -2.052475
v 0.070243 0.357728 -2.044419
v 0.074727 0.350755 -2.044419
v 0.074478 0.278089 -2.052475
v 0.070243 0.357728 -2.044419
v 0.074478 0.278089 -2.052475
v 0.070009 0.283006 -2.052475
v 0.074478 0.278089 -2.052475
v 0.195286 0.353855 -2.029516
v 0.377541 0.370586 -2.037453
v 0.397795 0.365106 -2.031911
v 0.446067 0.352044 -2.016247
v 0.194635 0.280274 -2.037573
v -0.694478 0.614401 2.073803
v 0.670014 0.396418 -1.877153
v 0.660697 0.359657 -1.846549
v 0.660697 0.359657 -1.885296
v 0.670014 0.396418 -1.877153
v 0.660697 0.359657 -1.885296
v 0.826379 0.144062 -1.593620
v 0.458181 0.292866 -1.939803
v 0.446067 0.352044 -1.941733
v 0.461991 0.347735 -1.932433
v 0.852600 0.479874 -0.511667
v 0.665342 0.341330 -1.844978
v 0.682215 0.339290 -1.834893
v 0.666676 0.336070 -1.844650
v 0.702244 0.717486 2.073448
v -0.197712 0.703418 2.150703
v -0.197712 0.703418 2.178349
v -0.197712 0.650455 2.180267
v -0.828755 0.479874 -0.511667
v -0.824726 0.574260 -0.397412
v -0.835077 0.589163 -0.447088
v 0.666676 0.336070 -1.883398
v 0.458181 0.292866 -2.014317
v 0.461991 0.347735 -2.006948
v 0.765017 0.423329 -1.736953
v 0.790473 0.396418 -1.709526
v 0.792447 0.388629 -1.707650
v 0.765017 0.423329 -1.775700
v 0.730244 0.433179 -1.775607
v 0.730244 0.433179 -1.814354
v 0.790473 0.396418 -1.748274
v 0.765017 0.423329 -1.736953
v 0.765017 0.423329 -1.775700
v 0.129159 0.725276 2.176517
v 0.129159 0.755082 2.175321
v 0.799791 0.359657 -1.738435
v 0.798529 0.364634 -1.740867
v 0.830178 0.371530 -1.704740
v 0.732393 0.716917 -1.543061
v 0.798529 0.364634 -1.740867
v 0.792447 0.388629 -1.707650
v -0.659703 0.590494 -1.778417
v 0.682215 0.339290 -1.834893
v 0.683884 0.411079 -1.829006
v 0.708029 0.426887 -1.800855
v -0.457023 0.276201 -2.012505
v -0.457023 0.276201 -1.937990
v -0.443595 0.273132 -1.946379
v 0.820375 0.593633 -0.352207
v 0.844219 0.593633 -0.352207
v 0.824726 0.574260 -0.397412
v -0.755082 0.704412 2.070369
v 0.792447 0.388629 -1.746398
v 0.770095 0.633641 -1.679064
v 0.661817 0.602694 -1.776514
v 0.770095 0.627680 -1.679064
v -0.804385 0.634763 -1.640938
v 0.447748 0.567287 -1.873755
v -0.858922 0.589163 -0.447088
v 0.074667 0.370586 -2.113906
v -0.819200 0.259788 -1.696612
v -0.790473 0.322897 -1.742453
v -0.765017 0.295986 -1.767438
v -0.528513 0.573726 -1.847964
v 0.799791 0.359657 -1.738435
v 0.799791 0.359657 -1.699687
v 0.798529 0.364634 -1.702119
v -0.765017 0.295986 -1.767438
v -0.730244 0.286136 -1.767900
v -0.730244 0.286136 -1.806649
v -0.790473 0.322897 -1.742453
v -0.765017 0.295986 -1.728690
v -0.765017 0.295986 -1.767438
v 0.558045 0.614883 2.127767
v 0.755082 0.614187 2.051564
v 0.755082 0.614187 2.064529
v -0.444880 0.290110 -1.948155
v -0.457023 0.276201 -1.937990
v -0.458181 0.292866 -1.939803
v -0.682215 0.339290 -1.834893
v -0.666676 0.336070 -1.844650
v -0.667770 0.331754 -1.843261
v -0.037364 0.365308 -2.044419
v 0.037356 0.370586 -2.043155
v 0.037364 0.365308 -2.044419
v 0.695470 0.423329 -1.853985
v 0.683884 0.411079 -1.867754
v 0.779703 0.627457 -1.670417
v 0.779703 0.633418 -1.670417
v -0.457023 0.276201 -2.012505
v -0.667770 0.331754 -1.882009
v -0.670014 0.322897 -1.840529
v -0.679764 0.312590 -1.832684
v -0.659703 0.596455 -1.778417
v -0.461991 0.347735 -1.932594
v -0.673194 0.241030 -1.865512
v -0.679764 0.312590 -1.871432
v -0.670014 0.322897 -1.879277
v -0.194635 0.280274 -2.037573
v -0.354545 0.260305 -1.977201
v -0.444880 0.290110 -1.948155
v -0.193937 0.260305 -2.109881
v -0.387476 0.260305 -1.965175
v -0.443595 0.273132 -1.946379
v 0.727263 0.716846 -1.543944
v 0.528513 0.573726 -1.847964
v 0.807894 0.633871 -0.258317
v -0.683884 0.411079 -1.829006
v 0.920966 0.725442 -1.111118
v -0.074478 0.278089 -2.052475
v -0.069728 0.260305 -2.050006
v -0.073104 0.260305 -2.050405
v 0.576247 0.687015 -1.649258
v 0.727263 0.710885 -1.543944
v 0.576247 0.681054 -1.649258
v -0.069728 0.260305 -2.124520
v -0.069083 0.208282 -2.118862
v -0.073104 0.260305 -2.124920
v -0.074478 0.278089 -2.052475
v -0.073104 0.260305 -2.050405
v -0.074236 0.260305 -2.050486
v -0.074236 0.260305 -2.125001
v -0.070009 0.283006 -2.052475
v -0.061527 0.260305 -2.049604
v -0.067176 0.260305 -2.049920
v 0.258715 0.916568 1.878362
v -0.061527 0.260305 -2.124119
v -0.067176 0.260305 -2.124435
v -0.070009 0.283006 -2.052475
v -0.067176 0.260305 -2.049920
v -0.069728 0.260305 -2.050006
v -0.062023 0.363878 -2.044419
v -0.894176 0.757069 1.897640
v -0.258317 0.233479 2.210602
v -0.037238 0.288350 -2.052475
v -0.045679 0.260305 -2.049571
v -0.050645 0.287491 -2.052475
v 0.195155 0.370586 -2.099842
v -0.446067 0.352044 -2.016247
v 0.037364 0.365308 -2.044419
v -0.825003 0.288123 -0.556376
v -0.755082 0.614187 2.064529
v -0.807739 0.614001 2.000629
v -0.177842 0.725276 2.150703
v -0.177842 0.725276 2.176602
v -0.183176 0.719408 2.177016
v -0.707392 0.555197 2.114181
v -0.496764 0.708386 2.148964
v -0.526570 0.614994 2.138724
v -0.670014 0.396418 -1.877262
v 0.730244 0.286136 -1.806739
v 0.843506 0.656505 -1.554873
v -0.195155 0.370586 -2.099842
v -0.848848 0.288123 -0.556376
v 0.835077 0.589163 -0.447088
v 0.820375 0.593633 -0.352207
v 0.824726 0.574260 -0.397412
v 0.843506 0.650544 -1.554873
v 0.070009 0.283006 -2.052475
v 0.064301 0.260305 -2.049696
v 0.061816 0.287341 -2.052475
v 0.069728 0.260305 -2.124520
v 0.069083 0.208282 -2.118862
v 0.064301 0.260305 -2.124210
v 0.061816 0.287341 -2.052475
v 0.064301 0.260305 -2.049696
v 0.061527 0.260305 -2.049604
v 0.061527 0.260305 -2.124119
v 0.074478 0.278089 -2.052475
v 0.071028 0.260305 -2.050097
v 0.070009 0.283006 -2.052475
v 0.885234 0.547633 1.897640
v 0.074236 0.260305 -2.125001
v 0.071028 0.260305 -2.124612
v 0.071028 0.260305 -2.050097
v 0.069728 0.260305 -2.050006
v -0.732393 0.716917 -1.543061
v -0.073492 0.205422 -2.118862
v -0.050814 0.364090 -2.044419
v -0.062007 0.370586 -2.042804
v -0.050801 0.370586 -2.042857
v 0.444880 0.290110 -1.948155
v 0.387476 0.260305 -1.965028
v 0.266548 0.260305 -2.008866
v -0.175656 0.725276 2.176529
v -0.820066 0.638958 -0.307311
v 0.829912 0.635797 -0.248382
v 0.831739 0.633871 -0.258317
v 0.807894 0.633871 -0.258317
v 0.194635 0.280274 -2.037573
v 0.193937 0.260305 -2.035366
v 0.266548 0.260305 -2.083380
v 0.193937 0.260305 -2.109881
v 0.444880 0.290110 -1.948155
v 0.458181 0.292866 -1.939803
v 0.457796 0.287333 -1.939264
v 0.461991 0.347735 -2.006948
v 0.458181 0.292866 -2.014317
v 0.458181 0.292866 -1.939803
v 0.863377 0.144062 0.218576
v 0.660697 0.359657 -1.846549
v 0.665342 0.341330 -1.844978
v 0.665342 0.341330 -1.883726
v -0.730244 0.433179 -1.814572
v 0.833252 0.439781 -1.575580
v 0.826379 0.144062 -1.593620
v -0.496764 0.755082 2.149315
v -0.799791 0.359657 -1.699674
v 0.139094 0.751642 -1.470423
v 0.074727 0.350755 -2.044419
v 0.457023 0.276201 -1.938054
v 0.443595 0.273132 -1.946379
v -0.825752 0.386483 -0.531538
v -0.849596 0.386483 -0.531538
v 0.061527 0.260305 -2.049604
v 0.940606 0.758642 1.603555
v 0.941841 0.759414 1.585029
v 0.799791 0.359657 -1.738435
v 0.790473 0.322897 -1.703762
v 0.799791 0.359657 -1.699687
v 0.790473 0.322897 -1.742509
v 0.765017 0.295986 -1.728784
v 0.790473 0.322897 -1.703762
v -0.798529 0.364634 -1.740867
v 0.730244 0.286136 -1.806739
v 0.695470 0.295986 -1.810955
v 0.730244 0.286136 -1.767991
v 0.071161 0.104321 -2.086410
v 0.803334 0.664671 -0.099353
v -0.662644 0.168403 -1.850181
v -0.806362 0.177196 -1.681281
v -0.432117 0.154990 -1.999210
v -0.189052 0.152308 -2.088628
v -0.068000 0.153053 -2.103531
v -0.139094 0.728715 -1.470423
v -0.036747 0.211392 -2.118862
v 0.496764 0.824629 2.171611
v 0.258317 0.824629 2.205263
v -0.050801 0.370586 -2.042857
v -0.062007 0.370586 -2.042804
v -0.062847 0.370586 -2.117124
v 0.197712 0.675906 2.179649
v 0.197712 0.703418 2.150703
v 0.197712 0.585188 2.150703
v 0.763549 0.699237 -1.537701
v 0.036747 0.211392 -2.118862
v 0.036170 0.154511 -2.103531
v 0.858922 0.589163 -0.447088
v 0.864245 0.497758 -0.566311
v 0.068000 0.153053 -2.103531
v 0.438997 0.212416 -2.014542
v 0.432117 0.154990 -1.999210
v 0.662644 0.168403 -1.850181
v 0.806362 0.177196 -1.681281
v -0.651839 0.104321 -1.833061
v -0.793214 0.104321 -1.664161
v -0.425071 0.104321 -1.982090
v -0.666676 0.336070 -1.844650
v -0.066891 0.104321 -2.086410
v -0.059064 0.104321 -2.086410
v -0.035581 0.104321 -2.086410
v 0.045702 0.695579 -1.669128
v -0.825752 0.386483 -0.531538
v -0.494777 0.569470 -1.865847
v 0.387476 0.260305 -2.039543
v 0.443595 0.273132 -2.020893
v 0.048390 0.104321 -2.086410
v 0.066891 0.104321 -2.086410
v -0.175656 0.560350 2.211021
v -0.183803 0.560350 2.211266
v 0.425071 0.104321 -1.982090
v 0.651839 0.104321 -1.833061
v 0.793214 0.104321 -1.664161
v -0.651839 0.104321 -1.833061
v -0.793214 0.104321 -1.664161
v -0.584990 0.183803 -1.679064
v -0.658113 0.183803 -1.679064
v -0.425071 0.104321 -1.982090
v -0.511866 0.183803 -1.679064
v -0.185969 0.104321 -2.071508
v -0.438742 0.183803 -1.679064
v -0.444880 0.290110 -1.948155
v -0.767476 0.420729 -1.734804
v -0.790473 0.396418 -1.709841
v -0.790473 0.396418 -1.748589
v -0.059064 0.104321 -2.086410
v -0.035581 0.104321 -2.086410
v 0.185969 0.104321 -2.071508
v 0.438742 0.183803 -1.679064
v 0.071161 0.104321 -2.086410
v 0.425071 0.104321 -1.982090
v 0.511866 0.183803 -1.679064
v 0.651839 0.104321 -1.833061
v 0.584990 0.183803 -1.679064
v 0.658113 0.183803 -1.679064
v -0.506700 0.303026 -1.990798
v -0.268253 0.322897 -2.088724
v -0.268253 0.303026 -2.090812
v -0.049676 0.322897 -2.130228
v -0.049676 0.303026 -2.132317
v 0.049676 0.322897 -2.130231
v 0.049676 0.303026 -2.132320
v 0.268253 0.303026 -2.090624
v 0.268253 0.322897 -2.088511
v 0.506700 0.303026 -1.990796
v -0.830590 0.590156 -1.679064
v -0.832956 0.483272 -1.696684
v -0.825230 0.483272 -1.679064
v -0.830178 0.371530 -1.704740
v -0.817551 0.371530 -1.679064
v -0.821642 0.411718 -1.679064
v -0.819200 0.259788 -1.696612
v -0.817551 0.371530 -1.679064
v -0.830178 0.371530 -1.704740
v -0.806362 0.177196 -1.681281
v -0.797370 0.177196 -1.679064
v -0.805748 0.255585 -1.679064
v -0.793829 0.144062 -1.679064
v -0.793829 0.144062 -1.679064
v 0.830590 0.590156 -1.679064
v 0.825230 0.483272 -1.679064
v 0.832956 0.483272 -1.696684
v 0.821642 0.411718 -1.679064
v 0.817551 0.371530 -1.679064
v 0.830178 0.371530 -1.704740
v 0.817551 0.371530 -1.679064
v 0.819200 0.259788 -1.696612
v 0.830178 0.371530 -1.704740
v 0.805748 0.255585 -1.679064
v 0.797370 0.177196 -1.679064
v 0.806362 0.177196 -1.681281
v 0.806362 0.177196 -1.681281
v 0.793829 0.144062 -1.679064
v 0.793214 0.104321 -1.664161
v 0.793214 0.104321 -1.664161
v -0.856422 0.425209 -1.636812
v -0.856422 0.420263 -1.669128
v -0.856422 0.449096 -1.636812
v -0.761859 0.788618 -1.024049
v -0.764267 0.785741 -1.106498
v -0.776940 0.781084 -1.023335
v -0.624330 0.796322 -1.030568
v -0.628983 0.789363 -1.225021
v -0.680214 0.793056 -1.027919
v -0.746207 0.782808 -1.225021
v -0.567305 0.789054 -1.033270
v -0.566471 0.781509 -1.225021
v -0.745147 0.781736 -1.231976
v -0.607831 0.781406 -1.254862
v -0.627889 0.785114 -1.251518
v 0.856422 0.425209 -1.636812
v 0.856422 0.420263 -1.669128
v 0.856422 0.449096 -1.636812
v 0.624330 0.796322 -1.030568
v 0.567208 0.791926 -1.055567
v 0.567305 0.792762 -1.033270
v 0.628983 0.789363 -1.225021
v 0.566471 0.781509 -1.225021
v 0.764267 0.785741 -1.106498
v 0.705647 0.791908 -1.026714
v 0.761859 0.788618 -1.024049
v 0.753253 0.784007 -1.178779
v 0.776940 0.784720 -1.023335
v 0.627889 0.785114 -1.251518
v 0.566311 0.775786 -1.261782
v 0.746207 0.782808 -1.225021
v 0.641464 0.784840 -1.249256
v -0.894176 0.233479 1.872802
v -0.755082 0.233479 2.061572
v -0.755082 0.347735 2.173057
v -0.894176 0.347735 1.991090
v -0.755082 0.476894 2.215930
v -0.894176 0.476894 2.041655
v -0.898150 0.144062 1.688999
v 0.834206 0.392852 -0.585739
v -0.755082 0.824629 2.078769
v -0.894176 0.757069 1.897640
v -0.496764 0.233479 2.170860
v -0.496764 0.347735 2.279167
v -0.177842 0.725276 2.176602
v -0.556376 0.183803 -1.593620
v -0.584990 0.183803 -1.679064
v -0.511866 0.183803 -1.679064
v -0.496764 0.824629 2.171611
v -0.258317 0.233479 2.210602
v -0.258317 0.347735 2.317731
v 0.377541 0.370586 -2.037453
v 0.695470 0.423329 -1.815238
v 0.695470 0.423329 -1.853985
v 0.708029 0.426887 -1.839603
v -0.258317 0.755082 2.183683
v 0.864245 0.497758 -0.566311
v 0.403716 0.591791 -1.847964
v 0.403716 0.585830 -1.847964
v 0.382509 0.566253 -1.884724
v -0.258317 0.824629 2.205263
v -0.242818 0.233479 2.210602
v -0.242818 0.347735 2.317168
v 0.175656 0.725276 2.176529
v 0.825752 0.386483 -0.531538
v -0.242818 0.824629 2.202352
v -0.214404 0.233479 2.210602
v -0.214404 0.347735 2.316342
v -0.214404 0.476894 2.352720
v -0.666676 0.336070 -1.883398
v -0.667770 0.331754 -1.882009
v -0.666676 0.336070 -1.844650
v -0.382509 0.573095 -1.884724
v 0.864245 0.497758 -0.566311
v 0.840400 0.497758 -0.566311
v 0.860973 0.471316 -0.571208
v -0.214404 0.824629 2.198076
v -0.619702 0.689694 -1.618953
v -0.619702 0.695655 -1.618953
v -0.175656 0.347735 2.315902
v -0.863140 0.619451 -1.593620
v 0.067163 0.755082 2.174567
v 0.067163 0.824629 2.194932
v 0.195155 0.370586 -2.025327
v -0.819661 0.686683 -1.528047
v -0.660697 0.359657 -1.846724
v -0.670014 0.396418 -1.877262
v -0.660697 0.359657 -1.885471
v -0.806068 0.635797 -0.248382
v -0.807894 0.633871 -0.258317
v -0.829912 0.635797 -0.248382
v -0.070243 0.357728 -2.044419
v 0.457023 0.276201 -2.012568
v -0.129159 0.347735 2.315899
v -0.077216 0.725276 2.175885
v 0.129159 0.824629 2.195786
v -0.817214 0.645794 -0.288123
v -0.841059 0.645794 -0.288123
v -0.695470 0.295986 -1.810924
v 0.000000 0.725276 2.175541
v 0.067163 0.725276 2.175805
v 0.258317 0.233479 2.210602
v -0.858922 0.589163 -0.447088
v -0.921813 0.699998 0.846487
v 0.197712 0.585188 2.182936
v -0.682215 0.339290 -1.834893
v -0.679764 0.312590 -1.832684
v -0.695470 0.295986 -1.810924
v 0.175656 0.233479 2.210602
v 0.019374 0.439066 -2.101313
v -0.037060 0.260305 -2.124027
v 0.037060 0.260305 -2.124027
v 0.819661 0.680180 -1.528047
v 0.119105 0.725276 2.176437
v -0.195286 0.353855 -2.029516
v 0.446459 0.613767 -1.786833
v 0.446459 0.607806 -1.786833
v 0.427217 0.606990 -1.807229
v -0.420747 0.358895 -2.024534
v -0.061527 0.260305 -2.049604
v -0.858922 0.589163 -0.447088
v -0.840400 0.497758 -0.566311
v -0.835077 0.589163 -0.447088
v -0.382509 0.573095 -1.884724
v -0.197712 0.650455 2.180267
v -0.197712 0.703418 2.178349
v 0.175656 0.824629 2.195802
v -0.824726 0.574260 -0.397412
v -0.397795 0.365106 -1.957397
v 0.214404 0.233479 2.210602
v 0.214404 0.347735 2.316342
v 0.830476 0.675605 -1.540214
v -0.830476 0.669643 -1.540214
v 0.074236 0.260305 -2.050486
v 0.852600 0.479874 -0.511667
v 0.695470 0.295986 -1.849702
v -0.584195 0.591335 2.120740
v -0.645794 0.594130 2.096882
v 0.443595 0.273132 -2.020893
v 0.387476 0.260305 -1.965028
v 0.443595 0.273132 -1.946379
v 0.659703 0.601864 -1.778417
v -0.831739 0.633871 -0.258317
v 0.242818 0.233479 2.210602
v 0.242818 0.347735 2.317168
v 0.242818 0.476894 2.354481
v -0.828472 0.670632 -0.099353
v -0.827178 0.664671 -0.099353
v 0.793829 0.144062 -1.679064
v 0.242818 0.824629 2.202352
v 0.258317 0.233479 2.210602
v 0.258317 0.347735 2.317731
v 0.258317 0.476894 2.355680
v 0.804627 0.670632 -0.099353
v -0.938885 0.144062 0.784888
v -0.354545 0.260305 -2.051715
v -0.354545 0.260305 -1.977201
v -0.193937 0.260305 -2.035366
v -0.828472 0.670632 -0.099353
v 0.496764 0.233479 2.170860
v 0.496764 0.347735 2.279167
v 0.496764 0.476894 2.318445
v 0.822459 0.288123 -0.539486
v 0.496764 0.755082 2.149315
v -0.886171 0.279430 0.784888
v -0.807894 0.633871 -0.258317
v -0.820375 0.593633 -0.352207
v 0.755082 0.233479 2.061572
v 0.755082 0.347735 2.173057
v 0.755082 0.476894 2.215930
v 0.755082 0.755082 2.054538
v 0.755082 0.824629 2.078769
v 0.894176 0.233479 1.872802
v 0.894176 0.347735 1.991090
v 0.894176 0.476894 2.041655
v -0.461991 0.347735 -1.932594
v 0.894176 0.755082 1.896829
v 0.894176 0.757069 1.897640
v -0.755082 0.839532 2.086410
v -0.496764 0.874305 2.195699
v -0.258317 0.888215 2.235440
v -0.242818 0.895078 2.235440
v -0.214404 0.905428 2.235440
v -0.175656 0.911066 2.235440
v -0.129159 0.911105 2.235440
v -0.067163 0.913247 2.235440
v 0.067163 0.913247 2.235440
v 0.000000 0.914046 2.235440
v 0.129159 0.911105 2.235440
v 0.175656 0.911066 2.235440
v 0.214404 0.905428 2.235440
v 0.242818 0.895078 2.235440
v 0.258317 0.888215 2.235440
v 0.496764 0.874305 2.195699
v 0.755082 0.839532 2.086410
v 0.496764 0.629152 2.150055
v 0.496764 0.629152 2.163474
v 0.486829 0.633871 2.151500
v 0.765017 0.423329 -1.775700
v 0.730244 0.433179 -1.814354
v 0.825003 0.288123 -0.556376
v 0.447748 0.561326 -1.873755
v 0.447748 0.567287 -1.873755
v 0.000000 0.560350 2.210364
v 0.067163 0.560350 2.210540
v 0.183803 0.560350 2.150703
v 0.177842 0.725276 2.176643
v 0.197712 0.703418 2.150703
v 0.197712 0.703418 2.178547
v -0.403716 0.591791 -1.847964
v -0.730244 0.286136 -1.806649
v -0.695470 0.295986 -1.810924
v -0.695470 0.295986 -1.849671
v -0.864245 0.497758 -0.566311
v -0.494777 0.569470 -1.865847
v 0.894176 0.757069 1.897640
v -0.526570 0.614994 2.151778
v -0.496764 0.629152 2.150055
v -0.189923 0.571279 2.183178
v -0.183803 0.560350 2.150703
v -0.197712 0.585188 2.150703
v -0.177842 0.725276 2.150703
v -0.197712 0.703418 2.150703
v -0.197712 0.585188 2.150703
v 0.151414 0.569292 2.151696
v -0.151414 0.720706 2.151696
v -0.151414 0.569292 2.151696
v -0.894176 0.347735 1.991090
v -0.894176 0.536506 1.969460
v -0.894176 0.571279 1.883300
v -0.886244 0.571279 1.897640
v -0.885234 0.547633 1.897640
v -0.886244 0.571279 1.897640
v -0.894176 0.755082 1.896829
v -0.894091 0.755082 1.897640
v -0.894176 0.757069 1.897640
v -0.894176 0.233479 1.872802
v 0.857415 0.233479 1.897640
v 0.894176 0.347735 1.991090
v 0.894176 0.233479 1.872802
v 0.894176 0.476894 2.041655
v 0.894176 0.347735 1.991090
v 0.894176 0.536506 1.969460
v 0.894176 0.476894 2.041655
v 0.886244 0.571279 1.897640
v 0.894176 0.571279 1.883300
v 0.894176 0.536506 1.969460
v 0.886244 0.571279 1.897640
v 0.894176 0.755082 1.896829
v 0.894176 0.571279 1.883300
v 0.894091 0.755082 1.897640
v 0.894176 0.757069 1.897640
v 0.894176 0.755082 1.896829
v 0.894176 0.233479 1.872802
v -0.755082 0.233479 2.061572
v -0.618195 0.183803 1.897640
v -0.496764 0.233479 2.170860
v 0.177842 0.725276 2.150703
v 0.067163 0.725276 2.175805
v 0.000000 0.725276 2.175541
v 0.496764 0.233479 2.170860
v 0.618195 0.183803 1.897640
v 0.755082 0.233479 2.061572
v -0.784587 0.692610 2.034356
v -0.835939 0.635755 1.967193
v -0.807739 0.614001 2.000629
v -0.835939 0.635755 1.967193
v -0.841902 0.640355 1.959625
v -0.810073 0.682415 2.001898
v -0.841902 0.640355 1.959625
v 0.765017 0.295986 -1.767531
v 0.730244 0.286136 -1.767991
v 0.765017 0.295986 -1.728784
v -0.824629 0.676593 1.983701
v -0.842512 0.640826 1.958919
v -0.824629 0.676593 1.968913
v -0.842512 0.640826 1.958919
v -0.824629 0.676593 1.983701
v -0.538654 0.725276 2.145623
v -0.526570 0.726270 2.150108
v -0.538065 0.725694 2.145771
v -0.510884 0.716858 2.157073
v -0.682678 0.614443 2.091435
v -0.526570 0.614994 2.151778
v -0.195155 0.370586 -2.025327
v -0.524914 0.725276 2.150895
v -0.510884 0.716858 2.157073
v -0.496764 0.708386 2.162458
v -0.540728 0.725561 2.144820
v -0.546441 0.725276 2.142786
v -0.725276 0.716334 2.079685
v -0.755082 0.704412 2.070369
v -0.694478 0.614401 2.086856
v -0.486829 0.702425 2.163394
v -0.496764 0.629152 2.163474
v -0.486829 0.633871 2.164338
v -0.486829 0.702425 2.150478
v -0.486829 0.633871 2.151422
v -0.486829 0.702425 2.163394
v -0.486829 0.633871 2.164338
v 0.824726 0.574260 -0.397412
v -0.762796 0.569351 2.050360
v -0.765848 0.571279 2.041881
v -0.755082 0.582058 2.055086
v -0.768991 0.573266 2.038098
v 0.835077 0.589163 -0.447088
v 0.858922 0.589163 -0.447088
v 0.843910 0.638958 -0.307311
v 0.695470 0.295986 -1.810955
v -0.752486 0.583698 2.056062
v -0.357670 0.417282 2.326359
v -0.635858 0.387476 2.238626
v -0.357670 0.387476 2.317475
v -0.911066 0.478199 1.917211
v -0.911066 0.482855 1.887705
v -0.911066 0.455718 1.917211
v 0.496764 0.629152 2.163474
v 0.486829 0.702425 2.163473
v 0.486829 0.633871 2.164416
v 0.486829 0.633871 2.164416
v 0.702244 0.717486 2.089102
v 0.755082 0.614187 2.064529
v 0.725276 0.716334 2.080275
v 0.496764 0.708386 2.162458
v 0.526570 0.614994 2.152368
v 0.526570 0.614994 2.139314
v 0.845161 0.486245 -1.575580
v 0.854183 0.429295 -1.593620
v -0.838291 0.262909 -1.593620
v -0.826379 0.144062 -1.593620
v -0.833252 0.439781 -1.575580
v 0.828668 0.668517 1.983296
v 0.807739 0.614001 2.003174
v 0.842512 0.640826 1.962984
v 0.828668 0.668517 1.968895
v 0.807739 0.614001 1.990258
v 0.787466 0.614072 2.014845
v 0.842512 0.640826 1.962984
v 0.807739 0.614001 2.003174
v 0.755082 0.704412 2.070369
v 0.787466 0.614072 2.027773
v 0.824629 0.676593 1.988375
v 0.074727 0.350755 -2.044419
v 0.525740 0.571279 2.143621
v 0.645794 0.594130 2.097517
v 0.584195 0.591335 2.121298
v 0.842512 0.640826 1.950068
v 0.760599 0.578571 2.048782
v 0.755082 0.582058 2.055086
v 0.635858 0.387476 2.238626
v 0.357670 0.417282 2.326359
v 0.357670 0.387476 2.317475
v 0.911066 0.455718 1.917211
v 0.911066 0.451062 1.887705
v 0.911066 0.478199 1.917211
v -0.790924 0.774148 -0.172273
v -0.813480 0.862383 -0.193406
v -0.768771 0.785881 -0.178503
v -0.799093 0.774148 -0.147768
v -0.835633 0.850649 -0.187176
v -0.785108 0.785881 -0.129491
v -0.843802 0.850649 -0.162670
v -0.762955 0.797615 -0.135721
v -0.829817 0.862383 -0.144394
v -0.799495 0.874117 -0.175129
v -0.807663 0.874117 -0.150624
v -0.754786 0.797615 -0.160226
v -0.972665 0.884241 -0.107301
v -0.958809 0.921475 -0.178835
v -0.985581 0.884241 -0.178835
v -0.949675 0.915855 -0.107301
v -0.894176 0.936898 -0.178835
v -0.838676 0.915855 -0.107301
v -0.894176 0.928949 -0.107301
v -0.815687 0.884241 -0.107301
v -0.829543 0.921475 -0.178835
v -0.829543 0.847006 -0.178835
v -0.802771 0.884241 -0.178835
v -0.838676 0.852627 -0.107301
v -0.894176 0.831584 -0.178835
v -0.949675 0.852627 -0.107301
v -0.894176 0.839532 -0.107301
v -0.958809 0.847006 -0.178835
v -0.958755 0.884241 -0.250369
v -0.939840 0.912342 -0.250369
v -0.848511 0.912342 -0.250369
v -0.894176 0.923982 -0.250369
v -0.829597 0.884241 -0.250369
v -0.848511 0.856140 -0.250369
v -0.939840 0.856140 -0.250369
v -0.894176 0.844499 -0.250369
v -0.838676 0.915855 -0.107301
v -0.894176 0.928949 -0.107301
v -0.838676 0.852627 -0.107301
v 0.785108 0.785881 -0.129491
v 0.843802 0.850649 -0.162670
v 0.829817 0.862383 -0.144394
v 0.799093 0.774148 -0.147768
v 0.835633 0.850649 -0.187176
v 0.768771 0.785881 -0.178503
v 0.790924 0.774148 -0.172273
v 0.754786 0.797615 -0.160226
v 0.813480 0.862383 -0.193406
v 0.762955 0.797615 -0.135721
v 0.799495 0.874117 -0.175129
v 0.807663 0.874117 -0.150624
v 0.972665 0.884241 -0.107301
v 0.958809 0.921475 -0.178835
v 0.949675 0.915855 -0.107301
v 0.894176 0.936898 -0.178835
v 0.894176 0.928949 -0.107301
v 0.838676 0.915855 -0.107301
v 0.829543 0.921475 -0.178835
v 0.815687 0.884241 -0.107301
v 0.829543 0.847006 -0.178835
v 0.838676 0.852627 -0.107301
v 0.894176 0.831584 -0.178835
v 0.894176 0.839532 -0.107301
v 0.949675 0.852627 -0.107301
v 0.958809 0.847006 -0.178835
v 0.958755 0.884241 -0.250369
v 0.985581 0.884241 -0.178835
v 0.939840 0.912342 -0.250369
v 0.848511 0.912342 -0.250369
v 0.829597 0.884241 -0.250369
v 0.802771 0.884241 -0.178835
v 0.848511 0.856140 -0.250369
v 0.939840 0.856140 -0.250369
v 0.838676 0.852627 -0.107301
v 0.894176 0.839532 -0.107301
v 0.838676 0.915855 -0.107301
v 0.894176 0.923982 -0.250369
v -0.816681 0.839000 1.255126
v -0.806498 0.844493 1.236943
v -0.854682 0.821132 1.236943
v -0.649069 0.222550 1.465984
v -0.497546 0.195479 1.668061
v -0.508025 0.219570 1.677210
v -0.637656 0.198460 1.458029
v -0.476350 0.195479 1.650045
v -0.614508 0.198460 1.442598
v -0.465633 0.219570 1.641176
v -0.614191 0.246641 1.443075
v -0.602777 0.222550 1.435121
v -0.637338 0.246641 1.458506
v -0.476112 0.243661 1.650325
v -0.497309 0.243661 1.668341
v -0.307284 0.218576 1.868132
v -0.297767 0.194484 1.857987
v -0.278606 0.194484 1.837820
v -0.278480 0.242668 1.837940
v -0.268963 0.218576 1.827795
v -0.297640 0.242668 1.858108
v -0.124829 0.202879 1.937063
v -0.134126 0.228512 2.205634
v -0.134126 0.231492 1.937381
v -0.100487 0.185195 1.936866
v -0.124829 0.199908 2.206441
v -0.070399 0.185195 1.936866
v -0.100487 0.182230 2.206939
v -0.046058 0.199908 2.206441
v -0.070399 0.182230 2.206939
v -0.046058 0.202879 1.937063
v -0.036761 0.228512 2.205634
v -0.036761 0.231492 1.937381
v -0.046058 0.257115 2.204827
v -0.046058 0.260106 1.937699
v -0.070399 0.274793 2.204328
v -0.100487 0.277790 1.937896
v -0.070399 0.277790 1.937896
v -0.124829 0.260106 1.937699
v -0.100487 0.274793 2.204328
v -0.124829 0.257115 2.204827
v -0.124829 0.213999 2.328174
v -0.134126 0.242421 2.324857
v -0.100487 0.196433 2.330222
v -0.070399 0.196433 2.330222
v -0.046058 0.213999 2.328174
v -0.036761 0.242421 2.324857
v -0.046058 0.270843 2.321541
v -0.070399 0.288409 2.319492
v -0.124829 0.270843 2.321541
v -0.100487 0.288409 2.319492
v -0.115377 0.220820 2.319430
v -0.122442 0.242421 2.316909
v -0.096877 0.207470 2.320987
v -0.074010 0.207470 2.320987
v -0.055510 0.220820 2.319430
v -0.048444 0.242421 2.316909
v -0.055510 0.264022 2.314389
v -0.074010 0.277372 2.312832
v -0.115377 0.264022 2.314389
v -0.096877 0.277372 2.312832
v -0.074010 0.207470 2.320987
v -0.074010 0.277372 2.312832
v -0.115377 0.264022 2.314389
v 0.614508 0.198460 1.442598
v 0.465633 0.219570 1.641176
v 0.602777 0.222550 1.435121
v 0.637656 0.198460 1.458029
v 0.476350 0.195479 1.650045
v 0.649069 0.222550 1.465984
v 0.497546 0.195479 1.668061
v 0.497309 0.243661 1.668341
v 0.508025 0.219570 1.677210
v 0.637338 0.246641 1.458506
v 0.476112 0.243661 1.650325
v 0.614191 0.246641 1.443075
v 0.278606 0.194484 1.837820
v 0.268963 0.218576 1.827795
v 0.297767 0.194484 1.857987
v 0.307284 0.218576 1.868132
v 0.297640 0.242668 1.858108
v 0.278480 0.242668 1.837940
v 0.046058 0.202879 1.937063
v 0.036761 0.228512 2.205634
v 0.036761 0.231492 1.937381
v 0.070399 0.185195 1.936866
v 0.046058 0.199908 2.206441
v 0.100487 0.185195 1.936866
v 0.070399 0.182230 2.206939
v 0.124829 0.199908 2.206441
v 0.100487 0.182230 2.206939
v 0.124829 0.202879 1.937063
v 0.134126 0.228512 2.205634
v 0.134126 0.231492 1.937381
v 0.124829 0.257115 2.204827
v 0.124829 0.260106 1.937699
v 0.100487 0.274793 2.204328
v 0.070399 0.277790 1.937896
v 0.100487 0.277790 1.937896
v 0.046058 0.260106 1.937699
v 0.070399 0.274793 2.204328
v 0.046058 0.257115 2.204827
v 0.046058 0.213999 2.328174
v 0.036761 0.242421 2.324857
v 0.070399 0.196433 2.330222
v 0.100487 0.196433 2.330222
v 0.124829 0.213999 2.328174
v 0.134126 0.242421 2.324857
v 0.124829 0.270843 2.321541
v 0.100487 0.288409 2.319492
v 0.046058 0.270843 2.321541
v 0.070399 0.288409 2.319492
v 0.055510 0.220820 2.319430
v 0.048444 0.242421 2.316909
v 0.074010 0.207470 2.320987
v 0.096877 0.207470 2.320987
v 0.115377 0.220820 2.319430
v 0.122442 0.242421 2.316909
v 0.115377 0.264022 2.314389
v 0.096877 0.277372 2.312832
v 0.055510 0.264022 2.314389
v 0.074010 0.277372 2.312832
v 0.096877 0.207470 2.320987
v 0.096877 0.277372 2.312832
v 0.055510 0.264022 2.314389
v -0.347735 0.179829 1.778417
v 0.347735 0.179829 2.026799
v -0.347735 0.179829 2.026799
v 0.347735 0.267259 2.026799
v -0.347735 0.267259 1.778417
v -0.347735 0.267259 2.026799
v 0.347735 0.179829 1.778417
v 0.347735 0.267259 1.778417
v 0.670014 0.396418 -1.838406
v 0.665342 0.341330 -1.883726
v 0.444880 0.290110 -1.948155
v 0.702244 0.717486 2.089102
v -0.197712 0.585188 2.182882
v -0.197712 0.585188 2.150703
v -0.840400 0.497758 -0.566311
v 0.730244 0.433179 -1.775607
v 0.765017 0.423329 -1.736953
v 0.790473 0.396418 -1.709526
v 0.695470 0.423329 -1.815238
v 0.798529 0.364634 -1.702119
v -0.387476 0.260305 -2.039690
v -0.443595 0.273132 -2.020893
v -0.387476 0.260305 -1.965175
v 0.807894 0.633871 -0.258317
v 0.831739 0.633871 -0.258317
v 0.848571 0.574260 -0.397412
v -0.784587 0.692610 2.034356
v -0.810073 0.682415 2.001898
v -0.799791 0.359657 -1.738422
v -0.695470 0.295986 -1.849671
v -0.730244 0.286136 -1.806649
v -0.765017 0.295986 -1.728690
v -0.790473 0.322897 -1.703705
v 0.787466 0.614072 2.027773
v 0.558045 0.614883 2.140882
v 0.526570 0.614994 2.152368
v -0.443595 0.273132 -1.946379
v -0.037356 0.370586 -2.043155
v 0.708029 0.426887 -1.839603
v -0.193937 0.260305 -2.035366
v 0.820066 0.638958 -0.307311
v 0.817214 0.645794 -0.288123
v -0.070009 0.283006 -2.052475
v -0.061816 0.287341 -2.052475
v -0.061816 0.287341 -2.052475
v -0.682678 0.614443 2.091435
v -0.694478 0.614401 2.086856
v -0.197712 0.703418 2.178349
v -0.197712 0.703418 2.150703
v 0.798797 0.630652 -1.653232
v -0.858007 0.390457 -0.586182
v -0.849596 0.386483 -0.531538
v -0.846304 0.288123 -0.539486
v 0.828755 0.479874 -0.511667
v 0.840400 0.497758 -0.566311
v 0.074236 0.260305 -2.050486
v -0.062023 0.363878 -2.044419
v 0.443595 0.273132 -1.946379
v 0.806068 0.635797 -0.248382
v 0.803334 0.664671 -0.099353
v 0.827178 0.664671 -0.099353
v 0.457796 0.287333 -2.013779
v 0.457023 0.276201 -2.012568
v 0.457796 0.287333 -1.939264
v 0.457023 0.276201 -1.938054
v 0.461991 0.347735 -1.932433
v 0.670014 0.322897 -1.840570
v 0.670014 0.322897 -1.879317
v 0.666676 0.336070 -1.844650
v 0.666676 0.336070 -1.883398
v 0.660697 0.359657 -1.885296
v 0.061816 0.287341 -2.052475
v 0.790473 0.322897 -1.742509
v 0.765017 0.295986 -1.767531
v 0.695470 0.295986 -1.849702
v -0.144062 0.732665 -1.410811
v -0.062007 0.370586 -2.117319
v -0.050801 0.370586 -2.117372
v -0.038338 0.370586 -2.117643
v -0.037356 0.370586 -2.117670
v -0.037356 0.370586 -2.043155
v 0.037356 0.370586 -2.117670
v -0.070208 0.370586 -2.115763
v -0.071122 0.370586 -2.115310
v -0.038338 0.370586 -2.043128
v 0.049638 0.370586 -2.117404
v 0.037356 0.370586 -2.043155
v 0.050801 0.370586 -2.117372
v 0.049638 0.370586 -2.042889
v 0.062007 0.370586 -2.117319
v 0.050801 0.370586 -2.042857
v 0.068883 0.370586 -2.116078
v 0.074667 0.370586 -2.113906
v 0.070208 0.370586 -2.115763
v 0.073543 0.370586 -2.114480
v 0.195155 0.370586 -2.099842
v 0.074667 0.370586 -2.039392
v 0.377541 0.370586 -2.037453
v 0.195155 0.370586 -2.025327
v 0.062007 0.370586 -2.042804
v 0.377541 0.370586 -1.962939
v 0.073543 0.370586 -2.039965
v -0.242640 0.370586 -2.083741
v -0.195155 0.370586 -2.099842
v -0.195155 0.370586 -2.025327
v -0.074667 0.370586 -2.113906
v -0.074667 0.370586 -2.039392
v 0.070208 0.370586 -2.041249
v -0.070208 0.370586 -2.041249
v -0.377541 0.370586 -1.963005
v -0.377541 0.370586 -2.037520
v -0.242640 0.370586 -2.009226
v 0.068883 0.370586 -2.041565
v -0.071122 0.370586 -2.040796
v -0.062847 0.370586 -2.042610
v 0.197712 0.585188 2.182936
v 0.197712 0.703418 2.178547
v -0.834163 0.390457 -0.586182
v -0.825003 0.288123 -0.556376
v -0.822459 0.288123 -0.539486
v -0.071161 0.104321 -2.086410
v -0.767476 0.420729 -1.773551
v -0.765017 0.423329 -1.776161
v -0.765017 0.423329 -1.737414
v 0.066891 0.104321 -2.086410
v -0.066891 0.104321 -2.086410
v 0.048390 0.104321 -2.086410
v -0.506700 0.322897 -1.989453
v 0.506700 0.322897 -1.988967
v -0.821642 0.411718 -1.679064
v -0.832956 0.483272 -1.696684
v -0.830178 0.371530 -1.704740
v -0.821642 0.411718 -1.679064
v -0.819200 0.259788 -1.696612
v -0.806175 0.259788 -1.679064
v -0.817551 0.371530 -1.679064
v -0.805748 0.255585 -1.679064
v -0.819200 0.259788 -1.696612
v -0.806362 0.177196 -1.681281
v -0.805748 0.255585 -1.679064
v -0.806362 0.177196 -1.681281
v -0.793214 0.104321 -1.664161
v -0.793829 0.144062 -1.679064
v 0.830178 0.371530 -1.704740
v 0.832956 0.483272 -1.696684
v 0.821642 0.411718 -1.679064
v 0.821642 0.411718 -1.679064
v 0.817551 0.371530 -1.679064
v 0.806175 0.259788 -1.679064
v 0.819200 0.259788 -1.696612
v 0.806362 0.177196 -1.681281
v 0.819200 0.259788 -1.696612
v 0.805748 0.255585 -1.679064
v 0.805748 0.255585 -1.679064
v 0.793829 0.144062 -1.679064
v -0.856422 0.425209 -1.701445
v -0.856422 0.437153 -1.714831
v -0.856422 0.449096 -1.701445
v -0.856422 0.454043 -1.669128
v -0.856422 0.437153 -1.623426
v -0.566311 0.774962 -1.261782
v 0.856422 0.425209 -1.701445
v 0.856422 0.437153 -1.714831
v 0.856422 0.449096 -1.701445
v 0.856422 0.454043 -1.669128
v 0.856422 0.437153 -1.623426
v 0.745147 0.781770 -1.231976
v -0.183176 0.719408 2.177016
v 0.556376 0.183803 1.603555
v 0.835558 0.183803 1.688999
v 0.706509 0.183803 1.897640
v 0.794823 0.183803 1.897640
v 0.771972 0.183803 0.476894
v 0.814694 0.183803 0.784888
v 0.556376 0.183803 0.846487
v 0.618195 0.183803 1.897640
v 0.739185 0.183803 0.218576
v 0.529882 0.183803 1.897640
v 0.725276 0.183803 0.000000
v -0.739185 0.183803 0.218576
v -0.556376 0.183803 0.846487
v -0.556376 0.183803 1.603555
v -0.529882 0.183803 1.897640
v 0.744153 0.183803 -0.248382
v -0.725276 0.183803 0.000000
v 0.808732 0.183803 -0.745147
v 0.778927 0.183803 -0.476894
v 0.556376 0.183803 -0.856422
v -0.618195 0.183803 1.897640
v -0.744153 0.183803 -0.248382
v -0.706509 0.183803 1.897640
v -0.794823 0.183803 1.897640
v -0.835558 0.183803 1.688999
v 0.556376 0.183803 -1.593620
v 0.438742 0.183803 -1.679064
v 0.511866 0.183803 -1.679064
v 0.658113 0.183803 -1.679064
v 0.731237 0.183803 -1.679064
v 0.584990 0.183803 -1.679064
v -0.556376 0.183803 -0.856422
v -0.814694 0.183803 0.784888
v -0.771972 0.183803 0.476894
v -0.438742 0.183803 -1.679064
v -0.778927 0.183803 -0.476894
v -0.808732 0.183803 -0.745147
v -0.731237 0.183803 -1.679064
v -0.658113 0.183803 -1.679064
v 0.730244 0.433179 -1.814354
v 0.730244 0.433179 -1.775607
v 0.708029 0.426887 -1.800855
v 0.427217 0.601029 -1.807229
v 0.382509 0.560292 -1.884724
v 0.822459 0.288123 -0.539486
v 0.825003 0.288123 -0.556376
v 0.834163 0.390457 -0.586182
v -0.660697 0.359657 -1.846724
v -0.660697 0.359657 -1.885471
v -0.670014 0.322897 -1.879277
v -0.670014 0.322897 -1.840529
v -0.667770 0.331754 -1.843261
v 0.837129 0.471316 -0.571208
v 0.834206 0.392852 -0.585739
v 0.858050 0.392852 -0.585739
v 0.834163 0.390457 -0.586182
v 0.858007 0.390457 -0.586182
v -0.889957 0.643587 -1.523224
v -0.798797 0.631248 -1.653232
v -0.870012 0.625636 -1.575580
v -0.670014 0.396418 -1.838514
v -0.831739 0.633871 -0.258317
v -0.827178 0.664671 -0.099353
v -0.803334 0.664671 -0.099353
v -0.864245 0.497758 -0.566311
v -0.730244 0.286136 -1.767900
v -0.765017 0.295986 -1.728690
v -0.798529 0.364634 -1.702119
v -0.790473 0.322897 -1.703705
v -0.799791 0.359657 -1.699674
v 0.000000 0.439140 -2.101313
v -0.019374 0.439066 -2.101313
v 0.382509 0.560292 -1.884724
v 0.050407 0.260305 -2.124105
v -0.050407 0.260305 -2.124105
v 0.548128 0.675654 -1.679064
v 0.548128 0.669693 -1.679064
v 0.558832 0.679508 -1.667718
v 0.558832 0.673547 -1.667718
v 0.571112 0.685354 -1.654700
v 0.571112 0.679393 -1.654700
v -0.061816 0.287341 -2.052475
v -0.864245 0.497758 -0.566311
v -0.830476 0.675605 -1.540214
v -0.707392 0.591335 2.073100
v -0.732987 0.587001 2.063262
v -0.522596 0.573266 2.144809
v -0.539102 0.583698 2.138283
v 0.457023 0.276201 -1.938054
v 0.457023 0.276201 -2.012568
v 0.387476 0.260305 -2.039543
v -0.069728 0.260305 -2.124520
v -0.073104 0.260305 -2.124920
v -0.074236 0.260305 -2.050486
v -0.074236 0.260305 -2.125001
v -0.193937 0.260305 -2.109881
v -0.387476 0.260305 -2.039690
v -0.387476 0.260305 -1.965175
v -0.061527 0.260305 -2.124119
v -0.067176 0.260305 -2.124435
v -0.067176 0.260305 -2.049920
v -0.037060 0.260305 -2.124027
v -0.050407 0.260305 -2.124105
v -0.045679 0.260305 -2.049571
v -0.061527 0.260305 -2.049604
v 0.061527 0.260305 -2.124119
v 0.050407 0.260305 -2.124105
v 0.061527 0.260305 -2.049604
v 0.037060 0.260305 -2.124027
v 0.050407 0.260305 -2.049590
v 0.193937 0.260305 -2.109881
v 0.074236 0.260305 -2.125001
v 0.074236 0.260305 -2.050486
v 0.071028 0.260305 -2.124612
v 0.193937 0.260305 -2.035366
v 0.387476 0.260305 -1.965028
v 0.387476 0.260305 -2.039543
v 0.266548 0.260305 -2.008866
v 0.266548 0.260305 -2.083380
v 0.069728 0.260305 -2.124520
v 0.064301 0.260305 -2.124210
v 0.064301 0.260305 -2.049696
v 0.071028 0.260305 -2.050097
v 0.069728 0.260305 -2.050006
v -0.037060 0.260305 -2.049513
v 0.037060 0.260305 -2.049513
v -0.073104 0.260305 -2.050405
v -0.069728 0.260305 -2.050006
v 0.790473 0.396418 -1.748274
v 0.175656 0.560350 2.211021
v 0.183803 0.560350 2.211294
v -0.183803 0.560350 2.150703
v -0.183803 0.560350 2.211266
v -0.175656 0.560350 2.211021
v -0.129159 0.560350 2.211013
v -0.067163 0.560350 2.210540
v 0.129159 0.560350 2.211013
v 0.177842 0.725276 2.150703
v -0.403716 0.585830 -1.847964
v -0.730244 0.286136 -1.767900
v -0.496764 0.629152 2.163474
v -0.197712 0.585188 2.182882
v -0.183803 0.560350 2.211266
v -0.183803 0.560350 2.150703
v 0.183803 0.560350 2.150703
v 0.197712 0.585188 2.150703
v 0.177842 0.725276 2.150703
v 0.197712 0.703418 2.150703
v 0.151414 0.720706 2.151696
v -0.857415 0.233479 1.897640
v -0.894176 0.233479 1.872802
v -0.894176 0.347735 1.991090
v -0.894176 0.347735 1.991090
v -0.894176 0.476894 2.041655
v -0.894176 0.476894 2.041655
v -0.885234 0.547633 1.897640
v -0.894176 0.536506 1.969460
v -0.894176 0.571279 1.883300
v -0.894176 0.755082 1.896829
v 0.894176 0.347735 1.991090
v 0.886244 0.571279 1.897640
v -0.706509 0.183803 1.897640
v 0.175656 0.725276 2.176529
v 0.129159 0.725276 2.176517
v 0.119105 0.725276 2.176437
v 0.177842 0.725276 2.176643
v -0.177842 0.725276 2.176602
v -0.177842 0.725276 2.150703
v -0.175656 0.725276 2.176529
v -0.129159 0.725276 2.176517
v -0.077216 0.725276 2.175885
v 0.706509 0.183803 1.897640
v -0.755082 0.614187 2.064529
v -0.842512 0.640826 1.946003
v 0.730244 0.286136 -1.806739
v -0.496764 0.708386 2.162458
v -0.524914 0.725276 2.150895
v 0.841059 0.645794 -0.288123
v 0.820066 0.638958 -0.307311
v 0.817214 0.645794 -0.288123
v -0.655729 0.417282 2.240115
v -0.911066 0.478199 1.858198
v -0.911066 0.466959 1.845976
v -0.911066 0.455718 1.858198
v -0.911066 0.451062 1.887705
v -0.911066 0.466959 1.929433
v 0.558045 0.614883 2.140882
v 0.526570 0.726270 2.150698
v 0.539102 0.562834 2.160116
v 0.584195 0.555197 2.162268
v 0.522596 0.573266 2.144864
v 0.539102 0.583698 2.138628
v 0.752486 0.583698 2.056114
v 0.707392 0.591335 2.073658
v 0.828668 0.668517 1.983296
v 0.768991 0.573266 2.038215
v 0.655729 0.417282 2.240115
v 0.911066 0.455718 1.858198
v 0.911066 0.466959 1.845976
v 0.911066 0.478199 1.858198
v 0.911066 0.482855 1.887705
v 0.911066 0.466959 1.929433
v -0.949675 0.915855 -0.107301
v -0.972665 0.884241 -0.107301
v -0.949675 0.852627 -0.107301
v -0.894176 0.839532 -0.107301
v -0.815687 0.884241 -0.107301
v 0.894176 0.844499 -0.250369
v 0.949675 0.852627 -0.107301
v 0.972665 0.884241 -0.107301
v 0.949675 0.915855 -0.107301
v 0.894176 0.928949 -0.107301
v 0.815687 0.884241 -0.107301
v -0.802771 0.844937 1.212105
v -0.806498 0.839808 1.187267
v -0.858409 0.817962 1.212105
v -0.816681 0.832440 1.169084
v -0.854682 0.816447 1.187267
v -0.830590 0.824806 1.162429
v -0.844499 0.818952 1.169084
v -0.844499 0.825513 1.255126
v -0.830590 0.832054 1.261782
v -0.122442 0.242421 2.316909
v -0.115377 0.220820 2.319430
v -0.096877 0.207470 2.320987
v -0.055510 0.220820 2.319430
v -0.048444 0.242421 2.316909
v -0.055510 0.264022 2.314389
v -0.096877 0.277372 2.312832
v 0.048444 0.242421 2.316909
v 0.055510 0.220820 2.319430
v 0.074010 0.207470 2.320987
v 0.115377 0.220820 2.319430
v 0.122442 0.242421 2.316909
v 0.115377 0.264022 2.314389
v 0.074010 0.277372 2.312832
vt 0.092478 0.523438
vt 0.094370 0.523438
vt 0.066998 0.527699
vt 0.063358 0.527699
vt 0.097840 0.523438
vt 0.073671 0.527699
vt 0.102572 0.523438
vt 0.082771 0.527699
vt 0.031778 0.920810
vt 0.034583 0.928599
vt 0.025350 0.927204
vt 0.192268 0.941965
vt 0.190961 0.943182
vt 0.174740 0.943182
vt 0.108250 0.523438
vt 0.115821 0.523438
vt 0.108250 0.527699
vt 0.093691 0.527699
vt 0.124023 0.523438
vt 0.124023 0.527699
vt 0.132225 0.523438
vt 0.139796 0.527699
vt 0.139796 0.523438
vt 0.154356 0.527699
vt 0.084657 0.211242
vt 0.108357 0.209045
vt 0.084785 0.159074
vt 0.011909 0.906709
vt 0.011065 0.894496
vt 0.019553 0.920810
vt 0.145475 0.523438
vt 0.150207 0.523438
vt 0.174376 0.527699
vt 0.165276 0.527699
vt 0.153677 0.523438
vt 0.181049 0.527699
vt 0.155569 0.523438
vt 0.184689 0.527699
vt 0.037345 0.539418
vt 0.031812 0.539418
vt 0.047488 0.539418
vt 0.061320 0.539418
vt 0.077918 0.539418
vt 0.100049 0.539418
vt 0.344370 0.728401
vt 0.347840 0.721645
vt 0.347840 0.728401
vt 0.238999 0.655641
vt 0.237709 0.664620
vt 0.219268 0.651591
vt 0.147998 0.539418
vt 0.124023 0.539418
vt 0.170129 0.539418
vt 0.186727 0.539418
vt 0.200559 0.539418
vt 0.210702 0.539418
vt 0.216235 0.539418
vt 0.028779 0.564965
vt 0.014826 0.559659
vt 0.045765 0.571378
vt 0.048799 0.571378
vt 0.065348 0.566789
vt 0.092429 0.561726
vt 0.344370 0.721645
vt 0.124023 0.559659
vt 0.302413 0.606985
vt 0.339840 0.628097
vt 0.330453 0.595460
vt 0.341111 0.628147
vt 0.182699 0.566789
vt 0.009048 0.655641
vt 0.008881 0.654474
vt 0.028779 0.678977
vt 0.199248 0.571378
vt 0.202282 0.571378
vt 0.219268 0.564965
vt 0.233221 0.559659
vt 0.028779 0.582031
vt 0.009851 0.582031
vt 0.039699 0.582031
vt 0.042732 0.582031
vt 0.396394 0.386098
vt 0.405222 0.385703
vt 0.402698 0.408131
vt 0.393157 0.407077
vt 0.419669 0.385266
vt 0.418310 0.409293
vt 0.436523 0.385088
vt 0.436523 0.409768
vt 0.453378 0.385266
vt 0.454737 0.409293
vt 0.467825 0.385703
vt 0.470349 0.408131
vt 0.476653 0.386098
vt 0.479890 0.407077
vt 0.208348 0.582031
vt 0.205315 0.582031
vt 0.219268 0.582031
vt 0.238195 0.582031
vt 0.028779 0.607599
vt 0.008567 0.598945
vt 0.009005 0.593180
vt 0.041519 0.607599
vt 0.044552 0.607599
vt 0.403455 0.430682
vt 0.394128 0.427972
vt 0.130332 0.144915
vt 0.130367 0.164799
vt 0.133003 0.164191
vt 0.418717 0.433671
vt 0.436523 0.434892
vt 0.313183 0.613100
vt 0.299576 0.599945
vt 0.454329 0.433671
vt 0.469592 0.430682
vt 0.478919 0.427972
vt 0.206528 0.607599
vt 0.203495 0.607599
vt 0.219268 0.607599
vt 0.239480 0.598945
vt 0.240137 0.607599
vt 0.007910 0.607599
vt 0.028779 0.631783
vt 0.007677 0.619240
vt 0.007904 0.607925
vt 0.045159 0.631783
vt 0.048192 0.631783
vt 0.404970 0.448987
vt 0.396070 0.444711
vt 0.419533 0.453704
vt 0.436523 0.455630
vt 0.453514 0.453704
vt 0.468077 0.448987
vt 0.476977 0.444711
vt 0.202888 0.631783
vt 0.199855 0.631783
vt 0.219268 0.631783
vt 0.240143 0.607925
vt 0.240370 0.619240
vt 0.240622 0.631783
vt 0.007425 0.631783
vt 0.028779 0.651591
vt 0.008230 0.644325
vt 0.045765 0.649148
vt 0.048799 0.649148
vt 0.064875 0.631783
vt 0.065348 0.651234
vt 0.092174 0.631783
vt 0.092429 0.653535
vt 0.124023 0.631783
vt 0.124023 0.654474
vt 0.155873 0.631783
vt 0.155618 0.653535
vt 0.183172 0.631783
vt 0.182699 0.651234
vt 0.199248 0.649148
vt 0.202282 0.649148
vt 0.239817 0.644325
vt 0.239166 0.654474
vt 0.010338 0.664620
vt 0.385714 0.356429
vt 0.394775 0.451278
vt 0.396070 0.445056
vt 0.385714 0.336664
vt 0.051225 0.678977
vt 0.048192 0.678977
vt 0.067241 0.678977
vt 0.093448 0.678977
vt 0.124023 0.678977
vt 0.154599 0.678977
vt 0.180806 0.678977
vt 0.196822 0.678977
vt 0.199855 0.678977
vt 0.478271 0.451278
vt 0.487333 0.356429
vt 0.487333 0.336664
vt 0.476977 0.445056
vt 0.236881 0.670386
vt 0.236596 0.672372
vt 0.235647 0.678977
vt 0.219268 0.678977
vt 0.012399 0.678977
vt 0.028779 0.712003
vt 0.017617 0.712003
vt 0.396199 0.441807
vt 0.385714 0.323586
vt 0.051468 0.712003
vt 0.048435 0.712003
vt 0.454058 0.410861
vt 0.466815 0.438697
vt 0.469087 0.404416
vt 0.094654 0.894496
vt 0.067544 0.894496
vt 0.068575 0.843040
vt 0.380227 0.880205
vt 0.381576 0.893932
vt 0.381596 0.880205
vt 0.362739 0.606750
vt 0.359849 0.609830
vt 0.365419 0.598910
vt 0.069823 0.407942
vt 0.069823 0.403222
vt 0.063538 0.407433
vt 0.460938 0.265625
vt 0.148287 0.376377
vt 0.143242 0.385711
vt 0.142708 0.349251
vt 0.154987 0.303376
vt 0.157923 0.328324
vt 0.154987 0.347177
vt 0.366691 0.835547
vt 0.366574 0.847224
vt 0.367920 0.847242
vt 0.476562 0.296875
vt 0.133036 0.218499
vt 0.481934 0.140401
vt 0.467773 0.132812
vt 0.495580 0.193287
vt 0.199612 0.712003
vt 0.196579 0.712003
vt 0.487333 0.323586
vt 0.476848 0.441807
vt 0.230430 0.712003
vt 0.496094 0.189453
vt 0.492300 0.161133
vt 0.028779 0.741432
vt 0.021621 0.739702
vt 0.396070 0.424375
vt 0.385714 0.315459
vt 0.051225 0.746094
vt 0.048192 0.746094
vt 0.067430 0.712003
vt 0.067241 0.743591
vt 0.093550 0.712003
vt 0.093448 0.740829
vt 0.124023 0.712003
vt 0.124023 0.739702
vt 0.154497 0.712003
vt 0.154599 0.740829
vt 0.180617 0.712003
vt 0.180806 0.743591
vt 0.196822 0.746094
vt 0.199855 0.746094
vt 0.487333 0.315459
vt 0.476977 0.424375
vt 0.219268 0.795035
vt 0.234920 0.843040
vt 0.228266 0.843040
vt 0.219268 0.712003
vt 0.226426 0.739702
vt 0.219268 0.741432
vt 0.029361 0.763139
vt 0.126389 0.988459
vt 0.124023 0.988459
vt 0.124023 0.986861
vt 0.393157 0.392224
vt 0.386024 0.331902
vt 0.045765 0.763139
vt 0.042732 0.763139
vt 0.397688 0.428864
vt 0.406232 0.438697
vt 0.403960 0.404416
vt 0.394775 0.398574
vt 0.095190 0.843040
vt 0.179593 0.920810
vt 0.152920 0.920810
vt 0.153393 0.894496
vt 0.073307 0.943182
vt 0.062140 0.947886
vt 0.057086 0.943182
vt 0.161437 0.211242
vt 0.137725 0.223104
vt 0.161411 0.223104
vt 0.130206 0.986861
vt 0.128573 0.988459
vt 0.475359 0.428864
vt 0.478271 0.398574
vt 0.205315 0.763139
vt 0.202282 0.763139
vt 0.487022 0.331902
vt 0.479890 0.392224
vt 0.224728 0.763139
vt 0.218685 0.763139
vt 0.011166 0.670386
vt 0.023319 0.763139
vt 0.028779 0.784734
vt 0.021014 0.789773
vt 0.390394 0.362700
vt 0.385714 0.331645
vt 0.040586 0.779119
vt 0.037552 0.779119
vt 0.401805 0.374486
vt 0.392012 0.373179
vt 0.418989 0.410861
vt 0.417829 0.375927
vt 0.436523 0.413492
vt 0.436523 0.376515
vt 0.455218 0.375927
vt 0.471242 0.374486
vt 0.481035 0.373179
vt 0.210494 0.779119
vt 0.068454 0.920810
vt 0.095127 0.920810
vt 0.487333 0.331645
vt 0.482653 0.362700
vt 0.227033 0.789773
vt 0.219268 0.784734
vt 0.132956 0.144915
vt 0.453613 0.140401
vt 0.447218 0.153192
vt 0.448216 0.173762
vt 0.034846 0.785511
vt 0.028779 0.795035
vt 0.037879 0.785511
vt 0.400678 0.355430
vt 0.390568 0.358296
vt 0.417222 0.352268
vt 0.436523 0.350977
vt 0.455825 0.352268
vt 0.472369 0.355430
vt 0.482479 0.358296
vt 0.017842 0.894496
vt 0.011554 0.882282
vt 0.011996 0.871264
vt 0.207461 0.779119
vt 0.213201 0.785511
vt 0.210168 0.785511
vt 0.231280 0.814276
vt 0.016767 0.814276
vt 0.019781 0.843040
vt 0.013127 0.843040
vt 0.031980 0.843040
vt 0.048614 0.843040
vt 0.056831 0.796775
vt 0.087843 0.809202
vt 0.124023 0.814276
vt 0.124023 0.843040
vt 0.160204 0.809202
vt 0.152856 0.843040
vt 0.191216 0.796775
vt 0.179471 0.843040
vt 0.199433 0.843040
vt 0.216067 0.843040
vt 0.389796 0.726278
vt 0.382225 0.726278
vt 0.395475 0.721645
vt 0.012346 0.862520
vt 0.012572 0.856906
vt 0.030268 0.894496
vt 0.047212 0.894496
vt 0.161309 0.159074
vt 0.137737 0.209045
vt 0.381356 0.835547
vt 0.380031 0.835556
vt 0.380126 0.847242
vt 0.381473 0.847224
vt 0.400207 0.721645
vt 0.395475 0.710064
vt 0.180503 0.894496
vt 0.108406 0.157524
vt 0.200835 0.894496
vt 0.217779 0.894496
vt 0.230205 0.894496
vt 0.374023 0.726278
vt 0.352572 0.721645
vt 0.236982 0.894496
vt 0.012672 0.917727
vt 0.048449 0.920810
vt 0.389796 0.710064
vt 0.395475 0.684972
vt 0.124023 0.894496
vt 0.124023 0.914418
vt 0.106431 0.914418
vt 0.320413 0.847557
vt 0.319851 0.860089
vt 0.326705 0.857441
vt 0.135240 0.218348
vt 0.441345 0.175334
vt 0.439453 0.189453
vt 0.047083 0.367953
vt 0.047083 0.379803
vt 0.044193 0.361314
vt 0.292201 0.885537
vt 0.318022 0.865333
vt 0.293339 0.877949
vt 0.302413 0.606995
vt 0.997070 0.005859
vt 0.165700 0.961293
vt 0.173326 0.961293
vt 0.170736 0.965234
vt 0.141010 0.920810
vt 0.141616 0.914418
vt 0.344370 0.710064
vt 0.342478 0.710064
vt 0.069823 0.413336
vt 0.063538 0.412030
vt 0.235700 0.862520
vt 0.236051 0.871264
vt 0.365822 0.726278
vt 0.358250 0.726278
vt 0.199598 0.920810
vt 0.216269 0.920810
vt 0.228494 0.920810
vt 0.236137 0.906709
vt 0.235375 0.917727
vt 0.235162 0.920810
vt 0.354353 0.569126
vt 0.356429 0.568170
vt 0.358953 0.570006
vt 0.342478 0.721645
vt 0.313358 0.710064
vt 0.396470 0.726278
vt 0.395475 0.726278
vt 0.043198 0.357628
vt 0.044193 0.386289
vt 0.028058 0.941664
vt 0.028677 0.943182
vt 0.027035 0.940855
vt 0.342478 0.728401
vt 0.344370 0.764108
vt 0.357568 0.567519
vt 0.214992 0.338255
vt 0.219583 0.334178
vt 0.219583 0.350776
vt 0.160836 0.329802
vt 0.169401 0.349527
vt 0.160055 0.348003
vt 0.319667 0.894971
vt 0.344392 0.880205
vt 0.327918 0.880205
vt 0.057252 0.399851
vt 0.057252 0.404060
vt 0.051582 0.394571
vt 0.136588 0.223104
vt 0.136856 0.213988
vt 0.029979 0.943182
vt 0.456234 0.853463
vt 0.457037 0.868234
vt 0.458955 0.864807
vt 0.301141 0.605809
vt 0.382225 0.710064
vt 0.290432 0.894027
vt 0.289092 0.891092
vt 0.284846 0.893125
vt 0.135199 0.164085
vt 0.048345 0.936736
vt 0.074909 0.401742
vt 0.074909 0.394394
vt 0.339840 0.628109
vt 0.075493 0.387379
vt 0.079993 0.367953
vt 0.079993 0.377211
vt 0.082882 0.378625
vt 0.083878 0.349466
vt 0.083878 0.401050
vt 0.082882 0.343474
vt 0.083878 0.272090
vt 0.083878 0.304330
vt 0.295444 0.598945
vt 0.054279 0.940569
vt 0.097651 0.943182
vt 0.124023 0.942116
vt 0.122647 0.942116
vt 0.115466 0.936556
vt 0.443247 0.217773
vt 0.448895 0.229069
vt 0.400207 0.710064
vt 0.124023 0.943182
vt 0.107037 0.920810
vt 0.118442 0.942116
vt 0.179163 0.364524
vt 0.179163 0.374401
vt 0.176350 0.356316
vt 0.084922 0.144915
vt 0.108453 0.144915
vt 0.103737 0.272090
vt 0.103737 0.301878
vt 0.087187 0.303491
vt 0.124023 0.920810
vt 0.135705 0.930719
vt 0.169401 0.304356
vt 0.160859 0.329246
vt 0.159258 0.305508
vt 0.150396 0.943182
vt 0.298097 0.601672
vt 0.211210 0.378588
vt 0.211210 0.370384
vt 0.208372 0.381590
vt 0.193768 0.940569
vt 0.012885 0.920810
vt 0.022605 0.928293
vt 0.021014 0.929865
vt 0.150716 0.371883
vt 0.156855 0.349988
vt 0.382577 0.892304
vt 0.382597 0.880205
vt 0.382435 0.880205
vt 0.313358 0.728401
vt 0.281812 0.728401
vt 0.281812 0.721645
vt 0.352572 0.710064
vt 0.358250 0.710064
vt 0.352836 0.569054
vt 0.348832 0.619853
vt 0.132805 0.223104
vt 0.130392 0.219362
vt 0.219989 0.941664
vt 0.219370 0.943182
vt 0.219241 0.942255
vt 0.214992 0.299659
vt 0.219583 0.324856
vt 0.218068 0.943182
vt 0.230270 0.932085
vt 0.229431 0.934020
vt 0.357568 0.567097
vt 0.214992 0.382366
vt 0.115510 0.223104
vt 0.115702 0.219362
vt 0.113058 0.218499
vt 0.022591 0.943182
vt 0.045671 0.961293
vt 0.040669 0.961293
vt 0.319337 0.542247
vt 0.331794 0.550918
vt 0.366471 0.893932
vt 0.367836 0.893988
vt 0.367820 0.880205
vt 0.051926 0.957776
vt 0.054840 0.961293
vt 0.045312 0.954697
vt 0.039174 0.950448
vt 0.323096 0.542895
vt 0.211210 0.387965
vt 0.208372 0.386524
vt 0.405569 0.728401
vt 0.403677 0.721645
vt 0.405569 0.721645
vt 0.142708 0.400691
vt 0.144844 0.388477
vt 0.145875 0.386891
vt 0.103737 0.343581
vt 0.117617 0.342613
vt 0.117617 0.389629
vt 0.274629 0.534823
vt 0.305915 0.541735
vt 0.059481 0.961293
vt 0.285186 0.585549
vt 0.330726 0.857441
vt 0.265479 0.555362
vt 0.259655 0.539595
vt 0.102351 0.961293
vt 0.082346 0.961293
vt 0.124023 0.961293
vt 0.145695 0.961293
vt 0.270248 0.555147
vt 0.142708 0.389690
vt 0.178545 0.954738
vt 0.265479 0.550351
vt 0.142708 0.386158
vt 0.134701 0.392855
vt 0.299952 0.537232
vt 0.196121 0.957776
vt 0.193207 0.961293
vt 0.193182 0.959144
vt 0.188566 0.961293
vt 0.350455 0.569212
vt 0.323620 0.547311
vt 0.204845 0.953631
vt 0.323096 0.546723
vt 0.420213 0.449545
vt 0.436523 0.453974
vt 0.175380 0.350585
vt 0.175380 0.402916
vt 0.169401 0.401152
vt 0.175380 0.272090
vt 0.175380 0.304796
vt 0.225456 0.943182
vt 0.207377 0.961293
vt 0.202376 0.961293
vt 0.072929 0.977273
vt 0.069667 0.977273
vt 0.078908 0.977273
vt 0.282222 0.523798
vt 0.290583 0.531029
vt 0.047083 0.396393
vt 0.051419 0.404424
vt 0.051419 0.394180
vt 0.038607 0.307524
vt 0.038607 0.357133
vt 0.043198 0.307731
vt 0.038607 0.413828
vt 0.027396 0.371191
vt 0.087061 0.977273
vt 0.261907 0.526036
vt 0.206828 0.386107
vt 0.319513 0.879631
vt 0.319549 0.876378
vt 0.317605 0.875488
vt 0.267065 0.522101
vt 0.027396 0.292832
vt 0.038607 0.272090
vt 0.073612 0.964688
vt 0.071070 0.964313
vt 0.109891 0.977273
vt 0.096845 0.977273
vt 0.124023 0.977273
vt 0.138156 0.977273
vt 0.151201 0.977273
vt 0.214023 0.351466
vt 0.214023 0.340688
vt 0.211210 0.364524
vt 0.206828 0.383440
vt 0.201307 0.395585
vt 0.176196 0.956925
vt 0.160986 0.977273
vt 0.282222 0.523631
vt 0.270567 0.522253
vt 0.290507 0.888564
vt 0.053652 0.939986
vt 0.212837 0.928693
vt 0.358250 0.777619
vt 0.352572 0.777619
vt 0.352572 0.764108
vt 0.175118 0.977273
vt 0.169139 0.977273
vt 0.178379 0.977273
vt 0.101670 0.986861
vt 0.100243 0.986861
vt 0.104285 0.986861
vt 0.107853 0.986861
vt 0.112133 0.986861
vt 0.117840 0.986861
vt 0.135914 0.986861
vt 0.140194 0.986861
vt 0.143761 0.986861
vt 0.146377 0.986861
vt 0.147804 0.986861
vt 0.115470 0.988459
vt 0.114924 0.988459
vt 0.116471 0.988459
vt 0.117836 0.988459
vt 0.119474 0.988459
vt 0.121657 0.988459
vt 0.194395 0.939986
vt 0.130211 0.988459
vt 0.131576 0.988459
vt 0.132577 0.988459
vt 0.133123 0.988459
vt 0.027396 0.413828
vt 0.027396 0.349297
vt 0.027396 0.363125
vt 0.027396 0.319336
vt 0.043198 0.414654
vt 0.044193 0.343474
vt 0.043198 0.272090
vt 0.044193 0.414833
vt 0.047083 0.415353
vt 0.051419 0.386862
vt 0.201307 0.398867
vt 0.201307 0.396953
vt 0.195186 0.402017
vt 0.051419 0.416133
vt 0.051582 0.404640
vt 0.051582 0.387379
vt 0.325444 0.879074
vt 0.051582 0.416148
vt 0.057252 0.409953
vt 0.057252 0.416687
vt 0.063538 0.404148
vt 0.063538 0.417285
vt 0.074909 0.410141
vt 0.069823 0.399851
vt 0.075493 0.409548
vt 0.075493 0.400680
vt 0.075493 0.392921
vt 0.074909 0.389145
vt 0.079993 0.404987
vt 0.079993 0.390173
vt 0.082882 0.402059
vt 0.082882 0.358120
vt 0.179163 0.388228
vt 0.183545 0.396570
vt 0.183545 0.388911
vt 0.087187 0.397695
vt 0.087187 0.347453
vt 0.103737 0.391242
vt 0.087187 0.272090
vt 0.117617 0.272090
vt 0.129362 0.346762
vt 0.129362 0.303203
vt 0.117617 0.301475
vt 0.129362 0.272090
vt 0.115762 0.144915
vt 0.115726 0.164799
vt 0.113091 0.164191
vt 0.129362 0.396543
vt 0.142708 0.304240
vt 0.142708 0.272090
vt 0.466235 0.721645
vt 0.483221 0.728401
vt 0.466235 0.728401
vt 0.071851 0.956925
vt 0.074721 0.961293
vt 0.156978 0.347501
vt 0.189066 0.398427
vt 0.195186 0.399770
vt 0.208372 0.392164
vt 0.206828 0.389841
vt 0.369474 0.894310
vt 0.369462 0.880205
vt 0.369342 0.880205
vt 0.154987 0.272090
vt 0.264826 0.728401
vt 0.281812 0.764108
vt 0.264826 0.764108
vt 0.154987 0.397234
vt 0.189066 0.402405
vt 0.224121 0.926989
vt 0.157338 0.340191
vt 0.219583 0.298935
vt 0.169401 0.272090
vt 0.395475 0.764108
vt 0.400207 0.764108
vt 0.400207 0.777619
vt 0.176350 0.378196
vt 0.176350 0.340688
vt 0.176350 0.403202
vt 0.179163 0.404032
vt 0.183545 0.383440
vt 0.183545 0.405324
vt 0.189066 0.395585
vt 0.027396 0.323196
vt 0.189066 0.406953
vt 0.195186 0.405163
vt 0.400207 0.728401
vt 0.398168 0.748727
vt 0.398168 0.731103
vt 0.201307 0.401056
vt 0.195186 0.408758
vt 0.206828 0.394108
vt 0.208372 0.378065
vt 0.214023 0.383801
vt 0.214023 0.366556
vt 0.219583 0.297960
vt 0.219583 0.279776
vt 0.219583 0.272090
vt 0.214992 0.272090
vt 0.358250 0.758318
vt 0.358250 0.764108
vt 0.264826 0.721645
vt 0.349879 0.731103
vt 0.350830 0.728401
vt 0.474065 0.857335
vt 0.467448 0.864807
vt 0.470557 0.870361
vt 0.351313 0.825244
vt 0.365189 0.835026
vt 0.365333 0.825244
vt 0.405569 0.764108
vt 0.403677 0.764108
vt 0.403677 0.728401
vt 0.027396 0.413828
vt 0.365822 0.710064
vt 0.232706 0.926471
vt 0.434689 0.721645
vt 0.434689 0.728401
vt 0.396734 0.825244
vt 0.382858 0.835026
vt 0.397111 0.835149
vt 0.134701 0.394238
vt 0.219583 0.375570
vt 0.443247 0.161133
vt 0.441888 0.171281
vt 0.398168 0.754072
vt 0.012649 0.854972
vt 0.397217 0.728401
vt 0.158350 0.305508
vt 0.318070 0.864163
vt 0.292609 0.873080
vt 0.313358 0.721645
vt 0.219583 0.298935
vt 0.133034 0.223104
vt 0.135237 0.223104
vt 0.272591 0.925527
vt 0.290669 0.913428
vt 0.272302 0.903465
vt 0.084683 0.223104
vt 0.075348 0.223104
vt 0.483221 0.721645
vt 0.350243 0.891279
vt 0.048828 0.223104
vt 0.350569 0.846375
vt 0.382225 0.684972
vt 0.108369 0.223104
vt 0.380211 0.893988
vt 0.369606 0.835604
vt 0.368016 0.835556
vt 0.109245 0.223104
vt 0.109238 0.213988
vt 0.109065 0.223104
vt 0.364924 0.890459
vt 0.365450 0.880205
vt 0.365338 0.880205
vt 0.364905 0.880205
vt 0.110857 0.223104
vt 0.110854 0.218348
vt 0.110692 0.223104
vt 0.365470 0.892304
vt 0.366451 0.880205
vt 0.366349 0.880205
vt 0.027396 0.365706
vt 0.452834 0.449545
vt 0.368648 0.586532
vt 0.115703 0.223104
vt 0.113060 0.223104
vt 0.217269 0.928024
vt 0.184446 0.963210
vt 0.455846 0.870361
vt 0.429930 0.863021
vt 0.254399 0.526363
vt 0.235398 0.854972
vt 0.235475 0.856906
vt 0.109284 0.161010
vt 0.380085 0.880205
vt 0.378573 0.894310
vt 0.130390 0.223104
vt 0.378585 0.880205
vt 0.136849 0.223104
vt 0.161172 0.144915
vt 0.137688 0.157524
vt 0.137504 0.223104
vt 0.280599 0.891092
vt 0.383123 0.890459
vt 0.383005 0.880205
vt 0.397804 0.891279
vt 0.428380 0.894971
vt 0.428534 0.879631
vt 0.197266 0.223104
vt 0.201247 0.219219
vt 0.374023 0.777619
vt 0.365822 0.777619
vt 0.365822 0.764108
vt 0.457377 0.913428
vt 0.457615 0.894027
vt 0.475456 0.925527
vt 0.475745 0.903465
vt 0.482935 0.236502
vt 0.481934 0.238505
vt 0.467773 0.246094
vt 0.280299 0.890555
vt 0.277490 0.885537
vt 0.035210 0.928693
vt 0.492300 0.217773
vt 0.272641 0.880400
vt 0.035357 0.209958
vt 0.032898 0.172022
vt 0.032227 0.206903
vt 0.453613 0.238505
vt 0.035590 0.166048
vt 0.032976 0.168002
vt 0.347840 0.764108
vt 0.210737 0.209958
vt 0.210503 0.166048
vt 0.044847 0.219219
vt 0.040335 0.214816
vt 0.322642 0.877792
vt 0.382998 0.846113
vt 0.397478 0.846375
vt 0.110895 0.164085
vt 0.374023 0.764108
vt 0.129605 0.942116
vt 0.395742 0.758318
vt 0.009156 0.591193
vt 0.136810 0.161010
vt 0.422602 0.879074
vt 0.428497 0.876378
vt 0.455846 0.885537
vt 0.454708 0.877949
vt 0.213118 0.168002
vt 0.213867 0.206903
vt 0.455438 0.873080
vt 0.429977 0.864163
vt 0.430442 0.875488
vt 0.493103 0.211773
vt 0.389796 0.758318
vt 0.389796 0.764108
vt 0.471694 0.877949
vt 0.471540 0.878976
vt 0.475405 0.880400
vt 0.213464 0.928599
vt 0.458728 0.241246
vt 0.470798 0.883929
vt 0.025791 0.939094
vt 0.178703 0.964058
vt 0.383142 0.880205
vt 0.273982 0.857335
vt 0.277490 0.870361
vt 0.280599 0.864807
vt 0.033203 0.156186
vt 0.442333 0.167956
vt 0.458955 0.891092
vt 0.457540 0.888564
vt 0.318211 0.860723
vt 0.292475 0.872190
vt 0.043460 0.953835
vt 0.291812 0.853463
vt 0.291010 0.868234
vt 0.292201 0.870361
vt 0.053349 0.144915
vt 0.350340 0.857441
vt 0.046875 0.144915
vt 0.035843 0.154010
vt 0.236493 0.882282
vt 0.109339 0.144915
vt 0.108676 0.144915
vt 0.365508 0.857441
vt 0.365587 0.846703
vt 0.365096 0.857441
vt 0.364958 0.857441
vt 0.110951 0.144915
vt 0.109841 0.144915
vt 0.155618 0.561726
vt 0.366510 0.857441
vt 0.365820 0.857441
vt 0.027396 0.414289
vt 0.114067 0.144915
vt 0.397856 0.880205
vt 0.463201 0.862773
vt 0.227033 0.929865
vt 0.350191 0.880205
vt 0.159258 0.305508
vt 0.368648 0.585393
vt 0.135688 0.144915
vt 0.382539 0.857441
vt 0.382460 0.846703
vt 0.381876 0.857441
vt 0.135142 0.144915
vt 0.381537 0.857441
vt 0.137010 0.144915
vt 0.383089 0.857441
vt 0.382697 0.857441
vt 0.136754 0.144915
vt 0.365048 0.846113
vt 0.199219 0.144915
vt 0.175446 0.144915
vt 0.352572 0.758318
vt 0.406575 0.857441
vt 0.397707 0.857441
vt 0.213043 0.164079
vt 0.313358 0.764108
vt 0.212891 0.156186
vt 0.210251 0.154010
vt 0.238891 0.591193
vt 0.239042 0.593180
vt 0.276506 0.878976
vt 0.382714 0.825244
vt 0.293101 0.838472
vt 0.275550 0.840287
vt 0.321253 0.835703
vt 0.350936 0.835149
vt 0.365719 0.835303
vt 0.369536 0.847345
vt 0.434689 0.777619
vt 0.405569 0.777619
vt 0.378511 0.847345
vt 0.378441 0.835604
vt 0.153385 0.375340
vt 0.159792 0.354137
vt 0.382328 0.835303
vt 0.427634 0.847557
vt 0.426794 0.835703
vt 0.454946 0.838472
vt 0.472497 0.840287
vt 0.294420 0.825244
vt 0.277156 0.825244
vt 0.322113 0.825244
vt 0.365855 0.825244
vt 0.366811 0.825244
vt 0.369678 0.825244
vt 0.129605 0.942116
vt 0.421342 0.857441
vt 0.428196 0.860089
vt 0.379933 0.825244
vt 0.382192 0.825244
vt 0.352572 0.726278
vt 0.351577 0.726278
vt 0.425933 0.825244
vt 0.453627 0.825244
vt 0.470891 0.825244
vt 0.312145 0.866260
vt 0.341264 0.870361
vt 0.341264 0.866260
vt 0.367957 0.870361
vt 0.367957 0.866260
vt 0.380090 0.870361
vt 0.380090 0.866260
vt 0.406783 0.866260
vt 0.406783 0.870361
vt 0.435902 0.866260
vt 0.220530 0.350776
vt 0.220963 0.324856
vt 0.220526 0.298935
vt 0.219702 0.279776
vt 0.218783 0.262871
vt 0.476562 0.265625
vt 0.054678 0.003557
vt 0.055303 0.041611
vt 0.058594 0.003227
vt 0.018970 0.006565
vt 0.020178 0.096315
vt 0.033480 0.005343
vt 0.050614 0.096315
vt 0.004164 0.007812
vt 0.003948 0.096315
vt 0.050339 0.099524
vt 0.014687 0.110087
vt 0.019894 0.108544
vt 0.004139 0.018104
vt 0.040083 0.004786
vt 0.052444 0.074972
vt 0.003906 0.113281
vt 0.023419 0.107500
vt 0.264826 0.662776
vt 0.281812 0.662776
vt 0.281812 0.684972
vt 0.264826 0.684972
vt 0.281812 0.710064
vt 0.264826 0.710064
vt 0.281812 0.777619
vt 0.264826 0.764494
vt 0.313358 0.662776
vt 0.313358 0.684972
vt 0.352305 0.758318
vt 0.605685 0.954706
vt 0.598313 0.975564
vt 0.617152 0.975564
vt 0.313358 0.777619
vt 0.342478 0.662776
vt 0.342478 0.684972
vt 0.420129 0.880205
vt 0.342478 0.764108
vt 0.342478 0.777619
vt 0.344370 0.662776
vt 0.344370 0.684972
vt 0.395475 0.758318
vt 0.344370 0.777619
vt 0.347840 0.662776
vt 0.347840 0.684972
vt 0.347840 0.710064
vt 0.077311 0.965234
vt 0.347840 0.777619
vt 0.352572 0.684972
vt 0.018616 0.934020
vt 0.382225 0.764108
vt 0.382225 0.777619
vt 0.023926 0.926989
vt 0.429835 0.860723
vt 0.358250 0.684972
vt 0.364594 0.758318
vt 0.389796 0.777619
vt 0.374023 0.758318
vt 0.382225 0.758318
vt 0.011451 0.672372
vt 0.395475 0.662776
vt 0.376389 0.894340
vt 0.369498 0.857441
vt 0.378549 0.857441
vt 0.362739 0.606367
vt 0.388569 0.758318
vt 0.349879 0.743783
vt 0.349879 0.754072
vt 0.395475 0.777619
vt 0.400207 0.662776
vt 0.400207 0.684972
vt 0.225442 0.928293
vt 0.137641 0.144915
vt 0.204587 0.953835
vt 0.403677 0.662776
vt 0.403677 0.684972
vt 0.403677 0.710064
vt 0.403677 0.777619
vt 0.405569 0.662776
vt 0.405569 0.684972
vt 0.405569 0.710064
vt 0.434689 0.662776
vt 0.434689 0.684972
vt 0.434689 0.710064
vt 0.434689 0.764108
vt 0.466235 0.662776
vt 0.466235 0.684972
vt 0.466235 0.710064
vt 0.466235 0.764108
vt 0.466235 0.777619
vt 0.483221 0.662776
vt 0.483221 0.684972
vt 0.483221 0.710064
vt 0.483221 0.764108
vt 0.483221 0.764494
vt 0.281812 0.780515
vt 0.313358 0.787270
vt 0.342478 0.789972
vt 0.344370 0.791306
vt 0.347840 0.793316
vt 0.352572 0.794412
vt 0.358250 0.794419
vt 0.365822 0.794835
vt 0.382225 0.794835
vt 0.374023 0.794991
vt 0.389796 0.794419
vt 0.395475 0.794412
vt 0.400207 0.793316
vt 0.403677 0.791306
vt 0.405569 0.789972
vt 0.434689 0.787270
vt 0.466235 0.780515
vt 0.467448 0.891092
vt 0.463201 0.893125
vt 0.063601 0.963210
vt 0.022374 0.319336
vt 0.023537 0.363125
vt 0.028166 0.371191
vt 0.027439 0.413828
vt 0.028730 0.292832
vt 0.019657 0.349297
vt 0.475374 0.585567
vt 0.492011 0.532156
vt 0.482875 0.511719
vt 0.483631 0.575990
vt 0.493943 0.536477
vt 0.488347 0.570520
vt 0.494141 0.536919
vt 0.395696 0.616254
vt 0.391782 0.617188
vt 0.395506 0.616648
vt 0.386700 0.608346
vt 0.442358 0.512134
vt 0.391782 0.512652
vt 0.391245 0.616254
vt 0.396368 0.616522
vt 0.398219 0.616254
vt 0.456158 0.607854
vt 0.465815 0.596654
vt 0.446180 0.512095
vt 0.378906 0.594787
vt 0.382125 0.525952
vt 0.378906 0.530386
vt 0.492188 0.265625
vt 0.448696 0.608936
vt 0.465815 0.511894
vt 0.382125 0.600387
vt 0.489655 0.562933
vt 0.476307 0.511786
vt 0.445312 0.296875
vt 0.492188 0.296875
vt 0.659437 0.131550
vt 0.838610 0.070917
vt 0.659437 0.070917
vt 0.838610 0.131550
vt 0.455276 0.874166
vt 0.276352 0.877949
vt 0.289092 0.864807
vt 0.284846 0.862773
vt 0.460489 0.891826
vt 0.221573 0.940412
vt 0.312145 0.870361
vt 0.435902 0.870361
vt 0.351654 0.757178
vt 0.892362 0.174236
vt 0.964288 0.153378
vt 0.931041 0.102446
vt 0.953793 0.102446
vt 0.947906 0.449268
vt 0.958912 0.374083
vt 0.892362 0.359046
vt 0.908289 0.102446
vt 0.939459 0.512326
vt 0.885537 0.102446
vt 0.935876 0.565684
vt 0.558588 0.512326
vt 0.605685 0.359046
vt 0.605685 0.174236
vt 0.612510 0.102446
vt 0.940739 0.626317
vt 0.562171 0.565684
vt 0.957377 0.747583
vt 0.949698 0.682099
vt 0.892362 0.774747
vt 0.589758 0.102446
vt 0.557308 0.626317
vt 0.567006 0.102446
vt 0.544254 0.102446
vt 0.533759 0.153378
vt 0.892362 0.954706
vt 0.862056 0.975564
vt 0.880895 0.975564
vt 0.918573 0.975564
vt 0.937412 0.975564
vt 0.899734 0.975564
vt 0.605685 0.774747
vt 0.539134 0.374083
vt 0.550141 0.449268
vt 0.635991 0.975564
vt 0.548349 0.682099
vt 0.540670 0.747583
vt 0.560635 0.975564
vt 0.579474 0.975564
vt 0.015341 0.926471
vt 0.026474 0.940412
vt 0.017777 0.932085
vt 0.374023 0.894355
vt 0.371657 0.894340
vt 0.254399 0.521521
vt 0.380179 0.857441
vt 0.367868 0.857441
vt 0.470557 0.885537
vt 0.401979 0.512548
vn -0.173400 0.391700 0.903600
vn -0.169900 0.433400 0.885000
vn -0.258600 0.695400 0.670400
vn -0.283200 0.600300 0.747900
vn -0.151200 0.635200 0.757400
vn -0.161000 0.916100 0.367200
vn -0.064100 0.963000 0.261600
vn -0.032900 0.999500 0.003400
vn -0.195300 0.945500 -0.260400
vn -0.195500 0.921300 -0.336200
vn -0.369100 0.855200 -0.363900
vn -0.020300 0.924800 -0.380000
vn -0.016400 0.924500 -0.380900
vn 0.022600 0.948400 -0.316300
vn -0.020100 0.998000 0.060200
vn -0.022800 0.999100 0.035500
vn -0.011800 0.999900 -0.009700
vn -0.010400 0.999900 -0.000900
vn 0.000000 1.000000 0.000000
vn 0.000000 0.999800 -0.020000
vn 0.022800 0.999100 0.035500
vn 0.011800 0.999900 -0.009700
vn 0.020100 0.998000 0.060200
vn 0.010600 0.999900 -0.001000
vn -0.119300 0.107000 -0.987100
vn -0.118900 0.108300 -0.987000
vn -0.120200 0.108600 -0.986800
vn -0.435500 0.879000 -0.194200
vn -0.338000 0.939900 -0.049300
vn -0.435300 0.842900 -0.316100
vn 0.064100 0.963100 0.261600
vn 0.151200 0.635200 0.757400
vn 0.161000 0.916100 0.367200
vn 0.032900 0.999500 0.003400
vn 0.169900 0.433400 0.885000
vn 0.258600 0.695400 0.670400
vn 0.173400 0.391700 0.903600
vn 0.283200 0.600200 0.748000
vn -0.370100 0.893800 0.253300
vn -0.469300 0.830900 0.299000
vn -0.175700 0.976600 0.124200
vn -0.062700 0.996100 0.062400
vn -0.030900 0.998800 0.038300
vn -0.007100 0.999900 0.013400
vn 0.085600 0.577200 0.812100
vn 0.025700 0.873100 0.486900
vn 0.048200 0.580400 0.812900
vn 0.453600 0.866700 -0.207700
vn 0.481800 0.852400 -0.203300
vn 0.765600 0.631900 -0.120600
vn 0.007100 0.999900 0.013300
vn 0.000000 1.000000 0.006700
vn 0.030900 0.998800 0.038200
vn 0.062700 0.996100 0.062400
vn 0.175700 0.976600 0.124200
vn 0.370200 0.893800 0.253200
vn 0.469300 0.830900 0.298900
vn -0.512300 0.856600 0.061100
vn -0.624800 0.771700 0.118800
vn -0.288400 0.940100 0.181700
vn -0.069300 0.971700 0.226000
vn -0.044800 0.977800 0.204900
vn -0.023700 0.979900 0.198200
vn 0.041100 0.871800 0.488200
vn 0.000000 0.980800 0.194900
vn -0.021000 0.929100 -0.369300
vn 0.186400 0.923100 -0.336400
vn 0.192500 0.860100 -0.472300
vn 0.195500 0.921300 -0.336200
vn 0.044800 0.977800 0.204900
vn -0.453700 0.866600 -0.207700
vn -0.450000 0.868400 -0.208300
vn -0.809600 0.578200 -0.101200
vn 0.069400 0.971700 0.226000
vn 0.288400 0.940100 0.181700
vn 0.512300 0.856600 0.061100
vn 0.624900 0.771600 0.118800
vn -0.623300 0.781900 -0.012900
vn -0.526600 0.846200 0.081700
vn -0.725100 0.635100 0.266400
vn -0.188000 0.914100 0.359300
vn -0.066900 0.925600 0.372600
vn -0.051600 0.920700 0.386900
vn -0.057900 0.937700 0.342500
vn -0.074200 0.937200 0.340900
vn -0.027400 0.915100 0.402400
vn -0.031200 0.938400 0.344100
vn 0.000000 0.912700 0.408600
vn 0.000000 0.938700 0.344800
vn 0.027400 0.915100 0.402400
vn 0.031200 0.938400 0.344100
vn 0.051600 0.920700 0.386900
vn 0.057900 0.937800 0.342400
vn 0.066900 0.925600 0.372600
vn 0.074200 0.937200 0.340900
vn 0.725100 0.635000 0.266500
vn 0.188000 0.914100 0.359300
vn 0.623300 0.781900 -0.012900
vn 0.526600 0.846200 0.081700
vn -0.677300 0.735700 0.005100
vn -0.474800 0.878100 0.059400
vn -0.492700 0.867600 0.067000
vn -0.829200 0.552000 0.087800
vn -0.196000 0.957000 0.214000
vn -0.060000 0.962900 0.263300
vn -0.076900 0.962100 0.261800
vn -0.006200 -0.105200 -0.994400
vn -0.000100 -0.105000 -0.994500
vn -0.001500 -0.106000 -0.994400
vn -0.032400 0.963700 0.264900
vn 0.000000 0.964100 0.265600
vn -0.041400 0.934200 -0.354200
vn 0.021300 0.921000 -0.388900
vn -0.192500 0.860100 -0.472300
vn 0.032400 0.963700 0.264900
vn 0.060000 0.962800 0.263300
vn 0.076900 0.962100 0.261800
vn 0.829200 0.552000 0.087800
vn 0.196000 0.957000 0.214000
vn 0.677300 0.735700 0.005100
vn 0.474800 0.878100 0.059400
vn 0.447500 0.893000 0.047800
vn -0.447500 0.893000 0.047800
vn -0.719900 0.693200 -0.034800
vn -0.442400 0.896800 -0.004500
vn -0.447400 0.893100 0.046400
vn -0.832200 0.551000 0.062100
vn -0.101600 0.974500 0.200200
vn -0.060100 0.981200 0.183300
vn -0.077000 0.980300 0.181900
vn -0.032400 0.982200 0.184800
vn 0.000000 0.982700 0.185400
vn 0.032400 0.982200 0.184800
vn 0.060100 0.981200 0.183300
vn 0.077000 0.980300 0.181900
vn 0.832200 0.550900 0.062100
vn 0.101600 0.974500 0.200200
vn 0.719900 0.693200 -0.034800
vn 0.447400 0.893100 0.046400
vn 0.442400 0.896800 -0.004500
vn 0.435500 0.898100 -0.061000
vn -0.435500 0.898100 -0.061000
vn -0.765500 0.632000 -0.120600
vn -0.444700 0.884200 -0.142800
vn -0.873800 0.484300 -0.043700
vn -0.183700 0.981000 0.062600
vn -0.072900 0.973300 0.217700
vn -0.081800 0.978700 0.188100
vn -0.040000 0.971400 0.234100
vn -0.040400 0.986600 0.158300
vn 0.000000 0.972400 0.233400
vn 0.000000 0.991000 0.134200
vn 0.040000 0.971400 0.234100
vn 0.040400 0.986600 0.158300
vn 0.072900 0.973300 0.217700
vn 0.081900 0.978700 0.188100
vn 0.183600 0.981000 0.062600
vn 0.873800 0.484300 -0.043800
vn 0.444700 0.884200 -0.142800
vn 0.450000 0.868400 -0.208300
vn -0.481900 0.852300 -0.203300
vn -0.861100 0.494500 -0.118100
vn -0.934600 0.334500 -0.121200
vn -0.937600 0.338600 -0.079400
vn -0.851000 0.518600 -0.083000
vn -0.531800 0.846200 -0.033100
vn -0.887600 0.457300 -0.055300
vn -0.185100 0.980700 0.062500
vn 0.014300 0.999300 0.033800
vn 0.000000 0.999900 0.014800
vn -0.014300 0.999300 0.033800
vn 0.185200 0.980700 0.062500
vn 0.531700 0.846300 -0.033100
vn 0.887600 0.457300 -0.055200
vn 0.934500 0.334600 -0.121200
vn 0.861100 0.494500 -0.118100
vn 0.851000 0.518500 -0.083000
vn 0.937500 0.338700 -0.079400
vn 0.499700 0.842700 -0.200400
vn 0.505800 0.839300 -0.199300
vn 0.525900 0.827700 -0.195800
vn 0.809600 0.578200 -0.101100
vn -0.525900 0.827700 -0.195800
vn -0.860300 0.506800 -0.055400
vn -0.622900 0.771400 -0.130400
vn -0.941400 0.335600 -0.032500
vn -0.846500 0.530800 -0.041100
vn -0.533800 0.838700 -0.107600
vn -0.900700 0.432400 -0.042900
vn 0.056400 0.893200 -0.446000
vn 0.083700 0.860100 -0.503300
vn 0.103800 0.885500 -0.453000
vn -0.080000 0.991800 -0.099200
vn -0.013100 0.994900 -0.099700
vn -0.039600 0.996800 -0.070100
vn 0.011100 0.175200 -0.984500
vn 0.135000 0.233900 -0.962800
vn 0.061000 0.175700 -0.982500
vn -0.396600 0.841000 -0.368000
vn -0.433400 0.813200 -0.388500
vn -0.881800 -0.467600 0.061000
vn -0.800500 -0.587100 0.120400
vn -0.789200 -0.614200 0.001300
vn 0.141700 0.921000 0.363000
vn 0.174200 0.916100 0.361100
vn 0.514500 0.546800 0.660600
vn 0.975100 -0.154300 0.159400
vn 0.974400 -0.170800 0.146100
vn 0.981600 -0.125200 0.144500
vn 0.966700 0.194700 0.166100
vn 0.989500 -0.001100 0.144800
vn 0.978000 -0.110900 0.176900
vn 0.028500 -0.293500 -0.955500
vn 0.029100 -0.184100 -0.982500
vn 0.003800 -0.183900 -0.982900
vn -0.872500 0.488600 0.000000
vn 0.007900 0.104200 -0.994500
vn 0.008700 0.104900 -0.994400
vn 0.001600 0.104600 -0.994500
vn 0.757700 -0.120800 -0.641300
vn 0.757200 -0.121700 -0.641700
vn 0.757800 -0.121300 -0.641100
vn 0.900700 0.432300 -0.042800
vn 0.533800 0.838700 -0.107600
vn 0.846500 0.530800 -0.041100
vn 0.941500 0.335500 -0.032500
vn 0.622900 0.771400 -0.130400
vn 0.758000 -0.121100 -0.640900
vn -0.868300 0.495800 0.017200
vn -0.697700 0.715600 -0.034000
vn -0.933500 0.358200 0.014600
vn -0.844300 0.535900 -0.003800
vn -0.212400 0.931300 -0.296000
vn -0.881400 0.468500 -0.059800
vn -0.182800 0.965100 -0.187500
vn -0.107500 0.912100 -0.395600
vn 0.014600 0.989600 -0.143300
vn -0.062700 0.927600 -0.368200
vn 0.000000 0.993600 -0.113300
vn 0.000000 0.937500 -0.348000
vn -0.014700 0.989600 -0.143300
vn 0.062700 0.927600 -0.368200
vn 0.182700 0.965100 -0.187500
vn 0.107500 0.912100 -0.395700
vn 0.212400 0.931300 -0.296000
vn 0.881400 0.468500 -0.059800
vn 0.844300 0.535900 -0.003800
vn 0.933500 0.358200 0.014600
vn 0.739800 0.667000 0.088800
vn 0.641800 0.761500 0.090600
vn 0.527400 0.848600 0.041900
vn 0.860300 0.506800 -0.055300
vn 0.697700 0.715600 -0.034000
vn 0.868300 0.495800 0.017300
vn -0.848600 0.525200 0.063100
vn 0.002900 0.489000 -0.872300
vn -0.000100 0.485700 -0.874100
vn 0.000000 0.738000 -0.674800
vn -0.911000 0.410900 0.034500
vn -0.861300 0.507500 0.026500
vn -0.195100 0.884200 -0.424400
vn -0.826000 0.554800 -0.099600
vn -0.108700 0.858000 -0.502000
vn -0.083700 0.860100 -0.503300
vn -0.103800 0.885400 -0.453000
vn -0.132000 0.878500 -0.459200
vn -0.078900 0.996200 -0.037000
vn -0.002300 0.975700 -0.219100
vn 0.077000 0.969400 -0.232900
vn 0.080000 0.991800 -0.099200
vn -0.140500 0.921900 0.361000
vn -0.140400 0.922500 0.359700
vn -0.139600 0.921300 0.362900
vn -0.260500 0.760100 0.595300
vn 0.221400 0.707900 -0.670800
vn -0.253700 0.753200 0.606900
vn -0.022600 0.948400 -0.316300
vn -0.005900 0.915500 -0.402300
vn 0.016400 0.924500 -0.380900
vn 0.261200 -0.965300 0.000000
vn 0.112700 0.244000 -0.963200
vn 0.112600 0.242900 -0.963500
vn 0.112500 0.242200 -0.963700
vn 0.011500 0.741600 -0.670700
vn 0.025100 0.459200 -0.888000
vn 0.108700 0.858000 -0.502000
vn 0.132000 0.878500 -0.459200
vn 0.826000 0.554800 -0.099600
vn 0.195100 0.884200 -0.424400
vn 0.861300 0.507400 0.026500
vn 0.911000 0.411000 0.034500
vn 0.836000 0.544900 0.064500
vn 0.848600 0.525200 0.063200
vn -0.499700 0.842700 -0.200400
vn -0.836000 0.544900 0.064500
vn -0.751600 0.659100 0.026700
vn -0.700100 0.709200 0.083200
vn -0.888600 0.455700 0.052300
vn -0.863000 0.502100 0.055100
vn -0.268200 0.867300 -0.419300
vn -0.747300 0.645700 -0.156800
vn -0.126300 0.909400 -0.396200
vn -0.156200 0.895800 -0.416100
vn -0.056400 0.893200 -0.446000
vn -0.070700 0.924900 -0.373500
vn 0.000000 0.896400 -0.443200
vn 0.000000 0.931400 -0.364100
vn 0.070700 0.924900 -0.373600
vn 0.126300 0.909400 -0.396300
vn 0.156100 0.895800 -0.416100
vn 0.747300 0.645700 -0.156800
vn 0.002300 0.975700 -0.219100
vn -0.077000 0.969400 -0.232900
vn 0.863000 0.502100 0.055000
vn 0.888600 0.455700 0.052300
vn 0.700100 0.709200 0.083200
vn 0.751600 0.659100 0.026700
vn -0.003500 -0.105500 -0.994400
vn 0.757500 -0.122600 -0.641200
vn 0.757700 -0.122300 -0.641100
vn -0.691100 0.722700 -0.010800
vn -0.739800 0.667000 0.088800
vn -0.164400 0.976100 -0.142200
vn -0.141300 0.924000 -0.355400
vn -0.167600 0.901700 -0.398500
vn -0.082600 0.948700 -0.305000
vn 0.000000 0.958900 -0.283600
vn 0.082600 0.948800 -0.305000
vn 0.141300 0.924000 -0.355400
vn 0.167500 0.901700 -0.398500
vn -0.282500 0.957300 -0.061600
vn -0.415500 0.909400 -0.016300
vn -0.483700 0.875100 0.014100
vn 0.268200 0.867300 -0.419300
vn 0.691100 0.722700 -0.010700
vn 0.164400 0.976100 -0.142200
vn 0.727000 0.679700 0.097200
vn -0.727000 0.679700 0.097200
vn -0.527300 0.848600 0.041900
vn -0.641800 0.761500 0.090600
vn -0.239300 0.970700 -0.022100
vn 0.005800 0.998900 -0.047000
vn -0.045500 0.985300 -0.164800
vn -0.015700 0.990800 -0.134100
vn 0.000000 0.992900 -0.119200
vn 0.000000 0.999900 -0.013300
vn 0.015700 0.990800 -0.134200
vn 0.078900 0.996200 -0.037000
vn 0.045400 0.985300 -0.164800
vn 0.039600 0.996800 -0.070100
vn -0.005800 0.998900 -0.047000
vn 0.239300 0.970700 -0.022100
vn -0.002500 0.688300 0.725400
vn -0.004500 0.688600 0.725100
vn -0.007000 0.873900 0.486000
vn -0.535900 0.843400 0.038300
vn -0.567900 0.821300 0.053700
vn -0.140400 0.987300 -0.074200
vn 0.042900 0.996100 -0.077700
vn 0.120200 0.108600 -0.986800
vn 0.119400 0.107300 -0.987000
vn 0.119300 0.107000 -0.987100
vn -0.015400 -0.294000 -0.955700
vn -0.003400 -0.292800 -0.956200
vn -0.004100 -0.183900 -0.982900
vn -0.026500 -0.184600 -0.982500
vn -0.025100 0.873300 0.486500
vn -0.011400 0.320600 0.947100
vn 0.013100 0.994900 -0.099700
vn 0.000000 -0.991500 0.130500
vn -0.120200 0.109000 -0.986700
vn -0.042900 0.996100 -0.077700
vn 0.140400 0.987300 -0.074300
vn 0.282400 0.957300 -0.061600
vn -0.000400 0.688900 0.724900
vn 0.007400 0.873900 0.486100
vn 0.338000 0.939900 -0.049300
vn -0.511100 0.797700 -0.320100
vn 0.063500 0.971800 -0.227100
vn -0.002800 0.321200 0.947000
vn -0.007100 -0.486800 0.873500
vn 0.000000 0.995000 -0.099500
vn 0.000000 0.979400 -0.201700
vn -0.047400 0.978400 -0.201300
vn -0.443700 -0.202000 -0.873100
vn -0.439300 -0.062600 -0.896100
vn -0.394900 -0.088700 -0.914400
vn 0.002000 0.104600 -0.994500
vn 0.517400 0.058000 -0.853800
vn 0.636900 0.770200 -0.032800
vn 0.595700 0.566600 -0.569300
vn 0.720600 0.681000 0.130000
vn 0.955700 -0.197800 -0.218100
vn 0.959400 -0.228300 -0.165500
vn 0.855000 -0.132400 -0.501400
vn -0.626700 0.048200 -0.777800
vn -0.448200 -0.016100 -0.893800
vn -0.628800 -0.002900 -0.777500
vn 0.020300 0.929800 -0.367600
vn 0.859900 -0.510400 0.002900
vn -0.710800 -0.698700 -0.081000
vn 0.850800 -0.514900 0.104600
vn 0.083600 0.894800 -0.438500
vn 0.082800 0.862800 -0.498700
vn 0.115300 0.826800 -0.550600
vn -0.720100 0.681500 0.130800
vn 0.000000 0.670600 -0.741800
vn -0.595800 0.566300 -0.569500
vn 0.769500 0.072300 0.634600
vn -0.637200 0.770100 -0.031100
vn -0.216500 0.871300 -0.440300
vn 0.060500 0.313400 0.947700
vn -0.044000 0.311500 0.949200
vn -0.940400 -0.339800 0.012000
vn -0.871500 -0.490200 0.011000
vn 0.535900 0.843400 0.038300
vn 0.483900 0.875000 0.014100
vn 0.003700 0.688800 0.725000
vn 0.003800 0.688400 0.725400
vn -0.063500 0.971800 -0.227100
vn 0.195300 0.945500 -0.260500
vn 0.435300 0.843000 -0.316100
vn 0.435400 0.879100 -0.194200
vn 0.511100 0.797700 -0.320100
vn 0.529400 0.771400 -0.353100
vn -0.423400 0.747400 -0.512000
vn -0.433800 0.743900 -0.508400
vn -0.442800 0.747300 -0.495400
vn -0.018800 0.871700 0.489600
vn -0.260800 0.302800 0.916700
vn -0.024700 0.687700 0.725600
vn -0.015900 0.687900 0.725600
vn -0.971000 -0.061500 -0.230900
vn -0.977500 -0.112100 -0.178500
vn -0.855000 -0.132400 -0.501400
vn -0.421700 0.739000 -0.525400
vn -0.433800 0.743800 -0.508500
vn 0.009600 0.577600 0.816300
vn 0.139600 -0.131600 0.981400
vn -0.440000 0.741900 -0.505900
vn 0.988300 -0.083500 -0.127500
vn 0.860700 -0.066100 -0.504900
vn 0.848700 -0.057100 -0.525800
vn 0.992700 -0.033200 0.115800
vn 0.991000 -0.086100 0.102900
vn 0.983200 -0.102300 0.151000
vn -0.364100 0.223700 -0.904100
vn -0.247800 0.180900 -0.951800
vn -0.354300 0.160900 -0.921200
vn 0.864200 -0.482000 -0.144200
vn 0.846200 -0.523300 -0.100600
vn 0.913000 -0.378300 -0.152700
vn -0.207000 0.608700 -0.765900
vn -0.312800 0.494400 -0.811000
vn -0.316400 0.482100 -0.817000
vn -0.261200 -0.965300 0.000000
vn 0.474600 0.879900 -0.023700
vn 0.371000 0.901800 0.221700
vn 0.283000 0.950200 0.130500
vn 0.172700 0.230900 -0.957500
vn -0.675300 -0.703400 0.221700
vn -0.688000 -0.556000 0.466500
vn -0.689300 -0.616800 -0.380100
vn -0.396400 0.755900 -0.521100
vn 0.654800 -0.183600 -0.733200
vn 0.653500 -0.073400 -0.753300
vn 0.667500 -0.099700 -0.737900
vn 0.026300 0.928400 -0.370600
vn -0.003500 0.321800 0.946800
vn -0.626100 0.103500 -0.772800
vn -0.641400 0.074600 -0.763600
vn -0.669800 0.064200 -0.739800
vn 0.001400 0.104700 -0.994500
vn 0.001700 0.104600 -0.994500
vn -0.928100 -0.369300 0.046900
vn -0.874400 -0.464100 0.141700
vn -0.187000 0.923800 -0.334000
vn 0.794900 -0.598300 -0.100800
vn -0.663900 -0.196400 -0.721600
vn -0.663900 -0.196400 0.721600
vn 0.883500 -0.420800 0.205900
vn 0.920900 -0.302800 0.245600
vn 0.948200 -0.266400 0.173300
vn 0.941600 -0.126300 0.312300
vn 0.995200 -0.074200 0.064200
vn 0.991100 -0.055800 -0.120500
vn 0.839400 -0.168900 0.516600
vn 0.660300 -0.057700 0.748800
vn 0.909500 0.004700 0.415700
vn -0.726500 -0.687200 0.000000
vn 0.579100 0.522700 0.625600
vn 0.770400 0.540200 0.338500
vn -0.077400 0.783500 -0.616500
vn 0.710800 -0.698700 -0.081000
vn 0.693900 -0.715700 -0.079100
vn 0.690700 -0.723200 -0.004200
vn -0.067800 0.935800 -0.346000
vn -0.002000 0.971100 -0.238800
vn -0.042900 0.970600 -0.236900
vn 0.648000 0.739900 0.180700
vn -0.038800 0.318400 0.947200
vn 0.000000 0.939500 -0.342500
vn 0.000000 0.937600 -0.347800
vn -0.003700 0.939500 -0.342500
vn -0.045300 0.971300 -0.233500
vn -0.022800 0.949000 -0.314500
vn -0.026300 0.968500 -0.247800
vn 0.957900 -0.184100 -0.220100
vn 0.950500 -0.242300 -0.194500
vn 0.860300 -0.126600 -0.493800
vn -0.124500 -0.112200 -0.985900
vn -0.124400 -0.112800 -0.985800
vn -0.124500 -0.112000 -0.985900
vn 0.903300 0.407500 -0.134000
vn 0.965800 0.202300 -0.162000
vn 0.976100 0.157700 -0.149700
vn -0.000500 0.991800 -0.127900
vn -0.649400 0.738400 0.181700
vn -0.006500 0.765900 0.642900
vn -0.352200 0.724600 -0.592400
vn -0.533400 0.579300 -0.616300
vn 0.186200 0.620500 -0.761700
vn -0.163000 0.573000 -0.803200
vn -0.149600 0.456100 -0.877300
vn 0.371500 -0.893100 -0.253900
vn 0.671100 -0.582600 -0.458600
vn 0.378500 -0.876000 -0.298900
vn 0.996400 0.081100 0.024200
vn 0.992900 -0.029500 0.115400
vn 0.980900 0.149000 0.125100
vn 0.832900 -0.539500 -0.123600
vn 0.843200 -0.486100 0.229700
vn -0.371500 -0.893100 -0.253900
vn 0.067800 0.935800 -0.346000
vn -0.026300 0.928400 -0.370600
vn -0.021300 0.921000 -0.388900
vn -0.020300 0.924800 -0.379900
vn -0.948000 -0.306400 -0.086200
vn -0.895100 -0.416100 0.160000
vn -0.773900 -0.571100 0.273800
vn 0.000000 0.208100 -0.978100
vn -0.515100 0.551600 0.656100
vn -0.173400 0.916300 0.361100
vn -0.140400 0.921100 0.363000
vn -0.522300 0.057600 -0.850800
vn -0.529400 0.771400 -0.353100
vn -0.464300 0.782000 -0.415900
vn -0.978000 -0.110900 0.176900
vn -0.976800 -0.140500 0.161400
vn -0.980200 -0.108500 0.165500
vn -0.976100 0.157700 -0.149600
vn -0.965800 0.202300 -0.162000
vn -0.903300 0.407500 -0.134000
vn 0.340900 0.227900 -0.912100
vn 0.214800 0.180400 -0.959900
vn 0.178300 0.180000 -0.967400
vn -0.000500 -0.881600 0.471900
vn 0.000400 -0.881800 0.471700
vn -0.002900 -0.996200 0.087100
vn -0.198200 0.565700 0.800400
vn -0.485100 0.517700 0.704700
vn -0.371600 0.808100 0.456900
vn -0.613800 -0.480700 -0.626300
vn -0.570500 -0.644900 -0.508500
vn -0.689900 -0.548100 -0.472800
vn 0.010100 0.320400 0.947200
vn 0.003000 0.321000 0.947100
vn 0.423400 0.747400 -0.512000
vn 0.413700 0.750100 -0.516000
vn 0.273300 0.895100 -0.352200
vn 0.030100 0.958300 -0.284300
vn -0.232800 -0.930400 0.283200
vn -0.673500 -0.703000 0.228400
vn -0.673600 -0.739100 0.000000
vn 0.468100 -0.882200 0.051100
vn -0.696600 -0.583000 0.418100
vn -0.314200 -0.868400 0.383500
vn 0.020900 0.232900 -0.972300
vn 0.025600 0.233500 -0.972000
vn 0.021100 0.232800 -0.972300
vn -0.673500 -0.703000 -0.228400
vn -0.664000 -0.196600 0.721400
vn -0.673500 -0.434500 -0.598000
vn 0.421700 0.739000 -0.525400
vn 0.413700 0.750000 -0.516100
vn 0.051300 0.750100 -0.659300
vn -0.337000 0.704500 0.624600
vn -0.275800 0.694400 0.664700
vn 0.981400 -0.108000 0.158900
vn 0.859800 -0.072400 -0.505500
vn 0.191800 0.905000 0.379800
vn 0.396400 0.755900 -0.521100
vn 0.525300 0.722200 -0.449900
vn 0.524000 0.712900 -0.466000
vn 0.433400 0.813200 -0.388500
vn 0.441800 0.742100 -0.504100
vn -0.988300 -0.083500 -0.127500
vn -0.938000 -0.045100 -0.343800
vn -0.848700 -0.057100 -0.525800
vn -0.273600 0.950300 0.148700
vn -0.575700 0.741400 -0.344700
vn -0.148900 0.718000 -0.680000
vn -0.261800 0.559500 -0.786400
vn 0.000000 -0.942000 0.335600
vn -0.021000 0.233900 -0.972000
vn -0.025600 0.233000 -0.972100
vn -0.021200 0.233800 -0.972100
vn 0.296400 0.882700 0.364700
vn 0.160400 0.912500 0.376200
vn -0.515300 0.665500 -0.540000
vn -0.268700 0.693100 -0.668900
vn -0.330500 0.636300 -0.697000
vn -0.246400 0.774400 -0.582800
vn -0.312800 0.764400 -0.563800
vn -0.077100 0.233400 -0.969300
vn -0.017800 0.233500 -0.972200
vn -0.009100 0.175200 -0.984500
vn -0.152200 0.799100 -0.581600
vn -0.142100 0.782300 -0.606400
vn -0.268400 0.766600 -0.583300
vn -0.950400 -0.179100 -0.254200
vn -0.885700 -0.457400 0.080000
vn 0.033800 0.575300 0.817200
vn -0.041100 0.872100 0.487600
vn 0.010700 0.872100 0.489200
vn 0.971100 -0.190100 0.144600
vn 0.973400 -0.172800 0.150300
vn 0.973500 -0.169800 0.153100
vn 0.982300 -0.076700 -0.171000
vn 0.985200 -0.104100 -0.136500
vn 0.969100 -0.220700 -0.110500
vn -0.857500 -0.496100 -0.136100
vn -0.492800 -0.590700 -0.638900
vn 0.431800 -0.867000 0.248600
vn -0.081700 0.828000 -0.554700
vn 0.416000 0.853000 0.315300
vn 0.218400 0.923800 0.314500
vn 0.374100 0.849300 0.372400
vn -0.119800 0.800100 -0.587800
vn -0.006000 0.915400 -0.402400
vn -0.366800 -0.086400 -0.926300
vn -0.058000 0.886800 -0.458400
vn -0.082900 0.862800 -0.498700
vn -0.974400 -0.170800 0.146100
vn -0.973600 -0.176300 0.144700
vn -0.973400 -0.172800 0.150300
vn 0.006800 0.805200 0.593000
vn 0.359900 0.724300 -0.588100
vn -0.365700 0.900800 0.234100
vn -0.308600 0.876700 0.369000
vn -0.050300 0.893100 -0.447000
vn -0.083600 0.894800 -0.438500
vn 0.000000 0.893300 -0.449500
vn 0.050400 0.893500 -0.446200
vn 0.060800 0.879200 -0.472500
vn 0.973600 -0.176300 0.144700
vn 0.060900 0.879200 -0.472500
vn 0.081700 0.828000 -0.554700
vn 0.068300 0.876500 -0.476500
vn 0.974400 -0.171900 0.144700
vn 0.975700 -0.208600 0.067600
vn 0.457300 0.888200 -0.045300
vn 0.000000 -0.182100 0.983300
vn 0.678700 -0.416700 0.604800
vn 0.684500 -0.611800 0.396300
vn 0.664000 -0.196600 -0.721400
vn 0.152200 0.799100 -0.581600
vn 0.123300 0.802800 -0.583400
vn 0.142100 0.782300 -0.606400
vn 0.123300 0.802700 -0.583400
vn -0.280000 0.901600 0.329800
vn -0.270800 0.860700 0.431100
vn -0.399700 0.841200 0.364200
vn 0.119800 0.800100 -0.587800
vn 0.396400 0.755900 -0.521000
vn 0.238600 0.770600 -0.591000
vn -0.378100 0.901400 0.210800
vn -0.387400 0.874300 0.292600
vn -0.474700 0.863500 0.170400
vn 0.236700 0.770500 -0.591800
vn -0.044400 0.862200 -0.504600
vn 0.000000 0.863000 -0.505100
vn 0.961000 -0.077900 -0.265500
vn 0.992300 -0.082900 -0.091600
vn 0.995000 -0.073600 0.067300
vn 0.920800 0.083900 -0.381000
vn 0.928000 -0.068100 -0.366300
vn 0.000000 0.919100 -0.393900
vn 0.515300 0.665500 -0.540000
vn 0.330500 0.636300 -0.697000
vn 0.268700 0.693100 -0.668900
vn -0.283200 0.531800 -0.798100
vn -0.321200 0.422800 -0.847400
vn -0.172200 0.723600 -0.668400
vn -0.127100 0.792600 -0.596400
vn -0.983500 -0.177600 -0.034400
vn -0.967700 -0.247200 -0.050300
vn -0.932600 -0.322300 -0.162600
vn -0.674100 -0.432700 -0.598700
vn -0.987300 -0.077200 0.139200
vn -0.989700 -0.055800 0.131900
vn -0.914600 -0.076000 -0.397200
vn 0.989700 -0.055800 0.131900
vn 0.993500 -0.036300 0.107700
vn 0.912500 -0.054500 0.405400
vn -0.211500 0.702700 -0.679300
vn -0.101300 0.817100 -0.567600
vn -0.640800 -0.684600 0.347400
vn -0.408400 0.147000 -0.900900
vn -0.415100 0.112700 -0.902800
vn -0.434300 0.090100 -0.896200
vn 0.246300 0.896600 0.368000
vn 0.191200 0.924100 0.330900
vn -0.106700 0.807300 -0.580400
vn 0.873500 -0.076200 0.480800
vn 0.982100 -0.080900 0.169900
vn 0.987300 -0.077200 0.139200
vn -0.101400 0.817000 -0.567700
vn -0.030000 0.844700 -0.534400
vn -0.173200 0.771700 -0.611900
vn 0.000000 0.843200 -0.537600
vn 0.030000 0.844700 -0.534500
vn 0.173200 0.771700 -0.611900
vn -0.818400 -0.216700 0.532300
vn -0.788600 -0.269800 0.552600
vn -0.834300 -0.470900 0.286800
vn -0.571500 -0.724500 0.385300
vn -0.504900 -0.837300 0.209900
vn 0.211500 0.702800 -0.679200
vn 0.117600 0.798300 -0.590700
vn 0.097600 0.811800 -0.575700
vn -0.983200 -0.102300 0.151000
vn -0.992700 -0.033200 0.115800
vn -0.985100 -0.079900 0.152600
vn -0.634800 0.064600 -0.770000
vn 0.722100 -0.691800 -0.004400
vn -0.859900 -0.510400 0.003100
vn -0.360600 -0.796200 0.485900
vn -0.684600 -0.611800 0.396300
vn 0.006600 -0.350600 0.936500
vn 0.026800 -0.350900 0.936000
vn 0.022900 -0.123400 0.992100
vn 0.283200 0.531800 -0.798100
vn 0.172200 0.723600 -0.668400
vn 0.321200 0.422900 -0.847300
vn -0.248900 0.290600 -0.923900
vn -0.254600 0.199800 -0.946200
vn -0.178800 0.593200 -0.785000
vn -0.132700 0.718600 -0.682700
vn -0.091600 0.676100 -0.731100
vn -0.011500 0.741600 -0.670700
vn 0.091600 0.676100 -0.731100
vn -0.124300 -0.113300 -0.985800
vn 0.132700 0.718600 -0.682700
vn 0.178800 0.593200 -0.785000
vn 0.249000 0.290700 -0.923900
vn 0.254600 0.199800 -0.946200
vn -0.122200 0.092100 -0.988200
vn 0.000100 1.000000 0.000200
vn -0.105000 0.249500 -0.962700
vn -0.040400 0.541400 -0.839800
vn -0.025100 0.459200 -0.888000
vn -0.002900 0.489100 -0.872200
vn 0.047000 0.978400 -0.201100
vn 0.596300 0.729900 -0.334100
vn 0.040400 0.541300 -0.839900
vn 0.105000 0.249500 -0.962700
vn 0.122200 0.092000 -0.988200
vn 0.120900 0.060500 -0.990800
vn -0.912500 -0.054500 0.405400
vn -0.939900 -0.038300 0.339200
vn -0.993500 -0.036300 0.107700
vn -0.907300 -0.064300 0.415600
vn -0.908400 -0.057800 0.414000
vn -0.873500 -0.076200 0.480800
vn -0.901200 -0.076700 0.426500
vn -0.308000 0.233600 -0.922300
vn 0.314200 -0.868400 0.383500
vn -0.606600 -0.674900 -0.420200
vn 0.696700 -0.583000 0.418100
vn -0.468100 -0.882200 0.051100
vn 0.914600 -0.076000 -0.397200
vn -0.575400 -0.610000 -0.544800
vn -0.639600 -0.737700 0.216100
vn -0.998700 -0.048500 -0.015100
vn -0.736000 -0.096600 -0.670000
vn -0.968600 -0.075300 -0.236800
vn 0.689800 -0.623800 0.367400
vn 0.688000 -0.555900 0.466400
vn 0.540700 -0.685200 0.487900
vn -0.995400 -0.084600 0.044200
vn -0.959400 -0.228300 -0.165500
vn -0.955700 -0.197800 -0.218100
vn -0.308400 -0.181200 -0.933800
vn 0.666700 0.737700 0.106200
vn -0.990300 -0.130800 0.046500
vn -0.930800 -0.305000 -0.201400
vn -0.655500 -0.727200 0.203800
vn -0.516600 -0.820400 0.245200
vn -0.632600 -0.774200 0.023200
vn -0.984400 -0.175800 0.011700
vn -0.954200 -0.293400 -0.058900
vn -0.913000 -0.378300 -0.152700
vn -0.916600 -0.349900 -0.193400
vn -0.373100 0.152000 -0.915300
vn -0.976000 -0.217700 0.000700
vn -0.909000 -0.415300 -0.034700
vn -0.846200 -0.523300 -0.100600
vn -0.864200 -0.482000 -0.144200
vn -0.558200 -0.707800 -0.433000
vn 0.788700 -0.610300 0.074300
vn -0.946600 -0.322500 0.003800
vn -0.792100 -0.609800 -0.026800
vn -0.497600 -0.830400 -0.250600
vn -0.673500 -0.739100 0.000000
vn 0.696500 -0.595100 0.401000
vn 0.705500 -0.702600 -0.092800
vn -0.927100 -0.374800 0.004100
vn -0.452300 -0.859800 0.237000
vn -0.453400 -0.891300 -0.004500
vn 0.000600 -0.882500 0.470300
vn -0.964700 -0.261300 -0.031700
vn -0.772100 -0.624000 0.120700
vn -0.539200 -0.748100 0.386800
vn -0.973100 -0.225300 -0.047100
vn -0.948800 -0.314000 0.035200
vn -0.906400 -0.393900 0.152600
vn -0.847100 -0.496000 0.190900
vn -0.540700 -0.685200 0.487900
vn -0.689900 -0.623800 0.367400
vn -0.991000 -0.086100 0.102900
vn -0.996400 0.081100 0.024200
vn -0.987100 -0.150000 -0.055300
vn -0.976000 -0.214300 0.038700
vn -0.948200 -0.266400 0.173300
vn -0.883500 -0.420800 0.205900
vn -0.609800 -0.502600 0.612800
vn 0.969300 0.245700 0.000000
vn -0.989100 -0.092700 0.114100
vn -0.941600 -0.126400 0.312300
vn -0.841000 -0.143500 0.521700
vn -0.920900 -0.302800 0.245500
vn -0.310000 -0.184700 0.932600
vn -0.673500 -0.434500 0.598000
vn -0.554800 -0.688600 -0.466900
vn -0.421500 -0.870400 -0.254500
vn -0.991100 -0.055900 -0.120500
vn -0.995200 -0.074300 0.064200
vn -0.909500 0.004700 0.415700
vn -0.839400 -0.168900 0.516600
vn -0.404000 -0.601500 0.689200
vn -0.969800 -0.231000 -0.078800
vn -0.922200 -0.379500 -0.073600
vn -0.887100 -0.425100 -0.180100
vn -0.987100 -0.082900 -0.137200
vn -0.986600 -0.064100 -0.149900
vn -0.988400 -0.069700 -0.135200
vn 0.796500 -0.585800 -0.149700
vn -0.977400 -0.155100 -0.143500
vn -0.982300 -0.076700 -0.171000
vn -0.959200 0.245800 0.139600
vn 0.702200 -0.705800 0.093300
vn -0.969100 -0.220700 -0.110500
vn -0.985200 -0.104100 -0.136500
vn -0.870800 0.479800 -0.106900
vn -0.961000 -0.077900 -0.265500
vn -0.928000 -0.068100 -0.366300
vn 0.710800 -0.700100 0.067700
vn 0.699700 -0.708400 0.092900
vn -0.992200 -0.124600 -0.008700
vn -0.967500 0.253000 -0.003400
vn -0.961600 0.243800 -0.125900
vn -0.858600 0.512300 -0.017300
vn -0.615900 -0.475000 -0.628500
vn -0.673500 -0.598000 -0.434500
vn 0.696800 -0.714200 0.066300
vn -0.975700 -0.208600 0.067600
vn -0.975300 -0.210300 0.067600
vn 0.639500 -0.737700 0.216200
vn 0.307900 0.233500 -0.922300
vn 0.000000 -0.105000 -0.994500
vn 0.000000 0.000000 -1.000000
vn 0.178100 0.733800 -0.655600
vn -0.061700 0.751300 -0.657000
vn 0.355300 0.697600 0.622200
vn -0.007600 0.103500 -0.994600
vn -0.001600 0.104600 -0.994500
vn -0.008700 0.104900 -0.994400
vn -0.972700 -0.231300 0.016000
vn -0.981600 -0.125200 0.144500
vn -0.963700 0.232100 0.132200
vn -0.864400 0.493800 0.094900
vn 0.351600 0.902300 0.249600
vn 0.460000 0.865100 0.200100
vn 0.433900 0.889500 0.143400
vn 0.348000 0.814200 0.464800
vn 0.603900 0.623500 0.496500
vn 0.521100 0.532500 0.667000
vn 0.969300 -0.245700 0.000000
vn 0.673500 -0.739100 0.000000
vn 0.360200 -0.932900 0.008100
vn 0.421500 -0.870400 -0.254500
vn -0.696500 -0.595100 0.401000
vn -0.431800 -0.867000 0.248600
vn -0.696500 -0.711700 -0.091700
vn 0.726500 -0.687200 0.000000
vn -0.980100 -0.107500 0.166700
vn 0.841000 -0.143500 0.521700
vn 0.726500 0.687200 0.000000
vn -0.751900 -0.648300 -0.120000
vn -0.674100 -0.738200 -0.025900
vn 0.971000 -0.061500 -0.230900
vn 0.998700 -0.048500 -0.015100
vn -0.944800 -0.302800 -0.125400
vn -0.779800 -0.585600 0.221300
vn 0.986600 -0.064100 -0.149900
vn -0.010100 0.232800 -0.972500
vn -0.010100 0.173600 -0.984800
vn -0.010700 0.173800 -0.984700
vn -0.974400 -0.171900 0.144700
vn -0.971100 -0.190100 0.144600
vn -0.795400 -0.583000 0.165900
vn 0.664000 -0.196600 0.721400
vn 0.360500 0.877300 0.316700
vn -0.966700 0.194700 0.166100
vn -0.881300 0.453500 0.133000
vn -0.728800 0.296600 0.617200
vn -0.563600 -0.155400 0.811300
vn -0.734900 -0.179900 0.653900
vn 0.696500 -0.711700 -0.091700
vn -0.981900 -0.126600 0.140900
vn -0.995000 -0.073600 0.067300
vn -0.828200 -0.558300 -0.047900
vn -0.174700 0.913800 0.366700
vn -0.664000 -0.196600 -0.721400
vn -0.726500 0.687200 0.000000
vn -0.397100 0.842900 0.363000
vn -0.398000 0.838400 0.372500
vn -0.406700 0.836300 0.367600
vn 0.997600 0.069300 0.000000
vn 0.399500 0.839000 -0.369500
vn -0.426600 0.615600 -0.662600
vn -0.482800 0.591600 -0.645800
vn -0.423700 0.626200 -0.654500
vn -0.649400 0.646100 0.401000
vn -0.137500 0.916600 0.375400
vn 0.040700 0.864500 0.501000
vn 0.207800 0.589500 -0.780600
vn 0.313300 0.484900 -0.816500
vn 0.249800 0.478800 -0.841600
vn 0.399300 -0.868000 0.295300
vn -0.288300 0.901200 0.323700
vn 0.000000 0.279600 0.960100
vn 0.000000 0.080500 -0.996800
vn -0.974400 -0.171800 0.144700
vn 0.404000 -0.601500 0.689200
vn 0.492800 -0.590700 -0.638900
vn 0.857500 -0.496100 -0.136300
vn -0.859800 -0.072400 -0.505500
vn -0.857200 -0.089800 -0.507100
vn -0.981400 -0.108000 0.158900
vn 0.208300 -0.809100 -0.549500
vn 0.151200 -0.746600 -0.647900
vn 0.331500 0.779400 -0.531600
vn -0.915700 0.396400 -0.065600
vn -0.920800 0.083900 -0.381000
vn -0.026900 -0.123300 0.992000
vn -0.090500 -0.126100 0.987900
vn -0.098400 -0.352200 0.930700
vn -0.992300 -0.083800 -0.091700
vn -0.962500 -0.139300 -0.232800
vn -0.860300 -0.126600 -0.493800
vn -0.788300 -0.084100 -0.609500
vn -0.014500 0.939500 -0.342300
vn -0.989800 -0.142400 0.001200
vn -0.950500 -0.242300 -0.194500
vn -0.957900 -0.184100 -0.220100
vn -0.348500 -0.178900 -0.920100
vn -0.977200 -0.212400 0.003100
vn -0.918600 -0.337500 -0.205400
vn -0.940800 -0.339000 -0.003400
vn -0.795000 -0.584100 -0.163700
vn -0.905000 -0.076800 0.418500
vn -0.879900 -0.475100 -0.005400
vn -0.746500 -0.663500 0.050000
vn -0.060900 0.579400 0.812700
vn -0.064300 0.191800 0.979300
vn -0.046200 0.537200 0.842200
vn -0.779100 -0.608600 0.150300
vn -0.812700 -0.577800 0.075500
vn -0.360200 -0.932900 0.008100
vn -0.908400 -0.407400 0.093600
vn -0.457900 0.564700 -0.686600
vn -0.412600 0.614100 -0.672800
vn -0.430400 0.628900 -0.647500
vn -0.455500 -0.719200 0.524700
vn -0.698500 -0.597800 0.393400
vn -0.531600 -0.575700 0.621300
vn -0.689900 -0.526300 0.497100
vn -0.991000 -0.095000 -0.094500
vn -0.969300 -0.161800 0.185400
vn -0.234100 -0.202300 0.950900
vn -0.678700 -0.416700 0.604800
vn -0.611300 -0.149300 0.777200
vn -0.335900 -0.086100 0.938000
vn -0.647700 -0.608600 0.458300
vn 0.976000 -0.214300 0.038700
vn 0.989100 -0.092700 0.114100
vn -0.860700 -0.066100 -0.504900
vn -0.857100 -0.090400 -0.507200
vn -0.876000 -0.091800 -0.473600
vn -0.883500 -0.092300 -0.459200
vn -0.930200 -0.098100 -0.353800
vn 0.050100 -0.646200 -0.761500
vn 0.795400 -0.583000 0.165900
vn 0.450000 -0.847700 -0.281000
vn 0.885700 -0.457400 0.080000
vn 0.948000 -0.306400 -0.086200
vn 0.950400 -0.179100 -0.254200
vn 0.006300 -0.008500 0.999900
vn 0.006500 -0.122200 0.992500
vn 0.632600 -0.774200 0.023200
vn 0.516600 -0.820400 0.245200
vn 0.655500 -0.727200 0.203800
vn 0.969800 -0.231000 -0.078800
vn 0.977200 -0.212400 0.003100
vn 0.989800 -0.142400 0.001200
vn 0.673500 -0.703000 -0.228400
vn 0.554800 -0.688600 -0.466900
vn 0.751900 -0.648300 -0.120000
vn 0.828200 -0.558300 -0.047900
vn 0.922200 -0.379500 -0.073600
vn -0.486600 0.777700 0.397900
vn -0.649400 0.738500 0.181700
vn -0.720000 0.681500 0.130700
vn -0.665400 0.739100 0.104900
vn 0.673500 -0.703000 0.228400
vn 0.232800 -0.930400 0.283200
vn 0.640800 -0.684600 0.347400
vn 0.779800 -0.585600 0.221300
vn -0.050100 -0.646200 -0.761500
vn -0.056700 -0.241900 0.968600
vn 0.647700 -0.608600 0.458300
vn -0.845200 -0.520800 0.119900
vn 0.908400 -0.407400 0.093600
vn 0.028900 0.537900 0.842500
vn 0.024900 0.581600 0.813100
vn -0.850800 -0.514900 0.104700
vn 0.746500 -0.663500 0.050000
vn 0.779100 -0.608600 0.150300
vn 0.755700 -0.158700 -0.635400
vn 0.717600 -0.103100 -0.688800
vn 0.732600 -0.073300 -0.676700
vn -0.796500 -0.585800 -0.149800
vn -0.260800 -0.341600 -0.902900
vn -0.030400 -0.306600 -0.951400
vn -0.080700 -0.340800 -0.936700
vn -0.503300 0.535000 -0.678600
vn -0.572200 0.486600 -0.660200
vn -0.488000 0.503500 -0.713000
vn -0.969300 -0.245700 0.000000
vn -0.002400 -0.138700 0.990300
vn -0.141900 -0.131200 0.981100
vn -0.090700 0.576000 0.812400
vn 0.939900 -0.038300 0.339200
vn 0.908400 -0.057800 0.414000
vn 0.907300 -0.064300 0.415600
vn 0.905000 -0.076800 0.418500
vn 0.901200 -0.076700 0.426500
vn 0.606600 -0.674900 -0.420200
vn 0.003200 0.321600 0.946900
vn 0.575400 -0.610000 -0.544800
vn -0.399200 -0.868000 0.295300
vn 0.977500 -0.112100 -0.178500
vn 0.736000 -0.096600 -0.670000
vn 0.968600 -0.075300 -0.236800
vn 0.663900 -0.196400 -0.721600
vn -0.794900 -0.598300 -0.100800
vn 0.983500 -0.177600 -0.034400
vn 0.995400 -0.084600 0.044200
vn 0.674100 -0.432700 -0.598700
vn 0.308400 -0.181200 -0.933800
vn 0.528100 0.747900 -0.402200
vn 0.967700 -0.247200 -0.050300
vn 0.990300 -0.130800 0.046500
vn 0.932600 -0.322300 -0.162700
vn 0.930800 -0.305000 -0.201400
vn 0.689900 -0.548200 -0.472800
vn 0.613800 -0.480700 -0.626300
vn 0.360600 -0.796200 0.485900
vn 0.954200 -0.293400 -0.058900
vn 0.984300 -0.175900 0.011700
vn 0.916600 -0.349900 -0.193400
vn 0.689300 -0.616800 -0.380100
vn 0.570500 -0.644900 -0.508500
vn 0.773900 -0.571100 0.273800
vn 0.909000 -0.415300 -0.034700
vn 0.976000 -0.217700 0.000700
vn 0.558200 -0.707800 -0.433000
vn 0.871500 -0.490200 0.011000
vn 0.946600 -0.322500 0.003800
vn 0.789200 -0.614200 0.001300
vn 0.792100 -0.609800 -0.026800
vn 0.673600 -0.739100 0.000000
vn 0.497600 -0.830400 -0.250600
vn 0.940400 -0.339800 0.012000
vn 0.927100 -0.374700 0.004200
vn 0.881800 -0.467600 0.061000
vn 0.800500 -0.587100 0.120400
vn 0.452300 -0.859800 0.237000
vn 0.453400 -0.891300 -0.004400
vn 0.858600 0.512300 -0.017300
vn 0.967400 0.253100 -0.003400
vn 0.961600 0.243800 -0.125900
vn 0.964700 -0.261300 -0.031700
vn 0.928100 -0.369300 0.046900
vn 0.772100 -0.624000 0.120700
vn 0.874400 -0.464100 0.141700
vn 0.675300 -0.703400 0.221700
vn 0.539200 -0.748000 0.386900
vn 0.974400 -0.171800 0.144700
vn 0.973100 -0.225300 -0.047100
vn 0.948800 -0.314000 0.035300
vn 0.847100 -0.496000 0.190900
vn 0.906400 -0.393900 0.152600
vn 0.026300 0.967400 -0.251900
vn 0.987100 -0.150000 -0.055300
vn 0.609800 -0.502600 0.612800
vn 0.216800 0.871400 -0.440100
vn 0.000000 0.670700 -0.741800
vn 0.673500 -0.434500 0.598000
vn 0.310000 -0.184700 0.932600
vn 0.663900 -0.196400 0.721600
vn 0.987100 -0.082900 -0.137200
vn 0.988400 -0.069700 -0.135200
vn 0.845200 -0.520800 0.119900
vn -0.671100 -0.582600 -0.458600
vn -0.788700 -0.610300 0.074300
vn -0.378500 -0.876000 -0.298900
vn 0.977400 -0.155100 -0.143500
vn 0.959200 0.245800 0.139600
vn -0.699700 -0.708400 0.092900
vn 0.870800 0.479800 -0.106900
vn -0.696800 -0.714200 0.066300
vn -0.702200 -0.705800 0.093300
vn 0.992200 -0.124600 -0.008700
vn -0.690700 -0.723100 -0.004200
vn -0.710800 -0.700100 0.067700
vn 0.975300 -0.210300 0.067600
vn 0.972700 -0.231300 0.016000
vn 0.963700 0.232100 0.132200
vn 0.864400 0.493800 0.094900
vn -0.693900 -0.715700 -0.079100
vn -0.722100 -0.691800 -0.004400
vn -0.736200 0.384000 -0.557300
vn -0.656300 0.396900 0.641700
vn -0.163900 0.639500 0.751100
vn 0.127400 0.863900 0.487300
vn 0.222800 0.564000 0.795200
vn 0.591600 -0.776200 -0.218200
vn 0.191600 -0.340500 -0.920500
vn 0.001000 -0.306400 -0.951900
vn 0.228000 -0.309000 -0.923300
vn 0.000000 -0.793600 0.608400
vn 0.268800 0.859200 0.435400
vn -0.107800 0.924100 0.366500
vn 0.052600 0.887700 0.457400
vn 0.378000 0.907400 0.183500
vn -0.000100 0.650100 -0.759900
vn 0.969300 -0.161800 0.185400
vn 0.991000 -0.095000 -0.094500
vn -0.829700 -0.043500 -0.556500
vn 0.545600 -0.118700 -0.829600
vn -0.272500 -0.962100 0.000000
vn 0.881300 0.453500 0.133000
vn -0.705500 -0.702600 -0.092800
vn 0.981900 -0.126600 0.140900
vn 0.673500 -0.598000 -0.434500
vn 0.673500 -0.434500 -0.598000
vn 0.938000 -0.045100 -0.343800
vn 0.976800 -0.140500 0.161400
vn 0.918600 -0.337500 -0.205400
vn 0.887100 -0.425100 -0.180100
vn -0.064600 0.077600 0.994900
vn -0.578700 0.813400 0.058900
vn 0.985100 -0.079900 0.152600
vn 0.980100 -0.107500 0.166700
vn -0.660200 -0.057700 0.748900
vn -0.034700 0.580900 0.813200
vn 0.082900 0.862800 -0.498700
vn 0.978700 0.155500 0.134100
vn -0.449500 -0.024400 -0.893000
vn -0.640000 -0.040300 -0.767300
vn 0.915700 0.396400 -0.065600
vn 0.208400 0.908400 0.362500
vn -0.437500 -0.852800 0.285200
vn 0.962500 -0.139300 -0.232800
vn 0.788300 -0.084100 -0.609500
vn -0.137500 0.862300 0.487300
vn 0.348500 -0.178900 -0.920100
vn 0.615900 -0.475000 -0.628600
vn -0.975100 -0.154300 0.159400
vn 0.940800 -0.339000 -0.003400
vn 0.795000 -0.584100 -0.163700
vn -0.450000 -0.847700 -0.281000
vn 0.879900 -0.475100 -0.005400
vn 0.674100 -0.738200 -0.025900
vn 0.812700 -0.577800 0.075500
vn 0.504900 -0.837300 0.209900
vn 0.944800 -0.302800 -0.125400
vn 0.571500 -0.724500 0.385300
vn 0.455500 -0.719200 0.524700
vn 0.698500 -0.597800 0.393400
vn 0.895100 -0.416100 0.160000
vn 0.689900 -0.526200 0.497100
vn 0.531600 -0.575700 0.621300
vn 0.834300 -0.470900 0.286800
vn 0.818400 -0.216700 0.532300
vn 0.234000 -0.202300 0.950900
vn -0.778100 -0.074300 0.623700
vn 0.611300 -0.149300 0.777200
vn 0.788600 -0.269800 0.552600
vn 0.335900 -0.086100 0.938000
vn 0.829700 -0.043600 -0.556500
vn 0.876000 -0.091800 -0.473600
vn 0.857100 -0.090400 -0.507200
vn -0.591600 -0.776200 -0.218100
vn 0.857200 -0.089800 -0.507100
vn 0.004500 0.233900 -0.972300
vn 0.000000 0.771000 -0.636900
vn -0.422500 0.614700 -0.666100
vn -0.973500 -0.169800 0.153100
vn 0.108300 0.703100 -0.702800
vn -0.723600 0.134700 -0.677000
vn -0.561600 0.177000 -0.808200
vn -0.741500 0.064600 -0.667800
vn -0.312300 0.233000 -0.921000
vn -0.315400 0.225300 -0.921800
vn -0.313200 0.230700 -0.921200
vn 0.555700 0.699500 0.449300
vn -0.179700 0.241000 -0.953700
vn -0.315900 0.224000 -0.922000
vn -0.232600 -0.197600 -0.952300
vn -0.001800 -0.485500 0.874200
vn -0.112700 0.244000 -0.963200
vn -0.112600 0.242900 -0.963500
vn -0.112800 0.244500 -0.963100
vn 0.012500 0.233900 -0.972200
vn 0.003300 -0.291800 -0.956500
vn 0.002500 -0.292700 -0.956200
vn -0.433600 0.216800 -0.874700
vn -0.304200 0.233000 -0.923700
vn -0.225700 0.179700 -0.957500
vn -0.232700 0.182200 -0.955300
vn -0.358400 0.230400 -0.904700
vn -0.205500 0.191700 -0.959700
vn -0.220100 0.228700 -0.948300
vn -0.278700 0.228800 -0.932700
vn -0.080600 0.175600 -0.981200
vn -0.101400 0.176200 -0.979100
vn -0.176600 0.236000 -0.955600
vn -0.908700 -0.056600 0.413700
vn 0.044400 0.862200 -0.504600
vn 0.004400 0.234000 -0.972200
vn 0.141000 0.453300 -0.880200
vn -0.027200 0.232700 -0.972200
vn -0.020900 0.234000 -0.972000
vn 0.545500 -0.118700 -0.829600
vn 0.139400 0.922400 0.360100
vn 0.643700 -0.053300 -0.763400
vn 0.453200 -0.026500 -0.891000
vn -0.105000 0.828700 -0.549700
vn 0.578800 0.813300 0.058900
vn 0.568000 0.821300 0.053700
vn -0.119900 0.109000 -0.986800
vn -0.416900 0.854000 0.311100
vn 0.027100 0.233700 -0.971900
vn 0.011500 0.175000 -0.984500
vn 0.016700 0.233100 -0.972300
vn 0.007600 0.173500 -0.984800
vn -0.233900 0.636000 -0.735400
vn -0.287600 0.524400 -0.801400
vn -0.242900 0.487200 -0.838800
vn 0.437500 -0.852800 0.285200
vn 0.225000 0.233800 -0.945900
vn 0.124500 -0.112200 -0.985900
vn 0.124400 -0.112800 -0.985800
vn 0.124300 -0.113300 -0.985800
vn 0.443100 0.221600 -0.868700
vn -0.702600 0.024300 -0.711100
vn 0.225500 0.239300 -0.944400
vn 0.252200 0.185900 -0.949600
vn 0.350100 0.225100 -0.909300
vn -0.009300 0.103900 -0.994500
vn 0.247800 0.234200 -0.940100
vn 0.422700 0.202900 -0.883300
vn 0.414400 0.150400 -0.897600
vn 0.314800 0.232800 -0.920200
vn 0.000000 -0.349000 0.937100
vn 0.008700 -0.349500 0.936900
vn 0.007800 -0.121200 0.992600
vn 0.648400 0.148600 -0.746600
vn 0.623800 0.109700 -0.773800
vn 0.723400 0.127900 -0.678400
vn 0.732500 0.099700 -0.673500
vn -0.745900 0.036400 -0.665000
vn -0.745600 0.037300 -0.665400
vn -0.745600 0.037200 -0.665400
vn -0.705400 0.018600 -0.708600
vn -0.726400 -0.022300 -0.686900
vn 0.272500 -0.962100 0.000000
vn -0.187200 0.923800 -0.334000
vn -0.749100 0.029100 -0.661800
vn -0.756900 -0.071700 -0.649600
vn -0.512200 0.078900 -0.855300
vn -0.745100 0.038300 -0.665900
vn 0.084700 -0.126700 0.988300
vn 0.329600 0.091100 -0.939700
vn 0.330700 0.096900 -0.938700
vn -0.832900 -0.539500 -0.123600
vn -0.328900 0.099900 -0.939100
vn -0.331000 0.093800 -0.939000
vn -0.329900 0.097000 -0.939000
vn -0.853600 -0.511800 -0.097500
vn -0.391400 0.131600 -0.910800
vn -0.331900 0.091000 -0.938900
vn 0.660200 -0.057600 0.748900
vn 0.722600 0.281400 0.631500
vn 0.001500 -0.193100 -0.981200
vn 0.232300 -0.196500 -0.952600
vn -0.163700 0.105200 -0.980900
vn -0.336000 0.362900 0.869200
vn -0.140400 0.921200 0.362800
vn -0.077900 0.104200 -0.991500
vn -0.056600 0.106800 -0.992700
vn 0.000000 -0.120800 0.992700
vn 0.002900 -0.996200 0.087100
vn -0.000500 -0.883200 0.468900
vn -0.000600 -0.882400 0.470500
vn -0.358400 0.230500 -0.904700
vn 0.026300 0.967400 -0.252000
vn -0.030300 -0.009500 0.999500
vn 0.073700 0.789300 -0.609600
vn 0.373900 -0.766700 -0.521800
vn -0.498800 0.863900 0.069700
vn 0.757800 -0.120900 -0.641200
vn 0.079800 0.106600 -0.991100
vn 0.055200 0.104400 -0.993000
vn 0.168000 0.108100 -0.979800
vn 0.116700 0.106100 -0.987500
vn 0.120400 0.109000 -0.986700
vn 0.330000 0.093100 -0.939400
vn 0.378400 0.154900 -0.912600
vn 0.420600 0.116700 -0.899700
vn 0.331300 0.099800 -0.938200
vn 0.249700 -0.701800 -0.667200
vn 0.624800 0.058700 -0.778600
vn 0.627600 0.010600 -0.778500
vn 0.930200 -0.098100 -0.353800
vn 0.518500 0.078400 -0.851500
vn 0.980200 -0.108500 0.165500
vn -0.217700 0.717400 -0.661800
vn 1.000000 0.000000 0.000000
vn -0.980200 -0.108600 0.165500
vn -0.979200 -0.128000 0.157500
vn 0.638400 -0.031100 -0.769100
vn 0.452400 -0.017900 -0.891600
vn 0.438700 0.099000 -0.893200
vn 0.746800 0.029300 -0.664400
vn 0.746800 0.029400 -0.664400
vn 0.747000 0.030300 -0.664100
vn -0.005200 -0.008600 0.999900
vn -0.006100 -0.122400 0.992500
vn 0.734200 -0.027900 -0.678400
vn 0.732500 -0.021300 -0.680400
vn 0.753000 -0.018300 -0.657700
vn 0.367700 0.871200 0.325100
vn 0.748200 0.036900 -0.662500
vn 0.747400 0.032400 -0.663600
vn 0.222800 0.974900 0.000000
vn -0.585400 0.525100 0.617700
vn 0.722800 0.014900 -0.690900
vn -0.364000 0.907400 0.210000
vn -0.422300 0.891300 0.165000
vn -0.349000 0.876900 0.330600
vn 0.222700 0.190700 -0.956000
vn -0.751800 -0.197700 -0.629100
vn -0.733900 -0.120000 -0.668600
vn -0.717900 -0.145900 -0.680700
vn 0.403200 0.843500 0.354900
vn 0.272500 0.962100 0.000000
vn -0.246400 -0.711500 -0.658100
vn -0.374000 -0.760300 -0.531100
vn 0.420200 -0.674400 0.607100
vn -0.546300 -0.128000 -0.827800
vn -0.545400 -0.125000 -0.828800
vn -0.546300 -0.127800 -0.827800
vn 0.000000 0.232800 -0.972500
vn 0.637800 0.086800 -0.765300
vn 0.632500 0.071700 -0.771300
vn -0.309800 0.882500 0.353800
vn -0.322300 0.877700 0.354700
vn -0.452400 -0.063000 -0.889600
vn -0.641900 -0.051100 -0.765100
vn -0.543300 -0.118600 -0.831100
vn -0.268400 0.766700 -0.583200
vn -0.655000 -0.190100 -0.731300
vn -0.654900 -0.082000 -0.751300
vn -0.645200 -0.065000 -0.761200
vn -0.338300 -0.115000 -0.934000
vn -0.339600 -0.120200 -0.932900
vn -0.339000 -0.117700 -0.933400
vn -0.232100 -0.059000 -0.970900
vn -0.340400 -0.123300 -0.932200
vn 0.232100 0.636700 -0.735300
vn 0.415700 0.909400 -0.016300
vn 0.116600 -0.105900 -0.987500
vn 0.414300 0.613200 -0.672600
vn 0.286200 0.525300 -0.801300
vn 0.459100 0.563800 -0.686600
vn 0.010300 -0.056400 -0.998400
vn 0.085500 -0.185800 -0.978900
vn -0.015400 -0.048000 -0.998700
vn 0.071300 -0.109900 -0.991400
vn -0.039800 -0.047700 -0.998100
vn 0.055500 -0.104800 -0.992900
vn 0.023700 0.979900 0.198200
vn 0.001800 -0.065300 -0.997900
vn -0.006400 -0.057800 -0.998300
vn 0.033600 -0.107700 -0.993600
vn -0.002000 0.104600 -0.994500
vn -0.940200 -0.038100 0.338500
vn -0.037600 -0.874300 0.483900
vn 0.006700 -0.105000 -0.994400
vn 0.006900 -0.104900 -0.994500
vn 0.001500 -0.105900 -0.994400
vn 0.228000 0.186100 -0.955700
vn -0.000100 0.104100 -0.994600
vn -0.429600 -0.673500 0.601600
vn -0.576800 -0.723000 0.380300
vn 0.739900 -0.672700 0.000000
vn 0.538500 0.580700 -0.610600
vn 0.355300 -0.722200 -0.593500
vn 0.693900 -0.116100 -0.710700
vn 0.469100 0.782000 -0.410400
vn -0.210500 0.187400 -0.959500
vn -0.980900 0.149000 0.125100
vn 0.979200 -0.128000 0.157500
vn -0.064300 -0.107100 -0.992200
vn -0.056800 -0.107300 -0.992600
vn -0.024700 -0.057800 -0.998000
vn -0.083200 -0.186900 -0.978900
vn -0.032200 -0.064700 -0.997400
vn -0.032800 -0.105200 -0.993900
vn -0.012900 -0.066000 -0.997700
vn -0.119700 -0.108800 -0.986800
vn 0.908700 -0.056600 0.413700
vn 0.068700 -0.048800 -0.996400
vn 0.001100 -0.057400 -0.998300
vn -0.069500 -0.107100 -0.991800
vn -0.063100 -0.107200 -0.992200
vn -0.202500 0.588200 -0.783000
vn -0.008100 -0.192400 -0.981300
vn -0.004500 0.233900 -0.972300
vn 0.338200 -0.123200 -0.933000
vn 0.339700 -0.118200 -0.933100
vn 0.021900 -0.009300 0.999700
vn 0.000000 0.981700 -0.190200
vn 0.338700 -0.121400 -0.933000
vn 0.340600 -0.115000 -0.933200
vn 0.296700 -0.062900 -0.952900
vn 0.232800 -0.058000 -0.970800
vn 0.544900 -0.121500 -0.829600
vn 0.545500 -0.119200 -0.829600
vn -0.997600 0.069300 0.000000
vn 0.853600 -0.511800 -0.097500
vn 0.788600 -0.269700 0.552600
vn 0.834000 -0.100500 0.542500
vn 0.981400 -0.108000 0.158800
vn -0.245600 -0.147600 0.958100
vn 0.045300 0.971300 -0.233500
vn 0.112800 0.244500 -0.963100
vn 0.543500 -0.127900 -0.829600
vn -0.001200 -0.105500 -0.994400
vn 0.498800 0.863900 0.069700
vn 0.492700 0.867600 0.067000
vn -0.969300 0.245700 0.000000
vn -0.736000 -0.065400 -0.673800
vn 0.005800 -0.337100 -0.941500
vn -0.642700 -0.277100 -0.714200
vn -0.740300 -0.265800 -0.617500
vn -0.435100 -0.305700 -0.846900
vn -0.228200 -0.309400 -0.923100
vn 0.073800 -0.297500 -0.951900
vn 0.720600 0.681000 0.130100
vn 0.003600 -0.183000 -0.983100
vn 0.223300 -0.363800 0.904300
vn -0.019700 -0.364100 0.931100
vn 0.000000 -1.000000 0.000000
vn -1.000000 0.000000 0.000000
vn 0.316300 0.491800 -0.811200
vn -0.003300 -0.183200 -0.983100
vn -0.001900 -0.291900 -0.956400
vn 0.983400 -0.104700 0.147900
vn -0.059500 -0.298400 -0.952600
vn 0.442400 -0.197200 -0.874900
vn 0.432000 -0.304000 -0.849100
vn 0.643400 -0.274600 -0.714600
vn 0.744400 -0.249700 -0.619300
vn -0.671600 -0.291500 -0.681100
vn -0.736700 -0.277800 -0.616600
vn -0.461700 -0.328900 -0.823800
vn 0.033800 -0.333400 -0.942200
vn 0.016000 -0.326500 -0.945100
vn 0.001900 -0.323300 -0.946300
vn 0.014400 0.939500 -0.342300
vn -0.989500 -0.001100 0.144800
vn 0.277100 0.900700 0.334600
vn 0.398100 -0.079300 -0.913900
vn 0.441700 -0.056500 -0.895400
vn -0.001900 -0.323700 -0.946200
vn -0.016300 -0.328700 -0.944300
vn 0.010300 0.688100 0.725500
vn 0.014300 0.687900 0.725600
vn 0.393500 -0.340500 -0.853900
vn 0.598900 -0.311600 -0.737700
vn 0.736600 -0.282800 -0.614400
vn -0.343300 -0.901600 -0.263200
vn -0.479000 -0.653600 0.586000
vn 0.033400 -0.982100 0.185600
vn 0.000000 -0.971700 0.236000
vn -0.232400 -0.880400 -0.413400
vn 0.007000 -0.992500 0.121900
vn -0.133000 -0.859400 -0.493700
vn 0.000700 -0.995100 0.099200
vn 0.001600 -0.866600 -0.498900
vn 0.000300 -0.865600 -0.500700
vn 0.133500 -0.859300 -0.493800
vn -0.000700 -0.995100 0.099200
vn 0.034900 -0.859000 -0.510800
vn 0.229000 -0.881100 -0.413900
vn -0.007000 -0.992500 0.121900
vn 0.343500 -0.902100 -0.261300
vn -0.033400 -0.982100 0.185600
vn -0.496100 -0.028100 -0.867800
vn -0.282200 0.079700 -0.956000
vn -0.285600 0.031900 -0.957800
vn -0.003800 0.078300 -0.996900
vn -0.001600 0.034100 -0.999400
vn 0.005500 0.078000 -0.996900
vn 0.003100 0.033800 -0.999400
vn 0.292600 0.038900 -0.955400
vn 0.290000 0.087200 -0.953000
vn 0.497900 -0.020800 -0.867000
vn -0.914900 -0.045900 0.401100
vn -0.893600 -0.091000 0.439500
vn -0.896000 -0.056000 0.440600
vn -0.239300 -0.025600 0.970600
vn 0.056600 -0.241900 0.968600
vn 0.914900 -0.045900 0.401100
vn 0.893600 -0.091000 0.439500
vn 0.896000 -0.056000 0.440600
vn 0.239300 -0.025600 0.970600
vn -0.620800 0.283700 0.730900
vn 0.478600 -0.652700 0.587300
vn -0.182100 0.981900 -0.052500
vn -0.165000 0.984400 -0.061500
vn -0.228100 0.972700 -0.043100
vn 0.027900 0.997500 -0.065300
vn -0.073700 0.995700 -0.055400
vn -0.112200 0.990900 -0.075000
vn 0.008900 0.997300 -0.073000
vn 0.021900 0.996100 -0.086000
vn -0.110600 0.990700 -0.079300
vn 0.038100 0.994700 -0.095000
vn 0.045200 0.994500 -0.094000
vn -0.027900 0.997500 -0.065300
vn -0.013800 0.997100 -0.075100
vn -0.012300 0.997200 -0.073500
vn -0.021900 0.996100 -0.086000
vn 0.164900 0.984400 -0.061400
vn 0.080200 0.994800 -0.063200
vn 0.182000 0.981900 -0.052500
vn 0.126400 0.989400 -0.071700
vn 0.203400 0.977800 -0.050600
vn -0.045200 0.994600 -0.093900
vn -0.025500 0.993800 -0.108400
vn 0.112200 0.990900 -0.075000
vn -0.019500 0.995200 -0.096200
vn -0.684800 -0.516700 0.513900
vn -0.435200 -0.625400 0.647700
vn -0.550500 -0.431300 0.714800
vn -0.746700 -0.326700 0.579400
vn -0.593400 0.284500 0.753000
vn -0.726600 0.362400 0.583700
vn -0.982100 -0.080900 0.169900
vn -0.525300 -0.340600 0.779800
vn -0.699800 -0.298700 0.648800
vn -0.177600 -0.675700 0.715500
vn -0.233600 -0.489700 0.840000
vn 0.024000 -0.009400 0.999700
vn -0.225300 -0.365100 0.903300
vn -0.031500 -0.682800 0.729900
vn -0.043900 -0.496100 0.867100
vn 0.365600 0.162600 -0.916500
vn 0.011500 -0.138800 0.990300
vn 0.570100 0.561600 -0.599700
vn 0.608400 0.486500 -0.627000
vn 0.378200 0.780300 -0.498200
vn 0.022700 -0.364100 0.931100
vn 0.007100 -0.681100 0.732100
vn 0.029100 -0.492700 0.869700
vn -0.026500 -0.009300 0.999600
vn 0.155600 -0.354900 0.921900
vn 0.002800 -0.678700 0.734400
vn 0.015900 -0.488700 0.872300
vn 0.036600 0.317600 0.947500
vn -0.969400 0.245700 0.000000
vn 0.096100 -0.352700 0.930800
vn -0.384100 0.583200 -0.715800
vn -0.382700 0.584900 -0.715200
vn 0.003400 -0.486600 0.873600
vn -0.524000 0.712900 -0.466100
vn -0.008100 -0.121200 0.992600
vn -0.009000 -0.349200 0.937000
vn -0.176600 0.236100 -0.955600
vn 0.454500 -0.052500 -0.889200
vn 0.001600 -0.486000 0.873900
vn 0.007300 -0.007700 0.999900
vn -0.006600 -0.350600 0.936500
vn -0.000400 -0.007100 1.000000
vn -0.008000 -0.007600 0.999900
vn 0.037300 -0.874900 0.482900
vn -0.505800 0.839300 -0.199300
vn -0.758000 -0.122600 -0.640600
vn -0.002700 -0.678200 0.734900
vn 0.001300 0.232600 -0.972600
vn 0.000400 -0.067300 -0.997700
vn -0.001600 -0.067400 -0.997700
vn -0.005700 -0.008500 0.999900
vn 0.491400 0.540800 -0.682700
vn 0.426800 0.581900 -0.692300
vn 0.525300 0.588500 -0.614600
vn 0.001400 -0.105600 -0.994400
vn -0.364000 0.847700 -0.385900
vn 0.040000 0.297100 0.954000
vn 0.050600 0.077800 0.995700
vn -0.028000 -0.350400 0.936200
vn -0.007100 -0.680200 0.733000
vn -0.021900 -0.489400 0.871800
vn 0.433500 0.813100 -0.388500
vn 0.251400 0.565600 -0.785500
vn 0.124500 -0.112000 -0.985900
vn -0.360600 0.012800 0.932600
vn -0.222800 0.974900 0.000000
vn -0.008800 -0.682700 0.730700
vn -0.031600 -0.493300 0.869300
vn -0.061400 0.314400 0.947300
vn 0.883500 -0.092300 -0.459200
vn -0.155400 -0.354500 0.922000
vn 0.079200 -0.683200 0.726000
vn 0.061300 -0.497000 0.865600
vn 0.036500 0.311400 0.949600
vn -0.843200 -0.486100 0.229700
vn 0.232600 -0.672400 0.702700
vn 0.239500 -0.493900 0.835900
vn 0.245400 0.298200 0.922400
vn 0.241800 -0.144600 0.959500
vn -0.722600 0.281400 0.631500
vn 0.566400 -0.580800 0.584700
vn 0.554600 -0.450100 0.699900
vn 0.578000 0.239800 0.780000
vn 0.561000 -0.139600 0.816000
vn 0.487500 -0.327400 0.809400
vn 0.686000 -0.523300 0.505500
vn 0.721900 -0.426000 0.545400
vn 0.784700 0.061400 0.616800
vn 0.753000 -0.106200 0.649400
vn 0.713700 -0.273000 0.645000
vn -0.504800 -0.393800 0.768200
vn -0.244900 -0.429400 0.869300
vn -0.021400 -0.431200 0.902000
vn 0.169000 -0.420200 0.891600
vn 0.116500 -0.418600 0.900700
vn 0.038200 -0.417500 0.907900
vn 0.005000 -0.416800 0.909000
vn 0.010700 -0.416100 0.909300
vn -0.007800 -0.415600 0.909500
vn 0.001400 -0.415500 0.909600
vn -0.009100 -0.416400 0.909100
vn -0.020400 -0.416700 0.908800
vn -0.088400 -0.417100 0.904500
vn -0.157100 -0.418000 0.894700
vn -0.076700 -0.426300 0.901300
vn 0.186400 -0.426200 0.885200
vn 0.441200 -0.403000 0.801800
vn -0.471800 -0.629600 -0.617200
vn -0.108200 -0.650900 0.751400
vn -0.719200 -0.430000 -0.545700
vn 0.694300 0.063000 -0.716900
vn 0.663700 0.087200 -0.742900
vn -0.093800 0.897100 0.431800
vn -0.103900 0.892700 0.438600
vn -0.739900 -0.672700 0.000000
vn -0.590600 0.519500 -0.617500
vn -0.272500 0.962100 0.000000
vn 0.940200 -0.038100 0.338500
vn -0.043400 -0.752200 0.657500
vn 0.476500 -0.631300 -0.611900
vn 0.872500 0.488600 0.000000
vn 0.000000 0.000000 1.000000
vn -0.958800 -0.087400 -0.270400
vn -0.818300 -0.054000 0.572300
vn 0.874400 0.037200 -0.483700
vn 0.874500 0.036500 -0.483700
vn 0.874400 0.037300 -0.483700
vn 0.993700 0.042400 -0.104000
vn 0.993700 0.042400 -0.104100
vn -0.659700 -0.129900 -0.740200
vn -0.424900 0.651100 -0.628900
vn 0.993700 0.040700 -0.104000
vn 0.774900 -0.064300 0.628900
vn 0.818200 -0.053900 0.572300
vn 0.986700 -0.125100 -0.103300
vn -0.560400 -0.768100 -0.310000
vn -0.874500 0.035600 -0.483700
vn -0.993700 0.042400 -0.104100
vn 0.654500 -0.135100 -0.743900
vn -0.394200 -0.783900 0.479800
vn -0.016100 -0.993500 0.112900
vn -0.142700 -0.859600 0.490600
vn 0.141000 -0.860600 0.489300
vn 0.016100 -0.993500 0.112900
vn 0.389200 -0.787100 0.478500
vn -0.724200 0.559000 0.403900
vn -0.806700 -0.468600 0.360000
vn -0.576700 -0.723000 0.380300
vn -0.799400 -0.483700 0.356400
vn -0.725300 0.565500 0.392500
vn -0.778100 0.533600 0.331300
vn -0.959800 -0.209900 0.186400
vn -0.111200 0.721900 -0.683000
vn -0.778200 0.533600 0.331300
vn -0.354700 0.090200 0.930600
vn 0.006900 0.805200 0.592900
vn 0.114700 0.676900 0.727000
vn -0.255500 -0.702600 0.664200
vn -0.112500 0.242200 -0.963700
vn 0.115300 0.709100 0.695600
vn 0.114700 0.676900 0.727100
vn 0.170400 0.637600 0.751300
vn -0.275800 0.694400 0.664600
vn -0.585400 0.525200 0.617700
vn -0.231800 -0.720600 0.653500
vn 0.659100 0.396500 0.639000
vn 0.102200 -0.650800 0.752300
vn 0.642300 -0.421900 0.639900
vn 0.733900 0.384000 -0.560300
vn 0.717000 -0.430000 -0.548600
vn -0.412500 0.845500 0.339100
vn -0.767200 0.105200 0.632700
vn -0.513900 -0.012100 0.857700
vn -0.771500 -0.008900 0.636200
vn -0.344400 -0.013200 0.938700
vn -0.262800 -0.272300 0.925700
vn -0.270300 -0.229600 0.935000
vn -0.262100 -0.275600 0.924800
vn -0.108200 -0.651000 0.751300
vn -0.639600 -0.422000 0.642500
vn -0.639600 -0.421900 0.642500
vn 0.287700 0.686600 0.667700
vn 0.420200 -0.674500 0.607100
vn 0.034200 -0.749400 0.661200
vn -0.346900 -0.722700 -0.597800
vn 0.818400 -0.216600 0.532300
vn 0.981400 -0.107900 0.158900
vn 0.778100 -0.074300 0.623700
vn -0.981400 -0.108100 0.158800
vn -0.834000 -0.100500 0.542500
vn -0.788600 -0.269700 0.552600
vn 0.909100 0.212100 0.358600
vn 0.569500 -0.730900 0.376100
vn 0.960400 -0.211700 0.181400
vn 0.172000 0.584100 -0.793200
vn -0.215900 -0.796600 -0.564700
vn -0.537600 -0.703600 -0.464700
vn 0.960400 -0.211700 0.181300
vn 0.569600 -0.730800 0.376100
vn 0.579200 0.522700 0.625600
vn 0.524600 -0.720300 0.453800
vn 0.770400 0.540300 0.338500
vn 0.350100 0.225100 -0.909200
vn 0.338300 0.346900 0.874800
vn 0.360600 -0.013100 0.932600
vn 0.413200 -0.143900 -0.899200
vn 0.763500 -0.033500 0.644900
vn 0.512700 -0.012100 0.858500
vn 0.270300 -0.229600 0.935000
vn 0.262800 -0.272300 0.925700
vn 0.262100 -0.275600 0.924800
vn -0.125500 -0.879300 -0.459500
vn -0.052900 0.519400 -0.852900
vn 0.554100 -0.519400 -0.650600
vn -0.376000 -0.879300 0.292300
vn -0.732500 0.159400 -0.661800
vn 0.053000 -0.519400 0.852900
vn -0.983100 0.159400 0.089900
vn 0.732500 -0.159400 0.661800
vn -0.554100 0.519400 0.650600
vn 0.376000 0.879300 -0.292300
vn 0.125500 0.879300 0.459500
vn 0.983100 -0.159400 -0.089900
vn -0.748800 0.000000 0.662800
vn -0.574700 0.816200 -0.059200
vn -0.996600 0.000000 -0.082200
vn -0.394400 0.611000 0.686400
vn 0.000000 0.999300 -0.036900
vn 0.394400 0.611000 0.686400
vn 0.000000 0.714800 0.699300
vn 0.748800 0.000000 0.662800
vn 0.574700 0.816200 -0.059200
vn 0.574700 -0.816200 -0.059200
vn 0.996600 0.000000 -0.082200
vn 0.394400 -0.611000 0.686400
vn 0.000000 -0.999300 -0.036900
vn -0.394400 -0.611000 0.686400
vn 0.000000 -0.714800 0.699300
vn -0.574700 -0.816200 -0.059200
vn -0.686400 0.000000 -0.727200
vn -0.376000 0.579300 -0.723200
vn 0.376000 0.579300 -0.723200
vn 0.000000 0.693900 -0.720100
vn 0.686400 0.000000 -0.727200
vn 0.376000 -0.579300 -0.723200
vn -0.376000 -0.579300 -0.723200
vn 0.000000 -0.693900 -0.720100
vn 0.000000 0.714900 0.699200
vn -0.053000 -0.519400 0.852900
vn 0.983100 0.159400 0.089900
vn 0.554100 0.519400 0.650600
vn 0.376100 -0.879300 0.292300
vn 0.732500 0.159500 -0.661800
vn -0.554100 -0.519400 -0.650600
vn 0.125500 -0.879300 -0.459500
vn -0.983100 -0.159400 -0.089900
vn 0.053000 0.519400 -0.852900
vn -0.732500 -0.159400 0.661800
vn -0.376000 0.879300 -0.292300
vn -0.125500 0.879300 0.459500
vn 0.000000 -0.714900 0.699200
vn -0.436100 0.899500 0.027500
vn -0.436200 0.899600 -0.020900
vn -0.436200 0.899600 -0.021100
vn -0.997700 0.007300 -0.067800
vn -0.406000 -0.851100 0.332900
vn -0.765000 -0.001200 0.644000
vn -0.672600 -0.678900 -0.294400
vn 0.356600 -0.881700 -0.309100
vn -0.013000 -0.678900 -0.734100
vn 0.765300 -0.001400 -0.643700
vn -0.003900 0.693500 -0.720500
vn 0.321300 0.007300 -0.946900
vn -0.663500 0.693500 -0.280800
vn 0.366200 0.881100 -0.299300
vn -0.398300 0.850400 0.343700
vn -0.103700 -0.002200 0.994600
vn 0.167400 -0.688500 0.705700
vn 0.713300 -0.688500 0.131000
vn 0.717000 0.684000 0.134400
vn 0.988000 -0.002200 -0.154600
vn 0.171100 0.684000 0.709100
vn -0.619100 -0.442600 -0.648700
vn -0.999900 -0.012400 0.000900
vn -0.765300 0.007200 -0.643700
vn -0.236500 -0.720700 -0.651700
vn -0.803100 -0.595000 0.031100
vn 0.236500 -0.720700 -0.651700
vn -0.305400 -0.951000 0.049100
vn 0.803100 -0.595000 0.031100
vn 0.305400 -0.951000 0.049100
vn 0.619100 -0.442700 -0.648700
vn 0.999900 -0.012400 0.000900
vn 0.765300 0.007200 -0.643700
vn 0.815000 0.578700 -0.030500
vn 0.619100 0.457000 -0.638700
vn 0.312800 0.948500 -0.050700
vn -0.236500 0.735000 -0.635500
vn 0.236500 0.735000 -0.635500
vn -0.619100 0.457000 -0.638600
vn -0.312800 0.948500 -0.050700
vn -0.815000 0.578700 -0.030500
vn -0.481500 -0.249200 0.840300
vn -0.585100 0.099700 0.804800
vn -0.185600 -0.470200 0.862800
vn 0.185600 -0.470200 0.862800
vn 0.481500 -0.249200 0.840300
vn 0.585100 0.099700 0.804800
vn 0.464300 0.436200 0.770800
vn 0.175000 0.636900 0.750800
vn -0.464300 0.436200 0.770800
vn -0.175000 0.636900 0.750800
vn 0.272300 0.300200 0.914200
vn 0.344600 0.103000 0.933100
vn 0.102400 0.417300 0.903000
vn -0.102400 0.417300 0.903000
vn -0.272200 0.300200 0.914200
vn -0.344600 0.103000 0.933100
vn -0.285500 -0.103900 0.952700
vn -0.110600 -0.236600 0.965300
vn 0.285600 -0.103900 0.952700
vn 0.110600 -0.236600 0.965300
vn -0.102400 0.417200 0.903000
vn -0.110600 -0.236500 0.965300
vn 0.285500 -0.103900 0.952700
vn 0.013000 -0.678900 -0.734100
vn -0.765300 -0.001400 -0.643700
vn -0.321300 0.007300 -0.946900
vn 0.672600 -0.678900 -0.294400
vn -0.356600 -0.881700 -0.309100
vn 0.997700 0.007300 -0.067800
vn 0.406000 -0.851100 0.332900
vn 0.398300 0.850400 0.343700
vn 0.765000 -0.001200 0.644000
vn 0.663500 0.693500 -0.280800
vn -0.366200 0.881100 -0.299300
vn 0.003900 0.693500 -0.720500
vn -0.713300 -0.688500 0.131000
vn -0.988000 -0.002200 -0.154600
vn -0.167400 -0.688500 0.705700
vn 0.103700 -0.002200 0.994600
vn -0.171100 0.684000 0.709100
vn -0.717000 0.684000 0.134400
vn -0.619100 -0.442700 -0.648600
vn 0.272200 0.300200 0.914200
vn -0.577400 -0.577300 -0.577400
vn 0.577400 -0.577300 0.577400
vn -0.577300 -0.577400 0.577400
vn 0.577300 0.577300 0.577400
vn -0.577300 0.577300 -0.577400
vn -0.577300 0.577300 0.577400
vn 0.577300 -0.577400 -0.577400
vn 0.577300 0.577300 -0.577400
vn 0.636300 -0.019000 -0.771200
vn 0.518400 0.078400 -0.851500
vn 0.287700 0.686500 0.667800
vn -0.983400 -0.104700 0.147900
vn 0.748200 0.037000 -0.662500
vn -0.724200 0.558900 0.403900
vn -0.725400 0.565500 0.392500
vn -0.737500 -0.073900 -0.671300
vn -0.668700 -0.116800 -0.734300
vn -0.694600 -0.150300 -0.703600
vn 0.524700 -0.720200 0.453800
vn 0.240400 -0.704200 0.668000
vn 0.646800 0.089300 -0.757400
vn 0.116600 -0.106000 -0.987500
vn 0.055500 -0.104900 -0.992900
vn -0.001400 0.104700 -0.994500
vn -0.001700 0.104600 -0.994500
vn -0.255500 -0.702500 0.664300
vn -0.231800 -0.720500 0.653600
vn -0.992900 -0.029500 0.115400
vn -0.978700 0.155500 0.134100
vn 0.980200 -0.108600 0.165500
vn -0.119600 -0.108800 -0.986800
vn -0.004400 0.234000 -0.972200
vn -0.001400 -0.105600 -0.994400
vn 0.000100 -1.000000 0.000000
vn -0.000100 -1.000000 0.000000
vn -0.978700 0.155600 0.134100
vn -0.036700 -0.860100 -0.508800
vn -0.001500 -0.866900 -0.498500
vn 0.001800 -0.868700 -0.495300
vn -0.000300 -0.865700 -0.500600
vn -0.490300 0.001600 -0.871600
vn 0.492500 0.022600 -0.870000
vn -0.921300 -0.050700 0.385600
vn -0.800300 -0.081500 0.594000
vn -0.794900 -0.010900 0.606700
vn 0.620800 0.283700 0.730900
vn 0.921300 -0.050700 0.385600
vn 0.800300 -0.081500 0.594000
vn 0.794900 -0.010900 0.606700
vn 0.024600 0.994300 -0.103900
vn 0.112900 0.990400 -0.080300
vn 0.029100 0.013800 0.999500
vn 0.000000 -0.989200 0.146500
vn 0.468000 -0.882300 0.051100
vn -0.699700 -0.708300 0.092900
vn -0.671100 -0.582500 -0.458600
vn 0.016100 -0.993500 0.112800
vn -0.690800 -0.723100 -0.004200
vn 0.399200 -0.868000 0.295300
vn -0.694000 -0.715600 -0.079100
vn 0.690800 -0.723100 -0.004200
vn -0.016100 -0.993500 0.112800
vn 0.694000 -0.715600 -0.079100
vn -0.468000 -0.882300 0.051100
vn 0.000000 -0.971800 0.236000
vn 0.671100 -0.582500 -0.458600
vn 0.699700 -0.708300 0.092900
vn 0.585300 0.535000 -0.609300
vn 0.629500 0.682000 0.372300
vn 0.978700 0.155600 0.134100
vn -0.528100 0.747900 -0.402200
vn -0.525300 0.722200 -0.449900
vn -0.757900 -0.122600 -0.640700
vn -0.757700 -0.122100 -0.641100
vn -0.758000 -0.122600 -0.640700
vn -0.757600 -0.121900 -0.641200
vn -0.757600 -0.121600 -0.641300
vn -0.757700 -0.121800 -0.641200
vn -0.757500 -0.121700 -0.641300
vn -0.758200 -0.122000 -0.640500
vn -0.758600 -0.122100 -0.640000
vn -0.757700 -0.121800 -0.641100
vn 0.000300 0.232800 -0.972500
vn -0.000700 0.232800 -0.972500
vn -0.000500 -0.065900 -0.997800
vn 0.001600 -0.065700 -0.997800
vn 0.412000 0.643400 -0.645200
vn 0.432600 0.570200 -0.698400
vn 0.424300 0.637300 -0.643300
vn 0.400100 0.653100 -0.643000
vn 0.397400 0.646900 -0.650800
vn 0.482300 0.589400 -0.648000
vn 0.186100 0.575200 -0.796500
vn -0.358400 0.009300 0.933500
vn 0.719800 0.024000 -0.693700
vn -0.586000 0.528500 -0.614200
vn 0.102200 -0.650800 0.752400
vn 0.424900 0.651100 -0.628900
vn -0.774900 -0.064400 0.628800
vn -0.993700 0.040700 -0.104000
vn -0.986700 -0.125100 -0.103300
vn -0.908600 -0.056500 0.413800
vn -0.879900 -0.440600 -0.177800
vn -0.920800 -0.054400 0.386200
vn 0.874500 0.035600 -0.483700
vn 0.958800 -0.087400 -0.270400
vn -0.993700 0.042400 -0.104000
vn 0.000000 -0.989200 0.146600
vn -0.429600 -0.673500 0.601500
vn -0.430500 -0.145400 -0.890800
vn -0.270700 -0.227200 0.935500
vn 0.240400 -0.704300 0.668000
vn -0.006500 0.766000 0.642800
vn 0.139100 0.922600 0.359700
vn 0.360600 -0.012800 0.932600
vn 0.360600 -0.013200 0.932600
vn 0.770700 -0.046700 0.635500
vn 0.270700 -0.227200 0.935500
vn -0.434700 0.896700 -0.083500
vn -0.433100 0.893400 -0.119500
vn -0.434700 0.896500 -0.085400
vn 0.102400 0.417200 0.903000
vn -0.285400 -0.103900 0.952800
o viper_gts
usemtl viper_gts
f 1/1/1 2/2/2 3/3/3
f 1/1/1 3/3/3 4/4/4
f 2/2/2 5/5/5 6/6/6
f 2/2/2 6/6/6 3/3/3
f 5/5/5 7/7/7 8/8/8
f 5/5/5 8/8/8 6/6/6
f 9/9/9 10/10/10 11/11/11
f 12/12/12 13/13/13 14/14/14
f 15/15/15 16/16/16 17/17/17
f 15/15/15 17/17/17 18/18/18
f 16/16/16 19/19/19 20/20/20
f 16/16/16 20/20/20 17/17/17
f 19/19/19 21/21/21 22/22/22
f 19/19/19 22/22/22 20/20/20
f 21/21/21 23/23/23 24/24/24
f 21/21/21 24/24/24 22/22/22
f 25/25/25 26/26/26 27/27/27
f 28/28/28 29/29/29 30/30/30
f 31/31/31 32/32/32 33/33/33
f 31/31/31 33/33/33 34/34/34
f 32/32/32 35/35/35 36/36/36
f 32/32/32 36/36/36 33/33/33
f 35/35/35 37/37/37 38/38/38
f 35/35/35 38/38/38 36/36/36
f 4/4/4 3/3/3 39/39/39
f 4/4/4 39/39/39 40/40/40
f 3/3/3 6/6/6 41/41/41
f 3/3/3 41/41/41 39/39/39
f 6/6/6 8/8/8 42/42/42
f 6/6/6 42/42/42 41/41/41
f 8/8/8 18/18/18 43/43/43
f 8/8/8 43/43/43 42/42/42
f 18/18/18 17/17/17 44/44/44
f 18/18/18 44/44/44 43/43/43
f 45/45/45 46/46/46 47/47/47
f 48/48/48 49/49/49 50/50/50
f 20/20/20 22/22/22 51/51/51
f 20/20/20 51/51/51 52/52/52
f 22/22/22 24/24/24 53/53/53
f 22/22/22 53/53/53 51/51/51
f 24/24/24 34/34/34 54/54/54
f 24/24/24 54/54/54 53/53/53
f 34/34/34 33/33/33 55/55/55
f 34/34/34 55/55/55 54/54/54
f 33/33/33 36/36/36 56/56/56
f 33/33/33 56/56/56 55/55/55
f 36/36/36 38/38/38 57/57/57
f 36/36/36 57/57/57 56/56/56
f 40/40/40 39/39/39 58/58/58
f 40/40/40 58/58/58 59/59/59
f 39/39/39 41/41/41 60/60/60
f 39/39/39 60/60/60 58/58/58
f 41/41/41 42/42/42 61/61/61
f 41/41/41 61/61/61 60/60/60
f 42/42/42 43/43/43 62/62/62
f 42/42/42 62/62/62 61/61/61
f 43/43/43 44/44/44 63/63/63
f 43/43/43 63/63/63 62/62/62
f 45/45/45 64/64/64 46/46/46
f 44/44/44 65/65/65 63/63/63
f 66/66/66 67/67/67 68/68/68
f 69/69/69 68/68/68 67/67/67
f 51/51/51 53/53/53 70/70/70
f 71/71/71 72/72/72 73/73/73
f 53/53/53 54/54/54 74/74/74
f 53/53/53 74/74/74 70/70/70
f 54/54/54 55/55/55 75/75/75
f 54/54/54 75/75/75 74/74/74
f 55/55/55 56/56/56 76/76/76
f 55/55/55 76/76/76 75/75/75
f 56/56/56 57/57/57 77/77/77
f 56/56/56 77/77/77 76/76/76
f 59/59/59 58/58/58 78/78/78
f 59/59/59 78/78/78 79/79/79
f 58/58/58 60/60/60 80/80/80
f 58/58/58 80/80/80 78/78/78
f 60/60/60 61/61/61 81/81/81
f 60/60/60 81/81/81 80/80/80
f 82/82/82 83/83/83 84/84/84
f 82/82/82 84/84/84 85/85/85
f 83/83/83 86/86/86 87/87/87
f 83/83/83 87/87/87 84/84/84
f 86/86/86 88/88/88 89/89/89
f 86/86/86 89/89/89 87/87/87
f 88/88/88 90/90/90 91/91/91
f 88/88/88 91/91/91 89/89/89
f 90/90/90 92/92/92 93/93/93
f 90/90/90 93/93/93 91/91/91
f 92/92/92 94/94/94 95/95/95
f 92/92/92 95/95/95 93/93/93
f 74/74/74 75/75/75 96/96/96
f 74/74/74 96/96/96 97/97/97
f 75/75/75 76/76/76 98/98/98
f 75/75/75 98/98/98 96/96/96
f 76/76/76 77/77/77 99/99/99
f 76/76/76 99/99/99 98/98/98
f 79/79/79 78/78/78 100/100/100
f 100/100/100 101/101/101 102/102/102
f 78/78/78 80/80/80 103/103/103
f 78/78/78 103/103/103 100/100/100
f 80/80/80 81/81/81 104/104/104
f 80/80/80 104/104/104 103/103/103
f 85/85/85 84/84/84 105/105/105
f 85/85/85 105/105/105 106/106/106
f 107/107/107 108/108/108 109/109/109
f 84/84/84 110/110/110 105/105/105
f 87/87/87 89/89/89 111/111/111
f 112/112/112 113/113/113 114/68/114
f 89/89/89 91/91/91 115/114/115
f 89/89/89 115/114/115 111/111/111
f 91/91/91 93/93/93 116/115/116
f 91/91/91 116/115/116 115/114/115
f 93/93/93 95/95/95 117/116/117
f 93/93/93 117/116/117 116/115/116
f 97/97/97 96/96/96 118/117/118
f 97/97/97 118/117/118 119/118/119
f 96/96/96 98/98/98 120/119/120
f 96/96/96 120/119/120 118/117/118
f 121/120/121 122/121/122 98/98/98
f 98/98/98 122/121/122 120/119/120
f 123/122/123 100/100/100 124/123/124
f 124/123/124 125/124/125 126/125/126
f 100/100/100 103/103/103 127/126/127
f 100/100/100 127/126/127 124/123/124
f 103/103/103 104/104/104 128/127/128
f 103/103/103 128/127/128 127/126/127
f 106/106/106 105/105/105 129/128/129
f 106/106/106 129/128/129 130/129/130
f 105/105/105 110/110/110 131/130/131
f 105/105/105 131/130/131 129/128/129
f 110/110/110 111/111/111 132/131/132
f 110/110/110 132/131/132 131/130/131
f 111/111/111 115/114/115 133/132/133
f 111/111/111 133/132/133 132/131/132
f 115/114/115 116/115/116 134/133/134
f 115/114/115 134/133/134 133/132/133
f 116/115/116 117/116/117 135/134/135
f 116/115/116 135/134/135 134/133/134
f 119/118/119 118/117/118 136/135/136
f 119/118/119 136/135/136 137/136/137
f 118/117/118 120/119/120 138/137/138
f 118/117/118 138/137/138 136/135/136
f 120/119/120 139/138/139 140/139/140
f 120/119/120 141/140/141 138/137/138
f 142/141/142 124/123/124 143/142/143
f 143/142/143 144/143/144 142/141/142
f 124/123/124 127/126/127 145/144/145
f 124/123/124 145/144/145 143/142/143
f 127/126/127 128/127/128 146/145/146
f 127/126/127 146/145/146 145/144/145
f 128/127/128 147/146/147 148/147/148
f 128/127/128 148/147/148 146/145/146
f 147/146/147 149/148/149 150/149/150
f 147/146/147 150/149/150 148/147/148
f 149/148/149 151/150/151 152/151/152
f 149/148/149 152/151/152 150/149/150
f 151/150/151 153/152/153 154/153/154
f 151/150/151 154/153/154 152/151/152
f 153/152/153 155/154/155 156/155/156
f 153/152/153 156/155/156 154/153/154
f 155/154/155 137/136/137 157/156/157
f 155/154/155 157/156/157 156/155/156
f 137/136/137 136/135/136 158/157/158
f 137/136/137 158/157/158 157/156/157
f 136/135/136 138/137/138 50/50/50
f 136/135/136 50/50/50 158/157/158
f 138/137/138 159/158/159 160/159/160
f 138/137/138 160/159/160 50/50/50
f 72/72/72 143/142/143 73/73/73
f 161/160/161 71/71/71 73/73/73
f 162/161/162 163/162/163 164/163/164
f 162/161/162 164/163/164 165/164/165
f 145/144/145 146/145/146 166/165/166
f 145/144/145 166/165/166 167/166/167
f 146/145/146 148/147/148 168/167/168
f 146/145/146 168/167/168 166/165/166
f 148/147/148 150/149/150 169/168/169
f 148/147/148 169/168/169 168/167/168
f 150/149/150 152/151/152 170/169/170
f 150/149/150 170/169/170 169/168/169
f 152/151/152 154/153/154 171/170/171
f 152/151/152 171/170/171 170/169/170
f 154/153/154 156/155/156 172/171/172
f 154/153/154 172/171/172 171/170/171
f 156/155/156 157/156/157 173/172/173
f 156/155/156 173/172/173 172/171/172
f 157/156/157 158/157/158 174/173/174
f 157/156/157 174/173/174 173/172/173
f 175/174/175 176/175/176 177/176/177
f 175/174/175 177/176/177 178/177/178
f 50/50/50 179/178/179 180/179/180
f 50/50/50 181/180/181 182/181/182
f 183/182/183 73/73/73 184/183/184
f 183/182/183 184/183/184 185/184/185
f 165/164/165 164/163/164 186/185/186
f 165/164/165 186/185/186 187/186/187
f 167/166/167 166/165/166 188/187/188
f 167/166/167 188/187/188 189/188/189
f 190/189/190 191/190/191 192/191/192
f 193/192/193 194/193/194 195/194/195
f 196/195/196 197/196/197 198/197/198
f 199/198/199 200/199/11 201/200/200
f 202/201/201 203/202/202 204/203/203
f 205/204/204 206/204/205 207/204/206
f 208/205/207 209/206/208 210/207/209
f 211/208/210 212/209/211 213/210/212
f 214/211/213 215/212/214 216/213/215
f 217/214/216 218/214/216 219/214/216
f 220/108/217 221/215/218 222/109/219
f 223/216/220 224/217/221 225/218/222
f 173/172/173 174/173/174 226/219/223
f 173/172/173 226/219/223 227/220/224
f 178/177/178 177/176/177 228/221/225
f 178/177/178 228/221/225 229/222/226
f 182/181/182 181/180/181 230/223/227
f 225/218/222 231/224/228 232/225/228
f 185/184/185 184/183/184 233/226/229
f 185/184/185 233/226/229 234/227/230
f 187/186/187 186/185/186 235/228/231
f 187/186/187 235/228/231 236/229/232
f 189/188/189 188/187/188 237/230/233
f 189/188/189 237/230/233 238/231/234
f 188/187/188 239/232/235 240/233/236
f 188/187/188 240/233/236 237/230/233
f 239/232/235 241/234/237 242/235/238
f 239/232/235 242/235/238 240/233/236
f 241/234/237 243/236/239 244/237/240
f 241/234/237 244/237/240 242/235/238
f 243/236/239 245/238/241 246/239/242
f 243/236/239 246/239/242 244/237/240
f 245/238/241 247/240/243 248/241/244
f 245/238/241 248/241/244 246/239/242
f 247/240/243 227/220/224 249/242/245
f 247/240/243 249/242/245 248/241/244
f 227/220/224 226/219/223 250/243/246
f 227/220/224 250/243/246 249/242/245
f 229/222/226 228/221/225 251/244/247
f 229/222/226 251/244/247 252/245/248
f 253/246/249 254/247/250 255/248/251
f 256/249/252 257/250/253 258/251/254
f 234/227/230 233/226/229 259/252/255
f 260/253/256 261/254/257 262/255/258
f 236/229/232 235/228/231 263/256/259
f 236/229/232 263/256/259 264/257/260
f 238/231/234 237/230/233 265/258/261
f 238/231/234 265/258/261 266/259/262
f 267/260/263 268/261/264 269/262/265
f 267/260/263 269/262/265 270/263/266
f 193/192/193 195/194/195 271/264/267
f 272/265/268 273/266/269 274/267/270
f 275/204/271 276/204/272 277/204/273
f 278/214/274 279/214/275 280/214/276
f 281/268/277 282/269/278 283/270/279
f 284/214/280 285/214/280 286/214/280
f 287/271/281 288/272/282 289/273/283
f 290/274/284 291/275/285 260/253/256
f 191/190/191 292/276/286 293/277/287
f 191/190/191 293/277/287 192/191/192
f 249/242/245 250/243/246 294/278/288
f 249/242/245 294/278/288 295/279/289
f 252/245/248 251/244/247 296/280/290
f 252/245/248 296/280/290 297/281/291
f 258/251/254 257/250/253 298/282/292
f 258/251/254 298/282/292 299/283/293
f 300/284/294 161/160/161 73/73/73
f 301/285/295 302/286/296 303/287/297
f 264/257/260 263/256/259 304/288/298
f 264/257/260 304/288/298 305/289/299
f 266/259/262 265/258/261 306/290/300
f 266/259/262 306/290/300 307/291/301
f 270/263/266 269/262/265 308/292/302
f 270/263/266 308/292/302 309/293/303
f 269/262/265 310/294/304 311/295/305
f 269/262/265 311/295/305 308/292/302
f 310/294/304 312/296/306 313/297/307
f 310/294/304 313/297/307 311/295/305
f 312/296/306 190/189/190 314/298/308
f 312/296/306 314/298/308 313/297/307
f 190/189/190 192/191/192 315/299/309
f 190/189/190 315/299/309 314/298/308
f 192/191/192 293/277/287 316/300/310
f 192/191/192 316/300/310 315/299/309
f 295/279/289 294/278/288 317/301/311
f 318/302/312 193/192/193 319/303/313
f 297/281/291 296/280/290 320/304/314
f 297/281/291 320/304/314 321/305/315
f 299/283/293 298/282/292 322/306/316
f 299/283/293 322/306/316 323/307/317
f 107/107/107 109/109/109 324/308/318
f 325/309/319 326/310/319 327/311/320
f 302/286/296 307/291/301 328/312/321
f 302/286/296 328/312/321 329/313/322
f 307/291/301 306/290/300 330/314/323
f 307/291/301 330/314/323 328/312/321
f 309/293/303 308/292/302 331/315/324
f 309/293/303 331/315/324 332/316/325
f 308/292/302 311/295/305 333/317/326
f 308/292/302 333/317/326 331/315/324
f 311/295/305 313/297/307 334/318/327
f 311/295/305 334/318/327 333/317/326
f 313/297/307 314/298/308 335/319/328
f 313/297/307 335/319/328 334/318/327
f 314/298/308 315/299/309 336/320/329
f 314/298/308 336/320/329 335/319/328
f 315/299/309 316/300/310 337/321/330
f 315/299/309 337/321/330 336/320/329
f 338/322/331 339/323/332 340/324/333
f 341/325/334 342/326/335 343/327/336
f 317/301/311 323/307/317 253/246/249
f 317/301/311 253/246/249 342/326/335
f 323/307/317 322/306/316 344/328/337
f 323/307/317 344/328/337 253/246/249
f 345/329/338 329/313/322 346/330/339
f 345/329/338 346/330/339 347/331/340
f 329/313/322 328/312/321 348/332/341
f 329/313/322 348/332/341 346/330/339
f 328/312/321 330/314/323 349/333/342
f 328/312/321 349/333/342 348/332/341
f 330/314/323 350/334/343 195/194/195
f 330/314/323 195/194/195 349/333/342
f 350/334/343 351/335/344 271/264/267
f 350/334/343 271/264/267 195/194/195
f 351/335/344 352/336/345 353/337/346
f 351/335/344 353/337/346 271/264/267
f 352/336/345 354/338/347 355/339/348
f 352/336/345 355/339/348 353/337/346
f 354/338/347 356/340/349 357/341/350
f 354/338/347 357/341/350 355/339/348
f 356/340/349 343/327/336 358/342/351
f 356/340/349 358/342/351 357/341/350
f 343/327/336 342/326/335 359/343/352
f 343/327/336 359/343/352 358/342/351
f 342/326/335 253/246/249 255/248/251
f 342/326/335 255/248/251 359/343/352
f 253/246/249 344/328/337 254/247/250
f 360/344/353 361/345/354 362/346/355
f 347/331/340 346/330/339 338/322/331
f 338/322/331 363/347/356 364/348/357
f 346/330/339 348/332/341 365/349/358
f 346/330/339 365/349/358 338/322/331
f 348/332/341 349/333/342 366/350/359
f 348/332/341 366/350/359 365/349/358
f 349/333/342 195/194/195 194/193/194
f 349/333/342 194/193/194 366/350/359
f 367/351/360 368/352/361 369/271/362
f 370/353/363 371/354/364 372/355/365
f 370/353/363 372/355/365 373/356/366
f 374/357/367 362/346/355 375/358/368
f 272/265/268 274/267/270 376/359/369
f 377/214/370 378/214/370 379/214/370
f 27/27/27 26/26/26 380/360/371
f 338/322/331 340/324/333 363/347/356
f 357/341/350 358/342/351 381/361/372
f 357/341/350 381/361/372 376/359/369
f 358/342/351 359/343/352 382/362/373
f 358/342/351 382/362/373 381/361/372
f 359/343/352 255/248/251 383/363/374
f 359/343/352 383/363/374 382/362/373
f 384/364/375 385/365/376 362/346/355
f 255/248/251 386/366/377 383/363/374
f 29/29/29 338/322/331 30/30/30
f 30/30/30 387/367/378 28/28/28
f 338/322/331 365/349/358 9/9/9
f 338/322/331 9/9/9 30/30/30
f 365/349/358 366/350/359 388/368/379
f 365/349/358 388/368/379 9/9/9
f 366/350/359 194/193/194 318/302/312
f 366/350/359 318/302/312 388/368/379
f 389/369/380 390/370/381 375/358/368
f 338/322/331 29/29/29 339/323/332
f 391/371/382 392/372/383 393/373/384
f 394/374/385 395/375/386 396/376/387
f 247/240/243 171/170/171 172/171/172
f 222/109/219 221/215/218 397/377/388
f 398/311/389 399/378/389 400/379/389
f 401/214/390 402/214/391 403/214/392
f 404/380/393 405/381/394 406/382/395
f 407/383/396 408/384/397 409/385/398
f 113/113/113 112/112/112 410/386/399
f 411/387/400 412/387/401 413/387/402
f 414/388/403 415/389/404 416/390/405
f 417/391/406 418/372/407 419/392/408
f 420/204/409 207/204/206 206/204/205
f 421/214/410 422/214/408 423/214/411
f 424/393/412 64/64/64 425/394/413
f 426/395/414 202/201/201 427/396/415
f 428/397/416 429/398/417 255/248/251
f 430/399/418 431/400/419 385/365/376
f 376/359/369 381/361/372 432/401/420
f 376/359/369 432/401/420 272/265/268
f 381/361/372 382/362/373 433/402/421
f 381/361/372 433/402/421 432/401/420
f 382/362/373 383/363/374 434/403/422
f 382/362/373 434/403/422 433/402/421
f 383/363/374 435/404/423 436/405/424
f 383/363/374 437/406/425 434/403/422
f 438/407/426 439/408/427 440/409/428
f 441/410/429 442/411/430 425/394/413
f 443/412/431 444/413/432 362/346/355
f 445/414/433 446/415/434 447/382/435
f 448/416/426 449/417/436 450/418/437
f 451/419/438 45/45/45 452/420/439
f 24/24/24 23/23/23 31/31/31
f 440/409/428 439/408/427 453/421/440
f 454/422/441 455/423/442 456/424/443
f 457/425/444 458/426/445 459/427/446
f 460/428/447 461/429/448 462/430/449
f 463/431/450 464/432/451 465/433/452
f 466/69/10 114/68/114 200/199/11
f 467/214/453 468/214/454 469/214/455
f 470/214/456 471/214/456 472/214/456
f 472/214/456 471/214/456 473/214/456
f 438/407/426 201/200/200 200/199/11
f 474/214/457 475/214/458 476/214/459
f 477/434/460 478/435/460 479/377/460
f 480/387/461 481/387/462 482/387/463
f 483/436/464 449/417/436 448/416/426
f 219/214/216 484/214/216 217/214/216
f 485/437/465 486/438/466 487/439/467
f 113/113/113 410/386/399 488/440/468
f 362/346/355 385/365/376 489/441/469
f 490/442/470 491/443/471 492/444/472
f 222/109/473 397/377/474 493/445/473
f 494/446/112 9/9/9 388/368/379
f 495/447/475 496/448/476 203/202/202
f 114/68/114 466/69/10 497/449/477
f 498/387/478 499/387/479 500/387/480
f 501/450/481 502/451/482 503/452/483
f 504/453/484 505/454/485 506/455/486
f 507/456/487 508/457/488 509/458/489
f 388/368/379 318/302/312 281/268/277
f 510/459/279 113/113/113 488/440/468
f 511/214/490 512/214/490 513/214/490
f 514/214/491 515/214/492 516/214/493
f 517/387/494 518/387/495 519/387/496
f 281/268/277 520/460/468 388/368/379
f 318/302/312 319/303/313 521/461/497
f 318/302/312 521/461/497 281/268/277
f 522/462/498 523/463/499 524/464/500
f 525/465/389 526/466/389 398/311/389
f 374/357/367 375/358/368 527/467/501
f 528/462/502 529/468/503 530/463/504
f 319/303/313 531/469/505 532/464/506
f 524/464/500 523/463/499 533/470/507
f 472/214/456 534/214/456 470/214/456
f 535/471/508 536/472/509 537/473/510
f 538/474/511 539/360/512 540/475/513
f 541/476/514 542/477/515 543/478/516
f 544/479/517 417/391/406 545/480/518
f 546/214/456 547/214/456 473/214/456
f 379/214/370 378/214/370 548/214/370
f 549/214/519 550/214/520 551/214/521
f 552/214/522 553/214/523 554/214/524
f 545/480/518 522/462/498 544/479/517
f 375/358/368 362/346/355 389/369/380
f 9/9/9 11/11/11 30/30/30
f 555/387/525 556/387/526 557/387/527
f 558/481/528 559/482/529 560/483/530
f 561/387/531 562/387/532 563/387/533
f 273/266/269 272/265/268 14/14/14
f 273/266/269 14/14/14 564/484/534
f 565/440/535 566/113/536 567/485/537
f 568/486/538 569/487/539 570/488/540
f 272/265/268 571/489/535 12/12/12
f 567/485/537 566/113/536 572/459/13
f 573/214/541 574/214/541 575/214/541
f 12/12/12 14/14/14 272/265/268
f 576/204/542 577/204/543 578/204/544
f 579/311/545 580/465/545 581/379/545
f 582/490/546 583/491/200 584/492/547
f 585/210/548 586/493/549 587/494/550
f 588/478/551 589/477/552 590/476/553
f 591/495/554 592/496/555 593/497/556
f 138/137/138 141/140/141 159/158/159
f 594/387/557 595/387/558 596/387/559
f 597/498/560 598/499/561 599/500/562
f 600/387/563 601/387/564 602/387/565
f 385/365/376 603/501/566 604/502/567
f 605/407/568 606/503/569 607/504/570
f 608/480/571 273/266/269 564/484/534
f 609/214/541 610/214/541 611/214/541
f 612/387/572 613/387/573 614/387/574
f 615/387/575 616/387/576 617/387/577
f 618/505/578 619/215/579 620/506/580
f 621/387/581 622/387/582 623/387/583
f 624/507/568 625/508/584 626/509/585
f 606/503/569 68/68/68 69/69/69
f 627/214/586 628/214/587 629/214/588
f 454/422/441 630/510/589 631/511/590
f 513/214/490 512/214/490 632/214/490
f 476/214/459 475/214/458 633/214/591
f 626/509/585 625/508/584 634/512/592
f 635/513/593 636/514/594 434/403/422
f 637/200/595 638/515/596 605/407/568
f 639/422/597 640/516/598 641/424/599
f 642/214/600 643/214/601 644/214/602
f 553/214/523 644/214/602 645/214/603
f 646/214/604 647/214/604 648/214/604
f 649/517/605 650/518/606 651/519/607
f 582/490/546 30/30/30 583/491/200
f 652/214/608 653/214/609 633/214/591
f 654/520/610 449/417/436 655/521/611
f 654/520/610 655/521/611 656/522/612
f 114/68/114 657/523/613 658/524/614
f 318/302/312 194/193/194 193/192/193
f 659/525/615 660/526/616 661/527/617
f 662/528/618 663/529/619 664/530/613
f 449/417/436 483/436/464 665/531/614
f 658/524/614 657/523/613 666/532/620
f 667/533/621 568/486/538 668/534/622
f 669/535/623 670/536/624 671/537/625
f 672/538/626 673/539/627 674/540/628
f 675/541/629 676/542/630 677/543/631
f 678/387/632 679/387/633 680/387/634
f 114/68/114 113/113/113 681/544/635
f 681/544/635 682/545/618 114/68/114
f 683/214/636 684/214/637 685/214/638
f 686/546/639 663/529/619 662/528/618
f 113/113/113 510/459/279 687/547/640
f 681/544/635 113/113/113 687/547/640
f 396/376/387 688/548/641 394/374/385
f 284/214/280 689/214/280 285/214/280
f 690/549/642 691/550/643 681/544/635
f 692/214/370 693/214/370 694/214/370
f 695/214/644 696/214/645 697/214/646
f 698/214/647 699/214/648 278/214/274
f 700/214/649 642/214/600 701/214/650
f 281/268/277 521/461/497 702/551/651
f 281/268/277 702/551/651 703/552/652
f 521/461/497 529/468/503 704/553/653
f 521/461/497 704/553/653 702/551/651
f 529/468/503 564/484/534 705/554/654
f 529/468/503 705/554/654 704/553/653
f 564/484/534 14/14/14 414/388/403
f 564/484/534 414/388/403 705/554/654
f 566/113/536 706/555/655 572/459/13
f 672/538/626 707/556/656 673/539/627
f 14/14/14 13/13/13 708/557/657
f 709/544/658 710/558/659 706/555/655
f 210/207/209 711/559/660 712/560/661
f 476/214/459 713/214/662 474/214/457
f 714/214/663 715/214/663 716/214/663
f 717/387/664 718/387/665 719/387/666
f 566/113/536 720/545/667 721/561/668
f 24/24/24 31/31/31 34/34/34
f 722/562/667 723/563/669 724/564/670
f 721/561/668 709/544/658 566/113/536
f 725/214/671 726/214/672 727/214/673
f 724/564/670 723/563/669 728/565/674
f 68/68/68 729/566/675 730/567/676
f 731/214/677 732/214/678 733/214/679
f 625/508/584 734/568/676 634/512/592
f 68/68/68 735/569/680 720/545/667
f 312/296/306 736/570/681 737/571/682
f 738/572/683 739/573/684 740/574/685
f 741/575/686 742/576/687 558/481/528
f 743/214/688 744/214/688 745/214/688
f 625/508/584 746/577/689 747/578/690
f 625/508/584 747/578/690 748/579/691
f 656/522/612 655/521/611 749/580/692
f 656/522/612 749/580/692 750/581/693
f 655/521/611 663/529/619 751/582/694
f 655/521/611 751/582/694 749/580/692
f 681/544/635 752/583/695 753/584/639
f 754/585/696 755/586/697 756/587/698
f 482/387/463 500/387/480 757/387/699
f 758/588/700 759/589/701 760/590/702
f 761/589/703 762/591/704 763/592/705
f 663/529/619 764/593/706 751/582/694
f 691/550/643 765/594/707 681/544/635
f 668/534/622 570/488/540 766/595/708
f 389/369/380 362/346/355 489/441/469
f 694/214/370 767/214/370 692/214/370
f 768/596/709 769/597/710 770/598/711
f 771/214/712 772/214/713 684/214/637
f 681/544/635 765/594/707 773/599/714
f 774/600/715 775/601/716 776/588/717
f 777/602/718 764/593/706 778/603/714
f 703/552/652 702/551/651 779/604/719
f 703/552/652 779/604/719 780/605/720
f 702/551/651 704/553/653 781/606/721
f 702/551/651 781/606/721 779/604/719
f 704/553/653 705/554/654 782/607/722
f 704/553/653 782/607/722 781/606/721
f 705/554/654 414/388/403 783/608/723
f 705/554/654 783/608/723 782/607/722
f 180/179/180 181/180/181 50/50/50
f 681/544/635 773/599/714 752/583/695
f 784/609/724 785/610/725 786/611/726
f 766/595/708 787/612/727 788/613/728
f 200/199/11 114/68/114 438/407/426
f 241/234/237 169/168/169 170/169/170
f 14/14/14 708/557/657 789/614/659
f 414/388/403 790/615/729 783/608/723
f 709/544/658 791/616/730 792/617/731
f 793/214/732 794/214/733 795/214/734
f 317/301/311 342/326/335 341/325/334
f 407/383/396 796/618/735 490/442/470
f 517/387/494 797/387/736 798/387/737
f 799/619/399 494/446/112 388/368/379
f 432/401/420 433/402/421 800/620/67
f 801/387/738 802/387/739 613/387/573
f 803/621/740 804/622/741 805/623/742
f 723/563/669 748/579/691 806/624/743
f 723/563/669 806/624/743 807/625/744
f 748/579/691 747/578/690 808/626/745
f 748/579/691 808/626/745 806/624/743
f 750/581/693 749/580/692 809/627/746
f 750/581/693 809/627/746 810/628/747
f 749/580/692 751/582/694 811/629/748
f 749/580/692 811/629/748 809/627/746
f 751/582/694 764/593/706 812/630/749
f 751/582/694 812/630/749 811/629/748
f 764/593/706 780/605/720 813/631/750
f 764/593/706 813/631/750 812/630/749
f 780/605/720 779/604/719 814/632/751
f 780/605/720 814/632/751 813/631/750
f 779/604/719 781/606/721 262/255/258
f 779/604/719 262/255/258 814/632/751
f 391/371/382 271/264/267 353/337/346
f 781/606/721 290/274/284 262/255/258
f 782/607/722 783/608/723 815/633/752
f 538/474/511 816/27/753 539/360/512
f 783/608/723 790/615/729 817/634/754
f 783/608/723 817/634/754 815/633/752
f 790/615/729 807/625/744 818/635/755
f 790/615/729 818/635/755 817/634/754
f 807/625/744 806/624/743 819/636/756
f 807/625/744 819/636/756 818/635/755
f 806/624/743 808/626/745 820/637/757
f 806/624/743 820/637/757 819/636/756
f 810/628/747 809/627/746 821/638/758
f 810/628/747 821/638/758 822/639/759
f 809/627/746 811/629/748 823/640/760
f 809/627/746 823/640/760 821/638/758
f 811/629/748 812/630/749 824/641/761
f 811/629/748 824/641/761 823/640/760
f 812/630/749 813/631/750 825/642/762
f 812/630/749 825/642/762 824/641/761
f 813/631/750 814/632/751 826/643/763
f 813/631/750 826/643/763 825/642/762
f 814/632/751 262/255/258 261/254/257
f 814/632/751 261/254/257 826/643/763
f 827/392/764 391/371/382 274/267/270
f 800/620/67 828/644/66 432/401/420
f 290/274/284 815/633/752 291/275/285
f 474/214/457 713/214/662 829/214/765
f 815/633/752 817/634/754 830/645/766
f 815/633/752 830/645/766 291/275/285
f 817/634/754 818/635/755 831/646/767
f 817/634/754 831/646/767 830/645/766
f 818/635/755 819/636/756 832/647/768
f 818/635/755 832/647/768 831/646/767
f 819/636/756 820/637/757 833/648/769
f 819/636/756 833/648/769 832/647/768
f 834/592/770 835/649/771 836/591/772
f 837/650/773 838/651/774 759/589/701
f 758/588/700 839/600/775 840/652/776
f 841/387/777 842/387/778 843/387/779
f 843/387/779 844/387/780 845/387/781
f 836/591/772 445/414/433 759/589/701
f 776/588/717 846/590/782 761/589/703
f 120/119/120 122/121/122 139/138/139
f 847/387/783 842/387/778 848/387/784
f 498/387/478 844/387/780 842/387/778
f 849/653/785 446/415/434 445/414/433
f 445/414/433 447/382/435 760/590/702
f 760/590/702 850/654/786 851/655/787
f 847/387/783 499/387/479 498/387/478
f 852/387/788 853/387/789 854/387/790
f 855/656/791 754/585/696 446/415/434
f 446/415/434 856/381/792 447/382/435
f 447/382/435 857/380/793 850/654/786
f 858/387/794 757/387/699 499/387/479
f 859/214/795 401/214/390 403/214/392
f 860/657/796 755/586/697 754/585/696
f 754/585/696 756/587/698 856/381/792
f 856/381/792 861/658/797 857/380/793
f 600/387/563 602/387/565 757/387/699
f 862/659/798 863/660/799 864/661/800
f 865/662/801 866/663/802 755/586/697
f 755/586/697 867/433/803 756/587/698
f 756/587/698 868/664/804 861/658/797
f 601/387/564 482/387/463 602/387/565
f 869/665/805 768/596/709 460/428/447
f 870/666/806 871/667/807 866/663/802
f 866/663/802 872/432/808 867/433/803
f 867/433/803 873/431/809 868/664/804
f 874/387/810 875/387/581 482/387/463
f 876/387/811 557/387/527 498/387/478
f 877/668/812 427/396/415 871/667/807
f 871/667/807 204/203/203 872/432/808
f 872/432/808 878/669/813 873/431/809
f 879/387/814 880/387/815 875/387/581
f 680/387/634 881/387/816 882/387/817
f 426/395/414 427/396/415 883/670/818
f 202/201/201 204/203/203 427/396/415
f 203/202/202 878/669/813 204/203/203
f 884/387/819 880/387/815 885/387/820
f 595/387/558 886/387/821 596/387/559
f 887/671/822 202/201/201 426/395/414
f 495/447/475 203/202/202 202/201/201
f 496/448/476 888/672/823 203/202/202
f 889/387/824 480/387/461 884/387/819
f 513/214/490 890/214/490 511/214/490
f 891/673/825 495/447/475 887/671/822
f 892/674/826 496/448/476 495/447/475
f 893/675/827 894/676/828 496/448/476
f 895/387/829 896/387/830 889/387/824
f 897/426/831 898/481/832 899/425/733
f 900/677/833 892/674/826 891/673/825
f 901/678/834 893/675/827 892/674/826
f 902/452/835 903/450/836 893/675/827
f 904/387/837 481/387/462 895/387/829
f 905/214/838 906/214/838 907/214/838
f 908/679/839 901/678/834 900/677/833
f 909/453/840 902/452/835 901/678/834
f 910/680/841 911/451/842 902/452/835
f 912/387/843 913/387/844 904/387/837
f 914/387/845 915/387/846 621/387/581
f 916/455/847 909/453/840 908/679/839
f 917/454/848 910/680/841 909/453/840
f 918/458/849 919/456/850 910/680/841
f 920/387/851 500/387/480 912/387/843
f 921/681/852 922/682/853 923/683/854
f 924/684/855 917/454/848 916/455/847
f 925/685/856 918/458/849 917/454/848
f 588/478/551 926/457/857 918/458/849
f 679/387/633 927/387/858 680/387/634
f 555/387/525 557/387/527 876/387/811
f 928/686/859 925/685/856 924/684/855
f 929/541/860 588/478/551 925/685/856
f 588/478/551 590/476/553 930/687/861
f 490/442/470 408/384/397 407/383/396
f 931/387/862 556/387/526 555/387/525
f 932/543/863 929/541/860 928/686/859
f 933/542/864 589/477/552 929/541/860
f 589/477/552 934/688/865 590/476/553
f 897/426/831 935/572/866 936/576/867
f 937/387/868 938/387/869 931/387/862
f 932/543/863 939/689/870 933/542/864
f 933/542/864 940/690/871 941/691/872
f 941/691/872 942/692/873 934/688/865
f 943/387/874 914/387/845 944/387/875
f 797/387/736 945/387/876 937/387/868
f 696/214/645 946/214/877 947/214/878
f 617/387/577 948/387/879 949/387/880
f 950/693/881 108/108/108 107/107/107
f 951/214/882 952/214/882 953/214/882
f 713/214/662 954/214/883 829/214/765
f 955/214/884 956/214/885 514/214/491
f 957/694/886 958/695/887 959/519/888
f 960/696/889 961/207/890 939/689/870
f 939/689/870 961/207/890 962/697/891
f 939/689/870 962/697/891 940/690/871
f 940/690/871 962/697/891 963/698/892
f 940/690/871 963/698/892 942/692/873
f 964/214/893 965/214/894 966/214/895
f 517/387/494 519/387/496 797/387/736
f 967/699/896 968/700/897 969/701/898
f 970/214/899 971/214/899 972/214/899
f 973/387/900 974/387/901 975/387/902
f 976/387/903 977/387/904 978/387/905
f 979/214/906 980/214/906 981/214/906
f 982/702/642 703/552/652 983/703/643
f 847/387/783 498/387/478 842/387/778
f 587/494/550 984/704/907 585/210/548
f 925/685/856 588/478/551 918/458/849
f 985/680/908 509/458/489 505/454/485
f 986/214/909 987/214/909 988/214/909
f 989/705/910 864/661/800 990/706/911
f 606/503/569 729/566/675 68/68/68
f 991/414/912 992/653/913 762/591/704
f 993/707/914 668/534/622 994/708/915
f 509/458/489 543/478/516 995/685/916
f 996/709/917 997/710/918 998/711/919
f 961/207/890 999/559/920 1000/206/644
f 1001/538/921 1002/539/646 1003/556/645
f 1004/387/922 1005/387/923 719/387/666
f 1006/214/924 966/214/895 965/214/894
f 961/207/890 585/210/548 1007/208/925
f 961/207/890 1007/208/925 962/697/891
f 962/697/891 1007/208/925 1008/712/926
f 962/697/891 1008/712/926 963/698/892
f 1009/713/927 1010/714/928 1011/715/929
f 1012/387/930 518/387/495 517/387/494
f 1013/716/931 1014/574/932 897/426/831
f 922/682/853 1015/717/933 989/705/910
f 642/214/600 1016/214/934 701/214/650
f 1017/387/935 623/387/583 622/387/582
f 653/214/609 476/214/459 633/214/591
f 757/387/699 602/387/565 482/387/463
f 887/671/822 495/447/475 202/201/201
f 849/653/785 855/656/791 446/415/434
f 1018/214/936 1019/214/936 1020/214/936
f 1021/214/937 1022/214/938 1023/214/939
f 1024/214/940 1025/214/940 1026/214/940
f 1027/718/941 433/402/421 434/403/422
f 793/214/732 795/214/734 1028/214/907
f 1029/214/663 714/214/663 1030/214/663
f 1031/214/942 1032/214/943 1033/214/944
f 585/210/548 984/704/907 1034/719/734
f 259/252/255 301/285/295 234/227/230
f 1035/214/945 1036/214/946 1037/214/947
f 1038/214/948 1039/214/949 1040/214/950
f 557/387/527 1041/387/951 498/387/478
f 1042/214/19 1043/214/19 1044/214/19
f 732/214/678 731/214/677 1045/214/952
f 1046/214/953 1047/214/953 1048/214/953
f 1049/214/19 1050/214/19 1051/214/19
f 1052/214/954 1053/214/954 1054/214/954
f 695/214/644 1055/214/955 696/214/645
f 562/387/532 1056/387/956 563/387/533
f 977/387/904 1057/387/957 1058/387/958
f 871/667/807 427/396/415 204/203/203
f 1059/511/959 1060/720/960 1061/510/961
f 1062/214/962 1063/214/963 1064/214/964
f 1007/208/925 898/481/832 1065/721/965
f 1007/208/925 1065/721/965 1008/712/926
f 1066/214/541 1067/214/541 1068/214/541
f 680/387/634 882/387/817 1012/387/930
f 1014/574/932 935/572/866 897/426/831
f 897/426/831 936/576/867 898/481/832
f 898/481/832 1069/575/966 1065/721/965
f 1070/722/967 1071/723/968 1072/724/969
f 927/387/858 881/387/816 680/387/634
f 1073/573/970 1074/725/971 935/572/866
f 935/572/866 1075/473/972 936/576/867
f 936/576/867 1076/726/973 1069/575/966
f 679/387/633 1017/387/935 927/387/858
f 1077/470/974 530/463/504 529/468/503
f 1078/727/975 921/681/852 1074/725/971
f 1074/725/971 1079/472/976 1075/473/972
f 1075/473/972 1080/471/977 1076/726/973
f 1081/387/978 623/387/583 1017/387/935
f 575/214/541 1066/214/541 573/214/541
f 1082/728/979 922/682/853 921/681/852
f 921/681/852 923/683/854 1079/472/976
f 1079/472/976 1083/729/980 1080/471/977
f 943/387/874 944/387/875 623/387/583
f 482/387/463 875/387/581 880/387/815
f 1084/730/981 1015/717/933 922/682/853
f 922/682/853 989/705/910 923/683/854
f 923/683/854 1085/731/982 1083/729/980
f 914/387/845 621/387/581 944/387/875
f 840/652/776 1086/732/983 758/588/700
f 1087/733/984 1088/734/985 1015/717/933
f 1015/717/933 864/661/800 989/705/910
f 989/705/910 990/706/911 1085/731/982
f 915/387/846 614/387/574 621/387/581
f 1089/735/986 1090/736/987 1091/737/988
f 1092/738/989 1088/734/985 1093/739/990
f 862/659/798 864/661/800 1088/734/985
f 863/660/799 990/706/911 864/661/800
f 612/387/572 614/387/574 1094/387/991
f 1095/214/906 1096/214/906 1097/214/906
f 1098/740/992 862/659/798 1092/738/989
f 994/708/915 863/660/799 862/659/798
f 766/595/708 788/613/728 863/660/799
f 801/387/738 613/387/573 612/387/572
f 1099/214/993 1100/214/994 1101/214/995
f 993/707/914 994/708/915 1098/740/992
f 668/534/622 766/595/708 994/708/915
f 570/488/540 787/612/727 766/595/708
f 1102/387/996 802/387/739 801/387/738
f 908/679/839 909/453/840 901/678/834
f 667/533/621 668/534/622 993/707/914
f 568/486/538 570/488/540 668/534/622
f 569/487/539 1103/741/997 570/488/540
f 1104/387/998 1105/387/999 1102/387/996
f 1030/214/663 1106/214/663 1029/214/663
f 1107/742/1000 568/486/538 667/533/621
f 1108/743/1001 569/487/539 568/486/538
f 784/609/724 786/611/726 569/487/539
f 1109/387/1002 1110/387/1003 1104/387/998
f 917/454/848 918/458/849 910/680/841
f 640/516/598 1108/743/1001 1107/742/1000
f 1111/422/1004 784/609/724 1108/743/1001
f 1112/510/1005 785/610/725 784/609/724
f 1113/387/1006 622/387/582 1109/387/1002
f 1114/678/1007 504/453/484 1115/679/1008
f 641/424/599 1116/423/1009 639/422/597
f 1060/720/960 1117/744/1010 1061/510/961
f 1118/745/1011 1119/746/1012 1120/747/1013
f 1113/387/1006 1121/387/1014 1122/387/1015
f 1121/387/1014 1123/387/1016 1122/387/1015
f 481/387/462 500/387/480 482/387/463
f 1124/534/1017 1125/486/1018 1126/533/1019
f 805/623/742 1127/748/1020 1128/749/1021
f 1129/661/1022 1130/660/1023 1131/659/1024
f 1132/681/1025 1133/728/1026 1134/727/1027
f 1135/387/1028 975/387/902 1136/387/1029
f 1137/705/1030 1138/717/1031 1139/682/1032
f 803/621/740 805/623/742 1128/749/1021
f 598/499/561 1009/713/927 1140/750/1033
f 905/214/838 1141/214/838 906/214/838
f 1142/214/1034 1143/214/1035 1144/214/1036
f 973/387/900 1145/387/1037 1146/387/1038
f 1130/660/1023 1147/595/1039 1148/708/1040
f 1149/387/1041 1150/387/1042 1151/387/1043
f 1152/387/1044 680/387/634 1012/387/930
f 1131/659/1024 1148/708/1040 1153/740/1045
f 1154/751/1046 47/47/47 1155/752/1047
f 599/500/562 598/499/561 1140/750/1033
f 933/542/864 941/691/872 589/477/552
f 1156/387/1048 1152/387/1044 1012/387/930
f 1157/734/1049 1131/659/1024 1158/738/1050
f 1159/753/1051 1160/754/1052 1161/755/1053
f 719/387/666 1162/387/1054 1004/387/922
f 715/214/663 1163/214/663 716/214/663
f 933/542/864 939/689/870 940/690/871
f 880/387/815 480/387/461 482/387/463
f 1164/756/1055 1165/757/1056 1166/758/1057
f 521/461/497 319/303/313 532/464/506
f 1167/214/1058 1168/214/1059 1169/214/1060
f 867/433/803 872/432/808 873/431/809
f 1019/214/936 1170/214/936 1020/214/936
f 1171/214/1061 1172/214/1061 1173/214/1061
f 1174/759/1062 1175/760/1063 1176/761/1064
f 982/702/642 282/269/278 703/552/652
f 763/592/705 762/591/704 1177/762/1065
f 1178/651/1066 1179/650/1067 761/589/703
f 776/588/717 1180/732/1068 1181/652/1069
f 617/387/577 949/387/880 1182/387/1070
f 615/387/575 617/387/577 1182/387/1070
f 991/414/912 762/591/704 761/589/703
f 385/365/376 1183/763/1071 489/441/469
f 124/123/124 142/141/142 125/124/125
f 617/387/577 1184/387/1072 948/387/879
f 1185/387/1073 617/387/577 616/387/576
f 1186/415/1074 992/653/913 991/414/912
f 406/382/395 991/414/912 846/590/782
f 1187/654/1075 846/590/782 1188/655/1076
f 1189/387/1077 1184/387/1072 1190/387/1078
f 756/587/698 867/433/803 868/664/804
f 1191/585/1079 1192/656/1080 1186/415/1074
f 405/381/394 1186/415/1074 406/382/395
f 404/380/393 406/382/395 1187/654/1075
f 1193/387/1081 1194/387/1082 1189/387/1077
f 1195/764/1083 635/513/593 434/403/422
f 1196/586/1084 1197/657/1085 1191/585/1079
f 1198/587/1086 1191/585/1079 405/381/394
f 1199/658/1087 405/381/394 404/380/393
f 1200/387/1088 1201/387/1089 1193/387/1081
f 1145/387/1037 718/387/665 1202/387/1090
f 1203/663/1091 1204/662/1092 1196/586/1084
f 465/433/452 1196/586/1084 1198/587/1086
f 1205/664/1093 1198/587/1086 1199/658/1087
f 1206/387/1094 1207/387/1095 1200/387/1088
f 1147/595/1039 1208/488/1096 1124/534/1017
f 1209/667/1097 1210/666/1098 1203/663/1091
f 464/432/451 1203/663/1091 465/433/452
f 463/431/450 465/433/452 1205/664/1093
f 1211/387/1028 1212/387/1099 1206/387/1094
f 755/586/697 866/663/802 867/433/803
f 1213/396/1100 1214/668/1101 1209/667/1097
f 1215/203/1102 1209/667/1097 464/432/451
f 1216/669/1103 464/432/451 463/431/450
f 1217/387/1104 1218/387/1105 1211/387/1028
f 865/662/801 870/666/806 866/663/802
f 1213/396/1100 1219/395/1106 1220/670/1107
f 1215/203/1102 1221/201/1108 1213/396/1100
f 1216/669/1103 1222/202/1109 1215/203/1102
f 1217/387/1104 1223/387/1110 1224/387/1111
f 1225/692/1112 1226/690/1113 1227/691/1114
f 1221/201/1108 1228/671/1115 1219/395/1106
f 1222/202/1109 1229/447/1116 1221/201/1108
f 1230/672/1117 1231/448/1118 1222/202/1109
f 1232/387/1119 1233/387/1120 1223/387/1110
f 1234/214/661 1235/214/1121 1236/214/656
f 1229/447/1116 1237/673/1122 1228/671/1115
f 1231/448/1118 1238/674/1123 1229/447/1116
f 1239/676/1124 1240/675/1125 1231/448/1118
f 852/387/788 854/387/790 1233/387/1120
f 1144/214/1036 1241/214/1126 1142/214/1034
f 1238/674/1123 1242/677/1127 1237/673/1122
f 1240/675/1125 1114/678/1007 1238/674/1123
f 501/450/481 503/452/483 1240/675/1125
f 853/387/789 1243/387/1128 854/387/790
f 402/214/391 1244/214/1129 1245/214/1130
f 1114/678/1007 1115/679/1008 1242/677/1127
f 503/452/483 504/453/484 1114/678/1007
f 502/451/482 985/680/908 503/452/483
f 1246/387/1131 1247/387/1132 1243/387/1128
f 928/686/859 929/541/860 925/685/856
f 504/453/484 506/455/486 1115/679/1008
f 985/680/908 505/454/485 504/453/484
f 507/456/487 509/458/489 985/680/908
f 1248/387/1133 1056/387/956 1247/387/1132
f 542/477/515 1227/691/1114 676/542/630
f 505/454/485 1249/684/1134 506/455/486
f 509/458/489 995/685/916 505/454/485
f 1250/457/1135 543/478/516 509/458/489
f 1251/387/1136 413/387/402 978/387/905
f 1252/387/1137 1253/387/1138 1254/387/1139
f 995/685/916 1255/686/1140 1249/684/1134
f 543/478/516 675/541/629 995/685/916
f 541/476/514 543/478/516 1256/687/1141
f 445/414/433 760/590/702 759/589/701
f 1257/387/1142 563/387/533 1252/387/1137
f 675/541/629 677/543/631 1255/686/1140
f 542/477/515 676/542/630 675/541/629
f 1258/688/1143 542/477/515 541/476/514
f 566/113/536 68/68/68 720/545/667
f 1259/387/1144 1260/387/1145 1257/387/1142
f 1261/689/1146 677/543/631 676/542/630
f 1226/690/1113 676/542/630 1227/691/1114
f 1225/692/1112 1227/691/1114 1258/688/1143
f 1215/203/1102 1213/396/1100 1209/667/1097
f 1262/387/1147 1263/387/1148 1259/387/1144
f 1234/214/661 1236/214/656 1264/214/1149
f 566/113/536 565/440/535 66/66/66
f 767/214/370 1265/214/370 692/214/370
f 1266/214/882 1267/214/882 1268/214/882
f 782/607/722 290/274/284 781/606/721
f 893/675/827 903/450/836 894/676/828
f 1269/204/204 1270/204/204 207/204/206
f 1271/696/1150 1261/689/1146 210/207/209
f 1261/689/1146 1272/697/1151 210/207/209
f 1261/689/1146 1226/690/1113 1272/697/1151
f 1226/690/1113 1273/698/1152 1272/697/1151
f 1226/690/1113 1225/692/1112 1273/698/1152
f 1073/573/970 1078/727/975 1074/725/971
f 1274/387/1153 1275/387/1154 1262/387/1147
f 1276/214/1155 1277/214/1156 1278/214/1157
f 1279/765/1158 969/701/898 1280/766/1159
f 645/214/603 554/214/524 553/214/523
f 1121/387/1014 1281/387/1160 1123/387/1016
f 897/426/831 899/425/733 1282/427/732
f 1283/767/1161 1284/768/1162 1285/769/1163
f 712/560/661 1286/770/1149 1271/696/1150
f 1287/214/1164 1288/214/1164 1289/214/1164
f 1252/387/1137 563/387/533 1253/387/1138
f 1290/214/1165 1291/214/1166 1292/214/1167
f 1293/214/940 1294/214/940 1026/214/940
f 279/214/275 627/214/586 629/214/588
f 965/214/894 1295/214/1168 1006/214/924
f 1296/214/1169 423/214/411 1245/214/1130
f 1191/585/1079 1197/657/1085 1192/656/1080
f 1125/486/1018 1297/743/1170 1298/742/1171
f 640/516/598 1299/771/1172 641/424/599
f 209/206/208 711/559/660 210/207/209
f 1300/311/1173 1301/772/1173 1302/773/1173
f 1303/214/1174 1304/214/1174 1305/214/1174
f 1077/470/974 529/468/503 521/461/497
f 210/207/209 211/208/210 213/210/212
f 210/207/209 1272/697/1151 211/208/210
f 1272/697/1151 1306/712/1175 211/208/210
f 1272/697/1151 1273/698/1152 1306/712/1175
f 1286/770/1149 672/538/626 1271/696/1150
f 1307/387/1176 412/387/401 1274/387/1153
f 1308/716/1177 458/426/445 740/574/685
f 1309/387/1178 1310/387/1179 719/387/666
f 1045/214/952 1023/214/939 1022/214/938
f 1036/214/946 1292/214/1167 1037/214/947
f 1311/516/1180 454/422/441 456/424/443
f 1312/493/1181 208/205/207 213/210/212
f 770/598/711 408/384/397 490/442/470
f 901/678/834 902/452/835 893/675/827
f 1232/387/1119 852/387/788 1233/387/1120
f 1313/729/1182 1314/683/1183 536/472/509
f 1315/774/1184 1090/736/987 1071/723/968
f 364/348/357 1316/775/1185 338/322/331
f 1317/214/1186 1318/214/446 1319/214/1187
f 902/452/835 911/451/842 903/450/836
f 1271/696/1150 210/207/209 712/560/661
f 213/210/212 1320/719/1186 1321/704/1187
f 918/458/849 1322/457/1188 919/456/850
f 1089/735/986 1323/776/1189 443/412/431
f 629/214/588 280/214/276 279/214/275
f 1066/214/541 1068/214/541 573/214/541
f 423/214/411 422/214/408 1245/214/1130
f 709/544/658 1324/550/1190 710/558/659
f 1325/214/953 1326/214/953 1327/214/953
f 1042/214/19 1044/214/19 1328/214/19
f 1329/214/954 1330/214/954 1331/214/954
f 462/430/449 869/665/805 460/428/447
f 866/663/802 871/667/807 872/432/808
f 560/483/530 1332/777/1191 211/208/210
f 797/387/736 519/387/496 945/387/876
f 408/384/397 1333/778/1192 1334/779/1193
f 601/387/564 874/387/810 482/387/463
f 211/208/210 1335/721/1194 558/481/528
f 211/208/210 1306/712/1175 1335/721/1194
f 1336/214/1195 653/214/609 652/214/608
f 976/387/903 978/387/905 1307/387/1176
f 738/572/683 740/574/685 458/426/445
f 742/576/687 458/426/445 558/481/528
f 741/575/686 558/481/528 1335/721/1194
f 1078/727/975 1082/728/979 921/681/852
f 1337/387/1196 977/387/904 976/387/903
f 1338/725/1197 739/573/684 738/572/683
f 537/473/510 738/572/683 742/576/687
f 1339/726/1198 742/576/687 741/575/686
f 719/387/666 1057/387/957 1162/387/1054
f 597/498/560 599/500/562 1340/780/1199
f 1132/681/1025 1134/727/1027 1338/725/1197
f 536/472/509 1338/725/1197 537/473/510
f 535/471/508 537/473/510 1339/726/1198
f 1310/387/1179 1341/387/1200 719/387/666
f 639/422/597 1116/423/1009 1059/511/959
f 1139/682/1032 1133/728/1026 1132/681/1025
f 1314/683/1183 1132/681/1025 536/472/509
f 1313/729/1182 536/472/509 535/471/508
f 1309/387/1178 1342/387/1201 1310/387/1179
f 1000/206/644 1343/205/1202 961/207/890
f 1138/717/1031 1344/730/1203 1139/682/1032
f 1137/705/1030 1139/682/1032 1314/683/1183
f 1345/731/1204 1314/683/1183 1313/729/1182
f 1135/387/1028 1136/387/1029 1309/387/1178
f 1346/387/1205 1004/387/922 1162/387/1054
f 1157/734/1049 1347/733/1206 1138/717/1031
f 1129/661/1022 1138/717/1031 1137/705/1030
f 1348/706/1207 1137/705/1030 1345/731/1204
f 973/387/900 975/387/902 1135/387/1028
f 143/142/143 72/72/72 144/143/144
f 1157/734/1049 1158/738/1050 1349/739/1208
f 1129/661/1022 1131/659/1024 1157/734/1049
f 1348/706/1207 1130/660/1023 1129/661/1022
f 973/387/900 1146/387/1038 974/387/901
f 936/576/867 1075/473/972 1076/726/973
f 1131/659/1024 1153/740/1045 1158/738/1050
f 1130/660/1023 1148/708/1040 1131/659/1024
f 1350/613/1209 1147/595/1039 1130/660/1023
f 1145/387/1037 1202/387/1090 1146/387/1038
f 1351/214/899 970/214/899 972/214/899
f 1148/708/1040 1352/707/1210 1153/740/1045
f 1147/595/1039 1124/534/1017 1148/708/1040
f 1353/612/1211 1208/488/1096 1147/595/1039
f 718/387/665 1354/387/1212 1202/387/1090
f 970/214/899 1355/214/899 971/214/899
f 1124/534/1017 1126/533/1019 1352/707/1210
f 1208/488/1096 1125/486/1018 1124/534/1017
f 1356/741/1213 1357/487/1214 1208/488/1096
f 1358/387/1215 1359/387/1216 1354/387/1212
f 1109/387/1002 622/387/582 1110/387/1003
f 1125/486/1018 1298/742/1171 1126/533/1019
f 1357/487/1214 1297/743/1170 1125/486/1018
f 1360/611/1217 1361/609/1218 1357/487/1214
f 717/387/664 1362/387/1219 1359/387/1216
f 1363/422/1220 1061/510/961 784/609/724
f 1297/743/1170 1311/516/1180 1298/742/1171
f 1361/609/1218 1364/422/1221 1297/743/1170
f 1365/610/1222 1366/510/1223 1361/609/1218
f 1005/387/923 1151/387/1043 1362/387/1219
f 1074/725/971 921/681/852 1079/472/976
f 456/424/443 1367/771/1224 1311/516/1180
f 631/511/590 455/423/442 454/422/441
f 1368/745/1225 1369/744/1226 630/510/589
f 1149/387/1041 1151/387/1043 1004/387/922
f 1370/387/1227 1004/387/922 1346/387/1205
f 490/442/470 768/596/709 770/598/711
f 1371/214/541 1372/214/541 1373/214/541
f 1274/387/1153 412/387/401 1275/387/1154
f 941/691/872 940/690/871 942/692/873
f 1240/675/1125 503/452/483 1114/678/1007
f 630/510/589 1369/744/1226 1374/781/1228
f 717/387/664 1358/387/1215 718/387/665
f 1375/215/1229 1376/782/1229 1377/783/1229
f 1061/510/961 639/422/597 1059/511/959
f 910/680/841 919/456/850 911/451/842
f 609/214/541 611/214/541 1373/214/541
f 1179/650/1067 1180/732/1068 761/589/703
f 1198/587/1086 1196/586/1084 1191/585/1079
f 1378/214/541 1372/214/541 1371/214/541
f 1005/387/923 717/387/664 719/387/666
f 631/511/590 630/510/589 1374/781/1228
f 973/387/900 1135/387/1028 718/387/665
f 503/452/483 985/680/908 504/453/484
f 759/589/701 758/588/700 1086/732/983
f 1231/448/1118 1240/675/1125 1238/674/1123
f 981/214/906 1095/214/906 1097/214/906
f 1360/611/1217 1365/610/1222 1361/609/1218
f 1379/214/1230 1380/214/1230 1381/214/1230
f 716/214/663 1030/214/663 714/214/663
f 1092/738/989 862/659/798 1088/734/985
f 909/453/840 910/680/841 902/452/835
f 465/433/452 1203/663/1091 1196/586/1084
f 1295/214/1168 1336/214/1195 1006/214/924
f 1382/214/1231 1169/214/1060 1031/214/942
f 569/487/539 786/611/726 1103/741/997
f 1012/387/930 882/387/817 518/387/495
f 1001/538/921 1383/540/1232 1002/539/646
f 1343/205/1202 585/210/548 961/207/890
f 515/214/492 1384/214/1233 516/214/493
f 1385/784/1234 1386/785/1235 490/442/470
f 1385/784/1234 490/442/470 1387/786/1236
f 1386/785/1235 460/428/447 768/596/709
f 1386/785/1235 768/596/709 490/442/470
f 1388/787/1237 1389/25/1238 1390/788/1239
f 968/700/897 967/699/896 1391/789/1240
f 1392/790/1241 461/429/448 460/428/447
f 1389/25/1238 1393/791/1242 1390/788/1239
f 1394/214/280 1395/214/280 1396/214/280
f 688/548/641 1397/792/1243 394/374/385
f 923/683/854 989/705/910 1085/731/982
f 1334/779/1193 409/385/398 408/384/397
f 1183/763/1071 1398/793/1244 489/441/469
f 378/214/370 1399/214/370 548/214/370
f 1400/25/1245 1401/794/1246 1402/26/1247
f 196/195/196 1403/795/1248 197/196/197
f 1404/214/500 1405/214/507 859/214/795
f 1406/796/1249 1407/797/1250 216/213/215
f 1408/798/1251 1409/799/1251 1410/800/1251
f 828/644/66 571/489/535 432/401/420
f 1411/801/1252 1412/802/1253 1413/803/1254
f 1414/799/1255 1415/794/1255 1416/800/1255
f 1052/214/954 1417/214/954 1053/214/954
f 1411/801/1252 1413/803/1254 1418/804/1256
f 1419/805/1257 1420/806/1257 1421/807/1257
f 212/209/211 1320/719/1186 213/210/212
f 1422/808/1258 1423/809/1259 1424/810/1260
f 1425/806/1261 1426/798/1261 1427/807/1261
f 759/589/701 1428/811/1262 834/592/770
f 1422/808/1258 1424/810/1260 1412/802/1253
f 190/189/190 1429/812/1263 191/190/191
f 1020/214/936 1430/214/936 1018/214/936
f 1375/215/1264 1377/783/1264 1431/377/1264
f 1432/813/547 201/200/200 440/409/428
f 1309/387/1178 1136/387/1029 1342/387/1201
f 469/214/455 1433/214/1265 467/214/453
f 1434/814/1266 650/518/606 649/517/605
f 379/214/370 1435/214/370 377/214/370
f 996/709/917 998/711/919 660/526/616
f 649/517/1267 651/519/607 1436/815/607
f 1027/718/941 1437/816/570 433/402/421
f 660/526/616 998/711/919 661/527/617
f 441/410/429 1340/780/1199 442/411/430
f 502/451/482 507/456/487 985/680/908
f 1438/817/730 723/563/669 807/625/744
f 406/382/395 1186/415/1074 991/414/912
f 1278/214/1157 549/214/519 551/214/521
f 797/387/736 937/387/868 798/387/737
f 1336/214/1195 652/214/608 1006/214/924
f 859/214/795 403/214/392 1404/214/500
f 241/234/237 170/169/170 243/236/239
f 1300/311/1268 1439/310/1268 1301/772/1268
f 1012/387/930 517/387/494 1156/387/1048
f 207/204/206 1440/204/1269 1269/204/204
f 1441/818/1270 485/437/465 1442/819/1271
f 691/550/643 1443/820/1272 765/594/707
f 1444/821/1273 1445/822/1274 255/248/251
f 1215/203/1102 1222/202/1109 1221/201/1108
f 1310/387/1179 1342/387/1201 1341/387/1200
f 874/387/810 879/387/814 875/387/581
f 1200/387/1088 1207/387/1095 1201/387/1089
f 760/590/702 851/655/787 758/588/700
f 1446/214/1230 1447/214/1230 1448/214/1230
f 1258/688/1143 1227/691/1114 542/477/515
f 26/26/26 1449/823/1275 380/360/371
f 727/214/673 1021/214/937 1450/214/1276
f 1451/782/1277 619/215/579 618/505/578
f 1108/743/1001 784/609/724 569/487/539
f 1403/795/1248 1452/824/1278 1453/825/1279
f 618/505/580 620/506/580 1454/826/580
f 1193/387/1081 1201/387/1089 1194/387/1082
f 1453/825/1279 1452/824/1278 1455/827/1280
f 443/412/431 362/346/355 374/357/367
f 855/656/791 860/657/796 754/585/696
f 659/525/615 661/527/617 1423/809/1259
f 1456/214/1281 1457/214/1282 1458/214/1283
f 1122/387/1015 1459/387/1284 927/387/858
f 1458/214/1283 469/214/455 468/214/454
f 1460/828/1285 1461/435/1285 1462/434/1285
f 126/125/126 123/122/123 124/123/124
f 591/495/554 593/497/556 197/196/197
f 477/434/460 479/377/460 1463/783/460
f 1464/829/1286 1465/830/1287 1466/351/1288
f 197/196/197 593/497/556 198/197/198
f 1467/272/1289 1468/352/1289 1469/831/1289
f 1387/786/1236 492/444/472 1470/832/1290
f 1471/833/1291 1472/834/1292 591/495/554
f 1473/831/1293 1474/435/1293 1475/828/1293
f 1338/725/1197 1134/727/1027 739/573/684
f 591/495/554 1472/834/1292 592/496/555
f 957/694/886 959/519/888 1476/518/1294
f 1009/713/927 598/499/561 1010/714/928
f 1270/204/204 205/204/204 207/204/206
f 658/524/614 1477/566/464 114/68/114
f 262/255/258 290/274/284 260/253/256
f 1261/689/1146 1271/696/1150 677/543/631
f 239/232/235 166/165/166 168/167/168
f 1478/835/1295 1479/836/1296 1480/837/1297
f 1481/271/1298 1482/838/1298 1483/839/1298
f 856/381/792 756/587/698 861/658/797
f 891/673/825 892/674/826 495/447/475
f 1484/840/1299 1485/841/1300 1486/842/1301
f 1075/473/972 1079/472/976 1080/471/977
f 1479/836/1296 1487/843/1302 1488/844/1303
f 1479/836/1296 1488/844/1303 1480/837/1297
f 1487/843/1302 1489/845/1304 1490/846/1305
f 1487/843/1302 1490/846/1305 1488/844/1303
f 1491/847/1306 1492/848/1307 1493/849/1308
f 566/113/536 709/544/658 706/555/655
f 1387/786/1236 1494/850/1309 1495/851/1310
f 1496/214/1311 1497/214/1311 1498/214/1311
f 1303/214/1174 1305/214/1174 1499/214/1174
f 900/677/833 901/678/834 892/674/826
f 239/232/235 188/187/188 166/165/166
f 1500/852/1312 9/9/9 494/446/112
f 1291/214/1166 1037/214/947 1292/214/1167
f 1491/847/1306 1501/218/1313 1502/853/1313
f 1203/663/1091 1210/666/1098 1204/662/1092
f 464/432/451 1209/667/1097 1203/663/1091
f 1216/669/1103 1215/203/1102 464/432/451
f 1411/801/1252 1422/808/1258 1412/802/1253
f 1495/851/1310 1503/854/1314 1387/786/1236
f 978/387/905 977/387/904 1251/387/1136
f 1504/855/1315 1505/856/1315 1506/857/1315
f 1294/214/940 1507/214/940 1026/214/940
f 1508/214/688 745/214/688 744/214/688
f 389/369/380 1398/793/1244 390/370/381
f 1509/858/1308 1510/466/1308 1511/311/1316
f 986/214/909 988/214/909 1512/214/909
f 1513/856/545 1514/859/545 1515/860/545
f 1061/510/961 1117/744/1010 1118/745/1011
f 537/473/510 1338/725/1197 738/572/683
f 969/701/898 1279/765/1158 967/699/896
f 644/214/602 643/214/601 645/214/603
f 719/387/666 1341/387/1200 1057/387/957
f 623/387/583 944/387/875 621/387/581
f 1294/214/940 1516/214/940 1507/214/940
f 441/410/429 45/45/45 451/419/438
f 47/47/47 1517/861/1317 45/45/45
f 471/214/456 546/214/456 473/214/456
f 1518/839/1318 1519/862/1318 1520/863/1319
f 274/267/270 355/339/348 357/341/350
f 931/387/862 555/387/525 1521/387/1320
f 1522/864/1321 1523/27/1322 1524/865/1323
f 931/387/862 1525/387/1324 937/387/868
f 768/596/709 869/665/805 1526/866/1325
f 1524/865/1323 1527/859/1326 1528/855/1326
f 1529/457/1327 1256/687/1141 1530/478/1328
f 768/596/709 1526/866/1325 769/597/710
f 1285/769/1163 1531/867/1329 1532/868/1330
f 317/301/311 341/325/334 295/279/289
f 1533/26/1331 1534/799/1331 1535/823/1331
f 1536/204/1332 576/204/542 1537/204/1333
f 1538/799/1334 1539/806/1334 1540/869/1334
f 1541/799/1335 1542/869/1335 1543/823/1335
f 1484/840/1299 1486/842/1301 1544/870/1336
f 1545/387/1337 1546/387/1338 1547/387/1339
f 329/313/322 303/287/297 302/286/296
f 327/311/320 225/218/222 224/217/221
f 30/30/30 582/490/546 387/367/378
f 1222/202/1109 1231/448/1118 1229/447/1116
f 1307/387/1176 978/387/905 412/387/401
f 1414/799/1340 1548/26/1340 1415/794/1340
f 1049/214/19 1549/214/19 1050/214/19
f 545/480/518 1550/871/1341 522/462/498
f 1551/872/1342 1315/774/1184 1071/723/968
f 1064/214/964 1552/214/1343 1553/214/1344
f 102/102/102 1554/873/1345 100/100/100
f 232/225/228 223/216/1346 225/218/228
f 49/49/49 179/178/179 50/50/50
f 884/387/819 480/387/461 880/387/815
f 1555/377/1347 1556/435/1347 1557/874/1347
f 1558/377/1348 1559/874/1348 1560/445/1348
f 1561/435/1349 1562/352/1349 1563/830/1349
f 1564/435/1350 1565/830/1350 1566/874/1350
f 274/267/270 357/341/350 376/359/369
f 367/351/360 1567/830/1351 368/352/361
f 1518/839/1318 1520/863/1319 1568/271/1352
f 534/214/456 1569/214/456 470/214/456
f 1570/875/1353 1480/837/1297 1571/876/1354
f 1568/271/1352 1520/863/1319 1572/351/1355
f 398/311/389 400/379/389 525/465/389
f 1573/214/1356 1552/214/1343 627/214/586
f 1574/214/899 1575/214/899 1576/214/899
f 1357/487/1214 1361/609/1218 1297/743/1170
f 924/684/855 925/685/856 917/454/848
f 1480/837/1297 1577/877/1357 1578/878/1358
f 630/510/589 1579/747/1359 1368/745/1225
f 1005/387/923 1004/387/922 1151/387/1043
f 1580/879/1360 1581/862/1360 1582/880/1360
f 1583/494/1361 1312/493/1181 213/210/212
f 551/214/521 1276/214/1155 1278/214/1157
f 1584/378/1360 1585/311/1360 1586/773/1360
f 956/214/885 955/214/884 1587/214/1362
f 1588/214/1363 1589/214/1363 1590/214/1363
f 1591/214/1364 1592/214/549 1593/214/1365
f 193/192/193 391/371/382 393/373/384
f 1594/881/1366 1595/882/1367 1596/883/1368
f 374/357/367 1089/735/986 443/412/431
f 1597/848/1369 1598/853/1370 1599/884/1371
f 1600/214/1174 1601/214/1174 1602/214/1174
f 1603/214/490 1604/214/490 1605/214/490
f 1606/885/1372 1070/722/967 1607/886/1373
f 772/214/713 685/214/638 684/214/637
f 1608/887/1374 1609/888/1375 1610/889/1376
f 1437/816/570 1611/890/69 433/402/421
f 1173/214/1061 1612/214/1061 1613/214/1061
f 1614/214/1377 964/214/893 966/214/895
f 1615/311/1378 1616/466/1378 1617/891/1379
f 1618/214/1380 1619/214/1380 1620/214/1380
f 1621/214/688 1622/214/688 1623/214/688
f 1624/214/1381 627/214/586 1552/214/1343
f 1625/892/1382 1610/889/1376 1609/888/1375
f 1626/214/1383 1627/214/1384 1628/214/1385
f 584/492/547 1629/893/428 582/490/546
f 416/390/405 1630/894/731 807/625/744
f 929/541/860 589/477/552 588/478/551
f 931/387/862 938/387/869 556/387/526
f 412/387/401 978/387/905 413/387/402
f 505/454/485 995/685/916 1249/684/1134
f 646/214/604 1631/214/604 647/214/604
f 1471/833/1291 1632/895/1386 1472/834/1292
f 1633/896/1387 1634/897/1388 1635/898/1389
f 685/214/638 1636/214/1390 683/214/636
f 1032/214/943 1099/214/993 1101/214/995
f 247/240/243 245/238/241 171/170/171
f 790/615/729 414/388/403 416/390/405
f 1637/214/1061 1638/214/1061 1639/214/1061
f 1640/214/1391 1641/214/1391 1642/214/1391
f 1643/214/909 1644/214/909 1645/214/909
f 1056/387/956 1253/387/1138 563/387/533
f 1015/717/933 1088/734/985 864/661/800
f 1205/664/1093 465/433/452 1198/587/1086
f 687/547/640 690/549/642 681/544/635
f 669/535/623 1174/759/1062 1176/761/1064
f 1185/387/1073 1190/387/1078 617/387/577
f 1646/214/1392 1647/214/1393 1648/214/1394
f 1649/859/1395 1650/899/1395 1651/860/1395
f 863/660/799 788/613/728 990/706/911
f 915/387/846 1094/387/991 614/387/574
f 1652/311/1396 1653/773/1395 1654/900/1397
f 1655/518/1398 1656/826/1398 1657/506/1398
f 1488/844/1303 1658/901/1399 1659/902/1400
f 1089/735/986 1175/760/1063 1071/723/968
f 1660/214/1401 701/214/650 1661/214/1402
f 1105/387/999 622/387/582 621/387/581
f 1016/214/934 1661/214/1402 701/214/650
f 1662/903/1403 394/374/385 1663/904/1404
f 1652/311/1396 1664/772/1405 1665/310/1405
f 655/521/611 665/531/614 1666/905/1406
f 1516/214/940 1667/214/940 1507/214/940
f 1135/387/1028 1309/387/1178 718/387/665
f 1370/387/1227 1149/387/1041 1004/387/922
f 1668/906/1407 1669/907/1408 1670/908/1409
f 52/52/52 17/17/17 20/20/20
f 1345/731/1204 1137/705/1030 1314/683/1183
f 1671/27/1410 1672/909/1411 1673/859/1412
f 836/591/772 849/653/785 445/414/433
f 1674/910/1413 1397/792/1243 688/548/641
f 1673/859/1412 1675/911/1414 1676/912/1414
f 1677/214/1415 1038/214/948 1040/214/950
f 709/544/658 1678/584/674 791/616/730
f 405/381/394 1191/585/1079 1186/415/1074
f 1236/214/656 1235/214/1121 1679/214/208
f 230/223/227 256/249/252 182/181/182
f 895/387/829 481/387/462 896/387/830
f 669/535/623 1279/765/1158 1280/766/1159
f 254/247/250 1444/821/1273 255/248/251
f 579/311/545 1680/466/545 580/465/545
f 429/398/417 1681/913/1416 255/248/251
f 1682/360/1417 1683/914/1417 1684/915/1417
f 1685/214/1418 1686/214/1419 1687/214/1420
f 1688/916/1421 1689/917/1422 1690/918/1423
f 1691/360/1424 1692/915/1424 1693/475/1424
f 1138/717/1031 1347/733/1206 1344/730/1203
f 1689/917/1422 1694/919/1425 1690/918/1423
f 1695/823/1426 1696/920/1426 1697/921/1426
f 51/51/51 1698/922/1427 52/52/52
f 1699/923/1428 215/212/214 1700/924/1429
f 1701/823/1430 1702/921/1430 1703/914/1430
f 385/365/376 604/502/567 1183/763/1071
f 215/212/214 1688/916/1421 1700/924/1429
f 401/214/390 1244/214/1129 402/214/391
f 312/296/306 1429/812/1263 190/189/190
f 958/695/887 1704/806/1431 959/519/888
f 637/200/595 605/407/568 607/504/570
f 835/649/771 1705/925/1432 836/591/772
f 886/387/821 1706/387/1433 596/387/559
f 1707/694/1434 1708/926/1435 1709/695/1436
f 670/536/624 669/535/623 1176/761/1064
f 1554/873/1345 79/79/79 100/100/100
f 1471/833/1291 1710/927/1437 1632/895/1386
f 1396/214/280 1711/214/280 1394/214/280
f 220/108/217 1712/506/1438 221/215/218
f 892/674/826 893/675/827 496/448/476
f 872/432/808 204/203/203 878/669/813
f 1105/387/999 1110/387/1003 622/387/582
f 1213/396/1100 1221/201/1108 1219/395/1106
f 1087/733/984 1093/739/990 1088/734/985
f 622/387/582 1122/387/1015 927/387/858
f 1046/214/953 1713/214/953 1047/214/953
f 1353/612/1211 1356/741/1213 1208/488/1096
f 543/478/516 542/477/515 675/541/629
f 1714/214/1439 1715/214/1440 1553/214/1344
f 1161/755/1053 1610/889/1376 1159/753/1051
f 1716/214/1441 1717/214/1441 1718/214/1441
f 578/204/544 1719/204/544 576/204/542
f 718/387/665 1145/387/1037 973/387/900
f 1720/214/1442 1721/214/1443 279/214/275
f 1209/667/1097 1214/668/1101 1210/666/1098
f 1372/214/541 609/214/541 1373/214/541
f 1314/683/1183 1139/682/1032 1132/681/1025
f 436/405/424 437/406/425 383/363/374
f 512/214/490 1722/214/490 632/214/490
f 1661/214/1402 1626/214/1383 1628/214/1385
f 1159/753/1051 1723/928/1444 1160/754/1052
f 746/577/689 1724/929/1445 434/403/422
f 1262/387/1147 1275/387/1154 1263/387/1148
f 247/240/243 173/172/173 227/220/224
f 1157/734/1049 1349/739/1208 1347/733/1206
f 1725/930/1446 1411/801/1252 1418/804/1256
f 224/217/221 325/309/319 327/311/320
f 1612/214/1061 1637/214/1061 1639/214/1061
f 1407/797/1250 214/211/213 216/213/215
f 1726/931/1447 898/481/832 1007/208/925
f 45/45/45 1517/861/1317 452/420/439
f 1727/214/1448 1728/214/207 1729/214/1181
f 637/200/595 1730/932/1445 638/515/596
f 1442/819/1271 1595/882/1367 1594/881/1366
f 1545/387/1337 1547/387/1339 594/387/557
f 1731/874/1449 1732/933/1450 1733/445/1450
f 1081/387/978 943/387/874 623/387/583
f 1734/934/1451 1735/935/1452 1736/936/1453
f 1737/445/1454 1738/933/1454 1739/937/1454
f 860/657/796 865/662/801 755/586/697
f 1736/936/1453 373/356/366 1740/938/1455
f 1741/830/1456 1742/939/1456 1743/874/1456
f 761/589/703 1744/811/1457 1178/651/1066
f 1745/940/1458 1531/867/1329 1746/941/1459
f 1731/874/1449 1747/939/1460 1748/942/1461
f 1749/214/1462 1456/214/1281 1458/214/1283
f 1746/941/1459 1735/935/1452 1734/934/1451
f 1397/792/1243 1694/919/1425 1750/943/1463
f 1229/447/1116 1238/674/1123 1237/673/1122
f 1751/519/1464 1752/805/1464 1753/815/1464
f 1681/913/1416 386/366/377 255/248/251
f 1339/726/1198 537/473/510 742/576/687
f 201/200/200 438/407/426 440/409/428
f 1754/863/1465 1755/944/1465 1756/945/1466
f 805/623/742 1757/946/1467 1127/748/1020
f 1152/387/1044 678/387/632 680/387/634
f 697/214/646 1758/214/1232 695/214/644
f 1759/214/1468 1760/214/1468 1761/214/1468
f 1762/351/1469 1756/945/1466 1763/829/1470
f 516/214/493 955/214/884 514/214/491
f 1764/947/1471 1532/868/1330 1765/948/1472
f 1766/863/1473 1767/879/1268 1768/949/1474
f 1769/214/1475 1770/214/1475 1771/214/1475
f 1139/682/1032 1344/730/1203 1133/728/1026
f 1260/387/1145 1772/387/1476 561/387/531
f 1773/214/838 1774/214/838 1775/214/838
f 1496/214/1311 1776/214/1311 1497/214/1311
f 1777/610/1477 1778/747/1478 630/510/1479
f 598/499/561 597/498/560 1779/950/1480
f 245/238/241 170/169/170 171/170/171
f 1524/865/1323 1523/27/1322 1527/859/1326
f 679/387/633 1081/387/978 1017/387/935
f 1780/214/899 1351/214/899 972/214/899
f 558/481/528 457/425/444 559/482/529
f 608/480/571 1781/391/1481 273/266/269
f 287/271/281 1782/352/1482 288/272/282
f 1766/863/1473 1783/951/1483 1784/952/1483
f 1785/214/541 1786/214/541 574/214/541
f 977/387/904 1162/387/1054 1057/387/957
f 1221/201/1108 1229/447/1116 1228/671/1115
f 1230/672/1117 1239/676/1124 1231/448/1118
f 109/109/109 1787/937/1484 324/308/318
f 1788/953/1485 1789/954/1486 98/98/98
f 1613/214/1061 1612/214/1061 1639/214/1061
f 1790/214/1487 1791/214/1487 1792/214/1487
f 1793/214/936 1794/214/936 1795/214/936
f 480/387/461 896/387/830 481/387/462
f 1495/851/1310 1796/955/1488 1503/854/1314
f 1525/387/1324 798/387/737 937/387/868
f 1286/770/1149 707/556/656 672/538/626
f 1511/311/1316 1491/847/1306 1493/849/1308
f 1025/214/940 1293/214/940 1026/214/940
f 424/393/412 46/46/46 64/64/64
f 384/364/375 430/399/418 385/365/376
f 1797/214/1391 1798/214/1391 1799/214/1391
f 1283/767/1161 1800/956/1489 1284/768/1162
f 889/387/824 896/387/830 480/387/461
f 1254/387/1139 1253/387/1138 1190/387/1078
f 1266/214/882 1801/214/882 1267/214/882
f 870/666/806 877/668/812 871/667/807
f 1633/896/1387 1668/906/1407 1802/957/1490
f 1633/896/1387 1802/957/1490 1803/958/1491
f 1668/906/1407 394/374/385 1804/959/1492
f 1668/906/1407 1804/959/1492 1802/957/1490
f 394/374/385 1397/792/1243 1805/960/1493
f 394/374/385 1805/960/1493 1804/959/1492
f 18/18/18 7/7/7 15/15/15
f 1537/204/1333 275/204/271 1536/204/1332
f 1750/943/1463 1689/917/1422 1806/961/1494
f 1750/943/1463 1806/961/1494 1165/757/1056
f 1689/917/1422 215/212/214 214/211/213
f 1689/917/1422 214/211/213 1806/961/1494
f 1807/469/1495 418/372/407 544/479/517
f 388/368/379 520/460/468 799/619/399
f 216/213/215 1808/962/1496 1406/796/1249
f 1176/761/1064 374/357/367 670/536/624
f 433/402/421 1611/890/69 800/620/67
f 1174/759/1062 1809/963/1497 1810/964/1498
f 1811/214/1499 1812/214/1499 1813/214/1499
f 841/387/777 848/387/784 842/387/778
f 1814/214/1500 1815/214/1500 1816/214/1500
f 1206/387/1094 1212/387/1099 1207/387/1095
f 1817/214/1501 1040/214/950 1039/214/949
f 1805/960/1493 1750/943/1463 1165/757/1056
f 1818/965/1502 372/355/365 371/354/364
f 1818/965/1502 371/354/364 1819/966/1503
f 362/346/355 444/413/432 360/344/353
f 544/479/517 522/462/498 524/464/500
f 1820/967/1448 1821/968/1504 1308/716/1177
f 373/356/366 1822/969/1505 370/353/363
f 1735/935/1452 1531/867/1329 1284/768/1162
f 1719/204/544 1537/204/1333 576/204/542
f 1406/796/1249 1818/965/1502 1819/966/1503
f 277/204/273 1536/204/1332 275/204/271
f 1532/868/1330 1823/970/1506 1824/971/1507
f 1532/868/1330 1824/971/1507 1285/769/1163
f 1823/970/1506 485/437/465 1825/972/1508
f 1823/970/1506 1825/972/1508 1824/971/1507
f 485/437/465 1159/753/1051 1826/973/1509
f 485/437/465 1826/973/1509 1825/972/1508
f 1803/958/1491 1802/957/1490 1827/974/1510
f 1803/958/1491 1827/974/1510 1828/975/1511
f 1802/957/1490 1804/959/1492 1829/976/1512
f 1802/957/1490 1829/976/1512 1827/974/1510
f 1804/959/1492 1805/960/1493 1164/756/1055
f 1804/959/1492 1164/756/1055 1829/976/1512
f 1735/935/1452 1822/969/1505 373/356/366
f 581/379/545 1830/773/545 579/311/545
f 1165/757/1056 1806/961/1494 1831/977/1513
f 1165/757/1056 1831/977/1513 1166/758/1057
f 1806/961/1494 214/211/213 1832/978/1514
f 1806/961/1494 1832/978/1514 1831/977/1513
f 1407/797/1250 1832/978/1514 214/211/213
f 239/232/235 169/168/169 241/234/237
f 1407/797/1250 1406/796/1249 1833/979/1515
f 114/68/114 1477/566/464 438/407/426
f 529/468/503 528/462/502 1834/980/1516
f 1835/214/1517 795/214/734 794/214/733
f 1450/214/1276 725/214/671 727/214/673
f 995/685/916 675/541/629 1255/686/1140
f 1636/214/1390 1836/214/1518 683/214/636
f 1823/970/1506 1837/981/1519 1838/982/1520
f 499/387/479 757/387/699 500/387/480
f 877/668/812 883/670/818 427/396/415
f 1819/966/1503 371/354/364 1839/983/1521
f 1636/214/1390 1290/214/1165 1836/214/1518
f 1839/983/1521 370/353/363 1840/984/1522
f 468/214/454 1749/214/1462 1458/214/1283
f 370/353/363 1822/969/1505 1840/984/1522
f 385/365/376 1841/985/1523 1842/986/1524
f 1822/969/1505 1284/768/1162 1800/956/1489
f 1822/969/1505 1800/956/1489 1840/984/1522
f 1023/214/939 1450/214/1276 1021/214/937
f 732/214/678 1045/214/952 1022/214/938
f 1285/769/1163 1824/971/1507 1843/987/1525
f 1285/769/1163 1843/987/1525 1283/767/1161
f 1824/971/1507 1825/972/1508 1844/988/1526
f 1824/971/1507 1844/988/1526 1843/987/1525
f 1825/972/1508 1826/973/1509 1845/989/1527
f 1825/972/1508 1845/989/1527 1844/988/1526
f 1846/387/1528 1281/387/1160 1847/387/1529
f 1846/387/1528 1848/387/1530 1849/387/1531
f 1850/387/1532 1851/387/1533 1848/387/1530
f 1852/387/1534 1853/387/1535 1851/387/1533
f 1101/214/995 1033/214/944 1032/214/943
f 1382/214/1231 1167/214/1058 1169/214/1060
f 213/210/212 208/205/207 210/207/209
f 718/387/665 1358/387/1215 1354/387/1212
f 1159/753/1051 485/437/465 1723/928/1444
f 1491/847/1306 1511/311/1316 1501/218/1313
f 1348/706/1207 1350/613/1209 1130/660/1023
f 1504/855/1315 1854/859/1315 1505/856/1315
f 1855/214/906 1856/214/906 1857/214/906
f 1853/387/1535 1858/387/1536 1859/387/1537
f 836/591/772 759/589/701 834/592/770
f 838/651/774 1428/811/1262 759/589/701
f 1860/387/1538 1861/387/1539 1862/387/1540
f 1863/387/1541 1864/387/1542 1860/387/1538
f 1865/387/1543 1866/387/1544 1863/387/1541
f 1865/387/1543 1370/387/1227 1867/387/1531
f 1868/990/1545 1869/991/1546 1870/992/1547
f 1870/992/1547 1871/993/1548 1872/994/1549
f 1872/994/1549 1873/995/1550 1874/996/1551
f 1873/995/1550 1875/997/1552 1874/996/1551
f 1876/998/1553 1877/999/1554 1875/997/1552
f 1878/771/1555 1879/1000/1555 1880/424/1555
f 1881/1001/1556 1882/511/1556 1883/423/1556
f 1884/1002/1557 1885/511/1557 1886/1001/1557
f 1887/1003/1558 1888/745/1558 1889/744/1558
f 1887/1003/1558 1890/746/1558 1888/745/1558
f 1847/387/1529 1121/387/1014 1891/387/1559
f 1892/771/1560 1893/424/1560 1894/1000/1560
f 1895/423/1561 1896/511/1561 1897/1001/1561
f 1898/511/1562 1899/1002/1562 1900/1001/1562
f 1901/744/1563 1902/745/1563 1903/1003/1563
f 1904/1003/1564 1905/746/1564 1906/1004/1564
f 1907/387/1565 1149/387/1041 1370/387/1227
f 1908/1005/1363 1909/1005/1363 1910/1005/1363
f 1911/1006/1566 1912/1007/1567 1913/1008/1568
f 1914/1009/1569 1915/1010/359 1916/1011/1570
f 1915/1010/359 1917/1012/1571 1912/1007/1567
f 1915/1010/359 1918/1013/1572 1919/1014/1573
f 1915/1010/359 1920/1015/1574 1917/1012/1571
f 1919/1014/1573 1921/1016/1575 1915/1010/359
f 1915/1010/359 1921/1016/1575 1922/1017/1576
f 1923/1005/1363 1924/1005/1363 1925/1005/1363
f 1926/1009/1577 1927/1018/1578 1928/1013/1579
f 1927/1018/1578 1929/1010/372 1930/1014/1580
f 1931/1007/1581 1932/1019/1582 1933/1006/1583
f 1934/1020/1584 1929/1010/372 1926/1009/1577
f 1931/1007/1581 1933/1006/1583 1935/1008/1585
f 1930/1014/1580 1936/1017/1586 1937/1021/1587
f 1938/1012/1588 1939/1022/1589 1929/1010/372
f 1929/1010/372 1939/1022/1589 1936/1017/1586
f 1940/1023/1590 1941/1024/1591 1942/1025/1592
f 1940/1023/1590 1942/1025/1592 1943/1026/1593
f 1943/1026/1593 1942/1025/1592 1944/1027/1594
f 1943/1026/1593 1944/1027/1594 1945/1028/1595
f 1945/1028/1595 1944/1027/1594 599/500/562
f 1945/1028/1595 599/500/562 1140/750/1033
f 1216/669/1103 1230/672/1117 1222/202/1109
f 1238/674/1123 1114/678/1007 1242/677/1127
f 758/588/700 1946/601/1596 839/600/775
f 1196/586/1084 1204/662/1092 1197/657/1085
f 391/371/382 355/339/348 274/267/270
f 1259/387/1144 1263/387/1148 1260/387/1145
f 1317/214/1186 1947/214/444 1318/214/446
f 1786/214/541 575/214/541 574/214/541
f 1011/715/929 1010/714/928 1948/1029/1597
f 1011/715/929 1948/1029/1597 1949/1030/1598
f 1941/1024/1591 1950/1031/1599 1951/1032/1600
f 1941/1024/1591 1951/1032/1600 1942/1025/1592
f 1942/1025/1592 1951/1032/1600 442/411/430
f 1942/1025/1592 442/411/430 1944/1027/1594
f 1944/1027/1594 442/411/430 1340/780/1199
f 1944/1027/1594 1340/780/1199 599/500/562
f 805/623/742 1952/1033/1601 1757/946/1467
f 763/592/705 1744/811/1457 761/589/703
f 932/543/863 933/542/864 929/541/860
f 589/477/552 941/691/872 934/688/865
f 1953/1034/1016 1954/1035/1530 1955/1036/1533
f 1246/387/1131 1248/387/1133 1247/387/1132
f 259/252/255 302/286/296 301/285/295
f 552/214/522 554/214/524 1817/214/1501
f 1010/714/928 1779/950/1480 1956/1037/1602
f 1010/714/928 1956/1037/1602 1948/1029/1597
f 1950/1031/1599 1957/1038/1603 1958/1039/1604
f 1950/1031/1599 1958/1039/1604 1951/1032/1600
f 1951/1032/1600 1958/1039/1604 425/394/413
f 1951/1032/1600 425/394/413 442/411/430
f 52/52/52 65/65/65 44/44/44
f 68/68/68 566/113/536 66/66/66
f 642/214/600 700/214/649 643/214/601
f 1959/1040/1605 1710/927/1437 1478/835/1295
f 329/313/322 345/329/338 303/287/297
f 1960/214/1311 1961/214/1311 1962/214/1311
f 521/461/497 532/464/506 1077/470/974
f 213/210/212 1321/704/1187 1583/494/1361
f 597/498/560 451/419/438 1963/1041/1606
f 1287/214/1164 1964/214/1164 1288/214/1164
f 1965/214/1607 1966/214/1608 1967/214/1609
f 361/345/354 384/364/375 362/346/355
f 1297/743/1170 454/422/441 1311/516/1180
f 1779/950/1480 1963/1041/1606 1968/1042/1610
f 1779/950/1480 1968/1042/1610 1956/1037/1602
f 1957/1038/1603 1969/1043/1611 1970/1044/1612
f 1957/1038/1603 1970/1044/1612 1958/1039/1604
f 1958/1039/1604 1970/1044/1612 424/393/412
f 1958/1039/1604 424/393/412 425/394/413
f 414/388/403 14/14/14 789/614/659
f 425/394/413 64/64/64 441/410/429
f 1162/387/1054 1337/387/1196 1346/387/1205
f 1129/661/1022 1157/734/1049 1138/717/1031
f 827/392/764 392/372/383 391/371/382
f 1070/722/967 1971/1045/1613 1551/872/1342
f 1947/214/444 1317/214/1186 1972/214/211
f 1532/868/1330 1745/940/1458 1765/948/1472
f 1213/396/1100 1220/670/1107 1214/668/1101
f 274/267/270 273/266/269 827/392/764
f 1148/708/1040 1124/534/1017 1352/707/1210
f 1071/723/968 1070/722/967 1551/872/1342
f 1963/1041/1606 452/420/439 1973/1046/1614
f 1963/1041/1606 1973/1046/1614 1968/1042/1610
f 1969/1043/1611 1974/1047/1615 1975/1048/1616
f 1969/1043/1611 1975/1048/1616 1970/1044/1612
f 1970/1044/1612 1975/1048/1616 1976/1049/1617
f 1970/1044/1612 1976/1049/1617 424/393/412
f 424/393/412 1976/1049/1617 46/46/46
f 879/387/814 885/387/820 880/387/815
f 1292/214/1167 1836/214/1518 1290/214/1165
f 1977/214/1618 1978/214/1618 1979/214/1618
f 447/382/435 856/381/792 857/380/793
f 1208/488/1096 1357/487/1214 1125/486/1018
f 703/552/652 780/605/720 1980/1050/1272
f 621/387/581 614/387/574 613/387/573
f 1521/387/1320 1525/387/1324 931/387/862
f 1981/214/663 1982/214/663 1983/214/663
f 457/425/444 558/481/528 458/426/445
f 490/442/470 796/618/735 491/443/471
f 452/420/439 1517/861/1317 1984/1051/1619
f 452/420/439 1984/1051/1619 1973/1046/1614
f 1985/214/1620 1457/214/1282 1986/214/1621
f 1974/1047/1615 1987/1052/1622 1975/1048/1616
f 1975/1048/1616 1987/1052/1622 603/501/566
f 1975/1048/1616 603/501/566 1976/1049/1617
f 100/100/100 123/122/123 101/101/101
f 98/98/98 99/99/99 1788/953/1485
f 654/520/610 1988/1053/1623 1629/893/428
f 1211/387/1028 1218/387/1105 1212/387/1099
f 1484/840/1299 1989/1054/1624 1990/1055/1625
f 1248/387/1133 1253/387/1138 1056/387/956
f 1481/271/1298 1991/273/1298 1482/838/1298
f 485/437/465 487/439/467 1723/928/1444
f 1992/1056/199 30/30/30 11/11/11
f 1098/740/992 994/708/915 862/659/798
f 1181/652/1069 774/600/715 776/588/717
f 1993/214/1061 1994/214/1061 1995/214/1061
f 927/387/858 1017/387/935 622/387/582
f 431/400/419 1841/985/1523 385/365/376
f 1517/861/1317 805/623/742 804/622/741
f 1517/861/1317 804/622/741 1984/1051/1619
f 912/387/843 500/387/480 913/387/844
f 853/387/789 1246/387/1131 1243/387/1128
f 1996/214/1468 1997/214/1468 1998/214/1468
f 746/577/689 434/403/422 636/514/594
f 1091/737/988 1323/776/1189 1089/735/986
f 1102/387/996 1105/387/999 802/387/739
f 1189/387/1077 1194/387/1082 1184/387/1072
f 1217/387/1104 1232/387/1119 1223/387/1110
f 904/387/837 913/387/844 481/387/462
f 782/607/722 815/633/752 290/274/284
f 1613/214/1061 1171/214/1061 1173/214/1061
f 1425/806/1626 1999/799/1626 1426/798/1626
f 1485/841/1300 1128/749/1021 1486/842/1301
f 310/294/304 268/261/264 736/570/681
f 1823/970/1506 1838/982/1520 2000/1057/1627
f 2001/1058/1628 1183/763/1071 604/502/567
f 87/87/87 110/110/110 84/84/84
f 281/268/277 283/270/279 520/460/468
f 1033/214/944 1382/214/1231 1031/214/942
f 1097/214/906 979/214/906 981/214/906
f 46/46/46 603/501/566 385/365/376
f 2002/1059/1629 1128/749/1021 1127/748/1020
f 1990/1055/1625 1607/886/1373 2003/1060/1630
f 393/373/384 531/469/505 319/303/313
f 957/694/886 1712/506/1438 220/108/217
f 272/265/268 432/401/420 571/489/535
f 451/419/438 1340/780/1199 441/410/429
f 2004/214/604 2005/214/604 648/214/604
f 1316/775/1185 347/331/340 338/322/331
f 771/214/712 964/214/893 1614/214/1377
f 1430/214/936 2006/214/936 1018/214/936
f 1239/676/1124 501/450/481 1240/675/1125
f 1989/1054/1624 2007/1061/1631 2008/1062/1632
f 421/214/410 1143/214/1035 422/214/408
f 585/210/548 1343/205/1202 586/493/549
f 1545/387/1337 2009/387/1633 1546/387/1338
f 2010/967/1365 1383/540/1232 1013/716/931
f 596/387/559 1545/387/1337 594/387/557
f 2011/1063/1634 300/284/294 73/73/73
f 219/214/216 2012/214/216 484/214/216
f 1244/214/1129 1296/214/1169 1245/214/1130
f 1337/387/1196 1162/387/1054 977/387/904
f 1350/613/1209 1353/612/1211 1147/595/1039
f 717/387/664 1005/387/923 1362/387/1219
f 2013/311/1635 2014/310/1635 2015/309/1635
f 417/391/406 544/479/517 418/372/407
f 1628/214/1385 1660/214/1401 1661/214/1402
f 1627/214/1384 731/214/677 733/214/679
f 451/419/438 452/420/439 1963/1041/1606
f 1974/1047/1615 2016/1064/1636 1398/793/1244
f 2017/1065/1637 1453/825/1279 1455/827/1280
f 1398/793/1244 389/369/380 489/441/469
f 792/617/731 1324/550/1190 709/544/658
f 497/449/477 112/112/112 114/68/114
f 1808/962/1496 2018/1066/1638 2019/1067/1639
f 2020/1068/941 637/200/595 607/504/570
f 1606/885/1372 1607/886/1373 2021/1069/1640
f 2021/1069/1640 1989/1054/1624 2008/1062/1632
f 570/488/540 1103/741/997 787/612/727
f 1161/755/1053 1608/887/1374 1610/889/1376
f 851/655/787 1946/601/1596 758/588/700
f 777/602/718 780/605/720 764/593/706
f 1522/864/1321 2022/25/1321 1523/27/1322
f 1285/769/1163 1284/768/1162 1531/867/1329
f 2023/214/1641 2024/214/1642 2025/214/1643
f 681/544/635 753/584/639 682/545/618
f 1226/690/1113 1261/689/1146 676/542/630
f 2026/214/280 284/214/280 286/214/280
f 2027/920/1644 1709/695/1436 1708/926/1435
f 1394/214/280 2026/214/280 286/214/280
f 1199/658/1087 1198/587/1086 405/381/394
f 2028/214/1164 2029/214/1164 2030/214/1164
f 1035/214/945 2031/214/1645 1036/214/946
f 1122/387/1015 1123/387/1016 1459/387/1284
f 1517/861/1317 2032/1070/1646 2033/1071/1647
f 2003/1060/1630 1070/722/967 2034/1072/1648
f 1379/214/1230 2035/214/1230 1380/214/1230
f 1389/25/1238 2036/864/1242 1393/791/1242
f 2016/1064/1636 2037/1073/1649 2038/1074/1650
f 2016/1064/1636 2038/1074/1650 390/370/381
f 390/370/381 2038/1074/1650 527/467/501
f 390/370/381 527/467/501 375/358/368
f 1486/842/1301 2007/1061/1631 1544/870/1336
f 1789/954/1486 121/120/121 98/98/98
f 434/403/422 2039/1075/1651 1027/718/941
f 1180/732/1068 776/588/717 761/589/703
f 2040/214/1652 829/214/765 954/214/883
f 1464/829/1286 2041/1076/1653 1465/830/1287
f 721/561/668 1678/584/674 709/544/658
f 610/214/541 2042/214/541 611/214/541
f 2043/214/909 986/214/909 1512/214/909
f 2044/204/1654 2045/204/1654 1536/204/1332
f 920/387/851 876/387/811 500/387/480
f 2046/214/1655 2047/214/1655 2048/214/1655
f 1263/387/1148 411/387/400 1772/387/1476
f 748/579/691 722/562/667 2049/1077/680
f 744/214/688 2050/214/688 1508/214/688
f 2037/1073/1649 2051/1078/1656 2052/1079/1657
f 2037/1073/1649 2052/1079/1657 2038/1074/1650
f 2038/1074/1650 2052/1079/1657 2053/1080/1658
f 2038/1074/1650 2053/1080/1658 527/467/501
f 527/467/501 2053/1080/1658 670/536/624
f 527/467/501 670/536/624 374/357/367
f 960/696/889 2054/770/878 2055/560/877
f 203/202/202 888/672/823 878/669/813
f 273/266/269 1781/391/1481 827/392/764
f 1579/747/1359 2056/746/1659 1368/745/1225
f 776/588/717 775/601/716 1188/655/1076
f 846/590/782 991/414/912 761/589/703
f 555/387/525 876/387/811 920/387/851
f 613/387/573 802/387/739 1105/387/999
f 1071/723/968 1175/760/1063 2057/1081/1660
f 1071/723/968 2057/1081/1660 1072/724/969
f 2051/1078/1656 2058/1082/1661 2059/1083/1662
f 2051/1078/1656 2059/1083/1662 2052/1079/1657
f 2052/1079/1657 2059/1083/1662 2060/1084/1663
f 2052/1079/1657 2060/1084/1663 2053/1080/1658
f 2053/1080/1658 2060/1084/1663 671/537/625
f 2053/1080/1658 671/537/625 670/536/624
f 807/625/744 790/615/729 416/390/405
f 2061/214/370 694/214/370 693/214/370
f 920/387/851 2062/387/1664 555/387/525
f 1553/214/1344 1062/214/962 1064/214/964
f 2063/214/19 2064/214/19 2065/214/19
f 617/387/577 1190/387/1078 1184/387/1072
f 696/214/645 1055/214/955 946/214/877
f 951/214/882 2066/214/882 952/214/882
f 1175/760/1063 1174/759/1062 1810/964/1498
f 1175/760/1063 1810/964/1498 2057/1081/1660
f 2058/1082/1661 2067/1085/1665 2068/1086/1666
f 2058/1082/1661 2068/1086/1666 2059/1083/1662
f 2059/1083/1662 2068/1086/1666 2069/1087/1667
f 2059/1083/1662 2069/1087/1667 2060/1084/1663
f 2060/1084/1663 2069/1087/1667 1279/765/1158
f 2060/1084/1663 1279/765/1158 671/537/625
f 496/448/476 894/676/828 888/672/823
f 1329/214/954 2070/214/954 1330/214/954
f 916/455/847 917/454/848 909/453/840
f 1309/387/1178 719/387/666 718/387/665
f 669/535/623 1280/766/1159 2071/1088/1668
f 2072/478/1669 930/687/861 1322/457/1188
f 2062/387/1664 1521/387/1320 555/387/525
f 1070/722/967 1072/724/969 2034/1072/1648
f 2050/214/688 2073/214/688 1508/214/688
f 1758/214/1232 2074/214/1202 695/214/644
f 699/214/648 279/214/275 278/214/274
f 2067/1085/1665 2075/1089/1670 2076/1090/1671
f 2067/1085/1665 2076/1090/1671 2068/1086/1666
f 2068/1086/1666 2076/1090/1671 2077/1091/1672
f 2068/1086/1666 2077/1091/1672 2069/1087/1667
f 2069/1087/1667 2077/1091/1672 967/699/896
f 2069/1087/1667 967/699/896 1279/765/1158
f 742/576/687 738/572/683 458/426/445
f 621/387/581 613/387/573 1105/387/999
f 446/415/434 754/585/696 856/381/792
f 1358/387/1215 717/387/664 1359/387/1216
f 1280/766/1159 969/701/898 2078/1092/1673
f 1280/766/1159 2078/1092/1673 2071/1088/1668
f 2071/1088/1668 2078/1092/1673 2079/1093/1674
f 2071/1088/1668 2079/1093/1674 1809/963/1497
f 2075/1089/1670 2080/1094/1675 2081/1095/1676
f 2075/1089/1670 2081/1095/1676 2076/1090/1671
f 2076/1090/1671 2081/1095/1676 2082/1096/1677
f 2076/1090/1671 2082/1096/1677 2077/1091/1672
f 2077/1091/1672 2082/1096/1677 1391/789/1240
f 2077/1091/1672 1391/789/1240 967/699/896
f 1395/214/280 2083/214/280 1396/214/280
f 1438/817/730 728/565/674 723/563/669
f 1058/387/958 1251/387/1136 977/387/904
f 558/481/528 560/483/530 211/208/210
f 969/701/898 968/700/897 2084/1097/1678
f 969/701/898 2084/1097/1678 2078/1092/1673
f 2078/1092/1673 2084/1097/1678 2085/1098/1679
f 2078/1092/1673 2085/1098/1679 2079/1093/1674
f 1949/1030/1598 1948/1029/1597 2086/1099/1680
f 1956/1037/1602 2086/1099/1680 1948/1029/1597
f 1968/1042/1610 2087/1100/1681 1956/1037/1602
f 1973/1046/1614 2088/1101/1682 1968/1042/1610
f 1984/1051/1619 2089/1102/1683 1973/1046/1614
f 804/622/741 2090/1103/1684 1984/1051/1619
f 803/621/740 2091/1104/1685 804/622/741
f 1485/841/1300 2092/1105/1686 803/621/740
f 1484/840/1299 2093/1106/1687 1485/841/1300
f 1484/840/1299 2094/1107/1688 2095/1108/1689
f 1990/1055/1625 2096/1109/1690 2094/1107/1688
f 2003/1060/1630 2097/1110/1691 2096/1109/1690
f 2034/1072/1648 2098/1111/1692 2097/1110/1691
f 1072/724/969 2099/1112/1693 2098/1111/1692
f 2057/1081/1660 2100/1113/1694 2099/1112/1693
f 1810/964/1498 2101/1114/1695 2100/1113/1694
f 1809/963/1497 2102/1115/1696 2101/1114/1695
f 2079/1093/1674 2085/1098/1679 2102/1115/1696
f 500/387/480 876/387/811 498/387/478
f 481/387/462 913/387/844 500/387/480
f 2005/214/604 646/214/604 648/214/604
f 1089/735/986 1071/723/968 1090/736/987
f 2103/214/1697 2104/214/1698 2105/214/1699
f 1113/387/1006 1122/387/1015 622/387/582
f 1490/846/1305 2106/1116/1700 2107/1117/1701
f 1186/415/1074 1192/656/1080 992/653/913
f 1325/214/953 2108/214/953 1326/214/953
f 789/614/659 415/389/404 414/388/403
f 1442/819/1271 1594/881/1366 1441/818/1270
f 2109/214/1702 726/214/672 2110/214/1703
f 2111/214/19 2112/214/19 2113/214/19
f 1086/732/983 837/650/773 759/589/701
f 421/214/410 1144/214/1036 1143/214/1035
f 1154/751/1046 2032/1070/1646 47/47/47
f 898/481/832 936/576/867 1069/575/966
f 1014/574/932 1073/573/970 935/572/866
f 2114/214/1704 2115/214/1704 2116/214/1704
f 383/363/374 386/366/377 435/404/423
f 1168/214/1059 1167/214/1058 2117/214/1705
f 1176/761/1064 1175/760/1063 1089/735/986
f 1164/756/1055 1805/960/1493 1165/757/1056
f 2118/214/1706 2119/214/1706 2120/214/1706
f 319/303/313 193/192/193 393/373/384
f 1422/808/1258 659/525/615 1423/809/1259
f 937/387/868 945/387/876 938/387/869
f 1106/214/663 2121/214/663 1029/214/663
f 1084/730/981 1087/733/984 1015/717/933
f 994/708/915 766/595/708 863/660/799
f 640/516/598 639/422/597 1108/743/1001
f 2122/1118/695 778/603/714 764/593/706
f 762/591/704 2123/925/1707 1177/762/1065
f 2124/214/1708 1721/214/1443 2125/214/1709
f 1403/795/1248 196/195/196 1452/824/1278
f 68/68/68 730/567/676 735/569/680
f 391/371/382 193/192/193 271/264/267
f 1188/655/1076 846/590/782 776/588/717
f 2126/214/1710 2127/214/1710 2128/214/1710
f 843/387/779 842/387/778 844/387/780
f 2129/214/1711 2130/214/1711 2131/214/1711
f 2132/204/1711 2133/204/1711 2134/204/1711
f 839/600/775 2135/1119/1712 840/652/776
f 2135/1119/1712 837/650/773 1086/732/983
f 837/650/773 2136/1120/1713 838/651/774
f 2137/1121/1714 2138/592/1715 2139/811/1716
f 2140/592/1717 2141/1122/1717 2142/762/1717
f 2142/762/1718 2141/1122/1718 2143/925/1718
f 841/387/777 845/387/781 2144/387/1719
f 2145/600/1720 2146/1119/1720 2147/1123/1720
f 1179/650/1067 2148/1124/1721 2149/1119/1722
f 1179/650/1067 2150/1120/1723 2151/1124/1724
f 2152/592/1725 2153/1121/1725 2154/1120/1725
f 2155/592/1726 2156/1122/1726 2157/1121/1726
f 2158/762/1727 2159/925/1727 2160/1122/1727
f 615/387/575 949/387/880 2161/387/1728
f 845/387/781 2162/387/1729 2144/387/1719
f 2162/387/1729 2163/387/1730 2164/387/1731
f 2164/387/1731 596/387/559 1706/387/1433
f 281/268/277 703/552/652 282/269/278
f 2165/214/1499 2166/214/1499 2167/214/1499
f 1260/387/1145 1263/387/1148 1772/387/1476
f 1275/387/1154 412/387/401 411/387/400
f 114/68/114 682/545/618 657/523/613
f 73/73/73 183/182/183 2011/1063/1634
f 312/296/306 310/294/304 736/570/681
f 760/590/702 447/382/435 850/654/786
f 50/50/50 160/159/160 48/48/48
f 1356/741/1213 1360/611/1217 1357/487/1214
f 847/387/783 858/387/794 499/387/479
f 625/508/584 748/579/691 734/568/676
f 1545/387/1337 2168/387/1732 2009/387/1633
f 2169/387/1733 2170/387/1734 2168/387/1732
f 2170/387/1734 615/387/575 2161/387/1728
f 2171/1125/1735 2172/1126/1736 2173/1127/1737
f 604/502/567 1987/1052/1622 2001/1058/1628
f 1187/654/1075 406/382/395 846/590/782
f 2174/214/1736 2175/214/1738 1063/214/963
f 1217/387/1104 1224/387/1111 1218/387/1105
f 2172/1126/1736 2176/1128/1739 2177/1129/1738
f 434/403/422 437/406/425 1195/764/1083
f 2178/214/1706 2179/214/1706 2180/214/1706
f 1040/214/950 1686/214/1419 1677/214/1415
f 2177/1129/1738 2181/1130/1740 2182/1131/1741
f 1063/214/963 2183/214/1742 1064/214/964
f 1082/728/979 1084/730/981 922/682/853
f 2183/214/1742 2184/214/1741 2185/214/1743
f 598/499/561 1779/950/1480 1010/714/928
f 2186/1132/1744 2187/1133/1745 2188/1134/274
f 1614/214/1377 772/214/713 771/214/712
f 2071/1088/1668 1174/759/1062 669/535/623
f 1257/387/1142 1260/387/1145 563/387/533
f 2189/1135/1746 2190/1136/1747 2191/1137/1708
f 1392/790/1241 1725/930/1446 461/429/448
f 563/387/533 1260/387/1145 561/387/531
f 1628/214/1385 1627/214/1384 733/214/679
f 1400/25/1245 2192/787/1748 1401/794/1246
f 2189/1135/1746 2193/1138/1749 2186/1132/1744
f 1711/214/280 2026/214/280 1394/214/280
f 2194/214/1750 2195/214/1751 1720/214/1442
f 1493/849/1308 1509/858/1308 1511/311/1316
f 2186/1132/1744 2188/1134/274 2196/1139/276
f 1445/822/1274 428/397/416 255/248/251
f 1500/852/1312 10/10/10 9/9/9
f 2186/1132/1744 2196/1139/276 2197/1140/1752
f 1332/777/1191 212/209/211 211/208/210
f 950/693/881 1707/694/1434 108/108/108
f 2198/1141/587 2199/1142/1753 2200/1143/1754
f 1156/387/1048 517/387/494 798/387/737
f 524/464/500 1807/469/1495 544/479/517
f 536/472/509 1132/681/1025 1338/725/1197
f 1441/818/1270 486/438/466 485/437/465
f 2201/1144/1755 2202/1145/1756 2203/1146/1757
f 2125/214/1709 2204/214/1758 2205/214/1759
f 2205/214/1759 2206/214/1755 2207/214/1757
f 1263/387/1148 1275/387/1154 411/387/400
f 1446/214/1230 2208/214/1230 1447/214/1230
f 577/204/543 576/204/542 2209/204/1760
f 2209/204/1760 576/204/542 2210/204/1761
f 2210/204/1761 2211/204/1762 2212/204/1763
f 927/387/858 1459/387/1284 881/387/816
f 935/572/866 1074/725/971 1075/473/972
f 2213/214/604 2214/214/604 2215/214/604
f 64/64/64 45/45/45 441/410/429
f 1348/706/1207 1129/661/1022 1137/705/1030
f 1174/759/1062 2071/1088/1668 1809/963/1497
f 2216/214/909 2043/214/909 1512/214/909
f 576/204/542 2217/204/1764 2211/204/1762
f 2218/214/1765 2219/214/1766 2220/214/1767
f 2221/1147/1500 2222/1147/1500 2223/1147/1500
f 2224/1145/1768 2225/1144/1156 2226/1146/1769
f 2103/214/1697 1276/214/1155 551/214/521
f 1120/747/1013 1061/510/961 1118/745/1011
f 1277/214/1156 2105/214/1699 2227/214/1770
f 1079/472/976 923/683/854 1083/729/980
f 2228/1148/1771 2229/1149/1772 2230/1141/885
f 955/214/884 1647/214/1393 1587/214/1362
f 1387/786/1236 490/442/470 492/444/472
f 597/498/560 1963/1041/1606 1779/950/1480
f 858/387/794 600/387/563 757/387/699
f 2231/1150/1157 2224/1145/1768 2232/1137/1773
f 551/214/521 550/214/520 2233/214/1774
f 2234/609/1775 630/510/1776 2235/422/1777
f 1113/387/1006 1891/387/1559 1121/387/1014
f 2236/510/1778 2237/747/1779 2238/610/1780
f 1833/979/1515 1819/966/1503 1839/983/1521
f 2239/1151/1781 2240/1127/1782 2241/1131/1783
f 2242/214/1784 2243/214/1785 2244/214/1786
f 498/387/478 1041/387/951 844/387/780
f 2243/214/1785 2245/214/1787 2246/214/1788
f 1039/214/949 552/214/522 1817/214/1501
f 2247/1142/1789 2248/1152/1790 2249/1130/1791
f 1384/214/1233 2244/214/1786 516/214/493
f 1104/387/998 1110/387/1003 1105/387/999
f 1473/831/1792 2250/352/1792 1474/435/1792
f 807/625/744 1630/894/731 1438/817/730
f 69/69/69 607/504/570 606/503/569
f 1183/763/1071 2001/1058/1628 1398/793/1244
f 1470/832/1290 1494/850/1309 1387/786/1236
f 140/139/140 141/140/141 120/119/120
f 1440/204/1269 207/204/206 2251/204/1793
f 932/543/863 960/696/889 939/689/870
f 2252/204/1794 2253/204/1794 2251/204/1793
f 1107/742/1000 1108/743/1001 568/486/538
f 2245/214/1787 2254/214/1795 2242/214/1784
f 420/204/409 2255/204/1796 207/204/206
f 207/204/206 2255/204/1796 2256/204/1797
f 2257/214/1798 2258/214/1799 2259/214/1800
f 2260/1147/1363 2261/1147/1363 2262/1147/1363
f 2263/1153/1801 2264/1153/1802 2265/1153/1803
f 2266/1153/1804 2267/1153/1805 2263/1153/1801
f 2268/1153/1806 2269/1153/1807 2266/1153/1804
f 2270/1153/1808 2271/1153/1809 2268/1153/1806
f 2270/1153/1808 2272/1153/1810 2273/1153/1811
f 2265/1153/1803 2272/1153/1810 2274/1153/1812
f 2274/1153/1812 2268/1153/1806 2263/1153/1801
f 2271/1153/1809 2273/1153/1811 2272/1153/1810
f 2275/1153/1813 2276/1153/1814 2277/1153/1815
f 2278/1153/1816 2279/1153/1817 2276/1153/1814
f 2280/1153/1818 2279/1153/1817 2281/1153/1819
f 2282/1153/1820 2283/1153/1821 2280/1153/1818
f 2282/1153/1820 2284/1153/1822 2285/1153/1823
f 2286/1153/1824 2287/1153/1825 2284/1153/1822
f 2288/1153/1826 2287/1153/1825 2289/1153/1827
f 2275/1153/1813 2290/1153/1828 2288/1153/1826
f 2276/1153/1814 2291/1153/1829 2277/1153/1815
f 2279/1153/1817 2292/1153/1830 2276/1153/1814
f 2279/1153/1817 2293/1153/1831 2294/1153/1832
f 2283/1153/1821 2295/1153/1833 2293/1153/1831
f 2284/1153/1822 2295/1153/1833 2285/1153/1823
f 2287/1153/1825 2296/1153/1834 2284/1153/1822
f 2287/1153/1825 2297/1153/1835 2298/1153/1836
f 2290/1153/1828 2291/1153/1829 2297/1153/1835
f 2299/214/1818 2300/214/1837 2301/214/1824
f 2296/1153/1834 2298/1153/1836 2293/1153/1831
f 2302/1153/1838 2303/1153/1839 2304/1153/1840
f 2305/1153/1841 2306/1153/1842 2303/1153/1839
f 2307/1153/1843 2306/1153/1842 2308/1153/1844
f 2309/1153/1845 2310/1153/1846 2307/1153/1843
f 2311/1153/1847 2312/1153/1848 2309/1153/1845
f 2311/1153/1847 2304/1153/1840 2313/1153/1849
f 2308/1153/1844 2305/1153/1841 2311/1153/1847
f 2303/1153/1839 2310/1153/1846 2313/1153/1849
f 2314/1153/1820 2315/1153/1821 2316/1153/1818
f 2316/1153/1818 2317/1153/1817 2318/1153/1819
f 2317/1153/1817 2319/1153/1816 2318/1153/1819
f 2320/1153/1814 2321/1153/1813 2319/1153/1816
f 2321/1153/1813 2322/1153/1828 2323/1153/1826
f 2323/1153/1826 2324/1153/1825 2325/1153/1827
f 2324/1153/1825 2326/1153/1824 2325/1153/1827
f 2327/1153/1822 2314/1153/1820 2326/1153/1824
f 2328/1153/1833 2315/1153/1821 2329/1153/1823
f 2330/1153/1831 2317/1153/1817 2315/1153/1821
f 2317/1153/1817 2331/1153/1830 2320/1153/1814
f 2320/1153/1814 2332/1153/1829 2333/1153/1815
f 2332/1153/1829 2322/1153/1828 2333/1153/1815
f 2334/1153/1835 2324/1153/1825 2322/1153/1828
f 2324/1153/1825 2335/1153/1834 2327/1153/1822
f 2327/1153/1822 2328/1153/1833 2329/1153/1823
f 2336/214/1826 2337/214/1850 2338/214/1816
f 2331/1153/1830 2339/1153/1832 2334/1153/1835
f 2340/1154/1851 2341/1154/1852 2342/1154/1853
f 2343/1154/1854 2344/1154/1855 2345/1154/1856
f 2346/1154/1857 2347/1154/1858 2344/1154/1855
f 2348/1154/1859 2349/1154/1860 2347/1154/1858
f 2350/1154/1861 2349/1154/1860 2351/1154/1862
f 2352/1154/1863 2353/1154/1864 2350/1154/1861
f 2343/1154/1854 2354/1154/1865 2352/1154/1863
f 2344/1154/1855 2355/1154/1866 2345/1154/1856
f 2347/1154/1858 2356/1154/1867 2344/1154/1855
f 2349/1154/1860 2357/1154/1868 2347/1154/1858
f 2349/1154/1860 2358/1154/1869 2359/1154/1870
f 2353/1154/1864 2360/1154/1871 2358/1154/1869
f 2354/1154/1865 2355/1154/1866 2360/1154/1871
f 2351/1154/1862 2348/1154/1859 2346/1154/1857
f 2359/1154/1870 2358/1154/1869 2360/1154/1871
f 2361/1154/1872 2362/1154/1873 2363/1154/1874
f 2364/1154/1875 2365/1154/1876 2361/1154/1872
f 2366/1154/1877 2367/1154/1878 2364/1154/1875
f 2366/1154/1877 2368/1154/1879 2369/1154/1880
f 2370/1154/1881 2371/1154/1882 2368/1154/1879
f 2372/1154/1883 2373/1154/1884 2371/1154/1882
f 2374/1154/1885 2375/1154/1886 2373/1154/1884
f 2376/1154/1887 2375/1154/1886 2377/1154/1888
f 2378/1154/1889 2379/1154/1890 2376/1154/1887
f 2363/1154/1874 2380/1154/1891 2378/1154/1889
f 2362/1154/1873 2381/1154/1892 2382/1154/1893
f 2365/1154/1876 2383/1154/1894 2381/1154/1892
f 2369/1154/1880 2383/1154/1894 2367/1154/1878
f 2368/1154/1879 2384/1154/1895 2369/1154/1880
f 2371/1154/1882 2385/1154/1896 2368/1154/1879
f 2373/1154/1884 2386/1154/1897 2371/1154/1882
f 2375/1154/1886 2387/1154/1898 2373/1154/1884
f 2379/1154/1890 2388/1154/1899 2375/1154/1886
f 2379/1154/1890 2389/1154/1900 2390/1154/1901
f 2380/1154/1891 2382/1154/1893 2389/1154/1900
f 2382/1154/1893 2391/1154/1902 2392/1154/1903
f 2381/1154/1892 2393/1154/1904 2391/1154/1902
f 2384/1154/1895 2393/1154/1904 2383/1154/1894
f 2385/1154/1896 2394/1154/1905 2384/1154/1895
f 2386/1154/1897 2395/1154/1906 2385/1154/1896
f 2387/1154/1898 2396/1154/1907 2386/1154/1897
f 2388/1154/1899 2397/1154/1908 2387/1154/1898
f 2390/1154/1901 2398/1154/1909 2388/1154/1899
f 2390/1154/1901 2399/1154/1910 2400/1154/1911
f 2389/1154/1900 2392/1154/1903 2399/1154/1910
f 2401/214/1912 2402/214/1913 2403/214/1914
f 2372/1154/1883 2366/1154/1877 2361/1154/1872
f 2404/1154/1915 2405/1154/1916 2406/1154/1917
f 2407/1154/1918 2408/1154/1919 2404/1154/1915
f 2409/1154/1920 2410/1154/1921 2407/1154/1918
f 2409/1154/1920 2411/1154/1922 2412/1154/1923
f 2413/1154/1924 2414/1154/1925 2411/1154/1922
f 2415/1154/1926 2405/1154/1916 2414/1154/1925
f 2405/1154/1916 2416/1154/1927 2417/1154/1928
f 2408/1154/1919 2418/1154/1929 2416/1154/1927
f 2410/1154/1921 2419/1154/1930 2418/1154/1929
f 2411/1154/1922 2419/1154/1930 2412/1154/1923
f 2414/1154/1925 2420/1154/1931 2411/1154/1922
f 2405/1154/1916 2421/1154/1932 2414/1154/1925
f 2407/1154/1918 2404/1154/1915 2415/1154/1926
f 2419/1154/1930 2420/1154/1931 2421/1154/1932
f 2422/1154/1933 2423/1154/1873 2424/1154/1874
f 2425/1154/1875 2426/1154/1876 2422/1154/1933
f 2427/1154/1877 2428/1154/1878 2425/1154/1875
f 2427/1154/1877 2429/1154/1879 2430/1154/1880
f 2431/1154/1881 2432/1154/1882 2429/1154/1879
f 2433/1154/1883 2434/1154/1884 2432/1154/1882
f 2435/1154/1885 2436/1154/1886 2434/1154/1884
f 2437/1154/1887 2436/1154/1886 2438/1154/1888
f 2439/1154/1889 2440/1154/1890 2437/1154/1887
f 2424/1154/1874 2441/1154/1891 2439/1154/1889
f 2423/1154/1873 2442/1154/1892 2443/1154/1893
f 2426/1154/1876 2444/1154/1894 2442/1154/1892
f 2430/1154/1880 2444/1154/1894 2428/1154/1878
f 2429/1154/1879 2445/1154/1895 2430/1154/1880
f 2432/1154/1882 2446/1154/1896 2429/1154/1879
f 2434/1154/1884 2447/1154/1897 2432/1154/1882
f 2436/1154/1886 2448/1154/1898 2434/1154/1884
f 2440/1154/1890 2449/1154/1899 2436/1154/1886
f 2440/1154/1890 2450/1154/1900 2451/1154/1901
f 2441/1154/1891 2443/1154/1893 2450/1154/1900
f 2443/1154/1893 2452/1154/1934 2453/1154/1903
f 2442/1154/1892 2454/1154/1904 2452/1154/1934
f 2445/1154/1895 2454/1154/1904 2444/1154/1894
f 2446/1154/1896 2455/1154/1905 2445/1154/1895
f 2447/1154/1897 2456/1154/1906 2446/1154/1896
f 2448/1154/1898 2457/1154/1907 2447/1154/1897
f 2449/1154/1899 2458/1154/1908 2448/1154/1898
f 2451/1154/1901 2459/1154/1909 2449/1154/1899
f 2451/1154/1901 2460/1154/1910 2461/1154/1911
f 2450/1154/1900 2453/1154/1903 2460/1154/1910
f 2462/214/1912 2463/214/1913 2464/214/1914
f 2438/1154/1888 2427/1154/1877 2422/1154/1933
f 2465/1155/1935 2466/1156/1936 2467/1157/1937
f 2468/1156/1938 2469/1155/1939 2470/1157/1940
f 2466/1156/1936 2470/1157/1940 2467/1157/1937
f 2471/1158/1941 2468/1156/1938 2466/1156/1936
f 2465/1155/1935 2472/1158/1942 2471/1158/1941
f 2467/1157/1937 2469/1155/1939 2465/1155/1935
f 627/214/586 279/214/275 1573/214/1356
f 1573/214/1356 1553/214/1344 1552/214/1343
f 1574/214/899 2473/214/899 1575/214/899
f 1480/837/1297 1488/844/1303 1577/877/1357
f 1488/844/1303 1659/902/1400 1577/877/1357
f 1578/878/1358 2474/1159/1943 1480/837/1297
f 1580/879/1944 2475/863/1944 1581/862/1944
f 1587/214/1362 550/214/520 2476/214/1945
f 550/214/520 549/214/519 2476/214/1945
f 2476/214/1945 956/214/885 1587/214/1362
f 1590/214/1363 2477/214/1363 2478/214/1363
f 2478/214/1363 1588/214/1363 1590/214/1363
f 1593/214/1365 2479/214/1946 1591/214/1364
f 2479/214/1946 793/214/732 1591/214/1364
f 793/214/732 1028/214/907 1591/214/1364
f 1592/214/549 2074/214/1202 1593/214/1365
f 2074/214/1202 1758/214/1232 1593/214/1365
f 1571/876/1354 1480/837/1297 1596/883/1368
f 1480/837/1297 2474/1159/1943 1596/883/1368
f 2474/1159/1943 1594/881/1366 1596/883/1368
f 1617/891/1379 2480/849/1369 1599/884/1371
f 2480/849/1369 1597/848/1369 1599/884/1371
f 1600/214/1174 2481/214/1174 1601/214/1174
f 1603/214/490 2482/214/490 1604/214/490
f 1606/885/1372 1971/1045/1613 1070/722/967
f 2483/858/1947 1617/891/1379 1616/466/1378
f 1617/891/1379 1599/884/1371 1615/311/1378
f 1599/884/1371 2484/218/1378 1615/311/1378
f 2485/214/1380 2486/214/1380 2487/214/1380
f 2486/214/1380 1618/214/1380 1620/214/1380
f 2487/214/1380 2486/214/1380 1620/214/1380
f 1621/214/688 2488/214/688 2489/214/688
f 2489/214/688 1622/214/688 1621/214/688
f 1622/214/688 2490/214/688 1623/214/688
f 1552/214/1343 1064/214/964 2491/214/1948
f 1064/214/964 2183/214/1742 2185/214/1743
f 2492/214/1949 1064/214/964 2185/214/1743
f 2492/214/1949 2491/214/1948 1064/214/964
f 2491/214/1948 1624/214/1381 1552/214/1343
f 1624/214/1381 628/214/587 627/214/586
f 1503/854/1314 1796/955/1488 2493/1160/1950
f 1503/854/1314 2493/1160/1950 1634/897/1388
f 2494/1161/1951 1669/907/1408 1668/906/1407
f 2495/1162/1952 2494/1161/1951 1668/906/1407
f 1633/896/1387 1503/854/1314 1634/897/1388
f 1635/898/1389 2495/1162/1952 1633/896/1387
f 2495/1162/1952 1668/906/1407 1633/896/1387
f 1640/214/1391 2496/214/1391 1641/214/1391
f 1643/214/909 2497/214/909 1644/214/909
f 2244/214/1786 2243/214/1785 2246/214/1788
f 2246/214/1788 2498/214/1953 2244/214/1786
f 2498/214/1953 1648/214/1394 1647/214/1393
f 1648/214/1394 2499/214/1954 1646/214/1392
f 2499/214/1954 2500/214/1773 2233/214/1774
f 1646/214/1392 2499/214/1954 2233/214/1774
f 1647/214/1393 2244/214/1786 2498/214/1953
f 1649/859/1395 2501/912/1395 1650/899/1395
f 1655/518/1398 2502/814/1398 1656/826/1398
f 1488/844/1303 2503/1163/1955 1658/901/1399
f 1663/904/1404 1334/779/1193 1333/778/1192
f 1662/903/1403 395/375/386 394/374/385
f 1663/904/1404 1333/778/1192 1662/903/1403
f 1652/311/1396 1654/900/1397 1664/772/1405
f 1666/905/1406 664/530/613 655/521/611
f 664/530/613 663/529/619 655/521/611
f 655/521/611 449/417/436 665/531/614
f 1663/904/1404 394/374/385 1670/908/1409
f 394/374/385 1668/906/1407 1670/908/1409
f 52/52/52 44/44/44 17/17/17
f 1671/27/1410 2504/474/1410 1672/909/1411
f 1673/859/1412 1672/909/1411 1675/911/1414
f 1728/214/207 2505/214/628 1679/214/208
f 2505/214/628 2506/214/627 1679/214/208
f 2506/214/627 1236/214/656 1679/214/208
f 230/223/227 257/250/253 256/249/252
f 669/535/623 671/537/625 1279/765/1158
f 1682/360/1956 2507/823/1956 1683/914/1956
f 1685/214/1418 1677/214/1415 1686/214/1419
f 1689/917/1422 1750/943/1463 1694/919/1425
f 1695/823/1957 2508/869/1957 1696/920/1957
f 51/51/51 70/70/70 1698/922/1427
f 215/212/214 1689/917/1422 1688/916/1421
f 312/296/306 737/571/682 1429/812/1263
f 958/695/1958 2509/869/1958 1704/806/1959
f 1707/694/1434 950/693/881 1708/926/1435
f 1471/833/1291 1478/835/1295 1710/927/1437
f 1553/214/1344 1573/214/1356 1714/214/1439
f 1573/214/1356 1721/214/1443 2510/214/1960
f 2511/214/1961 1573/214/1356 2510/214/1960
f 1721/214/1443 2124/214/1708 2510/214/1960
f 1715/214/1440 1062/214/962 1553/214/1344
f 1573/214/1356 2511/214/1961 1714/214/1439
f 1718/214/1441 2512/214/1441 2513/214/1441
f 2513/214/1441 1716/214/1441 1718/214/1441
f 279/214/275 699/214/648 1720/214/1442
f 1720/214/1442 2125/214/1709 1721/214/1443
f 1721/214/1443 1573/214/1356 279/214/275
f 746/577/689 625/508/584 2514/1164/596
f 625/508/584 624/507/568 2514/1164/596
f 1724/929/1445 2039/1075/1651 434/403/422
f 746/577/689 2514/1164/596 1724/929/1445
f 247/240/243 172/171/172 173/172/173
f 1725/930/1446 1392/790/1241 1411/801/1252
f 2515/482/1962 899/425/733 898/481/832
f 1007/208/925 585/210/548 2516/209/1517
f 585/210/548 1034/719/734 2516/209/1517
f 2516/209/1517 2517/777/1963 1007/208/925
f 1726/931/1447 2515/482/1962 898/481/832
f 2517/777/1963 1726/931/1447 1007/208/925
f 2518/214/1964 1319/214/1187 1318/214/446
f 1318/214/446 2519/214/1504 2518/214/1964
f 2519/214/1504 1727/214/1448 2518/214/1964
f 1727/214/1448 2505/214/628 1728/214/207
f 1729/214/1181 2518/214/1964 1727/214/1448
f 1731/874/1449 1748/942/1461 1732/933/1450
f 1736/936/1453 1735/935/1452 373/356/366
f 1741/830/1965 2520/1076/1965 1742/939/1965
f 1746/941/1459 1531/867/1329 1735/935/1452
f 1397/792/1243 1674/910/1413 1694/919/1425
f 1751/519/1966 2521/806/1966 1752/805/1966
f 1756/945/1466 1762/351/1469 1754/863/1465
f 1754/863/1465 2522/952/1465 1755/944/1465
f 1761/214/1468 2523/214/1468 1759/214/1468
f 2523/214/1468 2524/214/1468 2525/214/1468
f 1759/214/1468 2523/214/1468 2525/214/1468
f 1764/947/1471 1823/970/1506 1532/868/1330
f 1770/214/1475 2526/214/1475 1771/214/1475
f 2526/214/1475 2527/214/1475 2528/214/1475
f 1771/214/1475 2526/214/1475 2528/214/1475
f 2527/214/1475 2529/214/1475 2528/214/1475
f 1771/214/1475 2530/214/1475 1769/214/1475
f 2531/214/838 2532/214/838 2533/214/838
f 2532/214/838 2534/214/838 2533/214/838
f 1775/214/838 2535/214/838 1773/214/838
f 2534/214/838 1775/214/838 1774/214/838
f 2533/214/838 2534/214/838 1774/214/838
f 245/238/241 243/236/239 170/169/170
f 1766/863/1473 1768/949/1474 1783/951/1483
f 109/109/1967 2536/445/1967 1787/937/1967
f 1790/214/1487 2537/214/1487 1791/214/1487
f 1793/214/936 2538/214/936 1794/214/936
f 1797/214/1391 2539/214/1391 1798/214/1391
f 1253/387/1138 1248/387/1133 1190/387/1078
f 1248/387/1133 1246/387/1131 1206/387/1094
f 1246/387/1131 853/387/789 852/387/788
f 852/387/788 1232/387/1119 1217/387/1104
f 1217/387/1104 1211/387/1028 852/387/788
f 1211/387/1028 1206/387/1094 852/387/788
f 1206/387/1094 1200/387/1088 1193/387/1081
f 1193/387/1081 1189/387/1077 1248/387/1133
f 1189/387/1077 1190/387/1078 1248/387/1133
f 1206/387/1094 1193/387/1081 1248/387/1133
f 1246/387/1131 852/387/788 1206/387/1094
f 1190/387/1078 1185/387/1073 1254/387/1139
f 18/18/18 8/8/8 7/7/7
f 1807/469/1495 2540/373/391 418/372/407
f 1176/761/1064 1089/735/986 374/357/367
f 1813/214/1499 2541/214/1499 2542/214/1499
f 2543/214/1499 2544/214/1499 2545/214/1499
f 2544/214/1499 2546/214/1499 2545/214/1499
f 2547/214/1499 1813/214/1499 2548/214/1499
f 1813/214/1499 2542/214/1499 1811/214/1499
f 2549/214/1499 2542/214/1499 2543/214/1499
f 2546/214/1499 2550/214/1499 2551/214/1499
f 2550/214/1499 2552/214/1499 2553/214/1499
f 2552/214/1499 2554/214/1499 2555/214/1499
f 2554/214/1499 2556/214/1499 2557/214/1499
f 2552/214/1499 2555/214/1499 2553/214/1499
f 2556/214/1499 2558/214/1499 2559/214/1499
f 2557/214/1499 2560/214/1499 2561/214/1499
f 2560/214/1499 2562/214/1499 2563/214/1499
f 2556/214/1968 2559/214/1968 2557/214/1968
f 2550/214/1499 2553/214/1499 2551/214/1499
f 2542/214/1499 2549/214/1499 1811/214/1499
f 2543/214/1499 2545/214/1499 2549/214/1499
f 2548/214/1499 1813/214/1499 1812/214/1499
f 2554/214/1499 2557/214/1499 2564/214/1499
f 2560/214/1499 2563/214/1499 2561/214/1499
f 2562/214/1499 2565/214/1499 2563/214/1499
f 2561/214/1499 2566/214/1499 2557/214/1499
f 2545/214/1499 2546/214/1499 2551/214/1499
f 2567/214/1499 2568/214/1499 2569/214/1499
f 2568/214/1499 2570/214/1499 2571/214/1499
f 2569/214/1499 2568/214/1499 2571/214/1499
f 2570/214/1499 2548/214/1499 1812/214/1499
f 2557/214/1499 2566/214/1499 2572/214/1499
f 2573/214/1499 2571/214/1499 2570/214/1499
f 2574/214/1499 2575/214/1499 2576/214/1499
f 2575/214/1499 2567/214/1499 2576/214/1499
f 2557/214/1499 2572/214/1499 2577/214/1499
f 2564/214/1499 2555/214/1499 2554/214/1499
f 2557/214/1499 2577/214/1499 2564/214/1499
f 2569/214/1499 2576/214/1499 2567/214/1499
f 2578/214/1499 2571/214/1499 2573/214/1499
f 1812/214/1969 2579/214/1969 2570/214/1969
f 2579/214/1499 2573/214/1499 2570/214/1499
f 1816/214/1500 2580/214/1500 1814/214/1500
f 1814/214/1500 2581/214/1500 1815/214/1500
f 1805/960/1493 1397/792/1243 1750/943/1463
f 1821/968/1504 459/427/446 458/426/445
f 458/426/445 1308/716/1177 1821/968/1504
f 1308/716/1177 672/538/626 674/540/628
f 1820/967/1448 1308/716/1177 674/540/628
f 1406/796/1249 1808/962/1496 1818/965/1502
f 1735/935/1452 1284/768/1162 1822/969/1505
f 1407/797/1250 1833/979/1515 1832/978/1514
f 239/232/235 168/167/168 169/168/169
f 1834/980/1516 608/480/571 564/484/534
f 564/484/534 529/468/503 1834/980/1516
f 794/214/733 2582/214/1962 1835/214/1517
f 2582/214/1962 2583/214/1447 1835/214/1517
f 2583/214/1447 2584/214/1970 1835/214/1517
f 1823/970/1506 1764/947/1471 1837/981/1519
f 1839/983/1521 371/354/364 370/353/363
f 1842/986/1524 1155/752/1047 47/47/47
f 47/47/47 46/46/46 1842/986/1524
f 46/46/46 385/365/376 1842/986/1524
f 1846/387/1528 1849/387/1531 1281/387/1160
f 1846/387/1528 1850/387/1532 1848/387/1530
f 1850/387/1532 1852/387/1534 1851/387/1533
f 1852/387/1534 2585/387/1971 1853/387/1535
f 1857/214/906 2586/214/906 1855/214/906
f 2586/214/906 2587/214/906 2588/214/906
f 1855/214/906 2586/214/906 2588/214/906
f 2589/387/1972 1862/387/1540 1861/387/1539
f 1861/387/1539 1853/387/1535 1859/387/1537
f 1853/387/1535 2585/387/1971 2590/387/1973
f 1853/387/1535 2590/387/1973 1858/387/1536
f 2591/387/1974 2589/387/1972 1861/387/1539
f 1859/387/1537 2591/387/1974 1861/387/1539
f 1860/387/1538 1864/387/1542 1861/387/1539
f 1863/387/1541 1866/387/1544 1864/387/1542
f 1865/387/1543 1867/387/1531 1866/387/1544
f 1865/387/1543 1907/387/1565 1370/387/1227
f 1868/990/1545 2592/1165/1975 1869/991/1546
f 1870/992/1547 1869/991/1546 1871/993/1548
f 1872/994/1549 1871/993/1548 1873/995/1550
f 1873/995/1550 1876/998/1553 1875/997/1552
f 1876/998/1553 2593/1166/1976 1877/999/1554
f 1880/424/1555 1879/1000/1555 2594/423/1555
f 2595/1000/1977 2596/1001/1977 2597/423/1977
f 2598/1002/1978 2599/720/1978 2600/511/1978
f 2599/720/1978 2598/1002/1978 2601/744/1978
f 2602/1002/1979 2603/1003/1979 2604/744/1979
f 2605/1003/1980 2606/1004/1980 2607/746/1980
f 1847/387/1529 1281/387/1160 1121/387/1014
f 2608/1001/1981 2609/1000/1981 2610/423/1981
f 1894/1000/1560 1893/424/1560 2611/423/1560
f 2612/511/1982 2613/720/1982 2614/1002/1982
f 2615/1003/1983 2616/1002/1983 2617/744/1983
f 2614/1002/1982 2613/720/1982 2618/744/1982
f 1903/1003/1563 1902/745/1563 2619/746/1563
f 1907/387/1565 1150/387/1042 1149/387/1041
f 2620/1005/1363 2621/1005/1363 2622/1005/1363
f 2622/1005/1363 2623/1005/1363 2620/1005/1363
f 2623/1005/1363 1910/1005/1363 1909/1005/1363
f 2620/1005/1363 2623/1005/1363 1909/1005/1363
f 1910/1005/1363 2624/1005/1363 1908/1005/1363
f 1911/1006/1566 1916/1011/1570 1912/1007/1567
f 1916/1011/1570 1915/1010/359 1912/1007/1567
f 1915/1010/359 1914/1009/1569 1918/1013/1572
f 1915/1010/359 1922/1017/1576 1920/1015/1574
f 1919/1014/1573 2625/1021/1984 1921/1016/1575
f 2626/1005/1363 2627/1005/1363 2628/1005/1363
f 2628/1005/1363 2629/1005/1363 2626/1005/1363
f 2629/1005/1363 1925/1005/1363 1924/1005/1363
f 2626/1005/1363 2629/1005/1363 1924/1005/1363
f 1925/1005/1363 2630/1005/1363 1923/1005/1363
f 1926/1009/1577 1929/1010/372 1927/1018/1578
f 1931/1007/1581 1934/1020/1584 1932/1019/1582
f 1926/1009/1577 1932/1019/1582 1934/1020/1584
f 1934/1020/1584 1938/1012/1588 1929/1010/372
f 1930/1014/1580 1929/1010/372 1936/1017/1586
f 1938/1012/1588 2631/1015/1985 1939/1022/1589
f 391/371/382 353/337/346 355/339/348
f 805/623/742 2632/1167/1986 1952/1033/1601
f 2633/1168/1073 2634/1169/576 2635/1170/1987
f 2634/1169/576 2636/1171/1988 2635/1170/1987
f 2637/1172/1989 2638/1173/1990 2639/1174/1139
f 2633/1168/1073 2635/1170/1987 2640/1175/1991
f 2641/1176/1144 2637/1172/1989 2639/1174/1139
f 2633/1168/1073 2640/1175/1991 2642/1177/1337
f 2643/1178/1992 2641/1176/1144 2644/1179/876
f 2641/1176/1144 2639/1174/1139 2645/1180/527
f 2639/1174/1139 2633/1168/1073 2646/1181/1993
f 2633/1168/1073 2642/1177/1337 2647/1182/559
f 2633/1168/1073 2647/1182/559 2646/1181/1993
f 2648/1183/1994 2643/1178/1992 2649/1184/1995
f 2641/1176/1144 2645/1180/527 2644/1179/876
f 2650/1185/903 2651/1186/1176 2652/1187/1196
f 2651/1186/1176 2648/1183/1994 2652/1187/1196
f 2639/1174/1139 2646/1181/1993 2645/1180/527
f 2647/1182/559 2653/1188/1996 2646/1181/1993
f 2652/1187/1196 2648/1183/1994 2654/1189/1997
f 2655/1190/1987 2656/1191/1998 2657/1192/780
f 2658/1193/1205 2652/1187/1196 2659/1194/1539
f 2658/1193/1205 2659/1194/1539 2660/1195/1542
f 2661/1196/1999 2662/1197/1227 2658/1193/1205
f 2663/1198/1544 2661/1196/1999 2658/1193/1205
f 2653/1188/1996 2655/1190/1987 2646/1181/1993
f 2655/1190/1987 2657/1192/780 2646/1181/1993
f 2663/1198/1544 2658/1193/1205 2660/1195/1542
f 2649/1184/1995 2643/1178/1992 2644/1179/876
f 2659/1194/1539 2652/1187/1196 2664/1199/1284
f 2654/1189/1997 2648/1183/1994 2649/1184/1995
f 2645/1180/527 2665/1200/2000 2666/1201/2001
f 2664/1199/1284 2652/1187/1196 2654/1189/1997
f 2667/1202/1535 2659/1194/1539 2664/1199/1284
f 2645/1180/527 2666/1201/2001 2644/1179/876
f 1955/1036/1533 2667/1202/1535 1953/1034/1016
f 2654/1189/1997 2668/1203/817 2664/1199/1284
f 2668/1203/817 2669/1204/816 2664/1199/1284
f 1953/1034/1016 2670/1205/1160 2671/1206/1999
f 1953/1034/1016 2671/1206/1999 1954/1035/1530
f 2667/1202/1535 2664/1199/1284 1953/1034/1016
f 52/52/52 1698/922/1427 65/65/65
f 1478/835/1295 1480/837/1297 1959/1040/1605
f 1480/837/1297 1570/875/1353 1959/1040/1605
f 1962/214/1311 2672/214/1311 1960/214/1311
f 2672/214/1311 2673/214/1311 2674/214/1311
f 1960/214/1311 2672/214/1311 2674/214/1311
f 1965/214/1607 2025/214/1643 2675/214/2002
f 1966/214/1608 2676/214/2003 1967/214/1609
f 1965/214/1607 2675/214/2002 1966/214/1608
f 1972/214/211 2677/214/2004 2678/214/530
f 2678/214/530 2679/214/529 1972/214/211
f 2679/214/529 1947/214/444 1972/214/211
f 1532/868/1330 1531/867/1329 1745/940/1458
f 2680/214/1487 2681/214/1487 1977/214/1487
f 1978/214/1487 2682/214/1487 1979/214/1487
f 2682/214/1487 2683/214/1487 2684/214/1487
f 1979/214/1487 2682/214/1487 2684/214/1487
f 2680/214/1487 1977/214/1487 1979/214/1487
f 1980/1050/1272 983/703/643 703/552/652
f 780/605/720 777/602/718 1980/1050/1272
f 1982/214/663 2685/214/663 1983/214/663
f 2685/214/663 2686/214/663 2687/214/663
f 1983/214/663 2685/214/663 2687/214/663
f 2686/214/663 2688/214/663 2689/214/663
f 2686/214/663 2689/214/663 2687/214/663
f 1457/214/1282 1456/214/1281 1986/214/1621
f 1986/214/1621 1100/214/994 1985/214/1620
f 1100/214/994 1099/214/993 1985/214/1620
f 2690/1207/2005 582/490/546 1629/893/428
f 2691/1208/440 450/418/437 654/520/610
f 450/418/437 449/417/436 654/520/610
f 2690/1207/2005 1629/893/428 2692/1209/2006
f 1629/893/428 2691/1208/440 654/520/610
f 2692/1209/2006 1629/893/428 1988/1053/1623
f 1484/840/1299 1544/870/1336 1989/1054/1624
f 1992/1056/199 583/491/200 30/30/30
f 1993/214/1061 2693/214/1061 1994/214/1061
f 1997/214/1468 2694/214/1468 1998/214/1468
f 1998/214/1468 2695/214/1468 1996/214/1468
f 2695/214/1468 2696/214/1468 1996/214/1468
f 1485/841/1300 803/621/740 1128/749/1021
f 310/294/304 269/262/265 268/261/264
f 2000/1057/1627 1442/819/1271 485/437/465
f 485/437/465 1823/970/1506 2000/1057/1627
f 87/87/87 111/111/111 110/110/110
f 46/46/46 1976/1049/1617 603/501/566
f 2002/1059/1629 1486/842/1301 1128/749/1021
f 1990/1055/1625 1989/1054/1624 1607/886/1373
f 957/694/886 1476/518/1294 1712/506/1438
f 451/419/438 597/498/560 1340/780/1199
f 1989/1054/1624 1544/870/1336 2007/1061/1631
f 1001/538/921 1013/716/931 1383/540/1232
f 1013/716/931 897/426/831 2697/968/1946
f 2010/967/1365 1013/716/931 2697/968/1946
f 897/426/831 1282/427/732 2697/968/1946
f 2015/309/2007 2698/217/2008 2013/311/2009
f 2698/217/2010 2699/216/2011 2700/218/2011
f 2700/218/2012 2699/216/2013 2701/225/2014
f 2701/225/2014 2702/224/2015 2700/218/2012
f 2700/218/2016 2013/311/2009 2698/217/2008
f 2016/1064/1636 390/370/381 1398/793/1244
f 1398/793/1244 2001/1058/1628 1974/1047/1615
f 2001/1058/1628 1987/1052/1622 1974/1047/1615
f 1455/827/1280 997/710/918 2703/1210/2017
f 997/710/918 996/709/917 2704/1211/2018
f 2703/1210/2017 997/710/918 2704/1211/2018
f 2703/1210/2017 2017/1065/1637 1455/827/1280
f 792/617/731 2705/1212/405 1324/550/1190
f 373/356/366 372/355/365 2706/1213/2019
f 372/355/365 1818/965/1502 2706/1213/2019
f 373/356/366 2706/1213/2019 1740/938/1455
f 1808/962/1496 216/213/215 2707/1214/2020
f 216/213/215 215/212/214 2707/1214/2020
f 2707/1214/2020 215/212/214 1699/923/1428
f 1818/965/1502 1808/962/1496 2019/1067/1639
f 2019/1067/1639 2706/1213/2019 1818/965/1502
f 2707/1214/2020 2018/1066/1638 1808/962/1496
f 2021/1069/1640 1607/886/1373 1989/1054/1624
f 2023/214/1641 2708/214/2021 2709/214/2022
f 2708/214/2021 2710/214/2023 2711/214/2024
f 2709/214/2022 2708/214/2021 2711/214/2024
f 2710/214/2023 2712/214/2025 2713/214/2026
f 2712/214/2025 1685/214/1418 1687/214/1420
f 2713/214/2026 2712/214/2025 1687/214/1420
f 2713/214/2026 2711/214/2024 2710/214/2023
f 2709/214/2022 2024/214/1642 2023/214/1641
f 2024/214/1642 2675/214/2002 2025/214/1643
f 2027/920/1644 2714/869/1644 1709/695/1644
f 2028/214/1164 2715/214/1164 2029/214/1164
f 2033/1071/1647 2632/1167/1986 1517/861/1317
f 2632/1167/1986 805/623/742 1517/861/1317
f 1517/861/1317 47/47/47 2032/1070/1646
f 2003/1060/1630 1607/886/1373 1070/722/967
f 1486/842/1301 2002/1059/1629 2007/1061/1631
f 954/214/883 2716/214/2027 2040/214/1652
f 2716/214/2027 467/214/453 1433/214/1265
f 2040/214/1652 2716/214/2027 1433/214/1265
f 2045/204/1654 2717/204/1654 576/204/542
f 2717/204/1654 2718/204/2028 576/204/542
f 576/204/542 1536/204/1332 2045/204/1654
f 1536/204/1332 2719/204/1654 2720/204/1654
f 2720/204/1654 2044/204/1654 1536/204/1332
f 2721/214/1655 2722/214/1655 2048/214/1655
f 2722/214/1655 2046/214/1655 2048/214/1655
f 2046/214/1655 2723/214/1655 2047/214/1655
f 748/579/691 723/563/669 722/562/667
f 2049/1077/680 734/568/676 748/579/691
f 1001/538/921 1003/556/645 2054/770/878
f 2055/560/877 999/559/920 961/207/890
f 960/696/889 1001/538/921 2054/770/878
f 2055/560/877 961/207/890 960/696/889
f 2724/214/19 2725/214/19 2726/214/19
f 2725/214/19 2727/214/19 2726/214/19
f 2727/214/19 2728/214/19 2726/214/19
f 2728/214/19 2063/214/19 2065/214/19
f 2063/214/19 2729/214/19 2064/214/19
f 2729/214/19 2730/214/19 2064/214/19
f 2728/214/19 2065/214/19 2726/214/19
f 2731/214/19 2732/214/19 2733/214/19
f 2732/214/19 2724/214/19 2726/214/19
f 2734/214/19 2735/214/19 2736/214/19
f 2735/214/19 2731/214/19 2737/214/19
f 2736/214/19 2735/214/19 2737/214/19
f 2738/214/19 2739/214/19 2740/214/19
f 2739/214/19 2741/214/19 2742/214/19
f 2743/214/19 2744/214/19 2745/214/19
f 2744/214/19 2746/214/19 2745/214/19
f 2743/214/19 2745/214/19 2747/214/19
f 2748/214/19 2749/214/19 2750/214/19
f 2749/214/19 2751/214/19 2750/214/19
f 2751/214/19 2743/214/19 2747/214/19
f 2746/214/19 2752/214/19 2745/214/19
f 2747/214/19 2750/214/19 2751/214/19
f 2752/214/19 2753/214/19 2745/214/19
f 2753/214/19 2738/214/19 2754/214/19
f 2745/214/19 2753/214/19 2755/214/19
f 2756/214/19 2755/214/19 2753/214/19
f 2740/214/19 2754/214/19 2738/214/19
f 2754/214/19 2756/214/19 2753/214/19
f 2757/214/19 2758/214/19 2734/214/19
f 2758/214/19 2742/214/19 2741/214/19
f 2734/214/19 2758/214/19 2741/214/19
f 2742/214/19 2740/214/19 2739/214/19
f 2736/214/19 2757/214/19 2734/214/19
f 2733/214/19 2737/214/19 2731/214/19
f 2759/214/19 2760/214/19 2733/214/19
f 2759/214/19 2733/214/19 2732/214/19
f 2732/214/19 2726/214/19 2759/214/19
f 1956/1037/1602 2087/1100/1681 2086/1099/1680
f 1968/1042/1610 2088/1101/1682 2087/1100/1681
f 1973/1046/1614 2089/1102/1683 2088/1101/1682
f 1984/1051/1619 2090/1103/1684 2089/1102/1683
f 804/622/741 2091/1104/1685 2090/1103/1684
f 803/621/740 2092/1105/1686 2091/1104/1685
f 1485/841/1300 2093/1106/1687 2092/1105/1686
f 1484/840/1299 2095/1108/1689 2093/1106/1687
f 1484/840/1299 1990/1055/1625 2094/1107/1688
f 1990/1055/1625 2003/1060/1630 2096/1109/1690
f 2003/1060/1630 2034/1072/1648 2097/1110/1691
f 2034/1072/1648 1072/724/969 2098/1111/1692
f 1072/724/969 2057/1081/1660 2099/1112/1693
f 2057/1081/1660 1810/964/1498 2100/1113/1694
f 1810/964/1498 1809/963/1497 2101/1114/1695
f 1809/963/1497 2079/1093/1674 2102/1115/1696
f 2103/214/1697 2233/214/1774 2500/214/1773
f 2500/214/1773 2104/214/1698 2103/214/1697
f 2104/214/1698 2227/214/1770 2105/214/1699
f 2503/1163/1955 1488/844/1303 2107/1117/1701
f 1488/844/1303 1490/846/1305 2107/1117/1701
f 1490/846/1305 1610/889/1376 2761/1215/2029
f 1610/889/1376 1625/892/1382 2761/1215/2029
f 1490/846/1305 2761/1215/2029 2106/1116/1700
f 726/214/672 725/214/671 2110/214/1703
f 2110/214/1703 1967/214/1609 2109/214/1702
f 1967/214/1609 2676/214/2003 2109/214/1702
f 2762/214/19 2763/214/19 2113/214/19
f 2113/214/19 2764/214/19 2111/214/19
f 2764/214/19 2765/214/19 2766/214/19
f 2766/214/19 2767/214/19 2764/214/19
f 2767/214/19 2768/214/19 2764/214/19
f 2769/214/19 2762/214/19 2113/214/19
f 2112/214/19 2769/214/19 2113/214/19
f 2764/214/19 2768/214/19 2111/214/19
f 2114/214/1704 2770/214/1704 2115/214/1704
f 2117/214/1705 2031/214/1645 2771/214/2030
f 2031/214/1645 1035/214/945 2771/214/2030
f 2771/214/2030 1168/214/1059 2117/214/1705
f 2118/214/1706 2772/214/1706 2119/214/1706
f 764/593/706 663/529/619 2122/1118/695
f 663/529/619 686/546/639 2122/1118/695
f 2125/214/1709 2205/214/1759 2773/214/2031
f 2205/214/1759 2207/214/1757 2773/214/2031
f 2773/214/2031 2124/214/1708 2125/214/1709
f 2128/214/1710 2774/214/1710 2126/214/1710
f 2126/214/1710 2775/214/1710 2127/214/1710
f 2131/214/1711 2776/214/1711 2129/214/1711
f 2776/214/1711 2777/214/1711 2129/214/1711
f 2777/214/1711 2778/214/1711 2779/214/1711
f 2778/214/1711 2780/214/1711 2779/214/1711
f 2779/214/1711 2129/214/1711 2777/214/1711
f 2132/204/1711 2781/204/1711 2133/204/1711
f 2782/600/2032 2783/1123/2032 2784/1119/2032
f 1086/732/983 840/652/776 2135/1119/1712
f 2785/1119/2033 2786/1124/2034 837/650/773
f 837/650/773 2787/1124/2035 2136/1120/1713
f 1428/811/1262 838/651/774 2136/1120/1713
f 2788/811/2036 2789/1120/2037 2790/1121/2038
f 2138/592/1715 2137/1121/1714 2791/1122/2039
f 841/387/777 843/387/779 845/387/781
f 774/600/715 1181/652/1069 2792/1119/2040
f 2792/1119/2040 1181/652/1069 1180/732/1068
f 1180/732/1068 1179/650/1067 2792/1119/2040
f 1179/650/1067 1178/651/1066 2150/1120/1723
f 2150/1120/1723 1178/651/1066 1744/811/1457
f 2150/1120/1723 1744/811/1457 763/592/705
f 2793/592/2041 2158/762/2041 2160/1122/2041
f 615/387/575 1182/387/1070 949/387/880
f 845/387/781 2794/387/2042 2162/387/1729
f 2162/387/1729 2794/387/2042 2163/387/1730
f 2164/387/1731 2163/387/1730 596/387/559
f 2795/214/1499 2796/214/1499 2165/214/1499
f 2796/214/1499 2797/214/1499 2165/214/1499
f 2797/214/1499 2166/214/1499 2165/214/1499
f 2165/214/1499 2798/214/1499 2795/214/1499
f 2799/214/1499 2800/214/1499 2801/214/1499
f 2800/214/1499 2165/214/1499 2167/214/1499
f 2801/214/1499 2800/214/1499 2802/214/1499
f 2803/214/1499 2802/214/1499 2800/214/1499
f 2803/214/1499 2800/214/1499 2167/214/1499
f 1545/387/1337 2169/387/1733 2168/387/1732
f 2169/387/1733 2804/387/2042 2170/387/1734
f 2170/387/1734 2804/387/2042 615/387/575
f 2173/1127/1737 2805/1149/2043 2171/1125/1735
f 2805/1149/2043 2199/1142/1753 2171/1125/1735
f 604/502/567 603/501/566 1987/1052/1622
f 2806/214/2044 1063/214/963 2184/214/1741
f 1063/214/963 1062/214/962 2174/214/1736
f 1062/214/962 1715/214/1440 2174/214/1736
f 2175/214/1738 2184/214/1741 1063/214/963
f 2172/1126/1736 2171/1125/1735 2176/1128/1739
f 2178/214/1706 2807/214/1706 2179/214/1706
f 2177/1129/1738 2176/1128/1739 2181/1130/1740
f 1063/214/963 2806/214/2044 2183/214/1742
f 2183/214/1742 2806/214/2044 2184/214/1741
f 2186/1132/1744 2193/1138/1749 2187/1133/1745
f 2191/1137/1708 2202/1145/1756 2189/1135/1746
f 2202/1145/1756 2808/1150/1751 2189/1135/1746
f 2200/1143/1754 2190/1136/1747 2186/1132/1744
f 2190/1136/1747 2189/1135/1746 2186/1132/1744
f 2195/214/1751 2206/214/1755 2204/214/1758
f 1720/214/1442 699/214/648 2194/214/1750
f 699/214/648 698/214/647 2809/214/1749
f 2195/214/1751 2204/214/1758 1720/214/1442
f 2809/214/1749 2194/214/1750 699/214/648
f 2805/1149/2043 2200/1143/1754 2199/1142/1753
f 2200/1143/1754 2186/1132/1744 2197/1140/1752
f 2198/1141/587 2200/1143/1754 2197/1140/1752
f 2201/1144/1755 2808/1150/1751 2202/1145/1756
f 2125/214/1709 1720/214/1442 2204/214/1758
f 2205/214/1759 2204/214/1758 2206/214/1755
f 2210/204/1761 576/204/542 2211/204/1762
f 2215/214/604 2810/214/604 2811/214/604
f 2810/214/604 2812/214/604 2811/214/604
f 2811/214/604 2213/214/604 2215/214/604
f 576/204/542 2718/204/2028 2217/204/1764
f 2218/214/1765 2813/214/2045 2219/214/1766
f 2814/1147/1500 2815/1147/1500 2816/1147/1500
f 2816/1147/1500 2817/1147/1500 2814/1147/1500
f 2817/1147/1500 2223/1147/1500 2222/1147/1500
f 2814/1147/1500 2817/1147/1500 2222/1147/1500
f 2223/1147/1500 2818/1147/1500 2221/1147/1500
f 2224/1145/1768 2231/1150/1157 2225/1144/1156
f 2103/214/1697 2105/214/1699 1276/214/1155
f 1277/214/1156 1276/214/1155 2105/214/1699
f 2819/1216/2046 2229/1149/1772 2228/1148/1771
f 2229/1149/1772 2247/1142/1789 2230/1141/885
f 516/214/493 1647/214/1393 955/214/884
f 1647/214/1393 1646/214/1392 1587/214/1362
f 2232/1137/1773 2819/1216/2046 2820/1133/2047
f 2819/1216/2046 2228/1148/1771 2820/1133/2047
f 2820/1133/2047 2231/1150/1157 2232/1137/1773
f 1587/214/1362 1646/214/1392 550/214/520
f 1646/214/1392 2233/214/1774 550/214/520
f 2233/214/1774 2103/214/1697 551/214/521
f 1833/979/1515 1406/796/1249 1819/966/1503
f 2239/1151/1781 2248/1152/1790 2240/1127/1782
f 2242/214/1784 2254/214/1795 2243/214/1785
f 2243/214/1785 2254/214/1795 2245/214/1787
f 2229/1149/1772 2248/1152/1790 2247/1142/1789
f 2248/1152/1790 2239/1151/1781 2249/1130/1791
f 2242/214/1784 2244/214/1786 1384/214/1233
f 2244/214/1786 1647/214/1393 516/214/493
f 2251/204/1793 2821/204/2048 2822/204/2048
f 2822/204/2048 1440/204/1269 2251/204/1793
f 2823/204/2049 2251/204/1793 2824/204/1794
f 2251/204/1793 207/204/206 2252/204/1794
f 2824/204/1794 2251/204/1793 2253/204/1794
f 207/204/206 2256/204/1797 2825/204/1794
f 2825/204/1794 2826/204/2050 207/204/206
f 2826/204/2050 2252/204/1794 207/204/206
f 2242/214/1784 1384/214/1233 2827/214/1781
f 1384/214/1233 515/214/492 2827/214/1781
f 2827/214/1781 2245/214/1787 2242/214/1784
f 420/204/409 2828/204/2051 2255/204/1796
f 2257/214/1798 2829/214/2052 2258/214/1799
f 2830/1147/1363 2831/1147/1363 2832/1147/1363
f 2832/1147/1363 2833/1147/1363 2830/1147/1363
f 2833/1147/1363 2262/1147/1363 2261/1147/1363
f 2830/1147/1363 2833/1147/1363 2261/1147/1363
f 2262/1147/1363 2834/1147/1363 2260/1147/1363
f 2263/1153/1801 2267/1153/1805 2264/1153/1802
f 2266/1153/1804 2269/1153/1807 2267/1153/1805
f 2268/1153/1806 2271/1153/1809 2269/1153/1807
f 2270/1153/1808 2273/1153/1811 2271/1153/1809
f 2270/1153/1808 2274/1153/1812 2272/1153/1810
f 2265/1153/1803 2264/1153/1802 2272/1153/1810
f 2263/1153/1801 2265/1153/1803 2274/1153/1812
f 2274/1153/1812 2270/1153/1808 2268/1153/1806
f 2268/1153/1806 2266/1153/1804 2263/1153/1801
f 2272/1153/1810 2264/1153/1802 2271/1153/1809
f 2264/1153/1802 2267/1153/1805 2271/1153/1809
f 2267/1153/1805 2269/1153/1807 2271/1153/1809
f 2275/1153/1813 2278/1153/1816 2276/1153/1814
f 2278/1153/1816 2281/1153/1819 2279/1153/1817
f 2280/1153/1818 2283/1153/1821 2279/1153/1817
f 2282/1153/1820 2285/1153/1823 2283/1153/1821
f 2282/1153/1820 2286/1153/1824 2284/1153/1822
f 2286/1153/1824 2289/1153/1827 2287/1153/1825
f 2288/1153/1826 2290/1153/1828 2287/1153/1825
f 2275/1153/1813 2277/1153/1815 2290/1153/1828
f 2276/1153/1814 2292/1153/1830 2291/1153/1829
f 2279/1153/1817 2294/1153/1832 2292/1153/1830
f 2279/1153/1817 2283/1153/1821 2293/1153/1831
f 2283/1153/1821 2285/1153/1823 2295/1153/1833
f 2284/1153/1822 2296/1153/1834 2295/1153/1833
f 2287/1153/1825 2298/1153/1836 2296/1153/1834
f 2287/1153/1825 2290/1153/1828 2297/1153/1835
f 2290/1153/1828 2277/1153/1815 2291/1153/1829
f 2835/214/1816 2836/214/1813 2837/214/1826
f 2837/214/1826 2838/214/1850 2835/214/1816
f 2838/214/1850 2301/214/1824 2300/214/1837
f 2835/214/1816 2838/214/1850 2300/214/1837
f 2301/214/1824 2839/214/1820 2299/214/1818
f 2297/1153/1835 2291/1153/1829 2292/1153/1830
f 2292/1153/1830 2294/1153/1832 2297/1153/1835
f 2294/1153/1832 2293/1153/1831 2298/1153/1836
f 2297/1153/1835 2294/1153/1832 2298/1153/1836
f 2293/1153/1831 2295/1153/1833 2296/1153/1834
f 2302/1153/1838 2305/1153/1841 2303/1153/1839
f 2305/1153/1841 2308/1153/1844 2306/1153/1842
f 2307/1153/1843 2310/1153/1846 2306/1153/1842
f 2309/1153/1845 2312/1153/1848 2310/1153/1846
f 2311/1153/1847 2313/1153/1849 2312/1153/1848
f 2311/1153/1847 2302/1153/1838 2304/1153/1840
f 2305/1153/1841 2302/1153/1838 2311/1153/1847
f 2311/1153/1847 2309/1153/1845 2307/1153/1843
f 2307/1153/1843 2308/1153/1844 2311/1153/1847
f 2313/1153/1849 2304/1153/1840 2303/1153/1839
f 2303/1153/1839 2306/1153/1842 2310/1153/1846
f 2310/1153/1846 2312/1153/1848 2313/1153/1849
f 2314/1153/1820 2329/1153/1823 2315/1153/1821
f 2316/1153/1818 2315/1153/1821 2317/1153/1817
f 2317/1153/1817 2320/1153/1814 2319/1153/1816
f 2320/1153/1814 2333/1153/1815 2321/1153/1813
f 2321/1153/1813 2333/1153/1815 2322/1153/1828
f 2323/1153/1826 2322/1153/1828 2324/1153/1825
f 2324/1153/1825 2327/1153/1822 2326/1153/1824
f 2327/1153/1822 2329/1153/1823 2314/1153/1820
f 2328/1153/1833 2330/1153/1831 2315/1153/1821
f 2330/1153/1831 2339/1153/1832 2317/1153/1817
f 2317/1153/1817 2339/1153/1832 2331/1153/1830
f 2320/1153/1814 2331/1153/1830 2332/1153/1829
f 2332/1153/1829 2334/1153/1835 2322/1153/1828
f 2334/1153/1835 2840/1153/1836 2324/1153/1825
f 2324/1153/1825 2840/1153/1836 2335/1153/1834
f 2327/1153/1822 2335/1153/1834 2328/1153/1833
f 2841/214/1824 2842/214/1820 2843/214/1818
f 2843/214/1818 2844/214/1837 2841/214/1824
f 2844/214/1837 2338/214/1816 2337/214/1850
f 2841/214/1824 2844/214/1837 2337/214/1850
f 2338/214/1816 2845/214/1813 2336/214/1826
f 2330/1153/1831 2328/1153/1833 2335/1153/1834
f 2335/1153/1834 2840/1153/1836 2330/1153/1831
f 2840/1153/1836 2334/1153/1835 2339/1153/1832
f 2330/1153/1831 2840/1153/1836 2339/1153/1832
f 2334/1153/1835 2332/1153/1829 2331/1153/1830
f 2341/1154/1852 2846/1154/2053 2342/1154/1853
f 2846/1154/2053 2847/1154/2054 2848/1154/2055
f 2342/1154/1853 2846/1154/2053 2848/1154/2055
f 2847/1154/2054 2849/1154/2054 2850/1154/2054
f 2849/1154/2054 2851/1154/2054 2852/1154/2054
f 2850/1154/2054 2849/1154/2054 2852/1154/2054
f 2850/1154/2054 2848/1154/2055 2847/1154/2054
f 2342/1154/1853 2853/1154/1851 2340/1154/1851
f 2853/1154/1851 2854/1154/1851 2340/1154/1851
f 2343/1154/1854 2346/1154/1857 2344/1154/1855
f 2346/1154/1857 2348/1154/1859 2347/1154/1858
f 2348/1154/1859 2351/1154/1862 2349/1154/1860
f 2350/1154/1861 2353/1154/1864 2349/1154/1860
f 2352/1154/1863 2354/1154/1865 2353/1154/1864
f 2343/1154/1854 2345/1154/1856 2354/1154/1865
f 2344/1154/1855 2356/1154/1867 2355/1154/1866
f 2347/1154/1858 2357/1154/1868 2356/1154/1867
f 2349/1154/1860 2359/1154/1870 2357/1154/1868
f 2349/1154/1860 2353/1154/1864 2358/1154/1869
f 2353/1154/1864 2354/1154/1865 2360/1154/1871
f 2354/1154/1865 2345/1154/1856 2355/1154/1866
f 2346/1154/1857 2343/1154/1854 2351/1154/1862
f 2343/1154/1854 2352/1154/1863 2351/1154/1862
f 2352/1154/1863 2350/1154/1861 2351/1154/1862
f 2360/1154/1871 2355/1154/1866 2356/1154/1867
f 2356/1154/1867 2357/1154/1868 2360/1154/1871
f 2357/1154/1868 2359/1154/1870 2360/1154/1871
f 2361/1154/1872 2365/1154/1876 2362/1154/1873
f 2364/1154/1875 2367/1154/1878 2365/1154/1876
f 2366/1154/1877 2369/1154/1880 2367/1154/1878
f 2366/1154/1877 2370/1154/1881 2368/1154/1879
f 2370/1154/1881 2372/1154/1883 2371/1154/1882
f 2372/1154/1883 2374/1154/1885 2373/1154/1884
f 2374/1154/1885 2377/1154/1888 2375/1154/1886
f 2376/1154/1887 2379/1154/1890 2375/1154/1886
f 2378/1154/1889 2380/1154/1891 2379/1154/1890
f 2363/1154/1874 2362/1154/1873 2380/1154/1891
f 2362/1154/1873 2365/1154/1876 2381/1154/1892
f 2365/1154/1876 2367/1154/1878 2383/1154/1894
f 2369/1154/1880 2384/1154/1895 2383/1154/1894
f 2368/1154/1879 2385/1154/1896 2384/1154/1895
f 2371/1154/1882 2386/1154/1897 2385/1154/1896
f 2373/1154/1884 2387/1154/1898 2386/1154/1897
f 2375/1154/1886 2388/1154/1899 2387/1154/1898
f 2379/1154/1890 2390/1154/1901 2388/1154/1899
f 2379/1154/1890 2380/1154/1891 2389/1154/1900
f 2380/1154/1891 2362/1154/1873 2382/1154/1893
f 2382/1154/1893 2381/1154/1892 2391/1154/1902
f 2381/1154/1892 2383/1154/1894 2393/1154/1904
f 2384/1154/1895 2394/1154/1905 2393/1154/1904
f 2385/1154/1896 2395/1154/1906 2394/1154/1905
f 2386/1154/1897 2396/1154/1907 2395/1154/1906
f 2387/1154/1898 2397/1154/1908 2396/1154/1907
f 2388/1154/1899 2398/1154/1909 2397/1154/1908
f 2390/1154/1901 2400/1154/1911 2398/1154/1909
f 2390/1154/1901 2389/1154/1900 2399/1154/1910
f 2389/1154/1900 2382/1154/1893 2392/1154/1903
f 2403/214/1914 2855/214/1903 2856/214/1934
f 2856/214/1934 2857/214/2056 2403/214/1914
f 2857/214/2056 2401/214/1912 2403/214/1914
f 2401/214/1912 2858/214/1906 2859/214/1907
f 2859/214/1907 2860/214/2057 2401/214/1912
f 2860/214/2057 2402/214/1913 2401/214/1912
f 2402/214/1913 2861/214/1911 2403/214/1914
f 2361/1154/1872 2363/1154/1874 2378/1154/1889
f 2378/1154/1889 2376/1154/1887 2377/1154/1888
f 2377/1154/1888 2374/1154/1885 2372/1154/1883
f 2372/1154/1883 2370/1154/1881 2366/1154/1877
f 2366/1154/1877 2364/1154/1875 2361/1154/1872
f 2361/1154/1872 2378/1154/1889 2377/1154/1888
f 2377/1154/1888 2372/1154/1883 2361/1154/1872
f 2404/1154/1915 2408/1154/1919 2405/1154/1916
f 2407/1154/1918 2410/1154/1921 2408/1154/1919
f 2409/1154/1920 2412/1154/1923 2410/1154/1921
f 2409/1154/1920 2413/1154/1924 2411/1154/1922
f 2413/1154/1924 2415/1154/1926 2414/1154/1925
f 2415/1154/1926 2406/1154/1917 2405/1154/1916
f 2405/1154/1916 2408/1154/1919 2416/1154/1927
f 2408/1154/1919 2410/1154/1921 2418/1154/1929
f 2410/1154/1921 2412/1154/1923 2419/1154/1930
f 2411/1154/1922 2420/1154/1931 2419/1154/1930
f 2414/1154/1925 2421/1154/1932 2420/1154/1931
f 2405/1154/1916 2417/1154/1928 2421/1154/1932
f 2404/1154/1915 2406/1154/1917 2415/1154/1926
f 2415/1154/1926 2413/1154/1924 2409/1154/1920
f 2409/1154/1920 2407/1154/1918 2415/1154/1926
f 2421/1154/1932 2417/1154/1928 2416/1154/1927
f 2416/1154/1927 2418/1154/1929 2421/1154/1932
f 2418/1154/1929 2419/1154/1930 2421/1154/1932
f 2422/1154/1933 2426/1154/1876 2423/1154/1873
f 2425/1154/1875 2428/1154/1878 2426/1154/1876
f 2427/1154/1877 2430/1154/1880 2428/1154/1878
f 2427/1154/1877 2431/1154/1881 2429/1154/1879
f 2431/1154/1881 2433/1154/1883 2432/1154/1882
f 2433/1154/1883 2435/1154/1885 2434/1154/1884
f 2435/1154/1885 2438/1154/1888 2436/1154/1886
f 2437/1154/1887 2440/1154/1890 2436/1154/1886
f 2439/1154/1889 2441/1154/1891 2440/1154/1890
f 2424/1154/1874 2423/1154/1873 2441/1154/1891
f 2423/1154/1873 2426/1154/1876 2442/1154/1892
f 2426/1154/1876 2428/1154/1878 2444/1154/1894
f 2430/1154/1880 2445/1154/1895 2444/1154/1894
f 2429/1154/1879 2446/1154/1896 2445/1154/1895
f 2432/1154/1882 2447/1154/1897 2446/1154/1896
f 2434/1154/1884 2448/1154/1898 2447/1154/1897
f 2436/1154/1886 2449/1154/1899 2448/1154/1898
f 2440/1154/1890 2451/1154/1901 2449/1154/1899
f 2440/1154/1890 2441/1154/1891 2450/1154/1900
f 2441/1154/1891 2423/1154/1873 2443/1154/1893
f 2443/1154/1893 2442/1154/1892 2452/1154/1934
f 2442/1154/1892 2444/1154/1894 2454/1154/1904
f 2445/1154/1895 2455/1154/1905 2454/1154/1904
f 2446/1154/1896 2456/1154/1906 2455/1154/1905
f 2447/1154/1897 2457/1154/1907 2456/1154/1906
f 2448/1154/1898 2458/1154/1908 2457/1154/1907
f 2449/1154/1899 2459/1154/1909 2458/1154/1908
f 2451/1154/1901 2461/1154/1911 2459/1154/1909
f 2451/1154/1901 2450/1154/1900 2460/1154/1910
f 2450/1154/1900 2443/1154/1893 2453/1154/1903
f 2464/214/1914 2862/214/1903 2863/214/1934
f 2863/214/1934 2864/214/2056 2464/214/1914
f 2864/214/2056 2462/214/1912 2464/214/1914
f 2462/214/1912 2865/214/1906 2866/214/1907
f 2866/214/1907 2867/214/2057 2462/214/1912
f 2867/214/2057 2463/214/1913 2462/214/1912
f 2463/214/1913 2868/214/1911 2464/214/1914
f 2422/1154/1933 2424/1154/1874 2439/1154/1889
f 2439/1154/1889 2437/1154/1887 2438/1154/1888
f 2438/1154/1888 2435/1154/1885 2427/1154/1877
f 2435/1154/1885 2433/1154/1883 2427/1154/1877
f 2433/1154/1883 2431/1154/1881 2427/1154/1877
f 2427/1154/1877 2425/1154/1875 2422/1154/1933
f 2422/1154/1933 2439/1154/1889 2438/1154/1888
f 2465/1155/1935 2471/1158/1941 2466/1156/1936
f 2468/1156/1938 2472/1158/1942 2469/1155/1939
f 2466/1156/1936 2468/1156/1938 2470/1157/1940
f 2471/1158/1941 2472/1158/1942 2468/1156/1938
f 2465/1155/1935 2469/1155/1939 2472/1158/1942
f 2467/1157/1937 2470/1157/1940 2469/1155/1939
