# PSX Racing car model — generated by tools/carmodels/export_models.mjs
mtllib hatch_83_popup.mtl
v 0.803415 0.686239 1.002261
v 0.803859 0.686239 1.099447
v 0.809670 0.639115 1.099447
v 0.750261 0.875902 1.099447
v 0.749353 0.876583 1.207180
v 0.792361 0.746348 1.207180
v 0.792111 0.746348 1.099447
v 0.804353 0.686239 1.207180
v 0.808252 0.658188 1.207180
v 0.748763 0.880125 1.314912
v 0.789849 0.746348 1.314912
v 0.800921 0.686239 1.314912
v 0.748230 0.883320 1.412099
v 0.787525 0.746348 1.412099
v 0.797799 0.686239 1.412099
v 0.806398 0.639115 1.314912
v 0.747807 0.885855 1.489227
v 0.785643 0.746348 1.489227
v 0.795306 0.686239 1.489227
v -0.699262 0.886601 2.073744
v -0.735535 0.796438 2.038681
v -0.701266 0.796438 2.073744
v 0.800304 0.636149 1.489227
v 0.805513 0.583762 1.412099
v 0.803114 0.636149 1.412099
v 0.747536 0.887483 1.538746
v 0.784418 0.746348 1.538746
v 0.793698 0.686239 1.538746
v 0.798498 0.636149 1.538746
v 0.800751 0.571031 1.538746
v 0.801448 0.559009 1.489227
v 0.802650 0.571031 1.489227
v 0.747442 0.888044 1.555809
v 0.783993 0.746348 1.555809
v 0.793142 0.686239 1.555809
v 0.797875 0.636149 1.555809
v 0.800097 0.571031 1.555809
v 0.799549 0.559009 1.538746
v -0.721211 0.892976 2.038681
v -0.747855 0.796438 1.963545
v 0.747349 0.888604 1.572840
v 0.783567 0.746348 1.572840
v 0.792587 0.686239 1.572840
v 0.797253 0.636149 1.572840
v 0.799443 0.571031 1.572840
v 0.798894 0.559009 1.555809
v 0.743342 0.896619 1.783220
v 0.765252 0.796438 1.783220
v 0.773199 0.796438 1.572840
v 0.767175 0.785418 1.783220
v 0.775703 0.785418 1.572840
v 0.770115 0.767385 1.783220
v 0.779528 0.767385 1.572840
v 0.773219 0.746348 1.783220
v 0.780150 0.686239 1.783220
v 0.783735 0.636149 1.783220
v 0.784422 0.621121 1.783220
v -0.735328 0.901071 1.863364
v -0.757540 0.796438 1.863364
v 0.798147 0.621121 1.572840
v 0.785059 0.601085 1.783220
v 0.798977 0.601085 1.572840
v 0.785418 0.571031 1.783220
v 0.798241 0.559009 1.572840
v 0.742340 0.897176 1.793238
v 0.764289 0.796438 1.793238
v 0.735328 0.901071 1.863364
v 0.757540 0.796438 1.863364
v 0.725310 0.906637 1.963545
v 0.747855 0.796438 1.963545
v 0.721211 0.892976 2.038681
v 0.735535 0.796438 2.038681
v 0.699262 0.886601 2.073744
v -0.783414 0.178322 -0.818478
v -0.789425 0.340615 -0.842521
v -0.591067 0.340615 -0.842521
v -0.591067 0.340615 -0.841519
v -0.789425 0.340615 -0.841519
v -0.783414 0.178322 -0.817476
v -0.783414 0.178322 1.595881
v -0.789425 0.340615 1.571838
v -0.591067 0.340615 1.571838
v -0.591067 0.340615 1.572840
v -0.789425 0.340615 1.572840
v -0.783414 0.178322 1.596883
v -0.742340 0.897176 1.793238
v -0.764289 0.796438 1.793238
v -0.773160 0.838514 0.430778
v -0.773160 0.801447 0.430778
v -0.789189 0.801447 0.430778
v -0.773160 0.801447 0.591067
v -0.773160 0.838514 0.591067
v -0.789189 0.838514 0.591067
v -0.773160 0.801447 0.430778
v -0.773160 0.838514 0.430778
v -0.773160 0.838514 0.591067
v -0.789189 0.838514 0.430778
v -0.789189 0.801447 0.430778
v -0.789189 0.801447 0.591067
v -0.773160 0.838514 0.591067
v -0.773160 0.838514 0.430778
v -0.789189 0.838514 0.430778
v -0.773160 0.801447 0.430778
v -0.773160 0.801447 0.591067
v -0.789189 0.801447 0.591067
v -0.795517 0.738049 0.705808
v -0.795545 0.737949 0.709414
v -0.756603 0.871525 0.713086
v -0.812215 0.604474 0.702135
v -0.812225 0.604375 0.705740
v -0.795545 0.737949 0.709414
v -0.801098 0.470899 0.698462
v -0.801077 0.470801 0.702067
v -0.812225 0.604375 0.705740
v -0.746581 0.330987 0.667448
v -0.746130 0.330207 0.670968
v -0.800982 0.470460 0.702024
v -0.733086 0.308166 0.620315
v -0.731193 0.304941 0.621928
v -0.745410 0.328984 0.670015
v -0.732864 0.308357 0.443658
v -0.730745 0.304750 0.443658
v -0.731080 0.304750 0.621121
v -0.743342 0.896619 1.783220
v -0.765252 0.796438 1.783220
v -0.732529 0.308357 0.266195
v -0.730410 0.304750 0.266195
v -0.732245 0.308357 0.088731
v -0.730126 0.304750 0.088731
v -0.730410 0.304750 0.266195
v -0.731992 0.308357 -0.088731
v -0.729873 0.304750 -0.088731
v -0.730126 0.304750 0.088731
v -0.785418 0.571031 1.783220
v -0.798241 0.559009 1.572840
v -0.784216 0.559009 1.783220
v -0.798977 0.601085 1.572840
v -0.799443 0.571031 1.572840
v -0.785059 0.601085 1.783220
v -0.798147 0.621121 1.572840
v -0.784422 0.621121 1.783220
v -0.797253 0.636149 1.572840
v -0.783735 0.636149 1.783220
v -0.792587 0.686239 1.572840
v -0.780150 0.686239 1.783220
v -0.783567 0.746348 1.572840
v -0.773219 0.746348 1.783220
v -0.779528 0.767385 1.572840
v -0.770115 0.767385 1.783220
v -0.775703 0.785418 1.572840
v -0.767175 0.785418 1.783220
v -0.773199 0.796438 1.572840
v -0.747349 0.888604 1.572840
v -0.731738 0.308357 -0.266195
v -0.729619 0.304750 -0.266195
v -0.731485 0.308357 -0.443658
v -0.729366 0.304750 -0.443658
v -0.729619 0.304750 -0.266195
v -0.798894 0.559009 1.555809
v -0.797875 0.636149 1.555809
v -0.800097 0.571031 1.555809
v -0.793142 0.686239 1.555809
v -0.783993 0.746348 1.555809
v -0.747442 0.888044 1.555809
v -0.728598 0.308357 -0.621121
v -0.726480 0.304750 -0.621121
v -0.729366 0.304750 -0.443658
v -0.745780 0.339241 -0.662362
v -0.726704 0.305180 -0.622290
v -0.728373 0.307927 -0.619953
v -0.799549 0.559009 1.538746
v -0.798498 0.636149 1.538746
v -0.800751 0.571031 1.538746
v -0.793698 0.686239 1.538746
v -0.784418 0.746348 1.538746
v -0.747536 0.887483 1.538746
v -0.797360 0.480491 -0.693011
v -0.746352 0.340237 -0.662957
v -0.746877 0.340993 -0.659431
v -0.805381 0.605810 -0.713064
v -0.797386 0.480584 -0.693028
v -0.797577 0.481153 -0.689468
v -0.801448 0.559009 1.489227
v -0.800304 0.636149 1.489227
v -0.802650 0.571031 1.489227
v -0.795306 0.686239 1.489227
v -0.785643 0.746348 1.489227
v -0.747807 0.885855 1.489227
v -0.792233 0.731605 -0.729540
v -0.792265 0.731036 -0.733101
v -0.805381 0.605810 -0.713064
v -0.749702 0.899110 -0.783139
v -0.792304 0.730806 -0.733048
v -0.792194 0.731834 -0.729592
v -0.805513 0.583762 1.412099
v -0.797799 0.686239 1.412099
v -0.803114 0.636149 1.412099
v -0.787525 0.746348 1.412099
v -0.748230 0.883320 1.412099
v -0.550995 0.376450 -0.875613
v -0.550995 0.250452 -0.858550
v -0.550995 0.255461 -0.858550
v -0.550995 0.376450 -0.875613
v -0.550995 0.255461 -0.875613
v -0.550995 0.255461 -0.925132
v -0.550995 0.490114 -0.925132
v -0.550995 0.255461 -1.002261
v -0.806398 0.639115 1.314912
v -0.789849 0.746348 1.314912
v -0.800921 0.686239 1.314912
v -0.748763 0.880125 1.314912
v -0.550995 0.580318 -1.002261
v -0.550995 0.255461 -1.099447
v -0.550995 0.638232 -1.099447
v -0.550995 0.255461 -1.207180
v -0.550995 0.638232 -1.314912
v -0.550995 0.658188 -1.207180
v -0.550995 0.580318 -1.412099
v -0.550995 0.255461 -1.314912
v -0.808252 0.658188 1.207180
v -0.792361 0.746348 1.207180
v -0.804353 0.686239 1.207180
v -0.749353 0.876583 1.207180
v -0.550995 0.490114 -1.489227
v -0.550995 0.255461 -1.412099
v -0.550995 0.376450 -1.538746
v -0.550995 0.255461 -1.489227
v -0.550995 0.250452 -1.555809
v -0.550995 0.255461 -1.538746
v -0.550995 0.376450 -0.875613
v -0.550995 0.250452 -0.858550
v -0.704836 0.250452 -0.858550
v -0.803859 0.686239 1.099447
v -0.809670 0.639115 1.099447
v -0.750261 0.875902 1.099447
v -0.792111 0.746348 1.099447
v -0.550995 0.490114 -0.925132
v -0.550995 0.376450 -0.875613
v -0.770637 0.376450 -0.875613
v -0.550995 0.580318 -1.002261
v -0.550995 0.490114 -0.925132
v -0.802591 0.490114 -0.925132
v -0.550995 0.580318 -1.002261
v -0.811372 0.580318 -1.002261
v -0.807569 0.638232 -1.099447
v -0.809376 0.636149 1.002261
v -0.812067 0.583762 1.002261
v -0.803415 0.686239 1.002261
v -0.751079 0.875288 1.002261
v -0.791890 0.746348 1.002261
v -0.550995 0.638232 -1.099447
v -0.807569 0.638232 -1.099447
v -0.803045 0.658188 -1.207180
v -0.550995 0.658188 -1.207180
v -0.803045 0.658188 -1.207180
v -0.801487 0.638232 -1.314912
v -0.811687 0.571031 0.925132
v -0.804339 0.497546 0.925132
v -0.808933 0.636149 0.925132
v -0.803063 0.686239 0.925132
v -0.751728 0.874801 0.925132
v -0.791715 0.746348 0.925132
v -0.550995 0.580318 -1.412099
v -0.550995 0.638232 -1.314912
v -0.801487 0.638232 -1.314912
v -0.802359 0.480868 0.875613
v -0.768544 0.370876 0.875613
v -0.811375 0.571031 0.875613
v -0.808647 0.636149 0.875613
v -0.802837 0.686239 0.875613
v -0.752145 0.874489 0.875613
v -0.791605 0.746348 0.875613
v -0.727115 0.300543 0.858550
v -0.706077 0.255461 0.858550
v -0.802250 0.480868 0.858550
v -0.811267 0.571031 0.858550
v -0.808549 0.636149 0.858550
v -0.802760 0.686239 0.858550
v -0.752289 0.874381 0.858550
v -0.791567 0.746348 0.858550
v -0.726311 0.300543 0.731320
v -0.705273 0.255461 0.731320
v -0.801447 0.480868 0.731320
v -0.810463 0.571031 0.731320
v -0.807817 0.636149 0.731320
v -0.802183 0.686239 0.731320
v -0.753360 0.873577 0.731320
v -0.791289 0.746348 0.731320
v -0.726273 0.300543 0.711284
v -0.705235 0.255461 0.711284
v -0.801409 0.480868 0.711284
v -0.810425 0.571031 0.711284
v -0.807780 0.636149 0.711284
v -0.802145 0.686239 0.711284
v -0.791251 0.746348 0.711284
v -0.725310 0.300543 0.200362
v -0.704272 0.255461 0.200362
v -0.800445 0.480868 0.200362
v -0.809461 0.571031 0.200362
v -0.806816 0.636149 0.200362
v -0.801182 0.686239 0.200362
v -0.753322 0.873577 0.711284
v -0.790287 0.746348 0.200362
v -0.724308 0.300543 -0.500904
v -0.703270 0.255461 -0.500904
v -0.799443 0.480868 -0.500904
v -0.808460 0.571031 -0.500904
v -0.806032 0.636149 -0.500904
v -0.790863 0.746348 -0.500904
v -0.800861 0.686239 -0.500904
v -0.752358 0.873577 0.200362
v -0.717763 0.300543 -0.781411
v -0.696725 0.255461 -0.781411
v -0.792899 0.480868 -0.781411
v -0.801915 0.571031 -0.781411
v -0.799759 0.636149 -0.781411
v -0.795168 0.686239 -0.781411
v -0.750355 0.889606 -0.500904
v -0.786290 0.746348 -0.781411
v -0.717295 0.300543 -0.801447
v -0.696257 0.255461 -0.801447
v -0.792431 0.480868 -0.801447
v -0.801447 0.571031 -0.801447
v -0.799309 0.636149 -0.801447
v -0.794756 0.686239 -0.801447
v -0.745679 0.903631 -0.781411
v -0.785953 0.746348 -0.801447
v -0.696821 0.255461 -0.858550
v -0.717859 0.300543 -0.858550
v -0.792995 0.480868 -0.858550
v -0.799510 0.636149 -0.858550
v -0.802011 0.571031 -0.858550
v -0.794183 0.686239 -0.858550
v -0.739988 0.895327 -0.858550
v -0.783884 0.746348 -0.858550
v -0.762622 0.376449 -0.875613
v -0.793163 0.480868 -0.875613
v -0.799563 0.636149 -0.875613
v -0.802179 0.571031 -0.875613
v -0.793989 0.686239 -0.875613
v -0.738387 0.892547 -0.875613
v -0.783212 0.746348 -0.875613
v -0.550995 0.580318 -1.412099
v -0.803815 0.580318 -1.412099
v -0.792296 0.490114 -1.489227
v -0.796380 0.508145 -0.925132
v -0.799694 0.636149 -0.925132
v -0.802668 0.571031 -0.925132
v -0.793356 0.686239 -0.925132
v -0.733741 0.884477 -0.925132
v -0.781105 0.746348 -0.925132
v -0.550995 0.490114 -1.489227
v -0.792296 0.490114 -1.489227
v -0.758536 0.376450 -1.538746
v -0.550995 0.376450 -1.538746
v -0.758536 0.376450 -1.538746
v -0.691931 0.250452 -1.555809
v -0.802796 0.598350 -1.002261
v -0.799827 0.636149 -1.002261
v -0.792151 0.686239 -1.002261
v -0.726504 0.871908 -1.002261
v -0.777312 0.746348 -1.002261
v -0.770637 0.376450 -0.875613
v -0.704836 0.250452 -0.858550
v -0.702899 0.268485 -0.858550
v -0.802591 0.490114 -0.925132
v -0.770637 0.376450 -0.875613
v -0.768975 0.394482 -0.875613
v -0.811372 0.580318 -1.002261
v -0.802591 0.490114 -0.925132
v -0.796380 0.508145 -0.925132
v -0.796610 0.656265 -1.099447
v -0.790177 0.686239 -1.099447
v -0.717385 0.856071 -1.099447
v -0.771476 0.746348 -1.099447
v -0.807569 0.638232 -1.099447
v -0.811372 0.580318 -1.002261
v -0.802796 0.598350 -1.002261
v -0.803045 0.658188 -1.207180
v -0.807569 0.638232 -1.099447
v -0.796610 0.656265 -1.099447
v -0.803045 0.658188 -1.207180
v -0.790271 0.676221 -1.207180
v -0.789222 0.656265 -1.314912
v -0.801487 0.638232 -1.314912
v -0.789222 0.656265 -1.314912
v -0.794652 0.598350 -1.412099
v -0.790271 0.676221 -1.207180
v -0.787241 0.686239 -1.207180
v -0.707277 0.838514 -1.207180
v -0.763278 0.746348 -1.207180
v -0.803815 0.580318 -1.412099
v -0.794652 0.598350 -1.412099
v -0.786085 0.508146 -1.489227
v -0.792296 0.490114 -1.489227
v -0.786085 0.508146 -1.489227
v -0.756873 0.394482 -1.538746
v -0.758536 0.376450 -1.538746
v -0.756873 0.394482 -1.538746
v -0.689995 0.268485 -1.555809
v -0.550995 0.370878 1.538746
v -0.550995 0.250452 1.555809
v -0.550995 0.255461 1.555809
v -0.779929 0.686239 -1.314912
v -0.789222 0.656265 -1.314912
v -0.705715 0.818529 -1.314912
v -0.752919 0.746348 -1.314912
v -0.550995 0.370878 1.538746
v -0.550995 0.255461 1.538746
v -0.550995 0.255461 1.489227
v -0.550995 0.479514 1.489227
v -0.550995 0.255461 1.412099
v -0.550995 0.565729 1.412099
v -0.550995 0.255461 1.314912
v -0.788571 0.636149 -1.412099
v -0.794652 0.598350 -1.412099
v -0.772850 0.686239 -1.412099
v -0.704308 0.800500 -1.412099
v -0.742457 0.746348 -1.412099
v -0.550995 0.621082 1.314912
v -0.550995 0.255461 1.207180
v -0.550995 0.621082 1.099447
v -0.550995 0.640156 1.207180
v -0.550995 0.565729 1.002261
v -0.550995 0.255461 1.099447
v -0.784205 0.636149 -1.489227
v -0.791521 0.592069 -1.489227
v -0.766804 0.686239 -1.489227
v -0.703190 0.786192 -1.489227
v -0.733162 0.746348 -1.489227
v -0.550995 0.479514 0.925132
v -0.550995 0.255461 1.002261
v -0.550995 0.370878 0.875613
v -0.550995 0.255461 0.925132
v -0.550995 0.250452 0.858550
v -0.550995 0.255461 0.875613
v -0.789164 0.592069 -1.538746
v -0.781322 0.636149 -1.538746
v -0.762670 0.686239 -1.538746
v -0.702471 0.777006 -1.538746
v -0.726610 0.746348 -1.538746
v -0.550995 0.370878 1.538746
v -0.550995 0.250452 1.555809
v -0.702921 0.250452 1.555809
v -0.550995 0.479514 1.489227
v -0.550995 0.370878 1.538746
v -0.765935 0.370878 1.538746
v -0.550995 0.565729 1.412099
v -0.550995 0.479514 1.489227
v -0.801270 0.479514 1.489227
v -0.788493 0.592069 -1.552804
v -0.780489 0.636149 -1.552804
v -0.761455 0.686239 -1.552804
v -0.702268 0.774398 -1.552804
v -0.724653 0.746348 -1.552804
v -0.550995 0.621082 1.314912
v -0.550995 0.565729 1.412099
v -0.813093 0.565729 1.412099
v -0.550995 0.640156 1.207180
v -0.550995 0.621082 1.314912
v -0.815763 0.621082 1.314912
v -0.550995 0.621082 1.099447
v -0.550995 0.640156 1.207180
v -0.818201 0.640156 1.207180
v -0.788169 0.592069 -1.555809
v -0.780124 0.636149 -1.555809
v -0.760989 0.686239 -1.555809
v -0.702144 0.773638 -1.555809
v -0.723993 0.746348 -1.555809
v -0.550995 0.565729 1.002261
v -0.550995 0.621082 1.099447
v -0.819118 0.621082 1.099447
v -0.550995 0.565729 1.002261
v -0.819659 0.565729 1.002261
v -0.810306 0.479514 0.925132
v -0.550995 0.479514 0.925132
v -0.810306 0.479514 0.925132
v -0.776559 0.370878 0.875613
v -0.770081 0.592069 -1.723111
v -0.758827 0.636149 -1.723111
v -0.732060 0.686239 -1.723111
v -0.695255 0.731320 -1.723111
v -0.550995 0.370878 0.875613
v -0.776559 0.370878 0.875613
v -0.714091 0.250452 0.858550
v -0.765935 0.370878 1.538746
v -0.702921 0.250452 1.555809
v -0.700985 0.268485 1.555809
v -0.801270 0.479514 1.489227
v -0.765935 0.370878 1.538746
v -0.765986 0.388910 1.538746
v -0.813093 0.565729 1.412099
v -0.801270 0.479514 1.489227
v -0.795302 0.497546 1.489227
v -0.815763 0.621082 1.314912
v -0.813093 0.565729 1.412099
v -0.805513 0.583762 1.412099
v -0.818201 0.640156 1.207180
v -0.815763 0.621082 1.314912
v -0.806398 0.639115 1.314912
v -0.763509 0.592069 -1.758174
v -0.760130 0.592069 -1.776207
v -0.758162 0.612105 -1.758174
v -0.754663 0.612105 -1.776207
v -0.751743 0.636149 -1.758174
v -0.723759 0.686239 -1.758174
v -0.738945 0.652177 -1.776207
v -0.742789 0.652177 -1.758174
v -0.690246 0.726311 -1.758174
v -0.719490 0.686239 -1.776207
v -0.818201 0.640156 1.207180
v -0.808252 0.658188 1.207180
v -0.809670 0.639115 1.099447
v -0.819118 0.621082 1.099447
v -0.809670 0.639115 1.099447
v -0.812067 0.583762 1.002261
v -0.819659 0.565729 1.002261
v -0.812067 0.583762 1.002261
v -0.804339 0.497546 0.925132
v -0.810306 0.479514 0.925132
v -0.804339 0.497546 0.925132
v -0.776610 0.388910 0.875613
v -0.776559 0.370878 0.875613
v -0.776610 0.388910 0.875613
v -0.712155 0.268485 0.858550
v -0.743768 0.592069 -1.863364
v -0.719925 0.652177 -1.863364
v -0.687671 0.723736 -1.776207
v -0.698028 0.686239 -1.863364
v -0.659190 0.638152 -1.951523
v -0.656185 0.638152 -1.968554
v -0.659189 0.636149 -1.968554
v -0.662372 0.636149 -1.951523
v -0.702258 0.592069 -1.968554
v -0.667205 0.683234 -1.908446
v -0.662545 0.657023 -1.933491
v -0.666977 0.652177 -1.933491
v -0.659190 0.638152 -1.951523
v -0.737614 0.612105 -1.863364
v -0.727133 0.592069 -1.908446
v -0.694374 0.652177 -1.908446
v -0.675219 0.711284 -1.863364
v -0.718616 0.612105 -1.908446
v -0.700378 0.612105 -1.933491
v -0.715994 0.592069 -1.933491
v -0.681638 0.636149 -1.933491
v -0.707973 0.592069 -1.951523
v -0.715994 0.592069 -1.933491
v -0.776559 0.370878 0.875613
v -0.712155 0.268485 0.858550
v -0.714091 0.250452 0.858550
v -0.810306 0.479514 0.925132
v -0.776610 0.388910 0.875613
v -0.776559 0.370878 0.875613
v -0.819659 0.565729 1.002261
v -0.804339 0.497546 0.925132
v -0.810306 0.479514 0.925132
v -0.819118 0.621082 1.099447
v -0.812067 0.583762 1.002261
v -0.819659 0.565729 1.002261
v -0.818201 0.640156 1.207180
v -0.809670 0.639115 1.099447
v -0.819118 0.621082 1.099447
v -0.818201 0.640156 1.207180
v -0.806398 0.639115 1.314912
v -0.808252 0.658188 1.207180
v -0.815763 0.621082 1.314912
v -0.805513 0.583762 1.412099
v -0.806398 0.639115 1.314912
v -0.813093 0.565729 1.412099
v -0.795302 0.497546 1.489227
v -0.805513 0.583762 1.412099
v -0.801270 0.479514 1.489227
v -0.765986 0.388910 1.538746
v -0.795302 0.497546 1.489227
v -0.765935 0.370878 1.538746
v -0.700985 0.268485 1.555809
v -0.765986 0.388910 1.538746
v -0.550995 0.250452 0.858550
v -0.550995 0.370878 0.875613
v -0.550995 0.479514 0.925132
v -0.819659 0.565729 1.002261
v -0.819118 0.621082 1.099447
v -0.818201 0.640156 1.207180
v -0.815763 0.621082 1.314912
v -0.813093 0.565729 1.412099
v -0.801270 0.479514 1.489227
v -0.765935 0.370878 1.538746
v -0.550995 0.250452 0.858550
v -0.550995 0.255461 0.875613
v -0.550995 0.255461 0.858550
v -0.550995 0.255461 1.555809
v -0.758536 0.376450 -1.538746
v -0.689995 0.268485 -1.555809
v -0.691931 0.250452 -1.555809
v -0.792296 0.490114 -1.489227
v -0.756873 0.394482 -1.538746
v -0.758536 0.376450 -1.538746
v -0.803815 0.580318 -1.412099
v -0.786085 0.508146 -1.489227
v -0.792296 0.490114 -1.489227
v -0.801487 0.638232 -1.314912
v -0.794652 0.598350 -1.412099
v -0.803815 0.580318 -1.412099
v -0.803045 0.658188 -1.207180
v -0.789222 0.656265 -1.314912
v -0.801487 0.638232 -1.314912
v -0.803045 0.658188 -1.207180
v -0.796610 0.656265 -1.099447
v -0.790271 0.676221 -1.207180
v -0.807569 0.638232 -1.099447
v -0.802796 0.598350 -1.002261
v -0.796610 0.656265 -1.099447
v -0.811372 0.580318 -1.002261
v -0.796380 0.508145 -0.925132
v -0.802796 0.598350 -1.002261
v -0.802591 0.490114 -0.925132
v -0.768975 0.394482 -0.875613
v -0.796380 0.508145 -0.925132
v -0.770637 0.376450 -0.875613
v -0.702899 0.268485 -0.858550
v -0.768975 0.394482 -0.875613
v -0.550995 0.250452 -1.555809
v -0.550995 0.376450 -1.538746
v -0.550995 0.490114 -1.489227
v -0.803815 0.580318 -1.412099
v -0.550995 0.638232 -1.314912
v -0.550995 0.658188 -1.207180
v -0.550995 0.638232 -1.099447
v -0.811372 0.580318 -1.002261
v -0.802591 0.490114 -0.925132
v -0.770637 0.376450 -0.875613
v -0.550995 0.250452 -1.555809
v -0.550995 0.255461 -1.538746
v -0.550995 0.255461 -1.555809
v -0.550995 0.255461 -0.858550
v -0.749702 0.899110 -0.783139
v -0.792194 0.731834 -0.729592
v -0.749360 0.900138 -0.779683
v -0.792233 0.731605 -0.729540
v -0.805381 0.605810 -0.713064
v -0.805442 0.606379 -0.709504
v -0.805381 0.605810 -0.713064
v -0.797577 0.481153 -0.689468
v -0.805442 0.606379 -0.709504
v -0.797360 0.480491 -0.693011
v -0.746877 0.340993 -0.659431
v -0.797585 0.481246 -0.689485
v -0.747449 0.341988 -0.660026
v -0.731485 0.308357 -0.443658
v -0.731738 0.308357 -0.266195
v -0.729873 0.304750 -0.088731
v -0.731992 0.308357 -0.088731
v -0.730126 0.304750 0.088731
v -0.732245 0.308357 0.088731
v -0.732529 0.308357 0.266195
v -0.732529 0.308357 0.266195
v -0.730745 0.304750 0.443658
v -0.732864 0.308357 0.443658
v -0.731080 0.304750 0.621121
v -0.733199 0.308357 0.621121
v -0.733086 0.308166 0.620315
v -0.745410 0.328984 0.670015
v -0.747301 0.332210 0.668402
v -0.746581 0.330987 0.667448
v -0.800982 0.470460 0.702024
v -0.801194 0.471240 0.698504
v -0.801098 0.470899 0.698462
v -0.812225 0.604375 0.705740
v -0.812215 0.604474 0.702135
v -0.812215 0.604474 0.702135
v -0.795545 0.737949 0.709414
v -0.795517 0.738049 0.705808
v -0.795517 0.738049 0.705808
v -0.756603 0.871525 0.713086
v -0.756559 0.871623 0.709482
v -0.789189 0.801447 0.430778
v -0.789189 0.838514 0.591067
v -0.789189 0.838514 0.591067
v -0.773160 0.801447 0.591067
v -0.789189 0.801447 0.591067
v -0.789189 0.838514 0.430778
v -0.596076 0.178322 1.596883
v -0.596076 0.178322 1.595881
v -0.596076 0.178322 -0.817476
v -0.596076 0.178322 -0.818478
v 0.701266 0.796438 2.073744
v -0.745346 0.904633 -0.801447
v 0.784216 0.559009 1.783220
v 0.812067 0.583762 1.002261
v 0.809376 0.636149 1.002261
v 0.751079 0.875288 1.002261
v 0.791890 0.746348 1.002261
v 0.804339 0.497546 0.925132
v 0.811687 0.571031 0.925132
v 0.808933 0.636149 0.925132
v 0.803063 0.686239 0.925132
v 0.751728 0.874801 0.925132
v 0.791715 0.746348 0.925132
v 0.768544 0.370876 0.875613
v 0.802359 0.480868 0.875613
v 0.811375 0.571031 0.875613
v 0.808647 0.636149 0.875613
v 0.802837 0.686239 0.875613
v 0.752145 0.874489 0.875613
v 0.791605 0.746348 0.875613
v 0.706077 0.255461 0.858550
v 0.727115 0.300543 0.858550
v 0.802250 0.480868 0.858550
v 0.811267 0.571031 0.858550
v 0.808549 0.636149 0.858550
v 0.802760 0.686239 0.858550
v 0.752289 0.874381 0.858550
v 0.791567 0.746348 0.858550
v 0.726311 0.300543 0.731320
v 0.705273 0.255461 0.731320
v 0.801447 0.480868 0.731320
v 0.810463 0.571031 0.731320
v 0.807817 0.636149 0.731320
v 0.802183 0.686239 0.731320
v 0.753360 0.873577 0.731320
v 0.791289 0.746348 0.731320
v 0.726273 0.300543 0.711284
v 0.705235 0.255461 0.711284
v 0.801409 0.480868 0.711284
v 0.810425 0.571031 0.711284
v 0.807780 0.636149 0.711284
v 0.802145 0.686239 0.711284
v 0.791251 0.746348 0.711284
v 0.725310 0.300543 0.200362
v 0.704272 0.255461 0.200362
v 0.800445 0.480868 0.200362
v 0.809461 0.571031 0.200362
v 0.806816 0.636149 0.200362
v 0.801182 0.686239 0.200362
v 0.790287 0.746348 0.200362
v 0.753322 0.873577 0.711284
v 0.724308 0.300543 -0.500904
v 0.703270 0.255461 -0.500904
v 0.799443 0.480868 -0.500904
v 0.808460 0.571031 -0.500904
v 0.806032 0.636149 -0.500904
v 0.790863 0.746348 -0.500904
v 0.800861 0.686239 -0.500904
v 0.752358 0.873577 0.200362
v 0.717763 0.300543 -0.781411
v 0.696725 0.255461 -0.781411
v 0.792899 0.480868 -0.781411
v 0.801915 0.571031 -0.781411
v 0.799759 0.636149 -0.781411
v 0.795168 0.686239 -0.781411
v 0.786290 0.746348 -0.781411
v 0.750355 0.889606 -0.500904
v 0.717295 0.300543 -0.801447
v 0.696257 0.255461 -0.801447
v 0.792431 0.480868 -0.801447
v 0.801447 0.571031 -0.801447
v 0.799309 0.636149 -0.801447
v 0.794756 0.686239 -0.801447
v 0.785953 0.746348 -0.801447
v 0.745679 0.903631 -0.781411
v 0.696821 0.255461 -0.858550
v 0.717859 0.300543 -0.858550
v 0.792995 0.480868 -0.858550
v 0.799510 0.636149 -0.858550
v 0.802011 0.571031 -0.858550
v 0.794183 0.686239 -0.858550
v 0.739988 0.895327 -0.858550
v 0.783884 0.746348 -0.858550
v 0.762622 0.376449 -0.875613
v 0.793163 0.480868 -0.875613
v 0.799563 0.636149 -0.875613
v 0.802179 0.571031 -0.875613
v 0.793989 0.686239 -0.875613
v 0.738387 0.892547 -0.875613
v 0.783212 0.746348 -0.875613
v 0.796380 0.508145 -0.925132
v 0.799694 0.636149 -0.925132
v 0.802668 0.571031 -0.925132
v 0.793356 0.686239 -0.925132
v 0.733741 0.884477 -0.925132
v 0.781105 0.746348 -0.925132
v 0.802796 0.598350 -1.002261
v 0.799827 0.636149 -1.002261
v 0.792151 0.686239 -1.002261
v 0.726504 0.871908 -1.002261
v 0.777312 0.746348 -1.002261
v 0.796610 0.656265 -1.099447
v 0.790177 0.686239 -1.099447
v 0.717385 0.856071 -1.099447
v 0.771476 0.746348 -1.099447
v 0.790271 0.676221 -1.207180
v 0.787241 0.686239 -1.207180
v 0.707277 0.838514 -1.207180
v 0.763278 0.746348 -1.207180
v 0.779929 0.686239 -1.314912
v 0.789222 0.656265 -1.314912
v 0.705715 0.818529 -1.314912
v 0.752919 0.746348 -1.314912
v 0.794652 0.598350 -1.412099
v 0.788571 0.636149 -1.412099
v 0.772850 0.686239 -1.412099
v 0.704308 0.800500 -1.412099
v 0.742457 0.746348 -1.412099
v 0.784205 0.636149 -1.489227
v 0.791521 0.592069 -1.489227
v 0.766804 0.686239 -1.489227
v 0.703190 0.786192 -1.489227
v 0.733162 0.746348 -1.489227
v 0.789164 0.592069 -1.538746
v 0.781322 0.636149 -1.538746
v 0.762670 0.686239 -1.538746
v 0.702471 0.777006 -1.538746
v 0.726610 0.746348 -1.538746
v 0.788493 0.592069 -1.552804
v 0.780489 0.636149 -1.552804
v 0.761455 0.686239 -1.552804
v 0.702268 0.774398 -1.552804
v 0.724653 0.746348 -1.552804
v 0.788169 0.592069 -1.555809
v 0.780124 0.636149 -1.555809
v 0.760989 0.686239 -1.555809
v 0.702144 0.773638 -1.555809
v 0.723993 0.746348 -1.555809
v 0.770081 0.592069 -1.723111
v 0.758827 0.636149 -1.723111
v 0.732060 0.686239 -1.723111
v 0.695255 0.731320 -1.723111
v 0.763509 0.592069 -1.758174
v 0.758162 0.612105 -1.758174
v 0.760130 0.592069 -1.776207
v 0.754663 0.612105 -1.776207
v 0.751743 0.636149 -1.758174
v 0.738945 0.652177 -1.776207
v 0.723759 0.686239 -1.758174
v 0.742789 0.652177 -1.758174
v 0.719490 0.686239 -1.776207
v 0.690246 0.726311 -1.758174
v 0.743768 0.592069 -1.863364
v 0.719925 0.652177 -1.863364
v 0.698028 0.686239 -1.863364
v 0.687671 0.723736 -1.776207
v 0.727133 0.592069 -1.908446
v 0.737614 0.612105 -1.863364
v 0.694374 0.652177 -1.908446
v 0.667205 0.683234 -1.908446
v 0.675219 0.711284 -1.863364
v 0.707973 0.592069 -1.951523
v 0.681638 0.636149 -1.933491
v 0.715994 0.592069 -1.933491
v 0.715994 0.592069 -1.933491
v 0.718616 0.612105 -1.908446
v 0.662372 0.636149 -1.951523
v 0.662545 0.657023 -1.933491
v 0.666977 0.652177 -1.933491
v 0.702258 0.592069 -1.968554
v 0.659189 0.636149 -1.968554
v 0.659190 0.638152 -1.951523
v -0.725310 0.906637 1.963545
v 0.712155 0.268485 0.858550
v 0.776559 0.370878 0.875613
v 0.714091 0.250452 0.858550
v 0.776610 0.388910 0.875613
v 0.810306 0.479514 0.925132
v 0.776559 0.370878 0.875613
v 0.804339 0.497546 0.925132
v 0.819659 0.565729 1.002261
v 0.810306 0.479514 0.925132
v 0.812067 0.583762 1.002261
v 0.819118 0.621082 1.099447
v 0.819659 0.565729 1.002261
v 0.809670 0.639115 1.099447
v 0.818201 0.640156 1.207180
v 0.819118 0.621082 1.099447
v 0.806398 0.639115 1.314912
v 0.818201 0.640156 1.207180
v 0.808252 0.658188 1.207180
v 0.805513 0.583762 1.412099
v 0.815763 0.621082 1.314912
v 0.806398 0.639115 1.314912
v 0.795302 0.497546 1.489227
v 0.813093 0.565729 1.412099
v 0.805513 0.583762 1.412099
v 0.765986 0.388910 1.538746
v 0.801270 0.479514 1.489227
v 0.795302 0.497546 1.489227
v 0.700985 0.268485 1.555809
v 0.765935 0.370878 1.538746
v 0.765986 0.388910 1.538746
v 0.714091 0.250452 0.858550
v 0.550995 0.370878 0.875613
v 0.550995 0.250452 0.858550
v 0.776559 0.370878 0.875613
v 0.550995 0.479514 0.925132
v 0.550995 0.370878 0.875613
v 0.810306 0.479514 0.925132
v 0.550995 0.565729 1.002261
v 0.550995 0.479514 0.925132
v 0.819118 0.621082 1.099447
v 0.550995 0.565729 1.002261
v 0.819659 0.565729 1.002261
v 0.818201 0.640156 1.207180
v 0.550995 0.621082 1.099447
v 0.819118 0.621082 1.099447
v 0.815763 0.621082 1.314912
v 0.550995 0.640156 1.207180
v 0.818201 0.640156 1.207180
v 0.813093 0.565729 1.412099
v 0.550995 0.621082 1.314912
v 0.815763 0.621082 1.314912
v 0.801270 0.479514 1.489227
v 0.550995 0.565729 1.412099
v 0.813093 0.565729 1.412099
v 0.765935 0.370878 1.538746
v 0.550995 0.479514 1.489227
v 0.801270 0.479514 1.489227
v 0.702921 0.250452 1.555809
v 0.550995 0.370878 1.538746
v 0.765935 0.370878 1.538746
v 0.550995 0.255461 0.858550
v 0.550995 0.370878 0.875613
v 0.550995 0.250452 0.858550
v 0.550995 0.255461 0.925132
v 0.550995 0.370878 0.875613
v 0.550995 0.255461 0.875613
v 0.550995 0.255461 1.002261
v 0.550995 0.479514 0.925132
v 0.550995 0.255461 1.099447
v 0.550995 0.565729 1.002261
v 0.550995 0.255461 1.207180
v 0.550995 0.621082 1.099447
v 0.550995 0.621082 1.314912
v 0.550995 0.640156 1.207180
v 0.550995 0.255461 1.314912
v 0.550995 0.565729 1.412099
v 0.550995 0.255461 1.412099
v 0.550995 0.479514 1.489227
v 0.550995 0.255461 1.489227
v 0.550995 0.370878 1.538746
v 0.550995 0.255461 1.538746
v 0.550995 0.250452 1.555809
v 0.689995 0.268485 -1.555809
v 0.758536 0.376450 -1.538746
v 0.691931 0.250452 -1.555809
v 0.756873 0.394482 -1.538746
v 0.792296 0.490114 -1.489227
v 0.758536 0.376450 -1.538746
v 0.786085 0.508146 -1.489227
v 0.803815 0.580318 -1.412099
v 0.792296 0.490114 -1.489227
v 0.794652 0.598350 -1.412099
v 0.801487 0.638232 -1.314912
v 0.803815 0.580318 -1.412099
v 0.789222 0.656265 -1.314912
v 0.803045 0.658188 -1.207180
v 0.801487 0.638232 -1.314912
v 0.796610 0.656265 -1.099447
v 0.803045 0.658188 -1.207180
v 0.790271 0.676221 -1.207180
v 0.802796 0.598350 -1.002261
v 0.807569 0.638232 -1.099447
v 0.796610 0.656265 -1.099447
v 0.796380 0.508145 -0.925132
v 0.811372 0.580318 -1.002261
v 0.802796 0.598350 -1.002261
v 0.768975 0.394482 -0.875613
v 0.802591 0.490114 -0.925132
v 0.796380 0.508145 -0.925132
v 0.702899 0.268485 -0.858550
v 0.770637 0.376450 -0.875613
v 0.768975 0.394482 -0.875613
v 0.691931 0.250452 -1.555809
v 0.550995 0.376450 -1.538746
v 0.550995 0.250452 -1.555809
v 0.758536 0.376450 -1.538746
v 0.550995 0.490114 -1.489227
v 0.550995 0.376450 -1.538746
v 0.792296 0.490114 -1.489227
v 0.550995 0.580318 -1.412099
v 0.550995 0.490114 -1.489227
v 0.801487 0.638232 -1.314912
v 0.550995 0.580318 -1.412099
v 0.803815 0.580318 -1.412099
v 0.801487 0.638232 -1.314912
v 0.550995 0.658188 -1.207180
v 0.550995 0.638232 -1.314912
v 0.803045 0.658188 -1.207180
v 0.550995 0.638232 -1.099447
v 0.550995 0.658188 -1.207180
v 0.807569 0.638232 -1.099447
v 0.550995 0.580318 -1.002261
v 0.550995 0.638232 -1.099447
v 0.802591 0.490114 -0.925132
v 0.550995 0.580318 -1.002261
v 0.811372 0.580318 -1.002261
v 0.770637 0.376450 -0.875613
v 0.550995 0.490114 -0.925132
v 0.802591 0.490114 -0.925132
v 0.704836 0.250452 -0.858550
v 0.550995 0.376450 -0.875613
v 0.770637 0.376450 -0.875613
v 0.550995 0.255461 -1.555809
v 0.550995 0.376450 -1.538746
v 0.550995 0.250452 -1.555809
v 0.550995 0.255461 -1.489227
v 0.550995 0.376450 -1.538746
v 0.550995 0.255461 -1.538746
v 0.550995 0.255461 -1.412099
v 0.550995 0.490114 -1.489227
v 0.550995 0.255461 -1.314912
v 0.550995 0.580318 -1.412099
v 0.550995 0.255461 -1.207180
v 0.550995 0.638232 -1.314912
v 0.550995 0.638232 -1.099447
v 0.550995 0.658188 -1.207180
v 0.550995 0.255461 -1.099447
v 0.550995 0.580318 -1.002261
v 0.550995 0.255461 -1.002261
v 0.550995 0.490114 -0.925132
v 0.550995 0.255461 -0.925132
v 0.550995 0.376450 -0.875613
v 0.550995 0.255461 -0.875613
v 0.550995 0.250452 -0.858550
v 0.792194 0.731834 -0.729592
v 0.749702 0.899110 -0.783139
v 0.749360 0.900138 -0.779683
v 0.805381 0.605810 -0.713064
v 0.792233 0.731605 -0.729540
v 0.805442 0.606379 -0.709504
v 0.797577 0.481153 -0.689468
v 0.805381 0.605810 -0.713064
v 0.805442 0.606379 -0.709504
v 0.746877 0.340993 -0.659431
v 0.797360 0.480491 -0.693011
v 0.797585 0.481246 -0.689485
v 0.728373 0.307927 -0.619953
v 0.745780 0.339241 -0.662362
v 0.747449 0.341988 -0.660026
v 0.729366 0.304750 -0.443658
v 0.728598 0.308357 -0.621121
v 0.731485 0.308357 -0.443658
v 0.729619 0.304750 -0.266195
v 0.731485 0.308357 -0.443658
v 0.731738 0.308357 -0.266195
v 0.729873 0.304750 -0.088731
v 0.731992 0.308357 -0.088731
v 0.730126 0.304750 0.088731
v 0.732245 0.308357 0.088731
v 0.730410 0.304750 0.266195
v 0.732245 0.308357 0.088731
v 0.732529 0.308357 0.266195
v 0.730745 0.304750 0.443658
v 0.732529 0.308357 0.266195
v 0.732864 0.308357 0.443658
v 0.731080 0.304750 0.621121
v 0.733199 0.308357 0.621121
v 0.745410 0.328984 0.670015
v 0.733086 0.308166 0.620315
v 0.747301 0.332210 0.668402
v 0.800982 0.470460 0.702024
v 0.746581 0.330987 0.667448
v 0.801194 0.471240 0.698504
v 0.812225 0.604375 0.705740
v 0.801098 0.470899 0.698462
v 0.812215 0.604474 0.702135
v 0.795545 0.737949 0.709414
v 0.812215 0.604474 0.702135
v 0.795517 0.738049 0.705808
v 0.756603 0.871525 0.713086
v 0.795517 0.738049 0.705808
v 0.756559 0.871623 0.709482
v 0.789189 0.801447 0.430778
v 0.773160 0.801447 0.591067
v 0.773160 0.801447 0.430778
v 0.789189 0.838514 0.591067
v 0.773160 0.838514 0.430778
v 0.773160 0.838514 0.591067
v 0.773160 0.838514 0.430778
v 0.773160 0.801447 0.591067
v 0.773160 0.838514 0.591067
v 0.789189 0.801447 0.430778
v 0.789189 0.838514 0.591067
v 0.789189 0.801447 0.591067
v 0.789189 0.801447 0.591067
v 0.773160 0.838514 0.591067
v 0.773160 0.801447 0.591067
v 0.789189 0.838514 0.430778
v 0.773160 0.801447 0.430778
v 0.773160 0.838514 0.430778
v 0.783414 0.178322 1.596883
v 0.591067 0.340615 1.572840
v 0.596076 0.178322 1.596883
v 0.591067 0.340615 1.571838
v 0.783414 0.178322 1.595881
v 0.596076 0.178322 1.595881
v 0.783414 0.178322 -0.817476
v 0.591067 0.340615 -0.841519
v 0.596076 0.178322 -0.817476
v 0.591067 0.340615 -0.842521
v 0.783414 0.178322 -0.818478
v 0.596076 0.178322 -0.818478
v -0.630138 0.911493 -0.801447
v -0.739988 0.895327 -0.858550
v -0.745346 0.904633 -0.801447
v -0.355642 0.913804 -0.858550
v -0.630138 0.903898 -0.858550
v -0.355642 0.918986 -0.801447
v 0.000000 0.916010 -0.858550
v 0.355642 0.918986 -0.801447
v 0.000000 0.920662 -0.801447
v 0.630138 0.911493 -0.801447
v 0.355642 0.913804 -0.858550
v 0.739988 0.895327 -0.858550
v 0.630138 0.903898 -0.858550
v -0.738387 0.892547 -0.875613
v -0.355642 0.912251 -0.875613
v -0.630138 0.901602 -0.875613
v 0.000000 0.914619 -0.875613
v 0.355642 0.912251 -0.875613
v 0.738387 0.892547 -0.875613
v 0.630138 0.901602 -0.875613
v -0.733741 0.884477 -0.925132
v -0.355642 0.907736 -0.925132
v -0.630138 0.894867 -0.925132
v 0.000000 0.910584 -0.925132
v 0.355642 0.907736 -0.925132
v 0.733741 0.884477 -0.925132
v 0.630138 0.894867 -0.925132
v -0.726504 0.871908 -1.002261
v -0.355642 0.900669 -1.002261
v -0.630138 0.884156 -1.002261
v 0.000000 0.904300 -1.002261
v 0.355642 0.900669 -1.002261
v 0.726504 0.871908 -1.002261
v 0.630138 0.884156 -1.002261
v -0.717385 0.856071 -1.099447
v -0.355642 0.891704 -1.099447
v -0.630138 0.870252 -1.099447
v 0.000000 0.896380 -1.099447
v 0.355642 0.891704 -1.099447
v 0.717385 0.856071 -1.099447
v 0.630138 0.870252 -1.099447
v -0.707277 0.838514 -1.207180
v -0.355642 0.881682 -1.207180
v -0.630138 0.854262 -1.207180
v 0.000000 0.887603 -1.207180
v 0.355642 0.881682 -1.207180
v 0.707277 0.838514 -1.207180
v 0.630138 0.854262 -1.207180
v -0.630138 0.833737 -1.314912
v -0.705715 0.818529 -1.314912
v -0.355642 0.860838 -1.314912
v 0.000000 0.866681 -1.314912
v 0.355642 0.860838 -1.314912
v 0.630138 0.833737 -1.314912
v -0.630138 0.815228 -1.412099
v -0.704308 0.800500 -1.412099
v -0.355642 0.842035 -1.412099
v 0.000000 0.847807 -1.412099
v 0.355642 0.842035 -1.412099
v 0.705715 0.818529 -1.314912
v 0.630138 0.815228 -1.412099
v -0.630138 0.800542 -1.489227
v -0.703190 0.786192 -1.489227
v -0.355642 0.827113 -1.489227
v 0.000000 0.832829 -1.489227
v 0.355642 0.827113 -1.489227
v 0.704308 0.800500 -1.412099
v 0.630138 0.800542 -1.489227
v -0.630138 0.791115 -1.538746
v -0.702471 0.777006 -1.538746
v -0.355642 0.817534 -1.538746
v 0.000000 0.823211 -1.538746
v 0.355642 0.817534 -1.538746
v 0.703190 0.786192 -1.489227
v 0.630138 0.791115 -1.538746
v -0.630138 0.788440 -1.552804
v -0.702268 0.774398 -1.552804
v -0.355642 0.814814 -1.552804
v 0.000000 0.820481 -1.552804
v 0.355642 0.814814 -1.552804
v 0.702471 0.777006 -1.538746
v 0.630138 0.788440 -1.552804
v -0.630138 0.787666 -1.555809
v -0.702144 0.773638 -1.555809
v -0.355642 0.814067 -1.555809
v 0.000000 0.819739 -1.555809
v 0.355642 0.814067 -1.555809
v 0.702268 0.774398 -1.552804
v 0.630138 0.787666 -1.555809
v -0.630138 0.744561 -1.723111
v -0.695255 0.731320 -1.723111
v -0.355642 0.772453 -1.723111
v 0.000000 0.778405 -1.723111
v 0.355642 0.772453 -1.723111
v 0.702144 0.773638 -1.555809
v 0.630138 0.744561 -1.723111
v -0.687671 0.723736 -1.776207
v -0.695255 0.731320 -1.723111
v -0.355642 0.757758 -1.776207
v -0.630138 0.733694 -1.776207
v 0.000000 0.762856 -1.776207
v 0.355642 0.757758 -1.776207
v 0.687671 0.723736 -1.776207
v 0.630138 0.733694 -1.776207
v -0.675219 0.711284 -1.863364
v 0.000000 0.737331 -1.863364
v -0.355642 0.733760 -1.863364
v 0.675219 0.711284 -1.863364
v 0.630138 0.716696 -1.863364
v -0.630138 0.716696 -1.863364
v -0.667205 0.683234 -1.908446
v 0.000000 0.717295 -1.908446
v -0.355642 0.712467 -1.908446
v 0.355642 0.733760 -1.863364
v 0.667205 0.683234 -1.908446
v 0.630138 0.689210 -1.908446
v -0.630138 0.644949 -1.951523
v -0.659190 0.638152 -1.951523
v 0.000000 0.686239 -1.951523
v -0.355642 0.679188 -1.951523
v 0.355642 0.712467 -1.908446
v 0.630138 0.644949 -1.951523
v -0.630138 0.644949 -1.951523
v -0.656185 0.638152 -1.968554
v -0.659190 0.638152 -1.951523
v 0.000000 0.679226 -1.968554
v -0.355642 0.673125 -1.968554
v 0.355642 0.679188 -1.951523
v 0.630138 0.644949 -1.951523
v 0.656185 0.638152 -1.968554
v 0.630138 0.643412 -1.968554
v -0.629136 0.905062 -0.858550
v -0.632141 0.912499 -0.801447
v -0.629136 0.912643 -0.801447
v -0.629136 0.902771 -0.875613
v -0.632141 0.904874 -0.858550
v -0.629136 0.905062 -0.858550
v -0.629136 0.896050 -0.925132
v -0.632141 0.902569 -0.875613
v -0.629136 0.902771 -0.875613
v -0.629136 0.885363 -1.002261
v -0.632141 0.895805 -0.925132
v -0.629136 0.896050 -0.925132
v -0.629136 0.871490 -1.099447
v -0.632141 0.885048 -1.002261
v -0.629136 0.885363 -1.002261
v -0.629136 0.855540 -1.207180
v -0.632141 0.871081 -1.099447
v -0.629136 0.871490 -1.099447
v -0.629136 0.835013 -1.314912
v -0.632141 0.855014 -1.207180
v -0.629136 0.855540 -1.207180
v -0.629136 0.816500 -1.412099
v -0.632141 0.834493 -1.314912
v -0.629136 0.835013 -1.314912
v -0.629136 0.801814 -1.489227
v -0.632141 0.815986 -1.412099
v -0.629136 0.816500 -1.412099
v -0.629136 0.792386 -1.538746
v -0.632141 0.801304 -1.489227
v -0.629136 0.801814 -1.489227
v -0.629136 0.789710 -1.552804
v -0.632141 0.791879 -1.538746
v -0.629136 0.792386 -1.538746
v -0.629136 0.788936 -1.555809
v -0.632141 0.789204 -1.552804
v -0.629136 0.789710 -1.552804
v -0.629136 0.745842 -1.723111
v -0.632141 0.788429 -1.555809
v -0.629136 0.788936 -1.555809
v -0.629136 0.734950 -1.776207
v -0.632141 0.745306 -1.723111
v -0.629136 0.745842 -1.723111
v 0.632141 0.912499 -0.801447
v 0.629136 0.905062 -0.858550
v 0.629136 0.912643 -0.801447
v 0.632141 0.904874 -0.858550
v 0.629136 0.902771 -0.875613
v 0.629136 0.905062 -0.858550
v 0.632141 0.902569 -0.875613
v 0.629136 0.896050 -0.925132
v 0.629136 0.902771 -0.875613
v 0.632141 0.895805 -0.925132
v 0.629136 0.885363 -1.002261
v 0.629136 0.896050 -0.925132
v 0.632141 0.885048 -1.002261
v 0.629136 0.871490 -1.099447
v 0.629136 0.885363 -1.002261
v 0.632141 0.871081 -1.099447
v 0.629136 0.855540 -1.207180
v 0.629136 0.871490 -1.099447
v 0.632141 0.855014 -1.207180
v 0.629136 0.835013 -1.314912
v 0.629136 0.855540 -1.207180
v 0.632141 0.834493 -1.314912
v 0.629136 0.816500 -1.412099
v 0.629136 0.835013 -1.314912
v 0.632141 0.815986 -1.412099
v 0.629136 0.801814 -1.489227
v 0.629136 0.816500 -1.412099
v 0.632141 0.801304 -1.489227
v 0.629136 0.792386 -1.538746
v 0.629136 0.801814 -1.489227
v 0.632141 0.791879 -1.538746
v 0.629136 0.789710 -1.552804
v 0.629136 0.792386 -1.538746
v 0.632141 0.789204 -1.552804
v 0.629136 0.788936 -1.555809
v 0.629136 0.789710 -1.552804
v 0.632141 0.788429 -1.555809
v 0.629136 0.745842 -1.723111
v 0.629136 0.788936 -1.555809
v 0.632141 0.745306 -1.723111
v 0.629136 0.734950 -1.776207
v 0.629136 0.745842 -1.723111
v -0.741444 0.930680 -0.705273
v -0.745346 0.904633 -0.801447
v -0.747316 0.907639 -0.683234
v -0.720670 0.983776 -0.701266
v -0.740008 0.930680 -0.791429
v -0.723321 0.978767 -0.660192
v -0.614362 1.265284 -0.160289
v -0.621552 1.247252 -0.115208
v -0.604706 1.290330 -0.090163
v -0.613050 1.269292 -0.055099
v -0.600162 1.302351 -0.020036
v -0.610053 1.277306 0.005009
v -0.600447 1.305357 0.571031
v -0.619784 1.256268 0.599082
v -0.610230 1.280312 0.551997
v -0.753360 0.871574 0.711284
v -0.602587 1.300348 0.641158
v -0.753221 0.898622 0.655183
v -0.753186 0.870572 0.641158
v -0.753142 0.886601 0.623125
v -0.737405 0.941249 -0.658031
v -0.747316 0.907639 -0.683234
v -0.742895 0.919706 -0.637423
v -0.723321 0.978767 -0.660192
v -0.741444 0.930680 -0.705273
v -0.720461 0.986210 -0.615879
v -0.621552 1.247252 -0.115208
v -0.625306 1.237244 -0.106320
v -0.613050 1.269292 -0.055099
v -0.617357 1.257850 -0.050117
v -0.610053 1.277306 0.005009
v -0.614720 1.268154 0.517516
v -0.614556 1.265344 0.006084
v -0.623653 1.245674 0.561542
v -0.610230 1.280312 0.551997
v -0.748417 0.911274 0.613997
v -0.619784 1.256268 0.599082
v -0.753142 0.886601 0.623125
v -0.753221 0.898622 0.655183
v -0.748343 0.900034 0.584021
v -0.739389 0.919706 -0.637423
v -0.737405 0.941249 -0.658031
v -0.742895 0.919706 -0.637423
v -0.720461 0.986210 -0.615879
v -0.733899 0.941249 -0.658031
v -0.737405 0.941249 -0.658031
v -0.625306 1.237244 -0.106320
v -0.716954 0.986210 -0.615879
v -0.617357 1.257850 -0.050117
v -0.621800 1.237244 -0.106320
v -0.614556 1.265344 0.006084
v -0.613850 1.257850 -0.050117
v -0.611214 1.268154 0.517516
v -0.611049 1.265344 0.006084
v -0.614720 1.268154 0.517516
v -0.620147 1.245674 0.561542
v -0.623653 1.245674 0.561542
v -0.744911 0.911274 0.613997
v -0.620147 1.245674 0.561542
v -0.744911 0.911274 0.613997
v -0.748343 0.900034 0.584021
v -0.748417 0.911274 0.613997
v -0.744837 0.900034 0.584021
v -0.742895 0.919706 -0.637423
v -0.682818 1.093274 0.021539
v -0.733899 0.941249 -0.658031
v -0.739389 0.919706 -0.637423
v -0.716954 0.986210 -0.615879
v -0.621800 1.237244 -0.106320
v -0.613850 1.257850 -0.050117
v -0.611049 1.265344 0.006084
v -0.611214 1.268154 0.517516
v -0.620147 1.245674 0.561542
v -0.744911 0.911274 0.613997
v -0.744837 0.900034 0.584021
v -0.619664 1.257270 0.709281
v -0.752901 0.900626 0.760373
v -0.600439 1.304355 0.791429
v -0.622627 1.244246 0.941700
v -0.613527 1.271295 0.779407
v -0.651050 1.166105 1.182134
v -0.606711 1.284319 0.961736
v -0.715733 0.987783 1.750160
v -0.638674 1.197161 1.202170
v -0.724438 0.960735 1.795241
v -0.705045 1.010825 1.793238
v -0.731869 0.918659 1.863364
v -0.704777 0.953652 1.963545
v -0.743202 0.918659 1.714095
v -0.731869 0.918659 1.863364
v -0.623611 1.246289 0.741441
v -0.752901 0.900626 0.760373
v -0.748188 0.912827 0.789212
v -0.613527 1.271295 0.779407
v -0.619664 1.257270 0.709281
v -0.617874 1.259403 0.807009
v -0.622627 1.244246 0.941700
v -0.626382 1.234112 0.958753
v -0.651050 1.166105 1.182134
v -0.713436 0.994319 1.714663
v -0.652958 1.161050 1.183559
v -0.721575 0.969029 1.756814
v -0.715733 0.987783 1.750160
v -0.743202 0.918659 1.714095
v -0.724438 0.960735 1.795241
v -0.739119 0.929688 1.680942
v -0.744683 0.912827 0.789212
v -0.623611 1.246289 0.741441
v -0.748188 0.912827 0.789212
v -0.617874 1.259403 0.807009
v -0.620105 1.246289 0.741441
v -0.623611 1.246289 0.741441
v -0.622876 1.234112 0.958753
v -0.614367 1.259403 0.807009
v -0.626382 1.234112 0.958753
v -0.649452 1.161050 1.183559
v -0.652958 1.161050 1.183559
v -0.709930 0.994319 1.714663
v -0.713436 0.994319 1.714663
v -0.718068 0.969029 1.756814
v -0.735613 0.929688 1.680942
v -0.721575 0.969029 1.756814
v -0.718068 0.969029 1.756814
v -0.744683 0.912827 0.789212
v -0.739119 0.929688 1.680942
v -0.683900 1.088340 1.204049
v -0.620105 1.246289 0.741441
v -0.744683 0.912827 0.789212
v -0.614367 1.259403 0.807009
v -0.622876 1.234112 0.958753
v -0.649452 1.161050 1.183559
v -0.709930 0.994319 1.714663
v -0.718068 0.969029 1.756814
v -0.735613 0.929688 1.680942
v -0.699262 0.916655 2.073744
v -0.721211 0.892976 2.038681
v -0.699262 0.886601 2.073744
v -0.701018 0.928426 2.038681
v -0.725310 0.906637 1.963545
v -0.731869 0.918659 1.863364
v -0.704777 0.953652 1.963545
v -0.742007 0.915792 1.793238
v -0.735328 0.901071 1.863364
v -0.743342 0.915383 1.783220
v -0.742340 0.897176 1.793238
v -0.745309 0.906785 1.572840
v -0.743342 0.896619 1.783220
v -0.745467 0.906089 1.555809
v -0.747349 0.888604 1.572840
v -0.745627 0.905392 1.538746
v -0.747442 0.888044 1.555809
v -0.746090 0.903368 1.489227
v -0.747536 0.887483 1.538746
v -0.746810 0.900215 1.412099
v -0.747807 0.885855 1.489227
v -0.747719 0.896243 1.314912
v -0.748230 0.883320 1.412099
v -0.748726 0.891840 1.207180
v -0.748763 0.880125 1.314912
v -0.749733 0.887437 1.099447
v -0.749353 0.876583 1.207180
v -0.750641 0.883466 1.002261
v -0.750261 0.875902 1.099447
v -0.751362 0.880313 0.925132
v -0.751079 0.875288 1.002261
v -0.751824 0.878290 0.875613
v -0.751728 0.874801 0.925132
v -0.751984 0.877592 0.858550
v -0.752145 0.874489 0.875613
v -0.753360 0.873577 0.731320
v -0.752289 0.874381 0.858550
v -0.753322 0.873577 0.711284
v -0.753173 0.872392 0.731320
v -0.753360 0.873577 0.731320
v -0.753360 0.871574 0.711284
v -0.752358 0.873577 0.200362
v -0.753322 0.873577 0.711284
v -0.752094 0.880980 0.200362
v -0.750355 0.889606 -0.500904
v -0.750355 0.897537 -0.500904
v -0.745679 0.903631 -0.781411
v -0.745679 0.904160 -0.781411
v -0.745346 0.904633 -0.801447
v -0.811465 0.932684 -0.480868
v -0.749353 0.911646 -0.561013
v -0.811465 0.896619 -0.480868
v -0.743342 0.897621 -0.490886
v -0.821483 0.897621 -0.457827
v -0.821483 0.897621 -0.490886
v -0.743342 0.930680 -0.457827
v -0.821483 0.930680 -0.490886
v -0.821483 0.930680 -0.457827
v -0.821483 0.930680 -0.490886
v -0.821483 0.897621 -0.457827
v -0.821483 0.930680 -0.457827
v -0.743342 0.897621 -0.490886
v -0.743342 0.930680 -0.457827
v -0.743342 0.897621 -0.457827
v -0.743342 0.897621 -0.457827
v -0.821483 0.930680 -0.457827
v -0.821483 0.897621 -0.457827
v -0.743342 0.930680 -0.490886
v -0.821483 0.897621 -0.490886
v -0.821483 0.930680 -0.490886
v -0.961736 0.884597 -0.449812
v -0.793433 0.897621 -0.439794
v -0.961736 0.897621 -0.439794
v -0.961736 0.884597 -0.514930
v -0.793433 0.884597 -0.449812
v -0.961736 0.884597 -0.449812
v -0.961736 0.898622 -0.533964
v -0.793433 0.884597 -0.514930
v -0.961736 0.884597 -0.514930
v -0.961736 0.997802 -0.535968
v -0.793433 0.898622 -0.533964
v -0.961736 0.898622 -0.533964
v -0.961736 1.011827 -0.524948
v -0.793433 0.997802 -0.535968
v -0.961736 0.997802 -0.535968
v -0.961736 1.012829 -0.453819
v -0.793433 1.011827 -0.524948
v -0.961736 1.011827 -0.524948
v -0.961736 0.998803 -0.438792
v -0.793433 1.012829 -0.453819
v -0.961736 1.012829 -0.453819
v -0.961736 0.897621 -0.439794
v -0.793433 0.998803 -0.438792
v -0.961736 0.998803 -0.438792
v -0.793433 0.998803 -0.438792
v -0.793433 0.997802 -0.535968
v -0.793433 1.012829 -0.453819
v -0.961736 0.884597 -0.514930
v -0.961736 0.884597 -0.449812
v -0.961736 0.897621 -0.439794
v -0.943704 0.997802 -0.437790
v -0.807458 0.903631 -0.437790
v -0.807458 0.997802 -0.437790
v 0.745346 0.904633 -0.801447
v 0.741444 0.930680 -0.705273
v 0.747316 0.907639 -0.683234
v 0.720670 0.983776 -0.701266
v 0.740008 0.930680 -0.791429
v 0.614362 1.265284 -0.160289
v 0.723321 0.978767 -0.660192
v 0.604706 1.290330 -0.090163
v 0.621552 1.247252 -0.115208
v 0.600162 1.302351 -0.020036
v 0.613050 1.269292 -0.055099
v 0.600447 1.305357 0.571031
v 0.610053 1.277306 0.005009
v 0.619784 1.256268 0.599082
v 0.610230 1.280312 0.551997
v 0.753360 0.871574 0.711284
v 0.602587 1.300348 0.641158
v 0.753186 0.870572 0.641158
v 0.753221 0.898622 0.655183
v 0.753142 0.886601 0.623125
v 0.747316 0.907639 -0.683234
v 0.737405 0.941249 -0.658031
v 0.742895 0.919706 -0.637423
v 0.723321 0.978767 -0.660192
v 0.741444 0.930680 -0.705273
v 0.621552 1.247252 -0.115208
v 0.720461 0.986210 -0.615879
v 0.613050 1.269292 -0.055099
v 0.625306 1.237244 -0.106320
v 0.610053 1.277306 0.005009
v 0.617357 1.257850 -0.050117
v 0.614720 1.268154 0.517516
v 0.614556 1.265344 0.006084
v 0.610230 1.280312 0.551997
v 0.623653 1.245674 0.561542
v 0.619784 1.256268 0.599082
v 0.748417 0.911274 0.613997
v 0.753142 0.886601 0.623125
v 0.753221 0.898622 0.655183
v 0.748343 0.900034 0.584021
v 0.737405 0.941249 -0.658031
v 0.739389 0.919706 -0.637423
v 0.742895 0.919706 -0.637423
v 0.733899 0.941249 -0.658031
v 0.720461 0.986210 -0.615879
v 0.737405 0.941249 -0.658031
v 0.716954 0.986210 -0.615879
v 0.625306 1.237244 -0.106320
v 0.621800 1.237244 -0.106320
v 0.617357 1.257850 -0.050117
v 0.613850 1.257850 -0.050117
v 0.614556 1.265344 0.006084
v 0.611214 1.268154 0.517516
v 0.611049 1.265344 0.006084
v 0.620147 1.245674 0.561542
v 0.614720 1.268154 0.517516
v 0.744911 0.911274 0.613997
v 0.623653 1.245674 0.561542
v 0.620147 1.245674 0.561542
v 0.748343 0.900034 0.584021
v 0.744911 0.911274 0.613997
v 0.748417 0.911274 0.613997
v 0.742895 0.919706 -0.637423
v 0.744837 0.900034 0.584021
v 0.739389 0.919706 -0.637423
v 0.733899 0.941249 -0.658031
v 0.682818 1.093274 0.021539
v 0.716954 0.986210 -0.615879
v 0.621800 1.237244 -0.106320
v 0.613850 1.257850 -0.050117
v 0.611049 1.265344 0.006084
v 0.611214 1.268154 0.517516
v 0.620147 1.245674 0.561542
v 0.744911 0.911274 0.613997
v 0.744837 0.900034 0.584021
v 0.619664 1.257270 0.709281
v 0.752901 0.900626 0.760373
v 0.600439 1.304355 0.791429
v 0.622627 1.244246 0.941700
v 0.613527 1.271295 0.779407
v 0.606711 1.284319 0.961736
v 0.651050 1.166105 1.182134
v 0.638674 1.197161 1.202170
v 0.715733 0.987783 1.750160
v 0.705045 1.010825 1.793238
v 0.724438 0.960735 1.795241
v 0.731869 0.918659 1.863364
v 0.704777 0.953652 1.963545
v 0.743202 0.918659 1.714095
v 0.752901 0.900626 0.760373
v 0.623611 1.246289 0.741441
v 0.748188 0.912827 0.789212
v 0.613527 1.271295 0.779407
v 0.619664 1.257270 0.709281
v 0.622627 1.244246 0.941700
v 0.617874 1.259403 0.807009
v 0.651050 1.166105 1.182134
v 0.626382 1.234112 0.958753
v 0.713436 0.994319 1.714663
v 0.652958 1.161050 1.183559
v 0.715733 0.987783 1.750160
v 0.721575 0.969029 1.756814
v 0.743202 0.918659 1.714095
v 0.724438 0.960735 1.795241
v 0.739119 0.929688 1.680942
v 0.623611 1.246289 0.741441
v 0.744683 0.912827 0.789212
v 0.748188 0.912827 0.789212
v 0.620105 1.246289 0.741441
v 0.617874 1.259403 0.807009
v 0.623611 1.246289 0.741441
v 0.622876 1.234112 0.958753
v 0.614367 1.259403 0.807009
v 0.649452 1.161050 1.183559
v 0.626382 1.234112 0.958753
v 0.709930 0.994319 1.714663
v 0.652958 1.161050 1.183559
v 0.718068 0.969029 1.756814
v 0.713436 0.994319 1.714663
v 0.721575 0.969029 1.756814
v 0.735613 0.929688 1.680942
v 0.718068 0.969029 1.756814
v 0.739119 0.929688 1.680942
v 0.744683 0.912827 0.789212
v 0.744683 0.912827 0.789212
v 0.620105 1.246289 0.741441
v 0.683900 1.088340 1.204049
v 0.614367 1.259403 0.807009
v 0.622876 1.234112 0.958753
v 0.649452 1.161050 1.183559
v 0.709930 0.994319 1.714663
v 0.718068 0.969029 1.756814
v 0.735613 0.929688 1.680942
v 0.721211 0.892976 2.038681
v 0.699262 0.916655 2.073744
v 0.699262 0.886601 2.073744
v 0.725310 0.906637 1.963545
v 0.701018 0.928426 2.038681
v 0.731869 0.918659 1.863364
v 0.704777 0.953652 1.963545
v 0.735328 0.901071 1.863364
v 0.742007 0.915792 1.793238
v 0.731869 0.918659 1.863364
v 0.742340 0.897176 1.793238
v 0.743342 0.915383 1.783220
v 0.743342 0.896619 1.783220
v 0.745309 0.906785 1.572840
v 0.747349 0.888604 1.572840
v 0.745467 0.906089 1.555809
v 0.747442 0.888044 1.555809
v 0.745627 0.905392 1.538746
v 0.747536 0.887483 1.538746
v 0.746090 0.903368 1.489227
v 0.747807 0.885855 1.489227
v 0.746810 0.900215 1.412099
v 0.748230 0.883320 1.412099
v 0.747719 0.896243 1.314912
v 0.748763 0.880125 1.314912
v 0.748726 0.891840 1.207180
v 0.749353 0.876583 1.207180
v 0.749733 0.887437 1.099447
v 0.750261 0.875902 1.099447
v 0.750641 0.883466 1.002261
v 0.751079 0.875288 1.002261
v 0.751362 0.880313 0.925132
v 0.751728 0.874801 0.925132
v 0.751824 0.878290 0.875613
v 0.752145 0.874489 0.875613
v 0.751984 0.877592 0.858550
v 0.752289 0.874381 0.858550
v 0.753173 0.872392 0.731320
v 0.753173 0.872392 0.731320
v 0.753322 0.873577 0.711284
v 0.753360 0.873577 0.731320
v 0.753322 0.873577 0.711284
v 0.752094 0.880980 0.200362
v 0.753360 0.871574 0.711284
v 0.750355 0.889606 -0.500904
v 0.752358 0.873577 0.200362
v 0.745679 0.903631 -0.781411
v 0.750355 0.897537 -0.500904
v 0.745346 0.904633 -0.801447
v 0.745679 0.904160 -0.781411
v 0.749353 0.911646 -0.561013
v 0.811465 0.932684 -0.480868
v 0.811465 0.896619 -0.480868
v 0.821483 0.897621 -0.490886
v 0.743342 0.897621 -0.457827
v 0.743342 0.897621 -0.490886
v 0.821483 0.930680 -0.457827
v 0.743342 0.930680 -0.490886
v 0.743342 0.930680 -0.457827
v 0.743342 0.930680 -0.490886
v 0.743342 0.897621 -0.457827
v 0.743342 0.930680 -0.457827
v 0.821483 0.897621 -0.490886
v 0.821483 0.930680 -0.457827
v 0.821483 0.897621 -0.457827
v 0.821483 0.897621 -0.457827
v 0.743342 0.930680 -0.457827
v 0.743342 0.897621 -0.457827
v 0.821483 0.930680 -0.490886
v 0.743342 0.897621 -0.490886
v 0.743342 0.930680 -0.490886
v 0.793433 0.884597 -0.449812
v 0.961736 0.897621 -0.439794
v 0.793433 0.897621 -0.439794
v 0.793433 0.884597 -0.514930
v 0.961736 0.884597 -0.449812
v 0.793433 0.884597 -0.449812
v 0.793433 0.898622 -0.533964
v 0.961736 0.884597 -0.514930
v 0.793433 0.884597 -0.514930
v 0.793433 0.997802 -0.535968
v 0.961736 0.898622 -0.533964
v 0.793433 0.898622 -0.533964
v 0.793433 1.011827 -0.524948
v 0.961736 0.997802 -0.535968
v 0.793433 0.997802 -0.535968
v 0.793433 1.012829 -0.453819
v 0.961736 1.011827 -0.524948
v 0.793433 1.011827 -0.524948
v 0.793433 0.998803 -0.438792
v 0.961736 1.012829 -0.453819
v 0.793433 1.012829 -0.453819
v 0.793433 0.897621 -0.439794
v 0.961736 0.998803 -0.438792
v 0.793433 0.998803 -0.438792
v 0.793433 0.884597 -0.514930
v 0.793433 0.884597 -0.449812
v 0.793433 0.897621 -0.439794
v 0.961736 0.998803 -0.438792
v 0.961736 0.997802 -0.535968
v 0.961736 1.012829 -0.453819
v 0.943704 0.903631 -0.437790
v 0.807458 0.997802 -0.437790
v 0.807458 0.903631 -0.437790
v -0.570309 1.287467 0.961736
v -0.600439 1.304355 0.791429
v -0.606711 1.284319 0.961736
v -0.424698 1.298114 0.961736
v -0.564413 1.307960 0.791429
v 0.000000 1.311368 0.961736
v -0.420307 1.320154 0.791429
v 0.420307 1.320154 0.791429
v 0.000000 1.335334 0.791429
v 0.424698 1.298114 0.961736
v 0.564413 1.307960 0.791429
v 0.570309 1.287467 0.961736
v 0.600439 1.304355 0.791429
v -0.566432 1.304357 0.641158
v -0.602587 1.300348 0.641158
v -0.421811 1.317915 0.641158
v 0.000000 1.334795 0.641158
v 0.421811 1.317915 0.641158
v 0.566432 1.304357 0.641158
v -0.600447 1.305357 0.571031
v -0.564420 1.309554 0.571031
v -0.420313 1.323750 0.571031
v 0.420313 1.323750 0.571031
v 0.000000 1.341422 0.571031
v 0.564420 1.309554 0.571031
v 0.600447 1.305357 0.571031
v -0.564152 1.305616 -0.020036
v -0.600162 1.302351 -0.020036
v -0.420113 1.316657 -0.020036
v 0.000000 1.330402 -0.020036
v 0.420113 1.316657 -0.020036
v 0.564152 1.305616 -0.020036
v -0.568423 1.293712 -0.090163
v -0.604706 1.290330 -0.090163
v -0.423294 1.305146 -0.090163
v 0.000000 1.319382 -0.090163
v 0.423294 1.305146 -0.090163
v 0.600162 1.302351 -0.020036
v 0.568423 1.293712 -0.090163
v -0.577501 1.268783 -0.160289
v -0.614362 1.265284 -0.160289
v -0.430053 1.280612 -0.160289
v 0.000000 1.295339 -0.160289
v 0.430053 1.280612 -0.160289
v 0.604706 1.290330 -0.090163
v 0.577501 1.268783 -0.160289
v -0.614362 1.265284 -0.160289
v -0.584347 1.249400 -0.197356
v -0.621646 1.245996 -0.197356
v -0.577501 1.268783 -0.160289
v -0.435153 1.260910 -0.197356
v -0.430053 1.280612 -0.160289
v 0.000000 1.275239 -0.197356
v 0.430053 1.280612 -0.160289
v 0.000000 1.295339 -0.160289
v 0.577501 1.268783 -0.160289
v 0.435153 1.260910 -0.197356
v 0.614362 1.265284 -0.160289
v 0.584347 1.249400 -0.197356
v -0.677430 0.985897 -0.701266
v -0.720670 0.983776 -0.701266
v -0.584347 1.249400 -0.197356
v -0.504469 0.993069 -0.701266
v -0.677430 0.985897 -0.701266
v -0.435153 1.260910 -0.197356
v 0.000000 1.001997 -0.701266
v 0.435153 1.260910 -0.197356
v 0.000000 1.275239 -0.197356
v 0.584347 1.249400 -0.197356
v 0.504469 0.993069 -0.701266
v 0.621646 1.245996 -0.197356
v 0.677430 0.985897 -0.701266
v -0.688538 0.953309 -0.756366
v -0.732487 0.951329 -0.756366
v -0.512742 0.960006 -0.756366
v -0.688538 0.953309 -0.756366
v 0.000000 0.968344 -0.756366
v 0.677430 0.985897 -0.701266
v 0.512742 0.960006 -0.756366
v 0.720670 0.983776 -0.701266
v 0.688538 0.953309 -0.756366
v -0.695607 0.932572 -0.791429
v -0.740008 0.930680 -0.791429
v -0.518005 0.938967 -0.791429
v -0.695607 0.932572 -0.791429
v 0.000000 0.946929 -0.791429
v 0.688538 0.953309 -0.756366
v 0.518005 0.938967 -0.791429
v 0.732487 0.951329 -0.756366
v 0.695607 0.932572 -0.791429
v -0.700625 0.906499 -0.801447
v -0.745346 0.904633 -0.801447
v -0.521742 0.912808 -0.801447
v -0.518005 0.938967 -0.791429
v 0.000000 0.920662 -0.801447
v 0.518005 0.938967 -0.791429
v 0.000000 0.946929 -0.791429
v 0.521742 0.912808 -0.801447
v 0.740008 0.930680 -0.791429
v 0.700625 0.906499 -0.801447
v -0.575566 1.272179 1.003812
v -0.606711 1.284319 0.961736
v -0.612304 1.269066 1.003812
v -0.428614 1.282706 1.003812
v -0.570309 1.287467 0.961736
v 0.000000 1.295811 1.003812
v -0.424698 1.298114 0.961736
v 0.424698 1.298114 0.961736
v 0.000000 1.311368 0.961736
v 0.428614 1.282706 1.003812
v 0.570309 1.287467 0.961736
v 0.575566 1.272179 1.003812
v 0.606711 1.284319 0.961736
v -0.600353 1.200108 1.202170
v -0.638674 1.197161 1.202170
v -0.447071 1.210070 1.202170
v -0.575566 1.272179 1.003812
v -0.600353 1.200108 1.202170
v 0.000000 1.222472 1.202170
v -0.428614 1.282706 1.003812
v 0.428614 1.282706 1.003812
v 0.000000 1.295811 1.003812
v 0.447071 1.210070 1.202170
v 0.575566 1.272179 1.003812
v 0.600353 1.200108 1.202170
v 0.612304 1.269066 1.003812
v -0.657984 1.025262 1.748156
v -0.699983 1.025037 1.748156
v -0.489988 1.026021 1.748156
v -0.657984 1.025262 1.748156
v 0.000000 1.026967 1.748156
v 0.489988 1.026021 1.748156
v 0.600353 1.200108 1.202170
v 0.657984 1.025262 1.748156
v 0.638674 1.197161 1.202170
v -0.662742 1.010825 1.793238
v -0.705045 1.010825 1.793238
v -0.493531 1.010825 1.793238
v 0.000000 1.010825 1.793238
v -0.489988 1.026021 1.748156
v 0.489988 1.026021 1.748156
v 0.000000 1.026967 1.748156
v 0.493531 1.010825 1.793238
v 0.662742 1.010825 1.793238
v 0.699983 1.025037 1.748156
v -0.630138 0.734695 -1.776207
v -0.492890 0.728992 -1.863364
v -0.630138 0.717698 -1.863364
v -0.492890 0.750601 -1.776207
v -0.355642 0.734762 -1.863364
v -0.630138 0.717698 -1.863364
v -0.492890 0.705619 -1.908446
v -0.630138 0.690212 -1.908446
v -0.492890 0.728992 -1.863364
v -0.355642 0.713469 -1.908446
v -0.492890 0.668654 -1.951523
v -0.630138 0.645951 -1.951523
v -0.355642 0.680190 -1.951523
v -0.620911 0.514877 -1.734739
v -0.630826 0.730524 -1.764954
v -0.630138 0.717698 -1.863364
v -0.355642 0.680190 -1.951523
v -0.355642 0.713469 -1.908446
v -0.355885 0.662921 -1.936536
v -0.356330 0.754587 -1.764954
v -0.355642 0.758760 -1.776207
v -0.492890 0.750601 -1.776207
v -0.630138 0.645951 -1.951523
v -0.490144 0.639339 -1.964364
v -0.627392 0.616636 -1.964364
v -0.355642 0.680190 -1.951523
v -0.490144 0.639339 -1.964364
v -0.492890 0.668654 -1.951523
v -0.627392 0.616636 -1.964364
v -0.488022 0.609120 -1.969016
v -0.625270 0.586417 -1.969016
v -0.490144 0.639339 -1.964364
v -0.350774 0.620656 -1.969016
v -0.488022 0.609120 -1.969016
v -0.625270 0.586417 -1.969016
v -0.488645 0.608214 -1.960828
v -0.625893 0.585511 -1.960828
v -0.488022 0.609120 -1.969016
v -0.351397 0.619750 -1.960828
v -0.488645 0.608214 -1.960828
v -0.488645 0.608214 -1.960828
v -0.630380 0.628682 -1.936536
v -0.625893 0.585511 -1.960828
v -0.488645 0.608214 -1.960828
v -0.355885 0.662921 -1.936536
v -0.493132 0.651385 -1.936536
v -0.493132 0.651385 -1.936536
v -0.347793 0.530589 -1.712212
v -0.620911 0.514877 -1.734739
v -0.574824 0.609045 -1.901417
v -0.382871 0.541257 -1.752139
v -0.581230 0.529846 -1.768500
v -0.347793 0.530589 -1.712212
v -0.630826 0.730524 -1.764954
v -0.620911 0.514877 -1.734739
v -0.630138 0.734695 -1.776207
v -0.355642 0.603480 -1.776207
v -0.630138 0.579415 -1.776207
v -0.355642 0.674127 -1.968554
v -0.355642 0.603480 -1.776207
v -0.355642 0.758760 -1.776207
v -0.630138 0.644413 -1.968554
v -0.355642 0.518847 -1.968554
v -0.355642 0.674127 -1.968554
v -0.630138 0.644413 -1.968554
v -0.630138 0.579415 -1.776207
v -0.630138 0.489133 -1.968554
v -0.630138 0.579415 -1.776207
v -0.355642 0.518847 -1.968554
v -0.630138 0.489133 -1.968554
v 0.492890 0.750601 -1.776207
v 0.355642 0.734762 -1.863364
v 0.355642 0.758760 -1.776207
v 0.630138 0.734695 -1.776207
v 0.492890 0.728992 -1.863364
v 0.492890 0.750601 -1.776207
v 0.492890 0.728992 -1.863364
v 0.355642 0.713469 -1.908446
v 0.630138 0.717698 -1.863364
v 0.492890 0.705619 -1.908446
v 0.355642 0.680190 -1.951523
v 0.355642 0.713469 -1.908446
v 0.630138 0.690212 -1.908446
v 0.492890 0.668654 -1.951523
v 0.492890 0.705619 -1.908446
v 0.347793 0.530589 -1.712212
v 0.356330 0.754587 -1.764954
v 0.355642 0.734762 -1.863364
v 0.630138 0.645950 -1.951523
v 0.630138 0.690212 -1.908446
v 0.630380 0.628682 -1.936536
v 0.630826 0.730524 -1.764954
v 0.630138 0.734695 -1.776207
v 0.492890 0.750601 -1.776207
v 0.355642 0.680190 -1.951523
v 0.490144 0.639339 -1.964364
v 0.352896 0.650876 -1.964364
v 0.630138 0.645950 -1.951523
v 0.490144 0.639339 -1.964364
v 0.492890 0.668654 -1.951523
v 0.490144 0.639339 -1.964364
v 0.350774 0.620656 -1.969016
v 0.352896 0.650876 -1.964364
v 0.627392 0.616636 -1.964364
v 0.488022 0.609120 -1.969016
v 0.490144 0.639339 -1.964364
v 0.488022 0.609120 -1.969016
v 0.351397 0.619750 -1.960828
v 0.350774 0.620656 -1.969016
v 0.625270 0.586417 -1.969016
v 0.488645 0.608214 -1.960828
v 0.488022 0.609120 -1.969016
v 0.488645 0.608214 -1.960828
v 0.355885 0.662921 -1.936536
v 0.351397 0.619750 -1.960828
v 0.488645 0.608214 -1.960828
v 0.630380 0.628682 -1.936536
v 0.493132 0.651385 -1.936536
v 0.493132 0.651385 -1.936536
v 0.620911 0.514877 -1.734739
v 0.347793 0.530589 -1.712212
v 0.574824 0.609045 -1.901417
v 0.382871 0.541257 -1.752139
v 0.376465 0.620456 -1.885056
v 0.347793 0.530589 -1.712212
v 0.630826 0.730524 -1.764954
v 0.356330 0.754587 -1.764954
v 0.630138 0.734695 -1.776207
v 0.355642 0.603480 -1.776207
v 0.355642 0.758760 -1.776207
v 0.630138 0.644413 -1.968554
v 0.630138 0.579415 -1.776207
v 0.630138 0.734695 -1.776207
v 0.630138 0.644413 -1.968554
v 0.355642 0.518847 -1.968554
v 0.630138 0.489133 -1.968554
v 0.355642 0.674127 -1.968554
v 0.355642 0.603480 -1.776207
v 0.355642 0.518847 -1.968554
v 0.630138 0.579415 -1.776207
v 0.355642 0.518847 -1.968554
v 0.355642 0.603480 -1.776207
v -0.681054 0.619118 -1.968554
v -0.674167 0.592069 -1.968554
v -0.702258 0.592069 -1.968554
v -0.656185 0.638152 -1.968554
v -0.653811 0.619118 -1.968554
v -0.379219 0.592069 -1.968554
v -0.629937 0.643450 -1.968554
v -0.367769 0.619118 -1.968554
v 0.000000 0.592069 -1.968554
v -0.354340 0.673188 -1.968554
v 0.000000 0.619118 -1.968554
v 0.367769 0.619118 -1.968554
v 0.354340 0.673188 -1.968554
v 0.000000 0.679226 -1.968554
v 0.653811 0.619118 -1.968554
v 0.379219 0.592069 -1.968554
v 0.629937 0.643450 -1.968554
v 0.681054 0.619118 -1.968554
v 0.674167 0.592069 -1.968554
v 0.656185 0.638152 -1.968554
v 0.350633 0.632141 -1.970558
v -0.350633 0.626130 -1.970558
v -0.350633 0.632141 -1.970558
v 0.350633 0.657187 -1.970558
v -0.350633 0.651176 -1.970558
v -0.350633 0.657187 -1.970558
v -0.690975 0.270488 -1.555388
v -0.674598 0.296535 -1.511729
v -0.703322 0.296535 -1.553575
v -0.645836 0.296535 -1.782218
v -0.670721 0.270488 -1.519744
v -0.674598 0.296535 -1.511729
v -0.615331 0.296535 -1.881397
v -0.642124 0.270488 -1.790232
v -0.566523 0.296535 -1.902435
v -0.611795 0.270488 -1.889411
v -0.615331 0.296535 -1.881397
v -0.435787 0.296535 -1.914456
v -0.563267 0.270488 -1.910449
v 0.000000 0.296535 -1.916961
v -0.433282 0.270488 -1.922471
v 0.433282 0.270488 -1.922471
v 0.000000 0.270488 -1.924975
v 0.435787 0.296535 -1.914456
v 0.563267 0.270488 -1.910449
v 0.566523 0.296535 -1.902435
v 0.611795 0.270488 -1.889411
v 0.615331 0.296535 -1.881397
v 0.642124 0.270488 -1.790232
v 0.611795 0.270488 -1.889411
v 0.645836 0.296535 -1.782218
v 0.670721 0.270488 -1.519744
v 0.690975 0.270488 -1.555388
v 0.674598 0.296535 -1.511729
v 0.670721 0.270488 -1.519744
v -0.682352 0.340615 -1.526757
v -0.729076 0.340615 -1.547178
v -0.682352 0.340615 -1.526757
v -0.653259 0.340615 -1.797245
v -0.573035 0.340615 -1.917462
v -0.622404 0.340615 -1.896424
v -0.440796 0.340615 -1.929484
v 0.000000 0.340615 -1.931988
v 0.440796 0.340615 -1.929484
v 0.573035 0.340615 -1.917462
v 0.615331 0.296535 -1.881397
v 0.653259 0.340615 -1.797245
v 0.622404 0.340615 -1.896424
v 0.682352 0.340615 -1.526757
v 0.703322 0.296535 -1.553575
v 0.682352 0.340615 -1.526757
v -0.705614 0.413747 -1.578851
v -0.729076 0.340615 -1.547178
v -0.762829 0.413747 -1.526629
v -0.705614 0.413747 -1.578851
v -0.675530 0.413747 -1.849339
v -0.622404 0.340615 -1.896424
v -0.643622 0.413747 -1.948518
v -0.455823 0.413747 -1.981578
v -0.592570 0.413747 -1.969556
v 0.000000 0.413747 -1.984082
v 0.455823 0.413747 -1.981578
v 0.643622 0.413747 -1.948518
v 0.592570 0.413747 -1.969556
v 0.675530 0.413747 -1.849339
v 0.705614 0.413747 -1.578851
v 0.705614 0.413747 -1.578851
v 0.729076 0.340615 -1.547178
v 0.682352 0.340615 -1.526757
v -0.775400 0.490886 -1.612912
v -0.762829 0.413747 -1.526629
v -0.784381 0.490886 -1.488746
v -0.742340 0.490886 -1.883400
v -0.651176 0.490886 -2.003617
v -0.707277 0.490886 -1.982579
v -0.500904 0.490886 -2.015639
v 0.000000 0.490886 -2.018144
v 0.500904 0.490886 -2.015639
v 0.651176 0.490886 -2.003617
v 0.742340 0.490886 -1.883400
v 0.707277 0.490886 -1.982579
v 0.775400 0.490886 -1.612912
v 0.762829 0.413747 -1.526629
v -0.775400 0.561013 -1.606901
v -0.784381 0.490886 -1.488746
v -0.793975 0.561013 -1.433079
v -0.742340 0.561013 -1.877390
v -0.775400 0.490886 -1.612912
v -0.707277 0.561013 -1.976569
v -0.742340 0.490886 -1.883400
v -0.651176 0.561013 -1.997607
v -0.707277 0.490886 -1.982579
v -0.707277 0.561013 -1.976569
v 0.651176 0.561013 -1.997607
v 0.707277 0.490886 -1.982579
v 0.651176 0.490886 -2.003617
v 0.707277 0.561013 -1.976569
v 0.742340 0.490886 -1.883400
v 0.707277 0.490886 -1.982579
v 0.742340 0.561013 -1.877390
v 0.775400 0.490886 -1.612912
v 0.775400 0.561013 -1.606901
v 0.784381 0.490886 -1.488746
v -0.775400 0.575038 -1.610908
v -0.793975 0.561013 -1.433079
v -0.795641 0.575038 -1.418172
v -0.742340 0.561013 -1.877390
v -0.775400 0.561013 -1.606901
v -0.742340 0.575038 -1.881397
v -0.707277 0.561013 -1.976569
v -0.707277 0.575038 -1.980576
v -0.651176 0.561013 -1.997607
v -0.707277 0.561013 -1.976569
v -0.651176 0.575038 -2.001614
v -0.500904 0.561013 -2.009628
v -0.500904 0.575038 -2.013636
v 0.000000 0.561013 -2.012133
v 0.500904 0.575038 -2.013636
v 0.000000 0.575038 -2.016140
v 0.651176 0.575038 -2.001614
v 0.500904 0.561013 -2.009628
v 0.707277 0.575038 -1.980576
v 0.651176 0.561013 -1.997607
v 0.742340 0.575038 -1.881397
v 0.707277 0.561013 -1.976569
v 0.707277 0.575038 -1.980576
v 0.775400 0.575038 -1.610908
v 0.742340 0.561013 -1.877390
v 0.793975 0.561013 -1.433079
v 0.775400 0.561013 -1.606901
v -0.769972 0.592069 -1.608905
v -0.795871 0.592069 -1.397503
v -0.737144 0.592069 -1.879393
v -0.702326 0.592069 -1.978572
v -0.702326 0.592069 -1.978572
v -0.646617 0.592069 -1.999610
v -0.497398 0.592069 -2.011632
v 0.497398 0.592069 -2.011632
v 0.000000 0.592069 -2.014136
v 0.646617 0.592069 -1.999610
v 0.702326 0.592069 -1.978572
v 0.702326 0.592069 -1.978572
v 0.737144 0.592069 -1.879393
v 0.769972 0.592069 -1.608905
v 0.795641 0.575038 -1.418172
v -0.720745 0.335606 1.582858
v -0.748214 0.354640 1.543118
v -0.736867 0.335606 1.547385
v -0.695135 0.335606 1.793238
v -0.738902 0.354640 1.607903
v -0.664037 0.335606 1.987589
v -0.712647 0.354640 1.818283
v -0.594523 0.335606 2.032670
v -0.680765 0.354640 2.012634
v -0.468846 0.354640 2.074746
v -0.609500 0.354640 2.057715
v -0.457326 0.335606 2.049701
v 0.000000 0.354640 2.083762
v 0.457326 0.335606 2.049701
v 0.000000 0.335606 2.058717
v 0.594523 0.335606 2.032670
v 0.468846 0.354640 2.074746
v 0.680765 0.354640 2.012634
v 0.609500 0.354640 2.057715
v 0.664037 0.335606 1.987589
v 0.712647 0.354640 1.818283
v 0.695135 0.335606 1.793238
v 0.738902 0.354640 1.607903
v 0.720745 0.335606 1.582858
v 0.748214 0.354640 1.543118
v -0.766730 0.390705 1.532448
v -0.768900 0.390705 1.649979
v -0.741579 0.390705 1.860359
v -0.634245 0.390705 2.099791
v -0.708403 0.390705 2.054710
v -0.487881 0.390705 2.116822
v 0.000000 0.390705 2.125838
v 0.487881 0.390705 2.116822
v 0.634245 0.390705 2.099791
v 0.741579 0.390705 1.860359
v 0.708403 0.390705 2.054710
v 0.768900 0.390705 1.649979
v 0.766730 0.390705 1.532448
v -0.781564 0.440796 1.511395
v -0.785478 0.440796 1.693057
v -0.757568 0.440796 1.903437
v -0.723677 0.440796 2.097787
v -0.498400 0.440796 2.159900
v -0.647920 0.440796 2.142869
v 0.000000 0.440796 2.168916
v 0.498400 0.440796 2.159900
v 0.723677 0.440796 2.097787
v 0.647920 0.440796 2.142869
v 0.757568 0.440796 1.903437
v 0.723677 0.440796 2.097787
v 0.785478 0.440796 1.693057
v 0.781564 0.440796 1.511395
v -0.789425 0.505913 1.702073
v -0.796859 0.505913 1.470455
v -0.723677 0.440796 2.097787
v -0.761375 0.505913 1.912453
v -0.727313 0.505913 2.106804
v -0.500904 0.505913 2.168916
v -0.651176 0.505913 2.151885
v 0.000000 0.505913 2.177932
v 0.500904 0.505913 2.168916
v 0.727313 0.505913 2.106804
v 0.651176 0.505913 2.151885
v 0.761375 0.505913 1.912453
v 0.727313 0.505913 2.106804
v 0.789425 0.505913 1.702073
v -0.796859 0.505913 1.470455
v -0.783110 0.531960 1.688048
v -0.800315 0.531960 1.448261
v -0.789425 0.505913 1.702073
v -0.755284 0.531960 1.898428
v -0.761375 0.505913 1.912453
v -0.721495 0.531960 2.092778
v -0.727313 0.505913 2.106804
v -0.645966 0.531960 2.137860
v -0.500904 0.505913 2.168916
v -0.651176 0.505913 2.151885
v 0.000000 0.505913 2.177932
v -0.496897 0.531960 2.154891
v 0.496897 0.531960 2.154891
v 0.000000 0.531960 2.163907
v 0.500904 0.505913 2.168916
v 0.645966 0.531960 2.137860
v 0.727313 0.505913 2.106804
v 0.651176 0.505913 2.151885
v 0.761375 0.505913 1.912453
v 0.721495 0.531960 2.092778
v 0.727313 0.505913 2.106804
v 0.789425 0.505913 1.702073
v 0.755284 0.531960 1.898428
v 0.796859 0.505913 1.470455
v 0.783110 0.531960 1.688048
v -0.772847 0.547989 1.662001
v -0.802529 0.547989 1.432329
v -0.745386 0.547989 1.872381
v -0.712040 0.547989 2.066731
v -0.637501 0.547989 2.111813
v -0.490385 0.547989 2.128844
v 0.490385 0.547989 2.128844
v 0.000000 0.547989 2.137860
v 0.637501 0.547989 2.111813
v 0.712040 0.547989 2.066731
v 0.745386 0.547989 1.872381
v 0.800315 0.531960 1.448261
v 0.772847 0.547989 1.662001
v -0.802529 0.547989 1.432329
v -0.771269 0.559009 1.663003
v -0.804099 0.559009 1.420127
v -0.745386 0.547989 1.872381
v -0.772847 0.547989 1.662001
v -0.712040 0.547989 2.066731
v -0.743863 0.559009 1.873382
v -0.637501 0.547989 2.111813
v -0.710585 0.559009 2.067733
v -0.712040 0.547989 2.066731
v -0.490385 0.547989 2.128844
v -0.636199 0.559009 2.112815
v 0.000000 0.547989 2.137860
v -0.489384 0.559009 2.129845
v 0.489384 0.559009 2.129845
v 0.000000 0.559009 2.138862
v 0.490385 0.547989 2.128844
v 0.636199 0.559009 2.112815
v 0.637501 0.547989 2.111813
v 0.710585 0.559009 2.067733
v 0.712040 0.547989 2.066731
v 0.743863 0.559009 1.873382
v 0.710585 0.559009 2.067733
v 0.745386 0.547989 1.872381
v 0.771269 0.559009 1.663003
v 0.802529 0.547989 1.432329
v 0.772847 0.547989 1.662001
v -0.795871 0.592069 -1.397503
v -0.769972 0.592069 -1.608905
v -0.782452 0.592069 -1.608905
v -0.737892 0.592069 -1.879393
v -0.737892 0.592069 -1.879393
v -0.702326 0.592069 -1.978572
v -0.737144 0.592069 -1.879393
v -0.646617 0.592069 -1.968554
v -0.702326 0.592069 -1.978572
v -0.702258 0.592069 -1.968554
v -0.497398 0.592069 -1.968554
v -0.646617 0.592069 -1.999610
v 0.000000 0.592069 -1.968554
v -0.497398 0.592069 -2.011632
v 0.497398 0.592069 -2.011632
v 0.000000 0.592069 -2.014136
v 0.497398 0.592069 -1.968554
v 0.646617 0.592069 -1.999610
v 0.646617 0.592069 -1.968554
v 0.702326 0.592069 -1.978572
v 0.702258 0.592069 -1.968554
v 0.737144 0.592069 -1.879393
v 0.769972 0.592069 -1.608905
v 0.737892 0.592069 -1.879393
v 0.795871 0.592069 -1.397503
v 0.782452 0.592069 -1.608905
v 0.651176 0.490886 -1.977570
v -0.651176 0.490886 -2.018645
v -0.651176 0.490886 -1.977570
v 0.651176 0.490886 -1.977570
v 0.651176 0.561013 -2.012634
v 0.651176 0.490886 -2.018645
v -0.651176 0.561013 -1.977570
v 0.651176 0.561013 -2.012634
v 0.651176 0.561013 -1.977570
v -0.651176 0.490886 -1.977570
v -0.651176 0.561013 -2.012634
v -0.651176 0.561013 -1.977570
v 0.651176 0.561013 -1.977570
v -0.651176 0.490886 -1.977570
v -0.651176 0.561013 -1.977570
v -0.296535 0.552998 -1.997607
v -0.304550 0.492890 -1.997607
v -0.304550 0.552998 -1.997607
v -0.146264 0.552998 -1.997607
v -0.154279 0.492890 -1.997607
v -0.154279 0.552998 -1.997607
v 0.004007 0.552998 -1.997607
v -0.004007 0.492890 -1.997607
v -0.004007 0.552998 -1.997607
v 0.154279 0.552998 -1.997607
v 0.146264 0.492890 -1.997607
v 0.146264 0.552998 -1.997607
v 0.304550 0.552998 -1.997607
v 0.296535 0.492890 -1.997607
v 0.296535 0.552998 -1.997607
v 0.651176 0.524948 -1.997607
v -0.651176 0.519939 -1.997607
v -0.651176 0.524948 -1.997607
v -0.366662 0.490886 -2.013636
v -0.340615 0.561013 -2.013636
v -0.340615 0.490886 -2.013636
v -0.651176 0.490886 -2.013636
v -0.574036 0.561013 -2.013636
v -0.574036 0.490886 -2.013636
v -0.366662 0.500904 -2.013636
v -0.574036 0.555002 -2.013636
v -0.366662 0.561013 -2.013636
v -0.366662 0.555002 -2.013636
v 0.366662 0.561013 -2.013636
v 0.340615 0.490886 -2.013636
v 0.340615 0.561013 -2.013636
v 0.651176 0.561013 -2.013636
v 0.574036 0.490886 -2.013636
v 0.574036 0.561013 -2.013636
v 0.574036 0.500904 -2.013636
v 0.366662 0.490886 -2.013636
v 0.366662 0.500904 -2.013636
v 0.366662 0.555002 -2.013636
v -0.366662 0.555002 -2.012634
v -0.574036 0.500904 -2.012634
v -0.574036 0.555002 -2.012634
v 0.574036 0.555002 -2.012634
v 0.366662 0.500904 -2.012634
v 0.366662 0.555002 -2.012634
v -0.749741 0.636149 -1.758174
v -0.752659 0.612105 -1.776207
v -0.756158 0.612105 -1.758174
v -0.746097 0.636149 -1.776207
v -0.740785 0.652177 -1.758174
v -0.736942 0.652177 -1.776207
v -0.746097 0.636149 -1.776207
v -0.735610 0.612105 -1.863364
v -0.752659 0.612105 -1.776207
v -0.736942 0.652177 -1.776207
v -0.728226 0.636149 -1.863364
v -0.746097 0.636149 -1.776207
v -0.728226 0.636149 -1.863364
v -0.716613 0.612105 -1.908446
v -0.735610 0.612105 -1.863364
v -0.717921 0.652177 -1.863364
v -0.706393 0.636149 -1.908446
v -0.728226 0.636149 -1.863364
v -0.706393 0.636149 -1.908446
v -0.698374 0.612105 -1.933491
v -0.716613 0.612105 -1.908446
v -0.692370 0.652177 -1.908446
v -0.679634 0.636149 -1.933491
v -0.706393 0.636149 -1.908446
v -0.754663 0.612105 -1.776207
v -0.756158 0.612105 -1.758174
v -0.752659 0.612105 -1.776207
v -0.751743 0.636149 -1.758174
v -0.756158 0.612105 -1.758174
v -0.758162 0.612105 -1.758174
v -0.742789 0.652177 -1.758174
v -0.749741 0.636149 -1.758174
v -0.738945 0.652177 -1.776207
v -0.740785 0.652177 -1.758174
v -0.742789 0.652177 -1.758174
v -0.730229 0.636149 -1.863364
v -0.735610 0.612105 -1.863364
v -0.728226 0.636149 -1.863364
v -0.737614 0.612105 -1.863364
v -0.735610 0.612105 -1.863364
v -0.719925 0.652177 -1.863364
v -0.736942 0.652177 -1.776207
v -0.718616 0.612105 -1.908446
v -0.716613 0.612105 -1.908446
v -0.694374 0.652177 -1.908446
v -0.717921 0.652177 -1.863364
v -0.681638 0.636149 -1.933491
v -0.698374 0.612105 -1.933491
v -0.679634 0.636149 -1.933491
v -0.700378 0.612105 -1.933491
v -0.698374 0.612105 -1.933491
v -0.666977 0.652177 -1.933491
v -0.692370 0.652177 -1.908446
v -0.666977 0.652177 -1.933491
v -0.664974 0.652177 -1.933491
v 0.752659 0.612105 -1.776207
v 0.749741 0.636149 -1.758174
v 0.756158 0.612105 -1.758174
v 0.740785 0.652177 -1.758174
v 0.746097 0.636149 -1.776207
v 0.736942 0.652177 -1.776207
v 0.735610 0.612105 -1.863364
v 0.746097 0.636149 -1.776207
v 0.752659 0.612105 -1.776207
v 0.728226 0.636149 -1.863364
v 0.736942 0.652177 -1.776207
v 0.746097 0.636149 -1.776207
v 0.716613 0.612105 -1.908446
v 0.728226 0.636149 -1.863364
v 0.735610 0.612105 -1.863364
v 0.706393 0.636149 -1.908446
v 0.717921 0.652177 -1.863364
v 0.728226 0.636149 -1.863364
v 0.698374 0.612105 -1.933491
v 0.706393 0.636149 -1.908446
v 0.716613 0.612105 -1.908446
v 0.679634 0.636149 -1.933491
v 0.692370 0.652177 -1.908446
v 0.706393 0.636149 -1.908446
v 0.754663 0.612105 -1.776207
v 0.756158 0.612105 -1.758174
v 0.752659 0.612105 -1.776207
v 0.751743 0.636149 -1.758174
v 0.756158 0.612105 -1.758174
v 0.758162 0.612105 -1.758174
v 0.742789 0.652177 -1.758174
v 0.749741 0.636149 -1.758174
v 0.738945 0.652177 -1.776207
v 0.740785 0.652177 -1.758174
v 0.742789 0.652177 -1.758174
v 0.730229 0.636149 -1.863364
v 0.735610 0.612105 -1.863364
v 0.728226 0.636149 -1.863364
v 0.737614 0.612105 -1.863364
v 0.735610 0.612105 -1.863364
v 0.719925 0.652177 -1.863364
v 0.736942 0.652177 -1.776207
v 0.718616 0.612105 -1.908446
v 0.716613 0.612105 -1.908446
v 0.694374 0.652177 -1.908446
v 0.717921 0.652177 -1.863364
v 0.681638 0.636149 -1.933491
v 0.698374 0.612105 -1.933491
v 0.679634 0.636149 -1.933491
v 0.700378 0.612105 -1.933491
v 0.698374 0.612105 -1.933491
v 0.666977 0.652177 -1.933491
v 0.692370 0.652177 -1.908446
v 0.666977 0.652177 -1.933491
v 0.664974 0.652177 -1.933491
v 0.704778 0.953651 1.963545
v -0.705045 1.010825 1.793238
v -0.704778 0.953651 1.963545
v -0.699262 0.916655 2.073744
v 0.701266 0.796438 2.073744
v -0.699262 0.916655 2.074746
v -0.701266 0.796438 2.073744
v -0.784216 0.559009 1.783220
v -0.776959 0.571031 1.863364
v -0.785418 0.571031 1.783220
v -0.775757 0.559009 1.863364
v -0.766384 0.571031 1.963545
v -0.765182 0.559009 1.963545
v -0.749308 0.571031 2.038681
v -0.748106 0.559009 2.038681
v -0.701266 0.571031 2.073744
v -0.749308 0.571031 2.038681
v -0.270488 0.559009 2.073744
v -0.701266 0.571031 2.073744
v -0.701266 0.559009 2.073744
v -0.180326 0.559009 2.073744
v -0.270488 0.571031 2.073744
v 0.000000 0.559009 2.073744
v -0.180326 0.571031 2.073744
v 0.180326 0.559009 2.073744
v 0.000000 0.571031 2.073744
v 0.270488 0.559009 2.073744
v 0.180326 0.571031 2.073744
v 0.701266 0.559009 2.073744
v 0.270488 0.571031 2.073744
v 0.748106 0.559009 2.038681
v 0.701266 0.571031 2.073744
v 0.701266 0.559009 2.073744
v 0.765182 0.559009 1.963545
v 0.749308 0.571031 2.038681
v 0.775757 0.559009 1.863364
v 0.766384 0.571031 1.963545
v 0.784216 0.559009 1.783220
v 0.776959 0.571031 1.863364
v -0.785059 0.601085 1.783220
v -0.776613 0.601085 1.863364
v -0.766054 0.601085 1.963545
v -0.749062 0.601085 2.038681
v -0.701266 0.601085 2.073744
v -0.270488 0.601085 2.073744
v -0.180326 0.601085 2.073744
v 0.000000 0.601085 2.073744
v 0.180326 0.601085 2.073744
v 0.701266 0.571031 2.073744
v 0.270488 0.601085 2.073744
v 0.749062 0.601085 2.038681
v 0.701266 0.601085 2.073744
v 0.766054 0.601085 1.963545
v 0.749062 0.601085 2.038681
v 0.776613 0.601085 1.863364
v 0.785059 0.601085 1.783220
v -0.784422 0.621121 1.783220
v -0.775999 0.621121 1.863364
v -0.749062 0.601085 2.038681
v -0.765469 0.621121 1.963545
v -0.701266 0.601085 2.073744
v -0.748628 0.621121 2.038681
v -0.701266 0.621121 2.073744
v -0.270488 0.621121 2.073744
v 0.180326 0.621121 2.073744
v 0.701266 0.601085 2.073744
v 0.270488 0.621121 2.073744
v 0.748628 0.621121 2.038681
v 0.701266 0.621121 2.073744
v 0.765469 0.621121 1.963545
v 0.775999 0.621121 1.863364
v 0.784422 0.621121 1.783220
v -0.783735 0.636149 1.783220
v -0.775338 0.636149 1.863364
v -0.748628 0.621121 2.038681
v -0.764837 0.636149 1.963545
v -0.765469 0.621121 1.963545
v -0.701266 0.621121 2.073744
v -0.748158 0.636149 2.038681
v -0.270488 0.621121 2.073744
v -0.701266 0.636149 2.073744
v -0.180326 0.621121 2.073744
v -0.270488 0.636149 2.073744
v 0.180326 0.636149 2.073744
v 0.701266 0.621121 2.073744
v 0.270488 0.636149 2.073744
v 0.270488 0.621121 2.073744
v 0.748158 0.636149 2.038681
v 0.701266 0.636149 2.073744
v 0.748628 0.621121 2.038681
v 0.764837 0.636149 1.963545
v 0.775338 0.636149 1.863364
v 0.764837 0.636149 1.963545
v 0.783735 0.636149 1.783220
v -0.780150 0.686239 1.783220
v -0.764837 0.636149 1.963545
v -0.771886 0.686239 1.863364
v -0.761543 0.686239 1.963545
v -0.745709 0.686239 2.038681
v -0.270488 0.636149 2.073744
v -0.701266 0.686239 2.073744
v -0.180326 0.636149 2.073744
v -0.270488 0.686239 2.073744
v 0.270488 0.636149 2.073744
v 0.180326 0.686239 2.073744
v 0.270488 0.686239 2.073744
v 0.745709 0.686239 2.038681
v 0.701266 0.686239 2.073744
v 0.761543 0.686239 1.963545
v 0.771886 0.686239 1.863364
v 0.761543 0.686239 1.963545
v 0.780150 0.686239 1.783220
v -0.773219 0.746348 1.783220
v -0.761543 0.686239 1.963545
v -0.765212 0.746348 1.863364
v -0.755175 0.746348 1.963545
v -0.740976 0.746348 2.038681
v -0.270488 0.686239 2.073744
v -0.701266 0.746348 2.073744
v -0.180326 0.686239 2.073744
v -0.270488 0.746348 2.073744
v 0.270488 0.686239 2.073744
v 0.180326 0.746348 2.073744
v 0.270488 0.746348 2.073744
v 0.740976 0.746348 2.038681
v 0.701266 0.746348 2.073744
v 0.755175 0.746348 1.963545
v 0.765212 0.746348 1.863364
v 0.755175 0.746348 1.963545
v 0.773219 0.746348 1.783220
v -0.770115 0.767385 1.783220
v -0.755175 0.746348 1.963545
v -0.762223 0.767385 1.863364
v -0.752323 0.767385 1.963545
v -0.738856 0.767385 2.038681
v -0.270488 0.746348 2.073744
v -0.701266 0.767385 2.073744
v -0.180326 0.746348 2.073744
v -0.270488 0.767385 2.073744
v 0.270488 0.746348 2.073744
v 0.180326 0.767385 2.073744
v 0.270488 0.767385 2.073744
v 0.738856 0.767385 2.038681
v 0.701266 0.767385 2.073744
v 0.752323 0.767385 1.963545
v 0.762223 0.767385 1.863364
v 0.752323 0.767385 1.963545
v 0.770115 0.767385 1.783220
v -0.767175 0.785418 1.783220
v -0.752323 0.767385 1.963545
v -0.759392 0.785418 1.863364
v -0.738856 0.767385 2.038681
v -0.749622 0.785418 1.963545
v -0.701266 0.767385 2.073744
v -0.736848 0.785418 2.038681
v -0.701266 0.785418 2.073744
v -0.701266 0.767385 2.073744
v -0.180326 0.767385 2.073744
v -0.270488 0.785418 2.073744
v 0.270488 0.767385 2.073744
v 0.180326 0.785418 2.073744
v 0.701266 0.767385 2.073744
v 0.270488 0.785418 2.073744
v 0.701266 0.767385 2.073744
v 0.736848 0.785418 2.038681
v 0.701266 0.785418 2.073744
v 0.738856 0.767385 2.038681
v 0.749622 0.785418 1.963545
v 0.759392 0.785418 1.863364
v 0.767175 0.785418 1.783220
v -0.765252 0.796438 1.783220
v -0.701266 0.785418 2.073744
v -0.701266 0.796438 2.073744
v -0.180326 0.785418 2.073744
v -0.270488 0.796438 2.073744
v 0.000000 0.785418 2.073744
v -0.180326 0.796438 2.073744
v 0.000000 0.796438 2.073744
v 0.180326 0.796438 2.073744
v 0.701266 0.785418 2.073744
v 0.270488 0.796438 2.073744
v 0.701266 0.796438 2.073744
v 0.765252 0.796438 1.783220
v -0.701266 0.559009 2.073744
v -0.748106 0.559009 2.038681
v -0.765182 0.559009 1.963545
v 0.701266 0.559009 2.073744
v 0.489384 0.559009 2.129845
v 0.765182 0.559009 1.963545
v 0.180326 0.601085 2.074746
v -0.180326 0.601085 2.049701
v -0.180326 0.601085 2.074746
v 0.180326 0.785418 2.074746
v 0.180326 0.601085 2.049701
v 0.180326 0.601085 2.074746
v -0.180326 0.785418 2.074746
v 0.180326 0.785418 2.049701
v 0.180326 0.785418 2.074746
v -0.180326 0.601085 2.074746
v -0.180326 0.785418 2.049701
v -0.180326 0.785418 2.074746
v 0.180326 0.601085 2.049701
v -0.180326 0.785418 2.049701
v -0.180326 0.601085 2.049701
v 0.152676 0.618417 2.052706
v -0.152676 0.771092 2.052706
v -0.152676 0.618417 2.052706
v -0.296552 0.251454 0.858550
v -0.550995 0.268485 1.555809
v -0.706077 0.268485 0.858550
v -0.105911 0.304550 0.858550
v -0.231418 0.251454 1.555809
v -0.296552 0.251454 0.858550
v 0.105911 0.304550 0.858550
v -0.082649 0.304550 1.555809
v -0.105911 0.304550 0.858550
v 0.105911 0.304550 0.858550
v 0.231418 0.251454 1.555809
v 0.082649 0.304550 1.555809
v 0.296552 0.251454 0.858550
v 0.550995 0.268485 1.555809
v 0.231418 0.251454 1.555809
v -0.703985 0.268485 0.000000
v -0.296552 0.251454 0.858550
v -0.706077 0.268485 0.858550
v -0.295674 0.251454 0.000000
v -0.105911 0.304550 0.858550
v -0.296552 0.251454 0.858550
v 0.105598 0.304550 0.000000
v -0.105598 0.304550 0.000000
v 0.295674 0.251454 0.000000
v 0.105911 0.304550 0.858550
v 0.105598 0.304550 0.000000
v 0.703985 0.268485 0.000000
v 0.296552 0.251454 0.858550
v 0.295674 0.251454 0.000000
v -0.696821 0.268485 -0.858550
v -0.295674 0.251454 0.000000
v -0.703985 0.268485 0.000000
v -0.292664 0.251454 -0.858550
v -0.105598 0.304550 0.000000
v -0.295674 0.251454 0.000000
v 0.104523 0.304550 -0.858550
v -0.104523 0.304550 -0.858550
v 0.292664 0.251454 -0.858550
v 0.105598 0.304550 0.000000
v 0.104523 0.304550 -0.858550
v 0.696821 0.268485 -0.858550
v 0.295674 0.251454 0.000000
v 0.292664 0.251454 -0.858550
v -0.550995 0.268485 -1.555809
v -0.292664 0.251454 -0.858550
v -0.696821 0.268485 -0.858550
v -0.231418 0.251454 -1.555809
v -0.104523 0.304550 -0.858550
v -0.292664 0.251454 -0.858550
v 0.082649 0.304550 -1.555809
v -0.082649 0.304550 -1.555809
v 0.231418 0.251454 -1.555809
v 0.104523 0.304550 -0.858550
v 0.082649 0.304550 -1.555809
v 0.550995 0.268485 -1.555809
v 0.292664 0.251454 -0.858550
v 0.231418 0.251454 -1.555809
v 0.670721 0.270488 -1.519744
v 0.550995 0.268485 -1.555809
v 0.690975 0.270488 -1.555388
v 0.550995 0.268485 1.555809
v 0.695135 0.335606 1.793238
v 0.457326 0.335606 2.049701
v -0.705273 0.255461 0.731320
v -0.706077 0.268485 0.858550
v -0.706077 0.255461 0.858550
v -0.705235 0.255461 0.711284
v -0.705273 0.268485 0.731320
v -0.705273 0.255461 0.731320
v -0.704272 0.255461 0.200362
v -0.705235 0.268485 0.711284
v -0.703270 0.255461 -0.500904
v -0.704272 0.268485 0.200362
v -0.704272 0.255461 0.200362
v -0.696725 0.255461 -0.781411
v -0.703270 0.268485 -0.500904
v -0.703270 0.255461 -0.500904
v -0.696257 0.255461 -0.801447
v -0.696725 0.268485 -0.781411
v -0.696821 0.255461 -0.858550
v -0.696257 0.268485 -0.801447
v -0.696257 0.255461 -0.801447
v 0.705273 0.255461 0.731320
v 0.706077 0.268485 0.858550
v 0.706077 0.255461 0.858550
v 0.705235 0.255461 0.711284
v 0.705273 0.268485 0.731320
v 0.705273 0.255461 0.731320
v 0.704272 0.255461 0.200362
v 0.705235 0.268485 0.711284
v 0.703270 0.255461 -0.500904
v 0.704272 0.268485 0.200362
v 0.704272 0.255461 0.200362
v 0.696725 0.255461 -0.781411
v 0.703270 0.268485 -0.500904
v 0.703270 0.255461 -0.500904
v 0.696257 0.255461 -0.801447
v 0.696725 0.268485 -0.781411
v 0.696821 0.255461 -0.858550
v 0.696257 0.268485 -0.801447
v 0.696257 0.255461 -0.801447
v -0.641158 0.261563 1.226214
v 0.641158 0.294532 1.245248
v -0.641158 0.294532 1.245248
v -0.641158 0.261563 1.188145
v 0.641158 0.261563 1.226214
v -0.641158 0.261563 1.226214
v -0.641158 0.294532 1.169111
v 0.641158 0.261563 1.188145
v -0.641158 0.261563 1.188145
v -0.641158 0.327500 1.188145
v 0.641158 0.294532 1.169111
v -0.641158 0.294532 1.169111
v -0.641158 0.327500 1.226214
v 0.641158 0.327500 1.188145
v -0.641158 0.327500 1.188145
v -0.641158 0.294532 1.245248
v 0.641158 0.327500 1.226214
v -0.641158 0.327500 1.226214
v -0.641158 0.261563 1.188145
v -0.641158 0.261563 1.226214
v -0.641158 0.294532 1.245248
v 0.641158 0.294532 1.169111
v 0.641158 0.327500 1.188145
v 0.641158 0.327500 1.226214
v 0.044080 0.218184 1.322388
v 0.088159 0.294532 1.132044
v 0.088159 0.294532 1.322388
v -0.044080 0.218184 1.322388
v 0.044080 0.218184 1.132044
v 0.044080 0.218184 1.322388
v -0.088159 0.294532 1.322388
v -0.044080 0.218184 1.132044
v -0.044080 0.218184 1.322388
v -0.044080 0.370880 1.322388
v -0.088159 0.294532 1.132044
v -0.088159 0.294532 1.322388
v 0.044080 0.370880 1.322388
v -0.044080 0.370880 1.132044
v -0.044080 0.370880 1.322388
v 0.088159 0.294532 1.322388
v 0.044080 0.370880 1.132044
v 0.044080 0.370880 1.322388
v -0.044080 0.370880 1.322388
v -0.044080 0.218184 1.322388
v 0.088159 0.294532 1.322388
v 0.044080 0.218184 1.132044
v -0.088159 0.294532 1.132044
v 0.044080 0.370880 1.132044
v -0.405678 0.330902 1.582858
v -0.378684 0.290525 1.943509
v -0.378684 0.290525 1.582858
v -0.470850 0.347628 1.582858
v -0.405678 0.330902 1.943509
v -0.405678 0.330902 1.582858
v -0.536022 0.330902 1.582858
v -0.470850 0.347628 1.943509
v -0.470850 0.347628 1.582858
v -0.563017 0.290525 1.582858
v -0.536022 0.330902 1.943509
v -0.536022 0.330902 1.582858
v -0.536022 0.250147 1.582858
v -0.563017 0.290525 1.943509
v -0.563017 0.290525 1.582858
v -0.470850 0.233421 1.582858
v -0.536022 0.250147 1.943509
v -0.536022 0.250147 1.582858
v -0.405678 0.250147 1.582858
v -0.470850 0.233421 1.943509
v -0.470850 0.233421 1.582858
v -0.378684 0.290525 1.582858
v -0.405678 0.250147 1.943509
v -0.405678 0.250147 1.582858
v -0.470850 0.347628 1.582858
v -0.405678 0.330902 1.582858
v -0.405678 0.250147 1.582858
v -0.536022 0.250147 1.943509
v -0.470850 0.233421 1.943509
v -0.536022 0.330902 1.943509
v -0.487143 0.260287 1.881779
v -0.493841 0.265479 1.992067
v -0.493892 0.276499 1.883400
v -0.470850 0.253572 1.881107
v -0.487067 0.249197 1.991921
v -0.487143 0.260287 1.881779
v -0.454558 0.260287 1.881779
v -0.470794 0.242453 1.992759
v -0.470850 0.253572 1.881107
v -0.454558 0.260287 1.881779
v -0.447860 0.265479 1.995132
v -0.454554 0.249197 1.994089
v -0.447809 0.276499 1.883400
v -0.454633 0.281762 1.995277
v -0.447860 0.265479 1.995132
v -0.454558 0.292711 1.885021
v -0.470906 0.288506 1.994440
v -0.454633 0.281762 1.995277
v -0.470850 0.299427 1.885694
v -0.487147 0.281762 1.993109
v -0.470906 0.288506 1.994440
v -0.493892 0.276499 1.883400
v -0.487147 0.281762 1.993109
v -0.487143 0.292711 1.885021
v -0.493841 0.265479 1.992067
v -0.507090 0.249187 2.182238
v -0.513802 0.265479 2.181531
v -0.487067 0.249197 1.991921
v -0.490886 0.242438 2.183943
v -0.507090 0.249187 2.182238
v -0.470794 0.242453 1.992759
v -0.474683 0.249187 2.185649
v -0.490886 0.242438 2.183943
v -0.447860 0.265479 1.995132
v -0.474683 0.249187 2.185649
v -0.454554 0.249197 1.994089
v -0.454633 0.281762 1.995277
v -0.467971 0.265479 2.186355
v -0.447860 0.265479 1.995132
v -0.470906 0.288506 1.994440
v -0.474683 0.281772 2.185649
v -0.454633 0.281762 1.995277
v -0.487147 0.281762 1.993109
v -0.490886 0.288521 2.183943
v -0.470906 0.288506 1.994440
v -0.487147 0.281762 1.993109
v -0.513802 0.265479 2.181531
v -0.507090 0.281772 2.182238
v -0.470850 0.253572 1.881107
v -0.487143 0.260287 1.881779
v -0.493892 0.276499 1.883400
v -0.513802 0.265479 2.181531
v -0.502552 0.253748 2.182715
v -0.507385 0.265479 2.182207
v -0.490886 0.242438 2.183943
v -0.507090 0.249187 2.182238
v -0.479220 0.253748 2.185171
v -0.490886 0.248889 2.183943
v -0.474683 0.249187 2.185649
v -0.474387 0.265479 2.185680
v -0.474683 0.281772 2.185649
v -0.467971 0.265479 2.186355
v -0.490886 0.288521 2.183943
v -0.479220 0.277210 2.185171
v -0.474683 0.281772 2.185649
v -0.507090 0.281772 2.182238
v -0.490886 0.282069 2.183943
v -0.490886 0.288521 2.183943
v -0.502552 0.277210 2.182715
v -0.498882 0.253748 2.147844
v -0.507385 0.265479 2.182207
v -0.503714 0.265479 2.147336
v -0.487216 0.248889 2.149072
v -0.502552 0.253748 2.182715
v -0.498882 0.253748 2.147844
v -0.475550 0.253748 2.150300
v -0.490886 0.248889 2.183943
v -0.487216 0.248889 2.149072
v -0.475550 0.253748 2.150300
v -0.474387 0.265479 2.185680
v -0.479220 0.253748 2.185171
v -0.475550 0.277210 2.150300
v -0.474387 0.265479 2.185680
v -0.470717 0.265479 2.150809
v -0.475550 0.277210 2.150300
v -0.490886 0.282069 2.183943
v -0.479220 0.277210 2.185171
v -0.487216 0.282069 2.149072
v -0.502552 0.277210 2.182715
v -0.490886 0.282069 2.183943
v -0.503714 0.265479 2.147336
v -0.502552 0.277210 2.182715
v -0.498882 0.277210 2.147844
v -0.498882 0.277210 2.147844
v -0.498882 0.253748 2.147844
v -0.475550 0.253748 2.150300
v -0.492890 0.315570 1.482677
v -0.481870 0.271640 1.650207
v -0.492890 0.290525 1.652984
v -0.459830 0.296686 1.479900
v -0.481870 0.271640 1.650207
v -0.481870 0.296686 1.479900
v -0.448810 0.315570 1.482677
v -0.459830 0.271640 1.650207
v -0.459830 0.296686 1.479900
v -0.459830 0.334454 1.485454
v -0.448810 0.290525 1.652984
v -0.448810 0.315570 1.482677
v -0.481870 0.334454 1.485454
v -0.459830 0.309409 1.655761
v -0.459830 0.334454 1.485454
v -0.492890 0.315570 1.482677
v -0.481870 0.309409 1.655761
v -0.481870 0.334454 1.485454
v -0.459830 0.296686 1.479900
v -0.481870 0.296686 1.479900
v -0.492890 0.315570 1.482677
v -0.448810 0.290525 1.652984
v -0.459830 0.309409 1.655761
v -0.481870 0.309409 1.655761
v -0.530959 0.329595 1.641965
v -0.569239 0.375849 1.658494
v -0.561013 0.380687 1.641965
v -0.522733 0.334434 1.658494
v -0.569239 0.375849 1.658494
v -0.539184 0.324756 1.658494
v -0.522733 0.334434 1.658494
v -0.561013 0.380687 1.641965
v -0.552787 0.385526 1.658494
v -0.522733 0.334434 1.658494
v -0.539184 0.324756 1.658494
v -0.530959 0.329595 1.641965
v -0.561013 0.380687 1.641965
v -0.569239 0.375849 1.658494
v -0.552787 0.385526 1.658494
v -0.539184 0.324756 1.888910
v -0.561013 0.380687 1.872381
v -0.530959 0.329595 1.872381
v -0.522733 0.334434 1.888910
v -0.569239 0.375849 1.888910
v -0.539184 0.324756 1.888910
v -0.522733 0.334434 1.888910
v -0.561013 0.380687 1.872381
v -0.552787 0.385526 1.888910
v -0.522733 0.334434 1.888910
v -0.539184 0.324756 1.888910
v -0.530959 0.329595 1.872381
v -0.561013 0.380687 1.872381
v -0.569239 0.375849 1.888910
v -0.552787 0.385526 1.888910
v -0.521491 0.968749 -0.721324
v -0.049469 0.989735 -0.694716
v -0.050640 0.995798 -0.684257
v -0.521012 0.974812 -0.731837
v -0.049469 0.989735 -0.694716
v -0.520319 0.962686 -0.731783
v -0.521491 0.968749 -0.721324
v -0.050162 1.001861 -0.694770
v -0.521012 0.974812 -0.731837
v -0.521012 0.974812 -0.731837
v -0.520319 0.962686 -0.731783
v -0.521491 0.968749 -0.721324
v -0.050640 0.995798 -0.684257
v -0.049469 0.989735 -0.694716
v -0.050162 1.001861 -0.694770
v 0.080633 0.962679 -0.731793
v 0.530384 0.983776 -0.684259
v 0.079570 0.968749 -0.721326
v 0.080231 0.974819 -0.731826
v 0.531447 0.977706 -0.694726
v 0.080633 0.962679 -0.731793
v 0.079570 0.968749 -0.721326
v 0.531045 0.989846 -0.694759
v 0.080231 0.974819 -0.731826
v 0.080231 0.974819 -0.731826
v 0.080633 0.962679 -0.731793
v 0.079570 0.968749 -0.721326
v 0.530384 0.983776 -0.684259
v 0.531447 0.977706 -0.694726
v 0.531045 0.989846 -0.694759
v 0.018063 1.029594 1.751955
v 0.034060 1.175122 1.352542
v 0.024042 1.032865 1.753265
v 0.018005 1.036136 1.754275
v 0.028081 1.171851 1.351232
v 0.018063 1.029594 1.751955
v 0.018005 1.036136 1.754275
v 0.034060 1.175122 1.352542
v 0.028023 1.178393 1.353552
v 0.018005 1.036136 1.754275
v 0.018063 1.029594 1.751955
v 0.024042 1.032865 1.753265
v 0.034060 1.175122 1.352542
v 0.028081 1.171851 1.351232
v 0.028023 1.178393 1.353552
v 0.745346 0.904633 -0.801447
v 0.700378 0.612105 -1.933491
v 0.667205 0.683234 -1.908446
v 0.656185 0.638152 -1.968554
v 0.712155 0.268485 0.858550
v 0.776610 0.388910 0.875613
v 0.776559 0.370878 0.875613
v 0.776610 0.388910 0.875613
v 0.804339 0.497546 0.925132
v 0.810306 0.479514 0.925132
v 0.804339 0.497546 0.925132
v 0.812067 0.583762 1.002261
v 0.819659 0.565729 1.002261
v 0.812067 0.583762 1.002261
v 0.809670 0.639115 1.099447
v 0.819118 0.621082 1.099447
v 0.809670 0.639115 1.099447
v 0.808252 0.658188 1.207180
v 0.818201 0.640156 1.207180
v 0.806398 0.639115 1.314912
v 0.815763 0.621082 1.314912
v 0.818201 0.640156 1.207180
v 0.805513 0.583762 1.412099
v 0.813093 0.565729 1.412099
v 0.815763 0.621082 1.314912
v 0.795302 0.497546 1.489227
v 0.801270 0.479514 1.489227
v 0.813093 0.565729 1.412099
v 0.765986 0.388910 1.538746
v 0.765935 0.370878 1.538746
v 0.801270 0.479514 1.489227
v 0.700985 0.268485 1.555809
v 0.702921 0.250452 1.555809
v 0.765935 0.370878 1.538746
v 0.776559 0.370878 0.875613
v 0.810306 0.479514 0.925132
v 0.819659 0.565729 1.002261
v 0.550995 0.621082 1.099447
v 0.550995 0.640156 1.207180
v 0.550995 0.621082 1.314912
v 0.550995 0.565729 1.412099
v 0.550995 0.479514 1.489227
v 0.550995 0.370878 1.538746
v 0.550995 0.250452 1.555809
v 0.550995 0.255461 0.858550
v 0.550995 0.255461 1.538746
v 0.550995 0.255461 1.555809
v 0.550995 0.250452 1.555809
v 0.689995 0.268485 -1.555809
v 0.756873 0.394482 -1.538746
v 0.758536 0.376450 -1.538746
v 0.756873 0.394482 -1.538746
v 0.786085 0.508146 -1.489227
v 0.792296 0.490114 -1.489227
v 0.786085 0.508146 -1.489227
v 0.794652 0.598350 -1.412099
v 0.803815 0.580318 -1.412099
v 0.794652 0.598350 -1.412099
v 0.789222 0.656265 -1.314912
v 0.801487 0.638232 -1.314912
v 0.789222 0.656265 -1.314912
v 0.790271 0.676221 -1.207180
v 0.803045 0.658188 -1.207180
v 0.796610 0.656265 -1.099447
v 0.807569 0.638232 -1.099447
v 0.803045 0.658188 -1.207180
v 0.802796 0.598350 -1.002261
v 0.811372 0.580318 -1.002261
v 0.807569 0.638232 -1.099447
v 0.796380 0.508145 -0.925132
v 0.802591 0.490114 -0.925132
v 0.811372 0.580318 -1.002261
v 0.768975 0.394482 -0.875613
v 0.770637 0.376450 -0.875613
v 0.802591 0.490114 -0.925132
v 0.702899 0.268485 -0.858550
v 0.704836 0.250452 -0.858550
v 0.770637 0.376450 -0.875613
v 0.758536 0.376450 -1.538746
v 0.792296 0.490114 -1.489227
v 0.803815 0.580318 -1.412099
v 0.550995 0.638232 -1.314912
v 0.803045 0.658188 -1.207180
v 0.807569 0.638232 -1.099447
v 0.811372 0.580318 -1.002261
v 0.550995 0.490114 -0.925132
v 0.550995 0.376450 -0.875613
v 0.550995 0.250452 -0.858550
v 0.550995 0.255461 -1.555809
v 0.550995 0.255461 -0.875613
v 0.550995 0.255461 -0.858550
v 0.550995 0.250452 -0.858550
v 0.792194 0.731834 -0.729592
v 0.792304 0.730806 -0.733048
v 0.749702 0.899110 -0.783139
v 0.805381 0.605810 -0.713064
v 0.792265 0.731036 -0.733101
v 0.792233 0.731605 -0.729540
v 0.797577 0.481153 -0.689468
v 0.797386 0.480584 -0.693028
v 0.805381 0.605810 -0.713064
v 0.746877 0.340993 -0.659431
v 0.746352 0.340237 -0.662957
v 0.797360 0.480491 -0.693011
v 0.726704 0.305180 -0.622290
v 0.726480 0.304750 -0.621121
v 0.729366 0.304750 -0.443658
v 0.729873 0.304750 -0.088731
v 0.729619 0.304750 -0.266195
v 0.731738 0.308357 -0.266195
v 0.730126 0.304750 0.088731
v 0.731992 0.308357 -0.088731
v 0.730126 0.304750 0.088731
v 0.730745 0.304750 0.443658
v 0.730410 0.304750 0.266195
v 0.732529 0.308357 0.266195
v 0.731080 0.304750 0.621121
v 0.732864 0.308357 0.443658
v 0.745410 0.328984 0.670015
v 0.731193 0.304941 0.621928
v 0.733086 0.308166 0.620315
v 0.800982 0.470460 0.702024
v 0.746130 0.330207 0.670968
v 0.746581 0.330987 0.667448
v 0.812225 0.604375 0.705740
v 0.801077 0.470801 0.702067
v 0.801098 0.470899 0.698462
v 0.795545 0.737949 0.709414
v 0.812225 0.604375 0.705740
v 0.812215 0.604474 0.702135
v 0.756603 0.871525 0.713086
v 0.795545 0.737949 0.709414
v 0.795517 0.738049 0.705808
v 0.789189 0.801447 0.591067
v 0.789189 0.838514 0.430778
v 0.773160 0.801447 0.430778
v 0.789189 0.838514 0.430778
v 0.789189 0.838514 0.591067
v 0.789189 0.801447 0.430778
v 0.789425 0.340615 1.572840
v 0.789425 0.340615 1.571838
v 0.789425 0.340615 -0.841519
v 0.789425 0.340615 -0.842521
v 0.745346 0.904633 -0.801447
v 0.695255 0.731320 -1.723111
v -0.630138 0.689210 -1.908446
v -0.630138 0.644949 -1.951523
v 0.659190 0.638152 -1.951523
v -0.630138 0.643412 -1.968554
v 0.355642 0.673125 -1.968554
v 0.659190 0.638152 -1.951523
v -0.629136 0.905062 -0.858550
v -0.632141 0.904874 -0.858550
v -0.632141 0.912499 -0.801447
v -0.629136 0.902771 -0.875613
v -0.632141 0.902569 -0.875613
v -0.632141 0.904874 -0.858550
v -0.629136 0.896050 -0.925132
v -0.632141 0.895805 -0.925132
v -0.632141 0.902569 -0.875613
v -0.629136 0.885363 -1.002261
v -0.632141 0.885048 -1.002261
v -0.632141 0.895805 -0.925132
v -0.629136 0.871490 -1.099447
v -0.632141 0.871081 -1.099447
v -0.632141 0.885048 -1.002261
v -0.629136 0.855540 -1.207180
v -0.632141 0.855014 -1.207180
v -0.632141 0.871081 -1.099447
v -0.629136 0.835013 -1.314912
v -0.632141 0.834493 -1.314912
v -0.632141 0.855014 -1.207180
v -0.632141 0.834493 -1.314912
v -0.632141 0.815986 -1.412099
v -0.632141 0.801304 -1.489227
v -0.629136 0.789710 -1.552804
v -0.632141 0.789204 -1.552804
v -0.632141 0.791879 -1.538746
v -0.629136 0.788936 -1.555809
v -0.632141 0.788429 -1.555809
v -0.632141 0.789204 -1.552804
v -0.629136 0.745842 -1.723111
v -0.632141 0.745306 -1.723111
v -0.632141 0.788429 -1.555809
v -0.629136 0.734950 -1.776207
v -0.632141 0.734486 -1.776207
v -0.632141 0.745306 -1.723111
v 0.632141 0.912499 -0.801447
v 0.632141 0.904874 -0.858550
v 0.629136 0.905062 -0.858550
v 0.632141 0.904874 -0.858550
v 0.632141 0.902569 -0.875613
v 0.629136 0.902771 -0.875613
v 0.632141 0.902569 -0.875613
v 0.632141 0.895805 -0.925132
v 0.629136 0.896050 -0.925132
v 0.632141 0.895805 -0.925132
v 0.632141 0.885048 -1.002261
v 0.629136 0.885363 -1.002261
v 0.632141 0.885048 -1.002261
v 0.632141 0.871081 -1.099447
v 0.629136 0.871490 -1.099447
v 0.632141 0.871081 -1.099447
v 0.632141 0.855014 -1.207180
v 0.629136 0.855540 -1.207180
v 0.632141 0.855014 -1.207180
v 0.632141 0.834493 -1.314912
v 0.629136 0.835013 -1.314912
v 0.632141 0.834493 -1.314912
v 0.632141 0.815986 -1.412099
v 0.632141 0.801304 -1.489227
v 0.632141 0.791879 -1.538746
v 0.632141 0.789204 -1.552804
v 0.629136 0.789710 -1.552804
v 0.632141 0.789204 -1.552804
v 0.632141 0.788429 -1.555809
v 0.629136 0.788936 -1.555809
v 0.632141 0.788429 -1.555809
v 0.632141 0.745306 -1.723111
v 0.629136 0.745842 -1.723111
v 0.632141 0.745306 -1.723111
v 0.632141 0.734486 -1.776207
v 0.629136 0.734950 -1.776207
v -0.733899 0.941249 -0.658031
v -0.623653 1.245674 0.561542
v -0.748417 0.911274 0.613997
v -0.739389 0.919706 -0.637423
v -0.620105 1.246289 0.741441
v -0.721575 0.969029 1.756814
v -0.748188 0.912827 0.789212
v -0.753173 0.872392 0.731320
v -0.753360 0.871574 0.711284
v -0.811465 0.932684 -0.480868
v -0.712332 1.011827 -0.540977
v -0.749353 0.911646 -0.561013
v -0.743342 0.897621 -0.457827
v -0.743342 0.930680 -0.490886
v -0.821483 0.897621 -0.490886
v -0.743342 0.930680 -0.490886
v -0.743342 0.930680 -0.457827
v -0.743342 0.897621 -0.490886
v -0.793433 0.884597 -0.449812
v -0.793433 0.884597 -0.514930
v -0.793433 0.898622 -0.533964
v -0.793433 0.997802 -0.535968
v -0.793433 1.011827 -0.524948
v -0.793433 1.012829 -0.453819
v -0.793433 0.998803 -0.438792
v -0.793433 0.897621 -0.439794
v -0.793433 0.897621 -0.439794
v -0.793433 0.898622 -0.533964
v -0.793433 0.884597 -0.449812
v -0.793433 0.884597 -0.514930
v -0.793433 1.011827 -0.524948
v -0.961736 0.998803 -0.438792
v -0.961736 0.898622 -0.533964
v -0.961736 1.012829 -0.453819
v -0.961736 0.997802 -0.535968
v -0.961736 1.011827 -0.524948
v -0.943704 0.903631 -0.437790
v 0.733899 0.941249 -0.658031
v 0.623653 1.245674 0.561542
v 0.748417 0.911274 0.613997
v 0.739389 0.919706 -0.637423
v 0.620105 1.246289 0.741441
v 0.721575 0.969029 1.756814
v 0.748188 0.912827 0.789212
v 0.735328 0.901071 1.863364
v 0.753360 0.873577 0.731320
v 0.753360 0.871574 0.711284
v 0.749353 0.911646 -0.561013
v 0.712332 1.011827 -0.540977
v 0.811465 0.932684 -0.480868
v 0.821483 0.897621 -0.457827
v 0.821483 0.930680 -0.490886
v 0.743342 0.897621 -0.490886
v 0.821483 0.930680 -0.490886
v 0.821483 0.930680 -0.457827
v 0.821483 0.897621 -0.490886
v 0.961736 0.884597 -0.449812
v 0.961736 0.884597 -0.514930
v 0.961736 0.898622 -0.533964
v 0.961736 0.997802 -0.535968
v 0.961736 1.011827 -0.524948
v 0.961736 1.012829 -0.453819
v 0.961736 0.998803 -0.438792
v 0.961736 0.897621 -0.439794
v 0.793433 0.998803 -0.438792
v 0.793433 0.898622 -0.533964
v 0.793433 1.012829 -0.453819
v 0.793433 0.997802 -0.535968
v 0.793433 1.011827 -0.524948
v 0.961736 0.897621 -0.439794
v 0.961736 0.898622 -0.533964
v 0.961736 0.884597 -0.449812
v 0.961736 0.884597 -0.514930
v 0.961736 1.011827 -0.524948
v 0.943704 0.997802 -0.437790
v 0.606711 1.284319 0.961736
v 0.602587 1.300348 0.641158
v 0.614362 1.265284 -0.160289
v 0.695607 0.932572 -0.791429
v 0.745346 0.904633 -0.801447
v 0.657984 1.025262 1.748156
v 0.705045 1.010825 1.793238
v -0.492890 0.750601 -1.776207
v -0.355642 0.758760 -1.776207
v -0.355642 0.734762 -1.863364
v -0.492890 0.705619 -1.908446
v -0.355642 0.713469 -1.908446
v -0.630826 0.730524 -1.764954
v -0.630138 0.734695 -1.776207
v -0.630138 0.717698 -1.863364
v -0.630138 0.717698 -1.863364
v -0.630138 0.690212 -1.908446
v -0.630380 0.628682 -1.936536
v -0.630138 0.690212 -1.908446
v -0.630138 0.645951 -1.951523
v -0.630380 0.628682 -1.936536
v -0.630138 0.645951 -1.951523
v -0.627392 0.616636 -1.964364
v -0.630380 0.628682 -1.936536
v -0.625270 0.586417 -1.969016
v -0.625893 0.585511 -1.960828
v -0.630380 0.628682 -1.936536
v -0.620911 0.514877 -1.734739
v -0.630138 0.717698 -1.863364
v -0.355642 0.758760 -1.776207
v -0.356330 0.754587 -1.764954
v -0.355642 0.734762 -1.863364
v -0.356330 0.754587 -1.764954
v -0.347793 0.530589 -1.712212
v -0.355642 0.734762 -1.863364
v -0.355885 0.662921 -1.936536
v -0.351397 0.619750 -1.960828
v -0.352896 0.650876 -1.964364
v -0.350774 0.620656 -1.969016
v -0.347793 0.530589 -1.712212
v -0.355885 0.662921 -1.936536
v -0.355642 0.734762 -1.863364
v -0.355642 0.713469 -1.908446
v -0.355642 0.734762 -1.863364
v -0.355885 0.662921 -1.936536
v -0.355642 0.680190 -1.951523
v -0.630138 0.734695 -1.776207
v -0.630826 0.730524 -1.764954
v -0.492890 0.750601 -1.776207
v -0.630826 0.730524 -1.764954
v -0.356330 0.754587 -1.764954
v -0.492890 0.750601 -1.776207
v -0.492890 0.668654 -1.951523
v -0.355642 0.680190 -1.951523
v -0.352896 0.650876 -1.964364
v -0.490144 0.639339 -1.964364
v -0.490144 0.639339 -1.964364
v -0.352896 0.650876 -1.964364
v -0.488022 0.609120 -1.969016
v -0.350774 0.620656 -1.969016
v -0.493132 0.651385 -1.936536
v -0.351397 0.619750 -1.960828
v -0.620911 0.514877 -1.734739
v -0.630380 0.628682 -1.936536
v -0.493132 0.651385 -1.936536
v -0.493132 0.651385 -1.936536
v -0.355885 0.662921 -1.936536
v -0.347793 0.530589 -1.712212
v -0.376465 0.620456 -1.885056
v -0.347793 0.530589 -1.712212
v -0.356330 0.754587 -1.764954
v -0.630826 0.730524 -1.764954
v -0.355642 0.758760 -1.776207
v -0.355642 0.518847 -1.968554
v -0.630138 0.489133 -1.968554
v -0.630138 0.734695 -1.776207
v -0.630138 0.579415 -1.776207
v -0.355642 0.603480 -1.776207
v -0.355642 0.518847 -1.968554
v 0.355642 0.734762 -1.863364
v 0.630138 0.717698 -1.863364
v 0.630138 0.690212 -1.908446
v 0.630138 0.645950 -1.951523
v 0.356330 0.754587 -1.764954
v 0.355642 0.758760 -1.776207
v 0.355642 0.734762 -1.863364
v 0.355642 0.734762 -1.863364
v 0.355642 0.713469 -1.908446
v 0.355885 0.662921 -1.936536
v 0.355642 0.713469 -1.908446
v 0.355642 0.680190 -1.951523
v 0.355885 0.662921 -1.936536
v 0.355642 0.680190 -1.951523
v 0.352896 0.650876 -1.964364
v 0.355885 0.662921 -1.936536
v 0.350774 0.620656 -1.969016
v 0.351397 0.619750 -1.960828
v 0.355885 0.662921 -1.936536
v 0.347793 0.530589 -1.712212
v 0.355642 0.734762 -1.863364
v 0.630138 0.734695 -1.776207
v 0.630826 0.730524 -1.764954
v 0.630138 0.717698 -1.863364
v 0.630826 0.730524 -1.764954
v 0.620911 0.514877 -1.734739
v 0.630138 0.717698 -1.863364
v 0.630380 0.628682 -1.936536
v 0.625893 0.585511 -1.960828
v 0.627392 0.616636 -1.964364
v 0.625270 0.586417 -1.969016
v 0.620911 0.514877 -1.734739
v 0.630380 0.628682 -1.936536
v 0.630138 0.717698 -1.863364
v 0.630138 0.690212 -1.908446
v 0.630138 0.717698 -1.863364
v 0.630380 0.628682 -1.936536
v 0.630138 0.645950 -1.951523
v 0.355642 0.758760 -1.776207
v 0.356330 0.754587 -1.764954
v 0.492890 0.750601 -1.776207
v 0.356330 0.754587 -1.764954
v 0.630826 0.730524 -1.764954
v 0.492890 0.750601 -1.776207
v 0.355642 0.680190 -1.951523
v 0.492890 0.668654 -1.951523
v 0.490144 0.639339 -1.964364
v 0.627392 0.616636 -1.964364
v 0.488022 0.609120 -1.969016
v 0.625270 0.586417 -1.969016
v 0.488645 0.608214 -1.960828
v 0.625893 0.585511 -1.960828
v 0.493132 0.651385 -1.936536
v 0.625893 0.585511 -1.960828
v 0.347793 0.530589 -1.712212
v 0.355885 0.662921 -1.936536
v 0.493132 0.651385 -1.936536
v 0.493132 0.651385 -1.936536
v 0.630380 0.628682 -1.936536
v 0.620911 0.514877 -1.734739
v 0.581230 0.529846 -1.768500
v 0.347793 0.530589 -1.712212
v 0.620911 0.514877 -1.734739
v 0.630826 0.730524 -1.764954
v 0.630138 0.579415 -1.776207
v 0.630138 0.489133 -1.968554
v 0.355642 0.674127 -1.968554
v 0.355642 0.758760 -1.776207
v 0.630138 0.579415 -1.776207
v 0.630138 0.489133 -1.968554
v 0.355642 0.518847 -1.968554
v 0.702258 0.592069 -1.968554
v 0.350633 0.626130 -1.970558
v 0.350633 0.651176 -1.970558
v -0.670721 0.270488 -1.519744
v -0.611795 0.270488 -1.889411
v 0.674598 0.296535 -1.511729
v 0.622404 0.340615 -1.896424
v 0.729076 0.340615 -1.547178
v -0.682352 0.340615 -1.526757
v 0.762829 0.413747 -1.526629
v 0.784381 0.490886 -1.488746
v -0.707277 0.490886 -1.982579
v -0.651176 0.490886 -2.003617
v 0.707277 0.561013 -1.976569
v 0.793975 0.561013 -1.433079
v -0.707277 0.575038 -1.980576
v 0.707277 0.561013 -1.976569
v 0.795871 0.592069 -1.397503
v 0.736867 0.335606 1.547385
v -0.727313 0.505913 2.106804
v 0.796859 0.505913 1.470455
v -0.727313 0.505913 2.106804
v 0.802529 0.547989 1.432329
v -0.710585 0.559009 2.067733
v 0.712040 0.547989 2.066731
v 0.804099 0.559009 1.420127
v -0.737144 0.592069 -1.879393
v 0.702258 0.592069 -1.968554
v 0.737892 0.592069 -1.879393
v 0.737144 0.592069 -1.879393
v 0.651176 0.490886 -2.018645
v 0.651176 0.561013 -1.977570
v -0.651176 0.561013 -2.012634
v -0.651176 0.490886 -2.018645
v 0.651176 0.490886 -1.977570
v -0.296535 0.492890 -1.997607
v -0.146264 0.492890 -1.997607
v 0.004007 0.492890 -1.997607
v 0.154279 0.492890 -1.997607
v 0.304550 0.492890 -1.997607
v 0.651176 0.519939 -1.997607
v -0.651176 0.561013 -2.013636
v -0.574036 0.500904 -2.013636
v 0.651176 0.490886 -2.013636
v 0.574036 0.555002 -2.013636
v -0.366662 0.500904 -2.012634
v 0.574036 0.500904 -2.012634
v -0.749741 0.636149 -1.758174
v -0.746097 0.636149 -1.776207
v -0.752659 0.612105 -1.776207
v -0.746097 0.636149 -1.776207
v -0.749741 0.636149 -1.758174
v -0.740785 0.652177 -1.758174
v -0.746097 0.636149 -1.776207
v -0.728226 0.636149 -1.863364
v -0.735610 0.612105 -1.863364
v -0.736942 0.652177 -1.776207
v -0.717921 0.652177 -1.863364
v -0.728226 0.636149 -1.863364
v -0.728226 0.636149 -1.863364
v -0.706393 0.636149 -1.908446
v -0.716613 0.612105 -1.908446
v -0.717921 0.652177 -1.863364
v -0.692370 0.652177 -1.908446
v -0.706393 0.636149 -1.908446
v -0.706393 0.636149 -1.908446
v -0.679634 0.636149 -1.933491
v -0.698374 0.612105 -1.933491
v -0.692370 0.652177 -1.908446
v -0.664974 0.652177 -1.933491
v -0.679634 0.636149 -1.933491
v -0.758162 0.612105 -1.758174
v -0.740785 0.652177 -1.758174
v -0.730229 0.636149 -1.863364
v -0.737614 0.612105 -1.863364
v -0.735610 0.612105 -1.863364
v -0.681638 0.636149 -1.933491
v -0.700378 0.612105 -1.933491
v -0.698374 0.612105 -1.933491
v -0.664974 0.652177 -1.933491
v 0.752659 0.612105 -1.776207
v 0.746097 0.636149 -1.776207
v 0.749741 0.636149 -1.758174
v 0.740785 0.652177 -1.758174
v 0.749741 0.636149 -1.758174
v 0.746097 0.636149 -1.776207
v 0.735610 0.612105 -1.863364
v 0.728226 0.636149 -1.863364
v 0.746097 0.636149 -1.776207
v 0.728226 0.636149 -1.863364
v 0.717921 0.652177 -1.863364
v 0.736942 0.652177 -1.776207
v 0.716613 0.612105 -1.908446
v 0.706393 0.636149 -1.908446
v 0.728226 0.636149 -1.863364
v 0.706393 0.636149 -1.908446
v 0.692370 0.652177 -1.908446
v 0.717921 0.652177 -1.863364
v 0.698374 0.612105 -1.933491
v 0.679634 0.636149 -1.933491
v 0.706393 0.636149 -1.908446
v 0.679634 0.636149 -1.933491
v 0.664974 0.652177 -1.933491
v 0.692370 0.652177 -1.908446
v 0.758162 0.612105 -1.758174
v 0.740785 0.652177 -1.758174
v 0.737614 0.612105 -1.863364
v 0.681638 0.636149 -1.933491
v 0.700378 0.612105 -1.933491
v 0.698374 0.612105 -1.933491
v 0.664974 0.652177 -1.933491
v 0.705045 1.010825 1.793238
v 0.699262 0.916655 2.073744
v 0.699262 0.916655 2.074746
v -0.701266 0.559009 2.073744
v 0.749308 0.571031 2.038681
v 0.785418 0.571031 1.783220
v -0.701266 0.621121 2.073744
v 0.701266 0.621121 2.073744
v 0.765469 0.621121 1.963545
v -0.701266 0.767385 2.073744
v -0.270488 0.767385 2.073744
v 0.701266 0.767385 2.073744
v -0.701266 0.796438 2.073744
v 0.701266 0.796438 2.073744
v -0.771269 0.559009 1.663003
v -0.743863 0.559009 1.873382
v -0.784216 0.559009 1.783220
v -0.743863 0.559009 1.873382
v -0.710585 0.559009 2.067733
v -0.636199 0.559009 2.112815
v -0.489384 0.559009 2.129845
v 0.000000 0.559009 2.138862
v -0.270488 0.559009 2.073744
v 0.000000 0.559009 2.073744
v -0.180326 0.559009 2.073744
v -0.489384 0.559009 2.129845
v -0.804099 0.559009 1.420127
v -0.775757 0.559009 1.863364
v -0.701266 0.559009 2.073744
v 0.784216 0.559009 1.783220
v 0.775757 0.559009 1.863364
v 0.748106 0.559009 2.038681
v 0.710585 0.559009 2.067733
v 0.743863 0.559009 1.873382
v 0.636199 0.559009 2.112815
v 0.771269 0.559009 1.663003
v 0.489384 0.559009 2.129845
v 0.180326 0.559009 2.073744
v 0.270488 0.559009 2.073744
v 0.771269 0.559009 1.663003
v 0.804099 0.559009 1.420127
v 0.701266 0.559009 2.073744
v 0.180326 0.601085 2.049701
v 0.180326 0.785418 2.049701
v -0.180326 0.785418 2.049701
v -0.180326 0.601085 2.049701
v 0.180326 0.785418 2.049701
v 0.152676 0.771092 2.052706
v -0.296552 0.251454 0.858550
v -0.231418 0.251454 1.555809
v -0.550995 0.268485 1.555809
v -0.105911 0.304550 0.858550
v -0.082649 0.304550 1.555809
v -0.231418 0.251454 1.555809
v 0.082649 0.304550 1.555809
v 0.105911 0.304550 0.858550
v 0.296552 0.251454 0.858550
v 0.231418 0.251454 1.555809
v 0.296552 0.251454 0.858550
v 0.706077 0.268485 0.858550
v 0.550995 0.268485 1.555809
v -0.703985 0.268485 0.000000
v -0.295674 0.251454 0.000000
v -0.296552 0.251454 0.858550
v -0.295674 0.251454 0.000000
v -0.105598 0.304550 0.000000
v -0.105911 0.304550 0.858550
v 0.295674 0.251454 0.000000
v 0.296552 0.251454 0.858550
v 0.105911 0.304550 0.858550
v 0.703985 0.268485 0.000000
v 0.706077 0.268485 0.858550
v 0.296552 0.251454 0.858550
v -0.696821 0.268485 -0.858550
v -0.292664 0.251454 -0.858550
v -0.295674 0.251454 0.000000
v -0.292664 0.251454 -0.858550
v -0.104523 0.304550 -0.858550
v -0.105598 0.304550 0.000000
v 0.292664 0.251454 -0.858550
v 0.295674 0.251454 0.000000
v 0.105598 0.304550 0.000000
v 0.696821 0.268485 -0.858550
v 0.703985 0.268485 0.000000
v 0.295674 0.251454 0.000000
v -0.550995 0.268485 -1.555809
v -0.231418 0.251454 -1.555809
v -0.292664 0.251454 -0.858550
v -0.231418 0.251454 -1.555809
v -0.082649 0.304550 -1.555809
v -0.104523 0.304550 -0.858550
v 0.231418 0.251454 -1.555809
v 0.292664 0.251454 -0.858550
v 0.104523 0.304550 -0.858550
v 0.550995 0.268485 -1.555809
v 0.696821 0.268485 -0.858550
v 0.292664 0.251454 -0.858550
v -0.670721 0.270488 -1.519744
v -0.642124 0.270488 -1.790232
v -0.550995 0.268485 -1.555809
v -0.642124 0.270488 -1.790232
v -0.611795 0.270488 -1.889411
v -0.563267 0.270488 -1.910449
v -0.433282 0.270488 -1.922471
v -0.433282 0.270488 -1.922471
v 0.000000 0.270488 -1.924975
v -0.231418 0.251454 -1.555809
v 0.000000 0.270488 -1.924975
v 0.433282 0.270488 -1.922471
v 0.231418 0.251454 -1.555809
v -0.433282 0.270488 -1.922471
v -0.231418 0.251454 -1.555809
v -0.550995 0.268485 -1.555809
v 0.433282 0.270488 -1.922471
v 0.563267 0.270488 -1.910449
v 0.642124 0.270488 -1.790232
v 0.611795 0.270488 -1.889411
v 0.642124 0.270488 -1.790232
v 0.670721 0.270488 -1.519744
v 0.550995 0.268485 -1.555809
v 0.433282 0.270488 -1.922471
v 0.642124 0.270488 -1.790232
v 0.550995 0.268485 -1.555809
v -0.642124 0.270488 -1.790232
v -0.433282 0.270488 -1.922471
v -0.550995 0.268485 -1.555809
v 0.082649 0.304550 -1.555809
v -0.082649 0.304550 -1.555809
v 0.000000 0.270488 -1.924975
v -0.082649 0.304550 -1.555809
v -0.231418 0.251454 -1.555809
v 0.000000 0.270488 -1.924975
v 0.231418 0.251454 -1.555809
v 0.082649 0.304550 -1.555809
v 0.000000 0.270488 -1.924975
v 0.433282 0.270488 -1.922471
v 0.550995 0.268485 -1.555809
v 0.231418 0.251454 -1.555809
v -0.550995 0.268485 -1.555809
v -0.670721 0.270488 -1.519744
v -0.690975 0.270488 -1.555388
v -0.550995 0.268485 1.555809
v -0.231418 0.251454 1.555809
v -0.457326 0.335606 2.049701
v -0.231418 0.251454 1.555809
v -0.082649 0.304550 1.555809
v 0.000000 0.335606 2.058717
v -0.457326 0.335606 2.049701
v -0.231418 0.251454 1.555809
v 0.000000 0.335606 2.058717
v 0.082649 0.304550 1.555809
v 0.231418 0.251454 1.555809
v 0.000000 0.335606 2.058717
v 0.231418 0.251454 1.555809
v 0.550995 0.268485 1.555809
v 0.457326 0.335606 2.049701
v -0.736867 0.335606 1.547385
v -0.550995 0.268485 1.555809
v -0.720745 0.335606 1.582858
v -0.720745 0.335606 1.582858
v -0.550995 0.268485 1.555809
v -0.695135 0.335606 1.793238
v 0.231418 0.251454 1.555809
v 0.457326 0.335606 2.049701
v 0.000000 0.335606 2.058717
v 0.550995 0.268485 1.555809
v 0.736867 0.335606 1.547385
v 0.720745 0.335606 1.582858
v 0.550995 0.268485 1.555809
v 0.720745 0.335606 1.582858
v 0.695135 0.335606 1.793238
v -0.550995 0.268485 1.555809
v -0.457326 0.335606 2.049701
v -0.695135 0.335606 1.793238
v -0.082649 0.304550 1.555809
v 0.082649 0.304550 1.555809
v 0.000000 0.335606 2.058717
v -0.664037 0.335606 1.987589
v -0.695135 0.335606 1.793238
v -0.594523 0.335606 2.032670
v -0.457326 0.335606 2.049701
v 0.664037 0.335606 1.987589
v 0.594523 0.335606 2.032670
v 0.695135 0.335606 1.793238
v 0.457326 0.335606 2.049701
v -0.705273 0.268485 0.731320
v -0.704272 0.268485 0.200362
v -0.703270 0.268485 -0.500904
v -0.696257 0.268485 -0.801447
v -0.696821 0.268485 -0.858550
v 0.705273 0.268485 0.731320
v 0.704272 0.268485 0.200362
v 0.703270 0.268485 -0.500904
v 0.696257 0.268485 -0.801447
v 0.696821 0.268485 -0.858550
v 0.641158 0.261563 1.226214
v 0.641158 0.261563 1.188145
v 0.641158 0.294532 1.169111
v 0.641158 0.327500 1.188145
v 0.641158 0.327500 1.226214
v 0.641158 0.294532 1.245248
v -0.641158 0.327500 1.226214
v -0.641158 0.327500 1.188145
v -0.641158 0.294532 1.169111
v 0.641158 0.294532 1.245248
v 0.641158 0.261563 1.226214
v 0.641158 0.261563 1.188145
v 0.044080 0.218184 1.132044
v -0.044080 0.218184 1.132044
v -0.088159 0.294532 1.132044
v -0.044080 0.370880 1.132044
v 0.044080 0.370880 1.132044
v 0.088159 0.294532 1.132044
v 0.044080 0.370880 1.322388
v -0.088159 0.294532 1.322388
v 0.044080 0.218184 1.322388
v 0.088159 0.294532 1.132044
v -0.044080 0.218184 1.132044
v -0.044080 0.370880 1.132044
v -0.405678 0.330902 1.943509
v -0.470850 0.347628 1.943509
v -0.536022 0.330902 1.943509
v -0.563017 0.290525 1.943509
v -0.536022 0.250147 1.943509
v -0.470850 0.233421 1.943509
v -0.405678 0.250147 1.943509
v -0.378684 0.290525 1.943509
v -0.378684 0.290525 1.582858
v -0.470850 0.233421 1.582858
v -0.536022 0.250147 1.582858
v -0.563017 0.290525 1.582858
v -0.536022 0.330902 1.582858
v -0.405678 0.250147 1.943509
v -0.378684 0.290525 1.943509
v -0.405678 0.330902 1.943509
v -0.470850 0.347628 1.943509
v -0.563017 0.290525 1.943509
v -0.487143 0.260287 1.881779
v -0.487067 0.249197 1.991921
v -0.493841 0.265479 1.992067
v -0.470850 0.253572 1.881107
v -0.470794 0.242453 1.992759
v -0.487067 0.249197 1.991921
v -0.454558 0.260287 1.881779
v -0.454554 0.249197 1.994089
v -0.470794 0.242453 1.992759
v -0.454558 0.260287 1.881779
v -0.447809 0.276499 1.883400
v -0.447860 0.265479 1.995132
v -0.447809 0.276499 1.883400
v -0.454558 0.292711 1.885021
v -0.454633 0.281762 1.995277
v -0.454558 0.292711 1.885021
v -0.470850 0.299427 1.885694
v -0.470906 0.288506 1.994440
v -0.470850 0.299427 1.885694
v -0.487143 0.292711 1.885021
v -0.487147 0.281762 1.993109
v -0.493892 0.276499 1.883400
v -0.493841 0.265479 1.992067
v -0.487147 0.281762 1.993109
v -0.493841 0.265479 1.992067
v -0.487067 0.249197 1.991921
v -0.507090 0.249187 2.182238
v -0.487067 0.249197 1.991921
v -0.470794 0.242453 1.992759
v -0.490886 0.242438 2.183943
v -0.470794 0.242453 1.992759
v -0.454554 0.249197 1.994089
v -0.474683 0.249187 2.185649
v -0.447860 0.265479 1.995132
v -0.467971 0.265479 2.186355
v -0.474683 0.249187 2.185649
v -0.454633 0.281762 1.995277
v -0.474683 0.281772 2.185649
v -0.467971 0.265479 2.186355
v -0.470906 0.288506 1.994440
v -0.490886 0.288521 2.183943
v -0.474683 0.281772 2.185649
v -0.487147 0.281762 1.993109
v -0.507090 0.281772 2.182238
v -0.490886 0.288521 2.183943
v -0.487147 0.281762 1.993109
v -0.493841 0.265479 1.992067
v -0.513802 0.265479 2.181531
v -0.487143 0.292711 1.885021
v -0.447809 0.276499 1.883400
v -0.470850 0.299427 1.885694
v -0.454558 0.292711 1.885021
v -0.454558 0.260287 1.881779
v -0.490886 0.242438 2.183943
v -0.474683 0.249187 2.185649
v -0.479220 0.253748 2.185171
v -0.479220 0.277210 2.185171
v -0.502552 0.253748 2.182715
v -0.490886 0.248889 2.183943
v -0.479220 0.253748 2.185171
v -0.470717 0.265479 2.150809
v -0.479220 0.277210 2.185171
v -0.487216 0.282069 2.149072
v -0.498882 0.277210 2.147844
v -0.507385 0.265479 2.182207
v -0.503714 0.265479 2.147336
v -0.487216 0.248889 2.149072
v -0.470717 0.265479 2.150809
v -0.475550 0.277210 2.150300
v -0.487216 0.282069 2.149072
v -0.481870 0.296686 1.479900
v -0.459830 0.271640 1.650207
v -0.448810 0.290525 1.652984
v -0.459830 0.309409 1.655761
v -0.481870 0.309409 1.655761
v -0.492890 0.290525 1.652984
v -0.481870 0.334454 1.485454
v -0.459830 0.334454 1.485454
v -0.448810 0.315570 1.482677
v -0.492890 0.290525 1.652984
v -0.481870 0.271640 1.650207
v -0.459830 0.271640 1.650207
v -0.539184 0.324756 1.658494
v -0.552787 0.385526 1.658494
v -0.530959 0.329595 1.641965
v -0.569239 0.375849 1.888910
v -0.552787 0.385526 1.888910
v -0.530959 0.329595 1.872381
v -0.520319 0.962686 -0.731783
v -0.050162 1.001861 -0.694770
v -0.050640 0.995798 -0.684257
v 0.531447 0.977706 -0.694726
v 0.531045 0.989846 -0.694759
v 0.530384 0.983776 -0.684259
v 0.018063 1.029594 1.751955
v 0.028081 1.171851 1.351232
v 0.034060 1.175122 1.352542
v 0.028023 1.178393 1.353552
v 0.018005 1.036136 1.754275
v 0.024042 1.032865 1.753265
v 0.034060 1.175122 1.352542
vt 0.134828 0.389878
vt 0.123042 0.389878
vt 0.123042 0.373936
vt 0.123042 0.454044
vt 0.109976 0.454274
vt 0.109976 0.410214
vt 0.123042 0.410214
vt 0.109976 0.389878
vt 0.109976 0.380388
vt 0.096911 0.455472
vt 0.096911 0.410214
vt 0.096911 0.389878
vt 0.085125 0.456553
vt 0.085125 0.410214
vt 0.085125 0.389878
vt 0.096911 0.373936
vt 0.075771 0.457411
vt 0.075771 0.410214
vt 0.075771 0.389878
vt 0.004883 0.457663
vt 0.009135 0.427160
vt 0.004883 0.427160
vt 0.075771 0.372932
vt 0.085125 0.355209
vt 0.085125 0.372932
vt 0.069765 0.457962
vt 0.069765 0.410214
vt 0.069765 0.389878
vt 0.069765 0.372932
vt 0.069765 0.350902
vt 0.075771 0.346835
vt 0.075771 0.350902
vt 0.067696 0.458152
vt 0.067696 0.410214
vt 0.067696 0.389878
vt 0.067696 0.372932
vt 0.067696 0.350902
vt 0.069765 0.346835
vt 0.009135 0.459820
vt 0.018247 0.427160
vt 0.065631 0.458341
vt 0.065631 0.410214
vt 0.065631 0.389878
vt 0.065631 0.372932
vt 0.065631 0.350902
vt 0.067696 0.346835
vt 0.040117 0.461052
vt 0.040117 0.427160
vt 0.065631 0.427160
vt 0.040117 0.423432
vt 0.065631 0.423432
vt 0.040117 0.417331
vt 0.065631 0.417331
vt 0.040117 0.410214
vt 0.040117 0.389878
vt 0.040117 0.372932
vt 0.040117 0.367848
vt 0.030397 0.462559
vt 0.030397 0.427160
vt 0.065631 0.367848
vt 0.040117 0.361070
vt 0.065631 0.361070
vt 0.040117 0.350902
vt 0.065631 0.346835
vt 0.038902 0.461241
vt 0.038902 0.427160
vt 0.018247 0.464442
vt 0.218750 0.937500
vt 0.093750 0.937500
vt 0.339844 0.937500
vt 0.040117 0.346835
vt 0.134828 0.372932
vt 0.134828 0.355209
vt 0.134828 0.453836
vt 0.134828 0.410214
vt 0.144182 0.350902
vt 0.144182 0.326041
vt 0.144182 0.372932
vt 0.144182 0.389878
vt 0.144182 0.453671
vt 0.144182 0.410214
vt 0.150188 0.320399
vt 0.150188 0.283187
vt 0.150188 0.350902
vt 0.150188 0.372932
vt 0.150188 0.389878
vt 0.150188 0.453565
vt 0.150188 0.410214
vt 0.152257 0.259392
vt 0.152257 0.244141
vt 0.152257 0.320399
vt 0.152257 0.350902
vt 0.152257 0.372932
vt 0.152257 0.389878
vt 0.152257 0.453529
vt 0.152257 0.410214
vt 0.167687 0.259392
vt 0.167687 0.244141
vt 0.167687 0.320399
vt 0.167687 0.350902
vt 0.167687 0.372932
vt 0.167687 0.389878
vt 0.167687 0.453257
vt 0.167687 0.410214
vt 0.170117 0.259392
vt 0.170117 0.244141
vt 0.170117 0.320399
vt 0.170117 0.350902
vt 0.170117 0.372932
vt 0.170117 0.389878
vt 0.170117 0.410214
vt 0.232079 0.259392
vt 0.232079 0.244141
vt 0.232079 0.320399
vt 0.232079 0.350902
vt 0.232079 0.372932
vt 0.232079 0.389878
vt 0.170117 0.453257
vt 0.232079 0.410214
vt 0.317126 0.259392
vt 0.317126 0.244141
vt 0.317126 0.320399
vt 0.317126 0.350902
vt 0.317126 0.372932
vt 0.317126 0.410214
vt 0.317126 0.389878
vt 0.232079 0.453257
vt 0.351145 0.259392
vt 0.351145 0.244141
vt 0.351145 0.320399
vt 0.351145 0.350902
vt 0.351145 0.372932
vt 0.351145 0.389878
vt 0.317126 0.458680
vt 0.351145 0.410214
vt 0.353575 0.259392
vt 0.353575 0.244141
vt 0.353575 0.320399
vt 0.353575 0.350902
vt 0.353575 0.372932
vt 0.353575 0.389878
vt 0.351145 0.463425
vt 0.353575 0.410214
vt 0.360500 0.244141
vt 0.360500 0.259392
vt 0.360500 0.320399
vt 0.360500 0.372932
vt 0.360500 0.350902
vt 0.360500 0.389878
vt 0.360500 0.460616
vt 0.360500 0.410214
vt 0.362569 0.285072
vt 0.362569 0.320399
vt 0.362569 0.372932
vt 0.362569 0.350902
vt 0.362569 0.389878
vt 0.362569 0.459675
vt 0.362569 0.410214
vt 0.368575 0.329627
vt 0.368575 0.372932
vt 0.368575 0.350902
vt 0.368575 0.389878
vt 0.368575 0.456945
vt 0.368575 0.410214
vt 0.377929 0.360144
vt 0.377929 0.372932
vt 0.377929 0.389878
vt 0.377929 0.452692
vt 0.377929 0.410214
vt 0.389715 0.379738
vt 0.389715 0.389878
vt 0.389715 0.447334
vt 0.389715 0.410214
vt 0.402781 0.386489
vt 0.402781 0.389878
vt 0.402781 0.441395
vt 0.402781 0.410214
vt 0.415846 0.389878
vt 0.415846 0.379738
vt 0.415846 0.434633
vt 0.415846 0.410214
vt 0.427632 0.372932
vt 0.427632 0.360144
vt 0.427632 0.389878
vt 0.427632 0.428534
vt 0.427632 0.410214
vt 0.436986 0.372932
vt 0.436986 0.358019
vt 0.436986 0.389878
vt 0.436986 0.423694
vt 0.436986 0.410214
vt 0.442992 0.358019
vt 0.442992 0.372932
vt 0.442992 0.389878
vt 0.442992 0.420586
vt 0.442992 0.410214
vt 0.444697 0.358019
vt 0.444697 0.372932
vt 0.444697 0.389878
vt 0.444697 0.419704
vt 0.444697 0.410214
vt 0.445061 0.358019
vt 0.445061 0.372932
vt 0.445061 0.389878
vt 0.445061 0.419446
vt 0.445061 0.410214
vt 0.465351 0.358019
vt 0.465351 0.372932
vt 0.465351 0.389878
vt 0.465351 0.405130
vt 0.469603 0.358019
vt 0.471790 0.358019
vt 0.469603 0.364798
vt 0.471790 0.364798
vt 0.469603 0.372932
vt 0.469603 0.389878
vt 0.471790 0.378355
vt 0.469603 0.378355
vt 0.469603 0.403435
vt 0.471790 0.389878
vt 0.482360 0.358019
vt 0.482360 0.378355
vt 0.471790 0.402564
vt 0.482360 0.389878
vt 0.493052 0.373610
vt 0.495117 0.373610
vt 0.495117 0.372932
vt 0.493052 0.372932
vt 0.495117 0.358019
vt 0.487827 0.388861
vt 0.490865 0.379994
vt 0.490865 0.378355
vt 0.482360 0.364798
vt 0.487827 0.358019
vt 0.487828 0.378355
vt 0.482360 0.398351
vt 0.487828 0.364798
vt 0.490865 0.364798
vt 0.490865 0.358019
vt 0.490865 0.372932
vt 0.493052 0.358019
vt 0.353575 0.463764
vt 0.030558 0.009766
vt 0.014094 0.020277
vt 0.013291 0.009766
vt 0.071698 0.020277
vt 0.030558 0.020277
vt 0.071698 0.009766
vt 0.125000 0.020277
vt 0.178302 0.009766
vt 0.125000 0.009766
vt 0.219442 0.009766
vt 0.178302 0.020277
vt 0.235906 0.020277
vt 0.219442 0.020277
vt 0.014334 0.023418
vt 0.071698 0.023418
vt 0.030558 0.023418
vt 0.125000 0.023418
vt 0.178302 0.023418
vt 0.235666 0.023418
vt 0.219442 0.023418
vt 0.015030 0.032534
vt 0.071698 0.032534
vt 0.030558 0.032534
vt 0.125000 0.032534
vt 0.178302 0.032534
vt 0.234970 0.032534
vt 0.219442 0.032534
vt 0.016115 0.046732
vt 0.071698 0.046732
vt 0.030558 0.046732
vt 0.125000 0.046732
vt 0.178302 0.046732
vt 0.233885 0.046732
vt 0.219442 0.046732
vt 0.017482 0.064622
vt 0.071698 0.064622
vt 0.030558 0.064622
vt 0.125000 0.064622
vt 0.178302 0.064622
vt 0.232518 0.064622
vt 0.219442 0.064622
vt 0.018997 0.084454
vt 0.071698 0.084454
vt 0.030558 0.084454
vt 0.125000 0.084454
vt 0.178302 0.084454
vt 0.231003 0.084454
vt 0.219442 0.084454
vt 0.030558 0.104285
vt 0.019231 0.104285
vt 0.071698 0.104285
vt 0.125000 0.104285
vt 0.178302 0.104285
vt 0.219442 0.104285
vt 0.030558 0.122176
vt 0.019442 0.122176
vt 0.071698 0.122176
vt 0.125000 0.122176
vt 0.178302 0.122176
vt 0.230769 0.104285
vt 0.219442 0.122176
vt 0.030558 0.136374
vt 0.019609 0.136374
vt 0.071698 0.136374
vt 0.125000 0.136374
vt 0.178302 0.136374
vt 0.230558 0.122176
vt 0.219442 0.136374
vt 0.030558 0.145489
vt 0.019717 0.145489
vt 0.071698 0.145489
vt 0.125000 0.145489
vt 0.178302 0.145489
vt 0.230391 0.136374
vt 0.219442 0.145489
vt 0.030558 0.148077
vt 0.019747 0.148077
vt 0.071698 0.148077
vt 0.125000 0.148077
vt 0.178302 0.148077
vt 0.230283 0.145489
vt 0.219442 0.148077
vt 0.030558 0.148630
vt 0.019766 0.148630
vt 0.071698 0.148630
vt 0.125000 0.148630
vt 0.178302 0.148630
vt 0.230253 0.148077
vt 0.219442 0.148630
vt 0.030558 0.179428
vt 0.020798 0.179428
vt 0.071698 0.179428
vt 0.125000 0.179428
vt 0.178302 0.179428
vt 0.230234 0.148630
vt 0.219442 0.179428
vt 0.021935 0.189202
vt 0.071698 0.189202
vt 0.030558 0.189202
vt 0.125000 0.189202
vt 0.178302 0.189202
vt 0.228065 0.189202
vt 0.219442 0.189202
vt 0.023801 0.205246
vt 0.125000 0.205246
vt 0.071698 0.205246
vt 0.226199 0.205246
vt 0.219442 0.205246
vt 0.030558 0.205246
vt 0.025002 0.213544
vt 0.125000 0.213544
vt 0.071698 0.213544
vt 0.178302 0.205246
vt 0.224998 0.213544
vt 0.219442 0.213544
vt 0.030558 0.221474
vt 0.026204 0.221474
vt 0.125000 0.221474
vt 0.071698 0.221474
vt 0.178302 0.213544
vt 0.219442 0.221474
vt 0.026654 0.224609
vt 0.125000 0.224609
vt 0.071698 0.224609
vt 0.178302 0.221474
vt 0.223346 0.224609
vt 0.219442 0.224609
vt 0.031250 0.937500
vt 0.156250 0.937500
vt 0.281250 0.937500
vt 0.200195 0.865234
vt 0.323242 0.650391
vt 0.200195 0.650391
vt 0.323242 0.865234
vt 0.495117 0.865234
vt 0.333008 0.775391
vt 0.333008 0.865234
vt 0.333008 0.829297
vt 0.349682 0.775391
vt 0.333008 0.775391
vt 0.349682 0.829297
vt 0.333008 0.865234
vt 0.349682 0.865234
vt 0.430273 0.775391
vt 0.430273 0.829297
vt 0.471959 0.775391
vt 0.430273 0.775391
vt 0.430274 0.865234
vt 0.471959 0.829297
vt 0.495117 0.775391
vt 0.471959 0.865234
vt 0.495117 0.829297
vt 0.040117 0.346835
vt 0.030397 0.350902
vt 0.040117 0.350902
vt 0.030397 0.346835
vt 0.018247 0.350902
vt 0.018247 0.346835
vt 0.009135 0.350902
vt 0.009135 0.346835
vt 0.004883 0.350902
vt 0.004883 0.346835
vt 0.040117 0.361070
vt 0.030397 0.361070
vt 0.018247 0.361070
vt 0.009135 0.361070
vt 0.004883 0.361070
vt 0.040117 0.367848
vt 0.030397 0.367848
vt 0.018247 0.367848
vt 0.009135 0.367848
vt 0.004883 0.367848
vt 0.040117 0.372932
vt 0.030397 0.372932
vt 0.232637 0.494141
vt 0.256230 0.508187
vt 0.256230 0.494141
vt 0.209043 0.494141
vt 0.232637 0.508187
vt 0.495117 0.494141
vt 0.209043 0.508187
vt 0.495117 0.508187
vt 0.018247 0.372932
vt 0.040117 0.389878
vt 0.030397 0.389878
vt 0.256230 0.555009
vt 0.232637 0.555009
vt 0.209043 0.555009
vt 0.495117 0.555009
vt 0.018247 0.389878
vt 0.040117 0.410214
vt 0.030397 0.410214
vt 0.256230 0.611194
vt 0.232637 0.611194
vt 0.209043 0.611194
vt 0.495117 0.611194
vt 0.018247 0.410214
vt 0.040117 0.417331
vt 0.030397 0.417331
vt 0.256230 0.630859
vt 0.232637 0.630859
vt 0.209043 0.630859
vt 0.495117 0.630859
vt 0.018247 0.417331
vt 0.040117 0.423432
vt 0.030397 0.423432
vt 0.009135 0.417331
vt 0.018247 0.423432
vt 0.004883 0.417331
vt 0.009135 0.423432
vt 0.004883 0.423432
vt 0.040117 0.427160
vt 0.398438 0.937500
vt 0.844848 0.302190
vt 0.926228 0.131589
vt 0.975829 0.302190
vt 0.783874 0.302190
vt 0.824016 0.131589
vt 0.716126 0.302190
vt 0.776434 0.131589
vt 0.675984 0.131589
vt 0.723566 0.131589
vt 0.655152 0.302190
vt 0.573772 0.131589
vt 0.975160 0.512256
vt 0.844567 0.512256
vt 0.716226 0.512256
vt 0.783774 0.512256
vt 0.655433 0.512256
vt 0.524840 0.512256
vt 0.972869 0.722321
vt 0.843605 0.722321
vt 0.716570 0.722321
vt 0.783430 0.722321
vt 0.656395 0.722321
vt 0.527131 0.722321
vt 0.926228 0.892923
vt 0.824016 0.892923
vt 0.723566 0.892923
vt 0.776434 0.892923
vt 0.675984 0.892923
vt 0.573772 0.892923
vt 0.535479 0.884099
vt 0.529001 0.892820
vt 0.527671 0.073496
vt 0.603731 0.010746
vt 0.975572 0.333320
vt 0.975560 0.338223
vt 0.975251 0.463232
vt 0.974931 0.634814
vt 0.972838 0.703447
vt 0.972688 0.708350
vt 0.524428 0.333320
vt 0.524171 0.302190
vt 0.524440 0.338223
vt 0.524749 0.463232
vt 0.525069 0.634814
vt 0.527162 0.703447
vt 0.527312 0.708350
vt 0.236709 0.009766
vt 0.229202 0.179428
vt 0.030558 0.213544
vt 0.223796 0.221474
vt 0.030558 0.224609
vt 0.178302 0.224609
vt 0.495117 0.775391
vt 0.495117 0.865234
vt 0.964521 0.884099
vt 0.955375 0.950280
vt 0.945674 0.974547
vt 0.930153 0.979694
vt 0.888579 0.982636
vt 0.750000 0.983249
vt 0.611421 0.982636
vt 0.569847 0.979694
vt 0.544625 0.950280
vt 0.554326 0.974547
vt 0.970999 0.892820
vt 0.896269 0.010746
vt 0.750000 0.009766
vt 0.985677 0.133650
vt 0.980520 0.124971
vt 0.972329 0.073496
vt 0.514323 0.133650
vt 0.519480 0.124971
vt 0.962383 0.025943
vt 0.940150 0.014913
vt 0.537617 0.025943
vt 0.559850 0.014913
vn 0.988600 0.150300 -0.004500
vn 0.988200 0.153200 -0.004500
vn 0.995800 0.091200 -0.005700
vn 0.926000 0.377600 0.005900
vn 0.922900 0.385000 -0.000400
vn 0.972200 0.234100 0.010000
vn 0.973300 0.229600 -0.002200
vn 0.987600 0.156300 0.013400
vn 0.992800 0.118900 0.014500
vn 0.931700 0.363100 -0.003500
vn 0.975900 0.217000 0.023100
vn 0.989000 0.144500 0.031600
vn 0.939300 0.343200 -0.003000
vn 0.979100 0.202000 0.023700
vn 0.990400 0.134400 0.031900
vn 0.995700 0.085900 0.036000
vn 0.944900 0.327300 -0.002500
vn 0.981400 0.190400 0.024200
vn 0.991500 0.126400 0.032100
vn -0.959700 0.021400 0.280200
vn -0.836000 0.103100 0.538900
vn -0.924100 0.010300 0.381900
vn 0.996800 0.071700 0.036400
vn 0.999200 0.015000 0.038200
vn 0.996400 0.076200 0.036300
vn 0.948400 0.317200 -0.002300
vn 0.982800 0.183100 0.024400
vn 0.992100 0.121500 0.032300
vn 0.997000 0.069000 0.036400
vn 0.998000 -0.049600 0.038300
vn 0.994300 -0.099400 0.038100
vn 0.949500 0.313700 -0.002200
vn 0.983200 0.180600 0.024500
vn 0.992300 0.119800 0.032300
vn 0.997000 0.068100 0.036400
vn -0.914200 0.158100 0.373100
vn -0.978300 0.160800 0.130300
vn 0.950700 0.310100 0.003600
vn 0.983300 0.178100 0.036100
vn 0.992000 0.118100 0.045300
vn 0.996500 0.067100 0.050200
vn 0.997400 -0.049600 0.052400
vn 0.967400 0.248700 0.048600
vn 0.982200 0.175800 0.066400
vn 0.973600 0.226700 0.025700
vn 0.983500 0.167300 0.068200
vn 0.976000 0.216100 0.028200
vn 0.985600 0.153600 0.070900
vn 0.979500 0.198700 0.032000
vn 0.987700 0.137500 0.074000
vn 0.992600 0.090800 0.080600
vn 0.995100 0.051500 0.084100
vn 0.995600 0.039600 0.084800
vn -0.966300 0.242600 0.086600
vn -0.981100 0.169000 0.094600
vn 0.997400 0.051600 0.051100
vn 0.996100 0.023800 0.085400
vn 0.998200 0.031000 0.052000
vn 0.995100 -0.049500 0.085700
vn 0.993700 -0.099400 0.052200
vn 0.965100 0.247300 0.086300
vn 0.980100 0.174600 0.094200
vn 0.966400 0.242400 0.086000
vn 0.981100 0.169000 0.094600
vn 0.967800 0.234800 0.090900
vn 0.978300 0.160800 0.130300
vn 0.914200 0.158100 0.373100
vn 0.836000 0.103100 0.538900
vn 0.959700 0.021300 0.280200
vn 0.000000 -0.146500 -0.989200
vn 0.000000 0.146500 0.989200
vn -0.965100 0.247300 0.086300
vn -0.980100 0.174600 0.094200
vn 0.000000 0.000000 -1.000000
vn 0.000000 0.000000 1.000000
vn 1.000000 0.000000 0.000000
vn -1.000000 0.000000 0.000000
vn 0.000000 1.000000 0.000000
vn 0.000000 -1.000000 0.000000
vn -0.960000 0.279900 0.000400
vn -0.992300 0.123900 0.000400
vn -0.996500 -0.083300 0.003500
vn -0.927900 -0.371000 0.036800
vn -0.862200 -0.506500 -0.001600
vn -0.862200 -0.506600 -0.001600
vn -0.967400 0.248700 0.048600
vn -0.982200 0.175800 0.066400
vn -0.862200 -0.506500 -0.001400
vn -0.862200 -0.506600 -0.001200
vn -0.995100 -0.049500 0.085700
vn -0.993700 -0.099400 0.052200
vn -0.991400 -0.099100 0.085400
vn -0.998200 0.031000 0.052000
vn -0.997400 -0.049600 0.052400
vn -0.996100 0.023800 0.085400
vn -0.997400 0.051600 0.051100
vn -0.995600 0.039600 0.084800
vn -0.996500 0.067100 0.050200
vn -0.995100 0.051500 0.084100
vn -0.992000 0.118100 0.045300
vn -0.992600 0.090800 0.080600
vn -0.983300 0.178100 0.036100
vn -0.987700 0.137500 0.074000
vn -0.979500 0.198700 0.032000
vn -0.985600 0.153600 0.070900
vn -0.976000 0.216100 0.028200
vn -0.983500 0.167400 0.068200
vn -0.973600 0.226700 0.025700
vn -0.950700 0.310100 0.003600
vn -0.862200 -0.506500 -0.001200
vn -0.994300 -0.099400 0.038100
vn -0.997000 0.068100 0.036400
vn -0.998000 -0.049600 0.038300
vn -0.992300 0.119800 0.032300
vn -0.983300 0.180600 0.024300
vn -0.949500 0.313700 -0.002200
vn -0.862100 -0.506500 -0.014000
vn -0.862000 -0.506400 -0.020100
vn -0.997000 0.069000 0.036400
vn -0.992100 0.121400 0.032300
vn -0.982800 0.183100 0.024400
vn -0.948400 0.317200 -0.002300
vn -0.933400 -0.353100 -0.063600
vn -0.996600 -0.070400 -0.042300
vn -0.994300 -0.099500 0.038100
vn -0.996800 0.071700 0.036400
vn -0.991500 0.126400 0.032100
vn -0.981400 0.190400 0.024200
vn -0.944900 0.327300 -0.002500
vn -0.994700 0.103000 -0.007600
vn -0.971400 0.234300 -0.038800
vn -0.999200 0.015000 0.038200
vn -0.990400 0.134400 0.031900
vn -0.996400 0.076400 0.036300
vn -0.979100 0.202000 0.023700
vn -0.939300 0.343200 -0.003000
vn -1.000000 0.000000 0.000100
vn -0.995700 0.085900 0.036000
vn -0.975900 0.217000 0.023100
vn -0.989000 0.144500 0.031600
vn -0.931700 0.363100 -0.003500
vn -0.992800 0.118900 0.014500
vn -0.972200 0.234100 0.010000
vn -0.987600 0.156300 0.013400
vn -0.922900 0.385000 -0.000400
vn 0.000000 -0.134200 -0.991000
vn -0.988200 0.153200 -0.004500
vn -0.995800 0.091200 -0.005700
vn -0.925900 0.377600 0.005900
vn -0.973300 0.229600 -0.002200
vn 0.000000 -0.399400 -0.916800
vn 0.000000 -0.649900 -0.760000
vn 0.000000 -0.859000 -0.511900
vn -0.996300 0.085700 -0.005700
vn -0.999800 0.016800 -0.006300
vn -0.988600 0.150300 -0.004500
vn -0.928700 0.370800 0.005900
vn -0.974300 0.225400 -0.002200
vn 0.000000 -0.983300 -0.182100
vn 0.000000 -0.983300 0.182100
vn -0.998700 -0.049600 -0.006300
vn -0.995000 -0.099500 -0.006300
vn -0.996400 0.084300 -0.005700
vn -0.989000 0.148100 -0.004500
vn -0.930900 0.365300 0.006000
vn -0.975000 0.222100 -0.002200
vn 0.000000 -0.859000 0.511900
vn -0.982400 -0.186700 -0.006200
vn -0.862200 -0.506500 -0.005400
vn -0.996500 0.083400 -0.005700
vn -0.989200 0.146600 -0.004500
vn -0.932200 0.361800 0.006000
vn -0.975500 0.220000 -0.002200
vn -0.884600 -0.466300 -0.005600
vn -0.973800 -0.227300 -0.006200
vn -0.996500 0.083100 -0.005700
vn -0.989300 0.146100 -0.004500
vn -0.932800 0.360300 0.005900
vn -0.975600 0.219300 -0.002200
vn -0.884600 -0.466300 -0.003700
vn -0.973800 -0.227300 -0.004000
vn -0.982400 -0.186700 -0.004000
vn -0.998800 -0.049600 -0.004000
vn -0.996700 0.081000 -0.003800
vn -0.989800 0.142300 -0.003200
vn -0.936400 0.351000 0.001800
vn -0.976900 0.213700 -0.002000
vn -0.884700 -0.466300 -0.001700
vn -0.973800 -0.227300 -0.001800
vn -0.982400 -0.186700 -0.001900
vn -0.998800 -0.049600 -0.001900
vn -0.996700 0.081000 -0.001900
vn -0.989800 0.142300 -0.001900
vn -0.976900 0.213700 -0.001800
vn -0.884700 -0.466300 -0.001500
vn -0.973800 -0.227400 -0.001600
vn -0.982400 -0.186700 -0.001600
vn -0.998800 -0.049600 -0.001700
vn -0.996700 0.081000 -0.001500
vn -0.989800 0.142300 -0.001100
vn -0.936500 0.350700 -0.001800
vn -0.976900 0.213700 -0.000400
vn -0.884600 -0.466200 -0.011300
vn -0.973800 -0.227200 -0.012100
vn -0.982300 -0.186700 -0.012200
vn -0.998700 -0.049700 -0.012300
vn -0.997200 0.074400 -0.011700
vn -0.980400 0.196800 -0.007400
vn -0.991400 0.130800 -0.010200
vn -0.936300 0.351300 0.001800
vn -0.884500 -0.466100 -0.021300
vn -0.973600 -0.227200 -0.022700
vn -0.982200 -0.186600 -0.022900
vn -0.998500 -0.049600 -0.023100
vn -0.997600 0.066100 -0.022400
vn -0.993000 0.116300 -0.020400
vn -0.940100 0.341000 0.001200
vn -0.984300 0.175500 -0.016500
vn -0.884600 -0.466300 -0.006100
vn -0.973800 -0.227400 -0.006600
vn -0.982400 -0.186700 -0.006600
vn -0.998700 -0.049700 -0.006700
vn -0.997800 0.065500 -0.009300
vn -0.993200 0.115400 -0.014700
vn -0.947800 0.318800 -0.004000
vn -0.984400 0.174000 -0.025000
vn -0.973800 -0.227300 0.009600
vn -0.884600 -0.466300 0.008800
vn -0.982400 -0.186700 0.009700
vn -0.997100 0.076600 0.003200
vn -0.998700 -0.049600 0.009900
vn -0.990800 0.134700 -0.011000
vn -0.925700 0.350800 -0.141700
vn -0.978600 0.202300 -0.037800
vn -0.862200 -0.506500 0.008500
vn -0.982400 -0.186600 0.009700
vn -0.996800 0.080100 0.003000
vn -0.990000 0.140900 -0.011600
vn -0.921100 0.362100 -0.143100
vn -0.976600 0.211300 -0.039200
vn 0.000000 -0.649900 0.760000
vn -0.995000 -0.099500 0.009800
vn -0.995900 0.091000 0.002300
vn -0.987100 0.159700 -0.013600
vn -0.906800 0.395000 -0.147000
vn -0.970100 0.238600 -0.043600
vn 0.000000 -0.399400 0.916800
vn 0.000000 -0.134200 0.991000
vn -0.998900 0.046400 0.008300
vn -0.993900 0.110000 0.001100
vn -0.981200 0.192100 -0.017200
vn -0.881700 0.446300 -0.152900
vn -0.957100 0.285200 -0.051300
vn -0.210200 0.022600 0.977400
vn -0.757500 0.069800 0.649100
vn -0.849500 0.292600 0.438900
vn -0.983700 0.179600 -0.008200
vn -0.970600 0.239500 -0.022600
vn -0.845000 0.510400 -0.159700
vn -0.934400 0.350800 -0.062600
vn -0.881900 0.419400 0.215400
vn -0.853000 0.518400 0.060200
vn -0.810700 0.574300 -0.114300
vn -0.794300 0.540300 -0.277600
vn -0.959900 0.277100 -0.041800
vn -0.952400 0.301200 -0.046300
vn -0.801000 0.581400 -0.142800
vn -0.898200 0.432200 -0.079600
vn -0.754700 0.383500 -0.532300
vn -0.575000 0.198100 -0.793800
vn -0.212400 0.019600 -0.977000
vn -0.939900 0.335000 -0.066000
vn -0.965400 0.254500 -0.057400
vn -0.791700 0.598700 -0.121800
vn -0.875600 0.474800 -0.089000
vn -0.973800 0.220700 -0.054300
vn -0.994400 0.094600 -0.047800
vn -0.925800 0.371300 -0.070100
vn -0.779200 0.614300 -0.124400
vn -0.849600 0.518500 -0.097000
vn -0.968400 0.243000 -0.055700
vn -0.995600 0.080700 -0.047300
vn -0.911500 0.404600 -0.074200
vn -0.768000 0.627800 -0.126600
vn -0.824100 0.556600 -0.104900
vn -0.995100 0.086500 -0.047500
vn -0.964100 0.259300 -0.056900
vn -0.900300 0.428400 -0.077200
vn -0.760100 0.637100 -0.128200
vn -0.805000 0.582800 -0.110800
vn 0.000000 -0.140300 -0.990100
vn 0.000000 -0.414800 -0.909900
vn 0.000000 -0.666700 -0.745300
vn -0.993100 0.088100 -0.077100
vn -0.960700 0.263700 -0.086900
vn -0.894300 0.434200 -0.108200
vn -0.754200 0.636900 -0.159700
vn -0.796000 0.588200 -0.143200
vn 0.000000 -0.868900 -0.494900
vn 0.000000 -0.984700 -0.174300
vn 0.000000 -0.984700 0.174300
vn -0.990400 0.088300 -0.106500
vn -0.957400 0.264200 -0.116400
vn -0.890000 0.434500 -0.138100
vn -0.749600 0.634000 -0.190300
vn -0.790500 0.587200 -0.173900
vn 0.000000 -0.868900 0.494900
vn 0.000000 -0.666700 0.745300
vn 0.000000 -0.414800 0.909900
vn -0.981800 0.122400 -0.145400
vn -0.921700 0.355700 -0.154800
vn -0.813100 0.555200 -0.174900
vn -0.717100 0.668500 -0.197100
vn 0.000000 -0.140300 0.990100
vn -0.219100 0.023500 0.975400
vn -0.816400 -0.002300 0.577500
vn -0.850200 0.281400 0.444900
vn -0.895200 0.376300 0.238900
vn -0.882900 0.458500 0.101200
vn -0.974900 0.127000 -0.182700
vn -0.974500 0.129900 -0.182700
vn -0.952800 0.242300 -0.183200
vn -0.951400 0.247500 -0.183200
vn -0.911600 0.367500 -0.184400
vn -0.799300 0.570100 -0.190000
vn -0.873900 0.449200 -0.185800
vn -0.878000 0.441100 -0.185700
vn -0.713400 0.672500 -0.197300
vn -0.793000 0.578700 -0.190500
vn -0.873200 0.481800 -0.073800
vn -0.860800 0.451000 -0.235600
vn -0.815700 0.343400 -0.465600
vn -0.601600 0.199100 -0.773600
vn -0.257200 -0.000700 -0.966400
vn -0.953800 0.143200 -0.264000
vn -0.825900 0.477900 -0.299100
vn -0.711300 0.674600 -0.197300
vn -0.729000 0.598800 -0.331800
vn -0.483600 0.744600 -0.460200
vn -0.565800 0.822800 -0.054300
vn -0.892300 0.425900 -0.149700
vn -0.549900 0.592400 -0.588800
vn -0.451000 0.581500 -0.677100
vn -0.461400 0.581700 -0.669900
vn -0.483500 0.744600 -0.460200
vn -0.923600 0.270500 -0.271600
vn -0.914700 0.189900 -0.356800
vn -0.672700 0.538600 -0.507400
vn -0.668000 0.653700 -0.355700
vn -0.851400 0.345100 -0.394900
vn -0.739600 0.472000 -0.479800
vn -0.875500 0.286300 -0.389300
vn -0.562300 0.568900 -0.600200
vn -0.834200 0.421600 -0.355400
vn -0.875500 0.286200 -0.389300
vn -0.220700 0.023700 -0.975100
vn -0.828700 -0.002400 -0.559600
vn -0.860400 0.284700 -0.422600
vn -0.900900 0.379300 -0.211000
vn -0.883300 0.462800 -0.074400
vn -0.871200 0.480700 0.100100
vn -0.856600 0.444900 0.261200
vn -0.806000 0.338800 0.485400
vn -0.592700 0.196100 0.781200
vn -0.255200 -0.000700 0.966900
vn -0.208200 0.022400 -0.977800
vn -0.744000 0.068600 -0.664700
vn -0.838100 0.288700 -0.462800
vn -0.865200 0.439600 -0.241300
vn -0.821300 0.558700 -0.115400
vn -0.814600 0.577000 0.059000
vn -0.828100 0.503200 0.247200
vn -0.782100 0.371900 0.500000
vn -0.584700 0.201400 0.785900
vn -0.214500 0.019800 0.976500
vn -0.967400 0.252400 0.020700
vn -0.994500 0.099600 -0.033000
vn -0.997900 -0.063800 -0.007000
vn -0.941200 -0.337700 0.012100
vn -0.933300 -0.358300 -0.023200
vn -0.996600 -0.082800 -0.005300
vn -0.992300 0.124100 -0.004100
vn -0.960000 0.280100 -0.004000
vn 0.924100 0.014700 0.381900
vn -0.946400 0.315400 -0.069200
vn 0.991400 -0.099100 0.085400
vn 0.999800 0.016800 -0.006300
vn 0.996300 0.085700 -0.005700
vn 0.928700 0.370800 0.005900
vn 0.974300 0.225400 -0.002200
vn 0.995000 -0.099500 -0.006300
vn 0.998700 -0.049600 -0.006300
vn 0.996400 0.084300 -0.005700
vn 0.989000 0.148100 -0.004500
vn 0.930900 0.365300 0.006000
vn 0.975000 0.222100 -0.002200
vn 0.862200 -0.506500 -0.005400
vn 0.982400 -0.186700 -0.006200
vn 0.996500 0.083400 -0.005700
vn 0.989200 0.146600 -0.004500
vn 0.932200 0.361800 0.006000
vn 0.975500 0.220000 -0.002200
vn 0.973800 -0.227300 -0.006200
vn 0.884600 -0.466300 -0.005600
vn 0.996500 0.083100 -0.005700
vn 0.989300 0.146100 -0.004500
vn 0.932700 0.360500 0.006000
vn 0.975600 0.219300 -0.002200
vn 0.884600 -0.466300 -0.003600
vn 0.973800 -0.227300 -0.004000
vn 0.982400 -0.186700 -0.004000
vn 0.998800 -0.049600 -0.004100
vn 0.996700 0.081000 -0.003800
vn 0.989800 0.142300 -0.003200
vn 0.936500 0.350600 0.001900
vn 0.976900 0.213700 -0.002000
vn 0.884700 -0.466300 -0.001700
vn 0.973800 -0.227300 -0.001800
vn 0.982400 -0.186700 -0.001900
vn 0.998800 -0.049600 -0.001900
vn 0.996700 0.081000 -0.001900
vn 0.989800 0.142300 -0.001900
vn 0.976900 0.213700 -0.001800
vn 0.884700 -0.466300 -0.001500
vn 0.973800 -0.227400 -0.001600
vn 0.982400 -0.186700 -0.001600
vn 0.998800 -0.049600 -0.001700
vn 0.996700 0.081000 -0.001500
vn 0.989800 0.142300 -0.001100
vn 0.976900 0.213700 -0.000400
vn 0.936300 0.351100 -0.001800
vn 0.884600 -0.466300 -0.011000
vn 0.973800 -0.227200 -0.012100
vn 0.982300 -0.186700 -0.012200
vn 0.998700 -0.049700 -0.012400
vn 0.997200 0.074400 -0.011700
vn 0.980400 0.196800 -0.007400
vn 0.991400 0.130800 -0.010200
vn 0.936300 0.351100 0.001800
vn 0.884500 -0.466100 -0.020600
vn 0.973600 -0.227200 -0.022700
vn 0.982200 -0.186600 -0.022900
vn 0.998500 -0.049600 -0.023300
vn 0.997600 0.066100 -0.022400
vn 0.993000 0.116300 -0.020400
vn 0.984300 0.175500 -0.016500
vn 0.940100 0.341000 0.001200
vn 0.884600 -0.466300 -0.005900
vn 0.973800 -0.227400 -0.006600
vn 0.982400 -0.186700 -0.006600
vn 0.998700 -0.049600 -0.006700
vn 0.997800 0.065500 -0.009300
vn 0.993200 0.115400 -0.014700
vn 0.984400 0.174000 -0.025000
vn 0.947800 0.318800 -0.004000
vn 0.973800 -0.227300 0.009600
vn 0.884600 -0.466300 0.008800
vn 0.982400 -0.186700 0.009700
vn 0.997100 0.076600 0.003200
vn 0.998700 -0.049600 0.009900
vn 0.990800 0.134700 -0.011000
vn 0.925700 0.350800 -0.141700
vn 0.978600 0.202300 -0.037800
vn 0.862200 -0.506500 0.008500
vn 0.982400 -0.186600 0.009700
vn 0.996800 0.080100 0.003000
vn 0.990000 0.140900 -0.011600
vn 0.921100 0.362100 -0.143100
vn 0.976600 0.211300 -0.039300
vn 0.995000 -0.099500 0.009800
vn 0.995900 0.091000 0.002300
vn 0.987100 0.159700 -0.013600
vn 0.906800 0.395000 -0.147000
vn 0.970100 0.238600 -0.043600
vn 0.998900 0.046400 0.008300
vn 0.993900 0.110000 0.001100
vn 0.981200 0.192100 -0.017200
vn 0.881700 0.446300 -0.152900
vn 0.957100 0.285200 -0.051300
vn 0.983700 0.179600 -0.008200
vn 0.970600 0.239500 -0.022600
vn 0.845000 0.510400 -0.159700
vn 0.934400 0.350800 -0.062600
vn 0.959900 0.277100 -0.041800
vn 0.952400 0.301200 -0.046300
vn 0.801000 0.581400 -0.142800
vn 0.898300 0.432200 -0.079600
vn 0.939900 0.335000 -0.066000
vn 0.965400 0.254500 -0.057400
vn 0.791600 0.598700 -0.121800
vn 0.875600 0.474800 -0.089000
vn 0.994400 0.094600 -0.047800
vn 0.973800 0.220700 -0.054300
vn 0.925900 0.371300 -0.070100
vn 0.779300 0.614200 -0.124400
vn 0.849600 0.518500 -0.097100
vn 0.968400 0.243000 -0.055700
vn 0.995600 0.080700 -0.047300
vn 0.911500 0.404600 -0.074100
vn 0.768000 0.627800 -0.126600
vn 0.824100 0.556600 -0.104900
vn 0.995100 0.086500 -0.047500
vn 0.964100 0.259300 -0.056900
vn 0.900300 0.428400 -0.077200
vn 0.760100 0.637100 -0.128200
vn 0.805000 0.582800 -0.110800
vn 0.993100 0.088100 -0.077100
vn 0.960700 0.263700 -0.086900
vn 0.894300 0.434200 -0.108100
vn 0.754200 0.636900 -0.159600
vn 0.796000 0.588200 -0.143200
vn 0.990400 0.088300 -0.106500
vn 0.957400 0.264200 -0.116400
vn 0.890000 0.434500 -0.138100
vn 0.749600 0.633900 -0.190300
vn 0.790500 0.587200 -0.173900
vn 0.981800 0.122400 -0.145400
vn 0.921700 0.355700 -0.154800
vn 0.813100 0.555200 -0.174900
vn 0.717100 0.668500 -0.197100
vn 0.974900 0.127000 -0.182700
vn 0.952700 0.242300 -0.183200
vn 0.974500 0.129900 -0.182800
vn 0.951400 0.247500 -0.183200
vn 0.911600 0.367500 -0.184400
vn 0.873900 0.449200 -0.185800
vn 0.799300 0.570100 -0.190000
vn 0.878000 0.441100 -0.185700
vn 0.793000 0.578800 -0.190300
vn 0.713400 0.672400 -0.197300
vn 0.953800 0.143200 -0.264000
vn 0.825900 0.477900 -0.299100
vn 0.729000 0.598800 -0.331800
vn 0.711300 0.674600 -0.197300
vn 0.914700 0.189900 -0.356800
vn 0.923600 0.270500 -0.271600
vn 0.672700 0.538600 -0.507400
vn 0.549900 0.592400 -0.588800
vn 0.668000 0.653700 -0.355700
vn 0.834200 0.421600 -0.355400
vn 0.562300 0.568900 -0.600200
vn 0.875500 0.286200 -0.389300
vn 0.875500 0.286300 -0.389300
vn 0.851400 0.345100 -0.394900
vn 0.483600 0.744500 -0.460200
vn 0.451000 0.581500 -0.677100
vn 0.461400 0.581700 -0.669900
vn 0.892300 0.425800 -0.149800
vn 0.565800 0.822800 -0.054300
vn 0.483600 0.744600 -0.460200
vn -0.967800 0.234800 0.090900
vn 0.220700 0.023700 -0.975100
vn 0.828700 -0.002400 -0.559600
vn 0.860400 0.284700 -0.422600
vn 0.900900 0.379300 -0.211000
vn 0.883300 0.462800 -0.074400
vn 0.871200 0.480700 0.100100
vn 0.856700 0.444900 0.261200
vn 0.806000 0.338800 0.485400
vn 0.592700 0.196100 0.781200
vn 0.255200 -0.000700 0.966900
vn 1.000000 0.000000 -0.000200
vn 0.208200 0.022400 -0.977800
vn 0.744000 0.068600 -0.664700
vn 0.838100 0.288700 -0.462800
vn 0.865200 0.439600 -0.241300
vn 0.821300 0.558700 -0.115400
vn 0.814600 0.577000 0.059000
vn 0.828100 0.503200 0.247200
vn 0.782100 0.371900 0.500000
vn 0.584700 0.201400 0.785900
vn 0.214500 0.019800 0.976500
vn 0.967400 0.252400 0.020700
vn 0.994500 0.099600 -0.033000
vn 0.997900 -0.063800 -0.007000
vn 0.941200 -0.337700 0.012100
vn 0.862000 -0.506400 -0.020100
vn 0.862100 -0.506500 -0.014000
vn 0.862200 -0.506500 -0.001200
vn 0.862200 -0.506500 -0.001400
vn 0.862200 -0.506500 -0.001600
vn 0.862200 -0.506600 -0.001600
vn 0.933300 -0.358300 -0.023200
vn 0.996600 -0.082800 -0.005300
vn 0.992300 0.124100 -0.004200
vn 0.960000 0.280100 -0.004000
vn -0.047000 0.994400 -0.095000
vn -0.046700 0.985200 -0.164900
vn -0.036400 0.997700 -0.057000
vn -0.016700 0.995800 -0.090500
vn -0.061900 0.989200 -0.132800
vn -0.012600 0.991100 -0.132500
vn 0.000000 0.996700 -0.081700
vn 0.012600 0.991100 -0.132500
vn 0.000000 0.990000 -0.141000
vn 0.047000 0.994400 -0.095000
vn 0.016700 0.995800 -0.090500
vn 0.046700 0.985200 -0.164900
vn 0.061900 0.989200 -0.132800
vn -0.050000 0.985000 -0.165200
vn -0.017900 0.995700 -0.090600
vn -0.066600 0.988800 -0.133400
vn 0.000000 0.996700 -0.081400
vn 0.017900 0.995700 -0.090600
vn 0.050000 0.985000 -0.165200
vn 0.066600 0.988800 -0.133400
vn -0.059500 0.984300 -0.166000
vn -0.021600 0.995600 -0.091000
vn -0.080400 0.987500 -0.135500
vn 0.000000 0.996700 -0.081300
vn 0.021600 0.995600 -0.091000
vn 0.059500 0.984300 -0.166000
vn 0.080400 0.987500 -0.135500
vn -0.074400 0.983100 -0.167200
vn -0.027600 0.995400 -0.091500
vn -0.103100 0.985000 -0.138600
vn 0.027600 0.995400 -0.091500
vn 0.074400 0.983100 -0.167200
vn 0.103100 0.985000 -0.138600
vn -0.093600 0.981200 -0.168700
vn -0.035700 0.995100 -0.092200
vn -0.133600 0.980700 -0.142700
vn 0.000000 0.996700 -0.081200
vn 0.035700 0.995100 -0.092200
vn 0.093600 0.981200 -0.168700
vn 0.133600 0.980700 -0.142700
vn -0.115000 0.976700 -0.181000
vn -0.045100 0.988900 -0.141900
vn -0.169500 0.971400 -0.166100
vn 0.000000 0.990600 -0.136600
vn 0.045100 0.988900 -0.141900
vn 0.115000 0.976700 -0.181000
vn 0.169500 0.971400 -0.166100
vn -0.167100 0.968500 -0.184500
vn -0.113100 0.976600 -0.182800
vn -0.044200 0.980800 -0.189800
vn 0.000000 0.981700 -0.190600
vn 0.044200 0.980800 -0.189800
vn 0.167100 0.968500 -0.184500
vn -0.165400 0.968800 -0.184500
vn -0.111400 0.976800 -0.182800
vn -0.043700 0.980800 -0.189800
vn 0.043700 0.980800 -0.189800
vn 0.113100 0.976600 -0.182800
vn 0.165400 0.968800 -0.184500
vn -0.164000 0.969100 -0.184500
vn -0.110000 0.977000 -0.182800
vn -0.043300 0.980900 -0.189800
vn 0.043300 0.980900 -0.189800
vn 0.111400 0.976800 -0.182800
vn 0.164000 0.969100 -0.184500
vn -0.163100 0.969200 -0.184500
vn -0.109100 0.977100 -0.182800
vn -0.043100 0.980900 -0.189800
vn 0.043100 0.980900 -0.189800
vn 0.110000 0.977000 -0.182800
vn 0.163100 0.969200 -0.184500
vn -0.161800 0.963000 -0.215600
vn -0.108100 0.970700 -0.214400
vn -0.042700 0.975500 -0.215700
vn 0.000000 0.976600 -0.215300
vn 0.042700 0.975500 -0.215700
vn 0.109100 0.977100 -0.182800
vn 0.161800 0.963000 -0.215600
vn -0.160800 0.955800 -0.246000
vn -0.107300 0.962800 -0.248000
vn -0.042500 0.969600 -0.241100
vn 0.000000 0.970800 -0.239900
vn 0.042500 0.969600 -0.241100
vn 0.108100 0.970700 -0.214400
vn 0.160800 0.955800 -0.246000
vn -0.170800 0.959600 -0.223600
vn -0.111900 0.973900 -0.197400
vn -0.044600 0.966100 -0.254100
vn 0.000000 0.965400 -0.260700
vn 0.044600 0.966100 -0.254100
vn 0.107300 0.962800 -0.248000
vn 0.170800 0.959600 -0.223600
vn -0.094900 0.983500 -0.154100
vn -0.111900 0.973900 -0.197300
vn -0.038200 0.963200 -0.266100
vn -0.149100 0.969400 -0.195000
vn 0.000000 0.959700 -0.280900
vn 0.038200 0.963200 -0.266100
vn 0.094900 0.983500 -0.154100
vn 0.149100 0.969400 -0.195000
vn -0.060900 0.929300 -0.364300
vn 0.000000 0.938300 -0.345900
vn -0.026200 0.936600 -0.349300
vn 0.060900 0.929300 -0.364200
vn 0.101200 0.924900 -0.366400
vn -0.101200 0.924900 -0.366400
vn -0.065900 0.760400 -0.646100
vn 0.000000 0.864100 -0.503400
vn -0.032200 0.848700 -0.527900
vn 0.026200 0.936600 -0.349300
vn 0.065900 0.760400 -0.646100
vn 0.114900 0.769700 -0.628000
vn -0.188200 0.854200 -0.484700
vn -0.108000 0.872500 -0.476600
vn 0.000000 0.870200 -0.492700
vn -0.048400 0.869500 -0.491600
vn 0.032200 0.848700 -0.527900
vn 0.188100 0.854300 -0.484600
vn -0.188100 0.854300 -0.484600
vn -0.105600 0.994200 -0.018900
vn -0.108000 0.872500 -0.476500
vn 0.000000 0.979400 -0.201700
vn -0.047500 0.983500 -0.174700
vn 0.048400 0.869500 -0.491600
vn 0.188200 0.854300 -0.484600
vn 0.105600 0.994200 -0.018900
vn 0.187700 0.981300 -0.042000
vn -0.046900 0.990200 -0.131400
vn -0.062000 0.989200 -0.132800
vn -0.066700 0.988700 -0.134200
vn -0.080600 0.987300 -0.136800
vn -0.103300 0.984700 -0.140600
vn -0.133800 0.980300 -0.145200
vn -0.169300 0.968200 -0.184500
vn -0.167400 0.968500 -0.184500
vn -0.165800 0.968800 -0.184500
vn -0.164400 0.969000 -0.184500
vn -0.163400 0.969200 -0.184500
vn -0.161000 0.955800 -0.245900
vn -0.161100 0.955700 -0.246200
vn -0.172100 0.965000 -0.198000
vn 0.046900 0.990200 -0.131400
vn 0.062000 0.989200 -0.132800
vn 0.066700 0.988700 -0.134200
vn 0.080600 0.987300 -0.136800
vn 0.103300 0.984700 -0.140500
vn 0.133800 0.980300 -0.145200
vn 0.169300 0.968200 -0.184500
vn 0.167400 0.968500 -0.184500
vn 0.165800 0.968800 -0.184500
vn 0.164400 0.969000 -0.184500
vn 0.163400 0.969200 -0.184500
vn 0.161000 0.955800 -0.245900
vn 0.161100 0.955700 -0.246200
vn 0.172100 0.965000 -0.198000
vn -0.955100 0.296100 -0.009600
vn -0.980800 0.194100 -0.017300
vn -0.999700 0.024100 -0.000800
vn -0.929800 0.367600 -0.015200
vn -0.969800 0.243300 -0.016200
vn -0.931500 0.363600 -0.007300
vn -0.931900 0.362800 -0.003700
vn -0.933400 0.358700 -0.000500
vn -0.930900 0.365400 -0.002300
vn -0.933100 0.359600 -0.000600
vn -0.933300 0.359000 -0.001800
vn -0.936200 0.351300 0.012800
vn -0.931900 0.362700 -0.003400
vn -0.970400 0.241100 -0.011600
vn -0.936900 0.349500 0.001200
vn -0.976400 0.209500 0.052900
vn -1.000000 -0.000800 -0.002900
vn -0.996300 0.081500 -0.027200
vn -0.949500 0.313700 0.011000
vn -0.999700 0.024200 -0.000800
vn -0.947500 0.319800 0.007200
vn -0.936000 0.352100 0.001300
vn -0.933500 0.358700 -0.000500
vn -0.935700 0.352900 0.002100
vn -0.935700 0.352700 0.001100
vn -0.935300 0.353900 -0.003000
vn -0.936000 0.352100 -0.001300
vn -0.934700 0.355500 -0.004000
vn -0.967800 0.249200 -0.036300
vn -0.952000 0.305800 -0.011800
vn 0.000000 0.691200 0.722600
vn 0.000000 0.788700 -0.614700
vn 0.000000 0.683900 -0.729500
vn 0.000000 0.917300 -0.398200
vn 0.000000 0.818700 -0.574300
vn 0.000000 0.969400 -0.245600
vn 0.000000 0.921300 -0.389000
vn 0.000000 0.997600 -0.069900
vn 0.000000 0.972400 -0.233300
vn 0.000000 0.976200 0.216900
vn 0.000000 0.997700 -0.068000
vn 0.000000 0.969800 0.244000
vn 0.000000 0.890600 0.454800
vn 0.000000 0.155000 0.987900
vn 0.000000 0.936300 -0.351100
vn 0.000000 0.985300 -0.170900
vn 0.000000 0.985400 -0.170100
vn 0.000000 0.999900 0.016100
vn -0.937700 0.347400 -0.002700
vn -0.954600 0.297900 0.005100
vn -0.964000 0.265800 0.012800
vn -0.931500 0.363500 -0.011200
vn -0.924500 0.380900 -0.012300
vn -0.923500 0.383600 -0.007700
vn -0.923100 0.384700 -0.003800
vn -0.927100 0.374800 0.001700
vn -0.933300 0.358900 0.007000
vn -0.960800 0.276700 -0.015700
vn -0.984600 0.167300 -0.051100
vn -0.936300 0.351100 -0.010900
vn -0.978900 0.197400 -0.051900
vn -0.930300 0.366700 0.007700
vn -0.932200 0.361900 0.008000
vn -0.931400 0.363800 0.008700
vn -0.933000 0.359700 0.006600
vn -0.930800 0.365400 0.008700
vn -0.939400 0.342700 0.010300
vn -0.930600 0.365900 0.008900
vn -0.938700 0.336800 0.073400
vn -0.926600 0.370300 0.066100
vn -0.957000 0.267700 0.111600
vn -0.910700 0.388700 0.139600
vn -0.961000 -0.273300 0.041600
vn -0.957000 0.267700 0.111500
vn -0.934100 0.356900 0.007200
vn -0.935600 0.352900 0.003600
vn -0.931500 0.363800 0.008700
vn -0.933300 0.359000 0.007700
vn -0.935000 0.354600 0.004900
vn -0.937600 0.347800 0.003400
vn -0.935200 0.354200 0.004700
vn -0.941700 0.336600 0.002500
vn -0.932300 0.361600 0.005500
vn 0.000000 0.141800 0.989900
vn 0.000000 0.999800 -0.017800
vn 0.000000 0.980600 -0.196100
vn 0.000000 0.972400 0.233500
vn 0.000000 0.999900 -0.014300
vn 0.000000 0.970500 0.241200
vn 0.000000 0.952500 0.304600
vn 0.000000 0.952700 0.304000
vn 0.000000 0.916400 0.400300
vn 0.000000 0.908000 0.419100
vn 0.000000 0.857500 0.514500
vn 0.000000 0.965500 -0.260500
vn 0.000000 0.887800 -0.460300
vn 0.000000 0.999800 -0.018900
vn 0.000000 0.973300 -0.229700
vn -0.925400 0.378700 0.016300
vn -0.932600 0.361000 -0.005300
vn -0.939700 0.341800 -0.006900
vn -0.922100 0.386900 0.005200
vn -0.910600 0.412900 0.018800
vn -0.899300 0.435900 0.035100
vn -0.944400 0.328700 0.012400
vn -0.934400 0.355700 0.019000
vn -0.931300 0.363700 0.020000
vn -0.977400 0.191800 0.089000
vn -0.921800 0.160700 0.352800
vn -0.961000 0.021400 0.275700
vn -0.917800 0.360300 0.166900
vn -0.968700 0.236800 0.074900
vn -0.923800 0.362600 0.123200
vn -0.921000 0.361500 0.145100
vn -0.990900 0.027100 0.132100
vn -0.997500 0.000000 0.071200
vn -0.965100 0.247200 0.086300
vn -1.000000 0.000000 0.009400
vn -1.000000 0.000000 0.009300
vn -0.950700 0.310000 0.003600
vn -0.948400 0.317100 -0.002300
vn -0.944900 0.327200 -0.002500
vn -0.931800 0.363100 -0.003500
vn -0.926000 0.377600 0.005900
vn -0.928700 0.370700 0.005900
vn -0.930900 0.365200 0.006000
vn -0.932800 0.360200 0.005900
vn -0.935800 0.352600 -0.001800
vn -0.935700 0.352700 -0.001100
vn -0.935700 0.352700 0.002000
vn -0.935700 0.352700 -0.001800
vn -1.000000 0.000000 -0.002500
vn -1.000000 0.000000 -0.009700
vn -0.947800 0.318700 -0.004000
vn -0.987500 0.157300 -0.012500
vn -0.946700 0.317900 -0.052300
vn -0.790400 0.000000 -0.612600
vn 0.000000 -0.609700 0.792600
vn 0.000000 -0.805100 -0.593200
vn 0.000000 -0.020200 -0.999800
vn 0.000000 0.617800 -0.786300
vn 0.000000 0.999900 -0.014100
vn 0.000000 0.731100 0.682300
vn 0.000000 -0.009900 1.000000
vn 0.980800 0.194100 -0.017300
vn 0.955100 0.296100 -0.009600
vn 0.999700 0.024100 -0.000800
vn 0.929800 0.367600 -0.015200
vn 0.969800 0.243300 -0.016200
vn 0.931900 0.362800 -0.003700
vn 0.931500 0.363600 -0.007300
vn 0.930900 0.365400 -0.002300
vn 0.933400 0.358700 -0.000500
vn 0.933100 0.359600 -0.000600
vn 0.933300 0.359000 -0.001800
vn 0.936200 0.351300 0.012800
vn 0.931900 0.362700 -0.003400
vn 0.970400 0.241100 -0.011600
vn 0.936900 0.349500 0.001200
vn 1.000000 -0.000800 -0.002900
vn 0.976400 0.209500 0.052900
vn 0.996300 0.081500 -0.027200
vn 0.999700 0.024200 -0.000800
vn 0.949500 0.313700 0.011000
vn 0.947500 0.319800 0.007200
vn 0.936000 0.352100 0.001300
vn 0.935700 0.352900 0.002100
vn 0.935700 0.352700 0.001100
vn 0.935300 0.353900 -0.003000
vn 0.936000 0.352100 -0.001300
vn 0.934700 0.355500 -0.004000
vn 0.967800 0.249200 -0.036300
vn 0.952000 0.305800 -0.011800
vn 0.964000 0.265800 0.012800
vn 0.954600 0.297900 0.005100
vn 0.937700 0.347400 -0.002700
vn 0.931500 0.363500 -0.011200
vn 0.924500 0.380900 -0.012300
vn 0.923500 0.383600 -0.007700
vn 0.923100 0.384700 -0.003800
vn 0.927100 0.374800 0.001700
vn 0.933300 0.358900 0.007000
vn 0.960800 0.276700 -0.015700
vn 0.984600 0.167300 -0.051100
vn 0.936300 0.351100 -0.010900
vn 0.978900 0.197400 -0.051900
vn 0.930300 0.366700 0.007700
vn 0.932200 0.361900 0.008000
vn 0.931400 0.363800 0.008700
vn 0.930800 0.365400 0.008700
vn 0.933000 0.359700 0.006600
vn 0.930600 0.365900 0.008900
vn 0.939400 0.342700 0.010400
vn 0.926500 0.370300 0.066100
vn 0.938700 0.336800 0.073400
vn 0.957000 0.267700 0.111600
vn 0.910700 0.388700 0.139600
vn 0.961000 -0.273300 0.041600
vn 0.934100 0.356900 0.007200
vn 0.935600 0.352900 0.003600
vn 0.931500 0.363800 0.008700
vn 0.933300 0.359000 0.007700
vn 0.935000 0.354600 0.004900
vn 0.937600 0.347800 0.003400
vn 0.935200 0.354200 0.004700
vn 0.941700 0.336600 0.002500
vn 0.932300 0.361600 0.005500
vn 0.939700 0.341800 -0.006900
vn 0.932600 0.361000 -0.005300
vn 0.925400 0.378700 0.016300
vn 0.922100 0.386900 0.005200
vn 0.910600 0.412900 0.018800
vn 0.899300 0.435900 0.035100
vn 0.944400 0.328700 0.012400
vn 0.934400 0.355700 0.019000
vn 0.931300 0.363700 0.020000
vn 0.921800 0.160700 0.352800
vn 0.977400 0.191800 0.089000
vn 0.961000 0.021400 0.275700
vn 0.968700 0.236800 0.074900
vn 0.917800 0.360300 0.166900
vn 0.923800 0.362600 0.123200
vn 0.921000 0.361500 0.145100
vn 0.990900 0.027100 0.132100
vn 0.923800 0.362500 0.123200
vn 0.997500 0.000000 0.071200
vn 1.000000 0.000000 0.009400
vn 0.950700 0.310000 0.003600
vn 1.000000 0.000000 0.009300
vn 0.948400 0.317100 -0.002300
vn 0.944900 0.327200 -0.002500
vn 0.931800 0.363100 -0.003500
vn 0.926000 0.377500 0.005900
vn 0.928700 0.370700 0.005900
vn 0.930900 0.365200 0.006000
vn 0.935800 0.352600 0.001900
vn 0.935800 0.352700 0.001900
vn 0.935800 0.352600 -0.001800
vn 0.935700 0.352700 0.002000
vn 1.000000 0.000000 -0.002500
vn 0.935800 0.352600 -0.002000
vn 0.947800 0.318700 -0.004000
vn 1.000000 0.000000 -0.009700
vn 0.946700 0.317800 -0.052300
vn 0.987500 0.157300 -0.012500
vn 0.790400 0.000000 -0.612600
vn -0.077400 0.971200 0.225300
vn -0.099400 0.993900 0.047000
vn -0.083500 0.969600 0.230200
vn -0.051300 0.971100 0.233000
vn -0.091500 0.994600 0.049300
vn 0.000000 0.970200 0.242500
vn -0.059600 0.996600 0.057600
vn 0.059600 0.996600 0.057600
vn 0.000000 0.997700 0.067900
vn 0.051300 0.971100 0.233000
vn 0.091500 0.994600 0.049300
vn 0.077400 0.971200 0.225300
vn 0.099400 0.993900 0.047000
vn -0.101900 0.994500 0.023000
vn -0.110200 0.993700 0.021000
vn -0.066700 0.997300 0.031800
vn 0.000000 0.999100 0.043500
vn 0.066700 0.997300 0.031800
vn 0.101900 0.994500 0.023000
vn -0.114400 0.992900 0.031800
vn -0.105100 0.994000 0.031500
vn -0.068400 0.997100 0.034000
vn 0.068400 0.997100 0.034000
vn 0.000000 0.999300 0.037700
vn 0.105100 0.994000 0.031500
vn 0.114400 0.992900 0.031800
vn -0.083600 0.993000 -0.083800
vn -0.090400 0.992200 -0.085600
vn -0.055100 0.994900 -0.084600
vn 0.000000 0.996400 -0.085000
vn 0.055100 0.994900 -0.084600
vn 0.083600 0.993000 -0.083800
vn -0.083000 0.966200 -0.243900
vn -0.090100 0.964100 -0.249900
vn -0.053800 0.968500 -0.243100
vn 0.000000 0.970600 -0.240500
vn 0.053800 0.968500 -0.243100
vn 0.090400 0.992200 -0.085600
vn 0.083000 0.966200 -0.243900
vn -0.079500 0.917800 -0.389000
vn -0.086000 0.914900 -0.394500
vn -0.051700 0.917100 -0.395400
vn 0.000000 0.915900 -0.401400
vn 0.051700 0.917100 -0.395400
vn 0.090100 0.964100 -0.249900
vn 0.079500 0.917800 -0.389000
vn -0.073700 0.888500 -0.453000
vn -0.080300 0.889900 -0.449000
vn -0.047700 0.884100 -0.464900
vn -0.051700 0.917000 -0.395500
vn 0.000000 0.879400 -0.476000
vn 0.051700 0.917000 -0.395500
vn 0.047700 0.884100 -0.464900
vn 0.086000 0.914900 -0.394500
vn 0.073700 0.888500 -0.453000
vn -0.039400 0.876400 -0.480000
vn -0.042200 0.875600 -0.481300
vn -0.026800 0.872700 -0.487400
vn 0.000000 0.868100 -0.496400
vn 0.000000 0.879300 -0.476200
vn 0.026800 0.872700 -0.487400
vn 0.080300 0.889900 -0.449000
vn 0.039400 0.876400 -0.480000
vn -0.035800 0.863400 -0.503300
vn -0.038300 0.864300 -0.501500
vn -0.023800 0.859000 -0.511500
vn 0.000000 0.853600 -0.520900
vn 0.023800 0.859000 -0.511500
vn 0.042200 0.875600 -0.481300
vn 0.035800 0.863400 -0.503300
vn -0.025900 0.649200 -0.760200
vn -0.026000 0.612600 -0.790000
vn -0.017200 0.645700 -0.763400
vn 0.000000 0.641300 -0.767300
vn 0.017200 0.645700 -0.763400
vn 0.038300 0.864300 -0.501500
vn 0.025900 0.649200 -0.760200
vn -0.014200 0.361100 -0.932400
vn -0.015100 0.361600 -0.932200
vn -0.009500 0.358900 -0.933300
vn 0.000000 0.356400 -0.934300
vn 0.000000 0.641200 -0.767400
vn 0.009500 0.358900 -0.933300
vn 0.026000 0.612600 -0.790000
vn 0.014200 0.361100 -0.932400
vn -0.073000 0.940100 0.333000
vn -0.083500 0.969500 0.230200
vn -0.079200 0.940300 0.331000
vn -0.047800 0.939300 0.339700
vn 0.000000 0.938100 0.346400
vn 0.000000 0.970100 0.242500
vn 0.047800 0.939300 0.339700
vn 0.073000 0.940100 0.333000
vn 0.083500 0.969500 0.230200
vn -0.064700 0.945500 0.319200
vn -0.071200 0.947100 0.312900
vn -0.041600 0.942900 0.330400
vn 0.000000 0.940000 0.341200
vn 0.000000 0.938100 0.346500
vn 0.041600 0.942900 0.330400
vn 0.064700 0.945500 0.319200
vn 0.079200 0.940300 0.331000
vn -0.004500 0.952700 0.304000
vn -0.003800 0.953500 0.301500
vn -0.005000 0.948700 0.316200
vn -0.004500 0.952600 0.304100
vn 0.000000 0.943300 0.332000
vn 0.005000 0.948700 0.316200
vn 0.004500 0.952700 0.304000
vn 0.071200 0.947100 0.312900
vn -0.001200 0.952800 0.303600
vn 0.000000 0.953700 0.300700
vn -0.001900 0.948100 0.318000
vn 0.000000 0.941900 0.336000
vn 0.001900 0.948100 0.318000
vn 0.001200 0.952800 0.303600
vn 0.003800 0.953500 0.301500
vn -0.055000 0.933200 -0.355100
vn -0.101200 0.925000 -0.366300
vn -0.080400 0.966900 -0.242200
vn -0.026200 0.936700 -0.349300
vn -0.101200 0.924900 -0.366500
vn -0.066000 0.822400 -0.565100
vn -0.114900 0.769700 -0.628000
vn -0.055000 0.933200 -0.355200
vn -0.102300 0.865800 -0.489800
vn -0.188000 0.854300 -0.484600
vn -0.048400 0.869400 -0.491700
vn -0.998900 -0.046100 -0.001000
vn 0.999900 -0.008400 0.006500
vn -0.055700 0.937300 0.344100
vn -0.065400 0.395200 -0.916300
vn -0.033500 0.398400 -0.916600
vn -0.024900 0.150400 -0.988300
vn -0.012700 0.151300 -0.988400
vn 0.162400 -0.982000 -0.096300
vn 0.083300 -0.991200 -0.103300
vn 0.079800 -0.482500 0.872200
vn 0.040900 -0.486700 0.872600
vn 0.091600 -0.850800 -0.517500
vn 0.091100 -0.857400 -0.506500
vn -0.089100 0.134200 0.986900
vn -0.097500 0.900900 -0.422900
vn 0.080300 0.966900 -0.242300
vn 0.055000 0.933200 -0.355100
vn 0.080400 0.966900 -0.242200
vn 0.055000 0.933200 -0.355200
vn 0.101200 0.924900 -0.366500
vn 0.066000 0.822400 -0.565100
vn 0.049300 0.869400 -0.491700
vn 0.032200 0.848600 -0.528000
vn 0.115000 0.769700 -0.628000
vn 0.102300 0.865800 -0.489800
vn 0.066000 0.822300 -0.565100
vn -0.999300 0.037900 -0.000700
vn 0.999900 0.007400 -0.007600
vn 0.108300 0.934300 0.339700
vn 0.033500 0.398300 -0.916600
vn 0.065400 0.395200 -0.916300
vn 0.012700 0.151300 -0.988400
vn 0.024900 0.150400 -0.988300
vn -0.083300 -0.991200 -0.103300
vn -0.162400 -0.982000 -0.096300
vn -0.040900 -0.486700 0.872600
vn -0.079800 -0.482500 0.872200
vn -0.091600 -0.850800 -0.517500
vn -0.091100 -0.857400 -0.506500
vn 0.020000 0.228400 0.973400
vn 0.080000 0.912400 -0.401400
vn -0.783700 -0.358000 0.507600
vn -0.829700 -0.153600 0.536600
vn -0.694400 -0.269500 0.667200
vn -0.971300 -0.154600 -0.180600
vn -0.987900 -0.114400 -0.105000
vn -0.981400 -0.160800 -0.104400
vn -0.945800 -0.143600 -0.291400
vn -0.973200 -0.070700 -0.219000
vn -0.253400 -0.048500 -0.966100
vn -0.386300 0.224100 -0.894700
vn -0.393100 -0.091900 -0.914900
vn -0.049000 -0.019900 -0.998600
vn -0.222100 0.261400 -0.939300
vn 0.000000 -0.015100 -0.999900
vn -0.044100 0.289900 -0.956000
vn 0.044100 0.289900 -0.956000
vn 0.000000 0.294100 -0.955800
vn 0.049000 -0.019900 -0.998600
vn 0.222100 0.261400 -0.939300
vn 0.253400 -0.048500 -0.966100
vn 0.386300 0.224100 -0.894700
vn 0.945800 -0.143600 -0.291400
vn 0.973200 -0.070700 -0.219000
vn 0.955500 -0.039800 -0.292200
vn 0.971300 -0.154600 -0.180600
vn 0.987900 -0.114400 -0.105000
vn 0.783700 -0.358000 0.507600
vn 0.829700 -0.153600 0.536600
vn 0.836900 -0.270900 0.475600
vn -0.637800 -0.155600 0.754400
vn -0.376000 -0.344500 0.860200
vn -0.959500 -0.262500 -0.102500
vn -0.931300 -0.313500 -0.185600
vn -0.211900 -0.486000 -0.847900
vn -0.342500 -0.486400 -0.803800
vn -0.042400 -0.462600 -0.885600
vn 0.000000 -0.456500 -0.889700
vn 0.042400 -0.462600 -0.885600
vn 0.211900 -0.486000 -0.847900
vn 0.393100 -0.091900 -0.914900
vn 0.931300 -0.313500 -0.185600
vn 0.886100 -0.370500 -0.278700
vn 0.959500 -0.262500 -0.102500
vn 0.694400 -0.269500 0.667200
vn 0.637800 -0.155600 0.754400
vn -0.367800 -0.267700 -0.890500
vn -0.063600 -0.379300 -0.923100
vn -0.670600 -0.103000 -0.734700
vn -0.789500 -0.570500 -0.226300
vn -0.805000 -0.564400 -0.182700
vn -0.886100 -0.370500 -0.278700
vn -0.533900 -0.628200 -0.566000
vn -0.036100 -0.503500 -0.863200
vn -0.176100 -0.547500 -0.818100
vn 0.000000 -0.494500 -0.869200
vn 0.036100 -0.503500 -0.863200
vn 0.533900 -0.628200 -0.566000
vn 0.176100 -0.547500 -0.818100
vn 0.805000 -0.564400 -0.182700
vn 0.789500 -0.570500 -0.226300
vn 0.367800 -0.267700 -0.890500
vn 0.063600 -0.379300 -0.923100
vn -0.354500 -0.465100 -0.811200
vn -0.936300 -0.317200 -0.150700
vn -0.813200 -0.487700 -0.317500
vn -0.990600 -0.104000 -0.089200
vn -0.710800 -0.682600 -0.169700
vn -0.279100 -0.342700 -0.897000
vn -0.522500 -0.415000 -0.744800
vn -0.051200 -0.430700 -0.901000
vn 0.000000 -0.404200 -0.914700
vn 0.051200 -0.430700 -0.901000
vn 0.279100 -0.342700 -0.897000
vn 0.710800 -0.682600 -0.169700
vn 0.522600 -0.415000 -0.744800
vn 0.936300 -0.317200 -0.150700
vn 0.813200 -0.487700 -0.317500
vn -0.994100 -0.016900 -0.106800
vn -0.994300 -0.019800 -0.105000
vn -0.976000 -0.020500 -0.216600
vn -0.942200 -0.036400 -0.333100
vn -0.972000 0.020100 -0.234200
vn -0.264100 -0.154300 -0.952100
vn -0.522600 -0.414900 -0.744800
vn -0.349800 -0.086700 -0.932800
vn 0.264100 -0.154300 -0.952100
vn 0.522600 -0.414900 -0.744800
vn 0.942200 -0.036400 -0.333100
vn 0.972000 0.020100 -0.234200
vn 0.942400 0.028600 -0.333200
vn 0.976000 -0.020500 -0.216600
vn 0.994100 -0.016900 -0.106800
vn 0.990600 -0.104000 -0.089200
vn -0.983300 0.142500 -0.112800
vn -0.987600 0.105500 -0.116400
vn -0.964100 0.119300 -0.237200
vn -0.350700 -0.051400 -0.935100
vn -0.225200 -0.046800 -0.973200
vn -0.041000 -0.274500 -0.960700
vn -0.044700 -0.075200 -0.996200
vn 0.000000 -0.274700 -0.961500
vn 0.044700 -0.075200 -0.996200
vn 0.000000 -0.080400 -0.996800
vn 0.225200 -0.046800 -0.973200
vn 0.041000 -0.274500 -0.960700
vn 0.350700 -0.051400 -0.935100
vn 0.964100 0.119300 -0.237200
vn 0.935800 0.121500 -0.330800
vn 0.983300 0.142500 -0.112800
vn 0.994300 -0.019800 -0.105000
vn -0.945200 0.308300 -0.107100
vn -0.983800 0.133000 -0.120500
vn -0.927000 0.308200 -0.213700
vn -0.899400 0.300200 -0.317700
vn -0.343900 0.206400 -0.916000
vn -0.195600 0.165900 -0.966600
vn -0.037700 0.124400 -0.991500
vn 0.037700 0.124400 -0.991500
vn 0.000000 0.116900 -0.993100
vn 0.195600 0.165900 -0.966600
vn 0.343900 0.206400 -0.916000
vn 0.899400 0.300200 -0.317700
vn 0.927000 0.308200 -0.213700
vn 0.945200 0.308300 -0.107100
vn 0.987600 0.105500 -0.116400
vn -0.692600 -0.709200 0.131700
vn -0.853300 -0.487600 0.184800
vn -0.830200 -0.410300 0.377300
vn -0.670300 -0.736500 0.090300
vn -0.724900 -0.686100 0.061600
vn -0.530400 -0.807400 0.258500
vn -0.690300 -0.716600 0.099700
vn -0.172400 -0.831900 0.527500
vn -0.520000 -0.796100 0.309500
vn -0.043000 -0.786500 0.616100
vn -0.190800 -0.813600 0.549200
vn -0.036400 -0.803600 0.594100
vn 0.000000 -0.777900 0.628400
vn 0.036400 -0.803600 0.594100
vn 0.000000 -0.796200 0.605100
vn 0.172400 -0.831900 0.527500
vn 0.043000 -0.786500 0.616100
vn 0.520000 -0.796100 0.309500
vn 0.190800 -0.813600 0.549200
vn 0.530400 -0.807400 0.258500
vn 0.690300 -0.716600 0.099700
vn 0.670300 -0.736500 0.090300
vn 0.724900 -0.686100 0.061600
vn 0.692600 -0.709200 0.131700
vn 0.853300 -0.487600 0.184800
vn -0.923200 -0.383900 0.018000
vn -0.858900 -0.510400 0.041200
vn -0.821800 -0.556500 0.121900
vn -0.226400 -0.733300 0.641100
vn -0.646900 -0.662600 0.377400
vn -0.048700 -0.714500 0.697900
vn 0.000000 -0.707400 0.706900
vn 0.048700 -0.714500 0.697900
vn 0.226400 -0.733300 0.641100
vn 0.821800 -0.556500 0.121900
vn 0.646900 -0.662600 0.377400
vn 0.858900 -0.510400 0.041200
vn 0.923200 -0.383900 0.018000
vn -0.974300 -0.225200 0.008200
vn -0.973100 -0.221200 0.064400
vn -0.957400 -0.247300 0.149000
vn -0.462300 -0.435200 0.772600
vn -0.061000 -0.412600 0.908900
vn -0.289900 -0.411900 0.863900
vn 0.000000 -0.410200 0.912000
vn 0.061000 -0.412600 0.908900
vn 0.462300 -0.435200 0.772600
vn 0.289900 -0.411900 0.863900
vn 0.957400 -0.247300 0.149000
vn 0.965200 -0.199700 0.168800
vn 0.973100 -0.221200 0.064400
vn 0.974300 -0.225200 0.008200
vn -0.991800 0.099000 0.081000
vn -0.993100 -0.102300 0.057800
vn -0.965200 -0.199700 0.168800
vn -0.981500 0.112800 0.154500
vn -0.501700 0.192100 0.843400
vn -0.066500 0.178000 0.981800
vn -0.314000 0.178800 0.932400
vn 0.000000 0.176600 0.984300
vn 0.066500 0.178000 0.981800
vn 0.501700 0.192100 0.843500
vn 0.314000 0.178800 0.932400
vn 0.981500 0.112800 0.154500
vn 0.981100 0.088700 0.171900
vn 0.991800 0.099000 0.081000
vn -0.886800 0.455200 0.079800
vn -0.993700 -0.008500 0.111800
vn -0.991800 0.099200 0.081000
vn -0.864000 0.485500 0.133300
vn -0.660900 0.616900 0.427400
vn -0.230300 0.687500 0.688700
vn -0.066500 0.178100 0.981800
vn -0.314000 0.179000 0.932400
vn 0.000000 0.176700 0.984300
vn -0.047700 0.687400 0.724700
vn 0.047700 0.687400 0.724700
vn 0.000000 0.684900 0.728600
vn 0.066500 0.178100 0.981800
vn 0.230300 0.687500 0.688700
vn 0.501700 0.192100 0.843400
vn 0.314000 0.179000 0.932400
vn 0.660900 0.616900 0.427400
vn 0.991800 0.099200 0.081000
vn 0.864000 0.485500 0.133300
vn 0.993100 -0.102300 0.057800
vn 0.886800 0.455200 0.079800
vn -0.920300 0.377700 0.101500
vn -0.991200 0.004900 0.132400
vn -0.906800 0.400300 0.132200
vn -0.765500 0.596500 0.241300
vn -0.162700 0.863400 0.477600
vn -0.032100 0.854800 0.518000
vn 0.032100 0.854800 0.518000
vn 0.000000 0.851700 0.524100
vn 0.162700 0.863400 0.477600
vn 0.765500 0.596500 0.241300
vn 0.906800 0.400300 0.132200
vn 0.993700 -0.008500 0.111800
vn 0.920300 0.377700 0.101500
vn -0.983600 0.127400 0.127900
vn -0.991000 0.007100 0.134000
vn -0.920400 0.377600 0.101500
vn -0.981200 0.121900 0.149400
vn -0.341800 -0.044600 0.938700
vn -0.517500 -0.010000 0.855600
vn -0.517500 -0.009500 0.855600
vn -0.069600 -0.083900 0.994000
vn -0.305800 -0.050400 0.950800
vn 0.000000 -0.090500 0.995900
vn -0.063700 -0.084600 0.994400
vn 0.063700 -0.084600 0.994400
vn 0.069600 -0.083900 0.994000
vn 0.305800 -0.050400 0.950800
vn 0.341800 -0.044600 0.938700
vn 0.517500 -0.010000 0.855600
vn 0.981200 0.121900 0.149400
vn 0.979200 0.114000 0.167700
vn 0.983600 0.127400 0.127900
vn 0.991200 0.004900 0.132400
vn 0.920400 0.377600 0.101500
vn -0.949600 0.253500 -0.184300
vn -0.853800 0.487700 -0.182000
vn -0.948000 0.258700 -0.185400
vn -0.854900 0.488300 -0.175300
vn -0.886700 0.272300 -0.373700
vn -0.779000 0.500800 -0.377300
vn -0.764500 0.325000 -0.556700
vn -0.586500 0.513100 -0.626700
vn 0.949600 0.253500 -0.184300
vn 0.853800 0.487700 -0.182000
vn 0.948000 0.258700 -0.185400
vn 0.854900 0.488300 -0.175300
vn 0.886700 0.272300 -0.373700
vn 0.779000 0.500800 -0.377300
vn 0.764500 0.325000 -0.556700
vn 0.586500 0.513100 -0.626700
vn 0.000000 0.948000 0.318300
vn 0.000000 -0.008300 1.000000
vn -0.993300 -0.049400 0.104800
vn -0.989600 -0.099000 0.104500
vn -0.985200 -0.049100 0.164000
vn -0.981700 -0.098200 0.163400
vn -0.739400 -0.036900 0.672200
vn -0.744200 -0.074400 0.663800
vn -0.313000 -0.001600 0.949700
vn -0.739400 -0.036900 0.672300
vn -0.313000 -0.001600 0.949800
vn -0.315800 0.000000 0.948800
vn 0.315800 0.000000 0.948800
vn 0.744200 -0.074400 0.663800
vn 0.313000 -0.001600 0.949700
vn 0.315900 0.000000 0.948800
vn 0.981700 -0.098200 0.163400
vn 0.739400 -0.036900 0.672200
vn 0.989600 -0.099000 0.104500
vn 0.985200 -0.049100 0.164000
vn 0.993300 -0.049400 0.104900
vn -0.994200 0.022700 0.104800
vn -0.986300 0.021600 0.163500
vn -0.741500 0.012100 0.670800
vn -0.312000 0.000700 0.950100
vn 0.313000 -0.001600 0.949800
vn 0.741500 0.012100 0.670800
vn 0.312000 0.000700 0.950100
vn 0.986300 0.021600 0.163500
vn 0.741600 0.012100 0.670700
vn 0.994200 0.022700 0.104800
vn -0.993800 0.038000 0.104500
vn -0.741600 0.012100 0.670700
vn -0.986100 0.035900 0.162400
vn -0.744600 0.020200 0.667200
vn -0.314200 0.000800 0.949400
vn 0.744600 0.020200 0.667200
vn 0.314300 0.000800 0.949300
vn 0.986100 0.035900 0.162400
vn 0.993800 0.038000 0.104500
vn -0.993300 0.049400 0.104100
vn -0.985800 0.046800 0.161300
vn -0.747800 0.026400 0.663400
vn -0.318800 0.003600 0.947800
vn 0.314200 0.000800 0.949300
vn 0.747800 0.026400 0.663400
vn 0.318800 0.003600 0.947800
vn 0.985800 0.046800 0.161300
vn 0.993300 0.049400 0.104100
vn -0.990900 0.087300 0.102200
vn -0.984400 0.082700 0.155300
vn -0.764800 0.047800 0.642500
vn -0.333800 0.007000 0.942600
vn 0.764800 0.047800 0.642500
vn 0.333800 0.007000 0.942600
vn 0.984400 0.082700 0.155300
vn 0.990900 0.087300 0.102200
vn -0.986300 0.132200 0.098700
vn -0.981600 0.125500 0.143600
vn -0.798000 0.075800 0.597800
vn -0.358600 0.004400 0.933500
vn 0.798000 0.075800 0.597800
vn 0.358600 0.004400 0.933500
vn 0.981600 0.125500 0.143600
vn 0.986300 0.132200 0.098700
vn -0.984300 0.147200 0.097100
vn -0.980400 0.140400 0.138400
vn -0.812900 0.086500 0.575900
vn 0.812900 0.086600 0.575900
vn 0.689900 0.008400 0.723900
vn 0.980400 0.140400 0.138400
vn 0.984300 0.147200 0.097100
vn -0.982300 0.160800 0.095600
vn -0.979200 0.153100 0.133500
vn -0.689900 0.008400 0.723900
vn -0.827000 0.096100 0.553900
vn 0.827000 0.096100 0.553900
vn 0.707600 0.005900 0.706600
vn 0.979200 0.153100 0.133500
vn 0.982300 0.160800 0.095600
vn -0.707600 0.005900 0.706600
vn 0.715100 0.008000 0.698900
vn -0.041500 -0.999100 0.009200
vn 0.268200 -0.963000 -0.025100
vn -0.336100 -0.941800 -0.011200
vn 0.053200 -0.998600 0.005000
vn -0.041600 -0.999100 -0.000100
vn 0.268300 -0.963300 0.000300
vn -0.269000 -0.963100 0.000100
vn 0.041700 -0.999100 0.000000
vn -0.041700 -0.999100 -0.000300
vn 0.269000 -0.963100 0.000900
vn -0.271600 -0.962400 0.000300
vn 0.042100 -0.999100 -0.000100
vn -0.042100 -0.999100 -0.008800
vn 0.271500 -0.962100 0.023900
vn -0.336100 -0.941800 0.010500
vn 0.053200 -0.998600 -0.004700
vn 0.014300 -0.999900 0.008100
vn 0.178700 -0.969900 0.165700
vn 1.000000 0.000000 0.006300
vn 1.000000 0.000000 0.001900
vn 1.000000 0.000000 0.001400
vn 0.999700 0.000000 0.023300
vn 1.000000 0.000000 -0.009900
vn 1.000000 0.000000 -0.006300
vn 1.000000 0.000000 -0.001900
vn 1.000000 0.000000 -0.001400
vn 0.999700 0.000000 -0.023300
vn 1.000000 0.000000 0.009900
vn 0.000000 -0.500000 0.866000
vn 0.000000 -0.500000 -0.866000
vn 0.000000 0.500000 -0.866000
vn 0.000000 0.500000 0.866000
vn 0.866000 -0.500000 0.000000
vn -0.866000 -0.500000 0.000000
vn -0.866000 0.500000 0.000000
vn 0.866000 0.500000 0.000000
vn 0.831300 0.555800 0.000000
vn 0.248600 0.968600 0.000000
vn -0.248600 0.968600 0.000000
vn -0.831300 0.555800 0.000000
vn -0.831300 -0.555800 0.000000
vn -0.248600 -0.968600 0.000000
vn 0.248600 -0.968600 0.000000
vn 0.831300 -0.555800 0.000000
vn -0.923900 -0.380800 -0.038200
vn -0.382700 -0.919300 -0.092300
vn 0.382700 -0.919300 -0.091700
vn 0.925100 -0.377900 -0.037300
vn 0.922700 0.383500 0.038200
vn 0.377200 0.921600 0.091800
vn -0.388300 0.916900 0.091900
vn -0.923900 0.380700 0.038500
vn -0.918800 -0.382700 -0.096800
vn -0.380600 -0.923900 -0.040100
vn 0.380600 -0.923900 0.039900
vn 0.918400 -0.383800 0.096500
vn 0.919300 0.381600 0.096700
vn 0.380800 0.923800 0.040100
vn -0.380400 0.923900 -0.040200
vn -0.918800 0.382700 -0.096900
vn 0.000000 0.099500 -0.995000
vn -0.104700 0.000000 0.994500
vn -0.104700 -0.000100 0.994500
vn -0.918800 -0.382700 -0.096700
vn 0.380600 -0.923900 0.040100
vn 0.918800 -0.382700 0.096700
vn 0.918800 0.382700 0.096700
vn 0.380600 0.923900 0.040100
vn -0.380600 0.923900 -0.040100
vn -0.918800 0.382700 -0.096700
vn -0.866000 -0.494700 -0.072700
vn 0.000000 -0.989400 -0.145500
vn 0.866000 -0.494700 -0.072700
vn 0.866000 0.494700 0.072700
vn 0.000000 0.989400 0.145500
vn -0.866000 0.494700 0.072700
vn 0.000000 0.145500 -0.989400
vn 0.000000 -0.145500 0.989400
vn -0.746500 -0.439100 -0.500000
vn 0.746500 0.439100 -0.500000
vn 0.507000 -0.861900 0.000000
vn -0.507000 0.861900 0.000000
vn 0.010100 -0.864600 0.502300
vn 0.078500 0.000000 -0.996900
vn -0.088600 0.864600 0.494600
vn -0.995300 -0.057200 -0.078400
vn 0.995300 0.057200 0.078400
vn -0.012300 -0.865500 0.500700
vn 0.081900 0.000000 -0.996600
vn -0.069600 0.865500 0.496000
vn -0.996100 -0.033200 -0.081900
vn 0.996100 0.033200 0.081900
vn 0.507100 -0.816100 -0.277100
vn -0.999700 0.000000 -0.025000
vn 0.492600 0.816100 0.302000
vn -0.023600 -0.334400 0.942100
vn 0.023600 0.334400 -0.942100
vn 0.946400 0.315400 -0.069200
vn 0.739600 0.472000 -0.479800
vn 0.257200 -0.000700 -0.966400
vn 0.601600 0.199100 -0.773600
vn 0.815700 0.343400 -0.465600
vn 0.860800 0.451000 -0.235600
vn 0.873200 0.481800 -0.073800
vn 0.882900 0.458500 0.101200
vn 0.895200 0.376300 0.238900
vn 0.850200 0.281400 0.444900
vn 0.816400 -0.002300 0.577500
vn 0.219100 0.023500 0.975400
vn 0.212400 0.019600 -0.977000
vn 0.575000 0.198100 -0.793800
vn 0.754700 0.383500 -0.532300
vn 0.794300 0.540300 -0.277600
vn 0.810700 0.574300 -0.114300
vn 0.853000 0.518400 0.060200
vn 0.881900 0.419400 0.215400
vn 0.849500 0.292600 0.438900
vn 0.757500 0.069800 0.649100
vn 0.210200 0.022600 0.977400
vn 0.971400 0.234300 -0.038800
vn 0.994700 0.103000 -0.007600
vn 0.996600 -0.070400 -0.042300
vn 0.933400 -0.353100 -0.063600
vn 0.862000 -0.506500 -0.020100
vn 0.862200 -0.506600 -0.001200
vn 0.927900 -0.371000 0.036800
vn 0.996500 -0.083300 0.003500
vn 0.992300 0.123900 0.000400
vn 0.960000 0.279900 0.000400
vn 0.036400 0.997700 -0.057000
vn 0.111900 0.973900 -0.197400
vn -0.188200 0.854200 -0.484600
vn 0.108000 0.872500 -0.476600
vn -0.188200 0.854300 -0.484600
vn -0.187700 0.981300 -0.042000
vn 0.047500 0.983500 -0.174700
vn 0.108000 0.872500 -0.476500
vn -0.062100 0.989300 -0.132100
vn -0.066700 0.988800 -0.133600
vn -0.080600 0.987600 -0.134900
vn -0.103300 0.985100 -0.137400
vn -0.133900 0.980900 -0.141000
vn -0.170400 0.974600 -0.145300
vn -0.167500 0.968500 -0.184500
vn -0.163300 0.969200 -0.184400
vn -0.161200 0.955800 -0.246100
vn -0.170200 0.954200 -0.246000
vn -0.149400 0.968900 -0.197400
vn 0.062100 0.989300 -0.132100
vn 0.066700 0.988800 -0.133600
vn 0.080600 0.987600 -0.134900
vn 0.103300 0.985100 -0.137400
vn 0.133900 0.980900 -0.141000
vn 0.170400 0.974600 -0.145300
vn 0.167500 0.968500 -0.184500
vn 0.163300 0.969200 -0.184400
vn 0.161200 0.955800 -0.246100
vn 0.170200 0.954200 -0.246000
vn 0.149400 0.968900 -0.197400
vn 0.000000 0.691200 0.722700
vn -0.935800 0.352600 0.002000
vn -0.935800 0.352600 -0.001700
vn -0.681400 0.377300 -0.627100
vn 0.965800 0.243300 0.089800
vn 0.936500 0.350700 0.001900
vn 0.935800 0.352600 -0.001700
vn 0.681400 0.377300 -0.627100
vn 0.083500 0.969600 0.230200
vn 0.110200 0.993700 0.021000
vn 0.015100 0.361600 -0.932200
vn 0.004500 0.952600 0.304100
vn -0.080300 0.966900 -0.242300
vn -0.066000 0.822300 -0.565100
vn -0.032200 0.848600 -0.528000
vn -0.994000 0.107400 -0.021000
vn -1.000000 0.005500 -0.003300
vn -0.999900 0.007400 -0.007600
vn -0.995000 -0.057200 -0.082100
vn -0.999200 -0.024500 0.033100
vn 0.995200 -0.094200 0.025900
vn 0.999300 0.037900 -0.000700
vn 0.995000 0.057200 0.082100
vn 0.999500 0.020800 -0.023800
vn 1.000000 -0.006500 0.003100
vn -0.108300 0.934300 0.339700
vn -0.071300 0.813500 0.577200
vn -0.033500 0.398300 -0.916600
vn 0.142100 -0.859300 -0.491300
vn 0.072100 -0.857900 -0.508700
vn -0.020000 0.228400 0.973400
vn -0.080000 0.912400 -0.401400
vn 0.026200 0.936700 -0.349300
vn 0.101200 0.925000 -0.366300
vn 0.188200 0.854200 -0.484600
vn 0.102300 0.865800 -0.489900
vn -0.995200 -0.094200 0.025900
vn -1.000000 -0.006500 0.003100
vn -0.999900 -0.008400 0.006500
vn -0.995000 0.057200 0.082100
vn -0.999500 0.020800 -0.023800
vn 0.994000 0.107400 -0.021000
vn 0.998900 -0.046100 -0.001000
vn 0.995000 -0.057200 -0.082100
vn 0.999200 -0.024500 0.033100
vn 1.000000 0.005500 -0.003300
vn 0.055700 0.937300 0.344100
vn 0.071300 0.813500 0.577200
vn 0.033500 0.398400 -0.916600
vn -0.072100 -0.857900 -0.508700
vn -0.142100 -0.859300 -0.491300
vn 0.089100 0.134200 0.986900
vn 0.097500 0.900900 -0.422900
vn -0.836900 -0.270900 0.475600
vn -0.955500 -0.039800 -0.292200
vn 0.981400 -0.160800 -0.104400
vn 0.342500 -0.486400 -0.803800
vn 0.376000 -0.344500 0.860200
vn 0.354500 -0.465100 -0.811200
vn 0.670600 -0.103000 -0.734700
vn -0.942400 0.028600 -0.333200
vn 0.349800 -0.086700 -0.932800
vn -0.935800 0.121500 -0.330800
vn 0.983800 0.133000 -0.120500
vn 0.830200 -0.410300 0.377300
vn -0.981100 0.088700 0.171900
vn -0.979200 0.114000 0.167700
vn 0.517500 -0.009500 0.855600
vn 0.991000 0.007100 0.134000
vn -0.946900 0.258400 -0.191300
vn -0.859700 0.480300 -0.173700
vn -0.938100 0.288100 -0.192400
vn -0.827400 0.531900 -0.180600
vn -0.840600 0.357300 -0.407100
vn -0.692300 0.605600 -0.392400
vn -0.603100 0.470100 -0.644400
vn -0.574200 0.525200 -0.628100
vn -0.000100 0.000000 1.000000
vn 0.000000 0.000100 1.000000
vn 0.946900 0.258400 -0.191300
vn 0.859700 0.480300 -0.173700
vn 0.938100 0.288100 -0.192400
vn 0.827400 0.531900 -0.180600
vn 0.840600 0.357300 -0.407100
vn 0.692300 0.605600 -0.392400
vn 0.603100 0.470100 -0.644400
vn 0.574200 0.525200 -0.628100
vn 0.000000 -0.000100 -1.000000
vn -0.315900 0.000000 0.948800
vn 0.739400 -0.036900 0.672300
vn -0.314300 0.000800 0.949300
vn 0.314200 0.000800 0.949400
vn -0.715100 0.008000 0.698900
vn -0.053200 -0.998600 0.005000
vn 0.336100 -0.941800 -0.011200
vn -0.268200 -0.963000 -0.025100
vn 0.041500 -0.999100 0.009200
vn -0.041700 -0.999100 0.000000
vn 0.269000 -0.963100 0.000100
vn -0.268300 -0.963300 0.000300
vn 0.041600 -0.999100 -0.000100
vn -0.042100 -0.999100 -0.000100
vn 0.271600 -0.962400 0.000300
vn -0.269000 -0.963100 0.000900
vn 0.041700 -0.999100 -0.000300
vn -0.053200 -0.998600 -0.004700
vn 0.336100 -0.941800 0.010500
vn -0.271500 -0.962100 0.023900
vn 0.042100 -0.999100 -0.008800
vn -0.017300 -0.999800 -0.001800
vn -0.000300 -0.998700 -0.051700
vn 0.000300 -0.998700 -0.051700
vn -0.053200 -0.998300 -0.022500
vn 0.017300 -0.999800 -0.001800
vn 0.004300 -1.000000 -0.006900
vn -0.004300 -1.000000 -0.006900
vn 0.000000 -0.995800 0.091900
vn 0.331800 -0.929700 0.160100
vn -0.331800 -0.929700 0.160100
vn 0.053200 -0.998300 -0.022500
vn -0.014300 -0.999900 0.008100
vn -0.052700 -0.988100 0.144300
vn 0.336100 -0.941800 0.002900
vn -0.003300 -0.986000 0.166500
vn -0.336100 -0.941800 0.002900
vn 0.052700 -0.988100 0.144300
vn -0.341700 -0.926900 0.155300
vn -0.361300 -0.931400 0.044000
vn 0.003300 -0.986000 0.166500
vn 0.341700 -0.926900 0.155300
vn 0.361300 -0.931400 0.044000
vn -0.178700 -0.969900 0.165700
vn 0.000000 -0.998100 0.061600
vn -0.922700 -0.383500 -0.038000
vn -0.377200 -0.921600 -0.091600
vn 0.388300 -0.917100 -0.090600
vn 0.923900 -0.380900 -0.037100
vn 0.923900 0.380700 0.038400
vn 0.382700 0.919200 0.092500
vn -0.382700 0.919200 0.093100
vn -0.925100 0.377800 0.038800
vn -0.919300 -0.381600 -0.096700
vn -0.380800 -0.923800 -0.040100
vn 0.380400 -0.924000 0.039900
vn 0.918800 -0.382700 0.096600
vn -0.380600 0.923900 -0.040200
vn -0.918300 0.383800 -0.096800
vn -0.104700 0.000100 0.994500
vn 0.507100 -0.816200 -0.277100
vn 0.492600 0.816200 0.302100
o hatch_83_popup
usemtl hatch_83_popup
f 1/1/1 2/2/2 3/3/3
f 4/4/4 5/5/5 6/6/6
f 2/2/2 7/7/7 6/6/6
f 2/2/2 8/8/8 9/9/9
f 5/5/5 10/10/10 11/11/11
f 6/6/6 11/11/11 12/12/12
f 9/9/9 8/8/8 12/12/12
f 10/10/10 13/13/13 14/14/14
f 11/11/11 14/14/14 15/15/15
f 16/16/16 12/12/12 15/15/15
f 13/13/13 17/17/17 18/18/18
f 14/14/14 18/18/18 19/19/19
f 20/20/20 21/21/21 22/22/22
f 15/15/15 19/19/19 23/23/23
f 24/24/24 25/25/25 23/23/23
f 17/17/17 26/26/26 27/27/27
f 18/18/18 27/27/27 28/28/28
f 19/19/19 28/28/28 29/29/29
f 23/23/23 29/29/29 30/30/30
f 31/31/31 32/32/30 30/30/30
f 26/26/26 33/33/32 34/34/33
f 27/27/27 34/34/33 35/35/34
f 28/28/28 35/35/34 36/36/35
f 29/29/29 36/36/35 37/37/30
f 38/38/31 30/30/30 37/37/30
f 39/39/36 40/40/37 21/21/21
f 33/33/32 41/41/38 42/42/39
f 34/34/33 42/42/39 43/43/40
f 35/35/34 43/43/40 44/44/41
f 36/36/35 44/44/41 45/45/42
f 46/46/31 37/37/30 45/45/42
f 41/41/38 47/47/43 48/48/44
f 49/49/45 48/48/44 50/50/46
f 51/51/47 50/50/46 52/52/48
f 53/53/49 52/52/48 54/54/50
f 42/42/39 54/54/50 55/55/51
f 43/43/40 55/55/51 56/56/52
f 44/44/41 56/56/52 57/57/53
f 40/40/37 58/58/54 59/59/55
f 60/60/56 57/57/53 61/61/57
f 62/62/58 61/61/57 63/63/59
f 64/64/60 45/45/42 63/63/59
f 47/47/43 65/65/61 66/66/62
f 65/65/61 67/58/63 68/59/64
f 67/58/63 69/67/65 70/40/66
f 70/40/66 69/67/65 71/39/67
f 72/21/68 71/39/67 73/20/69
f 74/68/70 75/68/70 76/68/70
f 77/68/71 78/68/71 79/68/71
f 80/68/70 81/68/70 82/68/70
f 83/68/71 84/68/71 85/68/71
f 59/59/55 86/65/72 87/66/73
f 88/69/74 89/69/74 90/69/74
f 91/69/75 92/69/75 93/69/75
f 94/69/76 95/69/76 96/69/76
f 97/69/77 98/69/77 99/69/77
f 100/69/78 101/69/78 102/69/78
f 103/69/79 104/69/79 105/69/79
f 106/70/80 107/70/80 108/70/80
f 109/70/81 110/70/81 111/70/81
f 112/70/82 113/70/82 114/70/82
f 115/70/83 116/70/83 117/70/83
f 118/70/84 119/70/84 120/70/84
f 121/70/85 122/70/85 123/70/85
f 87/66/73 124/47/86 125/48/87
f 126/70/85 127/70/85 122/70/85
f 128/70/88 129/70/88 130/70/88
f 131/70/89 132/70/89 133/70/89
f 134/63/90 135/64/91 136/71/92
f 134/63/90 137/62/93 138/45/94
f 139/61/95 140/60/96 137/62/93
f 141/57/97 142/44/98 140/60/96
f 143/56/99 144/43/100 142/44/98
f 145/55/101 146/42/102 144/43/100
f 147/54/103 148/53/104 146/42/102
f 149/52/105 150/51/106 148/53/104
f 151/50/107 152/49/108 150/51/106
f 125/48/87 153/41/109 152/49/108
f 154/70/89 155/70/89 132/70/89
f 156/70/110 157/70/110 158/70/110
f 138/45/94 159/46/111 135/64/91
f 138/45/94 160/36/112 161/37/113
f 142/44/98 162/35/114 160/36/112
f 144/43/100 163/34/115 162/35/114
f 146/42/102 164/33/116 163/34/115
f 165/70/117 166/70/117 167/70/117
f 168/70/118 169/70/118 170/70/118
f 161/37/113 171/38/111 159/46/111
f 161/37/113 172/29/119 173/30/113
f 160/36/112 174/28/120 172/29/119
f 162/35/114 175/27/121 174/28/120
f 163/34/115 176/26/122 175/27/121
f 177/70/123 178/70/123 179/70/123
f 180/70/124 181/70/124 182/70/124
f 173/30/113 183/31/125 171/38/111
f 173/30/113 184/23/126 185/32/113
f 172/29/119 186/19/127 184/23/126
f 174/28/120 187/18/128 186/19/127
f 175/27/121 188/17/129 187/18/128
f 189/70/130 190/70/130 191/70/130
f 192/70/131 193/70/131 194/70/131
f 183/31/125 185/32/113 195/24/132
f 184/23/126 195/24/132 185/32/113
f 184/23/126 196/15/133 197/25/134
f 186/19/127 198/14/135 196/15/133
f 187/18/128 199/13/136 198/14/135
f 200/68/137 201/68/137 202/68/137
f 203/68/76 204/68/76 205/68/76
f 206/68/76 205/68/76 207/68/76
f 195/24/132 197/25/134 208/16/138
f 196/15/133 208/16/138 197/25/134
f 196/15/133 209/11/139 210/12/140
f 198/14/135 211/10/141 209/11/139
f 212/68/76 207/68/76 213/68/76
f 214/68/76 213/68/76 215/68/76
f 216/68/76 217/68/76 215/68/76
f 218/68/76 216/68/76 219/68/76
f 210/12/140 220/9/142 208/16/138
f 210/12/140 221/6/143 222/8/144
f 209/11/139 223/5/145 221/6/143
f 224/68/76 218/68/76 225/68/76
f 226/68/76 224/68/76 227/68/76
f 228/68/76 226/68/76 229/68/76
f 230/68/146 231/68/146 232/68/146
f 220/9/142 233/2/147 234/3/148
f 221/6/143 233/2/147 222/8/144
f 221/6/143 235/4/149 236/7/150
f 237/68/151 238/68/151 239/68/151
f 240/68/152 241/68/152 242/68/152
f 243/68/153 244/68/153 245/68/153
f 234/3/148 246/72/154 247/73/155
f 234/3/148 248/1/156 246/72/154
f 236/7/150 248/1/156 233/2/147
f 236/7/150 249/74/157 250/75/158
f 251/68/159 252/68/159 253/68/159
f 254/68/160 255/68/160 256/68/160
f 247/73/155 257/76/161 258/77/162
f 247/73/155 259/78/163 257/76/161
f 248/1/156 259/78/163 246/72/154
f 250/75/158 260/79/164 248/1/156
f 250/75/158 261/80/165 262/81/166
f 263/68/167 264/68/167 265/68/167
f 258/77/162 266/82/168 267/83/169
f 258/77/162 268/84/161 266/82/168
f 259/78/163 268/84/161 257/76/161
f 260/79/164 269/85/170 259/78/163
f 262/81/166 270/86/171 260/79/164
f 262/81/166 271/87/172 272/88/173
f 267/83/169 273/89/174 274/90/175
f 267/83/169 275/91/168 273/89/174
f 266/82/168 276/92/161 275/91/168
f 269/85/170 276/92/161 268/84/161
f 270/86/171 277/93/176 269/85/170
f 272/88/173 278/94/177 270/86/171
f 272/88/173 279/95/178 280/96/179
f 274/90/175 281/97/180 282/98/181
f 273/89/174 283/99/182 281/97/180
f 275/91/168 284/100/183 283/99/182
f 277/93/176 284/100/183 276/92/161
f 278/94/177 285/101/184 277/93/176
f 280/96/179 286/102/185 278/94/177
f 280/96/179 287/103/186 288/104/187
f 282/98/181 289/105/188 290/106/189
f 281/97/180 291/107/190 289/105/188
f 283/99/182 292/108/191 291/107/190
f 285/101/184 292/108/191 284/100/183
f 286/102/185 293/109/192 285/101/184
f 288/104/187 294/110/193 286/102/185
f 287/103/186 295/111/194 288/104/187
f 290/106/189 296/112/195 297/113/196
f 289/105/188 298/114/197 296/112/195
f 291/107/190 299/115/198 298/114/197
f 293/109/192 299/115/198 292/108/191
f 294/110/193 300/116/199 293/109/192
f 295/111/194 301/117/200 294/110/193
f 302/118/201 303/119/202 295/111/194
f 297/113/196 304/120/203 305/121/204
f 296/112/195 306/122/205 304/120/203
f 298/114/197 307/123/206 306/122/205
f 300/116/199 307/123/206 299/115/198
f 301/117/200 308/124/207 300/116/199
f 301/117/200 309/125/208 310/126/209
f 311/127/210 309/125/208 303/119/202
f 305/121/204 312/128/211 313/129/212
f 304/120/203 314/130/213 312/128/211
f 306/122/205 315/131/214 314/130/213
f 308/124/207 315/131/214 307/123/206
f 310/126/209 316/132/215 308/124/207
f 309/125/208 317/133/216 310/126/209
f 318/134/217 319/135/218 309/125/208
f 313/129/212 320/136/219 321/137/220
f 312/128/211 322/138/221 320/136/219
f 314/130/213 323/139/222 322/138/221
f 316/132/215 323/139/222 315/131/214
f 317/133/216 324/140/223 316/132/215
f 319/135/218 325/141/224 317/133/216
f 326/142/225 327/143/226 319/135/218
f 320/136/219 328/144/227 321/137/220
f 322/138/221 329/145/228 320/136/219
f 323/139/222 330/146/229 322/138/221
f 323/139/222 331/147/230 332/148/231
f 325/141/224 331/147/230 324/140/223
f 327/143/226 333/149/232 325/141/224
f 327/143/226 334/150/233 335/151/234
f 328/144/227 329/145/228 336/152/235
f 330/146/229 336/152/235 329/145/228
f 332/148/231 337/153/236 330/146/229
f 332/148/231 338/154/237 339/155/231
f 333/149/232 338/154/237 331/147/230
f 335/151/234 340/156/238 333/149/232
f 335/151/234 341/157/239 342/158/240
f 343/68/241 344/68/241 345/68/241
f 336/152/235 337/153/236 346/159/242
f 339/155/231 346/159/242 337/153/236
f 339/155/231 347/160/243 348/161/231
f 340/156/238 347/160/243 338/154/237
f 342/158/240 349/162/244 340/156/238
f 342/158/240 350/163/245 351/164/246
f 352/68/247 353/68/247 354/68/247
f 355/68/248 356/68/248 357/68/248
f 346/159/242 348/161/231 358/165/249
f 347/160/243 358/165/249 348/161/231
f 349/162/244 359/166/250 347/160/243
f 351/164/246 360/167/251 349/162/244
f 351/164/246 361/168/252 362/169/253
f 363/69/254 364/69/254 365/69/254
f 366/69/255 367/69/255 368/69/255
f 369/69/256 370/69/256 371/69/256
f 358/165/249 359/166/250 372/170/257
f 360/167/251 372/170/257 359/166/250
f 362/169/253 373/171/258 360/167/251
f 362/169/253 374/172/259 375/173/260
f 376/69/261 377/69/261 378/69/261
f 379/69/262 380/69/262 381/69/262
f 382/69/263 383/69/263 384/69/263
f 385/69/264 386/69/264 387/69/264
f 373/171/258 388/174/265 372/170/257
f 375/173/260 389/175/266 373/171/258
f 375/173/260 390/176/267 391/177/268
f 392/69/269 393/69/269 394/69/269
f 395/69/270 396/69/270 397/69/270
f 398/69/271 399/69/271 400/69/271
f 401/68/137 402/68/137 403/68/137
f 388/174/265 404/178/272 405/179/273
f 391/177/268 404/178/272 389/175/266
f 391/177/268 406/180/274 407/181/275
f 408/68/76 409/68/76 410/68/76
f 411/68/76 410/68/76 412/68/76
f 413/68/76 412/68/76 414/68/76
f 405/179/273 415/182/276 416/183/277
f 405/179/273 417/184/278 415/182/276
f 407/181/275 417/184/278 404/178/272
f 407/181/275 418/185/279 419/186/280
f 420/68/76 414/68/76 421/68/76
f 422/68/76 423/68/76 421/68/76
f 424/68/76 422/68/76 425/68/76
f 416/183/277 426/187/281 427/188/282
f 417/184/278 426/187/281 415/182/276
f 419/186/280 428/189/283 417/184/278
f 419/186/280 429/190/284 430/191/285
f 431/68/76 424/68/76 432/68/76
f 433/68/76 431/68/76 434/68/76
f 435/68/76 433/68/76 436/68/76
f 426/187/281 437/192/286 427/188/282
f 428/189/283 438/193/287 426/187/281
f 430/191/285 439/194/288 428/189/283
f 430/191/285 440/195/289 441/196/290
f 442/68/291 443/68/291 444/68/291
f 445/68/292 446/68/292 447/68/292
f 448/68/293 449/68/293 450/68/293
f 438/193/287 451/197/294 437/192/286
f 439/194/288 452/198/295 438/193/287
f 441/196/290 453/199/296 439/194/288
f 441/196/290 454/200/297 455/201/298
f 456/68/299 457/68/299 458/68/299
f 459/68/300 460/68/300 461/68/300
f 462/68/301 463/68/301 464/68/301
f 452/198/295 465/202/302 451/197/294
f 453/199/296 466/203/303 452/198/295
f 455/201/298 467/204/304 453/199/296
f 455/201/298 468/205/305 469/206/306
f 470/68/307 471/68/307 472/68/307
f 473/68/308 474/68/308 475/68/308
f 476/68/309 477/68/309 478/68/309
f 466/203/303 479/207/310 465/202/302
f 467/204/304 480/208/311 466/203/303
f 469/206/306 481/209/312 467/204/304
f 469/206/306 468/205/305 482/210/313
f 483/68/314 484/68/314 485/68/314
f 486/69/315 487/69/315 488/69/315
f 489/69/316 490/69/316 491/69/316
f 492/69/317 493/69/317 494/69/317
f 495/69/318 496/69/318 497/69/318
f 498/69/319 499/69/319 500/69/319
f 480/208/311 501/211/320 479/207/310
f 502/212/321 503/213/322 504/214/323
f 481/209/312 505/215/324 480/208/311
f 506/216/325 507/217/326 508/218/327
f 482/210/313 506/216/325 481/209/312
f 509/219/328 510/220/329 506/216/325
f 511/69/330 512/69/330 513/69/330
f 514/69/331 515/69/331 516/69/331
f 517/69/332 518/69/332 519/69/332
f 520/69/333 521/69/333 522/69/333
f 523/69/334 524/69/334 525/69/334
f 504/214/323 526/221/335 502/212/321
f 510/220/329 527/222/336 507/217/326
f 528/223/337 529/224/338 510/220/329
f 530/225/339 531/226/340 532/227/340
f 533/228/339 532/227/340 534/229/341
f 535/230/342 536/231/343 537/232/344
f 536/231/343 538/225/345 533/228/339
f 539/233/346 540/234/347 526/221/335
f 529/224/338 541/235/348 527/222/336
f 529/224/338 542/236/349 535/230/342
f 543/237/350 544/238/351 545/239/352
f 546/240/353 533/228/339 547/241/354
f 529/224/338 535/230/342 541/235/348
f 539/233/346 543/237/350 540/234/347
f 528/223/337 542/236/349 529/224/338
f 510/220/329 529/224/338 527/222/336
f 504/214/323 539/233/346 526/221/335
f 546/240/353 547/241/354 548/239/355
f 543/237/350 545/239/352 540/234/347
f 536/231/343 533/228/339 546/240/353
f 535/230/342 537/232/344 541/235/348
f 509/219/328 528/223/337 510/220/329
f 482/210/313 509/219/328 506/216/325
f 506/216/325 510/220/329 507/217/326
f 481/209/312 506/216/325 505/215/324
f 502/212/321 501/211/320 503/213/322
f 480/208/311 505/215/324 501/211/320
f 469/206/306 482/210/313 481/209/312
f 533/228/339 534/229/341 547/241/354
f 530/225/339 532/227/340 533/228/339
f 467/204/304 481/209/312 480/208/311
f 466/203/303 480/208/311 479/207/310
f 549/69/356 550/69/356 551/69/356
f 552/69/357 553/69/357 554/69/357
f 555/69/358 556/69/358 557/69/358
f 558/69/359 559/69/359 560/69/359
f 561/69/360 562/69/360 563/69/360
f 564/69/361 565/69/361 566/69/361
f 567/69/362 568/69/362 569/69/362
f 570/69/363 571/69/363 572/69/363
f 573/69/364 574/69/364 575/69/364
f 576/69/365 577/69/365 578/69/365
f 483/68/314 485/68/314 579/68/314
f 476/68/309 478/68/309 580/68/309
f 473/68/308 475/68/308 581/68/308
f 470/68/307 472/68/307 582/68/307
f 462/68/301 464/68/301 583/68/301
f 459/68/300 461/68/300 584/68/300
f 456/68/299 458/68/299 585/68/299
f 448/68/293 450/68/293 586/68/293
f 445/68/292 447/68/292 587/68/292
f 442/68/291 444/68/291 588/68/291
f 589/68/77 590/68/77 591/68/77
f 433/68/76 434/68/76 436/68/76
f 431/68/76 432/68/76 434/68/76
f 424/68/76 425/68/76 432/68/76
f 422/68/76 421/68/76 425/68/76
f 420/68/76 421/68/76 423/68/76
f 413/68/76 414/68/76 420/68/76
f 411/68/76 412/68/76 413/68/76
f 408/68/76 410/68/76 411/68/76
f 408/68/76 592/68/76 409/68/76
f 593/69/366 594/69/366 595/69/366
f 596/69/367 597/69/367 598/69/367
f 599/69/368 600/69/368 601/69/368
f 602/69/369 603/69/369 604/69/369
f 605/69/370 606/69/370 607/69/370
f 608/69/371 609/69/371 610/69/371
f 611/69/372 612/69/372 613/69/372
f 614/69/373 615/69/373 616/69/373
f 617/69/374 618/69/374 619/69/374
f 620/69/375 621/69/375 622/69/375
f 355/68/248 357/68/248 623/68/248
f 352/68/247 354/68/247 624/68/247
f 343/68/241 345/68/241 625/68/241
f 263/68/167 265/68/167 626/68/167
f 254/68/160 256/68/160 627/68/160
f 251/68/159 253/68/159 628/68/159
f 243/68/153 245/68/153 629/68/153
f 240/68/152 242/68/152 630/68/152
f 237/68/151 239/68/151 631/68/151
f 230/68/146 232/68/146 632/68/146
f 633/68/77 634/68/77 635/68/77
f 226/68/76 227/68/76 229/68/76
f 224/68/76 225/68/76 227/68/76
f 218/68/76 219/68/76 225/68/76
f 216/68/76 215/68/76 219/68/76
f 214/68/76 215/68/76 217/68/76
f 212/68/76 213/68/76 214/68/76
f 206/68/76 207/68/76 212/68/76
f 203/68/76 205/68/76 206/68/76
f 203/68/76 636/68/76 204/68/76
f 637/70/376 638/70/376 639/70/376
f 640/70/377 641/70/377 642/70/377
f 643/70/378 644/70/378 645/70/378
f 646/70/379 647/70/379 648/70/379
f 168/70/118 170/70/118 649/70/118
f 165/70/117 167/70/117 650/70/117
f 156/70/110 158/70/110 651/70/110
f 651/70/110 652/70/110 653/70/110
f 653/70/110 654/70/110 655/70/110
f 128/70/88 130/70/88 656/70/88
f 657/70/84 658/70/84 659/70/84
f 659/70/84 660/70/84 661/70/84
f 662/70/85 663/70/85 664/70/85
f 665/70/380 666/70/380 667/70/380
f 668/70/381 669/70/381 670/70/381
f 671/70/382 672/70/382 673/70/382
f 674/70/383 675/70/383 676/70/383
f 103/69/79 105/69/79 677/69/79
f 100/69/78 102/69/78 678/69/78
f 97/69/77 99/69/77 679/69/77
f 94/69/76 96/69/76 680/69/76
f 91/69/75 93/69/75 681/69/75
f 88/69/74 90/69/74 682/69/74
f 83/68/71 85/68/71 683/68/71
f 80/68/70 82/68/70 684/68/70
f 77/68/71 79/68/71 685/68/71
f 74/68/70 76/68/70 686/68/70
f 455/201/298 454/200/297 468/205/305
f 455/201/298 469/206/306 467/204/304
f 453/199/296 467/204/304 466/203/303
f 452/198/295 466/203/303 465/202/302
f 441/196/290 440/195/289 454/200/297
f 441/196/290 455/201/298 453/199/296
f 439/194/288 453/199/296 452/198/295
f 438/193/287 452/198/295 451/197/294
f 430/191/285 429/190/284 440/195/289
f 430/191/285 441/196/290 439/194/288
f 428/189/283 439/194/288 438/193/287
f 426/187/281 438/193/287 437/192/286
f 72/21/68 73/20/69 687/22/384
f 419/186/280 418/185/279 429/190/284
f 419/186/280 430/191/285 428/189/283
f 417/184/278 428/189/283 426/187/281
f 416/183/277 415/182/276 426/187/281
f 407/181/275 406/180/274 418/185/279
f 407/181/275 419/186/280 417/184/278
f 405/179/273 404/178/272 417/184/278
f 391/177/268 390/176/267 406/180/274
f 391/177/268 407/181/275 404/178/272
f 388/174/265 389/175/266 404/178/272
f 375/173/260 374/172/259 390/176/267
f 375/173/260 391/177/268 389/175/266
f 70/40/66 71/39/67 72/21/68
f 373/171/258 389/175/266 388/174/265
f 362/169/253 361/168/252 374/172/259
f 362/169/253 375/173/260 373/171/258
f 360/167/251 373/171/258 372/170/257
f 351/164/246 350/163/245 361/168/252
f 351/164/246 362/169/253 360/167/251
f 349/162/244 360/167/251 359/166/250
f 347/160/243 359/166/250 358/165/249
f 342/158/240 341/157/239 350/163/245
f 342/158/240 351/164/246 349/162/244
f 340/156/238 349/162/244 347/160/243
f 339/155/231 338/154/237 347/160/243
f 67/58/63 70/40/66 68/59/64
f 339/155/231 348/161/231 346/159/242
f 335/151/234 334/150/233 341/157/239
f 335/151/234 342/158/240 340/156/238
f 333/149/232 340/156/238 338/154/237
f 332/148/231 331/147/230 338/154/237
f 332/148/231 339/155/231 337/153/236
f 330/146/229 337/153/236 336/152/235
f 327/143/226 688/242/385 334/150/233
f 327/143/226 335/151/234 333/149/232
f 325/141/224 333/149/232 331/147/230
f 323/139/222 324/140/223 331/147/230
f 323/139/222 332/148/231 330/146/229
f 65/65/61 68/59/64 66/66/62
f 322/138/221 330/146/229 329/145/228
f 320/136/219 329/145/228 328/144/227
f 326/142/225 688/242/385 327/143/226
f 319/135/218 327/143/226 325/141/224
f 317/133/216 325/141/224 324/140/223
f 316/132/215 324/140/223 323/139/222
f 314/130/213 315/131/214 323/139/222
f 312/128/211 314/130/213 322/138/221
f 313/129/212 312/128/211 320/136/219
f 318/134/217 326/142/225 319/135/218
f 309/125/208 319/135/218 317/133/216
f 310/126/209 317/133/216 316/132/215
f 47/47/43 66/66/62 48/48/44
f 308/124/207 316/132/215 315/131/214
f 306/122/205 307/123/206 315/131/214
f 304/120/203 306/122/205 314/130/213
f 64/64/60 63/63/59 689/71/386
f 62/62/58 63/63/59 45/45/42
f 60/60/56 61/61/57 62/62/58
f 44/44/41 57/57/53 60/60/56
f 43/43/40 56/56/52 44/44/41
f 42/42/39 55/55/51 43/43/40
f 53/53/49 54/54/50 42/42/39
f 51/51/47 52/52/48 53/53/49
f 49/49/45 50/50/46 51/51/47
f 41/41/38 48/48/44 49/49/45
f 305/121/204 304/120/203 312/128/211
f 311/127/210 318/134/217 309/125/208
f 46/46/31 45/45/42 64/64/60
f 36/36/35 45/45/42 37/37/30
f 35/35/34 44/44/41 36/36/35
f 34/34/33 43/43/40 35/35/34
f 33/33/32 42/42/39 34/34/33
f 301/117/200 303/119/202 309/125/208
f 301/117/200 310/126/209 308/124/207
f 38/38/31 37/37/30 46/46/31
f 29/29/29 37/37/30 30/30/30
f 28/28/28 36/36/35 29/29/29
f 27/27/27 35/35/34 28/28/28
f 26/26/26 34/34/33 27/27/27
f 300/116/199 308/124/207 307/123/206
f 298/114/197 299/115/198 307/123/206
f 31/31/31 30/30/30 38/38/31
f 23/23/23 30/30/30 32/32/30
f 19/19/19 29/29/29 23/23/23
f 18/18/18 28/28/28 19/19/19
f 17/17/17 27/27/27 18/18/18
f 296/112/195 298/114/197 306/122/205
f 297/113/196 296/112/195 304/120/203
f 24/24/24 32/32/30 31/31/31
f 24/24/24 23/23/23 32/32/30
f 15/15/15 23/23/23 25/25/25
f 14/14/14 19/19/19 15/15/15
f 13/13/13 18/18/18 14/14/14
f 302/118/201 311/127/210 303/119/202
f 295/111/194 303/119/202 301/117/200
f 294/110/193 301/117/200 300/116/199
f 16/16/16 25/25/25 24/24/24
f 16/16/16 15/15/15 25/25/25
f 11/11/11 15/15/15 12/12/12
f 10/10/10 14/14/14 11/11/11
f 293/109/192 300/116/199 299/115/198
f 291/107/190 292/108/191 299/115/198
f 289/105/188 291/107/190 298/114/197
f 290/106/189 289/105/188 296/112/195
f 9/9/9 12/12/12 16/16/16
f 6/6/6 12/12/12 8/8/8
f 5/5/5 11/11/11 6/6/6
f 287/103/186 302/118/201 295/111/194
f 288/104/187 295/111/194 294/110/193
f 286/102/185 294/110/193 293/109/192
f 285/101/184 293/109/192 292/108/191
f 2/2/2 9/9/9 3/3/3
f 2/2/2 6/6/6 8/8/8
f 4/4/4 6/6/6 7/7/7
f 283/99/182 284/100/183 292/108/191
f 281/97/180 283/99/182 291/107/190
f 282/98/181 281/97/180 289/105/188
f 690/73/387 691/72/388 3/3/3
f 1/1/1 3/3/3 691/72/388
f 1/1/1 7/7/7 2/2/2
f 692/74/389 7/7/7 693/75/390
f 280/96/179 279/95/178 287/103/186
f 280/96/179 288/104/187 286/102/185
f 694/77/391 695/76/392 690/73/387
f 696/78/393 690/73/387 695/76/392
f 696/78/393 1/1/1 691/72/388
f 697/79/394 693/75/390 1/1/1
f 698/80/395 693/75/390 699/81/396
f 278/94/177 286/102/185 285/101/184
f 700/83/397 701/82/398 694/77/391
f 702/84/392 694/77/391 701/82/398
f 702/84/392 696/78/393 695/76/392
f 703/85/399 697/79/394 696/78/393
f 704/86/400 699/81/396 697/79/394
f 705/87/401 699/81/396 706/88/402
f 707/90/403 708/89/404 700/83/397
f 709/91/398 700/83/397 708/89/404
f 710/92/392 701/82/398 709/91/398
f 710/92/392 703/85/399 702/84/392
f 711/93/405 704/86/400 703/85/399
f 712/94/406 706/88/402 704/86/400
f 713/95/407 706/88/402 714/96/408
f 715/97/409 707/90/403 716/98/410
f 717/99/411 708/89/404 715/97/409
f 718/100/412 709/91/398 717/99/411
f 718/100/412 711/93/405 710/92/392
f 719/101/413 712/94/406 711/93/405
f 720/102/414 714/96/408 712/94/406
f 721/103/415 714/96/408 722/104/416
f 723/105/417 716/98/410 724/106/418
f 725/107/419 715/97/409 723/105/417
f 726/108/420 717/99/411 725/107/419
f 726/108/420 719/101/413 718/100/412
f 727/109/421 720/102/414 719/101/413
f 728/110/422 722/104/416 720/102/414
f 729/111/423 721/103/415 722/104/416
f 730/112/424 724/106/418 731/113/425
f 732/114/426 723/105/417 730/112/424
f 733/115/427 725/107/419 732/114/426
f 733/115/427 727/109/421 726/108/420
f 734/116/428 728/110/422 727/109/421
f 735/117/429 729/111/423 728/110/422
f 736/119/430 737/118/431 729/111/423
f 738/120/432 731/113/425 739/121/433
f 740/122/434 730/112/424 738/120/432
f 741/123/435 732/114/426 740/122/434
f 741/123/435 734/116/428 733/115/427
f 742/124/436 735/117/429 734/116/428
f 743/125/437 735/117/429 744/126/438
f 743/125/437 745/127/439 736/119/430
f 746/128/440 739/121/433 747/129/441
f 748/130/442 738/120/432 746/128/440
f 749/131/443 740/122/434 748/130/442
f 749/131/443 742/124/436 741/123/435
f 750/132/444 744/126/438 742/124/436
f 751/133/445 743/125/437 744/126/438
f 752/135/446 753/134/447 743/125/437
f 754/136/448 747/129/441 755/137/449
f 756/138/450 746/128/440 754/136/448
f 757/139/451 748/130/442 756/138/450
f 757/139/451 750/132/444 749/131/443
f 758/140/452 751/133/445 750/132/444
f 759/141/453 752/135/446 751/133/445
f 760/143/454 761/142/455 752/135/446
f 762/144/456 754/136/448 755/137/449
f 763/145/457 756/138/450 754/136/448
f 764/146/458 757/139/451 756/138/450
f 765/147/459 757/139/451 766/148/460
f 765/147/459 759/141/453 758/140/452
f 767/149/461 760/143/454 759/141/453
f 768/150/462 760/143/454 769/151/463
f 770/152/464 763/145/457 762/144/456
f 770/152/464 764/146/458 763/145/457
f 771/153/465 766/148/460 764/146/458
f 772/154/466 766/148/460 773/155/460
f 772/154/466 767/149/461 765/147/459
f 774/156/467 769/151/463 767/149/461
f 775/157/468 769/151/463 776/158/469
f 277/93/176 285/101/184 284/100/183
f 777/159/470 771/153/465 770/152/464
f 777/159/470 773/155/460 771/153/465
f 778/160/471 773/155/460 779/161/460
f 778/160/471 774/156/467 772/154/466
f 780/162/472 776/158/469 774/156/467
f 781/163/473 776/158/469 782/164/474
f 275/91/168 276/92/161 284/100/183
f 273/89/174 275/91/168 283/99/182
f 783/165/475 779/161/460 777/159/470
f 783/165/475 778/160/471 779/161/460
f 784/166/476 780/162/472 778/160/471
f 785/167/477 782/164/474 780/162/472
f 786/168/478 782/164/474 787/169/479
f 274/90/175 273/89/174 281/97/180
f 272/88/173 271/87/172 279/95/178
f 272/88/173 280/96/179 278/94/177
f 788/170/480 784/166/476 783/165/475
f 788/170/480 785/167/477 784/166/476
f 789/171/481 787/169/479 785/167/477
f 790/172/482 787/169/479 791/173/483
f 270/86/171 278/94/177 277/93/176
f 269/85/170 277/93/176 276/92/161
f 266/82/168 268/84/161 276/92/161
f 267/83/169 266/82/168 275/91/168
f 792/174/484 789/171/481 788/170/480
f 793/175/485 791/173/483 789/171/481
f 794/176/486 791/173/483 795/177/487
f 262/81/166 261/80/165 271/87/172
f 262/81/166 272/88/173 270/86/171
f 260/79/164 270/86/171 269/85/170
f 259/78/163 269/85/170 268/84/161
f 796/178/488 792/174/484 797/179/489
f 796/178/488 795/177/487 793/175/485
f 798/180/490 795/177/487 799/181/491
f 258/77/162 257/76/161 268/84/161
f 250/75/158 249/74/157 261/80/165
f 250/75/158 262/81/166 260/79/164
f 800/183/492 801/182/493 797/179/489
f 802/184/494 797/179/489 801/182/493
f 802/184/494 799/181/491 796/178/488
f 803/185/495 799/181/491 804/186/496
f 248/1/156 260/79/164 259/78/163
f 247/73/155 246/72/154 259/78/163
f 236/7/150 235/4/149 249/74/157
f 805/187/497 800/183/492 806/188/498
f 805/187/497 802/184/494 801/182/493
f 807/189/499 804/186/496 802/184/494
f 808/190/500 804/186/496 809/191/501
f 236/7/150 250/75/158 248/1/156
f 234/3/148 233/2/147 248/1/156
f 221/6/143 223/5/145 235/4/149
f 810/192/502 805/187/497 806/188/498
f 811/193/503 807/189/499 805/187/497
f 812/194/504 809/191/501 807/189/499
f 813/195/505 809/191/501 814/196/506
f 221/6/143 236/7/150 233/2/147
f 220/9/142 222/8/144 233/2/147
f 209/11/139 211/10/141 223/5/145
f 815/197/507 811/193/503 810/192/502
f 816/198/508 812/194/504 811/193/503
f 817/199/509 814/196/506 812/194/504
f 818/200/510 814/196/506 819/201/511
f 210/12/140 209/11/139 221/6/143
f 210/12/140 222/8/144 220/9/142
f 198/14/135 199/13/136 211/10/141
f 820/202/512 816/198/508 815/197/507
f 821/203/513 817/199/509 816/198/508
f 822/204/514 819/201/511 817/199/509
f 823/205/515 819/201/511 824/206/516
f 196/15/133 198/14/135 209/11/139
f 196/15/133 210/12/140 208/16/138
f 187/18/128 188/17/129 199/13/136
f 825/207/517 821/203/513 820/202/512
f 826/208/518 822/204/514 821/203/513
f 827/209/519 824/206/516 822/204/514
f 828/210/520 823/205/515 824/206/516
f 186/19/127 187/18/128 198/14/135
f 184/23/126 186/19/127 196/15/133
f 184/23/126 197/25/134 195/24/132
f 175/27/121 176/26/122 188/17/129
f 174/28/120 175/27/121 187/18/128
f 172/29/119 174/28/120 186/19/127
f 829/211/521 826/208/518 825/207/517
f 830/213/522 831/212/523 832/214/524
f 833/215/525 827/209/519 826/208/518
f 834/217/526 835/216/527 836/218/528
f 835/216/527 828/210/520 827/209/519
f 837/220/529 838/219/530 835/216/527
f 173/30/113 172/29/119 184/23/126
f 173/30/113 185/32/113 183/31/125
f 163/34/115 164/33/116 176/26/122
f 162/35/114 163/34/115 175/27/121
f 160/36/112 162/35/114 174/28/120
f 839/221/531 832/214/524 831/212/523
f 840/222/532 837/220/529 834/217/526
f 841/224/533 842/223/534 837/220/529
f 161/37/113 160/36/112 172/29/119
f 161/37/113 173/30/113 171/38/111
f 146/42/102 153/41/109 164/33/116
f 144/43/100 146/42/102 163/34/115
f 843/234/535 844/233/536 839/221/531
f 845/235/537 841/224/533 840/222/532
f 846/230/538 847/236/539 841/224/533
f 142/44/98 144/43/100 162/35/114
f 138/45/94 142/44/98 160/36/112
f 138/45/94 161/37/113 159/46/111
f 125/48/87 124/47/86 153/41/109
f 151/50/107 125/48/87 152/49/108
f 149/52/105 151/50/107 150/51/106
f 147/54/103 149/52/105 148/53/104
f 848/241/540 849/240/541 850/239/542
f 851/239/543 852/237/544 843/234/535
f 853/228/545 854/231/546 849/240/541
f 855/232/547 846/230/538 845/235/537
f 145/55/101 147/54/103 146/42/102
f 143/56/99 145/55/101 144/43/100
f 141/57/97 143/56/99 142/44/98
f 139/61/95 141/57/97 140/60/96
f 134/63/90 139/61/95 137/62/93
f 134/63/90 138/45/94 135/64/91
f 87/66/73 86/65/72 124/47/86
f 856/229/548 853/228/545 848/241/540
f 857/227/549 858/225/550 853/228/545
f 59/59/55 58/58/54 86/65/72
f 40/40/37 859/67/551 58/58/54
f 860/69/552 861/69/552 862/69/552
f 863/69/553 864/69/553 865/69/553
f 866/69/554 867/69/554 868/69/554
f 869/69/555 870/69/555 871/69/555
f 872/69/556 873/69/556 874/69/556
f 875/69/557 876/69/557 877/69/557
f 878/69/558 879/69/558 880/69/558
f 881/69/559 882/69/559 883/69/559
f 884/69/560 885/69/560 886/69/560
f 887/69/561 888/69/561 889/69/561
f 890/68/314 891/68/314 892/68/314
f 893/68/309 894/68/309 895/68/309
f 896/68/308 897/68/308 898/68/308
f 899/68/307 900/68/307 901/68/307
f 902/68/301 903/68/301 904/68/301
f 905/68/300 906/68/300 907/68/300
f 908/68/299 909/68/299 910/68/299
f 911/68/293 912/68/293 913/68/293
f 914/68/292 915/68/292 916/68/292
f 917/68/291 918/68/291 919/68/291
f 920/68/562 921/68/562 922/68/562
f 923/68/77 924/68/77 925/68/77
f 926/68/77 927/68/77 923/68/77
f 928/68/77 929/68/77 926/68/77
f 930/68/77 931/68/77 928/68/77
f 930/68/77 932/68/77 933/68/77
f 934/68/77 935/68/77 932/68/77
f 936/68/77 937/68/77 935/68/77
f 938/68/77 939/68/77 937/68/77
f 940/68/77 941/68/77 939/68/77
f 942/69/563 943/69/563 944/69/563
f 945/69/564 946/69/564 947/69/564
f 948/69/565 949/69/565 950/69/565
f 951/69/566 952/69/566 953/69/566
f 954/69/567 955/69/567 956/69/567
f 957/69/568 958/69/568 959/69/568
f 960/69/569 961/69/569 962/69/569
f 963/69/570 964/69/570 965/69/570
f 966/69/571 967/69/571 968/69/571
f 969/69/572 970/69/572 971/69/572
f 972/68/248 973/68/248 974/68/248
f 975/68/247 976/68/247 977/68/247
f 978/68/241 979/68/241 980/68/241
f 981/68/167 982/68/167 983/68/167
f 984/68/160 985/68/160 986/68/160
f 987/68/159 988/68/159 989/68/159
f 990/68/153 991/68/153 992/68/153
f 993/68/152 994/68/152 995/68/152
f 996/68/151 997/68/151 998/68/151
f 999/68/146 1000/68/146 1001/68/146
f 1002/68/562 1003/68/562 1004/68/562
f 1005/68/77 1006/68/77 1007/68/77
f 1008/68/77 1009/68/77 1005/68/77
f 1010/68/77 1011/68/77 1008/68/77
f 1012/68/77 1013/68/77 1010/68/77
f 1012/68/77 1014/68/77 1015/68/77
f 1016/68/77 1017/68/77 1014/68/77
f 1018/68/77 1019/68/77 1017/68/77
f 1020/68/77 1021/68/77 1019/68/77
f 1022/68/77 1023/68/77 1021/68/77
f 1024/70/573 1025/70/573 1026/70/573
f 1027/70/574 1028/70/574 1029/70/574
f 1030/70/575 1031/70/575 1032/70/575
f 1033/70/576 1034/70/576 1035/70/576
f 1036/70/577 1037/70/577 1038/70/577
f 1039/70/578 1040/70/578 1041/70/578
f 1042/70/579 1043/70/579 1044/70/579
f 1045/70/579 1044/70/579 1046/70/579
f 1047/70/579 1046/70/579 1048/70/579
f 1049/70/580 1050/70/580 1051/70/580
f 1052/70/581 1053/70/581 1054/70/581
f 1055/70/581 1054/70/581 1056/70/581
f 1057/70/582 1058/70/582 1059/70/582
f 1060/70/583 1061/70/583 1062/70/583
f 1063/70/584 1064/70/584 1065/70/584
f 1066/70/585 1067/70/585 1068/70/585
f 1069/70/586 1070/70/586 1071/70/586
f 1072/69/79 1073/69/79 1074/69/79
f 1075/69/78 1076/69/78 1077/69/78
f 1078/69/77 1079/69/77 1080/69/77
f 1081/69/76 1082/69/76 1083/69/76
f 1084/69/75 1085/69/75 1086/69/75
f 1087/69/74 1088/69/74 1089/69/74
f 1090/68/71 1091/68/71 1092/68/71
f 1093/68/70 1094/68/70 1095/68/70
f 1096/68/71 1097/68/71 1098/68/71
f 1099/68/70 1100/68/70 1101/68/70
f 1102/243/587 1103/244/588 1104/245/589
f 1102/243/587 1105/246/590 1106/247/591
f 1107/248/592 1108/249/593 1105/246/590
f 1109/250/594 1108/249/593 1110/251/595
f 1111/252/596 1112/253/597 1109/250/594
f 1111/252/596 1113/254/598 1114/255/599
f 1106/247/591 1115/256/600 1103/244/588
f 1106/247/591 1116/257/601 1117/258/602
f 1105/246/590 1118/259/603 1116/257/601
f 1112/253/597 1118/259/603 1108/249/593
f 1114/255/599 1119/260/604 1112/253/597
f 1114/255/599 1120/261/605 1121/262/606
f 1117/258/602 1122/263/607 1115/256/600
f 1117/258/602 1123/264/608 1124/265/609
f 1116/257/601 1125/266/610 1123/264/608
f 1119/260/604 1125/266/610 1118/259/603
f 1121/262/606 1126/267/611 1119/260/604
f 1121/262/606 1127/268/612 1128/269/613
f 1124/265/609 1129/270/614 1122/263/607
f 1124/265/609 1130/271/615 1131/272/616
f 1123/264/608 1132/273/603 1130/271/615
f 1126/267/611 1132/273/603 1125/266/610
f 1128/269/613 1133/274/617 1126/267/611
f 1128/269/613 1134/275/618 1135/276/619
f 1131/272/616 1136/277/620 1129/270/614
f 1131/272/616 1137/278/621 1138/279/622
f 1130/271/615 1139/280/623 1137/278/621
f 1133/274/617 1139/280/623 1132/273/603
f 1135/276/619 1140/281/624 1133/274/617
f 1135/276/619 1141/282/625 1142/283/626
f 1138/279/622 1143/284/627 1136/277/620
f 1138/279/622 1144/285/628 1145/286/629
f 1137/278/621 1146/287/630 1144/285/628
f 1140/281/624 1146/287/630 1139/280/623
f 1142/283/626 1147/288/631 1140/281/624
f 1142/283/626 1148/289/632 1149/290/633
f 1143/284/627 1150/291/634 1151/292/635
f 1145/286/629 1152/293/636 1150/291/634
f 1144/285/628 1153/294/637 1152/293/636
f 1147/288/631 1153/294/637 1146/287/630
f 1149/290/633 1154/295/638 1147/288/631
f 1148/289/632 1155/296/639 1149/290/633
f 1151/292/635 1156/297/640 1157/298/641
f 1150/291/634 1158/299/642 1156/297/640
f 1152/293/636 1159/300/637 1158/299/642
f 1154/295/638 1159/300/637 1153/294/637
f 1155/296/639 1160/301/643 1154/295/638
f 1161/302/644 1162/303/645 1155/296/639
f 1157/298/641 1163/304/646 1164/305/647
f 1156/297/640 1165/306/648 1163/304/646
f 1158/299/642 1166/307/637 1165/306/648
f 1160/301/643 1166/307/637 1159/300/637
f 1162/303/645 1167/308/649 1160/301/643
f 1168/309/650 1169/310/651 1162/303/645
f 1164/305/647 1170/311/652 1171/312/653
f 1163/304/646 1172/313/654 1170/311/652
f 1165/306/648 1173/314/637 1172/313/654
f 1167/308/649 1173/314/637 1166/307/637
f 1169/310/651 1174/315/655 1167/308/649
f 1175/316/656 1176/317/657 1169/310/651
f 1171/312/653 1177/318/658 1178/319/659
f 1170/311/652 1179/320/660 1177/318/658
f 1172/313/654 1180/321/661 1179/320/660
f 1174/315/655 1180/321/661 1173/314/637
f 1176/317/657 1181/322/662 1174/315/655
f 1182/323/663 1183/324/664 1176/317/657
f 1178/319/659 1184/325/665 1185/326/666
f 1177/318/658 1186/327/667 1184/325/665
f 1179/320/660 1187/328/668 1186/327/667
f 1181/322/662 1187/328/668 1180/321/661
f 1183/324/664 1188/329/669 1181/322/662
f 1189/330/670 1190/331/671 1183/324/664
f 1185/326/666 1191/332/672 1192/333/673
f 1184/325/665 1193/334/674 1191/332/672
f 1186/327/667 1194/335/675 1193/334/674
f 1188/329/669 1194/335/675 1187/328/668
f 1190/331/671 1195/336/676 1188/329/669
f 1196/337/677 1197/338/678 1190/331/671
f 1191/332/672 1198/339/679 1199/333/680
f 1191/332/672 1200/340/681 1201/341/682
f 1193/334/674 1202/342/683 1200/340/681
f 1195/336/676 1202/342/683 1194/335/675
f 1197/338/678 1203/343/684 1195/336/676
f 1197/338/678 1204/344/685 1205/345/686
f 1201/341/682 1206/346/687 1198/339/679
f 1200/340/681 1207/347/688 1208/348/689
f 1203/343/684 1207/347/688 1202/342/683
f 1205/345/686 1209/349/690 1210/350/691
f 1211/351/692 1212/352/693 1206/346/687
f 1208/348/689 1213/353/694 1214/354/695
f 1215/355/696 1213/353/694 1207/347/688
f 1210/350/691 1216/356/697 1217/357/698
f 1212/352/693 1218/358/699 1219/359/700
f 1214/354/695 1220/360/701 1221/361/702
f 1222/362/703 1220/360/701 1213/353/694
f 1216/356/697 1223/363/704 1217/357/698
f 1224/358/705 1225/364/706 1226/359/707
f 1221/361/702 1227/365/708 1228/366/709
f 1229/367/710 1227/365/708 1220/360/701
f 1230/363/711 1231/368/712 1232/369/713
f 1233/70/714 1234/70/714 1235/70/714
f 1236/70/715 1237/70/715 1238/70/715
f 1239/70/716 1240/70/716 1241/70/716
f 1242/70/717 1243/70/717 1244/70/717
f 1245/70/718 1246/70/718 1247/70/718
f 1248/70/719 1249/70/719 1250/70/719
f 1251/70/720 1252/70/720 1253/70/720
f 1254/70/721 1255/70/721 1256/70/721
f 1257/70/722 1258/70/722 1259/70/722
f 1260/70/723 1261/70/723 1262/70/723
f 1263/70/724 1264/70/724 1265/70/724
f 1266/70/725 1267/70/725 1268/70/725
f 1269/70/726 1270/70/726 1271/70/726
f 1272/70/727 1273/70/727 1274/70/727
f 1275/70/728 1276/70/728 1277/70/728
f 1278/70/729 1279/70/729 1280/70/729
f 1281/70/730 1282/70/730 1283/70/730
f 1284/70/731 1285/70/731 1286/70/731
f 1287/70/732 1288/70/732 1289/70/732
f 1290/70/733 1291/70/733 1292/70/733
f 1293/70/734 1294/70/734 1295/70/734
f 1296/70/735 1297/70/735 1298/70/735
f 1299/70/736 1300/70/736 1301/70/736
f 1302/70/737 1303/70/737 1304/70/737
f 1305/70/738 1306/70/738 1307/70/738
f 1308/70/739 1309/70/739 1310/70/739
f 1311/70/740 1312/70/740 1313/70/740
f 1314/70/741 1315/70/741 1316/70/741
f 1317/370/742 1318/370/743 1319/370/744
f 1317/370/742 1320/370/745 1321/370/746
f 1322/370/747 1323/370/748 1320/370/745
f 1324/370/749 1325/370/750 1323/370/748
f 1326/370/751 1327/370/750 1325/370/750
f 1328/370/752 1329/370/750 1327/370/750
f 1330/370/753 1329/370/750 1331/370/754
f 1330/370/753 1332/370/755 1333/370/756
f 1334/370/757 1335/370/758 1332/370/755
f 1319/370/744 1335/370/758 1336/370/759
f 1337/68/760 1338/68/761 1339/68/762
f 1337/68/760 1340/68/747 1341/68/742
f 1342/68/763 1343/68/764 1340/68/747
f 1344/68/765 1345/68/751 1343/68/764
f 1346/68/766 1347/68/752 1345/68/751
f 1348/68/767 1347/68/752 1349/68/768
f 1350/68/769 1351/68/754 1348/68/767
f 1352/68/770 1353/68/753 1350/68/769
f 1352/68/770 1354/68/759 1355/68/757
f 1339/68/762 1354/68/759 1356/68/771
f 1357/69/772 1358/69/772 1359/69/772
f 1360/69/773 1361/69/774 1362/69/774
f 1363/69/775 1364/69/776 1360/69/773
f 1365/69/777 1366/69/778 1363/69/775
f 1367/69/779 1368/69/780 1365/69/777
f 1367/69/779 1369/69/781 1370/69/782
f 1371/69/783 1372/69/784 1369/69/781
f 1373/69/785 1374/69/785 1375/69/785
f 1376/69/786 1377/69/787 1378/69/786
f 1379/69/788 1380/69/789 1377/69/787
f 1381/371/790 1382/371/791 1383/371/792
f 1381/371/790 1384/371/793 1382/371/791
f 1381/371/790 1385/371/794 1384/371/793
f 1381/371/790 1386/371/795 1385/371/794
f 1381/371/790 1387/371/796 1386/371/795
f 1381/371/790 1388/371/797 1387/371/796
f 1381/371/790 1389/371/798 1388/371/797
f 1381/371/790 1390/371/799 1389/371/798
f 1381/371/790 1391/371/800 1390/371/799
f 1381/371/790 1383/371/792 1391/371/800
f 1392/370/801 1332/370/755 1393/370/802
f 1392/370/801 1394/370/803 1333/370/756
f 1395/370/804 1394/370/803 1396/370/805
f 1397/370/806 1398/370/807 1395/370/804
f 1399/370/808 1400/370/809 1397/370/806
f 1401/370/810 1402/370/811 1399/370/808
f 1401/370/810 1403/370/812 1404/370/813
f 1405/370/814 1332/370/755 1406/370/815
f 1407/68/816 1408/68/802 1409/68/817
f 1407/68/816 1410/68/818 1411/68/801
f 1412/68/819 1413/68/804 1410/68/818
f 1414/68/820 1415/68/806 1413/68/804
f 1416/68/821 1415/68/806 1417/68/822
f 1418/68/823 1419/68/808 1416/68/821
f 1418/68/823 1420/68/814 1421/68/810
f 1422/68/824 1408/68/802 1420/68/814
f 1423/69/825 1424/69/825 1425/69/825
f 1426/69/826 1427/69/827 1428/69/827
f 1426/69/826 1429/69/828 1430/69/829
f 1431/69/830 1432/69/831 1429/69/828
f 1433/69/832 1434/69/833 1432/69/831
f 1435/69/834 1436/69/835 1434/69/833
f 1437/69/836 1438/69/837 1439/69/837
f 1440/69/838 1441/69/839 1437/69/836
f 1442/371/840 1443/371/841 1444/371/842
f 1442/371/840 1445/371/843 1443/371/841
f 1442/371/840 1446/371/844 1445/371/843
f 1442/371/840 1447/371/845 1446/371/844
f 1442/371/840 1448/371/846 1447/371/845
f 1442/371/840 1449/371/847 1448/371/846
f 1442/371/840 1450/371/848 1449/371/847
f 1442/371/840 1444/371/842 1450/371/848
f 1451/370/849 1452/370/850 1453/370/851
f 1454/370/852 1455/370/853 1452/370/850
f 1456/370/854 1455/370/853 1457/370/855
f 1458/370/856 1459/370/54 1456/370/854
f 1460/370/857 1461/370/858 1458/370/856
f 1462/370/859 1463/370/86 1460/370/857
f 1464/370/860 1465/370/861 1462/370/859
f 1466/370/860 1467/370/116 1464/370/860
f 1468/370/860 1469/370/862 1466/370/860
f 1470/370/860 1471/370/863 1468/370/860
f 1472/370/860 1473/370/136 1470/370/860
f 1474/370/860 1475/370/864 1472/370/860
f 1476/370/860 1477/370/145 1474/370/860
f 1478/370/860 1479/370/865 1476/370/860
f 1480/370/860 1481/370/866 1478/370/860
f 1482/370/860 1483/370/867 1480/370/860
f 1484/370/860 1485/370/172 1482/370/860
f 1484/370/860 1486/370/186 1487/370/868
f 1488/370/869 1489/370/870 1490/370/871
f 1491/370/872 1492/370/210 1493/370/201
f 1494/370/873 1495/370/217 1492/370/210
f 1496/370/874 1497/370/875 1495/370/217
f 1498/370/876 1499/370/877 1497/370/875
f 1500/69/878 1501/69/878 1502/69/878
f 1503/69/79 1504/69/79 1505/69/79
f 1506/69/78 1507/69/78 1508/69/78
f 1509/69/77 1510/69/77 1511/69/77
f 1512/69/76 1513/69/76 1514/69/76
f 1515/69/75 1516/69/75 1517/69/75
f 1518/69/74 1519/69/74 1520/69/74
f 1521/69/879 1522/69/879 1523/69/879
f 1524/69/79 1525/69/79 1526/69/79
f 1527/69/880 1528/69/880 1529/69/880
f 1530/69/881 1531/69/881 1532/69/881
f 1533/69/882 1534/69/882 1535/69/882
f 1536/69/883 1537/69/883 1538/69/883
f 1539/69/884 1540/69/884 1541/69/884
f 1542/69/885 1543/69/885 1544/69/885
f 1545/69/76 1546/69/76 1547/69/76
f 1548/69/77 1549/69/77 1550/69/77
f 1551/372/75 1552/372/75 1553/372/75
f 1554/370/886 1555/370/887 1556/370/888
f 1557/370/889 1555/370/887 1558/370/890
f 1559/370/891 1560/370/892 1557/370/889
f 1561/370/893 1562/370/894 1559/370/891
f 1563/370/893 1564/370/895 1561/370/893
f 1565/370/893 1566/370/896 1563/370/893
f 1565/370/893 1567/370/897 1568/370/898
f 1569/370/899 1567/370/897 1570/370/900
f 1571/370/901 1572/370/902 1569/370/899
f 1571/370/901 1556/370/888 1573/370/903
f 1574/68/904 1575/68/905 1576/68/906
f 1577/68/892 1575/68/905 1578/68/887
f 1579/68/894 1580/68/907 1577/68/892
f 1581/68/895 1582/68/908 1579/68/894
f 1583/68/896 1584/68/909 1581/68/895
f 1583/68/896 1585/68/910 1586/68/911
f 1587/68/898 1588/68/912 1585/68/910
f 1589/68/897 1590/68/913 1588/68/912
f 1591/68/903 1590/68/913 1592/68/902
f 1591/68/903 1576/68/906 1593/68/914
f 1594/69/772 1595/69/772 1596/69/772
f 1597/69/774 1598/69/773 1599/69/774
f 1600/69/776 1601/69/775 1598/69/773
f 1602/69/778 1603/69/777 1601/69/775
f 1604/69/780 1605/69/779 1603/69/777
f 1606/69/781 1605/69/779 1607/69/782
f 1608/69/784 1609/69/783 1606/69/781
f 1610/69/785 1611/69/785 1612/69/785
f 1613/69/787 1614/69/786 1615/69/786
f 1616/69/789 1617/69/788 1613/69/787
f 1618/371/915 1619/371/916 1620/371/917
f 1619/371/916 1621/371/918 1620/371/917
f 1621/371/918 1622/371/919 1620/371/917
f 1622/371/919 1623/371/920 1620/371/917
f 1623/371/920 1624/371/921 1620/371/917
f 1624/371/921 1625/371/922 1620/371/917
f 1625/371/922 1626/371/923 1620/371/917
f 1626/371/923 1627/371/924 1620/371/917
f 1627/371/924 1628/371/925 1620/371/917
f 1628/371/925 1618/371/915 1620/371/917
f 1569/370/899 1629/370/926 1630/370/927
f 1631/370/928 1629/370/926 1570/370/900
f 1631/370/928 1632/370/929 1633/370/930
f 1634/370/931 1635/370/932 1632/370/929
f 1636/370/933 1637/370/934 1635/370/932
f 1638/370/935 1639/370/936 1637/370/934
f 1640/370/937 1639/370/936 1641/370/938
f 1569/370/899 1642/370/939 1640/370/937
f 1643/68/927 1644/68/940 1645/68/941
f 1646/68/942 1644/68/940 1647/68/926
f 1648/68/929 1649/68/943 1646/68/942
f 1650/68/932 1651/68/944 1648/68/929
f 1650/68/932 1652/68/945 1653/68/946
f 1654/68/934 1655/68/947 1652/68/945
f 1656/68/939 1655/68/947 1657/68/936
f 1643/68/927 1658/68/948 1656/68/939
f 1659/69/825 1660/69/825 1661/69/825
f 1662/69/827 1663/69/826 1664/69/827
f 1665/69/828 1663/69/826 1666/69/829
f 1667/69/831 1668/69/830 1665/69/828
f 1669/69/833 1670/69/832 1667/69/831
f 1671/69/835 1672/69/834 1669/69/833
f 1673/69/837 1674/69/836 1675/69/837
f 1676/69/839 1677/69/838 1674/69/836
f 1678/371/949 1679/371/950 1680/371/951
f 1679/371/950 1681/371/952 1680/371/951
f 1681/371/952 1682/371/953 1680/371/951
f 1682/371/953 1683/371/954 1680/371/951
f 1683/371/954 1684/371/955 1680/371/951
f 1684/371/955 1685/371/956 1680/371/951
f 1685/371/956 1686/371/957 1680/371/951
f 1686/371/957 1678/371/949 1680/371/951
f 1687/370/958 1688/370/959 1689/370/960
f 1690/370/961 1691/370/962 1687/370/958
f 1690/370/961 1692/370/963 1693/370/964
f 1694/370/63 1695/370/965 1696/370/966
f 1697/370/61 1698/370/967 1695/370/965
f 1699/370/43 1700/370/968 1698/370/967
f 1701/370/969 1702/370/970 1700/370/968
f 1703/370/32 1704/370/970 1702/370/970
f 1705/370/971 1706/370/970 1704/370/970
f 1707/370/972 1708/370/970 1706/370/970
f 1709/370/13 1710/370/970 1708/370/970
f 1711/370/973 1712/370/970 1710/370/970
f 1713/370/5 1714/370/970 1712/370/970
f 1715/370/974 1716/370/970 1714/370/970
f 1717/370/975 1718/370/970 1716/370/970
f 1719/370/976 1720/370/970 1718/370/970
f 1721/370/401 1722/370/970 1720/370/970
f 1723/370/407 1724/370/977 1722/370/970
f 1725/370/978 1726/370/979 1727/370/980
f 1728/370/431 1729/370/981 1730/370/982
f 1731/370/447 1729/370/981 1732/370/439
f 1733/370/983 1734/370/984 1731/370/447
f 1733/370/983 1735/370/985 1736/370/986
f 1737/69/987 1738/69/987 1739/69/987
f 1740/69/79 1741/69/79 1742/69/79
f 1743/69/78 1744/69/78 1745/69/78
f 1746/69/77 1747/69/77 1748/69/77
f 1749/69/76 1750/69/76 1751/69/76
f 1752/69/75 1753/69/75 1754/69/75
f 1755/69/74 1756/69/74 1757/69/74
f 1758/69/879 1759/69/879 1760/69/879
f 1761/69/79 1762/69/79 1763/69/79
f 1764/69/880 1765/69/880 1766/69/880
f 1767/69/881 1768/69/881 1769/69/881
f 1770/69/882 1771/69/882 1772/69/882
f 1773/69/883 1774/69/883 1775/69/883
f 1776/69/884 1777/69/884 1778/69/884
f 1779/69/885 1780/69/885 1781/69/885
f 1782/69/77 1783/69/77 1784/69/77
f 1785/69/76 1786/69/76 1787/69/76
f 1788/372/75 1789/372/75 1790/372/75
f 1791/370/988 1792/370/989 1793/370/990
f 1794/370/991 1795/370/992 1791/370/988
f 1796/370/993 1797/370/994 1794/370/991
f 1796/370/993 1798/370/995 1799/370/996
f 1800/370/997 1801/370/998 1798/370/995
f 1802/370/999 1803/370/1000 1801/370/998
f 1792/370/989 1804/370/1001 1805/370/1002
f 1795/370/992 1806/370/1003 1804/370/1001
f 1797/370/994 1807/370/1004 1806/370/1003
f 1798/370/995 1807/370/1004 1799/370/996
f 1801/370/998 1808/370/1005 1798/370/995
f 1803/370/1000 1809/370/1006 1801/370/998
f 1804/370/1001 1810/370/1007 1805/370/1002
f 1806/370/1003 1811/370/1008 1804/370/1001
f 1807/370/1004 1812/370/1009 1806/370/1003
f 1807/370/1004 1813/370/1010 1814/370/1011
f 1808/370/1005 1815/370/1012 1813/370/1010
f 1809/370/1006 1816/370/1013 1815/370/1012
f 1810/370/1007 1817/370/1014 1818/370/1015
f 1811/370/1008 1819/370/1016 1817/370/1014
f 1812/370/1009 1820/370/1017 1819/370/1016
f 1813/370/1010 1820/370/1017 1814/370/1011
f 1815/370/1012 1821/370/1018 1813/370/1010
f 1816/370/1013 1822/370/1019 1815/370/1012
f 1818/370/1015 1823/370/1020 1824/370/1021
f 1817/370/1014 1825/370/1022 1823/370/1020
f 1819/370/1016 1826/370/1023 1825/370/1022
f 1821/370/1018 1826/370/1023 1820/370/1017
f 1822/370/1019 1827/370/1024 1821/370/1018
f 1828/370/1025 1829/370/1026 1822/370/1019
f 1824/370/1021 1830/370/1027 1831/370/1028
f 1823/370/1020 1832/370/1029 1830/370/1027
f 1825/370/1022 1833/370/1030 1832/370/1029
f 1827/370/1024 1833/370/1030 1826/370/1023
f 1829/370/1026 1834/370/1031 1827/370/1024
f 1835/370/1032 1836/370/1033 1829/370/1026
f 1837/68/1028 1838/68/1034 1839/68/1035
f 1840/68/1027 1841/68/1036 1838/68/1034
f 1842/68/1037 1843/68/1038 1841/68/1036
f 1844/68/1039 1843/68/1038 1845/68/1030
f 1846/68/1033 1847/68/1040 1844/68/1039
f 1848/68/1041 1849/68/1042 1846/68/1033
f 1839/68/1035 1850/68/1043 1851/68/1044
f 1852/371/1034 1853/371/1045 1854/371/1043
f 1855/371/1036 1856/371/1046 1853/371/1045
f 1857/371/1040 1856/371/1046 1858/371/1047
f 1859/371/1042 1860/371/1048 1857/371/1040
f 1861/68/1049 1862/68/1050 1849/68/1042
f 1851/68/1044 1863/68/1051 1864/68/1052
f 1854/371/1043 1865/371/1053 1866/371/1051
f 1853/371/1045 1867/371/1054 1865/371/1053
f 1860/371/1048 1867/371/1054 1856/371/1046
f 1868/371/1050 1869/371/1055 1860/371/1048
f 1870/68/1056 1871/68/1057 1862/68/1050
f 1864/68/1052 1872/68/1058 1873/68/1059
f 1866/371/1051 1874/371/1060 1875/371/1058
f 1865/371/1053 1876/371/1061 1874/371/1060
f 1869/371/1055 1876/371/1061 1867/371/1054
f 1877/371/1057 1878/371/1062 1869/371/1055
f 1879/68/1063 1880/68/1064 1871/68/1057
f 1873/68/1059 1881/68/1065 1882/68/1066
f 1872/68/1058 1883/68/1067 1881/68/1065
f 1884/68/1060 1885/68/1068 1883/68/1067
f 1886/68/1062 1885/68/1068 1887/68/1069
f 1880/68/1064 1888/68/1070 1886/68/1062
f 1889/68/1071 1890/68/1072 1880/68/1064
f 1891/68/1073 1892/68/1074 1893/68/1075
f 1894/68/1076 1895/68/988 1891/68/1073
f 1896/68/1077 1897/68/991 1894/68/1076
f 1896/68/1077 1898/68/997 1899/68/1078
f 1900/68/1079 1901/68/999 1898/68/997
f 1902/68/1080 1903/68/1081 1901/68/999
f 1904/68/1082 1893/68/1075 1905/68/1083
f 1906/371/1084 1907/371/1073 1908/371/1082
f 1909/371/1085 1910/371/1076 1906/371/1084
f 1909/371/1085 1911/371/1079 1912/371/1086
f 1913/371/1087 1914/371/1080 1911/371/1079
f 1915/68/1088 1916/68/1089 1902/68/1080
f 1917/68/1090 1905/68/1083 1918/68/1091
f 1919/371/1092 1908/371/1082 1920/371/1093
f 1921/371/1094 1906/371/1084 1919/371/1092
f 1921/371/1094 1913/371/1087 1909/371/1085
f 1922/371/1095 1923/371/1088 1913/371/1087
f 1924/68/1096 1925/68/1097 1915/68/1088
f 1926/68/1098 1918/68/1091 1927/68/1099
f 1928/68/1100 1917/68/1090 1926/68/1098
f 1929/68/1101 1930/68/1092 1928/68/1100
f 1929/68/1101 1931/68/1095 1932/68/1094
f 1933/68/1102 1924/68/1096 1931/68/1095
f 1934/68/1103 1935/68/1104 1924/68/1096
f 1936/370/682 1937/370/1105 1938/370/1106
f 1939/370/1107 1940/370/1108 1937/370/1105
f 1941/370/1109 1942/370/1110 1943/370/1111
f 1944/370/1112 1945/370/695 1942/370/1110
f 1943/370/1111 1946/370/1113 1947/370/1114
f 1942/370/1110 1948/370/1115 1946/370/1113
f 1949/69/1116 1950/69/1116 1951/69/1116
f 1952/69/1117 1953/69/1117 1954/69/1117
f 1955/69/1118 1956/69/1118 1957/69/1118
f 1958/69/1119 1959/69/1119 1960/69/1119
f 1961/69/1120 1962/69/1120 1963/69/1120
f 1964/69/1121 1965/69/1121 1966/69/1121
f 1967/69/1122 1968/69/1122 1969/69/1122
f 1970/370/1123 1971/370/1123 1972/370/1123
f 1973/370/1124 1974/370/1124 1975/370/1124
f 1976/69/1125 1977/69/1125 1978/69/1125
f 1979/69/1126 1980/69/1126 1981/69/1126
f 1982/69/1127 1983/69/1127 1984/69/1127
f 1985/373/1128 1986/374/1128 1987/375/1128
f 1988/69/1129 1989/69/1129 1990/69/1129
f 1991/69/74 1992/69/74 1993/69/74
f 1994/69/77 1995/69/77 1996/69/77
f 1997/69/75 1998/69/75 1999/69/75
f 2000/69/76 2001/69/76 2002/69/76
f 2003/69/1130 2004/69/1130 2005/69/1130
f 2006/370/1131 2007/370/696 2008/370/684
f 2009/370/686 2010/370/1132 2011/370/1133
f 2012/370/1134 2013/370/703 2007/370/696
f 2014/370/1135 2015/370/1136 2012/370/1134
f 2015/370/1136 2016/370/1137 2017/370/1138
f 2018/370/1139 2019/370/1140 2020/370/1141
f 2021/69/1142 2022/69/1142 2023/69/1142
f 2024/69/1143 2025/69/1143 2026/69/1143
f 2027/69/1144 2028/69/1144 2029/69/1144
f 2030/69/1145 2031/69/1145 2032/69/1145
f 2033/69/1146 2034/69/1146 2035/69/1146
f 2036/69/1147 2037/69/1147 2038/69/1147
f 2039/69/1148 2040/69/1148 2041/69/1148
f 2042/370/1149 2043/370/1149 2044/370/1149
f 2045/370/1150 2046/370/1150 2047/370/1150
f 2048/69/1151 2049/69/1151 2050/69/1151
f 2051/69/1152 2052/69/1152 2053/69/1152
f 2054/69/1153 2055/69/1153 2056/69/1153
f 2057/376/1154 2058/375/1154 2059/373/1154
f 2060/69/1155 2061/69/1155 2062/69/1155
f 2063/69/74 2064/69/74 2065/69/74
f 2066/69/77 2067/69/77 2068/69/77
f 2069/69/75 2070/69/75 2071/69/75
f 2072/69/76 2073/69/76 2074/69/76
f 2075/69/1156 2076/69/1156 2077/69/1156
f 2078/69/74 2079/69/74 2080/69/74
f 2081/69/74 2082/69/74 2078/69/74
f 2082/69/74 2083/69/74 2079/69/74
f 2084/69/74 2085/69/74 2082/69/74
f 2085/69/74 2086/69/74 2083/69/74
f 2087/69/74 2088/69/74 2085/69/74
f 2089/69/74 2086/69/74 2088/69/74
f 2090/69/74 2088/69/74 2091/69/74
f 2092/69/74 2093/69/74 2089/69/74
f 2094/69/74 2089/69/74 2090/69/74
f 2095/69/74 2096/69/74 2092/69/74
f 2097/69/74 2092/69/74 2094/69/74
f 2098/68/74 2099/68/74 2100/68/74
f 2101/68/74 2102/68/74 2103/68/74
f 2104/69/1157 2105/69/1158 2106/69/1159
f 2107/69/1160 2108/69/1161 2109/69/1162
f 2110/69/1163 2111/69/1164 2107/69/1160
f 2112/69/1165 2113/69/1166 2114/69/1167
f 2115/69/1168 2116/69/1169 2112/69/1165
f 2117/69/1170 2118/69/1171 2115/69/1168
f 2117/69/1170 2119/69/1172 2120/69/1173
f 2121/69/1174 2122/69/1175 2119/69/1172
f 2123/69/1176 2124/69/1177 2122/69/1175
f 2125/69/1178 2126/69/1179 2127/69/1180
f 2128/69/1181 2129/69/1182 2126/69/1179
f 2130/69/1183 2131/69/1184 2132/69/1185
f 2106/69/1159 2133/69/1186 2134/69/1187
f 2135/69/1188 2107/69/1160 2109/69/1162
f 2136/69/1189 2110/69/1163 2107/69/1160
f 2137/69/1190 2114/69/1167 2138/69/1191
f 2139/69/1192 2112/69/1165 2137/69/1190
f 2140/69/1193 2115/69/1168 2139/69/1192
f 2140/69/1193 2121/69/1174 2117/69/1170
f 2141/69/1194 2123/69/1176 2121/69/1174
f 2142/69/1195 2143/69/1196 2123/69/1176
f 2144/69/1197 2125/69/1178 2145/69/1198
f 2146/69/1199 2128/69/1181 2144/69/1197
f 2147/69/1200 2148/69/1201 2131/69/1184
f 2149/69/1202 2150/69/1203 2151/69/1204
f 2152/69/1205 2136/69/1189 2135/69/1188
f 2153/69/1206 2154/69/1207 2136/69/1189
f 2155/69/1208 2137/69/1190 2138/69/1191
f 2156/69/1209 2137/69/1190 2157/69/1210
f 2158/69/1211 2139/69/1192 2156/69/1209
f 2158/69/1211 2141/69/1194 2140/69/1193
f 2159/69/1212 2142/69/1195 2141/69/1194
f 2160/69/1213 2142/69/1195 2161/69/1214
f 2162/69/1215 2145/69/1198 2160/69/1213
f 2163/69/1216 2144/69/1197 2162/69/1215
f 2164/69/1217 2165/69/1218 2166/69/1219
f 2167/69/1220 2168/69/1221 2169/69/1222
f 2167/69/1220 2153/69/1206 2152/69/1205
f 2170/69/1223 2155/69/1208 2153/69/1206
f 2171/69/1224 2155/69/1208 2172/69/1225
f 2173/69/1226 2157/69/1210 2171/69/1224
f 2174/69/1227 2156/69/1209 2173/69/1226
f 2174/69/1227 2159/69/1212 2158/69/1211
f 2175/69/1228 2161/69/1214 2159/69/1212
f 2176/69/1229 2160/69/1213 2161/69/1214
f 2177/69/1230 2160/69/1213 2178/69/1231
f 2179/69/1232 2162/69/1215 2177/69/1230
f 2179/69/1232 2180/69/1233 2163/69/1216
f 2181/370/1234 2182/370/1222 2183/370/1235
f 2184/370/1236 2185/370/1220 2181/370/1234
f 2186/370/1237 2187/370/1238 2184/370/1236
f 2188/370/1239 2189/370/1240 2190/370/1241
f 2191/370/1242 2192/370/1243 2193/370/1229
f 2194/370/1244 2195/370/1245 2196/370/1246
f 2197/370/1247 2198/370/1232 2195/370/1245
f 2199/370/1248 2200/370/1249 2198/370/1232
f 2201/69/1250 2202/69/1235 2203/69/1251
f 2201/69/1250 2204/69/1236 2205/69/1234
f 2206/69/1252 2207/69/1237 2204/69/1236
f 2208/69/1253 2209/69/1239 2210/69/1241
f 2211/69/1254 2212/69/1255 2209/69/1239
f 2213/69/1256 2214/69/1257 2212/69/1255
f 2215/69/1258 2214/69/1257 2216/69/1259
f 2217/69/1260 2218/69/1261 2215/69/1258
f 2219/69/1262 2220/69/1242 2217/69/1260
f 2221/69/1263 2222/69/1244 2223/69/1264
f 2224/69/1265 2225/69/1247 2221/69/1263
f 2224/69/1265 2226/69/1266 2227/69/1248
f 2228/69/1267 2203/69/1251 2229/69/1268
f 2230/69/1269 2201/69/1250 2228/69/1267
f 2231/69/1270 2206/69/1252 2230/69/1269
f 2232/69/1271 2211/69/1254 2208/69/1253
f 2233/69/1272 2213/69/1256 2211/69/1254
f 2234/69/1273 2216/69/1259 2213/69/1256
f 2235/69/1274 2216/69/1259 2236/69/1275
f 2237/69/1276 2215/69/1258 2235/69/1274
f 2238/69/1277 2217/69/1260 2237/69/1276
f 2239/69/1278 2221/69/1263 2223/69/1264
f 2240/69/1279 2224/69/1265 2221/69/1263
f 2241/69/1280 2242/69/1281 2224/69/1265
f 2243/69/1282 2244/69/1283 2245/69/1284
f 2246/69/1285 2247/69/1286 2243/69/1282
f 2248/69/1287 2249/69/1288 2246/69/1285
f 2250/69/1289 2251/69/1290 2248/69/1287
f 2250/69/1289 2252/69/1291 2253/69/1292
f 2254/69/1293 2255/69/1294 2252/69/1291
f 2256/69/1295 2255/69/1294 2257/69/1296
f 2258/69/1297 2259/69/1298 2256/69/1295
f 2258/69/1297 2260/69/1299 2261/69/1300
f 2262/69/1301 2263/69/1302 2260/69/1299
f 2264/69/1303 2265/69/1304 2263/69/1302
f 2266/69/1305 2267/69/1306 2265/69/1304
f 2247/69/1286 2268/69/1307 2244/69/1283
f 2249/69/1288 2269/69/1308 2247/69/1286
f 2251/69/1290 2270/69/1309 2249/69/1288
f 2251/69/1290 2271/69/1310 2272/69/1311
f 2253/69/1292 2273/69/1312 2271/69/1310
f 2252/69/1291 2274/69/1313 2273/69/1312
f 2259/69/1298 2274/69/1313 2255/69/1294
f 2261/69/1300 2275/69/1314 2259/69/1298
f 2260/69/1299 2276/69/1315 2261/69/1300
f 2260/69/1299 2277/69/1316 2278/69/1317
f 2263/69/1302 2279/69/1318 2277/69/1316
f 2265/69/1304 2280/69/1319 2279/69/1318
f 2269/69/1308 2281/69/1320 2268/69/1307
f 2270/69/1309 2282/69/1321 2269/69/1308
f 2272/69/1311 2283/69/1322 2270/69/1309
f 2271/69/1310 2284/69/1323 2272/69/1311
f 2271/69/1310 2285/69/1324 2286/69/1325
f 2273/69/1312 2287/69/1326 2285/69/1324
f 2275/69/1314 2287/69/1326 2274/69/1313
f 2276/69/1315 2288/69/1327 2275/69/1314
f 2276/69/1315 2289/69/1328 2290/69/1329
f 2278/69/1317 2291/69/1330 2292/69/1331
f 2277/69/1316 2293/69/1332 2291/69/1330
f 2279/69/1318 2294/69/1333 2293/69/1332
f 2281/69/1320 2295/69/1334 2296/69/1335
f 2283/69/1322 2295/69/1334 2282/69/1321
f 2297/69/1336 2298/69/1337 2283/69/1322
f 2286/69/1325 2299/69/1338 2284/69/1323
f 2286/69/1325 2300/69/1339 2301/69/1340
f 2285/69/1324 2302/69/1341 2300/69/1339
f 2288/69/1327 2302/69/1341 2287/69/1326
f 2290/69/1329 2303/69/1342 2288/69/1327
f 2290/69/1329 2304/69/1343 2305/69/1344
f 2292/69/1331 2306/69/1345 2307/69/1346
f 2291/69/1330 2308/69/1347 2306/69/1345
f 2294/69/1333 2308/69/1347 2293/69/1332
f 2309/370/1335 2310/370/1348 2311/370/1349
f 2312/370/1350 2313/370/1351 2310/370/1348
f 2314/370/1337 2315/370/1352 2313/370/1351
f 2316/370/1338 2317/370/1353 2315/370/1352
f 2318/370/1354 2317/370/1353 2319/370/1355
f 2320/370/1356 2321/370/1357 2318/370/1354
f 2320/370/1356 2322/370/1358 2323/370/1359
f 2324/370/1360 2325/370/1361 2322/370/1358
f 2326/370/1362 2325/370/1361 2327/370/1363
f 2328/370/1345 2329/370/1364 2330/370/1346
f 2331/370/1365 2332/370/1366 2328/370/1345
f 2333/370/1367 2334/370/1368 2331/370/1365
f 2311/370/1349 2335/370/1369 2336/370/1370
f 2310/370/1348 2337/370/1371 2335/370/1369
f 2313/370/1351 2338/370/1372 2337/370/1371
f 2315/370/1352 2339/370/1373 2338/370/1372
f 2321/370/1357 2339/370/1373 2317/370/1353
f 2323/370/1359 2340/370/1374 2321/370/1357
f 2323/370/1359 2341/370/1375 2342/370/1376
f 2322/370/1358 2343/370/1377 2341/370/1375
f 2329/370/1364 2343/370/1377 2325/370/1361
f 2332/370/1366 2344/370/1378 2329/370/1364
f 2334/370/1368 2345/370/1379 2332/370/1366
f 2346/370/1380 2347/370/1381 2334/370/1368
f 2348/69/1370 2349/69/1382 2350/69/1383
f 2351/69/1371 2349/69/1382 2352/69/1384
f 2353/69/1372 2354/69/1385 2351/69/1371
f 2355/69/1386 2356/69/1387 2357/69/1388
f 2358/69/1389 2359/69/1390 2355/69/1386
f 2360/69/1391 2361/69/1392 2358/69/1389
f 2360/69/1391 2362/69/1393 2363/69/1391
f 2364/69/1394 2365/69/1395 2362/69/1393
f 2366/69/1396 2367/69/1397 2365/69/1395
f 2368/69/1378 2369/69/1398 2370/69/1399
f 2371/69/1379 2372/69/1400 2369/69/1398
f 2373/69/1401 2372/69/1400 2374/69/1402
f 2375/69/78 2376/69/78 2377/69/78
f 2376/69/78 2378/69/78 2377/69/78
f 2379/69/79 2380/69/79 2381/69/79
f 2382/69/78 2383/69/78 2384/69/78
f 2385/69/78 2386/69/78 2382/69/78
f 2387/69/78 2388/69/78 2385/69/78
f 2387/69/78 2389/69/78 2390/69/78
f 2391/69/78 2392/69/78 2389/69/78
f 2393/69/78 2394/69/78 2392/69/78
f 2395/69/78 2396/69/78 2394/69/78
f 2397/69/78 2398/69/78 2396/69/78
f 2397/69/78 2399/69/78 2400/69/78
f 2401/69/78 2402/69/78 2403/69/78
f 2404/69/77 2405/69/77 2406/69/77
f 2407/69/79 2408/69/79 2409/69/79
f 2410/69/76 2411/69/76 2412/69/76
f 2413/68/74 2414/68/74 2415/68/74
f 2416/69/74 2417/69/74 2418/69/74
f 2419/69/74 2420/69/74 2421/69/74
f 2422/69/74 2423/69/74 2424/69/74
f 2425/69/74 2426/69/74 2427/69/74
f 2428/69/74 2429/69/74 2430/69/74
f 2431/69/74 2432/69/74 2433/69/74
f 2434/370/74 2435/370/74 2436/370/74
f 2437/370/74 2438/370/74 2439/370/74
f 2439/370/74 2440/370/74 2434/370/74
f 2441/370/74 2442/370/74 2443/370/74
f 2444/370/74 2445/370/74 2446/370/74
f 2447/370/74 2448/370/74 2449/370/74
f 2450/370/74 2451/370/74 2452/370/74
f 2449/370/74 2453/370/74 2444/370/74
f 2454/377/74 2455/378/74 2456/379/74
f 2457/377/74 2458/378/74 2459/379/74
f 2460/380/1403 2461/381/1403 2462/382/1403
f 2463/383/1404 2464/384/1404 2465/385/1404
f 2466/383/1405 2467/386/1405 2468/381/1405
f 2469/385/1406 2470/387/1406 2471/383/1406
f 2472/387/1407 2473/388/1407 2474/389/1407
f 2475/390/1408 2476/391/1408 2477/387/1408
f 2478/391/1409 2479/392/1409 2480/388/1409
f 2481/393/1410 2482/394/1410 2483/391/1410
f 2484/69/78 2485/69/78 2486/69/78
f 2487/69/74 2488/69/74 2489/69/74
f 2490/69/74 2491/69/74 2487/69/74
f 2492/69/79 2493/69/79 2494/69/79
f 2495/69/75 2496/69/75 2497/69/75
f 2498/69/78 2486/69/78 2499/69/78
f 2500/69/79 2501/69/79 2492/69/79
f 39/39/36 859/67/551 40/40/37
f 2502/69/78 2499/69/78 2503/69/78
f 2504/69/79 2505/69/79 2500/69/79
f 2506/69/75 2507/69/75 2508/69/75
f 2509/69/78 2503/69/78 2510/69/78
f 2511/69/79 2512/69/79 2504/69/79
f 2513/69/75 2508/69/75 2514/69/75
f 2515/381/1411 2516/380/1411 2517/382/1411
f 2518/384/1412 2519/383/1412 2520/385/1412
f 2521/386/1413 2522/383/1413 2523/381/1413
f 2524/387/1414 2525/385/1414 2526/383/1414
f 2527/388/1415 2528/387/1415 2529/389/1415
f 2530/391/1416 2531/390/1416 2532/387/1416
f 2533/392/1417 2534/391/1417 2535/388/1417
f 2536/394/1418 2537/393/1418 2538/391/1418
f 2539/69/79 2540/69/79 2541/69/79
f 2542/69/75 2543/69/75 2544/69/75
f 2545/69/75 2546/69/75 2542/69/75
f 2547/69/78 2548/69/78 2549/69/78
f 2550/69/74 2551/69/74 2552/69/74
f 2553/69/79 2541/69/79 2554/69/79
f 2555/69/78 2556/69/78 2547/69/78
f 20/20/20 39/39/36 21/21/21
f 2557/69/79 2554/69/79 2558/69/79
f 2559/69/78 2560/69/78 2555/69/78
f 2561/69/74 2562/69/74 2563/69/74
f 2564/69/79 2558/69/79 2565/69/79
f 2566/69/78 2567/69/78 2559/69/78
f 2568/69/74 2563/69/74 2569/69/74
f 2570/370/1419 2571/370/1419 2572/370/1419
f 2573/370/1419 2570/370/1419 2572/370/1419
f 2574/370/1420 2575/370/1420 2576/370/1420
f 2577/395/92 2578/396/1421 2579/397/90
f 2580/398/1422 2581/399/1423 2578/396/1421
f 2582/400/1424 2583/401/1425 2581/399/1423
f 2584/402/1426 2585/403/1427 2586/401/1428
f 2587/69/75 2588/69/1429 2589/69/1430
f 2590/69/75 2591/69/75 2587/69/75
f 2592/69/75 2593/69/75 2590/69/75
f 2594/69/75 2595/69/75 2592/69/75
f 2596/69/75 2597/69/75 2594/69/75
f 2598/69/1431 2599/69/75 2596/69/75
f 2600/402/1432 2601/403/1433 2602/404/1434
f 2603/400/1435 2604/401/1436 2600/402/1432
f 2605/398/1437 2606/399/1438 2603/400/1435
f 2607/395/386 2608/396/1439 2605/398/1437
f 2578/396/1421 2609/405/95 2579/397/90
f 2581/399/1423 2610/406/1440 2578/396/1421
f 2583/401/1425 2611/407/1441 2581/399/1423
f 2585/403/1427 2612/408/1442 2586/401/1428
f 2591/69/75 2613/69/1443 2588/69/1429
f 2593/69/75 2614/69/75 2591/69/75
f 2595/69/75 2615/69/75 2593/69/75
f 2597/69/75 2616/69/75 2595/69/75
f 2599/69/75 2617/69/75 2597/69/75
f 2618/69/1444 2619/69/75 2599/69/75
f 2601/403/1433 2620/408/1445 2621/409/1446
f 2604/401/1436 2622/407/1447 2623/408/1448
f 2606/399/1438 2624/406/1449 2622/407/1447
f 2608/396/1439 2625/405/57 2624/406/1449
f 2610/406/1440 2626/410/97 2609/405/95
f 2611/407/1441 2627/411/1450 2610/406/1440
f 2628/408/1451 2629/412/1452 2611/407/1441
f 2630/409/1443 2631/413/1453 2612/408/1442
f 2614/69/75 2632/69/1454 2613/69/1443
f 2615/69/75 2633/69/75 2614/69/75
f 2619/69/75 2634/69/75 2617/69/75
f 2635/69/1446 2636/69/75 2619/69/75
f 2621/409/1446 2637/413/1455 2638/414/1456
f 2623/408/1448 2639/412/1457 2637/413/1455
f 2622/407/1447 2640/411/1458 2639/412/1457
f 2624/406/1449 2641/410/53 2640/411/1458
f 2627/411/1450 2642/415/99 2626/410/97
f 2629/412/1452 2643/416/1459 2627/411/1450
f 2644/417/1453 2645/418/1460 2646/419/1452
f 2647/420/1454 2648/421/1461 2644/417/1453
f 2649/422/75 2650/423/1462 2647/420/1454
f 2651/69/75 2652/69/75 2633/69/75
f 2636/69/75 2653/69/75 2634/69/75
f 2654/420/1463 2655/424/75 2656/422/75
f 2654/420/1463 2657/421/1464 2658/423/1465
f 2659/417/1455 2660/418/1466 2657/421/1464
f 2639/412/1457 2661/416/1467 2662/425/1466
f 2640/411/1458 2663/415/52 2661/416/1467
f 2643/416/1459 2664/426/101 2642/415/99
f 2665/425/1460 2666/427/1468 2643/416/1459
f 2648/421/1461 2667/428/1469 2645/418/1460
f 2650/423/1462 2668/429/1470 2648/421/1461
f 2669/424/75 2670/430/1471 2650/423/1462
f 2671/69/75 2672/69/75 2652/69/75
f 2673/69/75 2674/69/75 2653/69/75
f 2658/423/1465 2675/431/75 2655/424/75
f 2658/423/1465 2676/429/1472 2677/430/1473
f 2657/421/1464 2678/428/1474 2676/429/1472
f 2662/425/1466 2679/427/1475 2680/432/1474
f 2661/416/1467 2681/426/51 2679/427/1475
f 2666/427/1468 2682/433/103 2664/426/101
f 2683/432/1469 2684/434/1476 2666/427/1468
f 2668/429/1470 2685/435/1477 2667/428/1469
f 2670/430/1471 2686/436/1478 2668/429/1470
f 2687/431/75 2688/437/1479 2670/430/1471
f 2689/69/75 2690/69/75 2672/69/75
f 2691/69/75 2692/69/75 2674/69/75
f 2677/430/1473 2693/438/75 2675/431/75
f 2677/430/1473 2694/436/1480 2695/437/1481
f 2676/429/1472 2696/435/1482 2694/436/1480
f 2680/432/1474 2697/434/1483 2698/439/1482
f 2679/427/1475 2699/433/50 2697/434/1483
f 2684/434/1476 2700/440/105 2682/433/103
f 2701/439/1477 2702/441/1484 2684/434/1476
f 2686/436/1478 2703/442/1485 2685/435/1477
f 2688/437/1479 2704/443/1486 2686/436/1478
f 2705/438/75 2706/444/75 2688/437/1479
f 2707/69/75 2708/69/75 2690/69/75
f 2709/69/75 2710/69/75 2692/69/75
f 2695/437/1481 2711/445/75 2693/438/75
f 2695/437/1481 2712/443/1487 2713/444/1488
f 2694/436/1480 2714/442/1489 2712/443/1487
f 2698/439/1482 2715/441/1490 2716/446/1489
f 2697/434/1483 2717/440/48 2715/441/1490
f 2702/441/1484 2718/447/107 2700/440/105
f 2719/446/1485 2720/448/1491 2702/441/1484
f 2721/449/1486 2722/450/1492 2719/446/1485
f 2723/451/1493 2724/452/1494 2721/449/1486
f 2708/69/75 2725/69/75 2726/69/75
f 2727/69/75 2728/69/75 2708/69/75
f 2729/69/75 2730/69/75 2710/69/75
f 2731/69/75 2732/69/75 2729/69/75
f 2733/451/1488 2734/452/1495 2735/453/1496
f 2736/449/1487 2737/450/1497 2734/452/1495
f 2716/446/1489 2738/448/1498 2737/450/1497
f 2715/441/1490 2739/447/46 2738/448/1498
f 2720/448/1491 2740/454/87 2718/447/107
f 2722/450/1492 59/59/55 2720/448/1491
f 2724/452/1494 40/40/37 2722/450/1492
f 2741/453/1499 21/21/21 2724/452/1494
f 2728/69/75 2742/69/75 2725/69/75
f 2743/69/75 2744/69/75 2728/69/75
f 2745/69/75 2746/69/75 2743/69/75
f 2730/69/75 2747/69/75 2745/69/75
f 2732/69/75 2748/69/75 2730/69/75
f 2749/69/75 2750/69/75 2732/69/75
f 2735/453/1496 72/21/68 2751/22/1500
f 2734/452/1495 70/40/66 72/21/68
f 2737/450/1497 68/59/64 70/40/66
f 2738/448/1498 2752/454/44 68/59/64
f 2753/69/79 2754/69/79 2755/69/79
f 2756/69/79 2757/69/79 2758/69/79
f 2759/69/78 2760/69/78 2761/69/78
f 2762/69/77 2763/69/77 2764/69/77
f 2765/69/79 2766/69/79 2767/69/79
f 2768/69/76 2769/69/76 2770/69/76
f 2771/68/75 2772/68/75 2773/68/75
f 2774/455/75 2775/455/75 2776/455/75
f 2777/456/1501 2778/457/1501 2779/458/1501
f 2780/459/1502 2781/460/1502 2782/456/1502
f 2783/461/79 2784/462/79 2785/459/79
f 2786/461/1503 2787/463/1503 2788/464/1503
f 2789/465/1504 2790/466/1504 2791/463/1504
f 2792/467/1505 2793/456/1505 2794/458/1505
f 2795/468/1506 2796/459/1506 2797/456/1506
f 2798/469/79 2785/459/79 2799/470/79
f 2800/471/1507 2801/461/1507 2802/469/1507
f 2803/472/1508 2804/465/1508 2805/471/1508
f 2806/473/1509 2807/468/1509 2808/467/1509
f 2809/474/1510 2810/470/1510 2811/468/1510
f 2812/475/79 2799/470/79 2813/476/79
f 2814/477/1511 2815/469/1511 2816/475/1511
f 2817/478/1512 2818/471/1512 2819/477/1512
f 2820/479/1513 2821/474/1513 2822/473/1513
f 2823/480/1514 2824/476/1514 2825/474/1514
f 2826/481/79 2813/476/79 2827/482/79
f 2828/483/1515 2829/475/1515 2830/481/1515
f 2831/484/1516 2832/477/1516 2833/483/1516
f 2834/485/1517 2835/484/1517 2836/486/1517
f 2837/466/1518 2838/487/1518 2839/488/1518
f 2840/489/1519 2841/458/1519 2842/458/1519
f 2843/490/1520 2844/489/1520 2845/489/1520
f 2846/491/1520 2847/490/1520 2843/490/1520
f 2848/492/1521 2849/491/1521 2850/491/1521
f 2851/493/1522 2852/492/1522 2853/492/1522
f 2854/494/1522 2855/493/1522 2851/493/1522
f 2856/473/1523 2857/494/1523 2858/494/1523
f 2859/495/1524 2860/496/1524 2861/496/1524
f 2862/497/1525 2863/495/1525 2864/495/1525
f 2865/498/1525 2866/497/1525 2862/497/1525
f 2867/499/1526 2868/498/1526 2869/498/1526
f 2870/500/1527 2871/499/1527 2872/499/1527
f 2873/501/1527 2874/500/1527 2870/500/1527
f 2875/478/1528 2876/501/1528 2877/501/1528
f 2878/69/1529 2879/69/1529 2880/69/1529
f 2881/69/79 2882/69/79 2883/69/79
f 2884/69/1530 2885/69/1530 2886/69/1530
f 2887/69/1531 2888/69/1531 2889/69/1531
f 2890/69/78 2891/69/78 2892/69/78
f 2893/69/1532 2894/69/1532 2895/69/1532
f 2896/69/77 2897/69/77 2898/69/77
f 2899/69/76 2900/69/76 2901/69/76
f 2902/69/1533 2903/69/1533 2904/69/1533
f 2905/69/79 2906/69/79 2907/69/79
f 2908/69/1534 2909/69/1534 2910/69/1534
f 2911/69/1535 2912/69/1535 2913/69/1535
f 2914/69/78 2915/69/78 2916/69/78
f 2917/69/1536 2918/69/1536 2919/69/1536
f 2920/69/75 2921/69/75 2922/69/75
f 2923/69/74 2924/69/74 2925/69/74
f 2926/372/1537 2927/372/1537 2928/372/1537
f 2929/372/1538 2930/372/1538 2931/372/1538
f 2932/372/1539 2933/372/1539 2934/372/1539
f 2935/372/1540 2936/372/1540 2937/372/1540
f 2938/372/1541 2939/372/1541 2940/372/1541
f 2941/372/1542 2942/372/1542 2943/372/1542
f 2944/372/1543 2945/372/1543 2946/372/1543
f 2947/372/1544 2948/372/1544 2949/372/1544
f 2950/372/74 2951/372/74 2952/372/74
f 2953/372/75 2954/372/75 2955/372/75
f 2956/372/1545 2957/372/1545 2958/372/1545
f 2959/372/1546 2960/372/1546 2961/372/1546
f 2962/372/1547 2963/372/1547 2964/372/1547
f 2965/372/1548 2966/372/1548 2967/372/1548
f 2968/372/1549 2969/372/1549 2970/372/1549
f 2971/372/1550 2972/372/1550 2973/372/1550
f 2974/372/1551 2975/372/1551 2976/372/1551
f 2977/372/1552 2978/372/1552 2979/372/1552
f 2980/372/1553 2981/372/1553 2982/372/1553
f 2983/372/1554 2984/372/1554 2985/372/1554
f 2986/372/1555 2987/372/1555 2988/372/1555
f 2989/372/1556 2990/372/1556 2991/372/1556
f 2992/372/1557 2993/372/1557 2994/372/1557
f 2995/372/1558 2996/372/1558 2997/372/1558
f 2998/372/1559 2999/372/1559 3000/372/1559
f 3001/372/1560 3002/372/1560 3003/372/1560
f 3004/372/1561 3005/372/1561 3006/372/1561
f 3007/372/1562 3008/372/1562 3009/372/1562
f 3010/372/1562 3008/372/1562 3011/372/1562
f 3010/372/1562 3012/372/1562 3013/372/1562
f 3014/372/1562 3015/372/1562 3012/372/1562
f 3016/372/1562 3015/372/1562 3017/372/1562
f 3018/372/1563 3019/372/1563 3020/372/1563
f 3021/372/1562 3022/372/1562 3023/372/1562
f 3007/372/1562 3024/372/1562 3021/372/1562
f 3025/69/1564 3026/69/1564 3027/69/1564
f 3028/69/1554 3029/69/1554 3030/69/1554
f 3031/69/1565 3032/69/1565 3033/69/1565
f 3034/69/1566 3035/69/1566 3036/69/1566
f 3037/69/1567 3038/69/1567 3039/69/1567
f 3040/69/1568 3041/69/1568 3042/69/1568
f 3043/69/1569 3044/69/1569 3045/69/1569
f 3046/69/1570 3047/69/1570 3048/69/1570
f 3049/69/1562 3050/69/1562 3051/69/1562
f 3052/372/1571 3053/372/1571 3054/372/1571
f 3055/372/1572 3056/372/1572 3057/372/1572
f 3058/372/1573 3059/372/1573 3060/372/1573
f 3061/372/1574 3062/372/1574 3063/372/1574
f 3064/372/1575 3065/372/1575 3066/372/1575
f 3067/372/1576 3068/372/1576 3069/372/1576
f 3070/372/1577 3071/372/1577 3072/372/1577
f 3073/372/1578 3074/372/1578 3075/372/1578
f 3076/69/1579 3077/69/1579 3078/69/1579
f 3079/69/75 3080/69/75 3081/69/75
f 3082/69/1580 3083/69/1580 3084/69/1580
f 3085/69/1581 3086/69/1581 3087/69/1581
f 3088/69/1582 3089/69/1582 3090/69/1582
f 3091/69/1579 3092/69/1579 3093/69/1579
f 3094/69/75 3095/69/75 3096/69/75
f 3097/69/1580 3098/69/1580 3099/69/1580
f 3100/69/1581 3101/69/1581 3102/69/1581
f 3103/69/1582 3104/69/1582 3105/69/1582
f 3106/68/1583 3107/68/1583 3108/68/1583
f 3109/68/1584 3110/68/1584 3111/68/1584
f 3112/68/1585 3113/68/1585 3114/68/1585
f 3115/68/1586 3116/68/1586 3117/68/1586
f 3118/68/1587 3119/68/1587 3120/68/1587
f 3121/68/1588 3122/68/1588 3123/68/1588
f 3124/68/1589 3125/68/1589 3126/68/1589
f 3127/68/1590 3128/68/1590 3129/68/1590
f 3130/68/1591 3131/68/1591 3132/68/1591
f 3133/68/1592 3134/68/1592 3135/68/1592
f 3136/68/1593 3137/68/1593 3138/68/1593
f 3139/68/1594 3140/68/1594 3141/68/1594
f 3142/68/1595 3143/68/1595 3144/68/1595
f 3145/68/1596 3146/68/1596 3147/68/1596
f 3148/68/1597 3149/68/1597 3150/68/1597
f 1/1/1 693/75/390 7/7/7
f 692/74/389 4/4/4 7/7/7
f 696/78/393 691/72/388 690/73/387
f 696/78/393 697/79/394 1/1/1
f 697/79/394 699/81/396 693/75/390
f 698/80/395 692/74/389 693/75/390
f 702/84/392 695/76/392 694/77/391
f 702/84/392 703/85/399 696/78/393
f 703/85/399 704/86/400 697/79/394
f 704/86/400 706/88/402 699/81/396
f 705/87/401 698/80/395 699/81/396
f 709/91/398 701/82/398 700/83/397
f 710/92/392 702/84/392 701/82/398
f 710/92/392 711/93/405 703/85/399
f 711/93/405 712/94/406 704/86/400
f 712/94/406 714/96/408 706/88/402
f 713/95/407 705/87/401 706/88/402
f 715/97/409 708/89/404 707/90/403
f 717/99/411 709/91/398 708/89/404
f 718/100/412 710/92/392 709/91/398
f 718/100/412 719/101/413 711/93/405
f 719/101/413 720/102/414 712/94/406
f 720/102/414 722/104/416 714/96/408
f 721/103/415 713/95/407 714/96/408
f 723/105/417 715/97/409 716/98/410
f 725/107/419 717/99/411 715/97/409
f 726/108/420 718/100/412 717/99/411
f 726/108/420 727/109/421 719/101/413
f 727/109/421 728/110/422 720/102/414
f 728/110/422 729/111/423 722/104/416
f 729/111/423 737/118/431 721/103/415
f 730/112/424 723/105/417 724/106/418
f 732/114/426 725/107/419 723/105/417
f 733/115/427 726/108/420 725/107/419
f 733/115/427 734/116/428 727/109/421
f 734/116/428 735/117/429 728/110/422
f 735/117/429 736/119/430 729/111/423
f 736/119/430 745/127/439 737/118/431
f 738/120/432 730/112/424 731/113/425
f 740/122/434 732/114/426 730/112/424
f 741/123/435 733/115/427 732/114/426
f 741/123/435 742/124/436 734/116/428
f 742/124/436 744/126/438 735/117/429
f 743/125/437 736/119/430 735/117/429
f 743/125/437 753/134/447 745/127/439
f 746/128/440 738/120/432 739/121/433
f 748/130/442 740/122/434 738/120/432
f 749/131/443 741/123/435 740/122/434
f 749/131/443 750/132/444 742/124/436
f 750/132/444 751/133/445 744/126/438
f 751/133/445 752/135/446 743/125/437
f 752/135/446 761/142/455 753/134/447
f 754/136/448 746/128/440 747/129/441
f 756/138/450 748/130/442 746/128/440
f 757/139/451 749/131/443 748/130/442
f 757/139/451 758/140/452 750/132/444
f 758/140/452 759/141/453 751/133/445
f 759/141/453 760/143/454 752/135/446
f 760/143/454 3151/242/1598 761/142/455
f 762/144/456 763/145/457 754/136/448
f 763/145/457 764/146/458 756/138/450
f 764/146/458 766/148/460 757/139/451
f 765/147/459 758/140/452 757/139/451
f 765/147/459 767/149/461 759/141/453
f 767/149/461 769/151/463 760/143/454
f 768/150/462 3151/242/1598 760/143/454
f 770/152/464 771/153/465 764/146/458
f 771/153/465 773/155/460 766/148/460
f 772/154/466 765/147/459 766/148/460
f 772/154/466 774/156/467 767/149/461
f 774/156/467 776/158/469 769/151/463
f 775/157/468 768/150/462 769/151/463
f 777/159/470 779/161/460 773/155/460
f 778/160/471 772/154/466 773/155/460
f 778/160/471 780/162/472 774/156/467
f 780/162/472 782/164/474 776/158/469
f 781/163/473 775/157/468 776/158/469
f 783/165/475 784/166/476 778/160/471
f 784/166/476 785/167/477 780/162/472
f 785/167/477 787/169/479 782/164/474
f 786/168/478 781/163/473 782/164/474
f 788/170/480 789/171/481 785/167/477
f 789/171/481 791/173/483 787/169/479
f 790/172/482 786/168/478 787/169/479
f 792/174/484 793/175/485 789/171/481
f 793/175/485 795/177/487 791/173/483
f 794/176/486 790/172/482 791/173/483
f 796/178/488 793/175/485 792/174/484
f 796/178/488 799/181/491 795/177/487
f 798/180/490 794/176/486 795/177/487
f 802/184/494 796/178/488 797/179/489
f 802/184/494 804/186/496 799/181/491
f 803/185/495 798/180/490 799/181/491
f 805/187/497 801/182/493 800/183/492
f 805/187/497 807/189/499 802/184/494
f 807/189/499 809/191/501 804/186/496
f 808/190/500 803/185/495 804/186/496
f 810/192/502 811/193/503 805/187/497
f 811/193/503 812/194/504 807/189/499
f 812/194/504 814/196/506 809/191/501
f 813/195/505 808/190/500 809/191/501
f 815/197/507 816/198/508 811/193/503
f 816/198/508 817/199/509 812/194/504
f 817/199/509 819/201/511 814/196/506
f 818/200/510 813/195/505 814/196/506
f 820/202/512 821/203/513 816/198/508
f 821/203/513 822/204/514 817/199/509
f 822/204/514 824/206/516 819/201/511
f 823/205/515 818/200/510 819/201/511
f 825/207/517 826/208/518 821/203/513
f 826/208/518 827/209/519 822/204/514
f 827/209/519 828/210/520 824/206/516
f 829/211/521 833/215/525 826/208/518
f 830/213/522 829/211/521 831/212/523
f 833/215/525 835/216/527 827/209/519
f 834/217/526 837/220/529 835/216/527
f 835/216/527 838/219/530 828/210/520
f 837/220/529 842/223/534 838/219/530
f 839/221/531 844/233/536 832/214/524
f 840/222/532 841/224/533 837/220/529
f 841/224/533 847/236/539 842/223/534
f 843/234/535 852/237/544 844/233/536
f 845/235/537 846/230/538 841/224/533
f 848/241/540 853/228/545 849/240/541
f 851/239/543 3152/238/1599 852/237/544
f 853/228/545 858/225/550 854/231/546
f 855/232/547 854/231/546 3153/230/538
f 856/229/548 857/227/549 853/228/545
f 857/227/549 3154/226/549 858/225/550
f 3155/69/1600 3156/69/1600 3157/69/1600
f 3158/69/1601 3159/69/1601 3160/69/1601
f 3161/69/1602 3162/69/1602 3163/69/1602
f 3164/69/1603 3165/69/1603 3166/69/1603
f 3167/69/1604 3168/69/1604 3169/69/1604
f 3170/69/1605 3171/69/1605 3172/69/1605
f 3173/69/1606 3174/69/1606 3175/69/1606
f 3176/69/1607 3177/69/1607 3178/69/1607
f 3179/69/1608 3180/69/1608 3181/69/1608
f 3182/69/1609 3183/69/1609 3184/69/1609
f 890/68/314 3185/68/314 891/68/314
f 893/68/309 3186/68/309 894/68/309
f 896/68/308 3187/68/308 897/68/308
f 899/68/307 3188/68/307 900/68/307
f 902/68/301 3189/68/301 903/68/301
f 905/68/300 3190/68/300 906/68/300
f 908/68/299 3191/68/299 909/68/299
f 911/68/293 3192/68/293 912/68/293
f 914/68/292 3193/68/292 915/68/292
f 917/68/291 3194/68/291 918/68/291
f 3195/68/77 925/68/77 924/68/77
f 923/68/77 927/68/77 924/68/77
f 926/68/77 929/68/77 927/68/77
f 928/68/77 931/68/77 929/68/77
f 930/68/77 933/68/77 931/68/77
f 930/68/77 934/68/77 932/68/77
f 934/68/77 936/68/77 935/68/77
f 936/68/77 938/68/77 937/68/77
f 938/68/77 940/68/77 939/68/77
f 3196/68/76 3197/68/76 3198/68/76
f 3199/69/1610 3200/69/1610 3201/69/1610
f 3202/69/1611 3203/69/1611 3204/69/1611
f 3205/69/1612 3206/69/1612 3207/69/1612
f 3208/69/1613 3209/69/1613 3210/69/1613
f 3211/69/1614 3212/69/1614 3213/69/1614
f 3214/69/1615 3215/69/1615 3216/69/1615
f 3217/69/1616 3218/69/1616 3219/69/1616
f 3220/69/1617 3221/69/1617 3222/69/1617
f 3223/69/1618 3224/69/1618 3225/69/1618
f 3226/69/1619 3227/69/1619 3228/69/1619
f 972/68/248 3229/68/248 973/68/248
f 975/68/247 3230/68/247 976/68/247
f 978/68/241 3231/68/241 979/68/241
f 981/68/167 3232/68/167 982/68/167
f 984/68/160 3233/68/160 985/68/160
f 987/68/159 3234/68/159 988/68/159
f 990/68/153 3235/68/153 991/68/153
f 993/68/152 3236/68/152 994/68/152
f 996/68/151 3237/68/151 997/68/151
f 999/68/146 3238/68/146 1000/68/146
f 3239/68/77 1007/68/77 1006/68/77
f 1005/68/77 1009/68/77 1006/68/77
f 1008/68/77 1011/68/77 1009/68/77
f 1010/68/77 1013/68/77 1011/68/77
f 1012/68/77 1015/68/77 1013/68/77
f 1012/68/77 1016/68/77 1014/68/77
f 1016/68/77 1018/68/77 1017/68/77
f 1018/68/77 1020/68/77 1019/68/77
f 1020/68/77 1022/68/77 1021/68/77
f 3240/68/76 3241/68/76 3242/68/76
f 3243/70/1620 3244/70/1620 3245/70/1620
f 3246/70/1621 3247/70/1621 3248/70/1621
f 3249/70/1622 3250/70/1622 3251/70/1622
f 3252/70/1623 3253/70/1623 3254/70/1623
f 1036/70/1624 3255/70/1624 1037/70/1624
f 1039/70/578 3256/70/578 1040/70/578
f 1042/70/579 3257/70/579 1043/70/579
f 3258/70/1625 3259/70/1625 3260/70/1625
f 3261/70/1625 3258/70/1625 3262/70/1625
f 1049/70/580 3263/70/580 1050/70/580
f 3264/70/582 3265/70/582 3266/70/582
f 3267/70/582 3264/70/582 3268/70/582
f 3269/70/581 3270/70/581 3271/70/581
f 3272/70/1626 3273/70/1626 3274/70/1626
f 3275/70/1627 3276/70/1627 3277/70/1627
f 3278/70/1628 3279/70/1628 3280/70/1628
f 3281/70/1629 3282/70/1629 3283/70/1629
f 1072/69/79 3284/69/79 1073/69/79
f 1075/69/78 3285/69/78 1076/69/78
f 1078/69/77 3286/69/77 1079/69/77
f 1081/69/76 3287/69/76 1082/69/76
f 1084/69/75 3288/69/75 1085/69/75
f 1087/69/74 3289/69/74 1088/69/74
f 1090/68/71 3290/68/71 1091/68/71
f 1093/68/70 3291/68/70 1094/68/70
f 1096/68/71 3292/68/71 1097/68/71
f 1099/68/70 3293/68/70 1100/68/70
f 1102/243/587 1106/247/591 1103/244/588
f 1102/243/587 1107/248/592 1105/246/590
f 1107/248/592 1110/251/595 1108/249/593
f 1109/250/594 1112/253/597 1108/249/593
f 1111/252/596 1114/255/599 1112/253/597
f 1111/252/596 3294/502/1630 1113/254/598
f 1106/247/591 1117/258/602 1115/256/600
f 1106/247/591 1105/246/590 1116/257/601
f 1105/246/590 1108/249/593 1118/259/603
f 1112/253/597 1119/260/604 1118/259/603
f 1114/255/599 1121/262/606 1119/260/604
f 1114/255/599 1113/254/598 1120/261/605
f 1117/258/602 1124/265/609 1122/263/607
f 1117/258/602 1116/257/601 1123/264/608
f 1116/257/601 1118/259/603 1125/266/610
f 1119/260/604 1126/267/611 1125/266/610
f 1121/262/606 1128/269/613 1126/267/611
f 1121/262/606 1120/261/605 1127/268/612
f 1124/265/609 1131/272/616 1129/270/614
f 1124/265/609 1123/264/608 1130/271/615
f 1123/264/608 1125/266/610 1132/273/603
f 1126/267/611 1133/274/617 1132/273/603
f 1128/269/613 1135/276/619 1133/274/617
f 1128/269/613 1127/268/612 1134/275/618
f 1131/272/616 1138/279/622 1136/277/620
f 1131/272/616 1130/271/615 1137/278/621
f 1130/271/615 1132/273/603 1139/280/623
f 1133/274/617 1140/281/624 1139/280/623
f 1135/276/619 1142/283/626 1140/281/624
f 1135/276/619 1134/275/618 1141/282/625
f 1138/279/622 1145/286/629 1143/284/627
f 1138/279/622 1137/278/621 1144/285/628
f 1137/278/621 1139/280/623 1146/287/630
f 1140/281/624 1147/288/631 1146/287/630
f 1142/283/626 1149/290/633 1147/288/631
f 1142/283/626 1141/282/625 1148/289/632
f 1143/284/627 1145/286/629 1150/291/634
f 1145/286/629 1144/285/628 1152/293/636
f 1144/285/628 1146/287/630 1153/294/637
f 1147/288/631 1154/295/638 1153/294/637
f 1149/290/633 1155/296/639 1154/295/638
f 1148/289/632 1161/302/644 1155/296/639
f 1151/292/635 1150/291/634 1156/297/640
f 1150/291/634 1152/293/636 1158/299/642
f 1152/293/636 1153/294/637 1159/300/637
f 1154/295/638 1160/301/643 1159/300/637
f 1155/296/639 1162/303/645 1160/301/643
f 1161/302/644 1168/309/650 1162/303/645
f 1157/298/641 1156/297/640 1163/304/646
f 1156/297/640 1158/299/642 1165/306/648
f 1158/299/642 1159/300/637 1166/307/637
f 1160/301/643 1167/308/649 1166/307/637
f 1162/303/645 1169/310/651 1167/308/649
f 1168/309/650 1175/316/656 1169/310/651
f 1164/305/647 1163/304/646 1170/311/652
f 1163/304/646 1165/306/648 1172/313/654
f 1165/306/648 1166/307/637 1173/314/637
f 1167/308/649 1174/315/655 1173/314/637
f 1169/310/651 1176/317/657 1174/315/655
f 1175/316/656 1182/323/663 1176/317/657
f 1171/312/653 1170/311/652 1177/318/658
f 1170/311/652 1172/313/654 1179/320/660
f 1172/313/654 1173/314/637 1180/321/661
f 1174/315/655 1181/322/662 1180/321/661
f 1176/317/657 1183/324/664 1181/322/662
f 1182/323/663 1189/330/670 1183/324/664
f 1178/319/659 1177/318/658 1184/325/665
f 1177/318/658 1179/320/660 1186/327/667
f 1179/320/660 1180/321/661 1187/328/668
f 1181/322/662 1188/329/669 1187/328/668
f 1183/324/664 1190/331/671 1188/329/669
f 1189/330/670 1196/337/677 1190/331/671
f 1185/326/666 1184/325/665 1191/332/672
f 1184/325/665 1186/327/667 1193/334/674
f 1186/327/667 1187/328/668 1194/335/675
f 1188/329/669 1195/336/676 1194/335/675
f 1190/331/671 1197/338/678 1195/336/676
f 1196/337/677 3295/503/1631 1197/338/678
f 1191/332/672 1201/341/682 1198/339/679
f 1191/332/672 1193/334/674 1200/340/681
f 1193/334/674 1194/335/675 1202/342/683
f 1195/336/676 1203/343/684 1202/342/683
f 1197/338/678 1205/345/686 1203/343/684
f 1197/338/678 3295/503/1631 1204/344/685
f 1201/341/682 1211/351/692 1206/346/687
f 1200/340/681 1202/342/683 1207/347/688
f 1203/343/684 1215/355/696 1207/347/688
f 1205/345/686 1204/344/685 1209/349/690
f 1211/351/692 3296/504/1111 1212/352/693
f 1208/348/689 1207/347/688 1213/353/694
f 1215/355/696 1222/362/703 1213/353/694
f 1210/350/691 1209/349/690 1216/356/697
f 1212/352/693 3296/504/1111 3297/358/1632
f 1214/354/695 1213/353/694 1220/360/701
f 1222/362/703 1229/367/710 1220/360/701
f 1216/356/697 3298/505/1633 1223/363/704
f 3297/358/1634 3299/506/1635 1225/364/706
f 1221/361/702 1220/360/701 1227/365/708
f 1229/367/710 3300/507/1636 1227/365/708
f 1230/363/711 3301/505/1637 1231/368/712
f 3302/70/1638 3303/70/1638 3304/70/1638
f 3305/70/1639 3306/70/1639 3307/70/1639
f 3308/70/1640 3309/70/1640 3310/70/1640
f 3311/70/1641 3312/70/1641 3313/70/1641
f 3314/70/1642 3315/70/1642 3316/70/1642
f 3317/70/1643 3318/70/1643 3319/70/1643
f 3320/70/1644 3321/70/1644 3322/70/1644
f 1259/70/722 1258/70/722 3323/70/722
f 1262/70/723 1261/70/723 3324/70/723
f 1265/70/724 1264/70/724 3325/70/724
f 3326/70/1645 3327/70/1645 3328/70/1645
f 3329/70/1646 3330/70/1646 3331/70/1646
f 3332/70/1647 3333/70/1647 3334/70/1647
f 3335/70/1648 3336/70/1648 3337/70/1648
f 3338/70/1649 3339/70/1649 3340/70/1649
f 3341/70/1650 3342/70/1650 3343/70/1650
f 3344/70/1651 3345/70/1651 3346/70/1651
f 3347/70/1652 3348/70/1652 3349/70/1652
f 3350/70/1653 3351/70/1653 3352/70/1653
f 3353/70/1654 3354/70/1654 3355/70/1654
f 3356/70/1655 3357/70/1655 3358/70/1655
f 3359/70/736 1299/70/736 1301/70/736
f 3360/70/737 1302/70/737 1304/70/737
f 3361/70/738 1305/70/738 1307/70/738
f 3362/70/1656 3363/70/1656 3364/70/1656
f 3365/70/1657 3366/70/1657 3367/70/1657
f 3368/70/1658 3369/70/1658 3370/70/1658
f 3371/70/1659 3372/70/1659 3373/70/1659
f 1317/370/742 1321/370/746 1318/370/743
f 1317/370/742 1322/370/747 1320/370/745
f 1322/370/747 1324/370/749 1323/370/748
f 1324/370/749 1326/370/751 1325/370/750
f 1326/370/751 1328/370/752 1327/370/750
f 1328/370/752 1331/370/754 1329/370/750
f 1330/370/753 1333/370/756 1329/370/750
f 1330/370/753 1334/370/757 1332/370/755
f 1334/370/757 1336/370/759 1335/370/758
f 1319/370/744 1318/370/743 1335/370/758
f 1337/68/760 1341/68/742 1338/68/761
f 1337/68/760 1342/68/763 1340/68/747
f 1342/68/763 1344/68/765 1343/68/764
f 1344/68/765 1346/68/766 1345/68/751
f 1346/68/766 1349/68/768 1347/68/752
f 1348/68/767 1351/68/754 1347/68/752
f 1350/68/769 1353/68/753 1351/68/754
f 1352/68/770 1355/68/757 1353/68/753
f 1352/68/770 1356/68/771 1354/68/759
f 1339/68/762 1338/68/761 1354/68/759
f 1357/69/1660 3374/69/1660 1358/69/1660
f 1360/69/773 1364/69/776 1361/69/774
f 1363/69/775 1366/69/778 1364/69/776
f 1365/69/777 1368/69/780 1366/69/778
f 1367/69/779 1370/69/782 1368/69/780
f 1367/69/779 1371/69/783 1369/69/781
f 1371/69/783 3375/69/784 1372/69/784
f 1373/69/785 3376/69/785 1374/69/785
f 1376/69/786 1379/69/788 1377/69/787
f 1379/69/788 3377/69/789 1380/69/789
f 1392/370/801 1333/370/756 1332/370/755
f 1392/370/801 1396/370/805 1394/370/803
f 1395/370/804 1398/370/807 1394/370/803
f 1397/370/806 1400/370/809 1398/370/807
f 1399/370/808 1402/370/811 1400/370/809
f 1401/370/810 1404/370/813 1402/370/811
f 1401/370/810 1405/370/814 1403/370/812
f 1405/370/814 1393/370/802 1332/370/755
f 1407/68/816 1411/68/801 1408/68/802
f 1407/68/816 1412/68/819 1410/68/818
f 1412/68/819 1414/68/820 1413/68/804
f 1414/68/820 1417/68/822 1415/68/806
f 1416/68/821 1419/68/808 1415/68/806
f 1418/68/823 1421/68/810 1419/68/808
f 1418/68/823 1422/68/824 1420/68/814
f 1422/68/824 1409/68/817 1408/68/802
f 1423/69/825 3378/69/825 1424/69/825
f 1426/69/826 1430/69/829 1427/69/827
f 1426/69/826 1431/69/830 1429/69/828
f 1431/69/830 1433/69/832 1432/69/831
f 1433/69/832 1435/69/834 1434/69/833
f 1435/69/834 3379/69/835 1436/69/835
f 1437/69/836 1441/69/839 1438/69/837
f 1440/69/838 3380/69/838 1441/69/839
f 1451/370/849 1454/370/852 1452/370/850
f 1454/370/852 1457/370/855 1455/370/853
f 1456/370/854 1459/370/54 1455/370/853
f 1458/370/856 1461/370/858 1459/370/54
f 1460/370/857 1463/370/86 1461/370/858
f 1462/370/859 1465/370/861 1463/370/86
f 1464/370/860 1467/370/116 1465/370/861
f 1466/370/860 1469/370/862 1467/370/116
f 1468/370/860 1471/370/863 1469/370/862
f 1470/370/860 1473/370/136 1471/370/863
f 1472/370/860 1475/370/864 1473/370/136
f 1474/370/860 1477/370/145 1475/370/864
f 1476/370/860 1479/370/865 1477/370/145
f 1478/370/860 1481/370/866 1479/370/865
f 1480/370/860 1483/370/867 1481/370/866
f 1482/370/860 1485/370/172 1483/370/867
f 1484/370/860 1487/370/868 1485/370/172
f 1484/370/860 3381/370/1661 1486/370/186
f 1488/370/869 3382/370/1662 1489/370/870
f 1491/370/872 1494/370/873 1492/370/210
f 1494/370/873 1496/370/874 1495/370/217
f 1496/370/874 1498/370/876 1497/370/875
f 3383/69/1663 3384/69/1663 3385/69/1663
f 1503/69/79 3386/69/79 1504/69/79
f 1506/69/78 3387/69/78 1507/69/78
f 1509/69/77 3388/69/77 1510/69/77
f 1512/69/76 3389/69/76 1513/69/76
f 1515/69/75 3390/69/75 1516/69/75
f 1518/69/74 3391/69/74 1519/69/74
f 1521/69/879 3392/69/879 1522/69/879
f 1524/69/79 3393/69/79 1525/69/79
f 1527/69/880 3394/69/880 1528/69/880
f 1530/69/881 3395/69/881 1531/69/881
f 1533/69/882 3396/69/882 1534/69/882
f 1536/69/883 3397/69/883 1537/69/883
f 1539/69/884 3398/69/884 1540/69/884
f 1542/69/885 3399/69/885 1543/69/885
f 1545/69/76 3400/69/76 3401/69/76
f 3400/69/76 3402/69/76 3403/69/76
f 3401/69/76 3400/69/76 3403/69/76
f 3401/69/76 1546/69/76 1545/69/76
f 1546/69/76 3404/69/76 1547/69/76
f 1550/69/77 3405/69/77 3406/69/77
f 3405/69/77 3407/69/77 3408/69/77
f 3407/69/77 3409/69/77 3408/69/77
f 3408/69/77 3406/69/77 3405/69/77
f 3406/69/77 1548/69/77 1550/69/77
f 1551/372/75 3410/372/75 1552/372/75
f 1554/370/886 1558/370/890 1555/370/887
f 1557/370/889 1560/370/892 1555/370/887
f 1559/370/891 1562/370/894 1560/370/892
f 1561/370/893 1564/370/895 1562/370/894
f 1563/370/893 1566/370/896 1564/370/895
f 1565/370/893 1568/370/898 1566/370/896
f 1565/370/893 1570/370/900 1567/370/897
f 1569/370/899 1572/370/902 1567/370/897
f 1571/370/901 1573/370/903 1572/370/902
f 1571/370/901 1554/370/886 1556/370/888
f 1574/68/904 1578/68/887 1575/68/905
f 1577/68/892 1580/68/907 1575/68/905
f 1579/68/894 1582/68/908 1580/68/907
f 1581/68/895 1584/68/909 1582/68/908
f 1583/68/896 1586/68/911 1584/68/909
f 1583/68/896 1587/68/898 1585/68/910
f 1587/68/898 1589/68/897 1588/68/912
f 1589/68/897 1592/68/902 1590/68/913
f 1591/68/903 1593/68/914 1590/68/913
f 1591/68/903 1574/68/904 1576/68/906
f 1594/69/1660 3411/69/1660 1595/69/1660
f 1597/69/774 1600/69/776 1598/69/773
f 1600/69/776 1602/69/778 1601/69/775
f 1602/69/778 1604/69/780 1603/69/777
f 1604/69/780 1607/69/782 1605/69/779
f 1606/69/781 1609/69/783 1605/69/779
f 1608/69/784 3412/69/784 1609/69/783
f 1610/69/785 3413/69/785 1611/69/785
f 1613/69/787 1617/69/788 1614/69/786
f 1616/69/789 3414/69/789 1617/69/788
f 1569/370/899 1570/370/900 1629/370/926
f 1631/370/928 1633/370/930 1629/370/926
f 1631/370/928 1634/370/931 1632/370/929
f 1634/370/931 1636/370/933 1635/370/932
f 1636/370/933 1638/370/935 1637/370/934
f 1638/370/935 1641/370/938 1639/370/936
f 1640/370/937 1642/370/939 1639/370/936
f 1569/370/899 1630/370/927 1642/370/939
f 1643/68/927 1647/68/926 1644/68/940
f 1646/68/942 1649/68/943 1644/68/940
f 1648/68/929 1651/68/944 1649/68/943
f 1650/68/932 1653/68/946 1651/68/944
f 1650/68/932 1654/68/934 1652/68/945
f 1654/68/934 1657/68/936 1655/68/947
f 1656/68/939 1658/68/948 1655/68/947
f 1643/68/927 1645/68/941 1658/68/948
f 1659/69/825 3415/69/825 1660/69/825
f 1662/69/827 1666/69/829 1663/69/826
f 1665/69/828 1668/69/830 1663/69/826
f 1667/69/831 1670/69/832 1668/69/830
f 1669/69/833 1672/69/834 1670/69/832
f 1671/69/835 3416/69/835 1672/69/834
f 1673/69/837 1676/69/839 1674/69/836
f 1676/69/839 3417/69/838 1677/69/838
f 1687/370/958 1691/370/962 1688/370/959
f 1690/370/961 1693/370/964 1691/370/962
f 1690/370/961 3418/370/1664 1692/370/963
f 1694/370/63 1697/370/61 1695/370/965
f 1697/370/61 1699/370/43 1698/370/967
f 1699/370/43 1701/370/969 1700/370/968
f 1701/370/969 1703/370/32 1702/370/970
f 1703/370/32 1705/370/971 1704/370/970
f 1705/370/971 1707/370/972 1706/370/970
f 1707/370/972 1709/370/13 1708/370/970
f 1709/370/13 1711/370/973 1710/370/970
f 1711/370/973 1713/370/5 1712/370/970
f 1713/370/5 1715/370/974 1714/370/970
f 1715/370/974 1717/370/975 1716/370/970
f 1717/370/975 1719/370/976 1718/370/970
f 1719/370/976 1721/370/401 1720/370/970
f 1721/370/401 1723/370/407 1722/370/970
f 1723/370/407 3419/370/1665 1724/370/977
f 1725/370/978 3420/370/1666 1726/370/979
f 1728/370/431 1732/370/439 1729/370/981
f 1731/370/447 1734/370/984 1729/370/981
f 1733/370/983 1736/370/986 1734/370/984
f 3421/69/1667 3422/69/1667 3423/69/1667
f 1740/69/79 3424/69/79 1741/69/79
f 1743/69/78 3425/69/78 1744/69/78
f 1746/69/77 3426/69/77 1747/69/77
f 1749/69/76 3427/69/76 1750/69/76
f 1752/69/75 3428/69/75 1753/69/75
f 1755/69/74 3429/69/74 1756/69/74
f 1758/69/879 3430/69/879 1759/69/879
f 1761/69/79 3431/69/79 1762/69/79
f 1764/69/880 3432/69/880 1765/69/880
f 1767/69/881 3433/69/881 1768/69/881
f 1770/69/882 3434/69/882 1771/69/882
f 1773/69/883 3435/69/883 1774/69/883
f 1776/69/884 3436/69/884 1777/69/884
f 1779/69/885 3437/69/885 1780/69/885
f 1784/69/77 3438/69/77 3439/69/77
f 3438/69/77 3440/69/77 3441/69/77
f 3440/69/77 3442/69/77 3441/69/77
f 3441/69/77 3439/69/77 3438/69/77
f 3439/69/77 1782/69/77 1784/69/77
f 1785/69/76 3443/69/76 3444/69/76
f 3443/69/76 3445/69/76 3446/69/76
f 3444/69/76 3443/69/76 3446/69/76
f 3444/69/76 1786/69/76 1785/69/76
f 1786/69/76 3447/69/76 1787/69/76
f 1788/372/75 3448/372/75 1789/372/75
f 1791/370/988 1795/370/992 1792/370/989
f 1794/370/991 1797/370/994 1795/370/992
f 1796/370/993 1799/370/996 1797/370/994
f 1796/370/993 1800/370/997 1798/370/995
f 1800/370/997 1802/370/999 1801/370/998
f 1802/370/999 3449/370/1668 1803/370/1000
f 1792/370/989 1795/370/992 1804/370/1001
f 1795/370/992 1797/370/994 1806/370/1003
f 1797/370/994 1799/370/996 1807/370/1004
f 1798/370/995 1808/370/1005 1807/370/1004
f 1801/370/998 1809/370/1006 1808/370/1005
f 1803/370/1000 3450/370/1669 1809/370/1006
f 1804/370/1001 1811/370/1008 1810/370/1007
f 1806/370/1003 1812/370/1009 1811/370/1008
f 1807/370/1004 1814/370/1011 1812/370/1009
f 1807/370/1004 1808/370/1005 1813/370/1010
f 1808/370/1005 1809/370/1006 1815/370/1012
f 1809/370/1006 3450/370/1669 1816/370/1013
f 1810/370/1007 1811/370/1008 1817/370/1014
f 1811/370/1008 1812/370/1009 1819/370/1016
f 1812/370/1009 1814/370/1011 1820/370/1017
f 1813/370/1010 1821/370/1018 1820/370/1017
f 1815/370/1012 1822/370/1019 1821/370/1018
f 1816/370/1013 1828/370/1025 1822/370/1019
f 1818/370/1015 1817/370/1014 1823/370/1020
f 1817/370/1014 1819/370/1016 1825/370/1022
f 1819/370/1016 1820/370/1017 1826/370/1023
f 1821/370/1018 1827/370/1024 1826/370/1023
f 1822/370/1019 1829/370/1026 1827/370/1024
f 1828/370/1025 1835/370/1032 1829/370/1026
f 1824/370/1021 1823/370/1020 1830/370/1027
f 1823/370/1020 1825/370/1022 1832/370/1029
f 1825/370/1022 1826/370/1023 1833/370/1030
f 1827/370/1024 1834/370/1031 1833/370/1030
f 1829/370/1026 1836/370/1033 1834/370/1031
f 1835/370/1032 3451/370/1041 1836/370/1033
f 1837/68/1028 1840/68/1027 1838/68/1034
f 1840/68/1027 1842/68/1037 1841/68/1036
f 1842/68/1037 1845/68/1030 1843/68/1038
f 1844/68/1039 1847/68/1040 1843/68/1038
f 1846/68/1033 1849/68/1042 1847/68/1040
f 1848/68/1041 1861/68/1049 1849/68/1042
f 1839/68/1035 1838/68/1034 1850/68/1043
f 1852/371/1034 1855/371/1036 1853/371/1045
f 1855/371/1036 1858/371/1047 1856/371/1046
f 1857/371/1040 1860/371/1048 1856/371/1046
f 1859/371/1042 1868/371/1050 1860/371/1048
f 1861/68/1049 1870/68/1056 1862/68/1050
f 1851/68/1044 1850/68/1043 1863/68/1051
f 1854/371/1043 1853/371/1045 1865/371/1053
f 1853/371/1045 1856/371/1046 1867/371/1054
f 1860/371/1048 1869/371/1055 1867/371/1054
f 1868/371/1050 1877/371/1057 1869/371/1055
f 1870/68/1056 1879/68/1063 1871/68/1057
f 1864/68/1052 1863/68/1051 1872/68/1058
f 1866/371/1051 1865/371/1053 1874/371/1060
f 1865/371/1053 1867/371/1054 1876/371/1061
f 1869/371/1055 1878/371/1062 1876/371/1061
f 1877/371/1057 3452/371/1064 1878/371/1062
f 1879/68/1063 1889/68/1071 1880/68/1064
f 1873/68/1059 1872/68/1058 1881/68/1065
f 1872/68/1058 1884/68/1060 1883/68/1067
f 1884/68/1060 1887/68/1069 1885/68/1068
f 1886/68/1062 1888/68/1070 1885/68/1068
f 1880/68/1064 1890/68/1072 1888/68/1070
f 1889/68/1071 3453/68/1670 1890/68/1072
f 1891/68/1073 1895/68/988 1892/68/1074
f 1894/68/1076 1897/68/991 1895/68/988
f 1896/68/1077 1899/68/1078 1897/68/991
f 1896/68/1077 1900/68/1079 1898/68/997
f 1900/68/1079 1902/68/1080 1901/68/999
f 1902/68/1080 1916/68/1089 1903/68/1081
f 1904/68/1082 1891/68/1073 1893/68/1075
f 1906/371/1084 1910/371/1076 1907/371/1073
f 1909/371/1085 1912/371/1086 1910/371/1076
f 1909/371/1085 1913/371/1087 1911/371/1079
f 1913/371/1087 1923/371/1088 1914/371/1080
f 1915/68/1088 1925/68/1097 1916/68/1089
f 1917/68/1090 1904/68/1082 1905/68/1083
f 1919/371/1092 1906/371/1084 1908/371/1082
f 1921/371/1094 1909/371/1085 1906/371/1084
f 1921/371/1094 1922/371/1095 1913/371/1087
f 1922/371/1095 3454/371/1671 1923/371/1088
f 1924/68/1096 1935/68/1104 1925/68/1097
f 1926/68/1098 1917/68/1090 1918/68/1091
f 1928/68/1100 1930/68/1092 1917/68/1090
f 1929/68/1101 1932/68/1094 1930/68/1092
f 1929/68/1101 1933/68/1102 1931/68/1095
f 1933/68/1102 1934/68/1103 1924/68/1096
f 1934/68/1103 3455/68/1099 1935/68/1104
f 1936/370/682 1939/370/1107 1937/370/1105
f 3456/370/1672 3457/370/681 3458/370/689
f 1941/370/1109 1944/370/1112 1942/370/1110
f 1944/370/1112 3458/370/689 1945/370/695
f 1943/370/1111 3459/370/1673 1946/370/1113
f 1942/370/1110 3460/370/1674 1948/370/1115
f 3461/69/1675 3462/69/1675 3463/69/1675
f 3464/69/1676 3465/69/1676 3466/69/1676
f 3467/69/1677 3468/69/1677 3469/69/1677
f 3470/69/1678 3471/69/1678 3472/69/1678
f 3471/69/1678 3473/69/1678 3474/69/1678
f 3472/69/1678 3471/69/1678 3474/69/1678
f 3475/69/1679 3476/69/1679 3477/69/1679
f 3478/69/1680 3479/69/1680 3480/69/1680
f 3481/69/1681 3482/69/1681 3483/69/1681
f 3484/69/1682 3485/69/1682 3486/69/1682
f 3485/69/1682 3487/69/1682 3486/69/1682
f 3488/69/1683 3489/69/1683 3490/69/1683
f 3491/69/1684 3492/69/1684 3493/69/1684
f 3486/69/1682 3494/69/1682 3484/69/1682
f 3495/69/1685 3496/69/1685 3497/69/1685
f 3498/69/1686 3499/69/1686 3500/69/1686
f 1958/69/1119 3501/69/1119 1959/69/1119
f 3502/69/1687 3503/69/1687 3504/69/1687
f 1964/69/1121 3505/69/1121 1965/69/1121
f 1967/69/1122 3506/69/1122 1968/69/1122
f 1970/370/1123 3507/370/1123 1971/370/1123
f 1973/370/1124 3508/370/1124 1974/370/1124
f 1976/69/1125 3509/69/1125 1977/69/1125
f 1979/69/1126 3510/69/1126 1980/69/1126
f 3511/69/1688 3512/69/1688 3513/69/1688
f 3514/69/1689 3515/69/1689 3516/69/1689
f 1985/373/1128 3517/376/1128 1986/374/1128
f 3518/69/1690 3519/69/1690 3520/69/1690
f 1991/69/74 3521/69/74 1992/69/74
f 1994/69/77 3522/69/77 1995/69/77
f 1997/69/75 3523/69/75 1998/69/75
f 2000/69/76 3524/69/76 2001/69/76
f 3525/69/1691 3526/69/1691 3527/69/1691
f 2011/370/1133 2010/370/1132 3528/370/1692
f 2009/370/686 3529/370/1693 2010/370/1132
f 2012/370/1134 2015/370/1136 2013/370/703
f 2014/370/1135 3530/370/698 2015/370/1136
f 2015/370/1136 2019/370/1140 2016/370/1137
f 3530/370/698 3531/370/1694 2019/370/1695
f 3532/69/1696 3533/69/1696 3534/69/1696
f 3535/69/1697 3536/69/1697 3537/69/1697
f 3538/69/1698 3539/69/1698 3540/69/1698
f 3541/69/1699 3542/69/1699 3543/69/1699
f 3542/69/1699 3544/69/1699 3545/69/1699
f 3543/69/1699 3542/69/1699 3545/69/1699
f 3546/69/1700 3547/69/1700 3548/69/1700
f 3549/69/1701 3550/69/1701 3551/69/1701
f 3552/69/1702 3553/69/1702 3554/69/1702
f 3555/69/1703 3556/69/1703 3557/69/1703
f 3556/69/1703 3558/69/1703 3557/69/1703
f 3559/69/1704 3560/69/1704 3561/69/1704
f 3562/69/1705 3563/69/1705 3564/69/1705
f 3557/69/1703 3565/69/1703 3555/69/1703
f 3566/69/1706 3567/69/1706 3568/69/1706
f 3569/69/1707 3570/69/1707 3571/69/1707
f 3572/69/1708 3573/69/1708 3574/69/1708
f 2033/69/1146 3575/69/1146 2034/69/1146
f 2036/69/1147 3576/69/1147 2037/69/1147
f 2039/69/1148 3577/69/1148 2040/69/1148
f 2042/370/1149 3578/370/1149 2043/370/1149
f 2045/370/1150 3579/370/1150 2046/370/1150
f 2048/69/1151 3580/69/1151 2049/69/1151
f 2051/69/1152 3581/69/1152 2052/69/1152
f 3582/69/1709 3583/69/1709 3584/69/1709
f 3585/69/1710 3586/69/1710 3587/69/1710
f 2057/376/1154 3588/374/1154 2058/375/1154
f 3589/69/1711 3590/69/1711 3591/69/1711
f 2063/69/74 3592/69/74 2064/69/74
f 2066/69/77 3593/69/77 2067/69/77
f 2069/69/75 3594/69/75 2070/69/75
f 2072/69/76 3595/69/76 2073/69/76
f 3596/69/1712 3597/69/1712 3598/69/1712
f 2078/69/74 2082/69/74 2079/69/74
f 2081/69/74 2084/69/74 2082/69/74
f 2082/69/74 2085/69/74 2083/69/74
f 2084/69/74 2087/69/74 2085/69/74
f 2085/69/74 2088/69/74 2086/69/74
f 2087/69/74 2091/69/74 2088/69/74
f 2089/69/74 2093/69/74 2086/69/74
f 2090/69/74 2089/69/74 2088/69/74
f 2092/69/74 2096/69/74 2093/69/74
f 2094/69/74 2092/69/74 2089/69/74
f 2095/69/74 3599/69/74 2096/69/74
f 2097/69/74 2095/69/74 2092/69/74
f 2098/68/74 3600/68/74 2099/68/74
f 2101/68/74 3601/68/74 2102/68/74
f 2104/69/1157 3602/69/1713 2105/69/1158
f 2107/69/1160 2111/69/1164 2108/69/1161
f 2110/69/1163 3603/69/1714 2111/69/1164
f 2112/69/1165 2116/69/1169 2113/69/1166
f 2115/69/1168 2118/69/1171 2116/69/1169
f 2117/69/1170 2120/69/1173 2118/69/1171
f 2117/69/1170 2121/69/1174 2119/69/1172
f 2121/69/1174 2123/69/1176 2122/69/1175
f 2123/69/1176 2143/69/1196 2124/69/1177
f 2125/69/1178 2128/69/1181 2126/69/1179
f 2128/69/1181 3604/69/1715 2129/69/1182
f 2130/69/1183 2147/69/1200 2131/69/1184
f 2106/69/1159 2105/69/1158 2133/69/1186
f 2135/69/1188 2136/69/1189 2107/69/1160
f 2136/69/1189 2154/69/1207 2110/69/1163
f 2137/69/1190 2112/69/1165 2114/69/1167
f 2139/69/1192 2115/69/1168 2112/69/1165
f 2140/69/1193 2117/69/1170 2115/69/1168
f 2140/69/1193 2141/69/1194 2121/69/1174
f 2141/69/1194 2142/69/1195 2123/69/1176
f 2142/69/1195 3605/69/1716 2143/69/1196
f 2144/69/1197 2128/69/1181 2125/69/1178
f 2146/69/1199 3604/69/1715 2128/69/1181
f 2147/69/1200 3606/69/1717 2148/69/1201
f 2149/69/1202 3607/69/1718 2150/69/1203
f 2152/69/1205 2153/69/1206 2136/69/1189
f 2153/69/1206 2155/69/1208 2154/69/1207
f 2155/69/1208 2157/69/1210 2137/69/1190
f 2156/69/1209 2139/69/1192 2137/69/1190
f 2158/69/1211 2140/69/1193 2139/69/1192
f 2158/69/1211 2159/69/1212 2141/69/1194
f 2159/69/1212 2161/69/1214 2142/69/1195
f 2160/69/1213 3605/69/1716 2142/69/1195
f 2162/69/1215 2144/69/1197 2145/69/1198
f 2163/69/1216 2146/69/1199 2144/69/1197
f 2164/69/1217 3608/69/1719 2165/69/1218
f 2167/69/1220 2152/69/1205 2168/69/1221
f 2167/69/1220 2170/69/1223 2153/69/1206
f 2170/69/1223 2172/69/1225 2155/69/1208
f 2171/69/1224 2157/69/1210 2155/69/1208
f 2173/69/1226 2156/69/1209 2157/69/1210
f 2174/69/1227 2158/69/1211 2156/69/1209
f 2174/69/1227 2175/69/1228 2159/69/1212
f 2175/69/1228 2176/69/1229 2161/69/1214
f 2176/69/1229 2178/69/1231 2160/69/1213
f 2177/69/1230 2162/69/1215 2160/69/1213
f 2179/69/1232 2163/69/1216 2162/69/1215
f 2179/69/1232 3609/69/1249 2180/69/1233
f 2181/370/1234 2185/370/1220 2182/370/1222
f 2184/370/1236 2187/370/1238 2185/370/1220
f 2186/370/1237 3610/370/1720 2187/370/1238
f 2188/370/1239 3611/370/1224 2189/370/1240
f 2191/370/1242 3612/370/1721 2192/370/1243
f 2194/370/1244 2197/370/1247 2195/370/1245
f 2197/370/1247 2199/370/1248 2198/370/1232
f 2199/370/1248 3613/370/1266 2200/370/1249
f 2201/69/1250 2205/69/1234 2202/69/1235
f 2201/69/1250 2206/69/1252 2204/69/1236
f 2206/69/1252 3614/69/1722 2207/69/1237
f 2208/69/1253 2211/69/1254 2209/69/1239
f 2211/69/1254 2213/69/1256 2212/69/1255
f 2213/69/1256 2216/69/1259 2214/69/1257
f 2215/69/1258 2218/69/1261 2214/69/1257
f 2217/69/1260 2220/69/1242 2218/69/1261
f 2219/69/1262 3615/69/1721 2220/69/1242
f 2221/69/1263 2225/69/1247 2222/69/1244
f 2224/69/1265 2227/69/1248 2225/69/1247
f 2224/69/1265 2242/69/1281 2226/69/1266
f 2228/69/1267 2201/69/1250 2203/69/1251
f 2230/69/1269 2206/69/1252 2201/69/1250
f 2231/69/1270 3614/69/1722 2206/69/1252
f 2232/69/1271 2233/69/1272 2211/69/1254
f 2233/69/1272 2234/69/1273 2213/69/1256
f 2234/69/1273 2236/69/1275 2216/69/1259
f 2235/69/1274 2215/69/1258 2216/69/1259
f 2237/69/1276 2217/69/1260 2215/69/1258
f 2238/69/1277 2219/69/1262 2217/69/1260
f 2239/69/1278 2240/69/1279 2221/69/1263
f 2240/69/1279 2241/69/1280 2224/69/1265
f 2241/69/1280 3616/69/1723 2242/69/1281
f 2243/69/1282 2247/69/1286 2244/69/1283
f 2246/69/1285 2249/69/1288 2247/69/1286
f 2248/69/1287 2251/69/1290 2249/69/1288
f 2250/69/1289 2253/69/1292 2251/69/1290
f 2250/69/1289 2254/69/1293 2252/69/1291
f 2254/69/1293 2257/69/1296 2255/69/1294
f 2256/69/1295 2259/69/1298 2255/69/1294
f 2258/69/1297 2261/69/1300 2259/69/1298
f 2258/69/1297 2262/69/1301 2260/69/1299
f 2262/69/1301 2264/69/1303 2263/69/1302
f 2264/69/1303 2266/69/1305 2265/69/1304
f 2266/69/1305 3617/69/1724 2267/69/1306
f 2247/69/1286 2269/69/1308 2268/69/1307
f 2249/69/1288 2270/69/1309 2269/69/1308
f 2251/69/1290 2272/69/1311 2270/69/1309
f 2251/69/1290 2253/69/1292 2271/69/1310
f 2253/69/1292 2252/69/1291 2273/69/1312
f 2252/69/1291 2255/69/1294 2274/69/1313
f 2259/69/1298 2275/69/1314 2274/69/1313
f 2261/69/1300 2276/69/1315 2275/69/1314
f 2260/69/1299 2278/69/1317 2276/69/1315
f 2260/69/1299 2263/69/1302 2277/69/1316
f 2263/69/1302 2265/69/1304 2279/69/1318
f 2265/69/1304 2267/69/1306 2280/69/1319
f 2269/69/1308 2282/69/1321 2281/69/1320
f 2270/69/1309 2283/69/1322 2282/69/1321
f 2272/69/1311 2297/69/1336 2283/69/1322
f 2271/69/1310 2286/69/1325 2284/69/1323
f 2271/69/1310 2273/69/1312 2285/69/1324
f 2273/69/1312 2274/69/1313 2287/69/1326
f 2275/69/1314 2288/69/1327 2287/69/1326
f 2276/69/1315 2290/69/1329 2288/69/1327
f 2276/69/1315 2278/69/1317 2289/69/1328
f 2278/69/1317 2277/69/1316 2291/69/1330
f 2277/69/1316 2279/69/1318 2293/69/1332
f 2279/69/1318 2280/69/1319 2294/69/1333
f 2281/69/1320 2282/69/1321 2295/69/1334
f 2283/69/1322 2298/69/1337 2295/69/1334
f 2297/69/1336 3618/69/1725 2298/69/1337
f 2286/69/1325 2301/69/1340 2299/69/1338
f 2286/69/1325 2285/69/1324 2300/69/1339
f 2285/69/1324 2287/69/1326 2302/69/1341
f 2288/69/1327 2303/69/1342 2302/69/1341
f 2290/69/1329 2305/69/1344 2303/69/1342
f 2290/69/1329 2289/69/1328 2304/69/1343
f 2292/69/1331 2291/69/1330 2306/69/1345
f 2291/69/1330 2293/69/1332 2308/69/1347
f 2294/69/1333 3619/69/1367 2308/69/1347
f 2309/370/1335 2312/370/1350 2310/370/1348
f 2312/370/1350 2314/370/1337 2313/370/1351
f 2314/370/1337 3620/370/1725 2315/370/1352
f 2316/370/1338 2319/370/1355 2317/370/1353
f 2318/370/1354 2321/370/1357 2317/370/1353
f 2320/370/1356 2323/370/1359 2321/370/1357
f 2320/370/1356 2324/370/1360 2322/370/1358
f 2324/370/1360 2327/370/1363 2325/370/1361
f 2326/370/1362 2329/370/1364 2325/370/1361
f 2328/370/1345 2332/370/1366 2329/370/1364
f 2331/370/1365 2334/370/1368 2332/370/1366
f 2333/370/1367 2346/370/1380 2334/370/1368
f 2311/370/1349 2310/370/1348 2335/370/1369
f 2310/370/1348 2313/370/1351 2337/370/1371
f 2313/370/1351 2315/370/1352 2338/370/1372
f 2315/370/1352 2317/370/1353 2339/370/1373
f 2321/370/1357 2340/370/1374 2339/370/1373
f 2323/370/1359 2342/370/1376 2340/370/1374
f 2323/370/1359 2322/370/1358 2341/370/1375
f 2322/370/1358 2325/370/1361 2343/370/1377
f 2329/370/1364 2344/370/1378 2343/370/1377
f 2332/370/1366 2345/370/1379 2344/370/1378
f 2334/370/1368 2347/370/1381 2345/370/1379
f 2346/370/1380 3621/370/1401 2347/370/1381
f 2348/69/1370 2352/69/1384 2349/69/1382
f 2351/69/1371 2354/69/1385 2349/69/1382
f 2353/69/1372 3622/69/1726 2354/69/1385
f 2355/69/1386 2359/69/1390 2356/69/1387
f 2358/69/1389 2361/69/1392 2359/69/1390
f 2360/69/1391 2363/69/1391 2361/69/1392
f 2360/69/1391 2364/69/1394 2362/69/1393
f 2364/69/1394 2366/69/1396 2365/69/1395
f 2366/69/1396 3623/69/1727 2367/69/1397
f 2368/69/1378 2371/69/1379 2369/69/1398
f 2371/69/1379 2374/69/1402 2372/69/1400
f 2373/69/1401 3624/69/1728 2372/69/1400
f 2376/69/78 3625/69/78 2378/69/78
f 2378/69/78 2384/69/78 2383/69/78
f 2382/69/78 2386/69/78 2383/69/78
f 2385/69/78 2388/69/78 2386/69/78
f 2387/69/78 2390/69/78 2388/69/78
f 2387/69/78 2391/69/78 2389/69/78
f 2391/69/78 2393/69/78 2392/69/78
f 2393/69/78 2395/69/78 2394/69/78
f 3626/69/79 3627/69/79 3628/69/79
f 2397/69/78 2400/69/78 2398/69/78
f 2401/69/78 3629/69/78 2402/69/78
f 2404/69/77 3630/69/77 2405/69/77
f 2407/69/79 3631/69/79 2408/69/79
f 2410/69/76 3632/69/76 2411/69/76
f 2413/68/74 3633/68/74 2414/68/74
f 2416/69/74 3634/69/74 2417/69/74
f 2419/69/74 3635/69/74 2420/69/74
f 2422/69/74 3636/69/74 2423/69/74
f 2425/69/74 3637/69/74 2426/69/74
f 2428/69/74 3638/69/74 2429/69/74
f 2431/69/74 3639/69/74 2432/69/74
f 2434/370/74 2442/370/74 2435/370/74
f 2437/370/74 3640/370/74 2438/370/74
f 2439/370/74 3641/370/74 2440/370/74
f 2441/370/74 2438/370/74 2442/370/74
f 2444/370/74 2451/370/74 2445/370/74
f 2447/370/74 3642/370/74 2448/370/74
f 2450/370/74 2448/370/74 2451/370/74
f 2449/370/74 3643/370/74 2453/370/74
f 2454/377/74 3644/508/74 2455/378/74
f 2457/377/74 3645/508/74 2458/378/74
f 3646/380/1729 3647/383/1729 3648/381/1729
f 3649/383/1730 3650/380/1730 3651/384/1730
f 3652/383/1731 3653/387/1731 3654/386/1731
f 3655/385/1732 3656/390/1732 3657/387/1732
f 3658/387/1733 3659/391/1733 3660/388/1733
f 3661/390/1734 3662/393/1734 3663/391/1734
f 3664/391/1735 3665/394/1735 3666/392/1735
f 3667/393/1736 3668/509/1736 3669/394/1736
f 2484/69/78 3670/69/78 2485/69/78
f 2487/69/74 2491/69/74 2488/69/74
f 2490/69/74 3671/69/74 2491/69/74
f 2492/69/79 2501/69/79 2493/69/79
f 3672/69/1737 3673/69/1737 3674/69/1737
f 2498/69/78 2484/69/78 2486/69/78
f 2500/69/79 2505/69/79 2501/69/79
f 2502/69/78 2498/69/78 2499/69/78
f 2504/69/79 2512/69/79 2505/69/79
f 3675/69/1738 3676/69/1738 3677/69/1738
f 2509/69/78 2502/69/78 2503/69/78
f 2511/69/79 3678/69/79 2512/69/79
f 2513/69/75 2506/69/75 2508/69/75
f 3679/381/1739 3680/383/1739 3681/380/1739
f 3682/384/1740 3683/380/1740 3684/383/1740
f 3685/386/1741 3686/387/1741 3687/383/1741
f 3688/387/1742 3689/390/1742 3690/385/1742
f 3691/388/1743 3692/391/1743 3693/387/1743
f 3694/391/1744 3695/393/1744 3696/390/1744
f 3697/392/1745 3698/394/1745 3699/391/1745
f 3700/394/1746 3701/509/1746 3702/393/1746
f 2539/69/79 3703/69/79 2540/69/79
f 2542/69/75 2546/69/75 2543/69/75
f 2545/69/75 3704/69/75 2546/69/75
f 2547/69/78 2556/69/78 2548/69/78
f 2550/69/74 3705/69/74 2551/69/74
f 2553/69/79 2539/69/79 2541/69/79
f 2555/69/78 2560/69/78 2556/69/78
f 2557/69/79 2553/69/79 2554/69/79
f 2559/69/78 2567/69/78 2560/69/78
f 3706/69/1747 3707/69/1747 3708/69/1747
f 2564/69/79 2557/69/79 2558/69/79
f 2566/69/78 3709/69/78 2567/69/78
f 2568/69/74 2561/69/74 2563/69/74
f 2570/370/1419 3710/370/1419 2571/370/1419
f 2573/370/1419 3711/370/1419 2570/370/1419
f 2574/370/1420 3712/370/1420 2575/370/1420
f 2577/395/92 2580/398/1422 2578/396/1421
f 2580/398/1422 2582/400/1424 2581/399/1423
f 2582/400/1424 2584/402/1426 2583/401/1425
f 2584/402/1426 3713/404/1748 2585/403/1427
f 2587/69/75 2591/69/75 2588/69/1429
f 2590/69/75 2593/69/75 2591/69/75
f 2592/69/75 2595/69/75 2593/69/75
f 2594/69/75 2597/69/75 2595/69/75
f 2596/69/75 2599/69/75 2597/69/75
f 2598/69/1431 2618/69/1444 2599/69/75
f 2600/402/1432 3714/401/1749 2601/403/1433
f 2603/400/1435 2606/399/1438 2604/401/1436
f 2605/398/1437 2608/396/1439 2606/399/1438
f 2607/395/386 3715/397/59 2608/396/1439
f 2578/396/1421 2610/406/1440 2609/405/95
f 2581/399/1423 2611/407/1441 2610/406/1440
f 2583/401/1425 2628/408/1451 2611/407/1441
f 2585/403/1427 2630/409/1443 2612/408/1442
f 2591/69/75 2614/69/75 2613/69/1443
f 2593/69/75 2615/69/75 2614/69/75
f 2595/69/75 2616/69/75 2615/69/75
f 2597/69/75 2617/69/75 2616/69/75
f 2599/69/75 2619/69/75 2617/69/75
f 2618/69/1444 2635/69/1446 2619/69/75
f 2601/403/1433 3714/401/1749 2620/408/1445
f 2604/401/1436 2606/399/1438 2622/407/1447
f 2606/399/1438 2608/396/1439 2624/406/1449
f 2608/396/1439 3715/397/59 2625/405/57
f 2610/406/1440 2627/411/1450 2626/410/97
f 2611/407/1441 2629/412/1452 2627/411/1450
f 2628/408/1451 2631/413/1453 2629/412/1452
f 2630/409/1443 3716/414/1750 2631/413/1453
f 2614/69/75 2633/69/75 2632/69/1454
f 2615/69/75 2651/69/75 2633/69/75
f 2619/69/75 2636/69/75 2634/69/75
f 2635/69/1446 3717/69/1751 2636/69/75
f 2621/409/1446 2620/408/1445 2637/413/1455
f 2623/408/1448 2622/407/1447 2639/412/1457
f 2622/407/1447 2624/406/1449 2640/411/1458
f 2624/406/1449 2625/405/57 2641/410/53
f 2627/411/1450 2643/416/1459 2642/415/99
f 2629/412/1452 2665/425/1460 2643/416/1459
f 2644/417/1453 2648/421/1461 2645/418/1460
f 2647/420/1454 2650/423/1462 2648/421/1461
f 2649/422/75 2669/424/75 2650/423/1462
f 2651/69/75 2671/69/75 2652/69/75
f 2636/69/75 2673/69/75 2653/69/75
f 2654/420/1463 2658/423/1465 2655/424/75
f 2654/420/1463 2659/417/1455 2657/421/1464
f 2659/417/1455 3718/419/1457 2660/418/1466
f 2639/412/1457 2640/411/1458 2661/416/1467
f 2640/411/1458 2641/410/53 2663/415/52
f 2643/416/1459 2666/427/1468 2664/426/101
f 2665/425/1460 2683/432/1469 2666/427/1468
f 2648/421/1461 2668/429/1470 2667/428/1469
f 2650/423/1462 2670/430/1471 2668/429/1470
f 2669/424/75 2687/431/75 2670/430/1471
f 2671/69/75 2689/69/75 2672/69/75
f 2673/69/75 2691/69/75 2674/69/75
f 2658/423/1465 2677/430/1473 2675/431/75
f 2658/423/1465 2657/421/1464 2676/429/1472
f 2657/421/1464 2660/418/1466 2678/428/1474
f 2662/425/1466 2661/416/1467 2679/427/1475
f 2661/416/1467 2663/415/52 2681/426/51
f 2666/427/1468 2684/434/1476 2682/433/103
f 2683/432/1469 2701/439/1477 2684/434/1476
f 2668/429/1470 2686/436/1478 2685/435/1477
f 2670/430/1471 2688/437/1479 2686/436/1478
f 2687/431/75 2705/438/75 2688/437/1479
f 2689/69/75 2707/69/75 2690/69/75
f 2691/69/75 2709/69/75 2692/69/75
f 2677/430/1473 2695/437/1481 2693/438/75
f 2677/430/1473 2676/429/1472 2694/436/1480
f 2676/429/1472 2678/428/1474 2696/435/1482
f 2680/432/1474 2679/427/1475 2697/434/1483
f 2679/427/1475 2681/426/51 2699/433/50
f 2684/434/1476 2702/441/1484 2700/440/105
f 2701/439/1477 2719/446/1485 2702/441/1484
f 2686/436/1478 2704/443/1486 2703/442/1485
f 2688/437/1479 3719/444/1493 2704/443/1486
f 2705/438/75 3720/445/75 2706/444/75
f 2707/69/75 2727/69/75 2708/69/75
f 2709/69/75 2729/69/75 2710/69/75
f 2695/437/1481 3721/444/75 2711/445/75
f 2695/437/1481 2694/436/1480 2712/443/1487
f 2694/436/1480 2696/435/1482 2714/442/1489
f 2698/439/1482 2697/434/1483 2715/441/1490
f 2697/434/1483 2699/433/50 2717/440/48
f 2702/441/1484 2720/448/1491 2718/447/107
f 2719/446/1485 2722/450/1492 2720/448/1491
f 2721/449/1486 2724/452/1494 2722/450/1492
f 2723/451/1493 2741/453/1499 2724/452/1494
f 2708/69/75 2728/69/75 2725/69/75
f 2727/69/75 2743/69/75 2728/69/75
f 2729/69/75 2732/69/75 2730/69/75
f 2731/69/75 2749/69/75 2732/69/75
f 2733/451/1488 2736/449/1487 2734/452/1495
f 2736/449/1487 2716/446/1489 2737/450/1497
f 2716/446/1489 2715/441/1490 2738/448/1498
f 2715/441/1490 2717/440/48 2739/447/46
f 2720/448/1491 59/59/55 2740/454/87
f 2722/450/1492 40/40/37 59/59/55
f 2724/452/1494 21/21/21 40/40/37
f 2741/453/1499 3722/22/1752 21/21/21
f 2728/69/75 2744/69/75 2742/69/75
f 2743/69/75 2746/69/75 2744/69/75
f 2745/69/75 2747/69/75 2746/69/75
f 2730/69/75 2748/69/75 2747/69/75
f 2732/69/75 2750/69/75 2748/69/75
f 2749/69/75 3723/69/75 2750/69/75
f 2735/453/1496 2734/452/1495 72/21/68
f 2734/452/1495 2737/450/1497 70/40/66
f 2737/450/1497 2738/448/1498 68/59/64
f 2738/448/1498 2739/447/46 2752/454/44
f 3724/69/79 3725/69/79 3726/69/79
f 3727/69/78 3728/69/78 3729/69/78
f 3730/69/78 3727/69/78 3729/69/78
f 3730/69/78 3731/69/78 3732/69/78
f 3731/69/78 3733/69/78 3734/69/78
f 3731/69/78 3734/69/78 3732/69/78
f 3725/69/79 3735/69/79 2753/69/79
f 2755/69/79 3725/69/79 2753/69/79
f 3736/69/79 3724/69/79 3726/69/79
f 3725/69/79 2755/69/79 3737/69/79
f 3730/69/78 3732/69/78 3738/69/78
f 3725/69/79 3737/69/79 3726/69/79
f 3739/69/79 3740/69/79 2757/69/79
f 3740/69/79 2758/69/79 2757/69/79
f 2756/69/79 2758/69/79 3741/69/79
f 3742/69/78 3743/69/78 3744/69/78
f 3743/69/78 3745/69/78 3746/69/78
f 3746/69/78 3744/69/78 3743/69/78
f 3733/69/78 3731/69/78 3747/69/78
f 3731/69/78 3746/69/78 3748/69/78
f 3747/69/78 3731/69/78 3748/69/78
f 2757/69/79 3749/69/79 3739/69/79
f 3749/69/79 3750/69/79 3739/69/79
f 3751/69/78 3748/69/78 3746/69/78
f 2759/69/78 3752/69/78 2760/69/78
f 2762/69/77 3753/69/77 2763/69/77
f 2765/69/79 3754/69/79 2766/69/79
f 2768/69/76 3755/69/76 2769/69/76
f 2771/68/75 3756/68/75 2772/68/75
f 2774/455/75 3757/455/75 2775/455/75
f 3758/456/1753 3759/460/1753 3760/457/1753
f 3761/459/1754 3762/462/1754 3763/460/1754
f 2783/461/79 3764/464/79 2784/462/79
f 3765/461/1755 3766/465/1755 3767/463/1755
f 3768/465/1756 3769/496/1756 3770/466/1756
f 3771/467/1757 3772/468/1757 3773/456/1757
f 3774/468/1758 3775/470/1758 3776/459/1758
f 2798/469/79 2783/461/79 2785/459/79
f 3777/471/1759 3778/465/1759 3779/461/1759
f 3780/472/1760 3781/496/1760 3782/465/1760
f 3783/473/1761 3784/474/1761 3785/468/1761
f 3786/474/1762 3787/476/1762 3788/470/1762
f 2812/475/79 2798/469/79 2799/470/79
f 3789/477/1763 3790/471/1763 3791/469/1763
f 3792/478/1764 3793/472/1764 3794/471/1764
f 3795/479/1765 3796/480/1765 3797/474/1765
f 3798/480/1766 3799/482/1766 3800/476/1766
f 2826/481/79 2812/475/79 2813/476/79
f 3801/483/1767 3802/477/1767 3803/475/1767
f 3804/484/1768 3805/478/1768 3806/477/1768
f 3807/510/1769 3808/511/1769 3809/479/1769
f 3810/511/79 3811/512/79 3812/513/79
f 3813/514/79 3810/511/79 3812/513/79
f 3814/514/1770 3815/515/1770 3816/480/1770
f 3817/515/1771 3818/516/1771 3819/483/1771
f 3820/514/1772 3821/480/1772 3822/479/1772
f 3823/516/79 3824/517/79 3825/518/79
f 3824/517/79 3826/519/79 3825/518/79
f 3827/518/1773 3828/485/1773 3829/484/1773
f 3830/516/1774 3831/518/1774 3832/484/1774
f 3833/511/1775 3834/514/1775 3835/479/1775
f 3836/481/1776 3837/482/1776 3838/515/1776
f 3839/482/1777 3840/480/1777 3841/515/1777
f 3842/483/1778 3843/481/1778 3844/515/1778
f 3845/516/1779 3846/484/1779 3847/483/1779
f 3848/479/1780 3849/510/1780 3850/520/1780
f 3851/457/1781 3852/460/1781 3853/521/1781
f 3854/460/1782 3855/462/1782 3856/522/1782
f 3857/521/1783 3858/460/1783 3859/522/1783
f 3860/464/1784 3861/463/1784 3862/522/1784
f 3863/463/1785 3864/466/1785 3865/488/1785
f 3866/523/1786 3867/457/1786 3868/524/1786
f 3869/524/1787 3870/457/1787 3871/525/1787
f 3872/463/1788 3873/488/1788 3874/522/1788
f 3875/466/1789 3876/526/1789 3877/527/1789
f 3878/466/1790 3879/527/1790 3880/487/1790
f 3881/457/1791 3882/521/1791 3883/525/1791
f 3884/462/1792 3885/464/1792 3886/522/1792
f 3887/528/79 3888/525/79 3889/529/79
f 3890/521/79 3889/529/79 3888/525/79
f 3891/530/79 3892/531/79 3893/487/79
f 3892/531/79 3894/488/79 3893/487/79
f 2840/489/1519 3895/489/1519 2841/458/1519
f 2843/490/1520 2847/490/1520 2844/489/1520
f 2846/491/1520 3896/491/1520 2847/490/1520
f 2848/492/1521 3897/492/1521 2849/491/1521
f 2851/493/1522 2855/493/1522 2852/492/1522
f 2854/494/1522 3898/494/1522 2855/493/1522
f 2856/473/1523 3899/473/1523 2857/494/1523
f 2859/495/1524 3900/495/1524 2860/496/1524
f 2862/497/1525 2866/497/1525 2863/495/1525
f 2865/498/1525 3901/498/1525 2866/497/1525
f 2867/499/1526 3902/499/1526 2868/498/1526
f 2870/500/1527 2874/500/1527 2871/499/1527
f 2873/501/1527 3903/501/1527 2874/500/1527
f 2875/478/1528 3904/478/1528 2876/501/1528
f 2878/69/1529 3905/69/1529 2879/69/1529
f 2881/69/79 3906/69/79 2882/69/79
f 2884/69/1530 3907/69/1530 2885/69/1530
f 2887/69/1531 3908/69/1531 2888/69/1531
f 2890/69/78 3909/69/78 2891/69/78
f 2893/69/1532 3910/69/1532 2894/69/1532
f 2898/69/77 3911/69/77 3912/69/77
f 3912/69/77 3913/69/77 2898/69/77
f 3913/69/77 2896/69/77 2898/69/77
f 2901/69/76 3914/69/76 2899/69/76
f 3914/69/76 3915/69/76 2899/69/76
f 3915/69/76 3916/69/76 2899/69/76
f 2902/69/1533 3917/69/1533 2903/69/1533
f 2905/69/79 3918/69/79 2906/69/79
f 2908/69/1534 3919/69/1534 2909/69/1534
f 2911/69/1535 3920/69/1535 2912/69/1535
f 2914/69/78 3921/69/78 2915/69/78
f 2917/69/1536 3922/69/1536 2918/69/1536
f 2922/69/75 3923/69/75 2920/69/75
f 2920/69/75 3924/69/75 2921/69/75
f 2921/69/75 3925/69/75 2922/69/75
f 2925/69/74 3926/69/74 2923/69/74
f 2923/69/74 3927/69/74 2924/69/74
f 2924/69/74 3928/69/74 2925/69/74
f 2926/372/1537 3929/372/1537 2927/372/1537
f 2929/372/1538 3930/372/1538 2930/372/1538
f 2932/372/1539 3931/372/1539 2933/372/1539
f 2935/372/1540 3932/372/1540 2936/372/1540
f 2938/372/1541 3933/372/1541 2939/372/1541
f 2941/372/1542 3934/372/1542 2942/372/1542
f 2944/372/1543 3935/372/1543 2945/372/1543
f 2947/372/1544 3936/372/1544 2948/372/1544
f 3937/372/74 2952/372/74 2951/372/74
f 2952/372/74 3938/372/74 2950/372/74
f 3938/372/74 3939/372/74 2950/372/74
f 3939/372/74 3940/372/74 3941/372/74
f 2950/372/74 3939/372/74 3941/372/74
f 3942/372/75 3943/372/75 3944/372/75
f 3944/372/75 3945/372/75 3942/372/75
f 3945/372/75 2955/372/75 2954/372/75
f 3942/372/75 3945/372/75 2954/372/75
f 2955/372/75 3946/372/75 2953/372/75
f 3947/372/1793 3948/372/1793 3949/372/1793
f 3950/372/1794 3951/372/1794 3952/372/1794
f 3953/372/1795 3954/372/1795 3955/372/1795
f 3956/372/1796 3957/372/1796 3958/372/1796
f 3959/372/1797 3960/372/1797 3961/372/1797
f 3962/372/1798 3963/372/1798 3964/372/1798
f 3965/372/1799 3966/372/1799 3967/372/1799
f 3968/372/1800 3969/372/1800 3970/372/1800
f 3971/372/1801 3972/372/1801 3973/372/1801
f 3974/372/1802 3975/372/1802 3976/372/1802
f 3977/372/1803 3978/372/1803 3979/372/1803
f 3980/372/1804 3981/372/1804 3982/372/1804
f 3983/372/1567 3984/372/1567 3985/372/1567
f 3986/372/1568 3987/372/1568 3988/372/1568
f 3989/372/1805 3990/372/1805 3991/372/1805
f 3992/372/1806 3993/372/1806 3994/372/1806
f 3006/372/1561 3995/372/1561 3996/372/1561
f 3995/372/1561 3997/372/1561 3996/372/1561
f 3997/372/1561 3998/372/1561 3996/372/1561
f 3996/372/1561 3999/372/1561 3006/372/1561
f 3999/372/1561 3004/372/1561 3006/372/1561
f 3007/372/1562 3011/372/1562 3008/372/1562
f 3010/372/1562 3013/372/1562 3008/372/1562
f 4000/372/1807 4001/372/1807 4002/372/1807
f 3014/372/1562 3017/372/1562 3015/372/1562
f 3016/372/1562 4003/372/1562 3015/372/1562
f 3023/372/1562 3022/372/1562 4003/372/1562
f 3021/372/1562 3024/372/1562 3022/372/1562
f 3007/372/1562 3009/372/1562 3024/372/1562
f 3025/69/1564 4004/69/1564 3026/69/1564
f 3028/69/1554 4005/69/1554 3029/69/1554
f 3031/69/1565 4006/69/1565 3032/69/1565
f 3034/69/1566 4007/69/1566 3035/69/1566
f 3037/69/1567 4008/69/1567 3038/69/1567
f 3040/69/1568 4009/69/1568 3041/69/1568
f 3043/69/1569 4010/69/1569 3044/69/1569
f 3046/69/1570 4011/69/1570 3047/69/1570
f 3049/69/1562 4012/69/1562 3050/69/1562
f 3050/69/1562 4013/69/1562 3051/69/1562
f 3051/69/1562 4014/69/1562 4015/69/1562
f 4015/69/1562 4016/69/1562 3051/69/1562
f 4016/69/1562 3049/69/1562 3051/69/1562
f 3052/372/1571 4017/372/1571 3053/372/1571
f 3055/372/1572 4018/372/1572 3056/372/1572
f 3058/372/1573 4019/372/1573 3059/372/1573
f 3061/372/1574 4020/372/1574 3062/372/1574
f 3064/372/1575 4021/372/1575 3065/372/1575
f 3067/372/1576 4022/372/1576 3068/372/1576
f 3072/372/1577 4023/372/1577 4024/372/1577
f 4024/372/1577 4025/372/1577 3072/372/1577
f 4025/372/1577 3070/372/1577 3072/372/1577
f 3075/372/1578 4026/372/1578 3073/372/1578
f 4026/372/1578 4027/372/1578 3073/372/1578
f 4027/372/1578 4028/372/1578 3073/372/1578
f 3076/69/1579 4029/69/1579 3077/69/1579
f 3079/69/75 4030/69/75 3080/69/75
f 3082/69/1580 4031/69/1580 3083/69/1580
f 3091/69/1579 4032/69/1579 3092/69/1579
f 3094/69/75 4033/69/75 3095/69/75
f 3097/69/1580 4034/69/1580 3098/69/1580
f 3106/68/1583 4035/68/1583 3107/68/1583
f 3109/68/1584 4036/68/1584 3110/68/1584
f 3112/68/1585 4037/68/1585 3113/68/1585
f 3121/68/1588 4038/68/1588 3122/68/1588
f 3124/68/1589 4039/68/1589 3125/68/1589
f 3127/68/1590 4040/68/1590 3128/68/1590
f 4041/68/1808 4042/68/1808 4043/68/1808
f 3139/68/1594 4044/68/1594 3140/68/1594
f 4045/68/1809 4046/68/1809 4047/68/1809
