# PSX Racing car model — generated by tools/carmodels/export_models.mjs
mtllib roadster_na_popup_lampsup.mtl
v -0.721457 0.744307 1.803724
v -0.733412 0.790243 1.732389
v -0.751863 0.744307 1.764723
v -0.758275 0.728343 1.775960
v -0.768309 0.744307 1.744649
v -0.630540 0.798045 1.815280
v -0.639785 0.824426 1.769007
v -0.658831 0.804502 1.779774
v -0.712779 0.748069 1.810268
v -0.680692 0.809491 1.753009
v -0.480377 0.833504 1.828875
v -0.483740 0.847743 1.803830
v -0.492374 0.843071 1.807286
v -0.554322 0.780648 1.879605
v -0.621786 0.773064 1.859094
v -0.591909 0.789227 1.847134
v -0.495945 0.845919 1.801106
v -0.242648 0.795429 1.926342
v -0.311448 0.836827 1.843904
v -0.311448 0.793821 1.919948
v -0.378608 0.817056 1.869847
v -0.366796 0.792527 1.914805
v -0.666873 0.204535 -1.596369
v -0.696845 0.274376 -1.596369
v -0.594777 0.274376 -1.775960
v -0.266212 0.886916 1.306029
v 0.000000 0.888663 1.306029
v 0.000000 0.891330 1.197277
v -0.249672 0.855013 1.820040
v -0.311448 0.853095 1.815762
v -0.394718 0.850507 1.809995
v -0.470131 0.790113 1.905201
v -0.437874 0.799609 1.892741
v 0.000000 0.796189 1.927906
v 0.000000 0.856053 1.821204
v 0.246212 0.825657 1.872413
v 0.249672 0.855013 1.820040
v 0.394163 0.791888 1.912261
v 0.483740 0.847743 1.803830
v 0.312368 0.810557 1.890914
v 0.242648 0.795429 1.926342
v 0.312368 0.810557 1.890914
v 0.629587 0.795326 1.820048
v 0.639785 0.824426 1.769007
v 0.617722 0.819964 1.786719
v 0.551203 0.806510 1.840118
v 0.470131 0.790113 1.905201
v 0.588443 0.776812 1.869231
v 0.613696 0.828324 1.774829
v 0.786721 0.698313 1.689705
v 0.801178 0.618014 1.646124
v 0.801178 0.773241 1.636347
v -0.268079 0.252985 -1.850477
v -0.200281 0.243719 -1.865756
v -0.268079 0.252985 -1.910341
v -0.850003 0.611651 -0.954828
v -0.852092 0.670216 -0.861393
v -0.850003 0.678275 -0.954828
v 0.621786 0.641470 1.863422
v 0.621786 0.577069 1.863422
v 0.639859 0.581195 1.853002
v 0.621786 0.773064 1.859094
v 0.643131 0.767201 1.847640
v 0.639029 0.775718 1.839521
v 0.686283 0.782990 1.785885
v 0.733412 0.790243 1.732389
v 0.686283 0.807449 1.750822
v 0.758275 0.728343 1.775960
v 0.741755 0.754598 1.766103
v 0.734149 0.738805 1.794153
v 0.712779 0.748069 1.810268
v 0.780225 0.763264 1.707465
v 0.753379 0.778736 1.721759
v 0.758275 0.608223 1.805305
v 0.780225 0.553740 1.739622
v 0.772955 0.611573 1.751658
v 0.758275 0.675629 1.788838
v 0.764299 0.680432 1.765989
v 0.758275 0.728343 1.775960
v 0.780225 0.613232 1.730492
v 0.780225 0.693133 1.718229
v 0.780225 0.763264 1.707465
v 0.758275 0.553740 1.818613
v 0.751451 0.488888 1.856460
v 0.773203 0.488888 1.766821
v 0.705196 0.274376 1.757564
v 0.725610 0.274376 1.699961
v 0.674865 0.223609 1.728592
v 0.694401 0.220674 1.679187
v 0.674865 0.223609 1.728592
v 0.588661 0.223609 1.770771
v 0.588661 0.220674 1.717508
v 0.694401 0.220674 1.679187
v -0.238405 0.663850 -1.752639
v -0.251736 0.653235 -1.775960
v -0.359183 0.648059 -1.775960
v -0.239775 0.731741 -1.596369
v -0.204654 0.655503 -1.775960
v -0.238405 0.663850 -1.752639
v 0.588661 0.223609 1.770771
v 0.000000 0.223609 1.828752
v 0.000000 0.220674 1.758436
v 0.588661 0.220674 1.717508
v -0.588661 0.223609 1.770771
v -0.588661 0.220674 1.717508
v -0.359183 0.693720 -1.669184
v -0.359183 0.725388 -1.596369
v -0.479944 0.655892 -1.707203
v -0.448694 0.631013 -1.775960
v -0.523018 0.609291 -1.775960
v -0.588661 0.223609 1.770771
v -0.674865 0.223609 1.728592
v -0.694401 0.220674 1.679187
v -0.588661 0.220674 1.717508
v -0.674865 0.223609 1.728592
v -0.705196 0.274376 1.757564
v -0.725610 0.274376 1.699961
v -0.694401 0.220674 1.679187
v -0.751451 0.488888 1.856460
v -0.773203 0.488888 1.766821
v -0.758275 0.553740 1.818613
v -0.780225 0.553740 1.739622
v -0.768309 0.744307 1.744649
v -0.780225 0.763264 1.707465
v -0.780225 0.763264 1.707465
v -0.753107 0.802541 1.647828
v -0.801178 0.773241 1.636347
v -0.656966 0.839665 1.664655
v -0.697651 0.813362 1.700704
v -0.714892 0.817297 1.654516
v -0.513789 0.860151 1.691342
v -0.496730 0.864987 1.680826
v -0.516030 0.861936 1.678878
v -0.311448 0.866793 1.716319
v -0.397954 0.857228 1.760257
v -0.794405 0.496339 0.861393
v -0.588661 0.597683 0.954828
v -0.818883 0.597683 0.954828
v 0.683984 0.634635 1.827562
v 0.686283 0.639409 1.826237
v 0.686283 0.659929 1.826237
v 0.000000 0.874012 1.688887
v -0.256377 0.872883 1.688348
v 0.256377 0.872883 1.688348
v 0.489654 0.855594 1.747827
v 0.496730 0.864987 1.680826
v 0.478784 0.864262 1.690938
v 0.477065 0.865633 1.681441
v 0.850003 0.611651 -0.954828
v 0.852092 0.670216 -0.861393
v 0.852092 0.553740 -0.861393
v -0.845108 0.488888 -0.800407
v -0.844779 0.488888 -0.779228
v -0.852452 0.553740 -0.779228
v 0.503133 0.844845 1.799502
v 0.500478 0.846963 1.790382
v 0.607115 0.841989 1.704706
v 0.656966 0.839665 1.664655
v 0.604221 0.848000 1.669977
v 0.686283 0.815446 1.719285
v 0.753107 0.802541 1.647828
v 0.686283 0.828344 1.659523
v 0.756171 0.784533 1.700133
v 0.801178 0.773241 1.636347
v 0.762180 0.797011 1.645661
v 0.794894 0.616581 1.667355
v 0.801178 0.553740 1.650173
v -0.787733 0.535532 -1.481630
v -0.794828 0.533090 -1.460450
v -0.794828 0.545063 -1.460450
v -0.310421 0.258771 -1.901387
v -0.310421 0.258771 -1.841522
v 0.793967 0.488888 1.661714
v 0.745095 0.274376 1.635130
v 0.713048 0.214512 1.625462
v 0.588661 0.214512 1.645122
v 0.713048 0.214512 1.625462
v -0.525906 0.609908 -1.773010
v -0.614422 0.671419 -1.596369
v -0.598638 0.676512 -1.596369
v -0.464563 0.719782 -1.596369
v -0.479944 0.655892 -1.707203
v 0.000000 0.214512 1.662175
v 0.588661 0.214512 1.645122
v -0.588661 0.214512 1.645122
v -0.626280 0.544093 -1.732253
v -0.651121 0.553869 -1.689009
v -0.588661 0.591368 -1.718655
v -0.713048 0.214512 1.625462
v -0.588661 0.214512 1.645122
v -0.745095 0.274376 1.635130
v -0.713048 0.214512 1.625462
v -0.793967 0.488888 1.661714
v -0.801178 0.553740 1.650173
v -0.801178 0.773241 1.636347
v -0.775253 0.796262 1.481630
v -0.824737 0.746055 1.481630
v -0.714892 0.817297 1.654516
v -0.676285 0.849613 1.481630
v -0.511337 0.876323 1.481630
v -0.403171 0.868061 1.683753
v -0.263916 0.882927 1.481630
v 0.000000 0.884356 1.481630
v 0.263916 0.882927 1.481630
v 0.511337 0.876323 1.481630
v 0.604221 0.848000 1.669977
v 0.676285 0.849613 1.481630
v 0.686283 0.828344 1.659523
v 0.775253 0.796262 1.481630
v 0.762180 0.797011 1.645661
v 0.824737 0.746055 1.481630
v 0.801178 0.618014 1.646124
v 0.824737 0.553740 1.481630
v 0.824737 0.746055 1.481630
v 0.817315 0.488888 1.481630
v 0.767005 0.274376 1.481630
v 0.734016 0.204535 1.481630
v 0.588661 0.204535 1.481630
v 0.734016 0.204535 1.481630
v -0.597358 0.537923 -1.775960
v -0.539541 0.594175 -1.775960
v 0.000000 0.204535 1.481630
v 0.588661 0.204535 1.481630
v -0.588661 0.204535 1.481630
v -0.643440 0.579681 -1.665646
v -0.690953 0.569546 -1.619669
v -0.643440 0.579681 -1.665646
v -0.663491 0.563718 -1.661132
v -0.734016 0.204535 1.481630
v -0.588661 0.204535 1.481630
v -0.767005 0.274376 1.481630
v -0.734016 0.204535 1.481630
v -0.817315 0.488888 1.481630
v -0.824737 0.553740 1.481630
v -0.824737 0.746055 1.481630
v -0.776067 0.794429 1.460450
v -0.825603 0.742881 1.460450
v -0.676994 0.849204 1.460450
v -0.511874 0.876627 1.460450
v -0.264193 0.883408 1.460450
v 0.000000 0.884875 1.460450
v 0.264193 0.883408 1.460450
v 0.511874 0.876627 1.460450
v 0.676994 0.849204 1.460450
v 0.776067 0.794429 1.460450
v 0.825603 0.742881 1.460450
v 0.825603 0.553740 1.460450
v 0.825603 0.742881 1.460450
v 0.818172 0.488888 1.460450
v 0.787577 0.362793 1.460450
v 0.767005 0.274376 1.481630
v 0.734016 0.204535 1.481630
v 0.765847 0.359800 1.460450
v 0.787577 0.362793 1.460450
v 0.734016 0.204535 1.481630
v 0.588661 0.204535 1.481630
v 0.588661 0.359800 1.460450
v 0.765847 0.359800 1.460450
v -0.629124 0.589055 -1.671449
v -0.588661 0.591368 -1.718655
v -0.643440 0.579681 -1.665646
v 0.588661 0.204535 1.481630
v 0.588661 0.204535 1.460450
v 0.588661 0.359800 1.460450
v 0.000000 0.204535 1.460450
v 0.588661 0.204535 1.460450
v -0.588661 0.204535 1.460450
v -0.704338 0.574813 -1.596369
v -0.588661 0.204535 1.481630
v -0.588661 0.359800 1.460450
v -0.588661 0.204535 1.460450
v -0.588661 0.204535 1.481630
v -0.734016 0.204535 1.481630
v -0.765847 0.359800 1.460450
v -0.588661 0.359800 1.460450
v -0.787577 0.362793 1.460450
v -0.765847 0.359800 1.460450
v -0.818172 0.488888 1.460450
v -0.825603 0.553740 1.460450
v -0.825603 0.742881 1.460450
v -0.778409 0.789150 1.399465
v -0.828095 0.733741 1.399465
v -0.679038 0.848029 1.399465
v -0.513419 0.877505 1.399465
v -0.264990 0.884793 1.399465
v 0.000000 0.886371 1.399465
v 0.264990 0.884793 1.399465
v 0.513419 0.877505 1.399465
v 0.679038 0.848029 1.399465
v 0.778409 0.789150 1.399465
v 0.828095 0.733741 1.399465
v 0.828095 0.553740 1.399465
v 0.828095 0.733741 1.399465
v 0.820642 0.502325 1.399465
v 0.807389 0.499332 1.399465
v 0.818172 0.488888 1.460450
v 0.807389 0.499332 1.399465
v 0.820642 0.502325 1.399465
v 0.795556 0.496339 1.399465
v 0.588661 0.496339 1.399465
v 0.795556 0.496339 1.399465
v 0.588661 0.204535 1.399465
v 0.588661 0.496339 1.399465
v 0.000000 0.204535 1.399465
v 0.588661 0.204535 1.399465
v -0.588661 0.204535 1.399465
v -0.588661 0.496339 1.399465
v -0.588661 0.204535 1.399465
v -0.795556 0.496339 1.399465
v -0.588661 0.496339 1.399465
v -0.807389 0.499332 1.399465
v -0.795556 0.496339 1.399465
v -0.820642 0.502325 1.399465
v -0.828095 0.553740 1.399465
v -0.828095 0.733741 1.399465
v -0.781999 0.781063 1.306029
v -0.831915 0.719739 1.306029
v -0.682169 0.846227 1.306029
v -0.515787 0.878850 1.306029
v 0.266212 0.886916 1.306029
v 0.515787 0.878850 1.306029
v 0.682169 0.846227 1.306029
v 0.781999 0.781063 1.306029
v 0.831915 0.719739 1.306029
v 0.831915 0.611651 1.306029
v 0.831915 0.719739 1.306029
v 0.824427 0.603669 1.306029
v 0.824112 0.600676 1.306029
v 0.819655 0.597683 1.306029
v 0.588661 0.597683 1.306029
v 0.819655 0.597683 1.306029
v 0.588661 0.204535 1.306029
v 0.588661 0.597683 1.306029
v 0.000000 0.204535 1.306029
v 0.588661 0.204535 1.306029
v -0.588661 0.204535 1.306029
v -0.588661 0.597683 1.306029
v -0.588661 0.204535 1.306029
v -0.819655 0.597683 1.306029
v -0.588661 0.597683 1.306029
v -0.824112 0.600676 1.306029
v -0.819655 0.597683 1.306029
v -0.824427 0.603669 1.306029
v -0.807389 0.499332 1.399465
v -0.824112 0.600676 1.306029
v -0.831915 0.611651 1.306029
v -0.831915 0.719739 1.306029
v 0.845108 0.488888 -0.800407
v 0.852452 0.553740 -0.779228
v 0.844779 0.488888 -0.779228
v -0.786403 0.771142 1.191414
v -0.836599 0.702562 1.191414
v -0.686011 0.844016 1.191414
v -0.518691 0.880499 1.191414
v -0.267712 0.889520 1.191414
v 0.000000 0.891473 1.191414
v 0.267712 0.889520 1.191414
v 0.518691 0.880499 1.191414
v 0.686011 0.844016 1.191414
v 0.786403 0.771142 1.191414
v 0.836599 0.702562 1.191414
v 0.836599 0.665574 1.191414
v 0.829069 0.657592 1.191414
v 0.835709 0.654599 1.191414
v 0.824427 0.603669 1.306029
v 0.835709 0.654599 1.191414
v 0.829069 0.657592 1.191414
v 0.835201 0.651606 1.191414
v 0.588661 0.651606 1.191414
v 0.835201 0.651606 1.191414
v 0.588661 0.204535 1.191414
v 0.588661 0.651606 1.191414
v 0.000000 0.204535 1.191414
v 0.588661 0.204535 1.191414
v -0.588661 0.204535 1.191414
v -0.588661 0.651606 1.191414
v -0.588661 0.204535 1.191414
v -0.835201 0.651606 1.191414
v -0.588661 0.651606 1.191414
v -0.835709 0.654599 1.191414
v -0.835201 0.651606 1.191414
v -0.829069 0.657592 1.191414
v -0.824112 0.600676 1.306029
v -0.829069 0.657592 1.191414
v -0.835709 0.654599 1.191414
v -0.836599 0.665574 1.191414
v 0.732624 0.204535 0.779228
v 0.764484 0.359800 0.800407
v 0.588661 0.359800 0.800407
v -0.826897 0.670559 0.861393
v -0.831133 0.611651 0.954828
v -0.831133 0.678500 0.954828
v -0.788746 0.765864 1.130429
v -0.839091 0.693423 1.130429
v -0.688055 0.842840 1.130429
v -0.520237 0.881377 1.130429
v -0.268509 0.890906 1.130429
v 0.000000 0.892969 1.130429
v 0.268509 0.890906 1.130429
v 0.520237 0.881377 1.130429
v 0.688055 0.842840 1.130429
v 0.788746 0.765864 1.130429
v 0.839091 0.693423 1.130429
v 0.470131 0.774549 1.907442
v 0.470131 0.744307 1.911797
v 0.559880 0.754064 1.880476
v 0.836599 0.702562 1.191414
v 0.839091 0.672470 1.130429
v 0.839091 0.693423 1.130429
v 0.831540 0.664489 1.130429
v 0.839091 0.661495 1.130429
v 0.831540 0.664489 1.130429
v 0.839091 0.658502 1.130429
v 0.839091 0.661495 1.130429
v 0.588661 0.658502 1.130429
v 0.839091 0.658502 1.130429
v 0.588661 0.204535 1.130429
v 0.588661 0.658502 1.130429
v 0.000000 0.204535 1.130429
v 0.588661 0.204535 1.130429
v -0.588661 0.204535 1.130429
v -0.588661 0.658502 1.130429
v -0.588661 0.204535 1.130429
v -0.839091 0.658502 1.130429
v -0.588661 0.658502 1.130429
v -0.839091 0.661495 1.130429
v -0.839091 0.658502 1.130429
v -0.831540 0.664489 1.130429
v -0.839091 0.661495 1.130429
v -0.839091 0.672470 1.130429
v -0.831540 0.664489 1.130429
v -0.836599 0.702562 1.191414
v -0.839091 0.693423 1.130429
v -0.839091 0.693423 1.130429
v -0.788746 0.765864 1.130429
v -0.786148 0.761057 1.069443
v -0.836327 0.688240 1.069443
v -0.688055 0.842840 1.130429
v -0.685788 0.838434 1.069443
v -0.520237 0.881377 1.130429
v -0.518523 0.877171 1.069443
v -0.268509 0.890906 1.130429
v -0.267624 0.886749 1.069443
v 0.000000 0.892969 1.130429
v 0.000000 0.888822 1.069443
v 0.268509 0.890906 1.130429
v 0.267624 0.886749 1.069443
v 0.520237 0.881377 1.130429
v 0.518523 0.877171 1.069443
v 0.688055 0.842840 1.130429
v 0.685788 0.838434 1.069443
v 0.788746 0.765864 1.130429
v 0.786148 0.761057 1.069443
v 0.839091 0.693423 1.130429
v 0.836327 0.688240 1.069443
v 0.836327 0.665574 1.069443
v 0.836327 0.688240 1.069443
v 0.828800 0.657592 1.069443
v 0.835438 0.654599 1.069443
v 0.828800 0.657592 1.069443
v 0.834930 0.651606 1.069443
v 0.835438 0.654599 1.069443
v 0.588661 0.651606 1.069443
v 0.834930 0.651606 1.069443
v 0.588661 0.204535 1.069443
v 0.588661 0.651606 1.069443
v 0.000000 0.204535 1.069443
v 0.588661 0.204535 1.069443
v -0.588661 0.204535 1.069443
v -0.588661 0.651606 1.069443
v -0.588661 0.204535 1.069443
v -0.834930 0.651606 1.069443
v -0.588661 0.651606 1.069443
v -0.835438 0.654599 1.069443
v -0.834930 0.651606 1.069443
v -0.828800 0.657592 1.069443
v -0.835438 0.654599 1.069443
v -0.836327 0.665574 1.069443
v -0.828800 0.657592 1.069443
v -0.836327 0.688240 1.069443
v -0.781264 0.752023 0.954828
v -0.831133 0.678500 0.954828
v -0.681529 0.830152 0.954828
v -0.515302 0.869265 0.954828
v -0.265962 0.878936 0.954828
v 0.000000 0.881030 0.954828
v 0.265962 0.878936 0.954828
v 0.515302 0.869265 0.954828
v 0.681529 0.830152 0.954828
v 0.781264 0.752023 0.954828
v 0.831133 0.678500 0.954828
v 0.831133 0.611651 0.954828
v 0.831133 0.678500 0.954828
v 0.823652 0.603669 0.954828
v 0.823337 0.600676 0.954828
v 0.823337 0.600676 0.954828
v 0.818883 0.597683 0.954828
v 0.823337 0.600676 0.954828
v 0.588661 0.597683 0.954828
v 0.818883 0.597683 0.954828
v 0.588661 0.204535 0.954828
v 0.588661 0.597683 0.954828
v 0.000000 0.204535 0.954828
v 0.588661 0.204535 0.954828
v -0.588661 0.204535 0.954828
v -0.588661 0.597683 0.954828
v -0.588661 0.204535 0.954828
v -0.823337 0.600676 0.954828
v -0.818883 0.597683 0.954828
v -0.823652 0.603669 0.954828
v -0.823652 0.603669 0.954828
v -0.777283 0.744659 0.861393
v -0.826897 0.670559 0.861393
v -0.678056 0.823400 0.861393
v -0.512676 0.862820 0.861393
v -0.264607 0.872567 0.861393
v 0.000000 0.874677 0.861393
v 0.264607 0.872567 0.861393
v 0.512676 0.862820 0.861393
v 0.678056 0.823400 0.861393
v 0.777283 0.744659 0.861393
v 0.826897 0.670559 0.861393
v 0.651121 0.553869 -1.689010
v 0.686942 0.545046 -1.644586
v 0.643440 0.547754 -1.704800
v 0.850003 0.678275 -0.954828
v 0.819455 0.502325 0.861393
v 0.826897 0.553740 0.861393
v 0.806220 0.499332 0.861393
v 0.806220 0.499332 0.861393
v 0.794405 0.496339 0.861393
v -0.852782 0.553740 -0.800407
v -0.403171 0.868061 1.683753
v 0.588661 0.204535 0.861393
v 0.588661 0.496339 0.861393
v 0.000000 0.204535 0.861393
v 0.588661 0.204535 0.861393
v -0.588661 0.204535 0.861393
v -0.588661 0.496339 0.861393
v -0.588661 0.204535 0.861393
v -0.814167 0.597683 -1.306029
v -0.588661 0.651606 -1.191414
v -0.837821 0.651606 -1.191414
v 0.669714 0.605004 1.835789
v -0.806220 0.499332 0.861393
v -0.794405 0.496339 0.861393
v -0.819455 0.502325 0.861393
v -0.819455 0.502325 0.861393
v -0.826897 0.553740 0.861393
v -0.774685 0.739853 0.800407
v -0.824132 0.665376 0.800407
v -0.675789 0.818993 0.800407
v -0.510963 0.858614 0.800407
v -0.263722 0.868410 0.800407
v 0.000000 0.870531 0.800407
v 0.263722 0.868410 0.800407
v 0.510963 0.858614 0.800407
v 0.675789 0.818993 0.800407
v 0.774685 0.739853 0.800407
v 0.824132 0.665376 0.800407
v 0.826897 0.670559 0.861393
v 0.824132 0.553740 0.800407
v 0.824132 0.665376 0.800407
v 0.816715 0.488888 0.800407
v 0.786175 0.362793 0.800407
v 0.764484 0.359800 0.800407
v -0.200281 0.243719 -1.925620
v 0.588661 0.204535 0.800407
v 0.588661 0.359800 0.800407
v 0.000000 0.204535 0.800407
v 0.588661 0.204535 0.800407
v -0.588661 0.204535 0.800407
v -0.588661 0.359800 0.800407
v -0.588661 0.204535 0.800407
v -0.786175 0.362793 0.800407
v -0.764484 0.359800 0.800407
v -0.816715 0.488888 0.800407
v -0.806220 0.499332 0.861393
v -0.816715 0.488888 0.800407
v -0.786175 0.362793 0.800407
v -0.824132 0.553740 0.800407
v -0.824132 0.665376 0.800407
v -0.773783 0.738184 0.779228
v -0.823173 0.663576 0.779228
v -0.675002 0.817463 0.779228
v -0.510367 0.857152 0.779228
v -0.263416 0.866966 0.779228
v 0.000000 0.869091 0.779228
v 0.263416 0.866966 0.779228
v 0.510367 0.857152 0.779228
v 0.675002 0.817463 0.779228
v 0.773783 0.738184 0.779228
v 0.823173 0.663576 0.779228
v 0.823173 0.553740 0.779228
v 0.823173 0.663576 0.779228
v 0.815764 0.488888 0.779228
v 0.765551 0.274376 0.779228
v 0.732624 0.204535 0.779228
v 0.668549 0.604075 1.836461
v 0.588661 0.204535 0.779228
v 0.328017 0.605004 1.925700
v 0.319428 0.622837 1.926527
v 0.311448 0.625704 1.927295
v 0.000000 0.204535 0.779228
v 0.588661 0.204535 0.779228
v -0.588661 0.204535 0.779228
v -0.588661 0.204535 0.779228
v 0.311448 0.568706 1.927295
v 0.345496 0.568706 1.924016
v -0.588661 0.597683 -0.954828
v -0.818611 0.496339 -0.861393
v -0.837476 0.597683 -0.954828
v -0.167999 0.239307 -1.868031
v -0.167999 0.239307 -1.927895
v -0.765551 0.274376 0.779228
v -0.732624 0.204535 0.779228
v -0.815764 0.488888 0.779228
v -0.765551 0.274376 0.779228
v -0.823173 0.553740 0.779228
v -0.823173 0.663576 0.779228
v -0.785932 0.719154 0.349206
v -0.836098 0.648525 0.349206
v -0.685601 0.794208 0.349206
v -0.518381 0.831780 0.349206
v -0.267551 0.841071 0.349206
v 0.000000 0.843082 0.349206
v 0.267551 0.841071 0.349206
v 0.518381 0.831780 0.349206
v 0.685601 0.794208 0.349206
v 0.785932 0.719154 0.349206
v 0.836098 0.648525 0.349206
v 0.836098 0.553740 0.349206
v 0.836098 0.648525 0.349206
v 0.828573 0.488888 0.349206
v 0.777571 0.274376 0.349206
v 0.744127 0.204535 0.349206
v 0.732624 0.204535 0.779228
v 0.588661 0.204535 0.779228
v 0.588661 0.204535 0.349206
v 0.744127 0.204535 0.349206
v -0.525906 0.609908 -1.773010
v -0.524427 0.608880 -1.775960
v -0.629124 0.589055 -1.671449
v 0.000000 0.204535 0.349206
v 0.588661 0.204535 0.349206
v -0.588661 0.204535 0.349206
v -0.690953 0.569546 -1.619669
v -0.667677 0.560385 -1.660189
v -0.749296 0.483899 -1.596369
v -0.588661 0.204535 0.779228
v -0.732624 0.204535 0.779228
v -0.744127 0.204535 0.349206
v -0.588661 0.204535 0.349206
v -0.732624 0.204535 0.779228
v -0.777571 0.274376 0.349206
v -0.744127 0.204535 0.349206
v -0.828573 0.488888 0.349206
v -0.836098 0.553740 0.349206
v -0.836098 0.648525 0.349206
v -0.792497 0.727690 0.000000
v -0.843082 0.662493 0.000000
v -0.691328 0.796969 0.000000
v -0.522711 0.831652 0.000000
v -0.269786 0.840228 0.000000
v 0.000000 0.842085 0.000000
v 0.269786 0.840228 0.000000
v 0.522711 0.831652 0.000000
v 0.691328 0.796969 0.000000
v 0.792497 0.727690 0.000000
v 0.843082 0.662493 0.000000
v 0.843082 0.553740 0.000000
v 0.843082 0.662493 0.000000
v 0.835495 0.488888 0.000000
v 0.784067 0.274376 0.000000
v 0.750343 0.204535 0.000000
v 0.588661 0.204535 0.000000
v 0.750343 0.204535 0.000000
v -0.626280 0.544093 -1.732253
v -0.651121 0.553869 -1.689009
v 0.000000 0.204535 0.000000
v 0.588661 0.204535 0.000000
v -0.588661 0.204535 0.000000
v -0.601173 0.534212 -1.775960
v -0.732592 0.274376 -1.481630
v -0.742552 0.459954 -1.596369
v -0.738154 0.442095 -1.596369
v -0.750343 0.204535 0.000000
v -0.588661 0.204535 0.000000
v -0.784067 0.274376 0.000000
v -0.750343 0.204535 0.000000
v -0.835495 0.488888 0.000000
v -0.843082 0.553740 0.000000
v -0.843082 0.662493 0.000000
v -0.797187 0.735932 -0.498865
v -0.848071 0.663491 -0.498865
v -0.695418 0.812908 -0.498865
v -0.525804 0.851445 -0.498865
v -0.271383 0.860974 -0.498865
v 0.000000 0.863037 -0.498865
v 0.271383 0.860974 -0.498865
v 0.525804 0.851445 -0.498865
v 0.695418 0.812908 -0.498865
v 0.797187 0.735932 -0.498865
v 0.848071 0.663491 -0.498865
v 0.848071 0.553740 -0.498865
v 0.848071 0.663491 -0.498865
v 0.840438 0.488888 -0.498865
v 0.788706 0.274376 -0.498865
v 0.754783 0.204535 -0.498865
v 0.588661 0.204535 -0.498865
v 0.754783 0.204535 -0.498865
v -0.723506 0.382626 -1.596369
v 0.598638 0.681168 -1.581999
v 0.598638 0.676512 -1.596369
v 0.464563 0.719782 -1.596369
v 0.000000 0.204535 -0.498865
v 0.588661 0.204535 -0.498865
v -0.588661 0.204535 -0.498865
v 0.645942 0.705438 -1.481630
v 0.614422 0.671419 -1.596369
v 0.598638 0.681168 -1.581999
v 0.359183 0.739774 -1.539466
v 0.359183 0.725388 -1.596369
v 0.239775 0.731741 -1.596369
v -0.754783 0.204535 -0.498865
v -0.588661 0.204535 -0.498865
v -0.788706 0.274376 -0.498865
v -0.754783 0.204535 -0.498865
v -0.840438 0.488888 -0.498865
v -0.848071 0.553740 -0.498865
v -0.848071 0.663491 -0.498865
v -0.848071 0.663491 -0.498865
v -0.797187 0.735932 -0.498865
v -0.801304 0.732835 -0.779228
v -0.852452 0.666119 -0.779228
v -0.695418 0.812908 -0.498865
v -0.699010 0.803728 -0.779228
v -0.525804 0.851445 -0.498865
v -0.528520 0.839219 -0.779228
v -0.271383 0.860974 -0.498865
v -0.272785 0.847995 -0.779228
v 0.000000 0.854618 -0.678457
v 0.000000 0.849895 -0.779228
v 0.000000 0.863037 -0.498865
v 0.271383 0.860974 -0.498865
v 0.272785 0.847995 -0.779228
v 0.525804 0.851445 -0.498865
v 0.528520 0.839219 -0.779228
v 0.695418 0.812908 -0.498865
v 0.699010 0.803728 -0.779228
v 0.797187 0.735932 -0.498865
v 0.801304 0.732835 -0.779228
v 0.848071 0.663491 -0.498865
v 0.852452 0.666119 -0.779228
v 0.249058 0.744307 1.932772
v 0.242648 0.709510 1.933587
v 0.299367 0.722457 1.928046
v 0.792780 0.274376 -0.779228
v 0.758682 0.204535 -0.779228
v 0.588661 0.204535 -0.779228
v 0.758682 0.204535 -0.779228
v 0.488394 0.749260 -1.481630
v 0.359183 0.739774 -1.539466
v -0.359183 0.740154 -1.541261
v -0.359183 0.725388 -1.596369
v -0.464563 0.719782 -1.596369
v 0.000000 0.204535 -0.779228
v 0.588661 0.204535 -0.779228
v -0.588661 0.204535 -0.779228
v -0.252075 0.760095 -1.481630
v -0.359183 0.740154 -1.541261
v -0.598638 0.709179 -1.511554
v -0.598638 0.676512 -1.596369
v -0.758682 0.204535 -0.779228
v -0.588661 0.204535 -0.779228
v -0.792780 0.274376 -0.779228
v -0.758682 0.204535 -0.779228
v 0.394360 0.632819 -1.789350
v 0.337742 0.605711 -1.829824
v 0.396518 0.646260 -1.775960
v -0.801616 0.732601 -0.800407
v -0.852782 0.666317 -0.800407
v -0.699281 0.803034 -0.800407
v -0.528725 0.838296 -0.800407
v -0.272890 0.847014 -0.800407
v 0.000000 0.848902 -0.800407
v 0.272890 0.847014 -0.800407
v 0.528725 0.838296 -0.800407
v 0.699281 0.803034 -0.800407
v 0.801616 0.732601 -0.800407
v 0.852782 0.666317 -0.800407
v 0.588661 0.204535 0.779228
v 0.024943 0.443990 -1.938591
v 0.219501 0.434013 -1.925620
v 0.024943 0.432017 -1.938591
v 0.389531 0.602750 -1.819302
v 0.813505 0.362793 -0.800407
v 0.792780 0.274376 -0.779228
v 0.758682 0.204535 -0.779228
v 0.791060 0.359800 -0.800407
v 0.813505 0.362793 -0.800407
v 0.758682 0.204535 -0.779228
v 0.588661 0.204535 -0.779228
v 0.588661 0.359800 -0.800407
v 0.791060 0.359800 -0.800407
v -0.488394 0.749260 -1.481630
v -0.598638 0.709179 -1.511554
v 0.588661 0.204535 -0.779228
v 0.588661 0.204535 -0.800407
v 0.588661 0.359800 -0.800407
v 0.000000 0.204535 -0.800407
v 0.588661 0.204535 -0.800407
v -0.588661 0.204535 -0.800407
v 0.686283 0.715027 1.826237
v 0.686283 0.727800 1.824977
v 0.666124 0.719457 1.837860
v -0.588661 0.204535 -0.779228
v -0.588661 0.359800 -0.800407
v -0.588661 0.204535 -0.800407
v -0.588661 0.204535 -0.779228
v -0.758682 0.204535 -0.779228
v -0.791060 0.359800 -0.800407
v -0.588661 0.359800 -0.800407
v -0.813505 0.362793 -0.800407
v -0.791060 0.359800 -0.800407
v 0.787733 0.535532 -1.481630
v 0.794828 0.533090 -1.460450
v 0.787733 0.523559 -1.481630
v -0.588661 0.496339 0.861393
v -0.261478 0.658066 1.932109
v -0.242648 0.650416 1.933923
v -0.242648 0.747091 1.933373
v -0.800967 0.733478 -0.861393
v -0.852092 0.670216 -0.861393
v -0.698716 0.800701 -0.861393
v -0.528297 0.834355 -0.861393
v -0.272670 0.842676 -0.861393
v 0.000000 0.844478 -0.861393
v 0.272670 0.842676 -0.861393
v 0.528297 0.834355 -0.861393
v 0.698716 0.800701 -0.861393
v 0.800967 0.733478 -0.861393
v 0.852092 0.670216 -0.861393
v 0.588661 0.496339 0.861393
v 0.852782 0.553740 -0.800407
v 0.844423 0.502325 -0.861393
v 0.830785 0.499332 -0.861393
v 0.845108 0.488888 -0.800407
v 0.830785 0.499332 -0.861393
v 0.844423 0.502325 -0.861393
v 0.818611 0.496339 -0.861393
v 0.588661 0.496339 -0.861393
v 0.818611 0.496339 -0.861393
v 0.588661 0.204535 -0.861393
v 0.588661 0.496339 -0.861393
v 0.000000 0.204535 -0.861393
v 0.588661 0.204535 -0.861393
v -0.588661 0.204535 -0.861393
v -0.588661 0.496339 -0.861393
v -0.588661 0.204535 -0.861393
v -0.588661 0.496339 -0.861393
v -0.830785 0.499332 -0.861393
v -0.818611 0.496339 -0.861393
v -0.844423 0.502325 -0.861393
v -0.852092 0.553740 -0.861393
v -0.852452 0.666119 -0.779228
v -0.799003 0.735793 -0.954828
v -0.850003 0.678275 -0.954828
v -0.697003 0.796914 -0.954828
v -0.527001 0.827513 -0.954828
v -0.272001 0.835079 -0.954828
v 0.000000 0.836717 -0.954828
v 0.272001 0.835079 -0.954828
v 0.527001 0.827513 -0.954828
v 0.697003 0.796914 -0.954828
v 0.799003 0.735793 -0.954828
v 0.850003 0.678275 -0.954828
v 0.704338 0.574813 -1.596369
v 0.842353 0.603669 -0.954828
v 0.842031 0.600676 -0.954828
v 0.837476 0.597683 -0.954828
v 0.584172 0.744307 1.873784
v 0.219501 0.445986 -1.925620
v 0.588661 0.204535 -0.954828
v 0.588661 0.597683 -0.954828
v 0.000000 0.204535 -0.954828
v 0.588661 0.204535 -0.954828
v -0.588661 0.204535 -0.954828
v -0.588661 0.597683 -0.954828
v -0.588661 0.204535 -0.954828
v -0.842031 0.600676 -0.954828
v -0.837476 0.597683 -0.954828
v -0.842353 0.603669 -0.954828
v -0.830785 0.499332 -0.861393
v -0.842031 0.600676 -0.954828
v -0.764484 0.359800 0.800407
v 0.621786 0.729199 1.863422
v -0.796593 0.738635 -1.069443
v -0.847439 0.688162 -1.069443
v -0.694900 0.792269 -1.069443
v -0.525413 0.819119 -1.069443
v -0.271180 0.825759 -1.069443
v 0.000000 0.827195 -1.069443
v 0.271180 0.825759 -1.069443
v 0.525413 0.819119 -1.069443
v 0.694900 0.792269 -1.069443
v 0.796593 0.738635 -1.069443
v 0.847439 0.688162 -1.069443
v 0.847439 0.665574 -1.069443
v 0.847439 0.688162 -1.069443
v 0.839813 0.657592 -1.069443
v 0.846538 0.654599 -1.069443
v 0.842353 0.603669 -0.954828
v 0.846538 0.654599 -1.069443
v 0.839813 0.657592 -1.069443
v 0.846024 0.651606 -1.069443
v 0.837476 0.597683 -0.954828
v 0.588661 0.597683 -0.954828
v 0.588661 0.651606 -1.069443
v 0.846024 0.651606 -1.069443
v 0.588661 0.204535 -1.069443
v 0.588661 0.651606 -1.069443
v 0.000000 0.204535 -1.069443
v 0.588661 0.204535 -1.069443
v -0.588661 0.204535 -1.069443
v -0.588661 0.651606 -1.069443
v -0.588661 0.204535 -1.069443
v -0.846024 0.651606 -1.069443
v -0.588661 0.651606 -1.069443
v -0.846538 0.654599 -1.069443
v -0.846024 0.651606 -1.069443
v -0.839813 0.657592 -1.069443
v -0.842031 0.600676 -0.954828
v -0.839813 0.657592 -1.069443
v -0.846538 0.654599 -1.069443
v -0.847439 0.665574 -1.069443
v -0.847439 0.688162 -1.069443
v -0.795311 0.740147 -1.130429
v -0.846076 0.693423 -1.130429
v -0.693782 0.789798 -1.130429
v -0.524567 0.814653 -1.130429
v -0.270744 0.820799 -1.130429
v 0.000000 0.822130 -1.130429
v 0.270744 0.820799 -1.130429
v 0.524567 0.814653 -1.130429
v 0.693782 0.789798 -1.130429
v 0.795311 0.740147 -1.130429
v 0.846076 0.693423 -1.130429
v 0.846076 0.672470 -1.130429
v 0.846076 0.693423 -1.130429
v 0.838461 0.664489 -1.130429
v 0.846076 0.661495 -1.130429
v 0.838461 0.664489 -1.130429
v 0.846076 0.658502 -1.130429
v 0.846076 0.661495 -1.130429
v 0.588661 0.658502 -1.130429
v 0.846076 0.658502 -1.130429
v 0.588661 0.204535 -1.130429
v 0.588661 0.658502 -1.130429
v 0.000000 0.204535 -1.130429
v 0.588661 0.204535 -1.130429
v -0.588661 0.204535 -1.130429
v -0.588661 0.658502 -1.130429
v -0.588661 0.204535 -1.130429
v -0.846076 0.658502 -1.130429
v -0.588661 0.658502 -1.130429
v -0.846076 0.661495 -1.130429
v -0.846076 0.658502 -1.130429
v -0.838461 0.664489 -1.130429
v -0.846076 0.661495 -1.130429
v -0.846076 0.672470 -1.130429
v -0.838461 0.664489 -1.130429
v -0.846076 0.693423 -1.130429
v -0.788870 0.719455 -1.191414
v -0.839223 0.669565 -1.191414
v -0.688163 0.776241 -1.191414
v -0.520318 0.804671 -1.191414
v -0.268551 0.811700 -1.191414
v 0.000000 0.813222 -1.191414
v 0.268551 0.811700 -1.191414
v 0.520318 0.804671 -1.191414
v 0.688163 0.776241 -1.191414
v 0.788870 0.719455 -1.191414
v 0.839223 0.669565 -1.191414
v 0.839223 0.665574 -1.191414
v 0.839223 0.669565 -1.191414
v 0.831670 0.657592 -1.191414
v 0.838331 0.654599 -1.191414
v 0.831670 0.657592 -1.191414
v 0.837821 0.651606 -1.191414
v 0.838331 0.654599 -1.191414
v 0.588661 0.651606 -1.191414
v 0.837821 0.651606 -1.191414
v 0.588661 0.204535 -1.191414
v 0.588661 0.651606 -1.191414
v 0.000000 0.204535 -1.191414
v 0.588661 0.204535 -1.191414
v -0.588661 0.204535 -1.191414
v -0.588661 0.651606 -1.191414
v -0.588661 0.204535 -1.191414
v -0.838331 0.654599 -1.191414
v -0.837821 0.651606 -1.191414
v -0.831670 0.657592 -1.191414
v -0.838331 0.654599 -1.191414
v -0.839223 0.665574 -1.191414
v -0.831670 0.657592 -1.191414
v -0.839223 0.669565 -1.191414
v -0.776764 0.680565 -1.306029
v -0.826345 0.615642 -1.306029
v -0.677603 0.750765 -1.306029
v -0.512334 0.785909 -1.306029
v -0.264431 0.794599 -1.306029
v 0.000000 0.796480 -1.306029
v 0.264431 0.794599 -1.306029
v 0.512334 0.785909 -1.306029
v 0.677603 0.750765 -1.306029
v 0.776764 0.680565 -1.306029
v 0.826345 0.615642 -1.306029
v 0.826345 0.611651 -1.306029
v 0.826345 0.615642 -1.306029
v 0.818908 0.603669 -1.306029
v 0.818595 0.600676 -1.306029
v 0.818595 0.600676 -1.306029
v 0.814167 0.597683 -1.306029
v 0.818595 0.600676 -1.306029
v 0.794405 0.496339 0.861393
v 0.588661 0.204535 -1.306029
v 0.588661 0.597683 -1.306029
v 0.000000 0.204535 -1.306029
v 0.588661 0.204535 -1.306029
v -0.588661 0.204535 -1.306029
v -0.588661 0.597683 -1.306029
v -0.588661 0.204535 -1.306029
v -0.732624 0.204535 0.779228
v -0.588661 0.359800 0.800407
v -0.818595 0.600676 -1.306029
v -0.814167 0.597683 -1.306029
v -0.818908 0.603669 -1.306029
v -0.818908 0.603669 -1.306029
v -0.826345 0.611651 -1.306029
v -0.826345 0.615642 -1.306029
v -0.766343 0.648765 -1.399465
v -0.815259 0.572506 -1.399465
v -0.674594 0.743825 -1.336959
v -0.668512 0.729800 -1.399465
v -0.510059 0.780765 -1.336959
v -0.598638 0.761929 -1.336959
v -0.598638 0.759758 -1.348890
v -0.620619 0.757255 -1.336959
v -0.510059 0.780765 -1.336959
v -0.598638 0.759758 -1.348890
v -0.598638 0.761929 -1.336959
v -0.674594 0.743825 -1.336959
v -0.598638 0.747185 -1.399465
v -0.505460 0.770369 -1.399465
v -0.598638 0.747185 -1.399465
v -0.263256 0.789898 -1.336959
v -0.359183 0.786536 -1.336959
v -0.359183 0.782553 -1.362938
v -0.359183 0.786536 -1.336959
v -0.359183 0.782553 -1.362938
v -0.429097 0.784086 -1.336959
v -0.359183 0.786536 -1.336959
v -0.429097 0.784086 -1.336959
v -0.260883 0.780399 -1.399465
v -0.359183 0.776368 -1.399465
v -0.359183 0.776368 -1.399465
v 0.000000 0.782571 -1.399465
v -0.263256 0.789898 -1.336959
v 0.263256 0.789898 -1.336959
v 0.260883 0.780399 -1.399465
v 0.510059 0.780765 -1.336959
v 0.359183 0.786053 -1.336959
v 0.359183 0.785073 -1.342760
v 0.344218 0.786578 -1.336959
v 0.359183 0.786053 -1.336959
v 0.510059 0.780765 -1.336959
v 0.359183 0.785073 -1.342760
v 0.359183 0.786053 -1.336959
v 0.359183 0.776368 -1.399465
v 0.505460 0.770369 -1.399465
v 0.359183 0.776368 -1.399465
v 0.674594 0.743825 -1.336959
v 0.598638 0.759976 -1.336959
v 0.598638 0.754903 -1.357662
v 0.598638 0.754903 -1.357662
v 0.564033 0.767336 -1.336959
v 0.598638 0.759976 -1.336959
v 0.564033 0.767336 -1.336959
v 0.668512 0.729800 -1.399465
v 0.598638 0.747185 -1.399465
v 0.598638 0.747185 -1.399465
v 0.766343 0.648765 -1.399465
v 0.815259 0.572506 -1.399465
v 0.815259 0.553740 -1.399465
v 0.815259 0.572506 -1.399465
v 0.807921 0.502325 -1.399465
v 0.794873 0.499332 -1.399465
v 0.794873 0.499332 -1.399465
v 0.783224 0.496339 -1.399465
v 0.814167 0.597683 -1.306029
v 0.588661 0.597683 -1.306029
v 0.588661 0.496339 -1.399465
v 0.783224 0.496339 -1.399465
v 0.588661 0.204535 -1.399465
v 0.588661 0.496339 -1.399465
v 0.000000 0.204535 -1.399465
v 0.588661 0.204535 -1.399465
v -0.588661 0.204535 -1.399465
v -0.588661 0.496339 -1.399465
v -0.588661 0.204535 -1.399465
v -0.588661 0.597683 -1.306029
v -0.783224 0.496339 -1.399465
v -0.588661 0.496339 -1.399465
v -0.794873 0.499332 -1.399465
v -0.783224 0.496339 -1.399465
v -0.807921 0.502325 -1.399465
v -0.807921 0.502325 -1.399465
v -0.815259 0.553740 -1.399465
v -0.815259 0.572506 -1.399465
v -0.747139 0.625860 -1.460450
v -0.794828 0.545063 -1.460450
v -0.651760 0.711718 -1.460450
v -0.598638 0.739701 -1.423716
v -0.598638 0.739701 -1.423716
v -0.492794 0.754700 -1.460450
v -0.598638 0.726081 -1.460450
v -0.359183 0.767432 -1.434989
v -0.359183 0.767432 -1.434989
v -0.254345 0.765329 -1.460450
v -0.359183 0.760656 -1.460450
v 0.000000 0.767630 -1.460450
v 0.254345 0.765329 -1.460450
v 0.359183 0.769507 -1.425315
v 0.359183 0.769507 -1.425315
v 0.492794 0.754700 -1.460450
v 0.359183 0.760656 -1.460450
v 0.598638 0.733014 -1.438306
v 0.598638 0.733014 -1.438306
v 0.651760 0.711718 -1.460450
v 0.598638 0.726081 -1.460450
v 0.747139 0.625860 -1.460450
v 0.794828 0.545063 -1.460450
v 0.794828 0.545063 -1.460450
v 0.787675 0.488888 -1.460450
v 0.758219 0.362793 -1.460450
v 0.737300 0.359800 -1.460450
v 0.588661 0.359800 -1.460450
v 0.737300 0.359800 -1.460450
v 0.588661 0.204535 -1.460450
v 0.588661 0.359800 -1.460450
v 0.000000 0.204535 -1.460450
v 0.588661 0.204535 -1.460450
v -0.588661 0.204535 -1.460450
v -0.588661 0.359800 -1.460450
v -0.588661 0.204535 -1.460450
v -0.737300 0.359800 -1.460450
v -0.588661 0.359800 -1.460450
v -0.758219 0.362793 -1.460450
v -0.737300 0.359800 -1.460450
v -0.787675 0.488888 -1.460450
v -0.794873 0.499332 -1.399465
v -0.787675 0.488888 -1.460450
v -0.758219 0.362793 -1.460450
v -0.740470 0.617907 -1.481630
v -0.787733 0.535532 -1.481630
v -0.645942 0.705438 -1.481630
v -0.598638 0.726081 -1.460450
v -0.598638 0.723925 -1.467337
v -0.598638 0.723925 -1.467337
v -0.598638 0.723925 -1.467337
v -0.598638 0.718595 -1.481630
v -0.359183 0.757695 -1.472206
v -0.359183 0.760656 -1.460450
v -0.359183 0.757695 -1.472206
v -0.359183 0.755184 -1.481630
v 0.000000 0.762441 -1.481630
v 0.252075 0.760095 -1.481630
v 0.359183 0.760656 -1.460450
v 0.359183 0.758131 -1.469937
v 0.359183 0.758131 -1.469937
v 0.359183 0.755184 -1.481630
v 0.598638 0.720654 -1.475088
v 0.598638 0.726081 -1.460450
v 0.598638 0.720654 -1.475088
v 0.598638 0.718595 -1.481630
v 0.740470 0.617907 -1.481630
v 0.787733 0.535532 -1.481630
v -0.758275 0.728343 1.775960
v 0.780643 0.488888 -1.481630
v 0.732592 0.274376 -1.481630
v 0.701082 0.204535 -1.481630
v 0.588661 0.204535 -1.481630
v 0.701082 0.204535 -1.481630
v 0.588661 0.204535 -1.481630
v 0.649763 0.753429 1.844295
v 0.621786 0.750223 1.861348
v 0.639859 0.735809 1.851959
v 0.000000 0.204535 -1.481630
v 0.588661 0.204535 -1.481630
v -0.588661 0.204535 -1.481630
v -0.588661 0.204535 -1.481630
v 0.658175 0.721203 1.842442
v -0.701082 0.204535 -1.481630
v -0.588661 0.204535 -1.481630
v -0.701082 0.204535 -1.481630
v -0.780643 0.488888 -1.481630
v -0.787733 0.523559 -1.481630
v -0.598638 0.718595 -1.481630
v 0.621786 0.773064 1.859094
v -0.598638 0.676512 -1.596369
v -0.359183 0.755184 -1.481630
v 0.598638 0.718595 -1.481630
v 0.000000 0.734330 -1.596369
v 0.359183 0.755184 -1.481630
v 0.359183 0.739774 -1.539466
v 0.359183 0.725388 -1.596369
v 0.598638 0.676512 -1.596369
v 0.749296 0.483899 -1.596369
v 0.749296 0.471927 -1.596369
v 0.749296 0.483899 -1.596369
v 0.742552 0.459954 -1.596369
v 0.696845 0.274376 -1.596369
v 0.666873 0.204535 -1.596369
v 0.701082 0.204535 -1.481630
v 0.588661 0.204535 -1.481630
v 0.588661 0.204535 -1.596369
v 0.666873 0.204535 -1.596369
v 0.000000 0.204535 -1.596369
v 0.588661 0.204535 -1.596369
v -0.588661 0.204535 -1.596369
v -0.588661 0.204535 -1.481630
v -0.701082 0.204535 -1.481630
v -0.666873 0.204535 -1.596369
v -0.588661 0.204535 -1.596369
v -0.701082 0.204535 -1.481630
v -0.749296 0.471927 -1.596369
v -0.749296 0.483899 -1.596369
v -0.639545 0.463945 -1.775960
v -0.597358 0.537923 -1.775960
v -0.626280 0.544093 -1.732253
v 0.311448 0.639409 1.927295
v -0.667677 0.560385 -1.660189
v -0.651121 0.553869 -1.689009
v -0.663491 0.563718 -1.661132
v -0.663491 0.563718 -1.661132
v -0.396518 0.646260 -1.775960
v 0.459020 0.572697 1.913080
v 0.395101 0.572697 1.919237
v 0.412587 0.568706 1.917552
v 0.000000 0.657504 -1.775960
v 0.204654 0.655503 -1.775960
v 0.359183 0.725388 -1.596369
v 0.464563 0.719782 -1.596369
v 0.524427 0.608880 -1.775960
v 0.608815 0.537220 -1.762657
v 0.601619 0.538832 -1.769913
v 0.606328 0.587598 -1.706082
v 0.606328 0.587598 -1.706082
v 0.607068 0.608640 -1.680045
v 0.608267 0.607685 -1.679791
v 0.380435 0.546100 -1.875733
v 0.436108 0.496066 -1.875733
v 0.206331 0.470978 -1.925620
v 0.601619 0.538832 -1.769913
v 0.604646 0.587958 -1.707611
v 0.606328 0.587598 -1.706082
v -0.852782 0.666317 -0.800407
v 0.604646 0.587958 -1.707611
v 0.598638 0.615351 -1.681828
v 0.598821 0.538236 -1.773885
v 0.598638 0.536678 -1.775960
v 0.598638 0.538197 -1.774144
v 0.598821 0.538236 -1.773885
v 0.598638 0.589239 -1.713070
v 0.568393 0.639432 -1.688224
v 0.598638 0.660450 -1.627867
v 0.598638 0.589239 -1.713070
v 0.588661 0.591368 -1.722139
v 0.539541 0.594175 -1.775960
v 0.529442 0.604001 -1.775960
v 0.597358 0.537923 -1.775960
v 0.588661 0.591368 -1.722139
v 0.598638 0.538197 -1.774144
v 0.673849 0.522643 -1.680877
v 0.684910 0.541570 -1.650218
v 0.654792 0.490032 -1.733702
v 0.639545 0.463945 -1.775960
v 0.621410 0.497154 -1.775960
v 0.605352 0.526559 -1.775960
v 0.601173 0.534212 -1.775960
v 0.608815 0.537220 -1.762657
v 0.684910 0.541570 -1.650218
v 0.626280 0.544093 -1.732253
v 0.643440 0.547754 -1.704800
v 0.626280 0.544093 -1.732253
v 0.651121 0.553869 -1.689010
v 0.643440 0.547754 -1.704800
v 0.639545 0.451972 -1.775960
v 0.639545 0.463945 -1.775960
v 0.633789 0.439999 -1.775960
v 0.594777 0.274376 -1.775960
v 0.569195 0.204535 -1.775960
v 0.569195 0.204535 -1.775960
v 0.000000 0.204535 -1.775960
v 0.569195 0.204535 -1.775960
v -0.569195 0.204535 -1.775960
v -0.569195 0.204535 -1.775960
v -0.723506 0.382626 -1.596369
v -0.673321 0.336163 -1.663368
v -0.569195 0.204535 -1.775960
v -0.634596 0.437882 -1.773665
v -0.654564 0.385430 -1.716790
v -0.633789 0.439999 -1.775960
v -0.633279 0.437829 -1.775960
v -0.621255 0.386786 -1.775960
v -0.611326 0.344636 -1.775960
v -0.639545 0.451972 -1.775960
v -0.639545 0.463945 -1.775960
v -0.436108 0.496066 -1.875733
v -0.463945 0.448979 -1.875733
v -0.588661 0.536068 -1.781035
v -0.584238 0.535125 -1.783615
v -0.578017 0.535459 -1.786427
v -0.384226 0.547753 -1.873106
v -0.380435 0.546100 -1.875733
v -0.395872 0.545269 -1.868756
v -0.024625 0.411061 -1.878727
v -0.036372 0.410583 -1.877885
v -0.036372 0.410583 -1.937748
v -0.578017 0.535459 -1.786427
v -0.588661 0.536068 -1.781035
v -0.728131 0.715662 1.799151
v -0.758275 0.693423 1.775960
v -0.712779 0.709204 1.810961
v -0.388378 0.538962 -1.875733
v -0.439001 0.536068 -1.852941
v -0.395872 0.545269 -1.868756
v -0.513831 0.531790 -1.819251
v -0.323644 0.595984 -1.842744
v -0.287646 0.571149 -1.875733
v -0.343632 0.580071 -1.852142
v -0.394990 0.588254 -1.830501
v -0.511237 0.606778 -1.781518
v -0.384222 0.547754 -1.873106
v -0.336956 0.557838 -1.875733
v -0.384222 0.547754 -1.873106
v -0.364172 0.563718 -1.862751
v -0.384222 0.579681 -1.841769
v -0.439001 0.591368 -1.815784
v -0.491090 0.594345 -1.799060
v -0.384222 0.547754 -1.873106
v -0.384226 0.547753 -1.873106
v -0.491090 0.594345 -1.799060
v -0.359183 0.648059 -1.775960
v -0.251736 0.653235 -1.775960
v -0.148462 0.577343 -1.875733
v -0.323644 0.595984 -1.842744
v 0.000000 0.578684 -1.875733
v 0.148462 0.577343 -1.875733
v 0.305926 0.583761 -1.858981
v 0.287646 0.571149 -1.875733
v 0.518561 0.606322 -1.780025
v 0.496362 0.596644 -1.795406
v 0.439001 0.591368 -1.816376
v 0.387228 0.588409 -1.833589
v 0.385884 0.580036 -1.841928
v 0.384222 0.547754 -1.873106
v 0.384224 0.547752 -1.873107
v 0.385884 0.580036 -1.841928
v 0.439001 0.591368 -1.816376
v 0.384226 0.547753 -1.873106
v 0.324262 0.487092 -1.902380
v 0.194557 0.490684 -1.927091
v 0.324262 0.490684 -1.901682
v 0.312622 0.564406 -1.875733
v 0.364172 0.563718 -1.863104
v 0.351765 0.553840 -1.875733
v 0.381099 0.550240 -1.871609
v 0.381099 0.550240 -1.871609
v 0.384222 0.579681 -1.842696
v 0.521872 0.605616 -1.778847
v 0.514056 0.595632 -1.787677
v 0.446211 0.498400 -1.869626
v 0.441114 0.502459 -1.870079
v 0.463357 0.530872 -1.844950
v 0.527504 0.517188 -1.820489
v 0.466208 0.534512 -1.841731
v 0.513831 0.531790 -1.819837
v 0.575451 0.528268 -1.791508
v 0.513831 0.531790 -1.819837
v 0.588661 0.536068 -1.781140
v 0.513831 0.531790 -1.819837
v 0.466208 0.534512 -1.841731
v 0.514056 0.595632 -1.787677
v 0.513831 0.595645 -1.787775
v 0.491090 0.594345 -1.799060
v 0.513831 0.595645 -1.787775
v 0.384226 0.547753 -1.873106
v 0.439001 0.536068 -1.853617
v 0.491090 0.594345 -1.799060
v 0.513831 0.595645 -1.787775
v 0.488853 0.464450 -1.857624
v 0.561936 0.509842 -1.804489
v 0.463945 0.448979 -1.875733
v 0.590241 0.527422 -1.783908
v 0.463945 0.437006 -1.875733
v 0.463945 0.448979 -1.875733
v 0.459769 0.425033 -1.875733
v 0.485574 0.274376 -1.842678
v 0.478420 0.281732 -1.848107
v 0.432846 0.275504 -1.875054
v 0.461593 0.299036 -1.860878
v 0.457086 0.303669 -1.864011
v 0.431469 0.274376 -1.875733
v 0.431650 0.275341 -1.875733
v 0.435744 0.297136 -1.875733
v 0.440228 0.321006 -1.875733
v 0.553491 0.204535 -1.785986
v 0.548007 0.210175 -1.790806
v 0.439132 0.214605 -1.861348
v 0.548007 0.210175 -1.790806
v 0.515267 0.243842 -1.819580
v 0.506292 0.253070 -1.826561
v 0.412911 0.204535 -1.875733
v 0.415838 0.215552 -1.875733
v 0.424927 0.249760 -1.875733
v 0.506292 0.253070 -1.826561
v 0.000000 0.204535 -1.875733
v 0.553491 0.204535 -1.785986
v -0.553491 0.204535 -1.785986
v -0.412911 0.204535 -1.875733
v -0.538213 0.220246 -1.798405
v -0.485574 0.274376 -1.842678
v -0.431469 0.274376 -1.875733
v -0.553491 0.204535 -1.785986
v -0.412911 0.204535 -1.875733
v -0.586350 0.435919 -1.803160
v -0.459769 0.425033 -1.875733
v -0.489230 0.392158 -1.853962
v -0.520718 0.357020 -1.830692
v -0.564722 0.307915 -1.798171
v -0.600124 0.297077 -1.775960
v -0.453864 0.393597 -1.875733
v -0.448838 0.366845 -1.875733
v -0.444673 0.344665 -1.875733
v -0.564722 0.307915 -1.798171
v -0.440228 0.321006 -1.875733
v -0.463945 0.437006 -1.875733
v -0.586350 0.435919 -1.803160
v -0.463945 0.448979 -1.875733
v -0.206331 0.470978 -1.925620
v -0.219501 0.445986 -1.925620
v -0.429401 0.502093 -1.875733
v -0.402064 0.496260 -1.882364
v -0.024943 0.443990 -1.938591
v -0.219501 0.434013 -1.925620
v -0.219501 0.445986 -1.925620
v -0.639859 0.735809 1.852582
v -0.621786 0.744307 1.861932
v -0.646429 0.734310 1.849026
v -0.136090 0.510830 -1.925620
v -0.179991 0.497534 -1.925620
v -0.070240 0.514118 -1.925620
v 0.000000 0.514829 -1.925620
v 0.070240 0.514118 -1.925620
v 0.136090 0.510830 -1.925620
v 0.179991 0.497534 -1.925620
v 0.686283 0.755348 1.824486
v 0.219501 0.445986 -1.925620
v 0.340499 0.423560 -1.900296
v 0.217525 0.422040 -1.925620
v -0.477500 0.744307 1.909438
v -0.470131 0.761432 1.909331
v -0.554322 0.780648 1.879605
v 0.364858 0.369097 -1.894255
v 0.383040 0.379813 -1.890707
v 0.405584 0.356630 -1.884804
v 0.424592 0.274376 -1.877242
v 0.361394 0.274376 -1.891111
v 0.405584 0.287903 -1.881971
v 0.405584 0.287903 -1.881971
v 0.361394 0.274376 -1.831247
v 0.405584 0.287903 -1.822107
v 0.405584 0.356630 -1.884804
v 0.364858 0.369097 -1.834392
v 0.364858 0.369097 -1.894255
v 0.439001 0.322267 -1.876055
v 0.405584 0.356631 -1.824940
v 0.439001 0.322267 -1.876055
v 0.439001 0.322267 -1.816191
v 0.364858 0.369097 -1.834392
v 0.405584 0.356631 -1.824940
v 0.405584 0.287903 -1.822107
v 0.383040 0.379813 -1.890707
v 0.310421 0.385763 -1.905790
v 0.215413 0.398747 -1.925620
v 0.216834 0.414411 -1.925620
v 0.310421 0.385763 -1.905790
v 0.215413 0.398747 -1.865756
v 0.215413 0.398747 -1.925620
v 0.310421 0.385763 -1.845926
v 0.204136 0.274376 -1.865756
v 0.310421 0.385763 -1.845926
v 0.254759 0.222106 -1.913070
v 0.336021 0.246143 -1.895900
v 0.195356 0.204535 -1.925620
v 0.197856 0.224422 -1.925620
v 0.199890 0.240604 -1.925620
v 0.310421 0.258771 -1.901866
v 0.361394 0.274376 -1.891111
v 0.310421 0.258771 -1.842002
v -0.219067 0.420975 -1.925261
v -0.217422 0.420909 -1.925620
v -0.215824 0.403282 -1.925620
v 0.310421 0.258771 -1.842002
v 0.200281 0.243719 -1.865756
v 0.412911 0.204535 -1.875733
v 0.000000 0.204535 -1.925620
v 0.195356 0.204535 -1.925620
v -0.324512 0.204535 -1.896003
v -0.195356 0.204535 -1.925620
v -0.588661 0.204535 0.779228
v 0.852782 0.666317 -0.800407
v -0.268079 0.252985 -1.910341
v -0.279279 0.249238 -1.907665
v -0.310421 0.258771 -1.901387
v 0.470131 0.790113 1.905201
v -0.361394 0.274376 -1.891111
v -0.204136 0.274376 -1.865756
v -0.310421 0.258771 -1.841522
v -0.361394 0.274376 -1.831247
v -0.346211 0.226848 -1.891671
v -0.324512 0.204535 -1.896003
v -0.195356 0.204535 -1.925620
v -0.197842 0.224309 -1.925620
v -0.268079 0.252985 -1.850477
v -0.200281 0.243719 -1.865756
v -0.257304 0.422532 -1.917429
v -0.217525 0.422040 -1.925620
v -0.427223 0.791116 1.909188
v -0.405584 0.356630 -1.884265
v -0.439001 0.322267 -1.876036
v -0.408109 0.290499 -1.881180
v -0.439001 0.322267 -1.876036
v -0.405584 0.356630 -1.824402
v -0.439001 0.322267 -1.816172
v -0.405584 0.356630 -1.884265
v -0.310421 0.385763 -1.845175
v -0.310421 0.385763 -1.905038
v -0.260127 0.392636 -1.855823
v -0.439001 0.322267 -1.876036
v -0.408109 0.290499 -1.821316
v -0.408109 0.290499 -1.881180
v -0.310421 0.385763 -1.845175
v -0.260127 0.392636 -1.855823
v -0.408109 0.290499 -1.821316
v -0.478449 0.572697 1.909344
v -0.602629 0.572697 1.869560
v -0.585144 0.568706 1.875161
v -0.405584 0.287903 -1.881683
v -0.392429 0.274376 -1.884300
v -0.361394 0.274376 -1.891111
v -0.405584 0.287903 -1.881683
v -0.260127 0.392636 -1.915686
v -0.215413 0.398747 -1.865756
v -0.405584 0.287903 -1.881683
v -0.361394 0.274376 -1.831247
v -0.405584 0.287903 -1.821819
v -0.257304 0.422532 -1.917429
v -0.023447 0.458840 -1.938591
v -0.024943 0.443990 -1.938591
v -0.020453 0.474620 -1.938591
v -0.015465 0.482520 -1.938591
v -0.007982 0.484474 -1.938591
v -0.010171 0.483902 -1.938591
v 0.000000 0.484897 -1.938591
v 0.007982 0.484474 -1.938591
v 0.015465 0.482520 -1.938591
v 0.020453 0.474620 -1.938591
v 0.023447 0.458840 -1.938591
v 0.020472 0.474523 -1.938591
v 0.024943 0.443990 -1.938591
v -0.328017 0.712000 1.925546
v -0.295756 0.671992 1.928808
v -0.311448 0.745805 1.926912
v 0.242648 0.747091 1.933373
v 0.057131 0.420380 -1.936410
v 0.024719 0.420045 -1.938591
v 0.024808 0.424798 -1.938591
v 0.210170 0.416452 -1.926111
v 0.191222 0.402053 -1.867512
v 0.191222 0.402053 -1.927375
v 0.191222 0.402053 -1.867512
v 0.215413 0.398747 -1.865756
v 0.192752 0.421784 -1.927286
v 0.191222 0.402053 -1.927375
v 0.167999 0.405227 -1.928940
v 0.024625 0.411061 -1.938591
v 0.167999 0.405227 -1.928940
v 0.167999 0.405227 -1.928940
v 0.024625 0.411061 -1.878727
v 0.024625 0.411061 -1.938591
v 0.167999 0.405227 -1.869077
v 0.023197 0.274376 -1.878727
v 0.167999 0.405227 -1.869077
v 0.086417 0.204535 -1.933780
v 0.022200 0.204535 -1.938591
v 0.039060 0.211007 -1.937388
v 0.085873 0.228977 -1.934051
v 0.106233 0.236793 -1.932600
v 0.167999 0.239307 -1.927997
v 0.200281 0.243719 -1.925620
v 0.167999 0.239307 -1.927997
v 0.167999 0.239307 -1.927997
v 0.106233 0.236793 -1.872736
v 0.167999 0.239307 -1.868133
v 0.167999 0.239307 -1.868133
v 0.106233 0.236793 -1.872736
v 0.022586 0.231552 -1.938591
v 0.022612 0.233391 -1.938591
v 0.106233 0.236793 -1.932600
v 0.022612 0.233391 -1.878727
v 0.000000 0.204535 -1.938591
v 0.086417 0.204535 -1.933780
v -0.022200 0.204535 -1.938591
v -0.259745 0.746771 1.931768
v -0.168645 0.215371 -1.927632
v -0.167999 0.239307 -1.927895
v -0.124349 0.233341 -1.930970
v -0.114963 0.237149 -1.931677
v -0.114963 0.237149 -1.871813
v -0.114963 0.237149 -1.931677
v -0.712779 0.568706 1.810961
v -0.686283 0.568706 1.826237
v -0.686283 0.613195 1.826237
v -0.114963 0.237149 -1.871813
v -0.167999 0.239307 -1.868031
v 0.328016 0.712000 1.925356
v 0.357872 0.735809 1.922552
v -0.022200 0.204535 -1.938591
v -0.022612 0.233391 -1.878727
v -0.022612 0.233391 -1.938591
v -0.023197 0.274376 -1.878727
v -0.022612 0.233391 -1.878727
v -0.032901 0.413402 -1.937999
v -0.036372 0.410583 -1.937748
v -0.167999 0.405227 -1.928853
v -0.215413 0.398747 -1.925620
v -0.167999 0.405227 -1.928853
v -0.215413 0.398747 -1.925620
v -0.167999 0.405227 -1.868989
v -0.167999 0.405227 -1.868989
v -0.036372 0.410583 -1.877885
v -0.024719 0.420045 -1.938591
v -0.024646 0.413065 -1.938591
v -0.024625 0.411061 -1.938591
v -0.439272 0.562616 1.925268
v -0.470131 0.555572 1.934191
v -0.470131 0.523809 1.987836
v -0.024943 0.432017 -1.938591
v -0.024935 0.431596 -1.938591
v -0.721457 0.744307 1.803724
v -0.712779 0.744307 1.810335
v -0.712779 0.748069 1.810268
v -0.712779 0.719166 1.810783
v -0.639859 0.581195 1.853002
v -0.621786 0.577069 1.863422
v -0.621786 0.641470 1.863422
v -0.694634 0.744307 1.820867
v -0.621786 0.773064 1.859094
v -0.260127 0.392636 -1.915686
v -0.310421 0.385763 -1.905038
v -0.639859 0.735809 1.852582
v -0.621786 0.729199 1.863422
v -0.621786 0.739935 1.862363
v -0.513831 0.531790 -1.819251
v -0.658175 0.721203 1.842442
v -0.642707 0.733539 1.851201
v -0.658175 0.721203 1.842442
v -0.470131 0.744307 1.911797
v -0.477500 0.744307 1.909438
v -0.470131 0.742838 1.912009
v -0.602629 0.744307 1.868239
v -0.621786 0.739935 1.862363
v -0.602629 0.744307 1.868239
v -0.355162 0.768370 1.919439
v -0.311448 0.793821 1.919948
v -0.366796 0.792527 1.914805
v -0.412236 0.779164 1.912371
v -0.427223 0.791116 1.909188
v -0.470131 0.790113 1.905201
v -0.258177 0.750028 1.931450
v -0.311448 0.760102 1.924853
v -0.344003 0.745196 1.923854
v -0.369056 0.744728 1.921501
v -0.394834 0.744246 1.919081
v -0.470131 0.744307 1.911797
v -0.395101 0.744307 1.919046
v -0.395101 0.744307 1.919046
v -0.394834 0.744246 1.919081
v -0.242648 0.795429 1.926342
v 0.000000 0.747699 1.934959
v 0.000000 0.796189 1.927906
v 0.242648 0.795429 1.926342
v 0.394163 0.791888 1.912261
v 0.463777 0.744307 1.912409
v 0.470131 0.744307 1.911797
v 0.463777 0.744307 1.912409
v 0.470131 0.742838 1.912009
v 0.395101 0.744307 1.919046
v 0.391567 0.744307 1.919387
v 0.394834 0.744246 1.919080
v 0.394834 0.744246 1.919080
v 0.588443 0.776812 1.869231
v 0.602629 0.744307 1.867968
v 0.602629 0.744307 1.867968
v 0.602629 0.744307 1.867968
v 0.621786 0.739935 1.862363
v 0.584172 0.744307 1.873784
v 0.712779 0.748069 1.810268
v 0.686283 0.755348 1.824486
v 0.643131 0.767201 1.847640
v 0.712779 0.709204 1.810961
v 0.621786 0.739935 1.862363
v 0.639859 0.735809 1.851959
v 0.658175 0.721203 1.842442
v 0.598677 0.536640 -1.775960
v 0.729144 0.728412 1.797927
v 0.718876 0.707089 1.806270
v 0.758275 0.693423 1.775960
v -0.712779 0.677658 1.810961
v -0.734169 0.660599 1.794505
v -0.712779 0.631473 1.810961
v -0.758275 0.641375 1.775960
v -0.758275 0.623582 1.775960
v -0.669715 0.712000 1.835789
v -0.682070 0.686345 1.828666
v -0.692319 0.693973 1.822757
v -0.669715 0.712000 1.835789
v -0.682070 0.686345 1.828666
v -0.708255 0.631970 1.813569
v -0.686283 0.677596 1.826237
v -0.686283 0.639409 1.826237
v -0.686283 0.634383 1.826237
v -0.683984 0.634635 1.827562
v -0.470131 0.648289 1.912009
v 0.758275 0.728343 1.775960
v 0.734149 0.738805 1.794153
v -0.357872 0.735809 1.922604
v -0.311911 0.678556 1.927251
v -0.357872 0.735809 1.922604
v -0.271409 0.650147 1.931152
v -0.588661 0.591368 -1.718655
v -0.311448 0.649773 1.927295
v -0.311448 0.677596 1.927296
v 0.000000 0.650720 1.935597
v 0.242648 0.650416 1.933923
v 0.327225 0.710357 1.925430
v 0.470131 0.648289 1.912009
v 0.357872 0.735809 1.922552
v 0.852452 0.666119 -0.779228
v 0.250697 0.650341 1.933148
v 0.311448 0.649773 1.927295
v 0.712779 0.639347 1.810961
v 0.708571 0.635991 1.813387
v 0.712779 0.631473 1.810961
v 0.692796 0.652934 1.822482
v 0.712779 0.694428 1.810961
v 0.686283 0.677596 1.826237
v 0.669715 0.712000 1.835789
v 0.669715 0.712000 1.835789
v 0.704100 0.632425 1.815964
v 0.686283 0.639409 1.826237
v 0.683984 0.634635 1.827562
v 0.686283 0.659929 1.826237
v 0.758275 0.675629 1.775960
v 0.738850 0.660138 1.790903
v 0.758275 0.623582 1.775960
v 0.716511 0.702179 1.808089
v -0.712779 0.622576 1.810961
v -0.729189 0.588499 1.798337
v -0.758275 0.568706 1.775960
v -0.738721 0.568706 1.791003
v -0.709563 0.629254 1.812815
v -0.669715 0.605004 1.835789
v -0.639859 0.581195 1.853002
v -0.667380 0.600157 1.837135
v -0.639656 0.581033 1.853119
v -0.621786 0.577069 1.863422
v -0.621786 0.568706 1.863422
v -0.652234 0.568706 1.845867
v -0.624199 0.568706 1.862031
v -0.395101 0.572697 1.919237
v -0.412587 0.568706 1.917552
v -0.242648 0.568706 1.933923
v -0.478449 0.572697 1.909344
v -0.602629 0.572697 1.869560
v 0.684438 0.591370 1.827301
v 0.712779 0.568706 1.810961
v 0.712779 0.597838 1.810961
v -0.309744 0.592179 1.927460
v -0.242648 0.607494 1.933923
v -0.311448 0.639409 1.927295
v -0.306434 0.649820 1.927778
v -0.311448 0.649773 1.927295
v -0.333622 0.600533 1.925159
v -0.311448 0.639409 1.927295
v -0.333622 0.600533 1.925159
v -0.357872 0.581195 1.922823
v -0.470131 0.572697 1.912009
v -0.357872 0.581195 1.922823
v -0.395101 0.572697 1.919237
v 0.000000 0.568706 1.935597
v 0.242648 0.568706 1.933923
v 0.242648 0.643921 1.933923
v 0.248262 0.648399 1.933382
v 0.290143 0.633356 1.929349
v 0.298109 0.649898 1.928580
v -0.513831 0.595645 -1.787539
v -0.539541 0.594175 -1.775960
v 0.459020 0.572697 1.913080
v 0.470131 0.572697 1.912009
v 0.259010 0.568706 1.932348
v 0.439001 0.322267 -1.876055
v 0.357872 0.581195 1.922823
v 0.373531 0.568706 1.921315
v 0.395101 0.572697 1.919237
v 0.319428 0.622837 1.926527
v 0.357872 0.581195 1.922823
v 0.621786 0.577069 1.863422
v 0.610679 0.574534 1.866980
v 0.621786 0.568706 1.863422
v 0.610679 0.574534 1.866980
v 0.602629 0.572697 1.869560
v 0.470131 0.572697 1.912009
v 0.585144 0.568706 1.875161
v 0.602629 0.572697 1.869560
v -0.311448 0.677596 1.927296
v 0.669714 0.605004 1.835789
v 0.639859 0.581195 1.853002
v 0.668549 0.604075 1.836461
v 0.758275 0.608223 1.775960
v 0.733698 0.602613 1.794867
v 0.758275 0.568706 1.775960
v -0.745020 0.555626 1.808249
v -0.758275 0.528102 1.844537
v -0.712779 0.523809 1.886788
v -0.686283 0.555633 1.848317
v -0.633363 0.529522 1.922926
v -0.621786 0.523809 1.939249
v -0.621786 0.566782 1.866672
v -0.686283 0.523809 1.902065
v -0.630613 0.523809 1.934161
v -0.498865 0.549014 1.936061
v -0.530715 0.541745 1.938135
v -0.470131 0.568706 1.912009
v -0.577110 0.531155 1.941156
v -0.609297 0.523809 1.943251
v 0.200281 0.243719 -1.865756
v 0.310421 0.258771 -1.901866
v -0.412587 0.568706 1.917552
v -0.242648 0.523809 2.009751
v 0.000000 0.523809 2.011425
v 0.242648 0.523809 2.009751
v 0.242648 0.534732 1.991304
v 0.470131 0.542455 1.956344
v 0.426318 0.532456 1.977453
v 0.470131 0.523809 1.987836
v 0.257589 0.565757 1.937464
v 0.311448 0.555127 1.950229
v 0.345496 0.568706 1.924016
v 0.356299 0.546275 1.960858
v 0.470131 0.555572 1.934191
v 0.412587 0.568706 1.917552
v 0.470131 0.568706 1.912009
v 0.420620 0.531155 1.980199
v 0.311448 0.523809 2.003123
v 0.388433 0.523809 1.995707
v 0.420620 0.531155 1.980199
v 0.416578 0.534379 1.975144
v 0.621786 0.523809 1.939249
v 0.621786 0.568706 1.863422
v 0.520200 0.553883 1.921003
v 0.498865 0.549014 1.936061
v 0.712779 0.523809 1.886788
v 0.758275 0.523809 1.851788
v -0.751451 0.488888 1.856460
v -0.758275 0.523809 1.851788
v -0.616189 0.488888 1.940815
v -0.465899 0.488888 1.987677
v -0.470131 0.523809 1.987836
v -0.609297 0.523809 1.943251
v -0.240464 0.488888 2.008813
v 0.240464 0.488888 2.008813
v 0.367118 0.523809 1.997760
v 0.311448 0.523809 2.003123
v 0.616189 0.488888 1.940815
v 0.621786 0.523809 1.939249
v 0.706363 0.488888 1.890218
v 0.751451 0.488888 1.856460
v 0.758275 0.523809 1.851788
v -0.662884 0.274376 1.783746
v -0.706363 0.488888 1.890218
v -0.578261 0.274376 1.822989
v -0.437222 0.274376 1.859335
v -0.225663 0.274376 1.875728
v 0.000000 0.488888 2.010427
v 0.225663 0.274376 1.875728
v 0.437222 0.274376 1.859335
v 0.465899 0.488888 1.987677
v 0.578261 0.274376 1.822989
v 0.662884 0.274376 1.783746
v -0.674865 0.223609 1.728592
v -0.705196 0.274376 1.757564
v -0.634373 0.223609 1.750552
v -0.553389 0.223609 1.783467
v -0.418416 0.223609 1.813952
v -0.215957 0.223609 1.827702
v 0.000000 0.274376 1.876981
v 0.215957 0.223609 1.827702
v 0.418416 0.223609 1.813952
v 0.553389 0.223609 1.783467
v 0.634373 0.223609 1.750552
v 0.674865 0.223609 1.728592
v 0.705196 0.274376 1.757564
v -0.674865 0.223609 1.828752
v -0.634373 0.223609 1.750552
v -0.674865 0.223609 1.728592
v -0.634373 0.223609 1.828752
v -0.553389 0.223609 1.783467
v -0.553389 0.223609 1.828752
v -0.418416 0.223609 1.813952
v -0.418416 0.223609 1.828752
v -0.215957 0.223609 1.827702
v -0.215957 0.223609 1.828752
v 0.000000 0.223609 1.828752
v 0.215957 0.223609 1.828752
v 0.215957 0.223609 1.827702
v 0.418416 0.223609 1.828752
v 0.418416 0.223609 1.813952
v 0.553389 0.223609 1.828752
v 0.553389 0.223609 1.783467
v 0.634373 0.223609 1.828752
v 0.634373 0.223609 1.750552
v 0.674865 0.223609 1.828752
v 0.674865 0.223609 1.728592
v 0.007982 0.484474 -1.938591
v 0.015465 0.482520 -1.938591
v 0.020453 0.474620 -1.938591
v -0.024943 0.432017 -1.938591
v 0.024943 0.432017 -1.938591
v -0.024935 0.431596 -1.938591
v -0.024719 0.420045 -1.938591
v 0.000000 0.412063 -1.938591
v -0.024625 0.411061 -1.938591
v -0.024646 0.413065 -1.938591
v -0.022412 0.219409 -1.938591
v -0.022612 0.233391 -1.938591
v 0.000000 0.232471 -1.938591
v 0.022612 0.233391 -1.938591
v 0.022586 0.231552 -1.938591
v -0.458956 0.214512 -1.696142
v 0.458956 0.214512 -1.586392
v -0.458956 0.214512 -1.586392
v 0.458956 0.214512 -1.696142
v 0.458956 0.426031 -1.586392
v 0.458956 0.214512 -1.586392
v 0.458956 0.426031 -1.696142
v -0.458956 0.426031 -1.586392
v 0.458956 0.426031 -1.586392
v -0.458956 0.426031 -1.696142
v -0.458956 0.214512 -1.586392
v -0.458956 0.426031 -1.586392
v -0.458956 0.426031 -1.586392
v 0.458956 0.214512 -1.586392
v -0.458956 0.214512 -1.586392
v -0.458956 0.426031 -1.696142
v 0.458956 0.214512 -1.696142
v -0.458956 0.214512 -1.696142
v -0.439001 0.217505 -1.860901
v -0.329251 0.217505 -1.686165
v -0.329251 0.217505 -1.894709
v -0.219501 0.217505 -1.686165
v -0.219501 0.217505 -1.919682
v -0.109750 0.217505 -1.686165
v -0.109750 0.217505 -1.931156
v 0.000000 0.217505 -1.686165
v 0.000000 0.217505 -1.937593
v 0.109750 0.217505 -1.931049
v 0.109750 0.217505 -1.686165
v 0.219501 0.217505 -1.919459
v 0.219501 0.217505 -1.686165
v 0.329251 0.217505 -1.894293
v 0.329251 0.217505 -1.686165
v 0.439001 0.217505 -1.860280
v -0.778230 0.487092 -1.491921
v -0.713377 0.490684 -1.648252
v -0.713377 0.487092 -1.650919
v -0.648525 0.490684 -1.745164
v -0.648525 0.487092 -1.747975
v -0.583672 0.490684 -1.801360
v -0.583672 0.487092 -1.802425
v -0.518820 0.490684 -1.836433
v -0.518820 0.487092 -1.837562
v -0.453967 0.490684 -1.870921
v -0.453967 0.487092 -1.872050
v -0.389115 0.490684 -1.888956
v -0.389115 0.487092 -1.889345
v -0.324262 0.490684 -1.901538
v -0.324262 0.487092 -1.902312
v -0.259410 0.490684 -1.914093
v -0.259410 0.487092 -1.914866
v -0.194557 0.490684 -1.927054
v -0.194557 0.487092 -1.927768
v -0.129705 0.490684 -1.932634
v -0.129705 0.487092 -1.932750
v -0.064852 0.490684 -1.936476
v -0.064852 0.487092 -1.936864
v 0.000000 0.490684 -1.939076
v 0.000000 0.487092 -1.940633
v 0.064852 0.487092 -1.937678
v 0.064852 0.490684 -1.936959
v 0.129705 0.487092 -1.932928
v 0.129705 0.490684 -1.932684
v 0.194557 0.487092 -1.927788
v 0.311448 0.677596 1.927138
v 0.389115 0.487092 -1.889392
v 0.389115 0.490684 -1.888959
v 0.453967 0.487092 -1.871936
v 0.453967 0.490684 -1.870787
v 0.518820 0.487092 -1.836964
v 0.518820 0.490684 -1.835911
v 0.583672 0.487092 -1.802157
v 0.583672 0.490684 -1.801104
v 0.648525 0.487092 -1.746771
v 0.648525 0.490684 -1.743850
v 0.713377 0.487092 -1.650233
v 0.778230 0.490684 -1.496068
v 0.778230 0.487092 -1.492005
v -0.778230 0.522013 1.748634
v -0.713377 0.525604 1.886288
v -0.778230 0.525604 1.749096
v -0.713377 0.522013 1.889263
v -0.648525 0.525604 1.923793
v -0.648525 0.522013 1.926812
v -0.583672 0.525604 1.951420
v -0.583672 0.522013 1.954441
v -0.518820 0.525604 1.972197
v -0.518820 0.522013 1.975219
v -0.453967 0.525604 1.989353
v -0.453967 0.522013 1.992357
v -0.389115 0.525604 1.995601
v -0.389115 0.522013 1.998605
v -0.324262 0.525604 2.001849
v -0.324262 0.522013 2.004853
v -0.259410 0.525604 2.008096
v -0.259410 0.522013 2.011101
v -0.194557 0.525604 2.010043
v -0.194557 0.522013 2.013027
v -0.129705 0.525604 2.010490
v -0.129705 0.522013 2.013474
v -0.064852 0.525604 2.010938
v -0.064852 0.522013 2.013921
v 0.000000 0.525604 2.011385
v 0.064852 0.522013 2.013919
v 0.000000 0.522013 2.014367
v 0.129705 0.522013 2.013472
v 0.064852 0.525604 2.010938
v 0.194557 0.522013 2.013024
v 0.129705 0.525604 2.010490
v 0.259410 0.522013 2.011071
v 0.194557 0.525604 2.010043
v 0.324262 0.522013 2.004823
v 0.259410 0.525604 2.008096
v 0.389115 0.522013 1.998575
v 0.324262 0.525604 2.001849
v 0.453967 0.522013 1.992327
v 0.389115 0.525604 1.995601
v 0.518820 0.522013 1.975152
v 0.453967 0.525604 1.989353
v 0.583672 0.522013 1.954376
v 0.518820 0.525604 1.972197
v 0.648525 0.522013 1.926741
v 0.583672 0.525604 1.951420
v 0.713377 0.522013 1.889244
v 0.648525 0.525604 1.923793
v 0.778230 0.522013 1.749775
v 0.713377 0.525604 1.886288
v -0.638548 0.604646 -1.649548
v -0.567598 0.654198 -1.667598
v -0.638548 0.601785 -1.652940
v -0.496648 0.672229 -1.677139
v -0.567598 0.655927 -1.664206
v -0.425699 0.686332 -1.688349
v -0.496648 0.670500 -1.680531
v -0.354749 0.686033 -1.697833
v -0.425699 0.684874 -1.691741
v -0.283798 0.686215 -1.705593
v -0.354749 0.684575 -1.701225
v -0.212849 0.686851 -1.711629
v -0.283798 0.684743 -1.708986
v -0.141899 0.685777 -1.715940
v -0.212849 0.685403 -1.715021
v -0.070950 0.685370 -1.718527
v -0.141899 0.684330 -1.719332
v 0.000000 0.685695 -1.719389
v -0.070950 0.683919 -1.721919
v 0.070950 0.683847 -1.721919
v 0.000000 0.684245 -1.722781
v 0.070950 0.685298 -1.718527
v 0.141899 0.684255 -1.719332
v 0.141899 0.685701 -1.715940
v 0.212849 0.685399 -1.715021
v 0.212849 0.686846 -1.711629
v 0.283798 0.684411 -1.708986
v 0.283798 0.685887 -1.705593
v 0.354749 0.684223 -1.701225
v 0.354749 0.685673 -1.697833
v 0.425699 0.684861 -1.691741
v 0.425699 0.686312 -1.688349
v 0.496648 0.668672 -1.680531
v 0.496648 0.670476 -1.677139
v 0.567598 0.653858 -1.667598
v 0.638548 0.602339 -1.649548
v 0.567598 0.655536 -1.664206
v -0.560525 0.873261 1.247163
v -0.556933 0.872719 1.396823
v -0.556933 0.874044 1.247163
v -0.560525 0.872079 1.396823
v -0.556933 0.867472 1.546482
v -0.560525 0.866890 1.546482
v -0.556933 0.855074 1.696142
v -0.560525 0.854448 1.696142
v -0.556933 0.834691 1.795915
v -0.560525 0.833668 1.795915
v -0.556933 0.848071 1.724422
v -0.560525 0.848071 1.720480
v -0.560525 0.828116 1.803125
v -0.556933 0.848071 1.724422
v -0.560525 0.848071 1.720480
v -0.560525 0.808162 1.835999
v -0.556933 0.828116 1.804811
v -0.560525 0.788207 1.867626
v -0.556933 0.808162 1.837699
v -0.560525 0.768253 1.881867
v -0.556933 0.788207 1.869358
v -0.560525 0.748298 1.884084
v -0.556933 0.768253 1.882998
v 0.556933 0.872804 1.396823
v 0.560525 0.874211 1.247163
v 0.556933 0.874915 1.247163
v 0.556933 0.867317 1.546482
v 0.560525 0.872164 1.396823
v 0.556933 0.854724 1.696142
v 0.560525 0.866725 1.546482
v 0.556933 0.834512 1.795915
v 0.560525 0.854092 1.696142
v 0.560525 0.833472 1.795915
v 0.556933 0.848071 1.720051
v 0.556933 0.834512 1.795915
v 0.556933 0.848071 1.720051
v 0.560525 0.828116 1.802671
v 0.560525 0.848071 1.716444
v 0.556933 0.828116 1.804327
v 0.560525 0.808162 1.834445
v 0.556933 0.808162 1.836102
v 0.560525 0.788207 1.867142
v 0.556933 0.788207 1.868898
v 0.560525 0.768253 1.882396
v 0.556933 0.768253 1.883547
v 0.560525 0.748298 1.884701
v -0.478911 0.883902 1.248959
v -0.558729 0.873688 1.245367
v -0.558729 0.873616 1.248959
v -0.399092 0.886483 1.248959
v -0.478911 0.883957 1.245367
v -0.319274 0.889325 1.248959
v -0.399092 0.886540 1.245367
v -0.239455 0.891386 1.248959
v -0.319274 0.889409 1.245367
v -0.159637 0.891910 1.248959
v -0.239455 0.891468 1.245367
v -0.079818 0.892473 1.248959
v -0.159637 0.891992 1.245367
v 0.000000 0.893056 1.248959
v -0.079818 0.892561 1.245367
v 0.079818 0.892620 1.245367
v 0.000000 0.893143 1.245367
v 0.079818 0.892532 1.248959
v 0.159637 0.892071 1.245367
v 0.159637 0.891989 1.248959
v 0.239455 0.891488 1.245367
v 0.239455 0.891406 1.248959
v 0.319274 0.889599 1.245367
v 0.319274 0.889515 1.248959
v 0.399092 0.886966 1.245367
v 0.399092 0.886911 1.248959
v 0.478911 0.884097 1.245367
v 0.478911 0.884042 1.248959
v 0.558729 0.874598 1.245367
v -0.558729 0.746502 1.884943
v -0.478911 0.750094 1.911030
v -0.558729 0.750094 1.884425
v -0.478911 0.746502 1.911548
v -0.399092 0.750094 1.920812
v -0.399092 0.746502 1.921334
v -0.319274 0.750094 1.928525
v -0.319274 0.746502 1.929047
v -0.239455 0.750094 1.935952
v -0.239455 0.746502 1.936391
v -0.159637 0.750094 1.936502
v -0.159637 0.746502 1.936913
v -0.079818 0.750094 1.937053
v -0.079818 0.746502 1.937436
v 0.000000 0.750094 1.937604
v 0.079818 0.746502 1.937437
v 0.000000 0.746502 1.937960
v 0.159637 0.746502 1.936914
v 0.079818 0.750094 1.937053
v 0.239455 0.746502 1.936392
v 0.159637 0.750094 1.936502
v 0.319274 0.746502 1.929048
v 0.239455 0.750094 1.935952
v 0.399092 0.746502 1.921338
v 0.319274 0.750094 1.928531
v 0.478911 0.746502 1.911663
v 0.399092 0.750094 1.920820
v 0.558729 0.746502 1.885469
v 0.478911 0.750094 1.911146
v 0.152054 0.569505 1.942581
v -0.152054 0.721559 1.942581
v -0.152054 0.569505 1.942581
v -0.699489 0.830089 -0.496271
v -0.664948 0.823742 -0.541810
v -0.707391 0.806461 -0.523809
v -0.664948 0.823742 -0.541810
v -0.475652 0.869803 -0.573134
v -0.481026 0.849936 -0.606947
v -0.237826 0.874741 -0.622719
v -0.240513 0.853927 -0.660579
v 0.000000 0.875837 -0.639246
v 0.000000 0.854618 -0.678457
v 0.240513 0.853927 -0.660579
v 0.237826 0.874741 -0.622719
v 0.481026 0.849936 -0.606947
v 0.475652 0.869803 -0.573134
v 0.664948 0.823742 -0.541810
v 0.664948 0.823742 -0.541810
v 0.699489 0.830089 -0.496271
v 0.707391 0.806461 -0.523809
v -0.665247 0.925078 -0.376943
v -0.657519 0.845450 -0.512913
v -0.625332 0.934918 -0.387697
v -0.475652 0.869803 -0.573134
v -0.657519 0.845450 -0.512913
v -0.226184 0.964885 -0.458652
v -0.237826 0.874741 -0.622719
v 0.000000 0.967782 -0.469332
v 0.000000 0.875837 -0.639246
v 0.237826 0.874741 -0.622719
v 0.226184 0.964885 -0.458652
v 0.475652 0.869803 -0.573134
v 0.625332 0.934918 -0.387697
v 0.657519 0.845450 -0.512913
v 0.657519 0.845450 -0.512913
v 0.665247 0.925078 -0.376943
v -0.623103 1.030215 -0.230077
v -0.625332 0.934918 -0.387697
v -0.585717 1.037654 -0.233584
v -0.452368 0.955382 -0.426612
v -0.423710 1.059806 -0.246276
v -0.211855 1.075726 -0.256725
v 0.211855 1.075726 -0.256725
v 0.423710 1.059806 -0.246276
v 0.452368 0.955382 -0.426612
v 0.585717 1.037654 -0.233584
v 0.625332 0.934918 -0.387697
v 0.623103 1.030215 -0.230077
v -0.583593 1.121658 -0.092390
v -0.585717 1.037654 -0.233584
v -0.548577 1.129419 -0.089103
v -0.396843 1.157035 -0.077210
v -0.198422 1.179541 -0.067418
v 0.000000 1.080944 -0.260208
v 0.198422 1.179541 -0.067418
v 0.396843 1.157035 -0.077210
v 0.548577 1.129419 -0.089103
v 0.585717 1.037654 -0.233584
v 0.583593 1.121658 -0.092390
v -0.575691 1.139408 -0.064852
v -0.548577 1.129419 -0.089103
v -0.541149 1.147422 -0.060207
v -0.396843 1.157035 -0.077210
v -0.391470 1.176418 -0.043397
v -0.198422 1.179541 -0.067418
v -0.195735 1.200294 -0.029557
v 0.000000 1.187034 -0.064154
v 0.195735 1.200294 -0.029557
v 0.198422 1.179541 -0.067418
v 0.391470 1.176418 -0.043397
v 0.396843 1.157035 -0.077210
v 0.541149 1.147422 -0.060207
v 0.548577 1.129419 -0.089103
v 0.575691 1.139408 -0.064852
v -0.583672 1.150383 0.119728
v -0.541149 1.147422 -0.060207
v -0.575691 1.139408 -0.064852
v -0.548652 1.159442 0.119728
v -0.391470 1.176418 -0.043397
v -0.541149 1.147422 -0.060207
v -0.396897 1.192221 0.119728
v -0.195735 1.200294 -0.029557
v -0.391470 1.176418 -0.043397
v -0.198449 1.219210 0.119728
v 0.000000 1.208252 -0.024943
v -0.195735 1.200294 -0.029557
v 0.000000 1.208252 -0.024943
v 0.198449 1.219210 0.119728
v 0.195735 1.200294 -0.029557
v 0.195735 1.200294 -0.029557
v 0.396897 1.192221 0.119728
v 0.391470 1.176418 -0.043397
v 0.391470 1.176418 -0.043397
v 0.548652 1.159442 0.119728
v 0.541149 1.147422 -0.060207
v 0.541149 1.147422 -0.060207
v 0.583672 1.150383 0.119728
v 0.575691 1.139408 -0.064852
v -0.583672 1.150383 0.119728
v -0.562720 1.163433 0.369160
v -0.548652 1.159442 0.119728
v -0.548652 1.159442 0.119728
v -0.407074 1.196212 0.369160
v -0.396897 1.192221 0.119728
v -0.396897 1.192221 0.119728
v -0.203537 1.223201 0.369160
v -0.198449 1.219210 0.119728
v -0.198449 1.219210 0.119728
v 0.000000 1.232197 0.369160
v 0.000000 1.228206 0.119728
v 0.000000 1.232197 0.369160
v 0.198449 1.219210 0.119728
v 0.000000 1.228206 0.119728
v 0.203537 1.223201 0.369160
v 0.396897 1.192221 0.119728
v 0.198449 1.219210 0.119728
v 0.407074 1.196212 0.369160
v 0.548652 1.159442 0.119728
v 0.396897 1.192221 0.119728
v 0.562720 1.163433 0.369160
v 0.583672 1.150383 0.119728
v 0.548652 1.159442 0.119728
v -0.598638 1.154374 0.369160
v -0.565534 1.144476 0.578684
v -0.562720 1.163433 0.369160
v -0.562720 1.163433 0.369160
v -0.409109 1.177255 0.578684
v -0.407074 1.196212 0.369160
v -0.407074 1.196212 0.369160
v -0.204555 1.204244 0.578684
v -0.203537 1.223201 0.369160
v -0.203537 1.223201 0.369160
v 0.000000 1.213240 0.578684
v 0.000000 1.232197 0.369160
v 0.000000 1.213240 0.578684
v 0.203537 1.223201 0.369160
v 0.000000 1.232197 0.369160
v 0.204555 1.204244 0.578684
v 0.407074 1.196212 0.369160
v 0.203537 1.223201 0.369160
v 0.409109 1.177255 0.578684
v 0.562720 1.163433 0.369160
v 0.407074 1.196212 0.369160
v 0.565534 1.144476 0.578684
v 0.598638 1.154374 0.369160
v 0.562720 1.163433 0.369160
v -0.601632 1.135417 0.578684
v -0.573974 1.078626 0.726377
v -0.565534 1.144476 0.578684
v -0.565534 1.144476 0.578684
v -0.415216 1.111405 0.746338
v -0.409109 1.177255 0.578684
v -0.409109 1.177255 0.578684
v -0.207608 1.138394 0.762774
v -0.204555 1.204244 0.578684
v -0.204555 1.204244 0.578684
v 0.000000 1.147390 0.768253
v 0.000000 1.213240 0.578684
v 0.000000 1.147390 0.768253
v 0.204555 1.204244 0.578684
v 0.000000 1.213240 0.578684
v 0.207608 1.138394 0.762774
v 0.409109 1.177255 0.578684
v 0.204555 1.204244 0.578684
v 0.415216 1.111405 0.746338
v 0.565534 1.144476 0.578684
v 0.409109 1.177255 0.578684
v 0.573974 1.078626 0.726377
v 0.601632 1.135417 0.578684
v 0.565534 1.144476 0.578684
v -0.610611 1.069567 0.720860
v -0.600235 0.953909 0.884047
v -0.573974 1.078626 0.726377
v -0.573974 1.078626 0.726377
v -0.434212 0.986689 0.923970
v -0.415216 1.111405 0.746338
v -0.415216 1.111405 0.746338
v -0.217106 1.013677 0.956842
v -0.207608 1.138394 0.762774
v -0.207608 1.138394 0.762774
v 0.000000 1.022674 0.967799
v 0.000000 1.147390 0.768253
v 0.000000 1.022674 0.967799
v 0.207608 1.138394 0.762774
v 0.000000 1.147390 0.768253
v 0.217106 1.013677 0.956842
v 0.415216 1.111405 0.746338
v 0.207608 1.138394 0.762774
v 0.434212 0.986689 0.923970
v 0.573974 1.078626 0.726377
v 0.415216 1.111405 0.746338
v 0.600235 0.953909 0.884047
v 0.610611 1.069567 0.720860
v 0.573974 1.078626 0.726377
v -0.638548 0.944851 0.873014
v -0.626495 0.872095 0.991831
v -0.600235 0.953909 0.884047
v -0.600235 0.953909 0.884047
v -0.453209 0.904875 1.051716
v -0.434212 0.986689 0.923970
v -0.453209 0.904875 1.051716
v -0.217106 1.013677 0.956842
v -0.434212 0.986689 0.923970
v -0.226605 0.931863 1.101023
v 0.000000 1.022674 0.967799
v -0.217106 1.013677 0.956842
v 0.000000 1.022674 0.967799
v 0.226605 0.931863 1.101023
v 0.217106 1.013677 0.956842
v 0.217106 1.013677 0.956842
v 0.453209 0.904875 1.051716
v 0.434212 0.986689 0.923970
v 0.453209 0.904875 1.051716
v 0.600235 0.953909 0.884047
v 0.434212 0.986689 0.923970
v 0.626495 0.872095 0.991831
v 0.638548 0.944851 0.873014
v 0.600235 0.953909 0.884047
v -0.666484 0.863037 0.975282
v -0.639625 0.860553 1.029774
v -0.626495 0.872095 0.991831
v -0.639625 0.860553 1.029774
v -0.453209 0.904875 1.051716
v -0.626495 0.872095 0.991831
v -0.462708 0.884095 1.109620
v -0.226605 0.931863 1.101023
v -0.453209 0.904875 1.051716
v -0.231354 0.889886 1.175363
v 0.000000 0.940860 1.117458
v -0.226605 0.931863 1.101023
v 0.000000 0.940860 1.117458
v 0.231354 0.889886 1.175363
v 0.226605 0.931863 1.101023
v 0.226605 0.931863 1.101023
v 0.462708 0.884095 1.109620
v 0.453209 0.904875 1.051716
v 0.453209 0.904875 1.051716
v 0.639625 0.860553 1.029774
v 0.626495 0.872095 0.991831
v 0.639625 0.860553 1.029774
v 0.666484 0.863037 0.975282
v 0.626495 0.872095 0.991831
v -0.697974 0.829403 -0.411560
v -0.681051 0.873050 -0.432017
v -0.707391 0.806461 -0.523809
v -0.681093 0.872875 -0.394408
v -0.602031 1.072819 -0.156644
v -0.602722 1.072670 -0.130349
v -0.575691 1.139408 -0.064852
v -0.585519 1.119106 -0.038321
v -0.580879 1.138610 0.063855
v -0.575691 1.139408 -0.064852
v -0.600187 1.124526 0.448999
v -0.596443 1.136216 0.449976
v -0.608051 1.108965 0.537005
v -0.601632 1.135417 0.578684
v -0.621193 1.068697 0.572109
v -0.621786 1.068569 0.594647
v -0.682212 0.868176 0.610302
v -0.682248 0.868026 0.642538
v -0.702402 0.801178 0.658502
v -0.695574 0.824989 0.561347
v -0.703400 0.802234 0.422040
v -0.702402 0.801178 0.658502
v -0.702000 0.817067 -0.275054
v -0.706393 0.805404 -0.287346
v -0.697974 0.829403 -0.411560
v -0.707391 0.806461 -0.523809
v -0.696951 0.832228 -0.400071
v -0.681093 0.872875 -0.394408
v -0.680406 0.874829 -0.383262
v -0.602722 1.072670 -0.130349
v -0.603603 1.070629 -0.124484
v -0.585519 1.119106 -0.038321
v -0.586744 1.116136 -0.034297
v -0.585272 1.126948 0.051563
v -0.601119 1.121448 0.443277
v -0.600187 1.124526 0.448999
v -0.608825 1.106198 0.529523
v -0.608051 1.108965 0.537005
v -0.621705 1.066736 0.563924
v -0.621193 1.068697 0.572109
v -0.681504 0.870225 0.601353
v -0.682212 0.868176 0.610302
v -0.694598 0.827902 0.553378
v -0.699657 0.813924 0.423018
v -0.700896 0.820138 -0.266295
v -0.621705 1.066736 0.563924
v -0.601119 1.121448 0.443277
v -0.698599 0.817058 0.417816
v -0.682248 0.868026 0.642538
v -0.610611 1.069567 0.720860
v -0.583672 1.150383 0.119728
v -0.598638 1.154374 0.369160
v -0.735327 0.774406 0.658502
v -0.703400 0.802234 0.422040
v -0.706393 0.805404 -0.287346
v 0.681051 0.873050 -0.432017
v 0.697974 0.829403 -0.411560
v 0.707391 0.806461 -0.523809
v 0.602031 1.072819 -0.156644
v 0.681093 0.872875 -0.394408
v 0.575691 1.139408 -0.064852
v 0.602722 1.072670 -0.130349
v 0.580879 1.138610 0.063855
v 0.585519 1.119106 -0.038321
v 0.575691 1.139408 -0.064852
v 0.600187 1.124526 0.448999
v 0.585272 1.126948 0.051563
v 0.596443 1.136216 0.449976
v 0.608051 1.108965 0.537005
v 0.601632 1.135417 0.578684
v 0.621193 1.068697 0.572109
v 0.621786 1.068569 0.594647
v 0.682212 0.868176 0.610302
v 0.702402 0.801178 0.658502
v 0.682248 0.868026 0.642538
v 0.703400 0.802234 0.422040
v 0.695574 0.824989 0.561347
v 0.702402 0.801178 0.658502
v 0.702000 0.817067 -0.275054
v 0.699657 0.813924 0.423018
v 0.706393 0.805404 -0.287346
v 0.697974 0.829403 -0.411560
v 0.681093 0.872875 -0.394408
v 0.696951 0.832228 -0.400071
v 0.602722 1.072670 -0.130349
v 0.680406 0.874829 -0.383262
v 0.585519 1.119106 -0.038321
v 0.603603 1.070629 -0.124484
v 0.585272 1.126948 0.051563
v 0.586744 1.116136 -0.034297
v 0.601119 1.121448 0.443277
v 0.586502 1.123821 0.053790
v 0.600187 1.124526 0.448999
v 0.608825 1.106198 0.529523
v 0.608051 1.108965 0.537005
v 0.621705 1.066736 0.563924
v 0.621193 1.068697 0.572109
v 0.681504 0.870225 0.601353
v 0.682212 0.868176 0.610302
v 0.694598 0.827902 0.553378
v 0.700896 0.820138 -0.266295
v 0.698599 0.817058 0.417816
v 0.621705 1.066736 0.563924
v 0.698599 0.817058 0.417816
v 0.601119 1.121448 0.443277
v 0.666484 0.863037 0.975282
v 0.680452 0.846430 1.007708
v 0.698411 0.838243 1.007708
v 0.583672 1.150383 0.119728
v 0.703400 0.802234 0.422040
v 0.702402 0.801178 0.658502
v 0.735327 0.774406 0.658502
v -0.359183 0.789046 -1.336959
v -0.598638 0.922901 -1.596369
v -0.598638 0.762970 -1.336959
v -0.598638 0.676512 -1.596369
v -0.598638 0.745010 -1.336959
v -0.598638 0.761929 -1.336959
v -0.359183 0.771087 -1.336959
v -0.359183 0.722395 -1.596369
v -0.359183 0.725388 -1.596369
v -0.598638 0.761929 -1.336959
v -0.598638 0.745010 -1.336959
v -0.359183 0.771087 -1.336959
v -0.359183 0.725388 -1.596369
v -0.359183 0.722395 -1.596369
v -0.598638 0.676512 -1.596369
v -0.598638 0.922901 -1.597367
v -0.359183 0.917912 -1.597367
v -0.598638 0.917912 -1.597367
v -0.566212 0.906438 -1.597367
v -0.391609 0.731835 -1.597367
v -0.566212 0.731835 -1.597367
v -0.598638 0.745010 -1.336959
v -0.359183 0.722395 -1.596369
v -0.359183 0.771087 -1.336959
v 0.359183 0.789529 -1.336959
v 0.598638 0.922901 -1.596369
v 0.359183 0.922901 -1.596369
v 0.359183 0.725388 -1.596369
v 0.359183 0.771570 -1.336959
v 0.359183 0.786053 -1.336959
v 0.598638 0.746962 -1.336959
v 0.598638 0.673519 -1.596369
v 0.598638 0.676512 -1.596369
v 0.598638 0.759976 -1.336959
v 0.598638 0.764921 -1.336959
v 0.359183 0.771570 -1.336959
v 0.359183 0.725388 -1.596369
v 0.598638 0.922901 -1.596369
v 0.598638 0.676512 -1.596369
v 0.359183 0.922901 -1.597367
v 0.598638 0.917912 -1.597367
v 0.359183 0.917912 -1.597367
v 0.391609 0.906438 -1.597367
v 0.566212 0.731835 -1.597367
v 0.391609 0.731835 -1.597367
v 0.359183 0.722395 -1.596369
v 0.598638 0.746962 -1.336959
v 0.359183 0.771570 -1.336959
v -0.710686 0.798307 -0.139930
v -0.766905 0.855055 -0.143395
v -0.702052 0.816144 -0.153372
v -0.707046 0.798307 -0.116263
v -0.775539 0.837219 -0.129952
v -0.710686 0.798307 -0.139930
v -0.694771 0.816144 -0.106038
v -0.771898 0.837219 -0.106285
v -0.707046 0.798307 -0.116263
v -0.686136 0.833980 -0.119480
v -0.759623 0.855055 -0.096061
v -0.694771 0.816144 -0.106038
v -0.686136 0.833980 -0.119480
v -0.754630 0.872892 -0.133170
v -0.750989 0.872892 -0.109503
v -0.689777 0.833980 -0.143147
v -0.766905 0.855055 -0.143395
v -0.754630 0.872892 -0.133170
v -0.694771 0.816144 -0.106038
v -0.707046 0.798307 -0.116263
v -0.710686 0.798307 -0.139930
v -0.759623 0.855055 -0.096061
v -0.750989 0.872892 -0.109503
v -0.754630 0.872892 -0.133170
v -0.739318 0.880996 -0.153202
v -0.773241 0.919093 -0.157019
v -0.739318 0.905759 -0.140475
v -0.773241 0.934874 -0.109750
v -0.739318 0.916016 -0.109750
v -0.739318 0.905759 -0.079025
v -0.773241 0.919093 -0.062482
v -0.739318 0.880996 -0.066299
v -0.773241 0.842899 -0.062482
v -0.739318 0.856233 -0.079025
v -0.773241 0.827119 -0.109750
v -0.739318 0.845976 -0.109750
v -0.739318 0.856233 -0.140475
v -0.773241 0.842899 -0.157019
v -0.833105 0.880996 -0.169914
v -0.773241 0.880996 -0.176598
v -0.833105 0.915283 -0.152293
v -0.833105 0.915283 -0.067208
v -0.833105 0.880996 -0.049587
v -0.773241 0.880996 -0.042902
v -0.833105 0.846709 -0.067208
v -0.833105 0.846709 -0.152293
v -0.857051 0.880996 -0.133147
v -0.857051 0.894330 -0.126295
v -0.833105 0.929486 -0.109750
v -0.857051 0.894330 -0.093206
v -0.857051 0.880996 -0.086354
v -0.857051 0.867662 -0.093206
v -0.833105 0.832506 -0.109750
v -0.857051 0.867662 -0.126295
v -0.739318 0.856233 -0.079025
v -0.739318 0.845976 -0.109750
v -0.739318 0.905759 -0.079025
v -0.857051 0.899853 -0.109750
v -0.762266 0.856053 -0.049887
v -0.833105 0.897958 -0.054875
v -0.833105 0.856053 -0.054875
v 0.694771 0.816144 -0.106038
v 0.771898 0.837219 -0.106285
v 0.759623 0.855055 -0.096061
v 0.707046 0.798307 -0.116263
v 0.775539 0.837219 -0.129952
v 0.771898 0.837219 -0.106285
v 0.702052 0.816144 -0.153372
v 0.775539 0.837219 -0.129952
v 0.710686 0.798307 -0.139930
v 0.689777 0.833980 -0.143147
v 0.766905 0.855055 -0.143395
v 0.702052 0.816144 -0.153372
v 0.686136 0.833980 -0.119480
v 0.754630 0.872892 -0.133170
v 0.689777 0.833980 -0.143147
v 0.686136 0.833980 -0.119480
v 0.759623 0.855055 -0.096061
v 0.750989 0.872892 -0.109503
v 0.702052 0.816144 -0.153372
v 0.710686 0.798307 -0.139930
v 0.707046 0.798307 -0.116263
v 0.766905 0.855055 -0.143395
v 0.754630 0.872892 -0.133170
v 0.750989 0.872892 -0.109503
v 0.739318 0.880996 -0.153202
v 0.773241 0.919093 -0.157019
v 0.773241 0.880996 -0.176598
v 0.739318 0.905759 -0.140475
v 0.773241 0.934874 -0.109750
v 0.739318 0.905759 -0.079025
v 0.739318 0.916016 -0.109750
v 0.739318 0.880996 -0.066299
v 0.773241 0.919093 -0.062482
v 0.773241 0.842899 -0.062482
v 0.773241 0.880996 -0.042902
v 0.739318 0.856233 -0.079025
v 0.773241 0.827119 -0.109750
v 0.739318 0.856233 -0.140475
v 0.739318 0.845976 -0.109750
v 0.773241 0.842899 -0.157019
v 0.833105 0.880996 -0.169914
v 0.833105 0.915283 -0.152293
v 0.833105 0.915283 -0.067208
v 0.833105 0.929486 -0.109750
v 0.833105 0.880996 -0.049587
v 0.833105 0.846709 -0.067208
v 0.833105 0.846709 -0.152293
v 0.833105 0.832506 -0.109750
v 0.857051 0.880996 -0.133147
v 0.857051 0.894330 -0.126295
v 0.857051 0.894330 -0.093206
v 0.857051 0.899853 -0.109750
v 0.857051 0.880996 -0.086354
v 0.857051 0.867662 -0.093206
v 0.857051 0.867662 -0.126295
v 0.857051 0.862139 -0.109750
v 0.739318 0.905759 -0.079025
v 0.739318 0.916016 -0.109750
v 0.739318 0.856233 -0.079025
v 0.762266 0.856053 -0.049887
v 0.833105 0.897958 -0.054875
v 0.762266 0.906937 -0.049887
v -0.212938 0.224489 1.575325
v -0.426501 0.215913 1.732534
v -0.436372 0.239455 1.718107
v -0.204834 0.200806 1.590597
v -0.406329 0.224905 1.751822
v -0.426501 0.215913 1.732534
v -0.189422 0.209853 1.613846
v -0.403732 0.254005 1.749315
v -0.406329 0.224905 1.751822
v -0.202535 0.248173 1.589134
v -0.403732 0.254005 1.749315
v -0.188002 0.239126 1.612941
v -0.212938 0.224489 1.575325
v -0.422300 0.262998 1.728477
v -0.202535 0.248173 1.589134
v -0.497107 0.250844 1.876670
v -0.513004 0.274376 1.869363
v -0.497107 0.250844 1.876670
v -0.469852 0.259833 1.882683
v -0.495573 0.297907 1.870860
v -0.468903 0.288919 1.879092
v -0.513004 0.274376 1.869363
v -0.495573 0.297907 1.870860
v -0.513831 0.274376 2.000450
v -0.469852 0.259833 1.882683
v -0.496595 0.250654 2.000450
v -0.468709 0.289038 2.000450
v -0.468709 0.259714 2.000450
v -0.496595 0.298098 2.000450
v -0.468709 0.289038 2.000450
v -0.513831 0.274376 2.000450
v -0.496595 0.298098 2.000450
v -0.202535 0.248173 1.589134
v -0.189422 0.209853 1.613846
v -0.204834 0.200806 1.590597
v -0.496595 0.250654 2.000450
v -0.468709 0.259714 2.000450
v -0.468709 0.289038 2.000450
v -0.502998 0.288486 2.001448
v -0.488888 0.294331 2.001448
v -0.474778 0.288486 2.001448
v 0.000000 0.204535 -1.938591
v -0.022200 0.204535 -1.938591
v 0.470131 0.568706 1.912009
v 0.608267 0.607685 -1.679791
v 0.651121 0.553869 -1.689010
v 0.626280 0.544093 -1.732253
v 0.597358 0.537923 -1.775960
v 0.539541 0.594175 -1.775960
v 0.686942 0.545046 -1.644586
v -0.167999 0.405227 -1.928853
v -0.024625 0.411061 -1.938591
v -0.513831 0.595645 -1.787539
v -0.758275 0.728343 1.775960
v -0.439001 0.536068 -1.852941
v -0.364172 0.563718 -1.862751
v -0.439001 0.591368 -1.815784
v -0.439001 0.591368 -1.815784
v -0.384222 0.579681 -1.841769
v -0.364172 0.563718 -1.862751
v 0.384222 0.547754 -1.873106
v 0.384222 0.579681 -1.842696
v 0.364172 0.563718 -1.863104
v 0.539541 0.594175 -1.775960
v 0.588661 0.536068 -1.781140
v 0.439001 0.536068 -1.853617
v 0.605352 0.526559 -1.775960
v -0.642707 0.733539 1.851201
v 0.312622 0.564406 -1.875733
v 0.439001 0.322267 -1.816191
v 0.439001 0.322267 -1.816191
v 0.361394 0.274376 -1.831247
v -0.200281 0.243719 -1.925620
v -0.405584 0.356630 -1.884265
v -0.439001 0.322267 -1.816172
v -0.439001 0.322267 -1.816172
v -0.405584 0.356630 -1.824402
v -0.470131 0.568706 1.912009
v -0.405584 0.287903 -1.821819
v -0.215413 0.398747 -1.865756
v -0.311911 0.678556 1.927251
v 0.024625 0.411061 -1.878727
v 0.022324 0.213295 -1.938591
v 0.022612 0.233391 -1.938591
v 0.022612 0.233391 -1.878727
v 0.022200 0.204535 -1.938591
v 0.326403 0.710714 1.925507
v 0.327225 0.710357 1.925430
v -0.022612 0.233391 -1.938591
v -0.022412 0.219409 -1.938591
v -0.024625 0.411061 -1.878727
v -0.310421 0.258771 -1.901387
v -0.686283 0.677596 1.826237
v -0.686283 0.639409 1.826237
v -0.683984 0.634635 1.827562
v -0.669715 0.605004 1.835789
v -0.439001 0.536068 -1.852941
v -0.395101 0.744307 1.919046
v 0.395101 0.744307 1.919046
v -0.686283 0.677596 1.826237
v -0.328017 0.712000 1.925546
v 0.328016 0.712000 1.925356
v 0.311448 0.677596 1.927138
v 0.686283 0.677596 1.826237
v -0.470131 0.572697 1.912009
v -0.328016 0.605004 1.925700
v -0.328016 0.605004 1.925700
v 0.311448 0.649773 1.927295
v 0.311448 0.639409 1.927295
v 0.328017 0.605004 1.925700
v -0.758275 0.523809 1.851788
v 0.200281 0.243719 -1.925620
v -0.621786 0.523809 1.939249
v 0.000000 0.223609 1.828752
v 0.020472 0.474523 -1.938591
v -0.010171 0.483902 -1.938591
v 0.000000 0.484897 -1.938591
v -0.007982 0.484474 -1.938591
v -0.024943 0.443990 -1.938591
v 0.024943 0.443990 -1.938591
v -0.023447 0.458840 -1.938591
v -0.020453 0.474620 -1.938591
v -0.015465 0.482520 -1.938591
v 0.023447 0.458840 -1.938591
v 0.024808 0.424798 -1.938591
v 0.024719 0.420045 -1.938591
v 0.024625 0.411061 -1.938591
v 0.022324 0.213295 -1.938591
v 0.458956 0.214512 -1.696142
v 0.458956 0.426031 -1.696142
v -0.458956 0.426031 -1.696142
v -0.458956 0.214512 -1.696142
v 0.458956 0.426031 -1.586392
v 0.458956 0.426031 -1.696142
v -0.439001 0.217505 -1.686165
v 0.439001 0.217505 -1.686165
v -0.778230 0.490684 -1.494541
v 0.713377 0.490684 -1.647314
v 0.778230 0.525604 1.749929
v 0.638548 0.599332 -1.652940
v -0.560525 0.833668 1.795915
v -0.556933 0.834691 1.795915
v -0.556933 0.748298 1.885282
v 0.560525 0.833472 1.795915
v 0.560525 0.848071 1.716444
v 0.556933 0.748298 1.885883
v 0.558729 0.874528 1.248959
v 0.558729 0.750094 1.885115
v 0.152054 0.721559 1.942581
v -0.657519 0.845450 -0.512913
v 0.657519 0.845450 -0.512913
v 0.000000 1.187034 -0.064154
v 0.000000 1.208252 -0.024943
v -0.548652 1.159442 0.119728
v -0.396897 1.192221 0.119728
v -0.198449 1.219210 0.119728
v 0.000000 1.228206 0.119728
v 0.000000 1.228206 0.119728
v 0.198449 1.219210 0.119728
v 0.396897 1.192221 0.119728
v 0.548652 1.159442 0.119728
v -0.598638 1.154374 0.369160
v -0.562720 1.163433 0.369160
v -0.407074 1.196212 0.369160
v -0.203537 1.223201 0.369160
v 0.203537 1.223201 0.369160
v 0.407074 1.196212 0.369160
v 0.562720 1.163433 0.369160
v 0.598638 1.154374 0.369160
v -0.601632 1.135417 0.578684
v -0.565534 1.144476 0.578684
v -0.409109 1.177255 0.578684
v -0.204555 1.204244 0.578684
v 0.204555 1.204244 0.578684
v 0.409109 1.177255 0.578684
v 0.565534 1.144476 0.578684
v 0.601632 1.135417 0.578684
v -0.610611 1.069567 0.720860
v -0.573974 1.078626 0.726377
v -0.415216 1.111405 0.746338
v -0.207608 1.138394 0.762774
v 0.207608 1.138394 0.762774
v 0.415216 1.111405 0.746338
v 0.573974 1.078626 0.726377
v 0.610611 1.069567 0.720860
v -0.638548 0.944851 0.873014
v -0.600235 0.953909 0.884047
v -0.434212 0.986689 0.923970
v -0.217106 1.013677 0.956842
v 0.217106 1.013677 0.956842
v 0.434212 0.986689 0.923970
v 0.600235 0.953909 0.884047
v 0.638548 0.944851 0.873014
v -0.666484 0.863037 0.975282
v -0.626495 0.872095 0.991831
v -0.226605 0.931863 1.101023
v 0.000000 0.940860 1.117458
v 0.000000 0.940860 1.117458
v 0.226605 0.931863 1.101023
v 0.626495 0.872095 0.991831
v 0.666484 0.863037 0.975282
v -0.680452 0.846430 1.007708
v -0.462708 0.884095 1.109620
v -0.231354 0.889886 1.175363
v 0.000000 0.891330 1.197277
v 0.000000 0.891330 1.197277
v 0.231354 0.889886 1.175363
v 0.462708 0.884095 1.109620
v 0.680452 0.846430 1.007708
v -0.585519 1.119106 -0.038321
v -0.585272 1.126948 0.051563
v -0.695574 0.824989 0.561347
v -0.586502 1.123821 0.053790
v -0.698599 0.817058 0.417816
v -0.680406 0.874829 -0.383262
v -0.696951 0.832228 -0.400071
v -0.700896 0.820138 -0.266295
v -0.586502 1.123821 0.053790
v -0.694598 0.827902 0.553378
v -0.603603 1.070629 -0.124484
v -0.681504 0.870225 0.601353
v -0.608825 1.106198 0.529523
v -0.586744 1.116136 -0.034297
v -0.638548 0.944851 0.873014
v -0.698411 0.838243 1.007708
v -0.666484 0.863037 0.975282
v -0.680452 0.846430 1.007708
v -0.707391 0.806461 -0.523809
v -0.702402 0.801178 0.658502
v 0.585519 1.119106 -0.038321
v 0.695574 0.824989 0.561347
v 0.707391 0.806461 -0.523809
v 0.700896 0.820138 -0.266295
v 0.696951 0.832228 -0.400071
v 0.680406 0.874829 -0.383262
v 0.603603 1.070629 -0.124484
v 0.586744 1.116136 -0.034297
v 0.586502 1.123821 0.053790
v 0.608825 1.106198 0.529523
v 0.681504 0.870225 0.601353
v 0.694598 0.827902 0.553378
v 0.682248 0.868026 0.642538
v 0.638548 0.944851 0.873014
v 0.610611 1.069567 0.720860
v 0.598638 1.154374 0.369160
v 0.707391 0.806461 -0.523809
v 0.706393 0.805404 -0.287346
v -0.359183 0.922901 -1.596369
v -0.598638 0.762970 -1.336959
v -0.598638 0.922901 -1.596369
v -0.598638 0.673519 -1.596369
v -0.359183 0.922901 -1.596369
v -0.359183 0.789046 -1.336959
v -0.359183 0.786536 -1.336959
v -0.359183 0.789046 -1.336959
v -0.598638 0.762970 -1.336959
v -0.359183 0.786536 -1.336959
v -0.598638 0.673519 -1.596369
v -0.598638 0.922901 -1.596369
v -0.359183 0.922901 -1.596369
v -0.359183 0.922901 -1.597367
v -0.391609 0.906438 -1.597367
v -0.598638 0.673519 -1.596369
v 0.598638 0.764921 -1.336959
v 0.359183 0.789529 -1.336959
v 0.359183 0.922901 -1.596369
v 0.359183 0.722395 -1.596369
v 0.598638 0.922901 -1.596369
v 0.598638 0.764921 -1.336959
v 0.598638 0.759976 -1.336959
v 0.359183 0.789529 -1.336959
v 0.359183 0.786053 -1.336959
v 0.598638 0.746962 -1.336959
v 0.598638 0.673519 -1.596369
v 0.359183 0.722395 -1.596369
v 0.359183 0.922901 -1.596369
v 0.598638 0.922901 -1.597367
v 0.566212 0.906438 -1.597367
v 0.598638 0.673519 -1.596369
v -0.775539 0.837219 -0.129952
v -0.771898 0.837219 -0.106285
v -0.759623 0.855055 -0.096061
v -0.750989 0.872892 -0.109503
v -0.689777 0.833980 -0.143147
v -0.702052 0.816144 -0.153372
v -0.702052 0.816144 -0.153372
v -0.689777 0.833980 -0.143147
v -0.686136 0.833980 -0.119480
v -0.766905 0.855055 -0.143395
v -0.775539 0.837219 -0.129952
v -0.771898 0.837219 -0.106285
v -0.857051 0.862139 -0.109750
v -0.739318 0.856233 -0.140475
v -0.739318 0.880996 -0.153202
v -0.739318 0.905759 -0.140475
v -0.739318 0.916016 -0.109750
v -0.739318 0.880996 -0.066299
v -0.762266 0.906937 -0.049887
v 0.707046 0.798307 -0.116263
v 0.710686 0.798307 -0.139930
v 0.766905 0.855055 -0.143395
v 0.754630 0.872892 -0.133170
v 0.750989 0.872892 -0.109503
v 0.694771 0.816144 -0.106038
v 0.694771 0.816144 -0.106038
v 0.686136 0.833980 -0.119480
v 0.689777 0.833980 -0.143147
v 0.759623 0.855055 -0.096061
v 0.771898 0.837219 -0.106285
v 0.775539 0.837219 -0.129952
v 0.739318 0.905759 -0.140475
v 0.739318 0.880996 -0.153202
v 0.739318 0.856233 -0.140475
v 0.739318 0.845976 -0.109750
v 0.739318 0.880996 -0.066299
v 0.833105 0.856053 -0.054875
v -0.204834 0.200806 1.590597
v -0.189422 0.209853 1.613846
v -0.188002 0.239126 1.612941
v -0.422300 0.262998 1.728477
v -0.436372 0.239455 1.718107
v -0.468903 0.288919 1.879092
v -0.496595 0.250654 2.000450
v -0.468709 0.259714 2.000450
v -0.212938 0.224489 1.575325
v -0.188002 0.239126 1.612941
v -0.496595 0.298098 2.000450
v -0.513831 0.274376 2.000450
v -0.468933 0.274376 2.001448
v -0.474778 0.260266 2.001448
v -0.488888 0.254421 2.001448
v -0.502998 0.260266 2.001448
v -0.508843 0.274376 2.001448
v 0.022200 0.204535 -1.938591
vt 0.271353 0.068021
vt 0.269635 0.084538
vt 0.266984 0.077052
vt 0.266063 0.074450
vt 0.264622 0.081700
vt 0.284414 0.065346
vt 0.283086 0.076060
vt 0.280350 0.073567
vt 0.272599 0.066506
vt 0.277209 0.079764
vt 0.305987 0.062198
vt 0.305504 0.067997
vt 0.304264 0.067196
vt 0.295364 0.050452
vt 0.285672 0.055201
vt 0.289964 0.057970
vt 0.303751 0.068627
vt 0.340140 0.039630
vt 0.330256 0.058718
vt 0.330256 0.041111
vt 0.320608 0.052711
vt 0.322305 0.042302
vt 0.457179 0.255327
vt 0.457179 0.281428
vt 0.479423 0.281428
vt 0.336755 0.183258
vt 0.375000 0.183258
vt 0.375000 0.208438
vt 0.339131 0.064243
vt 0.330256 0.065234
vt 0.318293 0.066569
vt 0.307459 0.044525
vt 0.312093 0.047410
vt 0.375000 0.039268
vt 0.375000 0.063974
vt 0.410372 0.052117
vt 0.410869 0.064243
vt 0.431627 0.042891
vt 0.444496 0.067997
vt 0.419876 0.047834
vt 0.409860 0.039630
vt 0.419876 0.047834
vt 0.465449 0.064242
vt 0.466914 0.076060
vt 0.463744 0.071959
vt 0.454188 0.059595
vt 0.442541 0.044525
vt 0.459538 0.052854
vt 0.463166 0.074712
vt 0.050168 0.439860
vt 0.055566 0.409851
vt 0.056777 0.467862
vt 0.091797 0.937500
vt 0.377718 0.407473
vt 0.366145 0.429360
vt 0.377718 0.432372
vt 0.465247 0.653624
vt 0.465247 0.599385
vt 0.473347 0.602860
vt 0.464328 0.055201
vt 0.467395 0.057853
vt 0.466806 0.059733
vt 0.473594 0.072152
vt 0.480365 0.084538
vt 0.473594 0.080270
vt 0.483937 0.074450
vt 0.481563 0.076732
vt 0.480471 0.070237
vt 0.477401 0.066506
vt 0.487090 0.090309
vt 0.483233 0.087000
vt 0.035850 0.406192
vt 0.043986 0.385831
vt 0.042495 0.407444
vt 0.037890 0.431383
vt 0.040720 0.433178
vt 0.039485 0.451083
vt 0.045116 0.408064
vt 0.046635 0.437925
vt 0.047968 0.464134
vt 0.034202 0.385831
vt 0.029514 0.361594
vt 0.040617 0.361594
vt 0.041763 0.281428
vt 0.048898 0.281428
vt 0.045352 0.262455
vt 0.051471 0.261358
vt 0.090750 0.201648
vt 0.088834 0.205217
vt 0.073398 0.205217
vt 0.090553 0.177732
vt 0.095599 0.205217
vt 0.090750 0.201648
vt 0.925327 0.073566
vt 0.750000 0.058974
vt 0.750000 0.076670
vt 0.925327 0.086970
vt 0.574673 0.073566
vt 0.574673 0.086970
vt 0.073398 0.188876
vt 0.073398 0.177732
vt 0.056049 0.194694
vt 0.060539 0.205217
vt 0.049861 0.205217
vt 0.043363 0.457049
vt 0.262910 0.090309
vt 0.266806 0.104118
vt 0.259900 0.106776
vt 0.280618 0.100222
vt 0.274773 0.091875
vt 0.272296 0.102569
vt 0.301187 0.094042
vt 0.303638 0.096477
vt 0.300865 0.096928
vt 0.330256 0.088259
vt 0.317828 0.078086
vt 0.493123 0.647868
vt 0.494153 0.651888
vt 0.494153 0.669170
vt 0.375000 0.094611
vt 0.338168 0.094736
vt 0.411832 0.094736
vt 0.445346 0.080964
vt 0.446362 0.096477
vt 0.443784 0.094136
vt 0.443537 0.096335
vt 0.366145 0.385831
vt 0.358592 0.361594
vt 0.355968 0.361594
vt 0.355968 0.385831
vt 0.447282 0.068999
vt 0.446901 0.071111
vt 0.462221 0.090948
vt 0.469382 0.100222
vt 0.461805 0.098989
vt 0.473594 0.087572
vt 0.483194 0.104118
vt 0.473594 0.101410
vt 0.483635 0.092007
vt 0.490100 0.106776
vt 0.484498 0.104619
vt 0.052936 0.409315
vt 0.055065 0.385831
vt 0.442967 0.379026
vt 0.440344 0.378114
vt 0.440344 0.382588
vt 0.053635 0.361594
vt 0.056928 0.281428
vt 0.058125 0.259055
vt 0.049446 0.204765
vt 0.036730 0.177732
vt 0.038997 0.177732
vt 0.058259 0.177732
vt 0.056049 0.194694
vt 0.750000 0.100896
vt 0.925327 0.105187
vt 0.574673 0.105187
vt 0.473993 0.780086
vt 0.488095 0.796233
vt 0.452637 0.858169
vt 0.263624 0.142599
vt 0.256515 0.142599
vt 0.272296 0.102569
vt 0.277842 0.142599
vt 0.301539 0.142599
vt 0.317079 0.095799
vt 0.337085 0.142599
vt 0.375000 0.142599
vt 0.412915 0.142599
vt 0.448461 0.142599
vt 0.461805 0.098989
vt 0.472158 0.142599
vt 0.473594 0.101410
vt 0.486376 0.142599
vt 0.484498 0.104619
vt 0.493485 0.142599
vt 0.055566 0.409851
vt 0.075940 0.385831
vt 0.075940 0.457702
vt 0.075940 0.361594
vt 0.075940 0.281428
vt 0.075940 0.255327
vt 0.457574 0.769895
vt 0.424751 0.862807
vt 0.750000 0.146333
vt 0.925327 0.146333
vt 0.574673 0.146333
vt 0.483735 0.838867
vt 0.025735 0.181297
vt 0.032561 0.188334
vt 0.029680 0.187643
vt 0.263507 0.147503
vt 0.256391 0.147503
vt 0.277740 0.147503
vt 0.301462 0.147503
vt 0.337045 0.147503
vt 0.375000 0.147503
vt 0.412955 0.147503
vt 0.448538 0.147503
vt 0.472260 0.147503
vt 0.486493 0.147503
vt 0.493609 0.147503
vt 0.078564 0.385831
vt 0.078564 0.456516
vt 0.078564 0.361594
vt 0.078564 0.314471
vt 0.078564 0.313352
vt 0.034618 0.189222
vt 0.040431 0.196447
vt 0.032561 0.188334
vt 0.750000 0.151663
vt 0.925327 0.151663
vt 0.574673 0.151663
vt 0.023812 0.177732
vt 0.263171 0.161624
vt 0.256033 0.161624
vt 0.277447 0.161624
vt 0.301240 0.161624
vt 0.336930 0.161624
vt 0.375000 0.161624
vt 0.413070 0.161624
vt 0.448760 0.161624
vt 0.472553 0.161624
vt 0.486829 0.161624
vt 0.493967 0.161624
vt 0.086117 0.385831
vt 0.086117 0.453101
vt 0.086117 0.366616
vt 0.086117 0.365498
vt 0.086117 0.364379
vt 0.750000 0.167011
vt 0.925327 0.167011
vt 0.574673 0.167011
vt 0.262655 0.183258
vt 0.255484 0.183258
vt 0.276997 0.183258
vt 0.300900 0.183258
vt 0.413245 0.183258
vt 0.449100 0.183258
vt 0.473003 0.183258
vt 0.487345 0.183258
vt 0.494516 0.183258
vt 0.097690 0.407473
vt 0.097690 0.447868
vt 0.097690 0.404490
vt 0.097690 0.403371
vt 0.097690 0.402253
vt 0.750000 0.190525
vt 0.925327 0.190525
vt 0.574673 0.190525
vt 0.262022 0.209796
vt 0.254811 0.209796
vt 0.276445 0.209796
vt 0.300483 0.209796
vt 0.336539 0.209796
vt 0.375000 0.209796
vt 0.413461 0.209796
vt 0.449517 0.209796
vt 0.473555 0.209796
vt 0.487978 0.209796
vt 0.495189 0.209796
vt 0.111886 0.427625
vt 0.111886 0.424642
vt 0.111886 0.423523
vt 0.111886 0.422405
vt 0.750000 0.219370
vt 0.925327 0.219370
vt 0.574673 0.219370
vt 0.152762 0.429488
vt 0.141189 0.407473
vt 0.141189 0.432455
vt 0.261686 0.223916
vt 0.254453 0.223916
vt 0.276151 0.223916
vt 0.300261 0.223916
vt 0.336425 0.223916
vt 0.375000 0.223916
vt 0.413575 0.223916
vt 0.449739 0.223916
vt 0.473849 0.223916
vt 0.488314 0.223916
vt 0.495547 0.223916
vt 0.031250 0.914062
vt 0.111886 0.441448
vt 0.119440 0.430202
vt 0.119440 0.438033
vt 0.119440 0.427219
vt 0.119440 0.426101
vt 0.119440 0.424982
vt 0.750000 0.234718
vt 0.925327 0.234718
vt 0.574673 0.234718
vt 0.126993 0.427625
vt 0.126993 0.436096
vt 0.126993 0.424642
vt 0.126993 0.423523
vt 0.126993 0.422405
vt 0.750000 0.250066
vt 0.925327 0.250066
vt 0.574673 0.250066
vt 0.141189 0.404490
vt 0.141189 0.403371
vt 0.141189 0.402253
vt 0.750000 0.278911
vt 0.925327 0.278911
vt 0.574673 0.278911
vt 0.218543 0.191910
vt 0.223689 0.185111
vt 0.217439 0.194326
vt 0.152762 0.366616
vt 0.152762 0.385831
vt 0.152762 0.365498
vt 0.152762 0.364379
vt 0.358592 0.385831
vt 0.317079 0.095799
vt 0.750000 0.302425
vt 0.925327 0.302425
vt 0.574673 0.302425
vt 0.486727 0.622912
vt 0.160316 0.385831
vt 0.160316 0.427551
vt 0.160316 0.361594
vt 0.160316 0.314471
vt 0.160316 0.313352
vt 0.750000 0.317773
vt 0.925327 0.317773
vt 0.574673 0.317773
vt 0.162939 0.385831
vt 0.162939 0.426878
vt 0.162939 0.361594
vt 0.162939 0.281428
vt 0.162939 0.255327
vt 0.486205 0.622129
vt 0.750000 0.323104
vt 0.925327 0.323104
vt 0.574673 0.323104
vt 0.216201 0.385831
vt 0.216201 0.421254
vt 0.216201 0.361594
vt 0.216201 0.281428
vt 0.216201 0.255327
vt 0.049446 0.204765
vt 0.049659 0.205217
vt 0.034618 0.189222
vt 0.750000 0.431326
vt 0.925327 0.431326
vt 0.574673 0.431326
vt 0.025735 0.181297
vt 0.029079 0.187499
vt 0.017353 0.177732
vt 0.259454 0.385831
vt 0.259454 0.426474
vt 0.259454 0.361594
vt 0.259454 0.281428
vt 0.259454 0.255327
vt 0.035026 0.198528
vt 0.031457 0.191910
vt 0.750000 0.519209
vt 0.925327 0.519209
vt 0.574673 0.519209
vt 0.038633 0.205217
vt 0.442967 0.281428
vt 0.457179 0.350781
vt 0.457179 0.344107
vt 0.321243 0.385831
vt 0.321243 0.426847
vt 0.321243 0.361594
vt 0.321243 0.281428
vt 0.321243 0.255327
vt 0.457179 0.321882
vt 0.750000 0.644756
vt 0.925327 0.644756
vt 0.574673 0.644756
vt 0.217798 0.160172
vt 0.213270 0.177732
vt 0.211003 0.175532
vt 0.176602 0.169023
vt 0.176602 0.177732
vt 0.159447 0.177732
vt 0.003163 0.009766
vt 0.010473 0.009766
vt 0.009881 0.052673
vt 0.002533 0.052673
vt 0.025093 0.009766
vt 0.024577 0.052673
vt 0.049461 0.009766
vt 0.049071 0.052673
vt 0.086012 0.009766
vt 0.085811 0.052673
vt 0.125000 0.037251
vt 0.125000 0.052673
vt 0.125000 0.009766
vt 0.163988 0.009766
vt 0.164189 0.052673
vt 0.200539 0.009766
vt 0.200929 0.052673
vt 0.224907 0.009766
vt 0.225423 0.052673
vt 0.239527 0.009766
vt 0.240119 0.052673
vt 0.246837 0.009766
vt 0.247467 0.052673
vt 0.355968 0.281428
vt 0.355968 0.255327
vt 0.750000 0.715314
vt 0.925327 0.715314
vt 0.574673 0.715314
vt 0.088786 0.160172
vt 0.073398 0.169298
vt 0.038997 0.164751
vt 0.038997 0.177732
vt 0.181655 0.207266
vt 0.173521 0.213460
vt 0.181965 0.205217
vt 0.009837 0.055915
vt 0.002486 0.055915
vt 0.024538 0.055915
vt 0.049041 0.055915
vt 0.085795 0.055915
vt 0.125000 0.055915
vt 0.164205 0.055915
vt 0.200959 0.055915
vt 0.225462 0.055915
vt 0.240163 0.055915
vt 0.247514 0.055915
vt 0.499566 0.344815
vt 0.497959 0.341087
vt 0.499566 0.340341
vt 0.180962 0.211850
vt 0.358592 0.314471
vt 0.358592 0.313352
vt 0.750000 0.720644
vt 0.925327 0.720644
vt 0.574673 0.720644
vt 0.442967 0.374552
vt 0.009930 0.065248
vt 0.002585 0.065248
vt 0.024620 0.065248
vt 0.049103 0.065248
vt 0.085827 0.065248
vt 0.125000 0.065248
vt 0.164173 0.065248
vt 0.200897 0.065248
vt 0.225380 0.065248
vt 0.240070 0.065248
vt 0.247415 0.065248
vt 0.366145 0.366616
vt 0.366145 0.365498
vt 0.366145 0.364379
vt 0.750000 0.735992
vt 0.925327 0.735992
vt 0.574673 0.735992
vt 0.355968 0.427829
vt 0.010212 0.079548
vt 0.002885 0.079548
vt 0.024866 0.079548
vt 0.049289 0.079548
vt 0.085923 0.079548
vt 0.125000 0.079548
vt 0.164077 0.079548
vt 0.200711 0.079548
vt 0.225134 0.079548
vt 0.239788 0.079548
vt 0.247115 0.079548
vt 0.226188 0.177732
vt 0.377718 0.404490
vt 0.377718 0.403371
vt 0.377718 0.402253
vt 0.497959 0.345561
vt 0.750000 0.759507
vt 0.925327 0.759507
vt 0.574673 0.759507
vt 0.465247 0.727511
vt 0.010558 0.097089
vt 0.003253 0.097089
vt 0.025168 0.097089
vt 0.049517 0.097089
vt 0.086041 0.097089
vt 0.125000 0.097089
vt 0.163959 0.097089
vt 0.200483 0.097089
vt 0.224832 0.097089
vt 0.239442 0.097089
vt 0.246747 0.097089
vt 0.391914 0.427625
vt 0.391914 0.436067
vt 0.391914 0.424642
vt 0.391914 0.423523
vt 0.391914 0.422405
vt 0.750000 0.788351
vt 0.925327 0.788351
vt 0.574673 0.788351
vt 0.010742 0.106422
vt 0.003449 0.106422
vt 0.025329 0.106422
vt 0.049639 0.106422
vt 0.086104 0.106422
vt 0.125000 0.106422
vt 0.163896 0.106422
vt 0.200361 0.106422
vt 0.224671 0.106422
vt 0.239258 0.106422
vt 0.246551 0.106422
vt 0.399468 0.430202
vt 0.399468 0.438033
vt 0.399468 0.427219
vt 0.399468 0.426101
vt 0.399468 0.424982
vt 0.750000 0.803699
vt 0.925327 0.803699
vt 0.574673 0.803699
vt 0.011668 0.115756
vt 0.004434 0.115756
vt 0.026136 0.115756
vt 0.050249 0.115756
vt 0.086419 0.115756
vt 0.125000 0.115756
vt 0.163581 0.115756
vt 0.199751 0.115756
vt 0.223864 0.115756
vt 0.238332 0.115756
vt 0.245566 0.115756
vt 0.407021 0.427625
vt 0.407021 0.429116
vt 0.407021 0.424642
vt 0.407021 0.423523
vt 0.407021 0.422405
vt 0.750000 0.819047
vt 0.925327 0.819047
vt 0.574673 0.819047
vt 0.013407 0.133297
vt 0.006284 0.133297
vt 0.027653 0.133297
vt 0.051396 0.133297
vt 0.087011 0.133297
vt 0.125000 0.133297
vt 0.162989 0.133297
vt 0.198604 0.133297
vt 0.222347 0.133297
vt 0.236593 0.133297
vt 0.243716 0.133297
vt 0.421217 0.407473
vt 0.421217 0.408964
vt 0.421217 0.404490
vt 0.421217 0.403371
vt 0.421217 0.402253
vt 0.750000 0.847892
vt 0.925327 0.847892
vt 0.574673 0.847892
vt 0.014904 0.147597
vt 0.007877 0.147597
vt 0.028085 0.138031
vt 0.028959 0.147597
vt 0.051723 0.138031
vt 0.038997 0.138031
vt 0.038997 0.139856
vt 0.035839 0.138031
vt 0.028085 0.138031
vt 0.038997 0.147597
vt 0.087180 0.138031
vt 0.073398 0.138031
vt 0.073398 0.142006
vt 0.073398 0.138031
vt 0.063354 0.138031
vt 0.087521 0.147597
vt 0.073398 0.147597
vt 0.125000 0.147597
vt 0.087180 0.138031
vt 0.162820 0.138031
vt 0.162479 0.147597
vt 0.198277 0.138031
vt 0.176602 0.138031
vt 0.176602 0.138918
vt 0.174452 0.138031
vt 0.176602 0.138031
vt 0.176602 0.147597
vt 0.221915 0.138031
vt 0.211003 0.138031
vt 0.211003 0.141199
vt 0.206031 0.138031
vt 0.221041 0.147597
vt 0.211003 0.147597
vt 0.235096 0.147597
vt 0.242123 0.147597
vt 0.432790 0.385831
vt 0.432790 0.392844
vt 0.432790 0.366616
vt 0.432790 0.365498
vt 0.432790 0.364379
vt 0.750000 0.871407
vt 0.925327 0.871407
vt 0.574673 0.871407
vt 0.017663 0.156930
vt 0.010812 0.156930
vt 0.031366 0.156930
vt 0.038997 0.151308
vt 0.073398 0.153033
vt 0.088460 0.156930
vt 0.073398 0.156930
vt 0.125000 0.156930
vt 0.161540 0.156930
vt 0.176602 0.151553
vt 0.211003 0.153541
vt 0.218634 0.156930
vt 0.211003 0.156930
vt 0.232337 0.156930
vt 0.239188 0.156930
vt 0.440344 0.361594
vt 0.440344 0.314471
vt 0.440344 0.313352
vt 0.750000 0.886755
vt 0.925327 0.886755
vt 0.574673 0.886755
vt 0.018621 0.160172
vt 0.011831 0.160172
vt 0.032202 0.160172
vt 0.038997 0.156930
vt 0.038997 0.157984
vt 0.038997 0.157984
vt 0.073398 0.158729
vt 0.073398 0.160172
vt 0.125000 0.160172
vt 0.161214 0.160172
vt 0.176602 0.156930
vt 0.176602 0.158382
vt 0.211003 0.159170
vt 0.211003 0.160172
vt 0.231379 0.160172
vt 0.238169 0.160172
vt 0.442967 0.361594
vt 0.442967 0.255327
vt 0.750000 0.892085
vt 0.925327 0.892085
vt 0.574673 0.892085
vt 0.038997 0.160172
vt 0.125000 0.177732
vt 0.176602 0.160172
vt 0.176602 0.169023
vt 0.211003 0.177732
vt 0.232647 0.177732
vt 0.457179 0.355256
vt 0.457179 0.359730
vt 0.750000 0.920961
vt 0.925327 0.920961
vt 0.574673 0.920961
vt 0.033120 0.205217
vt 0.039181 0.205217
vt 0.035026 0.198528
vt 0.029079 0.187499
vt 0.031457 0.191910
vt 0.029680 0.187643
vt 0.495117 0.812500
vt 0.068035 0.205217
vt 0.125000 0.205217
vt 0.154401 0.205217
vt 0.176602 0.177732
vt 0.191741 0.177732
vt 0.200341 0.205217
vt 0.212465 0.203181
vt 0.211431 0.204291
vt 0.212107 0.194523
vt 0.212107 0.194523
vt 0.212214 0.190538
vt 0.212386 0.190499
vt 0.179655 0.220487
vt 0.187653 0.220487
vt 0.154642 0.228121
vt 0.459993 0.771396
vt 0.461711 0.852537
vt 0.462666 0.851944
vt 0.358592 0.427903
vt 0.211866 0.194757
vt 0.211003 0.190811
vt 0.211029 0.204899
vt 0.211003 0.205217
vt 0.211003 0.204939
vt 0.458404 0.770411
vt 0.458301 0.854654
vt 0.206658 0.191789
vt 0.211003 0.182552
vt 0.211003 0.195592
vt 0.209569 0.196980
vt 0.202513 0.205217
vt 0.201062 0.205217
vt 0.210819 0.205217
vt 0.452637 0.858169
vt 0.458301 0.770346
vt 0.221808 0.190665
vt 0.223397 0.185973
vt 0.219070 0.198749
vt 0.216880 0.205217
vt 0.214274 0.205217
vt 0.211967 0.205217
vt 0.211367 0.205217
vt 0.212465 0.203181
vt 0.223397 0.185973
vt 0.214974 0.198528
vt 0.217439 0.194326
vt 0.473993 0.780086
vt 0.488095 0.796233
vt 0.483735 0.786133
vt 0.479423 0.347798
vt 0.479423 0.352273
vt 0.479423 0.343324
vt 0.479423 0.255327
vt 0.750000 0.966158
vt 0.919529 0.966158
vt 0.580471 0.966158
vt 0.457179 0.321882
vt 0.465477 0.304519
vt 0.479138 0.342533
vt 0.472094 0.322931
vt 0.479423 0.342513
vt 0.479423 0.323437
vt 0.479423 0.307685
vt 0.062347 0.220487
vt 0.058348 0.220487
vt 0.040431 0.205994
vt 0.041066 0.206388
vt 0.041960 0.206819
vt 0.069801 0.220084
vt 0.070345 0.220487
vt 0.068127 0.219419
vt 0.446594 0.765826
vt 0.452637 0.766831
vt 0.069204 0.220487
vt 0.061931 0.216998
vt 0.343191 0.782028
vt 0.410156 0.759766
vt 0.078504 0.215438
vt 0.083676 0.220487
vt 0.075632 0.216876
vt 0.068254 0.213564
vt 0.051554 0.206068
vt 0.069801 0.220085
vt 0.076592 0.220487
vt 0.069801 0.220085
vt 0.072682 0.218500
vt 0.069801 0.215289
vt 0.061931 0.211312
vt 0.054448 0.208752
vt 0.336578 0.786133
vt 0.336580 0.786132
vt 0.397246 0.863087
vt 0.073398 0.205217
vt 0.088834 0.205217
vt 0.103671 0.220487
vt 0.078504 0.215438
vt 0.125000 0.220487
vt 0.146329 0.220487
vt 0.168951 0.217923
vt 0.166324 0.220487
vt 0.199499 0.205839
vt 0.196309 0.208193
vt 0.188069 0.211402
vt 0.180631 0.214037
vt 0.180438 0.215313
vt 0.180199 0.220085
vt 0.180199 0.220085
vt 0.337521 0.839453
vt 0.367676 0.858169
vt 0.336580 0.786131
vt 0.332031 0.937500
vt 0.169912 0.220487
vt 0.177318 0.218554
vt 0.175536 0.220487
vt 0.179750 0.219855
vt 0.334805 0.790239
vt 0.336578 0.838867
vt 0.199974 0.205659
vt 0.198851 0.207010
vt 0.189104 0.219552
vt 0.188372 0.219621
vt 0.191568 0.215775
vt 0.200783 0.212032
vt 0.191977 0.215283
vt 0.198819 0.211932
vt 0.207672 0.207596
vt 0.198819 0.211932
vt 0.209569 0.206010
vt 0.410156 0.759766
vt 0.383120 0.764262
vt 0.410284 0.865213
vt 0.198819 0.207025
vt 0.195552 0.208752
vt 0.198819 0.207025
vt 0.180199 0.220084
vt 0.188069 0.217102
vt 0.397246 0.863087
vt 0.410156 0.865234
vt 0.195231 0.217715
vt 0.205730 0.209583
vt 0.191652 0.220487
vt 0.209796 0.206433
vt 0.491781 0.342205
vt 0.491781 0.346680
vt 0.491781 0.337731
vt 0.487686 0.281428
vt 0.488359 0.284177
vt 0.491696 0.281849
vt 0.489941 0.290643
vt 0.490329 0.292375
vt 0.491781 0.281428
vt 0.491781 0.281788
vt 0.491781 0.289933
vt 0.491781 0.298854
vt 0.480665 0.255327
vt 0.481262 0.257434
vt 0.489999 0.259090
vt 0.481262 0.257434
vt 0.484825 0.270016
vt 0.485690 0.273465
vt 0.491781 0.255327
vt 0.491781 0.259444
vt 0.491781 0.272228
vt 0.485690 0.273465
vt 0.750000 0.991267
vt 0.914852 0.968681
vt 0.585148 0.968681
vt 0.627019 0.991267
vt 0.482203 0.261198
vt 0.482792 0.341799
vt 0.489084 0.325445
vt 0.486202 0.312313
vt 0.482174 0.293961
vt 0.479423 0.289911
vt 0.491781 0.325982
vt 0.491781 0.315985
vt 0.491781 0.307696
vt 0.482174 0.293961
vt 0.491781 0.298854
vt 0.482792 0.341799
vt 0.095358 0.228121
vt 0.093466 0.228121
vt 0.063310 0.220487
vt 0.067238 0.221501
vt 0.105449 0.228121
vt 0.099142 0.228121
vt 0.114909 0.228121
vt 0.125000 0.228121
vt 0.135091 0.228121
vt 0.144551 0.228121
vt 0.150858 0.228121
vt 0.473594 0.063214
vt 0.156534 0.228121
vt 0.494823 0.337180
vt 0.497959 0.336612
vt 0.494075 0.316827
vt 0.493635 0.320831
vt 0.492904 0.312167
vt 0.491967 0.281428
vt 0.493685 0.281428
vt 0.492553 0.286483
vt 0.493635 0.320831
vt 0.495503 0.323055
vt 0.497959 0.327907
vt 0.497959 0.333761
vt 0.496405 0.261893
vt 0.494278 0.270876
vt 0.497959 0.255327
vt 0.497959 0.262759
vt 0.497959 0.268806
vt 0.495017 0.275596
vt 0.497915 0.336215
vt 0.497959 0.336190
vt 0.497959 0.329602
vt 0.872981 0.991267
vt 0.750000 0.998047
vt 0.808185 0.998047
vt 0.653347 0.994022
vt 0.691815 0.998047
vt 0.496067 0.273433
vt 0.495736 0.272033
vt 0.494958 0.275596
vt 0.493755 0.263666
vt 0.494291 0.255327
vt 0.497959 0.262717
vt 0.496945 0.336796
vt 0.313623 0.043602
vt 0.492837 0.312167
vt 0.491818 0.299325
vt 0.492455 0.287453
vt 0.492517 0.286483
vt 0.492842 0.281428
vt 0.492517 0.286483
vt 0.496945 0.336796
vt 0.121632 0.230106
vt 0.121417 0.230106
vt 0.122062 0.230106
vt 0.122778 0.230106
vt 0.123853 0.230106
vt 0.123539 0.230106
vt 0.125000 0.230106
vt 0.126147 0.230106
vt 0.127222 0.230106
vt 0.127938 0.230106
vt 0.128368 0.230106
vt 0.127941 0.230106
vt 0.128583 0.230106
vt 0.499296 0.335992
vt 0.499566 0.335866
vt 0.499566 0.337643
vt 0.498020 0.334524
vt 0.498166 0.336516
vt 0.498177 0.329143
vt 0.498371 0.330329
vt 0.499566 0.332509
vt 0.498371 0.330329
vt 0.498970 0.255327
vt 0.499566 0.255327
vt 0.499417 0.257746
vt 0.499004 0.264461
vt 0.498824 0.267382
vt 0.498254 0.268322
vt 0.497959 0.269970
vt 0.498254 0.268322
vt 0.499566 0.265424
vt 0.499566 0.266111
vt 0.775738 0.998047
vt 0.743388 0.998047
vt 0.498209 0.259376
vt 0.498241 0.268322
vt 0.498622 0.266092
vt 0.498710 0.267515
vt 0.499493 0.333384
vt 0.499462 0.332330
vt 0.498360 0.330329
vt 0.498360 0.330329
vt 0.499566 0.333258
vt 0.499566 0.340184
vt 0.473347 0.602860
vt 0.496729 0.325623
vt 0.495410 0.323055
vt 0.473347 0.733078
vt 0.465247 0.736552
vt 0.051181 0.211842
vt 0.474623 0.731165
vt 0.481556 0.720776
vt 0.397278 0.740234
vt 0.400581 0.740234
vt 0.397278 0.738997
vt 0.456661 0.740234
vt 0.363651 0.740234
vt 0.363531 0.740183
vt 0.394431 0.740234
vt 0.363532 0.740183
vt 0.031250 0.914062
vt 0.448389 0.740234
vt 0.481556 0.720776
vt 0.211008 0.205217
vt 0.486727 0.713026
vt 0.492265 0.691418
vt 0.397278 0.659367
vt 0.326367 0.684858
vt 0.346966 0.733078
vt 0.040431 0.196447
vt 0.326159 0.660617
vt 0.326159 0.684049
vt 0.333230 0.711641
vt 0.346966 0.733078
vt 0.326159 0.660617
vt 0.486727 0.713026
vt 0.401006 0.595703
vt 0.456661 0.595703
vt 0.336098 0.619147
vt 0.326159 0.651888
vt 0.346966 0.602860
vt 0.363651 0.595703
vt 0.051181 0.206989
vt 0.047487 0.205217
vt 0.392298 0.595703
vt 0.397278 0.595703
vt 0.491820 0.299325
vt 0.329736 0.637931
vt 0.346966 0.602860
vt 0.460269 0.597251
vt 0.456661 0.595703
vt 0.031250 0.914063
vt 0.476562 0.937500
vt 0.010156 0.888281
vt 0.011422 0.884766
vt 0.010156 0.884766
vt 0.073437 0.884766
vt 0.078516 0.891094
vt 0.078516 0.884766
vt 0.085156 0.891094
vt 0.085156 0.884766
vt 0.091797 0.891094
vt 0.091797 0.884766
vt 0.098438 0.884766
vt 0.098438 0.891094
vt 0.105078 0.884766
vt 0.105078 0.891094
vt 0.110156 0.884766
vt 0.051078 0.884766
vt 0.052344 0.888281
vt 0.052344 0.884766
vt 0.010156 0.903516
vt 0.011422 0.888281
vt 0.133000 0.918516
vt 0.138891 0.891094
vt 0.133000 0.891094
vt 0.146594 0.918516
vt 0.146594 0.891094
vt 0.154297 0.918516
vt 0.154297 0.891094
vt 0.162000 0.891094
vt 0.162000 0.918516
vt 0.169703 0.891094
vt 0.175594 0.918516
vt 0.175594 0.891094
vt 0.051078 0.888281
vt 0.052344 0.903516
vt 0.010156 0.922266
vt 0.011422 0.903516
vt 0.133000 0.952266
vt 0.138891 0.918516
vt 0.138891 0.952266
vt 0.146594 0.952266
vt 0.162000 0.952266
vt 0.169703 0.952266
vt 0.169703 0.918516
vt 0.175594 0.952266
vt 0.051078 0.903516
vt 0.052344 0.922266
vt 0.010156 0.939844
vt 0.011422 0.922266
vt 0.133000 0.983906
vt 0.138891 0.983906
vt 0.146594 0.983906
vt 0.154297 0.952266
vt 0.162000 0.983906
vt 0.169703 0.983906
vt 0.175594 0.983906
vt 0.051078 0.922266
vt 0.052344 0.939844
vt 0.010156 0.943359
vt 0.011422 0.939844
vt 0.011422 0.943359
vt 0.016906 0.939844
vt 0.016906 0.943359
vt 0.024078 0.939844
vt 0.024078 0.943359
vt 0.031250 0.939844
vt 0.038422 0.943359
vt 0.038422 0.939844
vt 0.045594 0.943359
vt 0.045594 0.939844
vt 0.051078 0.943359
vt 0.051078 0.939844
vt 0.052344 0.943359
vt 0.200879 0.969141
vt 0.237695 0.905859
vt 0.200879 0.905859
vt 0.237695 0.969141
vt 0.134473 0.905859
vt 0.171289 0.969141
vt 0.171289 0.905859
vt 0.134473 0.969141
vt 0.220703 0.937500
vt 0.180918 0.969141
vt 0.171289 0.986543
vt 0.171289 0.888457
vt 0.220703 0.937500
vt 0.192383 0.865234
vt 0.315430 0.619141
vt 0.192383 0.619141
vt 0.091797 0.937500
vt 0.154297 0.937500
vt 0.281250 0.937500
vt 0.212386 0.190499
vt 0.218543 0.191910
vt 0.214974 0.198528
vt 0.457574 0.769895
vt 0.424751 0.862807
vt 0.223689 0.185111
vt 0.410156 0.865234
vt 0.367676 0.766831
vt 0.072682 0.218500
vt 0.061931 0.211312
vt 0.367676 0.858169
vt 0.336578 0.838867
vt 0.325195 0.812500
vt 0.336578 0.786133
vt 0.180199 0.215430
vt 0.424751 0.862807
vt 0.452637 0.766831
vt 0.211967 0.205217
vt 0.169912 0.220487
vt 0.497959 0.269970
vt 0.492837 0.312167
vt 0.499566 0.258600
vt 0.756612 0.998047
vt 0.499566 0.260885
vt 0.494958 0.275596
vt 0.494153 0.684049
vt 0.494153 0.651888
vt 0.493123 0.647868
vt 0.486727 0.622912
vt 0.061931 0.216998
vt 0.363651 0.740234
vt 0.333585 0.713026
vt 0.333585 0.713026
vt 0.326159 0.684049
vt 0.333585 0.622912
vt 0.326159 0.651888
vt 0.333585 0.622912
vt 0.073437 0.891094
vt 0.110156 0.891094
vt 0.154297 0.983906
vt 0.031250 0.943359
vt 0.127959 0.905859
vt 0.129941 0.892148
vt 0.137305 0.888457
vt 0.137305 0.986543
vt 0.178086 0.892148
vt 0.127959 0.969141
vt 0.180918 0.905859
vt 0.178652 0.981797
vt 0.130508 0.983906
vt 0.315430 0.865234
vn -0.620600 0.360100 0.696500
vn -0.519600 0.769100 0.372300
vn -0.749300 0.393600 0.532600
vn -0.791100 0.243100 0.561300
vn -0.815600 0.337700 0.469800
vn -0.377200 0.706000 0.599400
vn -0.326200 0.875300 0.356900
vn -0.408600 0.780800 0.472600
vn -0.574800 0.384600 0.722300
vn -0.413200 0.833900 0.365800
vn -0.153200 0.866900 0.474300
vn -0.134800 0.931100 0.339000
vn -0.153100 0.915700 0.371600
vn -0.303800 0.515900 0.801000
vn -0.394200 0.487000 0.779400
vn -0.352000 0.607200 0.712300
vn -0.150000 0.928100 0.340900
vn -0.047300 0.561500 0.826100
vn -0.077200 0.872500 0.482400
vn -0.089700 0.557600 0.825200
vn -0.128600 0.752000 0.646500
vn -0.123800 0.553800 0.823400
vn -0.540200 -0.807600 -0.236600
vn -0.877700 -0.294000 -0.378500
vn -0.704600 -0.211700 -0.677300
vn -0.019000 0.999600 0.022600
vn 0.000300 0.999700 0.024300
vn 0.000400 0.999700 0.024500
vn -0.029800 0.946200 0.322300
vn -0.057500 0.943200 0.327100
vn -0.095000 0.938100 0.333100
vn -0.186900 0.545000 0.817300
vn -0.168500 0.620600 0.765800
vn 0.000000 0.566000 0.824400
vn 0.000000 0.948100 0.317900
vn 0.040500 0.797800 0.601500
vn 0.029700 0.946200 0.322300
vn 0.140600 0.551700 0.822100
vn 0.134700 0.931100 0.339000
vn 0.087900 0.692800 0.715800
vn 0.047300 0.561400 0.826200
vn 0.087900 0.692800 0.715700
vn 0.380600 0.684000 0.622300
vn 0.326200 0.875300 0.357000
vn 0.320000 0.845600 0.427200
vn 0.283900 0.719700 0.633600
vn 0.186900 0.545000 0.817300
vn 0.350100 0.501800 0.791000
vn 0.295000 0.887200 0.354900
vn 0.901400 0.304400 0.307900
vn 0.973800 0.125000 0.189800
vn 0.851600 0.490500 0.184900
vn 0.135400 0.990800 0.000000
vn -0.925000 -0.308100 -0.222300
vn -0.942100 0.335200 0.003900
vn -0.933000 0.359800 0.003700
vn 0.390400 0.294400 0.872300
vn 0.364600 0.468600 0.804700
vn 0.408500 0.401100 0.819900
vn 0.394200 0.487000 0.779400
vn 0.438400 0.464900 0.769200
vn 0.424600 0.532700 0.732100
vn 0.496800 0.653800 0.570700
vn 0.519600 0.769100 0.372300
vn 0.424800 0.827700 0.366800
vn 0.791100 0.243000 0.561300
vn 0.686700 0.481500 0.544700
vn 0.684400 0.321800 0.654300
vn 0.574800 0.384600 0.722300
vn 0.825600 0.442400 0.350200
vn 0.666700 0.645800 0.372100
vn 0.927900 0.105200 0.357800
vn 0.969900 0.013800 0.243000
vn 0.930100 0.091600 0.355800
vn 0.859000 0.184900 0.477500
vn 0.856200 0.183500 0.482900
vn 0.791200 0.243000 0.561300
vn 0.950100 0.138600 0.279600
vn 0.895800 0.306300 0.322200
vn 0.825700 0.442300 0.350200
vn 0.965800 0.040000 0.256200
vn 0.774800 -0.213900 0.595000
vn 0.963300 -0.143700 0.226800
vn 0.690000 -0.504500 0.519000
vn 0.859200 -0.427900 0.280600
vn 0.470800 -0.776800 0.418300
vn 0.459700 -0.857700 0.230400
vn 0.025500 -0.997500 0.065700
vn 0.026900 -0.998100 0.055000
vn 0.028100 -0.997200 0.068800
vn 0.023200 -0.994800 0.098800
vn -0.043900 0.866700 -0.496900
vn -0.054100 0.849500 -0.524900
vn -0.119300 0.827500 -0.548600
vn -0.029800 0.947300 -0.319000
vn -0.025600 0.857600 -0.513700
vn 0.003800 -0.998500 0.054100
vn 0.000500 -0.999100 0.042100
vn 0.000900 -0.998600 0.052900
vn 0.003200 -0.997600 0.069500
vn -0.005400 -0.998500 0.055000
vn -0.005600 -0.997500 0.070100
vn -0.110900 0.897600 -0.426700
vn -0.104100 0.936300 -0.335400
vn -0.270900 0.805600 -0.526900
vn -0.245800 0.763900 -0.596700
vn -0.387400 0.665100 -0.638400
vn -0.023600 -0.998000 0.059300
vn -0.035900 -0.996700 0.073400
vn -0.042200 -0.992800 0.112300
vn -0.020500 -0.997300 0.070800
vn -0.470700 -0.776800 0.418300
vn -0.690000 -0.504500 0.519000
vn -0.859200 -0.427900 0.280500
vn -0.459700 -0.857700 0.230400
vn -0.774800 -0.213900 0.595000
vn -0.963300 -0.143700 0.226700
vn -0.965800 0.040000 0.256200
vn -0.969900 0.013900 0.243000
vn -0.825700 0.442300 0.350200
vn -0.476700 0.865600 0.153200
vn -0.851600 0.490500 0.184900
vn -0.278700 0.950600 0.136400
vn -0.414500 0.870100 0.266800
vn -0.400300 0.904500 0.147400
vn -0.130100 0.981800 0.138400
vn -0.102500 0.988900 0.107800
vn -0.124000 0.986000 0.111400
vn -0.048900 0.986800 0.154100
vn -0.092700 0.964200 0.248600
vn 0.000000 -0.566300 0.824200
vn 0.000000 -0.806300 0.591500
vn 0.000000 -0.817500 0.576000
vn 0.510800 0.092600 0.854700
vn 0.514600 0.070600 0.854500
vn 0.513000 0.012300 0.858300
vn 0.000100 0.995700 0.092200
vn -0.020900 0.995400 0.093500
vn 0.020900 0.995400 0.093500
vn 0.120900 0.964300 0.235400
vn 0.102200 0.989000 0.107400
vn 0.099500 0.987100 0.125100
vn 0.095900 0.989700 0.106600
vn 0.918200 -0.341500 -0.200600
vn 0.944800 0.327600 0.005200
vn 0.992800 -0.094500 -0.074200
vn -0.982400 -0.185900 -0.017400
vn -0.984100 -0.176700 0.015100
vn -0.998100 -0.058800 0.015600
vn 0.158900 0.926200 0.342000
vn 0.152000 0.934000 0.323300
vn 0.249200 0.946300 0.205900
vn 0.278700 0.950600 0.136400
vn 0.221500 0.966800 0.127500
vn 0.400500 0.867200 0.296100
vn 0.476700 0.865600 0.153200
vn 0.340800 0.929300 0.142300
vn 0.639300 0.701900 0.314100
vn 0.559700 0.812600 0.162800
vn 0.963900 0.113900 0.240700
vn 0.982500 -0.031600 0.183600
vn -0.892500 0.224100 -0.391500
vn -0.952900 -0.072700 -0.294300
vn -0.887200 0.231400 -0.399300
vn 0.204800 0.978800 0.000000
vn 0.224800 0.974400 0.000000
vn 0.972100 -0.159100 0.172400
vn 0.904000 -0.374100 0.207000
vn 0.512300 -0.838700 0.184600
vn 0.019500 -0.996700 0.079400
vn 0.010300 -0.996300 0.085200
vn -0.391600 0.665200 -0.635800
vn -0.474200 0.770400 -0.426200
vn -0.444600 0.791000 -0.420400
vn -0.169200 0.922000 -0.348300
vn 0.000900 -0.998200 0.060300
vn 0.001400 -0.997400 0.072100
vn -0.003600 -0.997400 0.071600
vn -0.474100 0.770400 -0.426200
vn -0.620400 0.453600 -0.639800
vn -0.656800 0.470300 -0.589400
vn -0.519900 0.599400 -0.608600
vn -0.018900 -0.996200 0.085200
vn -0.009800 -0.997000 0.076200
vn -0.904000 -0.374100 0.207000
vn -0.512400 -0.838700 0.184500
vn -0.972100 -0.159100 0.172400
vn -0.982500 -0.031600 0.183600
vn -0.593200 0.804900 -0.015600
vn -0.927800 0.371700 0.030600
vn -0.315200 0.948600 0.027100
vn -0.094800 0.994700 0.040600
vn -0.070800 0.992200 0.102300
vn -0.017300 0.999200 0.037100
vn 0.000200 0.999300 0.037000
vn 0.016200 0.999200 0.036000
vn 0.096300 0.994600 0.038500
vn 0.326000 0.944600 0.037000
vn 0.596300 0.802700 0.009900
vn 0.922600 0.383500 0.042700
vn 0.994300 -0.055300 0.090600
vn 0.922600 0.383400 0.042700
vn 0.981700 -0.170700 0.084000
vn 0.939600 -0.320200 0.121300
vn 0.887500 -0.440200 0.136200
vn 0.004400 -0.997800 0.065400
vn 0.000000 -0.997600 0.069200
vn -0.573100 0.447300 -0.686700
vn -0.430800 0.622600 -0.653300
vn 0.000300 -0.999600 0.027800
vn 0.000000 -0.999500 0.030500
vn -0.000700 -0.999600 0.029900
vn -0.625900 0.545200 -0.557600
vn -0.709300 0.493000 -0.503800
vn -0.670700 0.491800 -0.555300
vn -0.004600 -0.997900 0.065000
vn 0.000000 -0.998100 0.060900
vn -0.897900 -0.354600 -0.260900
vn -0.900500 -0.434800 0.008300
vn -0.981500 -0.171700 0.084400
vn -0.994600 -0.055100 0.087600
vn -0.610900 0.790600 -0.042400
vn -0.929600 0.368300 -0.011800
vn -0.328500 0.944500 -0.007100
vn -0.095300 0.995300 0.016400
vn -0.016400 0.999600 0.022900
vn 0.000100 0.999700 0.024400
vn 0.016800 0.999600 0.022600
vn 0.097900 0.995100 0.015200
vn 0.332400 0.943100 -0.010800
vn 0.610500 0.790600 -0.047700
vn 0.926800 0.375300 -0.016300
vn 0.997500 -0.060300 0.037200
vn 0.983500 -0.177900 -0.033600
vn 0.972800 -0.229500 -0.030900
vn 0.413400 -0.213800 -0.885100
vn 0.444400 -0.209900 -0.870900
vn 0.074300 -0.310800 -0.947600
vn 0.049200 -0.348200 -0.936100
vn 0.000000 -0.135200 -0.990800
vn 0.000000 -0.274300 -0.961700
vn 0.000000 -0.291600 -0.956500
vn -0.593400 0.576900 -0.561300
vn 1.000000 0.000000 0.000000
vn 0.000000 -1.000000 0.000000
vn -0.725100 0.499400 -0.474100
vn -1.000000 0.000000 0.000000
vn -0.698700 -0.359000 -0.618800
vn -0.035600 -0.250700 -0.967400
vn -0.983400 -0.180300 0.020800
vn -0.997500 -0.056900 0.040800
vn -0.635200 0.771300 -0.041000
vn -0.936000 0.351900 -0.007900
vn -0.346000 0.938200 -0.008400
vn -0.100800 0.994800 0.015600
vn -0.017300 0.999600 0.022700
vn 0.000200 0.999700 0.024400
vn 0.018100 0.999600 0.022600
vn 0.105000 0.994400 0.014800
vn 0.351700 0.936100 -0.010300
vn 0.634100 0.772000 -0.043500
vn 0.932400 0.361200 -0.011500
vn 0.995600 -0.092400 -0.016200
vn 0.991100 -0.132500 -0.014900
vn 0.950600 -0.230700 -0.207600
vn 0.215800 -0.955400 -0.201800
vn 0.176300 -0.734300 -0.655500
vn 0.190700 -0.844400 -0.500700
vn 0.131600 -0.528700 -0.838500
vn 0.000000 -0.550100 -0.835100
vn 0.000000 -0.566200 -0.824300
vn -0.132800 -0.557700 -0.819400
vn -0.136800 -0.529700 -0.837100
vn -0.755300 -0.453200 -0.473400
vn -0.996700 -0.080700 0.006800
vn -0.669700 0.741700 -0.037600
vn -0.944100 0.329800 -0.004200
vn -0.373700 0.927500 -0.008300
vn -0.110400 0.993800 0.015100
vn 0.020000 0.999500 0.022500
vn 0.115400 0.993200 0.014700
vn 0.379600 0.925100 -0.008900
vn 0.667900 0.743200 -0.038400
vn 0.940600 0.339300 -0.007100
vn 0.928200 -0.343500 -0.142700
vn 0.940700 0.339200 -0.007100
vn 0.897000 -0.404800 -0.177700
vn 0.860000 -0.449300 -0.242000
vn 0.471800 -0.713600 -0.518000
vn 0.000000 -0.806300 -0.591500
vn 0.000000 -0.817200 -0.576300
vn -0.498200 -0.754100 -0.427900
vn -0.485200 -0.714500 -0.504000
vn -0.861700 -0.416900 -0.289200
vn -0.992400 -0.104300 0.064500
vn -0.993700 -0.104500 0.041300
vn -0.936000 -0.311600 -0.163600
vn -0.944100 0.329700 -0.004200
vn 0.980500 -0.182800 -0.071700
vn 0.998100 -0.058800 0.015600
vn 0.983800 -0.178500 0.014000
vn -0.704900 0.708300 -0.036300
vn -0.951800 0.306700 -0.003200
vn -0.405000 0.914300 -0.008900
vn -0.122100 0.992400 0.014700
vn -0.021000 0.999500 0.022500
vn 0.000200 0.999700 0.024300
vn 0.021900 0.999500 0.022800
vn 0.126400 0.991800 0.016300
vn 0.410000 0.912100 -0.004600
vn 0.703600 0.709900 -0.031600
vn 0.949100 0.314900 -0.003200
vn 0.941600 -0.333100 -0.048400
vn 0.715400 -0.674700 -0.181500
vn 0.985800 -0.164000 0.035100
vn 0.375400 0.832700 0.407000
vn 0.395400 0.877200 0.272400
vn 0.394800 0.880800 0.261400
vn 0.984200 -0.175300 0.026900
vn 0.000000 -0.962100 -0.272700
vn 0.000000 -0.964800 -0.263100
vn -0.983500 -0.176900 0.038400
vn -0.985200 -0.165000 0.047300
vn -0.718000 -0.672200 -0.180700
vn -0.371900 0.824900 0.425700
vn -0.396000 0.878400 0.267700
vn -0.392800 0.875900 0.280200
vn -0.941700 -0.333100 -0.048300
vn 0.000000 -0.135200 0.990800
vn 0.000000 -0.291700 0.956500
vn 0.000000 -0.274300 0.961700
vn -0.954900 0.289100 -0.067300
vn -0.928800 -0.343800 0.138600
vn -0.954100 0.291900 -0.067300
vn -0.721500 0.689700 -0.061300
vn -0.956400 0.290100 -0.034500
vn -0.423500 0.904700 -0.045500
vn -0.130500 0.991000 -0.028800
vn -0.022500 0.999500 -0.023000
vn 0.000100 0.999800 -0.021700
vn 0.022900 0.999500 -0.022700
vn 0.132600 0.990800 -0.027100
vn 0.426100 0.903700 -0.040800
vn 0.721500 0.690200 -0.055300
vn 0.955300 0.293900 -0.032300
vn 0.196900 0.399700 0.895300
vn 0.200800 0.084800 0.976000
vn 0.327100 0.258200 0.909000
vn 0.939200 -0.343300 -0.002100
vn 0.726500 -0.687200 -0.001400
vn 0.370100 0.929000 -0.003100
vn 0.370100 0.929000 -0.003500
vn 1.000000 -0.002500 -0.006500
vn 1.000000 -0.002800 -0.005900
vn 0.000000 -1.000000 -0.000200
vn -1.000000 -0.002800 0.001500
vn -1.000000 -0.002400 0.002100
vn -0.370100 0.929000 0.001500
vn -0.370100 0.929000 0.001800
vn -0.939200 -0.343300 -0.002200
vn -0.726500 -0.687200 -0.001700
vn -0.723500 0.685200 -0.084400
vn -0.953000 0.295400 -0.067400
vn -0.426300 0.900900 -0.081100
vn -0.131900 0.988600 -0.072100
vn -0.022900 0.997400 -0.068400
vn 0.000000 0.997700 -0.067900
vn 0.023000 0.997400 -0.068400
vn 0.132600 0.988500 -0.072400
vn 0.427000 0.900500 -0.081700
vn 0.723200 0.685400 -0.085000
vn 0.952600 0.296700 -0.067800
vn 0.941800 -0.333200 0.044100
vn 0.952600 0.296600 -0.067800
vn 0.718500 -0.672400 0.177800
vn 0.392700 0.875500 -0.281400
vn 0.395900 0.877800 -0.269700
vn 0.985000 -0.164900 -0.051600
vn 0.983300 -0.176700 -0.042800
vn 0.000000 -0.962100 0.272700
vn 0.000000 -0.964900 0.262700
vn -0.985700 -0.164000 -0.039500
vn -0.984000 -0.175200 -0.031300
vn -0.394700 0.880200 -0.263400
vn -0.395400 0.876800 -0.273600
vn -0.941800 -0.333300 0.044100
vn -0.715900 -0.675000 0.178600
vn -0.953000 0.295300 -0.067400
vn -0.728400 0.679900 -0.084600
vn -0.431000 0.898600 -0.081600
vn -0.133700 0.988400 -0.072300
vn -0.023200 0.997400 -0.068400
vn 0.023300 0.997400 -0.068400
vn 0.134500 0.988300 -0.072300
vn 0.431900 0.898300 -0.081300
vn 0.728100 0.680200 -0.084400
vn 0.953600 0.293300 -0.067300
vn 0.936600 -0.311900 0.159500
vn 0.953700 0.293300 -0.067300
vn 0.862700 -0.417200 0.285900
vn 0.371700 0.824300 -0.427000
vn 0.993500 -0.104300 -0.045600
vn 0.486000 -0.715000 0.502600
vn 0.499100 -0.754700 0.425700
vn -0.860800 -0.449700 0.238300
vn -0.472500 -0.714000 0.516700
vn -0.375300 0.832100 -0.408300
vn -0.897600 -0.405000 0.173900
vn -0.732500 0.675500 -0.084600
vn -0.954900 0.289200 -0.067300
vn -0.435100 0.896700 -0.081600
vn -0.135400 0.988100 -0.072300
vn -0.023500 0.997400 -0.068400
vn 0.023600 0.997400 -0.068400
vn 0.136100 0.988100 -0.072200
vn 0.435900 0.896400 -0.081200
vn 0.732300 0.675800 -0.084100
vn 0.954500 0.290400 -0.067200
vn 0.656800 0.470300 -0.589400
vn 0.727400 0.418100 -0.544200
vn 0.648800 0.455500 -0.609600
vn 0.936900 0.349700 0.003100
vn 0.756400 -0.454000 0.471000
vn 0.996700 -0.080500 -0.011200
vn 0.992200 -0.104200 -0.068700
vn 0.133000 -0.557900 0.819200
vn 0.137000 -0.529800 0.837000
vn -0.998300 -0.058800 0.002100
vn 0.000000 -0.821200 0.570700
vn 0.000000 -0.966600 0.256300
vn 0.481100 0.230500 0.845800
vn -0.176700 -0.735000 0.654700
vn -0.131800 -0.528700 0.838500
vn -0.991200 -0.132300 0.010500
vn -0.191000 -0.844300 0.500700
vn -0.995700 -0.092300 0.011700
vn -0.735000 0.672800 -0.084700
vn -0.955400 0.287600 -0.067500
vn -0.437800 0.895400 -0.081500
vn -0.136600 0.988000 -0.072300
vn -0.023700 0.997400 -0.068400
vn 0.000000 0.997700 -0.067800
vn 0.023800 0.997400 -0.068300
vn 0.137000 0.987900 -0.072000
vn 0.438300 0.895200 -0.080900
vn 0.734900 0.672900 -0.084000
vn 0.955100 0.288400 -0.067300
vn 0.954600 0.290400 -0.067200
vn 0.997400 -0.056800 -0.045200
vn 0.983300 -0.180000 -0.025100
vn 0.700000 -0.359500 0.617100
vn 0.035700 -0.250600 0.967400
vn -0.049300 -0.348400 0.936100
vn -0.074400 -0.310800 0.947500
vn -0.216100 -0.955500 0.200800
vn -0.951600 -0.230500 0.203200
vn -0.983700 -0.177700 0.029200
vn -0.973000 -0.229100 0.026600
vn -0.997300 -0.060200 -0.041700
vn -0.955400 0.287500 -0.067500
vn -0.735900 0.675300 -0.049400
vn -0.957700 0.286700 -0.026100
vn -0.435900 0.897900 -0.061200
vn -0.135700 0.988700 -0.064300
vn -0.023600 0.997700 -0.064200
vn 0.000000 0.997900 -0.064100
vn 0.023500 0.997700 -0.063800
vn 0.135100 0.988800 -0.062800
vn 0.435600 0.898300 -0.057600
vn 0.736300 0.675100 -0.045300
vn 0.957900 0.286000 -0.024300
vn 0.998300 -0.057000 -0.007700
vn 0.985200 -0.171500 -0.007800
vn 0.875900 -0.341900 0.340500
vn 0.889400 -0.428600 0.159100
vn 0.478600 0.237500 0.845300
vn 0.108200 0.284000 0.952700
vn 0.103200 0.171100 0.979800
vn 0.097800 0.153200 0.983300
vn 0.085300 0.503400 0.859800
vn 0.105200 0.504200 0.857200
vn 0.000000 -0.564000 -0.825700
vn 0.000000 -0.813900 -0.581000
vn 0.090300 0.995900 0.000000
vn 0.086000 0.996300 0.000000
vn -0.414800 -0.214100 0.884400
vn -0.445800 -0.210200 0.870100
vn -0.984900 -0.173000 -0.006200
vn -0.946000 -0.323100 0.025400
vn -0.998300 -0.056900 -0.007600
vn -0.957700 0.286600 -0.026100
vn -0.716800 0.697200 0.008800
vn -0.954100 0.298500 0.022500
vn -0.420600 0.907200 -0.011700
vn -0.129600 0.991200 -0.026600
vn -0.022400 0.999300 -0.030900
vn -0.000100 0.999500 -0.031500
vn 0.022000 0.999300 -0.030800
vn 0.127900 0.991400 -0.026100
vn 0.419200 0.907800 -0.010500
vn 0.717600 0.696400 0.010300
vn 0.954900 0.296000 0.023200
vn 0.998000 -0.057700 0.024900
vn 0.984500 -0.173600 0.024300
vn 0.942600 -0.333200 0.022100
vn 0.901900 -0.431500 0.020600
vn -0.391700 0.665100 -0.635800
vn -0.390100 0.663000 -0.639000
vn -0.679600 0.480300 -0.554500
vn -0.875200 0.177400 -0.450000
vn -0.903900 -0.426900 0.025100
vn -0.942600 -0.333300 0.021900
vn -0.901600 -0.432000 0.020400
vn -0.984600 -0.173300 0.024100
vn -0.998000 -0.057700 0.024900
vn -0.954200 0.298400 0.022500
vn -0.688100 0.725000 0.029300
vn -0.945100 0.325800 0.023000
vn -0.394900 0.918300 0.027600
vn -0.119900 0.992500 0.022600
vn -0.020800 0.999600 0.020100
vn 0.000000 0.999800 0.019600
vn 0.020700 0.999600 0.019300
vn 0.119800 0.992600 0.018900
vn 0.394800 0.918600 0.019000
vn 0.688300 0.725100 0.019700
vn 0.945300 0.325500 0.018600
vn 0.998200 -0.058200 0.014900
vn 0.945400 0.325500 0.018600
vn 0.984500 -0.175000 0.014600
vn 0.941900 -0.335700 0.013200
vn 0.900500 -0.434600 0.012300
vn -0.620500 0.453600 -0.639800
vn -0.656900 0.470300 -0.589400
vn -0.581400 0.435000 -0.687600
vn -0.890000 -0.336100 0.308000
vn -0.872900 -0.339200 -0.350800
vn -0.873500 -0.334800 -0.353500
vn -0.941900 -0.335800 0.013100
vn -0.900400 -0.434900 0.012200
vn -0.984500 -0.174800 0.014500
vn -0.998200 -0.058200 0.014900
vn -0.945200 0.325800 0.023000
vn -0.715800 0.698200 0.005300
vn -0.953000 0.302800 0.011300
vn -0.416900 0.909000 -0.000400
vn -0.128200 0.991700 -0.002700
vn -0.022200 0.999700 -0.002700
vn 0.000000 1.000000 -0.002400
vn 0.022100 0.999800 -0.001800
vn 0.127800 0.991800 0.001200
vn 0.416500 0.909100 0.008800
vn 0.716000 0.698000 0.015500
vn 0.953100 0.302100 0.015700
vn 0.998200 -0.058600 0.012800
vn 0.953200 0.302000 0.015800
vn 0.984300 -0.176100 0.012400
vn 0.941200 -0.337700 0.011200
vn 0.899500 -0.436800 0.010400
vn -0.875200 -0.320400 -0.362500
vn 0.283400 0.909100 -0.305400
vn 0.293500 0.909400 -0.294600
vn 0.159800 0.948200 -0.274500
vn 0.447900 0.815800 -0.366000
vn 0.474200 0.770400 -0.426100
vn 0.438000 0.799300 -0.411500
vn 0.099600 0.949500 -0.297600
vn 0.104100 0.936300 -0.335400
vn 0.029800 0.947300 -0.319100
vn -0.941200 -0.337700 0.011300
vn -0.899400 -0.437000 0.010500
vn -0.984300 -0.175900 0.012400
vn -0.998200 -0.058500 0.012800
vn -0.953000 0.302700 0.011300
vn -0.953000 0.302900 0.011300
vn -0.690900 0.723000 0.004400
vn -0.946600 0.321900 0.017300
vn -0.396900 0.917600 -0.021600
vn -0.120900 0.991800 -0.040300
vn -0.021000 0.998700 -0.045800
vn -0.000300 0.998900 -0.046800
vn -0.000100 0.998900 -0.046700
vn 0.020600 0.998700 -0.046200
vn 0.119400 0.991900 -0.042300
vn 0.395300 0.918200 -0.026300
vn 0.691400 0.722400 -0.000700
vn 0.953100 0.302100 0.015800
vn 0.947500 0.319300 0.015000
vn 0.054900 0.073000 0.995800
vn 0.050800 0.046900 0.997600
vn 0.088300 0.056200 0.994500
vn 0.943300 -0.331600 0.010800
vn 0.898700 -0.438400 0.013000
vn 0.156500 0.946700 -0.281500
vn 0.046700 0.966300 -0.253000
vn -0.048800 0.966200 -0.253300
vn -0.051300 0.964700 -0.258500
vn -0.151500 0.946500 -0.285000
vn -0.027900 0.969500 -0.243600
vn -0.099700 0.949100 -0.298700
vn -0.386000 0.847400 -0.364600
vn -0.444500 0.791000 -0.420400
vn -0.874300 -0.351500 -0.334700
vn -0.887100 -0.442600 -0.130900
vn 0.155200 0.780800 -0.605200
vn 0.117100 0.721900 -0.682100
vn 0.141800 0.818900 -0.556100
vn -0.686700 0.727000 0.000100
vn -0.947400 0.320000 0.010500
vn -0.392400 0.919200 -0.032700
vn -0.118900 0.991500 -0.053500
vn -0.020500 0.998100 -0.058600
vn -0.000100 0.998200 -0.059500
vn 0.020200 0.998100 -0.058300
vn 0.117200 0.991700 -0.052100
vn 0.390300 0.920200 -0.028900
vn 0.686900 0.726700 0.005300
vn 0.948600 0.316200 0.012900
vn 0.035200 0.002500 -0.999400
vn 0.137200 -0.011600 -0.990500
vn 0.033800 -0.000500 -0.999400
vn 0.183700 0.681200 -0.708700
vn 0.969800 -0.236500 -0.059900
vn 0.397400 -0.213300 -0.892500
vn 0.428700 -0.209300 -0.878900
vn 0.072800 -0.310700 -0.947700
vn 0.047500 -0.346900 -0.936700
vn 0.000000 -0.291200 -0.956600
vn -0.150800 0.949400 -0.275400
vn -0.267500 0.912800 -0.308700
vn 0.512700 0.016700 0.858400
vn 0.529100 0.144900 0.836100
vn 0.479200 0.024700 0.877400
vn -0.689200 -0.358700 -0.629500
vn -0.034600 -0.251200 -0.967300
vn 0.892500 0.224100 -0.391500
vn 0.952900 -0.072700 -0.294300
vn 0.953700 -0.088200 -0.287500
vn 0.000000 -0.550100 0.835100
vn -0.063500 0.008100 0.997900
vn -0.051000 0.002500 0.998700
vn -0.050600 0.075100 0.995900
vn -0.670200 0.742200 0.001400
vn -0.942100 0.335300 0.003900
vn -0.379600 0.924200 -0.040900
vn -0.114600 0.991000 -0.068500
vn -0.019700 0.996900 -0.075900
vn -0.000200 0.997000 -0.077400
vn 0.019000 0.996900 -0.075700
vn 0.110900 0.991600 -0.067200
vn 0.374900 0.926300 -0.037300
vn 0.671100 0.741300 0.006200
vn 0.998100 -0.062200 -0.001400
vn 0.988100 -0.136100 -0.071200
vn 0.936600 -0.234700 -0.260200
vn 0.209500 -0.954400 -0.212600
vn 0.169500 -0.726200 -0.666300
vn 0.185600 -0.845500 -0.500600
vn 0.127700 -0.528400 -0.839300
vn -0.128100 -0.554200 -0.822500
vn -0.132900 -0.529200 -0.838000
vn -0.741200 -0.444400 -0.503200
vn -0.995200 -0.082700 -0.051400
vn -0.946700 0.321800 0.017300
vn -0.637300 0.770600 0.004300
vn -0.353700 0.934400 -0.041500
vn -0.105700 0.991800 -0.072200
vn -0.018200 0.996600 -0.080800
vn -0.000200 0.996600 -0.082600
vn 0.017300 0.996600 -0.080700
vn 0.100700 0.992300 -0.071600
vn 0.347400 0.936900 -0.040000
vn 0.638900 0.769300 0.006400
vn 0.936800 0.349700 0.003100
vn 0.725100 0.499400 -0.474100
vn 0.885000 -0.403400 -0.232200
vn 0.845700 -0.444300 -0.295500
vn 0.458200 -0.708600 -0.536700
vn 0.359800 0.172800 0.916900
vn 0.143800 0.040800 -0.988800
vn -0.482100 -0.746200 -0.459100
vn -0.471600 -0.709200 -0.524100
vn -0.845800 -0.413900 -0.336500
vn -0.994300 -0.106800 0.003800
vn -0.994100 -0.106800 -0.020200
vn 0.403000 0.042100 0.914200
vn -0.592600 0.805500 0.009700
vn -0.921300 0.388700 0.007800
vn -0.320100 0.946600 -0.039000
vn -0.094100 0.993000 -0.071400
vn -0.016200 0.996600 -0.080700
vn 0.015400 0.996600 -0.081000
vn 0.089700 0.993300 -0.072800
vn 0.313700 0.948600 -0.042700
vn 0.593500 0.804800 0.005400
vn 0.925600 0.378600 0.004400
vn 0.936800 -0.332400 -0.109000
vn 0.925600 0.378500 0.004400
vn 0.704900 -0.673600 -0.222200
vn 0.985700 -0.166100 -0.027100
vn 0.374800 0.842100 0.387900
vn 0.393200 0.883400 0.255000
vn 0.393500 0.889100 0.233900
vn 0.983500 -0.177600 -0.035100
vn 0.000000 -0.963100 -0.269200
vn -0.983500 -0.179300 -0.023500
vn -0.985800 -0.167200 -0.014400
vn -0.707700 -0.670900 -0.221600
vn -0.371400 0.834400 0.407200
vn -0.394700 0.886900 0.240000
vn -0.390500 0.882000 0.263700
vn -0.936800 -0.332500 -0.109000
vn -0.566000 0.811900 -0.143000
vn -0.892900 0.434700 -0.117400
vn -0.302900 0.944100 -0.130400
vn -0.088100 0.989100 -0.118100
vn -0.015100 0.993300 -0.114200
vn 0.000100 0.993500 -0.113800
vn 0.015400 0.993200 -0.115300
vn 0.089800 0.988200 -0.124100
vn 0.304300 0.941000 -0.148000
vn 0.559800 0.812000 -0.165100
vn 0.891900 0.433100 -0.130100
vn 0.936600 -0.344500 -0.063500
vn 0.892000 0.433000 -0.130100
vn 0.722700 -0.689500 -0.047000
vn 0.367300 0.929800 -0.021800
vn 0.367300 0.929600 -0.031600
vn 0.997500 -0.002500 -0.071100
vn 0.997500 -0.002800 -0.070600
vn 0.000000 -1.000000 -0.005000
vn -0.998000 -0.002800 -0.063200
vn -0.998000 -0.002400 -0.062500
vn -0.367300 0.929700 -0.026600
vn -0.367400 0.929900 -0.016800
vn -0.936600 -0.344600 -0.063600
vn -0.722900 -0.689300 -0.047300
vn -0.579600 0.754200 -0.308700
vn -0.902300 0.358800 -0.238800
vn -0.320500 0.917300 -0.236400
vn -0.093300 0.981100 -0.169400
vn -0.016100 0.988800 -0.148500
vn 0.000400 0.989500 -0.144900
vn 0.017700 0.988700 -0.149100
vn 0.101700 0.979700 -0.172800
vn 0.330900 0.912000 -0.242600
vn 0.572600 0.754400 -0.321100
vn 0.892500 0.370700 -0.257000
vn 0.941500 -0.336500 -0.019600
vn 0.722100 -0.678400 0.135200
vn 0.389300 0.871100 -0.299200
vn 0.391100 0.870400 -0.299100
vn 0.979500 -0.164500 -0.116500
vn 0.978400 -0.176200 -0.107800
vn -0.980900 -0.163700 -0.104800
vn -0.979900 -0.174800 -0.096400
vn -0.390100 0.873100 -0.292600
vn -0.392000 0.872300 -0.292300
vn -0.941400 -0.336600 -0.019400
vn -0.719700 -0.680800 0.136000
vn -0.902400 0.358800 -0.238800
vn -0.659800 0.685100 -0.308800
vn -0.927800 0.293300 -0.230700
vn -0.382000 0.891500 -0.243600
vn -0.115000 0.977900 -0.174500
vn -0.019800 0.988400 -0.150400
vn 0.000500 0.989200 -0.146300
vn 0.021700 0.988400 -0.150300
vn 0.124500 0.976800 -0.174100
vn 0.392600 0.888000 -0.239600
vn 0.659800 0.688000 -0.302100
vn 0.920100 0.310500 -0.238900
vn 0.943400 -0.318000 0.094700
vn 0.920100 0.310400 -0.238900
vn 0.874700 -0.424200 0.234500
vn 0.366700 0.815900 -0.447000
vn 0.988100 -0.103200 -0.114400
vn 0.494800 -0.723900 0.480800
vn 0.509800 -0.765800 0.391900
vn -0.870900 -0.457800 0.178800
vn -0.481300 -0.722600 0.496300
vn -0.370300 0.824000 -0.428900
vn -0.904900 -0.410100 0.114300
vn -0.934300 -0.348600 0.074500
vn -0.697200 0.614600 -0.369100
vn -0.919600 0.247400 -0.305000
vn -0.404900 0.883000 -0.237500
vn -0.428000 0.850400 -0.306000
vn -0.120400 0.977800 -0.171500
vn -0.204800 0.963000 -0.175200
vn -0.224300 0.950800 -0.213700
vn -0.219900 0.953700 -0.205000
vn -0.125700 0.977100 -0.171800
vn -0.215500 0.956600 -0.196400
vn -0.233200 0.937100 -0.259700
vn -0.136400 0.964300 -0.227000
vn -0.233000 0.936600 -0.261900
vn -0.021400 0.988300 -0.151000
vn -0.034600 0.987900 -0.151400
vn -0.036900 0.986800 -0.157400
vn -0.038200 0.986200 -0.160900
vn -0.039700 0.985500 -0.165100
vn -0.035300 0.987600 -0.153200
vn -0.023500 0.980000 -0.197600
vn -0.040100 0.977800 -0.205600
vn -0.040100 0.977900 -0.205200
vn 0.000400 0.981200 -0.193000
vn 0.023800 0.988200 -0.151100
vn 0.025000 0.980000 -0.197300
vn 0.133700 0.976000 -0.172200
vn 0.034500 0.985400 -0.166400
vn 0.038200 0.986800 -0.157300
vn 0.037500 0.986600 -0.159000
vn 0.140000 0.975000 -0.172500
vn 0.036800 0.986300 -0.160800
vn 0.034500 0.985400 -0.166500
vn 0.040100 0.978000 -0.204600
vn 0.144200 0.963500 -0.225700
vn 0.040100 0.978100 -0.204000
vn 0.423200 0.874400 -0.237400
vn 0.202300 0.951200 -0.233100
vn 0.213700 0.952900 -0.215100
vn 0.226500 0.954400 -0.194500
vn 0.231800 0.954800 -0.185900
vn 0.208200 0.952100 -0.223700
vn 0.436700 0.848200 -0.299700
vn 0.233600 0.938900 -0.252700
vn 0.233200 0.937300 -0.259000
vn 0.698900 0.618100 -0.359900
vn 0.915900 0.259000 -0.306700
vn 0.980500 -0.076800 -0.181100
vn 0.805100 -0.493500 0.329100
vn 0.985000 -0.102800 -0.138600
vn 0.136900 -0.566000 0.813000
vn 0.139800 -0.533700 0.834100
vn 0.000000 -0.573000 0.819600
vn 0.000000 -0.573000 0.819500
vn -0.186900 -0.769100 0.611200
vn -0.134800 -0.532100 0.835900
vn -0.972000 -0.143300 -0.186100
vn -0.193100 -0.841900 0.504000
vn -0.984600 -0.083800 -0.153600
vn -0.919700 0.247300 -0.305000
vn -0.692300 0.577800 -0.432300
vn -0.887100 0.231400 -0.399300
vn -0.440400 0.821900 -0.361300
vn -0.239900 0.917800 -0.316300
vn -0.237400 0.921400 -0.307800
vn -0.144000 0.950100 -0.276800
vn -0.248000 0.917200 -0.312000
vn -0.078100 0.968100 -0.238200
vn -0.041600 0.967000 -0.251300
vn -0.026200 0.969800 -0.242500
vn -0.079900 0.963000 -0.257500
vn 0.000200 0.971200 -0.238100
vn 0.026100 0.969800 -0.242500
vn 0.041700 0.967600 -0.249100
vn 0.041100 0.967000 -0.251300
vn 0.148100 0.949900 -0.275400
vn 0.043100 0.967200 -0.250500
vn 0.337800 0.886300 -0.316700
vn 0.242100 0.921100 -0.304900
vn 0.440400 0.821800 -0.361300
vn 0.347000 0.875400 -0.336700
vn 0.692300 0.577900 -0.432300
vn 0.887100 0.231400 -0.399300
vn 0.887200 0.231400 -0.399300
vn 0.947800 -0.225900 -0.225000
vn 0.766800 -0.421300 0.484200
vn 0.037700 -0.304500 0.951800
vn 0.000000 -0.296700 0.955000
vn -0.766900 -0.421200 0.484200
vn -0.037700 -0.304500 0.951800
vn -0.947800 -0.226000 -0.225000
vn -0.971000 -0.226800 -0.075800
vn -0.947800 -0.225900 -0.225000
vn -0.766800 -0.421300 0.484200
vn -0.711600 0.558500 -0.426200
vn -0.447800 0.815800 -0.366000
vn -0.347000 0.875400 -0.336700
vn -0.352700 0.872100 -0.339200
vn -0.251100 0.915900 -0.313100
vn -0.254500 0.915100 -0.312900
vn -0.085000 0.961700 -0.260800
vn -0.043100 0.967100 -0.250600
vn -0.043700 0.967000 -0.251000
vn -0.086400 0.961400 -0.261400
vn -0.000300 0.971100 -0.238500
vn 0.028000 0.969500 -0.243600
vn 0.079900 0.963000 -0.257500
vn 0.084700 0.961700 -0.260600
vn 0.043700 0.967000 -0.251000
vn 0.044300 0.967100 -0.250600
vn 0.359700 0.868000 -0.342300
vn 0.247800 0.916300 -0.314500
vn 0.251900 0.916600 -0.310300
vn 0.364500 0.865100 -0.344600
vn 0.711600 0.558500 -0.426100
vn 0.892500 0.224200 -0.391500
vn -0.791100 0.243000 0.561300
vn 0.939100 -0.207800 -0.273600
vn 0.890000 -0.336100 0.308000
vn 0.510800 -0.711300 0.482800
vn 0.463700 0.343600 0.816700
vn 0.410000 0.262500 0.873500
vn 0.445700 0.142800 0.883700
vn 0.465800 0.027900 0.884500
vn -0.890000 -0.336200 0.308000
vn -0.510900 -0.711200 0.482800
vn -0.939100 -0.207800 -0.273600
vn -0.953700 -0.088200 -0.287500
vn -0.364500 0.865100 -0.344600
vn -0.288400 0.893500 -0.344100
vn -0.044300 0.967000 -0.250700
vn 0.254300 0.914200 -0.315500
vn 0.000100 0.948600 -0.316600
vn 0.086400 0.961400 -0.261400
vn 0.051500 0.968200 -0.244800
vn 0.444600 0.791000 -0.420400
vn 0.875200 0.177500 -0.450000
vn 0.898900 -0.250100 -0.359900
vn 0.875200 0.177300 -0.450000
vn 0.872900 -0.339200 -0.350700
vn 0.877700 -0.294000 -0.378500
vn 0.540200 -0.807600 -0.236600
vn -0.510900 -0.711300 0.482800
vn -0.898900 -0.250100 -0.359900
vn -0.690300 0.171700 -0.702800
vn -0.573000 0.447300 -0.686700
vn 0.097500 0.066100 0.993000
vn -0.679500 0.480400 -0.554500
vn -0.656800 0.470400 -0.589400
vn -0.141800 0.818900 -0.556100
vn -0.390000 0.663000 -0.639000
vn 0.173800 0.483400 0.858000
vn 0.136400 0.482900 0.865000
vn 0.144400 0.505300 0.850800
vn -0.000200 0.859900 -0.510500
vn 0.025500 0.857600 -0.513700
vn 0.169200 0.922000 -0.348300
vn 0.390000 0.663000 -0.639000
vn 0.593500 0.440800 -0.673400
vn 0.579700 0.447700 -0.680800
vn 0.552500 0.578900 -0.599700
vn 0.534000 0.632800 -0.560700
vn 0.537000 0.629900 -0.561200
vn 0.226000 0.456700 -0.860400
vn 0.318100 0.267000 -0.909700
vn 0.137200 0.109000 -0.984500
vn 0.549300 0.580700 -0.600900
vn -0.947400 0.319900 0.010500
vn 0.512900 0.653400 -0.556800
vn 0.575400 0.447400 -0.684700
vn 0.575900 0.443200 -0.687000
vn 0.575100 0.447400 -0.684900
vn 0.538000 0.586900 -0.605000
vn 0.434600 0.721300 -0.539300
vn 0.461500 0.755100 -0.465600
vn 0.519100 0.597000 -0.611600
vn 0.430800 0.622600 -0.653300
vn 0.403600 0.649900 -0.644000
vn 0.573100 0.447300 -0.686600
vn 0.723400 0.352400 -0.593700
vn 0.727100 0.408100 -0.552100
vn 0.708800 0.252500 -0.658600
vn 0.690300 0.171800 -0.702800
vn 0.645400 0.299200 -0.702800
vn 0.595600 0.407900 -0.692000
vn 0.581400 0.435000 -0.687600
vn 0.620400 0.453600 -0.639800
vn 0.711400 -0.171700 -0.681400
vn 0.690300 0.171600 -0.702800
vn 0.681900 -0.241900 -0.690300
vn 0.704600 -0.211700 -0.677300
vn 0.467000 -0.742300 -0.480600
vn -0.818000 -0.279100 -0.503000
vn -0.467000 -0.742200 -0.480700
vn -0.685000 -0.242800 -0.686900
vn -0.758100 -0.263100 -0.596700
vn -0.681900 -0.241900 -0.690300
vn -0.682200 -0.241500 -0.690100
vn -0.689300 -0.232200 -0.686200
vn -0.695100 -0.224500 -0.683000
vn -0.711400 -0.171700 -0.681500
vn -0.318100 0.267000 -0.909700
vn -0.363800 0.104900 -0.925500
vn -0.561200 0.440600 -0.700700
vn -0.555000 0.437200 -0.707700
vn -0.545100 0.437900 -0.714900
vn -0.230700 0.462900 -0.855900
vn -0.226000 0.456700 -0.860400
vn -0.248100 0.454400 -0.855500
vn 0.040600 -0.999200 0.000000
vn -0.648400 0.087900 0.756200
vn -0.609700 0.000000 0.792600
vn -0.555400 0.006200 0.831600
vn -0.239800 0.430800 -0.870000
vn -0.312900 0.420900 -0.851400
vn -0.248200 0.454400 -0.855500
vn -0.440200 0.416200 -0.795600
vn -0.110600 0.695500 -0.709900
vn -0.093600 0.624400 -0.775500
vn -0.151300 0.625200 -0.765700
vn -0.208700 0.627500 -0.750100
vn -0.372700 0.660900 -0.651400
vn -0.230700 0.462900 -0.855800
vn -0.165000 0.538800 -0.826100
vn -0.191900 0.544300 -0.816700
vn -0.200800 0.596500 -0.777100
vn -0.277200 0.628100 -0.727100
vn -0.355800 0.621800 -0.697700
vn -0.054100 0.849400 -0.524900
vn -0.019800 0.698200 -0.715700
vn 0.000000 0.705500 -0.708700
vn 0.019800 0.698100 -0.715800
vn 0.102300 0.661200 -0.743200
vn 0.093600 0.624400 -0.775500
vn 0.384200 0.656100 -0.649600
vn 0.361400 0.628600 -0.688700
vn 0.277400 0.627000 -0.728000
vn 0.196000 0.627600 -0.753400
vn 0.202800 0.595000 -0.777700
vn 0.230600 0.462900 -0.855900
vn 0.230700 0.462800 -0.855900
vn 0.190800 0.187200 -0.963600
vn 0.137700 0.188900 -0.972300
vn 0.190900 0.186000 -0.963800
vn 0.129900 0.582300 -0.802500
vn 0.192000 0.543600 -0.817100
vn 0.186100 0.511500 -0.838900
vn 0.223500 0.473900 -0.851700
vn 0.201100 0.594800 -0.778300
vn 0.389200 0.653700 -0.649000
vn 0.386300 0.624100 -0.679200
vn 0.335700 0.278400 -0.899900
vn 0.324200 0.291300 -0.900000
vn 0.349200 0.399300 -0.847700
vn 0.472500 0.366700 -0.801400
vn 0.352100 0.413000 -0.839900
vn 0.440000 0.415500 -0.796100
vn 0.545600 0.412800 -0.729300
vn 0.561800 0.439000 -0.701200
vn 0.386000 0.624100 -0.679300
vn 0.355700 0.621800 -0.697700
vn 0.230800 0.462800 -0.855900
vn 0.312700 0.420000 -0.852000
vn 0.355800 0.621800 -0.697700
vn 0.386000 0.624200 -0.679300
vn 0.409900 0.167500 -0.896600
vn 0.530900 0.348200 -0.772600
vn 0.363800 0.104900 -0.925500
vn 0.568500 0.411900 -0.712100
vn 0.369500 -0.069400 -0.926600
vn 0.352600 -0.094700 -0.931000
vn 0.495100 -0.131300 -0.858800
vn 0.475400 -0.124800 -0.870900
vn 0.378600 -0.088500 -0.921300
vn 0.428200 -0.109200 -0.897100
vn 0.415800 -0.105000 -0.903400
vn 0.376100 -0.087500 -0.922400
vn 0.376000 -0.087500 -0.922500
vn 0.372700 -0.088600 -0.923700
vn 0.368900 -0.089700 -0.925100
vn 0.447200 -0.741100 -0.500800
vn 0.457600 -0.704600 -0.542400
vn 0.314700 -0.642800 -0.698400
vn 0.501800 -0.421600 -0.755300
vn 0.504900 -0.333600 -0.796100
vn 0.254200 -0.703900 -0.663300
vn 0.282200 -0.626200 -0.726800
vn 0.352300 -0.322200 -0.878700
vn -0.473400 -0.630700 -0.614900
vn -0.495200 -0.131300 -0.858800
vn -0.376200 -0.087500 -0.922400
vn -0.447200 -0.741100 -0.500800
vn -0.254100 -0.703900 -0.663300
vn -0.603500 -0.205600 -0.770400
vn -0.352600 -0.094700 -0.931000
vn -0.437100 -0.122300 -0.891100
vn -0.524800 -0.151300 -0.837700
vn -0.637400 -0.189000 -0.747000
vn -0.701500 -0.215900 -0.679200
vn -0.357600 -0.093200 -0.929200
vn -0.361800 -0.091900 -0.927700
vn -0.365200 -0.090800 -0.926500
vn -0.368900 -0.089700 -0.925100
vn -0.369600 -0.069600 -0.926600
vn -0.363800 0.104900 -0.925600
vn -0.137200 0.108900 -0.984500
vn -0.143800 0.040800 -0.988800
vn -0.307800 0.290500 -0.906000
vn -0.289400 0.260700 -0.921000
vn -0.035200 0.002500 -0.999400
vn -0.137600 -0.012000 -0.990400
vn -0.445100 0.141900 0.884200
vn -0.410100 0.200300 0.889800
vn -0.458000 0.137400 0.878300
vn -0.051900 0.398200 -0.915800
vn -0.113000 0.244000 -0.963200
vn -0.014600 0.490600 -0.871200
vn -0.000100 0.509800 -0.860300
vn 0.014600 0.490600 -0.871300
vn 0.051900 0.398200 -0.915800
vn 0.113000 0.244100 -0.963100
vn 0.524700 0.416400 0.742500
vn 0.247400 -0.057700 -0.967200
vn 0.135400 -0.018800 -0.990600
vn -0.211100 0.090500 0.973300
vn -0.201300 0.264600 0.943100
vn 0.287200 -0.066000 -0.955600
vn 0.299900 -0.071500 -0.951300
vn 0.327400 -0.078800 -0.941600
vn 0.369500 -0.085400 -0.925300
vn 0.307100 -0.066100 -0.949400
vn 0.348900 -0.079500 -0.933800
vn -0.499300 0.866400 0.000000
vn -0.292700 0.956200 0.000000
vn -0.543700 0.839300 0.000000
vn -0.493400 -0.869800 0.000000
vn -0.292700 -0.956200 0.000000
vn -0.716900 -0.697200 0.000000
vn -0.549000 -0.835800 0.000000
vn -0.716900 0.697200 0.000000
vn 0.211000 -0.034500 -0.976900
vn 0.214200 -0.040200 -0.976000
vn 0.232500 -0.048600 -0.971400
vn 0.136900 -0.018500 -0.990400
vn 0.135900 -0.018700 -0.990500
vn -0.204600 -0.978800 0.000000
vn -0.135400 -0.990800 0.000000
vn -0.224900 -0.974400 0.000000
vn 0.142700 -0.016800 -0.989600
vn 0.201900 -0.018300 -0.979200
vn 0.162000 -0.558500 -0.813500
vn 0.255500 -0.332300 -0.907900
vn 0.102100 -0.696700 -0.710100
vn 0.121300 -0.533300 -0.837200
vn 0.133900 -0.371500 -0.918700
vn 0.243100 -0.199100 -0.949400
vn -0.225100 0.974300 0.000000
vn -0.137100 -0.019300 -0.990400
vn -0.135400 -0.018800 -0.990600
vn -0.136600 -0.018500 -0.990500
vn 0.214300 -0.026900 -0.976400
vn 0.133400 -0.016800 -0.990900
vn 0.948600 0.316100 0.012900
vn -0.191100 -0.242900 -0.951000
vn -0.198500 -0.284000 -0.938100
vn -0.243100 -0.199400 -0.949300
vn 0.186900 0.544900 0.817400
vn 0.292700 0.956200 0.000000
vn -0.145400 -0.016700 -0.989200
vn -0.214000 -0.056900 -0.975200
vn -0.214300 -0.022900 -0.976500
vn -0.235000 -0.518800 -0.822000
vn -0.192900 -0.703100 -0.684400
vn -0.102100 -0.696700 -0.710000
vn -0.121300 -0.534400 -0.836500
vn -0.215400 -0.052800 -0.975100
vn -0.135400 -0.017000 -0.990600
vn -0.171700 -0.031400 -0.984700
vn -0.135300 -0.018800 -0.990600
vn -0.160800 0.548900 0.820300
vn -0.327500 -0.078800 -0.941600
vn -0.367400 -0.089300 -0.925800
vn -0.351000 -0.080200 -0.932900
vn 0.716900 -0.697200 0.000000
vn 0.547400 -0.836900 0.000000
vn 0.495000 -0.868900 0.000000
vn 0.225100 -0.974300 0.000000
vn 0.204400 -0.978900 0.000000
vn 0.135400 -0.990800 0.000000
vn 0.716900 0.697200 0.000000
vn -0.202000 -0.037900 -0.978600
vn -0.212500 -0.022100 -0.976900
vn -0.207400 -0.029800 -0.977800
vn -0.190500 0.482900 0.854700
vn -0.341400 0.470000 0.814000
vn -0.317400 0.494900 0.808900
vn -0.348900 -0.079500 -0.933800
vn -0.338100 -0.075700 -0.938100
vn -0.307100 -0.066100 -0.949400
vn 0.497800 0.867300 0.000000
vn 0.545100 0.838400 0.000000
vn -0.038100 0.007200 -0.999200
vn -0.047700 0.025400 -0.998500
vn -0.046100 0.131300 -0.990300
vn -0.013500 0.199800 -0.979700
vn -0.023100 0.179800 -0.983400
vn 0.000000 0.209600 -0.977800
vn 0.013500 0.199700 -0.979800
vn 0.046100 0.131300 -0.990300
vn 0.047700 0.025300 -0.998500
vn 0.038100 0.007200 -0.999200
vn -0.107300 0.048100 0.993100
vn -0.086100 0.018200 0.996100
vn -0.096300 0.073600 0.992600
vn 0.051100 0.074800 0.995900
vn 0.051200 -0.004100 -0.998700
vn 0.034000 -0.001000 -0.999400
vn 0.033700 -0.000800 -0.999400
vn 0.132100 -0.018100 -0.991100
vn 0.070400 -0.005000 -0.997500
vn 0.135100 -0.012300 -0.990800
vn 0.122400 -0.016500 -0.992300
vn 0.123900 -0.016300 -0.992200
vn 0.111300 -0.014200 -0.993700
vn 0.034300 -0.000900 -0.999400
vn -0.086100 -0.996300 0.000000
vn -0.040700 -0.999200 0.000000
vn -0.090200 -0.995900 0.000000
vn 0.070200 -0.002100 -0.997500
vn 0.067100 -0.000700 -0.997700
vn 0.054500 -0.698700 -0.713400
vn 0.026500 -0.699100 -0.714600
vn 0.035500 -0.650000 -0.759100
vn 0.061700 -0.486600 -0.871400
vn 0.073000 -0.405400 -0.911200
vn 0.112700 -0.382900 -0.916900
vn 0.135800 -0.338500 -0.931100
vn -0.085900 0.996300 0.000000
vn -0.040700 0.999200 0.000000
vn -0.090400 0.995900 0.000000
vn 0.074700 -0.009400 -0.997200
vn 0.071800 -0.001900 -0.997400
vn 0.032600 -0.461200 -0.886700
vn 0.033000 -0.442200 -0.896300
vn -0.061900 0.074800 0.995300
vn -0.095600 -0.612100 -0.785000
vn -0.112700 -0.382900 -0.916900
vn -0.080900 -0.441400 -0.893700
vn -0.077200 -0.401400 -0.912600
vn 0.040700 0.999200 0.000000
vn -0.498800 0.463000 0.732700
vn -0.459600 0.471800 0.752400
vn -0.514000 0.146800 0.845200
vn -0.071900 -0.007900 -0.997400
vn -0.071500 -0.009000 -0.997400
vn 0.107300 0.048000 0.993100
vn 0.126900 0.065700 0.989700
vn -0.026500 -0.699100 -0.714600
vn -0.072700 -0.001900 -0.997400
vn -0.074700 -0.001100 -0.997200
vn -0.039200 -0.001800 -0.999200
vn -0.041400 -0.002100 -0.999100
vn -0.111300 -0.014200 -0.993700
vn -0.136900 -0.018500 -0.990400
vn 0.090200 -0.995900 0.000000
vn -0.067200 -0.006100 -0.997700
vn -0.070600 -0.001800 -0.997500
vn -0.034100 -0.001100 -0.999400
vn -0.034200 -0.001100 -0.999400
vn -0.034300 -0.001100 -0.999400
vn -0.160000 0.500200 0.851000
vn -0.177900 0.494100 0.851000
vn -0.177800 0.466000 0.866800
vn -0.033600 -0.000500 -0.999400
vn -0.033700 -0.000400 -0.999400
vn -0.620600 0.360000 0.696600
vn -0.576900 0.350300 0.737900
vn -0.574800 0.384500 0.722300
vn -0.568900 0.104800 0.815700
vn -0.408500 0.401100 0.819900
vn -0.364600 0.468500 0.804700
vn -0.390400 0.294600 0.872300
vn -0.548700 0.321000 0.772000
vn -0.394200 0.486900 0.779400
vn -0.184300 -0.032700 -0.982300
vn -0.232600 -0.048700 -0.971400
vn -0.403000 0.042100 0.914200
vn -0.409100 0.154100 0.899400
vn -0.465700 0.027900 0.884500
vn -0.449900 0.122900 0.884600
vn -0.200800 0.084700 0.976000
vn -0.200500 0.069700 0.977200
vn -0.384600 0.186100 0.904100
vn -0.122200 0.318400 0.940000
vn -0.089700 0.557600 0.825300
vn -0.156300 0.436800 0.885900
vn -0.186900 0.545000 0.817400
vn -0.060500 0.108100 0.992300
vn -0.094600 0.223700 0.970100
vn -0.117700 0.072900 0.990400
vn -0.134300 0.072300 0.988300
vn -0.151200 0.071600 0.985900
vn -0.151400 0.072300 0.985800
vn 0.000000 0.075500 0.997100
vn 0.196600 0.083700 0.976900
vn 0.200500 0.069600 0.977200
vn 0.151400 0.072300 0.985800
vn 0.149100 0.071600 0.986200
vn 0.151200 0.071600 0.985900
vn 0.384700 0.186400 0.904000
vn 0.409100 0.154100 0.899400
vn 0.555400 0.006200 0.831500
vn 0.576000 0.443000 -0.687000
vn 0.663000 0.216600 0.716600
vn 0.562800 0.005400 0.826500
vn 0.609800 0.000000 0.792600
vn -0.555600 0.003700 0.831500
vn -0.581500 0.000000 0.813500
vn -0.555800 0.000000 0.831300
vn -0.485200 0.022800 0.874100
vn -0.505900 0.016000 0.862400
vn -0.522700 0.012700 0.852400
vn -0.549300 0.014300 0.835500
vn -0.512900 0.013700 0.858300
vn -0.514600 0.070600 0.854500
vn -0.514700 0.085100 0.853100
vn -0.510800 0.092600 0.854700
vn -0.201700 0.000000 0.979500
vn -0.126900 0.065700 0.989700
vn -0.096800 0.023000 0.995000
vn -0.070100 0.002200 0.997500
vn -0.096800 0.001700 0.995300
vn -0.096500 0.022300 0.995100
vn 0.000000 0.003200 1.000000
vn 0.051200 0.002600 0.998700
vn 0.106800 0.046800 0.993200
vn 0.201200 0.000400 0.979500
vn 0.056400 0.002400 0.998400
vn 0.096800 0.001700 0.995300
vn 0.555800 0.000000 0.831300
vn 0.549200 0.001900 0.835700
vn 0.523700 0.009300 0.851800
vn 0.555500 0.005000 0.831500
vn 0.512900 0.013700 0.858300
vn 0.485200 0.022800 0.874100
vn 0.543100 0.027500 0.839200
vn 0.609700 0.000000 0.792600
vn 0.587000 0.000000 0.809600
vn 0.560000 0.005200 0.828500
vn -0.555500 0.066500 0.828900
vn -0.553800 0.304000 0.775200
vn -0.571100 0.350500 0.742300
vn -0.541200 0.399700 0.739800
vn -0.551600 0.017400 0.834000
vn -0.481100 0.230600 0.845800
vn -0.475300 0.253000 0.842700
vn -0.408000 0.402200 0.819600
vn -0.360500 0.489400 0.794100
vn -0.407900 0.481800 0.775600
vn -0.364300 0.488800 0.792700
vn -0.136400 0.482800 0.865000
vn -0.144400 0.505300 0.850800
vn -0.044900 0.501100 0.864200
vn 0.491500 0.313700 0.812500
vn 0.498800 0.463000 0.732700
vn 0.540800 0.255400 0.801500
vn -0.094000 0.364300 0.926500
vn -0.049500 0.273600 0.960600
vn -0.097500 0.066100 0.993000
vn -0.093500 0.001800 0.995600
vn -0.111500 0.311600 0.943700
vn -0.118400 0.432900 0.893600
vn -0.180200 0.483400 0.856700
vn 0.000000 0.496200 0.868200
vn 0.044900 0.501100 0.864200
vn 0.051000 0.042500 0.997800
vn 0.054800 0.014500 0.998400
vn 0.083200 0.105900 0.990900
vn 0.087900 0.001900 0.996100
vn -0.386000 0.624400 -0.679100
vn 0.176500 0.483400 0.857400
vn 0.054500 0.501700 0.863300
vn 0.367400 -0.089300 -0.925800
vn 0.118400 0.432900 0.893700
vn 0.121700 0.504800 0.854600
vn 0.118400 0.432900 0.893600
vn 0.352400 0.458200 0.816000
vn 0.360500 0.489300 0.794100
vn 0.341500 0.470000 0.814000
vn 0.317400 0.494900 0.808900
vn 0.341500 0.470000 0.813900
vn 0.481100 0.230600 0.845800
vn 0.606700 0.099400 0.788700
vn 0.573800 0.191500 0.796300
vn 0.571100 0.350500 0.742300
vn -0.535300 0.441000 0.720400
vn -0.519000 0.524900 0.674600
vn -0.494100 0.445500 0.746600
vn -0.458300 0.466700 0.756400
vn -0.375300 0.460400 0.804500
vn -0.356800 0.457200 0.814600
vn -0.360200 0.488000 0.795000
vn -0.455200 0.450000 0.768300
vn -0.370600 0.456500 0.808900
vn -0.212400 0.488000 0.846600
vn -0.250500 0.480400 0.840500
vn -0.177900 0.505600 0.844200
vn -0.305400 0.468000 0.829300
vn -0.342500 0.458500 0.820000
vn -0.135400 0.990800 0.000000
vn -0.204500 0.978900 0.000000
vn -0.144500 0.505300 0.850800
vn -0.045200 0.476200 0.878200
vn 0.000000 0.481900 0.876200
vn 0.045200 0.476200 0.878200
vn 0.045300 0.482300 0.874800
vn 0.177800 0.482600 0.857600
vn 0.152400 0.473500 0.867500
vn 0.177800 0.466000 0.866700
vn 0.053700 0.499100 0.864900
vn 0.085300 0.491500 0.866700
vn 0.105200 0.504300 0.857100
vn 0.111600 0.484700 0.867500
vn 0.177900 0.494100 0.851000
vn 0.144500 0.505300 0.850800
vn 0.177800 0.505600 0.844300
vn 0.149200 0.473100 0.868300
vn 0.085400 0.474000 0.876400
vn 0.130400 0.470600 0.872600
vn 0.146800 0.475100 0.867600
vn 0.356900 0.457200 0.814600
vn 0.360500 0.489400 0.794100
vn 0.237900 0.491500 0.837700
vn 0.212400 0.488000 0.846600
vn 0.494100 0.445500 0.746600
vn 0.512400 0.542200 0.666000
vn -0.774700 -0.213900 0.595000
vn -0.512400 0.542200 0.665900
vn -0.373100 -0.269200 0.887900
vn -0.185600 -0.280500 0.941700
vn -0.177800 0.466000 0.866700
vn -0.342600 0.458500 0.820000
vn -0.046000 -0.285800 0.957200
vn 0.046100 -0.285700 0.957200
vn 0.118000 0.471700 0.873800
vn 0.085500 0.474000 0.876300
vn 0.373100 -0.269200 0.887900
vn 0.356900 0.457100 0.814700
vn 0.521600 -0.253300 0.814700
vn 0.774700 -0.213900 0.595000
vn 0.512300 0.542200 0.666000
vn -0.397400 -0.550400 0.734300
vn -0.521600 -0.253300 0.814700
vn -0.277900 -0.575200 0.769400
vn -0.135300 -0.599600 0.788700
vn -0.032000 -0.610500 0.791300
vn 0.000000 -0.287800 0.957700
vn 0.032000 -0.610500 0.791300
vn 0.135300 -0.599600 0.788700
vn 0.185500 -0.280500 0.941700
vn 0.277900 -0.575200 0.769400
vn 0.397400 -0.550400 0.734300
vn -0.393900 0.431400 0.811600
vn -0.273900 0.424600 0.863000
vn -0.127500 0.413900 0.901400
vn -0.031400 0.400600 0.915700
vn 0.000000 -0.611300 0.791400
vn 0.031400 0.400600 0.915700
vn 0.127700 0.413900 0.901300
vn 0.274100 0.424500 0.862900
vn 0.394100 0.431500 0.811500
vn 0.470700 -0.776800 0.418300
vn 0.000000 1.000000 0.000000
vn -0.000200 -0.000900 -1.000000
vn -0.030000 -0.578600 -0.815100
vn -0.033000 -0.442200 -0.896300
vn 0.000000 -0.458100 -0.888900
vn 0.000000 0.000000 -1.000000
vn -0.889400 -0.261600 -0.375000
vn -0.856800 0.304900 -0.415900
vn -0.812100 0.348000 -0.468400
vn -0.697900 0.441200 -0.564100
vn -0.638300 0.471100 -0.608800
vn -0.554300 0.241100 -0.796600
vn -0.537700 0.239900 -0.808300
vn -0.456100 0.266700 -0.849000
vn -0.455500 0.267000 -0.849300
vn -0.363200 0.279400 -0.888800
vn -0.349500 0.277800 -0.894800
vn -0.223600 0.108200 -0.968700
vn -0.222500 0.106700 -0.969100
vn -0.188900 0.205000 -0.960400
vn -0.188800 0.206800 -0.960000
vn -0.188900 0.206500 -0.960000
vn -0.138900 0.193500 -0.971200
vn -0.137000 0.190500 -0.972100
vn -0.068000 0.035200 -0.997100
vn -0.067900 0.033600 -0.997100
vn -0.051400 0.106000 -0.993000
vn -0.051600 0.113000 -0.992300
vn -0.005700 0.389300 -0.921100
vn -0.005700 0.397600 -0.917600
vn 0.051900 0.199900 -0.978400
vn 0.051800 0.193700 -0.979700
vn 0.072300 0.070100 -0.994900
vn 0.072400 0.070000 -0.994900
vn 0.135800 0.186800 -0.973000
vn 0.096500 0.022300 0.995100
vn 0.224300 0.117800 -0.967400
vn 0.225500 0.119800 -0.966900
vn 0.352200 0.282100 -0.892400
vn 0.366500 0.283100 -0.886300
vn 0.458200 0.250400 -0.852800
vn 0.458200 0.250000 -0.853000
vn 0.539800 0.236700 -0.807800
vn 0.557200 0.238300 -0.795500
vn 0.635800 0.483500 -0.601700
vn 0.694500 0.453900 -0.558300
vn 0.798300 0.376800 -0.469800
vn 0.852600 -0.388400 -0.349600
vn 0.850400 -0.394200 -0.348500
vn -0.903100 -0.048400 0.426700
vn -0.726300 0.436700 0.530800
vn -0.902700 -0.054900 0.426700
vn -0.581700 0.518900 0.626300
vn -0.366700 0.598500 0.712200
vn -0.349000 0.603000 0.717300
vn -0.279300 0.618100 0.734800
vn -0.269000 0.620000 0.737000
vn -0.220600 0.627900 0.746400
vn -0.216000 0.628500 0.747200
vn -0.140800 0.635200 0.759400
vn -0.131800 0.635900 0.760400
vn -0.073700 0.639800 0.765000
vn -0.049000 0.640800 0.766200
vn -0.047700 0.640700 0.766300
vn -0.014100 0.639000 0.769100
vn -0.014000 0.638900 0.769100
vn -0.005300 0.639000 0.769200
vn -0.005300 0.639100 0.769100
vn 0.000000 0.638700 0.769400
vn 0.005300 0.638700 0.769400
vn 0.014200 0.638600 0.769400
vn 0.047900 0.637000 0.769300
vn 0.014300 0.638600 0.769400
vn 0.074000 0.636000 0.768100
vn 0.049200 0.637000 0.769300
vn 0.132500 0.632200 0.763400
vn 0.217900 0.620100 0.753700
vn 0.141600 0.631300 0.762500
vn 0.271300 0.611500 0.743200
vn 0.222500 0.619400 0.752900
vn 0.351900 0.593800 0.723600
vn 0.281600 0.609600 0.741000
vn 0.582200 0.516600 0.627800
vn 0.369400 0.589500 0.718300
vn 0.903100 -0.012700 0.429300
vn 0.725100 0.436000 0.533100
vn -0.573100 0.629300 -0.525000
vn -0.444900 0.796600 -0.409300
vn -0.572300 0.626900 -0.528600
vn -0.259500 0.860300 -0.438700
vn -0.438700 0.800600 -0.408200
vn -0.151600 0.907800 -0.391100
vn -0.258400 0.861100 -0.437900
vn -0.047300 0.917800 -0.394200
vn -0.140000 0.909800 -0.390800
vn -0.043900 0.916500 -0.397600
vn -0.047000 0.917800 -0.394300
vn -0.026600 0.919400 -0.392400
vn -0.043700 0.916500 -0.397600
vn -0.009500 0.919800 -0.392400
vn -0.025200 0.919500 -0.392300
vn -0.009000 0.919400 -0.393300
vn -0.009500 0.919700 -0.392400
vn 0.000500 0.919400 -0.393300
vn 0.009500 0.919400 -0.393300
vn 0.009000 0.919800 -0.392300
vn 0.026800 0.919500 -0.392100
vn 0.028400 0.919400 -0.392200
vn 0.046100 0.916100 -0.398300
vn 0.045000 0.918500 -0.392900
vn 0.044900 0.918500 -0.392800
vn 0.148100 0.909300 -0.388900
vn 0.160700 0.907000 -0.389400
vn 0.261200 0.852900 -0.452000
vn 0.261200 0.852500 -0.452700
vn 0.444600 0.801300 -0.400400
vn 0.581000 0.612200 -0.536400
vn 0.439000 0.805300 -0.398400
vn -0.212500 0.977100 0.008600
vn -0.175400 0.984300 0.021100
vn -0.213000 0.977000 0.008700
vn -0.175000 0.984300 0.021200
vn -0.159700 0.985500 0.057700
vn -0.159700 0.985500 0.058000
vn -0.169700 0.975700 0.138800
vn -0.170900 0.975200 0.140600
vn -0.266400 0.943600 0.196500
vn -0.267400 0.947100 0.177400
vn -0.203100 0.961800 0.183600
vn -0.201600 0.962100 0.183700
vn -0.162900 0.925200 0.342700
vn -0.246900 0.941900 0.227600
vn -0.249500 0.941300 0.227300
vn -0.241000 0.826400 0.509000
vn -0.192900 0.891000 0.410900
vn -0.301300 0.720100 0.625100
vn -0.242700 0.823900 0.512100
vn -0.287500 0.349400 0.891800
vn -0.319200 0.663600 0.676600
vn -0.312600 0.107700 0.943800
vn -0.285800 0.319800 0.903400
vn 0.175300 0.984200 0.024700
vn 0.192100 0.981300 0.013800
vn 0.192400 0.981200 0.013800
vn 0.162700 0.984900 0.059200
vn 0.175100 0.984200 0.024800
vn 0.171300 0.975400 0.138600
vn 0.162600 0.984900 0.059500
vn 0.270600 0.942800 0.194800
vn 0.172500 0.975000 0.140400
vn 0.271200 0.947500 0.169500
vn 0.180500 0.967400 0.177600
vn 0.274100 0.946700 0.169200
vn 0.218700 0.950600 0.220100
vn 0.159500 0.925900 0.342400
vn 0.220800 0.950200 0.219900
vn 0.191400 0.889400 0.415200
vn 0.236400 0.825400 0.512700
vn 0.235700 0.827100 0.510300
vn 0.297100 0.735700 0.608700
vn 0.316200 0.680800 0.660700
vn 0.289200 0.368000 0.883700
vn 0.287900 0.334800 0.897200
vn 0.309900 0.110400 0.944300
vn -0.080100 0.996700 0.015200
vn -0.127800 0.991600 0.019600
vn -0.127800 0.991600 0.019800
vn -0.034000 0.999300 0.016000
vn -0.080000 0.996700 0.015200
vn -0.030900 0.999300 0.023100
vn -0.034000 0.999300 0.016100
vn -0.016200 0.999600 0.022800
vn -0.030900 0.999300 0.023200
vn -0.006800 0.999700 0.022800
vn -0.007200 0.999700 0.024500
vn -0.000400 0.999700 0.024500
vn 0.006700 0.999700 0.024500
vn 0.007000 0.999700 0.022900
vn 0.007000 0.999700 0.022800
vn 0.015500 0.999600 0.022800
vn 0.028300 0.999300 0.023100
vn 0.028300 0.999300 0.023000
vn 0.034300 0.999300 0.015400
vn 0.034300 0.999300 0.015300
vn 0.077100 0.996900 0.015200
vn 0.077100 0.996900 0.015300
vn 0.118300 0.992800 0.019100
vn -0.313300 0.135400 0.940000
vn -0.219800 0.139000 0.965600
vn -0.216000 0.139200 0.966400
vn -0.108000 0.143100 0.983800
vn -0.107700 0.143100 0.983800
vn -0.093500 0.143300 0.985300
vn -0.093400 0.143000 0.985300
vn -0.049100 0.121400 0.991400
vn -0.048800 0.121000 0.991500
vn -0.006700 0.113800 0.993500
vn -0.006700 0.113600 0.993500
vn -0.006700 0.106200 0.994300
vn -0.006700 0.106000 0.994300
vn 0.000000 0.098900 0.995100
vn 0.006700 0.106200 0.994300
vn 0.000000 0.098700 0.995100
vn 0.006700 0.113700 0.993500
vn 0.006700 0.106400 0.994300
vn 0.048800 0.121200 0.991400
vn 0.006700 0.114000 0.993500
vn 0.093400 0.141600 0.985500
vn 0.049100 0.121600 0.991400
vn 0.107000 0.141800 0.984100
vn 0.093400 0.141900 0.985500
vn 0.213100 0.139300 0.967000
vn 0.107300 0.141800 0.984100
vn 0.308700 0.094500 0.946500
vn 0.216900 0.138600 0.966300
vn 0.000000 0.000000 1.000000
vn -0.472700 0.746400 -0.468400
vn -0.475600 0.746800 -0.464800
vn -0.497500 0.723700 -0.478200
vn -0.282200 0.806700 -0.519200
vn -0.203900 0.855300 -0.476300
vn -0.197500 0.859100 -0.472100
vn -0.079900 0.875400 -0.476700
vn -0.076900 0.876100 -0.475900
vn 0.000000 0.879300 -0.476300
vn 0.000000 0.879500 -0.475900
vn 0.076900 0.876100 -0.475900
vn 0.079900 0.875400 -0.476700
vn 0.197500 0.859100 -0.472100
vn 0.203900 0.855300 -0.476300
vn 0.282200 0.806700 -0.519200
vn 0.475600 0.746800 -0.464800
vn 0.472700 0.746400 -0.468400
vn 0.497500 0.723700 -0.478200
vn -0.343600 0.803400 -0.486300
vn -0.449700 0.763200 -0.464100
vn -0.229900 0.836500 -0.497300
vn -0.173300 0.856700 -0.485900
vn -0.277900 0.814000 -0.510100
vn -0.069400 0.874700 -0.479600
vn -0.074600 0.876700 -0.475300
vn 0.000000 0.878600 -0.477600
vn 0.074600 0.876700 -0.475300
vn 0.069400 0.874700 -0.479600
vn 0.173300 0.856700 -0.485900
vn 0.229900 0.836500 -0.497300
vn 0.277900 0.814000 -0.510100
vn 0.449700 0.763200 -0.464100
vn 0.343600 0.803400 -0.486300
vn -0.222500 0.837200 -0.499600
vn -0.323200 0.810200 -0.489000
vn -0.170100 0.852700 -0.494000
vn -0.151400 0.861700 -0.484300
vn -0.120400 0.866800 -0.483900
vn -0.058200 0.876400 -0.478000
vn 0.058200 0.876400 -0.478000
vn 0.120400 0.866800 -0.483900
vn 0.151400 0.861700 -0.484300
vn 0.170100 0.852700 -0.494000
vn 0.323200 0.810200 -0.489000
vn 0.222500 0.837200 -0.499600
vn -0.146500 0.850500 -0.505200
vn -0.209200 0.840200 -0.500300
vn -0.135900 0.861300 -0.489500
vn -0.098300 0.871400 -0.480600
vn -0.049700 0.877700 -0.476500
vn 0.000000 0.879000 -0.476800
vn 0.049700 0.877700 -0.476500
vn 0.098300 0.871400 -0.480600
vn 0.135900 0.861300 -0.489500
vn 0.209200 0.840200 -0.500300
vn 0.146500 0.850500 -0.505200
vn -0.136300 0.853000 -0.503700
vn -0.132000 0.853700 -0.503800
vn -0.121700 0.857300 -0.500200
vn -0.098000 0.869100 -0.484800
vn -0.090700 0.870600 -0.483500
vn -0.051300 0.876900 -0.477900
vn -0.047000 0.877500 -0.477300
vn 0.000000 0.879200 -0.476400
vn 0.047000 0.877500 -0.477300
vn 0.051300 0.876900 -0.477900
vn 0.090700 0.870600 -0.483500
vn 0.098000 0.869100 -0.484800
vn 0.121700 0.857300 -0.500200
vn 0.132000 0.853700 -0.503800
vn 0.136300 0.853000 -0.503700
vn -0.247800 0.967500 -0.051300
vn -0.202400 0.976800 -0.070500
vn -0.216900 0.973900 -0.067300
vn -0.226500 0.972500 -0.054300
vn -0.156000 0.983400 -0.092400
vn -0.169100 0.983500 -0.064000
vn -0.082300 0.989300 -0.120700
vn -0.088500 0.993400 -0.073200
vn 0.000000 0.991200 -0.132400
vn 0.088500 0.993400 -0.073200
vn 0.082300 0.989300 -0.120700
vn 0.169100 0.983500 -0.064000
vn 0.156000 0.983400 -0.092400
vn 0.226500 0.972500 -0.054300
vn 0.202400 0.976800 -0.070500
vn 0.247800 0.967500 -0.051300
vn 0.216900 0.973900 -0.067300
vn -0.225400 0.973900 0.028200
vn -0.169300 0.985000 0.031800
vn -0.088300 0.995500 0.035400
vn 0.000000 0.999300 0.036800
vn 0.000000 0.997100 -0.076300
vn 0.088300 0.995500 0.035400
vn 0.169300 0.985000 0.031800
vn 0.225400 0.973900 0.028200
vn -0.244400 0.969300 0.028700
vn -0.223100 0.946600 0.232600
vn -0.166900 0.961300 0.219300
vn -0.169300 0.985100 0.031800
vn -0.086200 0.973500 0.211700
vn 0.000000 0.977700 0.209900
vn 0.086200 0.973500 0.211700
vn 0.169300 0.985100 0.031800
vn 0.166900 0.961300 0.219300
vn 0.223100 0.946600 0.232600
vn 0.244400 0.969300 0.028700
vn -0.665300 0.730200 0.155600
vn -0.260000 0.840500 0.475300
vn -0.223100 0.946600 0.232700
vn -0.223100 0.946600 0.232800
vn -0.198900 0.884300 0.422400
vn -0.092100 0.935900 0.340000
vn 0.000000 0.943300 0.332000
vn 0.092100 0.935900 0.340000
vn 0.198900 0.884300 0.422400
vn 0.223100 0.946600 0.232800
vn 0.260000 0.840500 0.475300
vn 0.665300 0.730200 0.155600
vn 0.223100 0.946600 0.232700
vn -0.671900 0.660500 0.335000
vn -0.316100 0.782500 0.536400
vn -0.273100 0.808100 0.522000
vn -0.167100 0.824800 0.540200
vn -0.122000 0.848700 0.514600
vn -0.102100 0.840600 0.531900
vn -0.102100 0.840700 0.531900
vn 0.000000 0.860700 0.509100
vn 0.000000 0.848000 0.530000
vn 0.102100 0.840600 0.531900
vn 0.122000 0.848700 0.514600
vn 0.167100 0.824800 0.540200
vn 0.273100 0.808100 0.522000
vn 0.316100 0.782500 0.536400
vn 0.671900 0.660500 0.335000
vn -0.710300 0.621300 0.330900
vn -0.315700 0.878400 0.358900
vn -0.245600 0.899400 0.361500
vn -0.191300 0.847300 0.495500
vn -0.183200 0.827500 0.530800
vn -0.133700 0.866900 0.480200
vn 0.133700 0.866900 0.480200
vn 0.191300 0.847300 0.495500
vn 0.183200 0.827500 0.530800
vn 0.245600 0.899400 0.361500
vn 0.315700 0.878400 0.358800
vn 0.710300 0.621300 0.330900
vn -0.579700 0.793200 0.186300
vn -0.302700 0.927500 0.219200
vn -0.315700 0.878400 0.358700
vn -0.245600 0.899500 0.361500
vn -0.315700 0.878400 0.358800
vn -0.210100 0.923900 0.319800
vn -0.116500 0.875100 0.469700
vn -0.109000 0.865700 0.488600
vn 0.000000 0.855000 0.518700
vn 0.109000 0.865700 0.488600
vn 0.116500 0.875100 0.469700
vn 0.210100 0.923900 0.319800
vn 0.245600 0.899500 0.361500
vn 0.302700 0.927500 0.219200
vn 0.579700 0.793200 0.186300
vn 0.315700 0.878400 0.358700
vn -0.931900 0.362600 0.002800
vn -0.931600 0.363500 0.002000
vn -0.931700 0.363100 0.003900
vn -0.930800 0.365600 0.000300
vn -0.920400 0.390400 -0.021500
vn -0.918900 0.393800 -0.022900
vn -0.915600 0.401000 -0.030700
vn -0.916800 0.397800 -0.034300
vn -0.984200 0.172900 -0.037200
vn -0.931200 0.362700 -0.035300
vn -0.950800 0.308100 -0.033500
vn -0.999200 0.005700 -0.039300
vn -0.956900 0.288400 -0.035000
vn -0.958200 0.284900 -0.025600
vn -0.954700 0.295900 0.029600
vn -0.957200 0.289600 0.001000
vn -0.953900 0.297400 0.039500
vn -0.943000 0.331000 0.035700
vn -0.953700 0.300700 0.000600
vn -0.952500 0.304400 0.004300
vn -0.955200 0.295800 0.005400
vn -0.940400 0.340000 0.003800
vn -0.937100 0.349000 0.004400
vn -0.934500 0.356000 0.002400
vn -0.934300 0.356400 0.005500
vn -0.938000 0.346600 -0.001600
vn -0.930500 0.366300 -0.007000
vn -0.928200 0.372100 -0.008100
vn -0.927800 0.373000 -0.009600
vn -0.928900 0.370100 -0.010800
vn -0.931800 0.362500 -0.016200
vn -0.934600 0.355000 -0.022600
vn -0.937100 0.347700 -0.029500
vn -0.938900 0.342700 -0.031500
vn -0.941900 0.335000 -0.026800
vn -0.946400 0.322200 -0.021200
vn -0.951300 0.307900 -0.015300
vn -0.955300 0.295600 -0.011100
vn -0.955700 0.294200 -0.010700
vn -0.955100 0.296000 -0.007800
vn -0.955400 0.295300 -0.008000
vn -0.948500 0.316800 -0.000400
vn -0.949500 0.313900 0.003400
vn -0.944800 0.327500 0.004300
vn -0.954200 0.298700 -0.018000
vn -0.951900 0.304900 -0.029700
vn -0.950000 0.312100 -0.010800
vn -0.997900 -0.050600 -0.040800
vn -0.939800 -0.338000 -0.050400
vn -0.630900 0.775900 0.006100
vn 0.931600 0.363500 0.002000
vn 0.931900 0.362600 0.002800
vn 0.931700 0.363100 0.003900
vn 0.920400 0.390400 -0.021500
vn 0.930800 0.365600 0.000300
vn 0.915600 0.401000 -0.030700
vn 0.918900 0.393800 -0.022900
vn 0.984200 0.172900 -0.037200
vn 0.916800 0.397800 -0.034300
vn 0.931200 0.362700 -0.035300
vn 0.950800 0.308100 -0.033500
vn 0.924100 0.380800 -0.031100
vn 0.999200 0.005700 -0.039300
vn 0.956900 0.288400 -0.035000
vn 0.958200 0.284900 -0.025600
vn 0.954700 0.295900 0.029600
vn 0.957200 0.289600 0.001000
vn 0.943000 0.331000 0.035700
vn 0.953900 0.297400 0.039500
vn 0.952500 0.304400 0.004300
vn 0.953700 0.300700 0.000600
vn 0.955200 0.295800 0.005400
vn 0.940400 0.340000 0.003800
vn 0.949500 0.313900 0.003400
vn 0.937100 0.349000 0.004400
vn 0.934500 0.356000 0.002400
vn 0.930500 0.366300 -0.007000
vn 0.938000 0.346600 -0.001600
vn 0.927800 0.373000 -0.009600
vn 0.928200 0.372100 -0.008100
vn 0.931800 0.362500 -0.016200
vn 0.928900 0.370100 -0.010800
vn 0.937100 0.347700 -0.029500
vn 0.934600 0.355000 -0.022600
vn 0.938900 0.342700 -0.031500
vn 0.937500 0.346600 -0.031400
vn 0.941900 0.335000 -0.026800
vn 0.946400 0.322200 -0.021200
vn 0.951300 0.307900 -0.015300
vn 0.955300 0.295600 -0.011100
vn 0.955700 0.294200 -0.010700
vn 0.955100 0.296000 -0.007800
vn 0.955400 0.295300 -0.008000
vn 0.948500 0.316800 -0.000400
vn 0.944800 0.327500 0.004300
vn 0.945400 0.325800 0.004100
vn 0.954200 0.298700 -0.018000
vn 0.950000 0.312100 -0.010800
vn 0.951900 0.304900 -0.029700
vn 0.414500 0.870000 0.267000
vn 0.561700 0.823700 0.076800
vn 0.997900 -0.050600 -0.040800
vn 0.630900 0.775900 0.006100
vn -0.053400 0.866500 0.496300
vn -0.040600 0.872200 0.487500
vn -0.092300 0.847600 0.522600
vn 0.147800 -0.964100 0.220500
vn 0.153100 -0.962200 0.225200
vn 0.106400 -0.977300 0.183400
vn 0.050400 0.868500 0.493100
vn 0.038400 0.873800 0.484700
vn 0.000000 0.889300 0.457200
vn -0.150200 -0.961600 0.229700
vn -0.144500 -0.963600 0.224700
vn -0.100500 -0.977500 0.185300
vn -0.383800 -0.430100 -0.817200
vn -0.504100 -0.860100 0.077600
vn -0.120400 -0.430100 0.894700
vn 0.383800 0.430100 0.817200
vn 0.504100 0.860100 -0.077600
vn 0.120400 0.430100 -0.894700
vn 0.850100 -0.510100 -0.130800
vn -0.850100 0.510100 0.130800
vn 0.567800 0.000000 -0.823200
vn 0.209800 0.735000 -0.644800
vn 0.522200 0.662800 -0.536600
vn 0.196200 0.980600 0.000000
vn 0.485900 0.874000 0.000000
vn 0.522200 0.662800 0.536600
vn 0.209800 0.735000 0.644800
vn 0.567800 0.000000 0.823200
vn 0.209800 -0.735000 0.644800
vn 0.522200 -0.662800 0.536600
vn 0.196200 -0.980600 0.000000
vn 0.485900 -0.874000 0.000000
vn 0.522200 -0.662800 -0.536600
vn 0.209800 -0.735000 -0.644800
vn -0.475600 0.000000 -0.879700
vn 0.222700 0.000000 -0.974900
vn -0.459500 0.670600 -0.582400
vn -0.459500 0.670600 0.582400
vn -0.475600 0.000000 0.879700
vn 0.222700 0.000000 0.974900
vn -0.459500 -0.670600 0.582400
vn -0.459500 -0.670600 -0.582400
vn -0.933200 0.000000 -0.359300
vn -0.925800 0.298900 -0.231500
vn -0.441000 0.897500 0.000000
vn -0.925800 0.298900 0.231500
vn -0.933200 0.000000 0.359300
vn -0.925800 -0.298900 0.231500
vn -0.441000 -0.897500 0.000000
vn -0.925800 -0.298900 -0.231500
vn -0.920300 0.391100 0.000000
vn -0.070200 0.000000 0.997500
vn 0.120400 -0.430100 0.894700
vn 0.504100 -0.860100 0.077600
vn 0.383800 -0.430100 -0.817200
vn -0.120400 0.430100 -0.894700
vn -0.504100 0.860100 -0.077600
vn -0.383800 0.430100 0.817200
vn -0.850100 -0.510100 -0.130800
vn 0.850100 0.510100 0.130800
vn -0.567800 0.000000 -0.823200
vn -0.209800 0.735000 -0.644800
vn -0.222700 0.000000 -0.974900
vn -0.522200 0.662800 -0.536600
vn -0.196200 0.980600 0.000000
vn -0.522200 0.662800 0.536600
vn -0.485900 0.874000 0.000000
vn -0.567800 0.000000 0.823200
vn -0.209800 0.735000 0.644800
vn -0.209800 -0.735000 0.644800
vn -0.222700 0.000000 0.974900
vn -0.522200 -0.662800 0.536600
vn -0.196200 -0.980600 0.000000
vn -0.522200 -0.662800 -0.536600
vn -0.485900 -0.874000 0.000000
vn -0.209800 -0.735000 -0.644800
vn 0.475600 0.000000 -0.879700
vn 0.459500 0.670600 -0.582400
vn 0.459500 0.670600 0.582400
vn 0.441000 0.897500 0.000000
vn 0.475600 0.000000 0.879700
vn 0.459500 -0.670600 0.582400
vn 0.459500 -0.670600 -0.582400
vn 0.441000 -0.897500 0.000000
vn 0.933200 0.000000 -0.359300
vn 0.925800 0.298900 -0.231500
vn 0.925800 0.298900 0.231500
vn 0.920300 0.391100 0.000000
vn 0.933200 0.000000 0.359300
vn 0.925800 -0.298900 0.231500
vn 0.925800 -0.298900 -0.231500
vn 0.920300 -0.391100 0.000000
vn 0.070200 0.000000 0.997500
vn -0.464400 -0.587400 -0.662900
vn -0.664000 -0.572600 -0.480900
vn -0.654500 -0.579300 -0.485900
vn 0.119800 -0.949000 0.291500
vn 0.138100 -0.943100 0.302400
vn 0.133800 -0.944400 0.300400
vn 0.534600 0.001900 0.845100
vn 0.746700 -0.006100 0.665100
vn 0.739900 -0.008100 0.672600
vn 0.211500 0.949700 0.231100
vn 0.323500 0.940000 0.108400
vn 0.211800 0.949500 0.231500
vn -0.405900 0.585100 -0.702000
vn -0.547500 0.586900 -0.596400
vn -0.405000 0.586800 -0.701200
vn -0.804800 -0.579800 -0.127100
vn -0.802000 -0.582700 -0.131600
vn 0.266400 -0.947500 0.177100
vn 0.974200 -0.005400 0.225600
vn 0.336800 0.940900 -0.035000
vn 0.329300 0.943400 -0.039400
vn -0.767600 0.589400 -0.251700
vn -0.769800 0.585600 -0.253900
vn -0.811800 -0.584000 0.001300
vn 0.273400 -0.946200 0.173300
vn 0.309700 -0.950800 -0.003800
vn 1.000000 -0.005100 -0.008500
vn 1.000000 0.000000 -0.009700
vn 0.310500 0.950600 -0.001100
vn 0.309000 0.951100 -0.001400
vn -0.808200 0.588900 -0.006900
vn -0.809000 0.587800 -0.007300
vn 0.842300 -0.057400 -0.536000
vn 0.000000 -0.707100 -0.707100
vn 0.177900 0.505600 0.844200
vn 0.086100 -0.996300 0.000000
vn 0.040700 -0.999200 0.000000
vn -0.191900 0.544300 -0.816600
vn 0.230600 0.462800 -0.855900
vn 0.573100 0.447300 -0.686700
vn 0.561200 0.440500 -0.700700
vn 0.501800 -0.421700 -0.755200
vn 0.214200 -0.039000 -0.976000
vn -0.135800 -0.338600 -0.931100
vn -0.177800 0.505600 0.844300
vn -0.214300 -0.019400 -0.976600
vn -0.139000 -0.012600 -0.990200
vn 0.028700 -0.631500 -0.774900
vn 0.071500 -0.001000 -0.997400
vn 0.106300 0.047100 0.993200
vn -0.071500 -0.000700 -0.997400
vn -0.243100 -0.199300 -0.949300
vn -0.108100 0.284000 0.952700
vn -0.512300 0.542200 0.666000
vn -0.356900 0.457200 0.814700
vn 0.000000 -0.904500 0.426500
vn -0.013500 0.199800 -0.979800
vn -0.046100 0.131200 -0.990300
vn 0.028700 -0.631500 -0.774800
vn -0.886400 -0.272700 -0.374000
vn 0.841300 0.341000 -0.419400
vn 0.005300 0.638800 0.769400
vn 0.074000 0.636100 0.768100
vn 0.902900 -0.018400 0.429400
vn 0.580100 0.609500 -0.540400
vn -0.268600 0.943000 0.196400
vn -0.269600 0.946500 0.177100
vn -0.314400 0.108000 0.943100
vn 0.272800 0.942200 0.194700
vn 0.178600 0.967700 0.177800
vn 0.310800 0.110600 0.944000
vn 0.118300 0.992800 0.019200
vn 0.308700 0.093300 0.946600
vn -0.282300 0.800500 -0.528800
vn 0.282300 0.800500 -0.528800
vn 0.000000 0.877400 0.479700
vn 0.315700 0.878400 0.358900
vn -0.414500 0.870000 0.267000
vn 0.000000 0.849700 0.527300
vn -0.915200 0.401700 -0.031600
vn -0.924100 0.380800 -0.031100
vn -0.956600 0.291300 0.004200
vn -0.937500 0.346600 -0.031400
vn -0.945400 0.325800 0.004100
vn -0.932900 0.360000 0.004900
vn -0.932800 0.360300 0.005000
vn -0.933700 0.358100 0.002200
vn -0.937900 0.346800 -0.011400
vn -0.956500 0.291700 0.004500
vn -0.927600 0.373100 -0.019300
vn -0.956500 0.291800 0.003700
vn -0.958800 0.281700 -0.035900
vn -0.914400 0.403500 -0.032700
vn -0.561700 0.823700 0.076800
vn 0.915200 0.401700 -0.031600
vn 0.956600 0.291300 0.004200
vn 0.934300 0.356400 0.005500
vn 0.933700 0.358100 0.002200
vn 0.932800 0.360300 0.005000
vn 0.932900 0.360000 0.004900
vn 0.927600 0.373100 -0.019300
vn 0.914400 0.403500 -0.032700
vn 0.937900 0.346800 -0.011400
vn 0.958800 0.281700 -0.035900
vn 0.956500 0.291800 0.003700
vn 0.956500 0.291700 0.004500
vn 0.939800 -0.338000 -0.050400
vn 0.000000 0.888700 0.458500
vn 0.193100 -0.945900 0.260700
vn 0.087400 0.850800 0.518100
vn 0.000000 0.000100 -1.000000
vn -0.192700 -0.944100 0.267300
vn -0.920300 -0.391100 0.000000
vn -0.464700 -0.586700 -0.663200
vn 0.119000 -0.949400 0.290600
vn 0.534300 0.000200 0.845300
vn 0.320600 0.939600 0.119800
vn -0.538800 0.587900 -0.603400
vn 0.973700 -0.003600 0.227700
vn -0.809000 -0.587800 0.002400
vn 0.309000 -0.951000 -0.004000
o roadster_na_popup_lampsup
usemtl roadster_na_popup_lampsup
f 1/1/1 2/2/2 3/3/3
f 4/4/4 1/1/1 3/3/3
f 2/2/2 5/5/5 3/3/3
f 4/4/4 3/3/3 5/5/5
f 6/6/6 7/7/7 8/8/8
f 9/9/9 6/6/6 8/8/8
f 8/8/8 7/7/7 10/10/10
f 9/9/9 10/10/10 2/2/2
f 11/11/11 12/12/12 13/13/13
f 13/13/13 14/14/14 11/11/11
f 15/15/15 14/14/14 16/16/16
f 13/13/13 12/12/12 17/17/17
f 17/17/17 7/7/7 16/16/16
f 15/15/15 16/16/16 6/6/6
f 18/18/18 19/19/19 20/20/20
f 20/20/20 21/21/21 22/22/22
f 23/23/23 24/24/24 25/25/25
f 26/26/26 27/27/27 28/28/28
f 19/19/19 29/29/29 30/30/30
f 19/19/19 31/31/31 21/21/21
f 31/31/31 12/12/12 11/11/11
f 32/32/32 33/33/33 11/11/11
f 18/18/18 34/34/34 35/35/35
f 18/18/18 35/35/35 29/29/29
f 34/34/34 36/36/36 37/37/37
f 34/34/34 37/37/37 35/35/35
f 38/38/38 39/39/39 40/40/40
f 41/41/41 38/38/38 40/40/40
f 42/42/42 37/37/37 36/36/36
f 41/41/41 42/42/42 36/36/36
f 43/43/43 44/44/44 45/45/45
f 43/43/43 45/45/45 46/46/46
f 47/47/47 48/48/48 46/46/46
f 45/45/45 44/44/44 49/49/49
f 50/50/50 51/51/51 52/52/52
f 53/53/53 54/53/53 55/53/53
f 56/54/54 57/55/55 58/56/56
f 59/57/57 60/58/58 61/59/59
f 62/60/60 63/61/61 64/62/62
f 65/63/63 66/64/64 67/65/65
f 65/63/63 44/44/44 43/43/43
f 62/60/60 64/62/62 43/43/43
f 68/66/66 69/67/67 70/68/68
f 71/69/69 70/68/68 69/67/67
f 69/67/67 72/70/70 73/71/71
f 69/67/67 66/64/64 71/69/69
f 74/72/72 75/73/73 76/74/74
f 77/75/75 76/74/74 78/76/76
f 79/77/77 77/75/75 78/76/76
f 76/74/74 75/73/73 80/78/78
f 78/76/76 80/78/78 81/79/79
f 79/77/77 81/79/79 82/80/80
f 83/81/81 84/82/82 85/83/83
f 83/81/81 85/83/83 75/73/73
f 84/82/82 86/84/84 87/85/85
f 84/82/82 87/85/85 85/83/83
f 86/84/84 88/86/86 89/87/87
f 86/84/84 89/87/87 87/85/85
f 90/53/88 91/53/89 92/53/90
f 90/53/88 92/53/90 93/53/91
f 94/88/92 95/89/93 96/90/94
f 97/91/95 98/92/96 99/93/92
f 100/94/97 101/95/98 102/96/99
f 100/94/97 102/96/99 103/97/100
f 101/95/98 104/98/101 105/99/102
f 101/95/98 105/99/102 102/96/99
f 106/100/103 107/101/104 97/91/95
f 108/102/105 109/103/106 110/104/107
f 111/53/108 112/53/109 113/53/110
f 111/53/108 113/53/110 114/53/111
f 115/86/112 116/84/113 117/85/114
f 115/86/112 117/85/114 118/87/115
f 116/84/113 119/82/116 120/83/117
f 116/84/113 120/83/117 117/85/114
f 119/82/116 121/81/118 122/73/119
f 119/82/116 122/73/119 120/83/117
f 121/81/118 123/105/5 124/80/120
f 121/81/118 124/80/120 122/73/119
f 125/106/120 2/2/2 126/107/121
f 125/106/120 126/107/121 127/108/122
f 10/10/10 128/109/123 129/110/124
f 2/2/2 10/10/10 129/110/124
f 129/110/124 128/109/123 130/111/125
f 129/110/124 126/107/121 2/2/2
f 12/12/12 131/112/126 17/17/17
f 7/7/7 17/17/17 131/112/126
f 131/112/126 132/113/127 133/114/128
f 131/112/126 128/109/123 7/7/7
f 29/29/29 134/115/129 30/30/30
f 30/30/30 135/116/130 31/31/31
f 12/12/12 31/31/31 135/116/130
f 136/53/131 137/53/132 138/53/133
f 139/117/134 140/118/135 141/119/136
f 135/116/130 132/113/127 12/12/12
f 29/29/29 35/35/35 142/120/137
f 29/29/29 142/120/137 143/121/138
f 35/35/35 37/37/37 144/122/139
f 35/35/35 144/122/139 142/120/137
f 145/123/140 146/124/141 147/125/142
f 37/37/37 145/123/140 147/125/142
f 147/125/142 146/124/141 148/126/143
f 147/125/142 144/122/139 37/37/37
f 149/54/144 150/55/145 151/127/146
f 152/128/147 153/129/148 154/130/149
f 39/39/39 155/131/150 156/132/151
f 157/133/152 158/134/153 159/135/154
f 157/133/152 146/124/141 145/123/140
f 39/39/39 156/132/151 145/123/140
f 66/64/64 160/136/155 67/65/65
f 44/44/44 67/65/65 160/136/155
f 160/136/155 161/137/156 162/138/157
f 160/136/155 158/134/153 44/44/44
f 72/70/70 163/139/158 73/71/71
f 66/64/64 73/71/71 163/139/158
f 163/139/158 164/140/52 165/141/159
f 163/139/158 161/137/156 66/64/64
f 75/73/73 166/142/160 80/78/78
f 81/79/79 166/142/160 50/50/50
f 82/80/80 81/79/79 50/50/50
f 166/142/160 167/143/161 51/51/51
f 168/144/162 169/145/163 170/146/164
f 171/53/165 172/53/166 53/53/53
f 75/73/73 85/83/83 173/147/167
f 75/73/73 173/147/167 167/143/161
f 85/83/83 87/85/85 174/148/168
f 85/83/83 174/148/168 173/147/167
f 87/85/85 89/87/87 175/149/169
f 87/85/85 175/149/169 174/148/168
f 93/53/91 92/53/90 176/53/170
f 93/53/91 176/53/170 177/53/171
f 178/150/172 179/151/173 108/102/105
f 180/152/174 181/153/175 182/154/105
f 103/97/100 102/96/99 183/155/176
f 103/97/100 183/155/176 184/156/177
f 102/96/99 105/99/102 185/157/178
f 102/96/99 185/157/178 183/155/176
f 182/154/105 179/151/179 180/152/174
f 186/158/180 187/159/181 188/160/182
f 114/53/111 113/53/110 189/53/183
f 114/53/111 189/53/183 190/53/184
f 118/87/115 117/85/114 191/148/185
f 118/87/115 191/148/185 192/149/186
f 117/85/114 120/83/117 193/147/187
f 117/85/114 193/147/187 191/148/185
f 120/83/117 122/73/119 194/143/188
f 120/83/117 194/143/188 193/147/187
f 122/73/119 124/80/120 195/52/122
f 122/73/119 195/52/122 194/143/188
f 127/108/122 126/107/121 196/161/189
f 127/108/122 196/161/189 197/162/190
f 198/163/125 199/164/191 126/107/121
f 126/107/121 199/164/191 196/161/189
f 133/114/128 200/165/192 128/109/123
f 128/109/123 200/165/192 199/164/191
f 201/166/193 202/167/194 132/113/127
f 132/113/127 202/167/194 200/165/192
f 143/121/138 142/120/137 203/168/195
f 143/121/138 203/168/195 202/167/194
f 142/120/137 144/122/139 204/169/196
f 142/120/137 204/169/196 203/168/195
f 148/126/143 205/170/197 144/122/139
f 144/122/139 205/170/197 204/169/196
f 206/171/154 207/172/198 146/124/141
f 146/124/141 207/172/198 205/170/197
f 208/173/157 209/174/199 158/134/153
f 158/134/153 209/174/199 207/172/198
f 210/175/159 211/176/200 161/137/156
f 161/137/156 211/176/200 209/174/199
f 212/177/51 213/178/201 52/52/52
f 52/52/52 213/178/201 214/179/202
f 167/143/161 173/147/167 215/180/203
f 167/143/161 215/180/203 213/178/201
f 173/147/167 174/148/168 216/181/204
f 173/147/167 216/181/204 215/180/203
f 174/148/168 175/149/169 217/182/205
f 174/148/168 217/182/205 216/181/204
f 177/53/171 176/53/170 218/53/206
f 177/53/171 218/53/206 219/53/207
f 186/158/180 188/160/182 220/183/208
f 188/160/182 221/184/209 220/183/208
f 184/156/177 183/155/176 222/185/210
f 184/156/177 222/185/210 223/186/211
f 183/155/176 185/157/178 224/187/212
f 183/155/176 224/187/212 222/185/210
f 225/188/213 188/160/182 187/159/181
f 226/189/214 227/190/213 228/191/215
f 190/53/184 189/53/183 229/53/216
f 190/53/184 229/53/216 230/53/217
f 192/149/186 191/148/185 231/181/218
f 192/149/186 231/181/218 232/182/219
f 191/148/185 193/147/187 233/180/220
f 191/148/185 233/180/220 231/181/218
f 193/147/187 194/143/188 234/178/221
f 193/147/187 234/178/221 233/180/220
f 194/143/188 195/52/122 235/179/190
f 194/143/188 235/179/190 234/178/221
f 197/162/190 196/161/189 236/192/222
f 197/162/190 236/192/222 237/193/223
f 196/161/189 199/164/191 238/194/224
f 196/161/189 238/194/224 236/192/222
f 199/164/191 200/165/192 239/195/225
f 199/164/191 239/195/225 238/194/224
f 200/165/192 202/167/194 240/196/226
f 200/165/192 240/196/226 239/195/225
f 202/167/194 203/168/195 241/197/227
f 202/167/194 241/197/227 240/196/226
f 203/168/195 204/169/196 242/198/228
f 203/168/195 242/198/228 241/197/227
f 204/169/196 205/170/197 243/199/229
f 204/169/196 243/199/229 242/198/228
f 205/170/197 207/172/198 244/200/230
f 205/170/197 244/200/230 243/199/229
f 207/172/198 209/174/199 245/201/231
f 207/172/198 245/201/231 244/200/230
f 209/174/199 211/176/200 246/202/232
f 209/174/199 246/202/232 245/201/231
f 214/179/202 213/178/201 247/203/233
f 214/179/202 247/203/233 248/204/232
f 213/178/201 215/180/203 249/205/234
f 213/178/201 249/205/234 247/203/233
f 215/180/203 216/181/204 250/206/235
f 215/180/203 250/206/235 249/205/234
f 251/181/236 252/182/237 253/207/238
f 251/181/236 253/207/238 254/206/239
f 255/53/240 256/53/240 257/53/241
f 255/53/240 257/53/241 258/53/242
f 259/208/243 260/209/182 261/210/213
f 262/53/244 263/53/244 264/53/244
f 223/186/211 222/185/210 265/211/245
f 223/186/211 265/211/245 266/212/245
f 222/185/210 224/187/212 267/213/245
f 222/185/210 267/213/245 265/211/245
f 226/189/214 268/214/246 259/208/243
f 269/53/247 270/53/247 271/53/247
f 272/53/240 273/53/240 274/53/242
f 272/53/240 274/53/242 275/53/241
f 232/182/219 231/181/218 276/206/248
f 232/182/219 276/206/248 277/207/249
f 231/181/218 233/180/220 278/205/250
f 231/181/218 278/205/250 276/206/248
f 233/180/220 234/178/221 279/203/251
f 233/180/220 279/203/251 278/205/250
f 234/178/221 235/179/190 280/204/223
f 234/178/221 280/204/223 279/203/251
f 237/193/223 236/192/222 281/215/252
f 237/193/223 281/215/252 282/216/253
f 236/192/222 238/194/224 283/217/254
f 236/192/222 283/217/254 281/215/252
f 238/194/224 239/195/225 284/218/255
f 238/194/224 284/218/255 283/217/254
f 239/195/225 240/196/226 285/219/256
f 239/195/225 285/219/256 284/218/255
f 240/196/226 241/197/227 286/220/257
f 240/196/226 286/220/257 285/219/256
f 241/197/227 242/198/228 287/221/258
f 241/197/227 287/221/258 286/220/257
f 242/198/228 243/199/229 288/222/259
f 242/198/228 288/222/259 287/221/258
f 243/199/229 244/200/230 289/223/260
f 243/199/229 289/223/260 288/222/259
f 244/200/230 245/201/231 290/224/261
f 244/200/230 290/224/261 289/223/260
f 245/201/231 246/202/232 291/225/262
f 245/201/231 291/225/262 290/224/261
f 248/204/232 247/203/233 292/226/263
f 248/204/232 292/226/263 293/227/262
f 247/203/233 249/205/234 294/228/264
f 247/203/233 294/228/264 292/226/263
f 249/205/234 250/206/235 295/229/265
f 296/205/266 297/229/267 298/228/268
f 254/206/239 253/207/238 299/230/269
f 254/206/239 299/230/269 297/229/267
f 258/53/242 257/53/241 300/53/270
f 258/53/242 300/53/270 301/53/271
f 264/53/244 263/53/244 302/53/244
f 264/53/244 302/53/244 303/53/244
f 266/212/245 265/211/245 304/231/245
f 266/212/245 304/231/245 305/232/245
f 265/211/245 267/213/245 306/233/245
f 265/211/245 306/233/245 304/231/245
f 271/53/247 270/53/247 307/53/247
f 271/53/247 307/53/247 308/53/247
f 275/53/241 274/53/242 309/53/271
f 275/53/241 309/53/271 310/53/270
f 277/207/249 276/206/248 311/229/272
f 277/207/249 311/229/272 312/230/273
f 276/206/248 278/205/250 313/228/274
f 276/206/248 313/228/274 311/229/272
f 278/205/250 279/203/251 314/226/275
f 278/205/250 314/226/275 313/228/274
f 279/203/251 280/204/223 315/227/253
f 279/203/251 315/227/253 314/226/275
f 282/216/253 281/215/252 316/234/276
f 282/216/253 316/234/276 317/235/277
f 281/215/252 283/217/254 318/236/278
f 281/215/252 318/236/278 316/234/276
f 283/217/254 284/218/255 319/237/279
f 283/217/254 319/237/279 318/236/278
f 284/218/255 285/219/256 26/26/26
f 284/218/255 26/26/26 319/237/279
f 285/219/256 286/220/257 27/27/27
f 285/219/256 27/27/27 26/26/26
f 286/220/257 287/221/258 320/238/280
f 286/220/257 320/238/280 27/27/27
f 287/221/258 288/222/259 321/239/281
f 287/221/258 321/239/281 320/238/280
f 288/222/259 289/223/260 322/240/282
f 288/222/259 322/240/282 321/239/281
f 289/223/260 290/224/261 323/241/283
f 289/223/260 323/241/283 322/240/282
f 290/224/261 291/225/262 324/242/284
f 290/224/261 324/242/284 323/241/283
f 293/227/262 292/226/263 325/243/285
f 293/227/262 325/243/285 326/244/286
f 292/226/263 294/228/264 327/245/287
f 292/226/263 327/245/287 325/243/285
f 298/228/268 297/229/267 328/246/288
f 294/228/264 328/246/288 327/245/287
f 297/229/267 299/230/269 329/247/289
f 297/229/267 329/247/289 328/246/288
f 301/53/271 300/53/270 330/53/290
f 301/53/271 330/53/290 331/53/291
f 303/53/244 302/53/244 332/53/244
f 303/53/244 332/53/244 333/53/244
f 305/232/245 304/231/245 334/248/245
f 305/232/245 334/248/245 335/249/245
f 304/231/245 306/233/245 336/250/245
f 304/231/245 336/250/245 334/248/245
f 308/53/247 307/53/247 337/53/247
f 308/53/247 337/53/247 338/53/247
f 310/53/270 309/53/271 339/53/291
f 310/53/270 339/53/291 340/53/290
f 312/230/273 311/229/272 341/246/292
f 312/230/273 341/246/292 342/247/293
f 311/229/272 313/228/274 343/245/294
f 344/229/295 343/245/294 345/246/296
f 313/228/274 314/226/275 346/243/297
f 313/228/274 346/243/297 343/245/294
f 314/226/275 315/227/253 347/244/298
f 348/128/299 349/130/300 350/129/301
f 317/235/277 316/234/276 351/251/302
f 317/235/277 351/251/302 352/252/303
f 316/234/276 318/236/278 353/253/304
f 316/234/276 353/253/304 351/251/302
f 318/236/278 319/237/279 354/254/305
f 318/236/278 354/254/305 353/253/304
f 319/237/279 26/26/26 355/255/306
f 319/237/279 355/255/306 354/254/305
f 26/26/26 28/28/28 356/256/307
f 26/26/26 356/256/307 355/255/306
f 27/27/27 320/238/280 357/257/308
f 357/257/308 28/28/28 27/27/27
f 320/238/280 321/239/281 358/258/309
f 320/238/280 358/258/309 357/257/308
f 321/239/281 322/240/282 359/259/310
f 321/239/281 359/259/310 358/258/309
f 322/240/282 323/241/283 360/260/311
f 322/240/282 360/260/311 359/259/310
f 323/241/283 324/242/284 361/261/312
f 323/241/283 361/261/312 360/260/311
f 326/244/286 325/243/285 362/262/313
f 206/171/154 158/134/153 207/172/198
f 325/243/285 327/245/287 363/263/314
f 325/243/285 363/263/314 362/262/313
f 327/245/287 328/246/288 364/264/315
f 365/245/316 366/264/317 367/263/318
f 328/246/288 329/247/289 368/265/319
f 328/246/288 368/265/319 364/264/315
f 331/53/291 330/53/290 369/53/320
f 331/53/291 369/53/320 370/53/321
f 333/53/244 332/53/244 371/53/244
f 333/53/244 371/53/244 372/53/244
f 335/249/245 334/248/245 373/266/245
f 335/249/245 373/266/245 374/267/245
f 334/248/245 336/250/245 375/268/245
f 334/248/245 375/268/245 373/266/245
f 338/53/247 337/53/247 376/53/247
f 338/53/247 376/53/247 377/53/247
f 340/53/290 339/53/291 378/53/321
f 340/53/290 378/53/321 379/53/320
f 342/247/293 341/246/292 380/264/322
f 342/247/293 380/264/322 381/265/323
f 345/246/296 343/245/294 382/263/324
f 383/246/325 384/263/326 385/264/327
f 343/245/294 346/243/297 386/262/328
f 343/245/294 386/262/328 382/263/324
f 387/53/329 388/53/330 389/53/331
f 390/269/332 391/270/333 392/271/334
f 352/252/303 351/251/302 393/272/335
f 352/252/303 393/272/335 394/273/336
f 351/251/302 353/253/304 395/274/337
f 351/251/302 395/274/337 393/272/335
f 353/253/304 354/254/305 396/275/338
f 353/253/304 396/275/338 395/274/337
f 354/254/305 355/255/306 397/276/339
f 354/254/305 397/276/339 396/275/338
f 355/255/306 356/256/307 398/277/340
f 355/255/306 398/277/340 397/276/339
f 356/256/307 357/257/308 399/278/341
f 356/256/307 399/278/341 398/277/340
f 357/257/308 358/258/309 400/279/342
f 357/257/308 400/279/342 399/278/341
f 358/258/309 359/259/310 401/280/343
f 358/258/309 401/280/343 400/279/342
f 359/259/310 360/260/311 402/281/344
f 359/259/310 402/281/344 401/280/343
f 360/260/311 361/261/312 403/282/345
f 360/260/311 403/282/345 402/281/344
f 404/283/346 405/283/347 406/283/348
f 407/284/312 408/285/349 409/286/345
f 362/262/313 363/263/314 410/287/350
f 362/262/313 410/287/350 408/285/349
f 367/263/318 366/264/317 411/288/351
f 367/263/318 411/288/351 412/287/352
f 364/264/315 368/265/319 413/289/353
f 364/264/315 413/289/353 414/288/354
f 370/53/321 369/53/320 415/53/245
f 370/53/321 415/53/245 416/53/355
f 372/53/244 371/53/244 417/53/244
f 372/53/244 417/53/244 418/53/244
f 374/267/245 373/266/245 419/290/245
f 374/267/245 419/290/245 420/291/245
f 373/266/245 375/268/245 421/292/245
f 373/266/245 421/292/245 419/290/245
f 377/53/247 376/53/247 422/53/247
f 377/53/247 422/53/247 423/53/247
f 379/53/320 378/53/321 424/53/355
f 379/53/320 424/53/355 425/53/245
f 381/265/323 380/264/322 426/288/356
f 381/265/323 426/288/356 427/289/357
f 385/264/327 384/263/326 428/287/358
f 385/264/327 428/287/358 429/288/359
f 382/263/324 386/262/328 430/285/360
f 382/263/324 430/285/360 431/287/361
f 386/262/328 432/284/303 433/286/336
f 386/262/328 433/286/336 430/285/360
f 434/283/336 435/283/335 436/283/362
f 434/283/336 436/283/362 437/283/363
f 435/283/335 438/283/337 439/283/364
f 435/283/335 439/283/364 436/283/362
f 438/283/337 440/283/338 441/283/365
f 438/283/337 441/283/365 439/283/364
f 440/283/338 442/283/339 443/283/366
f 440/283/338 443/283/366 441/283/365
f 442/283/339 444/283/340 445/283/367
f 442/283/339 445/283/367 443/283/366
f 444/283/340 446/283/341 447/283/368
f 444/283/340 447/283/368 445/283/367
f 446/283/341 448/283/342 449/283/369
f 446/283/341 449/283/369 447/283/368
f 448/283/342 450/283/343 451/283/370
f 448/283/342 451/283/370 449/283/369
f 450/283/343 452/283/344 453/283/371
f 450/283/343 453/283/371 451/283/370
f 452/283/344 454/283/345 455/283/372
f 452/283/344 455/283/372 453/283/371
f 409/286/345 408/285/349 456/293/373
f 409/286/345 456/293/373 457/294/374
f 408/285/349 410/287/350 458/295/375
f 408/285/349 458/295/375 456/293/373
f 412/287/352 411/288/351 459/296/376
f 412/287/352 459/296/376 460/295/377
f 414/288/354 413/289/353 461/297/378
f 414/288/354 461/297/378 462/296/379
f 416/53/355 415/53/245 463/53/380
f 416/53/355 463/53/380 464/53/381
f 418/53/244 417/53/244 465/53/244
f 418/53/244 465/53/244 466/53/244
f 420/291/245 419/290/245 467/298/245
f 420/291/245 467/298/245 468/299/245
f 419/290/245 421/292/245 469/300/245
f 419/290/245 469/300/245 467/298/245
f 423/53/247 422/53/247 470/53/247
f 423/53/247 470/53/247 471/53/247
f 425/53/245 424/53/355 472/53/381
f 425/53/245 472/53/381 473/53/380
f 427/289/357 426/288/356 474/296/382
f 427/289/357 474/296/382 475/297/383
f 429/288/359 428/287/358 476/295/384
f 429/288/359 476/295/384 477/296/385
f 431/287/361 430/285/360 478/293/386
f 431/287/361 478/293/386 479/295/387
f 430/285/360 433/286/336 480/294/388
f 430/285/360 480/294/388 478/293/386
f 437/283/363 436/283/362 481/283/389
f 437/283/363 481/283/389 482/283/334
f 436/283/362 439/283/364 483/283/390
f 436/283/362 483/283/390 481/283/389
f 439/283/364 441/283/365 484/283/391
f 439/283/364 484/283/391 483/283/390
f 441/283/365 443/283/366 485/283/392
f 441/283/365 485/283/392 484/283/391
f 443/283/366 445/283/367 486/283/367
f 443/283/366 486/283/367 485/283/392
f 445/283/367 447/283/368 487/283/393
f 445/283/367 487/283/393 486/283/367
f 447/283/368 449/283/369 488/283/394
f 447/283/368 488/283/394 487/283/393
f 449/283/369 451/283/370 489/283/395
f 449/283/369 489/283/395 488/283/394
f 451/283/370 453/283/371 490/283/396
f 451/283/370 490/283/396 489/283/395
f 453/283/371 455/283/372 491/283/397
f 453/283/371 491/283/397 490/283/396
f 457/294/374 456/293/373 492/270/398
f 457/294/374 492/270/398 493/271/399
f 456/293/373 458/295/375 494/301/400
f 456/293/373 494/301/400 492/270/398
f 460/295/377 459/296/376 495/302/401
f 458/295/375 496/302/402 494/301/400
f 462/296/379 461/297/378 497/303/403
f 462/296/379 497/303/403 498/302/404
f 464/53/381 463/53/380 499/53/132
f 464/53/381 499/53/132 500/53/133
f 466/53/244 465/53/244 501/53/244
f 466/53/244 501/53/244 502/53/244
f 468/299/245 467/298/245 503/304/245
f 468/299/245 503/304/245 504/305/245
f 467/298/245 469/300/245 505/306/245
f 467/298/245 505/306/245 503/304/245
f 471/53/247 470/53/247 506/53/247
f 471/53/247 506/53/247 507/53/247
f 473/53/380 472/53/381 138/53/133
f 473/53/380 138/53/133 137/53/132
f 475/297/383 474/296/382 508/302/405
f 475/297/383 508/302/405 509/303/406
f 477/296/385 476/295/384 510/301/407
f 474/296/382 511/301/408 508/302/405
f 479/295/387 478/293/386 391/270/333
f 479/295/387 391/270/333 511/301/408
f 478/293/386 480/294/388 392/271/334
f 478/293/386 392/271/334 391/270/333
f 482/283/334 481/283/389 512/283/409
f 482/283/334 512/283/409 513/283/410
f 481/283/389 483/283/390 514/283/411
f 481/283/389 514/283/411 512/283/409
f 483/283/390 484/283/391 515/283/412
f 483/283/390 515/283/412 514/283/411
f 484/283/391 485/283/392 516/283/413
f 484/283/391 516/283/413 515/283/412
f 485/283/392 486/283/367 517/283/367
f 485/283/392 517/283/367 516/283/413
f 486/283/367 487/283/393 518/283/414
f 486/283/367 518/283/414 517/283/367
f 487/283/393 488/283/394 519/283/415
f 487/283/393 519/283/415 518/283/414
f 488/283/394 489/283/395 520/283/416
f 488/283/394 520/283/416 519/283/415
f 489/283/395 490/283/396 521/283/417
f 489/283/395 521/283/417 520/283/416
f 490/283/396 491/283/397 522/283/418
f 490/283/396 522/283/418 521/283/417
f 523/307/419 524/308/420 525/309/421
f 149/54/144 526/56/422 150/55/145
f 492/270/398 494/301/400 527/310/423
f 492/270/398 527/310/423 528/311/424
f 494/301/400 496/302/402 529/312/425
f 494/301/400 530/312/426 527/310/423
f 498/302/404 497/303/403 531/313/427
f 498/302/404 531/313/427 530/312/426
f 152/128/147 154/130/149 532/314/428
f 135/116/130 533/315/193 132/113/127
f 502/53/244 501/53/244 534/53/244
f 502/53/244 534/53/244 535/53/244
f 504/305/245 503/304/245 536/316/245
f 504/305/245 536/316/245 537/317/245
f 503/304/245 505/306/245 538/318/245
f 503/304/245 538/318/245 536/316/245
f 507/53/247 506/53/247 539/53/247
f 507/53/247 539/53/247 540/53/247
f 541/53/429 542/53/380 543/53/430
f 544/319/431 139/117/134 59/57/57
f 509/303/406 508/302/405 545/312/432
f 509/303/406 545/312/432 546/313/433
f 508/302/405 511/301/408 547/310/434
f 508/302/405 548/310/435 545/312/432
f 511/301/408 391/270/333 549/311/436
f 511/301/408 549/311/436 547/310/434
f 133/114/128 132/113/127 200/165/192
f 390/269/332 549/311/436 391/270/333
f 513/283/410 512/283/409 550/283/437
f 513/283/410 550/283/437 551/283/438
f 512/283/409 514/283/411 552/283/439
f 512/283/409 552/283/439 550/283/437
f 514/283/411 515/283/412 553/283/440
f 514/283/411 553/283/440 552/283/439
f 515/283/412 516/283/413 554/283/441
f 515/283/412 554/283/441 553/283/440
f 516/283/413 517/283/367 555/283/442
f 516/283/413 555/283/442 554/283/441
f 517/283/367 518/283/414 556/283/443
f 517/283/367 556/283/443 555/283/442
f 518/283/414 519/283/415 557/283/444
f 518/283/414 557/283/444 556/283/443
f 519/283/415 520/283/416 558/283/445
f 519/283/415 558/283/445 557/283/444
f 520/283/416 521/283/417 559/283/446
f 520/283/416 559/283/446 558/283/445
f 521/283/417 522/283/418 560/283/447
f 521/283/417 560/283/447 559/283/446
f 561/269/448 528/311/424 562/320/449
f 561/269/448 562/320/449 563/321/447
f 528/311/424 527/310/423 564/322/450
f 528/311/424 564/322/450 562/320/449
f 527/310/423 530/312/426 565/323/451
f 527/310/423 565/323/451 564/322/450
f 530/312/426 531/313/427 566/324/452
f 530/312/426 566/324/452 565/323/451
f 567/53/53 55/53/53 54/53/53
f 75/73/73 167/143/161 166/142/160
f 535/53/244 534/53/244 568/53/244
f 535/53/244 568/53/244 569/53/244
f 537/317/245 536/316/245 570/325/245
f 537/317/245 570/325/245 571/326/245
f 536/316/245 538/318/245 572/327/245
f 536/316/245 572/327/245 570/325/245
f 540/53/247 539/53/247 573/53/247
f 540/53/247 573/53/247 574/53/247
f 134/115/129 533/315/193 135/116/130
f 59/57/57 139/117/134 141/119/136
f 546/313/433 545/312/432 575/323/453
f 546/313/433 575/323/453 576/324/454
f 545/312/432 548/310/435 577/322/455
f 578/312/456 579/322/457 580/323/458
f 547/310/434 549/311/436 581/320/459
f 547/310/434 581/320/459 579/322/457
f 549/311/436 390/269/332 582/321/460
f 549/311/436 582/321/460 581/320/459
f 551/283/438 550/283/437 583/283/461
f 551/283/438 583/283/461 584/283/462
f 550/283/437 552/283/439 585/283/463
f 550/283/437 585/283/463 583/283/461
f 552/283/439 553/283/440 586/283/464
f 552/283/439 586/283/464 585/283/463
f 553/283/440 554/283/441 587/283/465
f 553/283/440 587/283/465 586/283/464
f 554/283/441 555/283/442 588/283/466
f 554/283/441 588/283/466 587/283/465
f 555/283/442 556/283/443 589/283/467
f 555/283/442 589/283/467 588/283/466
f 556/283/443 557/283/444 590/283/468
f 556/283/443 590/283/468 589/283/467
f 557/283/444 558/283/445 591/283/469
f 557/283/444 591/283/469 590/283/468
f 558/283/445 559/283/446 592/283/470
f 558/283/445 592/283/470 591/283/469
f 559/283/446 560/283/447 593/283/471
f 559/283/446 593/283/471 592/283/470
f 563/321/447 562/320/449 594/328/472
f 563/321/447 594/328/472 595/329/471
f 562/320/449 564/322/450 596/330/473
f 562/320/449 596/330/473 594/328/472
f 564/322/450 565/323/451 597/331/474
f 564/322/450 597/331/474 596/330/473
f 565/323/451 566/324/452 598/332/475
f 565/323/451 598/332/475 597/331/474
f 59/57/57 61/59/59 599/333/476
f 10/10/10 7/7/7 128/109/123
f 569/53/244 568/53/244 600/53/244
f 601/283/477 602/283/478 603/283/479
f 571/326/245 570/325/245 604/334/245
f 571/326/245 604/334/245 605/335/245
f 570/325/245 572/327/245 606/336/245
f 570/325/245 606/336/245 604/334/245
f 574/53/247 573/53/247 607/53/247
f 608/283/480 609/283/481 601/283/477
f 610/53/290 611/53/482 612/53/483
f 613/53/484 614/53/485 567/53/53
f 576/324/454 575/323/453 615/331/486
f 576/324/454 615/331/486 616/332/487
f 580/323/458 579/322/457 617/330/488
f 580/323/458 617/330/488 618/331/489
f 579/322/457 581/320/459 619/328/490
f 579/322/457 619/328/490 617/330/488
f 581/320/459 582/321/460 620/329/491
f 581/320/459 620/329/491 619/328/490
f 584/283/462 583/283/461 621/283/492
f 584/283/462 621/283/492 622/283/493
f 583/283/461 585/283/463 623/283/494
f 583/283/461 623/283/494 621/283/492
f 585/283/463 586/283/464 624/283/495
f 585/283/463 624/283/495 623/283/494
f 586/283/464 587/283/465 625/283/496
f 586/283/464 625/283/496 624/283/495
f 587/283/465 588/283/466 626/283/497
f 587/283/465 626/283/497 625/283/496
f 588/283/466 589/283/467 627/283/498
f 588/283/466 627/283/498 626/283/497
f 589/283/467 590/283/468 628/283/499
f 589/283/467 628/283/499 627/283/498
f 590/283/468 591/283/469 629/283/500
f 590/283/468 629/283/500 628/283/499
f 591/283/469 592/283/470 630/283/501
f 591/283/469 630/283/501 629/283/500
f 592/283/470 593/283/471 631/283/502
f 592/283/470 631/283/502 630/283/501
f 595/329/471 594/328/472 632/337/503
f 595/329/471 632/337/503 633/338/502
f 594/328/472 596/330/473 634/339/504
f 594/328/472 634/339/504 632/337/503
f 596/330/473 597/331/474 635/340/505
f 596/330/473 635/340/505 634/339/504
f 597/331/474 598/332/475 636/341/506
f 597/331/474 636/341/506 635/340/505
f 637/53/245 638/53/245 639/53/245
f 637/53/245 639/53/245 640/53/245
f 603/283/479 608/283/480 601/283/477
f 641/342/507 642/343/508 643/344/243
f 605/335/245 604/334/245 644/345/245
f 605/335/245 644/345/245 645/346/245
f 604/334/245 606/336/245 646/347/245
f 604/334/245 646/347/245 644/345/245
f 643/344/243 268/214/246 179/151/173
f 647/348/214 648/349/509 649/350/510
f 650/53/245 651/53/245 652/53/245
f 650/53/245 652/53/245 653/53/245
f 654/332/511 618/331/489 655/340/512
f 654/332/511 655/340/512 656/341/513
f 618/331/489 617/330/488 657/339/514
f 618/331/489 657/339/514 655/340/512
f 617/330/488 619/328/490 658/337/515
f 617/330/488 658/337/515 657/339/514
f 619/328/490 620/329/491 659/338/516
f 619/328/490 659/338/516 658/337/515
f 622/283/493 621/283/492 660/283/517
f 622/283/493 660/283/517 661/283/518
f 621/283/492 623/283/494 662/283/519
f 621/283/492 662/283/519 660/283/517
f 623/283/494 624/283/495 663/283/520
f 623/283/494 663/283/520 662/283/519
f 624/283/495 625/283/496 664/283/521
f 624/283/495 664/283/521 663/283/520
f 625/283/496 626/283/497 665/283/522
f 625/283/496 665/283/522 664/283/521
f 626/283/497 627/283/498 666/283/523
f 626/283/497 666/283/523 665/283/522
f 627/283/498 628/283/499 667/283/524
f 627/283/498 667/283/524 666/283/523
f 628/283/499 629/283/500 668/283/525
f 628/283/499 668/283/525 667/283/524
f 629/283/500 630/283/501 669/283/526
f 629/283/500 669/283/526 668/283/525
f 630/283/501 631/283/502 670/283/527
f 630/283/501 670/283/527 669/283/526
f 633/338/502 632/337/503 671/351/528
f 633/338/502 671/351/528 672/352/529
f 632/337/503 634/339/504 673/353/530
f 632/337/503 673/353/530 671/351/528
f 634/339/504 635/340/505 674/354/531
f 634/339/504 674/354/531 673/353/530
f 635/340/505 636/341/506 675/355/532
f 635/340/505 675/355/532 674/354/531
f 640/53/245 639/53/245 676/53/245
f 640/53/245 676/53/245 677/53/245
f 678/356/533 649/350/510 679/357/534
f 649/350/510 268/214/246 647/348/214
f 645/346/245 644/345/245 680/358/245
f 645/346/245 680/358/245 681/359/245
f 644/345/245 646/347/245 682/360/245
f 644/345/245 682/360/245 680/358/245
f 683/361/535 649/350/510 678/356/533
f 684/362/536 685/363/537 686/364/538
f 653/53/245 652/53/245 687/53/245
f 653/53/245 687/53/245 688/53/245
f 656/341/513 655/340/512 689/354/539
f 656/341/513 689/354/539 690/355/540
f 655/340/512 657/339/514 691/353/541
f 655/340/512 691/353/541 689/354/539
f 657/339/514 658/337/515 692/351/542
f 657/339/514 692/351/542 691/353/541
f 658/337/515 659/338/516 693/352/543
f 658/337/515 693/352/543 692/351/542
f 661/283/518 660/283/517 694/283/544
f 661/283/518 694/283/544 695/283/545
f 660/283/517 662/283/519 696/283/546
f 660/283/517 696/283/546 694/283/544
f 662/283/519 663/283/520 697/283/547
f 662/283/519 697/283/547 696/283/546
f 663/283/520 664/283/521 698/283/548
f 663/283/520 698/283/548 697/283/547
f 664/283/521 665/283/522 699/283/549
f 664/283/521 699/283/549 698/283/548
f 665/283/522 666/283/523 700/283/550
f 665/283/522 700/283/550 699/283/549
f 666/283/523 667/283/524 701/283/551
f 666/283/523 701/283/551 700/283/550
f 667/283/524 668/283/525 702/283/552
f 667/283/524 702/283/552 701/283/551
f 668/283/525 669/283/526 703/283/553
f 668/283/525 703/283/553 702/283/552
f 669/283/526 670/283/527 704/283/554
f 669/283/526 704/283/554 703/283/553
f 672/352/529 671/351/528 705/365/555
f 672/352/529 705/365/555 706/366/556
f 671/351/528 673/353/530 707/367/557
f 671/351/528 707/367/557 705/365/555
f 673/353/530 674/354/531 708/368/558
f 673/353/530 708/368/558 707/367/557
f 674/354/531 675/355/532 709/369/559
f 674/354/531 709/369/559 708/368/558
f 677/53/245 676/53/245 710/53/245
f 677/53/245 710/53/245 711/53/245
f 24/24/24 684/362/536 712/370/560
f 713/53/561 714/53/562 715/53/563
f 681/359/245 680/358/245 716/371/245
f 681/359/245 716/371/245 717/372/245
f 680/358/245 682/360/245 718/373/245
f 680/358/245 718/373/245 716/371/245
f 719/374/564 720/375/565 721/376/566
f 722/377/567 723/378/568 724/379/569
f 688/53/245 687/53/245 725/53/245
f 688/53/245 725/53/245 726/53/245
f 690/355/540 689/354/539 727/368/570
f 690/355/540 727/368/570 728/369/571
f 689/354/539 691/353/541 729/367/572
f 689/354/539 729/367/572 727/368/570
f 691/353/541 692/351/542 730/365/573
f 691/353/541 730/365/573 729/367/572
f 692/351/542 693/352/543 731/366/574
f 692/351/542 731/366/574 730/365/573
f 732/380/575 733/381/544 734/382/576
f 732/380/575 734/382/576 735/383/577
f 733/381/544 736/384/546 737/385/578
f 733/381/544 737/385/578 734/382/576
f 736/384/546 738/386/547 739/387/579
f 736/384/546 739/387/579 737/385/578
f 738/386/547 740/388/548 741/389/580
f 738/386/547 741/389/580 739/387/579
f 740/388/548 742/390/581 743/391/582
f 740/388/548 743/391/582 741/389/580
f 744/392/549 745/393/550 746/394/583
f 746/394/583 742/390/581 744/392/549
f 745/393/550 747/395/551 748/396/584
f 745/393/550 748/396/584 746/394/583
f 747/395/551 749/397/552 750/398/585
f 747/395/551 750/398/585 748/396/584
f 749/397/552 751/399/553 752/400/586
f 749/397/552 752/400/586 750/398/585
f 751/399/553 753/401/587 754/402/588
f 751/399/553 754/402/588 752/400/586
f 706/366/556 705/365/555 349/130/300
f 755/283/589 756/283/590 757/283/591
f 705/365/555 707/367/557 350/129/301
f 705/365/555 350/129/301 349/130/300
f 707/367/557 708/368/558 758/403/592
f 707/367/557 758/403/592 350/129/301
f 708/368/558 709/369/559 759/404/593
f 708/368/558 759/404/593 758/403/592
f 711/53/245 710/53/245 760/53/245
f 711/53/245 760/53/245 761/53/245
f 762/53/594 715/53/563 763/53/595
f 764/53/596 765/53/597 766/53/598
f 717/372/245 716/371/245 767/405/245
f 717/372/245 767/405/245 768/406/245
f 716/371/245 718/373/245 769/407/245
f 716/371/245 769/407/245 767/405/245
f 770/408/599 97/91/95 771/409/600
f 772/410/601 773/411/602 179/151/173
f 726/53/245 725/53/245 774/53/245
f 726/53/245 774/53/245 775/53/245
f 728/369/571 727/368/570 776/403/603
f 728/369/571 776/403/603 777/404/604
f 727/368/570 729/367/572 153/129/148
f 727/368/570 153/129/148 776/403/603
f 729/367/572 730/365/573 154/130/149
f 729/367/572 154/130/149 153/129/148
f 778/412/605 779/413/606 780/414/607
f 6/6/6 16/16/16 7/7/7
f 735/383/577 734/382/576 781/415/608
f 735/383/577 781/415/608 782/416/609
f 734/382/576 737/385/578 783/417/610
f 734/382/576 783/417/610 781/415/608
f 737/385/578 739/387/579 784/418/611
f 737/385/578 784/418/611 783/417/610
f 739/387/579 741/389/580 785/419/612
f 739/387/579 785/419/612 784/418/611
f 741/389/580 743/391/582 786/420/613
f 741/389/580 786/420/613 785/419/612
f 743/391/582 746/394/583 787/421/614
f 743/391/582 787/421/614 786/420/613
f 746/394/583 748/396/584 788/422/615
f 746/394/583 788/422/615 787/421/614
f 748/396/584 750/398/585 789/423/616
f 748/396/584 789/423/616 788/422/615
f 750/398/585 752/400/586 790/424/617
f 750/398/585 790/424/617 789/423/616
f 752/400/586 754/402/588 791/425/618
f 752/400/586 791/425/618 790/424/617
f 131/112/126 133/114/128 128/109/123
f 387/53/329 389/53/331 792/53/329
f 793/426/619 794/427/620 795/428/621
f 778/412/605 796/429/622 779/413/606
f 350/129/301 758/403/592 797/430/623
f 350/129/301 797/430/623 348/128/299
f 798/403/624 799/404/625 800/431/626
f 798/403/624 800/431/626 801/430/627
f 802/53/240 803/53/240 804/53/241
f 802/53/240 804/53/241 805/53/628
f 806/53/629 766/53/598 807/53/630
f 808/53/244 809/53/244 810/53/244
f 768/406/245 767/405/245 811/432/245
f 768/406/245 811/432/245 812/433/245
f 767/405/245 769/407/245 813/434/245
f 767/405/245 813/434/245 811/432/245
f 814/283/631 815/283/632 816/283/633
f 817/53/247 818/53/247 819/53/247
f 820/53/240 821/53/240 822/53/628
f 820/53/240 822/53/628 823/53/241
f 777/404/604 776/403/603 824/430/634
f 777/404/604 824/430/634 825/431/635
f 776/403/603 153/129/148 152/128/147
f 776/403/603 152/128/147 824/430/634
f 826/144/636 827/145/637 828/435/638
f 136/53/131 829/53/639 137/53/132
f 830/283/640 831/283/641 832/283/642
f 9/9/9 15/15/15 6/6/6
f 782/416/609 781/415/608 833/436/643
f 782/416/609 833/436/643 834/437/644
f 781/415/608 783/417/610 835/438/645
f 781/415/608 835/438/645 833/436/643
f 783/417/610 784/418/611 836/439/646
f 783/417/610 836/439/646 835/438/645
f 784/418/611 785/419/612 837/440/647
f 784/418/611 837/440/647 836/439/646
f 785/419/612 786/420/613 838/441/648
f 785/419/612 838/441/648 837/440/647
f 786/420/613 787/421/614 839/442/649
f 786/420/613 839/442/649 838/441/648
f 787/421/614 788/422/615 840/443/650
f 787/421/614 840/443/650 839/442/649
f 788/422/615 789/423/616 841/444/651
f 788/422/615 841/444/651 840/443/650
f 789/423/616 790/424/617 842/445/652
f 789/423/616 842/445/652 841/444/651
f 790/424/617 791/425/618 843/446/145
f 790/424/617 843/446/145 842/445/652
f 388/53/330 844/53/639 389/53/331
f 81/79/79 80/78/78 166/142/160
f 845/314/653 348/128/299 846/447/654
f 845/314/653 846/447/654 151/127/146
f 348/128/299 797/430/623 847/448/655
f 848/128/656 849/448/657 850/447/658
f 801/430/627 800/431/626 851/449/659
f 801/430/627 851/449/659 849/448/657
f 805/53/628 804/53/241 852/53/270
f 805/53/628 852/53/270 853/53/482
f 810/53/244 809/53/244 854/53/244
f 810/53/244 854/53/244 855/53/244
f 812/433/245 811/432/245 856/450/245
f 812/433/245 856/450/245 857/451/245
f 811/432/245 813/434/245 858/452/245
f 811/432/245 858/452/245 856/450/245
f 819/53/247 818/53/247 859/53/247
f 819/53/247 859/53/247 860/53/247
f 823/53/241 822/53/628 611/53/482
f 823/53/241 611/53/482 861/53/270
f 825/431/635 824/430/634 862/448/660
f 825/431/635 862/448/660 863/449/661
f 824/430/634 152/128/147 864/447/662
f 824/430/634 864/447/662 862/448/660
f 152/128/147 532/314/428 865/127/663
f 152/128/147 865/127/663 864/447/662
f 154/130/149 731/366/574 866/453/664
f 16/16/16 13/13/13 17/17/17
f 834/437/644 833/436/643 867/454/665
f 834/437/644 867/454/665 868/455/56
f 833/436/643 835/438/645 869/456/666
f 833/436/643 869/456/666 867/454/665
f 835/438/645 836/439/646 870/457/667
f 835/438/645 870/457/667 869/456/666
f 836/439/646 837/440/647 871/458/668
f 836/439/646 871/458/668 870/457/667
f 837/440/647 838/441/648 872/459/669
f 837/440/647 872/459/669 871/458/668
f 838/441/648 839/442/649 873/460/670
f 838/441/648 873/460/670 872/459/669
f 839/442/649 840/443/650 874/461/671
f 839/442/649 874/461/671 873/460/670
f 840/443/650 841/444/651 875/462/672
f 840/443/650 875/462/672 874/461/671
f 841/444/651 842/445/652 876/463/673
f 841/444/651 876/463/673 875/462/672
f 842/445/652 843/446/145 877/464/674
f 842/445/652 877/464/674 876/463/673
f 163/139/158 165/141/159 161/137/156
f 523/307/419 878/465/675 524/308/420
f 151/127/146 846/447/654 879/466/676
f 151/127/146 879/466/676 149/54/144
f 850/447/658 849/448/657 880/467/677
f 846/447/654 880/467/677 879/466/676
f 849/448/657 851/449/659 881/468/678
f 849/448/657 881/468/678 880/467/677
f 882/283/679 406/283/348 405/283/347
f 793/426/619 883/469/680 794/427/620
f 855/53/244 854/53/244 884/53/244
f 855/53/244 884/53/244 885/53/244
f 857/451/245 856/450/245 886/470/245
f 857/451/245 886/470/245 887/471/245
f 856/450/245 858/452/245 888/472/245
f 856/450/245 888/472/245 886/470/245
f 860/53/247 859/53/247 889/53/247
f 860/53/247 889/53/247 890/53/247
f 155/131/150 39/39/39 46/46/46
f 54/53/53 613/53/484 567/53/53
f 863/449/661 862/448/660 891/467/681
f 863/449/661 891/467/681 892/468/682
f 862/448/660 864/447/662 893/466/683
f 894/448/684 893/466/683 895/467/685
f 864/447/662 865/127/663 56/54/54
f 864/447/662 56/54/54 893/466/683
f 896/53/330 829/53/639 136/53/131
f 141/119/136 897/473/686 59/57/57
f 868/455/56 867/454/665 898/474/687
f 868/455/56 898/474/687 899/475/688
f 867/454/665 869/456/666 900/476/689
f 867/454/665 900/476/689 898/474/687
f 869/456/666 870/457/667 901/477/690
f 869/456/666 901/477/690 900/476/689
f 870/457/667 871/458/668 902/478/691
f 870/457/667 902/478/691 901/477/690
f 871/458/668 872/459/669 903/479/669
f 871/458/668 903/479/669 902/478/691
f 872/459/669 873/460/670 904/480/692
f 872/459/669 904/480/692 903/479/669
f 873/460/670 874/461/671 905/481/693
f 873/460/670 905/481/693 904/480/692
f 874/461/671 875/462/672 906/482/694
f 874/461/671 906/482/694 905/481/693
f 875/462/672 876/463/673 907/483/695
f 875/462/672 907/483/695 906/482/694
f 876/463/673 877/464/674 908/484/696
f 876/463/673 908/484/696 907/483/695
f 526/56/422 149/54/144 909/485/697
f 526/56/422 909/485/697 910/486/698
f 149/54/144 879/466/676 911/487/699
f 149/54/144 911/487/699 909/485/697
f 879/466/676 880/467/677 912/488/700
f 913/466/701 914/488/702 915/487/703
f 880/467/677 881/468/678 916/489/704
f 880/467/677 916/489/704 912/488/700
f 917/53/483 918/53/290 919/53/320
f 917/53/483 919/53/320 920/53/705
f 885/53/244 884/53/244 921/53/244
f 885/53/244 921/53/244 922/53/244
f 887/471/245 886/470/245 923/490/245
f 887/471/245 923/490/245 924/491/245
f 886/470/245 888/472/245 925/492/245
f 886/470/245 925/492/245 923/490/245
f 890/53/247 889/53/247 926/53/247
f 890/53/247 926/53/247 927/53/247
f 610/53/290 612/53/483 928/53/705
f 610/53/290 928/53/705 929/53/320
f 892/468/682 891/467/681 930/488/706
f 892/468/682 930/488/706 931/489/707
f 895/467/685 893/466/683 932/487/708
f 933/467/709 934/487/710 935/488/711
f 893/466/683 56/54/54 936/485/712
f 893/466/683 936/485/712 932/487/708
f 56/54/54 58/56/56 937/486/688
f 56/54/54 937/486/688 936/485/712
f 899/475/688 898/474/687 938/493/713
f 899/475/688 938/493/713 939/494/714
f 898/474/687 900/476/689 940/495/715
f 898/474/687 940/495/715 938/493/713
f 900/476/689 901/477/690 941/496/716
f 900/476/689 941/496/716 940/495/715
f 901/477/690 902/478/691 942/497/717
f 901/477/690 942/497/717 941/496/716
f 902/478/691 903/479/669 943/498/718
f 902/478/691 943/498/718 942/497/717
f 903/479/669 904/480/692 944/499/719
f 903/479/669 944/499/719 943/498/718
f 904/480/692 905/481/693 945/500/720
f 904/480/692 945/500/720 944/499/719
f 905/481/693 906/482/694 946/501/721
f 905/481/693 946/501/721 945/500/720
f 906/482/694 907/483/695 947/502/722
f 906/482/694 947/502/722 946/501/721
f 907/483/695 908/484/696 948/503/723
f 907/483/695 948/503/723 947/502/722
f 910/486/698 909/485/697 949/504/724
f 910/486/698 949/504/724 950/505/725
f 909/485/697 911/487/699 951/506/726
f 909/485/697 951/506/726 949/504/724
f 915/487/703 914/488/702 952/507/727
f 915/487/703 952/507/727 953/506/728
f 912/488/700 916/489/704 954/508/729
f 912/488/700 954/508/729 955/507/730
f 920/53/705 919/53/320 956/53/245
f 920/53/705 956/53/245 957/53/731
f 922/53/244 921/53/244 958/53/244
f 922/53/244 958/53/244 959/53/244
f 924/491/245 923/490/245 960/509/245
f 924/491/245 960/509/245 961/510/245
f 923/490/245 925/492/245 962/511/245
f 923/490/245 962/511/245 960/509/245
f 927/53/247 926/53/247 963/53/247
f 927/53/247 963/53/247 964/53/247
f 929/53/320 928/53/705 965/53/731
f 929/53/320 965/53/731 966/53/245
f 931/489/707 930/488/706 967/507/732
f 931/489/707 967/507/732 968/508/733
f 935/488/711 934/487/710 969/506/734
f 935/488/711 969/506/734 970/507/735
f 932/487/708 936/485/712 971/504/736
f 932/487/708 971/504/736 972/506/737
f 936/485/712 937/486/688 973/505/714
f 936/485/712 973/505/714 971/504/736
f 939/494/714 938/493/713 974/512/738
f 939/494/714 974/512/738 975/513/739
f 938/493/713 940/495/715 976/514/740
f 938/493/713 976/514/740 974/512/738
f 940/495/715 941/496/716 977/515/741
f 940/495/715 977/515/741 976/514/740
f 941/496/716 942/497/717 978/516/742
f 941/496/716 978/516/742 977/515/741
f 942/497/717 943/498/718 979/517/743
f 942/497/717 979/517/743 978/516/742
f 943/498/718 944/499/719 980/518/744
f 943/498/718 980/518/744 979/517/743
f 944/499/719 945/500/720 981/519/745
f 944/499/719 981/519/745 980/518/744
f 945/500/720 946/501/721 982/520/746
f 945/500/720 982/520/746 981/519/745
f 946/501/721 947/502/722 983/521/747
f 946/501/721 983/521/747 982/520/746
f 947/502/722 948/503/723 984/522/748
f 947/502/722 984/522/748 983/521/747
f 950/505/725 949/504/724 985/523/749
f 950/505/725 985/523/749 986/524/748
f 949/504/724 951/506/726 987/525/750
f 949/504/724 987/525/750 985/523/749
f 953/506/728 952/507/727 988/526/751
f 953/506/728 988/526/751 989/525/752
f 955/507/730 954/508/729 990/527/753
f 955/507/730 990/527/753 991/526/754
f 957/53/731 956/53/245 992/53/380
f 957/53/731 992/53/380 993/53/430
f 959/53/244 958/53/244 994/53/244
f 959/53/244 994/53/244 995/53/244
f 961/510/245 960/509/245 996/528/245
f 961/510/245 996/528/245 997/529/245
f 960/509/245 962/511/245 998/530/245
f 960/509/245 998/530/245 996/528/245
f 964/53/247 963/53/247 999/53/247
f 964/53/247 999/53/247 1000/53/247
f 966/53/245 965/53/731 543/53/430
f 966/53/245 543/53/430 542/53/380
f 968/508/733 967/507/732 1001/526/755
f 968/508/733 1001/526/755 1002/527/756
f 970/507/735 969/506/734 1003/525/757
f 970/507/735 1003/525/757 1004/526/758
f 972/506/737 971/504/736 1005/523/759
f 972/506/737 1005/523/759 1006/525/760
f 971/504/736 973/505/714 1007/524/761
f 971/504/736 1007/524/761 1005/523/759
f 975/513/739 974/512/738 1008/531/762
f 975/513/739 1008/531/762 1009/532/763
f 974/512/738 976/514/740 1010/533/764
f 974/512/738 1010/533/764 1008/531/762
f 976/514/740 977/515/741 1011/534/765
f 976/514/740 1011/534/765 1010/533/764
f 977/515/741 978/516/742 1012/535/766
f 977/515/741 1012/535/766 1011/534/765
f 978/516/742 979/517/743 1013/536/767
f 978/516/742 1013/536/767 1012/535/766
f 979/517/743 980/518/744 1014/537/768
f 979/517/743 1014/537/768 1013/536/767
f 980/518/744 981/519/745 1015/538/769
f 980/518/744 1015/538/769 1014/537/768
f 981/519/745 982/520/746 1016/539/770
f 981/519/745 1016/539/770 1015/538/769
f 982/520/746 983/521/747 1017/540/771
f 982/520/746 1017/540/771 1016/539/770
f 983/521/747 984/522/748 1018/541/772
f 983/521/747 1018/541/772 1017/540/771
f 986/524/748 985/523/749 1019/542/773
f 986/524/748 1019/542/773 1020/543/774
f 985/523/749 987/525/750 1021/544/775
f 985/523/749 1021/544/775 1019/542/773
f 989/525/752 988/526/751 1022/545/776
f 987/525/750 1023/545/777 1021/544/775
f 991/526/754 990/527/753 1024/546/778
f 991/526/754 1024/546/778 1025/545/779
f 1026/53/131 499/53/132 844/53/639
f 37/37/37 39/39/39 145/123/140
f 995/53/244 994/53/244 1027/53/244
f 995/53/244 1027/53/244 1028/53/244
f 997/529/245 996/528/245 1029/547/245
f 997/529/245 1029/547/245 1030/548/245
f 996/528/245 998/530/245 1031/549/245
f 996/528/245 1031/549/245 1029/547/245
f 1000/53/247 999/53/247 1032/53/247
f 1000/53/247 1032/53/247 1033/53/247
f 1034/53/329 1035/53/331 896/53/330
f 134/115/129 143/121/138 533/315/193
f 1002/527/756 1001/526/755 1036/545/780
f 1002/527/756 1036/545/780 1037/546/781
f 1004/526/758 1003/525/757 1038/544/782
f 1001/526/755 1039/544/783 1036/545/780
f 1006/525/760 1005/523/759 1040/542/784
f 1006/525/760 1040/542/784 1039/544/783
f 1005/523/759 1007/524/761 1041/543/763
f 1005/523/759 1041/543/763 1040/542/784
f 1009/532/763 1008/531/762 1042/550/785
f 1009/532/763 1042/550/785 1043/551/786
f 1008/531/762 1044/552/787 1045/553/788
f 1008/531/762 1045/553/788 1042/550/785
f 1011/534/765 1046/554/789 1047/555/790
f 1048/556/791 1049/557/792 1047/555/790
f 1050/53/793 1051/53/794 1052/53/790
f 1010/533/764 1049/557/792 1053/558/787
f 1045/553/788 1049/557/792 1054/559/795
f 1051/53/794 1055/53/796 1056/53/797
f 1012/535/766 1057/560/798 1058/561/799
f 1057/560/798 1059/562/800 1060/563/799
f 1061/53/801 1062/53/802 1063/53/799
f 1011/534/765 1064/564/803 1046/554/789
f 1059/562/800 1065/565/804 1066/566/805
f 1055/53/796 1062/53/802 1067/53/806
f 1012/535/766 1013/536/767 1068/567/807
f 1068/567/807 1069/568/798 1012/535/766
f 1013/536/767 1070/569/808 1071/570/809
f 1013/536/767 1071/570/809 1068/567/807
f 1015/538/769 1072/571/810 1073/572/811
f 1074/573/812 1075/574/813 1076/575/811
f 1077/53/814 1078/53/815 1079/53/816
f 1014/537/768 1075/574/813 1070/569/808
f 1071/570/809 1075/574/813 1080/576/817
f 1078/53/815 1081/53/818 1082/53/819
f 1016/539/770 1083/577/820 1084/578/821
f 1083/577/820 1085/579/822 1084/578/821
f 1086/53/823 1087/53/824 1088/53/821
f 1015/538/769 1089/580/825 1072/571/810
f 1085/579/822 1090/581/826 1091/582/827
f 1081/53/818 1087/53/824 1092/53/828
f 1016/539/770 1017/540/771 1093/583/829
f 1093/583/829 1083/577/820 1016/539/770
f 1017/540/771 1018/541/772 1094/584/830
f 1017/540/771 1094/584/830 1093/583/829
f 1020/543/774 1019/542/773 1095/585/831
f 1020/543/774 1095/585/831 1096/586/830
f 1019/542/773 1021/544/775 1097/587/832
f 1019/542/773 1097/587/832 1095/585/831
f 1021/544/775 1023/545/777 1098/588/833
f 1021/544/775 1099/588/834 1097/587/832
f 1025/545/779 1024/546/778 1100/589/835
f 1025/545/779 1100/589/835 1099/588/834
f 1101/53/429 1102/53/132 1103/53/639
f 1101/53/429 1103/53/639 1104/53/836
f 1028/53/244 1027/53/244 1105/53/244
f 1028/53/244 1105/53/244 1106/53/244
f 1030/548/245 1029/547/245 1107/590/245
f 1030/548/245 1107/590/245 1108/591/245
f 1029/547/245 1031/549/245 1109/592/245
f 1029/547/245 1109/592/245 1107/590/245
f 1033/53/247 1032/53/247 1110/53/247
f 1033/53/247 1110/53/247 1111/53/247
f 1112/53/132 541/53/429 1113/53/837
f 1112/53/132 1113/53/837 1114/53/639
f 1037/546/781 1036/545/780 1115/588/838
f 1037/546/781 1115/588/838 1116/589/839
f 1036/545/780 1039/544/783 1117/587/840
f 1036/545/780 1118/587/841 1115/588/838
f 1039/544/783 1040/542/784 1119/585/842
f 1039/544/783 1119/585/842 1117/587/840
f 1040/542/784 1041/543/763 1120/586/843
f 1040/542/784 1120/586/843 1119/585/842
f 1043/551/786 1042/550/785 1121/593/844
f 1043/551/786 1121/593/844 1122/594/845
f 1042/550/785 1045/553/788 1123/595/846
f 1042/550/785 1123/595/846 1121/593/844
f 1045/553/788 1054/559/795 1124/596/847
f 1055/53/796 1125/53/848 1056/53/797
f 1124/596/847 1123/595/846 1045/553/788
f 1125/53/848 1126/53/849 1127/53/850
f 1065/565/804 1128/597/851 1066/566/805
f 1055/53/796 1067/53/806 1129/53/852
f 1128/597/851 1130/598/853 1131/599/854
f 1129/53/852 1126/53/849 1055/53/796
f 1065/565/804 1068/567/807 1132/600/855
f 1065/565/804 1132/600/855 1130/598/853
f 1068/567/807 1071/570/809 1133/601/856
f 1068/567/807 1133/601/856 1132/600/855
f 1071/570/809 1080/576/817 1134/602/857
f 1081/53/818 1135/53/858 1082/53/819
f 1134/602/857 1133/601/856 1071/570/809
f 1135/53/858 1136/53/859 1137/53/860
f 1090/581/826 1138/603/861 1091/582/827
f 1081/53/818 1092/53/828 1139/53/862
f 1138/603/861 1140/604/863 1141/605/864
f 1139/53/862 1136/53/859 1081/53/818
f 1090/581/826 1093/583/829 1142/606/865
f 1090/581/826 1142/606/865 1140/604/863
f 1093/583/829 1094/584/830 1143/607/866
f 1093/583/829 1143/607/866 1142/606/865
f 1096/586/830 1095/585/831 827/145/637
f 1096/586/830 827/145/637 1144/146/867
f 1095/585/831 1097/587/832 1145/608/868
f 1095/585/831 1145/608/868 827/145/637
f 1097/587/832 1099/588/834 1146/609/869
f 1097/587/832 1146/609/869 1145/608/868
f 1099/588/834 1100/589/835 1147/610/870
f 1099/588/834 1147/610/870 1146/609/869
f 1104/53/836 1103/53/639 1148/53/331
f 1104/53/836 1148/53/331 1149/53/871
f 1106/53/244 1105/53/244 1150/53/244
f 1106/53/244 1150/53/244 1151/53/244
f 1108/591/245 1107/590/245 1152/611/245
f 1108/591/245 1152/611/245 1153/612/245
f 1107/590/245 1109/592/245 1154/613/245
f 1107/590/245 1154/613/245 1152/611/245
f 1111/53/247 1110/53/247 1155/53/247
f 1111/53/247 1155/53/247 1156/53/247
f 1114/53/639 1113/53/837 1157/53/871
f 1114/53/639 1157/53/871 1158/53/331
f 1116/589/839 1115/588/838 1159/609/872
f 1116/589/839 1159/609/872 1160/610/873
f 1115/588/838 1118/587/841 1161/608/874
f 1162/588/875 1163/608/876 1164/609/877
f 1117/587/840 1119/585/842 169/145/163
f 1117/587/840 169/145/163 1163/608/876
f 1119/585/842 1120/586/843 170/146/164
f 1119/585/842 170/146/164 169/145/163
f 1122/594/845 1121/593/844 1165/614/878
f 1122/594/845 1165/614/878 1166/615/162
f 1121/593/844 1123/595/846 1167/616/879
f 1121/593/844 1167/616/879 1165/614/878
f 1123/595/846 1168/617/880 1169/618/881
f 1126/53/849 1170/53/882 1127/53/850
f 1171/619/881 1167/616/879 1123/595/846
f 1170/53/882 806/53/629 1172/53/883
f 1130/598/853 1173/620/884 1131/599/854
f 1126/53/849 1174/53/885 1175/53/886
f 1173/620/884 770/408/599 1176/621/887
f 1175/53/886 806/53/629 1126/53/849
f 1130/598/853 1132/600/855 1177/622/888
f 1130/598/853 1177/622/888 770/408/599
f 1132/600/855 1133/601/856 1178/623/889
f 1132/600/855 1178/623/889 1177/622/888
f 1133/601/856 1179/624/890 1180/625/891
f 1137/53/860 762/53/594 1181/53/892
f 1180/625/891 1178/623/889 1133/601/856
f 1181/53/892 762/53/594 1182/53/893
f 1140/604/863 1183/626/894 1141/605/864
f 1136/53/859 1184/53/895 1185/53/896
f 1183/626/894 719/374/564 1186/627/897
f 1185/53/896 762/53/594 1136/53/859
f 1140/604/863 1142/606/865 1187/628/898
f 1140/604/863 1187/628/898 719/374/564
f 1142/606/865 1143/607/866 1188/629/899
f 1142/606/865 1188/629/899 1187/628/898
f 121/81/118 1189/77/900 123/105/5
f 30/30/30 134/115/129 135/116/130
f 827/145/637 1145/608/868 1190/630/901
f 827/145/637 1190/630/901 828/435/638
f 1145/608/868 1146/609/869 1191/362/902
f 1145/608/868 1191/362/902 1190/630/901
f 1146/609/869 1147/610/870 1192/631/903
f 1146/609/869 1192/631/903 1191/362/902
f 1149/53/871 1148/53/331 1193/53/329
f 1149/53/871 1193/53/329 1194/53/329
f 1151/53/244 1150/53/244 1195/53/244
f 1196/283/904 1197/283/905 1198/283/906
f 1153/612/245 1152/611/245 1199/632/245
f 1153/612/245 1199/632/245 1200/633/245
f 1152/611/245 1154/613/245 1201/634/245
f 1152/611/245 1201/634/245 1199/632/245
f 1156/53/247 1155/53/247 1202/53/247
f 1203/283/907 816/283/633 1196/283/904
f 1158/53/331 1157/53/871 1204/53/329
f 1158/53/331 1204/53/329 1205/53/329
f 1160/610/873 1159/609/872 684/362/908
f 1160/610/873 684/362/908 1206/631/909
f 1164/609/877 1163/608/876 1207/630/910
f 1164/609/877 1207/630/910 684/362/536
f 1163/608/876 169/145/163 1208/435/911
f 1163/608/876 1208/435/911 1207/630/910
f 815/283/632 1196/283/904 816/283/633
f 55/53/53 171/53/165 53/53/53
f 1166/615/162 1165/614/878 268/214/246
f 1166/615/162 268/214/246 649/350/510
f 1165/614/878 1167/616/879 179/151/173
f 1165/614/878 179/151/173 268/214/246
f 1198/283/906 1203/283/907 1196/283/904
f 1167/616/879 1209/635/912 772/410/601
f 806/53/629 807/53/630 1172/53/883
f 1196/283/904 1210/283/60 1197/283/905
f 772/410/601 179/151/173 1167/616/879
f 807/53/630 766/53/598 1211/53/913
f 770/408/599 771/409/600 1176/621/887
f 806/53/629 1212/53/914 764/53/596
f 771/409/600 97/91/95 107/101/104
f 1185/53/896 1213/53/915 762/53/594
f 764/53/596 766/53/598 806/53/629
f 770/408/599 1177/622/888 1214/636/916
f 770/408/599 1214/636/916 97/91/95
f 1177/622/888 1178/623/889 724/379/569
f 1177/622/888 724/379/569 1214/636/916
f 1140/604/863 719/374/564 1183/626/894
f 1178/623/889 1215/637/917 1216/638/567
f 762/53/594 763/53/595 1182/53/893
f 1180/625/891 1215/637/917 1178/623/889
f 722/377/567 724/379/569 1178/623/889
f 763/53/595 715/53/563 1217/53/918
f 719/374/564 721/376/566 1186/627/897
f 762/53/594 1213/53/915 713/53/561
f 721/376/566 720/375/565 1218/639/919
f 1137/53/860 1136/53/859 762/53/594
f 713/53/561 715/53/563 762/53/594
f 719/374/564 1187/628/898 878/465/675
f 719/374/564 878/465/675 720/375/565
f 1187/628/898 1188/629/899 1219/640/920
f 1187/628/898 1219/640/920 878/465/675
f 826/144/636 828/435/638 1220/641/921
f 826/144/636 1220/641/921 1221/642/922
f 828/435/638 1190/630/901 1222/363/923
f 828/435/638 1222/363/923 1220/641/921
f 1190/630/901 1191/362/902 1223/24/924
f 1190/630/901 1223/24/924 1222/363/923
f 1191/362/902 1192/631/903 1224/23/925
f 1191/362/902 1224/23/925 1223/24/924
f 1225/53/245 1226/53/245 1227/53/245
f 1225/53/245 1227/53/245 1228/53/245
f 1175/53/886 1212/53/914 806/53/629
f 1130/598/853 770/408/599 1173/620/884
f 1200/633/245 1199/632/245 1229/643/245
f 1200/633/245 1229/643/245 1230/644/245
f 1199/632/245 1201/634/245 1231/645/245
f 1199/632/245 1231/645/245 1229/643/245
f 1171/619/881 1209/635/912 1167/616/879
f 1126/53/849 806/53/629 1170/53/882
f 1232/53/245 1233/53/245 1234/53/245
f 1232/53/245 1234/53/245 1235/53/245
f 1236/631/926 684/362/536 24/24/24
f 1236/631/926 24/24/24 23/23/23
f 684/362/536 1207/630/910 685/363/537
f 712/370/560 684/362/536 686/364/538
f 1207/630/910 1208/435/911 1237/641/927
f 1207/630/910 1237/641/927 685/363/537
f 1208/435/911 168/144/162 1238/642/510
f 1208/435/911 1238/642/510 1237/641/927
f 648/349/509 679/357/534 649/350/510
f 649/350/510 683/361/535 1239/646/928
f 179/151/173 641/342/507 643/344/243
f 1139/53/862 1184/53/895 1136/53/859
f 1240/647/929 683/361/535 1241/648/180
f 602/283/478 1242/283/930 603/283/479
f 33/33/33 21/21/21 31/31/31
f 259/208/243 261/210/213 226/189/214
f 226/189/214 228/191/215 1243/649/931
f 1244/650/932 1243/649/931 1245/651/215
f 187/159/181 1246/652/215 225/188/213
f 1090/581/826 1140/604/863 1138/603/861
f 181/153/175 1247/653/933 182/154/105
f 1134/602/857 1179/624/890 1133/601/856
f 1081/53/818 1136/53/859 1135/53/858
f 108/102/105 1247/653/933 109/103/106
f 108/102/105 110/104/107 178/150/172
f 110/104/107 642/343/934 178/150/172
f 1129/53/852 1174/53/885 1126/53/849
f 97/91/95 99/93/92 106/100/103
f 181/153/175 107/101/104 106/100/103
f 1065/565/804 1130/598/853 1128/597/851
f 94/88/92 98/92/96 95/89/93
f 94/88/92 96/90/94 106/100/103
f 1248/283/935 1249/283/936 1250/283/937
f 68/66/66 72/70/70 69/67/67
f 1124/596/847 1168/617/880 1123/595/846
f 97/91/95 1214/636/916 1251/654/938
f 97/91/95 1251/654/938 98/92/96
f 1214/636/916 724/379/569 1252/655/939
f 1214/636/916 1252/655/939 1251/654/938
f 1253/656/568 780/414/607 724/379/569
f 1055/53/796 1126/53/849 1125/53/848
f 1093/583/829 1090/581/826 1083/577/820
f 724/379/569 780/414/607 1252/655/939
f 1087/53/824 1086/53/823 1092/53/828
f 918/53/290 853/53/482 852/53/270
f 826/144/636 1144/146/867 827/145/637
f 1077/53/814 1087/53/824 1081/53/818
f 1254/657/940 1255/658/941 780/414/607
f 1083/577/820 1090/581/826 1085/579/822
f 1256/659/942 1257/660/943 1258/661/944
f 18/18/18 29/29/29 19/19/19
f 1259/662/944 1260/663/945 1261/664/946
f 1262/665/947 1263/666/948 1264/667/949
f 610/53/290 861/53/270 611/53/482
f 1265/668/943 1266/669/950 1267/670/944
f 865/127/663 1268/671/951 57/55/55
f 1269/672/950 1270/673/952 1260/663/945
f 1271/674/953 1272/675/954 1273/676/955
f 1274/677/953 1275/678/956 1266/669/950
f 1276/679/957 1277/680/958 1270/673/952
f 1270/673/952 1278/681/956 1279/682/959
f 1280/683/960 1281/684/961 1279/682/959
f 1272/675/954 1282/685/962 1273/676/955
f 1283/686/959 1275/678/956 1284/687/955
f 1219/640/920 1285/688/963 1286/689/964
f 1101/53/429 992/53/380 1102/53/132
f 1287/690/965 1288/691/966 1289/692/967
f 1287/690/965 1290/693/968 1285/688/963
f 1290/693/968 1291/694/969 1292/695/942
f 1293/696/964 1294/697/970 1295/698/421
f 147/125/142 148/126/143 144/122/139
f 1296/699/970 1297/700/419 1298/701/421
f 1221/642/922 1220/641/921 1299/702/971
f 1221/642/922 1299/702/971 1300/703/972
f 1220/641/921 1222/363/923 1301/704/973
f 1220/641/921 1301/704/973 1299/702/971
f 1222/363/923 1223/24/924 1302/25/974
f 1222/363/923 1302/25/974 1301/704/973
f 1223/24/924 1224/23/925 1303/705/975
f 1223/24/924 1303/705/975 1302/25/974
f 1228/53/245 1227/53/245 1304/53/245
f 1015/538/769 1016/539/770 1084/578/821
f 1089/580/825 1015/538/769 1084/578/821
f 1075/574/813 1074/573/812 1080/576/817
f 1230/644/245 1229/643/245 1305/706/245
f 1230/644/245 1305/706/245 1306/707/245
f 1229/643/245 1231/645/245 1307/708/245
f 1229/643/245 1307/708/245 1305/706/245
f 1070/569/808 1075/574/813 1071/570/809
f 1077/53/814 1081/53/818 1078/53/815
f 1235/53/245 1234/53/245 1308/53/245
f 1014/537/768 1015/538/769 1073/572/811
f 1309/709/560 1310/710/976 24/24/24
f 348/128/299 845/314/653 349/130/300
f 23/23/23 25/25/25 1311/705/977
f 685/363/537 1312/711/978 686/364/538
f 686/364/538 1313/712/979 1309/709/560
f 212/177/51 167/143/161 213/178/201
f 208/173/157 161/137/156 209/174/199
f 1312/711/978 1314/704/980 1315/713/981
f 1312/711/978 1316/714/982 1313/712/979
f 1313/712/979 1317/715/983 1310/710/976
f 157/133/152 159/135/154 146/124/141
f 160/136/155 162/138/157 158/134/153
f 685/363/537 1237/641/927 1318/702/984
f 685/363/537 1318/702/984 1314/704/980
f 1237/641/927 1238/642/510 1319/703/928
f 1237/641/927 1319/703/928 1318/702/984
f 1239/646/928 683/361/535 1320/716/985
f 1239/646/928 1320/716/985 1321/717/986
f 683/361/535 1322/718/987 1323/719/988
f 1324/720/989 1323/719/988 1322/718/987
f 1325/721/990 1326/722/991 1327/723/992
f 43/43/43 64/62/62 65/63/63
f 1328/53/993 1329/53/993 1330/53/993
f 1331/724/989 1332/725/987 221/184/209
f 1323/719/988 1320/716/985 683/361/535
f 1333/283/994 1334/283/995 1335/283/996
f 77/75/75 74/72/72 76/74/74
f 1327/723/992 1336/726/997 1337/727/998
f 1338/728/999 1339/729/1000 1331/724/989
f 1340/730/1001 1341/731/1002 1342/732/1003
f 1340/730/1001 1342/732/1003 1343/733/1004
f 109/103/106 1344/734/1005 110/104/107
f 642/343/934 110/104/107 1344/734/1005
f 1326/722/991 1345/735/1006 1346/736/1007
f 1346/736/1007 1347/737/1006 1348/738/1008
f 1342/732/1003 1349/739/1009 1343/733/1004
f 1343/733/1004 1350/740/1010 1344/734/1005
f 1344/734/1005 1351/741/1011 642/343/934
f 1352/742/990 1353/743/1006 1354/744/1011
f 1355/745/94 1356/746/1012 1357/747/1013
f 1357/747/1013 1358/748/1001 1247/653/933
f 98/92/96 1251/654/938 1359/749/1014
f 98/92/96 1359/749/1014 1357/747/1013
f 1251/654/938 1252/655/939 1360/750/1015
f 1251/654/938 1360/750/1015 1359/749/1014
f 1252/655/939 779/413/606 1361/751/1016
f 1252/655/939 1362/752/1017 1360/750/1015
f 780/414/607 1363/753/1018 778/412/605
f 1364/754/1019 778/412/605 1363/753/1018
f 1365/755/1020 1366/756/1021 796/429/622
f 1367/757/1022 1366/756/1021 1365/755/1020
f 1262/665/947 1368/758/1023 1369/759/1024
f 1370/760/1022 1371/761/1020 1372/762/1024
f 1373/763/1025 1374/763/1026 1375/763/1027
f 14/14/14 32/32/32 11/11/11
f 1366/756/1021 779/413/606 796/429/622
f 1376/764/1028 1362/752/1017 1361/751/1016
f 1376/764/1028 1377/765/1029 1378/766/1030
f 1379/767/1031 1378/766/1030 1377/765/1029
f 1380/768/1031 1381/769/1032 1370/760/1022
f 1255/658/941 1281/684/961 1382/770/1033
f 1281/684/961 1383/771/1034 1382/770/1033
f 1384/772/1035 1263/666/948 1385/773/1036
f 1384/772/1035 1386/774/1037 1387/775/1038
f 1386/774/1037 1388/776/1039 1389/777/1040
f 1390/778/1041 1391/779/1040 1392/780/1042
f 1272/675/954 1392/780/1042 1282/685/962
f 1393/781/1040 1394/782/1039 1395/783/1034
f 1255/658/941 1382/770/1033 1363/753/1018
f 1396/784/1043 1364/754/1019 1363/753/1018
f 1397/785/1044 1364/754/1019 1398/786/1043
f 1263/666/948 1369/759/1024 1385/773/1036
f 1385/773/1036 1399/787/1045 1400/788/1046
f 1388/776/1039 1386/774/1037 1400/788/1046
f 1401/789/1047 1402/790/1048 1394/782/1039
f 1403/791/1049 1404/792/1050 1288/691/966
f 1405/793/1051 1384/772/1035 1403/791/1049
f 1403/791/1049 1387/775/1038 1404/792/1050
f 1404/792/1050 1390/778/1041 1406/794/1052
f 1291/694/969 1406/794/1052 1390/778/1041
f 1300/703/972 1299/702/971 1407/795/1053
f 1300/703/972 1407/795/1053 1408/796/1051
f 1299/702/971 1301/704/973 1409/797/1054
f 1299/702/971 1409/797/1054 1407/795/1053
f 1302/25/974 1410/798/1055 1411/799/1056
f 1410/798/1055 1412/800/1057 1411/799/1056
f 1412/800/1057 1413/801/1058 1411/799/1056
f 1413/801/1058 1414/802/1059 1409/797/1054
f 1412/800/1057 1415/803/1060 1416/804/1061
f 1412/800/1057 1416/804/1061 1417/805/1062
f 1417/805/1062 1418/806/1063 1414/802/1059
f 1303/705/975 1419/807/1064 1420/808/1065
f 1419/807/1064 1421/809/1066 1422/810/1065
f 1421/809/1066 1423/811/1067 1422/810/1065
f 1302/25/974 1424/812/1068 1410/798/1055
f 1421/809/1066 1425/813/1069 1426/814/1070
f 1421/809/1066 1427/815/1071 1428/816/1068
f 1427/815/1071 1410/798/1055 1428/816/1068
f 1075/574/813 1014/537/768 1073/572/811
f 1013/536/767 1014/537/768 1070/569/808
f 1068/567/807 1065/565/804 1069/568/798
f 1062/53/802 1061/53/801 1067/53/806
f 1306/707/245 1305/706/245 1429/817/245
f 1429/817/245 1430/818/245 1306/707/245
f 1305/706/245 1431/819/245 1432/820/245
f 1305/706/245 1432/820/245 1429/817/245
f 1050/53/793 1062/53/802 1055/53/796
f 1057/560/798 1065/565/804 1059/562/800
f 1011/534/765 1012/535/766 1058/561/799
f 1064/564/803 1011/534/765 1058/561/799
f 25/25/25 1433/821/1072 1311/705/977
f 1434/798/1073 1435/803/1074 1433/821/1072
f 1311/705/977 1433/821/1072 1436/807/1075
f 1433/821/1072 1437/813/1076 1436/807/1075
f 1315/713/981 1314/704/980 1438/822/1077
f 1438/822/1077 1439/797/1078 1440/823/1079
f 1316/714/982 1441/824/1080 1317/715/983
f 1317/715/983 1442/825/1081 1443/826/1082
f 25/25/25 1443/826/1082 1442/825/1081
f 1440/823/1079 1439/797/1078 1444/827/1083
f 1440/823/1079 1445/828/1084 1441/824/1080
f 1441/824/1080 1446/829/1085 1447/830/1081
f 1446/829/1085 1448/831/1086 1434/798/1073
f 1448/831/1086 1435/803/1074 1434/798/1073
f 1314/704/980 1318/702/984 1449/795/1087
f 1449/795/1087 1450/832/1077 1314/704/980
f 1318/702/984 1319/703/928 1451/796/1088
f 1318/702/984 1451/796/1088 1449/795/1087
f 1321/717/986 1320/716/985 1452/833/1089
f 1321/717/986 1452/833/1089 1453/834/1090
f 1320/716/985 1454/835/1091 1455/836/1092
f 1456/426/1093 1457/427/1094 1458/469/1090
f 1459/283/1095 1460/283/1096 1461/283/1097
f 407/284/312 326/244/286 362/262/313
f 1455/836/1092 1452/833/1089 1320/716/985
f 1346/736/1007 1462/837/1098 1326/722/991
f 1326/722/991 1462/837/1098 1463/838/1099
f 1341/731/1002 1357/747/1013 1464/839/1100
f 1341/731/1002 1464/839/1100 1462/837/1098
f 1357/747/1013 1359/749/1014 1465/840/1101
f 1357/747/1013 1465/840/1101 1464/839/1100
f 1359/749/1014 1360/750/1015 1466/841/1102
f 1359/749/1014 1466/841/1102 1465/840/1101
f 1360/750/1015 1362/752/1017 1467/842/1103
f 1360/750/1015 1467/842/1103 1466/841/1102
f 1378/766/1030 1262/665/947 1468/843/1104
f 1362/752/1017 1468/843/1104 1467/842/1103
f 65/63/63 64/62/62 1469/844/1105
f 599/333/476 544/319/431 59/57/57
f 1262/665/947 1264/667/949 1468/843/1104
f 1263/666/948 1405/793/1051 1470/845/680
f 1263/666/948 1470/845/680 1264/667/949
f 1408/796/1051 1407/795/1053 794/427/620
f 1408/796/1051 794/427/620 883/469/680
f 1407/795/1053 1471/846/1106 1472/847/1107
f 1407/795/1053 1472/847/1107 794/427/620
f 1473/283/1108 1474/283/1109 1475/283/14
f 1476/848/1110 1477/849/1111 1478/850/1112
f 1416/804/1061 1415/803/1060 1479/851/1113
f 1479/851/1113 1480/852/1114 1481/853/1115
f 19/19/19 30/30/30 31/31/31
f 1482/53/1116 1483/53/1117 1484/53/1118
f 1485/53/1119 1486/53/1120 1487/53/1120
f 1488/53/1121 1489/53/1122 1485/53/1119
f 1490/53/1123 1484/53/1118 1491/53/1123
f 1492/53/1124 1493/53/1125 1494/53/1125
f 1409/797/1054 1495/854/1111 1471/846/1106
f 1496/855/1126 1472/847/1107 1471/846/1106
f 1497/856/1127 1498/857/1128 1496/855/1126
f 1499/53/1129 1500/53/1130 1501/53/1130
f 1487/53/1120 1502/53/1131 1499/53/1129
f 1503/53/1132 1504/53/1133 1492/53/1124
f 1425/813/1069 1505/858/1134 1426/814/1070
f 1426/814/1070 1506/859/1135 1427/815/1071
f 1415/803/1060 1427/815/1071 1506/859/1135
f 1505/858/1134 1507/860/1136 1508/861/1137
f 1505/858/1134 1509/862/1138 1506/859/1135
f 1510/863/1139 1479/851/1113 1506/859/1135
f 1480/852/1114 1479/851/1113 1510/863/1139
f 1511/53/1117 1512/53/1140 1483/53/1117
f 1513/864/1141 1514/865/1142 1515/866/1143
f 1503/53/1132 1516/53/1144 1517/53/1145
f 1049/557/792 1048/556/791 1054/559/795
f 1053/558/787 1049/557/792 1045/553/788
f 1050/53/793 1055/53/796 1051/53/794
f 1010/533/764 1011/534/765 1047/555/790
f 1518/867/245 1429/817/245 1519/868/245
f 1518/867/245 1519/868/245 1520/869/245
f 1429/817/245 1521/870/245 1522/871/245
f 1429/817/245 1522/871/245 1519/868/245
f 1049/557/792 1010/533/764 1047/555/790
f 1008/531/762 1010/533/764 1044/552/787
f 1034/53/329 1523/53/329 1035/53/331
f 1026/53/131 500/53/133 499/53/132
f 151/127/146 1524/671/1146 845/314/653
f 168/144/162 1208/435/911 169/145/163
f 1525/872/1147 1526/873/1148 1527/874/1149
f 406/283/348 1528/283/1150 404/283/346
f 1529/53/1151 172/53/166 171/53/165
f 1530/53/1152 1531/53/1153 1532/53/1154
f 1437/813/1076 1533/875/1155 1534/876/1156
f 1526/873/1148 1535/860/1157 1534/876/1156
f 1525/872/1147 1536/877/1158 1526/873/1148
f 346/243/297 347/244/298 386/262/328
f 1537/53/1159 1530/53/1152 1538/53/1160
f 1539/878/1161 1540/847/1162 1513/864/1141
f 1541/879/1163 21/21/21 33/33/33
f 357/257/308 356/256/307 28/28/28
f 1445/828/1084 1542/880/1164 1446/829/1085
f 1446/829/1085 1543/881/1165 1448/831/1086
f 1448/831/1086 1544/882/1166 1435/803/1074
f 1545/53/1167 1546/53/1168 1547/53/1167
f 1548/53/1169 1549/53/1170 1546/53/1168
f 1550/53/1171 1551/53/1172 1549/53/1170
f 1552/53/1173 1553/53/1173 1554/53/1173
f 1555/53/1174 1556/53/1175 1557/53/1176
f 1513/864/1141 1540/847/1162 1514/865/1142
f 1558/283/1177 1559/283/1178 1560/283/1179
f 48/48/48 62/60/60 43/43/43
f 1435/803/1074 1561/883/1180 1562/884/1181
f 1563/852/1182 1562/884/1181 1564/885/1180
f 1565/53/1172 1566/53/1172 1551/53/1172
f 1567/53/1183 1568/53/1151 1529/53/1151
f 1554/53/1173 1569/53/1184 1567/53/1183
f 1530/53/1152 1532/53/1154 1556/53/1175
f 1439/797/1078 1449/795/1087 1457/427/1094
f 1457/427/1094 1570/886/1161 1439/797/1078
f 1449/795/1087 1451/796/1088 1458/469/1090
f 1449/795/1087 1458/469/1090 1457/427/1094
f 1453/834/1090 1452/833/1089 1571/887/1185
f 1453/834/1090 1571/887/1185 1572/888/1093
f 1452/833/1089 1463/838/1099 1573/889/1186
f 1452/833/1089 1573/889/1186 1571/887/1185
f 1463/838/1099 1462/837/1098 1574/890/1187
f 1463/838/1099 1574/890/1187 1573/889/1186
f 1462/837/1098 1464/839/1100 1575/891/1188
f 1462/837/1098 1576/892/1189 1574/890/1187
f 1464/839/1100 1465/840/1101 1577/893/1190
f 1464/839/1100 1577/893/1190 1575/891/1188
f 1465/840/1101 1466/841/1102 1578/894/1191
f 1465/840/1101 1578/894/1191 1577/893/1190
f 1466/841/1102 1467/842/1103 1579/895/1192
f 1466/841/1102 1579/895/1192 1578/894/1191
f 1467/842/1103 1468/843/1104 1580/896/1193
f 1467/842/1103 1580/896/1193 1579/895/1192
f 1468/843/1104 1264/667/949 1581/897/1194
f 1468/843/1104 1582/898/1193 1580/896/1193
f 1264/667/949 1470/845/680 1583/899/619
f 1264/667/949 1583/899/619 1581/897/1194
f 1584/283/1195 1585/283/1196 1586/283/1197
f 755/283/589 1587/283/1198 756/283/590
f 1588/900/1199 1589/901/1200 794/427/620
f 794/427/620 1590/902/1201 795/428/621
f 1472/847/1107 1498/857/1128 1591/903/1202
f 1497/856/1127 1591/903/1202 1498/857/1128
f 1501/53/1130 1592/53/1130 1593/53/1130
f 1503/53/1132 1594/53/1203 1595/53/1204
f 1472/847/1107 1591/903/1202 1596/904/1205
f 1597/905/1206 1598/906/1207 1596/904/1205
f 1599/907/1208 1588/900/1199 1600/908/1207
f 1601/53/1209 1602/53/1210 1603/53/1210
f 1593/53/1130 1604/53/1211 1601/53/1209
f 1605/53/1212 1606/53/1213 1594/53/1203
f 1607/909/1214 1608/910/1215 1609/911/1216
f 1607/909/1214 1609/911/1216 1610/912/1217
f 1508/861/1137 1611/913/1218 1612/914/1219
f 1613/915/1220 1509/862/1138 1614/916/1219
f 52/52/52 82/80/80 50/50/50
f 1615/53/1221 1616/53/1222 1617/53/1223
f 1503/53/1132 1618/53/1224 1619/53/1225
f 148/126/143 146/124/141 205/170/197
f 1620/917/1226 1621/918/1227 1609/911/1216
f 210/175/159 164/140/52 211/176/200
f 1622/53/1222 1623/53/1222 1616/53/1222
f 1619/53/1225 1605/53/1212 1503/53/1132
f 896/53/330 1035/53/331 829/53/639
f 49/49/49 155/131/150 46/46/46
f 46/46/46 45/45/45 49/49/49
f 39/39/39 47/47/47 46/46/46
f 1520/869/245 1519/868/245 1624/868/245
f 1624/868/245 1625/919/245 1520/869/245
f 1519/868/245 1522/871/245 1626/920/245
f 1519/868/245 1626/920/245 1624/868/245
f 154/130/149 730/365/573 731/366/574
f 388/53/330 1026/53/131 844/53/639
f 1627/283/1228 1585/283/1196 830/283/640
f 832/283/642 1627/283/1228 830/283/640
f 1535/860/1157 1536/877/1158 1628/921/1229
f 1629/922/1230 1630/923/1231 1628/921/1229
f 1631/924/1232 1630/923/1231 1629/922/1230
f 614/53/485 1632/53/1233 1633/53/1233
f 1634/283/1234 1635/283/1235 1636/283/1236
f 1530/53/1152 1637/53/1237 1638/53/1238
f 1639/283/1239 1640/283/1240 757/283/591
f 1641/910/1241 1535/860/1157 1628/921/1229
f 66/64/64 161/137/156 160/136/155
f 1633/53/1233 1642/53/1233 1643/53/1233
f 1637/53/1237 1644/53/1242 1645/53/1243
f 1540/847/1162 1646/925/1244 1514/865/1142
f 1646/925/1244 1647/926/1245 1648/927/1246
f 1649/856/1247 1515/866/1143 1650/928/1246
f 1651/53/1172 1652/53/1248 1566/53/1172
f 56/54/54 865/127/663 57/55/55
f 1530/53/1152 1653/53/1249 1654/53/1250
f 1646/925/1244 1655/901/1251 1656/929/1252
f 1646/925/1244 1657/907/1253 1647/926/1245
f 1658/283/1254 1659/283/1255 1660/283/1256
f 1654/53/1250 1644/53/1242 1530/53/1152
f 1540/847/1162 1457/427/1094 1661/428/1257
f 1540/847/1162 1662/930/1258 1655/901/1251
f 1437/813/1076 1435/803/1074 1562/884/1181
f 198/163/125 128/109/123 199/164/191
f 1663/283/1259 1664/283/1260 1665/283/1261
f 1666/283/1262 1664/283/1260 1663/283/1259
f 1666/283/1262 1333/283/994 1335/283/996
f 1667/931/1263 1668/58/1264 1669/57/1265
f 74/72/72 83/81/81 75/73/73
f 1670/283/1266 1671/283/1267 1665/283/1261
f 1672/932/1268 1673/933/1269 1539/878/1161
f 408/285/349 407/284/312 362/262/313
f 1674/934/1095 1675/473/1270 1676/935/1271
f 1454/835/1091 1324/720/989 1677/936/1000
f 78/76/76 76/74/74 80/78/78
f 1666/283/1262 1335/283/996 1678/283/1272
f 1679/937/1273 1680/938/1272 1675/473/1270
f 1261/664/946 1260/663/945 1277/680/958
f 20/20/20 19/19/19 21/21/21
f 1681/939/1274 1682/940/1108 1683/941/1275
f 1671/283/1267 1684/283/1276 1473/283/1108
f 1685/283/1271 1684/283/1276 1460/283/1096
f 1686/942/1276 1676/935/1271 1675/473/1270
f 1664/283/1260 1666/283/1262 1670/283/1266
f 79/77/77 78/76/76 81/79/79
f 1687/283/1277 1688/283/1278 1689/283/22
f 1690/283/1279 1689/283/22 1691/283/1163
f 1692/283/1280 1690/283/1279 1691/283/1163
f 1693/283/1281 1627/283/1228 832/283/642
f 1694/283/1282 1627/283/1228 1693/283/1281
f 1695/283/1283 1694/283/1282 1687/283/1277
f 1696/283/1284 1687/283/1277 1690/283/1279
f 1697/283/1285 1696/283/1284 1690/283/1279
f 1698/283/1274 1699/283/1286 1474/283/1109
f 1700/943/1286 1683/941/1275 1701/944/1285
f 1702/283/18 1703/283/1287 1704/283/34
f 1703/283/1287 1705/283/41 1704/283/34
f 1706/283/38 404/283/346 1528/283/1150
f 1707/283/1288 404/283/346 1706/283/38
f 1708/939/347 1709/945/1288 1710/941/1289
f 1711/283/1290 1705/283/41 1712/283/1291
f 1713/283/1292 1711/283/1290 1712/283/1291
f 1709/945/1288 1714/946/1292 1710/941/1289
f 1715/283/48 1197/283/905 1210/283/60
f 1716/947/1293 1197/283/905 1715/283/48
f 882/283/679 1717/283/1293 406/283/348
f 1718/942/1293 897/473/686 1719/935/1294
f 1326/722/991 1463/838/1099 1455/836/1092
f 201/166/193 143/121/138 202/167/194
f 1720/948/679 1710/941/1289 897/473/686
f 815/283/632 1721/283/69 1722/283/1105
f 1196/283/904 1722/283/1105 1723/283/61
f 1210/283/60 1196/283/904 1723/283/61
f 815/283/632 814/283/631 1724/283/1295
f 157/133/152 156/132/151 49/49/49
f 541/53/429 1112/53/132 542/53/380
f 1725/283/1294 1198/283/906 1197/283/905
f 1726/934/906 897/473/686 1727/949/907
f 1728/950/1296 1272/675/954 1271/674/953
f 740/388/548 744/392/549 742/390/581
f 1729/283/1297 1730/283/1298 1731/283/1299
f 1724/283/1295 1729/283/1297 1721/283/69
f 1334/283/995 1732/283/1300 1335/283/996
f 1732/283/1300 1733/283/1301 1734/283/1302
f 1334/283/995 1735/283/995 1733/283/1301
f 1733/283/1301 1736/283/995 1734/283/1302
f 1335/283/996 1737/283/1303 1678/283/1272
f 1738/283/1304 1737/283/1303 1739/283/1305
f 1740/951/1303 1741/952/1304 1669/57/1265
f 1335/283/996 1732/283/1300 1739/283/1305
f 1742/283/1306 1743/947/1307 1732/283/1300
f 1744/283/1308 1742/283/1306 1745/283/1309
f 1746/283/1310 1744/283/1308 1745/283/1309
f 69/67/67 73/71/71 66/64/64
f 1675/473/1270 1747/953/1311 1683/941/1275
f 1675/473/1270 1669/57/1265 1747/953/1311
f 1/1/1 9/9/9 2/2/2
f 2/2/2 125/106/120 5/5/5
f 1729/283/1297 1748/283/66 1749/283/68
f 746/394/583 743/391/582 742/390/581
f 1750/283/1312 1695/283/1283 1696/283/1284
f 1697/283/1285 1750/283/1312 1696/283/1284
f 1751/954/1313 1752/955/1312 1701/944/1285
f 830/283/640 1753/283/1314 831/283/641
f 1585/283/1196 1753/283/1314 830/283/640
f 642/343/934 1754/956/182 259/208/243
f 34/34/34 41/41/41 36/36/36
f 1755/957/1315 1756/958/1316 1751/954/1313
f 832/283/642 1757/283/1317 1703/283/1287
f 1757/283/1317 1758/283/1318 756/283/590
f 1587/283/1198 755/283/589 1712/283/1291
f 755/283/589 757/283/591 1640/283/1240
f 145/123/140 156/132/151 157/133/152
f 561/269/448 492/270/398 528/311/424
f 1759/959/1319 1760/953/1320 1761/960/1240
f 845/314/653 1524/671/1146 1762/453/588
f 12/12/12 132/113/127 131/112/126
f 756/283/590 1758/283/1318 1763/283/1321
f 532/314/428 866/453/664 1268/671/951
f 9/9/9 8/8/8 10/10/10
f 1759/959/1319 1764/961/1322 1760/953/1320
f 1710/941/1289 59/57/57 897/473/686
f 1710/941/1289 1760/953/1320 59/57/57
f 1765/283/1323 1766/283/1324 1767/283/1323
f 1768/283/1325 1765/283/1323 1769/283/1326
f 1768/283/1325 1769/283/1326 1770/283/1327
f 1771/283/1328 814/283/631 816/283/633
f 1203/283/907 1771/283/1328 816/283/633
f 141/119/136 1772/962/1328 1727/949/907
f 1766/283/1324 1773/283/1329 1767/283/1323
f 1774/283/135 1775/283/134 1773/283/1329
f 1776/283/136 1774/283/135 1768/283/1325
f 129/110/124 130/111/125 126/107/121
f 1777/283/1330 1778/283/1331 1779/283/1330
f 1778/283/1331 1777/283/1330 1731/283/1299
f 1724/283/1295 1780/283/1332 1730/283/1298
f 1778/283/1331 1767/283/1323 1779/283/1330
f 1769/283/1326 1778/283/1331 1780/283/1332
f 1724/283/1295 1769/283/1326 1780/283/1332
f 1736/283/995 1781/283/1333 1734/283/1302
f 1781/283/1333 1782/283/1334 1634/283/1234
f 1783/283/1335 1782/283/1334 1736/283/995
f 1782/283/1334 1784/283/1336 1634/283/1234
f 1734/283/1302 1785/283/1337 1742/283/1306
f 25/25/25 24/24/24 1310/710/976
f 1636/283/1236 1786/283/1338 1746/283/1310
f 1787/283/1263 1788/283/1339 1789/283/1340
f 1790/283/1264 1789/283/1340 1791/283/1341
f 1247/653/933 106/100/103 96/90/94
f 1734/283/1302 1781/283/1333 1785/283/1337
f 72/70/70 164/140/52 163/139/158
f 1635/283/1235 1788/283/1339 1636/283/1236
f 1792/283/1342 1789/283/1340 1788/283/1339
f 1789/283/1340 1793/283/1343 1791/283/1341
f 1794/283/1344 1795/283/1345 1796/283/1346
f 1797/963/1177 1747/953/1311 1669/57/1265
f 1559/283/1178 1791/283/1341 1560/283/1179
f 46/46/46 48/48/48 43/43/43
f 1669/57/1265 1798/964/1178 1797/963/1177
f 1799/283/1347 1800/283/1348 1801/283/1349
f 1802/283/1350 1803/283/1351 1753/283/1314
f 1804/283/1352 1753/283/1314 1805/283/1353
f 1806/283/1315 1804/283/1352 1805/283/1353
f 1807/965/1354 1808/966/1352 1755/957/1315
f 42/42/42 39/39/39 37/37/37
f 1809/283/1354 1810/283/1355 1802/283/1350
f 1811/283/1356 1795/283/1345 1794/283/1344
f 1812/967/1355 1747/953/1311 1813/968/1344
f 1803/283/1351 1814/283/1357 1757/283/1317
f 1814/283/1357 1815/283/1358 1816/283/1359
f 1758/283/1318 1817/283/1360 1763/283/1321
f 1763/283/1321 1818/283/1361 1819/283/1362
f 1818/283/1361 603/283/479 1242/283/930
f 11/11/11 33/33/33 31/31/31
f 642/343/934 1820/969/1363 1821/970/209
f 1822/971/935 1823/972/1364 1760/953/1320
f 1758/283/1318 1816/283/1359 1817/283/1360
f 1816/283/1359 1824/283/1365 1818/283/1361
f 1818/283/1361 608/283/480 603/283/479
f 1825/973/1366 1478/850/1112 1409/797/1054
f 1826/283/1367 609/283/481 1827/283/1368
f 1249/283/936 1827/283/1368 1250/283/937
f 65/63/63 67/65/65 44/44/44
f 1828/968/936 1829/974/478 1830/975/1369
f 1831/283/58 1832/283/1370 1833/283/1371
f 1834/976/1370 59/57/57 1760/953/1320
f 1835/283/1372 1833/283/1371 1832/283/1370
f 1836/283/1364 1837/283/1373 1835/283/1372
f 1760/953/1320 1838/977/1374 1834/976/1370
f 1839/283/1316 1805/283/1353 1585/283/1196
f 38/38/38 47/47/47 39/39/39
f 1775/283/134 1840/283/1375 1773/283/1329
f 29/29/29 143/121/138 134/115/129
f 1841/283/59 1833/283/1371 1800/283/1348
f 1842/283/476 1841/283/59 1799/283/1347
f 1693/283/1281 832/283/642 1702/283/18
f 1843/283/1376 1844/283/1377 1845/283/1378
f 1844/283/1377 1779/283/1330 1767/283/1323
f 1844/283/1377 1800/283/1348 1845/283/1378
f 1767/283/1323 1801/283/1349 1844/283/1377
f 1783/283/1335 1846/283/1379 1784/283/1336
f 1846/283/1379 1634/283/1234 1784/283/1336
f 1783/283/1335 1847/283/1380 1846/283/1379
f 1847/283/1380 1848/283/1381 1846/283/1379
f 1634/283/1234 1849/283/1382 1635/283/1235
f 1849/283/1382 1792/283/1342 1635/283/1235
f 1850/283/1383 1851/283/1384 1852/283/1385
f 1793/283/1343 1852/283/1385 1791/283/1341
f 1848/283/1381 1849/283/1382 1634/283/1234
f 1853/283/1386 1850/283/1383 1849/283/1382
f 1850/283/1383 1854/283/1387 1851/283/1384
f 1855/283/1388 1660/283/1256 1659/283/1255
f 1856/283/1389 1560/283/1179 1791/283/1341
f 1855/283/1388 1857/283/1390 1560/283/1179
f 1858/283/1391 1660/283/1256 1856/283/1389
f 1852/283/1385 1859/283/1392 1858/283/1391
f 1852/283/1385 1856/283/1389 1791/283/1341
f 1860/53/1393 1512/53/1140 1861/53/1394
f 1857/283/1390 1658/283/1254 1862/283/1395
f 50/50/50 166/142/160 51/51/51
f 1857/283/1390 1659/283/1255 1658/283/1254
f 1863/283/1396 1814/283/1357 1796/283/1346
f 1864/283/1397 1865/283/1398 1866/283/1399
f 1867/283/1400 1868/283/1401 1869/283/1402
f 1815/283/1358 1870/283/1403 1824/283/1365
f 1824/283/1365 1871/283/1404 608/283/480
f 1871/283/1404 1872/283/1405 608/283/480
f 1873/283/1406 1827/283/1368 1872/283/1405
f 1874/283/1407 1875/283/1408 1868/283/1401
f 1875/283/1408 1874/283/1407 1876/283/1409
f 1877/978/1410 1869/283/1402 1868/283/1401
f 1815/283/1358 1866/283/1399 1870/283/1403
f 1866/283/1399 1878/283/1411 1871/283/1404
f 1878/283/1411 1873/283/1406 1871/283/1404
f 1879/283/1412 1880/283/1410 1881/283/1413
f 1881/283/1413 1880/283/1410 1868/283/1401
f 1837/283/1373 1882/283/1414 1883/283/1415
f 1876/283/1409 1884/283/1416 1837/283/1373
f 1885/283/1417 1869/283/1402 1882/283/1414
f 1885/283/1417 1874/283/1407 1867/283/1400
f 1876/283/1409 1885/283/1417 1884/283/1416
f 1883/283/1415 1886/283/1418 1800/283/1348
f 1883/283/1415 1882/283/1414 1886/283/1418
f 1800/283/1348 1887/283/1419 1845/283/1378
f 1800/283/1348 1886/283/1418 1887/283/1419
f 1888/283/1420 1848/283/1381 1889/283/1421
f 1854/283/1387 1853/283/1386 1890/283/1422
f 1891/283/1423 1892/283/1424 1893/978/1425
f 1891/283/1423 1863/283/1396 1892/283/1424
f 1894/283/1426 1864/283/1397 1863/283/1396
f 1864/283/1397 1895/283/1427 1865/283/1398
f 1896/283/1428 1897/283/1429 1895/283/1427
f 1869/283/1402 1898/283/1430 1899/283/1431
f 1899/283/1431 1900/283/1432 1886/283/1418
f 1886/283/1418 1901/283/1433 1902/283/1434
f 1888/283/1420 1903/283/1435 1904/283/1436
f 1904/283/1436 1905/283/1437 1890/283/1422
f 1890/283/1422 1906/283/1438 1891/283/1423
f 1906/283/1438 1894/283/1426 1891/283/1423
f 1907/283/1439 1908/283/1440 1894/283/1426
f 1908/283/1440 1909/283/1441 1895/283/1427
f 1895/283/1427 1910/283/1442 1911/283/1443
f 1910/283/1442 1898/283/1430 1911/283/1443
f 1912/283/1444 1900/283/1432 1898/283/1430
f 1913/283/1445 1901/283/1433 1900/283/1432
f 1914/283/112 1903/283/1435 1915/283/113
f 1916/283/1446 1905/283/1437 1903/283/1435
f 1917/283/1447 1906/283/1438 1905/283/1437
f 1918/283/1448 1907/283/1439 1906/283/1438
f 1919/283/1449 1920/283/1450 1907/283/1439
f 1920/283/1450 1921/283/1451 1909/283/1441
f 1909/283/1441 1922/283/1452 1910/283/1442
f 1910/283/1442 1923/283/1453 1912/283/1444
f 1912/283/1444 1924/283/1454 1913/283/1445
f 1913/283/1445 1925/283/1455 1926/283/84
f 1927/53/1456 1928/53/1456 1929/53/1456
f 1930/53/1456 1931/53/1456 1928/53/1456
f 1932/53/1456 1933/53/1456 1931/53/1456
f 1934/53/1456 1935/53/1456 1933/53/1456
f 1935/53/1456 1936/53/1456 1937/53/1456
f 1937/53/1456 1938/53/1456 1939/53/1456
f 1939/53/1456 1940/53/1456 1941/53/1456
f 1941/53/1456 1942/53/1456 1943/53/1456
f 1943/53/1456 1944/53/1456 1945/53/1456
f 1945/53/1456 1946/53/1456 1947/53/1456
f 1948/283/1191 1949/283/1192 1950/283/1193
f 1951/283/1257 1952/283/621 1953/283/1258
f 1954/283/1251 1953/283/1258 1955/283/1457
f 1956/283/1253 1957/283/1252 1955/283/1457
f 1218/639/919 720/375/565 1277/680/958
f 1958/283/1458 1959/283/1459 1960/283/1460
f 1961/283/1227 1962/283/1226 1960/283/1460
f 1963/53/245 1964/53/245 1965/53/245
f 1966/53/244 1967/53/244 1968/53/244
f 1969/53/1456 1970/53/1456 1971/53/1456
f 1972/53/247 1973/53/247 1974/53/247
f 1975/53/1461 1976/53/1461 1977/53/1461
f 1978/53/1461 1979/53/1461 1980/53/1461
f 1981/53/1456 1982/53/1456 1983/53/1456
f 1983/53/1456 1984/53/1456 1985/53/1456
f 1985/53/1456 1986/53/1456 1987/53/1456
f 1987/53/1456 1988/53/1456 1989/53/1456
f 1988/53/1456 1990/53/1456 1989/53/1456
f 1991/53/1456 1992/53/1456 1990/53/1456
f 1993/53/1456 1994/53/1456 1992/53/1456
f 1995/53/1456 1996/53/1456 1994/53/1456
f 1997/763/1462 1998/763/1463 1999/763/1464
f 1999/763/1464 2000/763/1465 2001/763/1466
f 2001/763/1466 2002/763/1467 2003/763/1468
f 2003/763/1468 2004/763/1469 2005/763/1470
f 2005/763/1470 2006/763/1471 2007/763/1472
f 2007/763/1472 2008/763/1473 2009/763/1474
f 2009/763/1474 2010/763/1475 2011/763/1476
f 2011/763/1476 2012/763/1476 2013/763/1477
f 2013/763/1477 2014/763/1478 2015/763/1479
f 2015/763/1479 2016/763/1480 2017/763/1481
f 2017/763/1481 2018/763/1482 2019/763/1483
f 2019/763/1483 2020/763/1484 2021/763/1485
f 2020/763/1484 2022/763/1486 2021/763/1485
f 2023/763/1487 2024/763/1488 2022/763/1486
f 2025/763/1489 2026/763/1490 2024/763/1488
f 1763/283/1321 1819/283/1362 2027/283/1491
f 16/16/16 14/14/14 13/13/13
f 1375/763/1027 2028/763/1492 1373/763/1025
f 2029/763/1493 2030/763/1494 2028/763/1492
f 2031/763/1495 2032/763/1496 2030/763/1494
f 2033/763/1497 2034/763/1498 2032/763/1496
f 2035/763/1499 2036/763/1500 2034/763/1498
f 2037/763/1501 2038/763/1502 2036/763/1500
f 2038/763/1502 2039/763/1503 2040/763/1504
f 2041/763/1505 2042/763/1506 2043/763/1507
f 2044/763/1508 2045/763/1509 2042/763/1506
f 2046/763/1510 2047/763/1511 2045/763/1509
f 2048/763/1512 2049/763/1513 2047/763/1511
f 2050/763/1514 2051/763/1515 2049/763/1513
f 2052/763/1516 2053/763/1517 2051/763/1515
f 2054/763/1517 2055/763/1517 2053/763/1517
f 2056/763/1517 2057/763/1518 2055/763/1517
f 2058/763/1519 2059/763/1520 2057/763/1518
f 2060/763/1521 2061/763/1522 2059/763/1520
f 2062/763/1523 2063/763/1523 2061/763/1523
f 2064/763/1522 2065/763/1524 2063/763/1522
f 2066/763/1525 2065/763/1524 2067/763/1524
f 2068/763/1525 2069/763/1525 2066/763/1525
f 2070/763/1526 2071/763/1525 2068/763/1525
f 2072/763/1527 2073/763/1528 2070/763/1526
f 2074/763/1529 2075/763/1530 2072/763/1527
f 2076/763/1529 2077/763/1529 2074/763/1529
f 2078/763/1531 2079/763/1529 2076/763/1529
f 2080/763/1532 2081/763/1533 2078/763/1531
f 2082/763/1534 2083/763/1535 2080/763/1532
f 2084/763/1536 2085/763/1537 2082/763/1534
f 2086/763/1538 2087/763/1539 2084/763/1536
f 2088/763/1540 2089/763/1541 2086/763/1538
f 2090/763/1542 2091/763/1543 2092/763/1544
f 2093/763/1545 2091/763/1543 2094/763/1546
f 2095/763/1547 2096/763/1548 2093/763/1545
f 2097/763/1549 2098/763/1550 2095/763/1547
f 2099/763/1551 2100/763/1552 2097/763/1549
f 2101/763/1553 2102/763/1554 2099/763/1551
f 2103/763/1555 2104/763/1556 2101/763/1553
f 2105/763/1557 2106/763/1558 2103/763/1555
f 2107/763/1559 2108/763/1557 2105/763/1557
f 2107/763/1559 2109/763/1560 2110/763/1559
f 2111/763/1560 2112/763/1561 2109/763/1560
f 2113/763/1561 2114/763/1562 2112/763/1561
f 2115/763/1563 2116/763/1564 2114/763/1562
f 2117/763/1564 2118/763/1565 2116/763/1564
f 2119/763/1566 2120/763/1567 2118/763/1565
f 2121/763/1568 2122/763/1569 2120/763/1567
f 2123/763/1570 2124/763/1571 2122/763/1569
f 2125/763/1572 2124/763/1571 2126/763/1573
f 2127/763/1574 2128/763/1575 2129/763/1576
f 2130/763/1577 2131/763/1578 2128/763/1575
f 2132/763/1579 2133/763/1580 2131/763/1578
f 2134/763/1581 2135/763/1582 2133/763/1580
f 2136/763/1583 2137/763/1584 2138/763/1585
f 2139/763/1586 2140/763/1587 2141/763/1588
f 2142/763/1589 2143/763/1590 2139/763/1586
f 2144/763/1591 2145/763/1592 2142/763/1589
f 2146/763/1593 2147/763/1594 2144/763/1591
f 2148/763/1595 2149/763/1596 2146/763/1593
f 2150/763/1597 2151/763/1598 2152/763/1599
f 2153/763/1600 2154/763/1601 2150/763/1597
f 2155/763/1602 2156/763/1603 2153/763/1600
f 2157/763/1604 2158/763/1605 2155/763/1602
f 2159/763/1606 2160/763/1607 2161/763/1608
f 2162/763/1609 2163/763/1610 2164/763/1611
f 2165/763/1612 2166/763/1613 2163/763/1610
f 2167/763/1614 2168/763/1615 2166/763/1613
f 2169/763/1616 2170/763/1617 2168/763/1615
f 2171/763/1618 2172/763/1619 2170/763/1617
f 2173/763/1620 2174/763/1621 2175/763/1622
f 2176/763/1623 2177/763/1624 2173/763/1620
f 2178/763/1625 2179/763/1626 2176/763/1623
f 2180/763/1627 2181/763/1628 2178/763/1625
f 2182/763/1629 2183/763/1627 2180/763/1627
f 2184/763/1630 2185/763/1629 2182/763/1629
f 2186/763/1631 2187/763/1630 2184/763/1630
f 2186/763/1631 2188/763/1632 2189/763/1631
f 2190/763/1632 2191/763/1633 2188/763/1632
f 2192/763/1634 2193/763/1635 2191/763/1633
f 2194/763/1635 2195/763/1636 2193/763/1635
f 2196/763/1637 2197/763/1638 2195/763/1636
f 2198/763/1639 2199/763/1640 2197/763/1638
f 2200/763/1641 2201/763/1642 2199/763/1640
f 2202/763/1643 2203/763/1644 2204/763/1643
f 2205/763/1645 2206/763/1646 2203/763/1644
f 2207/763/1647 2208/763/1648 2206/763/1646
f 2209/763/1649 2210/763/1650 2208/763/1648
f 2211/763/1651 2212/763/1652 2210/763/1650
f 2213/763/1653 2214/763/1654 2212/763/1652
f 2215/763/1655 2216/763/1656 2214/763/1654
f 2217/763/1657 2216/763/1656 2218/763/1658
f 2219/763/1659 2220/763/1660 2217/763/1657
f 2221/763/1661 2222/763/1662 2219/763/1659
f 2223/763/1663 2224/763/1664 2221/763/1661
f 2225/763/1665 2226/763/1666 2223/763/1663
f 2227/763/1667 2228/763/1668 2225/763/1665
f 2229/763/1669 2230/763/1670 2227/763/1667
f 2231/979/1671 2232/979/1671 2233/979/1671
f 2234/980/1672 2235/981/1673 2236/982/1674
f 2237/983/1675 2238/984/1676 2239/985/1677
f 2239/985/1677 2240/986/1678 2241/987/1679
f 2241/987/1679 2242/988/1680 2243/989/1681
f 2242/988/1680 2244/990/1682 2243/989/1681
f 2245/991/1683 2246/992/1684 2244/990/1682
f 2247/993/1685 2248/994/1686 2246/992/1684
f 2249/995/1687 2250/996/1688 2251/997/1689
f 2252/998/1690 2253/999/1691 2234/980/1672
f 2254/1000/1692 2255/1001/1693 2256/1002/1694
f 2255/1001/1693 2257/1003/1695 2258/1004/1696
f 2258/1004/1696 2259/1005/1697 2260/1006/1681
f 2259/1005/1697 2261/1007/1698 2260/1006/1681
f 2262/1008/1699 2263/1009/1700 2261/1007/1698
f 2263/1009/1700 2264/1010/1701 2265/1011/1702
f 2266/1012/1703 2267/1013/1704 2250/996/1688
f 2268/1014/1705 2269/1015/1706 2252/998/1690
f 2270/1016/1707 2271/1017/1708 2254/1000/1692
f 2272/1018/1709 2257/1003/1695 2271/1017/1708
f 2273/1019/1710 2259/1005/1697 2257/1003/1695
f 2259/1005/1697 2274/1020/1711 2262/1008/1699
f 2262/1008/1699 2275/1021/1712 2276/1022/1713
f 2276/1022/1713 2277/1023/1714 2264/1010/1701
f 2278/1024/1715 2279/1025/1716 2267/1013/1704
f 2280/1026/1717 2281/1027/1718 2268/1014/1705
f 2282/1028/1719 2272/1018/1709 2270/1016/1707
f 2283/1029/1720 2273/1019/1710 2272/1018/1709
f 2284/1030/1721 2285/1031/1722 2273/1019/1710
f 2285/1031/1722 2286/1032/1723 2274/1020/1711
f 2274/1020/1711 2287/1033/1724 2275/1021/1712
f 2275/1021/1712 2288/1034/1725 2277/1023/1714
f 2289/1035/1726 2290/1036/1727 2279/1025/1716
f 2291/1037/1728 2292/1038/1729 2280/1026/1717
f 2293/1039/1730 2294/1040/1731 2292/1038/1729
f 2295/1041/1732 2296/1042/1733 2294/1040/1731
f 2297/1043/1734 2298/1044/1735 2296/1042/1733
f 2298/1044/1735 2299/1045/1736 2300/1046/1737
f 2300/1046/1737 2301/1047/1738 2302/1048/1739
f 2302/1048/1739 2303/1049/1740 2304/1050/1741
f 2304/1050/1741 2305/1051/1742 2290/1036/1727
f 2306/1052/1743 2307/1053/1744 2308/1054/1745
f 2309/1052/1746 2310/1053/1747 2311/1054/1744
f 2312/1052/1748 2313/1053/1749 2314/1054/1747
f 2315/1052/1750 2316/1053/1751 2317/1054/1749
f 2318/1054/1751 2319/1055/1752 2320/1053/1753
f 2321/1054/1753 2322/1055/1754 2323/1053/1755
f 2324/1054/1755 2325/1055/1756 2326/1053/1757
f 2327/1054/1757 2328/1055/1758 2329/1053/1759
f 2330/1054/1743 2331/1055/1760 2332/1053/1746
f 2333/1054/1746 2334/1055/1761 2335/1053/1748
f 2336/1054/1748 2337/1055/1762 2338/1053/1750
f 2339/1054/1750 2340/1055/1763 2341/1053/1764
f 2342/1052/1763 2343/1053/1752 2344/1054/1764
f 2345/1052/1765 2346/1053/1754 2347/1054/1752
f 2348/1052/1766 2349/1053/1756 2350/1054/1754
f 2351/1052/1767 2352/1053/1758 2353/1054/1756
f 2354/1054/1768 2355/1055/1769 2356/1053/1760
f 2357/1054/1760 2358/1055/1770 2359/1053/1761
f 2360/1054/1771 2361/1055/1772 2362/1053/1762
f 2363/1054/1762 2364/1055/1773 2365/1053/1763
f 2366/1052/1773 2367/1053/1765 2368/1054/1763
f 2369/1052/1774 2370/1053/1775 2371/1054/1765
f 2372/1052/1776 2373/1053/1767 2374/1054/1766
f 2375/1052/1777 2376/1053/1778 2377/1054/1767
f 2378/1054/1779 2379/1055/1780 2380/1053/1781
f 2381/1054/1782 2382/1055/1783 2383/1053/1770
f 2384/1054/1770 2385/1055/1784 2386/1053/1772
f 2387/1054/1772 2388/1055/1785 2389/1053/1773
f 2390/1052/1785 2391/1053/1774 2392/1054/1773
f 2393/1052/1786 2394/1053/1776 2395/1054/1774
f 2396/1052/1787 2397/1053/1788 2398/1054/1776
f 2399/1052/1789 2400/1053/1790 2401/1054/1791
f 2402/1054/1792 2403/1055/1793 2404/1053/1780
f 2405/1054/1780 2406/1055/1794 2407/1053/1783
f 2408/1056/1795 2409/1057/1796 2410/1058/1797
f 2411/1056/1798 2412/1057/1799 2413/1058/1800
f 2414/1059/1799 2415/1058/1801 2416/1056/1800
f 2417/1059/1802 2418/1058/1803 2419/1056/1801
f 2420/1052/1804 2421/1053/1789 2422/1054/1787
f 2423/1052/1805 2424/1053/1806 2425/1054/1789
f 2426/1054/1807 2427/1055/1808 2428/1053/1793
f 2429/1054/1793 2430/1055/1809 2431/1053/1794
f 2432/1059/1810 2433/1058/1796 2434/1056/1811
f 2435/1059/1812 2436/1058/1799 2437/1056/1796
f 2438/1056/1799 2439/1057/1813 2440/1058/1802
f 2441/1056/1802 2442/1057/1814 2443/1058/1815
f 2444/1052/1816 2445/1053/1805 2446/1054/1804
f 2447/1052/1817 2448/1053/1818 2449/1054/1805
f 2450/1054/1819 2451/1055/1820 2452/1053/1821
f 2453/1052/1820 2454/1053/1822 2455/1054/1823
f 2456/1052/1824 2457/1053/1825 2458/1054/1822
f 2459/1052/1826 2460/1053/1827 2461/1054/1825
f 2462/1054/1827 2463/1055/1828 2464/1053/1829
f 2465/1054/1829 2466/1055/1830 2467/1053/1831
f 2468/1054/1831 2469/1055/1832 2470/1053/1817
f 2471/1052/1832 2472/1053/1833 2473/1054/1834
f 2474/283/1835 2475/283/1836 2476/283/1837
f 2477/283/1838 2478/283/1839 2475/283/1836
f 2479/283/1840 2480/283/1841 2478/283/1839
f 2481/1060/1842 2482/1060/1843 2483/1060/1844
f 2482/1060/1843 2484/1060/1845 2485/1060/1846
f 2485/1060/1846 2486/1060/1847 2487/1060/1779
f 2487/1060/1779 2488/1060/1848 2489/1060/1849
f 2489/1060/1849 2490/1060/1850 2491/1060/1851
f 2490/1060/1850 2492/1060/1852 2491/1060/1851
f 2493/53/1853 2494/53/1854 2495/53/1855
f 2494/53/1854 2496/53/1856 2497/53/1857
f 2497/53/1857 2498/53/1858 2499/53/1859
f 2500/53/1860 2501/53/1861 2498/53/1858
f 2502/53/1862 2503/53/1863 2501/53/1861
f 2504/53/1864 2505/53/1865 2503/53/1863
f 2506/53/1866 2507/53/1867 2505/53/1865
f 2507/53/1867 2508/53/1868 2509/53/1869
f 2509/53/1869 2510/53/1870 2511/53/1871
f 2511/53/1871 2512/53/1872 2513/53/1873
f 2513/53/1873 2514/53/1874 2515/53/1875
f 2514/53/1874 2493/53/1853 2515/53/1875
f 2516/53/1876 2517/53/1877 2493/53/1853
f 2517/53/1877 2518/53/1878 2496/53/1856
f 2496/53/1856 2500/53/1860 2498/53/1858
f 2519/1061/1879 2520/1062/1880 2521/1063/1881
f 2489/1060/1849 2522/1064/1851 2523/1060/1792
f 2524/1060/1882 2485/1060/1846 2525/1060/1883
f 2526/283/1884 2527/283/1884 2528/283/1884
f 2529/283/1885 2530/283/1886 2531/283/1887
f 2532/283/1888 2533/283/1889 2529/283/1885
f 2534/283/1890 2535/283/1891 2532/283/1888
f 2536/1060/1892 2537/1060/1893 2538/1060/1894
f 2536/1060/1892 2539/1060/1895 2540/1060/1896
f 2541/1060/1897 2542/1060/1898 2539/1060/1895
f 2543/1060/1790 2544/1060/1899 2542/1060/1898
f 2545/1060/1900 2546/1060/1901 2544/1060/1899
f 2547/1060/1902 2546/1060/1901 2548/1060/1903
f 2549/53/1904 2550/53/1905 2551/53/1906
f 2549/53/1904 2552/53/1907 2553/53/1908
f 2554/53/1909 2555/53/1910 2552/53/1907
f 2556/53/1911 2557/53/1912 2555/53/1910
f 2558/53/1913 2559/53/1914 2556/53/1911
f 2560/53/1915 2561/53/1916 2558/53/1913
f 2562/53/1917 2563/53/1918 2560/53/1915
f 2562/53/1917 2564/53/1919 2565/53/1920
f 2566/53/1921 2567/53/1922 2564/53/1919
f 2568/53/1923 2569/53/1924 2567/53/1922
f 2570/53/1925 2571/53/1926 2569/53/1924
f 2550/53/1905 2571/53/1926 2572/53/1927
f 2553/53/1908 2573/53/1928 2550/53/1905
f 2553/53/1908 2574/53/1929 2575/53/1930
f 2552/53/1907 2557/53/1912 2574/53/1929
f 2576/1061/1931 2577/1063/1932 2578/1062/1933
f 2579/1060/1833 2580/1060/1934 2581/1060/1935
f 2541/1060/1897 2536/1060/1892 2582/1060/1936
f 2583/283/1937 2584/283/1937 2585/283/1937
f 2586/283/1938 2587/283/1939 2588/283/1940
f 2589/53/247 2590/53/247 2591/53/247
f 2592/53/244 2593/53/244 2594/53/244
f 2595/53/1671 2596/53/1671 2597/53/1671
f 2598/53/1461 2599/53/1461 2600/53/1461
f 2601/283/1461 2602/283/1461 2603/283/1461
f 2604/1065/1461 2605/1066/1461 2606/1067/1461
f 2607/53/1941 2608/53/1942 2609/53/1943
f 2610/283/1944 2611/283/1945 2612/283/1946
f 2613/53/247 2614/53/247 2615/1068/247
f 2616/53/244 2617/53/244 2618/53/244
f 2619/53/1671 2620/53/1671 2621/53/1671
f 2622/53/1461 2623/53/1461 2624/53/1461
f 2625/283/1461 2626/283/1461 2627/283/1461
f 2628/1065/1461 2629/1066/1461 2630/1067/1461
f 2631/53/1947 2632/53/1948 2633/53/1949
f 2634/283/1950 2635/283/1950 2636/283/1950
f 2637/283/1951 2638/283/1951 2639/283/1951
f 2640/283/1952 2641/283/1952 2642/283/1952
f 2643/283/1953 2644/283/1953 2645/283/1953
f 2646/283/1954 2647/283/1954 2648/283/1954
f 2649/283/1955 2650/283/1955 2651/283/1955
f 2652/283/1956 2653/283/1956 2654/283/1956
f 2655/283/1957 2656/283/1957 2657/283/1957
f 2658/283/1958 2659/283/1959 2660/283/1960
f 2660/283/1960 2661/283/1961 2662/283/1962
f 2661/283/1961 2663/283/1963 2662/283/1962
f 2664/283/1964 2665/283/1965 2663/283/1963
f 2665/283/1965 2666/283/1966 2667/283/1967
f 2667/283/1967 2668/283/1968 2669/283/1969
f 2668/283/1968 2670/283/1970 2669/283/1969
f 2671/283/1971 2658/283/1958 2670/283/1970
f 2672/283/1972 2659/283/1959 2673/283/1973
f 2674/283/1974 2661/283/1961 2659/283/1959
f 2661/283/1961 2675/283/1975 2664/283/1964
f 2664/283/1964 2676/283/1976 2677/283/1977
f 2676/283/1976 2666/283/1966 2677/283/1977
f 2678/283/1978 2668/283/1968 2666/283/1966
f 2668/283/1968 2679/283/1979 2671/283/1971
f 2671/283/1971 2672/283/1972 2673/283/1973
f 2680/283/1980 2674/283/1974 2672/283/1972
f 2681/283/1981 2682/283/1982 2674/283/1974
f 2682/283/1982 2683/283/1983 2675/283/1975
f 2675/283/1975 2684/283/1984 2676/283/1976
f 2684/283/1984 2678/283/1978 2676/283/1976
f 2685/283/1985 2686/283/1986 2678/283/1978
f 2686/283/1986 2687/283/1987 2679/283/1979
f 2679/283/1979 2680/283/1980 2672/283/1972
f 2688/283/244 2689/283/244 2690/283/244
f 2683/283/1983 2691/283/1988 2685/283/1985
f 2692/1069/1989 2693/1069/1989 2694/1069/1989
f 2695/283/1990 2696/283/1990 2697/283/1990
f 2698/283/1991 2699/283/1991 2700/283/1991
f 2701/283/1992 2702/283/1992 2703/283/1992
f 2704/283/1993 2705/283/1993 2706/283/1993
f 2707/283/1994 2708/283/1994 2709/283/1994
f 2710/283/1995 2711/283/1995 2712/283/1995
f 2713/283/1996 2714/283/1996 2715/283/1996
f 2716/283/1997 2717/283/1997 2718/283/1997
f 2719/283/1998 2720/283/1999 2721/283/2000
f 2722/283/2001 2723/283/2002 2720/283/1999
f 2724/283/2003 2723/283/2002 2725/283/2004
f 2726/283/2005 2727/283/2006 2724/283/2003
f 2726/283/2005 2728/283/2007 2729/283/2008
f 2730/283/2009 2731/283/2010 2728/283/2007
f 2732/283/2011 2731/283/2010 2733/283/2012
f 2719/283/1998 2734/283/2013 2732/283/2011
f 2720/283/1999 2735/283/2014 2721/283/2000
f 2723/283/2002 2736/283/2015 2720/283/1999
f 2723/283/2002 2737/283/2016 2738/283/2017
f 2727/283/2006 2739/283/2018 2737/283/2016
f 2728/283/2007 2739/283/2018 2729/283/2008
f 2731/283/2010 2740/283/2019 2728/283/2007
f 2731/283/2010 2741/283/2020 2742/283/2021
f 2734/283/2013 2735/283/2014 2741/283/2020
f 2736/283/2015 2743/283/2022 2735/283/2014
f 2738/283/2017 2744/283/2023 2736/283/2015
f 2738/283/2017 2745/283/2024 2746/283/2025
f 2737/283/2016 2747/283/2026 2745/283/2024
f 2740/283/2019 2747/283/2026 2739/283/2018
f 2742/283/2021 2748/283/2027 2740/283/2019
f 2742/283/2021 2749/283/2028 2750/283/2029
f 2741/283/2020 2743/283/2022 2749/283/2028
f 2751/283/247 2752/283/247 2753/283/247
f 2748/283/2027 2750/283/2029 2745/283/2024
f 2754/1069/2030 2755/1069/2030 2756/1069/2030
f 2757/1070/2031 2758/1070/2032 2759/1070/2033
f 2760/1070/2034 2761/1070/2035 2762/1070/2036
f 2763/1070/2037 2764/1070/2038 2765/1070/2039
f 2766/1070/2040 2767/1070/2041 2768/1070/2042
f 2769/1070/2043 2770/1070/2044 2771/1070/2045
f 2759/1070/2033 2772/1070/2046 2773/1070/2047
f 2761/1070/2035 2774/1070/2048 2762/1070/2036
f 2764/1070/2038 2775/1070/2049 2765/1070/2039
f 2767/1070/2041 2776/1070/2050 2777/1070/2051
f 2770/1070/2044 2778/1070/2052 2779/1070/2053
f 2772/1070/2046 2780/1070/2054 2773/1070/2047
f 2781/1070/2055 2782/1070/2056 2774/1070/2048
f 2775/1070/2049 2783/1070/2057 2784/1070/2058
f 2777/1070/2051 2785/1070/2059 2786/1070/2060
f 2779/1070/2053 2787/1070/2061 2788/1070/2062
f 2789/1070/2063 2790/1070/2063 2791/1070/2063
f 2792/1070/1671 2793/1070/1671 2794/1070/1671
f 2795/53/1461 2796/53/1461 2797/53/1461
f 2798/283/2064 2799/283/1241 1958/283/1458
f 1250/283/937 2800/283/2065 1248/283/935
f 2800/283/2065 1836/283/1364 1248/283/935
f 1253/656/568 1254/657/940 780/414/607
f 918/53/290 917/53/483 853/53/482
f 2801/1071/946 720/375/565 878/465/675
f 878/465/675 2802/1072/419 2801/1071/946
f 2802/1072/419 2803/1073/970 1258/661/944
f 2801/1071/946 2802/1072/419 1258/661/944
f 2803/1073/970 1256/659/942 1258/661/944
f 1256/659/942 1291/694/969 1257/660/943
f 1259/662/944 1269/672/950 1260/663/945
f 1265/668/943 1274/677/953 1266/669/950
f 865/127/663 532/314/428 1268/671/951
f 1269/672/950 1278/681/956 1270/673/952
f 1274/677/953 1284/687/955 1275/678/956
f 1279/682/959 1281/684/961 1276/679/957
f 1281/684/961 1255/658/941 1276/679/957
f 1276/679/957 1270/673/952 1279/682/959
f 1284/687/955 2804/1074/962 2805/1075/960
f 2805/1075/960 1283/686/959 1284/687/955
f 2806/1076/420 878/465/675 1219/640/920
f 1219/640/920 1288/691/966 1287/690/965
f 1219/640/920 1287/690/965 1285/688/963
f 1286/689/964 2806/1076/420 1219/640/920
f 1101/53/429 993/53/430 992/53/380
f 1287/690/965 1289/692/967 1290/693/968
f 1292/695/942 1293/696/964 1285/688/963
f 1285/688/963 1290/693/968 1292/695/942
f 1295/698/421 524/308/420 1293/696/964
f 1293/696/964 1292/695/942 1294/697/970
f 1309/709/560 1313/712/979 1310/710/976
f 685/363/537 1314/704/980 1312/711/978
f 686/364/538 1312/711/978 1313/712/979
f 1312/711/978 1315/713/981 1316/714/982
f 1313/712/979 1316/714/982 1317/715/983
f 683/361/535 1240/647/929 1322/718/987
f 1652/53/1248 2807/53/2066 1329/53/2067
f 2807/53/2066 1330/53/2067 1329/53/2067
f 1330/53/2067 2808/53/2067 1328/53/2067
f 1332/725/987 220/183/208 221/184/209
f 221/184/209 2809/1077/1363 1331/724/989
f 2809/1077/1363 1354/744/1011 1331/724/989
f 1354/744/1011 1353/743/1006 1338/728/999
f 1338/728/999 1331/724/989 1354/744/1011
f 1323/719/988 1454/835/1091 1320/716/985
f 1333/283/994 2810/283/900 1334/283/995
f 1327/723/992 1326/722/991 1336/726/997
f 1338/728/999 2811/1078/998 1339/729/1000
f 1343/733/1004 109/103/106 1247/653/933
f 1247/653/933 1340/730/1001 1343/733/1004
f 109/103/106 1343/733/1004 1344/734/1005
f 1326/722/991 1325/721/990 1345/735/1006
f 1348/738/1008 1342/732/1003 1346/736/1007
f 1342/732/1003 1341/731/1002 1346/736/1007
f 1342/732/1003 2812/1079/2068 1349/739/1009
f 1343/733/1004 1349/739/1009 1350/740/1010
f 1344/734/1005 2813/1080/1010 1351/741/1011
f 1354/744/1011 2814/1081/1010 1352/742/990
f 2814/1081/1010 2815/1082/1009 1352/742/990
f 2815/1082/1009 2816/1083/1008 1352/742/990
f 1357/747/1013 1247/653/933 1355/745/94
f 1356/746/1012 98/92/96 1357/747/1013
f 1357/747/1013 1341/731/1002 1358/748/1001
f 1252/655/939 780/414/607 779/413/606
f 1361/751/1016 1362/752/1017 1252/655/939
f 780/414/607 1255/658/941 1363/753/1018
f 1364/754/1019 796/429/622 778/412/605
f 796/429/622 1364/754/1019 1365/755/1020
f 1364/754/1019 1397/785/1044 1365/755/1020
f 1262/665/947 1379/767/1031 1368/758/1023
f 1371/761/1020 1401/789/1047 1372/762/1024
f 1372/762/1024 2817/1084/2069 1380/768/1031
f 1380/768/1031 1370/760/1022 1372/762/1024
f 1373/763/1025 2026/763/1490 1374/763/1026
f 1366/756/1021 1361/751/1016 779/413/606
f 1361/751/1016 1366/756/1021 2818/1085/1032
f 1366/756/1021 1367/757/1022 2818/1085/1032
f 2818/1085/1032 1376/764/1028 1361/751/1016
f 1376/764/1028 2818/1085/1032 1377/765/1029
f 1379/767/1031 1262/665/947 1378/766/1030
f 1380/768/1031 2819/1083/1029 1381/769/1032
f 1281/684/961 1280/683/960 1383/771/1034
f 1384/772/1035 1385/773/1036 1386/774/1037
f 1389/777/1040 1390/778/1041 1387/775/1038
f 1387/775/1038 1386/774/1037 1389/777/1040
f 1392/780/1042 1728/950/1296 1291/694/969
f 1291/694/969 1390/778/1041 1392/780/1042
f 1272/675/954 1728/950/1296 1392/780/1042
f 1395/783/1034 2820/1086/960 1393/781/1040
f 2820/1086/960 2804/1074/2070 2821/1087/2071
f 1393/781/1040 2820/1086/960 2821/1087/2071
f 1363/753/1018 1382/770/1033 1383/771/1034
f 1383/771/1034 1396/784/1043 1363/753/1018
f 1263/666/948 1262/665/947 1369/759/1024
f 1400/788/1046 1386/774/1037 1385/773/1036
f 1385/773/1036 1369/759/1024 1399/787/1045
f 1402/790/1048 1395/783/1034 1394/782/1039
f 1394/782/1039 2822/1078/1046 1401/789/1047
f 2822/1078/1046 1372/762/1024 1401/789/1047
f 1406/794/1052 1291/694/969 2823/1088/968
f 2823/1088/968 1289/692/967 1406/794/1052
f 1289/692/967 1288/691/966 1404/792/1050
f 1406/794/1052 1289/692/967 1404/792/1050
f 1288/691/966 1405/793/1051 1403/791/1049
f 1405/793/1051 1263/666/948 1384/772/1035
f 1403/791/1049 1384/772/1035 1387/775/1038
f 1404/792/1050 1387/775/1038 1390/778/1041
f 1413/801/1058 1301/704/973 1411/799/1056
f 1301/704/973 1302/25/974 1411/799/1056
f 1410/798/1055 1415/803/1060 1412/800/1057
f 1409/797/1054 1301/704/973 1413/801/1058
f 1414/802/1059 1418/806/1063 1409/797/1054
f 1414/802/1059 1413/801/1058 1417/805/1062
f 1413/801/1058 1412/800/1057 1417/805/1062
f 1423/811/2072 1302/25/974 1420/808/1065
f 1302/25/974 1303/705/975 1420/808/1065
f 1419/807/1064 1425/813/1069 1421/809/1066
f 1302/25/974 1423/811/2072 1424/812/1068
f 1428/816/1068 1423/811/1067 1421/809/1066
f 1421/809/1066 1426/814/1070 1427/815/1071
f 1427/815/1071 1415/803/1060 1410/798/1055
f 1429/817/245 1518/867/245 1430/818/245
f 1305/706/245 1307/708/245 1431/819/245
f 25/25/25 1434/798/1073 1433/821/1072
f 1433/821/1072 1435/803/1074 1437/813/1076
f 1440/823/1079 1316/714/982 1438/822/1077
f 1316/714/982 1315/713/981 1438/822/1077
f 1316/714/982 1440/823/1079 1441/824/1080
f 1317/715/983 1441/824/1080 1442/825/1081
f 1440/823/1079 1444/827/1083 1445/828/1084
f 1441/824/1080 1445/828/1084 1446/829/1085
f 1434/798/1073 25/25/25 1447/830/1081
f 1447/830/1081 1446/829/1085 1434/798/1073
f 1449/795/1087 1439/797/1078 1450/832/1077
f 1456/426/1093 1661/428/1257 1457/427/1094
f 1461/283/1097 2824/283/1273 1459/283/1095
f 1459/283/1095 1685/283/1271 1460/283/1096
f 1460/283/1096 1670/283/1266 1461/283/1097
f 1455/836/1092 1463/838/1099 1452/833/1089
f 1346/736/1007 1341/731/1002 1462/837/1098
f 1468/843/1104 1362/752/1017 2825/1089/1028
f 2825/1089/1028 1378/766/1030 1468/843/1104
f 64/62/62 63/61/61 1469/844/1105
f 1469/844/1105 71/69/69 65/63/63
f 71/69/69 66/64/64 65/63/63
f 1407/795/1053 1409/797/1054 1471/846/1106
f 1475/283/14 1671/283/1267 1473/283/1108
f 1473/283/1108 1698/283/1274 1474/283/1109
f 1474/283/1109 1692/283/1280 1475/283/14
f 1481/853/1115 1417/805/1062 1479/851/1113
f 1417/805/1062 1416/804/1061 1479/851/1113
f 1482/53/1116 1511/53/1117 1483/53/1117
f 1485/53/1119 1489/53/1122 1486/53/1120
f 1488/53/1121 2826/53/1121 1489/53/1122
f 1490/53/1123 1482/53/1116 1484/53/1118
f 2827/53/1125 1494/53/1125 1493/53/1125
f 1494/53/1125 2828/53/2073 1492/53/1124
f 2828/53/2073 1503/53/1132 1492/53/1124
f 1471/846/1106 1495/854/1111 1476/848/1110
f 1496/855/1126 1498/857/1128 1472/847/1107
f 1471/846/1106 1476/848/1110 1496/855/1126
f 1499/53/1129 1502/53/1131 1500/53/1130
f 1487/53/1120 1486/53/1120 1502/53/1131
f 1503/53/1132 1595/53/1204 1504/53/1133
f 1425/813/1069 1507/860/1136 1505/858/1134
f 1426/814/1070 1505/858/1134 1506/859/1135
f 1505/858/1134 1508/861/1137 1509/862/1138
f 1479/851/1113 1415/803/1060 1506/859/1135
f 1506/859/1135 1509/862/1138 1510/863/1139
f 1509/862/1138 1613/915/1220 1510/863/1139
f 1511/53/1117 1861/53/1394 1512/53/1140
f 1649/856/1247 1672/932/1268 1515/866/1143
f 1672/932/1268 1513/864/1141 1515/866/1143
f 1503/53/1132 2828/53/2073 1516/53/1144
f 1429/817/245 1432/820/245 1521/870/245
f 151/127/146 150/55/145 1524/671/1146
f 1529/53/1151 1568/53/1151 172/53/166
f 1530/53/1152 1537/53/1159 1531/53/1153
f 1534/876/1156 1533/875/1155 1526/873/1148
f 1526/873/1148 1536/877/1158 1535/860/1157
f 1525/872/1147 2829/1090/2074 1536/877/1158
f 314/226/275 347/244/298 346/243/297
f 347/244/298 432/284/303 386/262/328
f 33/33/33 32/32/32 1541/879/1163
f 1541/879/1163 22/22/22 21/21/21
f 1445/828/1084 1673/933/1269 1542/880/1164
f 1446/829/1085 2830/1091/1164 1543/881/1165
f 1448/831/1086 1543/881/1165 1544/882/1166
f 1545/53/1167 1548/53/1169 1546/53/1168
f 1548/53/1169 1550/53/1171 1549/53/1170
f 1550/53/1171 1565/53/1172 1551/53/1172
f 1552/53/1173 2831/53/1173 1553/53/1173
f 1557/53/1176 2832/53/1174 2833/53/1174
f 2833/53/1174 1555/53/1174 1557/53/1176
f 1560/283/1179 2834/283/2075 1558/283/1177
f 2834/283/2075 1811/283/1356 1558/283/1177
f 1435/803/1074 1544/882/1166 1561/883/1180
f 1565/53/1172 1651/53/1172 1566/53/1172
f 1567/53/1183 1569/53/1184 1568/53/1151
f 1554/53/1173 1553/53/1173 1569/53/1184
f 2835/53/2076 1557/53/1176 1532/53/1154
f 1557/53/1176 1556/53/1175 1532/53/1154
f 1556/53/1175 2836/53/2077 1530/53/1152
f 1457/427/1094 1540/847/1162 1570/886/1161
f 1462/837/1098 1575/891/1188 1576/892/1189
f 1468/843/1104 1581/897/1194 1582/898/1193
f 1586/283/1197 1695/283/1283 1584/283/1195
f 1584/283/1195 2837/283/1313 1585/283/1196
f 1585/283/1196 1627/283/1228 1586/283/1197
f 794/427/620 1472/847/1107 1596/904/1205
f 1596/904/1205 1588/900/1199 794/427/620
f 794/427/620 1589/901/1200 1590/902/1201
f 1497/856/1127 1597/905/1206 1591/903/1202
f 1501/53/1130 1500/53/1130 1592/53/1130
f 1503/53/1132 1605/53/1212 1594/53/1203
f 1596/904/1205 1591/903/1202 1597/905/1206
f 1598/906/1207 1588/900/1199 1596/904/1205
f 1599/907/1208 1589/901/1200 1588/900/1199
f 1601/53/1209 1604/53/1211 1602/53/1210
f 1593/53/1130 1592/53/1130 1604/53/1211
f 1605/53/1212 2838/53/1213 1606/53/1213
f 1610/912/1217 1508/861/1137 1507/860/1136
f 1507/860/1136 1607/909/1214 1610/912/1217
f 1612/914/1219 1509/862/1138 1508/861/1137
f 1508/861/1137 1610/912/1217 1611/913/1218
f 1615/53/1221 1622/53/1222 1616/53/1222
f 1503/53/1132 1517/53/1145 1618/53/1224
f 1621/918/1227 1611/913/1218 1610/912/1217
f 1610/912/1217 1609/911/1216 1621/918/1227
f 1609/911/1216 1608/910/1215 2839/1092/2078
f 1620/917/1226 1609/911/1216 2839/1092/2078
f 1622/53/1222 2840/53/1222 1623/53/1222
f 1619/53/1225 2841/53/2079 1605/53/1212
f 1624/868/245 2842/1093/245 1625/919/245
f 1628/921/1229 1536/877/1158 1629/922/1230
f 1536/877/1158 2829/1090/2074 1629/922/1230
f 614/53/485 613/53/484 1632/53/1233
f 1636/283/1236 1745/283/1309 1742/283/1306
f 1742/283/1306 1785/283/1337 1636/283/1236
f 1785/283/1337 1781/283/1333 1636/283/1236
f 1781/283/1333 1634/283/1234 1636/283/1236
f 1638/53/1238 1538/53/1160 1530/53/1152
f 1530/53/1152 1644/53/1242 1637/53/1237
f 757/283/591 2843/283/2080 1639/283/1239
f 2843/283/2080 2844/283/1319 1639/283/1239
f 1628/921/1229 1630/923/1231 1641/910/1241
f 1630/923/1231 1631/924/1232 1641/910/1241
f 1631/924/1232 2845/918/1459 2846/1094/1458
f 2846/1094/1458 1641/910/1241 1631/924/1232
f 1633/53/1233 1632/53/1233 1642/53/1233
f 1540/847/1162 1655/901/1251 1646/925/1244
f 1648/927/1246 1515/866/1143 1514/865/1142
f 1514/865/1142 1646/925/1244 1648/927/1246
f 1651/53/1172 2807/53/2066 1652/53/1248
f 1530/53/1152 2836/53/2077 1653/53/1249
f 1646/925/1244 1656/929/1252 1657/907/1253
f 1660/283/1256 1863/283/1396 1862/283/1395
f 1863/283/1396 1796/283/1346 1862/283/1395
f 1862/283/1395 1658/283/1254 1660/283/1256
f 1654/53/1250 2847/53/2081 1644/53/1242
f 1540/847/1162 1661/428/1257 1662/930/1258
f 1562/884/1181 1563/852/1182 1533/875/1155
f 1563/852/1182 2848/1095/2082 1533/875/1155
f 2848/1095/2082 1526/873/1148 1533/875/1155
f 1533/875/1155 1437/813/1076 1562/884/1181
f 1663/283/1259 2810/283/900 1333/283/994
f 1333/283/994 1666/283/1262 1663/283/1259
f 1669/57/1265 1741/952/1304 2849/1096/1307
f 2849/1096/1307 2850/1097/1308 1669/57/1265
f 2850/1097/1308 2851/1098/1310 1669/57/1265
f 2851/1098/1310 2852/1099/1338 1669/57/1265
f 2852/1099/1338 1667/931/1263 1669/57/1265
f 1670/283/1266 1460/283/1096 1671/283/1267
f 1673/933/1269 1445/828/1084 1444/827/1083
f 1444/827/1083 1439/797/1078 1673/933/1269
f 1439/797/1078 1539/878/1161 1673/933/1269
f 1539/878/1161 1513/864/1141 1672/932/1268
f 1674/934/1095 1679/937/1273 1675/473/1270
f 2853/1100/998 1336/726/997 1454/835/1091
f 1454/835/1091 1323/719/988 1324/720/989
f 1677/936/1000 2853/1100/998 1454/835/1091
f 2824/283/1273 1461/283/1097 1678/283/1272
f 1461/283/1097 1666/283/1262 1678/283/1272
f 1277/680/958 720/375/565 1261/664/946
f 1260/663/945 1270/673/952 1277/680/958
f 1671/283/1267 1460/283/1096 1684/283/1276
f 1683/941/1275 1682/940/1108 1675/473/1270
f 1682/940/1108 1686/942/1276 1675/473/1270
f 1461/283/1097 1670/283/1266 1666/283/1262
f 1670/283/1266 1665/283/1261 1664/283/1260
f 1687/283/1277 1694/283/1282 1688/283/1278
f 1690/283/1279 1687/283/1277 1689/283/22
f 1694/283/1282 1586/283/1197 1627/283/1228
f 1695/283/1283 1586/283/1197 1694/283/1282
f 1696/283/1284 1695/283/1283 1687/283/1277
f 1690/283/1279 1692/283/1280 1474/283/1109
f 1474/283/1109 2854/947/1286 1690/283/1279
f 2854/947/1286 1697/283/1285 1690/283/1279
f 1700/943/1286 1681/939/1274 1683/941/1275
f 1702/283/18 832/283/642 1703/283/1287
f 1703/283/1287 1587/283/1198 1705/283/41
f 1706/283/38 1705/283/41 1707/283/1288
f 1707/283/1288 405/283/347 404/283/346
f 1707/283/1288 1705/283/41 1711/283/1290
f 1705/283/41 1587/283/1198 1712/283/1291
f 1709/945/1288 2855/1101/1290 1714/946/1292
f 1715/283/48 1528/283/1150 406/283/348
f 1716/947/1293 1725/283/1294 1197/283/905
f 1715/283/48 406/283/348 1716/947/1293
f 1718/942/1293 1720/948/679 897/473/686
f 1454/835/1091 1336/726/997 1455/836/1092
f 1336/726/997 1326/722/991 1455/836/1092
f 1720/948/679 1708/939/347 1710/941/1289
f 815/283/632 1724/283/1295 1721/283/69
f 1196/283/904 815/283/632 1722/283/1105
f 156/132/151 155/131/150 49/49/49
f 49/49/49 44/44/44 157/133/152
f 44/44/44 158/134/153 157/133/152
f 1726/934/906 1719/935/1294 897/473/686
f 1271/674/953 1257/660/943 1291/694/969
f 1291/694/969 1728/950/1296 1271/674/953
f 1724/283/1295 1730/283/1298 1729/283/1297
f 1334/283/995 1733/283/1301 1732/283/1300
f 1733/283/1301 1735/283/995 1736/283/995
f 1335/283/996 1739/283/1305 1737/283/1303
f 1675/473/1270 1680/938/1272 1669/57/1265
f 1680/938/1272 1740/951/1303 1669/57/1265
f 1738/283/1304 1739/283/1305 1743/947/1307
f 1739/283/1305 1732/283/1300 1743/947/1307
f 1732/283/1300 1734/283/1302 1742/283/1306
f 1744/283/1308 2856/283/1307 1742/283/1306
f 1749/283/68 1721/283/69 1729/283/1297
f 1729/283/1297 1731/283/1299 1748/283/66
f 1750/283/1312 1584/283/1195 1695/283/1283
f 1701/944/1285 1683/941/1275 1751/954/1313
f 1751/954/1313 2857/1102/1195 1752/955/1312
f 1585/283/1196 1805/283/1353 1753/283/1314
f 642/343/934 1821/970/209 1754/956/182
f 1751/954/1313 1683/941/1275 1747/953/1311
f 1747/953/1311 1755/957/1315 1751/954/1313
f 832/283/642 831/283/641 1757/283/1317
f 1587/283/1198 1703/283/1287 756/283/590
f 1703/283/1287 1757/283/1317 756/283/590
f 1713/283/1292 1712/283/1291 1640/283/1240
f 1712/283/1291 755/283/589 1640/283/1240
f 561/269/448 493/271/399 492/270/398
f 1710/941/1289 1714/946/1292 1760/953/1320
f 1714/946/1292 1761/960/1240 1760/953/1320
f 1761/960/1240 2858/1103/1239 1759/959/1319
f 706/366/556 349/130/300 1762/453/588
f 349/130/300 845/314/653 1762/453/588
f 2843/283/2080 757/283/591 1763/283/1321
f 757/283/591 756/283/590 1763/283/1321
f 532/314/428 154/130/149 866/453/664
f 1759/959/1319 2859/1104/1491 1764/961/1322
f 1768/283/1325 1766/283/1324 1765/283/1323
f 1724/283/1295 814/283/631 1769/283/1326
f 814/283/631 1770/283/1327 1769/283/1326
f 1770/283/1327 1776/283/136 1768/283/1325
f 1771/283/1328 1770/283/1327 814/283/631
f 1727/949/907 897/473/686 141/119/136
f 141/119/136 2860/1096/1327 1772/962/1328
f 1766/283/1324 1768/283/1325 1773/283/1329
f 1768/283/1325 1774/283/135 1773/283/1329
f 1731/283/1299 1730/283/1298 1780/283/1332
f 1780/283/1332 1778/283/1331 1731/283/1299
f 1778/283/1331 1765/283/1323 1767/283/1323
f 1769/283/1326 1765/283/1323 1778/283/1331
f 1736/283/995 1782/283/1334 1781/283/1333
f 1783/283/1335 1784/283/1336 1782/283/1334
f 1317/715/983 1443/826/1082 1310/710/976
f 1443/826/1082 25/25/25 1310/710/976
f 1746/283/1310 1745/283/1309 1636/283/1236
f 1636/283/1236 1788/283/1339 1786/283/1338
f 1787/283/1263 1786/283/1338 1788/283/1339
f 1790/283/1264 1787/283/1263 1789/283/1340
f 1247/653/933 181/153/175 106/100/103
f 1635/283/1235 1792/283/1342 1788/283/1339
f 1792/283/1342 1793/283/1343 1789/283/1340
f 1796/283/1346 1803/283/1351 1802/283/1350
f 1802/283/1350 1810/283/1355 1796/283/1346
f 1810/283/1355 1794/283/1344 1796/283/1346
f 1797/963/1177 2861/972/1356 1747/953/1311
f 1559/283/1178 1790/283/1264 1791/283/1341
f 1669/57/1265 1668/58/1264 1798/964/1178
f 1767/283/1323 1773/283/1329 1801/283/1349
f 1773/283/1329 1840/283/1375 1799/283/1347
f 1801/283/1349 1773/283/1329 1799/283/1347
f 1840/283/1375 1842/283/476 1799/283/1347
f 831/283/641 1753/283/1314 1803/283/1351
f 1753/283/1314 2862/283/2083 1802/283/1350
f 2862/283/2083 1809/283/1354 1802/283/1350
f 1804/283/1352 2862/283/2083 1753/283/1314
f 1755/957/1315 1747/953/1311 1807/965/1354
f 1807/965/1354 2863/1105/2083 1808/966/1352
f 1811/283/1356 2834/283/2075 1795/283/1345
f 1807/965/1354 1747/953/1311 1812/967/1355
f 1747/953/1311 2861/972/1356 1813/968/1344
f 1757/283/1317 831/283/641 1803/283/1351
f 1803/283/1351 1796/283/1346 1814/283/1357
f 1758/283/1318 1757/283/1317 1816/283/1359
f 1757/283/1317 1814/283/1357 1816/283/1359
f 1763/283/1321 1817/283/1360 1818/283/1361
f 2864/283/1322 1819/283/1362 1242/283/930
f 1819/283/1362 1818/283/1361 1242/283/930
f 642/343/934 1351/741/1011 1820/969/1363
f 1760/953/1320 1764/961/1322 1829/974/478
f 1764/961/1322 2865/1106/930 1829/974/478
f 1829/974/478 1822/971/935 1760/953/1320
f 1818/283/1361 1817/283/1360 1816/283/1359
f 1816/283/1359 1815/283/1358 1824/283/1365
f 1818/283/1361 1824/283/1365 608/283/480
f 1418/806/1063 1417/805/1062 1825/973/1366
f 1417/805/1062 1481/853/1115 1825/973/1366
f 1478/850/1112 1477/849/1111 1409/797/1054
f 1409/797/1054 1418/806/1063 1825/973/1366
f 1826/283/1367 601/283/477 609/283/481
f 1249/283/936 1826/283/1367 1827/283/1368
f 1822/971/935 1829/974/478 1828/968/936
f 1829/974/478 2866/1107/477 1830/975/1369
f 1834/976/1370 60/58/58 59/57/57
f 1835/283/1372 1837/283/1373 1833/283/1371
f 1836/283/1364 2800/283/2065 1837/283/1373
f 1760/953/1320 1823/972/1364 1838/977/1374
f 1585/283/1196 2837/283/1313 1839/283/1316
f 1839/283/1316 1806/283/1315 1805/283/1353
f 1800/283/1348 1799/283/1347 1841/283/59
f 1841/283/59 1831/283/58 1833/283/1371
f 1702/283/18 1688/283/1278 1693/283/1281
f 1688/283/1278 1694/283/1282 1693/283/1281
f 1844/283/1377 1843/283/1376 1779/283/1330
f 1844/283/1377 1801/283/1349 1800/283/1348
f 1846/283/1379 1848/283/1381 1634/283/1234
f 1847/283/1380 2867/283/2084 1848/283/1381
f 1849/283/1382 1850/283/1383 1792/283/1342
f 1793/283/1343 1792/283/1342 1852/283/1385
f 1792/283/1342 1850/283/1383 1852/283/1385
f 1848/283/1381 1853/283/1386 1849/283/1382
f 1853/283/1386 1854/283/1387 1850/283/1383
f 1855/283/1388 1856/283/1389 1660/283/1256
f 1856/283/1389 1855/283/1388 1560/283/1179
f 1855/283/1388 1659/283/1255 1857/283/1390
f 1858/283/1391 1859/283/1392 1660/283/1256
f 1852/283/1385 1851/283/1384 1859/283/1392
f 1852/283/1385 1858/283/1391 1856/283/1389
f 1861/53/1394 2868/53/1393 1860/53/1393
f 2868/53/1393 1615/53/1221 1617/53/1223
f 1860/53/1393 2868/53/1393 1617/53/1223
f 1863/283/1396 1864/283/1397 1814/283/1357
f 1815/283/1358 1814/283/1357 1866/283/1399
f 1814/283/1357 1864/283/1397 1866/283/1399
f 1824/283/1365 1870/283/1403 1871/283/1404
f 1871/283/1404 1873/283/1406 1872/283/1405
f 1873/283/1406 1881/283/1413 1827/283/1368
f 1875/283/1408 1827/283/1368 1881/283/1413
f 1881/283/1413 1868/283/1401 1875/283/1408
f 1868/283/1401 1867/283/1400 1874/283/1407
f 1877/978/1410 1879/283/1412 1869/283/1402
f 1871/283/1404 1870/283/1403 1866/283/1399
f 1866/283/1399 1865/283/1398 1878/283/1411
f 1878/283/1411 1896/283/1428 1873/283/1406
f 1881/283/1413 1873/283/1406 1879/283/1412
f 1873/283/1406 1896/283/1428 1879/283/1412
f 1837/283/1373 1884/283/1416 1882/283/1414
f 1882/283/1414 1884/283/1416 1885/283/1417
f 1885/283/1417 1867/283/1400 1869/283/1402
f 1876/283/1409 1874/283/1407 1885/283/1417
f 1888/283/1420 1904/283/1436 1848/283/1381
f 1853/283/1386 1848/283/1381 1904/283/1436
f 1904/283/1436 1890/283/1422 1853/283/1386
f 1890/283/1422 2869/283/2085 1854/283/1387
f 1893/978/1425 2869/283/2085 1890/283/1422
f 1890/283/1422 1891/283/1423 1893/978/1425
f 1891/283/1423 1894/283/1426 1863/283/1396
f 1894/283/1426 1908/283/1440 1864/283/1397
f 1864/283/1397 1908/283/1440 1895/283/1427
f 1897/283/1429 1865/283/1398 1895/283/1427
f 1895/283/1427 1911/283/1443 1896/283/1428
f 1911/283/1443 1869/283/1402 1879/283/1412
f 1896/283/1428 1911/283/1443 1879/283/1412
f 1869/283/1402 1911/283/1443 1898/283/1430
f 1899/283/1431 1898/283/1430 1900/283/1432
f 1886/283/1418 1900/283/1432 1901/283/1433
f 1888/283/1420 1915/283/113 1903/283/1435
f 1904/283/1436 1903/283/1435 1905/283/1437
f 1890/283/1422 1905/283/1437 1906/283/1438
f 1906/283/1438 1907/283/1439 1894/283/1426
f 1907/283/1439 1920/283/1450 1908/283/1440
f 1908/283/1440 1920/283/1450 1909/283/1441
f 1895/283/1427 1909/283/1441 1910/283/1442
f 1910/283/1442 1912/283/1444 1898/283/1430
f 1912/283/1444 1913/283/1445 1900/283/1432
f 1913/283/1445 1926/283/84 1901/283/1433
f 1914/283/112 1916/283/1446 1903/283/1435
f 1916/283/1446 1917/283/1447 1905/283/1437
f 1917/283/1447 1918/283/1448 1906/283/1438
f 1918/283/1448 1919/283/1449 1907/283/1439
f 1919/283/1449 2870/283/2086 1920/283/1450
f 1920/283/1450 2870/283/2086 1921/283/1451
f 1909/283/1441 1921/283/1451 1922/283/1452
f 1910/283/1442 1922/283/1452 1923/283/1453
f 1912/283/1444 1923/283/1453 1924/283/1454
f 1913/283/1445 1924/283/1454 1925/283/1455
f 1927/53/1456 1930/53/1456 1928/53/1456
f 1930/53/1456 1932/53/1456 1931/53/1456
f 1932/53/1456 1934/53/1456 1933/53/1456
f 1934/53/1456 1936/53/1456 1935/53/1456
f 1939/53/1456 1938/53/1456 1940/53/1456
f 1941/53/1456 1940/53/1456 1942/53/1456
f 1943/53/1456 1942/53/1456 1944/53/1456
f 1945/53/1456 1944/53/1456 1946/53/1456
f 2871/283/1193 2872/283/1189 2873/283/1190
f 2872/283/1189 2874/283/2087 2873/283/1190
f 2873/283/1190 1948/283/1191 2871/283/1193
f 2871/283/1193 1948/283/1191 1950/283/1193
f 1951/283/1257 2875/283/1093 2876/283/619
f 2875/283/1093 2877/283/1185 2876/283/619
f 2877/283/1185 2878/283/1186 2872/283/1189
f 2878/283/1186 2879/283/2088 2872/283/1189
f 2872/283/1189 2871/283/1193 2880/283/1194
f 2877/283/1185 2872/283/1189 2880/283/1194
f 2880/283/1194 2876/283/619 2877/283/1185
f 2876/283/619 1952/283/621 1951/283/1257
f 1952/283/621 2881/283/1201 1953/283/1258
f 1953/283/1258 2881/283/1201 1955/283/1457
f 2881/283/1201 2882/283/1200 1955/283/1457
f 2882/283/1200 2883/283/1208 1955/283/1457
f 1955/283/1457 1957/283/1252 1954/283/1251
f 1255/658/941 1254/657/940 1276/679/957
f 1254/657/940 1218/639/919 1277/680/958
f 1276/679/957 1254/657/940 1277/680/958
f 1960/283/1460 1962/283/1226 2884/283/2089
f 2884/283/2089 1958/283/1458 1960/283/1460
f 1963/53/245 2885/53/245 1964/53/245
f 1966/53/244 2886/53/244 1967/53/244
f 1969/53/1456 2887/53/1456 1970/53/1456
f 1972/53/247 2888/53/247 1973/53/247
f 1975/53/1461 2889/53/1461 1976/53/1461
f 1978/53/1461 2890/53/1461 1979/53/1461
f 1981/53/1456 2891/53/1456 1982/53/1456
f 1983/53/1456 1982/53/1456 1984/53/1456
f 1985/53/1456 1984/53/1456 1986/53/1456
f 1987/53/1456 1986/53/1456 1988/53/1456
f 1988/53/1456 1991/53/1456 1990/53/1456
f 1991/53/1456 1993/53/1456 1992/53/1456
f 1993/53/1456 1995/53/1456 1994/53/1456
f 1995/53/1456 2892/53/1456 1996/53/1456
f 1997/763/1462 2893/763/2090 1998/763/1463
f 1999/763/1464 1998/763/1463 2000/763/1465
f 2001/763/1466 2000/763/1465 2002/763/1467
f 2003/763/1468 2002/763/1467 2004/763/1469
f 2005/763/1470 2004/763/1469 2006/763/1471
f 2007/763/1472 2006/763/1471 2008/763/1473
f 2009/763/1474 2008/763/1473 2010/763/1475
f 2011/763/1476 2010/763/1475 2012/763/1476
f 2013/763/1477 2012/763/1476 2014/763/1478
f 2015/763/1479 2014/763/1478 2016/763/1480
f 2017/763/1481 2016/763/1480 2018/763/1482
f 2019/763/1483 2018/763/1482 2020/763/1484
f 2020/763/1484 2023/763/1487 2022/763/1486
f 2023/763/1487 2025/763/1489 2024/763/1488
f 2025/763/1489 1374/763/1026 2026/763/1490
f 1819/283/1362 2864/283/1322 2027/283/1491
f 2027/283/1491 2844/283/1319 2843/283/2080
f 2843/283/2080 1763/283/1321 2027/283/1491
f 1375/763/1027 2029/763/1493 2028/763/1492
f 2029/763/1493 2031/763/1495 2030/763/1494
f 2031/763/1495 2033/763/1497 2032/763/1496
f 2033/763/1497 2035/763/1499 2034/763/1498
f 2035/763/1499 2037/763/1501 2036/763/1500
f 2037/763/1501 2894/763/2091 2038/763/1502
f 2038/763/1502 2894/763/2091 2039/763/1503
f 2041/763/1505 2044/763/1508 2042/763/1506
f 2044/763/1508 2046/763/1510 2045/763/1509
f 2046/763/1510 2048/763/1512 2047/763/1511
f 2048/763/1512 2050/763/1514 2049/763/1513
f 2050/763/1514 2052/763/1516 2051/763/1515
f 2052/763/1516 2054/763/1517 2053/763/1517
f 2054/763/1517 2056/763/1517 2055/763/1517
f 2056/763/1517 2058/763/1519 2057/763/1518
f 2058/763/1519 2060/763/1521 2059/763/1520
f 2060/763/1521 2062/763/1522 2061/763/1522
f 2062/763/1522 2064/763/1522 2063/763/1522
f 2064/763/1522 2067/763/1524 2065/763/1524
f 2066/763/1525 2069/763/1525 2065/763/1524
f 2068/763/2092 2071/763/2092 2069/763/2092
f 2070/763/1526 2073/763/1528 2071/763/1525
f 2072/763/1527 2075/763/1530 2073/763/1528
f 2074/763/1529 2077/763/2093 2075/763/1530
f 2076/763/2093 2079/763/2093 2077/763/2093
f 2078/763/1531 2081/763/1533 2079/763/1529
f 2080/763/1532 2083/763/1535 2081/763/1533
f 2082/763/1534 2085/763/1537 2083/763/1535
f 2084/763/1536 2087/763/1539 2085/763/1537
f 2086/763/1538 2089/763/1541 2087/763/1539
f 2088/763/1540 2895/763/2094 2089/763/1541
f 2090/763/1542 2094/763/1546 2091/763/1543
f 2093/763/1545 2096/763/1548 2091/763/1543
f 2095/763/1547 2098/763/1550 2096/763/1548
f 2097/763/1549 2100/763/1552 2098/763/1550
f 2099/763/1551 2102/763/1554 2100/763/1552
f 2101/763/1553 2104/763/1556 2102/763/1554
f 2103/763/1555 2106/763/1558 2104/763/1556
f 2105/763/1557 2108/763/1557 2106/763/1558
f 2107/763/1559 2110/763/1559 2108/763/1557
f 2107/763/1559 2111/763/1560 2109/763/1560
f 2111/763/1560 2113/763/1561 2112/763/1561
f 2113/763/1561 2115/763/1563 2114/763/1562
f 2115/763/1563 2117/763/1564 2116/763/1564
f 2117/763/1564 2119/763/1566 2118/763/1565
f 2119/763/1566 2121/763/1568 2120/763/1567
f 2121/763/1568 2123/763/1570 2122/763/1569
f 2123/763/1570 2126/763/1573 2124/763/1571
f 2125/763/1572 2896/763/2095 2124/763/1571
f 2127/763/1574 2130/763/1577 2128/763/1575
f 2130/763/1577 2132/763/1579 2131/763/1578
f 2132/763/1579 2134/763/1581 2133/763/1580
f 2134/763/1581 2897/763/2096 2135/763/1582
f 2136/763/1583 2898/763/2097 2137/763/1584
f 2139/763/1586 2143/763/1590 2140/763/1587
f 2142/763/1589 2145/763/1592 2143/763/1590
f 2144/763/1591 2147/763/1594 2145/763/1592
f 2146/763/1593 2149/763/1596 2147/763/1594
f 2148/763/1595 2899/763/2098 2149/763/1596
f 2150/763/1597 2154/763/1601 2151/763/1598
f 2153/763/1600 2156/763/1603 2154/763/1601
f 2155/763/1602 2158/763/1605 2156/763/1603
f 2157/763/1604 2900/763/2099 2158/763/1605
f 2159/763/1606 2901/763/2100 2160/763/1607
f 2162/763/1609 2165/763/1612 2163/763/1610
f 2165/763/1612 2167/763/1614 2166/763/1613
f 2167/763/1614 2169/763/1616 2168/763/1615
f 2169/763/1616 2171/763/1618 2170/763/1617
f 2171/763/1618 2902/763/2101 2172/763/1619
f 2173/763/1620 2177/763/1624 2174/763/1621
f 2176/763/1623 2179/763/1626 2177/763/1624
f 2178/763/1625 2181/763/1628 2179/763/1626
f 2180/763/1627 2183/763/1627 2181/763/1628
f 2182/763/1629 2185/763/1629 2183/763/1627
f 2184/763/1630 2187/763/1630 2185/763/1629
f 2186/763/1631 2189/763/1631 2187/763/1630
f 2186/763/1631 2190/763/1632 2188/763/1632
f 2190/763/1632 2192/763/1634 2191/763/1633
f 2192/763/1634 2194/763/1635 2193/763/1635
f 2194/763/1635 2196/763/1637 2195/763/1636
f 2196/763/1637 2198/763/1639 2197/763/1638
f 2198/763/1639 2200/763/1641 2199/763/1640
f 2200/763/1641 2903/763/2102 2201/763/1642
f 2202/763/1643 2205/763/1645 2203/763/1644
f 2205/763/1645 2207/763/1647 2206/763/1646
f 2207/763/1647 2209/763/1649 2208/763/1648
f 2209/763/1649 2211/763/1651 2210/763/1650
f 2211/763/1651 2213/763/1653 2212/763/1652
f 2213/763/1653 2215/763/1655 2214/763/1654
f 2215/763/1655 2218/763/1658 2216/763/1656
f 2217/763/1657 2220/763/1660 2216/763/1656
f 2219/763/1659 2222/763/1662 2220/763/1660
f 2221/763/1661 2224/763/1664 2222/763/1662
f 2223/763/1663 2226/763/1666 2224/763/1664
f 2225/763/1665 2228/763/1668 2226/763/1666
f 2227/763/1667 2230/763/1670 2228/763/1668
f 2229/763/1669 2904/763/2103 2230/763/1670
f 2231/979/1671 2905/979/1671 2232/979/1671
f 2234/980/1672 2253/999/1691 2235/981/1673
f 2237/983/1675 2906/1108/2104 2238/984/1676
f 2239/985/1677 2238/984/1676 2240/986/1678
f 2241/987/1679 2240/986/1678 2242/988/1680
f 2242/988/1680 2245/991/1683 2244/990/1682
f 2245/991/1683 2247/993/1685 2246/992/1684
f 2247/993/1685 2907/1109/2105 2248/994/1686
f 2249/995/1687 2266/1012/1703 2250/996/1688
f 2252/998/1690 2269/1015/1706 2253/999/1691
f 2254/1000/1692 2271/1017/1708 2255/1001/1693
f 2255/1001/1693 2271/1017/1708 2257/1003/1695
f 2258/1004/1696 2257/1003/1695 2259/1005/1697
f 2259/1005/1697 2262/1008/1699 2261/1007/1698
f 2262/1008/1699 2276/1022/1713 2263/1009/1700
f 2263/1009/1700 2276/1022/1713 2264/1010/1701
f 2266/1012/1703 2278/1024/1715 2267/1013/1704
f 2268/1014/1705 2281/1027/1718 2269/1015/1706
f 2270/1016/1707 2272/1018/1709 2271/1017/1708
f 2272/1018/1709 2273/1019/1710 2257/1003/1695
f 2273/1019/1710 2285/1031/1722 2259/1005/1697
f 2259/1005/1697 2285/1031/1722 2274/1020/1711
f 2262/1008/1699 2274/1020/1711 2275/1021/1712
f 2276/1022/1713 2275/1021/1712 2277/1023/1714
f 2278/1024/1715 2289/1035/1726 2279/1025/1716
f 2280/1026/1717 2292/1038/1729 2281/1027/1718
f 2282/1028/1719 2283/1029/1720 2272/1018/1709
f 2283/1029/1720 2284/1030/1721 2273/1019/1710
f 2284/1030/1721 2908/1110/1681 2285/1031/1722
f 2285/1031/1722 2908/1110/1681 2286/1032/1723
f 2274/1020/1711 2286/1032/1723 2287/1033/1724
f 2275/1021/1712 2287/1033/1724 2288/1034/1725
f 2289/1035/1726 2304/1050/1741 2290/1036/1727
f 2291/1037/1728 2293/1039/1730 2292/1038/1729
f 2293/1039/1730 2295/1041/1732 2294/1040/1731
f 2295/1041/1732 2297/1043/1734 2296/1042/1733
f 2297/1043/1734 2909/1111/1681 2298/1044/1735
f 2298/1044/1735 2909/1111/1681 2299/1045/1736
f 2300/1046/1737 2299/1045/1736 2301/1047/1738
f 2302/1048/1739 2301/1047/1738 2303/1049/1740
f 2304/1050/1741 2303/1049/1740 2305/1051/1742
f 2306/1052/1743 2910/1055/1746 2307/1053/1744
f 2309/1052/1746 2911/1055/1748 2310/1053/1747
f 2312/1052/1748 2912/1055/1750 2313/1053/1749
f 2315/1052/1750 2913/1055/1764 2316/1053/1751
f 2318/1054/1751 2914/1052/1764 2319/1055/1752
f 2321/1054/1753 2915/1052/1752 2322/1055/1754
f 2324/1054/1755 2916/1052/1754 2325/1055/1756
f 2327/1054/1757 2917/1052/1756 2328/1055/1758
f 2330/1054/1743 2918/1052/1768 2331/1055/1760
f 2333/1054/1746 2919/1052/1760 2334/1055/1761
f 2336/1054/1748 2920/1052/1771 2337/1055/1762
f 2339/1054/1750 2921/1052/1762 2340/1055/1763
f 2342/1052/1763 2922/1055/1765 2343/1053/1752
f 2345/1052/1765 2923/1055/1775 2346/1053/1754
f 2348/1052/1766 2924/1055/1767 2349/1053/1756
f 2351/1052/1767 2925/1055/1778 2352/1053/1758
f 2354/1054/1768 2926/1052/1779 2355/1055/1769
f 2357/1054/1760 2927/1052/1781 2358/1055/1770
f 2360/1054/1771 2928/1052/1770 2361/1055/1772
f 2363/1054/1762 2929/1052/1772 2364/1055/1773
f 2366/1052/1773 2930/1055/1774 2367/1053/1765
f 2369/1052/1774 2931/1055/1776 2370/1053/1775
f 2372/1052/1776 2932/1055/1791 2373/1053/1767
f 2375/1052/1777 2933/1055/1790 2376/1053/1778
f 2378/1054/1779 2934/1052/1792 2379/1055/1780
f 2381/1054/1782 2935/1052/1780 2382/1055/1783
f 2384/1054/1770 2936/1052/1783 2385/1055/1784
f 2387/1054/1772 2937/1052/1784 2388/1055/1785
f 2390/1052/1785 2938/1055/1786 2391/1053/1774
f 2393/1052/1786 2939/1055/1787 2394/1053/1776
f 2396/1052/1787 2940/1055/1789 2397/1053/1788
f 2399/1052/1789 2941/1055/1806 2400/1053/1790
f 2402/1054/1792 2942/1052/1807 2403/1055/1793
f 2405/1054/1780 2943/1052/1793 2406/1055/1794
f 2408/1056/1795 2944/1059/1811 2409/1057/1796
f 2411/1056/1798 2945/1059/1796 2412/1057/1799
f 2414/1059/1799 2946/1057/1802 2415/1058/1801
f 2417/1059/1802 2947/1057/1815 2418/1058/1803
f 2420/1052/1804 2948/1055/1805 2421/1053/1789
f 2423/1052/1805 2949/1055/1818 2424/1053/1806
f 2426/1054/1807 2950/1052/1819 2427/1055/1808
f 2429/1054/1793 2951/1052/1808 2430/1055/1809
f 2432/1059/1810 2952/1057/1812 2433/1058/1796
f 2435/1059/1812 2953/1057/2106 2436/1058/1799
f 2438/1056/1799 2954/1059/2106 2439/1057/1813
f 2441/1056/1802 2955/1059/1813 2442/1057/1814
f 2444/1052/1816 2956/1055/2107 2445/1053/1805
f 2447/1052/1817 2957/1055/1833 2448/1053/1818
f 2450/1054/1819 2958/1052/2108 2451/1055/1820
f 2453/1052/1820 2959/1055/1824 2454/1053/1822
f 2456/1052/1824 2960/1055/1826 2457/1053/1825
f 2459/1052/1826 2961/1055/2109 2460/1053/1827
f 2462/1054/1827 2962/1052/2109 2463/1055/1828
f 2465/1054/1829 2963/1052/1828 2466/1055/1830
f 2468/1054/1831 2964/1052/1830 2469/1055/1832
f 2471/1052/1832 2965/1055/1934 2472/1053/1833
f 2474/283/1835 2477/283/1838 2475/283/1836
f 2477/283/1838 2479/283/1840 2478/283/1839
f 2479/283/1840 2966/283/2110 2480/283/1841
f 2481/1060/1842 2967/1060/2111 2482/1060/1843
f 2482/1060/1843 2967/1060/2111 2484/1060/1845
f 2485/1060/1846 2484/1060/1845 2486/1060/1847
f 2487/1060/1779 2486/1060/1847 2488/1060/1848
f 2489/1060/1849 2488/1060/1848 2490/1060/1850
f 2490/1060/1850 2968/1060/2112 2492/1060/1852
f 2493/53/1853 2517/53/1877 2494/53/1854
f 2494/53/1854 2517/53/1877 2496/53/1856
f 2497/53/1857 2496/53/1856 2498/53/1858
f 2500/53/1860 2502/53/1862 2501/53/1861
f 2502/53/1862 2504/53/1864 2503/53/1863
f 2504/53/1864 2506/53/1866 2505/53/1865
f 2506/53/1866 2969/53/2113 2507/53/1867
f 2507/53/1867 2969/53/2113 2508/53/1868
f 2509/53/1869 2508/53/1868 2510/53/1870
f 2511/53/1871 2510/53/1870 2512/53/1872
f 2513/53/1873 2512/53/1872 2514/53/1874
f 2514/53/1874 2516/53/1876 2493/53/1853
f 2516/53/1876 2970/53/2114 2517/53/1877
f 2517/53/1877 2970/53/2114 2518/53/1878
f 2496/53/1856 2518/53/1878 2500/53/1860
f 2971/1112/2115 2972/1113/2116 2973/1114/2117
f 2973/1114/2117 2521/1063/1881 2974/1115/2118
f 2521/1063/1881 2975/1116/2119 2519/1061/1879
f 2973/1114/2117 2974/1115/2118 2976/1117/2120
f 2975/1116/2119 2977/1118/2121 2519/1061/1879
f 2519/1061/1879 2978/1119/2122 2520/1062/1880
f 2520/1062/1880 2974/1115/2118 2521/1063/1881
f 2974/1115/2118 2979/1120/2123 2976/1117/2120
f 2976/1117/2120 2971/1112/2115 2973/1114/2117
f 2522/1064/1851 2492/1060/1852 2980/1060/1807
f 2492/1060/1852 2981/1060/2124 2982/1060/1819
f 2981/1060/2124 2983/1060/2108 2982/1060/1819
f 2982/1060/1819 2980/1060/1807 2492/1060/1852
f 2980/1060/1807 2523/1060/1792 2522/1064/1851
f 2523/1060/1792 2487/1060/1779 2489/1060/1849
f 2524/1060/1882 2483/1060/1844 2482/1060/1843
f 2482/1060/1843 2485/1060/1846 2524/1060/1882
f 2485/1060/1846 2487/1060/1779 2525/1060/1883
f 2528/283/1884 2984/283/1884 2526/283/1884
f 2526/283/1884 2985/283/1884 2527/283/1884
f 2529/283/1885 2533/283/1889 2530/283/1886
f 2532/283/1888 2535/283/1891 2533/283/1889
f 2534/283/1890 2986/283/2125 2535/283/1891
f 2536/1060/1892 2540/1060/1896 2537/1060/1893
f 2536/1060/1892 2541/1060/1897 2539/1060/1895
f 2541/1060/1897 2543/1060/1790 2542/1060/1898
f 2543/1060/1790 2545/1060/1900 2544/1060/1899
f 2545/1060/1900 2548/1060/1903 2546/1060/1901
f 2547/1060/1902 2987/1060/2126 2546/1060/1901
f 2549/53/1904 2553/53/1908 2550/53/1905
f 2549/53/1904 2554/53/1909 2552/53/1907
f 2554/53/1909 2988/53/2127 2555/53/1910
f 2556/53/1911 2559/53/1914 2557/53/1912
f 2558/53/1913 2561/53/1916 2559/53/1914
f 2560/53/1915 2563/53/1918 2561/53/1916
f 2562/53/1917 2565/53/1920 2563/53/1918
f 2562/53/1917 2566/53/1921 2564/53/1919
f 2566/53/1921 2568/53/1923 2567/53/1922
f 2568/53/1923 2570/53/1925 2569/53/1924
f 2570/53/1925 2572/53/1927 2571/53/1926
f 2550/53/1905 2573/53/1928 2571/53/1926
f 2553/53/1908 2575/53/1930 2573/53/1928
f 2553/53/1908 2552/53/1907 2574/53/1929
f 2552/53/1907 2555/53/1910 2557/53/1912
f 2989/1114/2128 2990/1113/2129 2991/1112/2130
f 2991/1112/2130 2992/1117/2131 2989/1114/2128
f 2992/1117/2131 2993/1120/2132 2994/1115/2133
f 2989/1114/2128 2992/1117/2131 2994/1115/2133
f 2994/1115/2133 2578/1062/1933 2577/1063/1932
f 2578/1062/1933 2995/1119/2134 2576/1061/1931
f 2576/1061/1931 2996/1118/2135 2997/1116/2136
f 2997/1116/2136 2577/1063/1932 2576/1061/1931
f 2577/1063/1932 2989/1114/2128 2994/1115/2133
f 2581/1060/1935 2547/1060/1902 2579/1060/1833
f 2547/1060/1902 2998/1064/1903 2999/1060/1818
f 2579/1060/1833 2547/1060/1902 2999/1060/1818
f 2998/1064/1903 2545/1060/1900 3000/1060/1806
f 2545/1060/1900 2543/1060/1790 3000/1060/1806
f 3000/1060/1806 2999/1060/1818 2998/1064/1903
f 2536/1060/1892 2538/1060/1894 2582/1060/1936
f 2582/1060/1936 3001/1060/2137 2541/1060/1897
f 3001/1060/2137 2543/1060/1790 2541/1060/1897
f 2585/283/1937 3002/283/1937 3003/283/1937
f 3003/283/1937 2583/283/1937 2585/283/1937
f 2586/283/1938 3004/283/2138 2587/283/1939
f 2591/53/247 3005/53/247 2589/53/247
f 3005/53/247 3006/53/247 2589/53/247
f 2589/53/247 3007/53/247 2590/53/247
f 3008/53/244 3009/53/244 2594/53/244
f 3009/53/244 3010/53/244 2594/53/244
f 3010/53/244 2592/53/244 2594/53/244
f 3011/53/1671 3012/53/1671 3013/53/1671
f 3012/53/1671 2595/53/1671 2597/53/1671
f 3013/53/1671 3012/53/1671 2597/53/1671
f 2599/53/1461 3014/53/1461 2600/53/1461
f 2600/53/1461 3015/53/1461 2598/53/1461
f 3015/53/1461 3016/53/1461 2598/53/1461
f 2601/283/1461 3017/283/1461 2602/283/1461
f 2604/1065/1461 3018/1121/1461 2605/1066/1461
f 2607/53/1941 3019/53/2139 2608/53/1942
f 2610/283/1944 3020/283/2140 2611/283/1945
f 2615/1068/247 3021/53/247 2613/53/247
f 3021/53/247 3022/53/247 2613/53/247
f 2613/53/247 3023/53/247 2614/53/247
f 3024/53/244 3025/53/244 2618/53/244
f 3025/53/244 3026/53/244 2618/53/244
f 3026/53/244 2616/53/244 2618/53/244
f 2620/53/1671 3027/53/1671 3028/1068/1671
f 3028/1068/1671 2621/53/1671 2620/53/1671
f 2621/53/1671 3029/53/1671 2619/53/1671
f 3030/53/2141 3031/53/2141 2624/53/2141
f 3031/53/1461 2622/53/1461 2624/53/1461
f 2622/53/1461 3032/53/1461 2623/53/1461
f 2625/283/1461 3033/283/1461 2626/283/1461
f 2628/1065/1461 3034/1121/1461 2629/1066/1461
f 2631/53/1947 3035/53/2142 2632/53/1948
f 2634/283/1950 3036/283/1950 2635/283/1950
f 2637/283/1951 3037/283/1951 2638/283/1951
f 2640/283/1952 3038/283/1952 2641/283/1952
f 2643/283/1953 3039/283/1953 2644/283/1953
f 2646/283/1954 3040/283/1954 2647/283/1954
f 2649/283/1955 3041/283/1955 2650/283/1955
f 2654/283/1956 3042/283/1956 2652/283/1956
f 3042/283/1956 3043/283/1956 2652/283/1956
f 3043/283/1956 3044/283/1956 2652/283/1956
f 2657/283/1957 3045/283/1957 2655/283/1957
f 3045/283/1957 3046/283/1957 2655/283/1957
f 3046/283/1957 3047/283/1957 2655/283/1957
f 2658/283/1958 2673/283/1973 2659/283/1959
f 2660/283/1960 2659/283/1959 2661/283/1961
f 2661/283/1961 2664/283/1964 2663/283/1963
f 2664/283/1964 2677/283/1977 2665/283/1965
f 2665/283/1965 2677/283/1977 2666/283/1966
f 2667/283/1967 2666/283/1966 2668/283/1968
f 2668/283/1968 2671/283/1971 2670/283/1970
f 2671/283/1971 2673/283/1973 2658/283/1958
f 2672/283/1972 2674/283/1974 2659/283/1959
f 2674/283/1974 2682/283/1982 2661/283/1961
f 2661/283/1961 2682/283/1982 2675/283/1975
f 2664/283/1964 2675/283/1975 2676/283/1976
f 2676/283/1976 2678/283/1978 2666/283/1966
f 2678/283/1978 2686/283/1986 2668/283/1968
f 2668/283/1968 2686/283/1986 2679/283/1979
f 2671/283/1971 2679/283/1979 2672/283/1972
f 2680/283/1980 2681/283/1981 2674/283/1974
f 2681/283/1981 2691/283/1988 2682/283/1982
f 2682/283/1982 2691/283/1988 2683/283/1983
f 2675/283/1975 2683/283/1983 2684/283/1984
f 2684/283/1984 2685/283/1985 2678/283/1978
f 2685/283/1985 3048/283/2143 2686/283/1986
f 2686/283/1986 3048/283/2143 2687/283/1987
f 2679/283/1979 2687/283/1987 2680/283/1980
f 3049/283/244 3050/283/244 3051/283/244
f 3051/283/244 3052/283/244 3049/283/244
f 3052/283/244 2690/283/244 2689/283/244
f 3049/283/244 3052/283/244 2689/283/244
f 2690/283/244 3053/283/244 2688/283/244
f 2681/283/1981 2680/283/1980 2687/283/1987
f 2687/283/1987 3048/283/2143 2681/283/1981
f 3048/283/2143 2685/283/1985 2691/283/1988
f 2681/283/1981 3048/283/2143 2691/283/1988
f 2685/283/1985 2684/283/1984 2683/283/1983
f 2692/1069/1989 3054/1069/1989 2693/1069/1989
f 2695/283/1990 3055/283/1990 2696/283/1990
f 2698/283/1991 3056/283/1991 2699/283/1991
f 2701/283/1992 3057/283/1992 2702/283/1992
f 2704/283/1993 3058/283/1993 2705/283/1993
f 2707/283/1994 3059/283/1994 2708/283/1994
f 2710/283/1995 3060/283/1995 2711/283/1995
f 2715/283/1996 3061/283/1996 2713/283/1996
f 3061/283/1996 3062/283/1996 2713/283/1996
f 3062/283/1996 3063/283/1996 2713/283/1996
f 2718/283/1997 3064/283/1997 3065/283/1997
f 3065/283/1997 3066/283/1997 2718/283/1997
f 3066/283/1997 2716/283/1997 2718/283/1997
f 2719/283/1998 2722/283/2001 2720/283/1999
f 2722/283/2001 2725/283/2004 2723/283/2002
f 2724/283/2003 2727/283/2006 2723/283/2002
f 2726/283/2005 2729/283/2008 2727/283/2006
f 2726/283/2005 2730/283/2009 2728/283/2007
f 2730/283/2009 2733/283/2012 2731/283/2010
f 2732/283/2011 2734/283/2013 2731/283/2010
f 2719/283/1998 2721/283/2000 2734/283/2013
f 2720/283/1999 2736/283/2015 2735/283/2014
f 2723/283/2002 2738/283/2017 2736/283/2015
f 2723/283/2002 2727/283/2006 2737/283/2016
f 2727/283/2006 2729/283/2008 2739/283/2018
f 2728/283/2007 2740/283/2019 2739/283/2018
f 2731/283/2010 2742/283/2021 2740/283/2019
f 2731/283/2010 2734/283/2013 2741/283/2020
f 2734/283/2013 2721/283/2000 2735/283/2014
f 2736/283/2015 2744/283/2023 2743/283/2022
f 2738/283/2017 2746/283/2025 2744/283/2023
f 2738/283/2017 2737/283/2016 2745/283/2024
f 2737/283/2016 2739/283/2018 2747/283/2026
f 2740/283/2019 2748/283/2027 2747/283/2026
f 2742/283/2021 2750/283/2029 2748/283/2027
f 2742/283/2021 2741/283/2020 2749/283/2028
f 2741/283/2020 2735/283/2014 2743/283/2022
f 3067/283/247 3068/283/247 3069/283/247
f 3069/283/247 3070/283/247 3067/283/247
f 3070/283/247 2753/283/247 2752/283/247
f 3067/283/247 3070/283/247 2752/283/247
f 2753/283/247 3071/283/247 2751/283/247
f 2749/283/2028 2743/283/2022 2744/283/2023
f 2744/283/2023 2746/283/2025 2749/283/2028
f 2746/283/2025 2745/283/2024 2750/283/2029
f 2749/283/2028 2746/283/2025 2750/283/2029
f 2745/283/2024 2747/283/2026 2748/283/2027
f 2754/1069/2030 3072/1069/2030 2755/1069/2030
f 2757/1070/2031 3073/1070/2144 2758/1070/2032
f 2760/1070/2034 3074/1070/2145 2761/1070/2035
f 2763/1070/2037 3075/1070/2146 2764/1070/2038
f 2766/1070/2040 3076/1070/2147 2767/1070/2041
f 2769/1070/2043 3077/1070/2148 2770/1070/2044
f 2759/1070/2033 2758/1070/2032 2772/1070/2046
f 2761/1070/2035 2781/1070/2055 2774/1070/2048
f 2764/1070/2038 3078/1070/2149 2775/1070/2049
f 2767/1070/2041 3076/1070/2147 2776/1070/2050
f 2770/1070/2044 3077/1070/2148 2778/1070/2052
f 2772/1070/2046 3079/1070/2150 2780/1070/2054
f 2781/1070/2055 3080/1070/2151 2782/1070/2056
f 2775/1070/2049 3078/1070/2149 2783/1070/2057
f 2777/1070/2051 2776/1070/2050 2785/1070/2059
f 2779/1070/2053 2778/1070/2052 2787/1070/2061
f 2791/1070/2063 3081/1070/2063 2789/1070/2063
f 2789/1070/2063 3082/1070/2063 2790/1070/2063
f 3083/1070/1671 3084/1070/1671 2794/1070/1671
f 3084/1070/1671 2792/1070/1671 2794/1070/1671
f 2797/53/1461 3085/53/1461 3086/53/1461
f 3086/53/1461 3087/53/1461 2797/53/1461
f 3087/53/1461 3088/53/1461 2797/53/1461
f 3088/53/1461 3089/53/1461 2797/53/1461
f 3089/53/1461 2795/53/1461 2797/53/1461
f 1958/283/1458 2884/283/2089 2798/283/2064
f 2884/283/2089 3090/283/1215 2798/283/2064
