# PSX Racing car model — generated by tools/carmodels/export_models.mjs
mtllib midship_coupe.mtl
v 0.275833 0.725614 2.084439
v 0.000000 0.755640 1.941644
v 0.000000 0.735623 2.083589
v 0.530449 0.693587 2.087102
v 0.296651 0.745631 1.941416
v 0.683078 0.788467 2.062546
v 0.570483 0.713604 1.935675
v 0.788867 0.855161 1.956656
v 0.809460 0.865733 1.907315
v 0.785104 0.850842 1.937231
v 0.718108 0.803680 1.922780
v 0.728591 0.819605 2.046116
v 0.748971 0.824644 1.917554
v 0.820695 0.849034 1.931370
v 0.805563 0.854932 1.956656
v 0.835707 0.810686 1.959659
v 0.865733 0.630534 1.893603
v 0.865733 0.820695 1.893603
v 0.828701 0.511683 2.012486
v 0.851721 0.392833 1.897367
v 0.814690 0.273982 2.021542
v 0.837709 0.155131 1.900891
v 0.807684 0.155131 1.966123
v 0.675272 0.155131 1.927774
v 0.651852 0.155131 2.025793
v 0.506454 0.155131 1.938352
v 0.488889 0.155131 2.036724
v 0.337636 0.155131 1.941210
v 0.325926 0.155131 2.036724
v 0.168818 0.155131 1.941630
v 0.162963 0.155131 2.036724
v 0.000000 0.155131 1.941644
v -0.162963 0.155131 2.036724
v 0.000000 0.155131 2.036724
v -0.325926 0.155131 2.036724
v -0.168818 0.155131 1.941630
v -0.488889 0.155131 2.036724
v -0.337636 0.155131 1.941210
v -0.651852 0.155131 2.025793
v -0.506454 0.155131 1.938352
v -0.807684 0.155131 1.966123
v -0.675272 0.155131 1.927774
v -0.837709 0.155131 1.900891
v -0.814690 0.273982 2.021542
v -0.851721 0.392833 1.897367
v -0.828701 0.511683 2.012486
v -0.865733 0.630534 1.893603
v -0.835707 0.810686 1.959659
v -0.835707 0.630534 1.972420
v -0.809460 0.865733 1.907315
v -0.865733 0.820695 1.893603
v -0.820695 0.846847 1.921651
v -0.718108 0.803680 1.922780
v -0.748971 0.824644 1.917554
v -0.741518 0.822935 1.961357
v -0.788588 0.855165 1.956656
v -0.780302 0.846271 1.916622
v -0.683078 0.788467 2.062546
v -0.570483 0.713604 1.935675
v -0.530449 0.693587 2.087102
v -0.296651 0.745631 1.941416
v -0.275833 0.725614 2.084439
v 0.296651 0.758056 1.821542
v 0.000000 0.768064 1.821542
v 0.570483 0.726029 1.821542
v 0.749211 0.824680 1.916622
v 0.821077 0.861591 1.821542
v 0.878157 0.816553 1.821542
v 0.864146 0.392833 1.821542
v 0.878157 0.630534 1.821542
v 0.850134 0.155131 1.821542
v 0.684963 0.155131 1.821542
v 0.513722 0.155131 1.821542
v 0.342481 0.155131 1.821542
v 0.171241 0.155131 1.821542
v 0.000000 0.155131 1.821542
v -0.171241 0.155131 1.821542
v -0.342481 0.155131 1.821542
v -0.513722 0.155131 1.821542
v -0.684963 0.155131 1.821542
v -0.850134 0.155131 1.821542
v -0.864146 0.392833 1.821542
v -0.878157 0.816553 1.821542
v -0.878157 0.630534 1.821542
v -0.821077 0.861591 1.821542
v -0.754477 0.828384 1.916622
v -0.570483 0.726029 1.821542
v -0.724320 0.808153 1.821542
v -0.296651 0.758056 1.821542
v 0.296651 0.775917 1.631381
v 0.000000 0.785925 1.631381
v 0.570483 0.743890 1.631381
v 0.724320 0.808153 1.821542
v 0.733381 0.813127 1.631381
v 0.838020 0.852605 1.631381
v 0.896278 0.807567 1.631381
v 0.882266 0.392833 1.631381
v 0.896278 0.630534 1.631381
v 0.868254 0.155131 1.631381
v 0.699097 0.155131 1.631381
v 0.524323 0.155131 1.631381
v 0.349549 0.155131 1.631381
v 0.174774 0.155131 1.631381
v 0.000000 0.155131 1.631381
v -0.174774 0.155131 1.631381
v -0.349549 0.155131 1.631381
v -0.524323 0.155131 1.631381
v -0.699097 0.155131 1.631381
v -0.868254 0.155131 1.631381
v -0.882266 0.392833 1.631381
v -0.896278 0.807567 1.631381
v -0.896278 0.630534 1.631381
v -0.838020 0.852605 1.631381
v -0.733381 0.813127 1.631381
v -0.570483 0.743890 1.631381
v -0.296651 0.775917 1.631381
v 0.296651 0.776149 1.613502
v 0.000000 0.786157 1.613502
v 0.570483 0.744122 1.613502
v 0.733613 0.811910 1.613502
v 0.838455 0.849818 1.613502
v 0.896743 0.804780 1.613502
v 0.882731 0.472472 1.613502
v 0.896743 0.630534 1.613502
v 0.868719 0.314410 1.613502
v 0.605513 0.155131 1.613502
v 0.605513 0.314410 1.613502
v 0.454134 0.155131 1.613502
v 0.302756 0.155131 1.613502
v 0.151378 0.155131 1.613502
v -0.151378 0.155131 1.613502
v 0.000000 0.155131 1.613502
v -0.302756 0.155131 1.613502
v -0.454134 0.155131 1.613502
v -0.605513 0.155131 1.613502
v -0.605513 0.314410 1.613502
v -0.868719 0.314410 1.613502
v -0.882731 0.472472 1.613502
v -0.896743 0.804780 1.613502
v -0.896743 0.630534 1.613502
v -0.838455 0.849818 1.613502
v -0.733613 0.811910 1.613502
v -0.570483 0.744122 1.613502
v -0.296651 0.776149 1.613502
v 0.296651 0.776823 1.561613
v 0.000000 0.786831 1.561613
v 0.570483 0.744795 1.561613
v 0.734287 0.808379 1.561613
v 0.839715 0.841732 1.561613
v 0.898090 0.796693 1.561613
v 0.884078 0.544316 1.561613
v 0.898090 0.630534 1.561613
v 0.870067 0.458097 1.561613
v 0.605513 0.458097 1.561613
v 0.605513 0.155131 1.561613
v 0.454134 0.155131 1.561613
v 0.302756 0.155131 1.561613
v 0.151378 0.155131 1.561613
v 0.000000 0.155131 1.561613
v -0.151378 0.155131 1.561613
v -0.302756 0.155131 1.561613
v -0.454134 0.155131 1.561613
v -0.605513 0.155131 1.561613
v -0.605513 0.458097 1.561613
v -0.870067 0.458097 1.561613
v -0.884078 0.544316 1.561613
v -0.898090 0.796693 1.561613
v -0.898090 0.630534 1.561613
v -0.839715 0.841732 1.561613
v -0.734287 0.808379 1.561613
v -0.570483 0.744795 1.561613
v -0.296651 0.776823 1.561613
v 0.296651 0.777872 1.480795
v 0.000000 0.787881 1.480795
v 0.570483 0.745845 1.480795
v 0.735336 0.802880 1.480795
v 0.841677 0.829137 1.480795
v 0.900189 0.784099 1.480795
v 0.886177 0.601331 1.480795
v 0.900189 0.630534 1.480795
v 0.872165 0.572128 1.480795
v 0.605513 0.572128 1.480795
v 0.605513 0.155131 1.480795
v 0.454134 0.155131 1.480795
v 0.302756 0.155131 1.480795
v 0.151378 0.155131 1.480795
v 0.000000 0.155131 1.480795
v -0.151378 0.155131 1.480795
v -0.302756 0.155131 1.480795
v -0.454134 0.155131 1.480795
v -0.605513 0.155131 1.480795
v -0.605513 0.572128 1.480795
v -0.872165 0.572128 1.480795
v -0.886177 0.601331 1.480795
v -0.900189 0.784099 1.480795
v -0.900189 0.630534 1.480795
v -0.841677 0.829137 1.480795
v -0.735336 0.802880 1.480795
v -0.570483 0.745845 1.480795
v -0.296651 0.777872 1.480795
v 0.296651 0.779195 1.378958
v 0.000000 0.789203 1.378958
v 0.570483 0.747167 1.378958
v 0.736659 0.795950 1.378958
v 0.844151 0.813266 1.378958
v 0.902834 0.670361 1.378958
v 0.902834 0.768228 1.378958
v 0.888822 0.657851 1.378958
v 0.874811 0.645340 1.378958
v 0.605513 0.645340 1.378958
v 0.605513 0.155131 1.378958
v 0.454134 0.155131 1.378958
v 0.302756 0.155131 1.378958
v 0.151378 0.155131 1.378958
v 0.000000 0.155131 1.378958
v -0.151378 0.155131 1.378958
v -0.302756 0.155131 1.378958
v -0.454134 0.155131 1.378958
v -0.605513 0.155131 1.378958
v -0.605513 0.645340 1.378958
v -0.874811 0.645340 1.378958
v -0.888822 0.657851 1.378958
v -0.902834 0.670361 1.378958
v -0.844151 0.813266 1.378958
v -0.902834 0.768228 1.378958
v -0.736659 0.795950 1.378958
v -0.570483 0.747167 1.378958
v -0.296651 0.779195 1.378958
v 0.296651 0.780661 1.266072
v 0.000000 0.790669 1.266072
v 0.570483 0.748634 1.266072
v 0.738125 0.788267 1.266072
v 0.846892 0.795674 1.266072
v 0.905767 0.695589 1.266072
v 0.905767 0.750635 1.266072
v 0.891755 0.683078 1.266072
v 0.877743 0.670568 1.266072
v 0.605513 0.670568 1.266072
v 0.605513 0.155131 1.266072
v 0.454134 0.155131 1.266072
v 0.302756 0.155131 1.266072
v 0.151378 0.155131 1.266072
v 0.000000 0.155131 1.266072
v -0.151378 0.155131 1.266072
v -0.302756 0.155131 1.266072
v -0.454134 0.155131 1.266072
v -0.605513 0.155131 1.266072
v -0.605513 0.670568 1.266072
v -0.877743 0.670568 1.266072
v -0.891755 0.683078 1.266072
v -0.905767 0.695589 1.266072
v -0.846892 0.795674 1.266072
v -0.905767 0.750635 1.266072
v -0.738125 0.788267 1.266072
v -0.570483 0.748634 1.266072
v -0.296651 0.780661 1.266072
v 0.296651 0.802277 1.153185
v 0.000000 0.812286 1.153185
v 0.570483 0.770250 1.153185
v 0.840155 0.795674 1.153185
v 0.734522 0.799508 1.153185
v 0.898562 0.750635 1.153185
v 0.898562 0.670361 1.153185
v 0.884550 0.657851 1.153185
v 0.870538 0.645340 1.153185
v 0.605513 0.645340 1.153185
v 0.605513 0.155131 1.153185
v 0.454134 0.155131 1.153185
v 0.302756 0.155131 1.153185
v 0.151378 0.155131 1.153185
v 0.000000 0.155131 1.153185
v -0.151378 0.155131 1.153185
v -0.302756 0.155131 1.153185
v -0.454134 0.155131 1.153185
v -0.605513 0.645340 1.153185
v -0.605513 0.155131 1.153185
v -0.870538 0.645340 1.153185
v -0.884550 0.657851 1.153185
v -0.898562 0.670361 1.153185
v -0.898562 0.750635 1.153185
v -0.840155 0.795674 1.153185
v -0.570483 0.770250 1.153185
v -0.734522 0.799508 1.153185
v -0.296651 0.802277 1.153185
v 0.296651 0.821778 1.051348
v 0.000000 0.831786 1.051348
v 0.570483 0.789751 1.051348
v 0.834077 0.795674 1.051348
v 0.731272 0.809648 1.051348
v 0.892061 0.750635 1.051348
v 0.892061 0.630534 1.051348
v 0.878049 0.601331 1.051348
v 0.864037 0.572128 1.051348
v 0.605513 0.572128 1.051348
v 0.605513 0.155131 1.051348
v 0.454134 0.155131 1.051348
v 0.302756 0.155131 1.051348
v 0.151378 0.155131 1.051348
v 0.000000 0.155131 1.051348
v -0.151378 0.155131 1.051348
v -0.302756 0.155131 1.051348
v -0.454134 0.155131 1.051348
v -0.605513 0.572128 1.051348
v -0.605513 0.155131 1.051348
v -0.864037 0.572128 1.051348
v -0.878049 0.601331 1.051348
v -0.892061 0.630534 1.051348
v -0.892061 0.750635 1.051348
v -0.834077 0.795674 1.051348
v -0.570483 0.789751 1.051348
v -0.731272 0.809648 1.051348
v -0.296651 0.821778 1.051348
v 0.298743 0.857881 0.970531
v 0.000000 0.867890 0.970531
v 0.574505 0.825854 0.970531
v 0.829094 0.796679 0.970531
v 0.730618 0.828905 0.970531
v 0.886732 0.751641 0.970531
v 0.886732 0.630534 0.970531
v 0.872720 0.544316 0.970531
v 0.858708 0.458097 0.970531
v 0.605513 0.458097 0.970531
v 0.605513 0.155131 0.970531
v 0.454134 0.155131 0.970531
v 0.302756 0.155131 0.970531
v 0.151378 0.155131 0.970531
v 0.000000 0.155131 0.970531
v -0.151378 0.155131 0.970531
v -0.302756 0.155131 0.970531
v -0.454134 0.155131 0.970531
v -0.605513 0.458097 0.970531
v -0.605513 0.155131 0.970531
v -0.858708 0.458097 0.970531
v -0.872720 0.544316 0.970531
v -0.886732 0.630534 0.970531
v -0.886732 0.751641 0.970531
v -0.829094 0.796679 0.970531
v -0.574505 0.825854 0.970531
v -0.730618 0.828905 0.970531
v -0.298743 0.857881 0.970531
v 0.300541 0.885556 0.918642
v 0.000000 0.895564 0.918642
v 0.577965 0.853529 0.918642
v 0.825859 0.797544 0.918642
v 0.730618 0.843710 0.918642
v 0.883272 0.752506 0.918642
v 0.883272 0.630534 0.918642
v 0.869260 0.472472 0.918642
v 0.855248 0.314410 0.918642
v 0.605513 0.314410 0.918642
v 0.605513 0.155131 0.918642
v 0.454134 0.155131 0.918642
v 0.302756 0.155131 0.918642
v 0.151378 0.155131 0.918642
v 0.000000 0.155131 0.918642
v -0.151378 0.155131 0.918642
v -0.302756 0.155131 0.918642
v -0.454134 0.155131 0.918642
v -0.605513 0.314410 0.918642
v -0.605513 0.155131 0.918642
v -0.855248 0.314410 0.918642
v -0.869260 0.472472 0.918642
v -0.883272 0.630534 0.918642
v -0.883272 0.752506 0.918642
v -0.825859 0.797544 0.918642
v -0.577965 0.853529 0.918642
v -0.730618 0.843710 0.918642
v -0.300541 0.885556 0.918642
v 0.301162 0.895091 0.900762
v 0.000000 0.905099 0.900762
v 0.579157 0.863064 0.900762
v 0.730618 0.848812 0.900762
v 0.824745 0.797842 0.900762
v 0.882080 0.752804 0.900762
v 0.882080 0.630534 0.900762
v 0.868068 0.392833 0.900762
v 0.688022 0.155131 0.900762
v 0.854056 0.155131 0.900762
v 0.516017 0.155131 0.900762
v 0.344011 0.155131 0.900762
v 0.172006 0.155131 0.900762
v 0.000000 0.155131 0.900762
v -0.172006 0.155131 0.900762
v -0.344011 0.155131 0.900762
v -0.516017 0.155131 0.900762
v -0.688022 0.155131 0.900762
v -0.868068 0.392833 0.900762
v -0.854056 0.155131 0.900762
v -0.882080 0.630534 0.900762
v -0.882080 0.752804 0.900762
v -0.824745 0.797842 0.900762
v -0.730618 0.848812 0.900762
v -0.579157 0.863064 0.900762
v -0.301162 0.895091 0.900762
v 0.307060 0.985835 0.730618
v 0.000000 0.995843 0.730618
v 0.590500 0.953807 0.730618
v 0.730618 0.897360 0.730618
v 0.814139 0.800678 0.730618
v 0.870737 0.755640 0.730618
v 0.870737 0.630534 0.730618
v 0.856725 0.392833 0.730618
v 0.842713 0.155131 0.730618
v 0.679175 0.155131 0.730618
v 0.509381 0.155131 0.730618
v 0.339587 0.155131 0.730618
v 0.169794 0.155131 0.730618
v -0.169794 0.155131 0.730618
v 0.000000 0.155131 0.730618
v -0.339587 0.155131 0.730618
v -0.509381 0.155131 0.730618
v -0.679175 0.155131 0.730618
v -0.842713 0.155131 0.730618
v -0.856725 0.392833 0.730618
v -0.870737 0.630534 0.730618
v -0.870737 0.755640 0.730618
v -0.814139 0.800678 0.730618
v -0.730618 0.897360 0.730618
v -0.590500 0.953807 0.730618
v -0.307060 0.985835 0.730618
v 0.309662 1.050890 0.580491
v 0.000000 1.060898 0.580491
v 0.595504 1.018862 0.580491
v 0.729367 0.931188 0.580491
v 0.807120 0.800678 0.580491
v 0.863231 0.755640 0.580491
v 0.863231 0.630534 0.580491
v 0.849219 0.392833 0.580491
v 0.835207 0.155131 0.580491
v 0.673320 0.155131 0.580491
v 0.504989 0.155131 0.580491
v 0.336660 0.155131 0.580491
v 0.168329 0.155131 0.580491
v -0.168329 0.155131 0.580491
v 0.000000 0.155131 0.580491
v -0.336660 0.155131 0.580491
v -0.504989 0.155131 0.580491
v -0.673320 0.155131 0.580491
v -0.835207 0.155131 0.580491
v -0.849219 0.392833 0.580491
v -0.863231 0.630534 0.580491
v -0.863231 0.755640 0.580491
v -0.807120 0.800678 0.580491
v -0.729367 0.931188 0.580491
v -0.595504 1.018862 0.580491
v -0.309662 1.050890 0.580491
v 0.312264 1.115945 0.430364
v 0.000000 1.125953 0.430364
v 0.600508 1.083918 0.430364
v 0.728116 0.965017 0.430364
v 0.800102 0.800678 0.430364
v 0.855724 0.755640 0.430364
v 0.855724 0.630534 0.430364
v 0.841713 0.392833 0.430364
v 0.827701 0.155131 0.430364
v 0.667465 0.155131 0.430364
v 0.500599 0.155131 0.430364
v 0.333733 0.155131 0.430364
v 0.166866 0.155131 0.430364
v -0.166866 0.155131 0.430364
v 0.000000 0.155131 0.430364
v -0.333733 0.155131 0.430364
v -0.500599 0.155131 0.430364
v -0.667465 0.155131 0.430364
v -0.827701 0.155131 0.430364
v -0.841713 0.392833 0.430364
v -0.855724 0.630534 0.430364
v -0.855724 0.755640 0.430364
v -0.800102 0.800678 0.430364
v -0.728116 0.965017 0.430364
v -0.600508 1.083918 0.430364
v -0.312264 1.115945 0.430364
v 0.000000 1.164986 0.200169
v 0.605513 1.122951 0.200169
v 0.314867 1.154978 0.200169
v 0.728116 0.985314 0.200169
v 0.795423 0.800678 0.200169
v 0.850720 0.755640 0.200169
v 0.850720 0.630534 0.200169
v 0.836708 0.392833 0.200169
v 0.822696 0.155131 0.200169
v 0.663562 0.155131 0.200169
v 0.497671 0.155131 0.200169
v 0.331781 0.155131 0.200169
v 0.165890 0.155131 0.200169
v -0.165890 0.155131 0.200169
v 0.000000 0.155131 0.200169
v -0.331781 0.155131 0.200169
v -0.497671 0.155131 0.200169
v -0.663562 0.155131 0.200169
v -0.822696 0.155131 0.200169
v -0.836708 0.392833 0.200169
v -0.850720 0.630534 0.200169
v -0.850720 0.755640 0.200169
v -0.795423 0.800678 0.200169
v -0.728116 0.985314 0.200169
v -0.605513 1.122951 0.200169
v -0.314867 1.154978 0.200169
v 0.313647 1.157793 0.050042
v 0.000000 1.167802 0.050042
v 0.603167 1.125765 0.050042
v 0.726943 0.985652 0.050042
v 0.795423 0.798332 0.050042
v 0.850720 0.753294 0.050042
v 0.850720 0.630534 0.050042
v 0.836708 0.392833 0.050042
v 0.822696 0.155131 0.050042
v 0.663562 0.155131 0.050042
v 0.497671 0.155131 0.050042
v 0.331781 0.155131 0.050042
v 0.165890 0.155131 0.050042
v 0.000000 0.155131 0.050042
v -0.165890 0.155131 0.050042
v -0.331781 0.155131 0.050042
v -0.497671 0.155131 0.050042
v -0.663562 0.155131 0.050042
v -0.822696 0.155131 0.050042
v -0.836708 0.392833 0.050042
v -0.850720 0.753294 0.050042
v -0.850720 0.630534 0.050042
v -0.795423 0.798332 0.050042
v -0.726943 0.985652 0.050042
v -0.603167 1.125765 0.050042
v -0.313647 1.157793 0.050042
v 0.312264 1.160983 -0.120102
v 0.000000 1.170991 -0.120102
v 0.600508 1.128956 -0.120102
v 0.725614 0.986035 -0.120102
v 0.795423 0.795674 -0.120102
v 0.850720 0.750635 -0.120102
v 0.850720 0.630534 -0.120102
v 0.836708 0.392833 -0.120102
v 0.822696 0.155131 -0.120102
v 0.663562 0.155131 -0.120102
v 0.497671 0.155131 -0.120102
v 0.331781 0.155131 -0.120102
v 0.165890 0.155131 -0.120102
v 0.000000 0.155131 -0.120102
v -0.165890 0.155131 -0.120102
v -0.331781 0.155131 -0.120102
v -0.497671 0.155131 -0.120102
v -0.663562 0.155131 -0.120102
v -0.822696 0.155131 -0.120102
v -0.836708 0.392833 -0.120102
v -0.850720 0.750635 -0.120102
v -0.850720 0.630534 -0.120102
v -0.795423 0.795674 -0.120102
v -0.725614 0.986035 -0.120102
v -0.600508 1.128956 -0.120102
v -0.312264 1.160983 -0.120102
v 0.309662 1.130957 -0.300254
v 0.000000 1.140966 -0.300254
v 0.595504 1.098930 -0.300254
v 0.723112 0.968019 -0.300254
v 0.795423 0.790669 -0.300254
v 0.850720 0.745631 -0.300254
v 0.850720 0.630534 -0.300254
v 0.836708 0.392833 -0.300254
v 0.822696 0.155131 -0.300254
v 0.663562 0.155131 -0.300254
v 0.497671 0.155131 -0.300254
v 0.331781 0.155131 -0.300254
v 0.165890 0.155131 -0.300254
v 0.000000 0.155131 -0.300254
v -0.165890 0.155131 -0.300254
v -0.331781 0.155131 -0.300254
v -0.497671 0.155131 -0.300254
v -0.663562 0.155131 -0.300254
v -0.822696 0.155131 -0.300254
v -0.836708 0.392833 -0.300254
v -0.850720 0.745631 -0.300254
v -0.850720 0.630534 -0.300254
v -0.795423 0.790669 -0.300254
v -0.723112 0.968019 -0.300254
v -0.595504 1.098930 -0.300254
v -0.309662 1.130957 -0.300254
v 0.000000 1.025868 -0.550466
v 0.330480 1.015860 -0.550466
v 0.635538 0.983833 -0.550466
v 0.797745 0.790669 -0.520441
v 0.782272 0.827896 -0.492521
v 0.800102 0.785665 -0.550466
v 0.855724 0.740627 -0.550466
v 0.841713 0.392833 -0.550466
v 0.855724 0.630534 -0.550466
v 0.827701 0.155131 -0.550466
v 0.667465 0.155131 -0.550466
v 0.500599 0.155131 -0.550466
v 0.333733 0.155131 -0.550466
v 0.166866 0.155131 -0.550466
v 0.000000 0.155131 -0.550466
v -0.166866 0.155131 -0.550466
v -0.333733 0.155131 -0.550466
v -0.500599 0.155131 -0.550466
v -0.667465 0.155131 -0.550466
v -0.827701 0.155131 -0.550466
v -0.841713 0.392833 -0.550466
v -0.855724 0.740627 -0.550466
v -0.855724 0.630534 -0.550466
v -0.800102 0.785665 -0.550466
v -0.797543 0.790669 -0.520441
v -0.779098 0.830703 -0.490415
v -0.635538 0.983833 -0.550466
v -0.745631 0.905767 -0.550466
v -0.330480 1.015860 -0.550466
v 0.000000 0.909600 -0.760644
v 0.340944 0.899592 -0.760644
v 0.752051 0.879210 -0.636663
v 0.746298 0.879745 -0.650551
v 0.787557 0.822433 -0.686192
v 0.800885 0.792671 -0.680576
v 0.810555 0.776721 -0.760644
v 0.745631 0.905767 -0.550466
v 0.759774 0.877656 -0.596250
v 0.866904 0.731683 -0.760644
v 0.852892 0.392833 -0.760644
v 0.866904 0.630534 -0.760644
v 0.838880 0.155131 -0.760644
v 0.676185 0.155131 -0.760644
v 0.507139 0.155131 -0.760644
v 0.338092 0.155131 -0.760644
v 0.169046 0.155131 -0.760644
v 0.000000 0.155131 -0.760644
v -0.169046 0.155131 -0.760644
v -0.338092 0.155131 -0.760644
v -0.507139 0.155131 -0.760644
v -0.676185 0.155131 -0.760644
v -0.838880 0.155131 -0.760644
v -0.852892 0.392833 -0.760644
v -0.866904 0.731683 -0.760644
v -0.866904 0.630534 -0.760644
v -0.810555 0.776721 -0.760644
v -0.759179 0.875895 -0.550466
v -0.752051 0.879210 -0.636663
v -0.761282 0.841014 -0.760644
v -0.796961 0.792671 -0.680576
v -0.753746 0.872196 -0.659431
v -0.733939 0.879745 -0.650551
v -0.340944 0.899592 -0.760644
v -0.655661 0.867564 -0.760644
v 0.000000 0.832087 -0.900762
v 0.655661 0.867564 -0.760644
v 0.347921 0.822079 -0.900762
v 0.761282 0.841014 -0.760644
v 0.669077 0.790052 -0.900762
v 0.771717 0.797845 -0.900762
v 0.817524 0.770758 -0.900762
v 0.874357 0.725720 -0.900762
v 0.860345 0.392833 -0.900762
v 0.874357 0.630534 -0.900762
v 0.846333 0.155131 -0.900762
v 0.681998 0.155131 -0.900762
v 0.511499 0.155131 -0.900762
v 0.341000 0.155131 -0.900762
v 0.170499 0.155131 -0.900762
v 0.000000 0.155131 -0.900762
v -0.170499 0.155131 -0.900762
v -0.341000 0.155131 -0.900762
v -0.511499 0.155131 -0.900762
v -0.681998 0.155131 -0.900762
v -0.846333 0.155131 -0.900762
v -0.860345 0.392833 -0.900762
v -0.874357 0.725720 -0.900762
v -0.874357 0.630534 -0.900762
v -0.817524 0.770758 -0.900762
v -0.771717 0.797845 -0.900762
v -0.669077 0.790052 -0.900762
v -0.347921 0.822079 -0.900762
v 0.000000 0.822197 -0.918642
v 0.348810 0.812189 -0.918642
v 0.670789 0.780161 -0.918642
v 0.773048 0.792337 -0.918642
v 0.818413 0.769998 -0.918642
v 0.875308 0.724960 -0.918642
v 0.861296 0.472472 -0.918642
v 0.875308 0.630534 -0.918642
v 0.847284 0.314410 -0.918642
v 0.605513 0.155131 -0.918642
v 0.605513 0.314410 -0.918642
v 0.454134 0.155131 -0.918642
v 0.302756 0.155131 -0.918642
v 0.151378 0.155131 -0.918642
v -0.151378 0.155131 -0.918642
v 0.000000 0.155131 -0.918642
v -0.302756 0.155131 -0.918642
v -0.454134 0.155131 -0.918642
v -0.605513 0.155131 -0.918642
v -0.605513 0.314410 -0.918642
v -0.847284 0.314410 -0.918642
v -0.861296 0.472472 -0.918642
v -0.875308 0.724960 -0.918642
v -0.875308 0.630534 -0.918642
v -0.818413 0.769998 -0.918642
v -0.773048 0.792337 -0.918642
v -0.670789 0.780161 -0.918642
v -0.348810 0.812189 -0.918642
v 0.000000 0.793493 -0.970531
v 0.351393 0.783484 -0.970531
v 0.675757 0.751457 -0.970531
v 0.776913 0.776351 -0.970531
v 0.820994 0.767790 -0.970531
v 0.878068 0.722752 -0.970531
v 0.864056 0.544316 -0.970531
v 0.878068 0.630534 -0.970531
v 0.850045 0.458097 -0.970531
v 0.605513 0.458097 -0.970531
v 0.605513 0.155131 -0.970531
v 0.454134 0.155131 -0.970531
v 0.302756 0.155131 -0.970531
v 0.151378 0.155131 -0.970531
v 0.000000 0.155131 -0.970531
v -0.151378 0.155131 -0.970531
v -0.302756 0.155131 -0.970531
v -0.454134 0.155131 -0.970531
v -0.605513 0.155131 -0.970531
v -0.605513 0.458097 -0.970531
v -0.850045 0.458097 -0.970531
v -0.864056 0.544316 -0.970531
v -0.878068 0.722752 -0.970531
v -0.878068 0.630534 -0.970531
v -0.820994 0.767790 -0.970531
v -0.776913 0.776351 -0.970531
v -0.675757 0.751457 -0.970531
v -0.351393 0.783484 -0.970531
v 0.347429 0.748796 -1.051348
v 0.000000 0.758804 -1.051348
v 0.668134 0.716769 -1.051348
v 0.775995 0.756689 -1.051348
v 0.826406 0.764404 -1.051348
v 0.883856 0.719366 -1.051348
v 0.869844 0.601331 -1.051348
v 0.883856 0.630534 -1.051348
v 0.855832 0.572128 -1.051348
v 0.605513 0.572128 -1.051348
v 0.605513 0.155131 -1.051348
v 0.454134 0.155131 -1.051348
v 0.302756 0.155131 -1.051348
v 0.151378 0.155131 -1.051348
v 0.000000 0.155131 -1.051348
v -0.151378 0.155131 -1.051348
v -0.302756 0.155131 -1.051348
v -0.454134 0.155131 -1.051348
v -0.605513 0.155131 -1.051348
v -0.605513 0.572128 -1.051348
v -0.855832 0.572128 -1.051348
v -0.869844 0.601331 -1.051348
v -0.883856 0.719366 -1.051348
v -0.883856 0.630534 -1.051348
v -0.826406 0.764404 -1.051348
v -0.775995 0.756689 -1.051348
v -0.668134 0.716769 -1.051348
v -0.347429 0.748796 -1.051348
v 0.325815 0.725935 -1.153185
v 0.000000 0.735943 -1.153185
v 0.626567 0.693907 -1.153185
v 0.760408 0.742805 -1.153185
v 0.836122 0.760248 -1.153185
v 0.894248 0.670361 -1.153185
v 0.894248 0.715209 -1.153185
v 0.880236 0.657851 -1.153185
v 0.866224 0.645340 -1.153185
v 0.605513 0.645340 -1.153185
v 0.605513 0.155131 -1.153185
v 0.454134 0.155131 -1.153185
v 0.302756 0.155131 -1.153185
v 0.151378 0.155131 -1.153185
v 0.000000 0.155131 -1.153185
v -0.151378 0.155131 -1.153185
v -0.302756 0.155131 -1.153185
v -0.454134 0.155131 -1.153185
v -0.605513 0.155131 -1.153185
v -0.605513 0.645340 -1.153185
v -0.866224 0.645340 -1.153185
v -0.880236 0.657851 -1.153185
v -0.894248 0.670361 -1.153185
v -0.836122 0.760248 -1.153185
v -0.894248 0.715209 -1.153185
v -0.760408 0.742805 -1.153185
v -0.626567 0.693907 -1.153185
v -0.325815 0.725935 -1.153185
v 0.301856 0.700593 -1.266072
v 0.000000 0.710602 -1.266072
v 0.580491 0.668566 -1.266072
v 0.743129 0.727416 -1.266072
v 0.846892 0.755640 -1.266072
v 0.905767 0.695589 -1.266072
v 0.905767 0.710602 -1.266072
v 0.891755 0.683078 -1.266072
v 0.877743 0.670568 -1.266072
v 0.605513 0.670568 -1.266072
v 0.605513 0.155131 -1.266072
v 0.454134 0.155131 -1.266072
v 0.302756 0.155131 -1.266072
v 0.151378 0.155131 -1.266072
v 0.000000 0.155131 -1.266072
v -0.151378 0.155131 -1.266072
v -0.302756 0.155131 -1.266072
v -0.454134 0.155131 -1.266072
v -0.605513 0.155131 -1.266072
v -0.605513 0.670568 -1.266072
v -0.877743 0.670568 -1.266072
v -0.891755 0.683078 -1.266072
v -0.905767 0.695589 -1.266072
v -0.846892 0.755640 -1.266072
v -0.905767 0.710602 -1.266072
v -0.743129 0.727416 -1.266072
v -0.580491 0.668566 -1.266072
v -0.301856 0.700593 -1.266072
v 0.294232 0.680069 -1.378958
v 0.000000 0.690077 -1.378958
v 0.565831 0.648042 -1.378958
v 0.734333 0.710409 -1.378958
v 0.844151 0.742445 -1.378958
v 0.902834 0.697407 -1.378958
v 0.902834 0.670361 -1.378958
v 0.888822 0.657851 -1.378958
v 0.874811 0.645340 -1.378958
v 0.605513 0.645340 -1.378958
v 0.605513 0.155131 -1.378958
v 0.454134 0.155131 -1.378958
v 0.302756 0.155131 -1.378958
v 0.151378 0.155131 -1.378958
v 0.000000 0.155131 -1.378958
v -0.151378 0.155131 -1.378958
v -0.302756 0.155131 -1.378958
v -0.454134 0.155131 -1.378958
v -0.605513 0.645340 -1.378958
v -0.605513 0.155131 -1.378958
v -0.874811 0.645340 -1.378958
v -0.888822 0.657851 -1.378958
v -0.902834 0.670361 -1.378958
v -0.902834 0.697407 -1.378958
v -0.844151 0.742445 -1.378958
v -0.734333 0.710409 -1.378958
v -0.565831 0.648042 -1.378958
v -0.294232 0.680069 -1.378958
v 0.287354 0.661552 -1.480795
v 0.000000 0.671560 -1.480795
v 0.552605 0.629525 -1.480795
v 0.726397 0.695067 -1.480795
v 0.841677 0.730542 -1.480795
v 0.900189 0.685504 -1.480795
v 0.900189 0.630534 -1.480795
v 0.886177 0.601331 -1.480795
v 0.872165 0.572128 -1.480795
v 0.605513 0.572128 -1.480795
v 0.605513 0.155131 -1.480795
v 0.454134 0.155131 -1.480795
v 0.302756 0.155131 -1.480795
v 0.151378 0.155131 -1.480795
v 0.000000 0.155131 -1.480795
v -0.151378 0.155131 -1.480795
v -0.302756 0.155131 -1.480795
v -0.454134 0.155131 -1.480795
v -0.605513 0.572128 -1.480795
v -0.605513 0.155131 -1.480795
v -0.872165 0.572128 -1.480795
v -0.886177 0.601331 -1.480795
v -0.900189 0.630534 -1.480795
v -0.900189 0.685504 -1.480795
v -0.841677 0.730542 -1.480795
v -0.726397 0.695067 -1.480795
v -0.552605 0.629525 -1.480795
v -0.287354 0.661552 -1.480795
v 0.281897 0.646859 -1.561613
v 0.000000 0.656867 -1.561613
v 0.542109 0.614831 -1.561613
v 0.720100 0.682893 -1.561613
v 0.839715 0.721095 -1.561613
v 0.898090 0.676057 -1.561613
v 0.898090 0.626015 -1.561613
v 0.884078 0.542056 -1.561613
v 0.870067 0.458097 -1.561613
v 0.605513 0.458097 -1.561613
v 0.605513 0.155131 -1.561613
v 0.454134 0.155131 -1.561613
v 0.302756 0.155131 -1.561613
v 0.151378 0.155131 -1.561613
v 0.000000 0.155131 -1.561613
v -0.151378 0.155131 -1.561613
v -0.302756 0.155131 -1.561613
v -0.454134 0.155131 -1.561613
v -0.605513 0.458097 -1.561613
v -0.605513 0.155131 -1.561613
v -0.870067 0.458097 -1.561613
v -0.884078 0.542056 -1.561613
v -0.898090 0.626015 -1.561613
v -0.898090 0.676057 -1.561613
v -0.839715 0.721095 -1.561613
v -0.720100 0.682893 -1.561613
v -0.542109 0.614831 -1.561613
v -0.281897 0.646859 -1.561613
v 0.278393 0.637424 -1.613502
v 0.000000 0.647432 -1.613502
v 0.535370 0.605396 -1.613502
v 0.716056 0.675075 -1.613502
v 0.838455 0.715031 -1.613502
v 0.896743 0.669993 -1.613502
v 0.896743 0.619951 -1.613502
v 0.882731 0.467180 -1.613502
v 0.868719 0.314410 -1.613502
v 0.605513 0.314410 -1.613502
v 0.605513 0.155131 -1.613502
v 0.454134 0.155131 -1.613502
v 0.302756 0.155131 -1.613502
v 0.151378 0.155131 -1.613502
v 0.000000 0.155131 -1.613502
v -0.151378 0.155131 -1.613502
v -0.302756 0.155131 -1.613502
v -0.454134 0.155131 -1.613502
v -0.605513 0.314410 -1.613502
v -0.605513 0.155131 -1.613502
v -0.868719 0.314410 -1.613502
v -0.882731 0.467180 -1.613502
v -0.896743 0.619951 -1.613502
v -0.896743 0.669993 -1.613502
v -0.838455 0.715031 -1.613502
v -0.716056 0.675075 -1.613502
v -0.535370 0.605396 -1.613502
v -0.278393 0.637424 -1.613502
v 0.277186 0.634173 -1.631381
v 0.000000 0.644181 -1.631381
v 0.533048 0.602146 -1.631381
v 0.714663 0.672382 -1.631381
v 0.838020 0.712942 -1.631381
v 0.896278 0.667903 -1.631381
v 0.896278 0.617861 -1.631381
v 0.882266 0.386496 -1.631381
v 0.699097 0.155131 -1.631381
v 0.868254 0.155131 -1.631381
v 0.524323 0.155131 -1.631381
v 0.349549 0.155131 -1.631381
v 0.174774 0.155131 -1.631381
v 0.000000 0.155131 -1.631381
v -0.174774 0.155131 -1.631381
v -0.349549 0.155131 -1.631381
v -0.524323 0.155131 -1.631381
v -0.699097 0.155131 -1.631381
v -0.882266 0.386496 -1.631381
v -0.868254 0.155131 -1.631381
v -0.896278 0.617861 -1.631381
v -0.896278 0.667903 -1.631381
v -0.838020 0.712942 -1.631381
v -0.714663 0.672382 -1.631381
v -0.533048 0.602146 -1.631381
v -0.277186 0.634173 -1.631381
v 0.265945 0.589332 -1.841559
v 0.000000 0.599340 -1.841559
v 0.511433 0.557305 -1.841559
v 0.692503 0.625122 -1.841559
v 0.816790 0.663061 -1.841559
v 0.873572 0.618023 -1.841559
v 0.873572 0.567981 -1.841559
v 0.859561 0.361556 -1.841559
v 0.845549 0.155131 -1.841559
v 0.681387 0.155131 -1.841559
v 0.511040 0.155131 -1.841559
v 0.340693 0.155131 -1.841559
v 0.170346 0.155131 -1.841559
v -0.170346 0.155131 -1.841559
v 0.000000 0.155131 -1.841559
v -0.340693 0.155131 -1.841559
v -0.511040 0.155131 -1.841559
v -0.681387 0.155131 -1.841559
v -0.845549 0.155131 -1.841559
v -0.859561 0.361556 -1.841559
v -0.873572 0.567981 -1.841559
v -0.873572 0.618023 -1.841559
v -0.816790 0.663061 -1.841559
v -0.692503 0.625122 -1.841559
v -0.511433 0.557305 -1.841559
v -0.265945 0.589332 -1.841559
v 0.260220 0.565479 -1.951581
v 0.000000 0.575487 -1.951652
v 0.500424 0.533452 -1.949784
v 0.680576 0.599507 -1.942965
v 0.804781 0.635538 -1.931566
v 0.860729 0.590500 -1.923543
v 0.860729 0.540457 -1.923543
v 0.846717 0.347794 -1.925758
v 0.832705 0.155131 -1.927831
v 0.671368 0.155131 -1.943536
v 0.503526 0.155131 -1.949726
v 0.335684 0.155131 -1.951399
v 0.167842 0.155131 -1.951644
v -0.167842 0.155131 -1.951644
v 0.000000 0.155131 -1.951652
v -0.335684 0.155131 -1.951399
v -0.503526 0.155131 -1.949726
v -0.671368 0.155131 -1.943536
v -0.832705 0.155131 -1.927831
v -0.846717 0.347794 -1.925758
v -0.860729 0.540457 -1.923543
v -0.860729 0.590500 -1.923543
v -0.804781 0.635538 -1.931566
v -0.680576 0.599507 -1.942965
v -0.500424 0.533452 -1.949784
v -0.260220 0.565479 -1.951581
v 0.255264 0.553564 -2.051616
v 0.000000 0.563572 -2.051737
v 0.490892 0.521536 -2.048543
v 0.677002 0.580730 -2.035804
v 0.807009 0.609326 -2.013390
v 0.863112 0.564288 -1.998074
v 0.863112 0.514245 -1.998074
v 0.849100 0.334688 -2.002291
v 0.835088 0.155131 -2.006238
v 0.673227 0.155131 -2.036244
v 0.504920 0.155131 -2.048060
v 0.168306 0.155131 -2.051722
v 0.336614 0.155131 -2.051252
v 0.000000 0.155131 -2.051737
v -0.168306 0.155131 -2.051722
v -0.504920 0.155131 -2.048060
v -0.336614 0.155131 -2.051252
v -0.673227 0.155131 -2.036244
v -0.835088 0.155131 -2.006238
v -0.849100 0.334688 -2.002291
v -0.863112 0.514245 -1.998074
v -0.863112 0.564288 -1.998074
v -0.807009 0.609326 -2.013390
v -0.677002 0.580730 -2.035804
v -0.490892 0.521536 -2.048543
v -0.255264 0.553564 -2.051616
v 0.249811 0.540457 -2.161667
v 0.000000 0.550466 -2.161830
v 0.480407 0.508430 -2.157527
v 0.673070 0.560074 -2.138603
v 0.809460 0.580491 -2.103397
v 0.865733 0.535453 -2.080059
v 0.865733 0.485411 -2.080059
v 0.851721 0.320271 -2.086465
v 0.837709 0.155131 -2.092464
v 0.675272 0.155131 -2.138221
v 0.506454 0.155131 -2.156227
v 0.168818 0.155131 -2.161807
v 0.337636 0.155131 -2.161092
v 0.000000 0.155131 -2.161830
v -0.168818 0.155131 -2.161807
v -0.506454 0.155131 -2.156227
v -0.337636 0.155131 -2.161092
v -0.675272 0.155131 -2.138221
v -0.837709 0.155131 -2.092464
v -0.851721 0.320271 -2.086465
v -0.865733 0.485411 -2.080059
v -0.865733 0.535453 -2.080059
v -0.809460 0.580491 -2.103397
v -0.673070 0.560074 -2.138603
v -0.480407 0.508430 -2.157527
v -0.249811 0.540457 -2.161667
v 0.244607 0.505428 -2.298537
v 0.000000 0.515436 -2.296989
v 0.470398 0.473401 -2.303486
v 0.653053 0.513034 -2.286219
v 0.781386 0.520441 -2.243513
v 0.835707 0.475402 -2.183075
v 0.835707 0.425360 -2.188352
v 0.814690 0.222689 -2.190435
v 0.807684 0.155131 -2.156284
v 0.651852 0.155131 -2.215954
v 0.488889 0.155131 -2.226885
v 0.325926 0.155131 -2.226885
v 0.162963 0.155131 -2.226885
v -0.162963 0.155131 -2.226885
v 0.000000 0.155131 -2.226885
v -0.325926 0.155131 -2.226885
v -0.488889 0.155131 -2.226885
v -0.651852 0.155131 -2.215954
v -0.807684 0.155131 -2.156284
v -0.814690 0.222689 -2.190435
v -0.828701 0.357803 -2.210528
v -0.821696 0.290246 -2.207245
v -0.835707 0.475402 -2.183075
v -0.835707 0.425360 -2.188352
v -0.781386 0.520441 -2.243513
v -0.653053 0.513034 -2.286219
v -0.470398 0.473401 -2.303486
v -0.244607 0.505428 -2.298537
v -0.789744 0.646798 2.033482
v -0.820695 0.821152 1.978125
v -0.749003 0.680576 2.050888
v -0.781386 0.855724 2.027057
v -0.785175 0.852584 2.022357
v -0.780779 0.852439 2.027504
v -0.728591 0.819605 2.046116
v -0.779251 0.852444 2.027891
v -0.776592 0.852445 2.028787
v -0.634531 0.630133 2.084415
v -0.479318 0.558973 2.100101
v -0.247616 0.582994 2.096563
v 0.247616 0.582994 2.096563
v 0.479318 0.558973 2.100101
v 0.634531 0.630133 2.084415
v 0.749003 0.680576 2.050888
v 0.780779 0.852439 2.027504
v 0.781386 0.855724 2.027057
v 0.776592 0.852445 2.028787
v 0.820695 0.821139 1.978452
v 0.781518 0.852442 2.027158
v 0.785175 0.852584 2.022357
v 0.789744 0.646798 2.033482
v 0.835707 0.630534 1.972420
v -0.743780 0.482909 2.076522
v -0.716619 0.505428 2.082291
v -0.585983 0.471799 2.110949
v -0.428187 0.424359 2.118393
v -0.219399 0.440373 2.116792
v 0.000000 0.590500 2.095924
v 0.219399 0.440373 2.116792
v 0.428187 0.424359 2.118393
v 0.585983 0.471799 2.110949
v 0.716619 0.505428 2.082291
v 0.743780 0.482909 2.076522
v 0.703823 0.415039 2.085902
v 0.821696 0.392833 2.036851
v -0.691026 0.324650 2.089514
v -0.703823 0.415039 2.085902
v -0.821696 0.392833 2.036851
v -0.537436 0.313465 2.106248
v -0.377057 0.289745 2.101679
v -0.191181 0.297752 2.103280
v 0.000000 0.445377 2.116291
v 0.191181 0.297752 2.103280
v 0.377057 0.289745 2.101679
v 0.537436 0.313465 2.106248
v 0.000000 0.300254 2.103781
v 0.691026 0.324650 2.089514
v -0.789744 0.395335 -2.253800
v -0.749003 0.429113 -2.270699
v -0.612012 0.423559 -2.303457
v -0.434280 0.393833 -2.311607
v -0.224196 0.417854 -2.309205
v 0.224196 0.417854 -2.309205
v 0.000000 0.425360 -2.308454
v 0.434280 0.393833 -2.311607
v 0.612012 0.423559 -2.303457
v 0.570970 0.334083 -2.299155
v 0.749003 0.429113 -2.270699
v 0.789744 0.395335 -2.253800
v -0.743780 0.315267 -2.261610
v -0.716619 0.337786 -2.275363
v -0.398162 0.314266 -2.296744
v -0.203786 0.330280 -2.299947
v 0.203786 0.330280 -2.299947
v 0.000000 0.335284 -2.300948
v 0.398162 0.314266 -2.296744
v 0.716619 0.337786 -2.275363
v 0.828701 0.357803 -2.210528
v 0.743780 0.315267 -2.261610
v -0.570970 0.334083 -2.299155
v -0.691026 0.240829 -2.259157
v -0.529930 0.244607 -2.280516
v -0.362044 0.234699 -2.274625
v -0.183374 0.242705 -2.279430
v 0.183374 0.242705 -2.279430
v 0.000000 0.245208 -2.280931
v 0.362044 0.234699 -2.274625
v 0.529930 0.244607 -2.280516
v 0.691026 0.240829 -2.259157
v -0.820695 0.823134 1.978286
v -0.820695 0.817692 2.061745
v -0.820695 0.849719 2.081762
v 0.820695 0.823134 1.978286
v 0.820695 0.839400 1.964862
v 0.820695 0.849719 2.081762
v -0.720610 0.847091 1.916622
v -0.820695 0.854724 1.956656
v -0.818132 0.847547 1.924607
v -0.720610 0.856099 1.956656
v -0.720610 0.851094 2.081762
v -0.720610 0.833079 2.091771
v -0.820695 0.831704 2.091771
v -0.720610 0.819067 2.061745
v -0.720610 0.825072 1.916622
v -0.400339 0.828273 1.916622
v -0.400339 0.850292 1.916622
v -0.400339 0.854295 2.081762
v -0.400339 0.859299 1.956656
v -0.400339 0.836280 2.091771
v -0.400339 0.822268 2.061745
v 0.000000 0.829702 1.916622
v 0.000000 0.851721 1.916622
v 0.000000 0.855724 2.081762
v 0.000000 0.860729 1.956656
v 0.000000 0.837709 2.091771
v 0.000000 0.823697 2.061745
v 0.400339 0.850292 1.916622
v 0.400339 0.828273 1.916622
v 0.400339 0.859299 1.956656
v 0.400339 0.854295 2.081762
v 0.400339 0.836280 2.091771
v 0.400339 0.822268 2.061745
v 0.720610 0.847091 1.916622
v 0.720610 0.825072 1.916622
v 0.720610 0.856099 1.956656
v 0.720610 0.851094 2.081762
v 0.720610 0.833079 2.091771
v 0.720610 0.819067 2.061745
v 0.780393 0.846269 1.916622
v 0.754477 0.828384 1.916622
v 0.820695 0.854724 1.956656
v 0.820695 0.831704 2.091771
v 0.774699 0.819556 2.031978
v -0.923782 0.790669 -0.520441
v -0.923782 0.830703 -0.490415
v -0.923782 0.874740 -0.520441
v -0.923782 0.845716 -0.690585
v -0.763722 0.845716 -0.690585
v -0.923782 0.879745 -0.650551
v -0.759414 0.874740 -0.520441
v -0.923782 0.792671 -0.680576
v -0.797662 0.791045 -0.550466
v 0.923782 0.879745 -0.650551
v 0.923782 0.874740 -0.520441
v 0.923782 0.790669 -0.520441
v 0.923782 0.845716 -0.690585
v 0.753746 0.872196 -0.659431
v 0.769004 0.845716 -0.690585
v 0.759179 0.875895 -0.550466
v 0.781047 0.830703 -0.490415
v 0.760389 0.874740 -0.520441
v 0.923782 0.830703 -0.490415
v 0.797869 0.790954 -0.543209
v 0.797662 0.791045 -0.550466
v 0.788435 0.852797 2.015903
v -0.802941 0.854968 1.956656
v -0.820695 0.842172 1.929720
v -0.777754 0.852737 2.021071
v -0.749023 0.824682 1.916622
v 0.821696 0.290246 -2.207245
v -0.774699 0.819556 2.031978
v 0.782832 0.819602 2.028168
v 0.820695 0.817692 2.061745
v 0.923782 0.792671 -0.680576
vt 0.310602 0.333687
vt 0.244141 0.354948
vt 0.244141 0.333814
vt 0.371951 0.333291
vt 0.315618 0.354982
vt 0.408726 0.336947
vt 0.381597 0.355837
vt 0.434216 0.352713
vt 0.439178 0.360060
vt 0.433309 0.355606
vt 0.417167 0.357757
vt 0.419692 0.339393
vt 0.424603 0.358535
vt 0.049923 0.209774
vt 0.055242 0.214600
vt 0.044331 0.211478
vt 0.965725 0.753720
vt 0.973686 0.707961
vt 0.973686 0.756262
vt 0.058275 0.146635
vt 0.031985 0.112291
vt 0.057442 0.077947
vt 0.029982 0.043603
vt 0.056663 0.009259
vt 0.808594 0.972656
vt 0.043667 0.198693
vt 0.040845 0.146635
vt 0.058275 0.201585
vt 0.052072 0.209142
vt 0.071115 0.357757
vt 0.063678 0.358535
vt 0.065474 0.352013
vt 0.054133 0.352713
vt 0.056129 0.358674
vt 0.049104 0.360060
vt 0.079555 0.336947
vt 0.106684 0.355837
vt 0.116331 0.333291
vt 0.172663 0.354982
vt 0.177679 0.333687
vt 0.315618 0.372831
vt 0.244141 0.372831
vt 0.381597 0.372831
vt 0.424661 0.358674
vt 0.074210 0.213403
vt 0.074210 0.200388
vt 0.074210 0.077947
vt 0.074210 0.146635
vt 0.074210 0.009259
vt 0.046305 0.372831
vt 0.062352 0.358674
vt 0.106684 0.372831
vt 0.069618 0.372831
vt 0.172663 0.372831
vt 0.315618 0.401145
vt 0.244141 0.401145
vt 0.381597 0.401145
vt 0.418663 0.372831
vt 0.441977 0.372831
vt 0.420846 0.401145
vt 0.116262 0.210806
vt 0.116262 0.197791
vt 0.116262 0.077947
vt 0.116262 0.146635
vt 0.116262 0.009259
vt 0.067435 0.401145
vt 0.042222 0.401145
vt 0.106684 0.401145
vt 0.172663 0.401145
vt 0.315618 0.403807
vt 0.244141 0.403807
vt 0.381597 0.403807
vt 0.420902 0.403807
vt 0.446164 0.403807
vt 0.120215 0.210001
vt 0.120215 0.196986
vt 0.120215 0.100960
vt 0.120215 0.146635
vt 0.120215 0.055285
vt 0.042118 0.403807
vt 0.067379 0.403807
vt 0.106684 0.403807
vt 0.172663 0.403807
vt 0.315618 0.411533
vt 0.244141 0.411533
vt 0.381597 0.411533
vt 0.421065 0.411533
vt 0.446467 0.411533
vt 0.131690 0.207664
vt 0.131690 0.194650
vt 0.131690 0.121720
vt 0.131690 0.146635
vt 0.131690 0.096806
vt 0.041814 0.411533
vt 0.067216 0.411533
vt 0.106684 0.411533
vt 0.172663 0.411533
vt 0.315618 0.423566
vt 0.244141 0.423566
vt 0.381597 0.423566
vt 0.421318 0.423566
vt 0.446940 0.423566
vt 0.149562 0.204025
vt 0.149562 0.191010
vt 0.149562 0.138196
vt 0.149562 0.146635
vt 0.149562 0.129757
vt 0.041341 0.423566
vt 0.066964 0.423566
vt 0.106684 0.423566
vt 0.172663 0.423566
vt 0.315618 0.438729
vt 0.244141 0.438729
vt 0.381597 0.438729
vt 0.421636 0.438729
vt 0.447536 0.438729
vt 0.172082 0.199438
vt 0.172082 0.158144
vt 0.172082 0.186424
vt 0.172082 0.150913
vt 0.172082 0.154528
vt 0.040745 0.438729
vt 0.066645 0.438729
vt 0.106684 0.438729
vt 0.172663 0.438729
vt 0.315618 0.455537
vt 0.244141 0.455537
vt 0.381597 0.455537
vt 0.421990 0.455537
vt 0.197045 0.194355
vt 0.197045 0.165433
vt 0.197045 0.181340
vt 0.066292 0.455537
vt 0.040085 0.455537
vt 0.106684 0.455537
vt 0.172663 0.455537
vt 0.315618 0.472345
vt 0.244141 0.472345
vt 0.381597 0.472345
vt 0.446573 0.472345
vt 0.421122 0.472345
vt 0.222009 0.181340
vt 0.222009 0.194355
vt 0.222009 0.158144
vt 0.041708 0.472345
vt 0.106684 0.472345
vt 0.067160 0.472345
vt 0.172663 0.472345
vt 0.315618 0.487508
vt 0.244141 0.487508
vt 0.381597 0.487508
vt 0.445109 0.487508
vt 0.420338 0.487508
vt 0.244529 0.181340
vt 0.244529 0.194355
vt 0.222009 0.150913
vt 0.244529 0.138196
vt 0.244529 0.129757
vt 0.222009 0.154528
vt 0.244529 0.146635
vt 0.043172 0.487508
vt 0.106684 0.487508
vt 0.067943 0.487508
vt 0.172663 0.487508
vt 0.316122 0.499541
vt 0.244141 0.499541
vt 0.382566 0.499541
vt 0.443908 0.499541
vt 0.420181 0.499541
vt 0.262400 0.181631
vt 0.262400 0.194645
vt 0.262400 0.146635
vt 0.262400 0.121720
vt 0.262400 0.096806
vt 0.044373 0.499541
vt 0.105715 0.499541
vt 0.068100 0.499541
vt 0.172159 0.499541
vt 0.316555 0.507267
vt 0.244141 0.507267
vt 0.383400 0.507267
vt 0.443129 0.507267
vt 0.420181 0.507267
vt 0.273875 0.181881
vt 0.273875 0.194895
vt 0.273875 0.146635
vt 0.273875 0.100960
vt 0.273875 0.055285
vt 0.045152 0.507267
vt 0.104882 0.507267
vt 0.068100 0.507267
vt 0.171726 0.507267
vt 0.316705 0.509929
vt 0.244141 0.509929
vt 0.383687 0.509929
vt 0.420181 0.509929
vt 0.442860 0.509929
vt 0.277829 0.181967
vt 0.277829 0.194981
vt 0.277829 0.146635
vt 0.277829 0.077947
vt 0.277829 0.009259
vt 0.045421 0.509929
vt 0.068100 0.509929
vt 0.104594 0.509929
vt 0.171577 0.509929
vt 0.318126 0.535262
vt 0.244141 0.535262
vt 0.386420 0.535262
vt 0.420181 0.535262
vt 0.277829 0.209710
vt 0.315454 0.195801
vt 0.315454 0.223739
vt 0.315454 0.182786
vt 0.315454 0.146635
vt 0.315454 0.077947
vt 0.315454 0.009259
vt 0.047976 0.535262
vt 0.068100 0.535262
vt 0.101861 0.535262
vt 0.170155 0.535262
vt 0.318753 0.557615
vt 0.244141 0.557615
vt 0.387626 0.557615
vt 0.419880 0.557615
vt 0.348653 0.195801
vt 0.348653 0.233514
vt 0.348653 0.182786
vt 0.348653 0.146635
vt 0.348653 0.077947
vt 0.348653 0.009259
vt 0.068402 0.557615
vt 0.100656 0.557615
vt 0.169528 0.557615
vt 0.319380 0.579968
vt 0.244141 0.579968
vt 0.388831 0.579968
vt 0.348653 0.258849
vt 0.381851 0.243290
vt 0.381851 0.277648
vt 0.381851 0.195801
vt 0.381851 0.182786
vt 0.381851 0.146635
vt 0.381851 0.077947
vt 0.381851 0.009259
vt 0.068703 0.579968
vt 0.099450 0.579968
vt 0.168901 0.579968
vt 0.244141 0.614242
vt 0.390037 0.614242
vt 0.320007 0.614242
vt 0.432756 0.249155
vt 0.432756 0.288927
vt 0.432756 0.195801
vt 0.432756 0.182786
vt 0.432756 0.146635
vt 0.432756 0.077947
vt 0.432756 0.009259
vt 0.098244 0.614242
vt 0.168274 0.614242
vt 0.319713 0.636595
vt 0.244141 0.636595
vt 0.389472 0.636595
vt 0.465955 0.249252
vt 0.465955 0.289741
vt 0.465955 0.195123
vt 0.465955 0.182108
vt 0.465955 0.146635
vt 0.465955 0.077947
vt 0.465955 0.009259
vt 0.098809 0.636595
vt 0.168568 0.636595
vt 0.319380 0.661929
vt 0.244141 0.661929
vt 0.388831 0.661929
vt 0.503580 0.249363
vt 0.503580 0.290663
vt 0.503580 0.194355
vt 0.503580 0.181340
vt 0.503580 0.146635
vt 0.503580 0.077947
vt 0.503580 0.009259
vt 0.099450 0.661929
vt 0.168901 0.661929
vt 0.318753 0.688752
vt 0.244141 0.688752
vt 0.387626 0.688752
vt 0.543418 0.281986
vt 0.543418 0.244157
vt 0.543418 0.192909
vt 0.543418 0.179894
vt 0.543418 0.146635
vt 0.543418 0.077947
vt 0.543418 0.009259
vt 0.100656 0.688752
vt 0.169528 0.688752
vt 0.244141 0.726007
vt 0.323769 0.726007
vt 0.598750 0.248727
vt 0.592110 0.192909
vt 0.585936 0.203666
vt 0.598750 0.191463
vt 0.598750 0.178448
vt 0.598750 0.077947
vt 0.598750 0.146635
vt 0.598750 0.009259
vt 0.585470 0.204477
vt 0.598750 0.226168
vt 0.164513 0.726007
vt 0.091010 0.726007
vt 0.244141 0.757301
vt 0.397272 0.726007
vt 0.326290 0.757301
vt 0.425345 0.738841
vt 0.423959 0.740909
vt 0.628764 0.202088
vt 0.627522 0.193487
vt 0.645228 0.188878
vt 0.608874 0.218045
vt 0.617811 0.218494
vt 0.645228 0.175864
vt 0.645228 0.077947
vt 0.645228 0.146635
vt 0.645228 0.009259
vt 0.598750 0.217536
vt 0.645228 0.207457
vt 0.060712 0.757301
vt 0.062528 0.742231
vt 0.067300 0.740909
vt 0.161991 0.757301
vt 0.086161 0.757301
vt 0.244141 0.778164
vt 0.402120 0.757301
vt 0.327971 0.778164
vt 0.427569 0.757301
vt 0.405353 0.778164
vt 0.676213 0.194982
vt 0.676213 0.187155
vt 0.676213 0.174141
vt 0.676213 0.077947
vt 0.676213 0.146635
vt 0.676213 0.009259
vt 0.048840 0.757301
vt 0.058198 0.778164
vt 0.047161 0.778164
vt 0.082929 0.778164
vt 0.160310 0.778164
vt 0.244141 0.780826
vt 0.328185 0.780826
vt 0.430084 0.778164
vt 0.405765 0.780826
vt 0.441121 0.778164
vt 0.430404 0.780826
vt 0.680167 0.186935
vt 0.680167 0.173921
vt 0.680167 0.100960
vt 0.680167 0.146635
vt 0.680167 0.055285
vt 0.057877 0.780826
vt 0.046946 0.780826
vt 0.082516 0.780826
vt 0.160096 0.780826
vt 0.244141 0.788552
vt 0.328808 0.788552
vt 0.406962 0.788552
vt 0.441335 0.780826
vt 0.431335 0.788552
vt 0.691642 0.186297
vt 0.691642 0.173283
vt 0.691642 0.121720
vt 0.691642 0.146635
vt 0.691642 0.096806
vt 0.056946 0.788552
vt 0.046325 0.788552
vt 0.081319 0.788552
vt 0.159473 0.788552
vt 0.327853 0.800585
vt 0.244141 0.800585
vt 0.405125 0.800585
vt 0.431114 0.800585
vt 0.441957 0.788552
vt 0.709513 0.185319
vt 0.709513 0.172304
vt 0.709513 0.138196
vt 0.709513 0.146635
vt 0.709513 0.129757
vt 0.057167 0.800585
vt 0.045021 0.800585
vt 0.083156 0.800585
vt 0.160429 0.800585
vt 0.322645 0.815748
vt 0.244141 0.815748
vt 0.395110 0.815748
vt 0.427359 0.815748
vt 0.445602 0.815748
vt 0.457103 0.800585
vt 0.443261 0.800585
vt 0.459607 0.815748
vt 0.034554 0.800585
vt 0.035427 0.815748
vt 0.037930 0.800585
vt 0.031178 0.800585
vt 0.032050 0.815748
vt 0.028674 0.815748
vt 0.042680 0.815748
vt 0.060923 0.815748
vt 0.093171 0.815748
vt 0.165636 0.815748
vt 0.316872 0.832556
vt 0.244141 0.832556
vt 0.384008 0.832556
vt 0.423195 0.832556
vt 0.448197 0.832556
vt 0.462382 0.832556
vt 0.025899 0.832556
vt 0.040085 0.832556
vt 0.065086 0.832556
vt 0.104273 0.832556
vt 0.171409 0.832556
vt 0.315035 0.849364
vt 0.244141 0.849364
vt 0.380476 0.849364
vt 0.421076 0.849364
vt 0.447536 0.849364
vt 0.461676 0.849364
vt 0.026605 0.849364
vt 0.040745 0.849364
vt 0.067205 0.849364
vt 0.107805 0.849364
vt 0.173246 0.849364
vt 0.313378 0.864527
vt 0.244141 0.864527
vt 0.377289 0.864527
vt 0.419164 0.864527
vt 0.446940 0.864527
vt 0.461039 0.864527
vt 0.033358 0.849364
vt 0.030619 0.864527
vt 0.033995 0.864527
vt 0.029981 0.849364
vt 0.027243 0.864527
vt 0.041341 0.864527
vt 0.069117 0.864527
vt 0.110992 0.864527
vt 0.174903 0.864527
vt 0.312063 0.876560
vt 0.244141 0.876560
vt 0.374760 0.876560
vt 0.417647 0.876560
vt 0.446467 0.876560
vt 0.460533 0.876560
vt 0.457662 0.864527
vt 0.454286 0.864527
vt 0.457157 0.876560
vt 0.031125 0.876560
vt 0.034501 0.876560
vt 0.027748 0.876560
vt 0.041814 0.876560
vt 0.070635 0.876560
vt 0.113521 0.876560
vt 0.176218 0.876560
vt 0.311219 0.884286
vt 0.244141 0.884286
vt 0.373137 0.884286
vt 0.416672 0.884286
vt 0.446164 0.884286
vt 0.460208 0.884286
vt 0.822352 0.096806
vt 0.833827 0.099431
vt 0.822352 0.121067
vt 0.833827 0.055285
vt 0.028073 0.884286
vt 0.031449 0.884286
vt 0.042118 0.884286
vt 0.071609 0.884286
vt 0.115145 0.884286
vt 0.177063 0.884286
vt 0.310928 0.886948
vt 0.244141 0.886948
vt 0.372577 0.886948
vt 0.416337 0.886948
vt 0.446059 0.886948
vt 0.460096 0.886948
vt 0.456832 0.884286
vt 0.837780 0.076116
vt 0.837780 0.009259
vt 0.837780 0.142972
vt 0.028185 0.886948
vt 0.042222 0.886948
vt 0.071945 0.886948
vt 0.115704 0.886948
vt 0.177354 0.886948
vt 0.308219 0.918242
vt 0.244141 0.918242
vt 0.367369 0.918242
vt 0.410997 0.918242
vt 0.440944 0.918242
vt 0.454625 0.918242
vt 0.456720 0.886948
vt 0.884259 0.068909
vt 0.884259 0.009259
vt 0.884259 0.128559
vt 0.033656 0.918242
vt 0.047337 0.918242
vt 0.077284 0.918242
vt 0.120912 0.918242
vt 0.180062 0.918242
vt 0.306840 0.934624
vt 0.244141 0.934634
vt 0.364716 0.934356
vt 0.408123 0.933341
vt 0.438050 0.931643
vt 0.451531 0.930449
vt 0.902388 0.120605
vt 0.902878 0.064932
vt 0.903337 0.009259
vt 0.036751 0.930449
vt 0.050231 0.931643
vt 0.080158 0.933341
vt 0.123565 0.934356
vt 0.181441 0.934624
vt 0.305646 0.949518
vt 0.244141 0.949536
vt 0.362420 0.949061
vt 0.407262 0.947164
vt 0.438587 0.943827
vt 0.452105 0.941546
vt 0.918870 0.113031
vt 0.919802 0.061145
vt 0.920675 0.009259
vt 0.036176 0.941546
vt 0.049694 0.943827
vt 0.081019 0.947164
vt 0.125862 0.949061
vt 0.182636 0.949518
vt 0.304332 0.965904
vt 0.244141 0.965928
vt 0.359893 0.965288
vt 0.406315 0.962470
vt 0.439178 0.957228
vt 0.452736 0.953753
vt 0.937000 0.104699
vt 0.938417 0.056979
vt 0.939743 0.009259
vt 0.937000 0.119159
vt 0.035545 0.953753
vt 0.049104 0.957228
vt 0.081966 0.962470
vt 0.128388 0.965288
vt 0.183949 0.965904
vt 0.303078 0.986283
vt 0.244141 0.986053
vt 0.357482 0.987020
vt 0.401492 0.984449
vt 0.432413 0.978090
vt 0.445502 0.969092
vt 0.959781 0.101807
vt 0.960948 0.087346
vt 0.961408 0.028780
vt 0.965852 0.067824
vt 0.965126 0.048302
vt 0.042779 0.969092
vt 0.055868 0.978090
vt 0.086790 0.984449
vt 0.130800 0.987020
vt 0.185203 0.986283
vt 0.522556 0.707961
vt 0.534744 0.712092
vt 0.522556 0.753720
vt 0.526537 0.756379
vt 0.545546 0.720672
vt 0.536959 0.765160
vt 0.535955 0.764362
vt 0.537121 0.764325
vt 0.550958 0.755985
vt 0.563025 0.748077
vt 0.537526 0.764327
vt 0.538231 0.764327
vt 0.575898 0.707860
vt 0.603494 0.723977
vt 0.617051 0.689785
vt 0.671005 0.732112
vt 0.678486 0.695886
vt 0.744141 0.734654
vt 0.809795 0.695886
vt 0.817277 0.732112
vt 0.871230 0.689785
vt 0.884787 0.723977
vt 0.912384 0.707860
vt 0.925256 0.748077
vt 0.942735 0.720672
vt 0.951161 0.764325
vt 0.951322 0.765160
vt 0.950051 0.764327
vt 0.961744 0.756375
vt 0.951357 0.764326
vt 0.952326 0.764362
vt 0.953538 0.712092
vt 0.965725 0.707961
vt 0.546931 0.670464
vt 0.554132 0.676184
vt 0.524414 0.677773
vt 0.588770 0.667643
vt 0.630609 0.655593
vt 0.685968 0.659660
vt 0.744141 0.697793
vt 0.802313 0.659660
vt 0.857673 0.655593
vt 0.899512 0.667643
vt 0.934149 0.676184
vt 0.941351 0.670464
vt 0.930756 0.653225
vt 0.962010 0.647585
vt 0.560918 0.630266
vt 0.557525 0.653225
vt 0.526272 0.647585
vt 0.601642 0.627426
vt 0.644166 0.621401
vt 0.693450 0.623434
vt 0.744141 0.660931
vt 0.794831 0.623434
vt 0.844116 0.621401
vt 0.886639 0.627426
vt 0.528129 0.617397
vt 0.571305 0.587209
vt 0.614514 0.587209
vt 0.657723 0.587209
vt 0.700932 0.587209
vt 0.744141 0.624070
vt 0.787350 0.587209
vt 0.830558 0.587209
vt 0.873767 0.587209
vt 0.916976 0.587209
vt 0.927363 0.630266
vt 0.960152 0.617397
vt 0.522556 0.437337
vt 0.534744 0.425423
vt 0.524414 0.410531
vt 0.536959 0.475065
vt 0.522556 0.457194
vt 0.570987 0.472126
vt 0.545546 0.438827
vt 0.619417 0.456400
vt 0.581868 0.436622
vt 0.679284 0.469108
vt 0.628993 0.424827
vt 0.744141 0.473079
vt 0.684696 0.434359
vt 0.803585 0.434359
vt 0.744141 0.437337
vt 0.808997 0.469108
vt 0.859288 0.424827
vt 0.906413 0.436622
vt 0.895531 0.401118
vt 0.868865 0.456400
vt 0.917295 0.472126
vt 0.942735 0.438827
vt 0.951322 0.475065
vt 0.953538 0.425423
vt 0.965725 0.437337
vt 0.965725 0.457194
vt 0.546931 0.393652
vt 0.526272 0.383724
vt 0.554132 0.402588
vt 0.638570 0.393255
vt 0.690108 0.399609
vt 0.798173 0.399609
vt 0.744141 0.401595
vt 0.849712 0.393255
vt 0.934149 0.402588
vt 0.963867 0.410531
vt 0.941351 0.393652
vt 0.528129 0.356917
vt 0.592750 0.401118
vt 0.560918 0.364115
vt 0.603632 0.365615
vt 0.648146 0.361683
vt 0.695520 0.364860
vt 0.792761 0.364860
vt 0.744141 0.365853
vt 0.840135 0.361683
vt 0.884649 0.365615
vt 0.927363 0.364115
vt 0.960152 0.356917
vt 0.571305 0.330111
vt 0.614514 0.330111
vt 0.657723 0.330111
vt 0.700932 0.330111
vt 0.787350 0.330111
vt 0.744141 0.330111
vt 0.830558 0.330111
vt 0.873767 0.330111
vt 0.916976 0.330111
vt 0.875000 0.972656
vt 0.431258 0.341973
vt 0.432413 0.342231
vt 0.425930 0.358674
vt 0.432174 0.358674
vt 0.042516 0.206990
vt 0.961744 0.761013
vt 0.961744 0.756882
vt 0.961744 0.763461
vt 0.028763 0.211707
vt 0.953191 0.764416
vt 0.031229 0.210862
vt 0.026597 0.077947
vt 0.958294 0.587209
vt 0.966256 0.587209
vt 0.529987 0.587209
vt 0.522026 0.587209
vt 0.514595 0.756262
vt 0.514595 0.707961
vt 0.044331 0.211489
vt 0.029802 0.210800
vt 0.526537 0.761717
vt 0.039548 0.202290
vt 0.050288 0.207791
vt 0.051418 0.209345
vt 0.526537 0.762905
vt 0.527217 0.763083
vt 0.529516 0.767702
vt 0.068589 0.339393
vt 0.055868 0.342231
vt 0.057023 0.341973
vt 0.056743 0.343122
vt 0.063666 0.358674
vt 0.446059 0.401145
vt 0.448197 0.455537
vt 0.440305 0.535262
vt 0.419578 0.579968
vt 0.592110 0.217203
vt 0.598750 0.193017
vt 0.597145 0.192991
vt 0.425753 0.742231
vt 0.423798 0.726007
vt 0.622846 0.216467
vt 0.629735 0.208815
vt 0.062936 0.738841
vt 0.064483 0.726007
vt 0.439442 0.757301
vt 0.453727 0.800585
vt 0.456231 0.815748
vt 0.450351 0.800585
vt 0.452855 0.815748
vt 0.458300 0.849364
vt 0.454924 0.849364
vt 0.453781 0.876560
vt 0.031561 0.886948
vt 0.966256 0.330111
vt 0.958294 0.330111
vt 0.529987 0.330111
vt 0.522026 0.330111
vt 0.526537 0.756882
vt 0.538733 0.755973
vt 0.949549 0.755973
vt 0.937323 0.755985
vt 0.951705 0.755985
vt 0.963867 0.677773
vt 0.744141 0.587209
vt 0.962010 0.383724
vn 0.074500 0.986100 0.148200
vn 0.000000 0.992500 0.121800
vn 0.000000 0.990200 0.139600
vn 0.119100 0.980100 0.159000
vn 0.078000 0.988800 0.127300
vn -0.544200 0.837900 -0.041500
vn -0.240000 0.967700 0.076400
vn -0.531000 0.846900 -0.028400
vn -0.337600 0.937700 -0.081500
vn -0.572300 0.814700 -0.093800
vn -0.299100 0.942700 -0.148000
vn -0.536400 0.843800 -0.014600
vn -0.576000 0.815500 -0.056300
vn -0.570100 0.816200 -0.093200
vn 0.740300 0.629200 0.236700
vn 0.639700 0.754400 0.147200
vn 0.641600 0.737100 0.212000
vn 0.854400 0.204500 0.477800
vn 0.967400 -0.008600 0.253100
vn 0.877800 0.410800 0.246200
vn 0.823900 0.048200 0.564800
vn 0.979500 -0.053800 0.194000
vn 0.963100 -0.090600 0.253400
vn 0.964900 -0.102900 0.241800
vn 0.000000 -1.000000 0.000000
vn -0.964900 -0.102900 0.241800
vn -0.963100 -0.090600 0.253400
vn -0.979500 -0.053800 0.194000
vn -0.823900 0.048200 0.564800
vn -0.967400 -0.008600 0.253100
vn -0.835600 0.007700 0.549300
vn -0.883000 0.069700 0.464100
vn -0.683400 0.698800 0.211300
vn -0.637100 0.748900 0.182600
vn -0.631600 0.670800 0.388700
vn 0.537800 0.842900 -0.015200
vn 0.564600 0.824900 -0.025800
vn 0.575100 0.816000 -0.058300
vn 0.330800 0.940400 -0.078900
vn 0.419100 0.900900 -0.113400
vn 0.570400 0.815800 -0.095900
vn 0.544200 0.837900 -0.041500
vn 0.240000 0.967700 0.076400
vn -0.119100 0.980100 0.159000
vn -0.078000 0.988800 0.127300
vn -0.074500 0.986100 0.148200
vn 0.074700 0.992400 0.098000
vn 0.000000 0.995200 0.098200
vn -0.193800 0.976800 0.091000
vn -0.570100 0.821200 -0.026400
vn 0.622300 0.781900 0.037900
vn 0.991000 0.000000 0.133700
vn 0.990000 -0.057800 0.128500
vn 0.990800 -0.029200 0.132300
vn 0.990400 -0.057500 0.125500
vn -0.990400 -0.057500 0.125500
vn -0.990000 -0.057800 0.128500
vn -0.991000 0.000000 0.133700
vn -0.990800 -0.029200 0.132300
vn -0.622300 0.781900 0.037900
vn -0.618000 0.785200 0.038300
vn 0.478300 0.877000 -0.044500
vn 0.540000 0.840700 -0.041600
vn 0.193800 0.976800 0.091000
vn 0.473300 0.880900 0.008100
vn -0.074700 0.992400 0.098000
vn 0.074800 0.995800 0.053100
vn 0.000000 0.998600 0.053200
vn -0.151900 0.987600 0.040200
vn -0.473300 0.880900 0.008200
vn -0.478300 0.877000 -0.044500
vn -0.379800 0.923800 -0.047900
vn 0.618000 0.785200 0.038300
vn 0.612100 0.789800 -0.039500
vn 0.998000 0.000000 0.062700
vn 0.989200 -0.070400 -0.128300
vn 0.997800 -0.036200 0.055700
vn 0.996700 -0.058800 0.055600
vn -0.996700 -0.058800 0.055600
vn -0.989200 -0.070400 -0.128300
vn -0.998000 0.000000 0.062700
vn -0.997800 -0.036200 0.055700
vn -0.612100 0.789800 -0.039500
vn -0.610800 0.790300 -0.047600
vn 0.379800 0.923800 -0.047900
vn 0.350700 0.929500 -0.114500
vn 0.151900 0.987600 0.040200
vn -0.074800 0.995800 0.053100
vn 0.075000 0.997100 0.013000
vn 0.000000 0.999900 0.013000
vn -0.133500 0.991000 0.009100
vn -0.356000 0.931700 -0.072800
vn -0.342100 0.927800 -0.148500
vn 0.610800 0.790300 -0.047600
vn 0.608000 0.786600 -0.107700
vn 0.999700 0.000000 0.026000
vn 0.974600 -0.087500 -0.206100
vn 0.998300 -0.056200 0.015500
vn 0.907600 -0.058500 -0.415600
vn 0.062200 -0.075200 -0.995200
vn 0.000000 -0.227600 -0.973800
vn 0.000000 -0.111600 -0.993800
vn 0.187700 0.000000 -0.982200
vn 0.032500 -0.208700 -0.977400
vn -0.062200 -0.075200 -0.995200
vn -0.032500 -0.208700 -0.977400
vn -0.187700 0.000000 -0.982200
vn -0.907600 -0.058500 -0.415600
vn -0.974600 -0.087500 -0.206100
vn -0.999700 0.000000 0.026000
vn -0.998300 -0.056200 0.015500
vn -0.608000 0.786600 -0.107700
vn -0.607700 0.786900 -0.107100
vn 0.342100 0.927800 -0.148500
vn 0.356000 0.931700 -0.072800
vn 0.133500 0.991000 0.009100
vn -0.075000 0.997100 0.013000
vn 0.075000 0.997100 0.012900
vn -0.119900 0.992800 0.007200
vn -0.326600 0.942300 -0.073600
vn -0.312600 0.939300 -0.141800
vn 0.607700 0.786900 -0.107100
vn 0.607500 0.787000 -0.107700
vn 0.979500 -0.150400 -0.133700
vn 0.995200 -0.097600 0.004000
vn 0.971100 -0.126100 -0.202800
vn 0.000000 -0.463200 -0.886300
vn 0.000000 -0.464100 -0.885800
vn 1.000000 0.000000 0.000000
vn -1.000000 0.000000 0.000000
vn -0.971100 -0.126100 -0.202800
vn -0.979500 -0.150400 -0.133700
vn -0.995200 -0.097600 0.004000
vn -0.607500 0.787000 -0.107700
vn -0.607100 0.787400 -0.107200
vn 0.312600 0.939300 -0.141800
vn 0.326600 0.942300 -0.073600
vn 0.119900 0.992800 0.007200
vn -0.075000 0.997100 0.012900
vn -0.100300 0.994900 0.005900
vn -0.279200 0.957400 -0.073700
vn -0.256000 0.956800 -0.137500
vn 0.607100 0.787400 -0.107200
vn 0.606600 0.787700 -0.107700
vn 0.900700 -0.393700 -0.183500
vn 0.965600 -0.255100 -0.051200
vn 0.891600 -0.370500 -0.260500
vn 0.000000 -0.704700 -0.709500
vn 0.000000 -0.706100 -0.708100
vn -0.891600 -0.370500 -0.260500
vn -0.900700 -0.393700 -0.183500
vn -0.965600 -0.255100 -0.051200
vn -0.606600 0.787700 -0.107700
vn -0.606200 0.788000 -0.107400
vn 0.256000 0.956800 -0.137500
vn 0.279200 0.957400 -0.073700
vn 0.100300 0.994900 0.005900
vn -0.076100 0.997100 0.005300
vn -0.228100 0.971600 -0.062200
vn -0.157200 0.981100 -0.112900
vn 0.606200 0.788000 -0.107400
vn 0.605500 0.788500 -0.107800
vn 0.661100 -0.715500 -0.225900
vn 0.652800 -0.731100 -0.198300
vn 0.660500 -0.699100 -0.274000
vn 0.000000 -0.912400 -0.409200
vn 0.000000 -0.913700 -0.406500
vn -0.660500 -0.699100 -0.274000
vn -0.661100 -0.715500 -0.225900
vn -0.605500 0.788500 -0.107800
vn -0.605100 0.788900 -0.107600
vn 0.157200 0.981100 -0.112900
vn 0.228100 0.971600 -0.062200
vn 0.076100 0.997100 0.005300
vn 0.074800 0.992100 0.100900
vn 0.000000 0.994900 0.101100
vn -0.057000 0.993400 0.099800
vn -0.147500 0.989000 0.007500
vn 0.605100 0.788900 -0.107600
vn 0.606700 0.791500 -0.073500
vn 0.999800 0.000000 -0.018900
vn 0.999900 0.000000 -0.016800
vn 0.666000 -0.745900 -0.012400
vn 0.666000 -0.745900 -0.013700
vn 0.666000 -0.745900 -0.011300
vn 0.000000 -1.000000 -0.002700
vn -0.666000 -0.745900 -0.011300
vn -0.652800 -0.731100 -0.198300
vn -0.666000 -0.745900 -0.012400
vn -0.999800 0.000000 -0.018900
vn -0.606700 0.791500 -0.073500
vn -0.606000 0.792200 -0.072400
vn 0.147500 0.989000 0.007500
vn 0.067700 0.994700 -0.077000
vn 0.057000 0.993400 0.099800
vn -0.074800 0.992100 0.100900
vn 0.073700 0.979500 0.187600
vn 0.000000 0.982200 0.188100
vn -0.038600 0.982900 0.180100
vn 0.327600 0.944800 -0.005900
vn -0.048400 0.994300 0.095300
vn 0.609600 0.791800 -0.038100
vn 0.998000 0.000000 -0.063700
vn 0.655900 -0.734600 0.173400
vn 0.664600 -0.719400 0.201700
vn 0.000000 -0.915400 0.402500
vn 0.000000 -0.912400 0.409200
vn -0.664600 -0.719400 0.201700
vn -0.664400 -0.703300 0.252700
vn -0.655900 -0.734600 0.173400
vn -0.998000 0.000000 -0.063700
vn -0.609600 0.791800 -0.038100
vn -0.327600 0.944800 -0.005900
vn 0.038600 0.982900 0.180100
vn 0.048400 0.994300 0.095300
vn -0.073700 0.979500 0.187600
vn 0.071300 0.951000 0.301000
vn 0.000000 0.953700 0.300700
vn -0.010700 0.956900 0.290300
vn 0.376100 0.926600 -0.004000
vn 0.049700 0.986500 0.156100
vn 0.612500 0.789700 -0.034200
vn 0.997900 0.000000 -0.064800
vn 0.966600 -0.255900 0.014700
vn 0.664400 -0.703300 0.252700
vn 0.906000 -0.396100 0.149200
vn 0.000000 -0.708100 0.706100
vn 0.000000 -0.704700 0.709500
vn -0.906000 -0.396100 0.149200
vn -0.899100 -0.373900 0.227400
vn -0.966600 -0.255900 0.014700
vn -0.997900 0.000000 -0.064800
vn -0.612500 0.789700 -0.034200
vn -0.376100 0.926600 -0.004000
vn 0.010700 0.956900 0.290300
vn -0.049700 0.986500 0.156100
vn -0.071300 0.951000 0.301000
vn 0.066800 0.895200 0.440600
vn 0.000000 0.898100 0.439800
vn 0.026000 0.903900 0.427000
vn 0.446800 0.894600 0.010900
vn 0.184900 0.952800 0.241000
vn 0.614900 0.788100 -0.028600
vn 0.994300 -0.097600 -0.044000
vn 0.997800 0.000000 -0.066200
vn 0.899100 -0.373900 0.227400
vn 0.984000 -0.151000 0.094800
vn 0.000000 -0.465500 0.885100
vn 0.000000 -0.463200 0.886300
vn -0.984000 -0.151000 0.094800
vn -0.978100 -0.127000 0.164600
vn -0.994300 -0.097600 -0.044000
vn -0.614900 0.788100 -0.028600
vn -0.446800 0.894600 0.010900
vn -0.026000 0.903900 0.427000
vn -0.184900 0.952800 0.241000
vn -0.066800 0.895200 0.440600
vn 0.065300 0.879500 0.471400
vn 0.000000 0.882300 0.470600
vn 0.070400 0.885500 0.459200
vn 0.508700 0.861000 0.003200
vn 0.257500 0.931100 0.258300
vn 0.616500 0.786900 -0.027400
vn 0.996900 -0.056100 -0.056000
vn 0.997800 0.000000 -0.066500
vn 0.978100 -0.127000 0.164600
vn 0.981900 -0.088200 0.167800
vn 0.000000 -0.228300 0.973600
vn -0.033100 -0.210600 0.977000
vn -0.981900 -0.088200 0.167800
vn -0.921100 -0.059300 0.384900
vn -0.996900 -0.056100 -0.056000
vn -0.997800 0.000000 -0.066200
vn -0.616500 0.786900 -0.027400
vn -0.508700 0.861000 0.003200
vn -0.070400 0.885500 0.459200
vn -0.257500 0.931100 0.258300
vn -0.065300 0.879500 0.471400
vn 0.064900 0.879400 0.471600
vn 0.000000 0.882300 0.470700
vn 0.121400 0.886400 0.446800
vn 0.316500 0.922300 0.221800
vn 0.540400 0.841300 -0.013000
vn 0.617300 0.786300 -0.027800
vn 0.997400 -0.036300 -0.061800
vn 0.921100 -0.059300 0.384900
vn 0.989700 -0.070500 0.124400
vn 0.073800 -0.073400 0.994600
vn 0.000000 -0.111600 0.993800
vn 0.033100 -0.210600 0.977000
vn 0.211800 0.000000 0.977300
vn -0.211800 0.000000 0.977300
vn -0.073800 -0.073400 0.994600
vn -0.989700 -0.070500 0.124400
vn -0.997800 -0.058800 -0.031700
vn -0.997400 -0.036300 -0.061800
vn -0.997800 0.000000 -0.066500
vn -0.617300 0.786300 -0.027800
vn -0.540400 0.841300 -0.013000
vn -0.316500 0.922300 0.221800
vn -0.121400 0.886400 0.446800
vn -0.064900 0.879400 0.471600
vn 0.065300 0.898300 0.434500
vn 0.000000 0.900800 0.434200
vn 0.251100 0.878700 0.406000
vn 0.565100 0.797300 0.212100
vn 0.669400 0.742900 0.007700
vn 0.621800 0.782700 -0.028700
vn 0.997900 -0.029400 -0.058200
vn 0.998300 0.000000 -0.058200
vn 0.997800 -0.058800 -0.031700
vn 0.996600 -0.058700 -0.058100
vn -0.996600 -0.058700 -0.058100
vn -0.997900 -0.029400 -0.058200
vn -0.621800 0.782700 -0.028700
vn -0.669400 0.742900 0.007700
vn -0.565100 0.797300 0.212100
vn -0.251100 0.878700 0.406000
vn -0.065300 0.898300 0.434500
vn 0.065900 0.915100 0.397800
vn 0.000000 0.917500 0.397700
vn 0.342800 0.867300 0.360800
vn 0.711400 0.685200 0.156300
vn 0.741400 0.670900 -0.013900
vn 0.625200 0.779900 -0.030500
vn 0.998800 0.000000 -0.049900
vn 0.998300 -0.029400 -0.049900
vn 0.997000 -0.058800 -0.049900
vn -0.997000 -0.058800 -0.049900
vn -0.998300 -0.029400 -0.049900
vn -0.998300 0.000000 -0.058200
vn -0.625200 0.779900 -0.030500
vn -0.741400 0.670900 -0.013900
vn -0.711400 0.685200 0.156300
vn -0.342800 0.867300 0.360800
vn -0.065900 0.915100 0.397800
vn 0.068100 0.956400 0.283900
vn 0.000000 0.958900 0.283800
vn 0.408700 0.876400 0.254500
vn 0.798400 0.592400 0.107800
vn 0.786200 0.617800 -0.010200
vn 0.628700 0.777400 -0.022000
vn 0.999400 0.000000 -0.035800
vn 0.998900 -0.029400 -0.035800
vn 0.997600 -0.058800 -0.035800
vn -0.997600 -0.058800 -0.035800
vn -0.998900 -0.029400 -0.035800
vn -0.998800 0.000000 -0.049900
vn -0.628700 0.777400 -0.022000
vn -0.786200 0.617800 -0.010200
vn -0.798400 0.592400 0.107800
vn -0.408700 0.876400 0.254500
vn -0.068100 0.956400 0.283900
vn 0.000000 0.995700 0.093100
vn 0.109300 0.989600 0.093100
vn 0.070600 0.993200 0.092900
vn 0.850800 0.524500 0.031800
vn 0.746200 0.663000 0.060500
vn 0.812000 0.583600 -0.005400
vn 0.631300 0.775500 -0.012600
vn 0.999900 0.000000 -0.010900
vn 0.999500 -0.029400 -0.010900
vn 0.998200 -0.058800 -0.010800
vn -0.998200 -0.058800 -0.010800
vn -0.999500 -0.029400 -0.010900
vn -0.999400 0.000000 -0.035800
vn -0.631300 0.775500 -0.012600
vn -0.812000 0.583600 -0.005400
vn -0.850800 0.524500 0.031800
vn -0.109300 0.989600 0.093100
vn -0.070600 0.993200 0.092900
vn 0.071000 0.997300 0.018100
vn 0.000000 0.999800 0.018700
vn 0.109800 0.993800 0.017000
vn 0.859000 0.512000 -0.004900
vn 0.750300 0.661100 -0.000500
vn 0.814400 0.580200 -0.009200
vn 0.999600 -0.029400 0.000000
vn 0.998300 -0.058800 0.000000
vn -0.998300 -0.058800 0.000000
vn -0.999600 -0.029400 0.000000
vn -0.814400 0.580200 -0.009200
vn -0.631500 0.775300 -0.012100
vn -0.859000 0.512000 -0.004900
vn -0.746200 0.663000 0.060500
vn -0.109800 0.993800 0.017000
vn -0.071000 0.997300 0.018100
vn 0.071100 0.994700 -0.073700
vn 0.000000 0.997300 -0.073100
vn 0.110000 0.991200 -0.074100
vn 0.853100 0.520100 -0.041400
vn 0.751000 0.657400 -0.062900
vn 0.631500 0.775300 -0.012100
vn 0.811900 0.583600 -0.017500
vn -0.811900 0.583600 -0.017500
vn -0.631400 0.775300 -0.016900
vn -0.853100 0.520100 -0.041400
vn -0.750300 0.661100 -0.000500
vn -0.110000 0.991200 -0.074100
vn -0.071100 0.994700 -0.073700
vn 0.067200 0.954500 -0.290600
vn 0.000000 0.956100 -0.293000
vn 0.412800 0.878500 -0.240500
vn 0.821400 0.564200 -0.083100
vn 0.631400 0.775300 -0.016900
vn 0.803900 0.594700 -0.006700
vn 1.000000 0.000000 0.009800
vn 0.999500 -0.029400 0.010000
vn 0.998200 -0.058800 0.010000
vn -0.998200 -0.058800 0.010000
vn -1.000000 0.000000 0.009800
vn -0.999500 -0.029400 0.010000
vn -0.803000 0.595900 -0.008900
vn -0.631300 0.775500 -0.012400
vn -0.822000 0.563200 -0.084200
vn -0.412800 0.878500 -0.240500
vn -0.067200 0.954500 -0.290600
vn 0.000000 0.892700 -0.450600
vn 0.061500 0.892900 -0.446100
vn 0.345900 0.871800 -0.347000
vn 0.925900 0.377500 0.009800
vn 0.923700 0.382800 0.010900
vn 0.631300 0.775500 -0.012400
vn 0.795300 0.606200 0.004100
vn 0.999300 0.000000 0.036200
vn 0.997600 -0.058800 0.036500
vn 0.998900 -0.029400 0.036600
vn -0.997600 -0.058800 0.036500
vn -0.999300 0.000000 0.036200
vn -0.998900 -0.029400 0.036600
vn -0.790300 0.612700 0.001300
vn -0.628800 0.777600 -0.002200
vn -0.910700 0.413000 0.008800
vn -0.916200 0.400700 -0.002000
vn -0.350300 0.868400 -0.351000
vn -0.760900 0.635700 -0.129800
vn -0.061500 0.892900 -0.446100
vn 0.000000 0.875100 -0.483900
vn 0.057700 0.874900 -0.480800
vn 0.301100 0.950600 -0.075700
vn 0.308400 0.888200 -0.340600
vn 0.839100 0.539200 -0.071900
vn 0.910400 0.412900 0.027700
vn 0.711800 0.700900 -0.045300
vn 0.759800 0.642000 -0.102800
vn 0.817900 0.567300 -0.095700
vn 0.628800 0.777600 -0.002200
vn 0.998600 0.000000 0.053100
vn 0.996900 -0.058800 0.053000
vn 0.998200 -0.029400 0.053100
vn -0.996900 -0.058800 0.053000
vn -0.998600 0.000000 0.053100
vn -0.998200 -0.029400 0.053100
vn -0.698600 0.715100 -0.024300
vn -0.623800 0.781600 -0.000900
vn -0.910400 0.412900 -0.024100
vn -0.909100 0.412300 -0.059300
vn -0.816100 0.574000 -0.067100
vn -0.805700 0.592300 0.000200
vn -0.169800 0.923000 -0.345300
vn -0.084400 0.844200 -0.529300
vn -0.302200 0.899100 -0.316600
vn -0.057700 0.874900 -0.480800
vn -0.185600 0.881500 -0.434200
vn 0.183200 0.879700 -0.438800
vn 0.056500 0.875000 -0.480900
vn 0.514100 0.819400 -0.253600
vn 0.038800 0.891100 -0.452100
vn 0.250200 0.940000 -0.231800
vn 0.623800 0.781600 -0.000900
vn 0.553600 0.832600 -0.019500
vn 0.988100 -0.070400 -0.137100
vn 0.998200 -0.036300 0.048400
vn 0.998100 -0.058800 0.018300
vn -0.998100 -0.058800 0.018300
vn -0.988100 -0.070400 -0.137100
vn -0.998200 -0.036300 0.048400
vn -0.553600 0.832600 -0.019500
vn -0.620900 0.783900 -0.000500
vn -0.250200 0.940000 -0.231800
vn -0.038800 0.891100 -0.452100
vn -0.056500 0.875000 -0.480900
vn 0.000000 0.875000 -0.484000
vn 0.056000 0.874800 -0.481200
vn -0.000200 0.877800 -0.479000
vn 0.163800 0.944500 -0.284600
vn 0.620900 0.783900 -0.000500
vn 0.507700 0.860400 -0.044200
vn 0.979600 -0.088000 -0.180600
vn 0.997500 -0.056200 0.042600
vn 0.916700 -0.059100 -0.395200
vn 0.081600 -0.072400 -0.994000
vn 0.000000 -0.228000 -0.973700
vn 0.227600 0.000000 -0.973700
vn 0.033500 -0.211600 -0.976800
vn -0.081600 -0.072400 -0.994000
vn -0.033500 -0.211600 -0.976800
vn -0.227600 0.000000 -0.973700
vn -0.916700 -0.059100 -0.395200
vn -0.979600 -0.088000 -0.180600
vn -0.997500 -0.056200 0.042600
vn -0.507700 0.860400 -0.044200
vn -0.620300 0.784400 -0.000800
vn -0.163800 0.944500 -0.284600
vn 0.000200 0.877800 -0.479000
vn -0.056000 0.874800 -0.481200
vn 0.000000 0.897900 -0.440200
vn 0.058300 0.896300 -0.439600
vn -0.075600 0.911600 -0.404100
vn 0.017400 0.973100 -0.229700
vn 0.620300 0.784400 -0.000800
vn 0.387800 0.920200 -0.054100
vn 0.998100 0.000000 0.062000
vn 0.983600 -0.151000 -0.098800
vn 0.994400 -0.097700 0.040100
vn 0.976500 -0.126800 -0.174100
vn 0.000000 -0.465400 -0.885100
vn -0.976500 -0.126800 -0.174100
vn -0.983600 -0.151000 -0.098800
vn -0.998100 0.000000 0.062000
vn -0.994400 -0.097700 0.040100
vn -0.387800 0.920200 -0.054100
vn -0.618900 0.785500 0.004900
vn -0.017400 0.973100 -0.229700
vn 0.075600 0.911600 -0.404100
vn -0.058300 0.896300 -0.439600
vn 0.064000 0.946300 -0.317000
vn 0.000000 0.951000 -0.309100
vn -0.144700 0.954100 -0.262300
vn -0.210400 0.967700 -0.138800
vn 0.618900 0.785500 0.004900
vn 0.617500 0.786400 0.017900
vn 0.996300 0.000000 0.086100
vn 0.908400 -0.397300 -0.130500
vn 0.966500 -0.256700 0.005600
vn 0.901800 -0.375000 -0.214800
vn 0.000000 -0.709300 -0.704900
vn -0.901800 -0.375000 -0.214800
vn -0.908400 -0.397300 -0.130500
vn -0.996300 0.000000 0.086100
vn -0.966500 -0.256700 0.005600
vn -0.617500 0.786400 0.017900
vn -0.615900 0.787600 0.020200
vn 0.210400 0.967700 -0.138800
vn 0.151100 0.987100 -0.053200
vn 0.144700 0.954100 -0.262300
vn -0.064000 0.946300 -0.317000
vn 0.067700 0.970100 -0.233200
vn 0.000000 0.975600 -0.219700
vn -0.124500 0.977900 -0.168100
vn -0.289000 0.954000 -0.079800
vn -0.213600 0.974200 -0.072500
vn 0.615900 0.787600 0.020200
vn 0.613200 0.789500 0.027600
vn 0.994800 0.000000 0.101500
vn 0.667800 -0.723000 -0.176900
vn 0.658700 -0.737700 -0.148000
vn 0.668100 -0.707400 -0.230800
vn 0.000000 -0.917200 -0.398400
vn -0.668100 -0.707400 -0.230800
vn -0.667800 -0.723000 -0.176900
vn -0.994800 0.000000 0.101500
vn -0.613200 0.789500 0.027600
vn -0.611300 0.790900 0.028700
vn 0.213600 0.974200 -0.072500
vn 0.289000 0.954000 -0.079800
vn 0.124500 0.977900 -0.168100
vn -0.067700 0.970100 -0.233200
vn 0.070400 0.975600 -0.207800
vn 0.000000 0.979900 -0.199300
vn -0.101900 0.979500 -0.174100
vn -0.303800 0.947700 -0.097800
vn -0.254100 0.962700 -0.092800
vn 0.611300 0.790900 0.028700
vn 0.608100 0.793000 -0.036200
vn 0.999300 0.000000 0.037800
vn 0.999200 0.000000 0.041100
vn 0.665800 -0.745700 0.024900
vn 0.665800 -0.745700 0.027400
vn 0.665800 -0.745700 0.023000
vn 0.000000 -1.000000 0.005500
vn -0.665800 -0.745700 0.023000
vn -0.658700 -0.737700 -0.148000
vn -0.665800 -0.745700 0.024900
vn -0.999300 0.000000 0.037800
vn -0.608100 0.793000 -0.036200
vn -0.607300 0.793400 -0.042400
vn 0.254100 0.962700 -0.092800
vn 0.303800 0.947700 -0.097800
vn 0.101900 0.979500 -0.174100
vn -0.070400 0.975600 -0.207800
vn 0.074700 0.980200 -0.183600
vn 0.000000 0.983800 -0.179100
vn -0.119800 0.979600 -0.161100
vn -0.312500 0.942700 -0.116700
vn -0.274000 0.955500 -0.109700
vn 0.607300 0.793400 -0.042400
vn 0.605100 0.788900 -0.107200
vn 0.999700 0.000000 -0.026000
vn 0.652800 -0.731100 0.198300
vn 0.661100 -0.715500 0.225900
vn 0.000000 -0.913700 0.406500
vn -0.661100 -0.715500 0.225900
vn -0.660500 -0.699100 0.274000
vn -0.652800 -0.731100 0.198300
vn -0.999700 0.000000 -0.026000
vn -0.605100 0.788900 -0.107200
vn -0.605500 0.788500 -0.107600
vn 0.274000 0.955500 -0.109700
vn 0.312500 0.942700 -0.116700
vn 0.119800 0.979600 -0.161100
vn -0.074700 0.980200 -0.183600
vn 0.076400 0.980000 -0.183600
vn -0.121200 0.979500 -0.161100
vn -0.322100 0.939600 -0.115800
vn -0.288500 0.951300 -0.108100
vn 0.605500 0.788500 -0.107600
vn 0.606200 0.788000 -0.107200
vn 0.966200 -0.251300 0.057100
vn 0.660500 -0.699100 0.274000
vn 0.898800 -0.395100 0.189800
vn 0.000000 -0.706100 0.708100
vn -0.898800 -0.395100 0.189800
vn -0.888700 -0.372100 0.267700
vn -0.966200 -0.251300 0.057100
vn -0.606200 0.788000 -0.107200
vn -0.606600 0.787700 -0.107500
vn 0.288500 0.951300 -0.108100
vn 0.322100 0.939600 -0.115800
vn 0.121200 0.979500 -0.161100
vn -0.076400 0.980000 -0.183600
vn 0.077700 0.979900 -0.183600
vn 0.000000 0.983800 -0.179000
vn -0.122000 0.979300 -0.161400
vn -0.329000 0.937300 -0.115300
vn -0.299300 0.948200 -0.106600
vn 0.606600 0.787700 -0.107500
vn 0.607100 0.787400 -0.107100
vn 0.995200 -0.098100 0.004300
vn 0.888700 -0.372100 0.267700
vn 0.977800 -0.153800 0.142300
vn 0.000000 -0.464100 0.885800
vn -0.977800 -0.153800 0.142300
vn -0.968300 -0.131400 0.212400
vn -0.995200 -0.098100 0.004300
vn -0.607100 0.787400 -0.107100
vn -0.607500 0.787000 -0.107600
vn 0.299300 0.948200 -0.106600
vn 0.329000 0.937300 -0.115300
vn 0.122000 0.979300 -0.161400
vn -0.077700 0.979900 -0.183600
vn 0.078500 0.979900 -0.183500
vn 0.000000 0.983900 -0.178900
vn -0.122100 0.979200 -0.161800
vn -0.332800 0.935900 -0.115200
vn -0.306200 0.946100 -0.105100
vn 0.607500 0.787000 -0.107600
vn 0.607700 0.786900 -0.106900
vn 0.998200 -0.058700 -0.007800
vn 0.968300 -0.131400 0.212400
vn 0.972100 -0.089100 0.216900
vn 0.000000 -0.227600 0.973800
vn -0.032500 -0.208700 0.977400
vn -0.972100 -0.089100 0.216900
vn -0.903000 -0.060100 0.425300
vn -0.998200 -0.058700 -0.007800
vn -0.607700 0.786900 -0.106900
vn 0.306200 0.946100 -0.105100
vn 0.332800 0.935900 -0.115200
vn 0.122100 0.979200 -0.161800
vn -0.078500 0.979900 -0.183500
vn 0.079000 0.976900 -0.198300
vn 0.000000 0.981000 -0.194100
vn -0.118300 0.976300 -0.181200
vn -0.330600 0.932200 -0.147200
vn -0.308100 0.940400 -0.144300
vn 0.602400 0.779400 -0.172400
vn 0.998100 0.000000 -0.062100
vn 0.997800 -0.036800 -0.055900
vn 0.903000 -0.060100 0.425300
vn 0.988100 -0.073400 0.134800
vn 0.062200 -0.075200 0.995200
vn 0.032500 -0.208700 0.977400
vn 0.187700 0.000000 0.982200
vn -0.187700 0.000000 0.982200
vn -0.062200 -0.075200 0.995200
vn -0.988100 -0.073400 0.134800
vn -0.996000 -0.063700 -0.063000
vn -0.997800 -0.036800 -0.055900
vn -0.998100 0.000000 -0.062100
vn -0.602400 0.779400 -0.172400
vn -0.602900 0.777700 -0.178000
vn 0.308100 0.940400 -0.144300
vn 0.330600 0.932200 -0.147200
vn 0.118300 0.976300 -0.181200
vn -0.079000 0.976900 -0.198300
vn 0.082200 0.973300 -0.214100
vn 0.000000 0.977600 -0.210400
vn -0.111200 0.973200 -0.201200
vn -0.311700 0.930800 -0.191000
vn -0.289100 0.933600 -0.211500
vn 0.602900 0.777700 -0.178000
vn 0.596600 0.754200 -0.274500
vn 0.991900 0.000000 -0.126800
vn 0.991800 -0.031600 -0.123400
vn 0.996000 -0.063700 -0.063000
vn 0.990500 -0.066900 -0.120000
vn -0.990500 -0.066900 -0.120000
vn -0.989600 -0.068400 -0.126200
vn -0.991800 -0.031600 -0.123400
vn -0.991900 0.000000 -0.126800
vn -0.596600 0.754200 -0.274500
vn -0.603300 0.745300 -0.283900
vn 0.289100 0.933600 -0.211500
vn 0.311700 0.930800 -0.191000
vn 0.111200 0.973200 -0.201200
vn -0.082200 0.973300 -0.214100
vn 0.085300 0.981900 -0.169400
vn 0.000000 0.986200 -0.165600
vn -0.096200 0.982000 -0.162800
vn -0.283100 0.938000 -0.200300
vn -0.257800 0.930100 -0.261600
vn 0.603300 0.745300 -0.283900
vn 0.619500 0.735700 -0.273800
vn 0.996700 0.000000 -0.081400
vn 0.998100 -0.035000 -0.050800
vn 0.989600 -0.068400 -0.126200
vn 0.996200 -0.072500 -0.047500
vn -0.996200 -0.072500 -0.047500
vn -0.995700 -0.073900 -0.056000
vn -0.998100 -0.035000 -0.050800
vn -0.996700 0.000000 -0.081400
vn -0.619500 0.735700 -0.273800
vn -0.630000 0.724400 -0.280000
vn 0.257800 0.930100 -0.261600
vn 0.283100 0.938000 -0.200300
vn 0.096200 0.982000 -0.162800
vn -0.085300 0.981900 -0.169400
vn 0.087700 0.988600 -0.122500
vn 0.000000 0.993000 -0.118500
vn -0.072900 0.990100 -0.119600
vn -0.226400 0.955400 -0.189400
vn -0.189800 0.941300 -0.279200
vn 0.630000 0.724400 -0.280000
vn 0.646600 0.728500 -0.226300
vn 0.999500 0.000000 0.032000
vn 0.998300 -0.038100 0.044300
vn 0.995700 -0.073900 -0.056000
vn 0.995900 -0.079000 0.044800
vn -0.995900 -0.079000 0.044800
vn -0.996200 -0.081000 0.032400
vn -0.998300 -0.038100 0.044300
vn -0.999500 0.000000 0.032000
vn -0.646600 0.728500 -0.226300
vn -0.646700 0.725800 -0.234600
vn 0.189800 0.941300 -0.279200
vn 0.226400 0.955400 -0.189400
vn 0.072900 0.990100 -0.119600
vn -0.087700 0.988600 -0.122500
vn 0.087400 0.978800 -0.185300
vn 0.000000 0.982800 -0.184400
vn -0.042700 0.982300 -0.182300
vn -0.143300 0.957700 -0.249600
vn -0.096500 0.946100 -0.309100
vn 0.900900 0.359800 -0.242700
vn 0.698300 0.623000 -0.352500
vn 0.993600 -0.035700 -0.107400
vn 0.996200 -0.081000 0.032400
vn 0.992000 -0.085200 -0.093600
vn -0.992000 -0.085200 -0.093600
vn -0.979700 -0.124600 -0.157100
vn -0.993600 -0.035700 -0.107400
vn -0.900900 0.359800 -0.242700
vn 0.096500 0.946100 -0.309100
vn 0.143300 0.957700 -0.249600
vn 0.042700 0.982300 -0.182300
vn -0.087400 0.978800 -0.185300
vn 0.084700 0.964500 -0.250300
vn 0.000000 0.968000 -0.250900
vn -0.014400 0.972000 -0.234400
vn -0.113400 0.955300 -0.273000
vn 0.008700 0.938400 -0.345600
vn 0.870600 0.208800 -0.445500
vn 0.643600 0.245700 -0.724900
vn 0.911500 0.020100 -0.410900
vn 0.950100 -0.144300 -0.276500
vn 0.979700 -0.124600 -0.157100
vn -0.950100 -0.144300 -0.276500
vn -0.849400 -0.072300 -0.522800
vn -0.969100 -0.132600 -0.208000
vn -0.870600 0.208800 -0.445500
vn -0.911500 0.020100 -0.410900
vn -0.698300 0.623000 -0.352500
vn -0.008700 0.938400 -0.345600
vn 0.113400 0.955300 -0.273000
vn 0.014400 0.972000 -0.234400
vn -0.084700 0.964500 -0.250300
vn -0.627000 0.106700 0.771600
vn -0.760100 -0.052400 0.647600
vn -0.408100 0.104600 0.906900
vn -0.605500 -0.010700 0.795800
vn -0.760100 -0.052300 0.647700
vn -0.489200 0.028200 0.871700
vn -0.292400 0.075700 0.953300
vn -0.239100 0.077300 0.967900
vn -0.296700 0.049300 0.953700
vn -0.319400 0.032900 0.947100
vn -0.146000 0.106900 0.983500
vn -0.051900 0.090100 0.994600
vn -0.014300 0.118100 0.992900
vn 0.001900 0.087100 0.996200
vn 0.000700 0.111500 0.993800
vn 0.000000 0.084700 0.996400
vn -0.000700 0.111500 0.993800
vn -0.001900 0.087100 0.996200
vn 0.014300 0.118100 0.992900
vn 0.051900 0.090100 0.994600
vn 0.146000 0.106900 0.983500
vn 0.239100 0.077300 0.967900
vn 0.407600 0.103000 0.907300
vn 0.349800 0.062500 0.934700
vn 0.665600 0.214800 0.714700
vn 0.292400 0.075600 0.953300
vn 0.880100 -0.015800 0.474500
vn 0.626400 0.049000 0.777900
vn 0.830700 0.308500 0.463400
vn 0.627000 0.106700 0.771600
vn 0.883000 0.069700 0.464100
vn -0.409000 0.136700 0.902200
vn -0.307900 0.095700 0.946600
vn -0.103600 0.052400 0.993200
vn -0.006500 0.005800 1.000000
vn 0.001000 0.022400 0.999700
vn 0.000000 0.111600 0.993800
vn -0.001000 0.022400 0.999700
vn 0.006500 0.005800 1.000000
vn 0.103600 0.052400 0.993200
vn 0.307900 0.095700 0.946600
vn 0.409000 0.136700 0.902200
vn 0.285000 -0.016300 0.958400
vn 0.453000 -0.030800 0.891000
vn -0.259400 -0.197400 0.945400
vn -0.285000 -0.016300 0.958400
vn -0.453000 -0.030800 0.891000
vn -0.067300 -0.235900 0.969400
vn 0.000600 -0.282300 0.959300
vn 0.001800 -0.261100 0.965300
vn 0.000000 0.026800 0.999600
vn -0.001800 -0.261100 0.965300
vn -0.000600 -0.282300 0.959300
vn 0.067300 -0.235900 0.969400
vn -0.364500 -0.309400 0.878300
vn -0.196700 -0.404300 0.893200
vn -0.035500 -0.420400 0.906600
vn 0.003600 -0.430300 0.902700
vn 0.001000 -0.421900 0.906700
vn 0.000000 -0.255900 0.966700
vn -0.001000 -0.421900 0.906700
vn -0.003600 -0.430300 0.902700
vn 0.035500 -0.420400 0.906600
vn 0.196700 -0.404300 0.893200
vn 0.259400 -0.197400 0.945400
vn 0.364500 -0.309400 0.878300
vn -0.591000 -0.035700 -0.805800
vn -0.643600 0.245700 -0.724900
vn -0.196500 0.130900 -0.971700
vn -0.332600 0.054100 -0.941500
vn -0.038100 0.072600 -0.996600
vn -0.113400 0.018600 -0.993400
vn 0.000500 0.118700 -0.992900
vn -0.022300 -0.036600 -0.999100
vn 0.000000 0.125000 -0.992200
vn 0.001800 0.006600 -1.000000
vn -0.001800 0.006600 -1.000000
vn 0.000000 0.021300 -0.999800
vn -0.000500 0.118700 -0.992900
vn 0.022300 -0.036600 -0.999100
vn 0.113400 0.018600 -0.993400
vn 0.082300 -0.151200 -0.985100
vn 0.038100 0.072600 -0.996600
vn 0.196500 0.130900 -0.971700
vn 0.332600 0.054100 -0.941500
vn 0.591000 -0.035700 -0.805800
vn -0.414600 -0.219200 -0.883200
vn -0.519800 -0.190600 -0.832700
vn -0.257600 -0.136500 -0.956600
vn 0.009800 -0.212400 -0.977100
vn -0.002900 -0.167900 -0.985800
vn 0.002900 -0.167900 -0.985800
vn 0.000000 -0.150900 -0.988600
vn -0.009800 -0.212400 -0.977100
vn 0.257600 -0.136500 -0.956600
vn 0.849400 -0.072300 -0.522800
vn 0.414600 -0.219200 -0.883200
vn -0.389400 -0.402700 -0.828400
vn -0.082300 -0.151200 -0.985100
vn -0.255000 -0.386700 -0.886300
vn -0.046500 -0.373600 -0.926400
vn 0.003300 -0.394800 -0.918800
vn -0.003800 -0.374100 -0.927400
vn 0.003800 -0.374100 -0.927400
vn 0.000000 -0.369000 -0.929400
vn -0.003300 -0.394800 -0.918800
vn 0.046500 -0.373600 -0.926400
vn 0.255000 -0.386700 -0.886300
vn 0.389400 -0.402700 -0.828400
vn -0.192200 -0.512100 -0.837100
vn -0.022100 -0.521500 -0.853000
vn 0.000000 -0.514500 -0.857500
vn 0.022100 -0.521500 -0.853000
vn 0.192200 -0.512100 -0.837100
vn -0.991700 0.119600 0.046900
vn 0.970600 0.096600 0.220700
vn 0.979300 0.174900 0.101700
vn 0.000000 0.000000 -1.000000
vn -0.013700 0.995800 -0.090600
vn -0.013400 0.975500 -0.219500
vn -0.011800 0.995800 -0.090500
vn -0.013700 0.999100 0.040000
vn -0.011900 0.999100 0.040000
vn 0.095400 0.995200 0.023400
vn -0.006700 0.485600 0.874100
vn -0.005800 0.485600 0.874100
vn 0.012500 -0.906100 0.422900
vn 0.011600 -0.980500 0.196400
vn 0.010700 -0.906100 0.422900
vn 0.013700 -0.999100 -0.041300
vn 0.011900 -0.999100 -0.041300
vn -0.006600 0.975600 -0.219500
vn -0.011600 0.975500 -0.219500
vn -0.006800 0.999200 0.040000
vn -0.006800 0.995900 -0.090500
vn -0.003300 0.485600 0.874200
vn 0.006700 -0.980500 0.196400
vn 0.006100 -0.906200 0.422900
vn 0.000000 0.975600 -0.219500
vn 0.000000 0.999200 0.040000
vn 0.000000 0.995900 -0.090500
vn 0.000000 0.485700 0.874100
vn 0.000000 -0.980500 0.196500
vn 0.000000 -0.906200 0.422900
vn 0.006800 -0.999100 -0.041300
vn 0.006800 0.995900 -0.090500
vn 0.006600 0.975600 -0.219500
vn 0.003300 0.485600 0.874200
vn -0.006100 -0.906200 0.422900
vn -0.006800 -0.999100 -0.041300
vn -0.006700 -0.980500 0.196400
vn 0.011800 0.995800 -0.090500
vn 0.011600 0.975500 -0.219500
vn 0.006800 0.999200 0.040000
vn 0.005800 0.485600 0.874100
vn -0.010700 -0.906100 0.422900
vn -0.011900 -0.999100 -0.041300
vn -0.011600 -0.980500 0.196400
vn 0.013700 0.995800 -0.090600
vn 0.013400 0.975500 -0.219500
vn 0.013700 0.998500 -0.053800
vn 0.013700 0.999100 0.040000
vn 0.013800 0.999100 0.040000
vn 0.006700 0.485600 0.874100
vn -0.012500 -0.906100 0.422900
vn -0.013700 -0.999100 -0.041300
vn 0.000000 -0.185400 -0.982700
vn 0.000000 0.761900 -0.647600
vn 0.000000 0.999300 0.038400
vn -0.082900 0.994100 -0.069900
vn 0.000000 0.563300 0.826200
vn 0.000000 -0.600000 0.800000
vn 0.000000 -0.999900 -0.012500
vn 0.199400 0.833000 -0.516100
vn -0.094800 0.995300 0.021300
vn -0.580000 0.811800 -0.068100
vn -0.545300 0.837300 -0.038600
vn -0.416700 0.903000 -0.105100
vn 0.664200 0.710200 0.233400
vn 0.976400 -0.050700 0.210200
vn 0.881600 -0.241200 0.405800
vn -0.881600 -0.241200 0.405800
vn -0.976400 -0.050700 0.210200
vn -0.956800 0.000000 0.290900
vn -0.774600 0.588800 0.230800
vn -0.722700 0.625100 0.294900
vn -0.902800 0.376500 0.207600
vn -0.717600 0.628200 0.300700
vn 0.577500 0.814500 -0.056100
vn 0.573500 0.817000 -0.059800
vn 0.291400 0.956500 -0.011600
vn 0.531000 0.846900 -0.028400
vn 0.561600 0.827400 0.002100
vn -0.350700 0.929500 -0.114500
vn -0.067700 0.994700 -0.077000
vn 0.606000 0.792200 -0.072400
vn -0.666000 -0.745900 -0.013700
vn -0.999900 0.000000 -0.016800
vn -0.999900 0.000000 -0.010900
vn -0.751000 0.657400 -0.062900
vn 0.910500 0.413000 -0.020800
vn 0.910700 0.413000 0.002800
vn 0.918200 0.396100 0.000800
vn 0.910700 0.413000 0.003600
vn 0.922700 0.385400 0.003100
vn -0.910700 0.413000 0.004500
vn -0.916900 0.399000 -0.011300
vn 0.787300 0.603300 -0.127300
vn -0.887100 0.457500 -0.061600
vn -0.151100 0.987100 -0.053200
vn -0.665800 -0.745700 0.027400
vn -0.999200 0.000000 0.041100
vn 0.646700 0.725800 -0.234600
vn 0.969100 -0.132600 -0.208000
vn 0.864500 -0.295300 -0.406700
vn -0.864500 -0.295300 -0.406700
vn -0.760200 -0.052400 0.647600
vn -0.583700 0.002600 0.812000
vn 0.368100 0.058200 0.928000
vn 0.292400 0.075700 0.953300
vn 0.662800 -0.039100 0.747800
vn -0.325300 -0.415300 0.849500
vn 0.000000 -0.419500 0.907800
vn 0.325300 -0.415300 0.849500
vn 0.519800 -0.190600 -0.832700
vn 0.318700 -0.453700 -0.832200
vn -0.318700 -0.453700 -0.832200
vn -0.013700 0.998100 -0.059700
vn -0.013500 0.999100 0.040400
vn 0.013500 -0.980500 0.195900
vn 0.013700 -0.999000 -0.041400
vn 0.000000 -0.999100 -0.041300
vn 0.011900 0.999100 0.040000
vn -0.013500 -0.980500 0.195900
vn -0.013700 -0.999000 -0.041400
o midship_coupe
usemtl midship_coupe
f 1/1/1 2/2/2 3/3/3
f 4/4/4 5/5/5 1/1/1
f 6/6/6 7/7/7 4/4/8
f 8/8/9 9/9/10 10/10/11
f 11/11/12 12/12/13 13/13/14
f 14/14/15 9/15/16 15/16/17
f 16/17/18 17/18/19 18/19/20
f 17/20/19 19/21/21 20/22/22
f 20/22/22 21/23/23 22/24/24
f 23/25/25 24/25/25 22/25/25
f 25/25/25 26/25/25 24/25/25
f 27/25/25 28/25/25 26/25/25
f 29/25/25 30/25/25 28/25/25
f 31/25/25 32/25/25 30/25/25
f 33/25/25 32/25/25 34/25/25
f 35/25/25 36/25/25 33/25/25
f 37/25/25 38/25/25 35/25/25
f 39/25/25 40/25/25 37/25/25
f 41/25/25 42/25/25 39/25/25
f 43/24/26 44/23/27 45/22/28
f 45/22/28 46/21/29 47/20/30
f 48/26/31 47/20/30 49/27/32
f 50/15/33 51/28/34 52/29/35
f 53/30/36 54/31/37 55/32/38
f 56/33/39 57/34/40 50/35/41
f 58/36/42 59/37/43 53/30/36
f 60/38/44 61/39/45 59/37/43
f 62/40/46 2/2/2 61/39/45
f 2/2/2 63/41/47 64/42/48
f 5/5/5 65/43/49 63/41/47
f 11/11/12 65/43/49 7/7/7
f 11/11/12 13/13/14 66/44/50
f 18/28/20 67/45/51 9/15/16
f 17/20/19 68/46/52 18/28/20
f 17/20/19 69/47/53 70/48/54
f 20/22/22 71/49/55 69/47/53
f 22/25/25 72/25/25 71/25/25
f 24/25/25 73/25/25 72/25/25
f 26/25/25 74/25/25 73/25/25
f 28/25/25 75/25/25 74/25/25
f 30/25/25 76/25/25 75/25/25
f 36/25/25 76/25/25 32/25/25
f 38/25/25 77/25/25 36/25/25
f 40/25/25 78/25/25 38/25/25
f 42/25/25 79/25/25 40/25/25
f 43/25/25 80/25/25 42/25/25
f 45/22/28 81/49/56 43/24/26
f 47/20/30 82/47/57 45/22/28
f 47/20/30 83/46/58 84/48/59
f 51/28/34 85/45/60 83/46/61
f 85/50/62 50/35/41 86/51/63
f 53/30/36 87/52/64 88/53/65
f 61/39/45 87/52/64 59/37/43
f 2/2/2 89/54/66 61/39/45
f 64/42/48 90/55/67 91/56/68
f 63/41/47 92/57/69 90/55/67
f 93/58/70 92/57/69 65/43/49
f 67/59/71 94/60/72 93/58/70
f 68/46/73 95/61/74 67/45/51
f 70/48/54 96/62/75 68/46/52
f 70/48/54 97/63/76 98/64/77
f 69/47/53 99/65/78 97/63/76
f 71/25/25 100/25/25 99/25/25
f 72/25/25 101/25/25 100/25/25
f 73/25/25 102/25/25 101/25/25
f 74/25/25 103/25/25 102/25/25
f 75/25/25 104/25/25 103/25/25
f 77/25/25 104/25/25 76/25/25
f 78/25/25 105/25/25 77/25/25
f 79/25/25 106/25/25 78/25/25
f 80/25/25 107/25/25 79/25/25
f 81/25/25 108/25/25 80/25/25
f 82/47/57 109/65/79 81/49/56
f 84/48/59 110/63/80 82/47/57
f 84/48/59 111/62/81 112/64/82
f 83/46/61 113/61/83 111/62/84
f 85/50/62 114/66/85 113/67/86
f 88/53/65 115/68/87 114/66/85
f 89/54/66 115/68/87 87/52/64
f 64/42/48 116/69/88 89/54/66
f 91/56/68 117/70/89 118/71/90
f 90/55/67 119/72/91 117/70/89
f 92/57/69 120/73/92 119/72/91
f 94/60/72 121/74/93 120/73/92
f 96/62/94 121/75/95 95/61/74
f 98/64/77 122/76/96 96/62/75
f 98/64/77 123/77/97 124/78/98
f 97/63/76 125/79/99 123/77/97
f 100/25/100 125/25/101 99/25/102
f 100/25/100 126/25/103 127/25/104
f 101/25/25 126/25/25 100/25/25
f 102/25/25 128/25/25 101/25/25
f 103/25/25 129/25/25 102/25/25
f 104/25/25 130/25/25 103/25/25
f 104/25/25 131/25/25 132/25/25
f 105/25/25 133/25/25 131/25/25
f 106/25/25 134/25/25 133/25/25
f 107/25/25 135/25/25 134/25/25
f 108/25/105 136/25/106 135/25/107
f 108/25/105 137/25/101 136/25/106
f 110/63/80 137/79/108 109/65/79
f 112/64/82 138/77/109 110/63/80
f 112/64/82 139/76/110 140/78/111
f 111/62/84 141/75/112 139/76/113
f 114/66/85 141/80/114 113/67/86
f 115/68/87 142/81/115 114/66/85
f 116/69/88 143/82/116 115/68/87
f 91/56/68 144/83/117 116/69/88
f 118/71/90 145/84/118 146/85/90
f 117/70/89 147/86/119 145/84/118
f 119/72/91 148/87/120 147/86/119
f 120/73/92 149/88/121 148/87/120
f 122/76/122 149/89/123 121/75/95
f 124/78/98 150/90/96 122/76/96
f 124/78/98 151/91/124 152/92/125
f 123/77/97 153/93/126 151/91/124
f 125/25/101 154/25/127 153/25/128
f 127/25/129 155/25/129 154/25/129
f 128/25/25 155/25/25 126/25/25
f 129/25/25 156/25/25 128/25/25
f 130/25/25 157/25/25 129/25/25
f 132/25/25 158/25/25 130/25/25
f 131/25/25 159/25/25 132/25/25
f 133/25/25 160/25/25 131/25/25
f 134/25/25 161/25/25 133/25/25
f 135/25/25 162/25/25 134/25/25
f 136/25/130 163/25/130 135/25/130
f 137/25/101 164/25/127 136/25/106
f 138/77/109 165/93/131 137/79/108
f 140/78/111 166/91/132 138/77/109
f 140/78/111 167/90/110 168/92/133
f 139/76/113 169/89/134 167/90/135
f 142/81/115 169/94/136 141/80/114
f 143/82/116 170/95/137 142/81/115
f 144/83/117 171/96/138 143/82/116
f 118/71/90 172/97/139 144/83/117
f 146/85/90 173/98/118 174/99/90
f 145/84/118 175/100/140 173/98/118
f 147/86/119 176/101/141 175/100/140
f 148/87/120 177/102/142 176/101/141
f 150/90/143 177/103/144 149/89/123
f 152/92/125 178/104/96 150/90/96
f 152/92/125 179/105/145 180/106/146
f 151/91/124 181/107/147 179/105/145
f 153/25/128 182/25/148 181/25/149
f 154/25/129 183/25/129 182/25/129
f 156/25/25 183/25/25 155/25/25
f 157/25/25 184/25/25 156/25/25
f 158/25/25 185/25/25 157/25/25
f 159/25/25 186/25/25 158/25/25
f 160/25/25 187/25/25 159/25/25
f 161/25/25 188/25/25 160/25/25
f 162/25/25 189/25/25 161/25/25
f 163/25/25 190/25/25 162/25/25
f 164/25/130 191/25/130 163/25/130
f 165/25/128 192/25/148 164/25/127
f 166/91/132 193/107/150 165/93/131
f 168/92/133 194/105/151 166/91/132
f 168/92/133 195/104/110 196/106/152
f 167/90/135 197/103/153 195/104/154
f 170/95/137 197/108/155 169/94/136
f 171/96/138 198/109/156 170/95/137
f 172/97/139 199/110/157 171/96/138
f 146/85/90 200/111/139 172/97/139
f 174/99/90 201/112/118 202/113/90
f 173/98/118 203/114/158 201/112/118
f 175/100/140 204/115/159 203/114/158
f 176/101/141 205/116/160 204/115/159
f 178/104/161 205/117/162 177/103/144
f 178/104/96 206/118/96 207/119/96
f 180/25/146 208/25/163 206/25/164
f 179/25/145 209/25/165 208/25/163
f 181/25/149 210/25/166 209/25/167
f 182/25/129 211/25/129 210/25/129
f 184/25/25 211/25/25 183/25/25
f 185/25/25 212/25/25 184/25/25
f 186/25/25 213/25/25 185/25/25
f 187/25/25 214/25/25 186/25/25
f 188/25/25 215/25/25 187/25/25
f 189/25/25 216/25/25 188/25/25
f 190/25/25 217/25/25 189/25/25
f 191/25/25 218/25/25 190/25/25
f 192/25/130 219/25/130 191/25/130
f 193/25/149 220/25/166 192/25/148
f 194/105/151 221/120/168 193/107/150
f 196/106/152 222/121/169 194/105/151
f 195/104/110 223/118/110 196/106/152
f 195/104/154 224/117/170 225/119/171
f 198/109/156 224/122/172 197/108/155
f 199/110/157 226/123/173 198/109/156
f 200/111/139 227/124/174 199/110/157
f 174/99/90 228/125/139 200/111/139
f 202/113/90 229/126/175 230/127/176
f 201/112/118 231/128/177 229/126/175
f 203/114/158 232/129/178 231/128/177
f 205/116/160 232/129/178 204/115/159
f 207/119/179 233/130/180 205/117/162
f 207/119/96 234/131/181 235/132/182
f 206/25/164 236/25/183 234/25/184
f 208/25/163 237/25/185 236/25/183
f 209/25/167 238/25/25 237/25/186
f 210/25/129 239/25/129 238/25/129
f 212/25/25 239/25/25 211/25/25
f 213/25/25 240/25/25 212/25/25
f 214/25/25 241/25/25 213/25/25
f 215/25/25 242/25/25 214/25/25
f 216/25/25 243/25/25 215/25/25
f 217/25/25 244/25/25 216/25/25
f 218/25/25 245/25/25 217/25/25
f 219/25/25 246/25/25 218/25/25
f 220/25/130 247/25/130 219/25/130
f 221/25/167 248/25/25 220/25/166
f 222/25/169 249/25/187 221/25/168
f 223/25/188 250/25/189 222/25/169
f 225/119/110 251/131/190 223/118/110
f 225/119/171 252/130/191 253/132/192
f 224/122/172 254/133/193 252/134/194
f 227/124/174 254/133/193 226/123/173
f 228/125/139 255/135/195 227/124/174
f 202/113/90 256/136/196 228/125/139
f 230/127/176 257/137/197 258/138/198
f 229/126/175 259/139/199 257/137/197
f 232/129/178 259/139/199 231/128/177
f 232/129/178 260/140/200 261/141/201
f 233/130/180 262/142/202 260/143/200
f 234/131/181 262/142/203 235/132/182
f 236/25/183 263/25/204 234/25/184
f 237/25/185 264/25/205 236/25/183
f 238/25/25 265/25/206 237/25/186
f 239/25/129 266/25/129 238/25/129
f 240/25/25 267/25/25 239/25/25
f 241/25/25 268/25/25 240/25/25
f 242/25/25 269/25/25 241/25/25
f 243/25/25 270/25/25 242/25/25
f 244/25/25 271/25/25 243/25/25
f 245/25/25 272/25/25 244/25/25
f 246/25/25 273/25/25 245/25/25
f 247/25/25 274/25/25 246/25/25
f 247/25/130 275/25/130 276/25/130
f 248/25/25 277/25/206 275/25/207
f 249/25/187 278/25/208 277/25/209
f 250/25/189 279/25/210 278/25/208
f 251/131/190 280/142/211 279/144/211
f 252/130/191 280/142/212 253/132/192
f 254/133/193 281/145/213 252/134/194
f 254/133/193 282/146/214 283/147/215
f 256/136/196 282/146/214 255/135/195
f 230/127/176 284/148/216 256/136/196
f 258/138/198 285/149/217 286/150/218
f 257/137/197 287/151/219 285/149/217
f 261/141/201 287/151/219 259/139/199
f 261/141/201 288/152/220 289/153/221
f 260/143/200 290/154/222 288/155/220
f 263/144/203 290/154/223 262/142/203
f 264/25/205 291/25/224 263/25/204
f 265/25/225 292/25/226 264/25/205
f 266/25/207 293/25/227 265/25/206
f 267/25/129 294/25/129 266/25/129
f 268/25/25 295/25/25 267/25/25
f 269/25/25 296/25/25 268/25/25
f 270/25/25 297/25/25 269/25/25
f 271/25/25 298/25/25 270/25/25
f 272/25/25 299/25/25 271/25/25
f 273/25/25 300/25/25 272/25/25
f 274/25/25 301/25/25 273/25/25
f 276/25/25 302/25/25 274/25/25
f 276/25/130 303/25/130 304/25/130
f 275/25/207 305/25/227 303/25/228
f 277/156/209 306/157/229 305/158/230
f 278/159/208 307/160/231 306/157/229
f 279/144/211 308/154/232 307/160/231
f 281/143/213 308/154/233 280/142/212
f 283/147/215 309/161/234 281/145/213
f 283/147/215 310/162/235 311/163/236
f 284/148/216 310/162/235 282/146/214
f 258/138/198 312/164/237 284/148/216
f 286/150/218 313/165/238 314/166/239
f 285/149/217 315/167/240 313/165/238
f 289/153/221 315/167/240 287/151/219
f 289/153/221 316/168/241 317/169/242
f 288/155/220 318/170/243 316/171/241
f 290/154/223 319/172/244 318/170/245
f 292/157/226 319/172/244 291/160/224
f 293/158/246 320/173/247 292/157/226
f 294/25/228 321/25/248 293/25/227
f 295/25/129 322/25/129 294/25/129
f 296/25/25 323/25/25 295/25/25
f 297/25/25 324/25/25 296/25/25
f 298/25/25 325/25/25 297/25/25
f 299/25/25 326/25/25 298/25/25
f 300/25/25 327/25/25 299/25/25
f 301/25/25 328/25/25 300/25/25
f 302/25/25 329/25/25 301/25/25
f 304/25/25 330/25/25 302/25/25
f 304/25/130 331/25/130 332/25/130
f 303/25/228 333/25/248 331/25/249
f 305/158/230 334/173/250 333/174/251
f 306/157/229 335/172/252 334/173/250
f 308/154/232 335/172/252 307/160/231
f 309/155/234 336/170/253 308/154/233
f 311/163/236 337/175/254 309/161/234
f 311/163/236 338/176/255 339/177/256
f 312/164/237 338/176/255 310/162/235
f 286/150/218 340/178/257 312/164/237
f 314/166/239 341/179/258 342/180/259
f 313/165/238 343/181/260 341/179/258
f 317/169/242 343/181/260 315/167/240
f 317/169/242 344/182/261 345/183/262
f 316/171/241 346/184/263 344/185/261
f 318/170/245 347/186/264 346/184/265
f 320/173/247 347/186/264 319/172/244
f 321/174/266 348/187/267 320/173/247
f 322/25/249 349/25/268 321/25/248
f 323/25/129 350/25/129 322/25/129
f 324/25/25 351/25/25 323/25/25
f 325/25/25 352/25/25 324/25/25
f 326/25/25 353/25/25 325/25/25
f 327/25/25 354/25/25 326/25/25
f 328/25/25 355/25/25 327/25/25
f 329/25/25 356/25/25 328/25/25
f 330/25/25 357/25/25 329/25/25
f 332/25/25 358/25/25 330/25/25
f 332/25/130 359/25/130 360/25/130
f 331/25/249 361/25/268 359/25/269
f 333/174/251 362/187/270 361/188/271
f 334/173/250 363/186/272 362/187/270
f 336/170/273 363/186/272 335/172/252
f 337/171/254 364/184/274 336/170/253
f 339/177/256 365/189/275 337/175/254
f 339/177/256 366/190/276 367/191/277
f 340/178/257 366/190/276 338/176/255
f 314/166/239 368/192/278 340/178/257
f 342/180/259 369/193/279 370/194/280
f 341/179/258 371/195/281 369/193/279
f 343/181/260 372/196/282 371/195/281
f 345/183/262 373/197/283 372/196/282
f 344/185/261 374/198/284 373/199/283
f 346/184/265 375/200/285 374/198/265
f 348/187/267 375/200/285 347/186/264
f 349/188/286 376/201/287 348/187/267
f 349/25/268 377/25/288 378/25/289
f 350/25/290 351/25/291 377/25/288
f 351/25/25 379/25/25 377/25/25
f 352/25/25 380/25/25 379/25/25
f 353/25/25 381/25/25 380/25/25
f 354/25/25 382/25/25 381/25/25
f 356/25/25 382/25/25 355/25/25
f 357/25/25 383/25/25 356/25/25
f 358/25/25 384/25/25 357/25/25
f 360/25/25 385/25/25 358/25/25
f 360/25/292 359/25/269 386/25/293
f 361/25/268 386/25/293 359/25/269
f 361/188/271 387/201/294 388/202/295
f 362/187/270 389/200/296 387/201/294
f 364/184/297 389/200/296 363/186/272
f 365/185/275 390/198/298 364/184/274
f 367/191/277 391/203/299 365/189/275
f 366/190/276 392/204/300 367/191/277
f 368/192/278 393/205/301 366/190/276
f 342/180/259 394/206/302 368/192/278
f 370/194/280 395/207/303 396/208/304
f 369/193/279 397/209/305 395/207/303
f 371/195/281 398/210/306 397/209/305
f 372/211/282 399/212/307 398/213/306
f 373/199/283 400/214/308 399/212/307
f 374/198/265 401/215/309 400/214/310
f 376/201/287 401/215/309 375/200/285
f 378/202/311 402/216/312 376/201/287
f 377/25/25 403/25/25 378/25/25
f 379/25/25 404/25/25 377/25/25
f 380/25/25 405/25/25 379/25/25
f 381/25/25 406/25/25 380/25/25
f 382/25/25 407/25/25 381/25/25
f 382/25/25 408/25/25 409/25/25
f 383/25/25 410/25/25 408/25/25
f 384/25/25 411/25/25 410/25/25
f 385/25/25 412/25/25 411/25/25
f 386/25/25 413/25/25 412/25/25
f 388/202/295 414/216/313 413/217/313
f 387/201/294 415/215/314 414/216/313
f 390/198/297 415/215/314 389/200/296
f 391/199/299 416/214/315 390/198/298
f 392/204/300 417/218/316 391/203/299
f 393/205/301 418/219/317 392/204/300
f 394/206/302 419/220/318 393/205/301
f 370/194/280 420/221/319 394/206/302
f 396/208/304 421/222/320 422/223/321
f 395/207/303 423/224/322 421/222/320
f 397/209/305 424/225/323 423/224/322
f 398/213/306 425/226/324 424/227/323
f 399/212/307 426/228/325 425/226/324
f 401/215/309 426/228/326 400/214/310
f 402/216/312 427/229/327 401/215/309
f 403/217/312 428/230/328 402/216/312
f 404/25/25 429/25/25 403/25/25
f 405/25/25 430/25/25 404/25/25
f 406/25/25 431/25/25 405/25/25
f 407/25/25 432/25/25 406/25/25
f 409/25/25 433/25/25 407/25/25
f 409/25/25 434/25/25 435/25/25
f 408/25/25 436/25/25 434/25/25
f 410/25/25 437/25/25 436/25/25
f 411/25/25 438/25/25 437/25/25
f 412/25/25 439/25/25 438/25/25
f 413/217/313 440/230/329 439/231/329
f 414/216/313 441/229/330 440/230/329
f 416/214/331 441/229/330 415/215/314
f 417/212/316 442/228/332 416/214/315
f 418/213/317 443/226/333 417/212/316
f 419/220/318 444/232/334 418/219/317
f 420/221/319 445/233/335 419/220/318
f 396/208/304 446/234/336 420/221/319
f 422/223/321 447/235/337 448/236/338
f 421/222/320 449/237/339 447/235/337
f 423/238/322 450/239/340 449/240/339
f 424/227/323 451/241/341 450/239/340
f 425/226/324 452/242/342 451/241/341
f 427/229/327 452/242/343 426/228/326
f 428/230/328 453/243/344 427/229/327
f 429/231/328 454/244/345 428/230/328
f 430/25/25 455/25/25 429/25/25
f 431/25/25 456/25/25 430/25/25
f 432/25/25 457/25/25 431/25/25
f 433/25/25 458/25/25 432/25/25
f 435/25/25 459/25/25 433/25/25
f 435/25/25 460/25/25 461/25/25
f 434/25/25 462/25/25 460/25/25
f 436/25/25 463/25/25 462/25/25
f 437/25/25 464/25/25 463/25/25
f 438/25/25 465/25/25 464/25/25
f 439/231/329 466/244/346 465/245/346
f 440/230/329 467/243/347 466/244/346
f 442/228/348 467/243/347 441/229/330
f 443/226/333 468/242/349 442/228/332
f 444/227/334 469/241/350 443/226/333
f 445/233/335 470/246/351 444/232/334
f 446/234/336 471/247/352 445/233/335
f 422/223/321 472/248/353 446/234/336
f 447/235/337 473/249/354 448/236/338
f 447/235/337 474/250/355 475/251/356
f 449/240/339 476/252/357 474/253/358
f 450/239/340 477/254/359 476/252/357
f 451/241/341 478/255/360 477/254/359
f 453/243/344 478/255/361 452/242/343
f 454/244/345 479/256/362 453/243/344
f 455/245/345 480/257/363 454/244/345
f 456/25/25 481/25/25 455/25/25
f 457/25/25 482/25/25 456/25/25
f 458/25/25 483/25/25 457/25/25
f 459/25/25 484/25/25 458/25/25
f 461/25/25 485/25/25 459/25/25
f 461/25/25 486/25/25 487/25/25
f 460/25/25 488/25/25 486/25/25
f 462/25/25 489/25/25 488/25/25
f 463/25/25 490/25/25 489/25/25
f 464/25/25 491/25/25 490/25/25
f 465/245/346 492/257/364 491/258/364
f 466/244/346 493/256/365 492/257/364
f 468/242/366 493/256/365 467/243/347
f 469/241/350 494/255/367 468/242/349
f 470/239/351 495/254/368 469/241/350
f 471/240/352 496/252/369 470/239/351
f 472/248/353 497/259/370 471/247/352
f 472/248/353 473/249/354 498/260/371
f 473/249/354 499/261/372 500/262/373
f 475/251/356 501/263/374 499/261/372
f 474/253/358 502/264/375 501/265/376
f 477/254/359 502/264/375 476/252/357
f 478/255/360 503/266/377 477/254/359
f 479/256/362 504/267/129 478/255/361
f 480/257/363 505/268/378 479/256/362
f 481/258/363 506/269/379 480/257/363
f 482/25/25 507/25/25 481/25/25
f 483/25/25 508/25/25 482/25/25
f 484/25/25 509/25/25 483/25/25
f 485/25/25 510/25/25 484/25/25
f 487/25/25 511/25/25 485/25/25
f 486/25/25 512/25/25 487/25/25
f 488/25/25 513/25/25 486/25/25
f 489/25/25 514/25/25 488/25/25
f 490/25/25 515/25/25 489/25/25
f 491/25/25 516/25/25 490/25/25
f 492/257/364 517/270/380 491/258/364
f 493/256/365 518/269/380 492/257/364
f 493/256/365 519/267/130 520/268/381
f 494/255/367 521/266/382 519/267/383
f 495/254/368 522/264/384 521/266/382
f 497/253/385 522/264/384 496/252/369
f 498/260/371 523/271/386 497/259/370
f 473/249/354 524/272/387 498/260/371
f 500/262/373 525/273/388 526/274/389
f 499/261/372 527/275/390 525/273/388
f 501/265/376 528/276/391 527/277/392
f 503/266/377 528/276/391 502/264/375
f 504/267/393 529/278/394 503/266/377
f 505/268/378 530/279/129 504/267/129
f 506/269/379 531/280/378 505/268/378
f 507/270/379 532/281/379 506/269/379
f 508/25/25 533/25/25 507/25/25
f 509/25/25 534/25/25 508/25/25
f 510/25/25 535/25/25 509/25/25
f 511/25/25 536/25/25 510/25/25
f 512/25/25 537/25/25 511/25/25
f 513/25/25 538/25/25 512/25/25
f 514/25/25 539/25/25 513/25/25
f 515/25/25 540/25/25 514/25/25
f 516/25/25 541/25/25 515/25/25
f 517/25/25 542/25/25 516/25/25
f 518/269/380 543/282/380 517/270/380
f 520/268/381 544/281/380 518/269/380
f 520/268/381 545/279/130 546/280/381
f 519/267/383 547/278/395 545/279/396
f 521/266/382 548/276/397 547/278/395
f 523/265/398 548/276/397 522/264/384
f 524/272/387 549/283/399 523/271/386
f 500/262/373 550/284/400 524/272/387
f 526/274/389 551/285/401 552/286/402
f 525/273/388 553/287/403 551/285/401
f 528/276/391 553/288/403 527/277/392
f 529/278/394 554/289/404 528/276/391
f 530/279/405 555/290/406 529/278/394
f 531/280/378 556/291/407 530/279/129
f 532/281/379 557/292/408 531/280/378
f 533/282/379 558/293/409 532/281/379
f 534/25/25 559/25/25 533/25/25
f 535/25/25 560/25/25 534/25/25
f 536/25/25 561/25/25 535/25/25
f 537/25/25 562/25/25 536/25/25
f 538/25/25 563/25/25 537/25/25
f 539/25/25 564/25/25 538/25/25
f 540/25/25 565/25/25 539/25/25
f 541/25/25 566/25/25 540/25/25
f 542/25/25 567/25/25 541/25/25
f 543/25/25 568/25/25 542/25/25
f 544/281/380 569/294/410 543/282/380
f 546/280/381 570/293/410 544/281/380
f 546/280/381 571/291/411 572/292/412
f 545/279/396 573/290/413 571/291/414
f 547/278/395 574/289/415 573/290/413
f 548/276/397 575/288/416 574/289/415
f 550/284/400 575/295/416 549/283/399
f 526/274/389 576/296/417 550/284/400
f 551/285/401 577/297/418 552/286/402
f 553/287/403 578/298/419 551/285/401
f 554/289/404 579/299/420 553/288/403
f 555/290/406 580/300/421 581/301/422
f 556/291/423 582/302/424 555/290/406
f 557/292/408 583/303/425 556/291/407
f 557/292/408 584/304/426 585/305/427
f 558/293/409 586/306/426 584/304/426
f 559/25/25 587/25/25 586/25/25
f 560/25/25 588/25/25 587/25/25
f 561/25/25 589/25/25 588/25/25
f 562/25/25 590/25/25 589/25/25
f 563/25/25 591/25/25 590/25/25
f 565/25/25 591/25/25 564/25/25
f 566/25/25 592/25/25 565/25/25
f 567/25/25 593/25/25 566/25/25
f 568/25/25 594/25/25 567/25/25
f 569/25/25 595/25/25 568/25/25
f 570/293/410 596/306/428 569/294/410
f 572/292/412 597/304/428 570/293/410
f 572/292/412 598/303/429 599/305/430
f 571/291/414 600/302/431 598/303/432
f 601/300/433 573/290/413 602/307/434
f 574/289/415 603/299/435 604/308/436
f 575/295/416 605/309/437 603/310/435
f 576/296/417 577/297/418 605/309/437
f 578/298/419 606/311/438 577/297/418
f 579/312/420 607/313/439 578/298/419
f 579/312/420 608/314/440 609/315/441
f 610/316/442 611/317/443 612/318/444
f 613/308/445 614/319/446 608/320/440
f 583/303/447 612/318/444 582/302/424
f 585/305/427 615/321/448 583/303/425
f 585/305/427 616/322/449 617/323/450
f 584/304/426 618/324/449 616/322/449
f 586/25/25 619/25/25 618/25/25
f 587/25/25 620/25/25 619/25/25
f 588/25/25 621/25/25 620/25/25
f 589/25/25 622/25/25 621/25/25
f 590/25/25 623/25/25 622/25/25
f 592/25/25 623/25/25 591/25/25
f 593/25/25 624/25/25 592/25/25
f 594/25/25 625/25/25 593/25/25
f 595/25/25 626/25/25 594/25/25
f 596/25/25 627/25/25 595/25/25
f 597/304/428 628/324/451 596/306/428
f 599/305/430 629/322/451 597/304/428
f 599/305/430 630/321/452 631/323/453
f 598/303/432 632/318/454 630/321/455
f 633/325/456 604/308/436 634/320/457
f 635/326/458 632/318/454 636/317/459
f 635/327/460 637/328/461 638/329/462
f 603/310/435 639/330/463 640/331/464
f 605/309/437 606/311/438 639/330/463
f 607/313/439 641/332/438 606/311/438
f 642/333/465 643/334/466 607/313/439
f 644/335/467 645/336/468 642/333/465
f 612/318/444 646/337/469 644/326/467
f 615/321/470 647/338/471 612/318/444
f 617/323/450 648/339/448 615/321/448
f 617/323/450 649/340/472 650/341/473
f 616/322/449 651/342/474 649/340/472
f 618/25/25 652/25/25 651/25/25
f 619/25/25 653/25/25 652/25/25
f 620/25/25 654/25/25 653/25/25
f 621/25/25 655/25/25 654/25/25
f 622/25/25 656/25/25 655/25/25
f 624/25/25 656/25/25 623/25/25
f 625/25/25 657/25/25 624/25/25
f 626/25/25 658/25/25 625/25/25
f 627/25/25 659/25/25 626/25/25
f 628/25/25 660/25/25 627/25/25
f 629/322/451 661/342/475 628/324/451
f 631/323/453 662/340/476 629/322/451
f 631/323/453 663/339/452 664/341/477
f 630/321/455 665/338/478 663/339/479
f 632/343/454 666/344/480 665/345/478
f 635/327/460 667/346/481 666/344/480
f 640/331/464 668/347/482 667/346/481
f 639/330/463 641/332/438 668/347/482
f 643/334/466 669/348/483 641/332/438
f 645/336/468 670/349/484 643/334/466
f 646/350/469 671/351/485 645/336/468
f 647/352/471 672/353/486 646/350/469
f 648/339/487 673/354/488 647/338/471
f 650/341/473 674/355/448 648/339/448
f 650/341/473 675/356/489 676/357/490
f 649/340/472 677/358/491 675/356/489
f 652/25/492 677/25/493 651/25/102
f 652/25/492 678/25/494 679/25/495
f 653/25/25 678/25/25 652/25/25
f 654/25/25 680/25/25 653/25/25
f 655/25/25 681/25/25 654/25/25
f 656/25/25 682/25/25 655/25/25
f 656/25/25 683/25/25 684/25/25
f 657/25/25 685/25/25 683/25/25
f 658/25/25 686/25/25 685/25/25
f 659/25/25 687/25/25 686/25/25
f 660/25/496 688/25/497 687/25/498
f 660/25/496 689/25/493 688/25/497
f 662/340/476 689/358/499 661/342/475
f 664/341/477 690/356/500 662/340/476
f 664/341/477 691/355/452 692/357/501
f 663/339/479 693/354/502 691/355/503
f 665/345/478 694/359/504 693/360/502
f 666/344/480 695/361/505 694/359/504
f 667/346/481 696/362/506 695/361/505
f 668/347/482 669/348/483 696/362/506
f 670/349/484 697/363/507 669/348/483
f 671/351/485 698/364/508 670/349/484
f 672/353/486 699/365/509 671/351/485
f 673/366/488 700/367/510 672/353/486
f 674/355/511 701/368/512 673/354/488
f 676/357/490 702/369/513 674/355/448
f 676/357/490 703/370/514 704/371/515
f 675/356/489 705/372/516 703/370/514
f 677/25/493 706/25/127 705/25/517
f 679/25/129 707/25/129 706/25/129
f 680/25/25 707/25/25 678/25/25
f 681/25/25 708/25/25 680/25/25
f 682/25/25 709/25/25 681/25/25
f 684/25/25 710/25/25 682/25/25
f 683/25/25 711/25/25 684/25/25
f 685/25/25 712/25/25 683/25/25
f 686/25/25 713/25/25 685/25/25
f 687/25/25 714/25/25 686/25/25
f 688/25/130 715/25/130 687/25/130
f 689/25/493 716/25/127 688/25/497
f 690/356/500 717/372/518 689/358/499
f 692/357/501 718/370/519 690/356/500
f 692/357/501 719/369/520 720/371/521
f 691/355/503 721/368/522 719/369/523
f 693/360/502 722/373/524 721/374/522
f 694/359/504 723/375/525 722/373/524
f 695/361/505 724/376/526 723/375/525
f 696/362/506 697/363/507 724/376/526
f 697/363/507 725/377/527 726/378/528
f 698/364/508 727/379/529 725/377/527
f 699/365/509 728/380/530 727/379/529
f 701/381/512 728/380/530 700/367/510
f 702/369/531 729/382/532 701/368/512
f 704/371/515 730/383/533 702/369/513
f 704/371/515 731/384/534 732/385/535
f 703/370/514 733/386/536 731/384/534
f 705/25/517 734/25/148 733/25/537
f 706/25/129 735/25/129 734/25/129
f 708/25/25 735/25/25 707/25/25
f 709/25/25 736/25/25 708/25/25
f 710/25/25 737/25/25 709/25/25
f 711/25/25 738/25/25 710/25/25
f 712/25/25 739/25/25 711/25/25
f 713/25/25 740/25/25 712/25/25
f 714/25/25 741/25/25 713/25/25
f 715/25/25 742/25/25 714/25/25
f 716/25/130 743/25/130 715/25/130
f 717/25/517 744/25/148 716/25/127
f 718/370/519 745/386/538 717/372/518
f 720/371/521 746/384/539 718/370/519
f 720/371/521 747/383/540 748/385/541
f 719/369/523 749/382/542 747/383/543
f 721/374/522 750/387/544 749/388/545
f 723/375/525 750/387/544 722/373/524
f 724/376/526 751/389/546 723/375/525
f 697/363/507 752/390/547 724/376/526
f 726/378/528 753/391/548 754/392/549
f 725/377/527 755/393/550 753/391/548
f 727/379/529 756/394/551 755/393/550
f 728/380/530 757/395/552 756/394/551
f 730/396/553 757/395/554 729/397/532
f 730/396/533 758/398/555 759/398/555
f 732/25/535 760/25/556 758/25/557
f 731/25/534 761/25/558 760/25/556
f 733/25/537 762/25/166 761/25/559
f 734/25/129 763/25/129 762/25/129
f 736/25/25 763/25/25 735/25/25
f 737/25/25 764/25/25 736/25/25
f 738/25/25 765/25/25 737/25/25
f 739/25/25 766/25/25 738/25/25
f 740/25/25 767/25/25 739/25/25
f 741/25/25 768/25/25 740/25/25
f 742/25/25 769/25/25 741/25/25
f 743/25/25 770/25/25 742/25/25
f 744/25/130 771/25/130 743/25/130
f 745/25/537 772/25/166 744/25/148
f 746/399/539 773/400/560 745/401/538
f 748/402/541 774/403/561 746/399/539
f 747/402/540 775/404/562 748/402/541
f 747/402/543 776/405/563 777/404/564
f 750/387/544 776/405/565 749/388/545
f 751/389/546 778/406/566 750/387/544
f 752/390/547 779/407/567 751/389/546
f 726/378/528 780/408/568 752/390/547
f 754/392/549 781/409/569 782/410/570
f 753/391/548 783/411/571 781/409/569
f 755/393/550 784/412/572 783/411/571
f 756/394/551 785/413/573 784/412/572
f 759/398/574 785/413/575 757/395/554
f 759/398/555 786/414/576 787/414/577
f 758/25/557 788/25/578 786/25/579
f 760/25/556 789/25/580 788/25/578
f 761/25/559 790/25/25 789/25/581
f 762/25/129 791/25/129 790/25/129
f 764/25/25 791/25/25 763/25/25
f 765/25/25 792/25/25 764/25/25
f 766/25/25 793/25/25 765/25/25
f 767/25/25 794/25/25 766/25/25
f 768/25/25 795/25/25 767/25/25
f 769/25/25 796/25/25 768/25/25
f 770/25/25 797/25/25 769/25/25
f 771/25/25 798/25/25 770/25/25
f 772/25/130 799/25/130 771/25/130
f 773/25/559 800/25/25 772/25/166
f 774/25/561 801/25/582 773/25/560
f 775/25/583 802/25/584 774/25/561
f 777/404/562 803/415/585 775/404/562
f 777/404/564 804/416/586 805/415/587
f 778/406/566 804/416/588 776/405/565
f 779/407/567 806/417/589 778/406/566
f 780/408/568 807/418/590 779/407/567
f 754/392/549 808/419/591 780/408/568
f 782/410/570 809/420/592 810/421/593
f 781/409/569 811/422/594 809/420/592
f 783/411/571 812/423/595 811/422/594
f 784/412/572 813/424/596 812/423/595
f 787/414/597 813/424/598 785/413/575
f 786/414/576 814/425/599 787/414/577
f 788/25/578 815/25/600 786/25/579
f 789/25/580 816/25/601 788/25/578
f 790/25/25 817/25/602 789/25/581
f 791/25/129 818/25/129 790/25/129
f 792/25/25 819/25/25 791/25/25
f 793/25/25 820/25/25 792/25/25
f 794/25/25 821/25/25 793/25/25
f 795/25/25 822/25/25 794/25/25
f 796/25/25 823/25/25 795/25/25
f 797/25/25 824/25/25 796/25/25
f 798/25/25 825/25/25 797/25/25
f 799/25/25 826/25/25 798/25/25
f 799/25/130 827/25/130 828/25/130
f 800/25/25 829/25/602 827/25/207
f 801/25/582 830/25/603 829/25/604
f 802/25/584 831/25/605 830/25/603
f 803/415/585 832/426/606 831/426/606
f 805/415/587 833/427/607 832/426/608
f 806/417/589 833/427/609 804/416/588
f 807/418/590 834/428/610 806/417/589
f 808/419/591 835/429/611 807/418/590
f 782/410/570 836/430/612 808/419/591
f 810/421/593 837/431/613 838/432/593
f 809/420/592 839/433/614 837/431/613
f 811/422/594 840/434/615 839/433/614
f 812/423/595 841/435/616 840/434/615
f 814/425/617 841/435/618 813/424/598
f 815/425/599 842/436/599 814/425/599
f 816/25/601 843/25/619 815/25/600
f 817/25/620 844/25/621 816/25/601
f 818/25/207 845/25/622 817/25/602
f 819/25/129 846/25/129 818/25/129
f 820/25/25 847/25/25 819/25/25
f 821/25/25 848/25/25 820/25/25
f 822/25/25 849/25/25 821/25/25
f 823/25/25 850/25/25 822/25/25
f 824/25/25 851/25/25 823/25/25
f 825/25/25 852/25/25 824/25/25
f 826/25/25 853/25/25 825/25/25
f 828/25/25 854/25/25 826/25/25
f 828/25/130 855/25/130 856/25/130
f 827/25/207 857/25/622 855/25/228
f 829/437/604 858/438/623 857/439/624
f 830/440/603 859/441/625 858/438/623
f 831/426/606 860/441/606 859/441/625
f 832/426/608 861/442/626 860/441/627
f 834/428/610 861/442/628 833/427/609
f 835/429/611 862/443/629 834/428/610
f 836/430/612 863/444/630 835/429/611
f 810/421/593 864/445/631 836/430/612
f 838/432/593 865/446/632 866/447/633
f 837/431/613 867/448/634 865/446/632
f 839/433/614 868/449/635 867/448/634
f 840/434/615 869/450/636 868/449/635
f 842/436/637 869/450/638 841/435/618
f 843/436/619 870/451/599 842/436/599
f 844/452/621 871/451/639 843/436/619
f 845/453/640 872/454/641 844/452/621
f 846/25/228 873/25/642 845/25/622
f 847/25/129 874/25/129 846/25/129
f 848/25/25 875/25/25 847/25/25
f 849/25/25 876/25/25 848/25/25
f 850/25/25 877/25/25 849/25/25
f 851/25/25 878/25/25 850/25/25
f 852/25/25 879/25/25 851/25/25
f 853/25/25 880/25/25 852/25/25
f 854/25/25 881/25/25 853/25/25
f 856/25/25 882/25/25 854/25/25
f 856/25/130 883/25/130 884/25/130
f 855/25/228 885/25/642 883/25/249
f 857/439/624 886/455/643 885/456/644
f 858/438/623 887/457/645 886/455/643
f 859/441/625 888/457/606 887/457/645
f 860/441/627 889/458/646 888/457/647
f 862/443/629 889/458/648 861/442/628
f 863/444/630 890/459/649 862/443/629
f 864/445/631 891/460/650 863/444/630
f 838/432/593 892/461/651 864/445/631
f 866/447/633 893/462/652 894/463/653
f 865/446/632 895/464/654 893/462/652
f 867/448/634 896/465/655 895/464/654
f 868/449/635 897/466/656 896/465/655
f 870/451/657 897/466/658 869/450/638
f 871/451/639 898/467/599 870/451/599
f 872/454/641 899/467/659 871/451/639
f 873/468/660 900/469/661 872/470/641
f 874/25/249 901/25/662 873/25/642
f 875/25/129 902/25/129 874/25/129
f 876/25/25 903/25/25 875/25/25
f 877/25/25 904/25/25 876/25/25
f 878/25/25 905/25/25 877/25/25
f 879/25/25 906/25/25 878/25/25
f 880/25/25 907/25/25 879/25/25
f 881/25/25 908/25/25 880/25/25
f 882/25/25 909/25/25 881/25/25
f 884/25/25 910/25/25 882/25/25
f 884/25/130 911/25/130 912/25/130
f 883/25/249 913/25/662 911/25/663
f 885/468/644 914/469/664 913/471/665
f 886/455/643 915/472/666 914/473/664
f 887/457/645 916/472/606 915/472/666
f 888/457/647 917/474/667 916/472/112
f 890/459/649 917/474/668 889/458/648
f 891/460/650 918/475/669 890/459/649
f 892/461/651 919/476/670 891/460/650
f 866/447/633 920/477/671 892/461/651
f 894/463/653 921/478/672 922/479/673
f 893/462/652 923/480/674 921/478/672
f 895/464/654 924/481/675 923/480/674
f 896/465/655 925/482/676 924/481/675
f 898/467/95 925/482/677 897/466/658
f 899/467/659 926/483/678 898/467/599
f 900/484/661 927/483/679 899/467/659
f 901/471/680 928/485/681 900/469/661
f 901/25/662 929/25/682 930/25/289
f 902/25/683 903/25/684 929/25/682
f 903/25/25 931/25/25 929/25/25
f 904/25/25 932/25/25 931/25/25
f 905/25/25 933/25/25 932/25/25
f 906/25/25 934/25/25 933/25/25
f 908/25/25 934/25/25 907/25/25
f 909/25/25 935/25/25 908/25/25
f 910/25/25 936/25/25 909/25/25
f 912/25/25 937/25/25 910/25/25
f 912/25/685 911/25/663 938/25/686
f 913/25/662 938/25/686 911/25/663
f 913/471/665 939/485/687 940/486/688
f 914/469/664 941/487/689 939/485/687
f 915/472/666 942/488/690 941/488/689
f 916/472/112 943/489/691 942/488/692
f 918/475/669 943/489/693 917/474/668
f 919/476/670 944/490/694 918/475/669
f 920/477/671 945/491/695 919/476/670
f 894/463/653 946/492/696 920/477/671
f 922/479/673 947/493/697 948/494/698
f 921/478/672 949/495/699 947/493/697
f 923/480/674 950/496/700 949/495/699
f 924/481/675 951/497/701 950/496/700
f 926/483/702 951/497/703 925/482/677
f 927/483/679 952/498/704 926/483/678
f 928/499/681 953/498/705 927/483/679
f 930/486/706 954/500/707 928/485/681
f 929/25/25 955/25/25 930/25/25
f 931/25/25 956/25/25 929/25/25
f 932/25/25 957/25/25 931/25/25
f 933/25/25 958/25/25 932/25/25
f 934/25/25 959/25/25 933/25/25
f 934/25/25 960/25/25 961/25/25
f 935/25/25 962/25/25 960/25/25
f 936/25/25 963/25/25 962/25/25
f 937/25/25 964/25/25 963/25/25
f 938/25/25 965/25/25 964/25/25
f 940/486/688 966/500/708 965/501/709
f 939/485/687 967/502/710 966/500/708
f 941/488/689 968/503/711 967/503/710
f 942/488/692 969/504/712 968/503/713
f 944/490/694 969/504/714 943/489/693
f 945/491/695 970/505/715 944/490/694
f 946/492/696 971/506/716 945/491/695
f 922/479/673 972/507/717 946/492/696
f 948/494/698 973/508/718 974/509/719
f 947/493/697 975/510/720 973/508/718
f 949/495/699 976/511/721 975/510/720
f 950/496/700 977/512/722 976/511/721
f 952/498/723 977/512/724 951/497/703
f 953/498/705 978/513/725 952/498/704
f 954/500/707 979/514/726 953/502/705
f 955/501/727 980/515/728 954/500/707
f 956/25/25 981/25/25 955/25/25
f 957/25/25 982/25/25 956/25/25
f 958/25/25 983/25/25 957/25/25
f 959/25/25 984/25/25 958/25/25
f 961/25/25 985/25/25 959/25/25
f 961/25/25 986/25/25 987/25/25
f 960/25/25 988/25/25 986/25/25
f 962/25/25 989/25/25 988/25/25
f 963/25/25 990/25/25 989/25/25
f 964/25/25 991/25/25 990/25/25
f 965/501/709 992/515/729 991/516/730
f 966/500/708 993/514/731 992/515/729
f 967/503/710 994/517/732 993/517/731
f 968/503/713 995/518/733 994/517/734
f 970/505/715 995/518/735 969/504/714
f 971/506/716 996/519/736 970/505/715
f 972/507/717 997/520/737 971/506/716
f 948/494/698 998/521/738 972/507/717
f 974/509/719 999/522/739 1000/523/740
f 973/508/718 1001/524/741 999/522/739
f 975/510/720 1002/525/742 1001/524/741
f 976/511/721 1003/526/743 1002/525/742
f 978/513/744 1003/526/745 977/512/724
f 979/513/726 1004/527/746 978/513/725
f 980/515/728 1005/528/747 979/514/726
f 981/516/748 1006/529/749 980/515/728
f 982/25/25 1007/25/25 981/25/25
f 983/25/25 1008/25/25 982/25/25
f 984/25/25 1009/25/25 983/25/25
f 984/25/25 1010/25/25 1011/25/25
f 985/25/25 1012/25/25 1010/25/25
f 986/25/25 1012/25/25 987/25/25
f 988/25/25 1013/25/25 986/25/25
f 988/25/25 1014/25/25 1015/25/25
f 989/25/25 1016/25/25 1014/25/25
f 990/25/25 1017/25/25 1016/25/25
f 991/516/730 1018/529/750 1017/530/751
f 992/515/729 1019/528/752 1018/529/750
f 993/517/731 1020/531/753 1019/531/752
f 994/517/734 1021/532/754 1020/531/755
f 996/519/736 1021/532/756 995/518/735
f 997/520/737 1022/533/757 996/519/736
f 998/521/738 1023/534/758 997/520/737
f 974/509/719 1024/535/759 998/521/738
f 1000/523/740 1025/536/760 1026/537/761
f 999/522/739 1027/538/762 1025/536/760
f 1001/524/741 1028/539/763 1027/538/762
f 1002/525/742 1029/540/764 1028/539/763
f 1003/526/745 1030/541/765 1029/540/766
f 1005/527/747 1030/541/765 1004/527/746
f 1006/529/749 1031/542/767 1005/528/747
f 1007/530/768 1032/543/769 1006/529/749
f 1008/25/25 1033/25/25 1007/25/25
f 1009/25/25 1034/25/25 1008/25/25
f 1011/25/25 1035/25/25 1009/25/25
f 1011/25/25 1036/25/25 1037/25/25
f 1010/25/25 1038/25/25 1036/25/25
f 1013/25/25 1038/25/25 1012/25/25
f 1015/25/25 1039/25/25 1013/25/25
f 1015/25/25 1040/25/25 1041/25/25
f 1014/25/25 1042/25/25 1040/25/25
f 1016/25/25 1043/25/25 1042/25/25
f 1017/530/751 1044/543/770 1043/544/771
f 1018/529/750 1045/542/772 1044/543/770
f 1019/528/752 1046/545/773 1045/542/772
f 1021/532/754 1046/546/773 1020/531/755
f 1022/533/757 1047/547/774 1021/532/756
f 1023/534/758 1048/548/775 1022/533/757
f 1024/535/759 1049/549/776 1023/534/758
f 1000/523/740 1050/550/777 1024/535/759
f 1026/537/761 1051/551/778 1052/552/779
f 1025/536/760 1053/553/780 1051/551/778
f 1027/538/762 1054/554/781 1053/553/780
f 1028/539/763 1055/555/782 1054/554/781
f 1029/540/766 1056/556/783 1055/555/784
f 1031/542/767 1056/557/783 1030/545/765
f 1057/558/785 1031/542/767 1032/543/769
f 1058/559/786 1032/543/769 1033/544/787
f 1034/25/25 1059/25/25 1033/25/25
f 1035/25/25 1060/25/25 1034/25/25
f 1037/25/25 1061/25/25 1035/25/25
f 1036/25/25 1062/25/25 1037/25/25
f 1038/25/25 1063/25/25 1036/25/25
f 1038/25/25 1064/25/25 1065/25/25
f 1039/25/25 1066/25/25 1064/25/25
f 1041/25/25 1067/25/25 1066/25/25
f 1040/25/25 1068/25/25 1067/25/25
f 1042/25/25 1069/25/25 1068/25/25
f 1070/559/788 1043/544/771 1044/543/770
f 1071/560/789 1072/561/790 1044/543/770
f 1045/542/772 1073/557/791 1074/558/792
f 1047/547/793 1073/562/791 1046/546/773
f 1048/548/775 1075/563/794 1047/547/774
f 1049/549/776 1076/564/795 1048/548/775
f 1050/550/777 1077/565/796 1049/549/776
f 1026/537/761 1078/566/797 1050/550/777
f 49/567/32 1079/568/798 48/569/31
f 1080/570/799 48/569/31 1081/571/800
f 1082/572/801 1083/573/802 1084/574/803
f 1085/575/804 1081/571/800 58/576/805
f 1082/572/801 1086/577/806 1087/578/807
f 1088/579/808 60/580/809 58/576/805
f 1089/581/810 62/582/811 60/580/809
f 1090/583/812 3/584/813 62/582/811
f 3/584/813 1091/585/814 1/586/815
f 1/586/815 1092/587/816 4/588/817
f 4/588/817 1093/589/818 6/590/819
f 6/590/819 1093/589/818 1094/591/820
f 1095/592/821 1096/593/822 1097/594/823
f 1094/591/820 16/17/18 1098/595/824
f 1096/593/822 1099/596/825 1100/597/826
f 1101/598/827 1102/599/828 16/17/18
f 1103/600/829 1104/601/830 46/602/29
f 1079/568/798 1104/601/830 1081/571/800
f 1104/601/830 1088/579/808 1081/571/800
f 1105/603/831 1089/581/810 1088/579/808
f 1106/604/832 1090/583/812 1089/581/810
f 1107/605/833 1108/606/834 1090/583/812
f 1108/606/834 1109/607/835 1091/585/814
f 1091/585/814 1110/608/836 1092/587/816
f 1092/587/816 1111/609/837 1093/589/818
f 1093/589/818 1112/610/838 1094/591/820
f 1112/610/838 1101/598/827 1094/591/820
f 1113/611/839 1114/612/840 1115/613/841
f 1116/614/842 1117/615/843 1118/616/844
f 1103/600/829 1117/615/843 1104/601/830
f 1105/603/831 1117/615/843 1116/614/842
f 1119/617/845 1106/604/832 1105/603/831
f 1120/618/846 1107/605/833 1106/604/832
f 1121/619/847 1122/620/848 1107/605/833
f 1122/620/848 1123/621/849 1109/607/835
f 1109/607/835 1124/622/850 1110/608/836
f 1110/608/836 1125/623/851 1111/609/837
f 1111/609/837 1114/612/840 1112/610/838
f 44/624/852 39/625/853 1116/614/842
f 39/625/853 1119/617/845 1116/614/842
f 37/626/854 1120/618/846 1119/617/845
f 35/627/855 1121/619/847 1120/618/846
f 33/628/856 1126/629/857 1121/619/847
f 1126/629/857 31/630/858 1123/621/849
f 1123/621/849 29/631/859 1124/622/850
f 1124/622/850 27/632/860 1125/623/851
f 1125/623/851 25/633/861 1127/634/862
f 25/633/861 21/635/863 1127/634/862
f 1074/636/792 1128/637/864 1071/638/789
f 1075/639/865 1128/637/864 1073/640/791
f 1076/641/866 1129/642/867 1075/639/865
f 1077/643/868 1130/644/869 1076/641/866
f 1078/645/870 1131/646/871 1077/643/868
f 1052/647/872 1132/648/873 1078/645/870
f 1052/647/872 1133/649/874 1134/650/875
f 1051/651/876 1135/652/877 1133/649/874
f 1136/653/878 1137/654/879 1053/655/880
f 1054/656/881 1138/657/882 1136/653/878
f 1055/658/784 1139/659/883 1138/657/882
f 1057/660/785 1139/659/883 1056/661/783
f 1071/638/789 1140/662/884 1072/663/885
f 1128/637/864 1141/664/886 1140/662/884
f 1130/644/869 1141/664/886 1129/642/867
f 1104/601/830 1079/568/798 46/602/29
f 1132/648/873 1142/665/887 1131/646/871
f 1134/650/875 1143/666/888 1132/648/873
f 1134/650/875 1144/667/889 1145/668/890
f 1133/649/874 1146/669/891 1144/667/889
f 1135/652/877 1137/654/879 1146/669/891
f 1136/653/878 1147/670/892 1137/654/879
f 1139/659/883 1147/670/892 1138/657/882
f 1148/671/893 1149/672/894 1139/659/883
f 1140/662/884 1070/673/895 1072/663/885
f 1105/603/831 1104/601/830 1117/615/843
f 1150/674/896 1151/675/897 1141/664/886
f 1142/665/887 1152/676/898 1150/674/896
f 1143/666/888 1153/677/899 1142/665/887
f 1145/668/890 1154/678/900 1143/666/888
f 1145/668/890 1155/679/901 1156/680/902
f 1144/667/889 1157/681/903 1155/679/901
f 1146/669/891 1158/682/904 1157/681/903
f 1137/654/879 1159/683/905 1158/682/904
f 1149/672/894 1159/683/905 1147/670/892
f 1149/672/894 1058/684/906 1159/683/905
f 1111/609/837 1127/634/862 1114/612/840
f 1070/673/895 1151/675/897 1068/685/907
f 1152/676/898 1068/685/907 1151/675/897
f 1153/677/899 1067/686/908 1152/676/898
f 1154/678/900 1066/687/909 1153/677/899
f 1156/680/902 1064/688/909 1154/678/900
f 1156/680/902 1063/689/909 1065/690/909
f 1155/679/901 1062/691/909 1063/689/909
f 1157/681/903 1061/692/910 1062/691/909
f 1158/682/904 1060/693/911 1061/692/910
f 1113/611/839 1112/610/838 1114/612/840
f 1159/683/905 1058/684/906 1060/693/911
f 1160/694/912 1161/694/130 1162/694/130
f 1163/694/913 1164/694/914 1165/694/129
f 86/694/915 57/694/915 1166/694/915
f 1167/694/916 1168/694/917 52/694/917
f 1169/694/918 57/694/40 56/694/39
f 1162/694/919 1170/694/920 1087/694/921
f 1162/694/922 1171/694/923 1170/694/923
f 1172/694/924 1173/694/925 1171/694/926
f 55/694/927 1174/694/928 1085/694/927
f 1166/694/915 1175/694/915 1174/694/915
f 1169/694/918 1176/694/929 1166/694/930
f 1169/694/918 1177/694/931 1178/694/932
f 1170/694/923 1179/694/933 1177/694/933
f 1171/694/926 1180/694/934 1179/694/935
f 1174/694/928 1180/694/934 1173/694/925
f 1176/694/915 1181/694/915 1175/694/915
f 1178/694/932 1182/694/936 1176/694/929
f 1178/694/932 1183/694/937 1184/694/938
f 1177/694/933 1185/694/939 1183/694/939
f 1179/694/935 1186/694/940 1185/694/941
f 1175/694/942 1186/694/940 1180/694/934
f 1181/694/915 1187/694/915 1188/694/915
f 1182/694/936 1189/694/943 1187/694/944
f 1183/694/937 1189/694/943 1184/694/938
f 1185/694/939 1190/694/945 1183/694/939
f 1186/694/940 1191/694/946 1185/694/941
f 1186/694/940 1188/694/947 1192/694/948
f 1188/694/915 1193/694/915 1194/694/915
f 1187/694/944 1195/694/949 1193/694/950
f 1190/694/951 1195/694/949 1189/694/943
f 1191/694/945 1196/694/952 1190/694/945
f 1192/694/948 1197/694/953 1191/694/946
f 1192/694/948 1194/694/954 1198/694/955
f 1193/694/915 1199/694/915 1200/694/915
f 1201/694/956 14/694/957 15/694/958
f 1195/694/949 8/694/9 10/694/11
f 1165/694/959 1100/694/959 1099/694/960
f 1197/694/952 1165/694/961 1196/694/952
f 1198/694/955 1202/694/962 1197/694/953
f 1198/694/955 12/694/963 1203/694/963
f 1204/694/130 1205/694/130 1206/694/130
f 636/694/964 1207/694/964 1208/694/964
f 1209/694/965 638/694/462 637/694/461
f 633/694/966 634/694/967 1209/694/966
f 1206/694/968 602/694/968 1210/694/968
f 1205/694/969 601/694/969 602/694/969
f 1211/694/970 636/694/970 1212/694/970
f 1213/694/129 1214/694/129 1215/694/129
f 610/694/964 1216/694/964 611/694/964
f 1217/694/971 1213/694/965 1218/694/965
f 614/694/966 1219/694/966 1214/694/966
f 1220/694/968 1214/694/968 1221/694/968
f 1222/694/969 1220/694/969 581/694/969
f 1223/694/970 1224/694/970 1215/694/970
f 1/1/1 5/5/5 2/2/2
f 4/4/4 7/7/7 5/5/5
f 6/6/6 11/11/12 7/7/7
f 8/8/9 1097/695/972 1096/696/973
f 9/9/10 1200/697/974 1199/698/975
f 9/9/10 1199/698/975 10/10/11
f 8/8/9 1096/696/973 9/9/10
f 11/11/12 6/6/6 12/12/13
f 14/14/15 1164/699/914 16/26/18
f 1164/700/914 1163/701/913 16/17/18
f 16/17/18 18/19/20 14/702/15
f 9/15/16 1096/703/822 15/16/17
f 1096/593/822 1100/597/826 1225/704/976
f 15/16/17 1096/703/822 1225/705/976
f 14/14/15 18/28/20 9/15/16
f 16/26/18 1102/27/828 17/20/19
f 1102/27/828 19/21/21 17/20/19
f 19/21/21 1115/706/977 20/22/22
f 1115/706/977 21/23/23 20/22/22
f 21/635/23 23/707/978 22/708/24
f 23/25/25 25/25/25 24/25/25
f 25/25/25 27/25/25 26/25/25
f 27/25/25 29/25/25 28/25/25
f 29/25/25 31/25/25 30/25/25
f 31/25/25 34/25/25 32/25/25
f 33/25/25 36/25/25 32/25/25
f 35/25/25 38/25/25 36/25/25
f 37/25/25 40/25/25 38/25/25
f 39/25/25 42/25/25 40/25/25
f 41/25/25 43/25/25 42/25/25
f 41/709/979 44/624/27 43/710/26
f 44/23/27 1118/706/980 45/22/28
f 1118/706/980 46/21/29 45/22/28
f 46/21/29 49/27/32 47/20/30
f 48/569/31 51/711/981 47/712/30
f 1226/713/982 1083/714/982 1082/703/982
f 51/711/34 48/569/983 1227/715/984
f 48/26/983 1160/716/912 1227/717/984
f 1226/713/982 1082/703/982 50/15/33
f 1168/718/985 1226/713/982 50/15/33
f 51/711/34 1227/715/984 52/719/35
f 52/719/35 1168/720/985 50/721/33
f 55/32/38 1085/722/986 58/36/42
f 58/36/42 53/30/36 55/32/38
f 57/34/40 86/51/63 50/35/41
f 50/35/41 1082/723/987 56/33/39
f 1082/723/987 1087/724/921 1228/725/988
f 56/33/39 1082/723/987 1228/725/988
f 58/36/42 60/38/989 59/37/43
f 60/38/44 62/40/46 61/39/45
f 62/40/46 3/3/3 2/2/2
f 2/2/2 5/5/5 63/41/47
f 5/5/5 7/7/7 65/43/49
f 11/11/12 93/58/70 65/43/49
f 66/44/50 1200/697/974 93/58/70
f 1200/697/974 9/9/10 67/59/71
f 93/58/70 1200/697/974 67/59/71
f 93/58/70 11/11/12 66/44/50
f 18/28/20 68/46/73 67/45/51
f 17/20/19 70/48/54 68/46/52
f 17/20/19 20/22/22 69/47/53
f 20/22/22 22/24/24 71/49/55
f 22/25/25 24/25/25 72/25/25
f 24/25/25 26/25/25 73/25/25
f 26/25/25 28/25/25 74/25/25
f 28/25/25 30/25/25 75/25/25
f 30/25/25 32/25/25 76/25/25
f 36/25/25 77/25/25 76/25/25
f 38/25/25 78/25/25 77/25/25
f 40/25/25 79/25/25 78/25/25
f 42/25/25 80/25/25 79/25/25
f 43/25/25 81/25/25 80/25/25
f 45/22/28 82/47/57 81/49/56
f 47/20/30 84/48/59 82/47/57
f 47/20/30 51/28/981 83/46/58
f 51/28/34 50/15/33 85/45/60
f 1229/726/990 54/31/37 53/30/36
f 53/30/36 88/53/65 1229/726/990
f 88/53/65 85/50/62 86/51/63
f 1229/726/990 88/53/65 86/51/63
f 53/30/36 59/37/43 87/52/64
f 61/39/45 89/54/66 87/52/64
f 2/2/2 64/42/48 89/54/66
f 64/42/48 63/41/47 90/55/67
f 63/41/47 65/43/49 92/57/69
f 93/58/70 94/60/72 92/57/69
f 67/59/71 95/727/991 94/60/72
f 68/46/73 96/62/94 95/61/74
f 70/48/54 98/64/77 96/62/75
f 70/48/54 69/47/53 97/63/76
f 69/47/53 71/49/55 99/65/78
f 71/25/25 72/25/25 100/25/25
f 72/25/25 73/25/25 101/25/25
f 73/25/25 74/25/25 102/25/25
f 74/25/25 75/25/25 103/25/25
f 75/25/25 76/25/25 104/25/25
f 77/25/25 105/25/25 104/25/25
f 78/25/25 106/25/25 105/25/25
f 79/25/25 107/25/25 106/25/25
f 80/25/25 108/25/25 107/25/25
f 81/25/25 109/25/25 108/25/25
f 82/47/57 110/63/80 109/65/79
f 84/48/59 112/64/82 110/63/80
f 84/48/59 83/46/58 111/62/81
f 83/46/61 85/45/60 113/61/83
f 85/50/62 88/53/65 114/66/85
f 88/53/65 87/52/64 115/68/87
f 89/54/66 116/69/88 115/68/87
f 64/42/48 91/56/68 116/69/88
f 91/56/68 90/55/67 117/70/89
f 90/55/67 92/57/69 119/72/91
f 92/57/69 94/60/72 120/73/92
f 94/60/72 95/727/991 121/74/93
f 96/62/94 122/76/122 121/75/95
f 98/64/77 124/78/98 122/76/96
f 98/64/77 97/63/76 123/77/97
f 97/63/76 99/65/78 125/79/99
f 100/25/100 127/25/104 125/25/101
f 101/25/25 128/25/25 126/25/25
f 102/25/25 129/25/25 128/25/25
f 103/25/25 130/25/25 129/25/25
f 104/25/25 132/25/25 130/25/25
f 104/25/25 105/25/25 131/25/25
f 105/25/25 106/25/25 133/25/25
f 106/25/25 107/25/25 134/25/25
f 107/25/25 108/25/25 135/25/25
f 108/25/105 109/25/102 137/25/101
f 110/63/80 138/77/109 137/79/108
f 112/64/82 140/78/111 138/77/109
f 112/64/82 111/62/81 139/76/110
f 111/62/84 113/61/83 141/75/112
f 114/66/85 142/81/115 141/80/114
f 115/68/87 143/82/116 142/81/115
f 116/69/88 144/83/117 143/82/116
f 91/56/68 118/71/90 144/83/117
f 118/71/90 117/70/89 145/84/118
f 117/70/89 119/72/91 147/86/119
f 119/72/91 120/73/92 148/87/120
f 120/73/92 121/74/93 149/88/121
f 122/76/122 150/90/143 149/89/123
f 124/78/98 152/92/125 150/90/96
f 124/78/98 123/77/97 151/91/124
f 123/77/97 125/79/99 153/93/126
f 125/25/101 127/25/104 154/25/127
f 127/25/129 126/25/129 155/25/129
f 128/25/25 156/25/25 155/25/25
f 129/25/25 157/25/25 156/25/25
f 130/25/25 158/25/25 157/25/25
f 132/25/25 159/25/25 158/25/25
f 131/25/25 160/25/25 159/25/25
f 133/25/25 161/25/25 160/25/25
f 134/25/25 162/25/25 161/25/25
f 135/25/25 163/25/25 162/25/25
f 136/25/130 164/25/130 163/25/130
f 137/25/101 165/25/128 164/25/127
f 138/77/109 166/91/132 165/93/131
f 140/78/111 168/92/133 166/91/132
f 140/78/111 139/76/110 167/90/110
f 139/76/113 141/75/112 169/89/134
f 142/81/115 170/95/137 169/94/136
f 143/82/116 171/96/138 170/95/137
f 144/83/117 172/97/139 171/96/138
f 118/71/90 146/85/90 172/97/139
f 146/85/90 145/84/118 173/98/118
f 145/84/118 147/86/119 175/100/140
f 147/86/119 148/87/120 176/101/141
f 148/87/120 149/88/121 177/102/142
f 150/90/143 178/104/161 177/103/144
f 152/92/125 180/106/146 178/104/96
f 152/92/125 151/91/124 179/105/145
f 151/91/124 153/93/126 181/107/147
f 153/25/128 154/25/127 182/25/148
f 154/25/129 155/25/129 183/25/129
f 156/25/25 184/25/25 183/25/25
f 157/25/25 185/25/25 184/25/25
f 158/25/25 186/25/25 185/25/25
f 159/25/25 187/25/25 186/25/25
f 160/25/25 188/25/25 187/25/25
f 161/25/25 189/25/25 188/25/25
f 162/25/25 190/25/25 189/25/25
f 163/25/25 191/25/25 190/25/25
f 164/25/130 192/25/130 191/25/130
f 165/25/128 193/25/149 192/25/148
f 166/91/132 194/105/151 193/107/150
f 168/92/133 196/106/152 194/105/151
f 168/92/133 167/90/110 195/104/110
f 167/90/135 169/89/134 197/103/153
f 170/95/137 198/109/156 197/108/155
f 171/96/138 199/110/157 198/109/156
f 172/97/139 200/111/139 199/110/157
f 146/85/90 174/99/90 200/111/139
f 174/99/90 173/98/118 201/112/118
f 173/98/118 175/100/140 203/114/158
f 175/100/140 176/101/141 204/115/159
f 176/101/141 177/102/142 205/116/160
f 178/104/161 207/119/179 205/117/162
f 178/104/96 180/106/146 206/118/96
f 180/106/146 179/105/145 208/121/163
f 179/105/145 181/107/147 209/120/165
f 181/25/149 182/25/148 210/25/166
f 182/25/129 183/25/129 211/25/129
f 184/25/25 212/25/25 211/25/25
f 185/25/25 213/25/25 212/25/25
f 186/25/25 214/25/25 213/25/25
f 187/25/25 215/25/25 214/25/25
f 188/25/25 216/25/25 215/25/25
f 189/25/25 217/25/25 216/25/25
f 190/25/25 218/25/25 217/25/25
f 191/25/25 219/25/25 218/25/25
f 192/25/130 220/25/130 219/25/130
f 193/25/149 221/25/167 220/25/166
f 194/25/151 222/25/169 221/25/168
f 196/25/152 223/25/188 222/25/169
f 195/104/110 225/119/110 223/118/110
f 195/104/154 197/103/153 224/117/170
f 198/109/156 226/123/173 224/122/172
f 199/110/157 227/124/174 226/123/173
f 200/111/139 228/125/139 227/124/174
f 174/99/90 202/113/90 228/125/139
f 202/113/90 201/112/118 229/126/175
f 201/112/118 203/114/158 231/128/177
f 203/114/158 204/115/159 232/129/178
f 205/116/160 233/728/992 232/129/178
f 207/119/179 235/132/993 233/130/180
f 207/119/96 206/118/96 234/131/181
f 206/25/164 208/25/163 236/25/183
f 208/25/163 209/25/165 237/25/185
f 209/25/167 210/25/166 238/25/25
f 210/25/129 211/25/129 239/25/129
f 212/25/25 240/25/25 239/25/25
f 213/25/25 241/25/25 240/25/25
f 214/25/25 242/25/25 241/25/25
f 215/25/25 243/25/25 242/25/25
f 216/25/25 244/25/25 243/25/25
f 217/25/25 245/25/25 244/25/25
f 218/25/25 246/25/25 245/25/25
f 219/25/25 247/25/25 246/25/25
f 220/25/130 248/25/130 247/25/130
f 221/25/167 249/25/186 248/25/25
f 222/25/169 250/25/189 249/25/187
f 223/25/188 251/25/994 250/25/189
f 225/119/110 253/132/995 251/131/190
f 225/119/171 224/117/170 252/130/191
f 224/122/172 226/123/173 254/133/193
f 227/124/174 255/135/195 254/133/193
f 228/125/139 256/136/196 255/135/195
f 202/113/90 230/127/176 256/136/196
f 230/127/176 229/126/175 257/137/197
f 229/126/175 231/128/177 259/139/199
f 232/129/178 261/141/201 259/139/199
f 232/129/178 233/728/992 260/140/200
f 233/130/180 235/132/993 262/142/202
f 234/131/181 263/144/203 262/142/203
f 236/25/183 264/25/205 263/25/204
f 237/25/185 265/25/225 264/25/205
f 238/25/25 266/25/207 265/25/206
f 239/25/129 267/25/129 266/25/129
f 240/25/25 268/25/25 267/25/25
f 241/25/25 269/25/25 268/25/25
f 242/25/25 270/25/25 269/25/25
f 243/25/25 271/25/25 270/25/25
f 244/25/25 272/25/25 271/25/25
f 245/25/25 273/25/25 272/25/25
f 246/25/25 274/25/25 273/25/25
f 247/25/25 276/25/25 274/25/25
f 247/25/130 248/25/130 275/25/130
f 248/25/25 249/25/186 277/25/206
f 249/25/187 250/25/189 278/25/208
f 250/25/189 251/25/994 279/25/210
f 251/131/190 253/132/995 280/142/211
f 252/130/191 281/143/213 280/142/212
f 254/133/193 283/147/215 281/145/213
f 254/133/193 255/135/195 282/146/214
f 256/136/196 284/148/216 282/146/214
f 230/127/176 258/138/198 284/148/216
f 258/138/198 257/137/197 285/149/217
f 257/137/197 259/139/199 287/151/219
f 261/141/201 289/153/221 287/151/219
f 261/141/201 260/140/200 288/152/220
f 260/143/200 262/142/202 290/154/222
f 263/144/203 291/160/224 290/154/223
f 264/159/205 292/157/226 291/160/224
f 265/156/225 293/158/246 292/157/226
f 266/25/207 294/25/228 293/25/227
f 267/25/129 295/25/129 294/25/129
f 268/25/25 296/25/25 295/25/25
f 269/25/25 297/25/25 296/25/25
f 270/25/25 298/25/25 297/25/25
f 271/25/25 299/25/25 298/25/25
f 272/25/25 300/25/25 299/25/25
f 273/25/25 301/25/25 300/25/25
f 274/25/25 302/25/25 301/25/25
f 276/25/25 304/25/25 302/25/25
f 276/25/130 275/25/130 303/25/130
f 275/25/207 277/25/206 305/25/227
f 277/25/209 278/25/208 306/25/229
f 278/25/208 279/25/210 307/25/231
f 279/144/211 280/142/211 308/154/232
f 281/143/213 309/155/234 308/154/233
f 283/147/215 311/163/236 309/161/234
f 283/147/215 282/146/214 310/162/235
f 284/148/216 312/164/237 310/162/235
f 258/138/198 286/150/218 312/164/237
f 286/150/218 285/149/217 313/165/238
f 285/149/217 287/151/219 315/167/240
f 289/153/221 317/169/242 315/167/240
f 289/153/221 288/152/220 316/168/241
f 288/155/220 290/154/222 318/170/243
f 290/154/223 291/160/224 319/172/244
f 292/157/226 320/173/247 319/172/244
f 293/158/246 321/174/266 320/173/247
f 294/25/228 322/25/249 321/25/248
f 295/25/129 323/25/129 322/25/129
f 296/25/25 324/25/25 323/25/25
f 297/25/25 325/25/25 324/25/25
f 298/25/25 326/25/25 325/25/25
f 299/25/25 327/25/25 326/25/25
f 300/25/25 328/25/25 327/25/25
f 301/25/25 329/25/25 328/25/25
f 302/25/25 330/25/25 329/25/25
f 304/25/25 332/25/25 330/25/25
f 304/25/130 303/25/130 331/25/130
f 303/25/228 305/25/227 333/25/248
f 305/158/230 306/157/229 334/173/250
f 306/157/229 307/160/231 335/172/252
f 308/154/232 336/170/273 335/172/252
f 309/155/234 337/171/254 336/170/253
f 311/163/236 339/177/256 337/175/254
f 311/163/236 310/162/235 338/176/255
f 312/164/237 340/178/257 338/176/255
f 286/150/218 314/166/239 340/178/257
f 314/166/239 313/165/238 341/179/258
f 313/165/238 315/167/240 343/181/260
f 317/169/242 345/183/262 343/181/260
f 317/169/242 316/168/241 344/182/261
f 316/171/241 318/170/243 346/184/263
f 318/170/245 319/172/244 347/186/264
f 320/173/247 348/187/267 347/186/264
f 321/174/266 349/188/286 348/187/267
f 322/25/249 350/25/290 349/25/268
f 323/25/129 351/25/129 350/25/129
f 324/25/25 352/25/25 351/25/25
f 325/25/25 353/25/25 352/25/25
f 326/25/25 354/25/25 353/25/25
f 327/25/25 355/25/25 354/25/25
f 328/25/25 356/25/25 355/25/25
f 329/25/25 357/25/25 356/25/25
f 330/25/25 358/25/25 357/25/25
f 332/25/25 360/25/25 358/25/25
f 332/25/130 331/25/130 359/25/130
f 331/25/249 333/25/248 361/25/268
f 333/174/251 334/173/250 362/187/270
f 334/173/250 335/172/252 363/186/272
f 336/170/273 364/184/297 363/186/272
f 337/171/254 365/185/275 364/184/274
f 339/177/256 367/191/277 365/189/275
f 339/177/256 338/176/255 366/190/276
f 340/178/257 368/192/278 366/190/276
f 314/166/239 342/180/259 368/192/278
f 342/180/259 341/179/258 369/193/279
f 341/179/258 343/181/260 371/195/281
f 343/181/260 345/183/262 372/196/282
f 345/183/262 344/182/261 373/197/283
f 344/185/261 346/184/263 374/198/284
f 346/184/265 347/186/264 375/200/285
f 348/187/267 376/201/287 375/200/285
f 349/188/286 378/202/311 376/201/287
f 349/25/268 350/25/290 377/25/288
f 351/25/25 352/25/25 379/25/25
f 352/25/25 353/25/25 380/25/25
f 353/25/25 354/25/25 381/25/25
f 354/25/25 355/25/25 382/25/25
f 356/25/25 383/25/25 382/25/25
f 357/25/25 384/25/25 383/25/25
f 358/25/25 385/25/25 384/25/25
f 360/25/25 386/25/25 385/25/25
f 361/25/268 388/25/289 386/25/293
f 361/188/271 362/187/270 387/201/294
f 362/187/270 363/186/272 389/200/296
f 364/184/297 390/198/297 389/200/296
f 365/185/275 391/199/299 390/198/298
f 367/191/277 392/204/300 391/203/299
f 366/190/276 393/205/301 392/204/300
f 368/192/278 394/206/302 393/205/301
f 342/180/259 370/194/280 394/206/302
f 370/194/280 369/193/279 395/207/303
f 369/193/279 371/195/281 397/209/305
f 371/195/281 372/196/282 398/210/306
f 372/196/282 373/197/283 399/729/307
f 373/199/283 374/198/284 400/214/308
f 374/198/265 375/200/285 401/215/309
f 376/201/287 402/216/312 401/215/309
f 378/202/311 403/217/312 402/216/312
f 377/25/25 404/25/25 403/25/25
f 379/25/25 405/25/25 404/25/25
f 380/25/25 406/25/25 405/25/25
f 381/25/25 407/25/25 406/25/25
f 382/25/25 409/25/25 407/25/25
f 382/25/25 383/25/25 408/25/25
f 383/25/25 384/25/25 410/25/25
f 384/25/25 385/25/25 411/25/25
f 385/25/25 386/25/25 412/25/25
f 386/25/25 388/25/25 413/25/25
f 388/202/295 387/201/294 414/216/313
f 387/201/294 389/200/296 415/215/314
f 390/198/297 416/214/331 415/215/314
f 391/199/299 417/212/316 416/214/315
f 392/211/300 418/213/317 417/212/316
f 393/205/301 419/220/318 418/219/317
f 394/206/302 420/221/319 419/220/318
f 370/194/280 396/208/304 420/221/319
f 396/208/304 395/207/303 421/222/320
f 395/207/303 397/209/305 423/224/322
f 397/209/305 398/210/306 424/225/323
f 398/213/306 399/212/307 425/226/324
f 399/212/307 400/214/308 426/228/325
f 401/215/309 427/229/327 426/228/326
f 402/216/312 428/230/328 427/229/327
f 403/217/312 429/231/328 428/230/328
f 404/25/25 430/25/25 429/25/25
f 405/25/25 431/25/25 430/25/25
f 406/25/25 432/25/25 431/25/25
f 407/25/25 433/25/25 432/25/25
f 409/25/25 435/25/25 433/25/25
f 409/25/25 408/25/25 434/25/25
f 408/25/25 410/25/25 436/25/25
f 410/25/25 411/25/25 437/25/25
f 411/25/25 412/25/25 438/25/25
f 412/25/25 413/25/25 439/25/25
f 413/217/313 414/216/313 440/230/329
f 414/216/313 415/215/314 441/229/330
f 416/214/331 442/228/348 441/229/330
f 417/212/316 443/226/333 442/228/332
f 418/213/317 444/227/334 443/226/333
f 419/220/318 445/233/335 444/232/334
f 420/221/319 446/234/336 445/233/335
f 396/208/304 422/223/321 446/234/336
f 422/223/321 421/222/320 447/235/337
f 421/222/320 423/224/322 449/237/339
f 423/224/322 424/225/323 450/730/340
f 424/227/323 425/226/324 451/241/341
f 425/226/324 426/228/325 452/242/342
f 427/229/327 453/243/344 452/242/343
f 428/230/328 454/244/345 453/243/344
f 429/231/328 455/245/345 454/244/345
f 430/25/25 456/25/25 455/25/25
f 431/25/25 457/25/25 456/25/25
f 432/25/25 458/25/25 457/25/25
f 433/25/25 459/25/25 458/25/25
f 435/25/25 461/25/25 459/25/25
f 435/25/25 434/25/25 460/25/25
f 434/25/25 436/25/25 462/25/25
f 436/25/25 437/25/25 463/25/25
f 437/25/25 438/25/25 464/25/25
f 438/25/25 439/25/25 465/25/25
f 439/231/329 440/230/329 466/244/346
f 440/230/329 441/229/330 467/243/347
f 442/228/348 468/242/366 467/243/347
f 443/226/333 469/241/350 468/242/349
f 444/227/334 470/239/351 469/241/350
f 445/238/335 471/240/352 470/239/351
f 446/234/336 472/248/353 471/247/352
f 422/223/321 448/236/338 472/248/353
f 447/235/337 475/251/356 473/249/354
f 447/235/337 449/237/339 474/250/355
f 449/240/339 450/239/340 476/252/357
f 450/239/340 451/241/341 477/254/359
f 451/241/341 452/242/342 478/255/360
f 453/243/344 479/256/362 478/255/361
f 454/244/345 480/257/363 479/256/362
f 455/245/345 481/258/363 480/257/363
f 456/25/25 482/25/25 481/25/25
f 457/25/25 483/25/25 482/25/25
f 458/25/25 484/25/25 483/25/25
f 459/25/25 485/25/25 484/25/25
f 461/25/25 487/25/25 485/25/25
f 461/25/25 460/25/25 486/25/25
f 460/25/25 462/25/25 488/25/25
f 462/25/25 463/25/25 489/25/25
f 463/25/25 464/25/25 490/25/25
f 464/25/25 465/25/25 491/25/25
f 465/245/346 466/244/346 492/257/364
f 466/244/346 467/243/347 493/256/365
f 468/242/366 494/255/996 493/256/365
f 469/241/350 495/254/368 494/255/367
f 470/239/351 496/252/369 495/254/368
f 471/240/352 497/253/385 496/252/369
f 472/248/353 498/260/371 497/259/370
f 472/248/353 448/236/338 473/249/354
f 473/249/354 475/251/356 499/261/372
f 475/251/356 474/250/355 501/263/374
f 474/253/358 476/252/357 502/264/375
f 477/254/359 503/266/377 502/264/375
f 478/255/360 504/267/393 503/266/377
f 479/256/362 505/268/378 504/267/129
f 480/257/363 506/269/379 505/268/378
f 481/258/363 507/270/379 506/269/379
f 482/25/25 508/25/25 507/25/25
f 483/25/25 509/25/25 508/25/25
f 484/25/25 510/25/25 509/25/25
f 485/25/25 511/25/25 510/25/25
f 487/25/25 512/25/25 511/25/25
f 486/25/25 513/25/25 512/25/25
f 488/25/25 514/25/25 513/25/25
f 489/25/25 515/25/25 514/25/25
f 490/25/25 516/25/25 515/25/25
f 491/25/25 517/25/25 516/25/25
f 492/257/364 518/269/380 517/270/380
f 493/256/365 520/268/381 518/269/380
f 493/256/365 494/255/996 519/267/130
f 494/255/367 495/254/368 521/266/382
f 495/254/368 496/252/369 522/264/384
f 497/253/385 523/265/398 522/264/384
f 498/260/371 524/272/387 523/271/386
f 473/249/354 500/262/373 524/272/387
f 500/262/373 499/261/372 525/273/388
f 499/261/372 501/263/374 527/275/390
f 501/265/376 502/264/375 528/276/391
f 503/266/377 529/278/394 528/276/391
f 504/267/393 530/279/405 529/278/394
f 505/268/378 531/280/378 530/279/129
f 506/269/379 532/281/379 531/280/378
f 507/270/379 533/282/379 532/281/379
f 508/25/25 534/25/25 533/25/25
f 509/25/25 535/25/25 534/25/25
f 510/25/25 536/25/25 535/25/25
f 511/25/25 537/25/25 536/25/25
f 512/25/25 538/25/25 537/25/25
f 513/25/25 539/25/25 538/25/25
f 514/25/25 540/25/25 539/25/25
f 515/25/25 541/25/25 540/25/25
f 516/25/25 542/25/25 541/25/25
f 517/25/25 543/25/25 542/25/25
f 518/269/380 544/281/380 543/282/380
f 520/268/381 546/280/381 544/281/380
f 520/268/381 519/267/130 545/279/130
f 519/267/383 521/266/382 547/278/395
f 521/266/382 522/264/384 548/276/397
f 523/265/398 549/277/997 548/276/397
f 524/272/387 550/284/400 549/283/399
f 500/262/373 526/274/389 550/284/400
f 526/274/389 525/273/388 551/285/401
f 525/273/388 527/275/390 553/287/403
f 528/276/391 554/289/404 553/288/403
f 529/278/394 555/290/406 554/289/404
f 530/279/405 556/291/423 555/290/406
f 531/280/378 557/292/408 556/291/407
f 532/281/379 558/293/409 557/292/408
f 533/282/379 559/294/409 558/293/409
f 534/25/25 560/25/25 559/25/25
f 535/25/25 561/25/25 560/25/25
f 536/25/25 562/25/25 561/25/25
f 537/25/25 563/25/25 562/25/25
f 538/25/25 564/25/25 563/25/25
f 539/25/25 565/25/25 564/25/25
f 540/25/25 566/25/25 565/25/25
f 541/25/25 567/25/25 566/25/25
f 542/25/25 568/25/25 567/25/25
f 543/25/25 569/25/25 568/25/25
f 544/281/380 570/293/410 569/294/410
f 546/280/381 572/292/412 570/293/410
f 546/280/381 545/279/130 571/291/411
f 545/279/396 547/278/395 573/290/413
f 547/278/395 548/276/397 574/289/415
f 548/276/397 549/277/997 575/288/416
f 550/284/400 576/296/417 575/295/416
f 526/274/389 552/286/402 576/296/417
f 551/285/401 578/298/419 577/297/418
f 553/287/403 579/312/420 578/298/419
f 554/289/404 613/308/445 579/299/420
f 1221/731/998 1219/325/999 613/308/445
f 613/308/445 554/289/404 1221/731/998
f 554/289/404 555/290/406 1220/307/1000
f 1221/731/998 554/289/404 1220/307/1000
f 582/302/424 1224/732/1001 1223/733/1002
f 582/302/424 1223/733/1002 580/300/421
f 555/290/406 582/302/424 580/300/421
f 581/301/422 1220/307/1000 555/290/406
f 556/291/423 583/303/447 582/302/424
f 557/292/408 585/305/427 583/303/425
f 557/292/408 558/293/409 584/304/426
f 558/293/409 559/294/409 586/306/426
f 559/25/25 560/25/25 587/25/25
f 560/25/25 561/25/25 588/25/25
f 561/25/25 562/25/25 589/25/25
f 562/25/25 563/25/25 590/25/25
f 563/25/25 564/25/25 591/25/25
f 565/25/25 592/25/25 591/25/25
f 566/25/25 593/25/25 592/25/25
f 567/25/25 594/25/25 593/25/25
f 568/25/25 595/25/25 594/25/25
f 569/25/25 596/25/25 595/25/25
f 570/293/410 597/304/428 596/306/428
f 572/292/412 599/305/430 597/304/428
f 572/292/412 571/291/411 598/303/429
f 571/291/414 573/290/413 600/302/431
f 601/300/433 1212/732/1003 600/302/431
f 573/290/413 574/289/415 602/307/434
f 574/289/415 604/308/436 1210/731/1004
f 604/308/436 633/325/456 1210/731/1004
f 574/289/415 1210/731/1004 602/307/434
f 601/300/433 600/302/431 573/290/413
f 574/289/415 575/288/416 603/299/435
f 575/295/416 576/296/417 605/309/437
f 576/296/417 552/286/402 577/297/418
f 578/298/419 607/313/439 606/311/438
f 579/312/420 642/333/465 607/313/439
f 609/315/441 1217/734/971 642/333/465
f 1217/734/971 644/335/467 642/333/465
f 642/333/465 579/312/420 609/315/441
f 579/312/420 613/735/445 608/314/440
f 611/317/443 1224/732/1001 582/302/424
f 644/326/467 1217/736/971 1218/737/1005
f 644/326/467 1218/737/1005 610/316/442
f 611/317/443 582/302/424 612/318/444
f 644/326/467 610/316/442 612/318/444
f 613/308/445 1219/325/999 614/319/446
f 583/303/447 615/321/470 612/318/444
f 585/305/427 617/323/450 615/321/448
f 585/305/427 584/304/426 616/322/449
f 584/304/426 586/306/426 618/324/449
f 586/25/25 587/25/25 619/25/25
f 587/25/25 588/25/25 620/25/25
f 588/25/25 589/25/25 621/25/25
f 589/25/25 590/25/25 622/25/25
f 590/25/25 591/25/25 623/25/25
f 592/25/25 624/25/25 623/25/25
f 593/25/25 625/25/25 624/25/25
f 594/25/25 626/25/25 625/25/25
f 595/25/25 627/25/25 626/25/25
f 596/25/25 628/25/25 627/25/25
f 597/304/428 629/322/451 628/324/451
f 599/305/430 631/323/453 629/322/451
f 599/305/430 598/303/429 630/321/452
f 598/303/432 600/302/431 632/318/454
f 1208/737/1006 637/736/457 635/326/458
f 632/318/454 600/302/431 636/317/459
f 600/302/431 1212/732/1003 636/317/459
f 636/317/459 1208/737/1006 635/326/458
f 638/329/462 634/738/967 604/739/436
f 604/739/436 603/310/435 638/329/462
f 603/310/435 640/331/464 638/329/462
f 640/331/464 635/327/460 638/329/462
f 603/310/435 605/309/437 639/330/463
f 605/309/437 577/297/418 606/311/438
f 607/313/439 643/334/466 641/332/438
f 642/333/465 645/336/468 643/334/466
f 644/335/467 646/350/469 645/336/468
f 612/740/444 647/352/471 646/350/469
f 615/321/470 648/339/487 647/338/471
f 617/323/450 650/341/473 648/339/448
f 617/323/450 616/322/449 649/340/472
f 616/322/449 618/324/449 651/342/474
f 618/25/25 619/25/25 652/25/25
f 619/25/25 620/25/25 653/25/25
f 620/25/25 621/25/25 654/25/25
f 621/25/25 622/25/25 655/25/25
f 622/25/25 623/25/25 656/25/25
f 624/25/25 657/25/25 656/25/25
f 625/25/25 658/25/25 657/25/25
f 626/25/25 659/25/25 658/25/25
f 627/25/25 660/25/25 659/25/25
f 628/25/25 661/25/25 660/25/25
f 629/322/451 662/340/476 661/342/475
f 631/323/453 664/341/477 662/340/476
f 631/323/453 630/321/452 663/339/452
f 630/321/455 632/318/454 665/338/478
f 632/318/454 635/326/458 666/337/480
f 635/327/460 640/331/464 667/346/481
f 640/331/464 639/330/463 668/347/482
f 639/330/463 606/311/438 641/332/438
f 643/334/466 670/349/484 669/348/483
f 645/336/468 671/351/485 670/349/484
f 646/350/469 672/353/486 671/351/485
f 647/352/471 673/366/488 672/353/486
f 648/339/487 674/355/511 673/354/488
f 650/341/473 676/357/490 674/355/448
f 650/341/473 649/340/472 675/356/489
f 649/340/472 651/342/474 677/358/491
f 652/25/492 679/25/495 677/25/493
f 653/25/25 680/25/25 678/25/25
f 654/25/25 681/25/25 680/25/25
f 655/25/25 682/25/25 681/25/25
f 656/25/25 684/25/25 682/25/25
f 656/25/25 657/25/25 683/25/25
f 657/25/25 658/25/25 685/25/25
f 658/25/25 659/25/25 686/25/25
f 659/25/25 660/25/25 687/25/25
f 660/25/496 661/25/102 689/25/493
f 662/340/476 690/356/500 689/358/499
f 664/341/477 692/357/501 690/356/500
f 664/341/477 663/339/452 691/355/452
f 663/339/479 665/338/478 693/354/502
f 665/345/478 666/344/480 694/359/504
f 666/344/480 667/346/481 695/361/505
f 667/346/481 668/347/482 696/362/506
f 668/347/482 641/332/438 669/348/483
f 670/349/484 698/364/508 697/363/507
f 671/351/485 699/365/509 698/364/508
f 672/353/486 700/367/510 699/365/509
f 673/366/488 701/381/512 700/367/510
f 674/355/511 702/369/531 701/368/512
f 676/357/490 704/371/515 702/369/513
f 676/357/490 675/356/489 703/370/514
f 675/356/489 677/358/491 705/372/516
f 677/25/493 679/25/495 706/25/127
f 679/25/129 678/25/129 707/25/129
f 680/25/25 708/25/25 707/25/25
f 681/25/25 709/25/25 708/25/25
f 682/25/25 710/25/25 709/25/25
f 684/25/25 711/25/25 710/25/25
f 683/25/25 712/25/25 711/25/25
f 685/25/25 713/25/25 712/25/25
f 686/25/25 714/25/25 713/25/25
f 687/25/25 715/25/25 714/25/25
f 688/25/130 716/25/130 715/25/130
f 689/25/493 717/25/517 716/25/127
f 690/356/500 718/370/519 717/372/518
f 692/357/501 720/371/521 718/370/519
f 692/357/501 691/355/452 719/369/520
f 691/355/503 693/354/502 721/368/522
f 693/360/502 694/359/504 722/373/524
f 694/359/504 695/361/505 723/375/525
f 695/361/505 696/362/506 724/376/526
f 696/362/506 669/348/483 697/363/507
f 697/363/507 698/364/508 725/377/527
f 698/364/508 699/365/509 727/379/529
f 699/365/509 700/367/510 728/380/530
f 701/381/512 729/397/1007 728/380/530
f 702/369/531 730/383/553 729/382/532
f 704/371/515 732/385/535 730/383/533
f 704/371/515 703/370/514 731/384/534
f 703/370/514 705/372/516 733/386/536
f 705/25/517 706/25/127 734/25/148
f 706/25/129 707/25/129 735/25/129
f 708/25/25 736/25/25 735/25/25
f 709/25/25 737/25/25 736/25/25
f 710/25/25 738/25/25 737/25/25
f 711/25/25 739/25/25 738/25/25
f 712/25/25 740/25/25 739/25/25
f 713/25/25 741/25/25 740/25/25
f 714/25/25 742/25/25 741/25/25
f 715/25/25 743/25/25 742/25/25
f 716/25/130 744/25/130 743/25/130
f 717/25/517 745/25/537 744/25/148
f 718/370/519 746/384/539 745/386/538
f 720/371/521 748/385/541 746/384/539
f 720/371/521 719/369/520 747/383/540
f 719/369/523 721/368/522 749/382/542
f 721/374/522 722/373/524 750/387/544
f 723/375/525 751/389/546 750/387/544
f 724/376/526 752/390/547 751/389/546
f 697/363/507 726/378/528 752/390/547
f 726/378/528 725/377/527 753/391/548
f 725/377/527 727/379/529 755/393/550
f 727/379/529 728/380/530 756/394/551
f 728/380/530 729/397/1007 757/395/552
f 730/396/553 759/398/574 757/395/554
f 730/396/533 732/396/535 758/398/555
f 732/396/535 731/741/534 760/742/556
f 731/741/534 733/743/536 761/744/558
f 733/25/537 734/25/148 762/25/166
f 734/25/129 735/25/129 763/25/129
f 736/25/25 764/25/25 763/25/25
f 737/25/25 765/25/25 764/25/25
f 738/25/25 766/25/25 765/25/25
f 739/25/25 767/25/25 766/25/25
f 740/25/25 768/25/25 767/25/25
f 741/25/25 769/25/25 768/25/25
f 742/25/25 770/25/25 769/25/25
f 743/25/25 771/25/25 770/25/25
f 744/25/130 772/25/130 771/25/130
f 745/25/537 773/25/559 772/25/166
f 746/25/539 774/25/561 773/25/560
f 748/25/541 775/25/583 774/25/561
f 747/402/540 777/404/562 775/404/562
f 747/402/543 749/388/542 776/405/563
f 750/387/544 778/406/566 776/405/565
f 751/389/546 779/407/567 778/406/566
f 752/390/547 780/408/568 779/407/567
f 726/378/528 754/392/549 780/408/568
f 754/392/549 753/391/548 781/409/569
f 753/391/548 755/393/550 783/411/571
f 755/393/550 756/394/551 784/412/572
f 756/394/551 757/395/552 785/413/573
f 759/398/574 787/414/597 785/413/575
f 759/398/555 758/398/555 786/414/576
f 758/25/557 760/25/556 788/25/578
f 760/25/556 761/25/558 789/25/580
f 761/25/559 762/25/166 790/25/25
f 762/25/129 763/25/129 791/25/129
f 764/25/25 792/25/25 791/25/25
f 765/25/25 793/25/25 792/25/25
f 766/25/25 794/25/25 793/25/25
f 767/25/25 795/25/25 794/25/25
f 768/25/25 796/25/25 795/25/25
f 769/25/25 797/25/25 796/25/25
f 770/25/25 798/25/25 797/25/25
f 771/25/25 799/25/25 798/25/25
f 772/25/130 800/25/130 799/25/130
f 773/25/559 801/25/581 800/25/25
f 774/25/561 802/25/584 801/25/582
f 775/25/583 803/25/1008 802/25/584
f 777/404/562 805/415/1009 803/415/585
f 777/404/564 776/405/563 804/416/586
f 778/406/566 806/417/589 804/416/588
f 779/407/567 807/418/590 806/417/589
f 780/408/568 808/419/591 807/418/590
f 754/392/549 782/410/570 808/419/591
f 782/410/570 781/409/569 809/420/592
f 781/409/569 783/411/571 811/422/594
f 783/411/571 784/412/572 812/423/595
f 784/412/572 785/413/573 813/424/596
f 787/414/597 814/425/617 813/424/598
f 786/414/576 815/425/599 814/425/599
f 788/25/578 816/25/601 815/25/600
f 789/25/580 817/25/620 816/25/601
f 790/25/25 818/25/207 817/25/602
f 791/25/129 819/25/129 818/25/129
f 792/25/25 820/25/25 819/25/25
f 793/25/25 821/25/25 820/25/25
f 794/25/25 822/25/25 821/25/25
f 795/25/25 823/25/25 822/25/25
f 796/25/25 824/25/25 823/25/25
f 797/25/25 825/25/25 824/25/25
f 798/25/25 826/25/25 825/25/25
f 799/25/25 828/25/25 826/25/25
f 799/25/130 800/25/130 827/25/130
f 800/25/25 801/25/581 829/25/602
f 801/25/582 802/25/584 830/25/603
f 802/25/584 803/25/1008 831/25/605
f 803/415/585 805/415/1009 832/426/606
f 805/415/587 804/416/586 833/427/607
f 806/417/589 834/428/610 833/427/609
f 807/418/590 835/429/611 834/428/610
f 808/419/591 836/430/612 835/429/611
f 782/410/570 810/421/593 836/430/612
f 810/421/593 809/420/592 837/431/613
f 809/420/592 811/422/594 839/433/614
f 811/422/594 812/423/595 840/434/615
f 812/423/595 813/424/596 841/435/616
f 814/425/617 842/436/637 841/435/618
f 815/425/599 843/436/619 842/436/599
f 816/745/601 844/452/621 843/436/619
f 817/746/620 845/453/640 844/452/621
f 818/25/207 846/25/228 845/25/622
f 819/25/129 847/25/129 846/25/129
f 820/25/25 848/25/25 847/25/25
f 821/25/25 849/25/25 848/25/25
f 822/25/25 850/25/25 849/25/25
f 823/25/25 851/25/25 850/25/25
f 824/25/25 852/25/25 851/25/25
f 825/25/25 853/25/25 852/25/25
f 826/25/25 854/25/25 853/25/25
f 828/25/25 856/25/25 854/25/25
f 828/25/130 827/25/130 855/25/130
f 827/25/207 829/25/602 857/25/622
f 829/25/604 830/25/603 858/25/623
f 830/25/603 831/25/605 859/25/625
f 831/426/606 832/426/606 860/441/606
f 832/426/608 833/427/607 861/442/626
f 834/428/610 862/443/629 861/442/628
f 835/429/611 863/444/630 862/443/629
f 836/430/612 864/445/631 863/444/630
f 810/421/593 838/432/593 864/445/631
f 838/432/593 837/431/613 865/446/632
f 837/431/613 839/433/614 867/448/634
f 839/433/614 840/434/615 868/449/635
f 840/434/615 841/435/616 869/450/636
f 842/436/637 870/451/657 869/450/638
f 843/436/619 871/451/639 870/451/599
f 844/452/621 872/454/641 871/451/639
f 845/453/640 873/747/660 872/454/641
f 846/25/228 874/25/249 873/25/642
f 847/25/129 875/25/129 874/25/129
f 848/25/25 876/25/25 875/25/25
f 849/25/25 877/25/25 876/25/25
f 850/25/25 878/25/25 877/25/25
f 851/25/25 879/25/25 878/25/25
f 852/25/25 880/25/25 879/25/25
f 853/25/25 881/25/25 880/25/25
f 854/25/25 882/25/25 881/25/25
f 856/25/25 884/25/25 882/25/25
f 856/25/130 855/25/130 883/25/130
f 855/25/228 857/25/622 885/25/642
f 857/439/624 858/438/623 886/455/643
f 858/438/623 859/441/625 887/457/645
f 859/441/625 860/441/606 888/457/606
f 860/441/627 861/442/626 889/458/646
f 862/443/629 890/459/649 889/458/648
f 863/444/630 891/460/650 890/459/649
f 864/445/631 892/461/651 891/460/650
f 838/432/593 866/447/633 892/461/651
f 866/447/633 865/446/632 893/462/652
f 865/446/632 867/448/634 895/464/654
f 867/448/634 868/449/635 896/465/655
f 868/449/635 869/450/636 897/466/656
f 870/451/657 898/467/95 897/466/658
f 871/451/639 899/467/659 898/467/599
f 872/454/641 900/484/661 899/467/659
f 873/468/660 901/471/680 900/469/661
f 874/25/249 902/25/683 901/25/662
f 875/25/129 903/25/129 902/25/129
f 876/25/25 904/25/25 903/25/25
f 877/25/25 905/25/25 904/25/25
f 878/25/25 906/25/25 905/25/25
f 879/25/25 907/25/25 906/25/25
f 880/25/25 908/25/25 907/25/25
f 881/25/25 909/25/25 908/25/25
f 882/25/25 910/25/25 909/25/25
f 884/25/25 912/25/25 910/25/25
f 884/25/130 883/25/130 911/25/130
f 883/25/249 885/25/642 913/25/662
f 885/468/644 886/470/643 914/469/664
f 886/455/643 887/457/645 915/472/666
f 887/457/645 888/457/606 916/472/606
f 888/457/647 889/458/646 917/474/667
f 890/459/649 918/475/669 917/474/668
f 891/460/650 919/476/670 918/475/669
f 892/461/651 920/477/671 919/476/670
f 866/447/633 894/463/653 920/477/671
f 894/463/653 893/462/652 921/478/672
f 893/462/652 895/464/654 923/480/674
f 895/464/654 896/465/655 924/481/675
f 896/465/655 897/466/656 925/482/676
f 898/467/95 926/483/702 925/482/677
f 899/467/659 927/483/679 926/483/678
f 900/469/661 928/485/681 927/487/679
f 901/471/680 930/486/706 928/485/681
f 901/25/662 902/25/683 929/25/682
f 903/25/25 904/25/25 931/25/25
f 904/25/25 905/25/25 932/25/25
f 905/25/25 906/25/25 933/25/25
f 906/25/25 907/25/25 934/25/25
f 908/25/25 935/25/25 934/25/25
f 909/25/25 936/25/25 935/25/25
f 910/25/25 937/25/25 936/25/25
f 912/25/25 938/25/25 937/25/25
f 913/25/662 940/25/289 938/25/686
f 913/471/665 914/469/664 939/485/687
f 914/473/664 915/472/666 941/488/689
f 915/472/666 916/472/606 942/488/690
f 916/472/112 917/474/667 943/489/691
f 918/475/669 944/490/694 943/489/693
f 919/476/670 945/491/695 944/490/694
f 920/477/671 946/492/696 945/491/695
f 894/463/653 922/479/673 946/492/696
f 922/479/673 921/478/672 947/493/697
f 921/478/672 923/480/674 949/495/699
f 923/480/674 924/481/675 950/496/700
f 924/481/675 925/482/676 951/497/701
f 926/483/702 952/498/723 951/497/703
f 927/483/679 953/498/705 952/498/704
f 928/485/681 954/500/707 953/502/705
f 930/486/706 955/501/727 954/500/707
f 929/25/25 956/25/25 955/25/25
f 931/25/25 957/25/25 956/25/25
f 932/25/25 958/25/25 957/25/25
f 933/25/25 959/25/25 958/25/25
f 934/25/25 961/25/25 959/25/25
f 934/25/25 935/25/25 960/25/25
f 935/25/25 936/25/25 962/25/25
f 936/25/25 937/25/25 963/25/25
f 937/25/25 938/25/25 964/25/25
f 938/25/25 940/25/25 965/25/25
f 940/486/688 939/485/687 966/500/708
f 939/748/687 941/488/689 967/503/710
f 941/488/689 942/488/690 968/503/711
f 942/488/692 943/489/691 969/504/712
f 944/490/694 970/505/715 969/504/714
f 945/491/695 971/506/716 970/505/715
f 946/492/696 972/507/717 971/506/716
f 922/479/673 948/494/698 972/507/717
f 948/494/698 947/493/697 973/508/718
f 947/493/697 949/495/699 975/510/720
f 949/495/699 950/496/700 976/511/721
f 950/496/700 951/497/701 977/512/722
f 952/498/723 978/513/744 977/512/724
f 953/498/705 979/513/726 978/513/725
f 954/500/707 980/515/728 979/514/726
f 955/501/727 981/516/748 980/515/728
f 956/25/25 982/25/25 981/25/25
f 957/25/25 983/25/25 982/25/25
f 958/25/25 984/25/25 983/25/25
f 959/25/25 985/25/25 984/25/25
f 961/25/25 987/25/25 985/25/25
f 961/25/25 960/25/25 986/25/25
f 960/25/25 962/25/25 988/25/25
f 962/25/25 963/25/25 989/25/25
f 963/25/25 964/25/25 990/25/25
f 964/25/25 965/25/25 991/25/25
f 965/501/709 966/500/708 992/515/729
f 966/500/708 967/502/710 993/514/731
f 967/503/710 968/503/711 994/517/732
f 968/503/713 969/504/712 995/518/733
f 970/505/715 996/519/736 995/518/735
f 971/506/716 997/520/737 996/519/736
f 972/507/717 998/521/738 997/520/737
f 948/494/698 974/509/719 998/521/738
f 974/509/719 973/508/718 999/522/739
f 973/508/718 975/510/720 1001/524/741
f 975/510/720 976/511/721 1002/525/742
f 976/511/721 977/512/722 1003/526/743
f 978/513/744 1004/527/1010 1003/526/745
f 979/513/726 1005/527/747 1004/527/746
f 980/515/728 1006/529/749 1005/528/747
f 981/516/748 1007/530/768 1006/529/749
f 982/25/25 1008/25/25 1007/25/25
f 983/25/25 1009/25/25 1008/25/25
f 984/25/25 1011/25/25 1009/25/25
f 984/25/25 985/25/25 1010/25/25
f 985/25/25 987/25/25 1012/25/25
f 986/25/25 1013/25/25 1012/25/25
f 988/25/25 1015/25/25 1013/25/25
f 988/25/25 989/25/25 1014/25/25
f 989/25/25 990/25/25 1016/25/25
f 990/25/25 991/25/25 1017/25/25
f 991/516/730 992/515/729 1018/529/750
f 992/515/729 993/514/731 1019/528/752
f 993/517/731 994/517/732 1020/531/753
f 994/517/734 995/518/733 1021/532/754
f 996/519/736 1022/533/757 1021/532/756
f 997/520/737 1023/534/758 1022/533/757
f 998/521/738 1024/535/759 1023/534/758
f 974/509/719 1000/523/740 1024/535/759
f 1000/523/740 999/522/739 1025/536/760
f 999/522/739 1001/524/741 1027/538/762
f 1001/524/741 1002/525/742 1028/539/763
f 1002/525/742 1003/526/743 1029/540/764
f 1003/526/745 1004/527/1010 1030/541/765
f 1005/528/747 1031/542/767 1030/545/765
f 1006/529/749 1032/543/769 1031/542/767
f 1007/530/768 1033/544/787 1032/543/769
f 1008/25/25 1034/25/25 1033/25/25
f 1009/25/25 1035/25/25 1034/25/25
f 1011/25/25 1037/25/25 1035/25/25
f 1011/25/25 1010/25/25 1036/25/25
f 1010/25/25 1012/25/25 1038/25/25
f 1013/25/25 1039/25/25 1038/25/25
f 1015/25/25 1041/25/25 1039/25/25
f 1015/25/25 1014/25/25 1040/25/25
f 1014/25/25 1016/25/25 1042/25/25
f 1016/25/25 1017/25/25 1043/25/25
f 1017/530/751 1018/529/750 1044/543/770
f 1018/529/750 1019/528/752 1045/542/772
f 1019/531/752 1020/531/753 1046/546/773
f 1021/532/754 1047/547/793 1046/546/773
f 1022/533/757 1048/548/775 1047/547/774
f 1023/534/758 1049/549/776 1048/548/775
f 1024/535/759 1050/550/777 1049/549/776
f 1000/523/740 1026/537/761 1050/550/777
f 1026/537/761 1025/536/760 1051/551/778
f 1025/536/760 1027/538/762 1053/553/780
f 1027/538/762 1028/539/763 1054/554/781
f 1028/539/763 1029/540/764 1055/555/782
f 1029/540/766 1030/541/765 1056/556/783
f 1031/542/767 1057/558/785 1056/557/783
f 1032/543/769 1230/561/1011 1148/560/893
f 1148/560/893 1057/558/785 1032/543/769
f 1033/749/787 1059/750/1012 1058/684/786
f 1058/559/786 1230/561/1011 1032/543/769
f 1034/25/25 1060/25/25 1059/25/25
f 1035/25/25 1061/25/25 1060/25/25
f 1037/25/25 1062/25/25 1061/25/25
f 1036/25/25 1063/25/25 1062/25/25
f 1038/25/25 1065/25/25 1063/25/25
f 1038/25/25 1039/25/25 1064/25/25
f 1039/25/25 1041/25/25 1066/25/25
f 1041/25/25 1040/25/25 1067/25/25
f 1040/25/25 1042/25/25 1068/25/25
f 1042/25/25 1043/25/25 1069/25/25
f 1044/543/770 1072/561/790 1070/559/788
f 1070/673/788 1069/751/1013 1043/752/771
f 1045/542/772 1074/558/792 1044/543/770
f 1074/558/792 1071/560/789 1044/543/770
f 1045/542/772 1046/545/773 1073/557/791
f 1047/547/793 1075/563/865 1073/562/791
f 1048/548/775 1076/564/795 1075/563/794
f 1049/549/776 1077/565/796 1076/564/795
f 1050/550/777 1078/566/797 1077/565/796
f 1026/537/761 1052/552/779 1078/566/797
f 49/567/32 46/602/29 1079/568/798
f 1080/570/799 1160/753/1014 48/569/31
f 48/569/31 1079/568/798 1081/571/800
f 1081/571/800 1231/754/1015 1080/570/799
f 1231/754/1015 1081/571/800 1085/575/804
f 1081/571/800 1088/579/808 58/576/805
f 1082/572/801 1084/574/803 1086/577/806
f 1088/579/808 1089/581/810 60/580/809
f 1089/581/810 1090/583/812 62/582/811
f 1090/583/812 1108/606/834 3/584/813
f 3/584/813 1108/606/834 1091/585/814
f 1/586/815 1091/585/814 1092/587/816
f 4/588/817 1092/587/816 1093/589/818
f 1203/755/1016 12/756/1017 1094/591/820
f 12/756/1017 6/590/819 1094/591/820
f 1232/757/1018 1203/755/1016 1094/591/820
f 1094/591/820 1101/598/827 16/17/18
f 16/17/18 1163/701/913 1098/595/824
f 1098/595/824 1232/757/1018 1094/591/820
f 1096/593/822 1095/592/821 1099/596/825
f 1101/598/827 19/758/21 1102/599/828
f 46/602/29 1118/616/844 1103/600/829
f 19/758/21 1101/598/827 1112/610/838
f 1104/601/830 1105/603/831 1088/579/808
f 1105/603/831 1106/604/832 1089/581/810
f 1106/604/832 1107/605/833 1090/583/812
f 1107/605/833 1122/620/848 1108/606/834
f 1108/606/834 1122/620/848 1109/607/835
f 1091/585/814 1109/607/835 1110/608/836
f 1092/587/816 1110/608/836 1111/609/837
f 1093/589/818 1111/609/837 1112/610/838
f 1113/611/839 19/758/21 1112/610/838
f 1113/611/839 1115/613/841 19/758/21
f 1118/616/844 44/624/852 1116/614/842
f 1137/654/879 1135/652/877 1053/655/880
f 1116/614/842 1119/617/845 1105/603/831
f 1119/617/845 1120/618/846 1106/604/832
f 1120/618/846 1121/619/847 1107/605/833
f 1121/619/847 1126/629/857 1122/620/848
f 1122/620/848 1126/629/857 1123/621/849
f 1109/607/835 1123/621/849 1124/622/850
f 1110/608/836 1124/622/850 1125/623/851
f 1111/609/837 1125/623/851 1127/634/862
f 1114/612/840 1127/634/862 1115/613/841
f 1127/634/862 21/635/863 1115/613/841
f 44/624/852 41/709/1019 39/625/853
f 39/625/853 37/626/854 1119/617/845
f 37/626/854 35/627/855 1120/618/846
f 35/627/855 33/628/856 1121/619/847
f 33/628/856 34/759/1020 1126/629/857
f 1126/629/857 34/759/1020 31/630/858
f 1123/621/849 31/630/858 29/631/859
f 1124/622/850 29/631/859 27/632/860
f 1125/623/851 27/632/860 25/633/861
f 25/633/861 23/707/1021 21/635/863
f 1074/636/792 1073/640/791 1128/637/864
f 1075/639/865 1129/642/867 1128/637/864
f 1076/641/866 1130/644/869 1129/642/867
f 1131/646/871 1150/674/896 1077/643/868
f 1078/645/870 1132/648/873 1131/646/871
f 1052/647/872 1134/650/875 1132/648/873
f 1052/647/872 1051/651/876 1133/649/874
f 1051/651/876 1053/655/880 1135/652/877
f 1053/655/880 1054/656/881 1136/653/878
f 1054/656/881 1055/658/784 1138/657/882
f 1055/658/784 1056/661/783 1139/659/883
f 1057/660/785 1148/671/893 1139/659/883
f 1071/638/789 1128/637/864 1140/662/884
f 1128/637/864 1129/642/867 1141/664/886
f 1130/644/869 1150/674/896 1141/664/886
f 1131/646/871 1142/665/887 1150/674/896
f 1132/648/873 1143/666/888 1142/665/887
f 1134/650/875 1145/668/890 1143/666/888
f 1134/650/875 1133/649/874 1144/667/889
f 1133/649/874 1135/652/877 1146/669/891
f 1150/674/896 1130/644/869 1077/643/868
f 1136/653/878 1138/657/882 1147/670/892
f 1139/659/883 1149/672/894 1147/670/892
f 1148/671/893 1230/760/1022 1149/672/894
f 1140/662/884 1151/675/897 1070/673/895
f 1140/662/884 1141/664/886 1151/675/897
f 1150/674/896 1152/676/898 1151/675/897
f 1142/665/887 1153/677/899 1152/676/898
f 1143/666/888 1154/678/900 1153/677/899
f 1145/668/890 1156/680/902 1154/678/900
f 1145/668/890 1144/667/889 1155/679/901
f 1144/667/889 1146/669/891 1157/681/903
f 1146/669/891 1137/654/879 1158/682/904
f 1137/654/879 1147/670/892 1159/683/905
f 1058/684/906 1059/750/1023 1060/693/911
f 1149/672/894 1230/760/1022 1058/684/906
f 1069/751/1024 1070/673/895 1068/685/907
f 1152/676/898 1067/686/908 1068/685/907
f 1153/677/899 1066/687/909 1067/686/908
f 1154/678/900 1064/688/909 1066/687/909
f 1156/680/902 1065/690/909 1064/688/909
f 1156/680/902 1155/679/901 1063/689/909
f 1155/679/901 1157/681/903 1062/691/909
f 1157/681/903 1158/682/904 1061/692/910
f 1158/682/904 1159/683/905 1060/693/911
f 1117/615/843 1103/600/829 1118/616/844
f 1160/694/912 1080/694/130 1161/694/130
f 1161/694/130 1172/694/130 1162/694/130
f 1162/694/130 1167/694/130 1160/694/912
f 1167/694/130 52/694/130 1227/694/984
f 1160/694/912 1167/694/130 1227/694/984
f 1164/694/914 14/694/15 1201/694/129
f 1201/694/129 1165/694/129 1164/694/914
f 1165/694/129 1202/694/129 1233/694/129
f 1163/694/913 1165/694/129 1233/694/129
f 1233/694/129 1098/694/824 1163/694/913
f 1174/694/915 1229/694/915 1166/694/915
f 1229/694/915 86/694/915 1166/694/915
f 1167/694/916 1226/694/1025 1168/694/917
f 1169/694/918 1166/694/930 57/694/40
f 1083/694/919 1226/694/1025 1167/694/916
f 1170/694/920 1169/694/918 1087/694/921
f 1169/694/918 56/694/39 1228/694/988
f 1169/694/918 1228/694/988 1087/694/921
f 1083/694/919 1167/694/916 1162/694/919
f 1087/694/921 1086/694/1026 1084/694/919
f 1084/694/919 1083/694/919 1162/694/919
f 1087/694/921 1084/694/919 1162/694/919
f 1162/694/922 1172/694/922 1171/694/923
f 1172/694/924 1161/694/1027 1173/694/925
f 54/694/1028 1229/694/1028 1174/694/928
f 1161/694/1027 1080/694/927 1231/694/927
f 1161/694/1027 1231/694/927 1173/694/925
f 1231/694/927 1085/694/927 1173/694/925
f 54/694/1028 1174/694/928 55/694/927
f 1174/694/928 1173/694/925 1085/694/927
f 1166/694/915 1176/694/915 1175/694/915
f 1169/694/918 1178/694/932 1176/694/929
f 1169/694/918 1170/694/920 1177/694/931
f 1170/694/923 1171/694/923 1179/694/933
f 1171/694/926 1173/694/925 1180/694/934
f 1174/694/928 1175/694/942 1180/694/934
f 1176/694/915 1182/694/915 1181/694/915
f 1178/694/932 1184/694/938 1182/694/936
f 1178/694/932 1177/694/931 1183/694/937
f 1177/694/933 1179/694/933 1185/694/939
f 1179/694/935 1180/694/934 1186/694/940
f 1175/694/942 1181/694/1029 1186/694/940
f 1181/694/915 1182/694/915 1187/694/915
f 1182/694/936 1184/694/938 1189/694/943
f 1183/694/937 1190/694/951 1189/694/943
f 1185/694/939 1191/694/945 1190/694/945
f 1186/694/940 1192/694/948 1191/694/946
f 1186/694/940 1181/694/1029 1188/694/947
f 1188/694/915 1187/694/915 1193/694/915
f 1187/694/944 1189/694/943 1195/694/949
f 1190/694/951 1196/694/1030 1195/694/949
f 1191/694/945 1197/694/952 1196/694/952
f 1192/694/948 1198/694/955 1197/694/953
f 1192/694/948 1188/694/947 1194/694/954
f 1200/694/915 66/694/915 1193/694/915
f 66/694/915 1194/694/915 1193/694/915
f 10/694/11 1199/694/975 1193/694/950
f 1193/694/950 1195/694/949 10/694/11
f 1097/694/972 8/694/9 1195/694/949
f 1165/694/959 1201/694/956 1225/694/959
f 1201/694/956 15/694/958 1225/694/959
f 1097/694/972 1195/694/949 1196/694/1030
f 1095/694/960 1097/694/972 1165/694/959
f 1097/694/972 1196/694/1030 1165/694/959
f 1165/694/959 1225/694/959 1100/694/959
f 1099/694/960 1095/694/960 1165/694/959
f 1197/694/952 1202/694/961 1165/694/961
f 1198/694/955 1233/694/1031 1202/694/962
f 1232/694/963 1098/694/963 1233/694/1031
f 1194/694/954 66/694/1032 13/694/1032
f 1194/694/954 13/694/1032 12/694/963
f 1232/694/963 1233/694/1031 1203/694/963
f 1233/694/1031 1198/694/955 1203/694/963
f 1198/694/955 1194/694/954 12/694/963
f 1206/694/130 1209/694/130 1204/694/130
f 1209/694/130 1207/694/130 1211/694/130
f 1204/694/130 1209/694/130 1211/694/130
f 636/694/964 1211/694/964 1207/694/964
f 637/694/461 1208/694/965 1209/694/965
f 1208/694/965 1207/694/965 1209/694/965
f 634/694/967 638/694/462 1209/694/966
f 1209/694/966 1206/694/966 633/694/966
f 1206/694/966 1210/694/966 633/694/966
f 1206/694/968 1205/694/968 602/694/968
f 1205/694/969 1204/694/969 601/694/969
f 1212/694/970 601/694/970 1204/694/970
f 1204/694/970 1211/694/970 1212/694/970
f 1222/694/129 1215/694/129 1214/694/129
f 1215/694/129 1234/694/129 1213/694/129
f 1234/694/129 1216/694/129 1213/694/129
f 610/694/964 1218/694/964 1216/694/964
f 1216/694/964 1234/694/964 611/694/964
f 609/694/441 1213/694/965 1217/694/971
f 1213/694/965 1216/694/965 1218/694/965
f 1219/694/966 1221/694/966 1214/694/966
f 1214/694/966 1213/694/966 614/694/966
f 1213/694/966 609/694/441 608/694/440
f 1213/694/966 608/694/440 614/694/966
f 1220/694/968 1222/694/968 1214/694/968
f 581/694/969 580/694/969 1222/694/969
f 580/694/969 1215/694/969 1222/694/969
f 1224/694/970 611/694/970 1234/694/970
f 1234/694/970 1215/694/970 1224/694/970
f 1215/694/970 580/694/970 1223/694/970
