# PSX Racing car model — generated by tools/carmodels/export_models.mjs
mtllib midship_coupe_lampsup.mtl
v 0.205031 0.823417 2.103923
v 0.000000 0.838947 2.072339
v 0.000000 0.823930 2.107596
v 0.515005 0.822235 2.087073
v 0.317859 0.837746 2.060381
v 0.312945 0.823148 2.099496
v 0.727821 0.837811 2.078673
v 0.721620 0.837110 2.080449
v 0.723971 0.833555 2.092281
v 0.746987 0.834807 2.090096
v 0.743793 0.842263 2.065430
v 0.734522 0.838772 2.076083
v 0.845696 0.741363 1.992249
v 0.841758 0.739570 2.017860
v 0.845955 0.721815 1.987644
v 0.846635 0.751029 1.987508
v 0.830938 0.685774 2.026768
v 0.844954 0.490554 1.987845
v -0.823930 0.390441 2.139567
v -0.829937 0.595672 2.138133
v -0.844954 0.490554 1.987845
v -0.838947 0.265299 1.989042
v 0.823930 0.390441 2.139567
v 0.824931 0.252285 1.991802
v 0.838947 0.265299 1.989042
v 0.422477 0.670634 -1.544744
v 0.422477 0.407460 -1.544744
v 0.402454 0.407460 -1.576780
v 0.402454 0.662309 -1.576780
v 0.417712 0.668714 -1.552366
v -0.809914 0.252285 1.962067
v -0.838947 0.265299 1.989042
v -0.824931 0.252285 1.991802
v 0.750850 0.792887 2.089062
v 0.766475 0.801388 2.087680
v 0.760859 0.811717 2.088397
v 0.746987 0.834807 2.090096
v 0.723971 0.833555 2.092281
v 0.750847 0.792895 2.089062
v -0.830938 0.685774 2.026768
v -0.841758 0.739570 2.017860
v -0.845955 0.721815 1.987644
v -0.832067 0.737151 2.057548
v -0.735605 0.860868 2.008152
v -0.741738 0.847003 2.050224
v -0.730756 0.860241 2.009009
v -0.565638 0.821928 2.080246
v -0.515005 0.822235 2.087073
v -0.317859 0.837746 2.060381
v -0.570199 0.834725 2.031904
v -0.205031 0.823417 2.103923
v -0.312945 0.823148 2.099496
v 0.320362 0.859907 1.623833
v 0.000000 0.861788 1.623833
v 0.643196 0.842484 1.889157
v 0.650323 0.844984 1.883197
v 0.640723 0.842951 1.862102
v 0.637402 0.836974 1.969856
v 0.645013 0.839381 1.969213
v 0.760859 0.865791 1.962375
v 0.767027 0.866565 1.961870
v 0.748547 0.866083 1.917666
v 0.730756 0.860241 2.009009
v 0.735605 0.860868 2.008152
v 0.736005 0.861555 1.992249
v 0.816951 0.863702 1.932439
v 0.809914 0.873986 1.862102
v 0.800904 0.869181 1.929659
v 0.795833 0.870336 1.933833
v 0.849959 0.861973 1.862102
v 0.834746 0.858028 1.935318
v 0.842355 0.838414 1.945272
v 0.848513 0.822922 1.952498
v -0.854114 0.809508 1.958741
v -0.874988 0.814920 1.862102
v -0.872985 0.728823 1.862102
v -0.846635 0.751029 1.987508
v -0.459519 0.300840 -2.067333
v 0.459519 0.300840 -2.067333
v 0.459519 0.289827 -2.078346
v -0.459519 0.289827 -2.078346
v 0.838947 0.265299 1.989042
v 0.851962 0.252285 1.862102
v 0.865977 0.265299 1.862102
v 0.711803 0.851962 2.095502
v 0.711803 0.851962 2.084346
v 0.671758 0.891006 2.098024
v 0.671758 0.891006 2.099100
v -0.838947 0.265299 1.989042
v -0.851962 0.252285 1.862102
v -0.824931 0.252285 1.991802
v 0.873986 0.782884 0.260294
v 0.871984 0.757855 0.000000
v 0.765864 0.769869 0.000000
v 0.765864 0.794897 0.260294
v 0.648386 0.699454 -1.374348
v 0.723514 0.706729 -1.360185
v 0.713357 0.678292 -1.509745
v 0.638551 0.672172 -1.518277
v -0.848513 0.822922 1.952498
v -0.849959 0.861973 1.862102
v -0.816951 0.863702 1.932439
v -0.809914 0.873986 1.862102
v -0.834746 0.858028 1.935318
v -0.809914 0.873986 1.862102
v -0.795833 0.870336 1.933833
v -0.768022 0.866667 1.961804
v -0.767027 0.866565 1.961870
v -0.748547 0.866083 1.917666
v -0.752370 0.867020 1.899951
v -0.753618 0.868323 1.862102
v -0.650323 0.844984 1.883197
v -0.640723 0.842951 1.862102
v -0.673474 0.851672 1.862102
v -0.670757 0.850849 1.866106
v -0.622288 0.310350 -2.078346
v -0.634025 0.306346 -2.074341
v -0.697788 0.306346 -2.053117
v -0.649078 0.391442 -2.071415
v -0.515720 0.391442 -2.115746
v -0.470531 0.315338 -2.128975
v -0.470531 0.306346 -2.128761
v -0.506572 0.306346 -2.116764
v -0.510576 0.310350 -2.115530
v 0.707210 0.862950 1.812386
v 0.640723 0.853672 1.629840
v 0.673474 0.851672 1.862102
v 0.809914 0.873986 1.862102
v 0.767445 0.872095 1.722681
v 0.757109 0.869668 1.803976
v 0.753618 0.868323 1.862102
v 0.739165 0.870837 1.629840
v 0.730354 0.867426 1.777627
v 0.765600 0.872013 1.716624
v 0.900834 0.637720 0.500565
v 0.911440 0.637720 0.757855
v 0.901880 0.637720 0.757855
v 0.889837 0.637720 0.490554
v 0.900672 0.637720 0.490554
v -0.847619 0.252285 1.629840
v -0.879655 0.252285 1.629840
v -0.872362 0.318359 1.623833
v -0.646730 0.318359 1.623833
v 0.746340 0.775442 -0.804248
v 0.749581 0.768478 -0.835476
v 0.706795 0.797716 -0.818052
v 0.745900 0.776390 -0.799981
v 0.646730 0.296334 -0.938059
v 0.646730 0.123139 -0.938059
v 0.646730 0.123139 -1.596802
v 0.646730 0.296334 -1.596802
v 0.646730 0.407460 -1.567027
v 0.646730 0.407460 -1.544744
v 0.646730 0.468952 -1.544744
v 0.646730 0.581578 -1.432116
v 0.646730 0.461021 -0.982187
v 0.646730 0.581578 -1.102745
v 0.646730 0.568017 -1.081220
v 0.646730 0.625706 -1.267431
v -0.707210 0.862950 1.812386
v -0.727821 0.866928 1.782011
v -0.727821 0.882997 1.782011
v -0.670757 0.898014 1.866106
v -0.670757 0.850849 1.866106
v -0.673474 0.851672 1.862102
v 0.889003 0.608062 -1.081220
v 0.882997 0.591043 -1.081220
v 0.883110 0.604604 -1.102745
v 0.889117 0.621624 -1.102745
v -0.646730 0.252285 1.623833
v -0.646730 0.318359 1.623833
v -0.646730 0.496560 1.576084
v -0.646730 0.627013 1.445632
v -0.646730 0.674762 1.267431
v -0.646730 0.627013 1.089229
v -0.646730 0.496560 0.958777
v -0.646730 0.318359 0.911028
v -0.646730 0.123139 0.911028
v -0.646730 0.123139 1.576084
v 0.860972 0.568017 -1.081220
v 0.646730 0.568017 -1.081220
v 0.646730 0.581578 -1.102745
v 0.861085 0.581578 -1.102745
v -0.860711 0.590589 -1.432116
v -0.874727 0.604604 -1.432116
v -0.864248 0.484047 -1.552674
v -0.850233 0.470032 -1.552674
v -0.770199 0.872130 1.708665
v -0.765600 0.872013 1.716624
v -0.739165 0.870837 1.629840
v -0.837607 0.873986 1.629840
v -0.767445 0.872095 1.722681
v -0.727821 0.866928 1.782011
v -0.707210 0.862950 1.812386
v -0.640723 0.853672 1.629840
v -0.730354 0.867426 1.777627
v -0.571232 0.837625 1.975055
v -0.320362 0.859907 1.623833
v -0.639437 0.856594 1.576084
v -0.640723 0.853949 1.623833
v -0.637402 0.836974 1.969856
v 0.823930 0.390441 2.139567
v 0.838947 0.265299 1.989042
v 0.829937 0.595672 2.138133
v 0.640723 0.853949 1.623833
v 0.837607 0.873986 1.629840
v 0.739523 0.870975 1.623833
v -0.765864 0.794897 0.260294
v -0.643226 0.955078 0.000000
v -0.644227 0.936557 -0.170192
v -0.765864 0.751849 -0.170192
v -0.765864 0.769869 0.000000
v -0.402454 0.407460 -1.576780
v -0.422477 0.407460 -1.544744
v -0.422477 0.670634 -1.544744
v -0.417712 0.668714 -1.552366
v -0.402454 0.662309 -1.576780
v 0.564587 0.682304 2.107693
v 0.565638 0.682112 2.107627
v 0.565638 0.821928 2.107627
v 0.400452 0.822929 2.117990
v 0.400452 0.682419 2.117990
v 0.553944 0.683817 2.108361
v 0.899677 0.490554 1.629840
v 0.894386 0.341385 1.623833
v 0.900393 0.490554 1.623833
v 0.879655 0.252285 1.629840
v 0.872362 0.318359 1.623833
v 0.880371 0.327369 1.623833
v 0.847619 0.252285 1.629840
v 0.646730 0.252285 1.623833
v 0.646730 0.318359 1.623833
v -0.646730 0.252285 1.623833
v 0.893671 0.265299 1.629840
v 0.894386 0.341385 1.623833
v -0.899677 0.490554 1.629840
v -0.894386 0.341385 1.623833
v -0.893671 0.265299 1.629840
v -0.830897 0.123139 -1.602809
v -0.838906 0.132149 -1.602809
v -0.793896 0.132149 -1.802034
v -0.785887 0.123139 -1.802034
v 0.707210 0.862950 1.812386
v 0.673474 0.851672 1.862102
v 0.670757 0.850849 1.866106
v 0.670757 0.898014 1.866106
v 0.727821 0.882997 1.782011
v 0.727821 0.866928 1.782011
v -0.739523 0.870975 1.623833
v -0.838323 0.873986 1.623833
v 0.319719 0.864311 1.576084
v 0.000000 0.866747 1.576084
v 0.639437 0.856594 1.576084
v 0.838323 0.873986 1.623833
v 0.740750 0.871655 1.576084
v 0.899015 0.405458 0.695785
v 0.889532 0.418232 0.685544
v 0.890724 0.434270 0.711383
v 0.900354 0.423478 0.724818
v -0.641224 0.968593 0.260294
v -0.520588 1.126271 0.000000
v 0.898127 0.519586 1.576084
v 0.904133 0.536606 1.576084
v -0.692782 0.391442 -2.055075
v -0.698348 0.395153 -2.052883
v -0.704276 0.399104 -2.045519
v -0.720149 0.409686 -2.020996
v -0.692782 0.391442 -2.032084
v -0.859629 0.296334 -0.938059
v -0.860044 0.461021 -0.982187
v -0.646730 0.461021 -0.982187
v -0.646730 0.296334 -0.938059
v -0.868053 0.470032 -0.982187
v -0.868981 0.577027 -1.081220
v -0.860972 0.568017 -1.081220
v -0.860044 0.461021 -0.982187
v -0.900393 0.490554 1.623833
v -0.898127 0.519586 1.576084
v -0.258292 1.158708 0.260294
v 0.000000 1.168319 0.260294
v 0.000000 1.163313 0.000000
v -0.260294 1.154423 0.000000
v 0.869094 0.590589 -1.102745
v 0.869961 0.634716 -1.267431
v 0.883977 0.648732 -1.267431
v -0.740750 0.871655 1.576084
v -0.842063 0.872700 1.576084
v 0.740316 0.872525 1.445632
v -0.319719 0.864311 1.576084
v 0.316457 0.880834 1.445632
v 0.000000 0.885880 1.445632
v 0.632914 0.864856 1.445632
v 0.842063 0.872700 1.576084
v 0.893294 0.132149 0.820927
v 0.879993 0.132149 0.500565
v 0.874861 0.265299 0.260294
v 0.883700 0.265299 0.500565
v -0.187712 0.390441 2.230086
v -0.187712 0.384434 2.225881
v -0.187712 0.384434 2.222508
v -0.187712 0.505571 2.222508
v -0.187712 0.505571 2.230067
v 0.896248 0.505571 0.958777
v 0.895224 0.327369 0.911028
v 0.909240 0.341385 0.911028
v 0.910263 0.519586 0.958777
v -0.750847 0.792895 2.091794
v -0.750847 0.792895 2.080628
v -0.775876 0.719812 2.052403
v -0.775876 0.719812 2.089313
v -0.615695 0.909026 1.912158
v -0.615695 0.872985 1.912158
v -0.643196 0.842484 1.889157
v -0.650323 0.844984 1.883197
v -0.470531 0.244276 -2.078346
v -0.470531 0.244276 -2.128452
v -0.459798 0.255009 -2.131964
v -0.459519 0.255288 -2.132018
v -0.459519 0.255288 -2.078346
v -0.499564 0.299338 -2.078346
v -0.499564 0.195220 -2.078346
v -0.510576 0.195220 -2.067333
v -0.510576 0.299338 -2.067333
v -0.880734 0.621624 -1.432116
v -0.870255 0.501067 -1.552674
v -0.894009 0.692782 -0.170192
v -0.868981 0.739835 -0.170192
v -0.865977 0.723817 -0.480542
v -0.891006 0.676764 -0.480542
v 0.717810 0.667493 -1.544744
v 0.717810 0.468952 -1.544744
v 0.646730 0.468952 -1.544744
v 0.646730 0.407460 -1.544744
v 0.422477 0.407460 -1.544744
v 0.422477 0.670634 -1.544744
v 0.636235 0.665143 -1.544744
v 0.708689 0.668852 -1.544744
v -0.905135 0.727536 1.576084
v -0.909787 0.667058 1.445632
v -0.904133 0.536606 1.576084
v -0.171694 0.505571 2.206490
v 0.171694 0.505571 2.206490
v 0.171694 0.521589 2.222508
v -0.171694 0.521589 2.222508
v -0.740316 0.872525 1.445632
v -0.847717 0.866178 1.445632
v -0.632914 0.864856 1.445632
v -0.316457 0.880834 1.445632
v 0.310563 0.911113 1.267431
v 0.000000 0.919199 1.267431
v 0.621124 0.885507 1.267431
v 0.703506 0.878592 1.267431
v 0.740316 0.872525 1.445632
v 0.785887 0.857660 1.267431
v 0.703506 0.878592 1.267431
v 0.847717 0.866178 1.445632
v 0.894271 0.845646 1.267431
v 0.785887 0.857660 1.267431
v -0.589037 0.887593 1.973712
v -0.571232 0.837625 1.975055
v -0.637402 0.836974 1.969856
v -0.645013 0.839381 1.969213
v -0.633524 0.852239 1.970185
v -0.615695 0.876066 1.971619
v 0.910788 0.721014 1.445632
v 0.916296 0.714807 1.267431
v 0.917297 0.729824 1.267431
v 0.897644 0.636023 1.089229
v 0.911660 0.650039 1.089229
v 0.459519 0.244276 -2.067333
v -0.459519 0.244276 -2.067333
v 0.459519 0.255288 -2.078346
v 0.510576 0.195220 -2.067333
v 0.510576 0.299338 -2.067333
v 0.655118 0.299338 -2.067333
v 0.655218 0.271306 -2.067333
v 0.656210 0.266217 -2.067333
v 0.656089 0.265299 -2.067333
v 0.657474 0.195220 -2.067333
v -0.889837 0.637720 0.490554
v -0.900672 0.637720 0.490554
v -0.899048 0.490554 0.442484
v -0.894994 0.438495 0.425480
v -0.888753 0.438495 0.425480
v -0.728702 0.579608 -1.809470
v -0.729020 0.583247 -1.802034
v -0.729774 0.588717 -1.784348
v -0.738834 0.656393 -1.571774
v -0.738834 0.407460 -1.571774
v -0.725819 0.407460 -1.877119
v -0.725819 0.546767 -1.877119
v -0.863975 0.723817 -0.760859
v -0.889003 0.676764 -0.760859
v 0.914318 0.695928 0.820927
v 0.901017 0.670757 0.500565
v 0.903019 0.756854 0.500565
v 0.916320 0.782026 0.820927
v -0.470531 0.244276 -2.078346
v -0.459519 0.244276 -2.067333
v -0.459519 0.196221 -2.067333
v -0.470531 0.196221 -2.078346
v -0.910788 0.721014 1.445632
v -0.916296 0.714807 1.267431
v 0.912790 0.807111 1.445632
v 0.919300 0.798593 1.267431
v 0.850233 0.470032 -1.552674
v 0.840263 0.305345 -1.596802
v 0.854279 0.319360 -1.596802
v 0.864248 0.484047 -1.552674
v -0.785887 0.857660 1.267431
v -0.703506 0.878592 1.267431
v -0.621124 0.885507 1.267431
v -0.310563 0.911113 1.267431
v 0.000000 0.982940 1.089229
v -0.298568 0.974031 1.089229
v 0.597136 0.945822 1.089229
v 0.298568 0.974031 1.089229
v 0.691511 0.905322 1.089229
v 0.785887 0.850806 1.089229
v 0.691511 0.905322 1.089229
v -0.187712 0.384434 2.225881
v -0.274440 0.384434 2.222452
v -0.548881 0.384434 2.189848
v -0.570644 0.384434 2.185535
v -0.570644 0.384434 2.137412
v 0.570644 0.384434 2.137412
v 0.570644 0.384434 2.185535
v 0.548881 0.384434 2.189848
v 0.274440 0.384434 2.222452
v 0.187712 0.384434 2.225881
v 0.187712 0.384434 2.222508
v 0.171694 0.384434 2.206490
v -0.187712 0.384434 2.222508
v -0.171694 0.384434 2.206490
v -0.917297 0.729824 1.267431
v -0.919300 0.798593 1.267431
v -0.920670 0.791740 1.089229
v -0.918668 0.705642 1.089229
v 0.918668 0.705642 1.089229
v 0.888265 0.674762 1.267431
v 0.889635 0.627013 1.089229
v 0.896274 0.683772 1.267431
v 0.859629 0.296334 -0.938059
v 0.646730 0.296334 -0.938059
v 0.646730 0.461021 -0.982187
v 0.860044 0.461021 -0.982187
v 0.459519 0.289827 -2.078346
v 0.470531 0.300840 -2.078346
v 0.470531 0.300840 -2.128757
v 0.464981 0.295289 -2.130594
v 0.459519 0.289827 -2.131692
v -0.742890 0.843812 2.064998
v -0.743793 0.842263 2.065430
v -0.734522 0.838772 2.076083
v -0.727821 0.841950 2.079347
v -0.727821 0.850960 2.072339
v -0.706795 0.797716 -0.818052
v -0.749581 0.768478 -0.835476
v -0.746340 0.775442 -0.804248
v -0.745900 0.776390 -0.799981
v -0.615695 0.916034 2.112384
v -0.570644 0.920038 2.119392
v -0.570644 0.929049 2.112384
v -0.615695 0.925044 2.105376
v -0.646730 0.625706 -1.267431
v -0.861952 0.625706 -1.267431
v -0.852702 0.581578 -1.432116
v -0.646730 0.581578 -1.432116
v -0.917667 0.667058 1.089229
v -0.729824 0.320362 -2.002260
v -0.730825 0.355401 -2.002260
v -0.696786 0.271306 -2.053517
v 0.646730 0.496560 0.958777
v 0.646730 0.318359 0.911028
v 0.887215 0.318359 0.911028
v 0.888239 0.496560 0.958777
v -0.703506 0.878592 1.267431
v -0.785887 0.850806 1.089229
v -0.785887 0.857660 1.267431
v -0.691511 0.905322 1.089229
v -0.597136 0.945822 1.089229
v -0.735025 0.741579 -1.155036
v -0.723514 0.706729 -1.360185
v -0.798641 0.699986 -1.344471
v -0.807891 0.735957 -1.131646
v 0.000000 1.026319 0.958777
v -0.289153 1.016978 0.958777
v 0.578307 0.987393 0.958777
v 0.289153 1.016978 0.958777
v 0.597136 0.945822 1.089229
v 0.682097 0.923713 0.958777
v 0.578307 0.987393 0.958777
v 0.785887 0.846016 0.958777
v 0.871984 0.123139 0.500565
v 0.857968 0.123139 -0.760859
v 0.865977 0.132149 -0.760859
v 0.870983 0.132149 -0.170192
v 0.873986 0.132149 0.000000
v 0.875989 0.132149 0.260294
v -0.887215 0.318359 0.911028
v -0.895224 0.327369 0.911028
v -0.895096 0.132149 0.905021
v -0.887087 0.123139 0.905021
v -0.892007 0.682771 -1.081220
v -0.866979 0.729824 -1.081220
v -0.867092 0.729144 -1.102745
v -0.892120 0.682091 -1.102745
v -0.910289 0.697788 1.267431
v -0.903780 0.650039 1.445632
v -0.917271 0.700852 0.958777
v -0.916270 0.536606 0.958777
v -0.888265 0.674762 1.267431
v -0.889635 0.627013 1.089229
v -0.646730 0.627013 1.089229
v -0.646730 0.674762 1.267431
v 0.646730 0.407460 -1.567027
v 0.735141 0.407460 -1.567027
v 0.738834 0.407460 -1.571774
v 0.725819 0.407460 -1.877119
v 0.705797 0.407460 -1.902147
v 0.430486 0.407460 -1.902147
v 0.409462 0.407460 -1.876118
v 0.402454 0.407460 -1.576780
v 0.422477 0.407460 -1.544744
v 0.646730 0.407460 -1.544744
v -0.691511 0.905322 1.089229
v -0.785887 0.846016 0.958777
v -0.682097 0.923713 0.958777
v -0.578307 0.987393 0.958777
v 0.571145 1.002060 0.911028
v 0.285572 1.032032 0.911028
v 0.678516 0.930193 0.911028
v 0.571145 1.002060 0.911028
v 0.785887 0.844310 0.911028
v 0.919274 0.786949 0.958777
v 0.891292 0.829079 0.820927
v 0.894245 0.834002 0.958777
v -0.646730 0.496560 0.958777
v -0.888239 0.496560 0.958777
v -0.646730 0.318359 0.911028
v 0.915247 0.490554 0.911028
v 0.916270 0.536606 0.958777
v 0.171694 0.384434 2.206490
v -0.171694 0.384434 2.206490
v 0.878368 0.861973 1.623833
v 0.838323 0.873986 1.623833
v 0.837607 0.873986 1.629840
v -0.570644 0.339383 2.092362
v -0.615695 0.339383 2.137412
v -0.615695 0.328661 2.137412
v -0.583255 0.273356 2.104973
v -0.570644 0.259138 2.092362
v -0.824931 0.252285 1.991802
v -0.792895 0.252285 1.997936
v 0.000000 0.252285 2.072339
v 0.792895 0.252285 1.997936
v 0.824931 0.252285 1.991802
v 0.809914 0.252285 1.962067
v 0.801905 0.252285 1.957623
v 0.777878 0.252285 1.963100
v -0.809914 0.252285 1.962067
v -0.777878 0.252285 1.963100
v -0.801905 0.252285 1.957623
v 0.000000 0.252285 2.050414
v -0.340384 0.922041 2.135410
v -0.340384 0.905021 2.128402
v 0.000000 0.906023 2.134409
v 0.000000 0.923042 2.141417
v 0.730825 0.355401 -2.002260
v 0.732827 0.441498 -2.002260
v 0.816922 0.523591 -1.802034
v 0.813919 0.402454 -1.802034
v 0.729824 0.320362 -2.002260
v -0.340384 0.922041 2.135410
v 0.000000 0.923042 2.141417
v 0.000000 0.932052 2.134409
v -0.340384 0.931051 2.128402
v -0.910263 0.519586 0.958777
v -0.915247 0.490554 0.911028
v -0.909240 0.341385 0.911028
v -0.914318 0.695928 0.820927
v -0.913317 0.490554 0.820927
v -0.915119 0.490554 0.905021
v -0.896248 0.505571 0.958777
v -0.909240 0.341385 0.911028
v -0.895224 0.327369 0.911028
v -0.549287 0.390441 2.193988
v -0.274643 0.390441 2.226641
v -0.276645 0.595672 2.226482
v -0.553291 0.595672 2.193352
v -0.682097 0.923713 0.958777
v -0.785887 0.844310 0.911028
v -0.578307 0.987393 0.958777
v -0.678516 0.930193 0.911028
v -0.571145 1.002060 0.911028
v 0.570244 1.003904 0.905021
v 0.285122 1.033926 0.905021
v 0.678065 0.931008 0.905021
v 0.570244 1.003904 0.905021
v 0.785887 0.844096 0.905021
v -0.646730 0.123139 1.576084
v 0.646730 0.123139 1.576084
v 0.646730 0.252285 1.623833
v -0.646730 0.252285 1.623833
v 0.634025 0.306346 -2.074341
v 0.510576 0.310350 -2.078346
v 0.622118 0.310350 -2.078346
v 0.909240 0.341385 0.911028
v 0.915119 0.490554 0.905021
v 0.895224 0.327369 0.911028
v 0.909112 0.265299 0.905021
v 0.909240 0.341385 0.911028
v 0.510576 0.184208 -2.078346
v 0.624272 0.184208 -2.078346
v 0.592217 0.184208 -2.088908
v 0.510576 0.184208 -2.115264
v 0.470531 0.244276 -2.078346
v 0.470531 0.244276 -2.128452
v 0.470531 0.196221 -2.128244
v 0.470531 0.196221 -2.078346
v 0.646730 0.123139 0.911028
v 0.863060 0.123139 0.905021
v 0.874988 0.814920 1.862102
v 0.903397 0.814920 1.623833
v 0.894009 0.692782 -0.170192
v 0.891006 0.676764 -0.480542
v 0.865977 0.723817 -0.480542
v 0.868981 0.739835 -0.170192
v -0.646730 0.123139 0.911028
v -0.863060 0.123139 0.905021
v 0.894386 0.341385 1.623833
v 0.880371 0.327369 1.623833
v 0.884111 0.505571 1.576084
v -0.909112 0.265299 0.905021
v -0.895096 0.132149 0.905021
v -0.909112 0.265299 0.905021
v 0.409462 0.570272 -1.876118
v 0.409462 0.407460 -1.876118
v 0.430486 0.407460 -1.902147
v 0.430486 0.560045 -1.902147
v 0.411792 0.569106 -1.879002
v -0.785887 0.844096 0.905021
v -0.571145 1.002060 0.911028
v -0.678065 0.931008 0.905021
v -0.285572 1.032032 0.911028
v -0.570244 1.003904 0.905021
v 0.907137 0.813633 1.576084
v 0.905135 0.727536 1.576084
v 0.909787 0.667058 1.445632
v 0.557629 1.029733 0.820927
v 0.278815 1.060440 0.820927
v 0.671758 0.942421 0.820927
v 0.557629 1.029733 0.820927
v 0.785887 0.841092 0.820927
v -0.895642 0.838793 1.089229
v -0.894245 0.834002 0.958777
v -0.919274 0.786949 0.958777
v 0.909112 0.265299 0.905021
v 0.913317 0.490554 0.820927
v 0.895096 0.132149 0.905021
v 0.906361 0.265299 0.820927
v 0.861952 0.625706 -1.267431
v 0.852702 0.581578 -1.432116
v 0.860711 0.590589 -1.432116
v -0.884111 0.505571 1.576084
v -0.889764 0.636023 1.445632
v -0.881755 0.627013 1.445632
v -0.876102 0.496560 1.576084
v -0.895096 0.132149 0.905021
v -0.906361 0.265299 0.820927
v -0.893294 0.132149 0.820927
v -0.869094 0.590589 -1.102745
v -0.869961 0.634716 -1.267431
v -0.861952 0.625706 -1.267431
v -0.861085 0.581578 -1.102745
v -0.883977 0.648732 -1.267431
v -0.889983 0.665751 -1.267431
v -0.852702 0.581578 -1.432116
v -0.785887 0.841092 0.820927
v -0.570244 1.003904 0.905021
v -0.671758 0.942421 0.820927
v -0.285122 1.033926 0.905021
v -0.557629 1.029733 0.820927
v 0.000000 1.070137 0.820927
v -0.278815 1.060440 0.820927
v 0.643727 0.969094 0.500565
v 0.521589 1.108251 0.500565
v 0.000000 0.804908 2.134409
v 0.400452 0.803907 2.123996
v 0.565638 0.802906 2.113634
v 0.565638 0.802906 2.097616
v 0.400452 0.803907 2.107978
v 0.000000 0.804908 2.118391
v -0.400452 0.803907 2.123996
v -0.565638 0.802906 2.097616
v -0.565638 0.802906 2.113634
v -0.400452 0.803907 2.107978
v 0.785887 0.123139 -1.802034
v 0.701792 0.123139 -2.002260
v 0.709801 0.132149 -2.002260
v 0.793896 0.132149 -1.802034
v 0.907255 0.423478 0.724818
v 0.910224 0.490554 0.746456
v 0.902413 0.405458 0.621591
v 0.905493 0.405458 0.695785
v 0.872362 0.318359 1.623833
v 0.876102 0.496560 1.576084
v -0.171694 0.521589 2.222508
v -0.171694 0.521589 2.230700
v -0.800904 0.745842 1.992249
v -0.800904 0.740806 2.051240
v -0.760859 0.812154 2.083287
v -0.760859 0.819925 1.992249
v -0.907137 0.813633 1.576084
v -0.912790 0.807111 1.445632
v -0.883700 0.265299 0.500565
v -0.902413 0.405458 0.621591
v -0.893852 0.405458 0.500565
v -0.912415 0.609688 0.784886
v -0.910224 0.490554 0.746456
v -0.901017 0.670757 0.500565
v -0.900834 0.637720 0.500565
v -0.911440 0.637720 0.757855
v 0.912415 0.609688 0.784886
v 0.900834 0.637720 0.500565
v 0.911440 0.637720 0.757855
v 0.499564 0.195220 -2.118867
v 0.499564 0.195220 -2.078346
v 0.510576 0.184208 -2.078346
v 0.510576 0.184208 -2.115264
v 0.765864 0.815921 0.500565
v 0.785887 0.841092 0.820927
v 0.891292 0.829079 0.820927
v 0.877991 0.803907 0.500565
v -0.765864 0.815921 0.500565
v -0.557629 1.029733 0.820927
v -0.643727 0.969094 0.500565
v -0.727821 0.875989 1.927175
v -0.752370 0.867020 1.899951
v -0.748547 0.866083 1.917666
v -0.730756 0.860241 2.009009
v -0.741738 0.847003 2.050224
v -0.742890 0.843812 2.064998
v -0.727821 0.850960 2.072339
v 0.000000 1.146294 0.500565
v -0.260794 1.137163 0.500565
v 0.260794 1.137163 0.500565
v 0.516583 1.128273 0.260294
v 0.258292 1.158708 0.260294
v 0.521589 1.108251 0.500565
v 0.641224 0.968593 0.260294
v 0.516583 1.128273 0.260294
v -0.736005 0.861555 1.992249
v -0.752701 0.825296 2.089415
v -0.746987 0.834807 2.090096
v -0.743793 0.842263 2.065430
v -0.735605 0.860868 2.008152
v -0.274440 0.384434 2.222452
v -0.187712 0.384434 2.225881
v -0.187712 0.390441 2.230086
v 0.892968 0.405458 0.447505
v 0.893852 0.405458 0.500565
v 0.896011 0.490554 0.260294
v 0.899048 0.490554 0.442484
v 0.894994 0.438495 0.425480
v 0.893376 0.415469 0.428484
v -0.874861 0.265299 0.260294
v -0.879993 0.132149 0.500565
v -0.894271 0.845646 1.267431
v 0.888239 0.496560 0.958777
v 0.646730 0.123139 1.576084
v 0.646730 0.123139 0.911028
v 0.646730 0.318359 0.911028
v 0.646730 0.496560 0.958777
v 0.646730 0.627013 1.089229
v 0.646730 0.674762 1.267431
v 0.646730 0.627013 1.445632
v 0.646730 0.496560 1.576084
v 0.646730 0.318359 1.623833
v 0.646730 0.252285 1.623833
v -0.875989 0.132149 0.260294
v -0.896011 0.490554 0.260294
v -0.260794 1.137163 0.500565
v -0.521589 1.108251 0.500565
v 0.890118 0.636641 -1.102745
v 0.889983 0.665751 -1.267431
v 0.890985 0.680768 -1.267431
v -0.882109 0.860686 1.576084
v -0.521589 1.108251 0.500565
v -0.516583 1.128273 0.260294
v -0.521589 1.108251 0.500565
v 0.901394 0.728823 1.623833
v 0.260294 1.154423 0.000000
v 0.520588 1.126271 0.000000
v -0.837607 0.873986 1.629840
v -0.838323 0.873986 1.623833
v -0.878368 0.861973 1.623833
v 0.865977 0.265299 1.862102
v 0.871984 0.490554 1.862102
v -0.665272 0.893853 2.099649
v -0.671758 0.891006 2.099100
v -0.711803 0.851962 2.095502
v -0.711803 0.680768 2.095502
v -0.630712 0.680768 2.102571
v -0.630712 0.874858 2.102571
v -0.651640 0.888878 2.100801
v 0.861085 0.581578 -1.102745
v -0.897012 0.649733 0.260294
v -0.895010 0.624705 0.000000
v -0.894009 0.490554 0.000000
v -0.891006 0.490554 -0.170192
v -0.888002 0.490554 -0.480542
v -0.868873 0.265299 -0.170192
v 0.917667 0.667058 1.089229
v 0.917271 0.700852 0.958777
v 0.920670 0.791740 1.089229
v 0.187712 0.390441 2.230086
v 0.187712 0.505571 2.230067
v 0.187712 0.505571 2.222508
v 0.187712 0.384434 2.222508
v 0.187712 0.384434 2.225881
v -0.646730 0.123139 -0.938059
v -0.646730 0.296334 -0.938059
v -0.646730 0.461021 -0.982187
v -0.646730 0.568017 -1.081220
v -0.646730 0.581578 -1.102745
v -0.646730 0.625706 -1.267431
v -0.646730 0.581578 -1.432116
v -0.646730 0.468952 -1.544744
v -0.646730 0.407460 -1.544744
v -0.646730 0.407460 -1.567027
v -0.646730 0.296334 -1.596802
v -0.646730 0.123139 -1.596802
v -0.873986 0.132149 0.000000
v -0.871984 0.490554 1.862102
v -0.865977 0.265299 1.862102
v -0.520588 1.126271 0.000000
v -0.261295 1.136162 -0.170192
v -0.522590 1.107250 -0.170192
v -0.522590 1.107250 -0.170192
v -0.871984 0.757855 0.000000
v -0.765864 0.769869 0.000000
v -0.765864 0.751849 -0.170192
v -0.868981 0.739835 -0.170192
v 0.261295 1.136162 -0.170192
v 0.000000 1.145293 -0.170192
v -0.870983 0.132149 -0.170192
v 0.459519 0.185209 -2.078346
v 0.459519 0.185209 -2.131751
v 0.454899 0.185209 -2.133243
v 0.227450 0.185209 -2.177667
v 0.000000 0.185209 -2.192475
v -0.227450 0.185209 -2.177667
v -0.454899 0.185209 -2.133243
v -0.459519 0.185209 -2.131751
v -0.459519 0.185209 -2.078346
v 0.662158 0.733186 -1.176216
v 0.735025 0.741579 -1.155036
v 0.894009 0.490554 0.000000
v 0.891006 0.490554 -0.170192
v 0.892007 0.606685 -0.170192
v 0.895010 0.624705 0.000000
v 0.775876 0.719812 2.089313
v 0.775876 0.719812 2.063221
v 0.764038 0.754376 2.087554
v 0.750850 0.792887 2.089062
v 0.750847 0.792895 2.089062
v 0.750847 0.792895 2.091794
v 0.882069 0.484047 -0.982187
v 0.868053 0.470032 -0.982187
v 0.868981 0.577027 -1.081220
v -0.897012 0.710802 0.000000
v -0.903019 0.756854 0.500565
v -0.877991 0.803907 0.500565
v -0.873986 0.782884 0.260294
v -0.871984 0.757855 0.000000
v 0.643226 0.955078 0.000000
v 0.765864 0.794897 0.260294
v 0.765864 0.769869 0.000000
v 0.765864 0.751849 -0.170192
v 0.644227 0.936557 -0.170192
v 0.868981 0.739835 -0.170192
v 0.765864 0.751849 -0.170192
v -0.892007 0.606685 -0.170192
v 0.261295 1.136162 -0.170192
v 0.000000 1.044179 -0.480542
v 0.000000 1.145293 -0.170192
v 0.522590 1.107250 -0.170192
v 0.305345 1.028801 -0.478334
v 0.610689 0.980106 -0.471707
v 0.522590 1.107250 -0.170192
v 0.698288 0.864976 -0.468990
v 0.785887 0.735831 -0.465911
v 0.725819 0.546767 -1.877119
v 0.725819 0.407460 -1.877119
v 0.738834 0.407460 -1.571774
v 0.738834 0.656393 -1.571774
v 0.729774 0.588717 -1.784348
v 0.729020 0.583247 -1.802034
v 0.728702 0.579608 -1.809470
v 0.276645 0.595672 2.226482
v 0.274643 0.390441 2.226641
v 0.549287 0.390441 2.193988
v 0.553291 0.595672 2.193352
v 0.871438 0.265299 -0.480542
v 0.868873 0.265299 -0.170192
v 0.874727 0.604604 -1.432116
v 0.470531 0.337881 -2.078346
v 0.470531 0.300840 -2.078346
v 0.459519 0.337881 -2.067333
v 0.187712 0.384434 2.222508
v 0.187712 0.505571 2.222508
v 0.225588 0.132149 -2.177909
v 0.000000 0.123139 -2.192475
v 0.000000 0.185209 -2.192475
v 0.227450 0.185209 -2.177667
v -0.871438 0.265299 -0.480542
v 0.887001 0.590667 -0.760859
v 0.889003 0.676764 -0.760859
v 0.897012 0.710802 0.000000
v 0.897012 0.649733 0.260294
v -0.842224 0.461021 -1.552674
v -0.840263 0.305345 -1.596802
v -0.832254 0.296334 -1.596802
v -0.785887 0.735831 -0.465911
v -0.865977 0.723817 -0.480542
v -0.698288 0.864976 -0.468990
v -0.785887 0.735831 -0.465911
v -0.610689 0.980106 -0.471707
v -0.522590 1.107250 -0.170192
v -0.305345 1.028801 -0.478334
v -0.610689 0.980106 -0.471707
v -0.261295 1.136162 -0.170192
v 0.000000 0.916034 -0.760859
v 0.610689 0.980106 -0.471707
v 0.340384 0.901858 -0.742742
v 0.680768 0.856967 -0.688395
v 0.785887 0.735831 -0.465911
v 0.733328 0.803407 -0.676774
v -0.785887 0.735831 -0.664288
v -0.863975 0.723817 -0.760859
v -0.470531 0.196221 -2.128244
v -0.470531 0.196221 -2.078346
v -0.237306 0.348894 -2.176339
v -0.171576 0.348894 -2.181053
v 0.000000 0.348894 -2.192475
v 0.066648 0.348894 -2.187700
v 0.237306 0.348894 -2.176339
v 0.307521 0.348894 -2.161268
v -0.459519 0.348894 -2.078346
v -0.459519 0.348894 -2.130912
v -0.307521 0.348894 -2.161268
v 0.321432 0.348894 -2.156898
v 0.459519 0.348894 -2.129320
v 0.459519 0.348894 -2.078346
v 0.888002 0.490554 -0.480542
v 0.877471 0.265299 -0.760859
v 0.886000 0.490554 -0.760859
v 0.570644 0.339383 2.092362
v 0.570644 0.384434 2.137412
v -0.570644 0.384434 2.137412
v -0.842063 0.872700 1.576084
v -0.877471 0.265299 -0.760859
v -0.882997 0.591043 -1.081220
v -0.883110 0.604604 -1.102745
v -0.867638 0.305345 -0.938059
v -0.859629 0.296334 -0.938059
v -0.733328 0.803407 -0.676774
v -0.785887 0.735831 -0.664288
v -0.680768 0.856967 -0.688395
v -0.340384 0.901858 -0.742742
v -0.680768 0.856967 -0.688395
v 0.353397 0.825352 -0.908057
v 0.363911 0.763542 -1.040434
v 0.000000 0.767867 -1.081220
v 0.352956 0.827945 -0.902480
v -0.785887 0.841092 0.820927
v -0.765864 0.815921 0.500565
v -0.765864 0.794897 0.260294
v -0.873986 0.782884 0.260294
v -0.877991 0.803907 0.500565
v -0.891292 0.829079 0.820927
v 0.705913 0.799725 -0.813761
v 0.705913 0.799725 -0.813761
v 0.785887 0.739040 -0.785441
v -0.881654 0.319360 -0.938059
v -0.882069 0.484047 -0.982187
v 0.881598 0.265299 -0.932052
v 0.887605 0.490554 -0.932052
v 0.867582 0.132149 -0.932052
v -0.624272 0.184208 -2.078346
v -0.657474 0.195220 -2.067333
v -0.510576 0.184208 -2.078346
v -0.867582 0.132149 -0.932052
v -0.865977 0.132149 -0.760859
v -0.886000 0.490554 -0.760859
v -0.881598 0.265299 -0.932052
v 0.863975 0.723817 -0.760859
v 0.865580 0.727027 -0.932052
v 0.785887 0.739040 -0.785441
v 0.785887 0.735831 -0.664288
v -0.785887 0.739040 -0.785441
v -0.705913 0.799725 -0.813761
v -0.705913 0.799725 -0.813761
v 0.706795 0.797716 -0.818052
v 0.785887 0.739153 -0.789691
v 0.785887 0.739153 -0.789691
v 0.891079 0.680914 -0.982187
v 0.892007 0.682771 -1.081220
v 0.866979 0.729824 -1.081220
v 0.865636 0.727140 -0.938059
v 0.865580 0.727027 -0.932052
v 0.863975 0.723817 -0.760859
v 0.741738 0.847003 2.050224
v 0.742890 0.843812 2.064998
v 0.743793 0.842263 2.065430
v 0.746987 0.834807 2.090096
v 0.760859 0.811717 2.088397
v 0.760859 0.819925 1.992249
v 0.736005 0.861555 1.992249
v 0.735605 0.860868 2.008152
v 0.881654 0.319360 -0.938059
v 0.887661 0.490554 -0.938059
v 0.881598 0.265299 -0.932052
v 0.867638 0.305345 -0.938059
v 0.881654 0.319360 -0.938059
v 0.000000 0.271306 -2.192475
v -0.232262 0.271306 -2.177035
v -0.232438 0.289827 -2.177011
v 0.000000 0.289827 -2.192475
v 0.835546 0.123139 -0.932052
v 0.646730 0.123139 -0.938059
v -0.835546 0.123139 -0.932052
v -0.646730 0.123139 -0.938059
v -0.881598 0.265299 -0.932052
v -0.867582 0.132149 -0.932052
v -0.887605 0.490554 -0.932052
v -0.881654 0.319360 -0.938059
v -0.865580 0.727027 -0.932052
v -0.785887 0.739153 -0.789691
v -0.865636 0.727140 -0.938059
v -0.785887 0.739153 -0.789691
v 0.878302 0.454283 0.459148
v 0.878342 0.435632 0.461581
v 0.880112 0.427142 0.447645
v 0.880068 0.447635 0.444972
v -0.352956 0.827945 -0.902480
v -0.706795 0.797716 -0.818052
v 0.713276 0.782961 -0.849344
v 0.727821 0.749846 -0.918075
v 0.713276 0.782961 -0.849344
v 0.785887 0.739980 -0.820921
v -0.890985 0.680768 -1.267431
v -0.892987 0.700791 -1.267431
v -0.883737 0.656663 -1.432116
v -0.881735 0.636641 -1.432116
v 0.888075 0.501067 -0.982187
v -0.860972 0.568017 -1.081220
v -0.861085 0.581578 -1.102745
v -0.646730 0.581578 -1.102745
v -0.646730 0.568017 -1.081220
v 0.615695 0.339383 2.144947
v 0.615695 0.339383 2.137412
v 0.615695 0.328661 2.137412
v 0.838906 0.132149 -1.602809
v 0.793896 0.132149 -1.802034
v 0.807912 0.265299 -1.802034
v 0.852922 0.265299 -1.602809
v -0.887661 0.490554 -0.938059
v -0.887001 0.590667 -0.760859
v -0.889076 0.594816 -0.982187
v -0.888075 0.501067 -0.982187
v 0.910289 0.697788 1.267431
v -0.402645 0.660038 -1.584933
v -0.402691 0.659524 -1.586853
v -0.407728 0.598761 -1.802034
v -0.409462 0.570272 -1.876118
v -0.409462 0.407460 -1.876118
v -0.785887 0.739980 -0.820921
v -0.785887 0.741837 -0.891006
v -0.866979 0.729824 -1.081220
v -0.785887 0.739980 -0.820921
v -0.353397 0.825352 -0.908057
v -0.713276 0.782961 -0.849344
v -0.294991 0.755759 2.120732
v -0.276980 0.685774 2.121418
v -0.005163 0.684092 2.128268
v 0.000000 0.684151 2.128402
v 0.000000 0.823930 2.128402
v -0.400452 0.822929 2.117990
v -0.400452 0.682419 2.117990
v -0.284797 0.685774 2.120997
v -0.283748 0.688298 2.121024
v 0.713276 0.782961 -0.849344
v 0.756854 0.752850 -0.904800
v 0.727821 0.749846 -0.918075
v 0.890005 0.623079 -1.081220
v 0.889076 0.594816 -0.982187
v 0.707799 0.488551 -2.002260
v 0.791894 0.570644 -1.802034
v -0.905493 0.405458 0.695785
v -0.899015 0.405458 0.695785
v -0.889121 0.405458 0.447505
v -0.892968 0.405458 0.447505
v -0.893852 0.405458 0.500565
v -0.902413 0.405458 0.621591
v -0.646730 0.468952 -1.544744
v -0.842224 0.461021 -1.552674
v -0.723979 0.461021 -1.552674
v -0.717810 0.468952 -1.544744
v 0.867638 0.305345 -0.938059
v 0.859629 0.296334 -0.938059
v 0.860044 0.461021 -0.982187
v 0.893852 0.405458 0.500565
v 0.892968 0.405458 0.447505
v 0.889121 0.405458 0.447505
v 0.899015 0.405458 0.695785
v 0.905493 0.405458 0.695785
v 0.902413 0.405458 0.621591
v -0.889003 0.608062 -1.081220
v 0.260794 1.137163 0.500565
v 0.000000 1.146294 0.500565
v -0.785887 0.741837 -0.891006
v 0.785887 0.741837 -0.891006
v 0.756854 0.752850 -0.904800
v -0.363911 0.763542 -1.040434
v -0.727821 0.749846 -0.918075
v 0.360115 0.760238 -1.064126
v 0.000000 0.764128 -1.102745
v 0.720231 0.747920 -0.948269
v 0.785887 0.741158 -0.918822
v 0.753059 0.751547 -0.933866
v 0.866979 0.729824 -1.081220
v 0.785887 0.741158 -0.918822
v 0.785887 0.741837 -0.891006
v 0.892120 0.682091 -1.102745
v 0.630712 0.680768 2.102571
v 0.573441 0.680768 2.107038
v 0.775876 0.680768 2.048783
v 0.775876 0.680768 2.089313
v 0.711803 0.680768 2.095502
v 0.879655 0.252285 1.629840
v 0.893671 0.265299 1.629840
v -0.434037 0.420738 -2.134720
v -0.438495 0.391442 -2.134353
v -0.438495 0.391442 -2.114417
v -0.431487 0.437494 -2.116161
v -0.431487 0.437494 -2.135410
v 0.727821 0.850960 2.072339
v 0.727821 0.841950 2.079347
v 0.734522 0.838772 2.076083
v 0.743793 0.842263 2.065430
v 0.742890 0.843812 2.064998
v -0.885285 0.123139 0.820927
v -0.893294 0.132149 0.820927
v -0.879993 0.132149 0.500565
v -0.871984 0.123139 0.500565
v 0.340384 0.922041 2.135410
v 0.340384 0.931051 2.128402
v -0.510576 0.310350 -2.078346
v -0.655118 0.299338 -2.067333
v -0.865977 0.132149 -0.760859
v -0.867582 0.132149 -0.932052
v -0.859573 0.123139 -0.932052
v -0.857968 0.123139 -0.760859
v 0.860972 0.568017 -1.081220
v 0.171694 0.521589 2.230700
v 0.000000 0.521589 2.237525
v 0.171694 0.521589 2.222508
v 0.282876 0.687839 2.121047
v 0.284797 0.685774 2.120997
v 0.005163 0.684092 2.128268
v 0.249720 0.685774 2.121909
v 0.294991 0.755759 2.120732
v 0.283748 0.688298 2.121024
v 0.431487 0.437494 -2.135410
v 0.450508 0.451510 -2.131446
v 0.450508 0.451510 -2.111360
v 0.431487 0.437494 -2.116161
v -0.890118 0.636641 -1.102745
v -0.890005 0.623079 -1.081220
v -0.775876 0.680768 2.089313
v -0.775876 0.685774 2.042612
v -0.775876 0.680768 2.048783
v -0.785887 0.741158 -0.918822
v -0.867092 0.729144 -1.102745
v -0.756854 0.752850 -0.904800
v -0.785887 0.741158 -0.918822
v 0.753059 0.751547 -0.933866
v -0.720231 0.747920 -0.948269
v -0.360115 0.760238 -1.064126
v 0.331079 0.734964 -1.244627
v 0.000000 0.735525 -1.267431
v 0.807891 0.735957 -1.131646
v 0.867092 0.729144 -1.102745
v 0.867092 0.729144 -1.102745
v 0.892987 0.700791 -1.267431
v 0.867959 0.723943 -1.267431
v -0.171694 0.521589 2.230700
v 0.000000 0.521589 2.237525
v 0.000000 0.595672 2.237525
v -0.187712 0.505571 2.230067
v 0.867582 0.132149 -0.932052
v 0.859573 0.123139 -0.932052
v -0.891292 0.829079 0.820927
v -0.916320 0.782026 0.820927
v -0.670757 0.891445 2.098321
v -0.671758 0.891006 2.098024
v -0.671758 0.891006 2.099100
v -0.665272 0.893853 2.099649
v -0.669825 0.891855 2.098486
v -0.470531 0.244276 -2.128452
v -0.470531 0.244276 -2.078346
v -0.896274 0.683772 1.267431
v -0.911660 0.650039 1.089229
v -0.897644 0.636023 1.089229
v 0.878600 0.427523 0.476988
v 0.880395 0.418232 0.464574
v -0.867582 0.132149 -0.932052
v -0.867638 0.305345 -0.938059
v -0.859573 0.123139 -0.932052
v -0.867959 0.723943 -1.267431
v -0.753059 0.751547 -0.933866
v -0.807891 0.735957 -1.131646
v 0.709801 0.132149 -2.002260
v 0.723817 0.265299 -2.002260
v -0.662158 0.733186 -1.176216
v -0.331079 0.734964 -1.244627
v 0.459519 0.255288 -2.132018
v 0.229908 0.255288 -2.177346
v 0.230260 0.265299 -2.177299
v 0.460520 0.265299 -2.131776
v 0.459798 0.255009 -2.131964
v -0.324193 0.700507 -1.417674
v -0.638551 0.672172 -1.518277
v -0.648386 0.699454 -1.374348
v 0.867959 0.723943 -1.267431
v 0.798641 0.699986 -1.344471
v 0.858709 0.687972 -1.432116
v -0.717434 0.418641 -2.025584
v -0.701110 0.440405 -2.034980
v -0.692782 0.451510 -2.037434
v -0.692782 0.451510 -2.032084
v -0.720309 0.414806 -2.020931
v -0.506572 0.306346 -2.116764
v -0.499564 0.299338 -2.119105
v -0.499564 0.299338 -2.078346
v -0.510576 0.310350 -2.078346
v -0.510576 0.310350 -2.115530
v 0.788163 0.670396 -1.500269
v -0.876102 0.496560 1.576084
v -0.646730 0.496560 1.576084
v -0.488224 0.451510 -2.123351
v -0.450508 0.451510 -2.131446
v -0.450508 0.451510 -2.111360
v -0.692782 0.451510 -2.032084
v -0.692782 0.451510 -2.037434
v -0.682853 0.451510 -2.047493
v -0.669445 0.451510 -2.050378
v -0.614694 0.451510 -2.084332
v -0.551387 0.451510 -2.105305
v -0.498936 0.451510 -2.121211
v 0.888803 0.415469 0.428484
v 0.888753 0.438495 0.425480
v -0.858709 0.687972 -1.432116
v -0.858709 0.687972 -1.432116
v 0.000000 0.700839 -1.432116
v 0.319275 0.673463 -1.544075
v 0.000000 0.673872 -1.552674
v 0.324193 0.700507 -1.417674
v -0.713357 0.678292 -1.509745
v 0.842224 0.461021 -1.552674
v 0.832254 0.296334 -1.596802
v 0.858709 0.687972 -1.432116
v 0.883737 0.656663 -1.432116
v 0.848230 0.658382 -1.552674
v 0.881735 0.636641 -1.432116
v 0.873259 0.611329 -1.552674
v 0.880734 0.621624 -1.432116
v 0.871256 0.525232 -1.552674
v 0.705797 0.407460 -1.902147
v 0.705797 0.538408 -1.902147
v -0.656089 0.265299 -2.067333
v -0.656210 0.266217 -2.067333
v -0.655218 0.271306 -2.067333
v 0.877991 0.803907 0.500565
v 0.871984 0.757855 0.000000
v 0.873986 0.782884 0.260294
v 0.881755 0.627013 1.445632
v 0.646730 0.627013 1.445632
v 0.646730 0.674762 1.267431
v 0.888265 0.674762 1.267431
v -0.881755 0.627013 1.445632
v -0.646730 0.627013 1.445632
v -0.785887 0.123139 -1.802034
v -0.793896 0.132149 -1.802034
v -0.709801 0.132149 -2.002260
v -0.701792 0.123139 -2.002260
v -0.871256 0.525232 -1.552674
v -0.873259 0.611329 -1.552674
v -0.848230 0.658382 -1.552674
v -0.788163 0.670396 -1.500269
v -0.848230 0.658382 -1.552674
v 0.830897 0.123139 -1.602809
v 0.785887 0.123139 -1.802034
v 0.793896 0.132149 -1.802034
v 0.838906 0.132149 -1.602809
v 0.522590 1.107250 -0.170192
v 0.316988 0.660690 -1.590247
v 0.316676 0.658951 -1.596536
v 0.306346 0.601279 -1.802034
v 0.000000 0.603681 -1.802034
v 0.402645 0.660038 -1.584933
v 0.417712 0.668714 -1.552366
v 0.402454 0.662309 -1.576780
v -0.636235 0.665143 -1.544744
v -0.708689 0.668852 -1.544744
v 0.848230 0.658382 -1.552674
v 0.778193 0.654869 -1.557296
v -0.854279 0.319360 -1.596802
v 0.870255 0.501067 -1.552674
v 0.861287 0.509705 -1.596802
v 0.860286 0.474666 -1.596802
v 0.340384 0.905021 2.128402
v 0.340384 0.922041 2.135410
v 0.876102 0.496560 1.576084
v 0.646730 0.496560 1.576084
v 0.882109 0.860686 1.576084
v 0.842063 0.872700 1.576084
v 0.836904 0.640742 -1.602809
v 0.838261 0.642856 -1.596802
v -0.887087 0.123139 0.905021
v -0.895096 0.132149 0.905021
v -0.670757 0.892007 2.098368
v -0.670757 0.901017 2.091360
v -0.860286 0.474666 -1.596802
v -0.854279 0.319360 -1.596802
v -0.778193 0.654869 -1.557296
v -0.838261 0.642856 -1.596802
v -0.464524 0.271306 -2.130716
v -0.464981 0.295289 -2.130594
v -0.459519 0.289827 -2.131692
v -0.422477 0.670634 -1.544744
v -0.319275 0.673463 -1.544075
v -0.417712 0.668714 -1.552366
v -0.407728 0.598761 -1.802034
v -0.402691 0.659524 -1.586853
v -0.316988 0.660690 -1.590247
v -0.316676 0.658951 -1.596536
v -0.306346 0.601279 -1.802034
v -0.878600 0.427523 0.476988
v -0.860394 0.427523 0.678095
v -0.858120 0.442119 0.701612
v -0.853415 0.592949 0.750267
v -0.855533 0.615655 0.728372
v -0.876470 0.615655 0.511858
v 0.838261 0.642856 -1.596802
v 0.776836 0.652756 -1.565058
v 0.570644 0.929049 2.112384
v 0.570644 0.920038 2.119392
v 0.615695 0.916034 2.112384
v 0.615695 0.925044 2.105376
v 0.854279 0.319360 -1.596802
v 0.858928 0.472552 -1.602809
v 0.840263 0.305345 -1.596802
v 0.852922 0.265299 -1.602809
v 0.854279 0.319360 -1.596802
v 0.893671 0.265299 1.629840
v 0.646730 0.296334 -1.596802
v 0.646730 0.123139 -1.596802
v 0.806870 0.123139 -1.602809
v -0.646730 0.123139 -1.596802
v -0.646730 0.296334 -1.596802
v -0.806870 0.123139 -1.602809
v -0.847717 0.866178 1.445632
v -0.852922 0.265299 -1.602809
v -0.838906 0.132149 -1.602809
v -0.858928 0.472552 -1.602809
v -0.852922 0.265299 -1.602809
v -0.776836 0.652756 -1.565058
v -0.836904 0.640742 -1.602809
v -0.402645 0.660038 -1.584933
v -0.902533 0.609688 0.784886
v -0.912415 0.609688 0.784886
v -0.911440 0.637720 0.757855
v -0.901880 0.637720 0.757855
v 0.729020 0.583247 -1.802034
v 0.729774 0.588717 -1.784348
v 0.731826 0.582658 -1.802034
v 0.836904 0.640742 -1.602809
v 0.901880 0.637720 0.757855
v 0.911440 0.637720 0.757855
v 0.912415 0.609688 0.784886
v 0.902533 0.609688 0.784886
v 0.881755 0.627013 1.445632
v 0.889764 0.636023 1.445632
v 0.887087 0.123139 0.905021
v 0.885285 0.123139 0.820927
v 0.893294 0.132149 0.820927
v 0.895096 0.132149 0.905021
v -0.630712 0.890005 2.092560
v -0.596673 0.890005 2.095273
v -0.565638 0.802906 2.097616
v -0.565638 0.693783 2.097616
v -0.630712 0.693783 2.092560
v -0.816922 0.523591 -1.802034
v -0.838261 0.642856 -1.596802
v -0.836904 0.640742 -1.602809
v -0.791894 0.570644 -1.802034
v 0.646730 0.625706 -1.267431
v 0.646730 0.581578 -1.432116
v 0.852702 0.581578 -1.432116
v 0.861952 0.625706 -1.267431
v -0.813919 0.402454 -1.802034
v -0.807912 0.265299 -1.802034
v -0.903397 0.814920 1.623833
v -0.901394 0.728823 1.623833
v -0.791894 0.570644 -1.802034
v -0.731826 0.582658 -1.802034
v -0.738834 0.656393 -1.571774
v -0.729774 0.588717 -1.784348
v -0.736518 0.657714 -1.568797
v 0.290328 0.531280 -2.002260
v 0.000000 0.535605 -2.002260
v 0.430486 0.560045 -1.902147
v 0.443501 0.559431 -1.902147
v 0.580655 0.517584 -2.002260
v 0.411792 0.569106 -1.879002
v 0.613442 0.554876 -1.902147
v 0.614193 0.516082 -2.002260
v 0.596673 0.555627 -1.902147
v 0.659995 0.547868 -1.902147
v 0.647731 0.500565 -2.002260
v 0.643226 0.555627 -1.902147
v 0.728702 0.579608 -1.809470
v 0.791894 0.570644 -1.802034
v 0.707799 0.488551 -2.002260
v 0.689779 0.541611 -1.902147
v 0.705797 0.538408 -1.902147
v 0.725819 0.546767 -1.877119
v 0.171694 0.521589 2.230700
v 0.187712 0.390441 2.230086
v 0.187712 0.505571 2.230067
v 0.698348 0.395153 -2.052883
v 0.692782 0.391442 -2.055075
v 0.692782 0.391442 -2.032084
v 0.720149 0.409686 -2.020996
v 0.704276 0.399104 -2.045519
v 0.646730 0.468952 -1.544744
v 0.717810 0.468952 -1.544744
v 0.723979 0.461021 -1.552674
v 0.842224 0.461021 -1.552674
v 0.832254 0.296334 -1.596802
v 0.646730 0.296334 -1.596802
v 0.806870 0.123139 -1.602809
v 0.830897 0.123139 -1.602809
v -0.880068 0.447635 0.444972
v -0.881101 0.624945 0.502888
v -0.889837 0.637720 0.490554
v -0.888753 0.438495 0.425480
v 0.888753 0.438495 0.425480
v 0.894994 0.438495 0.425480
v 0.899048 0.490554 0.442484
v 0.900672 0.637720 0.490554
v 0.889837 0.637720 0.490554
v -0.832254 0.296334 -1.596802
v -0.840263 0.305345 -1.596802
v -0.838906 0.132149 -1.602809
v -0.830897 0.123139 -1.602809
v -0.729020 0.583247 -1.802034
v -0.728702 0.579608 -1.809470
v -0.659995 0.547868 -1.902147
v -0.647731 0.500565 -2.002260
v -0.689779 0.541611 -1.902147
v -0.613442 0.554876 -1.902147
v -0.614193 0.516082 -2.002260
v -0.643226 0.555627 -1.902147
v -0.409462 0.570272 -1.876118
v -0.411792 0.569106 -1.879002
v -0.580655 0.517584 -2.002260
v -0.596673 0.555627 -1.902147
v -0.443501 0.559431 -1.902147
v -0.290328 0.531280 -2.002260
v 0.250282 0.466126 -2.174546
v 0.000000 0.468529 -2.192475
v 0.500565 0.458518 -2.120761
v 0.580655 0.517584 -2.002260
v 0.557629 0.462021 -2.103478
v 0.500565 0.458518 -2.120761
v 0.614193 0.516082 -2.002260
v 0.614694 0.451510 -2.084332
v 0.647731 0.500565 -2.002260
v 0.669445 0.451510 -2.050378
v 0.692782 0.451510 -2.037434
v 0.682853 0.451510 -2.047493
v 0.707799 0.488551 -2.002260
v 0.732827 0.441498 -2.002260
v 0.701110 0.440405 -2.034980
v -0.891079 0.680914 -0.982187
v 0.723817 0.265299 -2.002260
v 0.696786 0.271306 -2.053517
v 0.729824 0.320362 -2.002260
v 0.709801 0.132149 -2.002260
v 0.690780 0.265299 -2.055902
v 0.701792 0.123139 -2.002260
v 0.676764 0.132149 -2.061389
v -0.701792 0.123139 -2.002260
v -0.676764 0.132149 -2.061389
v -0.668755 0.123139 -2.064472
v -0.709801 0.132149 -2.002260
v -0.690780 0.265299 -2.055902
v -0.676764 0.132149 -2.061389
v -0.723817 0.265299 -2.002260
v -0.696786 0.271306 -2.053517
v -0.690780 0.265299 -2.055902
v 0.697788 0.306346 -2.053117
v 0.730825 0.355401 -2.002260
v -0.732827 0.441498 -2.002260
v -0.701110 0.440405 -2.034980
v -0.717434 0.418641 -2.025584
v -0.698348 0.395153 -2.052883
v -0.699790 0.392443 -2.052316
v -0.704276 0.399104 -2.045519
v -0.682853 0.451510 -2.047493
v -0.707799 0.488551 -2.002260
v -0.647731 0.500565 -2.002260
v -0.669445 0.451510 -2.050378
v -0.614694 0.451510 -2.084332
v -0.614193 0.516082 -2.002260
v -0.580655 0.517584 -2.002260
v -0.557629 0.462021 -2.103478
v -0.290328 0.531280 -2.002260
v -0.500565 0.458518 -2.120761
v -0.250282 0.466126 -2.174546
v -0.830938 0.685774 2.026768
v -0.822084 0.738898 2.048780
v -0.832067 0.737151 2.057548
v -0.808045 0.740281 2.049034
v -0.746987 0.834807 2.090096
v -0.752701 0.825296 2.089415
v -0.736806 0.814138 2.090780
v -0.723971 0.833555 2.092281
v -0.711803 0.832940 2.085491
v -0.671758 0.871984 2.089089
v -0.711803 0.693783 2.085491
v 0.276980 0.685774 2.121418
v 0.764038 0.754376 2.087554
v 0.787797 0.762135 2.085415
v -0.775876 0.680768 2.048783
v -0.775876 0.685774 2.042612
v -0.830938 0.685774 2.026768
v -0.829937 0.595672 2.138133
v -0.564587 0.682304 2.107693
v -0.565638 0.682112 2.107627
v -0.573441 0.680768 2.107038
v -0.553944 0.683817 2.108361
v 0.829937 0.595672 2.138133
v 0.830938 0.685774 2.026768
v 0.775876 0.685774 2.042612
v 0.775876 0.680768 2.048783
v 0.573441 0.680768 2.107038
v 0.823930 0.390441 2.139567
v -0.548881 0.384434 2.189848
v -0.823930 0.390441 2.139567
v -0.583255 0.273356 2.104973
v -0.615695 0.328661 2.137412
v -0.615695 0.339383 2.144947
v -0.570644 0.384434 2.185535
v 0.470531 0.306346 -2.128761
v 0.506572 0.306346 -2.116764
v 0.499564 0.299338 -2.119105
v 0.499564 0.271306 -2.119070
v 0.464524 0.271306 -2.130716
v 0.464981 0.295289 -2.130594
v 0.470531 0.300840 -2.128757
v 0.748547 0.866083 1.917666
v 0.752370 0.867020 1.899951
v 0.727821 0.875989 1.927175
v 0.727821 0.850960 2.072339
v 0.730756 0.860241 2.009009
v 0.854114 0.809508 1.958741
v 0.872985 0.728823 1.862102
v -0.470531 0.300840 -2.128757
v -0.499564 0.271306 -2.119070
v -0.499564 0.299338 -2.119105
v 0.548881 0.384434 2.189848
v 0.570644 0.384434 2.185535
v 0.615695 0.328661 2.137412
v 0.583255 0.273356 2.104973
v 0.615695 0.339383 2.144947
v 0.903780 0.650039 1.445632
v 0.777878 0.252285 1.963100
v 0.801905 0.252285 1.957623
v 0.809914 0.252285 1.962067
v -0.552556 0.252285 2.092362
v -0.809914 0.252285 1.962067
v -0.801905 0.252285 1.957623
v -0.777878 0.252285 1.963100
v 0.552556 0.252285 2.092362
v 0.000000 0.252285 2.050414
v -0.510576 0.310350 -2.078346
v -0.622288 0.310350 -2.078346
v -0.510576 0.310350 -2.115530
v -0.692782 0.391442 -2.055075
v -0.683072 0.391442 -2.058898
v -0.551387 0.451510 -2.105305
v -0.498936 0.451510 -2.121211
v -0.500565 0.458518 -2.120761
v -0.484972 0.391442 -2.125070
v -0.470531 0.329315 -2.129062
v -0.488224 0.451510 -2.123351
v -0.250282 0.466126 -2.174546
v -0.237306 0.348894 -2.176339
v -0.307521 0.348894 -2.161268
v -0.434037 0.420738 -2.134720
v -0.431487 0.437494 -2.135410
v -0.450508 0.451510 -2.131446
v 0.000000 0.468529 -2.192475
v -0.171576 0.348894 -2.181053
v 0.066648 0.348894 -2.187700
v 0.000000 0.348894 -2.192475
v 0.250282 0.466126 -2.174546
v 0.237306 0.348894 -2.176339
v 0.488224 0.451510 -2.123351
v 0.500565 0.458518 -2.120761
v 0.535682 0.451510 -2.108442
v 0.436578 0.404043 -2.130856
v 0.321432 0.348894 -2.156898
v 0.307521 0.348894 -2.161268
v 0.434037 0.420738 -2.134720
v 0.515720 0.391442 -2.115746
v 0.470531 0.315338 -2.128975
v 0.470531 0.337881 -2.127730
v 0.459519 0.348894 -2.129320
v 0.438495 0.391442 -2.131169
v 0.551387 0.451510 -2.105305
v 0.599127 0.391442 -2.086839
v 0.470531 0.309739 -2.128796
v 0.470531 0.311531 -2.128888
v 0.552831 0.391442 -2.103451
v 0.510576 0.310350 -2.115473
v 0.683072 0.391442 -2.058898
v 0.274440 0.384434 2.222452
v 0.708689 0.668852 -1.544744
v 0.636235 0.665143 -1.544744
v -0.499564 0.270376 -2.119130
v -0.460520 0.265299 -2.131776
v -0.230260 0.265299 -2.177299
v 0.000000 0.255288 -2.192475
v 0.232262 0.271306 -2.177035
v 0.499564 0.270376 -2.119130
v 0.499564 0.265299 -2.118911
v -0.499564 0.265299 -2.118911
v -0.499564 0.241258 -2.119067
v -0.592217 0.184208 -2.088908
v -0.225588 0.132149 -2.177909
v -0.451176 0.132149 -2.134214
v -0.454899 0.185209 -2.133243
v -0.227450 0.185209 -2.177667
v 0.454899 0.185209 -2.133243
v 0.451176 0.132149 -2.134214
v 0.570644 0.914032 1.926174
v 0.570644 0.930550 2.019279
v 0.615695 0.926045 2.008767
v 0.615695 0.909026 1.912158
v -0.229908 0.255288 -2.177346
v -0.459519 0.255288 -2.132018
v -0.459798 0.255009 -2.131964
v 0.470531 0.244276 -2.128452
v 0.499564 0.241258 -2.119067
v 0.499564 0.195220 -2.118867
v 0.510576 0.184208 -2.115264
v 0.592217 0.184208 -2.088908
v 0.676764 0.132149 -2.061389
v 0.470531 0.196221 -2.128244
v 0.459519 0.185209 -2.131751
v -0.676764 0.132149 -2.061389
v -0.451176 0.132149 -2.134214
v 0.000000 0.123139 -2.192475
v -0.225588 0.132149 -2.177909
v 0.225588 0.132149 -2.177909
v 0.451176 0.132149 -2.134214
v 0.000000 0.123139 -2.192475
v 0.676764 0.132149 -2.061389
v 0.644728 0.123139 -2.073505
v 0.000000 0.123139 -2.192475
v -0.644728 0.123139 -2.073505
v -0.668755 0.123139 -2.064472
v 0.565638 0.821928 2.080246
v 0.570199 0.834725 2.031904
v 0.741738 0.847003 2.050224
v 0.832067 0.737151 2.057548
v 0.823930 0.390441 2.139567
v 0.809914 0.252285 1.962067
v 0.824931 0.252285 1.991802
v -0.809914 0.252285 1.962067
v -0.838947 0.265299 1.989042
v -0.845696 0.741363 1.992249
v -0.743793 0.842263 2.065430
v -0.746987 0.834807 2.090096
v -0.723971 0.833555 2.092281
v -0.721620 0.837110 2.080449
v -0.727821 0.837811 2.078673
v -0.734522 0.838772 2.076083
v 0.670757 0.850849 1.866106
v 0.768022 0.866667 1.961804
v 0.795833 0.870336 1.933833
v 0.752370 0.867020 1.899951
v 0.824931 0.252285 1.991802
v 0.570644 0.384434 2.185535
v 0.570644 0.384434 2.137412
v -0.880371 0.327369 1.623833
v -0.872362 0.318359 1.623833
v 0.889121 0.405458 0.447505
v -0.865977 0.265299 1.862102
v -0.842355 0.838414 1.945272
v -0.800904 0.869181 1.929659
v -0.795833 0.870336 1.933833
v -0.736005 0.861555 1.992249
v -0.760859 0.865791 1.962375
v -0.643196 0.842484 1.889157
v -0.645013 0.839381 1.969213
v 0.571232 0.837625 1.975055
v 0.727821 0.866928 1.782011
v 0.770199 0.872130 1.708665
v 0.735141 0.407460 -1.567027
v 0.646730 0.407460 -1.567027
v 0.832254 0.296334 -1.596802
v 0.842224 0.461021 -1.552674
v 0.723979 0.461021 -1.552674
v 0.792895 0.252285 1.997936
v 0.000000 0.252285 2.072339
v -0.792895 0.252285 1.997936
v -0.879655 0.252285 1.629840
v -0.847619 0.252285 1.629840
v -0.646730 0.252285 1.623833
v 0.646730 0.252285 1.623833
v 0.847619 0.252285 1.629840
v 0.893376 0.415469 0.428484
v 0.888803 0.415469 0.428484
v -0.857968 0.123139 -0.760859
v -0.871984 0.123139 0.500565
v -0.757109 0.869668 1.803976
v 0.900354 0.423478 0.724818
v 0.907255 0.423478 0.724818
v -0.431487 0.437494 -2.135410
v -0.431487 0.437494 -2.116161
v -0.880371 0.327369 1.623833
v -0.890724 0.434270 0.711383
v -0.889532 0.418232 0.685544
v -0.899015 0.405458 0.695785
v -0.900354 0.423478 0.724818
v 0.232438 0.289827 -2.177011
v 0.459519 0.289827 -2.131692
v -0.565638 0.821928 2.107627
v -0.570644 0.929049 2.112384
v -0.340384 0.931051 2.128402
v -0.340384 0.933053 2.031293
v -0.570644 0.930550 2.019279
v 0.510576 0.310350 -2.078346
v 0.499564 0.299338 -2.078346
v 0.499564 0.299338 -2.119105
v 0.506572 0.306346 -2.116764
v 0.510576 0.310350 -2.115473
v -0.894271 0.845646 1.267431
v -0.740316 0.872525 1.445632
v 0.682097 0.923713 0.958777
v 0.720309 0.414806 -2.020931
v 0.692782 0.451510 -2.032084
v 0.692782 0.451510 -2.037434
v 0.701110 0.440405 -2.034980
v 0.717434 0.418641 -2.025584
v -0.340384 0.917035 1.934183
v 0.340384 0.917035 1.934183
v 0.340384 0.897012 1.934183
v -0.340384 0.897012 1.934183
v -0.597136 0.945822 1.089229
v -0.721023 0.838014 2.080779
v -0.721620 0.837110 2.080449
v -0.723971 0.833555 2.092281
v -0.736806 0.814138 2.090780
v -0.711803 0.851962 2.084346
v -0.711803 0.851962 2.095502
v 0.895096 0.132149 0.905021
v 0.909112 0.265299 0.905021
v 0.570644 0.914032 1.926174
v 0.570644 0.893008 1.926174
v -0.909240 0.341385 0.911028
v -0.909112 0.265299 0.905021
v -0.671758 0.891006 2.099100
v -0.671758 0.891006 2.098024
v -0.615695 0.339383 2.137412
v -0.570644 0.384434 2.137412
v -0.570644 0.384434 2.185535
v -0.615695 0.339383 2.144947
v 0.894245 0.834002 0.958777
v 0.785887 0.844096 0.905021
v 0.785887 0.844310 0.911028
v 0.785887 0.846016 0.958777
v 0.895642 0.838793 1.089229
v 0.785887 0.850806 1.089229
v 0.765864 0.815921 0.500565
v 0.521589 1.108251 0.500565
v -0.889635 0.627013 1.089229
v -0.888239 0.496560 0.958777
v -0.905493 0.405458 0.695785
v -0.907255 0.423478 0.724818
v -0.521589 1.108251 0.500565
v 0.521589 1.108251 0.500565
v 0.894271 0.845646 1.267431
v -0.880112 0.427142 0.447645
v -0.888803 0.415469 0.428484
v -0.889121 0.405458 0.447505
v -0.880395 0.418232 0.464574
v -0.894994 0.438495 0.425480
v -0.899048 0.490554 0.442484
v -0.892968 0.405458 0.447505
v -0.893376 0.415469 0.428484
v -0.516583 1.128273 0.260294
v 0.520588 1.126271 0.000000
v 0.736518 0.657714 -1.568797
v 0.717810 0.667493 -1.544744
v 0.459519 0.244276 -2.067333
v 0.459519 0.196221 -2.067333
v 0.865977 0.723817 -0.480542
v -0.522590 1.107250 -0.170192
v 0.680768 0.856967 -0.688395
v 0.785887 0.735831 -0.664288
v -0.552556 0.252285 2.092362
v 0.552556 0.252285 2.092362
v 0.570644 0.259138 2.092362
v 0.522590 1.107250 -0.170192
v -0.707799 0.488551 -2.002260
v -0.732827 0.441498 -2.002260
v 0.865636 0.727140 -0.938059
v 0.881598 0.265299 -0.932052
v 0.867582 0.132149 -0.932052
v 0.670757 0.892007 2.098368
v 0.670757 0.901017 2.091360
v -0.881598 0.265299 -0.932052
v -0.881654 0.319360 -0.938059
v 0.615695 0.909026 1.912158
v 0.615695 0.872985 1.912158
v -0.785887 0.739040 -0.785441
v 0.785887 0.739980 -0.820921
v 0.871984 0.123139 0.500565
v 0.863060 0.123139 0.905021
v 0.835546 0.123139 -0.932052
v 0.859573 0.123139 -0.932052
v 0.857968 0.123139 -0.760859
v 0.646730 0.123139 0.911028
v 0.646730 0.123139 1.576084
v -0.646730 0.123139 1.576084
v 0.646730 0.123139 -0.938059
v -0.646730 0.123139 0.911028
v -0.863060 0.123139 0.905021
v -0.835546 0.123139 -0.932052
v 0.646730 0.123139 -1.596802
v 0.806870 0.123139 -1.602809
v 0.668755 0.123139 -2.064472
v 0.701792 0.123139 -2.002260
v 0.000000 0.123139 -2.192475
v 0.644728 0.123139 -2.073505
v -0.668755 0.123139 -2.064472
v -0.644728 0.123139 -2.073505
v -0.701792 0.123139 -2.002260
v -0.806870 0.123139 -1.602809
v -0.646730 0.123139 -1.596802
v -0.646730 0.123139 -0.938059
v -0.713276 0.782961 -0.849344
v -0.499564 0.265299 -2.118911
v -0.499564 0.241258 -2.119067
v -0.499564 0.195220 -2.118867
v -0.499564 0.195220 -2.078346
v -0.499564 0.299338 -2.078346
v -0.499564 0.299338 -2.119105
v -0.499564 0.271306 -2.119070
v -0.499564 0.270376 -2.119130
v 0.887215 0.318359 0.911028
v -0.713276 0.782961 -0.849344
v -0.727821 0.749846 -0.918075
v -0.756854 0.752850 -0.904800
v 0.807891 0.735957 -1.131646
v -0.867959 0.723943 -1.267431
v -0.753059 0.751547 -0.933866
v 0.838906 0.132149 -1.602809
v 0.711803 0.832940 2.085491
v 0.750847 0.773873 2.081783
v 0.775876 0.700791 2.079302
v 0.775876 0.693783 2.079302
v 0.711803 0.693783 2.085491
v 0.422477 0.670634 -1.544744
v -0.717810 0.667493 -1.544744
v -0.861287 0.509705 -1.596802
v 0.659995 0.547868 -1.902147
v 0.643226 0.555627 -1.902147
v 0.613442 0.554876 -1.902147
v 0.596673 0.555627 -1.902147
v 0.443501 0.559431 -1.902147
v 0.689779 0.541611 -1.902147
v -0.900354 0.423478 0.724818
v -0.907255 0.423478 0.724818
v -0.402454 0.662309 -1.576780
v 0.402691 0.659524 -1.586853
v 0.838906 0.132149 -1.602809
v 0.852922 0.265299 -1.602809
v 0.735141 0.407460 -1.567027
v 0.723979 0.461021 -1.552674
v 0.736518 0.657714 -1.568797
v -0.854279 0.319360 -1.596802
v -0.852922 0.265299 -1.602809
v -0.785887 0.844310 0.911028
v -0.785887 0.844096 0.905021
v -0.894245 0.834002 0.958777
v -0.895642 0.838793 1.089229
v -0.785887 0.850806 1.089229
v -0.785887 0.846016 0.958777
v 0.738834 0.656393 -1.571774
v 0.699790 0.392443 -2.052316
v 0.704276 0.399104 -2.045519
v 0.720149 0.409686 -2.020996
v 0.720309 0.414806 -2.020931
v 0.717434 0.418641 -2.025584
v -0.889117 0.621624 -1.102745
v 0.409462 0.570272 -1.876118
v 0.407728 0.598761 -1.802034
v -0.709801 0.132149 -2.002260
v -0.793896 0.132149 -1.802034
v -0.729824 0.320362 -2.002260
v -0.430486 0.560045 -1.902147
v 0.290328 0.531280 -2.002260
v 0.698348 0.395153 -2.052883
v 0.690780 0.265299 -2.055902
v 0.696786 0.271306 -2.053517
v 0.668755 0.123139 -2.064472
v -0.723817 0.265299 -2.002260
v -0.692782 0.451510 -2.037434
v -0.500565 0.458518 -2.120761
v -0.800904 0.740806 2.051240
v -0.775876 0.685774 2.042612
v -0.775876 0.719812 2.052403
v -0.750847 0.792895 2.080628
v -0.760859 0.812154 2.083287
v 0.800904 0.739387 2.067870
v 0.775876 0.719812 2.063221
v 0.775876 0.685774 2.042612
v 0.830938 0.685774 2.026768
v 0.832067 0.737151 2.057548
v -0.888803 0.415469 0.428484
v -0.893376 0.415469 0.428484
v -0.570644 0.259138 2.092362
v -0.583255 0.273356 2.104973
v -0.823930 0.390441 2.139567
v 0.570644 0.259138 2.092362
v 0.823930 0.390441 2.139567
v 0.583255 0.273356 2.104973
v -0.470531 0.337881 -2.128910
v -0.438495 0.391442 -2.134353
v -0.459519 0.348894 -2.130912
v 0.450508 0.451510 -2.131446
v 0.431487 0.437494 -2.135410
v 0.692782 0.391442 -2.055075
v -0.470531 0.244276 -2.128452
v -0.499564 0.195220 -2.118867
v -0.470531 0.196221 -2.128244
v -0.510576 0.184208 -2.115264
v -0.459519 0.185209 -2.131751
v 0.624272 0.184208 -2.078346
v 0.668755 0.123139 -2.064472
v 0.000000 0.123139 -2.192475
v -0.459519 0.185209 -2.078346
v -0.459519 0.255288 -2.078346
v 0.470531 0.196221 -2.078346
v 0.459519 0.185209 -2.078346
v 0.459519 0.255288 -2.078346
v 0.470531 0.244276 -2.078346
v 0.895642 0.838793 1.089229
v -0.717810 0.468952 -1.544744
v -0.717810 0.667493 -1.544744
v -0.708689 0.668852 -1.544744
v -0.636235 0.665143 -1.544744
v -0.422477 0.670634 -1.544744
v -0.422477 0.407460 -1.544744
v -0.646730 0.407460 -1.544744
v -0.646730 0.468952 -1.544744
v 0.887087 0.123139 0.905021
v 0.895096 0.132149 0.905021
v -0.187712 0.505571 2.222508
v -0.187712 0.384434 2.222508
v -0.907255 0.423478 0.724818
v -0.910224 0.490554 0.746456
v -0.912415 0.609688 0.784886
v -0.902533 0.609688 0.784886
v -0.900354 0.423478 0.724818
v -0.630712 0.890005 2.108578
v -0.630712 0.693783 2.108578
v -0.565638 0.693783 2.113634
v -0.565638 0.802906 2.113634
v -0.596673 0.890005 2.111291
v -0.470531 0.300840 -2.078346
v -0.470531 0.337881 -2.078346
v -0.459519 0.348894 -2.078346
v -0.459519 0.337881 -2.067333
v 0.459519 0.348894 -2.078346
v -0.894386 0.341385 1.623833
v 0.459519 0.255288 -2.132018
v -0.229908 0.255288 -2.177346
v 0.000000 0.255288 -2.192475
v 0.229908 0.255288 -2.177346
v 0.671758 0.891006 2.099100
v 0.671758 0.891006 2.098024
v 0.670757 0.891445 2.098321
v 0.669825 0.891855 2.098486
v 0.665272 0.893853 2.099649
v -0.464981 0.295289 -2.130594
v -0.470531 0.300840 -2.128757
v -0.470531 0.300840 -2.078346
v -0.459519 0.289827 -2.078346
v -0.459519 0.289827 -2.131692
v 0.407728 0.598761 -1.802034
v 0.402691 0.659524 -1.586853
v 0.402645 0.660038 -1.584933
v -0.887215 0.318359 0.911028
v -0.730825 0.355401 -2.002260
v -0.592217 0.184208 -2.088908
v -0.624272 0.184208 -2.078346
v -0.510576 0.184208 -2.078346
v -0.510576 0.184208 -2.115264
v 0.499564 0.299338 -2.078346
v 0.499564 0.195220 -2.078346
v 0.510576 0.184208 -2.078346
v 0.499564 0.271306 -2.119070
v 0.499564 0.299338 -2.119105
v 0.499564 0.299338 -2.078346
v 0.499564 0.195220 -2.078346
v 0.499564 0.195220 -2.118867
v 0.499564 0.241258 -2.119067
v 0.499564 0.265299 -2.118911
v 0.499564 0.270376 -2.119130
v 0.510576 0.310350 -2.115473
v 0.622118 0.310350 -2.078346
v 0.510576 0.310350 -2.078346
v -0.450508 0.451510 -2.111360
v -0.438495 0.391442 -2.114417
v -0.692782 0.391442 -2.032084
v -0.735141 0.407460 -1.567027
v -0.723979 0.461021 -1.552674
v -0.842224 0.461021 -1.552674
v -0.832254 0.296334 -1.596802
v -0.646730 0.407460 -1.567027
v 0.470531 0.337881 -2.078346
v 0.470531 0.337881 -2.127730
v -0.431487 0.437494 -2.116161
v -0.692782 0.451510 -2.032084
v -0.720149 0.409686 -2.020996
v -0.720309 0.414806 -2.020931
v 0.450508 0.451510 -2.111360
v 0.692782 0.451510 -2.032084
v 0.692782 0.391442 -2.032084
v 0.881654 0.319360 -0.938059
v -0.443501 0.559431 -1.902147
v -0.596673 0.555627 -1.902147
v -0.613442 0.554876 -1.902147
v -0.643226 0.555627 -1.902147
v -0.659995 0.547868 -1.902147
v -0.689779 0.541611 -1.902147
v -0.705797 0.538408 -1.902147
v -0.705797 0.407460 -1.902147
v -0.430486 0.407460 -1.902147
v -0.430486 0.560045 -1.902147
v 0.692782 0.451510 -2.032084
v 0.488224 0.451510 -2.123351
v 0.535682 0.451510 -2.108442
v 0.551387 0.451510 -2.105305
v 0.614694 0.451510 -2.084332
v 0.669445 0.451510 -2.050378
v 0.682853 0.451510 -2.047493
v 0.692782 0.451510 -2.037434
v 0.431487 0.437494 -2.116161
v 0.438495 0.391442 -2.114417
v -0.878302 0.454283 0.459148
v -0.878342 0.435632 0.461581
v -0.470531 0.329315 -2.129062
v -0.470531 0.337881 -2.128910
v -0.470531 0.337881 -2.078346
v -0.470531 0.306346 -2.128761
v -0.470531 0.315338 -2.128975
v -0.892082 0.624945 0.740786
v -0.901880 0.637720 0.757855
v -0.893093 0.599997 0.764843
v -0.893093 0.599997 0.764843
v -0.900354 0.423478 0.724818
v -0.902533 0.609688 0.784886
v 0.889837 0.637720 0.490554
v 0.881101 0.624945 0.502888
v -0.892082 0.624945 0.740786
v -0.855533 0.615655 0.728372
v -0.853415 0.592949 0.750267
v -0.853415 0.592949 0.750267
v -0.890724 0.434270 0.711383
v -0.858120 0.442119 0.701612
v -0.878600 0.427523 0.476988
v -0.860394 0.427523 0.678095
v 0.436578 0.404043 -2.130856
v 0.434037 0.420738 -2.134720
v 0.431487 0.437494 -2.135410
v 0.431487 0.437494 -2.116161
v 0.438495 0.391442 -2.114417
v 0.438495 0.391442 -2.131169
v -0.649078 0.391442 -2.071415
v -0.683072 0.391442 -2.058898
v -0.692782 0.391442 -2.055075
v -0.692782 0.391442 -2.032084
v -0.438495 0.391442 -2.114417
v -0.438495 0.391442 -2.134353
v -0.484972 0.391442 -2.125070
v -0.515720 0.391442 -2.115746
v 0.853415 0.592949 0.750267
v 0.858120 0.442119 0.701612
v 0.860394 0.427523 0.678095
v 0.876470 0.615655 0.511858
v 0.855533 0.615655 0.728372
v -0.902533 0.609688 0.784886
v -0.855533 0.615655 0.728372
v -0.858120 0.442119 0.701612
v 0.847717 0.866178 1.445632
v -0.705797 0.538408 -1.902147
v -0.707799 0.488551 -2.002260
v -0.725819 0.546767 -1.877119
v 0.515720 0.391442 -2.115746
v 0.438495 0.391442 -2.131169
v 0.438495 0.391442 -2.114417
v 0.692782 0.391442 -2.032084
v 0.692782 0.391442 -2.055075
v 0.683072 0.391442 -2.058898
v 0.599127 0.391442 -2.086839
v 0.552831 0.391442 -2.103451
v 0.766475 0.801388 2.087680
v 0.787797 0.762135 2.085415
v 0.800904 0.739387 2.067870
v 0.800904 0.745842 1.992249
v -0.838906 0.132149 -1.602809
v 0.901880 0.637720 0.757855
v 0.892082 0.624945 0.740786
v 0.902533 0.609688 0.784886
v 0.893093 0.599997 0.764843
v 0.893093 0.599997 0.764843
v 0.902533 0.609688 0.784886
v 0.900354 0.423478 0.724818
v -0.888265 0.674762 1.267431
v 0.892082 0.624945 0.740786
v 0.853415 0.592949 0.750267
v 0.853415 0.592949 0.750267
v 0.890724 0.434270 0.711383
v 0.858120 0.442119 0.701612
v 0.855533 0.615655 0.728372
v 0.855533 0.615655 0.728372
v 0.858120 0.442119 0.701612
v 0.860394 0.427523 0.678095
v 0.878600 0.427523 0.476988
v -0.565638 0.821928 2.107627
v -0.400452 0.822929 2.117990
v 0.000000 0.823930 2.128402
v 0.400452 0.822929 2.117990
v 0.565638 0.821928 2.107627
v -0.589474 0.888823 2.001079
v -0.591046 0.893234 2.105709
v -0.565638 0.821928 2.107627
v -0.565638 0.821928 2.080246
v -0.570199 0.834725 2.031904
v -0.571232 0.837625 1.975055
v -0.589037 0.887593 1.973712
v -0.624891 0.870623 2.103036
v -0.591046 0.893234 2.105709
v -0.615298 0.883085 2.103799
v -0.615695 0.882914 2.103768
v -0.630712 0.680768 2.102571
v -0.711803 0.680768 2.095502
v -0.775876 0.680768 2.089313
v -0.775876 0.680768 2.048783
v -0.573441 0.680768 2.107038
v 0.232438 0.289827 -2.177011
v 0.000000 0.289827 -2.192475
v -0.232438 0.289827 -2.177011
v 0.646730 0.627013 1.089229
v 0.889635 0.627013 1.089229
v 0.470531 0.315338 -2.128975
v 0.470531 0.311531 -2.128888
v 0.470531 0.309739 -2.128796
v 0.470531 0.306346 -2.128761
v 0.470531 0.244276 -2.128452
v 0.470531 0.244276 -2.078346
v 0.459798 0.255009 -2.131964
v -0.865580 0.727027 -0.932052
v -0.865636 0.727140 -0.938059
v 0.583255 0.273356 2.104973
v 0.615695 0.328661 2.137412
v 0.615695 0.339383 2.137412
v 0.912415 0.609688 0.784886
v 0.910224 0.490554 0.746456
v 0.907255 0.423478 0.724818
v 0.900354 0.423478 0.724818
v 0.902533 0.609688 0.784886
v 0.723971 0.833555 2.092281
v 0.721620 0.837110 2.080449
v 0.721023 0.838014 2.080779
v 0.645013 0.839381 1.969213
v 0.637402 0.836974 1.969856
v 0.571232 0.837625 1.975055
v 0.589037 0.887593 1.973712
v 0.615695 0.876066 1.971619
v 0.633524 0.852239 1.970185
v -0.723979 0.461021 -1.552674
v -0.735141 0.407460 -1.567027
v -0.736518 0.657714 -1.568797
v -0.893671 0.265299 1.629840
v -0.806870 0.123139 -1.602809
v -0.646730 0.296334 -1.596802
v -0.499564 0.195220 -2.078346
v -0.499564 0.195220 -2.118867
v -0.510576 0.184208 -2.115264
v -0.510576 0.184208 -2.078346
v -0.615695 0.328661 2.137412
v -0.767445 0.872095 1.722681
v -0.757109 0.869668 1.803976
v -0.727821 0.882997 1.782011
v -0.770199 0.872130 1.708665
v 0.900672 0.637720 0.490554
v 0.865977 0.132149 -0.760859
v 0.867582 0.132149 -0.932052
v -0.727821 0.837811 2.078673
v -0.670757 0.898014 1.866106
v -0.670757 0.908525 1.978733
v -0.671758 0.891006 2.098024
v -0.670757 0.891445 2.098321
v -0.721023 0.838014 2.080779
v -0.711803 0.851962 2.084346
v -0.615695 0.882914 2.103768
v -0.615695 0.882997 2.105376
v -0.624891 0.870623 2.103036
v -0.615695 0.876066 1.971619
v -0.633524 0.852239 1.970185
v -0.615695 0.872985 1.912158
v -0.615695 0.909026 1.912158
v -0.570644 0.914032 1.926174
v -0.570644 0.893008 1.926174
v -0.615695 0.872985 1.912158
v -0.670757 0.898014 1.866106
v -0.670757 0.908525 1.978733
v -0.615695 0.909026 1.912158
v -0.670757 0.901017 2.091360
v -0.615695 0.926045 2.008767
v -0.615695 0.882997 2.105376
v -0.669825 0.891855 2.098486
v -0.570644 0.902018 2.112384
v -0.615695 0.882997 2.105376
v -0.615298 0.883085 2.103799
v -0.591046 0.893234 2.105709
v -0.589474 0.888823 2.001079
v -0.570644 0.893008 1.926174
v 0.340384 0.933053 2.031293
v 0.340384 0.917035 1.934183
v -0.340384 0.917035 1.934183
v -0.615695 0.925044 2.105376
v 0.879993 0.132149 0.500565
v -0.570644 0.902018 2.112384
v -0.570644 0.920038 2.119392
v -0.340384 0.897012 1.934183
v -0.340384 0.905021 2.128402
v -0.570644 0.914032 1.926174
v 0.340384 0.931051 2.128402
v 0.570644 0.929049 2.112384
v 0.589037 0.887593 1.973712
v 0.571232 0.837625 1.975055
v 0.570199 0.834725 2.031904
v 0.565638 0.821928 2.080246
v 0.565638 0.821928 2.107627
v 0.591046 0.893234 2.105709
v 0.589474 0.888823 2.001079
v -0.900672 0.637720 0.490554
v 0.000000 0.932052 2.134409
v 0.340384 0.897012 1.934183
v 0.570644 0.902018 2.112384
v 0.340384 0.905021 2.128402
v -0.893671 0.265299 1.629840
v -0.894386 0.341385 1.623833
v -0.411792 0.569106 -1.879002
v 0.570644 0.920038 2.119392
v 0.591046 0.893234 2.105709
v 0.615298 0.883085 2.103799
v 0.615695 0.882997 2.105376
v 0.570644 0.893008 1.926174
v 0.589474 0.888823 2.001079
v 0.615695 0.925044 2.105376
v 0.570644 0.902018 2.112384
v 0.615695 0.882914 2.103768
v 0.624891 0.870623 2.103036
v 0.615695 0.882997 2.105376
v 0.615695 0.876066 1.971619
v 0.615695 0.872985 1.912158
v 0.633524 0.852239 1.970185
v 0.670757 0.908525 1.978733
v 0.670757 0.898014 1.866106
v 0.670757 0.901017 2.091360
v 0.665272 0.893853 2.099649
v 0.669825 0.891855 2.098486
v 0.615695 0.882997 2.105376
v 0.651640 0.888878 2.100801
v 0.670757 0.898014 1.866106
v 0.727821 0.882997 1.782011
v 0.670757 0.908525 1.978733
v 0.711803 0.851962 2.084346
v 0.721023 0.838014 2.080779
v 0.670757 0.891445 2.098321
v 0.671758 0.891006 2.098024
v 0.757109 0.869668 1.803976
v 0.767445 0.872095 1.722681
v 0.770199 0.872130 1.708665
v 0.187712 0.384434 2.225881
v 0.727821 0.837811 2.078673
v -0.765600 0.872013 1.716624
v -0.770199 0.872130 1.708665
v -0.730354 0.867426 1.777627
v -0.753618 0.868323 1.862102
v -0.727821 0.875989 1.927175
v -0.670757 0.901017 2.091360
v -0.721620 0.837110 2.080449
v -0.645013 0.839381 1.969213
v -0.643196 0.842484 1.889157
v -0.615695 0.882914 2.103768
v -0.589037 0.887593 1.973712
v -0.615695 0.876066 1.971619
v -0.615695 0.872985 1.912158
v 0.000000 0.906023 2.134409
v 0.589037 0.887593 1.973712
v 0.615695 0.872985 1.912158
v 0.615695 0.876066 1.971619
v 0.615695 0.882914 2.103768
v 0.643196 0.842484 1.889157
v 0.645013 0.839381 1.969213
v 0.630712 0.874858 2.102571
v 0.624891 0.870623 2.103036
v 0.727821 0.875989 1.927175
v 0.670757 0.901017 2.091360
v 0.721620 0.837110 2.080449
v 0.730354 0.867426 1.777627
v 0.770199 0.872130 1.708665
v 0.765600 0.872013 1.716624
v 0.753618 0.868323 1.862102
v -0.808045 0.740281 2.049034
v -0.800904 0.740806 2.051240
v -0.800904 0.745842 1.992249
v -0.845696 0.741363 1.992249
v -0.841758 0.739570 2.017860
v -0.832067 0.737151 2.057548
v -0.822084 0.738898 2.048780
v -0.767027 0.866565 1.961870
v -0.768022 0.866667 1.961804
v -0.760859 0.819925 1.992249
v -0.760859 0.865791 1.962375
v -0.816951 0.863702 1.932439
v -0.834746 0.858028 1.935318
v -0.842355 0.838414 1.945272
v -0.800904 0.745842 1.992249
v -0.800904 0.869181 1.929659
v -0.736005 0.861555 1.992249
v -0.768022 0.866667 1.961804
v -0.848513 0.822922 1.952498
v -0.854114 0.809508 1.958741
v -0.846635 0.751029 1.987508
v -0.845696 0.741363 1.992249
v -0.800904 0.745842 1.992249
v -0.842355 0.838414 1.945272
v 0.736005 0.861555 1.992249
v 0.760859 0.819925 1.992249
v 0.760859 0.865791 1.962375
v 0.768022 0.866667 1.961804
v 0.846635 0.751029 1.987508
v 0.854114 0.809508 1.958741
v 0.848513 0.822922 1.952498
v 0.842355 0.838414 1.945272
v 0.800904 0.745842 1.992249
v 0.845696 0.741363 1.992249
v 0.832067 0.737151 2.057548
v 0.841758 0.739570 2.017860
v 0.845696 0.741363 1.992249
v 0.800904 0.745842 1.992249
v 0.800904 0.739387 2.067870
v 0.768022 0.866667 1.961804
v 0.767027 0.866565 1.961870
v 0.816951 0.863702 1.932439
v 0.800904 0.869181 1.929659
v 0.800904 0.745842 1.992249
v 0.842355 0.838414 1.945272
v 0.834746 0.858028 1.935318
v -0.750847 0.792895 2.091794
v -0.775876 0.719812 2.089313
v -0.775876 0.680768 2.089313
v 0.643196 0.842484 1.889157
v 0.615695 0.872985 1.912158
v 0.615695 0.909026 1.912158
v 0.650323 0.844984 1.883197
v -0.705797 0.407460 -1.902147
v -0.725819 0.407460 -1.877119
v -0.738834 0.407460 -1.571774
v -0.735141 0.407460 -1.567027
v -0.646730 0.407460 -1.567027
v -0.646730 0.407460 -1.544744
v -0.422477 0.407460 -1.544744
v -0.402454 0.407460 -1.576780
v -0.409462 0.407460 -1.876118
v -0.430486 0.407460 -1.902147
v -0.889837 0.637720 0.490554
v -0.901880 0.637720 0.757855
v -0.911440 0.637720 0.757855
v -0.900834 0.637720 0.500565
v -0.900672 0.637720 0.490554
v 0.775876 0.685774 2.042612
v 0.775876 0.680768 2.089313
v 0.775876 0.680768 2.048783
v 0.711803 0.680768 2.095502
v 0.775876 0.680768 2.089313
v 0.775876 0.719812 2.089313
v 0.750847 0.792895 2.091794
v 0.711803 0.851962 2.095502
v -0.775876 0.700791 2.095320
v -0.750847 0.773873 2.097801
v -0.750847 0.773873 2.081783
v -0.775876 0.700791 2.079302
v 0.711803 0.832940 2.101509
v 0.711803 0.693783 2.101509
v 0.775876 0.693783 2.095320
v 0.775876 0.700791 2.095320
v 0.750847 0.773873 2.097801
v -0.711803 0.832940 2.101509
v -0.711803 0.832940 2.085491
v 0.630712 0.890005 2.108578
v 0.630712 0.693783 2.108578
v 0.671758 0.871984 2.105107
v -0.671758 0.871984 2.105107
v -0.671758 0.871984 2.089089
v -0.711803 0.832940 2.101509
v -0.711803 0.693783 2.101509
v -0.671758 0.871984 2.105107
v -0.630712 0.890005 2.108578
v -0.630712 0.890005 2.092560
v 0.565638 0.802906 2.113634
v 0.565638 0.693783 2.113634
v 0.596673 0.890005 2.111291
v -0.596673 0.890005 2.111291
v -0.596673 0.890005 2.095273
v 0.565638 0.802906 2.097616
v 0.596673 0.890005 2.095273
v 0.630712 0.890005 2.092560
v 0.630712 0.693783 2.092560
v 0.565638 0.693783 2.097616
v -0.596673 0.890005 2.111291
v -0.565638 0.802906 2.113634
v -0.565638 0.802906 2.097616
v -0.596673 0.890005 2.095273
v 0.711803 0.693783 2.085491
v 0.775876 0.693783 2.079302
v 0.775876 0.693783 2.095320
v 0.711803 0.693783 2.101509
v 0.630712 0.693783 2.108578
v 0.565638 0.693783 2.113634
v 0.400452 0.693783 2.123996
v 0.000000 0.693783 2.134409
v -0.400452 0.693783 2.123996
v -0.565638 0.693783 2.113634
v -0.630712 0.693783 2.108578
v -0.711803 0.693783 2.101509
v -0.775876 0.693783 2.095320
v -0.775876 0.693783 2.079302
v -0.711803 0.693783 2.085491
v -0.630712 0.693783 2.092560
v 0.630712 0.693783 2.092560
v 0.565638 0.693783 2.097616
v -0.565638 0.693783 2.097616
v 0.400452 0.693783 2.107978
v -0.400452 0.693783 2.107978
v 0.000000 0.693783 2.118391
v -0.400452 0.693783 2.123996
v -0.400452 0.803907 2.123996
v -0.400452 0.803907 2.107978
v -0.400452 0.693783 2.107978
v 0.000000 0.693783 2.134409
v 0.000000 0.804908 2.134409
v 0.000000 0.804908 2.118391
v 0.000000 0.693783 2.118391
v 0.400452 0.693783 2.123996
v 0.400452 0.803907 2.123996
v 0.400452 0.803907 2.107978
v 0.400452 0.693783 2.107978
v 0.615298 0.883085 2.103799
v 0.591046 0.893234 2.105709
v 0.630712 0.680768 2.102571
v 0.615695 0.882914 2.103768
v 0.565638 0.802906 2.113634
v 0.596673 0.890005 2.111291
v 0.596673 0.890005 2.095273
v 0.565638 0.802906 2.097616
v 0.596673 0.890005 2.111291
v 0.630712 0.890005 2.108578
v 0.630712 0.890005 2.092560
v 0.596673 0.890005 2.095273
v 0.671758 0.871984 2.089089
v 0.671758 0.871984 2.105107
v 0.671758 0.871984 2.089089
v 0.671758 0.891006 2.099100
v 0.711803 0.832940 2.101509
v 0.711803 0.832940 2.085491
v -0.775876 0.700791 2.095320
v -0.775876 0.693783 2.095320
v -0.750847 0.773873 2.097801
v 0.750847 0.773873 2.097801
v 0.750847 0.773873 2.081783
v -0.775876 0.700791 2.079302
v -0.750847 0.773873 2.081783
v -0.775876 0.693783 2.079302
v 0.775876 0.700791 2.095320
v 0.775876 0.700791 2.079302
v -0.775876 0.693783 2.079302
v -0.775876 0.693783 2.095320
v 0.775876 0.693783 2.095320
v 0.775876 0.693783 2.079302
v -0.775876 0.756854 -0.565638
v -0.860972 0.806911 -0.597675
v -0.860972 0.839948 -0.586005
v -0.775876 0.767366 -0.560944
v -0.860972 0.864133 -0.554125
v -0.775876 0.775062 -0.548119
v -0.860972 0.872985 -0.510576
v -0.775876 0.777878 -0.530599
v -0.860972 0.864133 -0.467027
v -0.775876 0.775062 -0.513079
v -0.860972 0.839948 -0.435147
v -0.775876 0.767366 -0.500254
v -0.775876 0.767366 -0.500254
v -0.860972 0.839948 -0.435147
v -0.860972 0.806911 -0.423478
v -0.775876 0.756854 -0.495559
v -0.860972 0.773873 -0.435147
v -0.775876 0.746342 -0.500254
v -0.860972 0.749688 -0.467027
v -0.775876 0.738647 -0.513079
v -0.775876 0.738647 -0.513079
v -0.860972 0.749688 -0.467027
v -0.860972 0.740836 -0.510576
v -0.775876 0.735831 -0.530599
v -0.860972 0.749688 -0.554125
v -0.775876 0.738647 -0.548119
v -0.860972 0.773873 -0.586005
v -0.775876 0.746342 -0.560944
v -0.978104 0.815921 -0.578653
v -0.978104 0.841950 -0.570338
v -0.978104 0.861005 -0.547618
v -0.978104 0.867980 -0.516583
v -0.978104 0.861005 -0.485548
v -0.860972 0.864133 -0.467027
v -0.978104 0.861005 -0.485548
v -0.978104 0.841950 -0.462828
v -0.860972 0.839948 -0.435147
v -0.978104 0.815921 -0.454513
v -0.978104 0.789892 -0.462828
v -0.978104 0.770837 -0.485548
v -0.978104 0.770837 -0.485548
v -0.978104 0.763862 -0.516583
v -0.978104 0.770837 -0.547618
v -0.978104 0.789892 -0.570338
v -0.775876 0.738647 -0.548119
v -0.775876 0.746342 -0.560944
v -0.775876 0.756854 -0.565638
v -0.775876 0.756854 -0.495559
v -0.775876 0.746342 -0.500254
v -0.775876 0.738647 -0.513079
v -0.775876 0.735831 -0.530599
v -0.978104 0.841950 -0.570338
v -0.978104 0.815921 -0.578653
v -0.978104 0.789892 -0.570338
v -0.978104 0.770837 -0.547618
v -0.978104 0.763862 -0.516583
v -0.978104 0.770837 -0.485548
v -0.978104 0.789892 -0.462828
v -0.978104 0.815921 -0.454513
v -0.978104 0.841950 -0.462828
v -0.978104 0.861005 -0.485548
v -0.978104 0.867980 -0.516583
v -0.978104 0.861005 -0.547618
v 0.775876 0.756854 -0.565638
v 0.775876 0.767366 -0.560944
v 0.860972 0.839948 -0.586005
v 0.860972 0.806911 -0.597675
v 0.775876 0.775062 -0.548119
v 0.860972 0.864133 -0.554125
v 0.775876 0.777878 -0.530599
v 0.860972 0.872985 -0.510576
v 0.775876 0.775062 -0.513079
v 0.860972 0.864133 -0.467027
v 0.775876 0.767366 -0.500254
v 0.860972 0.839948 -0.435147
v 0.775876 0.767366 -0.500254
v 0.775876 0.756854 -0.495559
v 0.860972 0.806911 -0.423478
v 0.860972 0.839948 -0.435147
v 0.775876 0.746342 -0.500254
v 0.860972 0.773873 -0.435147
v 0.775876 0.738647 -0.513079
v 0.860972 0.749688 -0.467027
v 0.775876 0.738647 -0.513079
v 0.775876 0.735831 -0.530599
v 0.860972 0.740836 -0.510576
v 0.860972 0.749688 -0.467027
v 0.775876 0.738647 -0.548119
v 0.860972 0.749688 -0.554125
v 0.775876 0.746342 -0.560944
v 0.860972 0.773873 -0.586005
v 0.978104 0.841950 -0.570338
v 0.978104 0.815921 -0.578653
v 0.978104 0.861005 -0.547618
v 0.978104 0.867980 -0.516583
v 0.978104 0.861005 -0.485548
v 0.860972 0.864133 -0.467027
v 0.860972 0.839948 -0.435147
v 0.978104 0.841950 -0.462828
v 0.978104 0.861005 -0.485548
v 0.978104 0.815921 -0.454513
v 0.978104 0.789892 -0.462828
v 0.978104 0.770837 -0.485548
v 0.978104 0.763862 -0.516583
v 0.978104 0.770837 -0.485548
v 0.978104 0.770837 -0.547618
v 0.978104 0.789892 -0.570338
v 0.775876 0.756854 -0.565638
v 0.775876 0.746342 -0.560944
v 0.775876 0.738647 -0.548119
v 0.775876 0.735831 -0.530599
v 0.775876 0.738647 -0.513079
v 0.775876 0.746342 -0.500254
v 0.775876 0.756854 -0.495559
v 0.978104 0.789892 -0.570338
v 0.978104 0.815921 -0.578653
v 0.978104 0.841950 -0.570338
v 0.978104 0.861005 -0.547618
v 0.978104 0.867980 -0.516583
v 0.978104 0.861005 -0.485548
v 0.978104 0.841950 -0.462828
v 0.978104 0.815921 -0.454513
v 0.978104 0.789892 -0.462828
v 0.978104 0.770837 -0.485548
v 0.978104 0.763862 -0.516583
v 0.978104 0.770837 -0.547618
v -0.724818 0.584660 -1.886594
v -0.708189 0.591598 -1.878585
v -0.700170 0.583579 -1.879081
v -0.715808 0.575650 -1.887090
v -0.715808 0.575650 -1.887090
v -0.700170 0.583579 -1.879081
v -0.447125 0.583579 -1.879081
v -0.431487 0.575650 -1.887090
v -0.431487 0.575650 -1.887090
v -0.447125 0.583579 -1.879081
v -0.439106 0.592489 -1.878530
v -0.422477 0.585661 -1.886539
v -0.439106 0.702082 -1.871758
v -0.422477 0.708800 -1.879767
v -0.422477 0.708800 -1.879767
v -0.439106 0.702082 -1.871758
v -0.446234 0.709210 -1.871317
v -0.430486 0.716809 -1.879326
v -0.430486 0.716809 -1.879326
v -0.446234 0.709210 -1.871317
v -0.701061 0.709210 -1.871317
v -0.716809 0.716809 -1.879326
v -0.716809 0.716809 -1.879326
v -0.701061 0.709210 -1.871317
v -0.708189 0.702082 -1.871758
v -0.724818 0.708800 -1.879767
v -0.724818 0.708800 -1.879767
v -0.708189 0.702082 -1.871758
v -0.700170 0.583579 -1.879081
v -0.708189 0.591598 -1.878585
v -0.439106 0.592489 -1.878530
v -0.447125 0.583579 -1.879081
v -0.724818 0.584660 -1.886594
v -0.715808 0.575650 -1.887090
v -0.712965 0.663549 -1.553754
v -0.721795 0.664450 -1.553754
v -0.431487 0.575650 -1.887090
v -0.434330 0.663549 -1.553754
v -0.422477 0.585661 -1.886539
v -0.425500 0.664550 -1.553754
v -0.422477 0.585661 -1.886539
v -0.422477 0.708800 -1.879767
v -0.425500 0.676864 -1.553754
v -0.425500 0.664550 -1.553754
v -0.422477 0.708800 -1.879767
v -0.430486 0.716809 -1.879326
v -0.433349 0.677665 -1.553754
v -0.425500 0.676864 -1.553754
v -0.716809 0.716809 -1.879326
v -0.713946 0.677665 -1.553754
v -0.724818 0.708800 -1.879767
v -0.721795 0.676864 -1.553754
v -0.724818 0.708800 -1.879767
v -0.724818 0.584660 -1.886594
v -0.721795 0.664450 -1.553754
v -0.721795 0.676864 -1.553754
v -0.713946 0.677665 -1.553754
v -0.721795 0.676864 -1.553754
v -0.721795 0.664450 -1.553754
v -0.712965 0.663549 -1.553754
v -0.434330 0.663549 -1.553754
v -0.425500 0.664550 -1.553754
v -0.425500 0.676864 -1.553754
v -0.433349 0.677665 -1.553754
v -0.733828 0.726820 -1.903148
v -0.731826 0.683772 -1.552753
v -0.415469 0.683772 -1.552753
v -0.413467 0.726820 -1.903148
v -0.731826 0.671758 -1.552753
v -0.733828 0.714807 -1.903148
v -0.413467 0.714807 -1.903148
v -0.415469 0.671758 -1.552753
v -0.733828 0.726820 -1.903148
v -0.413467 0.726820 -1.903148
v -0.413467 0.714807 -1.903148
v -0.733828 0.714807 -1.903148
v -0.413467 0.726820 -1.903148
v -0.415469 0.683772 -1.552753
v -0.415469 0.671758 -1.552753
v -0.413467 0.714807 -1.903148
v -0.415469 0.683772 -1.552753
v -0.731826 0.683772 -1.552753
v -0.731826 0.671758 -1.552753
v -0.415469 0.671758 -1.552753
v -0.731826 0.683772 -1.552753
v -0.733828 0.726820 -1.903148
v -0.733828 0.714807 -1.903148
v -0.731826 0.671758 -1.552753
v 0.422477 0.584660 -1.886594
v 0.439106 0.591598 -1.878585
v 0.447125 0.583579 -1.879081
v 0.431487 0.575650 -1.887090
v 0.431487 0.575650 -1.887090
v 0.447125 0.583579 -1.879081
v 0.700170 0.583579 -1.879081
v 0.715808 0.575650 -1.887090
v 0.715808 0.575650 -1.887090
v 0.700170 0.583579 -1.879081
v 0.708189 0.592489 -1.878530
v 0.724818 0.585661 -1.886539
v 0.708189 0.702082 -1.871758
v 0.724818 0.708800 -1.879767
v 0.724818 0.708800 -1.879767
v 0.708189 0.702082 -1.871758
v 0.701061 0.709210 -1.871317
v 0.716809 0.716809 -1.879326
v 0.716809 0.716809 -1.879326
v 0.701061 0.709210 -1.871317
v 0.446234 0.709210 -1.871317
v 0.430486 0.716809 -1.879326
v 0.430486 0.716809 -1.879326
v 0.446234 0.709210 -1.871317
v 0.439106 0.702082 -1.871758
v 0.422477 0.708800 -1.879767
v 0.422477 0.708800 -1.879767
v 0.439106 0.702082 -1.871758
v 0.447125 0.583579 -1.879081
v 0.439106 0.591598 -1.878585
v 0.708189 0.592489 -1.878530
v 0.700170 0.583579 -1.879081
v 0.422477 0.584660 -1.886594
v 0.431487 0.575650 -1.887090
v 0.434330 0.663549 -1.553754
v 0.425500 0.664450 -1.553754
v 0.715808 0.575650 -1.887090
v 0.712965 0.663549 -1.553754
v 0.724818 0.585661 -1.886539
v 0.721795 0.664550 -1.553754
v 0.724818 0.585661 -1.886539
v 0.724818 0.708800 -1.879767
v 0.721795 0.676864 -1.553754
v 0.721795 0.664550 -1.553754
v 0.724818 0.708800 -1.879767
v 0.716809 0.716809 -1.879326
v 0.713946 0.677665 -1.553754
v 0.721795 0.676864 -1.553754
v 0.430486 0.716809 -1.879326
v 0.433349 0.677665 -1.553754
v 0.422477 0.708800 -1.879767
v 0.425500 0.676864 -1.553754
v 0.422477 0.708800 -1.879767
v 0.422477 0.584660 -1.886594
v 0.425500 0.664450 -1.553754
v 0.425500 0.676864 -1.553754
v 0.433349 0.677665 -1.553754
v 0.425500 0.676864 -1.553754
v 0.425500 0.664450 -1.553754
v 0.434330 0.663549 -1.553754
v 0.712965 0.663549 -1.553754
v 0.721795 0.664550 -1.553754
v 0.721795 0.676864 -1.553754
v 0.713946 0.677665 -1.553754
v 0.413467 0.726820 -1.903148
v 0.415469 0.683772 -1.552753
v 0.731826 0.683772 -1.552753
v 0.733828 0.726820 -1.903148
v 0.415469 0.671758 -1.552753
v 0.413467 0.714807 -1.903148
v 0.733828 0.714807 -1.903148
v 0.731826 0.671758 -1.552753
v 0.413467 0.726820 -1.903148
v 0.733828 0.726820 -1.903148
v 0.733828 0.714807 -1.903148
v 0.413467 0.714807 -1.903148
v 0.733828 0.726820 -1.903148
v 0.731826 0.683772 -1.552753
v 0.731826 0.671758 -1.552753
v 0.733828 0.714807 -1.903148
v 0.731826 0.683772 -1.552753
v 0.415469 0.683772 -1.552753
v 0.415469 0.671758 -1.552753
v 0.731826 0.671758 -1.552753
v 0.415469 0.683772 -1.552753
v 0.413467 0.726820 -1.903148
v 0.413467 0.714807 -1.903148
v 0.415469 0.671758 -1.552753
vt 0.128230 0.051571
vt 0.107422 0.058427
vt 0.107422 0.050774
vt 0.159688 0.055228
vt 0.139680 0.061022
vt 0.139182 0.052532
vt 0.181286 0.057052
vt 0.180657 0.056666
vt 0.180896 0.054098
vt 0.183232 0.054572
vt 0.182907 0.059926
vt 0.181966 0.057614
vt 0.237076 0.871161
vt 0.235500 0.870712
vt 0.237359 0.866266
vt 0.237368 0.873581
vt 0.234952 0.857243
vt 0.237347 0.808366
vt 0.228014 0.783301
vt 0.228102 0.834684
vt 0.237273 0.751969
vt 0.470918 0.326540
vt 0.471055 0.290391
vt 0.472969 0.293796
vt 0.377930 0.212891
vt 0.238933 0.748711
vt 0.237103 0.748711
vt 0.460938 0.431841
vt 0.463072 0.434065
vt 0.462305 0.436768
vt 0.460410 0.442809
vt 0.457267 0.442482
vt 0.460938 0.431843
vt 0.233059 0.870106
vt 0.032767 0.072359
vt 0.032145 0.063227
vt 0.033259 0.072173
vt 0.050017 0.056710
vt 0.055155 0.055228
vt 0.075163 0.061022
vt 0.049554 0.067203
vt 0.086614 0.051571
vt 0.075662 0.052532
vt 0.139934 0.155780
vt 0.107422 0.155780
vt 0.172698 0.098188
vt 0.173421 0.099482
vt 0.172447 0.104061
vt 0.172110 0.080672
vt 0.172883 0.080811
vt 0.184639 0.082296
vt 0.185265 0.082405
vt 0.183390 0.092000
vt 0.181584 0.072173
vt 0.182076 0.072359
vt 0.182117 0.075811
vt 0.240755 0.901790
vt 0.245082 0.904365
vt 0.240926 0.903162
vt 0.240669 0.903451
vt 0.245082 0.901357
vt 0.240578 0.900370
vt 0.239966 0.895459
vt 0.239521 0.891580
vt 0.239137 0.888222
vt 0.245082 0.889577
vt 0.245082 0.868021
vt 0.295645 0.559366
vt 0.421152 0.559366
vt 0.421152 0.556697
vt 0.295645 0.556697
vt 0.541139 0.330173
vt 0.551996 0.327538
vt 0.551996 0.324701
vt 0.230724 0.898851
vt 0.231411 0.898851
vt 0.230569 0.908626
vt 0.230503 0.908626
vt 0.541139 0.669827
vt 0.551996 0.672462
vt 0.540903 0.666990
vt 0.196120 0.451753
vt 0.195917 0.508252
vt 0.185147 0.508252
vt 0.185147 0.451753
vt 0.173225 0.806571
vt 0.180849 0.803497
vt 0.179819 0.835961
vt 0.172227 0.837812
vt 0.025226 0.104061
vt 0.026655 0.088491
vt 0.029477 0.082420
vt 0.029578 0.082405
vt 0.031454 0.092000
vt 0.031066 0.095845
vt 0.030939 0.104061
vt 0.041422 0.099482
vt 0.042397 0.104061
vt 0.039073 0.104061
vt 0.039349 0.103192
vt 0.273416 0.561671
vt 0.271813 0.560701
vt 0.263105 0.560701
vt 0.269758 0.581327
vt 0.287969 0.581327
vt 0.294141 0.562880
vt 0.294141 0.560701
vt 0.289219 0.560701
vt 0.288672 0.561671
vt 0.179195 0.114853
vt 0.172447 0.154476
vt 0.175771 0.104061
vt 0.189618 0.104061
vt 0.185308 0.134324
vt 0.184259 0.116678
vt 0.183905 0.104061
vt 0.182438 0.154476
vt 0.181544 0.122397
vt 0.185121 0.135639
vt 0.198845 0.399599
vt 0.199921 0.343751
vt 0.198951 0.343751
vt 0.197729 0.401772
vt 0.198829 0.401772
vt 0.021399 0.154476
vt 0.018148 0.154476
vt 0.018888 0.155780
vt 0.041787 0.155780
vt 0.409104 0.879693
vt 0.411025 0.877949
vt 0.409953 0.885270
vt 0.408841 0.879930
vt 0.248140 0.901602
vt 0.250009 0.902598
vt 0.250009 0.906621
vt 0.244836 0.910381
vt 0.244836 0.898572
vt 0.245082 0.898778
vt 0.426142 0.837786
vt 0.426142 0.833525
vt 0.427466 0.836921
vt 0.427466 0.841182
vt 0.194800 0.742944
vt 0.173057 0.742944
vt 0.173057 0.747616
vt 0.194811 0.747616
vt 0.447728 0.833412
vt 0.447728 0.836921
vt 0.455144 0.806737
vt 0.455144 0.803228
vt 0.029256 0.137366
vt 0.029723 0.135639
vt 0.032406 0.154476
vt 0.022415 0.154476
vt 0.029536 0.134324
vt 0.033557 0.121446
vt 0.035649 0.114853
vt 0.042397 0.154476
vt 0.033300 0.122397
vt 0.049449 0.079543
vt 0.074909 0.155780
vt 0.042527 0.166145
vt 0.042397 0.155780
vt 0.042734 0.080672
vt 0.172447 0.155780
vt 0.192428 0.154476
vt 0.182474 0.155780
vt 0.343618 0.884564
vt 0.359630 0.924668
vt 0.370100 0.920031
vt 0.370100 0.873786
vt 0.359630 0.878298
vt 0.435501 0.402906
vt 0.435645 0.402856
vt 0.435645 0.439439
vt 0.413086 0.439701
vt 0.413086 0.402937
vt 0.434047 0.403302
vt 0.259370 0.808366
vt 0.259739 0.771019
vt 0.259739 0.808366
vt 0.196696 0.154476
vt 0.195955 0.155780
vt 0.196768 0.155780
vt 0.193444 0.154476
vt 0.173057 0.155780
vt 0.198118 0.154476
vt 0.198191 0.155780
vt 0.259370 0.751969
vt 0.930563 0.668198
vt 0.930563 0.669819
vt 0.946979 0.660708
vt 0.946979 0.659086
vt 0.032370 0.155780
vt 0.022343 0.155780
vt 0.139869 0.166145
vt 0.107422 0.166145
vt 0.172317 0.166145
vt 0.192501 0.155780
vt 0.182599 0.166145
vt 0.316829 0.787061
vt 0.317459 0.790259
vt 0.315869 0.794274
vt 0.315043 0.791572
vt 0.343618 0.928052
vt 0.359630 0.967529
vt 0.262677 0.815635
vt 0.262677 0.819896
vt 0.486049 0.783551
vt 0.485914 0.784481
vt 0.485461 0.785470
vt 0.483953 0.788119
vt 0.484635 0.783551
vt 0.020180 0.711869
vt 0.020138 0.721448
vt 0.041787 0.721448
vt 0.041787 0.711869
vt 0.420050 0.803228
vt 0.426142 0.830016
vt 0.426142 0.827760
vt 0.420050 0.800972
vt 0.081209 0.451753
vt 0.107422 0.451753
vt 0.107422 0.508252
vt 0.081005 0.508252
vt 0.427466 0.833412
vt 0.437597 0.844460
vt 0.437597 0.847969
vt 0.032245 0.166145
vt 0.021963 0.166145
vt 0.182554 0.194461
vt 0.074975 0.166145
vt 0.139538 0.194461
vt 0.107422 0.194461
vt 0.171655 0.194461
vt 0.192881 0.166145
vt 0.309130 0.718633
vt 0.328838 0.718633
vt 0.343618 0.751969
vt 0.328838 0.751969
vt 0.088372 0.024186
vt 0.088372 0.025098
vt 0.088372 0.025831
vt 0.088372 0.024190
vt 0.300650 0.812126
vt 0.303588 0.767510
vt 0.303588 0.771019
vt 0.300650 0.815635
vt 0.230952 0.884063
vt 0.231639 0.884063
vt 0.233375 0.865765
vt 0.231105 0.865765
vt 0.242003 0.913138
vt 0.242003 0.904115
vt 0.243418 0.896478
vt 0.243784 0.897104
vt 0.969746 0.595249
vt 0.973875 0.595249
vt 0.974164 0.593076
vt 0.974169 0.593020
vt 0.969746 0.593020
vt 0.290176 0.559002
vt 0.290176 0.533765
vt 0.288672 0.533765
vt 0.288672 0.559002
vt 0.447728 0.841182
vt 0.455144 0.810998
vt 0.370100 0.858997
vt 0.370100 0.870778
vt 0.389191 0.866768
vt 0.389191 0.854987
vt 0.262677 0.867699
vt 0.270701 0.852557
vt 0.334951 0.356664
vt 0.381846 0.356664
vt 0.381846 0.360855
vt 0.334951 0.360855
vt 0.032289 0.194461
vt 0.021389 0.194461
vt 0.043189 0.194461
vt 0.075305 0.194461
vt 0.138940 0.233142
vt 0.107422 0.233142
vt 0.170458 0.233142
vt 0.178819 0.233142
vt 0.270701 0.903999
vt 0.281664 0.900278
vt 0.281664 0.905518
vt 0.193454 0.194461
vt 0.198179 0.233142
vt 0.187179 0.233142
vt 0.047642 0.079835
vt 0.041961 0.080811
vt 0.043127 0.080600
vt 0.044937 0.080289
vt 0.270701 0.866066
vt 0.281664 0.864512
vt 0.281664 0.868271
vt 0.292626 0.844787
vt 0.292626 0.848296
vt 0.968839 0.406980
vt 0.968839 0.593020
vt 0.969746 0.406980
vt 0.428125 0.533765
vt 0.428125 0.559002
vt 0.447864 0.559002
vt 0.447878 0.552208
vt 0.448013 0.550974
vt 0.447997 0.550752
vt 0.448186 0.533765
vt 0.017115 0.401772
vt 0.016015 0.401772
vt 0.016180 0.412206
vt 0.016591 0.415897
vt 0.017225 0.415897
vt 0.406435 0.866768
vt 0.406435 0.854987
vt 0.309130 0.859785
vt 0.328838 0.853483
vt 0.328838 0.875039
vt 0.309130 0.881341
vt 0.294141 0.545656
vt 0.295645 0.545656
vt 0.295645 0.534008
vt 0.294141 0.534008
vt 0.270701 0.887622
vt 0.281664 0.885489
vt 0.457858 0.761995
vt 0.457858 0.765505
vt 0.027664 0.233142
vt 0.036025 0.233142
vt 0.044386 0.233142
vt 0.075904 0.233142
vt 0.107422 0.271822
vt 0.077121 0.271822
vt 0.168024 0.271822
vt 0.137723 0.271822
vt 0.177601 0.271822
vt 0.292626 0.898562
vt 0.292626 0.912211
vt 0.079570 0.025843
vt 0.051717 0.032920
vt 0.049509 0.033856
vt 0.049509 0.044302
vt 0.165335 0.044302
vt 0.165335 0.033856
vt 0.163126 0.032920
vt 0.135274 0.025843
vt 0.126472 0.025098
vt 0.126472 0.025831
vt 0.124847 0.029307
vt 0.089997 0.029307
vt 0.292626 0.883773
vt 0.292626 0.862217
vt 0.281664 0.854486
vt 0.292626 0.842531
vt 0.281664 0.856742
vt 0.194663 0.711869
vt 0.173057 0.711869
vt 0.173057 0.721448
vt 0.194705 0.721448
vt 0.154057 0.959382
vt 0.155175 0.959382
vt 0.155175 0.970324
vt 0.154612 0.970723
vt 0.154057 0.970961
vt 0.256946 0.445166
vt 0.256823 0.444760
vt 0.258089 0.443847
vt 0.259004 0.444678
vt 0.259004 0.447036
vt 0.274316 0.464063
vt 0.280469 0.465110
vt 0.280469 0.467468
vt 0.274316 0.466420
vt 0.041787 0.783363
vt 0.019945 0.783363
vt 0.020883 0.819110
vt 0.041787 0.819110
vt 0.292626 0.852557
vt 0.258730 0.564098
vt 0.258594 0.572591
vt 0.263242 0.552208
vt 0.173057 0.300138
vt 0.173057 0.310503
vt 0.197463 0.310503
vt 0.197567 0.300138
vt 0.037242 0.271822
vt 0.046820 0.271822
vt 0.032826 0.758967
vt 0.033994 0.803497
vt 0.026370 0.800086
vt 0.025431 0.753890
vt 0.107422 0.300138
vt 0.078076 0.300138
vt 0.166113 0.300138
vt 0.136767 0.300138
vt 0.292626 0.922350
vt 0.300650 0.916815
vt 0.300650 0.932759
vt 0.300650 0.897362
vt 0.328838 0.716377
vt 0.406435 0.716377
vt 0.406435 0.718633
vt 0.370100 0.718633
vt 0.359630 0.718633
vt 0.343618 0.718633
vt 0.017381 0.310503
vt 0.016568 0.310503
vt 0.016581 0.311807
vt 0.017394 0.311807
vt 0.426142 0.856491
vt 0.426142 0.868271
vt 0.427466 0.868101
vt 0.427466 0.856321
vt 0.281664 0.860251
vt 0.270701 0.848296
vt 0.300650 0.861018
vt 0.300650 0.819896
vt 0.017274 0.233142
vt 0.017135 0.271822
vt 0.041787 0.271822
vt 0.041787 0.233142
vt 0.173057 0.848394
vt 0.182029 0.848394
vt 0.182404 0.849425
vt 0.181083 0.915703
vt 0.179051 0.921136
vt 0.151111 0.921136
vt 0.148977 0.915486
vt 0.148266 0.850511
vt 0.150298 0.843557
vt 0.173057 0.843557
vt 0.038198 0.300138
vt 0.048731 0.300138
vt 0.165386 0.310503
vt 0.136404 0.310503
vt 0.303588 0.918437
vt 0.303588 0.936431
vt 0.303588 0.896935
vt 0.300650 0.882574
vt 0.309130 0.893122
vt 0.300650 0.894354
vt 0.041787 0.300138
vt 0.017277 0.300138
vt 0.041787 0.310503
vt 0.303588 0.808366
vt 0.381846 0.324968
vt 0.334951 0.324968
vt 0.259739 0.901357
vt 0.259739 0.904365
vt 0.259370 0.904365
vt 0.280469 0.313180
vt 0.274316 0.313180
vt 0.274316 0.310375
vt 0.278746 0.295904
vt 0.280469 0.292184
vt 0.023702 0.075908
vt 0.026953 0.074577
vt 0.187891 0.074577
vt 0.191142 0.075908
vt 0.189618 0.082362
vt 0.188805 0.083327
vt 0.186367 0.082138
vt 0.025226 0.082362
vt 0.028477 0.082138
vt 0.026039 0.083327
vt 0.107422 0.063186
vt 0.311914 0.465634
vt 0.311914 0.461181
vt 0.358398 0.461443
vt 0.358398 0.465896
vt 0.482800 0.774528
vt 0.482800 0.796084
vt 0.470483 0.816637
vt 0.470483 0.786309
vt 0.482800 0.765755
vt 0.358398 0.468254
vt 0.311914 0.467992
vt 0.309130 0.808366
vt 0.303957 0.808366
vt 0.283385 0.326540
vt 0.320892 0.326540
vt 0.320618 0.380239
vt 0.282839 0.380239
vt 0.049458 0.310503
vt 0.165294 0.311807
vt 0.136358 0.311807
vt 0.303957 0.918642
vt 0.303957 0.936893
vt 0.303957 0.896882
vt 0.444984 0.560701
vt 0.428125 0.561671
vt 0.443358 0.561671
vt 0.198276 0.310503
vt 0.199685 0.311807
vt 0.199698 0.310503
vt 0.159239 0.959382
vt 0.170778 0.959382
vt 0.167524 0.961675
vt 0.159239 0.967396
vt 0.155175 0.970258
vt 0.155175 0.970213
vt 0.195011 0.311807
vt 0.259739 0.889577
vt 0.019832 0.311807
vt 0.259739 0.767510
vt 0.262677 0.812126
vt 0.303957 0.751969
vt 0.303957 0.718633
vt 0.078440 0.310503
vt 0.049549 0.311807
vt 0.262677 0.889255
vt 0.164014 0.330061
vt 0.135718 0.330061
vt 0.309130 0.921499
vt 0.309130 0.943359
vt 0.309130 0.896130
vt 0.292626 0.895554
vt 0.309130 0.751969
vt 0.437597 0.842204
vt 0.447728 0.831156
vt 0.270701 0.844787
vt 0.270701 0.842531
vt 0.262677 0.809870
vt 0.427466 0.831156
vt 0.437597 0.852230
vt 0.078486 0.311807
vt 0.050830 0.330061
vt 0.107422 0.330061
vt 0.079126 0.330061
vt 0.328838 0.928177
vt 0.328838 0.963018
vt 0.358398 0.434986
vt 0.413086 0.434724
vt 0.435645 0.434462
vt 0.303711 0.434724
vt 0.281152 0.434462
vt 0.313712 0.808366
vt 0.321393 0.787061
vt 0.259739 0.765254
vt 0.089997 0.025831
vt 0.089997 0.024052
vt 0.237076 0.872282
vt 0.233447 0.871021
vt 0.231476 0.888884
vt 0.237076 0.890830
vt 0.328838 0.787061
vt 0.311347 0.838193
vt 0.328838 0.845212
vt 0.313010 0.845212
vt 0.489973 0.734424
vt 0.487481 0.734424
vt 0.487481 0.731667
vt 0.489752 0.731667
vt 0.185147 0.399599
vt 0.187179 0.330061
vt 0.197877 0.330061
vt 0.196527 0.399599
vt 0.328838 0.889827
vt 0.241079 0.904867
vt 0.242754 0.902621
vt 0.241664 0.902386
vt 0.236045 0.900924
vt 0.233510 0.897609
vt 0.232601 0.896811
vt 0.232149 0.898600
vt 0.107422 0.399599
vt 0.080955 0.399599
vt 0.133889 0.399599
vt 0.159848 0.451753
vt 0.133635 0.451753
vt 0.343618 0.968031
vt 0.237076 0.901253
vt 0.231099 0.892175
vt 0.231057 0.894556
vt 0.232574 0.896423
vt 0.236098 0.901081
vt 0.320920 0.324968
vt 0.332764 0.324968
vt 0.332764 0.326540
vt 0.332102 0.787061
vt 0.343618 0.808366
vt 0.332410 0.808366
vt 0.333457 0.795332
vt 0.333272 0.789567
vt 0.281664 0.897270
vt 0.300650 0.809870
vt 0.054487 0.399599
vt 0.427466 0.844941
vt 0.437597 0.855990
vt 0.262677 0.901035
vt 0.054995 0.451753
vt 0.259739 0.868021
vt 0.133838 0.508252
vt 0.245082 0.751969
vt 0.245082 0.808366
vt 0.267546 0.458259
vt 0.266660 0.457514
vt 0.261191 0.447298
vt 0.261191 0.402505
vt 0.272266 0.402505
vt 0.272266 0.453289
vt 0.269408 0.456957
vt 0.343618 0.848219
vt 0.359630 0.841953
vt 0.359630 0.808366
vt 0.370100 0.808366
vt 0.389191 0.808366
vt 0.370100 0.751969
vt 0.126472 0.024186
vt 0.126472 0.024190
vt 0.054589 0.508252
vt 0.080904 0.545195
vt 0.054386 0.545195
vt 0.370100 0.962767
vt 0.018927 0.508252
vt 0.029696 0.508252
vt 0.029696 0.545195
vt 0.019231 0.545195
vt 0.133940 0.545195
vt 0.107422 0.545195
vt 0.154057 0.970974
vt 0.153588 0.971298
vt 0.130505 0.980941
vt 0.107422 0.984155
vt 0.084339 0.980941
vt 0.061255 0.971298
vt 0.060787 0.970974
vt 0.060787 0.959382
vt 0.174622 0.763564
vt 0.182018 0.758967
vt 0.370100 0.837441
vt 0.232710 0.865765
vt 0.231213 0.874419
vt 0.231120 0.884061
vt 0.231120 0.884063
vt 0.420050 0.806737
vt 0.359630 0.863509
vt 0.328838 0.886820
vt 0.343618 0.881556
vt 0.359630 0.875290
vt 0.195612 0.545195
vt 0.185147 0.545195
vt 0.107422 0.612560
vt 0.160458 0.545195
vt 0.138410 0.612080
vt 0.388647 0.930934
vt 0.388480 0.902109
vt 0.187179 0.609384
vt 0.396178 0.380239
vt 0.395905 0.326540
vt 0.433411 0.326540
vt 0.433958 0.380239
vt 0.389191 0.751969
vt 0.422656 0.568345
vt 0.422656 0.559366
vt 0.421152 0.568345
vt 0.384033 0.324968
vt 0.384033 0.356664
vt 0.389206 0.518478
vt 0.358398 0.516294
vt 0.358398 0.531339
vt 0.389460 0.531339
vt 0.406435 0.833431
vt 0.455144 0.800972
vt 0.457858 0.759740
vt 0.027664 0.609384
vt 0.019536 0.612560
vt 0.388291 0.869775
vt 0.076433 0.612080
vt 0.045445 0.610642
vt 0.107422 0.673406
vt 0.169399 0.610642
vt 0.141967 0.669474
vt 0.401977 0.900104
vt 0.401262 0.886694
vt 0.027664 0.652444
vt 0.019739 0.673406
vt 0.059669 0.970213
vt 0.059669 0.959382
vt 0.083338 0.980653
vt 0.090009 0.981676
vt 0.114186 0.983119
vt 0.131505 0.980653
vt 0.138631 0.977381
vt 0.060787 0.970792
vt 0.076212 0.977381
vt 0.140043 0.976433
vt 0.154057 0.970447
vt 0.406435 0.751969
vt 0.406435 0.808366
vt 0.436328 0.313180
vt 0.436328 0.324968
vt 0.280469 0.324968
vt 0.262677 0.904043
vt 0.417335 0.761995
vt 0.417335 0.759740
vt 0.400494 0.869775
vt 0.072877 0.669474
vt 0.038333 0.657677
vt 0.143287 0.705357
vt 0.144354 0.734091
vt 0.107422 0.742944
vt 0.143242 0.704146
vt 0.027664 0.330061
vt 0.029696 0.399599
vt 0.029696 0.451753
vt 0.018723 0.451753
vt 0.018317 0.399599
vt 0.016967 0.330061
vt 0.179063 0.684889
vt 0.409689 0.885772
vt 0.407947 0.870579
vt 0.417335 0.765505
vt 0.416966 0.751969
vt 0.416966 0.808366
vt 0.416966 0.718633
vt 0.273145 0.531096
vt 0.268611 0.533765
vt 0.288672 0.531096
vt 0.195104 0.673406
vt 0.195267 0.710565
vt 0.187179 0.678742
vt 0.187179 0.652444
vt 0.035781 0.684889
vt 0.179153 0.685820
vt 0.408208 0.870607
vt 0.187179 0.679664
vt 0.420050 0.856026
vt 0.417335 0.867599
vt 0.416966 0.867571
vt 0.232574 0.896423
vt 0.231161 0.888775
vt 0.417335 0.808366
vt 0.196893 0.710565
vt 0.195476 0.711869
vt 0.196899 0.711869
vt 0.358398 0.552208
vt 0.326680 0.552208
vt 0.326656 0.556697
vt 0.358398 0.556697
vt 0.192219 0.710565
vt 0.022625 0.710565
vt 0.019577 0.710565
vt 0.027664 0.679664
vt 0.019571 0.711869
vt 0.331385 0.799285
vt 0.331236 0.794615
vt 0.332093 0.792490
vt 0.332257 0.797620
vt 0.071601 0.704146
vt 0.035691 0.685820
vt 0.179810 0.692613
vt 0.181286 0.707532
vt 0.411878 0.881575
vt 0.410129 0.870814
vt 0.437597 0.861003
vt 0.447728 0.849954
vt 0.447728 0.844941
vt 0.420050 0.810998
vt 0.020044 0.742944
vt 0.020033 0.747616
vt 0.041787 0.747616
vt 0.041787 0.742944
vt 0.227683 0.770518
vt 0.228146 0.770518
vt 0.228146 0.767833
vt 0.458228 0.718633
vt 0.470483 0.718633
vt 0.470483 0.751969
vt 0.458228 0.751969
vt 0.420050 0.834470
vt 0.027664 0.686443
vt 0.027664 0.701656
vt 0.019435 0.742944
vt 0.071557 0.705357
vt 0.035033 0.692613
vt 0.318113 0.422126
vt 0.320573 0.403814
vt 0.357693 0.403374
vt 0.358398 0.403390
vt 0.358398 0.439963
vt 0.303711 0.439701
vt 0.303711 0.402937
vt 0.319505 0.403814
vt 0.319649 0.404475
vt 0.184233 0.704650
vt 0.426142 0.841546
vt 0.482800 0.807865
vt 0.470483 0.828418
vt 0.015526 0.357224
vt 0.016183 0.357224
vt 0.017187 0.411116
vt 0.016797 0.411116
vt 0.016707 0.399599
vt 0.015838 0.373329
vt 0.041787 0.843557
vt 0.021947 0.845279
vt 0.033947 0.845279
vt 0.034573 0.843557
vt 0.198137 0.399599
vt 0.198047 0.411116
vt 0.197656 0.411116
vt 0.198660 0.357224
vt 0.199318 0.357224
vt 0.199005 0.373329
vt 0.414441 0.871279
vt 0.415289 0.874036
vt 0.070490 0.734091
vt 0.033557 0.707532
vt 0.143969 0.739234
vt 0.107422 0.747616
vt 0.180516 0.714085
vt 0.416152 0.871109
vt 0.417077 0.873710
vt 0.195409 0.742944
vt 0.187179 0.707694
vt 0.187179 0.701656
vt 0.171431 0.051864
vt 0.165619 0.050895
vt 0.186163 0.063540
vt 0.186163 0.054742
vt 0.179661 0.053399
vt 0.571863 0.321932
vt 0.571863 0.319095
vt 0.063373 0.971619
vt 0.062920 0.971539
vt 0.062920 0.967212
vt 0.063631 0.967590
vt 0.063631 0.971768
vt 0.457793 0.447036
vt 0.457793 0.444678
vt 0.458708 0.443847
vt 0.459974 0.444760
vt 0.459851 0.445166
vt 0.655717 0.679208
vt 0.655717 0.680829
vt 0.693640 0.678136
vt 0.693640 0.676515
vt 0.404883 0.465634
vt 0.404883 0.467992
vt 0.268933 0.559002
vt 0.842962 0.675299
vt 0.863227 0.675624
vt 0.863227 0.674003
vt 0.842962 0.673678
vt 0.124847 0.024052
vt 0.107422 0.022571
vt 0.124847 0.025831
vt 0.397029 0.404355
vt 0.397292 0.403814
vt 0.359104 0.403374
vt 0.392501 0.403814
vt 0.398684 0.422126
vt 0.397148 0.404475
vt 0.151212 0.971768
vt 0.153143 0.970908
vt 0.153143 0.966548
vt 0.151212 0.967590
vt 0.231105 0.855990
vt 0.233978 0.857243
vt 0.233598 0.855990
vt 0.027664 0.707694
vt 0.019423 0.747616
vt 0.183848 0.710959
vt 0.034328 0.714085
vt 0.070875 0.739234
vt 0.141022 0.778413
vt 0.107422 0.783363
vt 0.189413 0.753890
vt 0.195421 0.747616
vt 0.437597 0.866799
vt 0.358398 0.360855
vt 0.358398 0.380239
vt 0.332764 0.356664
vt 0.195470 0.710565
vt 0.194658 0.710565
vt 0.039349 0.052787
vt 0.039247 0.052851
vt 0.039247 0.052618
vt 0.039905 0.052499
vt 0.039443 0.052751
vt 0.059669 0.970258
vt 0.330288 0.792585
vt 0.331052 0.790259
vt 0.019373 0.710565
vt 0.019368 0.711869
vt 0.020186 0.710565
vt 0.019335 0.783363
vt 0.429244 0.869807
vt 0.482800 0.718633
vt 0.482800 0.751969
vt 0.040221 0.763564
vt 0.073822 0.778413
vt 0.421152 0.548325
vt 0.389796 0.548325
vt 0.389844 0.550752
vt 0.421289 0.550752
vt 0.421190 0.548257
vt 0.074520 0.815975
vt 0.042617 0.837812
vt 0.041619 0.806571
vt 0.195509 0.783363
vt 0.188474 0.800086
vt 0.447728 0.857793
vt 0.484235 0.790361
vt 0.484813 0.795810
vt 0.484964 0.798590
vt 0.484635 0.798590
vt 0.483949 0.789401
vt 0.489844 0.762246
vt 0.489988 0.760492
vt 0.487481 0.760492
vt 0.487481 0.763249
vt 0.489768 0.763249
vt 0.187410 0.833904
vt 0.018509 0.166145
vt 0.041787 0.166145
vt 0.057873 0.969151
vt 0.061701 0.970908
vt 0.061701 0.966548
vt 0.037113 0.949340
vt 0.037113 0.950502
vt 0.038121 0.952685
vt 0.039482 0.953311
vt 0.045038 0.960681
vt 0.051463 0.965234
vt 0.056786 0.968686
vt 0.020274 0.819110
vt 0.107422 0.819110
vt 0.139824 0.843412
vt 0.107422 0.845279
vt 0.140323 0.815975
vt 0.035025 0.835961
vt 0.194570 0.819110
vt 0.455144 0.850385
vt 0.455144 0.838604
vt 0.455144 0.817048
vt 0.268800 0.550752
vt 0.268784 0.550974
vt 0.268919 0.552208
vt 0.196909 0.194461
vt 0.173057 0.194461
vt 0.173057 0.233142
vt 0.197569 0.233142
vt 0.017935 0.194461
vt 0.041787 0.194461
vt 0.027433 0.833904
vt 0.021337 0.845279
vt 0.930563 0.331802
vt 0.946979 0.340914
vt 0.946979 0.339292
vt 0.930563 0.330181
vt 0.139592 0.853434
vt 0.139560 0.854799
vt 0.138512 0.899405
vt 0.107422 0.899405
vt 0.148285 0.852281
vt 0.149814 0.845212
vt 0.042852 0.843557
vt 0.035499 0.843557
vt 0.193506 0.845279
vt 0.186399 0.846282
vt 0.457858 0.813161
vt 0.457858 0.804388
vt 0.404883 0.461181
vt 0.196335 0.166145
vt 0.173057 0.166145
vt 0.458228 0.845968
vt 0.457858 0.846497
vt 0.645762 0.679572
vt 0.645762 0.681194
vt 0.266797 0.457776
vt 0.266797 0.460133
vt 0.028445 0.846282
vt 0.022349 0.854857
vt 0.294961 0.552208
vt 0.294899 0.558021
vt 0.064546 0.843557
vt 0.075019 0.843412
vt 0.065029 0.845212
vt 0.066043 0.899405
vt 0.066554 0.852698
vt 0.075252 0.853434
vt 0.075283 0.854799
vt 0.076332 0.899405
vt 0.317917 0.792585
vt 0.316470 0.796239
vt 0.313477 0.834002
vt 0.314824 0.839687
vt 0.328143 0.839687
vt 0.192495 0.854857
vt 0.186261 0.847967
vt 0.436328 0.467468
vt 0.436328 0.465110
vt 0.442480 0.464063
vt 0.442480 0.466420
vt 0.458228 0.803859
vt 0.192698 0.854857
vt 0.193983 0.856161
vt 0.194120 0.854857
vt 0.270701 0.902410
vt 0.028583 0.847967
vt 0.022487 0.856161
vt 0.066559 0.852281
vt 0.181408 0.899405
vt 0.181485 0.895566
vt 0.181693 0.899405
vt 0.192357 0.856161
vt 0.645762 0.320428
vt 0.655717 0.320792
vt 0.655717 0.319171
vt 0.645762 0.318806
vt 0.272266 0.457252
vt 0.276914 0.457252
vt 0.281152 0.405910
vt 0.272266 0.405910
vt 0.173057 0.783363
vt 0.173057 0.819110
vt 0.193960 0.819110
vt 0.194899 0.783363
vt 0.027055 0.899405
vt 0.033151 0.899405
vt 0.032440 0.849425
vt 0.033359 0.895566
vt 0.032675 0.848778
vt 0.136886 0.942867
vt 0.107422 0.942867
vt 0.152432 0.921136
vt 0.166351 0.942867
vt 0.149214 0.916112
vt 0.169678 0.921136
vt 0.169755 0.942867
vt 0.167977 0.921136
vt 0.174403 0.921136
vt 0.173158 0.942867
vt 0.172701 0.921136
vt 0.181376 0.901019
vt 0.187789 0.899405
vt 0.179254 0.942867
vt 0.177426 0.921136
vt 0.384033 0.326540
vt 0.180270 0.843557
vt 0.180897 0.845279
vt 0.192897 0.845279
vt 0.191885 0.854857
vt 0.173057 0.854857
vt 0.189309 0.856161
vt 0.191747 0.856161
vt 0.328695 0.842013
vt 0.329453 0.845212
vt 0.197619 0.415897
vt 0.198252 0.415897
vt 0.198664 0.412206
vt 0.022959 0.854857
vt 0.022146 0.854857
vt 0.022284 0.856161
vt 0.023096 0.856161
vt 0.033436 0.899405
vt 0.033468 0.901019
vt 0.040441 0.921136
vt 0.041685 0.942867
vt 0.037418 0.921136
vt 0.045165 0.921136
vt 0.045089 0.942867
vt 0.042143 0.921136
vt 0.065867 0.915486
vt 0.065630 0.916112
vt 0.048493 0.942867
vt 0.046867 0.921136
vt 0.062412 0.921136
vt 0.077957 0.942867
vt 0.132822 0.980263
vt 0.158223 0.968589
vt 0.437695 0.611902
vt 0.434551 0.598435
vt 0.426758 0.597585
vt 0.442275 0.611538
vt 0.442344 0.595887
vt 0.446855 0.607777
vt 0.449821 0.595887
vt 0.453008 0.595887
vt 0.451652 0.595887
vt 0.455059 0.604865
vt 0.458477 0.593460
vt 0.454145 0.593195
vt 0.457246 0.550752
vt 0.453555 0.552208
vt 0.458066 0.564098
vt 0.455332 0.518478
vt 0.452734 0.550752
vt 0.482800 0.716377
vt 0.486437 0.718633
vt 0.486627 0.716377
vt 0.261465 0.518478
vt 0.264062 0.550752
vt 0.265977 0.518478
vt 0.485953 0.753473
vt 0.486100 0.751969
vt 0.453691 0.560701
vt 0.458203 0.572591
vt 0.258320 0.593460
vt 0.262652 0.593195
vt 0.260423 0.587920
vt 0.263029 0.582226
vt 0.262832 0.581570
vt 0.262219 0.583184
vt 0.265145 0.595887
vt 0.261738 0.604865
vt 0.269941 0.607777
vt 0.266976 0.595887
vt 0.274453 0.595887
vt 0.274521 0.611538
vt 0.279102 0.611902
vt 0.282246 0.598435
vt 0.318750 0.615222
vt 0.290039 0.597585
vt 0.082021 0.980263
vt 0.244922 0.403814
vt 0.246131 0.417714
vt 0.244768 0.417257
vt 0.248048 0.418076
vt 0.256387 0.442809
vt 0.255606 0.440321
vt 0.257777 0.437401
vt 0.259530 0.442482
vt 0.261191 0.442321
vt 0.266660 0.452537
vt 0.261191 0.405910
vt 0.396224 0.403814
vt 0.462739 0.421764
vt 0.465984 0.423795
vt 0.252441 0.402505
vt 0.252441 0.403814
vt 0.245059 0.380239
vt 0.281296 0.402906
vt 0.281152 0.402856
vt 0.280087 0.402505
vt 0.282749 0.403302
vt 0.471738 0.380239
vt 0.471875 0.403814
vt 0.464355 0.403814
vt 0.464355 0.402505
vt 0.436710 0.402505
vt 0.283441 0.324968
vt 0.245879 0.326540
vt 0.422656 0.560701
vt 0.427578 0.560701
vt 0.426621 0.559002
vt 0.426621 0.552208
vt 0.421836 0.552208
vt 0.421898 0.558021
vt 0.294141 0.559366
vt 0.290176 0.552208
vt 0.433356 0.324968
vt 0.442480 0.310375
vt 0.438050 0.295904
vt 0.442480 0.313180
vt 0.543358 0.342535
vt 0.543826 0.337671
vt 0.543446 0.336050
vt 0.532301 0.611853
vt 0.543446 0.663950
vt 0.543826 0.662329
vt 0.543358 0.657465
vt 0.532301 0.388147
vt 0.535889 0.500000
vt 0.055605 0.959382
vt 0.044268 0.959382
vt 0.055605 0.967453
vt 0.263789 0.581327
vt 0.265115 0.581327
vt 0.283098 0.595887
vt 0.290262 0.595887
vt 0.292168 0.581327
vt 0.294141 0.566268
vt 0.291724 0.595887
vt 0.324219 0.599429
vt 0.325991 0.571014
vt 0.316402 0.571014
vt 0.299124 0.588428
vt 0.299473 0.592489
vt 0.296875 0.595887
vt 0.358398 0.600012
vt 0.334967 0.571014
vt 0.367500 0.571014
vt 0.358398 0.571014
vt 0.392578 0.599429
vt 0.390806 0.571014
vt 0.425073 0.595887
vt 0.431554 0.595887
vt 0.418019 0.584381
vt 0.402295 0.571014
vt 0.400395 0.571014
vt 0.417672 0.588428
vt 0.428827 0.581327
vt 0.422656 0.562880
vt 0.421152 0.571014
vt 0.418281 0.581327
vt 0.433698 0.595887
vt 0.440218 0.581327
vt 0.422656 0.561523
vt 0.422656 0.561957
vt 0.433895 0.581327
vt 0.451682 0.581327
vt 0.395877 0.324968
vt 0.179345 0.843557
vt 0.171992 0.843557
vt 0.290176 0.551982
vt 0.295508 0.550752
vt 0.326953 0.550752
vt 0.358398 0.548325
vt 0.390117 0.552208
vt 0.426621 0.551982
vt 0.426621 0.550752
vt 0.290176 0.550752
vt 0.290176 0.544924
vt 0.277523 0.531096
vt 0.327591 0.518478
vt 0.296784 0.518478
vt 0.296275 0.531339
vt 0.327337 0.531339
vt 0.420522 0.531339
vt 0.420013 0.518478
vt 0.165335 0.090153
vt 0.165335 0.069944
vt 0.169907 0.072226
vt 0.169907 0.093196
vt 0.327001 0.548325
vt 0.295645 0.548325
vt 0.295606 0.548257
vt 0.422656 0.545656
vt 0.426621 0.544924
vt 0.426621 0.533765
vt 0.428125 0.531096
vt 0.439274 0.531096
vt 0.450820 0.518478
vt 0.422656 0.534008
vt 0.421152 0.531339
vt 0.968349 0.636997
vt 0.974350 0.591331
vt 0.979150 0.500000
vt 0.977950 0.545666
vt 0.977950 0.454334
vt 0.974350 0.408669
vt 0.968349 0.363003
vt 0.446445 0.516294
vt 0.270352 0.516294
vt 0.267070 0.516294
vt 0.164827 0.056710
vt 0.165290 0.067203
vt 0.182699 0.063227
vt 0.469004 0.290391
vt 0.247793 0.290391
vt 0.243828 0.293796
vt 0.031936 0.059926
vt 0.031612 0.054572
vt 0.033948 0.054098
vt 0.034187 0.056666
vt 0.033557 0.057052
vt 0.032877 0.057614
vt 0.175495 0.103192
vt 0.185366 0.082420
vt 0.188189 0.088491
vt 0.183778 0.095845
vt 0.540903 0.333010
vt 0.225186 0.781797
vt 0.228146 0.781797
vt 0.551996 0.675299
vt 0.032727 0.075811
vt 0.030204 0.082296
vt 0.042146 0.098188
vt 0.165395 0.079543
vt 0.181286 0.121446
vt 0.185587 0.137366
vt 0.540378 0.339495
vt 0.534014 0.500000
vt 0.540378 0.660505
vt 0.571863 0.678068
vt 0.571863 0.671583
vt 0.572377 0.630917
vt 0.572377 0.369083
vt 0.571863 0.328417
vt 0.198088 0.415245
vt 0.197624 0.415245
vt 0.030585 0.116678
vt 0.198796 0.350922
vt 0.199497 0.350922
vt 0.018075 0.155780
vt 0.390141 0.556697
vt 0.281152 0.439439
vt 0.049509 0.049734
vt 0.072877 0.046257
vt 0.072877 0.067336
vt 0.049509 0.069944
vt 0.489765 0.763249
vt 0.016665 0.233142
vt 0.176646 0.300138
vt 0.072877 0.088415
vt 0.141967 0.088415
vt 0.231630 0.895359
vt 0.231650 0.895133
vt 0.230922 0.894242
vt 0.231015 0.889381
vt 0.015146 0.310503
vt 0.015159 0.311807
vt 0.198176 0.300138
vt 0.187179 0.311807
vt 0.187179 0.310503
vt 0.187179 0.300138
vt 0.198318 0.271822
vt 0.187179 0.271822
vt 0.160356 0.399599
vt 0.160255 0.508252
vt 0.182169 0.848778
vt 0.421152 0.545656
vt 0.421152 0.534008
vt 0.195308 0.612560
vt 0.176511 0.657677
vt 0.282939 0.290391
vt 0.433858 0.290391
vt 0.436328 0.292184
vt 0.195273 0.711869
vt 0.450000 0.457776
vt 0.450000 0.460133
vt 0.017951 0.710565
vt 0.017945 0.711869
vt 0.027664 0.678742
vt 0.187179 0.686443
vt 0.693640 0.323485
vt 0.645762 0.325292
vt 0.863227 0.330861
vt 0.863227 0.325997
vt 0.842962 0.326322
vt 0.645051 0.369083
vt 0.576461 0.369083
vt 0.576461 0.630917
vt 0.863938 0.369083
vt 0.645051 0.630917
vt 0.645762 0.674709
vt 0.863227 0.669139
vt 0.930068 0.369083
vt 0.930563 0.336666
vt 0.968603 0.364625
vt 0.963477 0.357937
vt 0.969347 0.369488
vt 0.968603 0.635375
vt 0.969347 0.630512
vt 0.963477 0.642063
vt 0.930563 0.663334
vt 0.930068 0.630917
vt 0.863938 0.630917
vt 0.056722 0.968187
vt 0.056722 0.968221
vt 0.056722 0.968178
vt 0.056722 0.959382
vt 0.056722 0.968229
vt 0.056722 0.968222
vt 0.056722 0.968235
vt 0.303588 0.765254
vt 0.030611 0.704650
vt 0.030996 0.710959
vt 0.192560 0.856161
vt 0.455605 0.442321
vt 0.460938 0.426866
vt 0.464355 0.407744
vt 0.464355 0.405910
vt 0.455605 0.405910
vt 0.016047 0.350922
vt 0.015347 0.350922
vt 0.066578 0.850511
vt 0.148290 0.852698
vt 0.020723 0.854857
vt 0.020861 0.856161
vt 0.027664 0.310503
vt 0.027664 0.311807
vt 0.016667 0.300138
vt 0.016526 0.271822
vt 0.027664 0.271822
vt 0.027664 0.300138
vt 0.453965 0.581570
vt 0.454578 0.583184
vt 0.456745 0.585749
vt 0.456767 0.586990
vt 0.456374 0.587920
vt 0.148801 0.899405
vt 0.063733 0.921136
vt 0.398047 0.615222
vt 0.453768 0.582226
vt 0.259551 0.550752
vt 0.263789 0.595887
vt 0.056621 0.968589
vt 0.249023 0.418214
vt 0.252441 0.412721
vt 0.255859 0.431843
vt 0.254492 0.436882
vt 0.467773 0.417842
vt 0.464355 0.412721
vt 0.472029 0.417257
vt 0.017220 0.415245
vt 0.016756 0.415245
vt 0.532301 0.615515
vt 0.531223 0.618068
vt 0.528264 0.666788
vt 0.532301 0.384485
vt 0.528264 0.333212
vt 0.531223 0.381932
vt 0.294141 0.568345
vt 0.298516 0.581327
vt 0.295645 0.571014
vt 0.419922 0.595887
vt 0.417324 0.592489
vt 0.453008 0.581327
vt 0.295645 0.531339
vt 0.443652 0.531096
vt 0.449727 0.516294
vt 0.197450 0.311807
vt 0.198263 0.311807
vt 0.295645 0.568345
vt 0.974169 0.406980
vt 0.977904 0.546540
vt 0.977904 0.453460
vt 0.175597 0.052618
vt 0.175597 0.052851
vt 0.175495 0.052787
vt 0.175401 0.052751
vt 0.174939 0.052499
vt 0.060232 0.970723
vt 0.059669 0.970324
vt 0.060787 0.970961
vt 0.047319 0.961675
vt 0.044066 0.959382
vt 0.055605 0.967396
vt 0.158121 0.968222
vt 0.158121 0.968229
vt 0.158121 0.959382
vt 0.158121 0.968178
vt 0.158121 0.968221
vt 0.158121 0.968187
vt 0.158121 0.968235
vt 0.159239 0.967441
vt 0.170559 0.959382
vt 0.155175 0.970101
vt 0.260052 0.585749
vt 0.260030 0.586990
vt 0.177730 0.949340
vt 0.156970 0.969151
vt 0.161787 0.965915
vt 0.163381 0.965234
vt 0.169805 0.960681
vt 0.175362 0.953311
vt 0.176723 0.952685
vt 0.177730 0.950502
vt 0.059669 0.970391
vt 0.059669 0.970357
vt 0.059669 0.970325
vt 0.059669 0.970372
vt 0.314060 0.842013
vt 0.312580 0.835767
vt 0.151729 0.970780
vt 0.151471 0.971619
vt 0.151924 0.967212
vt 0.151924 0.970848
vt 0.041549 0.957878
vt 0.038099 0.955161
vt 0.037113 0.954331
vt 0.058203 0.969524
vt 0.055083 0.967500
vt 0.035792 0.921136
vt 0.035589 0.942867
vt 0.033760 0.915703
vt 0.159761 0.967500
vt 0.177730 0.954331
vt 0.176745 0.955161
vt 0.168226 0.961226
vt 0.163527 0.964831
vt 0.231205 0.886189
vt 0.231345 0.876361
vt 0.232424 0.870666
vt 0.050017 0.050767
vt 0.066781 0.048518
vt 0.107422 0.046257
vt 0.148063 0.048518
vt 0.164827 0.050767
vt 0.236533 0.908080
vt 0.230096 0.909184
vt 0.229978 0.891331
vt 0.231663 0.891331
vt 0.234637 0.894536
vt 0.238134 0.895262
vt 0.238216 0.907772
vt 0.273061 0.452181
vt 0.277683 0.458097
vt 0.274371 0.455441
vt 0.274316 0.455396
vt 0.043413 0.051864
vt 0.035183 0.053399
vt 0.028680 0.054742
vt 0.028680 0.063540
vt 0.049225 0.050895
vt 0.131011 0.980799
vt 0.083832 0.980799
vt 0.173057 0.271822
vt 0.197709 0.271822
vt 0.155175 0.970372
vt 0.155175 0.970353
vt 0.155175 0.970333
vt 0.155175 0.970325
vt 0.973875 0.404751
vt 0.969746 0.404751
vt 0.974164 0.406924
vt 0.167202 0.079835
vt 0.169907 0.080289
vt 0.171717 0.080600
vt 0.571863 0.680905
vt 0.025535 0.856161
vt 0.041787 0.854857
vt 0.253659 0.903892
vt 0.248658 0.903284
vt 0.254521 0.903901
vt 0.842962 0.324701
vt 0.863227 0.324376
vt 0.259004 0.443595
vt 0.237907 0.913013
vt 0.266797 0.457629
vt 0.259932 0.443648
vt 0.230216 0.906600
vt 0.230117 0.906621
vt 0.230261 0.903523
vt 0.238345 0.904886
vt 0.238433 0.898920
vt 0.044937 0.093196
vt 0.049509 0.090153
vt 0.039349 0.078745
vt 0.039349 0.054298
vt 0.044937 0.072226
vt 0.274316 0.455418
vt 0.266924 0.457736
vt 0.044937 0.051255
vt 0.044977 0.051598
vt 0.047438 0.051183
vt 0.047598 0.073895
vt 0.141967 0.067336
vt 0.693640 0.321864
vt 0.280469 0.460395
vt 0.141967 0.046257
vt 0.165335 0.049734
vt 0.107422 0.044954
vt 0.016726 0.154476
vt 0.016653 0.155780
vt 0.167406 0.051183
vt 0.169867 0.051598
vt 0.169907 0.051255
vt 0.167246 0.073895
vt 0.436328 0.460395
vt 0.175495 0.078745
vt 0.175495 0.054298
vt 0.449251 0.458259
vt 0.449873 0.457736
vt 0.442480 0.455418
vt 0.447389 0.456957
vt 0.455605 0.447298
vt 0.456865 0.443648
vt 0.450000 0.457629
vt 0.450137 0.457514
vt 0.457793 0.443595
vt 0.254031 0.903871
vt 0.250279 0.902723
vt 0.245082 0.902947
vt 0.033557 0.089936
vt 0.230979 0.911133
vt 0.259851 0.443412
vt 0.238493 0.895701
vt 0.044937 0.051605
vt 0.169907 0.051605
vt 0.444531 0.453289
vt 0.443736 0.452181
vt 0.181286 0.089936
vt 0.456946 0.443412
vt 0.025416 0.063485
vt 0.026140 0.063006
vt 0.026140 0.075811
vt 0.021595 0.075811
vt 0.021994 0.070252
vt 0.022978 0.061637
vt 0.023991 0.063540
vt 0.253650 0.451119
vt 0.253514 0.451146
vt 0.254492 0.438915
vt 0.254492 0.450916
vt 0.024512 0.088794
vt 0.022706 0.088169
vt 0.021934 0.086008
vt 0.026140 0.089397
vt 0.257886 0.449808
vt 0.238949 0.902533
vt 0.242522 0.439700
vt 0.241757 0.436190
vt 0.242778 0.420888
vt 0.242907 0.418359
vt 0.249023 0.419531
vt 0.243363 0.443753
vt 0.458911 0.449808
vt 0.462305 0.438915
vt 0.462305 0.450916
vt 0.474019 0.420888
vt 0.475040 0.436190
vt 0.474275 0.439700
vt 0.473434 0.443753
vt 0.467773 0.419531
vt 0.473890 0.418359
vt 0.191866 0.061637
vt 0.192850 0.070252
vt 0.193249 0.075811
vt 0.188703 0.075811
vt 0.188703 0.059397
vt 0.463283 0.451146
vt 0.463147 0.451119
vt 0.190332 0.088794
vt 0.188703 0.089397
vt 0.192910 0.086008
vt 0.192138 0.088169
vt 0.032814 0.848394
vt 0.041787 0.848394
vt 0.015893 0.343751
vt 0.014922 0.343751
vt 0.015999 0.399599
vt 0.455605 0.402505
vt 0.252441 0.407744
vt 0.255859 0.426866
vt 0.444531 0.457252
vt 0.444531 0.405910
vt 0.450137 0.452537
vt 0.435645 0.405910
vt 0.439883 0.457252
vt 0.413086 0.405910
vt 0.358398 0.405910
vt 0.303711 0.405910
vt 0.252441 0.405910
vt 0.442426 0.455441
vt 0.439114 0.458097
vt 0.444531 0.402505
vt 0.442480 0.455396
vt 0.416992 0.212891
vt 0.456055 0.212891
vt 0.492589 0.142242
vt 0.485347 0.136603
vt 0.482243 0.142587
vt 0.489101 0.148965
vt 0.364415 0.148965
vt 0.371273 0.142587
vt 0.368168 0.136603
vt 0.360927 0.142242
vt 0.371661 0.037126
vt 0.368168 0.043858
vt 0.485347 0.044606
vt 0.481855 0.037126
vn 0.008300 0.983800 0.179200
vn 0.000000 0.974100 0.225900
vn 0.000000 0.979900 0.199400
vn 0.020100 0.990900 0.133400
vn 0.017500 0.978900 0.203400
vn 0.010600 0.983900 0.178200
vn -0.024300 0.956100 0.292100
vn 0.666500 0.661900 0.343200
vn 0.303300 0.754300 0.582200
vn 0.988400 -0.022300 0.150400
vn 0.968600 -0.131000 0.211500
vn 0.973800 -0.041800 0.223700
vn 0.979300 -0.022300 0.201000
vn 0.968300 -0.034800 0.247200
vn 0.986100 -0.009700 0.165600
vn -0.992400 -0.026900 0.119800
vn -0.996200 0.022600 0.084400
vn -0.986100 -0.009700 0.165600
vn -0.921100 -0.347700 0.174900
vn 0.989300 -0.048700 0.137500
vn 0.410100 -0.888300 0.206800
vn 0.853800 -0.428400 0.295900
vn 0.848000 0.000000 -0.530000
vn 0.964400 0.000000 -0.264400
vn 0.950800 0.000000 -0.309900
vn 0.099400 0.993800 0.050200
vn 0.613500 0.726400 0.309800
vn 0.381100 0.904300 0.192500
vn 0.093700 -0.011200 0.995500
vn 0.093800 -0.011600 0.995500
vn 0.095700 -0.015800 0.995300
vn 0.095500 -0.015600 0.995300
vn -0.968300 -0.034800 0.247200
vn -0.968600 -0.131000 0.211500
vn -0.973800 -0.041800 0.223600
vn -0.961700 -0.156100 0.225300
vn 0.096600 0.980600 0.170500
vn -0.686600 0.719600 0.104000
vn -0.200900 0.962500 0.182500
vn -0.022800 0.989200 0.144500
vn -0.020100 0.990900 0.133400
vn -0.017500 0.979000 0.203300
vn -0.027700 0.989100 0.144700
vn -0.008300 0.983800 0.179200
vn -0.010600 0.983900 0.178200
vn 0.013400 0.997400 0.070300
vn 0.000000 0.997100 0.076600
vn -0.297900 0.953600 0.043700
vn -0.280800 0.959100 0.035400
vn -0.126000 0.991000 0.044200
vn -0.130400 0.990300 0.048000
vn 0.096500 0.857300 0.505700
vn -0.061600 0.870100 0.489100
vn 0.198100 0.975500 0.095300
vn 0.200900 0.962500 0.182500
vn -0.096600 0.980600 0.170500
vn -0.121200 0.991800 0.039800
vn 0.293200 0.949700 0.109500
vn 0.104900 0.993300 0.049600
vn 0.379500 0.751900 0.539100
vn 0.356500 0.835300 0.418500
vn 0.631300 0.765500 0.124200
vn 0.662800 0.727600 0.176900
vn 0.872900 0.442700 0.205200
vn 0.865400 0.454800 0.210300
vn -0.963400 0.158000 0.216700
vn -0.959000 0.230400 0.165100
vn -0.986300 -0.013600 0.164400
vn -0.979400 -0.022000 0.200800
vn 0.341600 0.341600 -0.875600
vn -0.341600 0.341600 -0.875600
vn -0.341600 0.875600 -0.341600
vn 0.341600 0.875600 -0.341600
vn 0.372700 -0.925800 0.063100
vn 0.902300 -0.404600 0.148600
vn 0.768000 0.640400 0.000000
vn 0.780400 0.625300 0.000000
vn 0.583200 0.812300 0.000000
vn 0.552300 0.833700 0.000000
vn -0.372700 -0.925800 0.063100
vn -0.292300 -0.954400 0.060900
vn 0.109900 0.989800 -0.090400
vn 0.112500 0.988500 -0.100600
vn 0.112100 0.988600 -0.100500
vn 0.109900 0.989800 -0.090300
vn -0.014400 0.983700 -0.179300
vn 0.032600 0.983400 -0.178600
vn 0.041200 0.972700 -0.228500
vn -0.014400 0.974600 -0.223600
vn -0.865400 0.454800 0.210300
vn -0.631300 0.765500 0.124200
vn -0.293200 0.949700 0.109500
vn -0.104800 0.993300 0.049600
vn -0.662800 0.727600 0.176900
vn -0.356500 0.835300 0.418600
vn 0.100100 0.994500 0.031000
vn 0.061600 0.870000 0.489100
vn -0.198000 0.975500 0.095300
vn -0.159000 0.986000 0.049900
vn -0.147400 0.988400 0.035400
vn 0.280800 0.959100 0.035400
vn 0.126000 0.991000 0.044200
vn 0.257100 0.965600 0.038300
vn 0.257300 0.966000 0.024000
vn -0.171600 -0.439900 -0.881500
vn -0.172000 -0.396200 -0.901900
vn -0.621200 -0.014500 -0.783500
vn -0.325400 -0.016800 -0.945400
vn -0.307400 -0.017300 -0.951400
vn -0.311300 -0.019600 -0.950100
vn -0.315500 -0.011900 -0.948800
vn -0.315600 -0.017700 -0.948700
vn -0.315600 -0.023000 -0.948600
vn -0.231200 0.972300 0.034800
vn -0.082900 0.995700 0.041800
vn -0.257100 0.965600 0.038300
vn 0.104700 0.993300 0.049600
vn 0.166000 0.985400 0.037500
vn 0.148900 0.988100 0.037200
vn 0.147400 0.988500 0.035400
vn -0.105500 0.994300 0.011900
vn -0.161200 0.986800 0.013200
vn -0.082300 0.996500 0.011600
vn 0.000000 -1.000000 0.000000
vn 0.000000 -0.916800 -0.399300
vn 0.476100 -0.796300 -0.373100
vn 0.603400 -0.779200 0.169500
vn -0.003000 -0.081400 -0.996700
vn -0.030600 -0.086400 -0.995800
vn -0.067100 -0.149600 -0.986500
vn -0.012000 -0.139600 -0.990100
vn 0.599100 0.793900 -0.104200
vn 0.532100 0.837500 -0.124600
vn 0.518800 0.819800 -0.242600
vn 0.614300 0.781300 -0.110200
vn 1.000000 0.000000 0.000000
vn 0.827500 0.000000 -0.561500
vn 0.846000 0.000000 -0.533200
vn 0.845600 0.000000 -0.533900
vn 0.732700 0.000000 -0.680600
vn 0.730200 0.000000 -0.683200
vn 0.976100 -0.181400 -0.119700
vn 0.791600 -0.472600 -0.387300
vn 0.836800 -0.503400 -0.215400
vn 0.979400 -0.188000 -0.073200
vn -1.000000 0.000000 0.000000
vn 0.350700 -0.709600 -0.611100
vn 0.000000 -0.769300 -0.638900
vn 0.000000 -0.916300 -0.400500
vn 0.400600 -0.835300 -0.376600
vn -0.681600 -0.646100 0.343600
vn -0.841000 -0.489900 0.229400
vn -0.851900 -0.404700 0.332500
vn -0.475100 -0.445100 0.759000
vn -0.177800 0.983300 0.037400
vn 0.082300 0.996500 0.011600
vn 0.105500 0.994300 0.011900
vn -0.129700 0.991400 0.015700
vn -0.166000 0.985400 0.037500
vn 0.171800 0.985100 0.012500
vn 0.231200 0.972300 0.034800
vn 0.082800 0.995700 0.041800
vn 0.161200 0.986800 0.013200
vn -0.016600 0.998600 0.050300
vn -0.013300 0.997400 0.070300
vn 0.059500 0.997000 0.048700
vn 0.078000 0.995600 0.051400
vn 0.130400 0.990300 0.048000
vn 0.996200 0.022600 0.084400
vn -0.078000 0.995600 0.051500
vn 0.129700 0.991400 0.015700
vn -0.095800 0.995200 0.017700
vn -0.816800 0.575300 -0.043800
vn -0.820400 0.570000 -0.044500
vn -0.822200 0.568600 -0.025600
vn -0.833400 0.552500 -0.014900
vn -0.832800 0.550800 -0.055000
vn -0.964400 0.000000 -0.264400
vn -0.848000 0.000000 -0.530000
vn -0.950800 0.000000 -0.309900
vn 0.112100 0.374500 0.920400
vn 0.138000 0.422700 0.895700
vn 0.071700 0.000000 0.997400
vn 0.044300 0.000000 0.999000
vn 0.044900 0.373000 0.926800
vn 0.082700 0.374700 0.923500
vn 0.993000 -0.018600 0.116200
vn 0.979700 -0.027400 -0.198500
vn 0.998700 -0.037600 0.035400
vn 0.030600 -0.086400 -0.995800
vn 0.067100 -0.149600 -0.986500
vn 0.182400 -0.170100 -0.968400
vn 0.003000 -0.081400 -0.996700
vn 0.029900 0.000000 -0.999600
vn 0.012000 -0.139600 -0.990100
vn -0.029900 0.000000 -0.999600
vn 0.076900 -0.079700 -0.993900
vn 0.212000 -0.212800 -0.953800
vn -0.993000 -0.018600 0.116200
vn -0.979700 -0.027400 -0.198500
vn -0.915400 -0.389900 0.099900
vn -0.453100 -0.885500 -0.102400
vn -0.902000 -0.380700 -0.203800
vn -0.879700 -0.385600 -0.278300
vn -0.417800 -0.897800 -0.139400
vn -0.827500 0.000000 -0.561500
vn -0.730200 0.000000 -0.683200
vn -0.732700 0.000000 -0.680600
vn -0.845600 0.000000 -0.533900
vn -0.846000 0.000000 -0.533200
vn 0.095800 0.995200 0.017700
vn -0.135800 0.990700 0.003300
vn 0.020400 0.994300 0.104600
vn 0.000000 0.992600 0.121800
vn -0.059500 0.997000 0.048700
vn 0.135800 0.990700 0.003300
vn -0.081900 0.996600 0.006400
vn 0.458900 0.846000 -0.271400
vn 0.662000 0.719800 -0.208800
vn 0.694100 0.428600 -0.578400
vn 0.872900 0.281100 -0.398800
vn -0.796100 0.605000 -0.011900
vn -0.807500 0.588900 -0.033000
vn 0.800600 -0.397600 -0.448300
vn 0.980200 -0.168000 -0.105300
vn 0.226700 0.974000 0.000000
vn 0.554700 0.832100 0.000000
vn 0.554700 0.832000 0.000000
vn 0.347800 0.937600 0.000000
vn -0.049200 -0.117500 -0.991900
vn -0.205300 -0.421900 -0.883100
vn 0.000000 -0.483200 -0.875500
vn -0.008500 -0.138600 -0.990300
vn -0.447300 -0.419000 -0.790100
vn -0.631300 -0.596100 -0.496200
vn -0.350800 -0.709600 -0.611100
vn -0.998600 -0.037700 0.035800
vn -0.800600 -0.397600 -0.448300
vn -0.076100 0.996400 0.036100
vn 0.000000 0.999300 0.036400
vn 0.000000 0.998100 -0.061800
vn -0.072700 0.995500 -0.060400
vn 0.695700 -0.658200 -0.287800
vn 0.724800 -0.688800 -0.017900
vn 0.863500 -0.503900 -0.022500
vn 0.081900 0.996600 0.006400
vn -0.149200 0.988600 -0.020600
vn -0.003300 1.000000 -0.000700
vn -0.020400 0.994300 0.104600
vn 0.036700 0.989200 0.142100
vn 0.000000 0.986800 0.161700
vn -0.005000 0.996800 0.079900
vn 0.149200 0.988600 -0.020600
vn 0.917700 -0.395800 -0.034500
vn 0.934600 -0.354200 -0.030800
vn 0.998700 -0.045600 -0.020600
vn 0.997300 -0.056900 -0.045800
vn 0.923900 0.000000 0.382700
vn 0.875600 -0.341600 0.341500
vn 0.922500 -0.386000 0.000000
vn 0.458200 -0.429500 0.778200
vn 0.182000 -0.160300 0.970100
vn 0.209300 -0.209300 0.955200
vn 0.786700 -0.389900 0.478500
vn -0.895900 0.444300 0.000000
vn -0.910200 0.414200 0.000000
vn -0.991500 0.130400 0.000000
vn -0.986100 0.165900 0.000000
vn 0.463900 0.000000 -0.885900
vn 0.533900 0.000000 -0.845500
vn 0.641600 0.000000 -0.767100
vn 0.875600 -0.341600 -0.341600
vn 0.912600 -0.408900 0.000000
vn 0.707100 -0.707100 0.000000
vn 0.342900 -0.939400 0.000000
vn 0.341600 -0.875600 -0.341600
vn -0.875600 -0.341600 -0.341600
vn -0.875600 0.341600 -0.341600
vn -0.341600 -0.341600 -0.875600
vn -0.983600 -0.178800 0.024600
vn -0.980200 -0.197500 0.012900
vn -0.972800 0.229800 -0.029900
vn -0.566200 0.821200 -0.071000
vn -0.579000 0.815000 -0.024300
vn -0.973100 0.230000 -0.014900
vn -0.370700 0.000000 -0.928800
vn -0.514500 0.000000 -0.857500
vn 0.000000 0.000000 -1.000000
vn -0.998100 -0.014900 0.059600
vn -0.988300 -0.149200 -0.031500
vn -0.980200 -0.168000 -0.105300
vn 0.341600 -0.341600 0.875600
vn -0.341600 -0.341600 0.875600
vn -0.341600 -0.875600 0.341600
vn 0.341600 -0.875600 0.341600
vn 0.003300 1.000000 -0.000700
vn -0.170900 0.984000 -0.049800
vn 0.005000 0.996800 0.079900
vn -0.036700 0.989200 0.142100
vn 0.053400 0.967000 0.249100
vn 0.000000 0.965600 0.260000
vn 0.102500 0.978400 0.179300
vn 0.172900 0.983200 0.057800
vn 0.168300 0.984700 -0.045700
vn 0.170900 0.984000 -0.049800
vn 0.570000 0.821000 -0.031700
vn 0.078300 0.001100 -0.996900
vn 0.078300 0.001200 -0.996900
vn 0.078700 0.001500 -0.996900
vn 0.999000 -0.022700 0.039200
vn 0.984100 -0.175800 0.023400
vn 0.998700 -0.045000 0.023900
vn 0.670600 -0.635700 0.382300
vn 0.828300 -0.482200 0.285200
vn 0.341600 -0.341600 -0.875600
vn -0.341600 -0.875600 -0.341600
vn 0.159100 -0.082500 -0.983800
vn 0.160000 0.015000 -0.987000
vn 0.175000 0.006500 -0.984600
vn 0.158600 -0.008400 -0.987300
vn 0.157700 0.087300 -0.983600
vn 0.000000 -0.310500 0.950600
vn 0.000000 -0.103100 0.994700
vn 0.000000 -0.092600 0.995700
vn 0.999100 0.000000 0.042600
vn 0.927300 0.000000 -0.374400
vn 0.952600 0.000000 -0.304300
vn 0.936400 0.000000 0.351000
vn 0.958400 0.000000 0.285500
vn -0.588800 0.808200 0.012800
vn -0.973400 0.229000 0.002300
vn 0.999400 -0.014300 -0.030500
vn 0.999500 -0.014900 -0.026600
vn 0.971500 0.232400 -0.046000
vn 0.971400 0.233200 -0.043900
vn 0.875600 0.341600 -0.341600
vn -0.999000 -0.022700 0.039200
vn -0.984100 -0.175800 0.023400
vn 0.972400 0.231700 0.027000
vn 0.973400 0.229000 0.012200
vn 0.475100 -0.445100 0.759000
vn 0.207700 -0.178400 0.961800
vn 0.228500 -0.228500 0.946300
vn 0.851900 -0.404700 0.332500
vn -0.168300 0.984700 -0.045700
vn -0.172900 0.983200 0.057800
vn -0.102500 0.978400 0.179300
vn -0.053400 0.967000 0.249100
vn 0.000000 0.946200 0.323600
vn -0.060000 0.946000 0.318500
vn 0.258100 0.933100 0.250600
vn 0.060000 0.946000 0.318500
vn 0.440100 0.891000 0.111500
vn 0.293500 0.955900 -0.012300
vn 0.275400 -0.961300 0.000000
vn -0.275400 -0.961300 0.000000
vn -0.998700 -0.045000 0.023900
vn -0.973300 0.229000 0.012200
vn -0.973200 0.229700 -0.009700
vn -0.999700 -0.025400 0.001400
vn 0.999700 -0.025400 0.001500
vn 0.440500 -0.897700 0.010500
vn 0.390300 -0.781400 0.486900
vn 0.724900 -0.688600 0.015500
vn 0.049200 -0.117500 -0.991900
vn 0.008500 -0.138600 -0.990300
vn 0.205300 -0.421900 -0.883100
vn -0.341600 0.875600 -0.341500
vn -0.875600 0.341600 -0.341500
vn -0.912700 0.408500 0.000000
vn -0.706900 0.707300 0.000000
vn -0.341900 0.939700 0.000000
vn -0.680000 0.658600 0.322300
vn -0.666400 0.661900 0.343300
vn -0.303300 0.754400 0.582200
vn -0.466700 0.168800 0.868200
vn -0.616700 0.670400 0.412600
vn -0.518800 0.819800 -0.242600
vn -0.532300 0.837400 -0.124600
vn -0.599100 0.793900 -0.104200
vn -0.614300 0.781300 -0.110200
vn -0.239500 0.232700 0.942600
vn -0.116500 0.609800 0.784000
vn -0.092900 0.888800 0.448700
vn -0.290100 0.862500 0.414600
vn -0.444000 -0.895900 -0.012300
vn -0.397200 -0.791900 0.463800
vn 0.000000 -0.866000 0.500000
vn -0.986000 -0.151200 0.069600
vn -0.892700 -0.050000 -0.447900
vn -0.888600 -0.020700 -0.458200
vn -0.661200 -0.211400 -0.719800
vn 0.000000 -0.500000 0.866000
vn 0.007500 -0.137600 0.990500
vn 0.047500 -0.115100 0.992200
vn 0.211000 -0.434800 0.875400
vn -0.173000 0.983200 0.057800
vn -0.293500 0.955900 -0.012300
vn -0.440100 0.891000 0.111500
vn -0.258100 0.933100 0.250600
vn -0.012200 0.994200 -0.106900
vn -0.032500 0.983400 -0.178600
vn -0.007000 0.982200 -0.187500
vn -0.101700 0.992400 -0.068900
vn 0.000000 0.951700 0.306900
vn -0.064600 0.951000 0.302500
vn 0.321700 0.917500 0.233900
vn 0.064600 0.951000 0.302500
vn 0.258100 0.933100 0.250500
vn 0.552100 0.829300 0.086900
vn 0.321800 0.917500 0.233900
vn 0.355600 0.934400 -0.020400
vn 0.422300 -0.906400 -0.010900
vn 0.422000 -0.906600 -0.000500
vn 0.925100 -0.379700 0.005400
vn 0.945900 -0.324300 -0.007500
vn 0.946700 -0.321800 -0.012000
vn 0.945200 -0.326200 -0.011100
vn -0.047500 -0.115100 0.992200
vn -0.182000 -0.160300 0.970200
vn -0.045300 -0.030800 0.998500
vn -0.010900 -0.030800 0.999500
vn -0.973700 0.227700 0.004100
vn -0.551000 0.834400 -0.011800
vn -0.555700 0.831400 -0.001500
vn -0.978100 0.207900 0.011400
vn -0.863000 -0.504900 0.019500
vn -0.835200 -0.487200 -0.255300
vn -0.999800 -0.015300 -0.014000
vn -0.975000 -0.166500 0.147400
vn -0.440400 -0.897700 0.010500
vn -0.390200 -0.781500 0.486900
vn 0.000000 1.000000 0.000000
vn -0.355600 0.934400 -0.020400
vn -0.552000 0.829300 0.086900
vn -0.321700 0.917500 0.233900
vn 0.334700 0.913800 0.230100
vn 0.066000 0.952700 0.296600
vn 0.583600 0.808800 0.071700
vn 0.334800 0.913800 0.230100
vn 0.376800 0.925800 -0.028900
vn 0.972800 0.230200 -0.023900
vn 0.881600 0.468900 -0.054100
vn 0.882400 0.469400 -0.031100
vn -0.211000 -0.434800 0.875400
vn -0.007500 -0.137600 0.990500
vn 0.998400 -0.037800 0.041100
vn 0.974900 -0.166200 0.147900
vn -0.382700 0.000000 0.923900
vn 0.382700 0.000000 0.923900
vn 0.633900 0.771600 0.052100
vn 0.875600 -0.341600 0.341600
vn 0.804300 0.000000 0.594200
vn 0.707100 0.000000 0.707100
vn 0.240000 0.000000 0.970800
vn 0.099500 0.993800 0.050200
vn -0.037700 -0.380500 0.924000
vn -0.038400 -0.380000 0.924200
vn 0.000000 -0.380800 0.924700
vn 0.888600 -0.020700 -0.458200
vn 0.824800 0.187900 -0.533300
vn 0.908500 0.206700 -0.363200
vn 0.954600 -0.030600 -0.296400
vn 0.892700 -0.050000 -0.447900
vn -0.037600 0.613500 0.788800
vn 0.000000 0.613900 0.789400
vn 0.000000 0.893200 0.449700
vn -0.024400 0.891700 0.451900
vn -0.786700 -0.389900 0.478500
vn -0.998400 -0.037900 0.041300
vn -0.958400 -0.026800 0.284300
vn -0.999400 -0.014400 -0.030400
vn -0.999400 -0.017200 -0.031400
vn -0.999600 -0.019100 -0.018800
vn -0.458200 -0.429500 0.778200
vn -0.209300 -0.209300 0.955200
vn -0.182000 -0.160300 0.970100
vn -0.148800 -0.296000 0.943500
vn -0.075200 -0.297400 0.951800
vn -0.069000 0.415200 0.907100
vn -0.135600 0.375700 0.916800
vn -0.552100 0.829300 0.086900
vn -0.376800 0.925800 -0.028900
vn -0.321800 0.917500 0.233900
vn -0.583600 0.808800 0.071700
vn -0.334700 0.913800 0.230100
vn 0.100400 0.955200 0.278400
vn 0.067100 0.952900 0.295700
vn 0.599600 0.798300 0.056700
vn 0.573200 0.807000 0.142200
vn 0.625900 0.779400 -0.026600
vn 0.000000 -0.346800 0.937900
vn 0.172500 -0.390800 -0.904200
vn 0.172100 -0.434200 -0.884200
vn 0.958400 -0.026800 0.284300
vn 0.999600 -0.019000 -0.018800
vn 0.267600 -0.033300 0.963000
vn 0.170800 0.432200 -0.885500
vn 0.449000 0.893500 0.000000
vn -0.912600 -0.408900 0.001800
vn -0.913300 0.407200 0.000000
vn 0.027800 0.000000 0.999600
vn 0.006500 -0.023600 0.999700
vn 0.959000 0.230200 0.165200
vn 0.968500 0.231200 0.092100
vn 0.972800 0.229800 -0.029900
vn 0.973100 0.229900 -0.014900
vn 0.579000 0.815000 -0.024300
vn 0.566200 0.821200 -0.071000
vn -0.027800 0.000000 0.999600
vn -0.006500 -0.023600 0.999700
vn 0.464600 -0.435300 -0.771100
vn -0.267600 -0.033300 0.963000
vn -0.997500 -0.066300 -0.022800
vn 0.961000 0.000000 0.276500
vn 0.938900 0.000000 0.344200
vn 0.431100 0.000000 0.902300
vn 0.474100 0.000000 0.880500
vn 0.777900 0.000000 0.628300
vn -0.625900 0.779400 -0.026600
vn -0.334800 0.913800 0.230100
vn -0.599600 0.798300 0.056700
vn -0.066000 0.952700 0.296600
vn -0.100400 0.955200 0.278400
vn 0.971300 0.232700 0.049200
vn 0.998100 -0.014900 0.059600
vn 0.988300 -0.149200 -0.031500
vn 0.103800 0.961100 0.255800
vn 0.069200 0.962500 0.262400
vn 0.640100 0.767900 0.022700
vn 0.633500 0.769400 0.082000
vn 0.651500 0.757000 -0.050400
vn -0.882700 0.469500 -0.018800
vn -0.882400 0.469400 -0.031100
vn -0.972800 0.230300 -0.023900
vn 0.997500 -0.066300 -0.022800
vn 0.999300 -0.017100 -0.031800
vn 0.916200 -0.400100 -0.021700
vn 0.996500 -0.069400 -0.046000
vn 0.444100 -0.895900 -0.012300
vn 0.397300 -0.791900 0.463800
vn 0.681600 -0.646100 0.343600
vn -0.464600 -0.435300 -0.771100
vn -0.677100 -0.641700 -0.360300
vn -0.392300 -0.787800 -0.474900
vn -0.212800 -0.438300 -0.873300
vn -0.916200 -0.400100 -0.021700
vn -0.996500 -0.069400 -0.046000
vn -0.917700 -0.395800 -0.034500
vn -0.695700 -0.658200 -0.287800
vn -0.724800 -0.688800 -0.017900
vn -0.444100 -0.895900 -0.012300
vn -0.400600 -0.835300 -0.376600
vn -0.863500 -0.503900 -0.022500
vn -0.983500 -0.179100 -0.025200
vn -0.397300 -0.791900 0.463800
vn -0.651500 0.757000 -0.050400
vn -0.573200 0.807000 0.142200
vn -0.640100 0.767900 0.022700
vn -0.067100 0.952900 0.295800
vn -0.103800 0.961100 0.255800
vn 0.000000 0.963900 0.266400
vn -0.069200 0.962500 0.262400
vn 0.757500 0.652800 0.007900
vn 0.749300 0.657700 0.076900
vn 0.417900 -0.897700 -0.139400
vn 0.399900 -0.894500 -0.199800
vn 0.835500 -0.369100 -0.407200
vn 0.879700 -0.385600 -0.278300
vn 0.998700 -0.030800 -0.041500
vn 0.998900 -0.020500 -0.041400
vn 0.995800 -0.064000 -0.064700
vn 0.212800 -0.438300 -0.873300
vn 0.341600 -0.875600 0.341500
vn 0.374500 -0.927200 0.000000
vn -0.587000 0.530200 0.611800
vn -0.879000 0.475100 0.040600
vn -0.866600 0.497300 0.042400
vn -0.798200 0.461600 0.387100
vn -0.971400 0.232300 0.049300
vn -0.972400 0.231700 0.027000
vn -0.997300 -0.056900 -0.045800
vn -0.995800 -0.064000 -0.064700
vn -0.996400 -0.072200 -0.043600
vn -0.999100 -0.005200 -0.041300
vn -0.998900 -0.020500 -0.041500
vn -0.999500 -0.014900 -0.026600
vn -0.999600 -0.005500 -0.028600
vn -0.999100 -0.005100 -0.041200
vn 0.999100 -0.005000 -0.041200
vn 0.999600 -0.005500 -0.028600
vn 0.999100 -0.005100 -0.041200
vn 0.935900 0.352100 0.000000
vn 0.108800 0.990400 -0.085300
vn 0.109500 0.992100 -0.061600
vn 0.109500 0.992100 -0.060900
vn -0.774200 0.632100 -0.034300
vn -0.633500 0.769400 0.082000
vn -0.757500 0.652800 0.007900
vn -0.458600 0.886000 0.068600
vn -0.159100 0.986000 0.049900
vn -0.198100 0.975500 0.095300
vn -0.686500 0.719600 0.104000
vn -0.680000 0.658600 0.322200
vn -0.616700 0.670500 0.412500
vn 0.000000 0.995900 0.090200
vn -0.075100 0.993400 0.087100
vn 0.075100 0.993400 0.087100
vn 0.112800 0.992900 0.036700
vn 0.076100 0.996400 0.036100
vn 0.768100 0.640200 0.010300
vn 0.796100 0.605000 -0.012000
vn 0.788100 0.615200 0.020800
vn -0.811800 0.484700 0.325600
vn -0.857800 0.512100 0.043700
vn -0.666400 0.661900 0.343200
vn -0.065100 -0.571900 0.817800
vn -0.032400 -0.573100 0.818800
vn -0.037900 -0.298100 0.953800
vn 0.997200 -0.072200 -0.016600
vn 0.996400 -0.072200 -0.043600
vn 0.998700 -0.048300 -0.016000
vn 0.999300 -0.032500 -0.016400
vn -0.998700 -0.045700 -0.020600
vn -0.934700 -0.354200 -0.029600
vn -0.570100 0.821000 -0.031700
vn 0.211200 -0.434800 0.875400
vn -0.945200 -0.326200 -0.011100
vn -0.998700 -0.048300 -0.016000
vn -0.069000 0.971000 0.228700
vn -0.107000 0.968300 0.225600
vn 0.998600 -0.051400 -0.014700
vn 0.983500 -0.179100 -0.025200
vn 0.996300 -0.083400 -0.020900
vn -0.634700 0.772700 0.008200
vn -0.768100 0.640200 0.010300
vn -0.112800 0.992900 0.036700
vn -0.109800 0.990700 0.080300
vn 0.995100 -0.013900 0.097800
vn 0.072700 0.995500 -0.060400
vn 0.807500 0.588900 -0.033000
vn -0.135900 0.990700 0.003300
vn -0.633900 0.771600 0.052100
vn 0.902400 -0.404500 0.148600
vn 0.986300 -0.015000 0.164100
vn -0.122300 -0.103100 0.987100
vn -0.086700 -0.000300 0.996200
vn -0.088700 -0.000700 0.996100
vn -0.091500 0.000000 0.995800
vn -0.082200 -0.000400 0.996600
vn -0.111500 -0.042200 0.992900
vn -0.123900 -0.102500 0.987000
vn -0.999800 -0.015900 -0.010800
vn -0.999800 -0.016400 -0.010700
vn -0.998500 -0.052600 -0.012100
vn -0.998500 -0.053900 -0.012300
vn -0.999200 -0.040800 -0.001800
vn -0.999300 -0.037700 -0.005600
vn 0.986000 -0.151400 0.069600
vn 0.999800 -0.015500 -0.014000
vn 0.973300 0.229500 -0.009700
vn -0.922500 -0.386000 0.000000
vn -0.875600 -0.341600 0.341600
vn -0.923900 0.000000 0.382700
vn -0.946700 -0.321800 -0.012000
vn -0.986300 -0.015000 0.164100
vn -0.902400 -0.404500 0.148600
vn -0.108100 0.992500 -0.057600
vn -0.071600 0.991700 -0.106700
vn -0.108100 0.988300 -0.107300
vn -0.812200 0.580600 -0.056700
vn -0.112500 0.988500 -0.100600
vn -0.112100 0.988600 -0.100500
vn -0.114500 0.990500 -0.076600
vn 0.071600 0.991700 -0.106700
vn 0.000000 0.994400 -0.105700
vn -0.945900 -0.324300 -0.007500
vn -0.318700 0.947800 0.000000
vn 0.318700 0.947800 0.000000
vn -0.011900 0.992300 -0.123500
vn 0.012200 0.994200 -0.106900
vn 0.998500 -0.052600 -0.012200
vn 0.998500 -0.053900 -0.012300
vn 0.999800 -0.017200 -0.011200
vn 0.999800 -0.016400 -0.010700
vn 0.986100 0.165900 0.000000
vn 0.994600 0.104000 0.000000
vn 0.946100 0.324000 0.000000
vn 0.899600 0.436700 0.000000
vn 0.895900 0.444300 0.000000
vn 0.822200 -0.365700 -0.436200
vn 0.447300 -0.419000 -0.790100
vn 0.631300 -0.596100 -0.496200
vn -0.972200 0.231200 -0.036000
vn -0.971500 0.232400 -0.046000
vn -0.880100 0.470500 -0.064100
vn -0.879500 0.472900 -0.054100
vn -0.880200 0.470900 -0.059300
vn 0.820300 0.570100 -0.044300
vn 0.816800 0.575300 -0.043600
vn 0.832900 0.550600 -0.055000
vn 0.833400 0.552500 -0.014900
vn 0.822200 0.568600 -0.025600
vn 0.114500 0.990500 -0.076600
vn -0.999800 -0.017200 -0.011200
vn 0.069600 0.946500 -0.315000
vn 0.000000 0.930400 -0.366600
vn 0.000000 0.950800 -0.309800
vn 0.128100 0.935800 -0.328500
vn 0.097800 0.923200 -0.371700
vn 0.799800 0.599400 -0.030500
vn 0.814400 0.580300 -0.006800
vn 0.809100 0.587200 -0.024200
vn 0.141000 0.989600 -0.029300
vn -0.958400 0.000000 0.285500
vn -0.936400 0.000000 0.351000
vn -0.952600 0.000000 -0.304300
vn -0.927300 0.000000 -0.374400
vn -0.999100 0.000000 0.042600
vn 0.069000 0.415200 0.907100
vn 0.075000 -0.297800 0.951700
vn 0.148900 -0.296000 0.943500
vn 0.135600 0.375700 0.916800
vn 0.998700 -0.050200 0.006400
vn 0.999300 -0.037700 -0.005600
vn 0.841000 -0.489900 0.229400
vn 0.125900 0.001100 -0.992000
vn 0.000000 0.001000 -1.000000
vn 0.000000 0.001100 -1.000000
vn 0.129500 0.001000 -0.991600
vn -0.998700 -0.050200 0.006400
vn 0.999900 -0.017200 -0.000200
vn 0.973400 0.229000 0.002300
vn 0.972200 0.231300 -0.036000
vn 0.999800 -0.015900 -0.010800
vn -0.218100 -0.445000 0.868600
vn -0.207700 -0.178400 0.961800
vn -0.048900 -0.119500 0.991600
vn -0.141000 0.989600 -0.029300
vn -0.809100 0.587200 -0.024200
vn -0.822900 0.568100 0.002500
vn -0.799800 0.599400 -0.030500
vn -0.128100 0.935800 -0.328500
vn -0.097400 0.923200 -0.371800
vn -0.164900 0.903900 -0.394600
vn -0.069600 0.946500 -0.315000
vn 0.000000 0.907700 -0.419700
vn 0.164900 0.903900 -0.394600
vn 0.116000 0.902000 -0.415900
vn 0.735300 0.667900 -0.114900
vn 0.822900 0.568100 0.002500
vn 0.748100 0.660300 -0.065600
vn -0.157400 0.987500 0.004600
vn 0.913300 0.407200 0.000000
vn 0.875600 0.341600 -0.341500
vn 0.341600 -0.875600 -0.341500
vn 0.343600 -0.939100 0.000000
vn -0.347100 -0.937800 0.000000
vn -0.341600 -0.875600 -0.341500
vn 0.999200 -0.040700 -0.001800
vn 0.997600 -0.067700 0.016600
vn 0.999700 -0.022500 0.002400
vn -0.997600 -0.067700 0.016600
vn -0.791600 -0.472600 -0.387300
vn -0.836800 -0.503400 -0.215400
vn -0.197600 -0.169400 -0.965500
vn -0.049200 -0.117500 -0.991800
vn -0.748100 0.660300 -0.065600
vn -0.788700 0.614800 0.007300
vn -0.735300 0.667900 -0.114900
vn -0.116600 0.901900 -0.415900
vn -0.182900 0.895300 -0.406200
vn 0.115500 0.903700 -0.412400
vn 0.085000 0.958000 -0.274000
vn 0.000000 0.957100 -0.289800
vn 0.116100 0.903600 -0.412400
vn -0.109500 0.992100 -0.061600
vn -0.108800 0.990400 -0.085300
vn -0.109900 0.989800 -0.090400
vn -0.109500 0.992100 -0.060900
vn 0.174100 0.905400 -0.387200
vn 0.577800 0.792200 -0.196200
vn 0.711000 0.702900 -0.020600
vn -0.216200 -0.216200 -0.952100
vn -0.822200 -0.365700 -0.436200
vn 0.997600 -0.067500 0.012400
vn 0.999800 -0.020300 0.007900
vn 0.916600 -0.399500 0.013100
vn -0.170700 0.432100 -0.885500
vn -0.157700 0.087300 -0.983600
vn -0.916600 -0.399500 0.013100
vn -0.925100 -0.379700 0.005800
vn -0.999700 -0.022400 0.002400
vn -0.997600 -0.067500 0.012400
vn 0.588800 0.808200 0.012800
vn 0.592400 0.805400 0.020900
vn 0.186200 0.982200 0.023100
vn 0.157400 0.987500 0.004600
vn -0.711000 0.702900 -0.020600
vn -0.577800 0.792200 -0.196200
vn -0.174100 0.905400 -0.387200
vn 0.170300 0.904900 -0.390100
vn 0.676400 0.736400 0.016800
vn 0.195300 0.980400 0.025400
vn 0.973200 0.229800 0.012900
vn 0.973700 0.227700 0.004100
vn 0.551000 0.834400 -0.011800
vn 0.595400 0.803100 0.021800
vn 0.592500 0.805300 0.020900
vn 0.686500 0.719600 0.104000
vn 0.680000 0.658600 0.322300
vn 0.666400 0.661900 0.343200
vn 0.857800 0.512100 0.043700
vn 0.868700 0.493600 0.042100
vn 0.798200 0.461600 0.387100
vn 0.811800 0.484700 0.325600
vn 0.976500 -0.026800 -0.214000
vn 0.998800 -0.042500 -0.025300
vn 0.291700 -0.041700 -0.955600
vn 0.197600 -0.169400 -0.965500
vn 0.216200 -0.216200 -0.952100
vn 0.000000 0.000200 -1.000000
vn -0.137200 -0.001500 -0.990500
vn -0.131600 0.000000 -0.991300
vn 0.007500 -0.026500 -0.999600
vn 0.031800 0.000000 -0.999500
vn -0.007500 -0.026500 -0.999600
vn -0.031800 0.000000 -0.999500
vn -0.291700 -0.041700 -0.955600
vn -0.051100 -0.034600 -0.998100
vn -0.999800 -0.020200 0.008000
vn -0.976500 -0.026800 -0.214000
vn -0.592400 0.805400 0.020900
vn -0.195400 0.980400 0.025400
vn -0.595400 0.803100 0.021800
vn -0.676400 0.736400 0.016800
vn 0.996700 -0.013200 0.079700
vn 0.997700 0.047600 0.047500
vn 0.961500 0.169000 0.216500
vn 0.950900 -0.048200 0.305600
vn -0.116200 0.903600 -0.412400
vn -0.170300 0.904900 -0.390100
vn 0.170400 0.901700 -0.397500
vn 0.132400 0.949200 -0.285400
vn 0.395600 0.878700 -0.267300
vn 0.643100 0.765800 -0.003900
vn -0.996300 -0.083400 -0.020900
vn -0.924700 0.374200 -0.070700
vn -0.951600 0.274300 -0.138900
vn -0.996100 -0.079000 -0.040000
vn 0.970000 -0.198400 -0.140500
vn -0.350700 -0.709600 -0.611100
vn -0.852900 -0.522000 0.000000
vn -0.875600 -0.341600 0.341500
vn -0.804300 0.000000 0.594300
vn 0.902000 -0.380600 -0.203800
vn 0.951000 -0.073100 -0.300500
vn 0.975800 -0.065800 -0.208800
vn -0.998800 -0.042500 -0.025200
vn -0.999900 -0.017300 -0.000200
vn -0.999800 -0.017500 0.005000
vn -0.969900 -0.198600 -0.140700
vn 0.863000 -0.504900 0.019500
vn -0.999700 0.000000 0.023400
vn -0.961000 0.000000 0.276500
vn -0.938900 0.000000 0.344200
vn -0.194100 0.980700 0.022600
vn -0.180900 0.983400 0.016600
vn -0.643100 0.765800 -0.003900
vn -0.115500 0.903700 -0.412300
vn -0.170400 0.901600 -0.397500
vn -0.043100 -0.002600 0.999100
vn -0.043700 0.412200 0.910000
vn -0.027100 0.430200 0.902300
vn 0.000000 0.430800 0.902500
vn 0.000000 0.000000 1.000000
vn -0.044200 0.000300 0.999000
vn -0.044800 0.373100 0.926700
vn -0.040500 0.371800 0.927400
vn -0.044500 0.001100 0.999000
vn 0.395500 0.878700 -0.267300
vn 0.250700 0.953400 -0.167900
vn -0.023000 0.983100 -0.181900
vn 0.998600 -0.050100 -0.014400
vn 0.999800 -0.017500 0.005000
vn 0.469300 0.657300 -0.589600
vn 0.545800 0.714600 -0.437600
vn 0.000000 0.959300 -0.282300
vn -0.458900 0.846000 -0.271400
vn -0.491100 0.843000 0.219600
vn 0.000000 0.970800 0.240100
vn 0.000000 -0.707100 0.707100
vn 0.000000 -0.546400 0.837500
vn 0.049200 -0.117500 -0.991800
vn 0.491100 0.843000 0.219600
vn -0.976100 -0.181400 -0.119700
vn 0.069000 0.971000 0.228700
vn 0.000000 0.972900 0.231300
vn -0.444100 0.893200 -0.070300
vn 0.444000 0.893300 -0.070200
vn -0.084800 0.958000 -0.274000
vn -0.132400 0.949200 -0.285400
vn 0.042000 0.989600 -0.137900
vn 0.000000 0.986000 -0.166500
vn -0.015700 0.998100 -0.059200
vn 0.217900 0.975600 -0.025500
vn 0.100000 0.994400 -0.034700
vn 0.180900 0.983400 0.016600
vn 0.978100 0.207900 0.011400
vn 0.388500 -0.920300 0.046300
vn 0.915400 -0.389900 0.099900
vn -0.988600 0.150400 0.000000
vn 0.616700 0.670400 0.412600
vn 0.466700 0.168800 0.868200
vn -0.411700 -0.911200 -0.013000
vn -0.934700 -0.354300 -0.029600
vn -0.422200 -0.906400 -0.010900
vn 0.037600 0.613500 0.788800
vn 0.024400 0.891700 0.451900
vn -0.159100 -0.082500 -0.983800
vn -0.925100 -0.379800 0.005400
vn -0.916600 -0.399600 0.013100
vn -0.411700 -0.911300 0.003900
vn -0.422000 -0.906600 -0.000500
vn 0.350800 -0.709600 -0.611100
vn -0.374400 -0.927200 0.000000
vn -0.341600 -0.875600 0.341500
vn 0.086400 -0.089700 0.992200
vn 0.038700 0.372800 0.927100
vn 0.027100 0.430200 0.902300
vn 0.019400 0.417700 0.908400
vn 0.026500 0.001500 0.999600
vn 0.045300 -0.008700 0.998900
vn 0.593200 -0.805100 0.000000
vn 0.350000 -0.936700 0.000000
vn 0.262300 -0.965000 0.000000
vn -0.998600 -0.051400 -0.014700
vn -0.998600 -0.050100 -0.014400
vn -0.217900 0.975600 -0.025500
vn -0.250700 0.953400 -0.167900
vn 0.015700 0.998100 -0.059200
vn -0.042000 0.989600 -0.137900
vn 0.026200 0.985100 -0.169800
vn 0.000000 0.982100 -0.188300
vn 0.101700 0.992400 -0.068900
vn 0.555700 0.831400 -0.001500
vn 0.924600 0.374200 -0.070700
vn 0.309500 0.940500 -0.140500
vn -0.039900 0.000300 0.999200
vn 0.000100 0.000100 1.000000
vn 0.000000 0.426100 0.904700
vn -0.040000 0.000300 0.999200
vn 0.051000 -0.034600 -0.998100
vn 0.012300 -0.034700 -0.999300
vn -0.881600 0.468900 -0.054100
vn -0.971400 0.233200 -0.043900
vn -0.401800 0.915700 0.000100
vn -0.583100 0.812400 0.000000
vn -0.552300 0.833700 0.000000
vn -0.402000 0.915600 0.000000
vn -0.724900 -0.688600 0.015500
vn -0.828300 -0.482200 0.285200
vn -0.670600 -0.635700 0.382300
vn 0.992800 0.118800 0.013000
vn 0.927000 0.373500 0.034700
vn -0.051000 -0.034600 -0.998100
vn -0.012300 -0.034700 -0.999300
vn -0.309500 0.940500 -0.140500
vn -0.100000 0.994400 -0.034700
vn -0.101800 0.992400 -0.068900
vn 0.835500 -0.369000 -0.407200
vn 0.890700 -0.104000 -0.442500
vn 0.011900 0.992300 -0.123500
vn -0.026000 0.985100 -0.170100
vn 0.193800 0.001000 -0.981000
vn 0.128600 0.000800 -0.991700
vn 0.124400 0.002700 -0.992200
vn 0.243300 0.008200 -0.969900
vn 0.276100 -0.002600 -0.961100
vn -0.018900 0.979300 -0.201500
vn 0.014200 0.974600 -0.223500
vn 0.014400 0.983700 -0.179300
vn 0.007000 0.982200 -0.187500
vn 0.390200 0.891700 -0.229300
vn 0.799900 -0.600100 0.000000
vn 0.800100 -0.599900 0.000000
vn 0.329500 -0.944200 0.000000
vn 0.526000 -0.850500 0.000000
vn 0.800000 -0.600100 0.000000
vn -0.707100 -0.707100 0.000000
vn -0.936000 -0.352100 0.000000
vn -0.449100 -0.893500 0.000000
vn 0.048200 0.971500 -0.231900
vn 0.000000 -0.500000 -0.866000
vn -0.350000 -0.936700 0.000000
vn -0.262300 -0.965000 0.000000
vn 0.329400 -0.944200 0.000000
vn 0.932200 0.210600 0.294500
vn 0.910900 -0.014800 0.412500
vn -0.390200 0.891700 -0.229300
vn 0.000000 0.977300 -0.211700
vn 0.015600 0.970700 -0.239900
vn 0.000000 0.969600 -0.244900
vn 0.018900 0.979300 -0.201600
vn -0.040900 0.972600 -0.228700
vn 0.218100 -0.445000 0.868600
vn 0.048800 -0.119600 0.991600
vn 0.951600 0.274300 -0.138900
vn 0.477200 0.815800 -0.326600
vn 0.996100 -0.079000 -0.040000
vn 0.952200 0.213600 -0.218200
vn 0.983600 -0.178800 0.024600
vn 0.990900 -0.034400 -0.130300
vn -0.433200 0.000000 0.901300
vn -0.440100 0.000000 0.897900
vn -0.158600 -0.008400 -0.987300
vn -0.175000 0.006400 -0.984600
vn -0.160000 0.015000 -0.987000
vn 0.880100 0.470500 -0.064100
vn 0.880200 0.470900 -0.059300
vn 0.879500 0.472900 -0.054100
vn 0.392300 -0.787800 -0.474900
vn 0.000000 -0.866000 -0.500000
vn 0.440400 -0.897700 0.010500
vn -0.417900 -0.897700 -0.139400
vn -0.835500 -0.369100 -0.407200
vn -0.399900 -0.894500 -0.199800
vn -0.990900 -0.034400 -0.130300
vn -0.952200 0.213600 -0.218200
vn -0.477200 0.815800 -0.326600
vn -0.048200 0.971600 -0.231900
vn 0.453100 -0.885500 -0.102400
vn 0.417900 -0.897800 -0.139400
vn 0.902000 -0.380700 -0.203800
vn 0.812200 0.580600 -0.056700
vn 0.015900 0.962700 -0.269900
vn 0.015900 0.962500 -0.270800
vn 0.019100 0.952500 -0.303900
vn 0.000000 0.954500 -0.298200
vn 0.023600 0.964500 -0.263000
vn 0.024500 0.964800 -0.261900
vn 0.023900 0.963200 -0.267700
vn 0.010300 0.966700 -0.255800
vn -0.037800 0.963100 -0.266600
vn 0.063400 0.958400 -0.278300
vn -0.228500 -0.228500 0.946300
vn 0.980200 -0.197500 0.012900
vn 0.977300 -0.033200 -0.209200
vn 0.985300 -0.048700 -0.164000
vn 0.038400 -0.380000 0.924200
vn 0.037700 -0.380500 0.924000
vn 0.634700 0.772700 0.008200
vn 0.481700 0.793700 -0.371500
vn 0.829400 0.441200 -0.342600
vn -0.414300 -0.910100 -0.008900
vn -0.916200 -0.400200 -0.021700
vn -0.407600 0.247500 0.879000
vn -0.548100 0.747900 0.374400
vn -0.985300 -0.048700 -0.164000
vn -0.999300 -0.029800 0.022700
vn -0.063400 0.958400 -0.278400
vn 0.019400 0.945300 -0.325600
vn -0.266300 -0.007200 -0.963900
vn -0.286100 -0.000600 -0.958200
vn -0.195600 0.000300 -0.980700
vn -0.024800 0.965700 -0.258600
vn -0.015700 0.970700 -0.239800
vn -0.024500 0.964800 -0.261900
vn -0.023600 0.948500 -0.315900
vn -0.023600 0.964100 -0.264500
vn -0.015900 0.962700 -0.269900
vn -0.015900 0.962500 -0.270800
vn -0.019000 0.952400 -0.304200
vn -0.992800 0.118800 0.013000
vn -0.995600 -0.002400 0.093600
vn -0.960600 -0.241800 0.136800
vn -0.019400 0.945300 -0.325600
vn 0.078000 0.955900 -0.283300
vn 0.092900 0.888800 0.448700
vn 0.116500 0.609800 0.784000
vn 0.239500 0.232800 0.942600
vn 0.290100 0.862500 0.414600
vn 0.999300 -0.029800 0.022700
vn 0.977800 -0.031800 -0.207200
vn 0.311800 -0.043800 0.949200
vn 0.228500 -0.228500 0.946400
vn 0.009000 -0.139500 0.990200
vn 0.037500 0.000000 0.999300
vn 0.009800 -0.025600 0.999600
vn -0.037500 0.000000 0.999300
vn -0.009000 -0.139500 0.990200
vn -0.009800 -0.025600 0.999600
vn -0.311800 -0.043800 0.949100
vn -0.051500 -0.035000 0.998100
vn -0.977800 -0.031700 -0.207200
vn -0.975800 -0.065800 -0.208800
vn -0.078100 0.955800 -0.283600
vn -0.481600 0.793800 -0.371500
vn -0.023600 0.964500 -0.263000
vn 0.000000 -0.694100 -0.719800
vn -0.476100 -0.796300 -0.373100
vn 0.191200 0.910300 -0.367200
vn 0.146600 0.940900 -0.305400
vn 0.175200 0.908100 -0.380300
vn 0.481600 0.793700 -0.371500
vn 0.000000 -0.916800 -0.399400
vn 0.677100 -0.641700 -0.360300
vn 0.414300 -0.910100 -0.008900
vn 0.411700 -0.911200 -0.013000
vn 0.916200 -0.400200 -0.021700
vn 0.081500 0.000200 -0.996700
vn 0.077700 0.000200 -0.997000
vn 0.072200 0.000100 -0.997400
vn 0.070000 0.000000 -0.997500
vn 0.082100 0.000000 -0.996600
vn -0.908600 0.206300 -0.363100
vn -0.829400 0.441200 -0.342600
vn -0.481700 0.793700 -0.371500
vn -0.545800 0.714600 -0.437600
vn 0.397200 -0.791900 0.463800
vn 0.444000 -0.895900 -0.012300
vn -0.954600 -0.030600 -0.296400
vn -0.951000 -0.073100 -0.300600
vn -0.968500 0.231200 0.092100
vn -0.995100 -0.013900 0.097700
vn -0.175200 0.908100 -0.380300
vn -0.144100 0.941100 -0.305800
vn -0.146600 0.940900 -0.305400
vn -0.140400 0.947300 -0.287800
vn 0.040900 0.933200 -0.357000
vn 0.000000 0.943300 -0.332100
vn 0.044400 0.941900 -0.332900
vn 0.040000 0.940200 -0.338200
vn 0.041300 0.907000 -0.419200
vn 0.042700 0.941300 -0.335000
vn 0.009300 0.932400 -0.361200
vn 0.208500 0.855700 -0.473700
vn 0.033300 0.932500 -0.359700
vn 0.284900 0.852700 -0.437800
vn 0.280700 0.798200 -0.533000
vn 0.206600 0.888000 -0.410700
vn 0.177400 0.882200 -0.436200
vn 0.545700 0.714600 -0.437600
vn 0.469300 0.657400 -0.589600
vn 0.179900 0.881300 -0.436900
vn 0.176500 0.882500 -0.436000
vn 0.039800 0.000500 0.999200
vn 0.037900 -0.297800 0.953900
vn 0.040000 0.000300 0.999200
vn -0.554700 0.832000 0.000000
vn -0.226700 0.974000 0.000000
vn -0.347800 0.937600 0.000000
vn 0.048800 -0.119500 0.991600
vn 0.012300 -0.034800 0.999300
vn -0.950900 -0.048200 0.305700
vn -0.908300 -0.365500 0.203500
vn -0.603400 -0.779200 0.169500
vn -0.910900 -0.014800 0.412300
vn 0.000000 -0.092700 0.995700
vn -0.048800 -0.119500 0.991600
vn -0.012300 -0.034800 0.999300
vn -0.191200 0.910300 -0.367200
vn -0.177400 0.882200 -0.436200
vn -0.284900 0.852700 -0.437800
vn -0.280700 0.798200 -0.533000
vn -0.179900 0.881300 -0.436900
vn -0.009300 0.932400 -0.361200
vn -0.208500 0.855700 -0.473700
vn -0.206600 0.888000 -0.410700
vn -0.023300 0.933300 -0.358400
vn -0.042700 0.941300 -0.335000
vn -0.041300 0.907000 -0.419200
vn -0.033300 0.932500 -0.359700
vn -0.040000 0.940200 -0.338200
vn -0.040900 0.933200 -0.357000
vn 0.055000 0.932100 -0.357900
vn 0.000000 0.943100 -0.332600
vn 0.072000 0.889100 -0.452000
vn 0.041300 0.906900 -0.419200
vn 0.254200 0.488700 -0.834600
vn 0.208500 0.855600 -0.473700
vn 0.346400 0.708900 -0.614500
vn 0.252600 0.732200 -0.632500
vn 0.665600 0.354000 -0.657000
vn 0.280400 0.661000 -0.696000
vn 0.824700 0.187900 -0.533400
vn 0.675800 0.316400 -0.665700
vn -0.973200 0.229800 0.012900
vn 0.661200 -0.211400 -0.719800
vn 0.555900 -0.083600 -0.827000
vn 0.666700 -0.196700 -0.718900
vn -0.666700 -0.196700 -0.718900
vn -0.514900 -0.170100 -0.840200
vn -0.835500 -0.369000 -0.407200
vn -0.555900 -0.083600 -0.827000
vn -0.890700 -0.104000 -0.442500
vn -0.556000 -0.083500 -0.827000
vn 0.619800 -0.012600 -0.784600
vn -0.824700 0.187900 -0.533400
vn -0.675800 0.316400 -0.665700
vn -0.773200 0.117100 -0.623300
vn -0.544700 0.116000 -0.830600
vn -0.640700 0.044500 -0.766500
vn -0.833400 0.006600 -0.552600
vn -0.280400 0.661000 -0.696000
vn -0.469300 0.657400 -0.589600
vn -0.252600 0.732200 -0.632500
vn -0.346400 0.708900 -0.614500
vn -0.208500 0.855600 -0.473700
vn -0.041300 0.906900 -0.419200
vn -0.262900 0.492700 -0.829500
vn -0.072000 0.889100 -0.452000
vn -0.055000 0.932100 -0.357900
vn -0.099300 -0.318700 0.942600
vn 0.332100 -0.407800 0.850600
vn 0.646800 -0.381500 0.660400
vn -0.169500 -0.310800 0.935200
vn -0.095300 -0.014000 0.995400
vn -0.180600 -0.138200 0.973800
vn -0.183800 -0.142900 0.972500
vn 0.088300 0.000400 -0.996100
vn 0.086600 0.000300 -0.996200
vn 0.091000 0.000300 -0.995800
vn 0.041500 0.414400 0.909100
vn 0.170100 -0.258800 0.950800
vn 0.181600 -0.297700 0.937200
vn -0.178400 0.764200 0.619900
vn -0.199200 0.432700 0.879200
vn -0.112100 0.374500 0.920400
vn -0.138000 0.422700 0.895700
vn -0.140800 0.416000 0.898400
vn -0.082700 0.374700 0.923500
vn 0.199200 0.432700 0.879200
vn 0.178400 0.764200 0.619900
vn 0.178400 0.764100 0.619900
vn 0.140800 0.416000 0.898400
vn 0.242700 -0.393400 0.886800
vn -0.129200 -0.569300 0.811900
vn -0.223600 -0.413800 0.882500
vn -0.266200 -0.732400 0.626700
vn -0.160000 -0.567600 0.807600
vn 0.315700 -0.005100 -0.948900
vn 0.315700 -0.007700 -0.948800
vn 0.315500 -0.000900 -0.948900
vn 0.315300 0.029800 -0.948500
vn 0.266300 -0.007500 -0.963800
vn 0.286100 -0.000600 -0.958200
vn 0.315400 -0.001000 -0.949000
vn 0.159100 0.986000 0.049900
vn 0.458600 0.886000 0.068600
vn 0.616700 0.670400 0.412500
vn 0.963300 0.158400 0.216900
vn 0.986300 -0.013700 0.164300
vn -0.315400 -0.001000 -0.949000
vn -0.315300 0.029800 -0.948500
vn -0.315500 -0.000800 -0.948900
vn 0.129200 -0.569300 0.811900
vn 0.160000 -0.567600 0.807600
vn 0.266200 -0.732400 0.626700
vn 0.835200 -0.487200 -0.255300
vn 0.174300 -0.922600 0.344300
vn -0.053900 -0.992800 0.106500
vn -0.073100 -0.903100 0.423100
vn 0.053900 -0.992800 0.106500
vn -0.171600 -0.440000 -0.881400
vn -0.366300 0.000100 -0.930500
vn -0.354700 -0.002200 -0.935000
vn -0.298100 -0.011100 -0.954500
vn -0.236200 0.007500 -0.971700
vn -0.252900 -0.000400 -0.967500
vn -0.250400 0.004000 -0.968100
vn -0.283300 -0.004200 -0.959000
vn -0.207600 -0.004100 -0.978200
vn -0.145100 -0.000900 -0.989400
vn -0.136100 0.000100 -0.990700
vn -0.204400 0.001700 -0.978900
vn -0.209900 -0.008200 -0.977700
vn -0.209900 -0.008300 -0.977700
vn 0.001500 0.001400 -1.000000
vn -0.070500 0.005900 -0.997500
vn 0.070500 0.001400 -0.997500
vn 0.002500 0.000000 -1.000000
vn 0.143600 -0.002100 -0.989600
vn 0.133400 0.000400 -0.991100
vn 0.224400 -0.035300 -0.973900
vn 0.281700 -0.145500 -0.948400
vn 0.282400 -0.141500 -0.948800
vn 0.255900 -0.079400 -0.963400
vn 0.244800 -0.073800 -0.966800
vn 0.276500 0.002900 -0.961000
vn 0.294300 -0.008700 -0.955700
vn 0.195600 0.054100 -0.979200
vn 0.234600 0.029600 -0.971600
vn 0.319600 -0.016500 -0.947400
vn 0.323000 -0.022500 -0.946100
vn 0.331300 -0.041100 -0.942600
vn 0.331900 -0.041900 -0.942400
vn 0.315800 -0.009800 -0.948800
vn 0.338200 -0.005400 -0.941000
vn 0.065100 -0.571900 0.817700
vn 0.037800 0.963100 -0.266600
vn -0.010300 0.966700 -0.255800
vn -0.314100 0.009500 -0.949300
vn -0.243300 0.008400 -0.969900
vn -0.124400 0.003000 -0.992200
vn 0.000000 0.000800 -1.000000
vn 0.137200 -0.001800 -0.990500
vn 0.314200 0.009400 -0.949300
vn 0.312900 -0.017300 -0.949600
vn -0.312900 -0.017200 -0.949600
vn -0.309100 -0.000700 -0.951000
vn -0.308200 -0.002400 -0.951300
vn -0.125900 0.001100 -0.992000
vn -0.246800 -0.001400 -0.969100
vn -0.252200 -0.001500 -0.967700
vn -0.129500 0.001000 -0.991600
vn 0.252200 -0.001500 -0.967700
vn 0.246800 -0.001400 -0.969100
vn 0.033900 0.984100 -0.174100
vn 0.044500 0.996300 -0.073800
vn 0.193100 0.979200 -0.062300
vn 0.116400 0.983700 -0.136800
vn -0.128600 0.000900 -0.991700
vn -0.193800 0.001000 -0.981000
vn -0.276100 -0.002600 -0.961100
vn 0.307200 -0.004200 -0.951600
vn 0.309100 -0.000700 -0.951000
vn 0.307200 -0.004100 -0.951600
vn 0.308200 -0.002400 -0.951300
vn -0.033100 -0.994200 -0.102500
vn -0.033600 -0.993700 -0.106700
vn -0.045700 -0.978200 -0.202500
vn -0.057100 -0.953800 -0.295000
vn 0.057100 -0.953800 -0.295000
vn 0.033600 -0.993700 -0.106700
vn 0.045700 -0.978200 -0.202500
vn 0.033100 -0.994200 -0.102500
vn 0.169400 0.521900 -0.836000
vn 0.150200 0.560800 -0.814200
vn -0.169400 0.521900 -0.836000
vn 0.022800 0.989200 0.144500
vn 0.027600 0.989100 0.144600
vn 0.686600 0.719600 0.104000
vn 0.961700 -0.156100 0.225300
vn -0.802000 -0.439000 0.405000
vn 0.225500 -0.760100 0.609400
vn -0.988400 -0.022300 0.150400
vn 0.024300 0.956100 0.292100
vn -0.257200 0.966100 0.024000
vn -0.099900 0.994500 0.031000
vn 0.159000 0.986000 0.049900
vn -0.275500 -0.961300 0.000000
vn -0.182400 -0.170100 -0.968400
vn -0.902300 -0.404600 0.148600
vn -0.872800 0.442900 0.205000
vn -0.379500 0.751900 0.539100
vn -0.356500 0.835300 0.418500
vn 0.121200 0.991800 0.039800
vn -0.096500 0.857300 0.505700
vn 0.297900 0.953600 0.043700
vn 0.016800 0.998600 0.050600
vn -0.171800 0.985100 0.012500
vn 0.177900 0.983300 0.037400
vn 0.000000 -0.258800 0.965900
vn 0.218000 -0.445000 0.868600
vn -0.388500 -0.920300 0.046300
vn 0.000000 0.559400 0.828900
vn 0.000000 0.568900 0.822400
vn -0.422300 -0.906400 -0.010900
vn -0.149000 0.988100 0.037200
vn 0.000000 0.620700 -0.784100
vn 0.000000 0.607400 -0.794400
vn -0.593200 -0.805100 0.000000
vn -0.694100 0.428600 -0.578400
vn -0.662000 0.719800 -0.208800
vn -0.872900 0.281100 -0.398800
vn 0.131700 0.000000 -0.991300
vn 0.195600 0.000300 -0.980700
vn -0.072100 -0.000100 0.997400
vn -0.024400 0.891800 0.451900
vn -0.002800 0.997400 -0.071800
vn -0.044500 0.996300 -0.073800
vn 0.936000 -0.352100 0.000000
vn 0.450000 -0.893000 0.000000
vn -0.570000 0.821000 -0.031700
vn 0.552000 0.829300 0.086900
vn -0.800000 -0.600100 0.000000
vn -0.526000 -0.850500 0.000000
vn -0.329500 -0.944200 0.000000
vn -0.800100 -0.599900 0.000000
vn -0.799900 -0.600100 0.000000
vn 0.017300 0.000000 -0.999900
vn -0.017300 0.000000 -0.999900
vn -0.017500 0.000000 -0.999800
vn 0.017500 0.000000 -0.999800
vn -0.258100 0.933000 0.250600
vn -0.834200 0.551400 0.000000
vn -0.834200 0.551500 0.000100
vn -0.780400 0.625300 0.000000
vn -0.768000 0.640400 0.000000
vn 0.045300 -0.030800 0.998500
vn -0.162200 0.000000 -0.986700
vn -0.183100 0.000000 -0.983100
vn -0.583200 0.812300 0.000000
vn 0.275500 -0.961300 0.000000
vn 0.852900 -0.522000 0.000000
vn 0.110100 0.993200 -0.037200
vn 0.355500 0.934500 -0.020400
vn 0.774200 0.632100 -0.034300
vn 0.107000 0.968300 0.225600
vn -0.390300 -0.781400 0.486900
vn -0.211200 -0.434800 0.875400
vn -0.998700 -0.030800 -0.041500
vn -0.749300 0.657700 0.076900
vn 0.109800 0.990700 0.080300
vn 0.570100 0.821000 -0.031700
vn -0.961500 0.169000 0.216500
vn -0.932200 0.210600 0.294500
vn -0.927000 0.373600 0.034700
vn -0.997200 -0.072200 -0.016600
vn -0.999300 -0.032500 -0.016400
vn -0.788100 0.615200 0.020800
vn 0.108100 0.992500 -0.057600
vn 0.140400 0.947300 -0.287800
vn 0.138700 0.950100 -0.279400
vn -0.814400 0.580300 -0.006800
vn 0.182900 0.895300 -0.406200
vn 0.788700 0.614800 0.007300
vn -0.240000 0.000000 0.970800
vn 0.108100 0.988300 -0.107300
vn -0.824800 0.187900 -0.533300
vn 0.051100 -0.034600 -0.998100
vn 0.407600 0.247500 0.879000
vn 0.548100 0.747900 0.374400
vn -0.463900 0.000000 -0.885900
vn -0.533900 0.000000 -0.845600
vn -0.186200 0.982200 0.023100
vn 0.194100 0.980700 0.022600
vn 0.422300 -0.906400 -0.012000
vn 0.411700 -0.911300 0.003900
vn -0.395600 0.878700 -0.267300
vn -1.000000 0.000000 0.000300
vn -0.936000 0.352100 0.000000
vn -0.936000 -0.352100 0.000400
vn 0.047600 -0.115100 0.992200
vn -0.395500 0.878700 -0.267300
vn 0.023000 0.983100 -0.181900
vn 0.051500 -0.035000 0.998100
vn -0.088400 0.000300 -0.996100
vn -0.095400 0.000400 -0.995400
vn -0.095500 0.000400 -0.995400
vn -0.091000 0.000300 -0.995800
vn 0.024800 0.965600 -0.258800
vn -0.138700 0.950100 -0.279400
vn -0.977300 -0.033200 -0.209200
vn 0.000000 -0.000200 1.000000
vn -0.023900 0.963200 -0.267700
vn 0.023600 0.964100 -0.264600
vn 0.207700 -0.178300 0.961800
vn 0.311800 -0.043800 0.949100
vn -0.789400 0.000000 -0.613900
vn -0.228500 -0.228500 0.946400
vn -0.311700 -0.043800 0.949200
vn -0.376700 0.925900 -0.028900
vn -0.110100 0.993200 -0.037200
vn -0.355500 0.934500 -0.020400
vn 0.144100 0.941100 -0.305800
vn 0.640800 0.044600 -0.766400
vn 0.833500 0.006600 -0.552500
vn 0.627500 -0.008500 -0.778500
vn 0.625600 -0.008400 -0.780100
vn 0.773200 0.117200 -0.623200
vn -0.979400 -0.188000 -0.073200
vn 0.023300 0.933300 -0.358400
vn 0.023600 0.948500 -0.315900
vn -0.044400 0.941900 -0.332900
vn 0.544700 0.115900 -0.830600
vn 0.514900 -0.170100 -0.840200
vn -0.665600 0.354000 -0.657000
vn -0.266700 -0.266400 0.926200
vn -0.266500 -0.266500 0.926300
vn -0.266600 -0.266400 0.926300
vn -0.266500 -0.266400 0.926300
vn 0.239000 -0.502900 0.830600
vn -0.290300 -0.766100 0.573400
vn 0.290300 -0.766100 0.573400
vn 0.242700 -0.393400 0.886700
vn -0.195800 0.017500 -0.980500
vn 0.209900 -0.008300 -0.977700
vn 0.366300 0.000100 -0.930500
vn -0.307200 -0.004100 -0.951600
vn 0.170700 0.432100 -0.885500
vn -0.150200 0.560800 -0.814200
vn 0.882700 0.469500 -0.018800
vn 0.514500 0.000000 -0.857500
vn 0.370700 0.000000 -0.928800
vn 0.010900 -0.030800 0.999500
vn 0.182000 -0.160300 0.970200
vn 0.000000 0.607300 -0.794500
vn 0.000000 0.307000 -0.951700
vn 0.000000 0.620600 -0.784200
vn -0.081300 -0.000300 0.996700
vn -0.082100 -0.000100 0.996600
vn -0.070300 -0.000200 0.997500
vn -0.072200 -0.000100 0.997400
vn -0.077700 -0.000200 0.997000
vn -0.212000 -0.212800 -0.953800
vn -0.342800 -0.939400 0.000000
vn 0.552200 0.833700 0.000000
vn 0.583200 0.812400 0.000000
vn 0.402100 0.915600 0.000000
vn 0.402000 0.915700 0.000000
vn 0.402000 0.915600 0.000000
vn 0.707100 0.707100 0.000000
vn 0.912700 0.408500 0.000000
vn 0.341600 0.875600 -0.341500
vn 0.341900 0.939700 0.000000
vn 0.999700 0.000000 0.023400
vn -0.047600 -0.115100 0.992200
vn -0.170800 0.432200 -0.885500
vn -0.449000 0.893500 0.000000
vn 0.936000 0.352100 -0.001500
vn 1.000000 0.000000 0.000200
vn -0.289600 -0.007900 -0.957100
vn -0.294900 -0.010400 -0.955500
vn -0.336300 -0.001200 -0.941800
vn -0.218100 -0.444900 0.868600
vn -0.921600 -0.388100 0.000000
vn -0.244400 0.000500 -0.969700
vn -0.330700 0.000000 -0.943800
vn -0.627600 -0.008500 -0.778500
vn -0.625600 -0.008400 -0.780100
vn 0.289600 -0.007900 -0.957100
vn 0.330700 0.000000 -0.943800
vn 0.336300 -0.001200 -0.941800
vn 0.000000 0.000100 1.000000
vn 0.440100 0.000000 0.897900
vn 0.433200 0.000000 0.901300
vn 0.000000 -0.000100 1.000000
vn -0.431100 0.000000 0.902300
vn -0.474100 0.000000 0.880500
vn -0.526000 -0.850500 -0.000100
vn -0.329400 -0.944200 0.000000
vn 0.244400 0.000500 -0.969700
vn 0.294900 -0.010400 -0.955500
vn -0.996700 -0.013200 0.079700
vn -0.997700 0.047600 0.047500
vn 0.918500 -0.395500 0.000000
vn 0.875600 -0.341600 -0.341500
vn -0.697800 -0.664300 -0.268000
vn -0.761900 -0.119200 -0.636600
vn -0.761900 -0.119200 -0.636700
vn -0.872900 0.281000 -0.398800
vn -0.918100 -0.103000 -0.382600
vn 0.908300 -0.365500 0.203300
vn -0.327700 -0.890700 -0.315000
vn -0.375900 -0.650000 -0.660500
vn -0.290400 0.291600 -0.911400
vn -0.368400 0.570100 -0.734300
vn -0.297400 0.954400 0.026900
vn -0.346300 0.912900 -0.216200
vn 0.988600 0.150400 0.000000
vn 0.226600 0.974000 0.000000
vn 0.995600 -0.002400 0.093600
vn 0.960600 -0.241900 0.136600
vn -0.918100 -0.103100 -0.382600
vn -0.332500 -0.889600 -0.313300
vn -0.368400 0.570000 -0.734400
vn -0.176500 0.882500 -0.436000
vn -0.469200 0.657400 -0.589600
vn -0.226600 0.974000 0.000000
vn 0.879000 0.475100 0.040600
vn 0.587000 0.530200 0.611800
vn -0.902000 -0.380600 -0.203800
vn 0.697800 -0.664300 -0.268000
vn 0.918200 -0.103100 -0.382600
vn 0.761900 -0.119200 -0.636600
vn 0.761900 -0.119200 -0.636700
vn 0.918100 -0.103000 -0.382600
vn 0.872900 0.281000 -0.398800
vn -0.440500 -0.897700 0.010500
vn 0.761900 -0.119100 -0.636700
vn 0.375900 -0.650000 -0.660500
vn 0.290400 0.291600 -0.911400
vn 0.368400 0.570100 -0.734300
vn 0.332500 -0.889600 -0.313300
vn 0.368400 0.570000 -0.734400
vn 0.346300 0.912900 -0.216200
vn 0.297400 0.954400 0.026900
vn 0.000000 1.000000 -0.001500
vn 0.942000 0.335600 0.000000
vn 0.942000 0.335700 0.000000
vn -0.108600 -0.041800 0.993200
vn -0.077800 -0.000100 0.997000
vn -0.077600 -0.000100 0.997000
vn 0.390200 -0.781500 0.486900
vn -0.912600 -0.408900 0.000000
vn -0.592500 0.805300 0.020900
vn -0.707100 0.000000 0.707100
vn -0.804300 0.000000 0.594200
vn 0.003900 0.620600 -0.784200
vn 0.834200 0.551400 0.000000
vn -0.078300 0.001200 -0.996900
vn -0.078300 0.001100 -0.996900
vn 0.789400 0.000000 -0.613900
vn 0.789300 0.000000 -0.613900
vn 0.804300 0.000000 0.594300
vn -0.362700 0.930000 0.059900
vn -0.178000 0.983300 0.037400
vn 0.999800 -0.005900 -0.016400
vn 0.925100 -0.379800 0.005400
vn 0.916600 -0.399600 0.013100
vn -0.330000 -0.151700 0.931700
vn -0.298300 0.954300 -0.020300
vn -0.405100 0.914200 -0.009100
vn -0.250200 -0.081400 0.964800
vn -0.209900 -0.082600 0.974200
vn -0.268200 -0.115400 0.956400
vn 0.629300 -0.776100 0.040200
vn 0.588600 -0.807400 0.040300
vn 0.799400 -0.600000 0.031100
vn 0.605100 -0.795100 0.041200
vn 0.766900 -0.641800 0.006200
vn 0.637200 -0.770500 0.018400
vn 0.162200 0.000000 -0.986700
vn 0.183100 0.000000 -0.983100
vn 0.533900 0.000000 -0.845600
vn -0.116400 0.983700 -0.136800
vn -0.193100 0.979200 -0.062300
vn -0.122800 -0.170200 0.977700
vn -0.153600 -0.183000 0.971100
vn 0.187300 -0.981200 0.045700
vn 0.588600 -0.807500 0.040300
vn 0.387300 -0.920800 0.045900
vn 0.382700 -0.922800 0.044700
vn 0.383500 -0.922400 0.044900
vn 0.226200 -0.972900 0.048600
vn 0.002800 0.997400 -0.071800
vn 0.000800 0.986400 -0.164200
vn -0.000800 0.986400 -0.164200
vn 0.934700 -0.354300 -0.029600
vn -0.080100 -0.330800 0.940300
vn -0.084600 -0.361600 0.928500
vn 0.006400 -0.999000 0.043700
vn 0.004900 -0.999100 0.042200
vn -0.033900 0.984100 -0.174100
vn 0.024400 0.891800 0.451900
vn -0.942000 0.335700 0.000000
vn -0.942000 0.335600 0.000000
vn -0.999800 -0.005800 -0.016500
vn -0.006400 -0.999000 0.043700
vn -0.187300 -0.981200 0.045700
vn -0.004900 -0.999100 0.042200
vn -0.076900 -0.079700 -0.993800
vn -0.777900 0.000000 0.628300
vn 0.084600 -0.361600 0.928500
vn -0.382700 -0.922800 0.044600
vn -0.387300 -0.920800 0.046000
vn -0.588600 -0.807400 0.040300
vn -0.226200 -0.972900 0.048600
vn -0.383500 -0.922400 0.044900
vn 0.080100 -0.330800 0.940300
vn -0.629300 -0.776100 0.040200
vn -0.799400 -0.600000 0.031100
vn -0.605100 -0.795100 0.041200
vn -0.637200 -0.770500 0.018400
vn -0.766900 -0.641800 0.006200
vn 0.405100 0.914200 -0.009100
vn 0.298300 0.954300 -0.020300
vn 0.122300 -0.103100 0.987100
vn 0.153500 -0.183000 0.971000
vn 0.122800 -0.170200 0.977700
vn 0.123800 -0.102600 0.987000
vn 0.362700 0.930000 0.059900
vn 0.250200 -0.081400 0.964800
vn 0.268200 -0.115300 0.956400
vn 0.209900 -0.082500 0.974200
vn 0.149100 0.988100 0.037200
vn 0.178000 0.983300 0.037400
vn 0.032400 -0.573200 0.818800
vn 0.330000 -0.151700 0.931700
vn 0.865900 0.000000 -0.500300
vn -0.288100 -0.153900 0.945200
vn 0.746000 -0.665900 -0.008900
vn 0.393300 -0.918200 0.047600
vn 0.605000 -0.795200 0.041200
vn 0.000000 -0.999100 0.043100
vn -0.393300 -0.918200 0.047600
vn -0.605000 -0.795200 0.041200
vn -0.746000 -0.665900 -0.008900
vn 0.111800 -0.042000 0.992800
vn 0.108600 -0.041800 0.993200
vn 0.288000 -0.154100 0.945100
vn -0.865900 0.000000 -0.500300
vn -0.865900 -0.000100 -0.500200
vn -0.865900 0.000000 -0.500200
vn 0.147400 0.988400 0.035400
vn -0.099200 0.991500 0.084600
vn -0.099100 0.991500 0.084600
vn -0.422100 0.448500 0.787900
vn -0.798100 0.461600 0.387200
vn 0.000000 0.452500 0.891700
vn 0.000000 0.452500 0.891800
vn -0.010100 0.448900 0.893500
vn -0.811800 0.484700 0.325700
vn -0.422100 0.448400 0.787800
vn -0.043600 0.436500 0.898700
vn -0.043600 0.436500 0.898600
vn 0.798100 0.461600 0.387100
vn 0.422100 0.448400 0.787800
vn 0.043600 0.436500 0.898700
vn 0.010100 0.448900 0.893500
vn 0.099100 0.991500 0.084600
vn 0.099200 0.991500 0.084600
vn 0.422100 0.448500 0.787900
vn -0.061600 0.870000 0.489100
vn -0.095600 -0.000300 0.995400
vn -0.095900 -0.000100 0.995400
vn -0.641600 0.000000 -0.767100
vn -0.533900 0.000000 -0.845500
vn 0.091200 -0.000300 0.995800
vn 0.095600 -0.000300 0.995400
vn 0.095900 -0.000100 0.995400
vn 0.088200 -0.000800 0.996100
vn -0.898900 0.438200 0.000000
vn -0.986700 0.162500 0.000000
vn 0.088400 -0.000300 0.996100
vn 0.091100 -0.000300 0.995800
vn 0.095400 -0.000400 0.995400
vn -0.773100 0.634300 0.000000
vn 0.081400 -0.000200 0.996700
vn 0.082200 -0.000400 0.996600
vn 0.086600 -0.000300 0.996200
vn -0.565800 0.824500 0.000000
vn -0.088500 -0.000300 0.996100
vn -0.091000 -0.000300 0.995900
vn -0.086500 -0.000300 0.996300
vn -0.195100 0.980800 0.000000
vn -0.215600 0.976500 0.000000
vn 0.072100 -0.000100 0.997400
vn 0.070000 0.000000 0.997500
vn 0.077600 -0.000200 0.997000
vn -0.072200 0.000100 -0.997400
vn -0.077700 0.000200 -0.997000
vn -0.081500 0.000100 -0.996700
vn -0.082100 0.000000 -0.996600
vn -0.070000 0.000000 -0.997500
vn -0.044300 0.000000 0.999000
vn 0.044300 0.000000 -0.999000
vn -0.044300 0.000000 -0.999000
vn 0.077600 -0.000100 0.997000
vn 0.082300 0.000000 0.996600
vn 0.195100 0.980800 0.000000
vn 0.215600 0.976500 0.000000
vn -0.086600 0.000300 -0.996200
vn 0.565800 0.824500 0.000000
vn 0.086700 -0.000300 0.996200
vn 0.773100 0.634300 0.000000
vn -0.095400 -0.000400 0.995400
vn -0.095500 -0.000400 0.995400
vn 0.898900 0.438200 0.000000
vn 0.095600 0.000300 -0.995400
vn 0.095400 0.000400 -0.995400
vn 0.095500 0.000400 -0.995400
vn 0.986700 0.162500 0.000000
vn 0.296500 -0.116600 -0.947900
vn 0.121000 0.038800 -0.991900
vn 0.263800 0.582100 -0.769200
vn 0.851900 0.286000 -0.438600
vn 0.341600 0.859300 -0.380700
vn 0.904000 0.386900 -0.181700
vn 0.368700 0.929500 0.009700
vn 0.920900 0.389800 -0.008400
vn 0.354300 0.846100 0.398200
vn 0.924300 0.352800 0.145400
vn 0.750300 0.415200 0.514400
vn 0.910600 0.243600 0.333900
vn 0.910500 0.243600 0.334000
vn 0.750300 0.415200 0.514500
vn 0.214000 0.023300 0.976600
vn 0.850300 -0.060800 0.522800
vn 0.085000 -0.549700 0.831000
vn 0.308900 -0.668200 0.676800
vn -0.052100 -0.894900 0.443200
vn 0.054100 -0.943300 0.327500
vn -0.126400 -0.991800 0.017100
vn -0.071300 -0.997100 -0.027300
vn -0.139100 -0.901000 -0.410900
vn -0.096100 -0.920900 -0.377700
vn -0.056500 -0.563200 -0.824400
vn 0.008500 -0.668700 -0.743500
vn -0.155000 0.016100 -0.987800
vn -0.095600 0.586500 -0.804300
vn -0.049400 0.906300 -0.419800
vn -0.045700 0.998900 -0.006700
vn -0.090100 0.909200 0.406400
vn 0.354200 0.846200 0.398200
vn -0.174300 0.588800 0.789300
vn -0.182900 0.545400 0.818000
vn -0.251100 0.016000 0.967800
vn -0.260800 -0.559000 0.787100
vn -0.225800 -0.885500 0.406100
vn -0.225800 -0.885500 0.406000
vn -0.195700 -0.980600 -0.006700
vn -0.185700 -0.887500 -0.421800
vn -0.183200 -0.560500 -0.807600
vn -0.296500 -0.116600 -0.947900
vn -0.851900 0.286000 -0.438600
vn -0.263800 0.582100 -0.769200
vn -0.121000 0.038800 -0.991900
vn -0.904000 0.386900 -0.181700
vn -0.341600 0.859300 -0.380700
vn -0.920900 0.389800 -0.008400
vn -0.368700 0.929500 0.009700
vn -0.924300 0.352800 0.145400
vn -0.354300 0.846100 0.398200
vn -0.910600 0.243600 0.333900
vn -0.750300 0.415200 0.514400
vn -0.910500 0.243600 0.334000
vn -0.850300 -0.060800 0.522800
vn -0.214000 0.023300 0.976600
vn -0.308900 -0.668200 0.676800
vn -0.085000 -0.549700 0.831000
vn -0.054100 -0.943300 0.327600
vn 0.052100 -0.894900 0.443200
vn -0.054100 -0.943300 0.327500
vn 0.071300 -0.997100 -0.027300
vn 0.126400 -0.991800 0.017100
vn 0.096100 -0.920900 -0.377700
vn 0.139100 -0.901000 -0.410900
vn -0.008500 -0.668700 -0.743500
vn 0.056500 -0.563200 -0.824400
vn 0.095600 0.586500 -0.804300
vn 0.155000 0.016100 -0.987800
vn 0.049400 0.906300 -0.419800
vn 0.045700 0.998900 -0.006700
vn 0.090100 0.909200 0.406400
vn -0.354200 0.846200 0.398200
vn 0.182900 0.545400 0.818000
vn 0.174300 0.588800 0.789300
vn 0.090100 0.909200 0.406500
vn 0.251100 0.016000 0.967800
vn 0.260800 -0.559000 0.787100
vn 0.225800 -0.885500 0.406100
vn 0.195700 -0.980600 -0.006700
vn 0.225800 -0.885500 0.406000
vn 0.185700 -0.887500 -0.421800
vn 0.183200 -0.560500 -0.807600
vn 0.363800 0.201500 -0.909400
vn 0.230700 0.148000 -0.961700
vn 0.064600 0.409100 -0.910200
vn 0.220300 0.444800 -0.868100
vn -0.069600 0.407600 -0.910500
vn -0.227900 0.433700 -0.871700
vn -0.231400 0.140200 -0.962700
vn -0.368000 0.193600 -0.909400
vn -0.242700 -0.048400 -0.968900
vn -0.386800 -0.108500 -0.915700
vn -0.242600 -0.048400 -0.968900
vn -0.072500 -0.361600 -0.929500
vn -0.255300 -0.397400 -0.881400
vn -0.255300 -0.397500 -0.881400
vn -0.072500 -0.361700 -0.929500
vn 0.072500 -0.361700 -0.929500
vn 0.255300 -0.397500 -0.881400
vn 0.255300 -0.397400 -0.881400
vn 0.072500 -0.361600 -0.929500
vn 0.242500 -0.048400 -0.968900
vn 0.386700 -0.108600 -0.915800
vn 0.386700 -0.108500 -0.915800
vn 0.242600 -0.048400 -0.968900
vn -0.469200 -0.855400 0.219500
vn -0.224800 -0.942900 0.245700
vn -0.242500 -0.939500 0.241900
vn -0.469100 -0.855400 0.219500
vn 0.243900 -0.938500 0.244300
vn 0.264500 -0.933400 0.242700
vn 0.508400 -0.834200 0.213400
vn 0.508300 -0.834300 0.213400
vn 1.000000 -0.000500 0.009200
vn 0.485500 0.868800 0.097800
vn 0.248200 0.962100 0.113000
vn 0.250200 0.961600 0.112900
vn 0.485400 0.868700 0.099100
vn -0.248200 0.962100 0.113000
vn -0.250300 0.961600 0.112900
vn -0.485400 0.868700 0.099100
vn -1.000000 -0.000500 0.009200
vn -1.000000 -0.000600 0.009200
vn 0.000000 0.000200 1.000000
vn 0.000000 0.992500 0.121900
vn 0.000000 -0.992500 -0.121900
vn 1.000000 0.000000 0.005700
vn -1.000000 0.000000 0.005700
vn -0.227900 0.433700 -0.871800
vn 0.485400 0.868800 0.097800
o midship_coupe_lampsup
usemtl midship_coupe_lampsup
f 1/1/1 2/2/2 3/3/3
f 4/4/4 5/5/5 6/6/6
f 7/7/7 8/8/7 9/9/7
f 9/9/7 10/10/7 11/11/8
f 12/12/9 7/7/7 9/9/7
f 9/9/7 11/11/8 12/12/9
f 13/13/10 14/14/11 15/15/12
f 13/13/10 15/15/12 16/16/13
f 17/17/14 18/18/15 15/15/12
f 19/19/16 20/20/17 21/18/18
f 19/19/16 21/18/18 22/21/19
f 23/22/20 24/23/21 25/24/22
f 26/25/23 27/25/23 28/25/24
f 28/25/24 29/25/25 30/25/23
f 28/25/24 30/25/23 26/25/23
f 31/26/26 32/21/27 33/27/28
f 34/28/29 35/29/30 36/30/31
f 36/30/31 37/31/31 38/32/31
f 39/33/31 34/28/29 36/30/31
f 36/30/32 38/32/32 39/33/32
f 40/17/33 21/18/18 20/20/17
f 41/14/34 42/15/35 40/17/33
f 41/14/34 40/17/33 43/34/36
f 44/35/37 45/36/38 46/37/39
f 47/38/40 48/39/41 49/40/42
f 47/38/40 49/40/42 50/41/43
f 51/42/44 2/2/2 49/40/42
f 51/42/44 49/40/42 52/43/45
f 53/44/46 54/45/47 2/2/2
f 53/44/46 2/2/2 5/5/5
f 55/46/48 56/47/49 57/48/50
f 57/48/50 58/49/51 59/50/48
f 55/46/48 57/48/50 59/50/48
f 60/51/52 61/52/53 62/53/54
f 63/54/55 64/55/56 65/56/57
f 65/56/57 60/51/52 62/53/54
f 62/53/54 63/54/55 65/56/57
f 66/57/58 67/58/59 68/59/60
f 67/58/59 69/60/61 68/59/60
f 70/61/62 71/62/63 72/63/64
f 70/61/62 72/63/64 73/64/65
f 74/65/66 75/66/67 76/67/68
f 76/67/68 42/15/35 77/16/69
f 76/67/68 77/16/69 74/65/66
f 78/68/70 79/69/71 80/70/72
f 78/68/70 80/70/72 81/71/73
f 82/72/22 83/73/74 84/74/75
f 85/75/76 86/76/77 87/77/78
f 85/75/76 87/77/78 88/78/79
f 89/79/19 90/80/80 91/81/81
f 92/82/82 93/83/83 94/84/84
f 92/82/82 94/84/84 95/85/85
f 96/86/86 97/87/87 98/88/88
f 96/86/86 98/88/88 99/89/89
f 100/64/90 101/61/91 75/66/67
f 100/64/90 75/66/67 74/65/66
f 102/57/92 103/58/93 101/61/91
f 102/57/92 101/61/91 104/62/94
f 105/90/93 106/91/95 107/92/96
f 107/92/96 108/93/97 109/94/98
f 110/95/99 111/96/100 105/90/93
f 107/92/96 109/94/98 110/95/99
f 107/92/96 110/95/99 105/90/93
f 112/97/101 113/98/102 114/99/103
f 112/97/101 114/99/103 115/100/104
f 116/101/105 117/102/106 118/103/107
f 118/103/107 119/104/108 120/105/109
f 120/105/109 121/106/110 122/107/111
f 122/107/111 123/108/112 124/109/113
f 116/101/105 118/103/107 120/105/109
f 120/105/109 122/107/111 124/109/113
f 120/105/109 124/109/113 116/101/105
f 125/110/114 126/111/115 57/48/50
f 125/110/114 57/48/50 127/112/116
f 128/113/117 129/114/118 130/115/119
f 128/113/117 130/115/119 131/116/120
f 132/117/121 133/118/122 134/119/123
f 135/120/124 136/121/125 137/122/126
f 137/122/126 138/123/127 139/124/124
f 135/120/124 137/122/126 139/124/124
f 140/125/128 141/126/129 142/127/130
f 140/125/128 142/127/130 143/128/131
f 144/129/132 145/130/133 146/131/134
f 144/129/132 146/131/134 147/132/135
f 148/25/136 149/25/136 150/25/136
f 150/25/136 151/25/136 152/25/136
f 153/25/136 154/25/136 155/25/136
f 150/25/136 152/25/136 153/25/136
f 156/25/136 148/25/136 150/25/136
f 157/25/136 158/25/136 156/25/136
f 155/25/136 159/25/136 157/25/136
f 150/25/136 153/25/136 155/25/136
f 157/25/136 156/25/136 150/25/136
f 150/25/136 155/25/136 157/25/136
f 160/133/137 161/134/138 162/135/139
f 162/135/139 163/136/140 164/137/141
f 164/137/141 165/138/137 160/133/137
f 160/133/137 162/135/139 164/137/141
f 166/139/142 167/140/143 168/141/144
f 166/139/142 168/141/144 169/142/145
f 170/25/146 171/25/146 172/25/146
f 172/25/146 173/25/146 174/25/146
f 174/25/146 175/25/146 176/25/146
f 176/25/146 177/25/146 178/25/146
f 178/25/146 179/25/146 170/25/146
f 170/25/146 172/25/146 174/25/146
f 174/25/146 176/25/146 178/25/146
f 174/25/146 178/25/146 170/25/146
f 180/143/147 181/144/148 182/145/149
f 180/143/147 182/145/149 183/146/150
f 184/147/151 185/148/152 186/149/153
f 184/147/151 186/149/153 187/150/154
f 188/151/155 189/152/156 190/153/157
f 191/154/158 105/90/93 192/155/159
f 188/151/155 190/153/157 191/154/158
f 188/151/155 191/154/158 192/155/159
f 193/156/160 194/157/161 195/158/162
f 195/158/162 190/153/157 196/159/163
f 195/158/162 196/159/163 193/156/160
f 197/160/164 50/41/43 49/40/42
f 49/40/42 198/161/165 199/162/166
f 199/162/166 200/163/167 195/158/162
f 195/158/162 113/98/102 201/164/168
f 197/160/164 49/40/42 199/162/166
f 195/158/162 201/164/168 197/160/164
f 199/162/166 195/158/162 197/160/164
f 202/19/20 203/21/22 18/18/15
f 202/19/20 18/18/15 204/20/169
f 132/117/121 205/165/170 126/111/115
f 206/166/171 207/167/172 132/117/121
f 208/168/173 209/169/174 210/170/175
f 210/170/175 211/171/176 212/172/177
f 210/170/175 212/172/177 208/168/173
f 213/25/178 214/25/179 215/25/179
f 215/25/179 216/25/179 217/25/180
f 215/25/179 217/25/180 213/25/178
f 218/173/181 219/174/182 220/175/183
f 220/175/183 221/176/184 222/177/185
f 223/178/186 218/173/181 220/175/183
f 220/175/183 222/177/185 223/178/186
f 224/179/187 225/180/188 226/181/189
f 227/182/190 228/183/191 229/184/192
f 230/185/193 231/186/194 232/186/195
f 140/125/128 143/128/131 233/128/196
f 234/187/197 227/182/190 229/184/192
f 234/187/197 229/184/192 235/188/198
f 236/179/199 237/180/200 238/189/201
f 239/190/202 240/191/203 241/192/204
f 239/190/202 241/192/204 242/193/205
f 243/133/206 244/138/206 245/137/207
f 245/137/207 246/136/208 247/135/209
f 247/135/209 248/134/210 243/133/206
f 243/133/206 245/137/207 247/135/209
f 191/154/158 249/194/211 250/195/212
f 190/153/157 200/163/167 249/194/211
f 54/45/47 251/196/213 252/197/214
f 53/44/46 253/198/215 251/196/213
f 207/167/172 253/198/215 205/165/170
f 254/199/216 255/200/217 207/167/172
f 256/201/218 257/202/219 258/203/220
f 256/201/218 258/203/220 259/204/221
f 208/168/173 260/205/222 261/206/223
f 208/168/173 261/206/223 209/169/174
f 226/181/189 262/207/224 263/208/225
f 264/209/226 265/210/227 266/211/228
f 266/211/228 267/212/228 268/213/229
f 266/211/228 268/213/229 264/209/226
f 269/214/230 270/215/231 271/216/232
f 269/214/230 271/216/232 272/217/233
f 273/218/234 274/219/235 275/220/236
f 273/218/234 275/220/236 276/221/231
f 277/181/237 278/207/238 237/180/200
f 279/222/239 280/223/240 281/224/241
f 279/222/239 281/224/241 282/225/242
f 168/141/144 283/226/243 284/227/244
f 168/141/144 284/227/244 285/228/245
f 250/195/212 286/229/246 287/230/247
f 255/200/217 288/231/248 253/198/215
f 255/200/217 253/198/215 207/167/172
f 54/45/47 289/232/249 198/161/165
f 252/197/214 290/233/250 291/234/251
f 251/196/213 292/235/252 290/233/250
f 253/198/215 288/231/248 292/235/252
f 293/236/253 288/231/248 255/200/217
f 294/237/254 295/238/255 296/239/256
f 294/237/254 296/239/256 297/240/257
f 298/241/136 299/242/136 300/243/258
f 300/243/258 301/243/259 302/244/260
f 300/243/258 302/244/260 298/241/136
f 303/245/261 304/246/262 305/247/263
f 303/245/261 305/247/263 306/248/264
f 307/249/265 308/250/266 309/251/267
f 307/249/265 309/251/267 310/252/268
f 164/137/141 163/136/140 311/253/269
f 311/253/269 312/254/270 313/255/271
f 314/256/271 164/137/141 311/253/269
f 311/253/269 313/255/271 314/256/271
f 315/257/272 316/258/273 317/259/274
f 317/259/274 318/260/275 319/261/276
f 317/259/274 319/261/276 315/257/272
f 320/262/277 321/263/278 322/264/71
f 320/262/277 322/264/71 323/265/279
f 185/148/152 324/266/280 325/267/281
f 185/148/152 325/267/281 186/149/153
f 326/268/282 327/269/283 328/270/284
f 326/268/282 328/270/284 329/271/285
f 330/25/286 331/25/287 332/25/288
f 332/25/288 333/25/288 334/25/288
f 334/25/288 335/25/288 336/25/288
f 336/25/288 337/25/288 330/25/286
f 330/25/286 332/25/288 334/25/288
f 334/25/288 336/25/288 330/25/286
f 338/272/289 339/273/290 340/208/291
f 341/274/292 342/275/293 343/276/294
f 341/274/292 343/276/294 344/277/295
f 287/230/247 345/278/296 346/279/297
f 289/232/249 347/280/298 199/162/166
f 252/197/214 348/281/299 289/232/249
f 291/234/251 349/282/300 350/283/301
f 290/233/250 351/284/302 349/282/300
f 292/235/252 352/285/303 351/284/302
f 353/286/248 354/287/304 355/288/303
f 356/289/305 357/290/306 358/291/304
f 359/292/307 360/160/307 361/164/307
f 361/164/308 362/293/308 363/294/309
f 363/294/309 364/295/308 359/292/308
f 361/164/308 363/294/309 359/292/308
f 365/296/310 366/297/311 367/298/312
f 368/299/313 303/245/261 306/248/264
f 368/299/313 306/248/264 369/300/314
f 370/301/279 371/302/315 319/261/276
f 370/301/279 319/261/276 372/303/316
f 373/304/70 374/305/315 375/306/317
f 376/307/318 377/308/319 378/309/320
f 373/304/70 375/306/317 376/307/318
f 378/309/320 379/310/321 373/304/70
f 376/307/318 378/309/320 373/304/70
f 380/311/322 381/312/322 382/313/322
f 382/313/322 383/314/323 384/315/324
f 382/313/322 384/315/324 380/311/322
f 385/25/325 386/25/325 387/25/325
f 387/25/325 388/25/326 389/25/327
f 389/25/327 390/25/328 391/25/329
f 391/25/329 385/25/325 387/25/325
f 387/25/325 389/25/327 391/25/329
f 328/270/284 392/316/330 393/317/331
f 328/270/284 393/317/331 329/271/285
f 394/318/332 395/319/333 396/320/334
f 394/318/332 396/320/334 397/321/335
f 398/322/272 399/323/315 400/324/70
f 398/322/272 400/324/70 401/325/336
f 402/296/337 403/297/338 339/273/290
f 404/326/339 365/296/310 367/298/312
f 404/326/339 367/298/312 405/327/340
f 406/150/341 407/328/342 408/329/343
f 406/150/341 408/329/343 409/149/344
f 345/278/296 410/330/345 346/279/297
f 347/280/298 411/331/346 345/278/296
f 348/281/299 412/332/347 347/280/298
f 291/234/251 413/333/348 348/281/299
f 350/283/301 414/334/349 415/335/350
f 350/283/301 415/335/350 413/333/348
f 349/282/300 416/336/351 417/337/352
f 351/284/302 418/338/353 416/336/351
f 355/288/303 419/339/354 420/340/353
f 421/242/124 422/341/124 423/342/124
f 423/342/124 424/343/355 425/344/295
f 425/344/295 426/345/294 427/346/356
f 427/346/356 428/347/124 429/348/124
f 429/348/124 430/349/124 431/350/124
f 429/348/124 431/350/124 432/351/124
f 423/342/124 425/344/295 427/346/356
f 433/243/124 421/242/124 423/342/124
f 434/352/124 433/243/124 423/342/124
f 427/346/356 429/348/124 432/351/124
f 432/351/124 434/352/124 423/342/124
f 423/342/124 427/346/356 432/351/124
f 435/298/357 436/327/358 437/353/359
f 435/298/357 437/353/359 438/354/360
f 366/297/311 439/354/361 367/298/312
f 440/355/362 441/356/363 368/299/313
f 440/355/362 368/299/313 442/357/364
f 443/358/365 444/359/366 445/360/232
f 443/358/365 445/360/232 446/361/367
f 447/362/368 448/363/369 449/364/370
f 449/364/370 450/365/371 451/366/372
f 449/364/370 451/366/372 447/362/368
f 452/367/373 453/368/374 454/369/375
f 454/369/375 455/370/376 456/371/377
f 454/369/375 456/371/377 452/367/373
f 457/131/378 458/130/379 459/129/380
f 457/131/378 459/129/380 460/132/381
f 461/372/382 462/373/383 463/374/384
f 461/372/382 463/374/384 464/375/385
f 465/376/124 466/377/386 467/378/387
f 465/376/124 467/378/387 468/379/388
f 403/297/338 438/354/360 469/380/389
f 470/381/390 471/382/391 118/103/107
f 470/381/390 118/103/107 472/383/392
f 473/384/393 474/385/394 475/386/395
f 473/384/393 475/386/395 476/387/396
f 477/288/397 478/339/398 479/287/345
f 412/332/347 480/388/399 411/331/346
f 413/333/348 481/389/400 412/332/347
f 482/390/401 483/391/402 484/392/403
f 482/390/401 484/392/403 485/393/404
f 414/334/349 486/394/405 487/395/406
f 414/334/349 487/395/406 415/335/350
f 417/337/352 488/396/407 489/397/408
f 490/398/409 491/399/410 492/400/411
f 420/340/353 493/401/412 491/399/410
f 295/238/255 494/402/413 495/403/414
f 495/403/414 496/404/415 497/405/416
f 497/405/416 498/406/417 499/407/418
f 499/407/418 295/238/255 495/403/414
f 495/403/414 497/405/416 499/407/418
f 500/408/419 501/409/420 502/410/421
f 500/408/419 502/410/421 503/411/422
f 504/412/423 505/413/424 506/414/425
f 504/412/423 506/414/425 507/415/426
f 339/273/290 403/297/338 508/416/427
f 339/273/290 508/416/427 509/417/428
f 469/380/389 510/418/429 511/419/430
f 512/420/431 513/421/432 514/422/388
f 512/420/431 514/422/388 515/423/124
f 516/424/433 517/425/433 518/426/433
f 518/426/433 519/427/433 520/428/433
f 520/428/433 521/429/433 522/430/433
f 522/430/433 523/431/433 524/432/433
f 524/432/433 525/433/433 516/424/433
f 516/424/433 518/426/433 520/428/433
f 520/428/433 522/430/433 524/432/433
f 520/428/433 524/432/433 516/424/433
f 526/340/399 527/401/434 478/339/398
f 481/389/400 528/434/435 480/388/399
f 415/335/350 529/435/436 481/389/400
f 489/397/408 530/436/437 531/437/438
f 492/400/411 532/438/439 533/439/440
f 491/399/410 534/440/441 532/438/439
f 535/441/442 397/321/335 536/442/443
f 535/441/442 536/442/443 537/443/444
f 538/444/393 539/445/445 500/408/419
f 538/444/393 500/408/419 540/446/446
f 306/248/264 541/447/447 542/419/448
f 543/448/449 342/275/293 341/274/292
f 543/448/449 341/274/292 544/449/450
f 67/58/59 70/61/62 545/450/451
f 545/450/451 546/451/216 547/452/171
f 545/450/451 547/452/171 67/58/59
f 548/453/292 549/454/452 550/455/453
f 550/455/453 551/456/454 552/457/455
f 550/455/453 552/457/455 548/453/292
f 553/458/28 554/459/433 555/2/433
f 555/2/433 556/460/433 557/461/433
f 557/461/433 558/462/433 559/463/433
f 557/461/433 559/463/433 560/464/433
f 561/465/456 553/458/28 555/2/433
f 562/466/433 563/467/433 561/465/456
f 557/461/433 560/464/433 564/468/433
f 564/468/433 562/466/433 561/465/456
f 555/2/433 557/461/433 564/468/433
f 555/2/433 564/468/433 561/465/456
f 565/469/457 566/470/458 567/471/459
f 565/469/457 567/471/459 568/472/459
f 569/473/460 570/474/461 571/475/462
f 571/475/462 572/476/463 573/477/464
f 569/473/460 571/475/462 573/477/464
f 574/469/465 575/472/466 576/478/467
f 574/469/465 576/478/467 577/479/468
f 578/248/469 579/447/470 580/247/471
f 510/418/429 581/318/472 582/480/473
f 582/480/473 583/481/474 579/447/470
f 579/447/470 511/419/430 510/418/429
f 582/480/473 579/447/470 510/418/429
f 584/245/475 578/248/469 585/247/476
f 584/245/475 585/247/476 586/246/477
f 587/482/478 588/483/479 589/484/480
f 587/482/478 589/484/480 590/485/481
f 591/399/482 592/440/483 527/401/434
f 593/400/484 594/438/485 591/399/482
f 487/395/406 595/486/486 529/435/436
f 531/437/438 596/487/487 597/488/488
f 533/439/440 598/489/489 599/490/490
f 532/438/439 600/491/491 598/489/489
f 601/25/492 602/25/492 603/25/492
f 601/25/492 603/25/492 604/25/492
f 605/492/493 375/306/317 374/305/315
f 374/305/315 606/493/276 607/494/494
f 374/305/315 607/494/494 605/492/493
f 608/247/495 609/481/496 541/447/447
f 610/495/262 611/496/497 612/497/263
f 613/498/73 614/499/498 615/500/433
f 613/498/73 615/500/433 616/501/499
f 617/363/277 618/502/500 619/503/501
f 617/363/277 619/503/501 620/363/278
f 474/385/394 621/385/502 622/504/503
f 623/66/504 624/505/505 545/450/451
f 623/66/504 545/450/451 70/61/62
f 625/268/506 626/271/507 627/270/508
f 625/268/506 627/270/508 628/269/509
f 629/446/510 540/446/446 630/506/511
f 631/180/198 632/507/192 633/508/512
f 631/180/198 633/508/512 262/207/224
f 500/408/419 503/411/422 630/506/511
f 500/408/419 630/506/511 540/446/446
f 586/246/477 634/509/513 635/510/421
f 580/247/471 583/481/474 636/509/514
f 637/25/515 638/25/516 639/25/517
f 639/25/517 640/25/518 641/25/519
f 639/25/517 641/25/519 637/25/515
f 594/438/485 642/491/520 592/440/483
f 643/439/521 644/489/522 594/438/485
f 645/511/523 646/512/524 595/486/486
f 365/296/310 404/326/339 647/513/525
f 647/513/525 648/272/526 649/273/527
f 365/296/310 647/513/525 649/273/527
f 597/488/488 650/514/528 651/515/529
f 599/490/490 652/516/530 653/517/531
f 598/489/489 654/518/532 652/516/530
f 437/353/359 655/519/533 656/443/534
f 437/353/359 656/443/534 657/441/535
f 658/509/536 659/480/537 609/481/496
f 660/510/538 661/520/539 658/509/536
f 662/521/540 663/522/541 664/147/542
f 662/521/540 664/147/542 284/227/244
f 665/508/543 666/523/544 667/524/545
f 665/508/543 667/524/545 668/525/546
f 669/510/547 670/520/548 671/237/549
f 636/509/514 582/480/473 670/520/548
f 672/226/550 673/227/551 674/521/552
f 672/226/550 674/521/552 675/526/553
f 676/228/554 677/527/555 324/266/280
f 676/228/554 324/266/280 185/148/152
f 674/521/552 673/227/551 184/147/151
f 674/521/552 184/147/151 678/522/556
f 644/489/522 679/518/557 642/491/520
f 680/490/558 681/516/559 644/489/522
f 682/528/560 683/529/561 646/512/524
f 487/395/406 486/394/405 684/530/562
f 684/530/562 685/531/563 682/528/560
f 645/511/523 487/395/406 684/530/562
f 684/530/562 682/528/560 645/511/523
f 653/517/531 686/532/564 687/533/565
f 688/534/433 689/535/433 690/536/433
f 690/536/433 691/536/433 692/535/433
f 690/536/433 692/535/433 693/534/433
f 694/537/433 688/534/433 690/536/433
f 695/538/433 696/538/433 694/537/433
f 697/537/433 695/538/433 694/537/433
f 694/537/433 690/536/433 693/534/433
f 693/534/433 697/537/433 694/537/433
f 698/25/566 699/25/567 700/25/568
f 698/25/566 700/25/568 701/25/569
f 702/204/570 703/539/571 659/480/537
f 661/520/539 704/540/572 705/201/570
f 702/204/570 659/480/537 661/520/539
f 702/204/570 661/520/539 705/201/570
f 294/237/254 297/240/257 661/520/539
f 632/507/192 706/541/191 707/525/573
f 632/507/192 707/525/573 633/508/512
f 302/244/260 301/243/259 708/542/574
f 302/244/260 708/542/574 709/543/575
f 710/544/576 711/545/577 712/546/578
f 710/544/576 712/546/578 713/547/579
f 339/273/290 338/272/289 714/513/580
f 714/513/580 715/326/581 402/296/337
f 714/513/580 402/296/337 339/273/290
f 716/240/582 670/520/548 717/540/583
f 716/240/582 717/540/583 718/548/584
f 719/549/585 720/539/586 582/480/473
f 581/318/472 721/319/587 722/550/588
f 581/318/472 722/550/588 723/551/589
f 719/549/585 582/480/473 581/318/472
f 719/549/585 581/318/472 723/551/589
f 394/318/332 659/480/537 703/539/571
f 394/318/332 703/539/571 724/549/590
f 725/550/591 395/319/333 394/318/332
f 394/318/332 724/549/590 726/551/592
f 726/551/592 725/550/591 394/318/332
f 727/552/593 728/553/336 729/554/73
f 727/552/593 729/554/73 730/555/499
f 92/82/82 95/85/85 731/556/594
f 731/556/594 732/557/595 733/558/596
f 734/559/594 92/82/82 731/556/594
f 731/556/594 733/558/596 734/559/594
f 681/516/559 735/560/597 679/518/557
f 736/517/598 737/532/599 681/516/559
f 738/561/600 739/562/601 740/563/602
f 741/564/39 742/565/603 743/566/604
f 738/561/600 740/563/602 741/564/39
f 741/564/39 743/566/604 744/567/605
f 744/567/605 738/561/600 741/564/39
f 745/568/606 280/223/240 279/222/239
f 745/568/606 279/222/239 746/569/607
f 747/570/608 748/571/609 749/572/610
f 750/533/611 751/205/612 752/573/613
f 753/574/614 713/547/579 712/546/578
f 712/546/578 754/575/615 755/576/615
f 756/577/616 743/566/604 742/565/603
f 712/546/578 755/576/615 756/577/616
f 757/578/615 753/574/614 712/546/578
f 712/546/578 756/577/616 742/565/603
f 712/546/578 742/565/603 757/578/615
f 588/483/479 758/579/617 759/580/618
f 588/483/479 759/580/618 760/581/619
f 761/582/620 762/548/621 297/240/257
f 763/583/622 764/584/623 765/585/620
f 766/586/620 761/582/620 297/240/257
f 763/583/622 765/585/620 766/586/620
f 297/240/257 763/583/622 766/586/620
f 716/240/582 767/239/624 768/238/625
f 716/240/582 768/238/625 671/237/549
f 436/327/358 769/587/626 655/519/533
f 436/327/358 655/519/533 437/353/359
f 441/356/363 770/588/627 303/245/261
f 441/356/363 303/245/261 368/299/313
f 771/25/136 772/25/136 773/25/136
f 773/25/136 774/25/136 775/25/136
f 775/25/136 776/25/136 777/25/136
f 777/25/136 778/25/136 779/25/136
f 779/25/136 780/25/136 771/25/136
f 771/25/136 773/25/136 775/25/136
f 775/25/136 777/25/136 779/25/136
f 775/25/136 779/25/136 771/25/136
f 768/238/625 767/239/624 781/407/628
f 716/240/582 782/583/629 767/239/624
f 685/531/563 783/569/630 784/589/631
f 685/531/563 784/589/631 683/529/561
f 785/590/632 169/142/145 786/527/633
f 785/590/632 786/527/633 787/591/634
f 714/513/580 788/592/635 769/587/626
f 769/587/626 436/327/358 715/326/581
f 769/587/626 715/326/581 714/513/580
f 735/560/597 260/205/222 208/168/173
f 789/533/636 260/205/222 737/532/599
f 746/569/607 790/593/637 791/589/638
f 199/162/166 345/278/296 286/229/246
f 199/162/166 286/229/246 249/194/211
f 792/594/639 226/181/189 263/208/225
f 792/594/639 263/208/225 648/272/526
f 748/571/609 793/595/640 749/572/610
f 751/205/612 794/206/641 752/573/613
f 103/58/93 795/452/158 796/451/642
f 796/451/642 797/450/643 101/61/91
f 796/451/642 101/61/91 103/58/93
f 18/18/15 203/21/22 798/596/644
f 18/18/15 798/596/644 799/597/645
f 800/598/646 801/599/647 802/600/648
f 802/600/648 803/601/649 804/602/650
f 804/602/650 805/603/651 806/604/652
f 806/604/652 800/598/646 802/600/648
f 802/600/648 804/602/650 806/604/652
f 283/226/243 807/526/150 662/521/540
f 283/226/243 662/521/540 284/227/244
f 782/583/629 808/605/653 809/606/654
f 782/583/629 809/606/654 810/607/655
f 782/583/629 810/607/655 811/608/656
f 811/608/656 812/609/657 813/610/658
f 813/610/658 767/239/624 782/583/629
f 811/608/656 813/610/658 782/583/629
f 814/380/659 815/418/660 535/441/442
f 535/441/442 816/353/661 439/354/361
f 535/441/442 439/354/361 814/380/659
f 817/611/146 818/612/662 819/350/663
f 819/350/663 820/350/664 821/349/146
f 819/350/663 821/349/146 817/611/146
f 822/25/146 823/25/146 824/25/146
f 824/25/146 825/25/146 826/25/146
f 826/25/146 827/25/146 828/25/146
f 828/25/146 829/25/146 830/25/146
f 830/25/146 831/25/146 832/25/146
f 832/25/146 833/25/146 822/25/146
f 822/25/146 824/25/146 826/25/146
f 826/25/146 828/25/146 830/25/146
f 830/25/146 832/25/146 822/25/146
f 826/25/146 830/25/146 822/25/146
f 767/239/624 834/406/665 781/407/628
f 21/18/18 835/597/666 836/596/667
f 21/18/18 836/596/667 22/21/19
f 790/593/637 282/225/242 837/613/668
f 749/572/610 793/595/640 281/224/241
f 749/572/610 281/224/241 280/223/240
f 837/613/668 282/225/242 838/614/669
f 837/613/668 838/614/669 839/615/670
f 209/169/174 261/206/223 840/616/671
f 209/169/174 840/616/671 210/170/175
f 841/617/672 842/618/673 843/619/674
f 841/617/672 843/619/674 844/620/283
f 793/595/640 845/621/675 846/622/676
f 793/595/640 846/622/676 281/224/241
f 350/283/301 349/282/300 417/337/352
f 350/283/301 417/337/352 414/334/349
f 767/239/624 813/610/658 847/405/677
f 767/239/624 847/405/677 834/406/665
f 848/362/72 849/623/678 850/624/433
f 850/624/433 851/625/433 852/626/433
f 852/626/433 853/627/433 854/628/433
f 854/628/433 855/629/679 856/630/73
f 856/630/73 848/362/72 850/624/433
f 850/624/433 852/626/433 854/628/433
f 850/624/433 854/628/433 856/630/73
f 857/631/680 858/632/681 97/87/87
f 857/631/680 97/87/87 96/86/86
f 469/380/389 438/354/360 437/353/359
f 437/353/359 657/441/535 510/418/429
f 437/353/359 510/418/429 469/380/389
f 859/607/682 860/608/683 861/633/684
f 859/607/682 861/633/684 862/606/685
f 863/252/686 864/634/687 865/635/688
f 865/635/688 866/636/688 867/637/689
f 867/637/689 868/249/690 863/252/686
f 863/252/686 865/635/688 867/637/689
f 869/638/691 870/218/692 871/219/693
f 869/638/691 871/219/693 167/140/143
f 872/639/694 873/320/695 874/640/696
f 874/640/696 875/641/697 876/642/698
f 874/640/696 876/642/698 872/639/694
f 877/169/699 878/168/700 879/172/701
f 879/172/701 880/171/702 881/170/703
f 879/172/701 881/170/703 877/169/699
f 93/83/83 882/643/509 883/644/704
f 93/83/83 883/644/704 94/84/84
f 810/607/655 809/606/654 884/633/705
f 810/607/655 884/633/705 811/608/656
f 885/621/706 886/645/707 887/622/708
f 888/646/709 889/647/710 885/621/706
f 881/170/703 890/648/711 891/616/712
f 880/171/702 892/649/713 881/170/703
f 882/643/509 893/650/714 883/644/704
f 894/25/715 895/25/716 896/25/717
f 896/25/717 897/25/718 898/25/719
f 898/25/719 899/25/719 900/25/719
f 900/25/719 894/25/715 896/25/717
f 896/25/717 898/25/719 900/25/719
f 901/651/720 902/652/721 903/653/722
f 901/651/720 903/653/722 904/654/723
f 497/405/416 905/655/724 906/610/725
f 284/227/244 664/147/542 907/148/726
f 284/227/244 907/148/726 285/228/245
f 908/656/277 909/657/278 79/69/71
f 908/656/277 79/69/71 910/658/279
f 342/275/293 543/448/449 911/659/664
f 342/275/293 911/659/664 912/660/663
f 913/661/727 914/662/728 915/663/729
f 913/661/727 915/663/729 916/664/730
f 813/610/658 812/609/657 917/655/731
f 862/606/685 861/633/684 918/665/732
f 918/665/732 919/317/733 626/271/507
f 625/268/506 920/639/734 396/320/334
f 918/665/732 626/271/507 625/268/506
f 921/605/735 862/606/685 918/665/732
f 396/320/334 395/319/333 921/605/735
f 918/665/732 625/268/506 396/320/334
f 918/665/732 396/320/334 921/605/735
f 922/666/736 187/150/154 923/328/737
f 922/666/736 923/328/737 924/667/738
f 844/620/283 925/668/739 926/669/284
f 211/171/176 927/649/740 928/670/741
f 210/170/175 929/648/742 927/649/740
f 930/615/743 931/671/744 932/672/745
f 933/614/746 886/645/707 931/671/744
f 889/647/710 934/673/747 886/645/707
f 935/674/748 936/675/749 889/647/710
f 892/649/713 937/676/750 890/648/711
f 938/670/751 939/677/752 892/649/713
f 926/669/284 925/668/739 940/678/753
f 926/669/284 940/678/753 941/679/330
f 942/680/754 943/681/755 856/630/73
f 942/680/754 856/630/73 855/629/679
f 944/682/124 945/683/124 946/626/124
f 947/684/124 948/685/124 949/686/124
f 944/682/124 946/626/124 947/684/124
f 950/630/756 951/687/757 952/688/124
f 952/688/124 944/682/124 947/684/124
f 947/684/124 949/686/124 953/689/124
f 953/689/124 954/690/758 955/362/759
f 955/362/759 950/630/756 952/688/124
f 952/688/124 947/684/124 953/689/124
f 953/689/124 955/362/759 952/688/124
f 956/609/760 957/691/761 958/692/762
f 905/655/724 496/404/415 957/691/761
f 877/169/699 794/206/641 751/205/612
f 877/169/699 751/205/612 878/168/700
f 548/453/292 959/693/293 960/694/294
f 548/453/292 960/694/294 961/695/295
f 797/450/643 796/451/642 962/696/247
f 797/450/643 962/696/247 788/592/635
f 812/609/657 963/691/763 917/655/731
f 964/140/764 965/141/765 672/226/550
f 964/140/764 672/226/550 274/219/235
f 966/697/766 273/218/234 276/221/231
f 966/697/766 276/221/231 967/698/767
f 928/670/741 968/677/768 969/699/769
f 927/649/740 970/676/770 968/677/768
f 932/672/745 971/700/771 972/701/772
f 973/702/773 974/703/774 975/704/775
f 975/704/775 934/673/747 889/647/710
f 889/647/710 936/675/749 976/705/776
f 976/705/776 973/702/773 975/704/775
f 975/704/775 889/647/710 976/705/776
f 977/706/777 978/707/778 979/708/779
f 979/708/779 980/709/779 981/710/778
f 981/710/778 982/711/780 977/706/777
f 979/708/779 981/710/778 977/706/777
f 936/675/749 983/712/781 976/705/776
f 939/677/752 984/713/782 937/676/750
f 939/677/752 985/714/783 147/132/135
f 367/298/312 439/354/361 816/353/661
f 367/298/312 816/353/661 405/327/340
f 986/715/784 987/638/785 273/218/234
f 986/715/784 273/218/234 966/697/766
f 958/692/762 988/716/786 989/717/787
f 957/691/761 990/718/788 988/716/786
f 991/719/789 992/720/790 322/264/71
f 991/719/789 322/264/71 993/721/72
f 446/361/367 445/360/232 181/144/148
f 446/361/367 181/144/148 180/143/147
f 963/691/763 994/718/791 995/404/792
f 996/692/793 997/716/794 963/691/763
f 42/15/35 76/67/68 835/597/666
f 42/15/35 835/597/666 21/18/18
f 998/722/795 999/723/796 1000/724/797
f 998/722/795 1000/724/797 1001/725/798
f 968/677/768 1002/714/799 969/699/769
f 968/677/768 1003/713/800 460/132/381
f 971/700/771 1004/726/801 972/701/772
f 2/2/2 54/45/47 198/161/165
f 2/2/2 198/161/165 49/40/42
f 976/705/776 1005/727/802 973/702/773
f 147/132/135 146/131/134 984/713/782
f 147/132/135 1006/728/803 144/129/132
f 999/723/796 1007/729/804 1000/724/797
f 1008/730/805 1009/412/806 1010/413/807
f 1010/413/807 1011/731/808 1012/732/809
f 1012/732/809 1013/316/795 919/317/733
f 919/317/733 1008/730/805 1010/413/807
f 1010/413/807 1012/732/809 919/317/733
f 1014/565/810 1015/566/811 1016/733/812
f 1016/733/812 1017/576/813 1018/734/814
f 1018/734/814 1019/547/815 1020/574/816
f 1020/574/816 1021/578/813 1014/565/810
f 1014/565/810 1016/733/812 1018/734/814
f 1014/565/810 1018/734/814 1020/574/816
f 989/717/787 1022/715/817 1023/735/818
f 1024/736/819 1025/737/820 1026/738/821
f 1027/739/822 1028/740/823 1029/741/824
f 1027/739/822 1029/741/824 1030/742/288
f 1031/743/825 1032/359/826 444/359/366
f 1033/744/827 272/217/233 1034/217/828
f 1035/716/829 966/697/766 1036/718/830
f 1037/717/831 1038/715/832 997/716/794
f 1039/745/833 1040/746/834 1041/747/835
f 460/132/381 1042/728/836 1002/714/799
f 1043/748/837 1044/749/838 1045/750/839
f 1043/748/837 1045/750/839 1046/751/840
f 1047/752/841 1048/753/842 1004/726/801
f 1049/754/843 1050/755/844 974/703/774
f 1049/754/843 974/703/774 973/702/773
f 146/131/134 145/130/133 1051/756/845
f 144/129/132 1052/757/846 145/130/133
f 1053/591/847 1054/758/848 1055/759/849
f 1053/591/847 1055/759/849 1056/760/850
f 1023/735/818 869/638/691 1057/761/851
f 1058/762/852 1059/763/553 1060/764/149
f 1058/762/852 1060/764/149 1061/765/148
f 1062/766/853 1063/767/854 1064/768/855
f 1065/769/856 1066/770/569 1067/771/857
f 1065/769/856 1067/771/857 1068/772/858
f 230/185/193 232/186/195 228/183/191
f 230/185/193 228/183/191 227/182/190
f 1069/735/859 987/638/785 1038/715/832
f 996/692/793 1070/665/860 1071/773/861
f 1071/773/861 1072/761/862 1069/735/859
f 1037/717/831 996/692/793 1071/773/861
f 1071/773/861 1069/735/859 1037/717/831
f 442/357/364 368/299/313 369/300/314
f 442/357/364 369/300/314 1073/416/863
f 1074/25/864 1075/25/864 1076/25/864
f 1076/25/864 1077/25/865 1078/25/866
f 1078/25/866 213/25/178 217/25/180
f 217/25/180 1074/25/864 1076/25/864
f 1076/25/864 1078/25/866 217/25/180
f 1079/774/867 1080/775/868 1081/776/424
f 1081/776/424 1041/747/835 1040/746/834
f 1079/774/867 1081/776/424 1040/746/834
f 459/129/380 1082/757/869 1042/728/836
f 1083/777/870 1084/778/871 1048/753/842
f 1085/779/872 1086/780/873 1087/781/874
f 1087/781/874 1088/782/875 1089/783/876
f 1090/784/877 1091/785/878 1092/786/879
f 1092/786/879 1093/787/880 1085/779/872
f 1085/779/872 1087/781/874 1089/783/876
f 1090/784/877 1092/786/879 1085/779/872
f 1089/783/876 1090/784/877 1085/779/872
f 1094/754/881 1095/788/882 1096/755/883
f 497/405/416 496/404/415 905/655/724
f 278/207/238 509/417/428 666/523/544
f 278/207/238 666/523/544 665/508/543
f 1008/730/805 1097/789/884 1009/412/806
f 1098/773/885 166/139/142 1097/789/884
f 571/475/462 570/474/461 1099/790/886
f 571/475/462 1099/790/886 1100/791/887
f 1101/792/888 1102/793/889 1103/794/890
f 1103/794/890 1104/795/891 1105/796/433
f 1105/796/433 1106/797/433 1101/792/888
f 1103/794/890 1105/796/433 1101/792/888
f 1107/798/892 468/379/388 467/378/387
f 467/378/387 1108/799/736 1109/800/893
f 1110/801/892 1107/798/892 467/378/387
f 467/378/387 1109/800/893 1110/801/892
f 1111/697/820 1112/698/894 1113/221/367
f 1111/697/820 1113/221/367 870/218/692
f 1114/802/433 1115/803/891 1116/804/895
f 1116/804/895 1117/805/218 1118/806/888
f 1118/806/888 1119/807/433 1114/802/433
f 1114/802/433 1116/804/895 1118/806/888
f 1071/773/861 1120/139/896 1072/761/862
f 918/665/732 1098/773/885 1097/789/884
f 1097/789/884 1008/730/805 919/317/733
f 1097/789/884 919/317/733 918/665/732
f 684/530/562 651/515/529 1121/570/897
f 684/530/562 1121/570/897 1122/568/898
f 458/130/379 1123/808/899 1082/757/869
f 1051/756/845 145/130/133 1124/808/900
f 1051/756/845 1124/808/900 1125/809/882
f 1083/777/870 1126/810/901 1127/811/902
f 1083/777/870 1127/811/902 1084/778/871
f 975/704/775 1128/812/903 1129/813/904
f 974/703/774 1130/814/905 1128/812/903
f 1125/809/882 1131/815/906 1132/816/907
f 1133/817/807 1134/818/906 1135/819/908
f 1009/412/806 785/590/632 1136/415/909
f 1137/820/124 1138/821/124 1139/822/124
f 1139/822/124 1140/823/124 1141/824/124
f 1139/822/124 1141/824/124 1137/820/124
f 84/74/75 83/73/74 1142/825/910
f 84/74/75 1142/825/910 1143/826/911
f 1144/827/912 1145/828/912 1146/829/912
f 1146/829/912 1147/830/912 1148/831/912
f 1144/827/912 1146/829/912 1148/831/912
f 1149/832/913 1150/833/914 1151/834/9
f 1151/834/9 1152/835/812 1153/836/811
f 1151/834/9 1153/836/811 1149/832/913
f 1154/837/915 1155/838/549 1156/839/916
f 1154/837/915 1156/839/916 1157/840/917
f 576/478/467 575/472/466 1158/841/918
f 576/478/467 1158/841/918 1159/842/919
f 1160/109/316 323/265/279 1161/843/920
f 117/102/106 116/101/105 1160/109/316
f 1161/843/920 117/102/106 1160/109/316
f 1162/844/921 1163/845/922 1164/846/923
f 1162/844/921 1164/846/923 1165/847/924
f 871/219/693 1166/220/925 807/526/150
f 871/219/693 807/526/150 283/226/243
f 1167/848/926 1168/849/124 709/543/575
f 709/543/575 708/542/574 1169/850/927
f 709/543/575 1169/850/927 1167/848/926
f 1170/851/928 1171/852/929 222/177/185
f 221/176/184 1089/783/876 1088/782/875
f 1088/782/875 1172/853/930 1173/854/931
f 1088/782/875 1173/854/931 1174/855/932
f 1175/856/933 1170/851/928 222/177/185
f 221/176/184 1088/782/875 1174/855/932
f 1174/855/932 1175/856/933 222/177/185
f 222/177/185 221/176/184 1174/855/932
f 1176/857/934 1177/858/935 1178/859/936
f 1176/857/934 1178/859/936 1179/860/934
f 504/412/423 1180/590/937 1181/789/938
f 1182/861/146 310/252/268 309/251/267
f 309/251/267 1183/862/146 1184/863/146
f 309/251/267 1184/863/146 1182/861/146
f 1081/776/424 1185/864/939 1186/865/425
f 1187/809/940 1188/815/939 1123/808/899
f 1189/866/907 858/632/681 1130/814/905
f 1130/814/905 1096/755/883 1095/788/882
f 1189/866/907 1130/814/905 1095/788/882
f 1126/810/901 1190/867/941 1127/811/902
f 975/704/775 1191/868/942 1126/810/901
f 1129/813/904 1192/869/943 1193/870/944
f 1128/812/903 857/631/680 1192/869/943
f 1130/814/905 858/632/681 857/631/680
f 1189/866/907 1194/871/945 858/632/681
f 1195/872/946 1194/871/945 1134/818/906
f 1196/414/946 1197/758/947 1198/873/948
f 1136/415/909 787/591/634 1197/758/947
f 1199/277/949 1200/874/950 1201/875/951
f 589/484/480 588/483/479 760/581/619
f 589/484/480 760/581/619 1202/876/952
f 1199/277/949 1201/875/951 589/484/480
f 589/484/480 1202/876/952 1199/277/949
f 1203/877/953 1204/878/954 443/358/365
f 1203/877/953 443/358/365 1025/737/820
f 656/443/534 1205/442/955 1206/321/956
f 656/443/534 1206/321/956 657/441/535
f 1207/879/957 1208/880/958 1209/881/959
f 1209/881/959 1210/882/960 1211/883/960
f 1207/879/957 1209/881/959 1211/883/960
f 942/680/754 1212/884/273 1213/681/272
f 942/680/754 1213/681/272 943/681/755
f 1214/357/961 508/416/427 1215/300/962
f 1214/357/961 1215/300/962 1216/299/963
f 1217/885/964 1218/886/965 1045/750/839
f 1217/885/964 1045/750/839 1044/749/838
f 1219/887/966 1220/888/766 269/214/230
f 1219/887/966 269/214/230 1221/889/967
f 507/415/426 1053/591/847 1180/590/937
f 506/414/425 1054/758/848 507/415/426
f 1186/865/425 485/393/404 1222/890/968
f 1223/816/969 1224/891/970 1188/815/939
f 1067/771/857 1066/770/569 1225/892/971
f 1225/892/971 1226/893/972 573/477/464
f 1225/892/971 573/477/464 1067/771/857
f 1191/868/942 1227/894/973 1190/867/941
f 1129/813/904 1228/895/974 1191/868/942
f 1229/896/975 1230/897/976 1231/898/977
f 1232/899/978 1233/900/979 1229/896/975
f 1229/896/975 1231/898/977 1232/899/978
f 1228/895/974 1234/901/980 1235/902/981
f 1228/895/974 1235/902/981 1236/903/982
f 1227/894/973 1236/903/982 483/391/402
f 1227/894/973 483/391/402 482/390/401
f 1237/904/948 1238/905/983 1194/871/945
f 1197/758/947 1239/906/984 1198/873/948
f 1240/907/985 1241/908/986 1242/909/987
f 1242/909/987 1243/910/988 1244/911/989
f 1242/909/987 1244/911/989 1240/907/985
f 1245/912/990 1246/913/991 1247/914/277
f 1247/914/277 1248/915/316 1249/916/992
f 1247/914/277 1249/916/992 1245/912/990
f 97/87/87 1238/905/983 1250/917/993
f 97/87/87 1250/917/993 98/88/88
f 142/127/130 1251/918/546 1252/919/994
f 142/127/130 1252/919/994 143/128/131
f 1253/920/124 1254/921/995 1255/922/996
f 1255/922/996 1256/923/988 1257/924/997
f 1257/924/997 1258/925/124 1259/926/124
f 1259/926/124 1260/927/124 1261/928/124
f 1261/928/124 1262/929/124 1253/920/124
f 1253/920/124 1255/922/996 1257/924/997
f 1257/924/997 1259/926/124 1261/928/124
f 1253/920/124 1257/924/997 1261/928/124
f 1046/751/840 1045/750/839 1263/586/998
f 1046/751/840 1263/586/998 1264/585/999
f 1054/758/848 1265/906/1000 1055/759/849
f 1222/890/968 484/392/403 1266/930/1000
f 858/632/681 1194/871/945 1238/905/983
f 858/632/681 1238/905/983 97/87/87
f 282/225/242 281/224/241 846/622/676
f 282/225/242 846/622/676 838/614/669
f 1228/895/974 1236/903/982 1227/894/973
f 1193/870/944 1234/901/980 1228/895/974
f 1267/931/1001 1268/932/1002 1269/933/1003
f 1270/934/1004 99/89/89 1268/932/1002
f 1236/903/982 1235/902/981 1271/935/1005
f 1236/903/982 1271/935/1005 483/391/402
f 1272/666/1006 1273/667/1007 407/328/342
f 1272/666/1006 407/328/342 406/150/341
f 1274/936/984 1250/917/993 1238/905/983
f 1275/759/1008 1276/937/1009 1239/906/984
f 1277/760/1010 1278/938/1011 1275/759/1008
f 1279/266/1012 1280/939/1013 1277/760/1010
f 1059/763/553 466/377/386 465/376/124
f 1059/763/553 465/376/124 1060/764/149
f 1281/25/1014 895/25/716 894/25/715
f 1281/25/1014 894/25/715 1282/25/1015
f 1283/940/1016 1284/941/1017 1285/942/1018
f 1285/942/1018 1161/843/920 323/265/279
f 323/265/279 322/264/71 992/720/790
f 992/720/790 1283/940/1016 1285/942/1018
f 1285/942/1018 323/265/279 992/720/790
f 786/527/633 1279/266/1012 1277/760/1010
f 786/527/633 1277/760/1010 787/591/634
f 1286/640/1019 396/320/334 920/639/734
f 920/639/734 1287/642/1020 1288/641/1021
f 920/639/734 1288/641/1021 1286/640/1019
f 1289/943/1022 1290/944/1023 1291/945/124
f 1289/943/1022 1291/945/124 1292/946/1024
f 1293/947/545 512/420/431 515/423/124
f 1293/947/545 515/423/124 1294/948/1023
f 1295/25/1025 1296/25/204 1297/25/1026
f 1295/25/1025 1297/25/1026 1298/25/1027
f 870/218/692 1113/221/367 1166/220/925
f 870/218/692 1166/220/925 871/219/693
f 324/266/280 1299/939/1028 325/267/281
f 1056/760/850 1300/938/1029 1299/939/1028
f 1055/759/849 1301/937/1030 1300/938/1029
f 1266/930/1000 1302/949/1031 1303/950/1030
f 1304/951/1032 1305/952/1033 1306/953/569
f 1304/951/1032 1306/953/569 1307/954/1034
f 934/673/747 975/704/775 1126/810/901
f 934/673/747 1126/810/901 1083/777/870
f 971/700/771 931/671/744 934/673/747
f 934/673/747 1083/777/870 1047/752/841
f 1047/752/841 971/700/771 934/673/747
f 877/169/699 881/170/703 1308/616/1035
f 877/169/699 1308/616/1035 794/206/641
f 1309/955/1036 1310/956/1037 1311/957/1038
f 1311/957/1038 1312/958/1039 1269/933/1003
f 1269/933/1003 1268/932/1002 1309/955/1036
f 1311/957/1038 1269/933/1003 1309/955/1036
f 1313/959/1040 1309/955/1036 1268/932/1002
f 1268/932/1002 1314/960/1041 1315/431/1042
f 1268/932/1002 1315/431/1042 1313/959/1040
f 1235/902/981 1316/961/1043 1317/962/1044
f 1235/902/981 1317/962/1044 1271/935/1005
f 1318/963/1009 1319/964/1045 1250/917/993
f 187/150/154 186/149/153 1320/329/1046
f 187/150/154 1320/329/1046 923/328/737
f 1321/267/1047 1322/965/1048 1280/939/1013
f 409/149/344 1323/966/1049 1321/267/1047
f 567/471/459 1324/967/1050 1325/841/1051
f 567/471/459 1325/841/1051 568/472/459
f 1326/968/573 1327/969/994 1290/944/1023
f 1326/968/573 1290/944/1023 1289/943/1022
f 545/450/451 1328/592/1052 1329/696/253
f 545/450/451 1329/696/253 546/451/216
f 1278/938/1011 571/475/462 1100/791/887
f 1100/791/887 1330/970/1053 1331/971/1054
f 1331/971/1054 1276/937/1009 1278/938/1011
f 1100/791/887 1331/971/1054 1278/938/1011
f 397/321/335 396/320/334 1286/640/1019
f 397/321/335 1286/640/1019 536/442/443
f 1332/972/1055 1333/973/1056 1155/838/549
f 1332/972/1055 1155/838/549 1154/837/915
f 456/371/377 455/370/376 1334/974/1057
f 456/371/377 1334/974/1057 1335/975/1058
f 186/149/153 1336/966/1059 1337/329/1060
f 1303/950/1030 1338/976/1061 1339/977/1062
f 96/86/86 99/89/89 1270/934/1004
f 96/86/86 1270/934/1004 1192/869/943
f 1029/741/824 1028/740/823 1340/978/1063
f 1340/978/1063 1341/979/1064 1342/71/1065
f 1340/978/1063 1342/71/1065 1029/741/824
f 1343/980/1066 1316/961/1043 1235/902/981
f 1344/981/1067 1345/982/1068 1343/980/1066
f 1343/980/1066 1235/902/981 1344/981/1067
f 1346/983/1069 1347/984/1070 1348/985/1071
f 1349/986/1072 1350/987/1073 1346/983/1069
f 1348/985/1071 1349/986/1072 1346/983/1069
f 1351/885/1074 1352/988/1075 1353/989/1075
f 1353/989/1075 1354/990/1075 1355/991/1075
f 1355/991/1075 1356/992/1076 1351/885/1074
f 1353/989/1075 1355/991/1075 1351/885/1074
f 1357/993/1077 1358/994/1078 1319/964/1045
f 678/522/556 184/147/151 187/150/154
f 678/522/556 187/150/154 922/666/736
f 1359/995/1079 1360/996/1080 1361/997/1081
f 1359/995/1079 1361/997/1081 1362/998/1082
f 1363/329/1083 1364/999/1084 1323/966/1049
f 1365/1000/342 1366/1001/1085 1367/1002/1086
f 1057/761/851 869/638/691 167/140/143
f 1057/761/851 167/140/143 166/139/142
f 799/597/645 798/596/644 1368/189/911
f 799/597/645 1368/189/911 224/179/187
f 1369/25/1087 1370/25/1088 1371/25/1089
f 514/422/388 513/421/432 539/445/445
f 514/422/388 539/445/445 538/444/393
f 1372/25/1090 1373/25/1091 1374/25/1092
f 835/597/666 236/179/199 238/189/201
f 835/597/666 238/189/201 836/596/667
f 788/592/635 962/696/247 1375/1003/297
f 788/592/635 1375/1003/297 769/587/626
f 923/328/737 1376/772/1093 1377/769/1094
f 1337/329/1060 1378/999/1095 1379/772/1096
f 1009/412/806 1136/415/909 1196/414/946
f 1009/412/806 1196/414/946 1010/413/807
f 1339/977/1062 1380/1004/1097 1381/1005/1098
f 1347/984/1070 1382/1006/1099 1348/985/1071
f 1383/25/1100 1384/25/1100 1385/25/125
f 1383/25/1100 1385/25/125 1386/25/1101
f 1387/1007/1102 1388/1008/1103 1389/1009/1104
f 1389/1009/1104 1358/994/1078 1390/1010/1105
f 508/416/427 403/297/338 469/380/389
f 508/416/427 469/380/389 1215/300/962
f 1391/25/126 1392/25/1106 1393/25/1100
f 1391/25/126 1393/25/1100 1394/25/1100
f 633/508/512 707/525/573 1395/524/1022
f 633/508/512 1395/524/1022 1396/523/1107
f 1397/1011/1108 1398/1012/1109 1399/1013/254
f 1397/1011/1108 1399/1013/254 1400/1014/1110
f 1401/1015/1111 1402/1016/1112 1403/538/1113
f 1403/538/1113 1404/1017/1114 1405/1018/1115
f 1403/538/1113 1405/1018/1115 1401/1015/1111
f 1406/475/1116 1300/938/1029 1301/937/1030
f 1407/971/1117 1408/970/1118 1409/791/1119
f 1406/475/1116 1301/937/1030 1407/971/1117
f 1407/971/1117 1409/791/1119 1406/475/1116
f 1410/1019/124 1411/1020/388 1412/1021/1120
f 1410/1019/124 1412/1021/1120 1413/1022/1121
f 1379/772/1096 1414/476/1122 1415/771/1123
f 1416/505/1124 1417/594/1125 76/67/68
f 1416/505/1124 76/67/68 75/66/67
f 1418/1023/1119 1381/1005/1098 1419/1024/1126
f 1420/1025/1127 1421/1026/1128 1419/1024/1126
f 1380/1004/1097 1422/1027/1129 1420/1025/1127
f 1419/1024/1126 1380/1004/1097 1420/1025/1127
f 1312/958/1039 1423/1028/1130 1424/1029/1131
f 1425/429/1132 1426/1030/1133 1427/1031/1134
f 1423/1028/1130 1311/957/1038 1428/1032/1135
f 1425/429/1132 1427/1031/1134 1423/1028/1130
f 1423/1028/1130 1428/1032/1135 1425/429/1132
f 1429/1033/1136 1430/1034/1137 1427/1031/1134
f 1429/1033/1136 1427/1031/1134 1431/1035/1138
f 1432/1036/1139 1433/1037/1140 1430/1034/1137
f 1432/1036/1139 1430/1034/1137 1434/1038/1141
f 1435/1039/1142 1389/1009/1104 1436/1040/1143
f 1436/1040/1143 1437/1041/1144 1433/1037/1140
f 1433/1037/1140 1438/1042/1145 1439/428/1146
f 1440/427/1146 1435/1039/1142 1436/1040/1143
f 1433/1037/1140 1439/428/1146 1440/427/1146
f 1436/1040/1143 1433/1037/1140 1440/427/1146
f 901/651/720 1201/875/951 1200/874/950
f 901/651/720 1200/874/950 1441/276/1147
f 1442/1043/1148 902/652/721 901/651/720
f 901/651/720 1441/276/1147 1443/660/1149
f 1443/660/1149 1442/1043/1148 901/651/720
f 1444/210/1150 1445/209/1151 1446/213/1152
f 1446/213/1152 1447/212/1150 1448/211/1150
f 1446/213/1152 1448/211/1150 1444/210/1150
f 1067/771/857 573/477/464 572/476/463
f 1412/1021/1120 1411/1020/388 1449/433/892
f 1450/1044/892 1451/1045/893 1452/1046/1006
f 1412/1021/1120 1449/433/892 1450/1044/892
f 1450/1044/892 1452/1046/1006 1412/1021/1120
f 1453/1047/1153 1454/1048/1087 1455/1049/1089
f 1453/1047/1153 1455/1049/1089 1456/1050/1154
f 787/591/634 1277/760/1010 1275/759/1008
f 787/591/634 1275/759/1008 1197/758/947
f 509/417/428 508/416/427 1214/357/961
f 509/417/428 1214/357/961 666/523/544
f 1457/751/1155 1458/1051/1156 1459/1052/1157
f 1457/751/1155 1459/1052/1157 1460/585/1158
f 1461/1053/1159 1462/1054/323 1463/1055/322
f 1463/1055/322 1464/124/322 1465/123/322
f 1463/1055/322 1465/123/322 1461/1053/1159
f 1466/1056/1160 1467/1057/737 1468/1058/1094
f 1466/1056/1160 1468/1058/1094 1469/1059/1161
f 1419/1024/1126 1470/1060/1162 1471/1061/1163
f 1472/1062/1164 1473/1063/1165 1474/1064/1166
f 1475/1065/1167 1476/1066/1168 1477/1067/1169
f 1478/1068/1170 1346/983/1069 1350/987/1073
f 1478/1068/1170 1350/987/1073 1479/1069/1171
f 1480/1070/1172 1481/1071/1173 1482/1072/1174
f 1312/958/1039 1483/1073/1175 1350/987/1073
f 1424/1029/1131 1484/1074/1176 1485/626/1177
f 1423/1028/1130 1486/1075/1178 1484/1074/1176
f 1487/1076/1179 1488/1077/1180 1489/1078/1178
f 1488/1077/1180 1490/1079/1181 1491/1080/1182
f 1491/1080/1182 1492/1081/1140 1493/1082/1183
f 1494/1083/1184 1495/1084/1185 1496/1085/1144
f 1496/1085/1144 1497/1086/1186 1498/1087/1187
f 1494/1083/1184 1496/1085/1144 1498/1087/1187
f 393/317/331 1499/730/1188 1181/789/938
f 1181/789/938 1071/773/861 1070/665/860
f 1181/789/938 1070/665/860 393/317/331
f 1500/1088/972 1501/1089/1189 1502/1090/464
f 1503/1091/971 1504/1092/1190 1500/1088/972
f 1505/1093/567 1506/1094/1191 1225/892/568
f 1507/1093/1027 1508/1094/1192 1509/1095/1193
f 1510/1096/1194 1511/1097/1195 1512/1098/1192
f 1513/893/1196 1514/1099/392 1515/1100/1197
f 1502/1090/464 1501/1089/1189 1516/1101/1198
f 1502/1090/464 1516/1101/1198 1517/1102/460
f 1518/1103/1199 1519/1104/1200 1520/1105/1201
f 1521/1106/1202 1522/1107/1203 1523/1108/1204
f 1524/1109/1205 1525/1110/1206 1526/1111/1165
f 1524/1109/1205 1526/1111/1165 1527/1112/1207
f 1528/1113/1208 1526/1111/1165 1529/1114/1209
f 1530/1115/1210 1531/1116/1211 1529/1114/1209
f 1532/1117/1175 1533/1118/1212 1530/1115/1210
f 1424/1029/1131 1534/1119/1213 1483/1073/1175
f 1535/1120/1214 1536/1121/1215 1537/1122/1216
f 1536/1121/1215 1535/1120/1214 1538/1123/1217
f 1539/1124/1218 1540/1125/1219 1541/1126/1220
f 1539/1124/1218 1541/1126/1220 1542/1127/1218
f 1085/779/872 1093/787/880 1086/780/873
f 1543/1128/1221 1544/1129/1222 1401/1015/1111
f 1401/1015/1111 1405/1018/1115 1545/1130/1223
f 1401/1015/1111 1545/1130/1223 1543/1128/1221
f 1546/1131/1224 1175/856/933 1174/855/932
f 1546/1131/1224 1170/851/928 1175/856/933
f 375/306/317 605/492/493 1516/1101/1198
f 1516/1101/1198 1501/1089/1189 376/307/318
f 1516/1101/1198 376/307/318 375/306/317
f 35/29/30 34/28/29 1547/1132/1225
f 35/29/30 1547/1132/1225 1548/1133/1226
f 1549/1134/1227 1550/1135/1227 1551/1120/1227
f 1552/1136/1228 1553/1137/1229 1554/1138/1230
f 1552/1136/1228 1554/1138/1230 1555/1139/1231
f 1549/1134/1227 1551/1120/1227 1552/1136/1228
f 1549/1134/1227 1552/1136/1228 1555/1139/1231
f 1091/785/878 1556/1140/1232 590/485/481
f 590/485/481 1086/780/873 1092/786/879
f 1091/785/878 590/485/481 1092/786/879
f 1086/780/873 589/484/480 1087/781/874
f 1172/853/930 901/651/720 1546/1131/1224
f 1172/853/930 1546/1131/1224 1173/854/931
f 222/177/185 1171/852/929 1546/1131/1224
f 904/654/723 223/178/186 222/177/185
f 222/177/185 1546/1131/1224 904/654/723
f 219/174/182 218/173/181 1557/1141/1233
f 1557/1141/1233 1558/1142/1234 1559/1143/1234
f 1557/1141/1233 1559/1143/1234 1560/1144/1235
f 1561/1145/1236 219/174/182 1557/1141/1233
f 1557/1141/1233 1560/1144/1235 1561/1145/1236
f 904/654/723 903/653/722 1562/22/1237
f 904/654/723 1562/22/1237 1557/1141/1233
f 1563/1146/1238 587/482/478 1564/1147/1239
f 1564/1147/1239 1565/456/1240 1566/455/1241
f 1564/1147/1239 1566/455/1241 1567/454/1241
f 1568/695/1241 1563/1146/1238 1564/1147/1239
f 1564/1147/1239 1567/454/1241 1568/695/1241
f 1569/1148/1242 1570/1149/1243 1571/1150/1244
f 1571/1150/1244 1572/1151/1245 1573/1152/1246
f 1573/1152/1246 1574/1153/1247 1575/657/1248
f 1575/657/1248 1569/1148/1242 1571/1150/1244
f 1571/1150/1244 1573/1152/1246 1575/657/1248
f 1576/563/54 1577/562/1249 1578/561/1250
f 1579/567/1251 1015/566/811 1014/565/810
f 1580/564/55 1576/563/54 1578/561/1250
f 1579/567/1251 1014/565/810 1580/564/55
f 1580/564/55 1578/561/1250 1579/567/1251
f 1581/65/1252 16/16/13 15/15/12
f 15/15/12 1582/67/1253 623/66/504
f 15/15/12 623/66/504 1581/65/1252
f 1583/1154/1254 1341/979/1064 1340/978/1063
f 1340/978/1063 1584/1155/1255 1585/262/1256
f 1585/262/1256 123/108/112 122/107/111
f 1583/1154/1254 1340/978/1063 1585/262/1256
f 1583/1154/1254 1585/262/1256 122/107/111
f 1562/22/1237 903/653/722 1586/1156/1257
f 1562/22/1237 1586/1156/1257 1587/694/1258
f 1588/1157/1258 1589/1158/1259 1562/22/1237
f 1562/22/1237 1587/694/1258 1590/1159/1258
f 1562/22/1237 1590/1159/1258 1588/1157/1258
f 649/273/527 1591/417/1260 1073/416/863
f 649/273/527 1073/416/863 366/297/311
f 1592/1160/124 1593/1161/124 1594/1162/1261
f 1595/1163/1262 1596/1164/1263 1597/1165/124
f 1595/1163/1262 1597/1165/124 1598/1166/124
f 1592/1160/124 1594/1162/1261 1599/1167/1264
f 1595/1163/1262 1598/1166/124 1600/1168/124
f 1600/1168/124 1592/1160/124 1599/1167/1264
f 1600/1168/124 1599/1167/1264 1595/1163/1262
f 1601/1169/316 1602/1170/1265 1603/1171/992
f 1604/1172/1266 1605/1173/1267 118/103/107
f 118/103/107 1522/1107/1203 1521/1106/1202
f 1604/1172/1266 118/103/107 1521/1106/1202
f 1605/1173/1267 119/104/108 118/103/107
f 1531/1116/1211 1606/1174/1268 1528/1113/1208
f 1607/1175/1269 1606/1174/1268 1531/1116/1211
f 1607/1175/1269 1531/1116/1211 1608/1118/1270
f 1609/1176/1271 1610/1177/1272 121/106/110
f 1609/1176/1271 121/106/110 120/105/109
f 1611/1178/1273 1608/1118/1270 1612/1179/1274
f 1612/1179/1274 1613/1180/1275 1614/1181/1273
f 1614/1181/1273 1615/1182/1276 1616/1183/1277
f 1617/1184/1278 1611/1178/1273 1612/1179/1274
f 1614/1181/1273 1616/1183/1277 1617/1184/1278
f 1612/1179/1274 1614/1181/1273 1617/1184/1278
f 1612/1179/1274 1618/1185/1279 1619/1186/1280
f 1612/1179/1274 1619/1186/1280 1613/1180/1275
f 1620/1187/1281 1621/1188/1282 1618/1185/1279
f 1620/1187/1281 1618/1185/1279 1622/1189/1283
f 1623/1190/1284 1620/1187/1281 1622/1189/1283
f 1624/1191/1285 1625/1078/1286 1488/1077/1180
f 1624/1191/1285 1488/1077/1180 1626/1192/1287
f 1627/1193/1288 1628/1194/1287 1629/1195/1285
f 1627/1193/1288 1629/1195/1285 1630/1196/1289
f 1631/1197/1290 1632/1198/1291 1633/656/1292
f 1631/1197/1290 1633/656/1292 1634/1199/1292
f 1628/1194/1287 1627/1193/1288 1635/1200/1292
f 1635/1200/1292 1631/1197/1290 1634/1199/1292
f 1634/1199/1292 1628/1194/1287 1635/1200/1292
f 1626/1192/1287 1488/1077/1180 1636/1201/1293
f 1637/1202/1294 1638/1203/1295 1639/1204/1296
f 1637/1202/1294 1639/1204/1296 1640/1205/1297
f 1641/493/1298 1570/1149/1243 1569/1148/1242
f 1569/1148/1242 1638/1203/1295 1637/1202/1294
f 1637/1202/1294 1642/1206/1299 1516/1101/1198
f 1516/1101/1198 605/492/493 607/494/494
f 1641/493/1298 1569/1148/1242 1637/1202/1294
f 1637/1202/1294 1516/1101/1198 607/494/494
f 1641/493/1298 1637/1202/1294 607/494/494
f 587/482/478 1563/1146/1238 758/579/617
f 587/482/478 758/579/617 588/483/479
f 1586/1156/1257 903/653/722 902/652/721
f 1586/1156/1257 902/652/721 1643/1207/1300
f 169/142/145 168/141/144 285/228/245
f 169/142/145 285/228/245 786/527/633
f 99/89/89 98/88/88 1644/1208/1301
f 99/89/89 1644/1208/1301 1645/1209/1302
f 1161/843/920 1285/942/1018 472/383/392
f 118/103/107 117/102/106 1161/843/920
f 472/383/392 118/103/107 1161/843/920
f 745/568/606 747/570/608 749/572/610
f 745/568/606 749/572/610 280/223/240
f 1340/978/1063 1646/1210/1303 1584/1155/1255
f 1511/1097/1195 472/383/392 1285/942/1018
f 1511/1097/1195 1285/942/1018 1284/941/1017
f 1028/740/823 1647/1211/1304 1340/978/1063
f 1027/739/822 1648/1212/1305 1028/740/823
f 1231/898/977 1230/897/976 1649/1213/1306
f 1231/898/977 1649/1213/1306 1027/739/822
f 1650/1214/1307 1232/899/978 1231/898/977
f 1573/1152/1246 1651/1215/1308 1652/1216/1309
f 1573/1152/1246 1652/1216/1309 1232/899/978
f 1504/1092/1190 378/309/320 377/308/319
f 1653/1217/1310 1647/1211/1304 1654/1218/1311
f 991/719/789 1655/1219/1312 1512/1098/1192
f 1512/1098/1192 1511/1097/1195 1283/940/1016
f 992/720/790 991/719/789 1512/1098/1192
f 1512/1098/1192 1283/940/1016 992/720/790
f 1656/1220/1313 1657/1221/1314 1658/1222/1315
f 1656/1220/1313 1658/1222/1315 1659/1223/1316
f 1660/1224/1317 1661/1225/1318 913/661/727
f 1660/1224/1317 913/661/727 916/664/730
f 1662/1226/1319 1663/1227/1320 1664/1228/1321
f 1662/1226/1319 1664/1228/1321 1665/1229/1322
f 1027/739/822 1649/1213/1306 1666/1230/1323
f 1027/739/822 1666/1230/1323 1648/1212/1305
f 684/530/562 1122/568/898 783/569/630
f 684/530/562 783/569/630 685/531/563
f 980/709/779 979/708/779 842/618/673
f 980/709/779 842/618/673 841/617/672
f 498/406/417 497/405/416 906/610/725
f 498/406/417 906/610/725 296/239/256
f 1648/1212/1305 1666/1230/1323 1667/1231/1324
f 1667/1231/1324 1668/1232/1325 1647/1211/1304
f 1667/1231/1324 1647/1211/1304 1648/1212/1305
f 1669/1233/1326 1233/900/979 1232/899/978
f 1232/899/978 1670/1234/1327 1671/1235/1328
f 1672/1236/1328 1673/1237/1329 1674/1238/1191
f 1669/1233/1326 1232/899/978 1671/1235/1328
f 1672/1236/1328 1674/1238/1191 1661/1225/1318
f 1675/1239/1328 1669/1233/1328 1671/1235/1328
f 1671/1235/1328 1672/1236/1328 1661/1225/1318
f 1661/1225/1318 1660/1224/1317 1676/1240/1328
f 1676/1240/1328 1675/1239/1328 1671/1235/1328
f 1671/1235/1328 1661/1225/1318 1676/1240/1328
f 1677/1241/1330 1678/1242/1331 1679/1243/1332
f 1678/1242/1331 1680/1244/1333 1679/1243/1332
f 262/207/224 633/508/512 1396/523/1107
f 262/207/224 1396/523/1107 1591/417/1260
f 1681/1245/1334 1682/1246/1335 1683/1243/1336
f 1682/1246/1335 1684/1247/1337 1683/1243/1336
f 1674/1238/1191 1685/1248/1338 1686/662/1339
f 1512/1098/1192 1687/1249/1340 1688/1250/1193
f 6/6/6 5/5/5 2/2/2
f 6/6/6 2/2/2 1/1/1
f 4/4/4 1689/1251/1341 1690/1252/1342
f 4/4/4 1690/1252/1342 5/5/5
f 64/55/56 63/54/55 1691/1253/1343
f 17/17/14 15/15/12 14/14/11
f 17/17/14 14/14/11 1692/34/1344
f 17/17/14 204/20/169 18/18/15
f 1693/22/1345 1694/1254/1345 1695/23/1345
f 1696/1255/1263 1564/1147/1239 1697/1256/1346
f 40/17/33 42/15/35 21/18/18
f 42/15/35 41/14/34 1698/13/1347
f 42/15/35 1698/13/1347 77/16/69
f 1699/1257/616 1700/1258/1348 1701/1259/1348
f 1701/1259/1348 1702/1260/1348 1703/1261/1348
f 1704/1262/375 1699/1257/616 1701/1259/1348
f 1701/1259/1348 1703/1261/1348 1704/1262/375
f 49/40/42 48/39/41 52/43/45
f 3/3/3 2/2/2 51/42/44
f 57/48/50 56/47/49 1705/1263/1349
f 57/48/50 1705/1263/1349 127/112/116
f 1706/1264/1350 1707/1265/61 128/113/117
f 128/113/117 131/116/120 1708/1266/1351
f 1708/1266/1351 62/53/54 61/52/53
f 61/52/53 1706/1264/1350 128/113/117
f 128/113/117 1708/1266/1351 61/52/53
f 71/62/63 70/61/62 67/58/59
f 71/62/63 67/58/59 66/57/58
f 623/66/504 70/61/62 73/64/65
f 623/66/504 73/64/65 1581/65/1252
f 82/72/22 1709/1267/21 83/73/74
f 1710/1268/1352 1711/1269/294 1063/767/854
f 1710/1268/1352 1063/767/854 1062/766/853
f 1712/507/1353 665/508/543 668/525/546
f 1712/507/1353 668/525/546 1713/541/130
f 1045/750/839 1218/886/965 1714/582/895
f 1045/750/839 1714/582/895 1263/586/998
f 89/79/19 1715/1270/1354 90/80/80
f 104/62/94 101/61/91 100/64/90
f 104/62/94 100/64/90 1716/63/1355
f 1717/59/1356 1718/60/1357 103/58/93
f 1717/59/1356 103/58/93 102/57/92
f 1719/1271/1358 44/35/37 46/37/39
f 109/94/98 108/93/97 1720/1272/1359
f 1719/1271/1358 46/37/39 109/94/98
f 1719/1271/1358 109/94/98 1720/1272/1359
f 1721/1273/1360 1722/293/1360 201/164/168
f 113/98/102 112/97/101 1721/1273/1360
f 1721/1273/1360 201/164/168 113/98/102
f 1723/1274/1361 58/49/51 57/48/50
f 57/48/50 126/111/115 205/165/170
f 205/165/170 253/198/215 53/44/46
f 53/44/46 5/5/5 1690/1252/1342
f 1723/1274/1361 57/48/50 205/165/170
f 53/44/46 1690/1252/1342 1723/1274/1361
f 1723/1274/1361 205/165/170 53/44/46
f 1724/1275/1362 133/118/122 132/117/121
f 132/117/121 126/111/115 125/110/114
f 132/117/121 125/110/114 1724/1275/1362
f 1725/1276/1363 129/114/118 128/113/117
f 132/117/121 134/119/123 1725/1276/1363
f 1725/1276/1363 128/113/117 206/166/171
f 1725/1276/1363 206/166/171 132/117/121
f 263/208/225 262/207/224 1591/417/1260
f 263/208/225 1591/417/1260 649/273/527
f 329/271/285 393/317/331 1070/665/860
f 1070/665/860 884/633/705 809/606/654
f 808/605/653 721/319/587 873/320/695
f 1070/665/860 809/606/654 808/605/653
f 326/268/282 329/271/285 1070/665/860
f 873/320/695 872/639/694 326/268/282
f 1070/665/860 808/605/653 873/320/695
f 1070/665/860 873/320/695 326/268/282
f 1726/25/1364 1727/25/1364 1369/25/1087
f 1369/25/1087 1728/25/1153 1729/25/1365
f 1729/25/1365 1730/25/893 1726/25/1364
f 1369/25/1087 1729/25/1365 1726/25/1364
f 1709/1267/21 1731/1277/124 1732/1278/124
f 1732/1278/124 1733/1279/124 91/81/81
f 91/81/81 90/80/80 1734/1280/1366
f 1735/1281/124 1736/1282/124 1737/1283/124
f 91/81/81 1734/1280/1366 1735/1281/124
f 1709/1267/21 1732/1278/124 91/81/81
f 1142/825/910 83/73/74 1709/1267/21
f 1735/1281/124 1737/1283/124 1738/1284/124
f 1738/1284/124 1142/825/910 1709/1267/21
f 1709/1267/21 91/81/81 1735/1281/124
f 1735/1281/124 1738/1284/124 1709/1267/21
f 1739/1285/1367 1462/1054/323 1461/1053/1159
f 1739/1285/1367 1461/1053/1159 1740/1286/1368
f 1741/403/924 1742/402/1369 768/238/625
f 781/407/628 834/406/665 847/405/677
f 1741/403/924 768/238/625 781/407/628
f 847/405/677 995/404/792 1741/403/924
f 781/407/628 847/405/677 1741/403/924
f 192/155/159 105/90/93 111/96/100
f 192/155/159 111/96/100 1743/1287/1370
f 196/159/163 190/153/157 189/152/156
f 114/99/103 113/98/102 195/158/162
f 114/99/103 195/158/162 194/157/161
f 132/117/121 207/167/172 205/165/170
f 206/166/171 254/199/216 207/167/172
f 1118/806/888 1117/805/218 1744/1288/1371
f 1118/806/888 1744/1288/1371 1745/1289/1372
f 224/179/187 1368/189/911 225/180/188
f 1254/921/995 1746/831/1373 1747/830/1373
f 1254/921/995 1747/830/1373 1255/922/996
f 141/126/129 1748/1290/1353 142/127/130
f 236/179/199 277/181/237 237/180/200
f 1749/203/1374 1750/202/1375 1751/201/889
f 1749/203/1374 1751/201/889 1752/204/1376
f 191/154/158 190/153/157 249/194/211
f 190/153/157 195/158/162 200/163/167
f 1650/1214/1307 1753/1291/1377 1754/70/1378
f 1754/70/1378 1574/1153/1247 1573/1152/1246
f 1754/70/1378 1573/1152/1246 1650/1214/1307
f 54/45/47 53/44/46 251/196/213
f 254/199/216 293/236/253 255/200/217
f 226/181/189 225/180/188 262/207/224
f 1556/1140/1232 1091/785/878 1090/784/877
f 1090/784/877 1755/1292/1379 1554/1138/1230
f 1553/1137/1229 1556/1140/1232 1090/784/877
f 1090/784/877 1554/1138/1230 1553/1137/1229
f 277/181/237 340/208/291 278/207/238
f 250/195/212 249/194/211 286/229/246
f 249/194/211 200/163/167 199/162/166
f 198/161/165 289/232/249 199/162/166
f 54/45/47 252/197/214 289/232/249
f 252/197/214 251/196/213 290/233/250
f 251/196/213 253/198/215 292/235/252
f 293/236/253 356/289/305 288/231/248
f 623/66/504 1582/67/1253 792/594/639
f 623/66/504 792/594/639 624/505/505
f 648/272/526 263/208/225 649/273/527
f 627/270/508 626/271/507 919/317/733
f 627/270/508 919/317/733 1013/316/795
f 340/208/291 339/273/290 509/417/428
f 340/208/291 509/417/428 278/207/238
f 1756/1293/384 1757/1294/1380 1758/1295/1381
f 1756/1293/384 1758/1295/1381 1759/1296/1382
f 287/230/247 286/229/246 345/278/296
f 199/162/166 347/280/298 345/278/296
f 289/232/249 348/281/299 347/280/298
f 252/197/214 291/234/251 348/281/299
f 291/234/251 290/233/250 349/282/300
f 290/233/250 292/235/252 351/284/302
f 292/235/252 288/231/248 352/285/303
f 288/231/248 356/289/305 358/291/304
f 365/296/310 649/273/527 366/297/311
f 1760/915/276 1761/914/272 1762/913/1383
f 1763/912/274 1764/1297/1384 1760/915/276
f 1762/913/1383 1763/912/274 1760/915/276
f 402/296/337 435/298/357 403/297/338
f 346/279/297 410/330/345 1765/1298/1385
f 1766/286/296 477/288/397 479/287/345
f 347/280/298 412/332/347 411/331/346
f 348/281/299 413/333/348 412/332/347
f 291/234/251 350/283/301 413/333/348
f 349/282/300 351/284/302 416/336/351
f 351/284/302 352/285/303 418/338/353
f 355/288/303 354/287/304 419/339/354
f 792/594/639 648/272/526 647/513/525
f 792/594/639 647/513/525 624/505/505
f 366/297/311 814/380/659 439/354/361
f 403/297/338 435/298/357 438/354/360
f 812/609/657 811/608/656 884/633/705
f 884/633/705 1070/665/860 996/692/793
f 884/633/705 996/692/793 812/609/657
f 477/288/397 526/340/399 478/339/398
f 412/332/347 481/389/400 480/388/399
f 413/333/348 415/335/350 481/389/400
f 417/337/352 416/336/351 488/396/407
f 416/336/351 418/338/353 1767/1299/1386
f 420/340/353 419/339/354 493/401/412
f 814/380/659 542/419/448 815/418/660
f 1768/911/1387 1769/910/1388 1770/909/1389
f 1770/909/1389 1771/908/1390 1772/907/1391
f 1770/909/1389 1772/907/1391 1768/911/1387
f 1773/1300/1392 1774/1301/1393 1775/1301/1394
f 1773/1300/1392 1775/1301/1394 1776/1300/1395
f 526/340/399 591/399/482 527/401/434
f 1777/398/1396 593/400/484 591/399/482
f 415/335/350 487/395/406 529/435/436
f 489/397/408 488/396/407 530/436/437
f 492/400/411 491/399/410 532/438/439
f 491/399/410 493/401/412 534/440/441
f 542/419/448 541/447/447 609/481/496
f 609/481/496 659/480/537 394/318/332
f 394/318/332 815/418/660 542/419/448
f 609/481/496 394/318/332 542/419/448
f 306/248/264 608/247/495 541/447/447
f 578/248/469 511/419/430 579/447/470
f 1072/761/862 1120/139/896 964/140/764
f 1072/761/862 964/140/764 987/638/785
f 591/399/482 594/438/485 592/440/483
f 593/400/484 643/439/521 594/438/485
f 487/395/406 645/511/523 595/486/486
f 531/437/438 530/436/437 596/487/487
f 533/439/440 532/438/439 598/489/489
f 532/438/439 534/440/441 600/491/491
f 1778/1302/1397 1779/1303/1397 1780/1304/1397
f 1781/1305/1398 308/250/266 307/249/265
f 1782/76/1399 1778/1302/1397 1780/1304/1397
f 1780/1304/1397 1781/1305/1398 307/249/265
f 1783/75/1400 1782/76/1399 1780/1304/1397
f 1780/1304/1397 307/249/265 1783/75/1400
f 608/247/495 658/509/536 609/481/496
f 304/246/262 1784/510/1401 1785/509/497
f 1775/1301/1394 1774/1301/1393 1786/1226/1402
f 1775/1301/1394 1786/1226/1402 1787/1226/1403
f 501/409/477 1788/1306/476 1789/1307/513
f 580/247/471 579/447/470 583/481/474
f 594/438/485 644/489/522 642/491/520
f 643/439/521 680/490/558 644/489/522
f 645/511/523 682/528/560 646/512/524
f 684/530/562 486/394/405 489/397/408
f 531/437/438 597/488/488 651/515/529
f 684/530/562 489/397/408 531/437/438
f 531/437/438 651/515/529 684/530/562
f 597/488/488 596/487/487 650/514/528
f 599/490/490 598/489/489 652/516/530
f 598/489/489 600/491/491 654/518/532
f 1783/75/1400 1790/78/959 1791/77/1404
f 1783/75/1400 1791/77/1404 1782/76/1399
f 658/509/536 661/520/539 659/480/537
f 660/510/538 294/237/254 661/520/539
f 1792/767/259 1793/1269/295 1794/1268/1405
f 1792/767/259 1794/1268/1405 1795/766/1406
f 669/510/547 636/509/514 670/520/548
f 636/509/514 583/481/474 582/480/473
f 1796/1308/1407 733/558/596 732/557/595
f 1797/1309/1407 1798/1310/441 1799/1311/1408
f 1796/1308/1407 732/557/595 1797/1309/1407
f 357/290/306 1800/1312/1407 1796/1308/1407
f 1801/1313/354 358/291/304 357/290/306
f 1796/1308/1407 1797/1309/1407 1799/1311/1408
f 1799/1311/1408 1801/1313/354 357/290/306
f 1799/1311/1408 357/290/306 1796/1308/1407
f 644/489/522 681/516/559 679/518/557
f 680/490/558 736/517/598 681/516/559
f 682/528/560 685/531/563 683/529/561
f 653/517/531 652/516/530 686/532/564
f 652/516/530 654/518/532 1802/560/1409
f 737/532/599 260/205/222 735/560/597
f 737/532/599 735/560/597 681/516/559
f 651/515/529 650/514/528 1803/1314/1410
f 651/515/529 1803/1314/1410 1121/570/897
f 704/540/572 661/520/539 297/240/257
f 704/540/572 297/240/257 762/548/621
f 1804/356/1411 1216/299/963 584/245/475
f 1804/356/1411 584/245/475 1805/588/1412
f 671/237/549 670/520/548 716/240/582
f 1806/201/1413 717/540/583 670/520/548
f 670/520/548 582/480/473 720/539/586
f 1807/204/1413 1806/201/1413 670/520/548
f 670/520/548 720/539/586 1807/204/1413
f 1802/560/1409 751/205/612 686/532/564
f 1802/560/1409 686/532/564 652/516/530
f 736/517/598 1808/533/1414 737/532/599
f 747/570/608 1809/1314/1415 748/571/609
f 750/533/611 686/532/564 751/205/612
f 1802/560/1409 878/168/700 751/205/612
f 647/513/525 404/326/339 405/327/340
f 405/327/340 1810/587/1416 1328/592/1052
f 405/327/340 1328/592/1052 647/513/525
f 297/240/257 296/239/256 763/583/622
f 295/238/255 499/407/418 296/239/256
f 1811/750/1417 1812/586/1418 1813/582/890
f 1811/750/1417 1813/582/890 1814/886/1419
f 369/300/314 306/248/264 542/419/448
f 369/300/314 542/419/448 814/380/659
f 1815/585/1420 1816/584/1421 782/583/629
f 716/240/582 718/548/584 1817/582/1420
f 1818/586/1420 1815/585/1420 782/583/629
f 716/240/582 1817/582/1420 1818/586/1420
f 782/583/629 716/240/582 1818/586/1420
f 789/533/636 1819/573/1422 260/205/222
f 746/569/607 279/222/239 790/593/637
f 748/571/609 1820/1315/1423 793/595/640
f 296/239/256 499/407/418 498/406/417
f 664/147/542 406/150/341 409/149/344
f 664/147/542 409/149/344 907/148/726
f 1250/917/993 1319/964/1045 1358/994/1078
f 1358/994/1078 1821/1316/1424 1822/1044/1425
f 1822/1044/1425 1644/1208/1301 98/88/88
f 98/88/88 1250/917/993 1358/994/1078
f 1358/994/1078 1822/1044/1425 98/88/88
f 260/205/222 1819/573/1422 261/206/223
f 790/593/637 279/222/239 282/225/242
f 399/323/315 1823/1317/279 1824/1318/71
f 399/323/315 1824/1318/71 400/324/70
f 572/476/463 571/475/462 1278/938/1011
f 1278/938/1011 1280/939/1013 1322/965/1048
f 1322/965/1048 1321/267/1047 1323/966/1049
f 1364/999/1084 1068/772/858 572/476/463
f 1322/965/1048 1323/966/1049 1364/999/1084
f 572/476/463 1278/938/1011 1322/965/1048
f 1322/965/1048 1364/999/1084 572/476/463
f 885/621/706 889/647/710 886/645/707
f 888/646/709 935/674/748 889/647/710
f 881/170/703 892/649/713 890/648/711
f 880/171/702 938/670/751 892/649/713
f 882/643/509 1825/1319/508 893/650/714
f 906/610/725 905/655/724 956/609/760
f 917/655/731 995/404/792 847/405/677
f 847/405/677 813/610/658 917/655/731
f 844/620/283 843/619/674 925/668/739
f 211/171/176 210/170/175 927/649/740
f 210/170/175 1826/616/1426 929/648/742
f 930/615/743 933/614/746 931/671/744
f 933/614/746 887/622/708 886/645/707
f 935/674/748 1827/1320/1427 936/675/749
f 892/649/713 939/677/752 937/676/750
f 938/670/751 1828/699/1428 939/677/752
f 956/609/760 905/655/724 957/691/761
f 1829/1321/876 1830/1322/876 1831/1323/1429
f 1831/1323/1429 959/693/293 548/453/292
f 548/453/292 552/457/455 1829/1321/876
f 1831/1323/1429 548/453/292 1829/1321/876
f 917/655/731 963/691/763 995/404/792
f 812/609/657 996/692/793 963/691/763
f 928/670/741 927/649/740 968/677/768
f 927/649/740 929/648/742 970/676/770
f 932/672/745 931/671/744 971/700/771
f 931/671/744 886/645/707 934/673/747
f 1820/1315/1423 1832/646/1430 845/621/675
f 1820/1315/1423 845/621/675 793/595/640
f 936/675/749 1827/1320/1427 983/712/781
f 939/677/752 147/132/135 984/713/782
f 939/677/752 1828/699/1428 985/714/783
f 1409/791/1119 1833/790/1206 1834/474/1431
f 1409/791/1119 1834/474/1431 1406/475/1116
f 958/692/762 957/691/761 988/716/786
f 957/691/761 496/404/415 990/718/788
f 620/363/278 619/503/501 849/623/678
f 620/363/278 849/623/678 848/362/72
f 963/691/763 997/716/794 994/718/791
f 996/692/793 1037/717/831 997/716/794
f 968/677/768 460/132/381 1002/714/799
f 968/677/768 970/676/770 1003/713/800
f 971/700/771 1047/752/841 1004/726/801
f 976/705/776 983/712/781 1005/727/802
f 147/132/135 985/714/783 1006/728/803
f 999/723/796 1835/1324/808 1007/729/804
f 989/717/787 988/716/786 1022/715/817
f 1836/716/819 1837/718/1432 1111/697/820
f 1838/1325/1433 1150/833/914 1149/832/913
f 1838/1325/1433 1149/832/913 1839/1326/1434
f 1840/1327/829 1841/1328/784 1220/888/766
f 1037/717/831 1069/735/859 1038/715/832
f 1787/1226/1403 1786/1226/1402 1842/1229/1435
f 1787/1226/1403 1842/1229/1435 1843/1229/1436
f 581/318/472 1206/321/956 873/320/695
f 581/318/472 873/320/695 721/319/587
f 1039/745/833 1844/1329/1437 1040/746/834
f 460/132/381 459/129/380 1042/728/836
f 460/132/381 1003/713/800 457/131/378
f 1047/752/841 1083/777/870 1048/753/842
f 973/702/773 1005/727/802 1049/754/843
f 144/129/132 1006/728/803 1052/757/846
f 1835/1324/808 1133/817/807 1135/819/908
f 1135/819/908 1845/1330/1438 1007/729/804
f 1135/819/908 1007/729/804 1835/1324/808
f 989/717/787 1023/735/818 1057/761/851
f 1057/761/851 1098/773/885 918/665/732
f 918/665/732 958/692/762 989/717/787
f 989/717/787 1057/761/851 918/665/732
f 1023/735/818 1022/715/817 869/638/691
f 1846/1331/1439 1398/1012/1109 1397/1011/1108
f 1846/1331/1439 1397/1011/1108 1847/1332/124
f 1848/1333/124 1849/1334/1440 1850/1335/414
f 1850/1335/414 1846/1331/1439 1847/1332/124
f 1851/1336/124 1852/1337/124 1853/1338/124
f 1850/1335/414 1847/1332/124 1851/1336/124
f 1854/1339/124 1848/1333/124 1850/1335/414
f 1854/1339/124 1850/1335/414 1851/1336/124
f 1851/1336/124 1853/1338/124 1855/1340/124
f 1856/1341/124 1332/972/1055 1154/837/915
f 1851/1336/124 1855/1340/124 1856/1341/124
f 1854/1339/124 1851/1336/124 1856/1341/124
f 1856/1341/124 1154/837/915 1157/840/917
f 1165/847/924 1164/846/923 1857/1342/124
f 1856/1341/124 1157/840/917 1165/847/924
f 1858/1343/124 1854/1339/124 1856/1341/124
f 1305/952/1033 1304/951/1032 1859/1344/124
f 1858/1343/124 1856/1341/124 1165/847/924
f 1305/952/1033 1859/1344/124 1858/1343/124
f 1860/1345/124 1861/1346/567 1305/952/1033
f 1862/1243/124 1863/1347/124 1860/1345/124
f 1864/1348/124 1865/1349/124 1862/1243/124
f 242/193/205 1866/1350/1027 1864/1348/124
f 1867/1351/124 239/190/202 242/193/205
f 1868/1352/124 1867/1351/124 242/193/205
f 242/193/205 1864/1348/124 1862/1243/124
f 1862/1243/124 1860/1345/124 1305/952/1033
f 1305/952/1033 1858/1343/124 1165/847/924
f 1165/847/924 1857/1342/124 1869/1353/124
f 1868/1352/124 242/193/205 1862/1243/124
f 1305/952/1033 1165/847/924 1869/1353/124
f 1869/1353/124 1868/1352/124 1862/1243/124
f 1869/1353/124 1862/1243/124 1305/952/1033
f 1069/735/859 1072/761/862 987/638/785
f 459/129/380 458/130/379 1082/757/869
f 457/131/378 1870/756/1441 458/130/379
f 663/522/541 1272/666/1006 406/150/341
f 663/522/541 406/150/341 664/147/542
f 145/130/133 1052/757/846 1124/808/900
f 715/326/581 436/327/358 435/298/357
f 715/326/581 435/298/357 402/296/337
f 1098/773/885 1057/761/851 166/139/142
f 1871/1354/146 1872/1355/1442 1873/1356/1443
f 1873/1356/1443 1874/1357/278 1875/1357/277
f 1875/1357/277 1876/1358/1444 1877/1359/146
f 1877/1359/146 1878/1360/146 1871/1354/146
f 1871/1354/146 1873/1356/1443 1875/1357/277
f 1875/1357/277 1877/1359/146 1871/1354/146
f 1071/773/861 1181/789/938 1120/139/896
f 1499/730/1188 504/412/423 1181/789/938
f 770/588/627 1879/1361/1445 304/246/262
f 770/588/627 304/246/262 303/245/261
f 1880/778/1446 1881/811/1447 1882/1362/940
f 975/704/775 974/703/774 1128/812/903
f 974/703/774 1050/755/844 1130/814/905
f 1125/809/882 1124/808/900 1131/815/906
f 1133/817/807 1195/872/946 1134/818/906
f 1009/412/806 1097/789/884 785/590/632
f 1033/744/827 1221/889/967 269/214/230
f 1033/744/827 269/214/230 272/217/233
f 504/412/423 507/415/426 1180/590/937
f 1081/776/424 1080/775/868 1185/864/939
f 1187/809/940 1223/816/969 1188/815/939
f 1126/810/901 1191/868/942 1190/867/941
f 975/704/775 1129/813/904 1191/868/942
f 1129/813/904 1128/812/903 1192/869/943
f 1128/812/903 1130/814/905 857/631/680
f 1132/816/907 1131/815/906 1883/891/945
f 1195/872/946 1237/904/948 1194/871/945
f 1196/414/946 1136/415/909 1197/758/947
f 1136/415/909 785/590/632 787/591/634
f 507/415/426 1054/758/848 1053/591/847
f 506/414/425 1884/873/968 1054/758/848
f 1186/865/425 1185/864/939 485/393/404
f 1885/1363/969 482/390/401 485/393/404
f 1190/867/941 1227/894/973 482/390/401
f 1191/868/942 1228/895/974 1227/894/973
f 1129/813/904 1193/870/944 1228/895/974
f 1193/870/944 1192/869/943 1270/934/1004
f 1192/869/943 857/631/680 96/86/86
f 1237/904/948 1274/936/984 1238/905/983
f 1197/758/947 1275/759/1008 1239/906/984
f 1187/809/940 1123/808/899 458/130/379
f 1187/809/940 458/130/379 1870/756/1441
f 1054/758/848 1884/873/968 1265/906/1000
f 1222/890/968 485/393/404 484/392/403
f 1274/936/984 1318/963/1009 1250/917/993
f 1275/759/1008 1278/938/1011 1276/937/1009
f 1277/760/1010 1280/939/1013 1278/938/1011
f 1279/266/1012 1321/267/1047 1280/939/1013
f 1453/1047/1153 1456/1050/1154 1886/1364/1448
f 1453/1047/1153 1886/1364/1448 1365/1000/342
f 324/266/280 1056/760/850 1299/939/1028
f 1056/760/850 1055/759/849 1300/938/1029
f 1055/759/849 1265/906/1000 1301/937/1030
f 1266/930/1000 484/392/403 1302/949/1031
f 1234/901/980 1344/981/1067 1235/902/981
f 1267/931/1001 1269/933/1003 1344/981/1067
f 1887/1365/1449 1888/1366/1450 1889/1367/1451
f 1889/1367/1451 1890/1368/1451 1891/1369/1452
f 1889/1367/1451 1891/1369/1452 1887/1365/1449
f 1892/432/1453 1314/960/1041 1268/932/1002
f 1268/932/1002 99/89/89 1645/1209/1302
f 1268/932/1002 1645/1209/1302 1892/432/1453
f 1893/801/1454 1422/1027/1129 1380/1004/1097
f 1338/976/1061 1302/949/1031 1271/935/1005
f 1893/801/1454 1380/1004/1097 1338/976/1061
f 1271/935/1005 1317/962/1044 1893/801/1454
f 1338/976/1061 1271/935/1005 1893/801/1454
f 1318/963/1009 1357/993/1077 1319/964/1045
f 1894/965/1455 1299/939/1028 1300/938/1029
f 1300/938/1029 1406/475/1116 1414/476/1122
f 1414/476/1122 1379/772/1096 1378/999/1095
f 1378/999/1095 1336/966/1059 325/267/281
f 1894/965/1455 1300/938/1029 1414/476/1122
f 1378/999/1095 325/267/281 1894/965/1455
f 1894/965/1455 1414/476/1122 1378/999/1095
f 409/149/344 1363/329/1083 1323/966/1049
f 1895/25/876 1896/25/876 1897/25/876
f 1897/25/876 1898/25/876 1899/25/876
f 1899/25/876 640/25/518 639/25/517
f 639/25/517 1281/25/1014 1282/25/1015
f 1900/25/1456 1895/25/1456 1897/25/1456
f 639/25/517 1282/25/1015 1900/25/876
f 1897/25/876 1899/25/876 639/25/517
f 1897/25/876 639/25/517 1900/25/876
f 1901/1370/1371 1102/793/889 1101/792/888
f 1901/1370/1371 1101/792/888 1902/1371/1372
f 186/149/153 325/267/281 1336/966/1059
f 325/267/281 1299/939/1028 1894/965/1455
f 907/148/726 409/149/344 1321/267/1047
f 907/148/726 1321/267/1047 1279/266/1012
f 1303/950/1030 1302/949/1031 1338/976/1061
f 1903/1372/1457 1345/982/1068 1344/981/1067
f 1344/981/1067 1348/985/1071 1382/1006/1099
f 1903/1372/1457 1344/981/1067 1382/1006/1099
f 1269/933/1003 1312/958/1039 1350/987/1073
f 1350/987/1073 1349/986/1072 1348/985/1071
f 1348/985/1071 1344/981/1067 1269/933/1003
f 1350/987/1073 1348/985/1071 1269/933/1003
f 1309/955/1036 1313/959/1040 1904/1373/1458
f 1357/993/1077 1390/1010/1105 1358/994/1078
f 483/391/402 1271/935/1005 1302/949/1031
f 483/391/402 1302/949/1031 484/392/403
f 1363/329/1083 1068/772/858 1364/999/1084
f 407/328/1459 1905/769/1448 1906/772/1460
f 897/25/718 896/25/717 1907/25/1461
f 1908/25/1461 331/25/287 330/25/286
f 897/25/718 1907/25/1461 1908/25/1461
f 330/25/286 1909/25/1461 897/25/718
f 1908/25/1461 330/25/286 897/25/718
f 1467/1057/737 1910/1374/1462 1911/1375/1463
f 1337/329/1060 1336/966/1059 1378/999/1095
f 1339/977/1062 1338/976/1061 1380/1004/1097
f 1912/1376/1464 1913/1377/1465 977/706/777
f 977/706/777 982/711/780 1914/1378/1465
f 1914/1378/1465 1915/1379/1465 1765/1298/1385
f 1765/1298/1385 410/330/345 1916/1380/398
f 1765/1298/1385 1916/1380/398 1917/1381/1466
f 977/706/777 1914/1378/1465 1765/1298/1385
f 1765/1298/1385 1917/1381/1466 1912/1376/1464
f 1912/1376/1464 977/706/777 1765/1298/1385
f 1358/994/1078 1389/1009/1104 1388/1008/1103
f 1918/426/1467 1821/1316/1424 1358/994/1078
f 1358/994/1078 1388/1008/1103 1918/426/1467
f 1436/1040/1143 1389/1009/1104 1390/1010/1105
f 1068/772/858 1067/771/857 572/476/463
f 1497/1086/1186 1517/1102/460 1516/1101/1198
f 1516/1101/1198 1919/1382/1468 1920/1383/1469
f 1516/1101/1198 1920/1383/1469 1921/1384/1470
f 1922/1385/1471 1923/1386/1472 1497/1086/1186
f 1497/1086/1186 1516/1101/1198 1921/1384/1470
f 1921/1384/1470 1922/1385/1471 1497/1086/1186
f 1381/1005/1098 1380/1004/1097 1419/1024/1126
f 1419/1024/1126 1421/1026/1128 1470/1060/1162
f 1924/142/1473 677/527/555 676/228/554
f 1924/142/1473 676/228/554 965/141/765
f 1312/958/1039 1311/957/1038 1423/1028/1130
f 1925/430/1474 1428/1032/1135 1311/957/1038
f 1925/430/1474 1311/957/1038 1926/1387/1475
f 1431/1035/1138 1427/1031/1134 1426/1030/1133
f 1434/1038/1141 1430/1034/1137 1429/1033/1136
f 1387/1007/1102 1389/1009/1104 1435/1039/1142
f 1433/1037/1140 1432/1036/1139 1438/1042/1145
f 1927/892/1194 1928/770/204 1415/771/1123
f 1415/771/1123 1929/477/390 1513/893/1196
f 1415/771/1123 1513/893/1196 1927/892/1194
f 1415/771/1123 1414/476/1122 1929/477/390
f 1473/1063/1165 1472/1062/1164 1477/1067/1169
f 1473/1063/1165 1477/1067/1169 1476/1066/1168
f 1481/1071/1173 1480/1070/1172 1476/1066/1168
f 1481/1071/1173 1476/1066/1168 1475/1065/1167
f 1930/1388/1476 1479/1069/1171 1350/987/1073
f 1483/1073/1175 1480/1070/1172 1482/1072/1174
f 1930/1388/1476 1350/987/1073 1483/1073/1175
f 1483/1073/1175 1482/1072/1174 1930/1388/1476
f 1312/958/1039 1424/1029/1131 1483/1073/1175
f 1424/1029/1131 1423/1028/1130 1484/1074/1176
f 1931/1389/1130 1487/1076/1179 1489/1078/1178
f 1487/1076/1179 1490/1079/1181 1488/1077/1180
f 1491/1080/1182 1490/1079/1181 1492/1081/1140
f 1493/1082/1183 1492/1081/1140 1496/1085/1144
f 1493/1082/1183 1496/1085/1144 1495/1084/1185
f 1497/1086/1186 1923/1386/1472 1498/1087/1187
f 1919/1382/1468 1932/1390/1477 1920/1383/1469
f 1226/893/972 1933/1100/1190 1934/1099/1189
f 1503/1091/971 1674/1238/1191 1504/1092/1190
f 1505/1093/567 1935/1095/1478 1506/1094/1191
f 861/633/684 860/608/683 956/609/760
f 956/609/760 958/692/762 918/665/732
f 956/609/760 918/665/732 861/633/684
f 1507/1093/1027 1927/892/1026 1508/1094/1192
f 1510/1096/1194 1936/1391/1196 1511/1097/1195
f 1936/1391/1196 470/381/390 472/383/392
f 1519/1104/1200 1518/1103/1199 1525/1110/1206
f 1525/1110/1206 1524/1109/1205 1937/1392/1479
f 1525/1110/1206 1937/1392/1479 1519/1104/1200
f 1526/1111/1165 1528/1113/1208 1527/1112/1207
f 1528/1113/1208 1529/1114/1209 1531/1116/1211
f 1530/1115/1210 1533/1118/1212 1531/1116/1211
f 1483/1073/1175 1534/1119/1213 1938/1393/1212
f 1424/1029/1131 1485/626/1177 1534/1119/1213
f 1939/1394/1480 1538/1123/1217 1535/1120/1214
f 1535/1120/1214 1940/1135/1481 1941/1395/1482
f 1942/1396/1483 1541/1126/1220 1540/1125/1219
f 1535/1120/1214 1941/1395/1482 1942/1396/1483
f 1943/1397/1483 1939/1394/1480 1535/1120/1214
f 1942/1396/1483 1540/1125/1219 1943/1397/1483
f 1535/1120/1214 1942/1396/1483 1943/1397/1483
f 1093/787/880 1092/786/879 1086/780/873
f 1546/1131/1224 1174/855/932 1173/854/931
f 1170/851/928 1546/1131/1224 1171/852/929
f 1944/1398/1484 1548/1133/1226 1547/1132/1225
f 1945/1399/1484 1946/1143/1484 1947/1142/1484
f 1944/1398/1484 1547/1132/1225 1945/1399/1484
f 1947/1142/1484 1948/1400/1484 1944/1398/1484
f 1944/1398/1484 1945/1399/1484 1947/1142/1484
f 1553/1137/1229 1552/1136/1228 590/485/481
f 1553/1137/1229 590/485/481 1556/1140/1232
f 1086/780/873 590/485/481 589/484/480
f 1087/781/874 589/484/480 1201/875/951
f 1087/781/874 1201/875/951 1088/782/875
f 1088/782/875 1201/875/951 901/651/720
f 1088/782/875 901/651/720 1172/853/930
f 1546/1131/1224 901/651/720 904/654/723
f 223/178/186 904/654/723 1557/1141/1233
f 223/178/186 1557/1141/1233 218/173/181
f 1180/590/937 1053/591/847 677/527/555
f 1180/590/937 677/527/555 1924/142/1473
f 1103/794/890 1949/1401/1368 1950/1402/1367
f 1103/794/890 1950/1402/1367 1104/795/891
f 1951/1403/1485 1952/1404/1240 1953/1405/1239
f 1596/1164/1263 1595/1163/1262 1951/1403/1485
f 1951/1403/1485 1953/1405/1239 1596/1164/1263
f 1954/1406/1486 1599/1167/1264 1594/1162/1261
f 1594/1162/1261 1955/1407/1487 1956/1408/1259
f 1954/1406/1486 1594/1162/1261 1956/1408/1259
f 1608/1118/1270 1611/1178/1273 1607/1175/1269
f 1957/1409/1488 1610/1177/1272 1609/1176/1271
f 1958/1410/1488 1615/1182/1276 1614/1181/1273
f 1957/1409/1488 1609/1176/1271 1958/1410/1488
f 1958/1410/1488 1614/1181/1273 1959/1411/1488
f 1959/1411/1488 1957/1409/1488 1958/1410/1488
f 1619/1186/1280 1618/1185/1279 1621/1188/1282
f 1622/1189/1283 1625/1078/1286 1624/1191/1285
f 1622/1189/1283 1624/1191/1285 1960/1412/1489
f 1629/1195/1285 1623/1190/1284 1622/1189/1283
f 1961/1413/1489 1630/1196/1289 1629/1195/1285
f 1622/1189/1283 1960/1412/1489 1961/1413/1489
f 1622/1189/1283 1961/1413/1489 1629/1195/1285
f 1640/1205/1297 1639/1204/1296 1632/1198/1291
f 1640/1205/1297 1632/1198/1291 1631/1197/1290
f 1636/1201/1293 1488/1077/1180 1491/1080/1182
f 1962/1414/1490 1932/1390/1477 1919/1382/1468
f 1516/1101/1198 1642/1206/1299 1962/1414/1490
f 1962/1414/1490 1919/1382/1468 1516/1101/1198
f 1284/941/1017 1283/940/1016 1511/1097/1195
f 1646/1210/1303 1340/978/1063 1647/1211/1304
f 1646/1210/1303 1647/1211/1304 1653/1217/1310
f 1028/740/823 1648/1212/1305 1647/1211/1304
f 1027/739/822 1650/1214/1307 1231/898/977
f 1650/1214/1307 1573/1152/1246 1232/899/978
f 1573/1152/1246 1572/1151/1245 1651/1215/1308
f 1504/1092/1190 377/308/319 376/307/318
f 1504/1092/1190 376/307/318 1501/1089/1189
f 1647/1211/1304 1668/1232/1325 1963/322/1491
f 1654/1218/1311 1647/1211/1304 1963/322/1491
f 1964/263/1491 1654/1218/1311 1963/322/1491
f 1964/263/1491 1963/322/1491 1965/325/1491
f 1512/1098/1192 1655/1219/1312 1966/721/1491
f 1966/721/1491 1964/263/1491 1965/325/1491
f 1967/1415/1491 1658/1222/1315 1657/1221/1314
f 1966/721/1491 1965/325/1491 1967/1415/1491
f 1657/1221/1314 1512/1098/1192 1966/721/1491
f 1967/1415/1491 1657/1221/1314 1966/721/1491
f 1659/1223/1316 915/663/729 914/662/728
f 1659/1223/1316 914/662/728 1656/1220/1313
f 1232/899/978 1652/1216/1309 1670/1234/1327
f 379/310/321 378/309/320 1504/1092/1190
f 1674/1238/1191 1673/1237/1329 1968/1416/1492
f 379/310/321 1504/1092/1190 1674/1238/1191
f 1674/1238/1191 1968/1416/1492 379/310/321
f 1674/1238/1191 1969/1417/1478 1685/1248/1338
f 1512/1098/1192 1970/662/1493 1687/1249/1340
f 1206/321/956 1205/442/955 874/640/696
f 1206/321/956 874/640/696 873/320/695
f 1949/1401/1368 384/315/324 383/314/323
f 1949/1401/1368 383/314/323 1950/1402/1367
f 401/325/336 400/324/70 1971/1415/73
f 398/322/272 1972/1231/276 399/323/315
f 1824/1318/71 1973/1239/278 1974/1240/72
f 1975/896/316 1976/1233/277 1823/1317/279
f 816/353/661 535/441/442 537/443/444
f 816/353/661 537/443/444 1977/519/1494
f 1978/25/1495 1979/25/1496 1980/25/288
f 1981/25/288 1982/25/288 1983/25/288
f 1978/25/1495 1980/25/288 1981/25/288
f 1983/25/288 1984/25/288 1985/25/288
f 1985/25/288 1978/25/1495 1981/25/288
f 1981/25/288 1983/25/288 1985/25/288
f 475/386/395 1986/1418/1497 1987/1419/1401
f 475/386/395 1987/1419/1401 610/495/1498
f 1988/876/452 1989/580/258 544/449/450
f 1988/876/452 544/449/450 341/274/292
f 965/141/765 676/228/554 673/227/551
f 965/141/765 673/227/551 672/226/550
f 228/183/191 232/186/195 1327/969/994
f 228/183/191 1327/969/994 1326/968/573
f 1990/25/1499 1991/25/1500 1992/25/1500
f 1992/25/1500 1993/25/1500 1994/25/1501
f 1992/25/1500 1994/25/1501 1990/25/1499
f 1995/1015/1502 1996/1018/1503 1997/1017/1504
f 1997/1017/1504 1998/538/1505 1999/1016/1506
f 1997/1017/1504 1999/1016/1506 1995/1015/1502
f 2000/1154/336 78/68/70 81/71/73
f 2001/1409/272 2002/1411/276 2003/1420/315
f 79/69/71 909/657/278 80/70/72
f 2004/1199/316 908/656/277 910/658/279
f 2005/180/1507 278/207/238 665/508/543
f 2005/180/1507 665/508/543 1712/507/1353
f 2006/1421/1508 372/303/316 319/261/276
f 319/261/276 318/260/275 2007/1422/124
f 2007/1422/124 2008/1243/124 2009/1423/124
f 2009/1423/124 2006/1421/1508 319/261/276
f 319/261/276 2007/1422/124 2009/1423/124
f 2010/1424/1509 2011/1425/1510 2012/1426/1511
f 2012/1426/1511 2013/1427/1512 2014/1428/1513
f 2010/1424/1509 2012/1426/1511 2014/1428/1513
f 2015/1429/1514 2016/1430/1515 2017/681/755
f 2017/681/755 2018/630/1516 2019/1431/1517
f 2017/681/755 2019/1431/1517 2015/1429/1514
f 872/639/694 876/642/698 327/269/283
f 872/639/694 327/269/283 326/268/282
f 322/264/71 321/263/278 993/721/72
f 1160/109/316 320/262/277 323/265/279
f 29/25/25 28/25/24 638/25/516
f 638/25/516 637/25/515 2020/25/1518
f 2020/25/1518 2021/25/1518 2022/25/1518
f 2022/25/1518 29/25/25 638/25/516
f 638/25/516 2020/25/1518 2022/25/1518
f 1805/588/1412 584/245/475 586/246/477
f 1805/588/1412 586/246/477 2023/1361/1519
f 1414/476/1122 1406/475/1116 1834/474/1431
f 2024/473/391 1929/477/390 1414/476/1122
f 1834/474/1431 2024/473/391 1414/476/1122
f 1976/1233/277 1973/1239/278 1824/1318/71
f 1976/1233/277 1824/1318/71 1823/1317/279
f 2025/1432/433 2026/1433/1520 2027/1169/72
f 2025/1432/433 2027/1169/72 2028/1434/1521
f 2029/1150/272 374/305/315 373/304/70
f 2029/1150/272 373/304/70 2030/1235/336
f 2001/1409/272 2003/1420/315 78/68/70
f 2001/1409/272 78/68/70 2000/1154/336
f 2030/1235/336 373/304/70 2031/1236/73
f 2029/1150/272 606/493/276 374/305/315
f 462/373/383 574/469/465 577/479/468
f 462/373/383 577/479/468 463/374/384
f 475/386/395 474/385/394 622/504/503
f 475/386/395 622/504/503 1986/1418/1497
f 819/350/663 818/612/662 1167/848/926
f 819/350/663 1167/848/926 1169/850/927
f 2032/1435/136 2033/1436/1383 2034/1437/272
f 2034/1437/272 2035/1437/336 2036/1438/1522
f 2036/1438/1522 2037/1439/1523 2038/1440/136
f 2038/1440/136 2039/1441/136 2032/1435/136
f 2034/1437/272 2036/1438/1522 2038/1440/136
f 2034/1437/272 2038/1440/136 2032/1435/136
f 2040/1442/1384 2041/1443/494 2042/498/276
f 2043/1184/1524 2044/1410/1525 2045/1172/1526
f 835/597/666 76/67/68 1417/594/1125
f 1417/594/1125 277/181/237 236/179/199
f 1417/594/1125 236/179/199 835/597/666
f 2046/25/1364 2047/25/893 2048/25/1527
f 2048/25/1527 2049/25/1160 1373/25/1091
f 1373/25/1091 2050/25/1364 2046/25/1364
f 2048/25/1527 1373/25/1091 2046/25/1364
f 673/227/551 676/228/554 185/148/152
f 673/227/551 185/148/152 184/147/151
f 2051/363/277 955/362/759 954/690/758
f 2051/363/277 954/690/758 2052/1444/1528
f 2044/1410/1525 2043/1184/1524 2053/1183/1529
f 2054/1392/1530 2043/1184/1524 2045/1172/1526
f 2045/1172/1526 2055/1445/1531 2056/1446/1532
f 2045/1172/1526 2056/1446/1532 2054/1392/1530
f 2057/1412/1533 2058/1083/1534 2059/1414/1535
f 2060/715/821 1111/697/820 870/218/692
f 2060/715/821 870/218/692 869/638/691
f 2061/25/1536 2062/25/1536 2063/25/1536
f 2063/25/876 2064/25/876 2065/25/876
f 2066/25/876 2067/25/1537 2068/25/1538
f 2063/25/1539 2065/25/1539 2066/25/1539
f 2069/25/1540 2070/25/1541 2061/25/876
f 2061/25/876 2063/25/876 2066/25/876
f 2066/25/876 2068/25/1538 2069/25/1540
f 2061/25/876 2066/25/876 2069/25/1540
f 2071/1447/1542 1178/859/936 1177/858/935
f 1177/858/935 2072/1448/124 2073/1449/124
f 2073/1449/124 2074/1450/124 2075/1451/124
f 2076/1452/124 2077/1453/124 2078/1454/1543
f 2073/1449/124 2075/1451/124 2076/1452/124
f 2071/1447/1542 1177/858/935 2073/1449/124
f 2076/1452/124 2078/1454/1543 2071/1447/1542
f 2073/1449/124 2076/1452/124 2071/1447/1542
f 2079/1413/1544 2057/1412/1533 2080/1200/1545
f 2057/1412/1533 2059/1414/1535 2080/1200/1545
f 1921/1384/1470 2059/1414/1535 2058/1083/1534
f 1921/1384/1470 2058/1083/1534 1922/1385/1471
f 1351/885/1074 2081/748/1546 2082/749/1547
f 274/219/235 672/226/550 675/526/553
f 274/219/235 675/526/553 275/220/236
f 2083/1455/136 2084/1456/1548 2085/681/1549
f 2085/681/1549 2017/681/755 2016/1430/1515
f 2086/1457/136 2087/1458/136 2083/1455/136
f 2085/681/1549 2016/1430/1515 2086/1457/136
f 2085/681/1549 2086/1457/136 2083/1455/136
f 763/583/622 859/607/682 862/606/685
f 763/583/622 862/606/685 921/605/735
f 1459/1052/1157 1458/1051/1156 2088/1459/1550
f 2089/551/1101 2088/1459/1550 2090/1460/1551
f 2091/25/1552 2092/25/1553 2093/25/1554
f 1750/202/1375 1814/886/1419 1751/201/889
f 78/68/70 2003/1420/315 910/658/279
f 78/68/70 910/658/279 79/69/71
f 910/658/279 2003/1420/315 2002/1411/276
f 910/658/279 2002/1411/276 2004/1199/316
f 2094/1052/127 2095/1051/1555 1046/751/840
f 2094/1052/127 1046/751/840 1264/585/999
f 2088/1459/1550 1458/1051/1156 1356/992/1076
f 2096/25/1550 2097/25/1556 2098/25/1557
f 2091/25/1552 2099/25/1558 2100/25/1374
f 1750/202/1375 1749/203/1374 2101/989/1559
f 2102/885/1560 1750/202/1375 2103/988/1561
f 2104/1461/1562 2105/1462/1562 2106/857/1562
f 2106/857/1562 2107/860/1562 2108/1463/1562
f 2108/1463/1562 2109/1464/1562 2104/1461/1562
f 2106/857/1562 2108/1463/1562 2104/1461/1562
f 1458/1051/1156 1457/751/1155 2081/748/1546
f 1356/992/1076 2081/748/1546 1351/885/1074
f 1159/842/919 1158/841/918 1360/996/1080
f 1159/842/919 1360/996/1080 1359/995/1079
f 2110/1465/433 2111/1466/433 2112/1467/1563
f 2112/1467/1563 2113/923/229 2114/829/433
f 2114/829/433 2115/828/433 2116/1468/433
f 2116/1468/433 2117/1469/433 2110/1465/433
f 2110/1465/433 2112/1467/1563 2114/829/433
f 2114/829/433 2116/1468/433 2110/1465/433
f 2118/990/1564 2119/989/1564 2120/988/1564
f 2120/988/1564 1217/885/964 2121/992/1565
f 2121/992/1565 2122/991/1564 2118/990/1564
f 2120/988/1564 2121/992/1565 2118/990/1564
f 2089/551/1101 1459/1052/1157 2088/1459/1550
f 2123/549/1566 2089/551/1101 2090/1460/1551
f 2091/25/1552 2100/25/1374 2092/25/1553
f 1814/886/1419 1813/582/890 1751/201/889
f 2088/1459/1550 1356/992/1076 2124/991/1567
f 2096/25/1550 2098/25/1557 2091/25/1551
f 2100/25/1374 2099/25/1558 2125/25/1568
f 2103/988/1561 1750/202/1375 2101/989/1559
f 1351/885/1074 1814/886/1419 1750/202/1375
f 1458/1051/1156 2081/748/1546 1356/992/1076
f 1810/587/1416 2126/1003/305 1329/696/253
f 1810/587/1416 1329/696/253 1328/592/1052
f 2127/1470/1569 1474/1064/1166 1473/1063/1165
f 1473/1063/1165 2128/1471/1570 1418/1023/1119
f 1418/1023/1119 1419/1024/1126 1471/1061/1163
f 2129/1472/1569 2127/1470/1569 1473/1063/1165
f 1418/1023/1119 1471/1061/1163 2129/1472/1569
f 1473/1063/1165 1418/1023/1119 2129/1472/1569
f 400/324/70 1824/1318/71 1974/1240/72
f 400/324/70 1974/1240/72 1971/1415/73
f 2130/1473/433 2131/1464/433 2132/1463/433
f 2132/1463/433 2133/1447/1152 2134/1474/1571
f 2134/1474/1571 2135/1475/433 2136/1476/433
f 2136/1476/433 2137/1477/433 2130/1473/433
f 2132/1463/433 2134/1474/1571 2136/1476/433
f 2132/1463/433 2136/1476/433 2130/1473/433
f 2138/1478/1572 2139/1479/1572 2140/1480/1572
f 2140/1480/1572 2141/544/1573 1019/547/815
f 1019/547/815 1018/734/814 2138/1478/1572
f 2140/1480/1572 1019/547/815 2138/1478/1572
f 2142/769/1574 1379/772/1096 1415/771/1123
f 2142/769/1574 1415/771/1123 1928/770/204
f 1457/751/1155 1460/585/1158 1812/586/1418
f 1457/751/1155 1812/586/1418 1811/750/1417
f 2143/551/126 2144/1459/1575 2094/1052/127
f 2145/549/1576 2146/1460/1577 2143/551/126
f 2147/25/1578 2148/25/1579 2149/25/1580
f 1120/139/896 1924/142/1473 965/141/765
f 1120/139/896 965/141/765 964/140/764
f 1218/886/965 256/201/218 1714/582/895
f 666/523/544 1214/357/961 2150/355/1581
f 666/523/544 2150/355/1581 667/524/545
f 1882/1362/940 1881/811/1447 1190/867/941
f 1190/867/941 482/390/401 1885/1363/969
f 1190/867/941 1885/1363/969 1882/1362/940
f 2121/992/1565 2095/1051/1555 2144/1459/1575
f 2151/25/1575 2147/25/1582 2152/25/1583
f 2153/25/1584 2147/25/1578 2154/25/220
f 257/202/219 2155/989/1585 258/203/220
f 1217/885/964 257/202/219 1218/886/965
f 1753/1291/1377 1650/1214/1307 1027/739/822
f 1753/1291/1377 1027/739/822 1030/742/288
f 2081/748/1546 1457/751/1155 1811/750/1417
f 2081/748/1546 1811/750/1417 2082/749/1547
f 2095/1051/1555 1043/748/837 1046/751/840
f 2084/1456/1548 951/687/757 950/630/756
f 2084/1456/1548 950/630/756 2085/681/1549
f 2121/992/1565 1217/885/964 1043/748/837
f 1217/885/964 1044/749/838 1043/748/837
f 763/583/622 296/239/256 906/610/725
f 906/610/725 956/609/760 860/608/683
f 860/608/683 859/607/682 763/583/622
f 906/610/725 860/608/683 763/583/622
f 2094/1052/127 2144/1459/1575 2095/1051/1555
f 2143/551/126 2146/1460/1577 2144/1459/1575
f 2147/25/1578 2149/25/1580 2154/25/220
f 257/202/219 256/201/218 1218/886/965
f 2121/992/1565 2144/1459/1575 2156/991/1586
f 2151/25/1575 2152/25/1583 2157/25/1586
f 2153/25/1584 2154/25/220 2158/25/1587
f 2159/988/1588 2155/989/1585 257/202/219
f 2160/885/1589 2159/988/1588 257/202/219
f 2095/1051/1555 2121/992/1565 1043/748/837
f 1739/1285/1367 1740/1286/1368 1116/804/895
f 1739/1285/1367 1116/804/895 1115/803/891
f 183/146/150 182/145/149 1410/1019/124
f 183/146/150 1410/1019/124 1413/1022/1121
f 1181/789/938 1180/590/937 1924/142/1473
f 1181/789/938 1924/142/1473 1120/139/896
f 48/39/41 47/38/40 2161/1481/1590
f 2161/1481/1590 2162/1482/1590 2163/1483/1590
f 2163/1483/1590 2164/1484/1590 2165/1485/1590
f 2165/1485/1590 1689/1251/1341 4/4/4
f 2165/1485/1590 4/4/4 6/6/6
f 2161/1481/1590 2163/1483/1590 2165/1485/1590
f 52/43/45 48/39/41 2161/1481/1590
f 51/42/44 52/43/45 2161/1481/1590
f 2165/1485/1590 6/6/6 1/1/1
f 3/3/3 51/42/44 2161/1481/1590
f 2165/1485/1590 1/1/1 3/3/3
f 2161/1481/1590 2165/1485/1590 3/3/3
f 373/304/70 379/310/321 1968/1416/1492
f 373/304/70 1968/1416/1492 2031/1236/73
f 2166/1486/1591 2167/1487/1591 2168/1488/1591
f 2168/1488/1592 2169/1489/1592 2170/1490/1592
f 2170/1490/1592 2171/1491/1592 2172/1492/1592
f 2172/1492/1592 2166/1486/1592 2168/1488/1592
f 2168/1488/1591 2170/1490/1591 2172/1492/1591
f 167/140/143 871/219/693 283/226/243
f 167/140/143 283/226/243 168/141/144
f 2173/1493/1593 805/603/651 804/602/650
f 804/602/650 1555/1139/1231 1554/1138/1230
f 1554/1138/1230 1755/1292/1379 2174/1494/1594
f 2174/1494/1594 2175/1495/1595 2176/1496/1595
f 2176/1496/1595 2173/1493/1593 804/602/650
f 804/602/650 1554/1138/1230 2174/1494/1594
f 804/602/650 2174/1494/1594 2176/1496/1595
f 2177/1497/124 2178/1498/124 2179/1499/124
f 2179/1499/124 2180/1500/124 2181/1501/124
f 2179/1499/124 2181/1501/124 2177/1497/124
f 451/366/372 2182/1502/433 2183/626/433
f 2183/626/433 2184/1503/433 2019/1431/1517
f 2019/1431/1517 2018/630/1516 447/362/368
f 447/362/368 451/366/372 2183/626/433
f 2183/626/433 2019/1431/1517 447/362/368
f 1215/300/962 469/380/389 511/419/430
f 1215/300/962 511/419/430 578/248/469
f 2185/1504/388 473/384/393 476/387/396
f 2185/1504/388 476/387/396 2186/1505/1596
f 449/364/370 448/363/369 2051/363/277
f 2051/363/277 2052/1444/1528 2187/1506/146
f 2187/1506/146 2188/1507/146 2189/1508/146
f 2190/1509/146 449/364/370 2051/363/277
f 2051/363/277 2187/1506/146 2189/1508/146
f 2051/363/277 2189/1508/146 2190/1509/146
f 2191/1510/1597 2192/1511/277 372/303/316
f 372/303/316 2006/1421/1508 2193/1512/990
f 372/303/316 2193/1512/990 2191/1510/1597
f 405/327/340 816/353/661 1977/519/1494
f 405/327/340 1977/519/1494 1810/587/1416
f 1097/789/884 166/139/142 169/142/145
f 1097/789/884 169/142/145 785/590/632
f 1396/523/1107 1395/524/1022 440/355/362
f 1396/523/1107 440/355/362 442/357/364
f 624/505/505 647/513/525 1328/592/1052
f 624/505/505 1328/592/1052 545/450/451
f 393/317/331 392/316/330 2194/732/1598
f 2194/732/1598 2195/731/835 505/413/424
f 505/413/424 504/412/423 1499/730/1188
f 1499/730/1188 393/317/331 2194/732/1598
f 2194/732/1598 505/413/424 1499/730/1188
f 270/215/231 1058/762/852 1061/765/148
f 270/215/231 1061/765/148 271/216/232
f 1831/1323/1429 2196/1158/1599 2197/1157/1600
f 2197/1157/1600 2198/1159/663 959/693/293
f 2197/1157/1600 959/693/293 1831/1323/1429
f 2055/1445/1531 1523/1108/1204 1522/1107/1203
f 1522/1107/1203 118/103/107 471/382/391
f 1518/1103/1199 1520/1105/1201 2056/1446/1532
f 2055/1445/1531 1522/1107/1203 471/382/391
f 1518/1103/1199 2056/1446/1532 2055/1445/1531
f 2055/1445/1531 471/382/391 1518/1103/1199
f 2199/25/1500 2200/25/1500 2201/25/1499
f 2201/25/1499 2202/25/1601 2203/25/1500
f 2201/25/1499 2203/25/1500 2199/25/1500
f 1251/918/546 1293/947/545 1294/948/1023
f 1251/918/546 1294/948/1023 1252/919/994
f 85/75/76 868/249/690 867/637/689
f 2204/1304/1602 2205/1303/1602 2206/1302/1602
f 85/75/76 867/637/689 2204/1304/1602
f 2206/1302/1602 86/76/77 85/75/76
f 2204/1304/1602 2206/1302/1602 85/75/76
f 2207/50/1603 2208/49/1603 2209/1274/1603
f 2209/1274/1603 2210/1513/1603 2211/1514/1603
f 2212/1515/1603 2207/50/1603 2209/1274/1603
f 2209/1274/1604 2211/1514/1604 2212/1515/1604
f 677/527/555 1053/591/847 1056/760/850
f 677/527/555 1056/760/850 324/266/280
f 920/639/734 625/268/506 628/269/509
f 920/639/734 628/269/509 1287/642/1020
f 987/638/785 964/140/764 274/219/235
f 987/638/785 274/219/235 273/218/234
f 2213/25/1605 2214/25/1605 389/25/327
f 389/25/327 388/25/326 2215/25/1606
f 2215/25/1606 1979/25/1496 1978/25/1495
f 2213/25/1605 389/25/327 2215/25/1606
f 2213/25/1605 2215/25/1606 1978/25/1495
f 344/277/295 1988/876/452 341/274/292
f 343/276/294 342/275/293 912/660/663
f 2082/749/1547 1811/750/1417 1814/886/1419
f 2082/749/1547 1814/886/1419 1351/885/1074
f 1715/1270/1354 2216/1516/201 1734/1280/1366
f 1715/1270/1354 1734/1280/1366 90/80/80
f 1416/505/1124 797/450/643 788/592/635
f 1416/505/1124 788/592/635 714/513/580
f 549/454/452 548/453/292 961/695/295
f 960/694/294 959/693/293 2198/1159/663
f 101/61/91 797/450/643 1416/505/1124
f 101/61/91 1416/505/1124 75/66/67
f 1466/1056/1160 1469/1059/1161 2217/1517/1092
f 1466/1056/1160 2217/1517/1092 2218/1518/1091
f 2219/553/278 2220/552/1443 2221/555/1521
f 2219/553/278 2221/555/1521 2222/554/72
f 1193/870/944 1267/931/1001 1344/981/1067
f 1193/870/944 1344/981/1067 1234/901/980
f 2223/768/1607 1792/767/259 1795/766/1406
f 2224/1519/159 2225/1520/1370 2226/135/1608
f 2224/1519/159 2226/135/1608 2227/1521/1609
f 2228/1052/1610 764/584/623 763/583/622
f 763/583/622 921/605/735 395/319/333
f 395/319/333 725/550/591 2228/1052/1610
f 763/583/622 395/319/333 2228/1052/1610
f 2229/1522/1611 1850/1335/414 1849/1334/1440
f 2229/1522/1611 1849/1334/1440 2230/1523/1612
f 454/369/375 2231/1524/1613 455/370/376
f 2226/135/1608 738/561/600 2232/136/1614
f 738/561/600 744/567/605 2233/1525/1615
f 2234/599/1616 2235/1526/1617 1334/974/1057
f 455/370/376 2236/1527/1618 2237/600/1616
f 2237/600/1616 2234/599/1616 1334/974/1057
f 1334/974/1057 455/370/376 2237/600/1616
f 2238/1528/1619 2239/1529/1620 2240/1530/1621
f 2241/1531/1622 2242/1532/1623 2243/254/1624
f 2244/1533/269 2245/1534/1625 2246/1534/1626
f 2244/1533/269 2246/1534/1626 2247/1533/1627
f 2248/100/1614 2249/1535/1615 2250/1533/1628
f 2249/1535/1615 2251/1536/1058 2252/1537/1629
f 15/15/12 18/18/15 799/597/645
f 15/15/12 799/597/645 1582/67/1253
f 800/598/646 806/604/652 2253/1538/1630
f 461/372/382 1334/974/1057 2254/1539/1631
f 800/598/646 2253/1538/1630 461/372/382
f 800/598/646 461/372/382 2254/1539/1631
f 2255/1293/1632 2256/1540/1633 2257/1541/1634
f 2258/1542/1635 2259/1543/1636 2260/1534/1637
f 2255/1293/1632 2257/1541/1634 2258/1542/1635
f 2255/1293/1632 2258/1542/1635 2260/1534/1637
f 1758/1295/1381 2261/1544/1638 1663/1227/1320
f 1663/1227/1320 2262/1301/1639 2263/1300/1640
f 2263/1300/1640 1759/1296/1382 1758/1295/1381
f 1663/1227/1320 2263/1300/1640 1758/1295/1381
f 2264/1540/385 1759/1296/1382 2252/1537/1629
f 1398/1012/1109 1846/1331/1439 2265/1545/1641
f 1398/1012/1109 2265/1545/1641 1399/1013/254
f 461/372/382 2266/1546/1642 2267/373/1643
f 2255/1293/1632 2268/1300/1644 2269/1294/1645
f 1073/416/863 369/300/314 814/380/659
f 1073/416/863 814/380/659 366/297/311
f 1759/1296/1382 2263/1300/1640 2270/1534/1646
f 2261/1544/1638 2271/1547/1647 2272/1548/1079
f 2261/1544/1638 2272/1548/1079 1663/1227/1320
f 2273/1492/1648 2274/1491/1648 2275/1490/1648
f 2275/1490/1648 2276/1489/1648 2277/1488/1648
f 2277/1488/1649 2278/1487/1649 2279/1486/1649
f 2279/1486/1648 2273/1492/1648 2275/1490/1648
f 2275/1490/1649 2277/1488/1649 2279/1486/1649
f 2267/373/1643 566/470/458 565/469/457
f 815/418/660 394/318/332 397/321/335
f 815/418/660 397/321/335 535/441/442
f 2280/1052/1650 722/550/588 721/319/587
f 721/319/587 808/605/653 782/583/629
f 782/583/629 1816/584/1421 2280/1052/1650
f 2280/1052/1650 721/319/587 782/583/629
f 1758/1295/1381 1757/1294/1380 2281/1549/467
f 2281/1549/467 2271/1547/1647 2261/1544/1638
f 2281/1549/467 2261/1544/1638 1758/1295/1381
f 414/334/349 417/337/352 489/397/408
f 414/334/349 489/397/408 486/394/405
f 1591/417/1260 1396/523/1107 442/357/364
f 1591/417/1260 442/357/364 1073/416/863
f 2282/1301/1651 2283/1548/1652 2284/1547/1653
f 2245/1534/1625 1773/1300/1392 1776/1300/1395
f 2245/1534/1625 1776/1300/1395 2246/1534/1626
f 2262/1301/1639 1663/1227/1320 1662/1226/1319
f 2285/1550/1654 2286/1551/1507 1748/1290/1353
f 2285/1550/1654 1748/1290/1353 141/126/129
f 2069/25/1540 1078/25/866 1077/25/865
f 2287/25/1655 2070/25/1541 2069/25/1540
f 1077/25/865 2287/25/1655 2069/25/1540
f 1324/967/1050 2288/996/1656 1325/841/1051
f 2289/1552/1657 2290/1553/1658 2291/1554/1659
f 2283/1548/1652 2292/1226/1660 2293/1555/1661
f 2289/1552/1657 2291/1554/1659 2283/1548/1652
f 2283/1548/1652 2293/1555/1661 2289/1552/1657
f 2252/1537/1629 1759/1296/1382 2270/1534/1646
f 2252/1537/1629 2270/1534/1646 2250/1533/1628
f 1663/1227/1320 2294/1554/1082 1664/1228/1321
f 2295/1556/1662 1361/997/1081 2288/996/1656
f 2296/1528/1663 2297/1530/1664 2298/1529/1659
f 2299/1531/1665 2300/254/1666 2301/1532/1667
f 1665/1229/1322 2302/1557/1668 2303/1263/1669
f 1664/1228/1321 2304/1558/1434 2302/1557/1668
f 1335/975/1058 1334/974/1057 461/372/382
f 1335/975/1058 461/372/382 464/375/385
f 2305/1559/1670 2306/1560/1671 1838/1325/1433
f 1361/997/1081 2307/1561/1672 2308/1562/1673
f 2305/1559/1670 1838/1325/1433 1361/997/1081
f 2305/1559/1670 1361/997/1081 2308/1562/1673
f 2309/136/1669 1578/561/1250 2310/135/1674
f 2311/1525/1668 1579/567/1251 1578/561/1250
f 1417/594/1125 1416/505/1124 714/513/580
f 1417/594/1125 714/513/580 338/272/289
f 2312/1563/1675 2313/1564/1676 1150/833/914
f 1838/1325/1433 2314/1565/1677 2315/1566/1675
f 2315/1566/1675 2312/1563/1675 1150/833/914
f 1150/833/914 1838/1325/1433 2315/1566/1675
f 2310/135/1674 2316/1520/1678 2317/1519/118
f 2310/135/1674 2317/1519/118 2318/1521/1679
f 1643/1207/1300 902/652/721 1442/1043/1148
f 1643/1207/1300 1442/1043/1148 2319/659/1680
f 1216/299/963 1215/300/962 578/248/469
f 1216/299/963 578/248/469 584/245/475
f 1150/833/914 2320/1567/1681 1151/834/9
f 2321/1568/1682 2322/1521/1682 162/135/139
f 162/135/139 161/134/138 2323/1569/1682
f 2321/1568/1682 162/135/139 2323/1569/1682
f 2324/1570/100 739/562/601 738/561/600
f 738/561/600 2226/135/1608 2225/1520/1370
f 2324/1570/100 738/561/600 2225/1520/1370
f 2325/1571/600 2249/1535/1615 2248/100/1614
f 744/567/605 2326/1572/1058 2233/1525/1615
f 2327/1573/1683 2236/1527/1618 455/370/376
f 2327/1573/1683 455/370/376 2231/1524/1613
f 2243/254/1624 2242/1532/1623 2328/1574/1684
f 2243/254/1624 2328/1574/1684 2329/255/1684
f 2249/1535/1615 2252/1537/1629 2250/1533/1628
f 2251/1536/1058 2264/1540/385 2252/1537/1629
f 2254/1539/1631 1334/974/1057 2235/1526/1617
f 805/603/651 2173/1493/1593 2253/1538/1630
f 805/603/651 2253/1538/1630 806/604/652
f 2330/1575/1619 2257/1541/1634 2256/1540/1633
f 2331/292/1685 2332/295/1686 2333/1533/1624
f 2260/1534/1637 2259/1543/1636 2331/292/1685
f 2331/292/1685 2333/1533/1624 2260/1534/1637
f 2264/1540/385 1756/1293/384 1759/1296/1382
f 461/372/382 2253/1538/1630 2266/1546/1642
f 2260/1534/1637 2268/1300/1644 2255/1293/1632
f 1564/1147/1239 587/482/478 590/485/481
f 1564/1147/1239 590/485/481 1552/1136/1228
f 2267/373/1643 2266/1546/1642 566/470/458
f 2282/1301/1651 2284/1547/1653 2334/1549/1687
f 2334/1549/1687 2269/1294/1645 2268/1300/1644
f 2334/1549/1687 2268/1300/1644 2282/1301/1651
f 1417/594/1125 338/272/289 340/208/291
f 1417/594/1125 340/208/291 277/181/237
f 2282/1301/1651 2292/1226/1660 2283/1548/1652
f 1825/1319/508 998/722/795 1001/725/798
f 1825/1319/508 1001/725/798 893/650/714
f 1324/967/1050 2295/1556/1662 2288/996/1656
f 2335/1513/1688 2293/1555/1661 2292/1226/1660
f 2292/1226/1660 2336/1229/1666 2337/1514/1689
f 2335/1513/1688 2292/1226/1660 2337/1514/1689
f 2290/1553/1658 2338/1576/1663 2291/1554/1659
f 1663/1227/1320 2272/1548/1079 2294/1554/1082
f 2295/1556/1662 2307/1561/1672 1361/997/1081
f 2301/1532/1667 2300/254/1666 2339/255/1690
f 2301/1532/1667 2339/255/1690 2340/1574/1690
f 1665/1229/1322 1664/1228/1321 2302/1557/1668
f 1664/1228/1321 2294/1554/1082 2304/1558/1434
f 2341/1577/1691 2308/1562/1673 2307/1561/1672
f 2341/1577/1691 2307/1561/1672 2342/1578/1692
f 2314/1565/1677 1838/1325/1433 2306/1560/1671
f 2303/1263/1669 2302/1557/1668 2343/1579/1250
f 2311/1525/1668 2344/1572/1434 1579/567/1251
f 2313/1564/1676 2345/1580/1693 2320/1567/1681
f 2313/1564/1676 2320/1567/1681 1150/833/914
f 2346/1569/1694 248/134/210 247/135/209
f 247/135/209 2347/1521/1695 2348/1568/1696
f 2346/1569/1694 247/135/209 2348/1568/1696
f 2349/1570/1697 2316/1520/1678 2310/135/1674
f 2310/135/1674 1578/561/1250 1577/562/1249
f 2349/1570/1697 2310/135/1674 1577/562/1249
f 1031/743/825 444/359/366 443/358/365
f 1031/743/825 443/358/365 1204/878/954
f 2350/1581/1698 2351/1582/1698 2352/1583/1698
f 2352/1583/1699 2353/1584/1699 2354/1585/1699
f 2354/1585/1699 2355/1586/1699 2356/1587/1699
f 2356/1587/1698 2350/1581/1698 2352/1583/1698
f 2352/1583/1699 2354/1585/1699 2356/1587/1699
f 2357/1588/97 2358/1589/1700 2359/1590/1701
f 2357/1588/97 2359/1590/1701 2360/1591/1359
f 2361/1592/1702 2362/1593/1703 2363/1594/1704
f 2363/1594/1704 2364/1583/576 2365/1595/1356
f 2361/1592/1702 2363/1594/1704 2365/1595/1356
f 2366/1596/1705 2360/1591/1359 2359/1590/1701
f 2367/1597/1706 1718/60/1357 1717/59/1356
f 1717/59/1356 710/544/576 713/547/579
f 1717/59/1356 713/547/579 2367/1597/1706
f 2368/1598/1707 2369/1599/1707 2370/1600/1707
f 2370/1600/1707 2371/1601/1707 2372/1602/576
f 2372/1602/576 2373/1603/1704 2368/1598/1708
f 2368/1598/1708 2370/1600/1707 2372/1602/576
f 2374/1604/816 2375/1605/1709 2376/1606/52
f 69/60/61 2377/1597/1710 1019/547/815
f 1019/547/815 2141/544/1573 68/59/60
f 1019/547/815 68/59/60 69/60/61
f 2378/1607/1711 2379/1608/1711 2380/1609/1711
f 2380/1609/1711 2381/1610/1712 2382/1611/1573
f 2382/1611/1573 2383/1612/1711 2378/1607/1711
f 2378/1607/1711 2380/1609/1711 2382/1611/1573
f 2384/1613/1713 2385/1614/1713 2386/1615/1713
f 2386/1615/1713 2387/1616/1713 2388/1617/1713
f 2386/1615/1714 2388/1617/1714 2384/1613/1714
f 2376/1606/52 2375/1605/1709 2389/1618/1715
f 2376/1606/52 2389/1618/1715 2390/1619/1716
f 2391/1620/1702 2392/1621/60 2393/1616/1573
f 2393/1616/1573 2394/1622/1712 2395/1623/1703
f 2391/1620/1702 2393/1616/1573 2395/1623/1703
f 657/441/535 1206/321/956 581/318/472
f 657/441/535 581/318/472 510/418/429
f 802/600/648 2396/1396/1717 2397/1395/1718
f 2397/1395/1718 2398/1134/1717 803/601/649
f 2397/1395/1718 803/601/649 802/600/648
f 2399/255/1719 2400/254/1720 2401/253/1435
f 2401/253/1435 246/136/208 245/137/207
f 2402/256/1719 2399/255/1719 2401/253/1435
f 2401/253/1435 245/137/207 2402/256/1719
f 941/679/330 940/678/753 1844/1329/1437
f 941/679/330 1844/1329/1437 1039/745/833
f 2403/1470/433 2404/1472/433 2405/1025/433
f 2405/1025/433 2406/1624/433 2407/1625/433
f 2407/1625/433 2408/798/433 2409/980/433
f 2409/980/433 2410/1372/433 2411/1068/433
f 2411/1068/433 2412/1388/433 2403/1470/433
f 2403/1470/433 2405/1025/433 2407/1625/433
f 2407/1625/433 2409/980/433 2411/1068/433
f 2407/1625/433 2411/1068/433 2403/1470/433
f 2150/355/1581 1214/357/961 1216/299/963
f 2150/355/1581 1216/299/963 1804/356/1411
f 1309/955/1036 1904/1373/1458 1926/1387/1475
f 1926/1387/1475 1311/957/1038 1310/956/1037
f 1926/1387/1475 1310/956/1037 1309/955/1036
f 1292/946/1024 1291/945/124 2185/1504/388
f 1292/946/1024 2185/1504/388 2186/1505/1596
f 285/228/245 907/148/726 1279/266/1012
f 285/228/245 1279/266/1012 786/527/633
f 2413/311/1157 2414/1626/1101 2415/1627/125
f 2416/1628/124 2417/312/124 2413/311/1157
f 2415/1627/125 2416/1628/124 2413/311/1157
f 2418/862/136 864/634/687 863/252/686
f 863/252/686 2419/861/136 2420/863/136
f 863/252/686 2420/863/136 2418/862/136
f 224/179/187 226/181/189 792/594/639
f 792/594/639 1582/67/1253 799/597/645
f 224/179/187 792/594/639 799/597/645
f 2421/1629/1721 2422/1144/1722 2423/1399/1723
f 2423/1399/1723 2424/33/1722 2425/1563/1724
f 2423/1399/1723 2425/1563/1724 2421/1629/1721
f 2426/1630/268 2427/1631/265 2428/1631/1725
f 2426/1630/268 2428/1631/1725 2429/1630/1726
f 2430/1365/1727 2431/1369/1728 2432/1368/1729
f 2432/1368/1729 2433/1367/1729 2434/1366/1729
f 2432/1368/1729 2434/1366/1729 2430/1365/1727
f 390/25/328 2068/25/1538 2067/25/1537
f 390/25/328 2067/25/1537 391/25/329
f 2427/1631/265 2435/1128/1400 2436/1128/1730
f 2427/1631/265 2436/1128/1730 2428/1631/1725
f 2437/1632/1731 2438/1633/1732 2431/1369/1728
f 2431/1369/1728 2430/1365/1727 2439/1634/1733
f 2431/1369/1728 2439/1634/1733 2437/1632/1731
f 2435/1128/1400 2440/1129/959 2441/1129/1734
f 2435/1128/1400 2441/1129/1734 2436/1128/1730
f 2442/1128/1735 2443/1130/1736 1996/1018/1503
f 1996/1018/1503 1995/1015/1502 2444/1129/1737
f 1996/1018/1503 2444/1129/1737 2442/1128/1735
f 2440/1129/959 2445/1015/1738 2446/1015/1739
f 2440/1129/959 2446/1015/1739 2441/1129/1734
f 2447/536/1740 2448/1635/1741 2438/1633/1732
f 2438/1633/1732 2437/1632/1731 2449/1636/1742
f 2438/1633/1732 2449/1636/1742 2447/536/1740
f 2445/1015/1738 2450/1016/433 2451/1016/433
f 2445/1015/1738 2451/1016/433 2446/1015/1739
f 2452/536/1743 2453/1636/1744 2454/1632/1745
f 2454/1632/1745 2455/1633/1746 2456/1635/1747
f 2454/1632/1745 2456/1635/1747 2452/536/1743
f 2457/1016/1592 2458/538/1592 2459/538/1592
f 2457/1016/1591 2459/538/1591 2460/1016/1591
f 2461/1369/124 2462/1368/124 2463/1368/124
f 2463/1368/124 2464/1369/124 2465/1633/124
f 2465/1633/124 2466/1635/124 2467/1637/124
f 2467/1637/124 2468/1638/124 2469/1639/124
f 2469/1639/124 2470/1017/124 2471/1018/124
f 2471/1018/124 2472/1130/124 2473/1640/124
f 2473/1640/124 2474/1640/124 2475/1130/124
f 2473/1640/124 2475/1130/124 2476/1018/124
f 2469/1639/124 2471/1018/124 2473/1640/124
f 2463/1368/124 2465/1633/124 2467/1637/124
f 2477/1633/124 2461/1369/124 2463/1368/124
f 2478/1635/124 2477/1633/124 2463/1368/124
f 2469/1639/124 2473/1640/124 2476/1018/124
f 2469/1639/124 2476/1018/124 2479/1017/124
f 2478/1635/124 2463/1368/124 2467/1637/124
f 2480/1637/124 2478/1635/124 2467/1637/124
f 2469/1639/124 2479/1017/124 2481/1639/124
f 2482/1638/124 2480/1637/124 2467/1637/124
f 2469/1639/124 2481/1639/124 2482/1638/124
f 2467/1637/124 2469/1639/124 2482/1638/124
f 1997/1017/1504 2483/1639/1748 2484/537/1748
f 1997/1017/1504 2484/537/1748 1998/538/1505
f 1403/538/1113 2485/537/1749 2486/1639/1749
f 1403/538/1113 2486/1639/1749 1404/1017/1114
f 2483/1639/1748 2487/1638/876 2488/534/876
f 2483/1639/1748 2488/534/876 2484/537/1748
f 2485/537/1749 2489/534/288 2490/1638/288
f 2485/537/1749 2490/1638/288 2486/1639/1749
f 2487/1638/876 2491/1637/184 2492/535/184
f 2487/1638/876 2492/535/184 2488/534/876
f 1270/934/1004 1268/932/1002 1267/931/1001
f 1270/934/1004 1267/931/1001 1193/870/944
f 2489/534/288 2493/535/1750 2494/1637/1750
f 2489/534/288 2494/1637/1750 2490/1638/288
f 2491/1637/184 2448/1635/1741 2447/536/1740
f 2491/1637/184 2447/536/1740 2492/535/184
f 2493/535/1750 2452/536/1743 2456/1635/1747
f 2493/535/1750 2456/1635/1747 2494/1637/1750
f 2495/1641/1751 2496/1642/1751 220/175/183
f 220/175/183 219/174/182 1561/1145/1236
f 1561/1145/1236 2497/1643/1752 2341/1577/1691
f 2342/1578/1692 2498/1644/1751 2495/1641/1751
f 1561/1145/1236 2341/1577/1691 2342/1578/1692
f 2495/1641/1751 220/175/183 1561/1145/1236
f 1561/1145/1236 2342/1578/1692 2495/1641/1751
f 2499/536/1649 2500/1636/1649 2501/1636/1649
f 2499/536/1648 2501/1636/1648 2502/536/1648
f 2503/1636/433 2504/1632/1753 2505/1632/1754
f 2503/1636/433 2505/1632/1754 2506/1636/433
f 2454/1632/1745 2507/1634/1755 1887/1365/1449
f 1887/1365/1449 1891/1369/1452 2455/1633/1746
f 1887/1365/1449 2455/1633/1746 2454/1632/1745
f 2504/1632/1753 2508/1634/79 2509/1634/1756
f 2504/1632/1753 2509/1634/1756 2505/1632/1754
f 2497/1643/1752 2421/1629/1721 2425/1563/1724
f 2425/1563/1724 2510/1566/1757 2305/1559/1670
f 2305/1559/1670 2308/1562/1673 2341/1577/1691
f 2341/1577/1691 2497/1643/1752 2425/1563/1724
f 2425/1563/1724 2305/1559/1670 2341/1577/1691
f 2508/1634/79 2511/1365/76 2512/1365/1758
f 2508/1634/79 2512/1365/1758 2509/1634/1756
f 2513/1630/1759 2514/1640/1760 2443/1130/1736
f 2443/1130/1736 2442/1128/1735 2515/1631/1759
f 2443/1130/1736 2515/1631/1759 2513/1630/1759
f 2511/1365/76 2516/1366/690 2517/1366/1761
f 2511/1365/76 2517/1366/1761 2512/1365/1758
f 2518/1630/1762 2519/1631/1763 1543/1128/1221
f 1543/1128/1221 1545/1130/1223 2520/1640/1764
f 1543/1128/1221 2520/1640/1764 2518/1630/1762
f 2516/1366/690 2521/1367/686 2522/1367/1765
f 2516/1366/690 2522/1367/1765 2517/1366/1761
f 2523/1640/146 2524/1640/146 2426/1630/268
f 2523/1640/146 2426/1630/268 2429/1630/1726
f 2525/1368/136 2526/1368/136 2522/1367/1765
f 2525/1368/136 2522/1367/1765 2521/1367/686
f 2527/1645/1766 2528/1645/1767 2529/1645/1768
f 2527/1645/1766 2529/1645/1768 2530/1645/1769
f 2530/1645/1769 2529/1645/1768 2531/1645/1770
f 2530/1645/1769 2531/1645/1770 2532/1645/1771
f 2532/1645/1771 2531/1645/1770 2533/1645/1772
f 2532/1645/1771 2533/1645/1772 2534/1645/1773
f 2534/1645/1773 2533/1645/1772 2535/1645/1774
f 2534/1645/1773 2535/1645/1774 2536/1645/1775
f 2536/1645/1775 2535/1645/1774 2537/1645/1776
f 2536/1645/1775 2537/1645/1776 2538/1645/1777
f 2539/1646/1778 2540/1646/1779 2541/1646/1780
f 2539/1646/1778 2541/1646/1780 2542/1646/1781
f 2542/1646/1781 2541/1646/1780 2543/1646/1782
f 2542/1646/1781 2543/1646/1782 2544/1646/1783
f 2544/1646/1783 2543/1646/1782 2545/1646/1784
f 2544/1646/1783 2545/1646/1784 2546/1646/1785
f 2547/1645/1785 2548/1645/1784 2549/1645/1786
f 2547/1645/1785 2549/1645/1786 2550/1645/1787
f 2550/1645/1787 2549/1645/1786 2551/1645/1788
f 2550/1645/1787 2551/1645/1788 2552/1645/1789
f 2552/1645/1789 2551/1645/1788 2553/1645/1790
f 2552/1645/1789 2553/1645/1790 2554/1645/1791
f 2554/1645/1791 2553/1645/1790 2528/1645/1767
f 2554/1645/1791 2528/1645/1767 2527/1645/1766
f 2528/1645/1767 2555/1645/1792 2556/1645/1793
f 2528/1645/1767 2556/1645/1793 2529/1645/1768
f 2529/1645/1768 2556/1645/1793 2557/1645/1794
f 2529/1645/1768 2557/1645/1794 2531/1645/1770
f 2531/1645/1770 2557/1645/1794 2558/1645/1795
f 2531/1645/1770 2558/1645/1795 2533/1645/1772
f 2533/1645/1772 2558/1645/1795 2559/1645/1796
f 2533/1645/1772 2559/1645/1796 2535/1645/1774
f 2560/1646/1797 2561/1646/1796 2562/1646/1798
f 2560/1646/1797 2562/1646/1798 2563/1646/1799
f 2563/1646/1799 2562/1646/1798 2564/1646/1800
f 2563/1646/1799 2564/1646/1800 2541/1646/1780
f 2541/1646/1780 2564/1646/1800 2565/1646/1801
f 2541/1646/1780 2565/1646/1801 2543/1646/1782
f 2543/1646/1782 2565/1646/1801 2566/1646/1802
f 2543/1646/1782 2566/1646/1802 2545/1646/1784
f 2548/1645/1784 2567/1645/1803 2568/1645/1804
f 2548/1645/1784 2568/1645/1804 2549/1645/1786
f 2549/1645/1786 2568/1645/1804 2569/1645/1805
f 2549/1645/1786 2569/1645/1805 2551/1645/1788
f 2551/1645/1788 2569/1645/1805 2570/1645/1806
f 2551/1645/1788 2570/1645/1806 2553/1645/1790
f 2553/1645/1790 2570/1645/1806 2555/1645/1792
f 2553/1645/1790 2555/1645/1792 2528/1645/1767
f 2571/1645/136 2572/1645/136 2573/1645/136
f 2573/1645/136 2530/1645/1769 2532/1645/1771
f 2532/1645/1771 2534/1645/1773 2536/1645/1775
f 2536/1645/1775 2538/1645/1777 2574/1645/1781
f 2574/1645/1781 2575/1645/136 2576/1645/136
f 2576/1645/136 2577/1645/136 2571/1645/136
f 2571/1645/136 2573/1645/136 2532/1645/1771
f 2532/1645/1771 2536/1645/1775 2574/1645/1781
f 2574/1645/1781 2576/1645/136 2571/1645/136
f 2532/1645/1771 2574/1645/1781 2571/1645/136
f 2578/1645/146 2579/1645/146 2580/1645/146
f 2580/1645/146 2581/1645/146 2582/1645/146
f 2582/1645/146 2583/1645/146 2584/1645/146
f 2584/1645/146 2585/1645/146 2586/1645/146
f 2586/1645/146 2587/1645/146 2588/1645/146
f 2588/1645/146 2589/1645/146 2578/1645/146
f 2578/1645/146 2580/1645/146 2582/1645/146
f 2582/1645/146 2584/1645/146 2586/1645/146
f 2586/1645/146 2588/1645/146 2578/1645/146
f 2582/1645/146 2586/1645/146 2578/1645/146
f 2590/1645/1807 2591/1645/1808 2592/1645/1809
f 2590/1645/1807 2592/1645/1809 2593/1645/1810
f 2591/1645/1808 2594/1645/1811 2595/1645/1812
f 2591/1645/1808 2595/1645/1812 2592/1645/1809
f 2594/1645/1811 2596/1645/1813 2597/1645/1814
f 2594/1645/1811 2597/1645/1814 2595/1645/1812
f 2596/1645/1813 2598/1645/1815 2599/1645/1816
f 2596/1645/1813 2599/1645/1816 2597/1645/1814
f 2598/1645/1815 2600/1645/1817 2601/1645/1818
f 2598/1645/1815 2601/1645/1818 2599/1645/1816
f 2602/1646/1819 2603/1646/1820 2604/1646/1821
f 2602/1646/1819 2604/1646/1821 2605/1646/1818
f 2603/1646/1820 2606/1646/1822 2607/1646/1823
f 2603/1646/1820 2607/1646/1823 2604/1646/1821
f 2606/1646/1822 2608/1646/1824 2609/1646/1825
f 2606/1646/1822 2609/1646/1825 2607/1646/1823
f 2610/1645/1826 2611/1645/1827 2612/1645/1828
f 2610/1645/1826 2612/1645/1828 2613/1645/1825
f 2611/1645/1827 2614/1645/1829 2615/1645/1830
f 2611/1645/1827 2615/1645/1830 2612/1645/1828
f 2614/1645/1829 2616/1645/1831 2617/1645/1832
f 2614/1645/1829 2617/1645/1832 2615/1645/1830
f 2616/1645/1831 2590/1645/1807 2593/1645/1810
f 2616/1645/1831 2593/1645/1810 2617/1645/1832
f 2593/1645/1810 2592/1645/1809 2618/1645/1833
f 2593/1645/1810 2618/1645/1833 2619/1645/1834
f 2592/1645/1809 2595/1645/1812 2620/1645/1835
f 2592/1645/1809 2620/1645/1835 2618/1645/1833
f 2595/1645/1812 2597/1645/1814 2621/1645/1836
f 2595/1645/1812 2621/1645/1836 2620/1645/1835
f 2597/1645/1814 2599/1645/1816 2622/1645/1837
f 2597/1645/1814 2622/1645/1837 2621/1645/1836
f 2623/1646/1838 2624/1646/1839 2625/1646/1840
f 2623/1646/1838 2625/1646/1840 2626/1646/1841
f 2624/1646/1839 2604/1646/1821 2627/1646/1842
f 2624/1646/1839 2627/1646/1842 2625/1646/1840
f 2604/1646/1821 2607/1646/1823 2628/1646/1843
f 2604/1646/1821 2628/1646/1843 2627/1646/1842
f 2607/1646/1823 2609/1646/1825 2629/1646/1844
f 2607/1646/1823 2629/1646/1844 2628/1646/1843
f 2613/1645/1825 2612/1645/1828 2630/1645/1845
f 2613/1645/1825 2630/1645/1845 2631/1645/1846
f 2612/1645/1828 2615/1645/1830 2632/1645/1847
f 2612/1645/1828 2632/1645/1847 2630/1645/1845
f 2615/1645/1830 2617/1645/1832 2633/1645/1848
f 2615/1645/1830 2633/1645/1848 2632/1645/1847
f 2617/1645/1832 2593/1645/1810 2619/1645/1834
f 2617/1645/1832 2619/1645/1834 2633/1645/1848
f 2634/1645/146 2635/1645/146 2636/1645/146
f 2636/1645/146 2637/1645/146 2638/1645/146
f 2638/1645/146 2639/1645/146 2640/1645/1820
f 2640/1645/1820 2600/1645/1817 2598/1645/1815
f 2598/1645/1815 2596/1645/1813 2594/1645/1811
f 2594/1645/1811 2591/1645/1808 2634/1645/146
f 2634/1645/146 2636/1645/146 2638/1645/146
f 2638/1645/146 2640/1645/1820 2598/1645/1815
f 2598/1645/1815 2594/1645/1811 2634/1645/146
f 2638/1645/146 2598/1645/1815 2634/1645/146
f 2641/1645/136 2642/1645/136 2643/1645/136
f 2643/1645/136 2644/1645/136 2645/1645/136
f 2645/1645/136 2646/1645/136 2647/1645/136
f 2647/1645/136 2648/1645/136 2649/1645/136
f 2649/1645/136 2650/1645/136 2651/1645/136
f 2651/1645/136 2652/1645/136 2641/1645/136
f 2641/1645/136 2643/1645/136 2645/1645/136
f 2645/1645/136 2647/1645/136 2649/1645/136
f 2649/1645/136 2651/1645/136 2641/1645/136
f 2645/1645/136 2649/1645/136 2641/1645/136
f 2653/25/1849 2654/25/1850 2655/25/1851
f 2653/25/1849 2655/25/1851 2656/25/1852
f 2657/1645/1852 2658/1645/1851 2659/1645/1853
f 2657/1645/1852 2659/1645/1853 2660/1645/1854
f 2661/25/1854 2662/25/1853 2663/25/1855
f 2661/25/1854 2663/25/1855 2664/25/1856
f 2664/25/1856 2663/25/1855 2665/25/1857
f 2664/25/1856 2665/25/1857 2666/25/1858
f 2667/1647/1858 2668/1648/1859 2669/1649/1860
f 2667/1647/1858 2669/1649/1860 2670/1650/1861
f 2671/25/1862 2672/25/1863 2673/25/1864
f 2671/25/1862 2673/25/1864 2674/25/1865
f 2675/1651/1866 2676/1652/1867 2677/1653/1868
f 2675/1651/1866 2677/1653/1868 2678/1654/1869
f 2679/25/1870 2680/25/1871 2654/25/1850
f 2679/25/1870 2654/25/1850 2653/25/1849
f 2681/1655/1851 2682/1656/1850 2677/1653/1868
f 2677/1653/1868 2676/1652/1867 2669/1649/1860
f 2669/1649/1860 2668/1648/1859 2683/1657/1855
f 2683/1657/1855 2684/1658/1853 2681/1655/1851
f 2681/1655/1851 2677/1653/1868 2669/1649/1860
f 2669/1649/1860 2683/1657/1855 2681/1655/1851
f 2685/25/1872 2686/25/1873 2687/25/1874
f 2685/25/1872 2687/25/1874 2688/25/1875
f 2686/25/1873 2689/25/1876 2690/25/1877
f 2686/25/1873 2690/25/1877 2687/25/1874
f 2689/25/1876 2691/25/1878 2692/25/1879
f 2689/25/1876 2692/25/1879 2690/25/1877
f 2693/25/1880 2694/25/1880 2695/25/1880
f 2693/25/1880 2695/25/1880 2696/25/1880
f 2697/1645/1881 2698/1645/1882 2699/1645/1883
f 2697/1645/1881 2699/1645/1883 2700/1645/1884
f 2698/1645/1882 2701/1645/1885 2702/1645/1886
f 2698/1645/1882 2702/1645/1886 2699/1645/1883
f 2701/1645/1885 2703/1645/1887 2704/1645/1887
f 2701/1645/1885 2704/1645/1887 2702/1645/1886
f 2705/25/1888 2706/25/1888 2707/25/1888
f 2705/25/1889 2707/25/1889 2708/25/1889
f 2709/25/876 2710/25/876 2711/25/876
f 2711/25/1890 2712/25/1890 2713/25/1890
f 2713/25/876 2714/25/876 2715/25/876
f 2715/25/876 2716/25/876 2709/25/876
f 2709/25/876 2711/25/876 2713/25/876
f 2713/25/876 2715/25/876 2709/25/876
f 2717/1645/1891 2718/1645/1891 2719/1645/1891
f 2717/1645/1891 2719/1645/1891 2720/1645/1891
f 2721/25/1892 2722/25/1892 2723/25/1892
f 2721/25/1892 2723/25/1892 2724/25/1892
f 2725/25/288 2726/25/288 2727/25/288
f 2725/25/288 2727/25/288 2728/25/288
f 2729/25/1893 2730/25/1893 2731/25/1893
f 2729/25/1893 2731/25/1893 2732/25/1893
f 2733/25/876 2734/25/876 2735/25/876
f 2733/25/876 2735/25/876 2736/25/876
f 2737/25/1894 2738/25/1894 2739/25/1894
f 2737/25/1894 2739/25/1894 2740/25/1894
f 2741/25/1849 2742/25/1850 2743/25/1851
f 2741/25/1849 2743/25/1851 2744/25/1852
f 2745/1645/1852 2746/1645/1851 2747/1645/1853
f 2745/1645/1852 2747/1645/1853 2748/1645/1895
f 2749/25/1854 2750/25/1853 2751/25/1855
f 2749/25/1854 2751/25/1855 2752/25/1856
f 2752/25/1856 2751/25/1855 2753/25/1859
f 2752/25/1856 2753/25/1859 2754/25/1858
f 2755/1647/1858 2756/1648/1859 2757/1649/1860
f 2755/1647/1858 2757/1649/1860 2758/1650/1861
f 2759/25/1862 2760/25/1863 2761/25/1864
f 2759/25/1862 2761/25/1864 2762/25/1865
f 2763/1651/1865 2764/1652/1867 2765/1653/1868
f 2763/1651/1865 2765/1653/1868 2766/1654/1870
f 2767/25/1870 2768/25/1871 2742/25/1850
f 2767/25/1870 2742/25/1850 2741/25/1849
f 2769/1655/1851 2770/1656/1850 2765/1653/1868
f 2765/1653/1868 2764/1652/1867 2757/1649/1860
f 2757/1649/1860 2756/1648/1859 2771/1657/1855
f 2771/1657/1855 2772/1658/1853 2769/1655/1851
f 2769/1655/1851 2765/1653/1868 2757/1649/1860
f 2757/1649/1860 2771/1657/1855 2769/1655/1851
f 2773/25/1872 2774/25/1873 2775/25/1874
f 2773/25/1872 2775/25/1874 2776/25/1875
f 2774/25/1873 2777/25/1876 2778/25/1877
f 2774/25/1873 2778/25/1877 2775/25/1874
f 2777/25/1876 2779/25/1878 2780/25/1879
f 2777/25/1876 2780/25/1879 2778/25/1877
f 2781/25/1880 2782/25/1880 2783/25/1880
f 2781/25/1880 2783/25/1880 2784/25/1880
f 2785/1645/1896 2786/1645/1882 2787/1645/1883
f 2785/1645/1896 2787/1645/1883 2788/1645/1884
f 2786/1645/1882 2789/1645/1885 2790/1645/1886
f 2786/1645/1882 2790/1645/1886 2787/1645/1883
f 2789/1645/1885 2791/1645/1887 2792/1645/1887
f 2789/1645/1885 2792/1645/1887 2790/1645/1886
f 2793/25/1888 2794/25/1888 2795/25/1888
f 2793/25/1889 2795/25/1889 2796/25/1889
f 2797/25/876 2798/25/876 2799/25/876
f 2799/25/1890 2800/25/1890 2801/25/1890
f 2801/25/876 2802/25/876 2803/25/876
f 2803/25/876 2804/25/876 2797/25/876
f 2797/25/876 2799/25/876 2801/25/876
f 2801/25/876 2803/25/876 2797/25/876
f 2805/1645/1891 2806/1645/1891 2807/1645/1891
f 2805/1645/1891 2807/1645/1891 2808/1645/1891
f 2809/25/1892 2810/25/1892 2811/25/1892
f 2809/25/1892 2811/25/1892 2812/25/1892
f 2813/25/288 2814/25/288 2815/25/288
f 2813/25/288 2815/25/288 2816/25/288
f 2817/25/1893 2818/25/1893 2819/25/1893
f 2817/25/1893 2819/25/1893 2820/25/1893
f 2821/25/876 2822/25/876 2823/25/876
f 2821/25/876 2823/25/876 2824/25/876
f 2825/25/1894 2826/25/1894 2827/25/1894
f 2825/25/1894 2827/25/1894 2828/25/1894
f 1361/997/1081 1838/1325/1433 1839/1326/1434
f 1361/997/1081 1839/1326/1434 1362/998/1082
