# PSX Racing car model — generated by tools/carmodels/export_models.mjs
mtllib rx7_fd_99_lampsup.mtl
v -0.624964 0.975626 1.913856
v -0.542732 0.996382 1.932816
v -0.542732 0.972593 1.916174
v -0.624964 1.021441 2.101815
v -0.542732 0.996382 1.932816
v -0.624964 0.999414 1.930498
v -0.624964 1.001177 2.134120
v -0.542732 1.018408 2.104134
v -0.624964 0.985318 2.116499
v -0.542732 0.998144 2.136440
v -0.624964 1.001177 2.134120
v -0.542732 0.972593 1.916174
v -0.542732 0.982285 2.118817
v -0.312482 0.990163 1.939308
v -0.312482 0.966375 1.922666
v -0.312482 0.990163 1.939308
v -0.542732 0.998144 2.136440
v -0.312482 1.012190 2.110625
v -0.312482 0.976066 2.125310
v -0.312482 0.991925 2.142931
v -0.312482 0.966375 1.922666
v 0.000000 0.963291 1.931477
v 0.000000 0.987080 1.948119
v -0.312482 0.991925 2.142931
v 0.000000 1.009106 2.119436
v 0.000000 0.972983 2.134120
v 0.000000 0.988842 2.151742
v 0.000000 0.963291 1.931477
v 0.312482 0.990163 1.939308
v 0.312482 0.966375 1.922666
v 0.312482 1.012190 2.110625
v 0.312482 0.990163 1.939308
v 0.312482 0.991925 2.142931
v 0.312482 0.991925 2.142931
v 0.312482 0.976066 2.125310
v 0.542732 0.972593 1.916174
v 0.542732 1.018408 2.104134
v 0.542732 0.996382 1.932816
v 0.542732 0.998144 2.136440
v 0.542732 0.998144 2.136440
v 0.312482 0.966375 1.922666
v 0.542732 0.982285 2.118817
v 0.542732 0.996382 1.932816
v 0.624964 0.975626 1.913856
v 0.624964 1.021441 2.101815
v 0.624964 0.999414 1.930498
v 0.624964 1.001177 2.134120
v 0.624964 0.985318 2.116499
v 0.624964 1.001177 2.134120
v 0.542732 0.972593 1.916174
v -0.624964 0.999414 1.930498
v -0.624964 0.985318 2.116499
v -0.624964 1.021441 2.101815
v 0.624964 1.021441 2.101815
v 0.624964 1.001177 2.134120
v 0.624964 0.985318 2.116499
v -0.567402 0.831132 1.879592
v -0.608518 0.805582 1.742539
v -0.567402 0.805582 1.742539
v -0.567402 0.985318 2.158594
v -0.608518 0.831132 1.879592
v -0.567402 1.027608 2.124331
v -0.608518 0.985318 2.158594
v -0.567402 0.985318 2.158594
v -0.567402 0.985318 1.918750
v -0.608518 1.027608 2.124331
v -0.567402 1.027608 2.124331
v -0.567402 0.903379 1.879592
v -0.608518 0.985318 1.918750
v -0.567402 0.985318 1.918750
v -0.567402 0.805582 1.742539
v -0.608518 0.903379 1.879592
v -0.567402 0.831132 1.879592
v -0.567402 0.805582 1.742539
v -0.567402 0.903379 1.879592
v -0.608518 0.903379 1.879592
v -0.608518 0.985318 2.158594
v -0.608518 0.985318 1.918750
v 0.567402 0.831132 1.879592
v 0.567402 0.805582 1.742539
v 0.608518 0.805582 1.742539
v 0.567402 0.985318 2.158594
v 0.608518 0.831132 1.879592
v 0.567402 1.027608 2.124331
v 0.567402 0.985318 2.158594
v 0.608518 0.985318 2.158594
v 0.567402 0.985318 1.918750
v 0.567402 1.027608 2.124331
v 0.608518 1.027608 2.124331
v 0.567402 0.903379 1.879592
v 0.567402 0.985318 1.918750
v 0.608518 0.985318 1.918750
v 0.567402 0.805582 1.742539
v 0.608518 0.903379 1.879592
v 0.567402 0.831132 1.879592
v 0.567402 0.903379 1.879592
v 0.567402 0.805582 1.742539
v 0.608518 0.903379 1.879592
v 0.608518 0.985318 1.918750
v 0.608518 0.985318 2.158594
v -0.499169 0.708068 -1.488220
v -0.499169 0.711459 -1.486262
v -0.720608 0.688446 -1.499549
v -0.720608 0.685055 -1.501506
v -0.720608 0.688446 -1.499549
v -0.740197 0.706924 -1.703656
v -0.740197 0.703533 -1.705613
v -0.726570 0.716546 -1.784011
v -0.726570 0.713155 -1.785969
v -0.726570 0.716546 -1.784011
v -0.686541 0.723167 -1.805961
v -0.524720 0.736594 -1.798210
v -0.686541 0.719776 -1.807919
v -0.486393 0.737294 -1.763441
v -0.524720 0.739985 -1.796252
v -0.482135 0.720504 -1.592722
v -0.486393 0.737294 -1.763441
v -0.486393 0.740685 -1.761483
v -0.499169 0.708068 -1.488220
v -0.482135 0.723896 -1.590765
v -0.524720 0.739985 -1.796252
v -0.740197 0.706924 -1.703656
v -0.486393 0.740685 -1.761483
v -0.740197 0.703533 -1.705613
v -0.482135 0.720504 -1.592722
v -0.720608 0.685055 -1.501506
v -0.710721 0.642897 -1.550716
v -0.503183 0.613797 -1.781727
v -0.509056 0.642897 -1.550716
v -0.710721 0.642897 -1.550716
v -0.716595 0.716587 -1.781727
v -0.716595 0.613797 -1.781727
v -0.509056 0.683591 -1.527221
v -0.716595 0.716587 -1.781727
v -0.710721 0.683591 -1.527221
v -0.509056 0.642897 -1.550716
v -0.503183 0.716587 -1.781727
v -0.509056 0.683591 -1.527221
v -0.710721 0.683591 -1.527221
v -0.509056 0.642897 -1.550716
v -0.509056 0.683591 -1.527221
v -0.716595 0.613797 -1.781727
v -0.503183 0.716587 -1.781727
v -0.503183 0.613797 -1.781727
v -0.534767 0.703224 -1.783196
v -0.524524 0.694096 -1.783196
v -0.524524 0.636287 -1.783196
v 0.499169 0.708068 -1.488220
v 0.720608 0.688446 -1.499549
v 0.499169 0.711459 -1.486262
v 0.720608 0.685055 -1.501506
v 0.740197 0.706924 -1.703656
v 0.720608 0.688446 -1.499549
v 0.740197 0.703533 -1.705613
v 0.726570 0.716546 -1.784011
v 0.726570 0.713155 -1.785969
v 0.686541 0.723167 -1.805961
v 0.726570 0.716546 -1.784011
v 0.524720 0.736594 -1.798210
v 0.686541 0.719776 -1.807919
v 0.486393 0.737294 -1.763441
v 0.524720 0.739985 -1.796252
v 0.482135 0.720504 -1.592722
v 0.486393 0.740685 -1.761483
v 0.486393 0.737294 -1.763441
v 0.499169 0.708068 -1.488220
v 0.482135 0.723896 -1.590765
v 0.524720 0.739985 -1.796252
v 0.486393 0.740685 -1.761483
v 0.740197 0.706924 -1.703656
v 0.740197 0.703533 -1.705613
v 0.720608 0.685055 -1.501506
v 0.482135 0.720504 -1.592722
v 0.710721 0.642897 -1.550716
v 0.509056 0.642897 -1.550716
v 0.503183 0.613797 -1.781727
v 0.710721 0.642897 -1.550716
v 0.716595 0.613797 -1.781727
v 0.716595 0.716587 -1.781727
v 0.509056 0.683591 -1.527221
v 0.710721 0.683591 -1.527221
v 0.716595 0.716587 -1.781727
v 0.509056 0.642897 -1.550716
v 0.509056 0.683591 -1.527221
v 0.503183 0.716587 -1.781727
v 0.710721 0.683591 -1.527221
v 0.509056 0.683591 -1.527221
v 0.509056 0.642897 -1.550716
v 0.716595 0.613797 -1.781727
v 0.503183 0.613797 -1.781727
v 0.503183 0.716587 -1.781727
v 0.534767 0.703224 -1.783196
v 0.524524 0.636287 -1.783196
v 0.524524 0.694096 -1.783196
v -0.624964 0.999414 1.930498
v -0.624964 0.975626 1.913856
v 0.000000 0.987080 1.948119
v 0.000000 0.988842 2.151742
v 0.624964 0.999414 1.930498
v 0.624964 0.975626 1.913856
v -0.624964 0.975626 1.913856
v -0.624964 1.001177 2.134120
v 0.624964 0.975626 1.913856
v 0.624964 0.999414 1.930498
v -0.608518 0.985318 2.158594
v -0.608518 1.027608 2.124331
v -0.608518 0.985318 1.918750
v -0.608518 0.805582 1.742539
v -0.567402 0.985318 1.918750
v -0.567402 0.985318 2.158594
v -0.567402 1.027608 2.124331
v -0.608518 0.805582 1.742539
v -0.608518 0.831132 1.879592
v -0.608518 1.027608 2.124331
v 0.608518 0.985318 2.158594
v 0.608518 1.027608 2.124331
v 0.608518 0.985318 1.918750
v 0.608518 0.805582 1.742539
v 0.567402 0.985318 2.158594
v 0.567402 0.985318 1.918750
v 0.567402 1.027608 2.124331
v 0.608518 0.831132 1.879592
v 0.608518 0.805582 1.742539
v 0.608518 1.027608 2.124331
v -0.720608 0.685055 -1.501506
v -0.726570 0.713155 -1.785969
v -0.486393 0.740685 -1.761483
v -0.499169 0.711459 -1.486262
v -0.482135 0.723896 -1.590765
v -0.720608 0.688446 -1.499549
v -0.499169 0.711459 -1.486262
v -0.686541 0.723167 -1.805961
v -0.726570 0.716546 -1.784011
v -0.499169 0.708068 -1.488220
v -0.486393 0.737294 -1.763441
v -0.524720 0.736594 -1.798210
v -0.686541 0.719776 -1.807919
v -0.726570 0.713155 -1.785969
v -0.716595 0.613797 -1.781727
v -0.710721 0.683591 -1.527221
v -0.503183 0.716587 -1.781727
v -0.503183 0.613797 -1.781727
v -0.710721 0.642897 -1.550716
v -0.716595 0.716587 -1.781727
v -0.534767 0.627159 -1.783196
v -0.685010 0.627159 -1.783196
v -0.695253 0.636287 -1.783196
v -0.695253 0.694096 -1.783196
v -0.685010 0.703224 -1.783196
v 0.720608 0.685055 -1.501506
v 0.726570 0.713155 -1.785969
v 0.486393 0.740685 -1.761483
v 0.499169 0.711459 -1.486262
v 0.482135 0.723896 -1.590765
v 0.499169 0.711459 -1.486262
v 0.720608 0.688446 -1.499549
v 0.726570 0.716546 -1.784011
v 0.686541 0.723167 -1.805961
v 0.499169 0.708068 -1.488220
v 0.486393 0.737294 -1.763441
v 0.524720 0.736594 -1.798210
v 0.686541 0.719776 -1.807919
v 0.726570 0.713155 -1.785969
v 0.716595 0.613797 -1.781727
v 0.710721 0.683591 -1.527221
v 0.503183 0.716587 -1.781727
v 0.503183 0.613797 -1.781727
v 0.710721 0.642897 -1.550716
v 0.716595 0.716587 -1.781727
v 0.534767 0.627159 -1.783196
v 0.685010 0.627159 -1.783196
v 0.695253 0.694096 -1.783196
v 0.695253 0.636287 -1.783196
v 0.685010 0.703224 -1.783196
v -0.762353 0.244739 1.840434
v -0.800984 0.268049 1.644643
v -0.799425 0.202618 1.644643
v -0.763840 0.303019 1.840438
v -0.803541 0.333435 1.644643
v -0.765669 0.361167 1.842943
v -0.815459 0.460342 1.644643
v -0.777646 0.474241 1.840434
v -0.823301 0.587373 1.644643
v -0.781137 0.645399 1.840434
v -0.784991 0.587582 1.841002
v -0.760553 0.709081 1.855427
v -0.819698 0.658696 1.644643
v -0.737748 0.745864 1.840434
v -0.802718 0.727363 1.644643
v -0.732738 0.807637 1.644643
v -0.774647 0.774010 1.644643
v -0.689063 0.787374 1.841516
v -0.676000 0.816506 1.644643
v -0.616741 0.797848 1.840434
v -0.616741 0.817427 1.644643
v -0.528701 0.802448 1.831182
v 0.786526 0.352824 0.000000
v 0.794849 0.352824 0.000000
v 0.790680 0.345739 0.147963
v -0.723215 0.672276 -1.517660
v -0.725493 0.662270 -1.539288
v -0.725493 0.665207 -1.539288
v -0.494455 0.841299 1.669401
v -0.555785 0.936444 1.261553
v -0.567706 0.833636 1.615348
v -0.391592 0.812673 1.840434
v -0.438664 0.844612 1.709865
v -0.391856 0.847707 1.719624
v -0.236688 1.113505 1.085987
v -0.438664 0.844612 1.709865
v -0.475179 1.206352 0.464009
v -0.542875 1.119357 0.492881
v -0.544173 1.116992 0.536571
v 0.487599 0.685062 -1.558604
v 0.487599 0.682126 -1.558604
v 0.482135 0.671758 -1.589626
v 0.295394 1.167342 0.847977
v 0.478882 1.205034 0.507367
v 0.142989 1.173244 0.842316
v -0.329180 0.855293 1.732976
v -0.391856 0.847707 1.719624
v -0.329180 0.855293 1.732976
v -0.654078 0.936448 0.996964
v -0.687006 0.908453 0.964270
v -0.738622 0.856937 0.979125
v -0.215074 0.856585 1.757275
v -0.147006 0.859631 1.761263
v -0.146933 0.832231 1.840434
v -0.147006 0.859631 1.761263
v -0.215074 0.856585 1.757275
v 0.000000 0.859444 1.769949
v -0.090044 0.858432 1.764629
v 0.154958 0.860093 1.760796
v 0.401455 0.897348 1.592849
v 0.055422 0.859166 1.766675
v -0.627677 0.854706 1.415642
v -0.635012 0.867890 1.292940
v -0.681972 0.848448 1.411263
v 0.024941 0.862255 1.768476
v 0.000000 0.859444 1.769949
v 0.000000 0.862380 1.769949
v 0.024941 0.859318 1.768476
v 0.214415 0.855113 1.757323
v 0.293686 0.855817 1.740538
v 0.391857 0.847707 1.719623
v 0.344092 0.849826 1.729800
v -0.795115 0.361621 -0.186001
v -0.794679 0.361234 -0.176212
v -0.806983 0.363020 -0.219288
v 0.508376 0.802099 1.836960
v 0.492679 0.839978 1.670744
v 0.441156 0.838042 1.708927
v 0.492679 0.839978 1.670744
v 0.441156 0.838042 1.708927
v -0.735107 0.588720 -1.706698
v -0.735107 0.585783 -1.706698
v -0.734847 0.585177 -1.708115
v 0.528023 0.835034 1.644643
v 0.616741 0.797848 1.840434
v 0.616741 0.817427 1.644643
v 0.690403 0.787087 1.841806
v 0.676000 0.816506 1.644643
v 0.732738 0.807637 1.644643
v 0.737748 0.745864 1.840434
v 0.802718 0.727363 1.644643
v 0.774647 0.774010 1.644643
v 0.760552 0.709081 1.855427
v 0.819698 0.658696 1.644643
v 0.781137 0.645399 1.840434
v 0.823301 0.587373 1.644643
v 0.777646 0.474241 1.840434
v 0.784991 0.587582 1.841002
v 0.765617 0.360730 1.843020
v 0.815459 0.460342 1.644643
v 0.763840 0.303019 1.840438
v 0.803541 0.333435 1.644643
v 0.762353 0.244739 1.840434
v 0.800984 0.268049 1.644643
v -0.811981 0.240444 1.556537
v -0.810400 0.169359 1.556537
v -0.814573 0.311484 1.556537
v -0.826645 0.523419 1.546413
v -0.834849 0.586463 1.554960
v -0.831540 0.663484 1.553332
v -0.814341 0.737381 1.551418
v -0.743533 0.817774 1.549967
v -0.785990 0.784243 1.550873
v -0.679356 0.830425 1.544134
v -0.613591 0.832899 1.556537
v -0.567706 0.833636 1.615348
v -0.621166 0.843608 1.486674
v 0.528023 0.837971 1.644643
v 0.567768 0.832504 1.615296
v 0.619221 0.899681 1.167255
v 0.668631 0.903773 1.095209
v 0.609162 0.943076 1.093036
v 0.623912 0.844351 1.479979
v 0.391592 0.812673 1.840434
v 0.344092 0.849826 1.729800
v 0.290700 0.822782 1.839983
v 0.679562 0.830322 1.544606
v 0.743660 0.817908 1.548680
v 0.814341 0.737381 1.551418
v 0.785990 0.784243 1.550873
v 0.831540 0.663484 1.553332
v 0.834849 0.586463 1.554960
v 0.826645 0.523419 1.546413
v 0.814573 0.311484 1.556537
v 0.799425 0.202618 1.644643
v 0.811981 0.240444 1.556537
v -0.812211 0.434452 1.539288
v -0.621166 0.843608 1.486674
v 0.592127 0.837832 1.556537
v 0.623912 0.844351 1.479979
v 0.812211 0.434451 1.539288
v -0.817158 0.545584 1.481997
v -0.840286 0.585392 1.476623
v -0.838020 0.666664 1.489230
v -0.820414 0.743244 1.489230
v -0.748890 0.823518 1.489230
v -0.791809 0.789963 1.489230
v -0.680815 0.838255 1.489230
v 0.024941 0.862255 1.768476
v 0.000000 0.837006 1.840434
v 0.055422 0.862102 1.766675
v 0.680815 0.838255 1.489230
v -0.684221 0.856257 1.313019
v 0.748890 0.823518 1.489230
v 0.820414 0.743244 1.489230
v 0.791809 0.789963 1.489230
v 0.838020 0.666664 1.489230
v 0.840286 0.585392 1.476623
v 0.817158 0.545584 1.481997
v -0.836858 0.614790 1.414931
v -0.844443 0.686639 1.411263
v -0.827295 0.749502 1.411263
v -0.755171 0.829776 1.411263
v -0.797747 0.795827 1.411263
v -0.627677 0.854706 1.415642
v 0.629566 0.858162 1.390229
v -0.792165 0.340676 0.254528
v -0.794322 0.313456 0.472358
v -0.804579 0.393050 0.244739
v -0.090044 0.861369 1.764629
v 0.000000 0.862380 1.769949
v 0.681972 0.848448 1.411264
v 0.629566 0.858162 1.390229
v 0.755171 0.829776 1.411263
v 0.827295 0.749502 1.411263
v 0.797747 0.795827 1.411263
v 0.844443 0.686639 1.411263
v 0.836858 0.614790 1.414930
v -0.848431 0.667988 1.314385
v -0.851480 0.715293 1.313019
v -0.835469 0.756016 1.313019
v -0.762633 0.836289 1.313019
v -0.804368 0.801716 1.313019
v -0.488668 0.798943 -0.631304
v -0.332844 0.811643 -0.634362
v -0.249646 0.818231 -0.636658
v 0.579839 0.802646 -0.603628
v 0.545671 0.795316 -0.630025
v 0.482559 0.806903 -0.615377
v -0.635012 0.867890 1.292940
v 0.604980 0.871578 1.313019
v 0.762633 0.836289 1.313019
v 0.684221 0.856257 1.313019
v 0.835469 0.756016 1.313019
v 0.804368 0.801716 1.313019
v 0.851480 0.715293 1.313019
v 0.848431 0.667988 1.314385
v -0.855723 0.686441 1.205806
v -0.851535 0.741718 1.199244
v -0.808747 0.804468 1.204114
v -0.767588 0.839943 1.204114
v -0.682178 0.870448 1.204114
v -0.622153 0.893345 1.195111
v -0.622153 0.893345 1.195111
v 0.475868 1.116055 0.947261
v 0.619221 0.899681 1.167255
v 0.636178 0.870330 1.279832
v 0.682178 0.870448 1.204114
v 0.636178 0.870330 1.279832
v 0.767588 0.839943 1.204114
v 0.808747 0.804468 1.204114
v 0.855723 0.686441 1.205805
v 0.851535 0.741718 1.199243
v -0.856033 0.715942 1.095209
v -0.854265 0.669126 1.096947
v -0.839590 0.757288 1.095209
v -0.806923 0.800810 1.095209
v -0.766395 0.837562 1.095209
v -0.668631 0.903773 1.095209
v -0.615693 0.929517 1.138577
v -0.609473 0.943339 1.095209
v -0.615693 0.926580 1.138577
v -0.615815 0.926308 1.139430
v 0.766395 0.837562 1.095209
v 0.806923 0.800810 1.095209
v 0.856033 0.715942 1.095209
v -0.854187 0.688335 0.996964
v -0.846358 0.614516 0.991490
v -0.835962 0.752879 0.996964
v -0.803718 0.795935 0.996964
v -0.599687 0.979902 1.025551
v -0.609473 0.940402 1.095209
v 0.654078 0.936448 0.996964
v 0.601887 0.964472 1.035103
v 0.609162 0.943076 1.093036
v 0.601887 0.964472 1.035103
v 0.582362 1.002517 0.986634
v 0.740707 0.852798 0.979294
v 0.839590 0.757288 1.095209
v 0.803718 0.795935 0.996964
v 0.835962 0.752879 0.996964
v 0.854265 0.669126 1.096947
v 0.854187 0.688335 0.996964
v -0.846358 0.614516 0.991490
v -0.852645 0.585321 0.931657
v -0.815251 0.544837 0.925582
v -0.853037 0.670165 0.918997
v -0.833976 0.750234 0.918997
v -0.801945 0.793072 0.918997
v -0.744068 0.848083 0.914958
v -0.724374 0.802028 -0.327687
v -0.706557 0.806286 -0.420950
v -0.718296 0.791664 -0.623845
v 0.694145 0.686905 -1.492905
v 0.694145 0.689842 -1.492905
v 0.698578 0.689310 -1.492905
v 0.738764 0.601008 -1.678197
v 0.738707 0.601075 -1.678064
v 0.740055 0.600964 -1.677556
v 0.589867 0.572193 -1.775627
v 0.636320 0.566619 -1.775627
v 0.636320 0.569556 -1.775627
v -0.379506 0.624039 -1.793863
v -0.489477 0.591364 -1.766323
v -0.467691 0.616184 -1.731344
v -0.002442 1.171929 0.837005
v -0.146988 1.174557 0.842466
v 0.744143 0.847423 0.924317
v 0.688742 0.900998 0.964408
v 0.740707 0.852798 0.979294
v -0.503052 1.142436 0.773419
v 0.744143 0.847423 0.924317
v 0.801945 0.793072 0.918997
v 0.833976 0.750234 0.918997
v 0.846358 0.614516 0.991491
v 0.853037 0.670165 0.918997
v -0.841490 0.525703 0.862889
v -0.808932 0.434452 0.868939
v -0.853779 0.586400 0.852932
v -0.851292 0.669215 0.858361
v -0.832446 0.748145 0.853291
v -0.800336 0.791056 0.862047
v -0.749822 0.840123 0.859087
v 0.489477 0.591364 -1.766323
v 0.338343 0.628509 -1.806063
v 0.467691 0.616184 -1.731344
v -0.543268 1.117851 0.390213
v -0.543099 1.115153 0.241771
v 0.632433 0.965384 0.929918
v 0.582362 1.002517 0.986634
v -0.744068 0.848083 0.914958
v -0.644366 0.960014 0.861803
v -0.749822 0.840123 0.859087
v -0.599737 1.004936 0.910280
v -0.595721 1.012467 0.901476
v -0.639989 0.957295 0.934695
v 0.687350 0.537494 -1.775176
v 0.717557 0.520566 -1.758333
v 0.649841 0.457114 -1.844484
v -0.434096 1.137556 0.868939
v -0.534756 1.082372 0.889549
v -0.434096 1.134619 0.868939
v -0.534756 1.082372 0.889549
v 0.141585 1.155812 -0.008416
v -0.003294 1.159841 -0.004865
v 0.218689 1.188112 0.061506
v 0.501708 1.112864 0.883134
v 0.508110 1.134042 0.790820
v 0.402059 1.146318 0.862211
v 0.538584 1.073941 0.891105
v 0.538584 1.073941 0.891105
v 0.501708 1.112864 0.883134
v 0.599736 1.003049 0.909519
v 0.643105 0.961748 0.859392
v 0.577204 1.037990 0.863073
v 0.738345 0.605815 -1.661318
v 0.738345 0.608752 -1.661318
v 0.738520 0.607983 -1.662980
v 0.632433 0.965384 0.929918
v 0.749644 0.839897 0.860749
v 0.749644 0.839897 0.860749
v 0.800336 0.791056 0.862042
v 0.832446 0.748145 0.853288
v 0.852645 0.585321 0.931657
v 0.851292 0.669215 0.858361
v 0.815251 0.544837 0.925582
v 0.841490 0.525703 0.862889
v -0.813417 0.237867 0.851690
v -0.807300 0.166239 0.851690
v -0.820239 0.309425 0.851690
v -0.813417 0.237867 0.851690
v 0.489477 0.689638 -1.547936
v 0.487963 0.685790 -1.556537
v 0.481233 0.685891 -1.556537
v -0.392565 1.149156 0.860218
v -0.342454 1.159609 0.849696
v -0.392565 1.149156 0.860218
v -0.342454 1.159609 0.849696
v 0.765608 0.243442 0.140328
v 0.782728 0.244328 -0.186001
v 0.772641 0.244328 -0.186001
v 0.342649 1.159788 0.849735
v 0.737965 0.595399 -1.691093
v 0.740197 0.600341 -1.678907
v 0.775362 0.595180 -1.671417
v 0.797433 0.279982 0.567873
v 0.794748 0.255436 0.584558
v 0.789551 0.269207 0.513920
v 0.808932 0.434451 0.868939
v 0.813417 0.237867 0.851690
v -0.799022 0.167241 0.763584
v -0.807300 0.166239 0.851690
v -0.806441 0.238698 0.763584
v -0.836149 0.448481 0.763584
v -0.814467 0.310086 0.763584
v -0.851690 0.587373 0.763584
v -0.849057 0.667548 0.763584
v -0.830398 0.744984 0.763584
v -0.797775 0.787210 0.763584
v -0.750063 0.833759 0.753577
v -0.576165 1.039655 0.861362
v -0.549315 1.083877 0.799080
v -0.548011 1.091750 0.743669
v -0.549315 1.083877 0.799080
v -0.640924 0.971081 0.763584
v -0.146988 1.171620 0.842466
v -0.225392 1.168541 0.845378
v -0.225392 1.168541 0.845378
v -0.146988 1.171620 0.842466
v -0.225392 1.171477 0.845378
v -0.002442 1.171929 0.837005
v -0.794748 0.255436 0.584556
v -0.797433 0.279982 0.567873
v -0.789551 0.269207 0.513919
v 0.142989 1.173244 0.842316
v -0.615815 0.929245 1.139430
v 0.342649 1.159788 0.849735
v 0.295394 1.167342 0.847977
v 0.577204 1.037990 0.863073
v 0.550098 1.078518 0.803107
v 0.640924 0.971081 0.763584
v 0.550098 1.078518 0.803107
v 0.548015 1.089514 0.762836
v 0.750888 0.833434 0.766167
v 0.750888 0.833434 0.766167
v 0.797775 0.787210 0.763584
v 0.830398 0.744984 0.763584
v 0.853779 0.586400 0.852932
v 0.849057 0.667548 0.763584
v 0.851690 0.587373 0.763584
v 0.820239 0.309425 0.851690
v 0.836149 0.448481 0.763584
v 0.806441 0.238698 0.763584
v 0.814467 0.310086 0.763584
v 0.813417 0.237867 0.851690
v 0.799022 0.167241 0.763584
v -0.825054 0.448994 0.489477
v -0.845817 0.587373 0.489477
v -0.843435 0.661163 0.489477
v -0.824671 0.732258 0.489477
v -0.746786 0.818230 0.416514
v -0.489477 0.693529 -1.539288
v -0.270704 0.737490 -1.411443
v -0.481233 0.685891 -1.556537
v -0.750063 0.833759 0.753577
v -0.610040 1.012096 0.175663
v -0.745649 0.820624 0.488828
v -0.548011 1.091750 0.743669
v -0.544173 1.116992 0.536571
v 0.547179 1.091463 0.718137
v 0.548015 1.089514 0.762836
v 0.619973 0.998996 0.125499
v 0.542925 1.119366 0.490147
v 0.747131 0.820296 0.487667
v 0.747131 0.820296 0.487667
v 0.824671 0.732258 0.489477
v 0.843435 0.661163 0.489477
v 0.845817 0.587373 0.489477
v 0.825054 0.448994 0.489477
v -0.773739 0.169359 0.489477
v -0.765608 0.243442 0.140328
v -0.754356 0.170108 0.244739
v -0.843859 0.587373 0.244739
v -0.818385 0.449039 0.244739
v -0.841802 0.658683 0.244739
v -0.822762 0.727363 0.244739
v -0.789501 0.768956 0.244739
v 0.734847 0.585177 -1.708115
v 0.735107 0.585783 -1.706698
v 0.735107 0.588720 -1.706698
v -0.746786 0.818230 0.416514
v -0.542875 1.119357 0.492881
v -0.543268 1.117851 0.390213
v 0.688742 0.900998 0.964408
v 0.544032 1.113621 0.225136
v 0.745717 0.807404 0.001806
v 0.744271 0.815094 0.237131
v 0.745951 0.818167 0.391579
v 0.745951 0.818167 0.391579
v 0.744271 0.815094 0.237131
v -0.526326 1.118056 0.033405
v -0.687352 0.880603 -0.196382
v -0.640305 0.946014 -0.092529
v 0.789501 0.768956 0.244739
v 0.822762 0.727363 0.244739
v 0.841802 0.658683 0.244739
v 0.843859 0.587373 0.244739
v 0.794322 0.313456 0.472358
v 0.804579 0.393050 0.244739
v 0.773739 0.169359 0.489477
v 0.765608 0.243442 0.140328
v -0.755056 0.171165 0.000000
v -0.818476 0.449276 0.084091
v -0.818523 0.449401 0.000000
v -0.790680 0.345739 0.147963
v -0.843859 0.587373 0.000000
v -0.841585 0.655268 0.000000
v -0.822762 0.720510 0.000000
v -0.789584 0.762207 0.000000
v -0.745576 0.814548 0.239818
v -0.746445 0.805034 -0.006431
v -0.577869 1.046358 0.011976
v -0.543099 1.115153 0.241771
v -0.577869 1.046358 0.011976
v 0.496620 1.119308 0.015994
v 0.544032 1.113621 0.225136
v 0.594841 1.022484 -0.053886
v 0.731077 0.640678 -1.592309
v 0.731077 0.637741 -1.592309
v 0.727310 0.654291 -1.556537
v 0.594841 1.022484 -0.053886
v 0.745717 0.807404 0.001806
v 0.789584 0.762207 0.000000
v 0.822762 0.720510 0.000000
v 0.841585 0.655268 0.000000
v 0.818476 0.449276 0.084091
v 0.818523 0.449401 0.000000
v 0.843859 0.587373 0.000000
v 0.818385 0.449039 0.244739
v 0.790680 0.345739 0.147963
v -0.770242 0.172067 -0.186001
v -0.806983 0.363020 -0.219288
v -0.824020 0.449854 -0.186001
v -0.843064 0.652860 -0.186001
v -0.845817 0.587373 -0.186001
v -0.824671 0.715616 -0.186001
v -0.791857 0.757704 -0.186001
v -0.749062 0.798271 -0.190477
v -0.489477 0.686701 -1.547936
v -0.489477 0.689638 -1.547936
v -0.488545 0.687368 -1.553228
v 0.792165 0.340676 0.254528
v -0.640305 0.946014 -0.092529
v -0.687352 0.880603 -0.196382
v 0.557514 0.703300 -1.492905
v 0.499169 0.710302 -1.492905
v 0.499169 0.713239 -1.492905
v -0.582478 1.003545 -0.127264
v -0.594225 0.970604 -0.186002
v -0.345739 0.941068 -0.423944
v -0.582478 1.003545 -0.127264
v -0.538367 1.063787 -0.053827
v -0.494823 1.085070 -0.043583
v -0.538367 1.063787 -0.053827
v -0.494823 1.085070 -0.043583
v -0.412035 1.115054 -0.024104
v -0.412035 1.115054 -0.024104
v -0.372095 1.127522 -0.014700
v -0.293686 1.139621 -0.012624
v -0.372095 1.127522 -0.014700
v -0.155484 1.153569 -0.008987
v -0.293686 1.139621 -0.012624
v -0.155484 1.153569 -0.008987
v -0.003294 1.159841 -0.004865
v 0.141585 1.155812 -0.008416
v -0.782728 0.244328 -0.186001
v -0.765608 0.243442 0.140328
v -0.772641 0.244328 -0.186001
v 0.283596 1.141099 -0.012358
v 0.481643 0.882740 -0.451619
v -0.784699 0.260418 0.469966
v 0.372003 1.127311 -0.014684
v 0.391808 1.122283 -0.019344
v 0.491586 1.086290 -0.042821
v 0.485571 0.611678 -1.715695
v 0.485637 0.610586 -1.718106
v 0.485637 0.613522 -1.718106
v 0.538401 1.064402 -0.053835
v -0.746445 0.805034 -0.006431
v 0.598048 0.959519 -0.205113
v 0.582478 1.004882 -0.127264
v -0.225392 1.171477 0.845378
v 0.620889 0.981229 -0.085817
v 0.682016 0.888984 -0.186015
v 0.747675 0.801622 -0.180954
v 0.747675 0.801622 -0.180954
v 0.791857 0.757704 -0.186001
v 0.824671 0.715616 -0.186001
v 0.843064 0.652860 -0.186001
v 0.824020 0.449854 -0.186001
v 0.845817 0.587373 -0.186001
v 0.806983 0.363020 -0.219298
v 0.803722 0.236313 -0.529303
v 0.782728 0.244328 -0.186001
v 0.770242 0.172067 -0.186001
v -0.803722 0.236314 -0.529305
v -0.781371 0.242193 -0.327494
v -0.798459 0.249843 -0.420950
v -0.828812 0.436074 -0.444350
v -0.844323 0.648005 -0.420950
v -0.847774 0.587373 -0.420950
v -0.826580 0.705826 -0.420950
v -0.795989 0.750612 -0.420950
v 0.489477 0.716055 -1.489230
v 0.562906 0.707244 -1.489230
v 0.499169 0.713239 -1.492905
v -0.704364 0.842567 -0.264317
v -0.724374 0.802028 -0.327687
v -0.749062 0.798271 -0.190477
v -0.606086 0.931284 -0.245304
v -0.606086 0.931284 -0.245304
v -0.594225 0.970604 -0.186002
v -0.622153 0.893345 1.195111
v -0.615815 0.926308 1.139430
v -0.615815 0.929245 1.139430
v -0.646152 0.818398 -0.441755
v 0.651156 0.813613 -0.452924
v 0.619705 0.893936 -0.313404
v 0.598048 0.959519 -0.205113
v 0.619705 0.893936 -0.313404
v -0.698578 0.689310 -1.492905
v -0.698578 0.686373 -1.492905
v -0.720608 0.686666 -1.492905
v 0.694071 0.865525 -0.226573
v 0.741031 0.790541 -0.420950
v 0.694071 0.865525 -0.226573
v 0.748293 0.790880 -0.421323
v 0.694071 0.865525 -0.226573
v 0.741031 0.790541 -0.420950
v 0.743968 0.790541 -0.420950
v 0.795989 0.750612 -0.420950
v 0.826580 0.705826 -0.420950
v 0.844323 0.648005 -0.420950
v 0.828812 0.436074 -0.444350
v 0.847774 0.587373 -0.420950
v 0.803722 0.236313 -0.529303
v 0.781371 0.242193 -0.327494
v -0.819606 0.375125 -0.573002
v -0.845804 0.646069 -0.636320
v -0.849732 0.587373 -0.636320
v -0.828489 0.701910 -0.636320
v -0.798457 0.747885 -0.636320
v -0.750774 0.787923 -0.420976
v -0.586018 0.798084 -0.602588
v 0.391857 0.847707 1.719623
v 0.146933 0.832231 1.840434
v 0.214415 0.855113 1.757323
v 0.154958 0.860093 1.760796
v -0.646152 0.818398 -0.441755
v -0.654920 0.802000 -0.554088
v -0.494554 0.804047 -0.613864
v -0.552104 0.797934 -0.657128
v -0.586018 0.798084 -0.602588
v -0.494554 0.804047 -0.613864
v -0.595721 1.012467 0.901476
v -0.576165 1.039655 0.861362
v -0.745576 0.814548 0.239818
v -0.389647 0.809722 -0.627152
v -0.332844 0.811643 -0.634362
v 0.000000 0.833090 -0.636320
v -0.146955 0.825673 -0.636320
v 0.146955 0.825673 -0.636320
v 0.332012 0.811480 -0.634397
v 0.332012 0.811480 -0.634397
v 0.545671 0.795316 -0.630025
v 0.249631 0.816862 -0.636235
v 0.249631 0.816862 -0.636235
v 0.332012 0.811480 -0.634397
v 0.385901 0.809934 -0.627629
v 0.482559 0.806903 -0.615377
v 0.385901 0.809934 -0.627629
v 0.651706 0.567709 -1.775627
v 0.651706 0.564772 -1.775627
v 0.653005 0.567554 -1.775627
v 0.579839 0.802646 -0.603628
v 0.660794 0.790995 -0.636320
v 0.652289 0.806624 -0.556326
v 0.748293 0.790880 -0.421323
v 0.651156 0.813613 -0.452924
v 0.743968 0.790541 -0.420950
v 0.798457 0.747885 -0.636320
v 0.828489 0.701910 -0.636320
v 0.845804 0.646069 -0.636320
v 0.819606 0.375125 -0.573002
v 0.849732 0.587373 -0.636320
v 0.798459 0.249843 -0.420950
v 0.807055 0.272307 -0.636064
v -0.816667 0.244324 -0.700475
v -0.828280 0.244200 -0.851690
v -0.825936 0.173880 -0.851690
v -0.832180 0.322808 -0.851924
v -0.817370 0.324208 -0.670547
v -0.807055 0.272307 -0.636064
v -0.843443 0.523662 -0.862822
v -0.839108 0.390097 -0.851687
v -0.818393 0.363264 -0.655640
v -0.854312 0.586716 -0.852933
v -0.849962 0.644664 -0.860053
v -0.832918 0.699221 -0.856792
v -0.803039 0.746058 -0.855955
v -0.760287 0.779509 -0.855575
v -0.637580 0.785079 -0.861777
v 0.146955 0.828609 -0.636320
v 0.000000 0.836027 -0.636320
v 0.700325 0.788349 -0.856920
v 0.637879 0.785101 -0.861548
v 0.760287 0.779509 -0.855576
v 0.803039 0.746058 -0.855957
v 0.832918 0.699221 -0.856792
v 0.849962 0.644664 -0.860055
v 0.843443 0.523661 -0.862822
v 0.854312 0.586716 -0.852933
v 0.839108 0.390097 -0.851687
v 0.818393 0.363264 -0.655640
v 0.832180 0.322808 -0.851924
v 0.817370 0.324208 -0.670547
v 0.816667 0.244324 -0.700475
v 0.825936 0.173880 -0.851690
v 0.828280 0.244200 -0.851690
v -0.827425 0.434451 -0.868939
v -0.843443 0.523662 -0.862822
v 0.827425 0.434452 -0.868939
v -0.829863 0.545395 -0.926100
v -0.852470 0.585254 -0.932080
v -0.850453 0.643084 -0.918997
v -0.833682 0.695896 -0.918997
v -0.803724 0.742763 -0.918997
v -0.761002 0.776170 -0.918997
v -0.699325 0.785267 -0.918997
v -0.700325 0.788349 -0.856920
v -0.635047 0.782026 -0.918997
v 0.699325 0.785267 -0.918997
v 0.635047 0.782026 -0.918997
v 0.761002 0.776170 -0.918997
v 0.803724 0.742763 -0.918997
v 0.833682 0.695896 -0.918997
v 0.850453 0.643084 -0.918997
v 0.829863 0.545395 -0.926100
v 0.852470 0.585254 -0.932080
v -0.844711 0.615984 -0.994873
v -0.844538 0.676117 -1.036858
v -0.803258 0.737240 -0.996964
v -0.761642 0.771266 -0.996964
v -0.699259 0.780649 -0.996964
v -0.634266 0.777357 -0.996964
v 0.699259 0.780649 -0.996964
v 0.634266 0.777357 -0.996964
v 0.761642 0.771266 -0.996964
v 0.803258 0.737240 -0.996964
v 0.844711 0.615984 -0.994873
v 0.844538 0.676117 -1.036858
v -0.851012 0.672487 -1.101386
v -0.801280 0.728525 -1.095209
v -0.762162 0.763463 -1.095209
v -0.699981 0.773190 -1.095209
v -0.635271 0.770240 -1.095209
v 0.635271 0.770240 -1.095209
v 0.699981 0.773190 -1.095209
v 0.762162 0.763463 -1.095209
v 0.801280 0.728525 -1.095209
v -0.852386 0.689880 -1.203379
v -0.762361 0.751837 -1.204114
v -0.800179 0.730424 -1.204114
v -0.699946 0.760257 -1.204114
v -0.636320 0.759669 -1.204114
v 0.636320 0.759669 -1.204114
v 0.699946 0.760257 -1.204114
v 0.762361 0.751837 -1.204114
v 0.852386 0.689880 -1.203379
v 0.800179 0.730424 -1.204114
v -0.801001 0.716773 -1.313019
v -0.851755 0.670965 -1.315757
v -0.763059 0.740656 -1.313019
v -0.700368 0.749845 -1.313019
v -0.636320 0.750769 -1.313019
v 0.636320 0.750769 -1.313019
v 0.424526 0.740559 -1.347402
v 0.700368 0.749845 -1.313019
v 0.763059 0.740656 -1.313019
v 0.801001 0.716773 -1.313019
v 0.851755 0.670965 -1.315757
v -0.801419 0.689987 -1.411263
v -0.847919 0.628822 -1.398183
v -0.762157 0.718179 -1.411263
v -0.700669 0.726787 -1.411263
v -0.636320 0.732097 -1.411263
v 0.636320 0.732097 -1.411263
v 0.700669 0.726787 -1.411263
v 0.762157 0.718179 -1.411263
v 0.801419 0.689987 -1.411263
v 0.847919 0.628822 -1.398183
v -0.852261 0.597889 -1.472011
v -0.831699 0.560281 -1.477739
v -0.847919 0.628822 -1.398183
v -0.797515 0.667090 -1.489230
v -0.852261 0.597889 -1.472011
v -0.758069 0.684145 -1.489230
v -0.698727 0.690946 -1.489230
v -0.636320 0.698434 -1.489230
v -0.562906 0.707244 -1.489230
v -0.489477 0.716055 -1.489230
v -0.694145 0.689842 -1.492905
v 0.636320 0.698434 -1.489230
v 0.698727 0.690946 -1.489230
v 0.758069 0.684145 -1.489230
v 0.797515 0.667090 -1.489230
v 0.852261 0.597889 -1.472011
v 0.847919 0.628822 -1.398183
v 0.831699 0.560281 -1.477739
v 0.852261 0.597889 -1.472011
v -0.836966 0.517466 -1.546101
v -0.822398 0.434451 -1.539288
v -0.843885 0.578253 -1.542618
v -0.791262 0.642818 -1.549777
v -0.753795 0.661811 -1.539288
v -0.757756 0.682505 -1.492905
v -0.753564 0.683009 -1.492905
v -0.723215 0.675213 -1.517660
v -0.720608 0.686666 -1.492905
v -0.786141 0.249843 -0.420950
v -0.807055 0.272307 -0.636064
v -0.798459 0.249843 -0.420950
v 0.489477 0.693529 -1.539288
v -0.752042 0.654260 -1.556537
v -0.727310 0.657227 -1.556537
v -0.738345 0.608752 -1.661318
v 0.636320 0.696781 -1.492905
v 0.630932 0.697428 -1.492905
v 0.757756 0.682505 -1.492905
v 0.753564 0.683009 -1.492905
v 0.753795 0.661811 -1.539288
v 0.723215 0.675213 -1.517660
v 0.720608 0.686666 -1.492905
v 0.791262 0.642817 -1.549777
v 0.843885 0.578253 -1.542618
v 0.836966 0.517466 -1.546101
v 0.822398 0.434451 -1.539288
v -0.822087 0.243275 -1.556537
v -0.820486 0.176212 -1.556537
v -0.824711 0.310290 -1.556537
v -0.726354 0.661428 -1.547459
v -0.725493 0.665207 -1.539288
v -0.487963 0.685790 -1.556537
v -0.488545 0.685781 -1.556537
v 0.488545 0.685781 -1.556537
v 0.488545 0.687368 -1.553228
v 0.752042 0.654260 -1.556537
v 0.726354 0.661428 -1.547459
v 0.822087 0.243275 -1.556537
v -0.811830 0.194972 -1.617233
v -0.806699 0.263279 -1.664222
v -0.821339 0.421635 -1.664243
v -0.809274 0.317005 -1.664222
v -0.823909 0.526097 -1.665569
v -0.775362 0.598069 -1.664222
v -0.738578 0.607728 -1.663532
v -0.738529 0.607841 -1.663065
v -0.738502 0.607823 -1.663122
v -0.738529 0.607841 -1.663065
v -0.738650 0.607408 -1.664222
v -0.738520 0.607983 -1.662980
v -0.484168 0.637946 -1.664222
v -0.481473 0.683566 -1.565342
v -0.487599 0.685062 -1.558604
v -0.482135 0.671758 -1.589626
v -0.487898 0.685793 -1.556903
v 0.484168 0.637946 -1.664222
v 0.481473 0.683566 -1.565342
v 0.487599 0.685062 -1.558604
v 0.487898 0.685793 -1.556903
v 0.738502 0.607823 -1.663122
v 0.738529 0.607841 -1.663065
v 0.738578 0.607728 -1.663532
v 0.775362 0.598069 -1.664222
v 0.738520 0.607983 -1.662980
v 0.738345 0.608752 -1.661318
v 0.823815 0.526210 -1.665545
v 0.822493 0.433496 -1.664056
v 0.824711 0.310290 -1.556537
v 0.806699 0.263279 -1.664222
v 0.809274 0.317005 -1.664222
v 0.805128 0.209496 -1.664222
v -0.810400 0.324034 1.556537
v -0.528314 0.434451 1.539288
v -0.526503 0.324034 1.556537
v -0.812211 0.434452 1.539288
v -0.533151 0.534061 1.489230
v -0.817158 0.545584 1.481997
v -0.540004 0.613110 1.411263
v -0.836858 0.614790 1.414931
v -0.548144 0.663864 1.313019
v -0.848431 0.667988 1.314385
v -0.553551 0.681352 1.204114
v -0.548144 0.663864 1.313019
v -0.854265 0.669126 1.096947
v -0.855723 0.686441 1.205806
v -0.846358 0.614516 0.991490
v -0.547966 0.663864 1.095209
v -0.854265 0.669126 1.096947
v -0.815251 0.544837 0.925582
v -0.537336 0.613110 0.996964
v -0.808932 0.434452 0.868939
v -0.529789 0.534061 0.918997
v -0.807300 0.166239 0.851690
v -0.525036 0.434451 0.868939
v -0.529789 0.534061 0.918997
v -0.525036 0.434451 0.868939
v -0.528314 0.434451 1.539288
v -0.852386 0.689880 -1.203379
v -0.759084 0.678779 -1.313019
v -0.758322 0.681352 -1.204114
v -0.851755 0.670965 -1.315757
v -0.758100 0.688122 -1.411263
v -0.847919 0.628822 -1.398183
v -0.753640 0.550596 -1.489230
v -0.758100 0.688122 -1.411263
v -0.831699 0.560281 -1.477739
v -0.748976 0.434451 -1.539288
v -0.820486 0.324034 -1.556537
v -0.822398 0.434451 -1.539288
v -0.825936 0.173880 -0.851690
v -0.543528 0.434451 -0.868939
v -0.542039 0.173880 -0.851690
v -0.827425 0.434451 -0.868939
v -0.546365 0.534061 -0.918997
v -0.829863 0.545395 -0.926100
v -0.547063 0.613110 -0.996964
v -0.844711 0.615984 -0.994873
v -0.547630 0.663864 -1.095209
v -0.851012 0.672487 -1.101386
v -0.547847 0.681352 -1.204114
v -0.547630 0.663864 -1.095209
v -0.548609 0.683297 -1.313019
v -0.543165 0.553538 -1.489230
v -0.547625 0.708946 -1.411263
v -0.538501 0.434451 -1.539288
v -0.543165 0.553538 -1.489230
v -0.538501 0.434451 -1.539288
v -0.547847 0.681352 -1.204114
v 0.810400 0.324034 1.556537
v 0.528314 0.434451 1.539288
v 0.812211 0.434451 1.539288
v 0.533151 0.534061 1.489230
v 0.817158 0.545584 1.481997
v 0.540004 0.613110 1.411263
v 0.836858 0.614790 1.414930
v 0.548144 0.663864 1.313019
v 0.848431 0.667988 1.314385
v 0.848431 0.667988 1.314385
v 0.553551 0.681352 1.204114
v 0.855723 0.686441 1.205805
v 0.854265 0.669126 1.096947
v 0.547966 0.663864 1.095209
v 0.846358 0.614516 0.991491
v 0.854265 0.669126 1.096947
v 0.537336 0.613110 0.996964
v 0.815251 0.544837 0.925582
v 0.529789 0.534061 0.918997
v 0.808932 0.434451 0.868939
v 0.525036 0.434451 0.868939
v 0.807300 0.166239 0.851690
v 0.548144 0.663864 1.313019
v 0.540004 0.613110 1.411263
v 0.537336 0.613110 0.996964
v 0.851012 0.672487 -1.101386
v 0.758322 0.681352 -1.204114
v 0.852386 0.689880 -1.203379
v 0.759084 0.678779 -1.313019
v 0.851755 0.670965 -1.315757
v 0.851755 0.670965 -1.315757
v 0.758100 0.688122 -1.411263
v 0.847919 0.628822 -1.398183
v 0.753640 0.550596 -1.489230
v 0.831699 0.560281 -1.477739
v 0.748976 0.434451 -1.539288
v 0.822398 0.434451 -1.539288
v 0.820486 0.324034 -1.556537
v 0.825936 0.173880 -0.851690
v 0.543528 0.434451 -0.868939
v 0.827425 0.434452 -0.868939
v 0.546365 0.534061 -0.918997
v 0.829863 0.545395 -0.926100
v 0.547063 0.613110 -0.996964
v 0.844711 0.615984 -0.994873
v 0.547630 0.663864 -1.095209
v 0.851012 0.672487 -1.101386
v 0.547847 0.681352 -1.204114
v 0.548609 0.683297 -1.313019
v 0.758100 0.688122 -1.411263
v 0.543165 0.553538 -1.489230
v 0.538501 0.434451 -1.539288
v 0.546365 0.534061 -0.918997
v 0.543528 0.434451 -0.868939
v 0.538501 0.434451 -1.539288
v -0.667058 0.182618 1.840434
v -0.799425 0.202618 1.644643
v -0.597162 0.220265 1.644643
v -0.597162 0.220265 1.556537
v -0.597162 0.220265 0.851690
v -0.799022 0.167241 0.763584
v -0.597162 0.220265 0.763584
v -0.773739 0.169359 0.489477
v -0.591617 0.137150 0.044540
v -0.806210 0.174083 -0.636320
v -0.597162 0.220265 -0.851690
v -0.657655 0.158126 -1.617233
v -0.600929 0.138366 -1.617233
v -0.597162 0.220265 -1.556537
v 0.799425 0.202618 1.644643
v 0.762353 0.244739 1.840434
v 0.667058 0.182618 1.840434
v 0.597162 0.220265 1.556537
v 0.799425 0.202618 1.644643
v 0.597162 0.220265 1.644643
v 0.597162 0.220265 0.851690
v 0.799022 0.167241 0.763584
v 0.807300 0.166239 0.851690
v 0.597162 0.220265 0.763584
v 0.773739 0.169359 0.489477
v 0.591567 0.137139 0.044534
v 0.754356 0.170108 0.244739
v 0.597162 0.220265 -0.851690
v 0.806210 0.174083 -0.636320
v 0.755105 0.175212 -1.617233
v 0.811830 0.194972 -1.617233
v 0.820486 0.176212 -1.556537
v 0.000000 0.217328 -2.003880
v -0.119149 0.216275 -1.999925
v 0.195791 0.220265 -1.999674
v 0.191288 0.221347 -1.959339
v 0.349285 0.230305 -1.978707
v 0.344318 0.230912 -1.938590
v 0.394541 0.250159 -1.971294
v 0.394541 0.250159 -1.971294
v 0.399857 0.268696 -1.934588
v 0.383312 0.307363 -1.980576
v -0.399857 0.268696 -1.934588
v -0.394541 0.250159 -1.971294
v -0.383312 0.307363 -1.980576
v -0.394541 0.250159 -1.971294
v -0.344318 0.230912 -1.938590
v -0.349285 0.230305 -1.978707
v 0.000000 0.218478 -1.963449
v -0.119149 0.216275 -1.999925
v -0.198137 0.339366 -2.041131
v -0.750221 0.276740 -1.730070
v -0.703319 0.250299 -1.757039
v -0.573274 0.223023 -1.895770
v -0.725412 0.303902 -1.756411
v -0.583756 0.315883 -1.897623
v -0.703319 0.250299 -1.757039
v -0.742155 0.433621 -1.753485
v -0.536940 0.387753 -1.923675
v -0.606952 0.391582 -1.882422
v -0.742155 0.433621 -1.753485
v -0.607222 0.392232 -1.867209
v -0.536940 0.387753 -1.923675
v 0.703319 0.250299 -1.757039
v 0.750221 0.276740 -1.730070
v 0.573274 0.223023 -1.895770
v 0.750221 0.276740 -1.730070
v 0.703319 0.250299 -1.757039
v 0.725412 0.303902 -1.756411
v 0.742155 0.433621 -1.753485
v 0.607222 0.392232 -1.867209
v 0.649841 0.457114 -1.844484
v -0.775362 0.595180 -1.671417
v -0.738707 0.601075 -1.678064
v -0.740055 0.600964 -1.677556
v -0.738707 0.607160 -1.664759
v -0.452185 0.625289 -1.719304
v -0.484257 0.636456 -1.667509
v 0.452185 0.625289 -1.719304
v 0.484257 0.636456 -1.667509
v 0.485571 0.614615 -1.715695
v 0.738707 0.607160 -1.664759
v 0.738650 0.607408 -1.664222
v -0.775362 0.592166 -1.678610
v -0.737965 0.594780 -1.692466
v -0.740197 0.600341 -1.678907
v -0.738764 0.601008 -1.678197
v -0.738763 0.597264 -1.686735
v -0.630932 0.694491 -1.492905
v -0.636320 0.693844 -1.492905
v -0.636320 0.696781 -1.492905
v -0.737698 0.594773 -1.692553
v -0.737965 0.588426 -1.706589
v -0.489477 0.599491 -1.748262
v -0.506740 0.591387 -1.761666
v -0.485637 0.613522 -1.718106
v -0.486393 0.600939 -1.745867
v -0.485571 0.614615 -1.715695
v 0.486393 0.600939 -1.745867
v 0.485637 0.613522 -1.718106
v 0.506740 0.591387 -1.761666
v 0.489477 0.599491 -1.748262
v -0.563035 0.575413 -1.775627
v -0.524720 0.580011 -1.775627
v -0.563035 0.578350 -1.775627
v 0.775362 0.592166 -1.678610
v 0.737965 0.594780 -1.692466
v 0.738763 0.597264 -1.686735
v -0.775362 0.588884 -1.685804
v -0.563035 0.578350 -1.775627
v -0.563035 0.573359 -1.787611
v -0.589867 0.575130 -1.775627
v -0.489477 0.573323 -1.817373
v -0.521627 0.583494 -1.775627
v -0.378409 0.519588 -1.969789
v 0.489477 0.573323 -1.817373
v 0.521627 0.583494 -1.775627
v 0.563035 0.573359 -1.787611
v 0.563035 0.578350 -1.775627
v 0.524720 0.582948 -1.775627
v 0.589867 0.575130 -1.775627
v 0.775362 0.588884 -1.685804
v 0.737965 0.588426 -1.706589
v -0.775362 0.585131 -1.692999
v -0.737965 0.582071 -1.720711
v -0.636320 0.569556 -1.775627
v -0.636320 0.566398 -1.785100
v -0.651706 0.567709 -1.775627
v -0.563035 0.561547 -1.828740
v -0.489477 0.559559 -1.868423
v -0.391582 0.551571 -1.910752
v 0.330340 0.463210 -2.010420
v 0.391582 0.551571 -1.910752
v 0.489477 0.559559 -1.868423
v 0.563035 0.561547 -1.828740
v 0.636320 0.566398 -1.785100
v 0.636320 0.569556 -1.775627
v 0.651706 0.567709 -1.775627
v 0.737698 0.594773 -1.692553
v 0.775362 0.585131 -1.692999
v 0.737965 0.582071 -1.720711
v -0.773086 0.224286 -1.702974
v -0.805128 0.209496 -1.664222
v -0.783163 0.293686 -1.696188
v -0.750221 0.276740 -1.730070
v -0.767619 0.371960 -1.725319
v -0.763003 0.480565 -1.736638
v -0.688900 0.573261 -1.753153
v -0.686541 0.537457 -1.775627
v -0.687350 0.537494 -1.775176
v -0.649841 0.457114 -1.844484
v -0.655646 0.536029 -1.792854
v -0.603846 0.176036 -1.841124
v -0.704487 0.189241 -1.768127
v -0.573274 0.223023 -1.895770
v -0.742155 0.433621 -1.753485
v -0.689249 0.573392 -1.752771
v -0.717557 0.520566 -1.758333
v -0.725369 0.505988 -1.759868
v -0.726570 0.520004 -1.753307
v -0.725412 0.303902 -1.756411
v -0.583756 0.315883 -1.897623
v -0.482074 0.396677 -1.957068
v -0.383312 0.307363 -1.980576
v -0.402564 0.163608 -1.924526
v -0.503205 0.168017 -1.891164
v -0.501742 0.247714 -1.922847
v -0.394541 0.250159 -1.971294
v -0.502070 0.287554 -1.934227
v -0.536940 0.387753 -1.923675
v -0.501248 0.428436 -1.939068
v -0.349285 0.230305 -1.978707
v -0.119149 0.216275 -1.999925
v -0.301923 0.161517 -1.945313
v 0.000000 0.149479 -1.944483
v -0.100641 0.160560 -1.960984
v 0.000000 0.217328 -2.003880
v -0.201282 0.160739 -1.956540
v -0.198137 0.339366 -2.041131
v -0.606952 0.391582 -1.882422
v 0.573274 0.223023 -1.895770
v 0.277733 0.161632 -1.950027
v 0.349285 0.230305 -1.978707
v 0.383312 0.307363 -1.980576
v 0.187079 0.321848 -2.012614
v 0.195791 0.220265 -1.999674
v 0.201282 0.160739 -1.956540
v 0.124559 0.160814 -1.961397
v 0.482074 0.396677 -1.957068
v 0.503205 0.168017 -1.891164
v 0.402564 0.163608 -1.924526
v 0.394541 0.250159 -1.971294
v 0.501742 0.247714 -1.922847
v 0.502070 0.287554 -1.934227
v 0.583756 0.315883 -1.897623
v 0.536940 0.387753 -1.923675
v 0.501248 0.428436 -1.939068
v 0.655646 0.536029 -1.792854
v 0.689249 0.573392 -1.752771
v 0.726570 0.520004 -1.753307
v 0.725369 0.505988 -1.759868
v 0.762741 0.481471 -1.736538
v 0.704487 0.189241 -1.768127
v 0.603846 0.176036 -1.841124
v 0.742155 0.433621 -1.753485
v 0.686541 0.537457 -1.775627
v 0.688900 0.573261 -1.753153
v 0.773086 0.224287 -1.702974
v 0.750221 0.276740 -1.730070
v 0.783163 0.293686 -1.696188
v 0.769919 0.370557 -1.722277
v 0.725412 0.303902 -1.756411
v 0.606952 0.391582 -1.882422
v 0.742155 0.433621 -1.753485
v 0.805128 0.209496 -1.664222
v 0.704487 0.174439 -1.664222
v 0.704487 0.189241 -1.768127
v 0.603846 0.139382 -1.664222
v 0.503205 0.220265 -1.664222
v 0.603846 0.176036 -1.841124
v 0.603846 0.139382 -1.664222
v 0.000000 0.149479 -1.944483
v 0.503205 0.168017 -1.891164
v -0.201282 0.160739 -1.956540
v -0.100641 0.160560 -1.960984
v -0.301923 0.161517 -1.945313
v -0.402564 0.163608 -1.924526
v -0.503205 0.168017 -1.891164
v -0.503205 0.220265 -1.664222
v -0.603846 0.176036 -1.841124
v -0.603846 0.139382 -1.664222
v -0.704487 0.189241 -1.768127
v -0.603846 0.176036 -1.841124
v -0.704487 0.174439 -1.664222
v -0.805128 0.209496 -1.664222
v -0.738278 0.796963 1.911082
v -0.642720 0.819908 2.033208
v -0.489477 0.839044 2.073598
v -0.391592 0.844776 2.090977
v -0.293686 0.822322 1.840434
v -0.293686 0.847495 2.105597
v -0.146933 0.848674 2.119642
v 0.146933 0.848674 2.119642
v 0.391592 0.844776 2.090977
v 0.642720 0.819908 2.033208
v 0.738278 0.796963 1.911082
v -0.763584 0.430740 1.874175
v -0.763584 0.499267 1.897397
v -0.763688 0.569871 1.906743
v -0.763584 0.636320 1.883769
v -0.701145 0.750963 1.968065
v -0.738278 0.796963 1.911082
v -0.738937 0.728253 1.904375
v -0.734216 0.293686 1.906801
v -0.734216 0.362213 1.926947
v -0.734216 0.430740 1.954669
v -0.734216 0.499267 1.977659
v -0.732295 0.560556 1.981295
v -0.730373 0.666779 1.930630
v -0.694012 0.809793 1.986649
v -0.644012 0.766928 2.024150
v -0.642720 0.819908 2.033208
v -0.685268 0.499267 2.060596
v -0.685268 0.430740 2.038553
v -0.645351 0.440533 2.078501
v -0.571764 0.325417 2.076607
v -0.575589 0.419230 2.110319
v -0.636320 0.362213 2.056472
v -0.573526 0.462983 2.128699
v -0.636320 0.499267 2.107534
v -0.636320 0.553109 2.100567
v -0.636320 0.636320 2.022738
v -0.636320 0.587373 2.058734
v -0.577168 0.663862 2.043375
v -0.676939 0.293143 1.987903
v -0.685268 0.362213 2.008630
v -0.685268 0.553109 2.057563
v -0.685268 0.587373 2.022931
v -0.694279 0.657317 1.977451
v -0.476471 0.328166 2.114434
v -0.464337 0.420143 2.151084
v -0.509056 0.362213 2.120636
v -0.518912 0.417295 2.129381
v -0.509056 0.499267 2.166456
v -0.529962 0.464123 2.142537
v -0.465060 0.461230 2.164030
v -0.440198 0.673617 2.076741
v -0.509056 0.636320 2.064868
v -0.509056 0.587373 2.104998
v -0.337919 0.724723 2.099325
v -0.378011 0.687871 2.089137
v -0.391582 0.636320 2.087572
v -0.381176 0.322783 2.137905
v -0.391582 0.362213 2.155625
v -0.401869 0.440513 2.177852
v -0.391582 0.499267 2.196789
v -0.509056 0.553109 2.153806
v -0.391582 0.553109 2.180859
v -0.391582 0.587373 2.129444
v -0.489477 0.839044 2.073598
v -0.509056 0.802743 2.086679
v -0.380744 0.800074 2.112295
v -0.391592 0.844776 2.090977
v -0.254528 0.362213 2.183920
v -0.285882 0.313708 2.152443
v -0.152001 0.306782 2.165944
v -0.156947 0.475225 2.226300
v -0.254528 0.430740 2.208860
v -0.254528 0.499267 2.221115
v -0.127264 0.553109 2.214360
v 0.000000 0.499267 2.238869
v 0.000000 0.553109 2.218310
v -0.127264 0.587373 2.159897
v 0.000000 0.587373 2.163489
v -0.127264 0.636320 2.115939
v 0.000000 0.636320 2.119284
v -0.127264 0.704847 2.118134
v -0.254528 0.553109 2.202510
v -0.254528 0.587373 2.149123
v -0.254528 0.636320 2.105902
v -0.254528 0.704847 2.107881
v -0.293176 0.765671 2.116097
v -0.127264 0.763584 2.130660
v -0.293686 0.847495 2.105597
v -0.273485 0.815434 2.126781
v -0.146933 0.848674 2.119642
v -0.546926 0.782965 2.071852
v -0.553147 0.832918 2.061604
v 0.127264 0.636320 2.115939
v 0.127264 0.704847 2.118134
v 0.000000 0.704847 2.121551
v -0.000393 0.773966 2.136987
v 0.127264 0.763584 2.130660
v 0.156989 0.475813 2.227963
v 0.152037 0.306832 2.165856
v 0.254528 0.362213 2.183920
v 0.254528 0.430740 2.208860
v 0.254528 0.499267 2.221115
v 0.285882 0.313708 2.152443
v 0.254528 0.553109 2.202510
v 0.127264 0.553109 2.214360
v 0.127264 0.587373 2.159897
v 0.254528 0.587373 2.149123
v 0.254528 0.636320 2.105902
v 0.254528 0.704847 2.107881
v 0.293014 0.765682 2.115979
v 0.273486 0.815434 2.126781
v 0.293686 0.847495 2.105597
v 0.146933 0.848674 2.119642
v 0.378011 0.687871 2.089136
v 0.337918 0.724723 2.099325
v 0.391582 0.636320 2.087572
v 0.476471 0.328166 2.114434
v 0.509056 0.362213 2.120636
v 0.464337 0.420143 2.151084
v 0.518913 0.417295 2.129380
v 0.529962 0.464122 2.142537
v 0.509056 0.499267 2.166456
v 0.465060 0.461230 2.164030
v 0.509056 0.587373 2.104998
v 0.509056 0.636320 2.064868
v 0.440267 0.673542 2.076790
v 0.391582 0.362213 2.155625
v 0.381176 0.322783 2.137905
v 0.401869 0.440548 2.177816
v 0.391582 0.499267 2.196789
v 0.391582 0.553109 2.180859
v 0.509056 0.553109 2.153806
v 0.391582 0.587373 2.129444
v 0.509056 0.802743 2.086679
v 0.489477 0.839044 2.073598
v 0.380744 0.800074 2.112295
v 0.391592 0.844776 2.090977
v 0.575589 0.419230 2.110319
v 0.571764 0.325417 2.076607
v 0.636320 0.362213 2.056472
v 0.645443 0.440528 2.078570
v 0.636320 0.499267 2.107534
v 0.573525 0.462983 2.128699
v 0.636320 0.553109 2.100567
v 0.636320 0.587373 2.058734
v 0.636320 0.636320 2.022738
v 0.577169 0.663862 2.043375
v 0.685268 0.430740 2.038553
v 0.685268 0.499267 2.060596
v 0.701145 0.750963 1.968065
v 0.694012 0.809793 1.986649
v 0.644012 0.766928 2.024150
v 0.642720 0.819908 2.033208
v 0.674854 0.293185 1.989655
v 0.685268 0.362213 2.008630
v 0.685268 0.553109 2.057563
v 0.685268 0.587373 2.022931
v 0.691621 0.658454 1.979405
v 0.738937 0.728253 1.904375
v 0.738278 0.796963 1.911082
v 0.763584 0.430740 1.874175
v 0.762555 0.561345 1.910025
v 0.763584 0.499267 1.897397
v 0.763584 0.636320 1.883769
v 0.734216 0.293686 1.906801
v 0.734216 0.362213 1.926947
v 0.734216 0.430740 1.954669
v 0.734216 0.499267 1.977659
v 0.733711 0.555669 1.979271
v 0.729820 0.668291 1.931376
v 0.546927 0.782965 2.071851
v 0.553147 0.832918 2.061604
v 0.000000 0.836049 2.138880
v 0.674854 0.293185 1.989655
v 0.571764 0.220265 1.840434
v 0.571764 0.325417 2.076607
v 0.476471 0.220265 1.840434
v 0.476471 0.328166 2.114434
v 0.381176 0.220265 1.840434
v 0.476471 0.220265 1.840434
v 0.381176 0.322783 2.137905
v 0.285882 0.220265 1.840434
v 0.285882 0.313708 2.152443
v 0.190589 0.220265 1.840434
v 0.152037 0.306832 2.165856
v 0.095294 0.220265 1.840434
v 0.002643 0.301909 2.169420
v -0.095294 0.220265 1.840434
v -0.152001 0.306782 2.165944
v -0.190589 0.220265 1.840434
v -0.285882 0.313708 2.152443
v -0.285882 0.220265 1.840434
v -0.381176 0.322783 2.137905
v -0.381176 0.220265 1.840434
v -0.476471 0.328166 2.114434
v -0.476471 0.220265 1.840434
v -0.476471 0.220265 1.840434
v -0.571764 0.325417 2.076607
v -0.571764 0.220265 1.840434
v -0.676939 0.293143 1.987903
v -0.667058 0.182618 1.840434
v -0.762353 0.244739 1.840434
v -0.694279 0.657317 1.977451
v -0.701145 0.750963 1.968065
v -0.730373 0.666779 1.930630
v -0.738937 0.728253 1.904375
v -0.760553 0.709081 1.855427
v -0.538425 0.685268 2.055819
v -0.538425 0.739111 2.063691
v -0.577168 0.663862 2.043375
v -0.644012 0.766928 2.024150
v -0.636320 0.685268 2.018166
v -0.546926 0.782965 2.071852
v -0.440529 0.739111 2.086211
v -0.440198 0.673617 2.076741
v -0.378011 0.687871 2.089137
v -0.440529 0.792953 2.099252
v -0.380744 0.800074 2.112295
v -0.273485 0.815434 2.126781
v -0.293176 0.765671 2.116097
v -0.195791 0.792953 2.133045
v -0.337919 0.724723 2.099325
v -0.000393 0.773966 2.136987
v -0.440529 0.792953 2.099252
v -0.380744 0.800074 2.112295
v -0.546926 0.782965 2.071852
v 0.000000 0.836049 2.138880
v 0.195791 0.792953 2.133045
v 0.293014 0.765682 2.115979
v 0.273486 0.815434 2.126781
v 0.440267 0.673542 2.076790
v 0.440529 0.739111 2.086211
v 0.378011 0.687871 2.089136
v 0.337918 0.724723 2.099325
v 0.380744 0.800074 2.112295
v 0.636320 0.685268 2.018166
v 0.644012 0.766928 2.024150
v 0.577169 0.663862 2.043375
v 0.538425 0.739111 2.063691
v 0.538425 0.685268 2.055819
v 0.546927 0.782965 2.071851
v 0.440529 0.792953 2.099252
v 0.738937 0.728253 1.904375
v 0.729820 0.668291 1.931376
v 0.760552 0.709081 1.855427
v 0.701145 0.750963 1.968065
v 0.691621 0.658454 1.979405
v 0.440529 0.792953 2.099252
v 0.546927 0.782965 2.071851
v 0.380744 0.800074 2.112295
v -0.147822 0.465982 2.215504
v -0.147822 0.319139 2.160413
v 0.147822 0.319139 2.160413
v 0.784699 0.260418 0.469966
v -0.816703 0.370894 -0.420950
v -0.819606 0.375125 -0.573002
v -0.804387 0.370894 -0.420950
v -0.765608 0.243442 0.140328
v -0.784699 0.260418 0.469966
v -0.764444 0.245718 0.244739
v -0.785778 0.341143 0.244739
v -0.771876 0.311234 0.145567
v -0.764444 0.245718 0.244739
v -0.781946 0.314982 -0.110657
v -0.762316 0.244928 0.000000
v -0.786526 0.352824 0.000000
v -0.786257 0.340676 0.254528
v -0.772641 0.244328 -0.186001
v -0.794679 0.361234 -0.176212
v -0.795115 0.361621 -0.186001
v -0.781371 0.242193 -0.327494
v -0.786141 0.249843 -0.420950
v -0.804387 0.370894 -0.420950
v 0.694071 0.865525 -0.226573
v 0.743968 0.790541 -0.420950
v -0.786257 0.340676 0.254528
v -0.794679 0.361234 -0.176212
v -0.786526 0.352824 0.000000
v -0.801229 0.798167 -0.480269
v -0.861480 0.877143 -0.440529
v -0.799701 0.795932 -0.403767
v -0.936751 0.796400 -0.458668
v -0.801229 0.798167 -0.480269
v -0.799701 0.795932 -0.403767
v -0.921607 0.824859 -0.507558
v -0.861480 0.862806 -0.494523
v -0.861480 0.828195 -0.516888
v -0.920217 0.864814 -0.488985
v -0.861480 0.877143 -0.440529
v -0.861480 0.862806 -0.494523
v -0.933823 0.838679 -0.379192
v -0.861480 0.862806 -0.386536
v -0.861480 0.828195 -0.364171
v -0.861480 0.828195 -0.364171
v -0.933823 0.838679 -0.379192
v -0.861480 0.793584 -0.386536
v -0.921607 0.824859 -0.507558
v -0.861480 0.828195 -0.516888
v -0.861480 0.793584 -0.494523
v -0.936751 0.796400 -0.458668
v -0.920217 0.864814 -0.488985
v -0.921607 0.824859 -0.507558
v 0.794679 0.361234 -0.176212
v 0.806983 0.363020 -0.219298
v 0.795115 0.361621 -0.186001
v 0.804387 0.370894 -0.420950
v 0.785778 0.341143 0.244739
v 0.764444 0.245718 0.244739
v 0.771876 0.311234 0.145567
v 0.781947 0.314984 -0.110659
v 0.786526 0.352824 0.000000
v 0.762316 0.244928 0.000000
v 0.786257 0.340676 0.254528
v 0.772641 0.244328 -0.186001
v 0.795115 0.361621 -0.186001
v 0.794679 0.361234 -0.176212
v 0.781371 0.242193 -0.327494
v 0.786141 0.249843 -0.420950
v 0.804387 0.370894 -0.420950
v 0.786257 0.340676 0.254528
v 0.794679 0.361234 -0.176212
v 0.799701 0.795932 -0.477292
v 0.861480 0.877143 -0.440529
v 0.861480 0.862806 -0.494523
v 0.801229 0.798167 -0.400790
v 0.801229 0.798167 -0.400790
v 0.861480 0.793584 -0.386536
v 0.861448 0.839360 -0.364683
v 0.801229 0.798167 -0.400790
v 0.936751 0.796400 -0.422391
v 0.861480 0.793584 -0.386536
v 0.933823 0.838679 -0.501867
v 0.861480 0.828195 -0.516888
v 0.920217 0.864814 -0.392074
v 0.937375 0.866404 -0.435369
v 0.861448 0.839360 -0.364683
v 0.921607 0.824859 -0.373500
v 0.936751 0.796400 -0.422391
v 0.921607 0.824859 -0.373500
v 0.861480 0.828195 -0.516888
v 0.933823 0.838679 -0.501867
v 0.861480 0.793584 -0.494523
v 0.920217 0.864814 -0.392074
v 0.936751 0.796400 -0.422391
v 0.937375 0.866404 -0.435369
v 0.687723 0.911237 0.919508
v 0.702160 0.891259 0.965612
v 0.711699 0.880554 0.941010
v -0.694145 0.689842 -1.492905
v -0.726354 0.661428 -1.547459
v -0.738707 0.604223 -1.664759
v -0.737698 0.594773 -1.692553
v -0.737698 0.591837 -1.692553
v -0.731804 0.578064 -1.724731
v -0.731788 0.580962 -1.724820
v -0.731804 0.581001 -1.724731
v -0.731788 0.578026 -1.724820
v -0.653005 0.567554 -1.775627
v -0.434096 1.134619 0.868939
v -0.392565 1.149156 0.860218
v -0.434096 1.137556 0.868939
v -0.487599 0.682126 -1.558604
v -0.487898 0.682856 -1.556903
v -0.489477 0.596554 -1.748262
v -0.486393 0.598002 -1.745867
v -0.489477 0.599491 -1.748262
v -0.484257 0.633520 -1.667509
v -0.484168 0.635009 -1.664222
v -0.484257 0.636456 -1.667509
v -0.790680 0.345739 0.147963
v -0.794849 0.352824 0.000000
v -0.738650 0.604471 -1.664222
v -0.491000 0.690409 -1.539288
v -0.491000 0.693346 -1.539288
v -0.491208 0.690916 -1.538109
v -0.491208 0.693852 -1.538109
v -0.499169 0.710302 -1.492905
v -0.499169 0.713239 -1.492905
v -0.519098 0.683870 -1.518456
v -0.557514 0.703300 -1.492905
v -0.499169 0.710302 -1.492905
v -0.566942 0.676869 -1.518456
v -0.562908 0.702653 -1.492905
v -0.571364 0.676222 -1.518456
v -0.630932 0.694491 -1.492905
v -0.631563 0.667412 -1.518456
v -0.636320 0.693844 -1.492905
v -0.678978 0.660473 -1.518456
v -0.694145 0.686905 -1.492905
v -0.682613 0.659941 -1.518456
v -0.698578 0.686373 -1.492905
v -0.700679 0.657297 -1.518456
v -0.720608 0.683729 -1.492905
v -0.723215 0.672276 -1.517660
v -0.720608 0.683729 -1.492905
v -0.702817 0.645845 -1.538755
v -0.725493 0.662270 -1.539288
v -0.704685 0.635839 -1.556490
v -0.726354 0.658491 -1.547459
v -0.705389 0.632059 -1.563189
v -0.727310 0.654291 -1.556537
v -0.706174 0.627859 -1.570634
v -0.731077 0.637741 -1.592309
v -0.709263 0.611309 -1.599968
v -0.738345 0.605815 -1.661318
v -0.715223 0.579383 -1.656554
v -0.738520 0.605047 -1.662980
v -0.715366 0.578615 -1.657917
v -0.738578 0.604790 -1.663532
v -0.715414 0.578359 -1.658370
v -0.738650 0.604471 -1.664222
v -0.715474 0.578039 -1.658936
v -0.738707 0.604223 -1.664759
v -0.715520 0.577792 -1.659377
v -0.738763 0.594327 -1.686735
v -0.715566 0.567895 -1.677396
v -0.737965 0.592462 -1.691093
v -0.714912 0.566030 -1.680970
v -0.737719 0.591888 -1.692436
v -0.714710 0.565456 -1.682071
v -0.737698 0.591837 -1.692553
v -0.714691 0.565405 -1.682168
v -0.735107 0.585783 -1.706698
v -0.712568 0.559351 -1.693766
v -0.734847 0.585177 -1.708115
v -0.712355 0.558745 -1.694927
v -0.732332 0.579299 -1.721845
v -0.710293 0.552867 -1.706186
v -0.731804 0.578064 -1.724731
v -0.709859 0.551632 -1.708553
v -0.731788 0.578026 -1.724820
v -0.709846 0.551594 -1.708626
v -0.653005 0.564617 -1.775627
v -0.645243 0.538185 -1.750288
v -0.651706 0.564772 -1.775627
v -0.644178 0.538341 -1.750288
v -0.636320 0.566619 -1.775627
v -0.593470 0.545761 -1.750288
v -0.589867 0.572193 -1.775627
v -0.571468 0.548981 -1.750288
v -0.563035 0.575413 -1.775627
v -0.540050 0.553579 -1.750288
v -0.524720 0.580011 -1.775627
v -0.525307 0.562019 -1.738840
v -0.506740 0.588450 -1.761666
v -0.511151 0.570122 -1.727848
v -0.489477 0.596554 -1.748262
v -0.508623 0.571570 -1.725885
v -0.486393 0.598002 -1.745867
v -0.485637 0.610586 -1.718106
v -0.508002 0.584154 -1.703120
v -0.485571 0.611678 -1.715695
v -0.506871 0.607088 -1.661631
v -0.484257 0.633520 -1.667509
v -0.506798 0.608578 -1.658936
v -0.484168 0.635009 -1.664222
v -0.505131 0.642390 -1.597767
v -0.482135 0.668822 -1.589626
v -0.509610 0.655694 -1.572329
v -0.487599 0.682126 -1.558604
v -0.509856 0.656424 -1.570934
v -0.487898 0.682856 -1.556903
v -0.510387 0.657999 -1.567921
v -0.488545 0.684431 -1.553228
v -0.511151 0.660269 -1.563581
v -0.489477 0.686701 -1.547936
v -0.512400 0.663978 -1.556490
v -0.491000 0.690409 -1.539288
v -0.512571 0.664484 -1.555522
v -0.491208 0.690916 -1.538109
v 0.698578 0.689310 -1.492905
v 0.694145 0.689842 -1.492905
v 0.636320 0.693844 -1.492905
v 0.636320 0.696781 -1.492905
v 0.723215 0.675213 -1.517660
v 0.720608 0.683729 -1.492905
v 0.720608 0.686666 -1.492905
v 0.725493 0.665207 -1.539288
v 0.723215 0.672276 -1.517660
v 0.726354 0.661428 -1.547459
v 0.725493 0.662270 -1.539288
v 0.738707 0.604223 -1.664759
v 0.738707 0.607160 -1.664759
v 0.737719 0.591888 -1.692436
v 0.737965 0.592462 -1.691093
v 0.737698 0.594773 -1.692553
v -0.704364 0.842567 -0.264317
v 0.731788 0.580962 -1.724820
v 0.731804 0.578064 -1.724731
v 0.731804 0.581001 -1.724731
v 0.731788 0.578026 -1.724820
v 0.731788 0.580962 -1.724820
v 0.563035 0.578350 -1.775627
v 0.524720 0.580011 -1.775627
v 0.563035 0.575413 -1.775627
v -0.737965 0.595399 -1.691093
v 0.524720 0.582948 -1.775627
v 0.506740 0.591387 -1.761666
v 0.506740 0.588450 -1.761666
v 0.489477 0.689638 -1.547936
v 0.491000 0.690409 -1.539288
v 0.489477 0.686701 -1.547936
v 0.491000 0.693346 -1.539288
v 0.491208 0.690916 -1.538109
v 0.491208 0.693852 -1.538109
v 0.557514 0.703300 -1.492905
v 0.519098 0.683870 -1.518456
v 0.499169 0.710302 -1.492905
v 0.562908 0.702653 -1.492905
v 0.566942 0.676869 -1.518456
v 0.630932 0.694491 -1.492905
v 0.571364 0.676222 -1.518456
v 0.631563 0.667412 -1.518456
v 0.627145 0.668058 -1.518456
v 0.636320 0.693844 -1.492905
v 0.678978 0.660473 -1.518456
v 0.694145 0.686905 -1.492905
v 0.682613 0.659941 -1.518456
v 0.698578 0.686373 -1.492905
v 0.700679 0.657297 -1.518456
v 0.723215 0.672276 -1.517660
v 0.720608 0.683729 -1.492905
v 0.725493 0.662270 -1.539288
v 0.702817 0.645845 -1.538755
v 0.726354 0.658491 -1.547459
v 0.704685 0.635839 -1.556490
v 0.727310 0.654291 -1.556537
v 0.705389 0.632059 -1.563189
v 0.731077 0.637741 -1.592309
v 0.706174 0.627859 -1.570634
v 0.738345 0.605815 -1.661318
v 0.709263 0.611309 -1.599968
v 0.738520 0.605047 -1.662980
v 0.715223 0.579383 -1.656554
v 0.738578 0.604790 -1.663532
v 0.715366 0.578615 -1.657917
v 0.738650 0.604471 -1.664222
v 0.715414 0.578358 -1.658370
v 0.738707 0.604223 -1.664759
v 0.715474 0.578039 -1.658936
v 0.738763 0.594327 -1.686735
v 0.715520 0.577792 -1.659377
v 0.737965 0.592462 -1.691093
v 0.715566 0.567895 -1.677396
v 0.737719 0.591888 -1.692436
v 0.714912 0.566030 -1.680970
v 0.737698 0.591837 -1.692553
v 0.714710 0.565456 -1.682071
v 0.735107 0.585783 -1.706698
v 0.714691 0.565405 -1.682168
v 0.734847 0.585177 -1.708115
v 0.712568 0.559351 -1.693766
v 0.732332 0.579299 -1.721845
v 0.712355 0.558745 -1.694927
v 0.731804 0.578064 -1.724731
v 0.710293 0.552867 -1.706186
v 0.731788 0.578026 -1.724820
v 0.709859 0.551632 -1.708553
v 0.653005 0.564617 -1.775627
v 0.709846 0.551594 -1.708626
v 0.651706 0.564772 -1.775627
v 0.645243 0.538185 -1.750288
v 0.636320 0.566619 -1.775627
v 0.644178 0.538341 -1.750288
v 0.593470 0.545761 -1.750288
v 0.631563 0.540187 -1.750288
v 0.589867 0.572193 -1.775627
v 0.571468 0.548981 -1.750288
v 0.563035 0.575413 -1.775627
v 0.540050 0.553579 -1.750288
v 0.524720 0.580011 -1.775627
v 0.525307 0.562019 -1.738840
v 0.506740 0.588450 -1.761666
v 0.511151 0.570122 -1.727848
v 0.489477 0.596554 -1.748262
v 0.508623 0.571570 -1.725885
v 0.485637 0.610586 -1.718106
v 0.508623 0.571570 -1.725885
v 0.486393 0.598002 -1.745867
v 0.485571 0.611678 -1.715695
v 0.508002 0.584154 -1.703120
v 0.506871 0.607088 -1.661631
v 0.507948 0.585246 -1.701144
v 0.484257 0.633520 -1.667509
v 0.506798 0.608578 -1.658936
v 0.484168 0.635009 -1.664222
v 0.505131 0.642390 -1.597767
v 0.482135 0.668822 -1.589626
v 0.509610 0.655694 -1.572329
v 0.487599 0.682126 -1.558604
v 0.509856 0.656424 -1.570934
v 0.487898 0.682856 -1.556903
v 0.510387 0.657999 -1.567921
v 0.488545 0.684431 -1.553228
v 0.511151 0.660269 -1.563581
v 0.489477 0.686701 -1.547936
v 0.512400 0.663978 -1.556490
v 0.491000 0.690409 -1.539288
v 0.512571 0.664484 -1.555522
v 0.491208 0.690916 -1.538109
v 0.714691 0.565405 -1.682168
v 0.712568 0.559351 -1.693766
v 0.631563 0.540187 -1.750288
v 0.792165 0.340676 0.254528
v 0.786257 0.340676 0.254528
v 0.785778 0.341143 0.244739
v -0.723215 0.675213 -1.517660
v -0.720608 0.686666 -1.492905
v -0.720608 0.683729 -1.492905
v -0.494455 0.841299 1.669401
v 0.487898 0.685793 -1.556903
v 0.487898 0.682856 -1.556903
v 0.488545 0.684431 -1.553228
v 0.482135 0.668822 -1.589626
v -0.639989 0.957295 0.934695
v 0.024941 0.859318 1.768476
v -0.732332 0.579299 -1.721845
v 0.567768 0.832504 1.615296
v 0.810400 0.169359 1.556537
v -0.389647 0.809722 -0.627152
v -0.599737 1.004936 0.910280
v -0.609473 0.943339 1.095209
v -0.609473 0.940402 1.095209
v -0.599687 0.979902 1.025551
v -0.599687 0.979902 1.025551
v -0.738622 0.856937 0.979125
v -0.687006 0.908453 0.964270
v 0.720608 0.686666 -1.492905
v 0.698578 0.686373 -1.492905
v 0.720608 0.683729 -1.492905
v 0.740096 0.600796 -1.677949
v 0.589867 0.575130 -1.775627
v 0.846358 0.614516 0.991491
v 0.055422 0.862102 1.766675
v 0.154958 0.860093 1.760796
v 0.055422 0.859166 1.766675
v 0.623912 0.844351 1.479979
v 0.592127 0.837832 1.556537
v 0.567768 0.832504 1.615296
v 0.402059 1.146318 0.862211
v 0.599736 1.003049 0.909519
v 0.738578 0.607728 -1.663532
v 0.738520 0.605047 -1.662980
v 0.738650 0.607408 -1.664222
v 0.738578 0.604790 -1.663532
v 0.738650 0.604471 -1.664222
v 0.762316 0.244928 0.000000
v 0.764444 0.245718 0.244739
v 0.807300 0.166239 0.851690
v -0.294606 1.167957 0.847951
v -0.294606 1.167957 0.847951
v -0.146988 1.174557 0.842466
v -0.294606 1.167957 0.847951
v 0.293686 0.855817 1.740538
v 0.807300 0.166239 0.851690
v -0.489477 0.689638 -1.547936
v -0.750063 0.833759 0.753577
v -0.745649 0.820624 0.488828
v -0.746786 0.818230 0.416514
v 0.547179 1.091463 0.718137
v 0.542925 1.119366 0.490147
v 0.732332 0.579299 -1.721845
v 0.538401 1.064402 -0.053835
v 0.491586 1.086290 -0.042821
v 0.754356 0.170108 0.244739
v 0.726354 0.658491 -1.547459
v 0.755056 0.171165 0.000000
v -0.782728 0.244328 -0.186001
v -0.487898 0.685793 -1.556903
v -0.488545 0.684431 -1.553228
v 0.630932 0.697428 -1.492905
v 0.562908 0.702653 -1.492905
v 0.630932 0.694491 -1.492905
v -0.764444 0.245718 0.244739
v -0.762316 0.244928 0.000000
v -0.781371 0.242193 -0.327494
v 0.283596 1.141099 -0.012358
v 0.391808 1.122283 -0.019344
v 0.484168 0.637946 -1.664222
v 0.484168 0.635009 -1.664222
v 0.484257 0.633520 -1.667509
v 0.484257 0.636456 -1.667509
v 0.485571 0.614615 -1.715695
v 0.486393 0.598002 -1.745867
v 0.486393 0.600939 -1.745867
v 0.538401 1.064402 -0.053835
v 0.496620 1.119308 0.015994
v 0.582478 1.004882 -0.127264
v 0.582478 1.004882 -0.127264
v -0.788926 0.173191 -0.420950
v -0.803722 0.236314 -0.529305
v 0.491000 0.693346 -1.539288
v 0.491208 0.693852 -1.538109
v -0.743968 0.790541 -0.420950
v -0.750774 0.787923 -0.420976
v -0.741031 0.790541 -0.420950
v -0.724374 0.802028 -0.327687
v -0.743968 0.790541 -0.420950
v -0.741031 0.790541 -0.420950
v 0.781371 0.242193 -0.327494
v 0.798459 0.249843 -0.420950
v 0.786141 0.249843 -0.420950
v 0.807055 0.272307 -0.636064
v -0.615693 0.926580 1.138577
v -0.615693 0.929517 1.138577
v 0.651156 0.813613 -0.452924
v -0.694145 0.686905 -1.492905
v -0.720608 0.683729 -1.492905
v 0.682016 0.888984 -0.186015
v 0.748293 0.790880 -0.421323
v 0.619973 0.998996 0.125499
v 0.781371 0.242193 -0.327494
v 0.788926 0.173191 -0.420950
v -0.806210 0.174083 -0.636320
v -0.819606 0.375125 -0.573002
v -0.816703 0.370894 -0.420950
v -0.806983 0.363020 -0.219288
v 0.660794 0.790995 -0.636320
v 0.652289 0.806624 -0.556326
v -0.654920 0.802000 -0.554088
v -0.249646 0.818231 -0.636658
v 0.653005 0.564617 -1.775627
v 0.372003 1.127311 -0.014684
v 0.806983 0.363020 -0.219298
v 0.816703 0.370894 -0.420950
v 0.819606 0.375125 -0.573002
v 0.806210 0.174083 -0.636320
v -0.146955 0.828609 -0.636320
v 0.249631 0.816862 -0.636235
v 0.651156 0.813613 -0.452924
v 0.843443 0.523661 -0.862822
v 0.851012 0.672487 -1.101386
v -0.491000 0.693346 -1.539288
v -0.491208 0.693852 -1.538109
v -0.499169 0.713239 -1.492905
v -0.636320 0.696781 -1.492905
v -0.698578 0.689310 -1.492905
v -0.781371 0.242193 -0.327494
v 0.725493 0.665207 -1.539288
v 0.731077 0.640678 -1.592309
v 0.820486 0.176212 -1.556537
v 0.811830 0.194972 -1.617233
v -0.848431 0.667988 1.314385
v -0.547966 0.663864 1.095209
v -0.523403 0.166239 0.851690
v -0.523403 0.166239 0.851690
v -0.526503 0.324034 1.556537
v -0.533151 0.534061 1.489230
v -0.540004 0.613110 1.411263
v -0.537336 0.613110 0.996964
v -0.548144 0.663864 1.313019
v -0.553551 0.681352 1.204114
v -0.547966 0.663864 1.095209
v -0.851755 0.670965 -1.315757
v -0.851012 0.672487 -1.101386
v -0.547625 0.708946 -1.411263
v -0.536589 0.324034 -1.556537
v -0.536589 0.324034 -1.556537
v -0.542039 0.173880 -0.851690
v -0.543528 0.434451 -0.868939
v -0.546365 0.534061 -0.918997
v -0.547063 0.613110 -0.996964
v -0.547630 0.663864 -1.095209
v -0.548609 0.683297 -1.313019
v -0.547625 0.708946 -1.411263
v 0.526503 0.324034 1.556537
v 0.548144 0.663864 1.313019
v 0.547966 0.663864 1.095209
v 0.523403 0.166239 0.851690
v 0.528314 0.434451 1.539288
v 0.526503 0.324034 1.556537
v 0.525036 0.434451 0.868939
v 0.523403 0.166239 0.851690
v 0.529789 0.534061 0.918997
v 0.533151 0.534061 1.489230
v 0.547966 0.663864 1.095209
v 0.553551 0.681352 1.204114
v 0.542039 0.173880 -0.851690
v 0.547630 0.663864 -1.095209
v 0.547625 0.708946 -1.411263
v 0.547625 0.708946 -1.411263
v 0.536589 0.324034 -1.556537
v 0.542039 0.173880 -0.851690
v 0.536589 0.324034 -1.556537
v 0.543165 0.553538 -1.489230
v 0.547847 0.681352 -1.204114
v 0.547625 0.708946 -1.411263
v 0.548609 0.683297 -1.313019
v 0.547630 0.663864 -1.095209
v 0.547063 0.613110 -0.996964
v -0.597162 0.220265 -1.664222
v -0.544205 0.220265 -1.617233
v -0.597162 0.220265 -1.617233
v -0.178828 0.145758 -1.617233
v -0.503735 0.138998 -1.617233
v 0.000000 0.149479 -1.944483
v -0.503205 0.220265 -1.664222
v -0.503735 0.138998 -1.617233
v -0.544205 0.220265 -1.617233
v 0.178828 0.145758 -1.617233
v 0.503735 0.138998 -1.617233
v -0.597162 0.220265 1.644643
v -0.597162 0.220265 1.840434
v -0.799425 0.202618 1.644643
v -0.810400 0.169359 1.556537
v -0.597162 0.220265 1.556537
v -0.807300 0.166239 0.851690
v -0.754356 0.170108 0.244739
v -0.755056 0.171165 0.000000
v -0.770242 0.172067 -0.186001
v -0.788926 0.173191 -0.420950
v -0.825936 0.173880 -0.851690
v -0.657655 0.158126 -1.617233
v -0.755105 0.175212 -1.617233
v -0.811830 0.194972 -1.617233
v 0.597162 0.220265 1.840434
v 0.597162 0.220265 1.644643
v 0.667058 0.182618 1.840434
v 0.597162 0.220265 1.556537
v 0.810400 0.169359 1.556537
v 0.755056 0.171165 0.000000
v 0.770242 0.172067 -0.186001
v 0.788926 0.173191 -0.420950
v 0.825936 0.173880 -0.851690
v 0.657655 0.158126 -1.617233
v 0.597162 0.220265 -1.617233
v 0.603846 0.139382 -1.664222
v 0.600929 0.138366 -1.617233
v 0.657655 0.158126 -1.617233
v 0.597162 0.220265 -1.556537
v 0.600929 0.138366 -1.617233
v -0.119149 0.216275 -1.999925
v 0.000000 0.218478 -1.963449
v 0.399857 0.268696 -1.934588
v -0.399857 0.268696 -1.934588
v -0.344318 0.230912 -1.938590
v -0.399857 0.268696 -1.934588
v -0.383312 0.307363 -1.980576
v 0.187079 0.321848 -2.012614
v 0.383312 0.307363 -1.980576
v 0.344318 0.230912 -1.938590
v 0.399857 0.268696 -1.934588
v 0.191288 0.221347 -1.959339
v -0.703319 0.250299 -1.757039
v -0.502070 0.287554 -1.934227
v -0.501742 0.247714 -1.922847
v -0.750221 0.276740 -1.730070
v -0.501248 0.428436 -1.939068
v -0.482074 0.396677 -1.957068
v -0.536940 0.387753 -1.923675
v -0.607222 0.392232 -1.867209
v -0.742155 0.433621 -1.753485
v -0.649841 0.457114 -1.844484
v 0.703319 0.250299 -1.757039
v 0.501742 0.247714 -1.922847
v 0.583756 0.315883 -1.897623
v 0.502070 0.287554 -1.934227
v 0.742155 0.433621 -1.753485
v 0.606952 0.391582 -1.882422
v 0.536940 0.387753 -1.923675
v 0.742155 0.433621 -1.753485
v 0.536940 0.387753 -1.923675
v 0.607222 0.392232 -1.867209
v 0.536940 0.387753 -1.923675
v 0.482074 0.396677 -1.957068
v 0.501248 0.428436 -1.939068
v -0.152001 0.306782 2.165944
v 0.152037 0.306832 2.165856
v -0.156947 0.475225 2.226300
v 0.156989 0.475813 2.227963
v -0.740096 0.600796 -1.677949
v -0.562908 0.702653 -1.492905
v -0.557514 0.703300 -1.492905
v -0.737719 0.594824 -1.692436
v -0.589867 0.575130 -1.775627
v -0.636320 0.569556 -1.775627
v -0.589867 0.572193 -1.775627
v -0.636320 0.566619 -1.775627
v -0.651706 0.567709 -1.775627
v -0.651706 0.564772 -1.775627
v -0.653005 0.564617 -1.775627
v -0.524720 0.582948 -1.775627
v 0.544032 1.113621 0.225136
v -0.524720 0.582948 -1.775627
v 0.731804 0.581001 -1.724731
v 0.737719 0.594824 -1.692436
v -0.653005 0.567554 -1.775627
v -0.731788 0.580962 -1.724820
v 0.731804 0.581001 -1.724731
v 0.653005 0.567554 -1.775627
v 0.603846 0.176036 -1.841124
v 0.402564 0.163608 -1.924526
v 0.277733 0.161632 -1.950027
v 0.201282 0.160739 -1.956540
v 0.124559 0.160814 -1.961397
v -0.603846 0.139382 -1.664222
v -0.694012 0.809793 1.986649
v -0.553147 0.832918 2.061604
v 0.000000 0.836049 2.138880
v 0.293686 0.847495 2.105597
v 0.489477 0.839044 2.073598
v 0.553147 0.832918 2.061604
v 0.694012 0.809793 1.986649
v 0.476471 0.328166 2.114434
v 0.095294 0.304477 2.168982
v -0.095294 0.304477 2.168982
v -0.476471 0.328166 2.114434
v 0.147822 0.465982 2.215504
v -0.792165 0.340676 0.254528
v -0.786257 0.340676 0.254528
v -0.794322 0.313456 0.472358
v 0.620889 0.981229 -0.085817
v -0.861480 0.828195 -0.516888
v -0.861480 0.862806 -0.494523
v -0.799701 0.795932 -0.403767
v -0.861480 0.793584 -0.494523
v -0.801229 0.798167 -0.480269
v -0.920217 0.864814 -0.488985
v -0.937375 0.866404 -0.445690
v -0.936751 0.796400 -0.458668
v -0.937375 0.866404 -0.445690
v -0.933823 0.838679 -0.379192
v 0.794322 0.313456 0.472358
v 0.816703 0.370894 -0.420950
v 0.819606 0.375125 -0.573002
v 0.765608 0.243442 0.140328
v 0.764444 0.245718 0.244739
v 0.784699 0.260418 0.469966
v 0.799701 0.795932 -0.477292
v 0.799701 0.795932 -0.477292
v 0.921607 0.824859 -0.373500
v 0.933823 0.838679 -0.501867
v -0.643281 0.958963 0.928644
v -0.674729 0.923154 0.919238
v -0.662510 0.939903 0.973852
v -0.708256 0.890832 0.928251
v -0.696737 0.901617 0.970387
v -0.717053 0.881239 0.952159
v -0.628763 0.962201 0.952426
v 0.642823 0.954848 0.927609
v 0.658103 0.933484 0.973809
v 0.631087 0.965831 0.952151
v 0.528023 0.837971 1.644643
v 0.567768 0.832504 1.615296
v 0.528023 0.835034 1.644643
v 0.492679 0.839978 1.670744
v -0.726354 0.658491 -1.547459
v -0.738763 0.594327 -1.686735
v -0.737719 0.594824 -1.692436
v -0.737965 0.595399 -1.691093
v -0.737965 0.592462 -1.691093
v -0.737719 0.591888 -1.692436
v -0.090044 0.861369 1.764629
v -0.090044 0.858432 1.764629
v -0.147006 0.859631 1.761263
v -0.731788 0.578026 -1.724820
v -0.534756 1.082372 0.889549
v -0.482135 0.671758 -1.589626
v -0.482135 0.668822 -1.589626
v -0.486393 0.600939 -1.745867
v -0.506740 0.591387 -1.761666
v -0.506740 0.588450 -1.761666
v -0.485637 0.613522 -1.718106
v -0.486393 0.600939 -1.745867
v -0.485637 0.610586 -1.718106
v -0.486393 0.598002 -1.745867
v -0.485571 0.611678 -1.715695
v -0.485571 0.614615 -1.715695
v -0.484168 0.637946 -1.664222
v -0.785778 0.341143 0.244739
v -0.738345 0.608752 -1.661318
v -0.727310 0.657227 -1.556537
v -0.731077 0.637741 -1.592309
v -0.727310 0.654291 -1.556537
v -0.738345 0.605815 -1.661318
v -0.738520 0.605047 -1.662980
v -0.738578 0.604790 -1.663532
v -0.738650 0.607408 -1.664222
v -0.738520 0.607983 -1.662980
v -0.627145 0.668058 -1.518456
v -0.631563 0.540187 -1.750288
v -0.507948 0.585246 -1.701144
v -0.709263 0.611309 -1.599968
v -0.715223 0.579383 -1.656554
v -0.507948 0.585246 -1.701144
v -0.593470 0.545761 -1.750288
v -0.508002 0.584154 -1.703120
v -0.571468 0.548981 -1.750288
v -0.508623 0.571570 -1.725885
v -0.511151 0.570122 -1.727848
v -0.525307 0.562019 -1.738840
v -0.540050 0.553579 -1.750288
v -0.631563 0.540187 -1.750288
v -0.644178 0.538341 -1.750288
v -0.712355 0.558745 -1.694927
v -0.645243 0.538185 -1.750288
v -0.709846 0.551594 -1.708626
v -0.709859 0.551632 -1.708553
v -0.710293 0.552867 -1.706186
v -0.712568 0.559351 -1.693766
v -0.714691 0.565405 -1.682168
v -0.714912 0.566030 -1.680970
v -0.715566 0.567895 -1.677396
v -0.715520 0.577792 -1.659377
v -0.715414 0.578359 -1.658370
v -0.715366 0.578615 -1.657917
v 0.738763 0.594327 -1.686735
v 0.737719 0.594824 -1.692436
v 0.737698 0.591837 -1.692553
v 0.731788 0.578026 -1.724820
v -0.002442 1.171929 0.837005
v 0.489477 0.599491 -1.748262
v 0.489477 0.596554 -1.748262
v 0.486393 0.600939 -1.745867
v 0.486393 0.598002 -1.745867
v 0.486393 0.598002 -1.745867
v 0.709263 0.611309 -1.599968
v 0.715223 0.579383 -1.656554
v 0.508623 0.571570 -1.725885
v 0.508002 0.584154 -1.703120
v 0.511151 0.570122 -1.727848
v 0.507948 0.585246 -1.701144
v 0.571468 0.548981 -1.750288
v 0.525307 0.562019 -1.738840
v 0.593470 0.545761 -1.750288
v 0.540050 0.553579 -1.750288
v 0.644178 0.538341 -1.750288
v 0.712355 0.558745 -1.694927
v 0.714912 0.566030 -1.680970
v 0.715520 0.577792 -1.659377
v 0.715366 0.578615 -1.657917
v 0.714710 0.565456 -1.682071
v 0.715474 0.578039 -1.658936
v 0.715414 0.578358 -1.658370
v 0.709846 0.551594 -1.708626
v 0.645243 0.538185 -1.750288
v 0.709859 0.551632 -1.708553
v 0.710293 0.552867 -1.706186
v 0.715566 0.567895 -1.677396
v 0.503205 0.220265 -1.664222
v 0.503735 0.138998 -1.617233
v 0.000000 0.149479 -1.944483
v -0.820486 0.176212 -1.556537
v 0.597162 0.220265 -1.664222
v 0.544205 0.220265 -1.617233
v 0.503205 0.220265 -1.664222
v -0.597162 0.220265 -1.617233
v -0.603846 0.139382 -1.664222
v -0.597162 0.220265 -1.664222
v -0.597162 0.220265 1.204114
v -0.274107 0.220265 1.840434
v -0.597162 0.220265 1.840434
v -0.597162 0.220265 0.000000
v -0.274107 0.220265 1.204114
v -0.597162 0.220265 -1.204114
v -0.274107 0.220265 0.000000
v -0.597162 0.220265 -1.617233
v -0.274107 0.220265 -1.204114
v -0.274107 0.220265 -1.617233
v 0.274107 0.220265 1.840434
v 0.274107 0.220265 1.204114
v 0.274107 0.220265 0.000000
v -0.274107 0.220265 -1.617233
v 0.274107 0.220265 -1.204114
v -0.274107 0.220265 -1.664222
v 0.274107 0.220265 -1.617233
v 0.597162 0.220265 1.840434
v 0.597162 0.220265 1.204114
v 0.597162 0.220265 0.000000
v 0.274107 0.220265 -1.617233
v 0.597162 0.220265 -1.204114
v 0.274107 0.220265 -1.664222
v 0.597162 0.220265 -1.617233
v -0.729321 0.274107 0.988744
v -0.597162 0.274107 1.419484
v -0.729321 0.274107 1.419484
v 0.597162 0.274107 0.988744
v 0.729321 0.274107 1.419484
v 0.597162 0.274107 1.419484
v -0.729321 0.274107 -1.419484
v -0.597162 0.274107 -0.988744
v -0.729321 0.274107 -0.988744
v 0.597162 0.274107 -1.419484
v 0.729321 0.274107 -0.988744
v 0.597162 0.274107 -0.988744
v 0.215370 0.117475 -1.164956
v -0.215370 0.117475 -0.744005
v -0.215370 0.117475 -1.164956
v 0.215370 0.234949 -0.744005
v -0.215370 0.234949 -1.164956
v -0.215370 0.234949 -0.744005
v 0.215370 0.117475 -0.744005
v -0.215370 0.234949 -0.744005
v -0.215370 0.117475 -0.744005
v 0.215370 0.117475 -1.164956
v 0.215370 0.234949 -0.744005
v 0.215370 0.117475 -0.744005
v -0.215370 0.117475 -1.164956
v 0.215370 0.234949 -1.164956
v 0.215370 0.117475 -1.164956
v -0.215370 0.117475 -0.744005
v -0.215370 0.234949 -1.164956
v -0.215370 0.117475 -1.164956
v 0.127264 0.132159 -0.753795
v -0.127264 0.132159 -0.078316
v -0.127264 0.132159 -0.753795
v 0.127264 0.234949 -0.078316
v -0.127264 0.234949 -0.753795
v -0.127264 0.234949 -0.078316
v 0.127264 0.132159 -0.078316
v -0.127264 0.234949 -0.078316
v -0.127264 0.132159 -0.078316
v 0.127264 0.132159 -0.753795
v 0.127264 0.234949 -0.078316
v 0.127264 0.132159 -0.078316
v -0.127264 0.132159 -0.753795
v 0.127264 0.234949 -0.753795
v 0.127264 0.132159 -0.753795
v -0.127264 0.132159 -0.078316
v -0.127264 0.234949 -0.753795
v -0.127264 0.132159 -0.753795
v 0.156633 0.137054 1.057271
v -0.156633 0.137054 1.390115
v -0.156633 0.137054 1.057271
v 0.156633 0.244739 1.390115
v -0.156633 0.244739 1.057271
v -0.156633 0.244739 1.390115
v 0.156633 0.137054 1.390115
v -0.156633 0.244739 1.390115
v -0.156633 0.137054 1.390115
v 0.156633 0.137054 1.057271
v 0.156633 0.244739 1.390115
v 0.156633 0.137054 1.390115
v -0.156633 0.137054 1.057271
v 0.156633 0.244739 1.057271
v 0.156633 0.137054 1.057271
v -0.156633 0.137054 1.390115
v -0.156633 0.244739 1.057271
v -0.156633 0.137054 1.057271
v -0.017132 0.146539 -0.078316
v -0.034263 0.176212 1.096429
v -0.034263 0.176212 -0.078316
v 0.017132 0.146539 -0.078316
v -0.017132 0.146539 1.096429
v -0.017132 0.146539 -0.078316
v 0.034263 0.176212 -0.078316
v 0.017132 0.146539 1.096429
v 0.017132 0.146539 -0.078316
v 0.017132 0.205885 -0.078316
v 0.034263 0.176212 1.096429
v 0.034263 0.176212 -0.078316
v -0.017132 0.205885 -0.078316
v 0.017132 0.205885 1.096429
v 0.017132 0.205885 -0.078316
v -0.034263 0.176212 -0.078316
v -0.017132 0.205885 1.096429
v -0.017132 0.205885 -0.078316
v 0.017132 0.205885 -0.078316
v 0.017132 0.146539 -0.078316
v -0.034263 0.176212 -0.078316
v -0.017132 0.146539 1.096429
v 0.034263 0.176212 1.096429
v -0.017132 0.205885 1.096429
v -0.150079 0.172740 1.196551
v -0.704847 0.274107 1.179640
v -0.146843 0.195791 1.179640
v -0.150079 0.172740 1.196551
v -0.706846 0.259861 1.223913
v -0.708083 0.251057 1.196551
v -0.148842 0.181545 1.223913
v -0.702848 0.288353 1.223913
v -0.706846 0.259861 1.223913
v -0.143608 0.218841 1.196551
v -0.702848 0.288353 1.223913
v -0.144844 0.210037 1.223913
v -0.146843 0.195791 1.179640
v -0.701612 0.297158 1.196551
v -0.143608 0.218841 1.196551
v -0.148842 0.181545 1.223913
v -0.150079 0.172740 1.196551
v -0.146843 0.195791 1.179640
v -0.708083 0.251057 1.196551
v -0.706846 0.259861 1.223913
v -0.702848 0.288353 1.223913
v 0.150079 0.172740 1.211676
v 0.704847 0.274107 1.228588
v 0.146843 0.195791 1.228588
v 0.148842 0.181545 1.184314
v 0.708083 0.251057 1.211676
v 0.150079 0.172740 1.211676
v 0.148842 0.181545 1.184314
v 0.702848 0.288353 1.184314
v 0.706846 0.259861 1.184314
v 0.143608 0.218841 1.211676
v 0.702848 0.288353 1.184314
v 0.144844 0.210037 1.184314
v 0.143608 0.218841 1.211676
v 0.704847 0.274107 1.228588
v 0.701612 0.297158 1.211676
v 0.148842 0.181545 1.184314
v 0.150079 0.172740 1.211676
v 0.146843 0.195791 1.228588
v 0.708083 0.251057 1.211676
v 0.706846 0.259861 1.184314
v 0.702848 0.288353 1.184314
v 0.269702 0.190943 -1.001325
v 0.255507 0.176212 -0.655899
v 0.255507 0.215370 -0.998533
v 0.298092 0.190943 -1.001325
v 0.269702 0.151696 -0.657756
v 0.269702 0.190943 -1.001325
v 0.298092 0.190943 -1.001325
v 0.312286 0.176212 -0.655899
v 0.298092 0.151696 -0.657756
v 0.312286 0.215370 -0.998533
v 0.298092 0.200728 -0.654042
v 0.312286 0.176212 -0.655899
v 0.269702 0.239797 -0.995741
v 0.298092 0.200728 -0.654042
v 0.298092 0.239797 -0.995741
v 0.255507 0.215370 -0.998533
v 0.269702 0.200728 -0.654042
v 0.269702 0.239797 -0.995741
v 0.269702 0.141838 -0.352706
v 0.255507 0.166422 -0.352424
v 0.298092 0.151696 -0.657756
v 0.269702 0.141838 -0.352706
v 0.298092 0.141838 -0.352706
v 0.312286 0.166422 -0.352424
v 0.269702 0.200728 -0.654042
v 0.298092 0.191007 -0.352141
v 0.255507 0.166422 -0.352424
v 0.269702 0.191007 -0.352141
v 0.269708 0.141836 0.196192
v 0.255519 0.166422 0.196594
v 0.298086 0.141836 0.195389
v 0.269708 0.141836 0.196192
v 0.312275 0.166422 0.194988
v 0.298086 0.141836 0.195389
v 0.298092 0.191007 -0.352141
v 0.312275 0.166422 0.194988
v 0.269702 0.191007 -0.352141
v 0.298086 0.191009 0.195389
v 0.269708 0.191009 0.196192
v 0.299245 0.141841 0.687537
v 0.285104 0.166422 0.688857
v 0.327406 0.141841 0.683947
v 0.299245 0.141841 0.687537
v 0.341427 0.166422 0.681679
v 0.327406 0.141841 0.683947
v 0.298086 0.191009 0.195389
v 0.341427 0.166422 0.681679
v 0.269708 0.191009 0.196192
v 0.327286 0.191004 0.682999
v 0.255519 0.166422 0.196594
v 0.299124 0.191004 0.686589
v 0.397727 0.161429 1.198978
v 0.383852 0.186001 1.202082
v 0.425036 0.161429 1.191220
v 0.397727 0.161429 1.198978
v 0.425036 0.161429 1.191220
v 0.327286 0.191004 0.682999
v 0.438470 0.186001 1.186566
v 0.299124 0.191004 0.686589
v 0.424595 0.210574 1.189670
v 0.383852 0.186001 1.202082
v 0.397286 0.210574 1.197429
v 0.531798 0.195791 1.557667
v 0.545143 0.171213 1.552789
v 0.438470 0.186001 1.186566
v 0.571349 0.171213 1.541870
v 0.570864 0.220368 1.540707
v 0.584210 0.195791 1.535829
v 0.544659 0.220368 1.551626
v 0.570864 0.220368 1.540707
v 0.531798 0.195791 1.557667
v 0.544659 0.220368 1.551626
v 0.298092 0.239797 -0.995741
v 0.298092 0.190943 -1.001325
v 0.255507 0.215370 -0.998533
v 0.584210 0.195791 1.535829
v 0.570864 0.220368 1.540707
v 0.544659 0.220368 1.551626
v 0.283897 0.220265 -0.460109
v 0.332352 0.136706 -0.460109
v 0.332352 0.205928 -0.460109
v 0.235441 0.136706 -0.744005
v 0.235441 0.205928 -0.744005
v 0.283897 0.122369 -0.744005
v 0.332352 0.205928 -0.460109
v 0.352424 0.171317 -0.460109
v 0.352424 0.171317 -0.744005
v 0.283897 0.220265 -0.460109
v 0.332352 0.205928 -0.744005
v 0.235441 0.205928 -0.460109
v 0.283897 0.220265 -0.744005
v 0.215370 0.171317 -0.460109
v 0.235441 0.205928 -0.744005
v 0.235441 0.136706 -0.460109
v 0.215370 0.171317 -0.460109
v 0.215370 0.171317 -0.744005
v 0.283897 0.122369 -0.460109
v 0.235441 0.136706 -0.744005
v 0.332352 0.136706 -0.460109
v 0.283897 0.122369 -0.744005
v 0.352424 0.171317 -0.460109
v 0.332352 0.136706 -0.744005
v 0.288792 0.230054 0.411161
v 0.354553 0.129784 0.411161
v 0.354553 0.212850 0.411161
v 0.223030 0.129784 -0.019579
v 0.223030 0.212850 -0.019579
v 0.288792 0.112580 -0.019579
v 0.354553 0.212850 0.411161
v 0.381792 0.171317 0.411161
v 0.381792 0.171317 -0.019579
v 0.288792 0.230054 0.411161
v 0.354553 0.212850 -0.019579
v 0.223030 0.212850 0.411161
v 0.288792 0.230054 -0.019579
v 0.195791 0.171317 0.411161
v 0.223030 0.212850 -0.019579
v 0.223030 0.129784 0.411161
v 0.195791 0.171317 0.411161
v 0.195791 0.171317 -0.019579
v 0.288792 0.112580 0.411161
v 0.223030 0.129784 -0.019579
v 0.354553 0.129784 0.411161
v 0.288792 0.112580 -0.019579
v 0.381792 0.171317 0.411161
v 0.354553 0.129784 -0.019579
v 0.567794 0.274107 1.928540
v 0.671627 0.148769 1.928540
v 0.671627 0.252603 1.928540
v 0.463960 0.148769 1.507590
v 0.463960 0.252603 1.507590
v 0.567794 0.127264 1.507590
v 0.671627 0.252603 1.928540
v 0.714637 0.200686 1.928540
v 0.714637 0.200686 1.507590
v 0.567794 0.274107 1.928540
v 0.671627 0.252603 1.507590
v 0.463960 0.252603 1.928540
v 0.567794 0.274107 1.507590
v 0.420950 0.200686 1.928540
v 0.463960 0.252603 1.507590
v 0.463960 0.148769 1.928540
v 0.420950 0.200686 1.928540
v 0.420950 0.200686 1.507590
v 0.567794 0.127264 1.928540
v 0.463960 0.148769 1.507590
v 0.671627 0.148769 1.928540
v 0.567794 0.127264 1.507590
v 0.714637 0.200686 1.928540
v 0.671627 0.148769 1.507590
v 0.510736 0.168102 1.869803
v 0.499267 0.195791 2.075383
v 0.499267 0.195791 1.869803
v 0.538425 0.156633 1.869803
v 0.510736 0.168102 2.075383
v 0.566114 0.168102 1.869803
v 0.538425 0.156633 2.075383
v 0.577583 0.195791 1.869803
v 0.566114 0.168102 2.075383
v 0.566114 0.223480 1.869803
v 0.577583 0.195791 2.075383
v 0.538425 0.234949 1.869803
v 0.566114 0.223480 2.075383
v 0.510736 0.223480 1.869803
v 0.538425 0.234949 2.075383
v 0.510736 0.223480 2.075383
v 0.510736 0.168102 1.869803
v 0.499267 0.195791 1.869803
v 0.577583 0.195791 1.869803
v 0.566114 0.168102 2.075383
v 0.566114 0.223480 2.075383
v 0.510736 0.223480 2.075383
v 0.618421 0.168102 1.869803
v 0.606952 0.195791 2.075383
v 0.606952 0.195791 1.869803
v 0.646110 0.156633 1.869803
v 0.618421 0.168102 2.075383
v 0.673799 0.168102 1.869803
v 0.646110 0.156633 2.075383
v 0.685268 0.195791 1.869803
v 0.673799 0.168102 2.075383
v 0.673799 0.223480 1.869803
v 0.685268 0.195791 2.075383
v 0.646110 0.234949 1.869803
v 0.673799 0.223480 2.075383
v 0.618421 0.223480 1.869803
v 0.646110 0.234949 2.075383
v 0.618421 0.223480 2.075383
v 0.618421 0.168102 1.869803
v 0.606952 0.195791 1.869803
v 0.685268 0.195791 1.869803
v 0.673799 0.168102 2.075383
v 0.673799 0.223480 2.075383
v 0.618421 0.223480 2.075383
v -0.503205 0.220265 -1.664222
v 0.000000 0.149479 -1.944483
v 0.597162 0.220265 -1.664222
v 0.600929 0.138366 -1.617233
v -0.600929 0.138366 -1.617233
v 0.544205 0.220265 -1.617233
v -0.600929 0.138366 -1.617233
v 0.597162 0.220265 -1.617233
v -0.597162 0.274107 0.988744
v 0.729321 0.274107 0.988744
v -0.597162 0.274107 -1.419484
v 0.729321 0.274107 -1.419484
v 0.215370 0.117475 -0.744005
v 0.215370 0.234949 -1.164956
v 0.215370 0.234949 -0.744005
v 0.215370 0.234949 -1.164956
v -0.215370 0.234949 -1.164956
v -0.215370 0.234949 -0.744005
v 0.127264 0.132159 -0.078316
v 0.127264 0.234949 -0.753795
v 0.127264 0.234949 -0.078316
v 0.127264 0.234949 -0.753795
v -0.127264 0.234949 -0.753795
v -0.127264 0.234949 -0.078316
v 0.156633 0.137054 1.390115
v 0.156633 0.244739 1.057271
v 0.156633 0.244739 1.390115
v 0.156633 0.244739 1.057271
v -0.156633 0.244739 1.057271
v -0.156633 0.244739 1.390115
v -0.017132 0.146539 1.096429
v 0.017132 0.146539 1.096429
v 0.034263 0.176212 1.096429
v 0.017132 0.205885 1.096429
v -0.017132 0.205885 1.096429
v -0.034263 0.176212 1.096429
v -0.017132 0.205885 -0.078316
v 0.034263 0.176212 -0.078316
v -0.017132 0.146539 -0.078316
v -0.034263 0.176212 1.096429
v 0.017132 0.146539 1.096429
v 0.017132 0.205885 1.096429
v -0.708083 0.251057 1.196551
v -0.148842 0.181545 1.223913
v -0.144844 0.210037 1.223913
v -0.701612 0.297158 1.196551
v -0.704847 0.274107 1.179640
v -0.143608 0.218841 1.196551
v -0.144844 0.210037 1.223913
v -0.701612 0.297158 1.196551
v -0.704847 0.274107 1.179640
v 0.708083 0.251057 1.211676
v 0.706846 0.259861 1.184314
v 0.144844 0.210037 1.184314
v 0.701612 0.297158 1.211676
v 0.146843 0.195791 1.228588
v 0.143608 0.218841 1.211676
v 0.144844 0.210037 1.184314
v 0.701612 0.297158 1.211676
v 0.704847 0.274107 1.228588
v 0.269702 0.151696 -0.657756
v 0.312286 0.215370 -0.998533
v 0.298092 0.239797 -0.995741
v 0.255507 0.176212 -0.655899
v 0.298092 0.141838 -0.352706
v 0.312286 0.166422 -0.352424
v 0.285104 0.166422 0.688857
v 0.424595 0.210574 1.189670
v 0.397286 0.210574 1.197429
v 0.545143 0.171213 1.552789
v 0.571349 0.171213 1.541870
v 0.584210 0.195791 1.535829
v 0.269702 0.239797 -0.995741
v 0.312286 0.215370 -0.998533
v 0.269702 0.190943 -1.001325
v 0.531798 0.195791 1.557667
v 0.545143 0.171213 1.552789
v 0.571349 0.171213 1.541870
v 0.352424 0.171317 -0.460109
v 0.283897 0.122369 -0.460109
v 0.235441 0.136706 -0.460109
v 0.235441 0.205928 -0.460109
v 0.215370 0.171317 -0.460109
v 0.332352 0.136706 -0.744005
v 0.332352 0.205928 -0.744005
v 0.352424 0.171317 -0.744005
v 0.283897 0.220265 -0.744005
v 0.215370 0.171317 -0.744005
v 0.215370 0.171317 -0.744005
v 0.352424 0.171317 -0.744005
v 0.381792 0.171317 0.411161
v 0.288792 0.112580 0.411161
v 0.223030 0.129784 0.411161
v 0.223030 0.212850 0.411161
v 0.195791 0.171317 0.411161
v 0.354553 0.129784 -0.019579
v 0.354553 0.212850 -0.019579
v 0.381792 0.171317 -0.019579
v 0.288792 0.230054 -0.019579
v 0.195791 0.171317 -0.019579
v 0.195791 0.171317 -0.019579
v 0.381792 0.171317 -0.019579
v 0.714637 0.200686 1.928540
v 0.567794 0.127264 1.928540
v 0.463960 0.148769 1.928540
v 0.463960 0.252603 1.928540
v 0.420950 0.200686 1.928540
v 0.671627 0.148769 1.507590
v 0.671627 0.252603 1.507590
v 0.714637 0.200686 1.507590
v 0.567794 0.274107 1.507590
v 0.420950 0.200686 1.507590
v 0.420950 0.200686 1.507590
v 0.714637 0.200686 1.507590
v 0.510736 0.223480 1.869803
v 0.538425 0.234949 1.869803
v 0.566114 0.223480 1.869803
v 0.566114 0.168102 1.869803
v 0.538425 0.156633 1.869803
v 0.499267 0.195791 2.075383
v 0.510736 0.168102 2.075383
v 0.538425 0.156633 2.075383
v 0.577583 0.195791 2.075383
v 0.538425 0.234949 2.075383
v 0.618421 0.223480 1.869803
v 0.646110 0.234949 1.869803
v 0.673799 0.223480 1.869803
v 0.673799 0.168102 1.869803
v 0.646110 0.156633 1.869803
v 0.606952 0.195791 2.075383
v 0.618421 0.168102 2.075383
v 0.646110 0.156633 2.075383
v 0.685268 0.195791 2.075383
v 0.646110 0.234949 2.075383
v -0.796892 0.794916 0.815838
v -0.853523 0.645957 0.818845
v -0.853674 0.646417 0.825679
v -0.853498 0.646771 0.818889
v -0.835247 0.420135 0.786594
v -0.853698 0.645604 0.825635
v -0.835082 0.418227 0.785545
v -0.806956 0.295923 0.643600
v -0.806682 0.290831 0.648298
v -0.807182 0.296789 0.645490
v -0.777846 0.245734 0.293940
v -0.806431 0.289980 0.646407
v -0.777820 0.245713 0.293579
v -0.788654 0.243702 -0.244737
v -0.789334 0.236012 -0.244559
v -0.788645 0.243697 -0.244519
v -0.804051 0.246307 -0.489501
v -0.789346 0.236012 -0.244758
v -0.804100 0.248615 -0.492601
v -0.824627 0.392163 -0.535113
v -0.824341 0.390187 -0.541694
v -0.824456 0.391134 -0.541879
v -0.850021 0.607268 -0.544769
v -0.850104 0.606962 -0.551614
v -0.850088 0.606286 -0.544868
v -0.781070 0.765803 -0.512385
v -0.850038 0.607944 -0.551516
v -0.530347 0.801137 -0.647060
v -0.487467 0.782388 -0.890703
v -0.491331 0.782469 -0.891327
v -0.491347 0.782478 -0.891201
v -0.458095 0.760036 -1.204106
v -0.461992 0.760113 -1.204477
v -0.461994 0.760115 -1.204445
v -0.438895 0.722681 -1.458328
v -0.442746 0.722239 -1.458656
v -0.442702 0.722263 -1.458957
v -0.389804 0.662634 -1.664492
v -0.393592 0.662222 -1.665283
v -0.389826 0.662654 -1.664413
v -0.354336 0.621925 -1.802910
v -0.393570 0.662201 -1.665361
v 0.796859 0.794922 0.815838
v 0.853523 0.645957 0.818845
v 0.796866 0.794473 0.809000
v 0.853498 0.646771 0.818889
v 0.835247 0.420135 0.786594
v 0.835419 0.421150 0.779624
v 0.835082 0.418227 0.785545
v 0.806956 0.295923 0.643600
v 0.835685 0.423189 0.780896
v 0.807182 0.296789 0.645490
v 0.777846 0.245734 0.293940
v 0.776801 0.252054 0.293209
v 0.777820 0.245713 0.293579
v 0.788654 0.243702 -0.244728
v 0.776823 0.252073 0.293571
v 0.788646 0.243697 -0.244541
v 0.804051 0.246307 -0.489501
v 0.803783 0.253144 -0.489239
v 0.804100 0.248615 -0.492601
v 0.824627 0.392163 -0.535113
v 0.803733 0.250836 -0.486139
v 0.824456 0.391134 -0.541879
v 0.850021 0.607268 -0.544769
v 0.824428 0.391244 -0.534936
v 0.850088 0.606286 -0.544868
v 0.781477 0.765795 -0.512385
v 0.782306 0.765114 -0.505740
v 0.526897 0.797758 -0.646032
v 0.491579 0.778576 -0.891358
v 0.487738 0.778915 -0.890770
v 0.487721 0.778905 -0.890896
v 0.461914 0.754679 -1.204466
v 0.458026 0.754483 -1.204087
v 0.458023 0.754481 -1.204120
v 0.442569 0.714235 -1.459362
v 0.438672 0.714447 -1.459115
v 0.442519 0.714166 -1.459647
v 0.389775 0.664689 -1.664409
v 0.438722 0.714517 -1.458829
v 0.389797 0.664708 -1.664330
v 0.354824 0.626961 -1.802480
v 0.351579 0.628360 -1.802074
v -0.560705 1.057257 0.890196
v -0.636870 0.943073 1.058615
v -0.558894 1.058825 0.892202
v -0.639055 0.941375 1.057228
v -0.664299 0.862030 1.322036
v -0.636832 0.943223 1.058027
v -0.668034 0.861277 1.322009
v -0.634554 0.835507 1.546909
v -0.664311 0.862066 1.321570
v -0.634982 0.835631 1.545950
v -0.471799 0.831754 1.753930
v -0.468637 0.832675 1.751874
v -0.470390 0.831706 1.754768
v 0.000398 0.843440 1.829761
v -0.470143 0.832677 1.750949
v 0.000366 0.842210 1.833180
v 0.469921 0.827932 1.751004
v -0.000416 0.843438 1.829760
v 0.471659 0.827074 1.753982
v 0.634959 0.835222 1.545964
v 0.468720 0.827928 1.751703
v 0.638396 0.834785 1.547376
v 0.664328 0.861854 1.321677
v 0.634531 0.835089 1.546920
v 0.664313 0.861800 1.322140
v 0.639051 0.936290 1.057309
v 0.636359 0.937996 1.058131
v 0.636414 0.937826 1.058710
v 0.560709 1.053641 0.890205
v 0.558869 1.055201 0.892219
v -0.796898 0.794466 0.809000
v -0.835419 0.421150 0.779624
v -0.835685 0.423189 0.780896
v -0.776801 0.252054 0.293209
v -0.773527 0.253590 0.293683
v -0.803783 0.253144 -0.489239
v -0.803733 0.250836 -0.486139
v -0.824428 0.391244 -0.534936
v -0.781898 0.765142 -0.505740
v -0.526496 0.800962 -0.646396
v -0.487452 0.782379 -0.890829
v -0.458092 0.760033 -1.204138
v -0.438940 0.722657 -1.458026
v -0.350579 0.622443 -1.802141
v 0.853674 0.646417 0.825679
v 0.853698 0.645604 0.825635
v 0.806682 0.290831 0.648298
v 0.806431 0.289980 0.646407
v 0.789334 0.236012 -0.244559
v 0.789346 0.236012 -0.244758
v 0.824341 0.390187 -0.541694
v 0.850104 0.606962 -0.551614
v 0.850038 0.607944 -0.551516
v 0.530737 0.797419 -0.646620
v 0.491596 0.778586 -0.891233
v 0.461917 0.754681 -1.204433
v 0.393571 0.664338 -1.665229
v 0.393547 0.664318 -1.665308
v -0.639016 0.941526 1.056640
v -0.668045 0.861313 1.321543
v -0.638414 0.835172 1.547362
v -0.637986 0.835047 1.548320
v -0.000376 0.842208 1.833180
v 0.470459 0.827071 1.754680
v 0.637968 0.834651 1.548333
v 0.668040 0.861030 1.322083
v 0.668056 0.861084 1.321621
v 0.638996 0.936460 1.056730
v -0.523741 0.464440 2.136706
v -0.583518 0.461237 2.111396
v -0.523741 0.416618 2.119679
v 0.583518 0.419822 2.095638
v 0.627278 0.428574 2.073156
v 0.627278 0.452485 2.082703
v -0.628489 0.700931 2.025634
v -0.643173 0.726365 2.020343
v -0.643173 0.675497 2.013194
v -0.514440 0.679423 2.062402
v -0.498316 0.695547 2.068519
v -0.558493 0.755724 2.061222
v -0.401861 0.699718 2.088859
v -0.386453 0.715126 2.093125
v -0.459364 0.757221 2.088223
v 0.657857 0.671563 2.003970
v 0.672542 0.675497 1.994363
v 0.672542 0.726365 1.992839
v 0.536467 0.673521 2.056352
v 0.558493 0.679423 2.052098
v 0.574618 0.739600 2.051481
v 0.422908 0.694079 2.084578
v 0.443956 0.699718 2.081682
v 0.465003 0.736174 2.082110
v -0.149780 0.808616 2.135822
v -0.149780 0.794911 2.136126
v -0.085169 0.794911 2.137620
v -0.071464 0.808616 2.138352
v -0.071464 0.794911 2.137936
v -0.006853 0.794911 2.139431
v 0.006853 0.794911 2.139419
v 0.071464 0.794911 2.137930
v 0.071464 0.808616 2.138349
v 0.085169 0.794911 2.137613
v 0.149780 0.794911 2.136123
v 0.149780 0.808616 2.135822
v -0.857678 0.587160 -0.739576
v -0.856232 0.616954 -0.768013
v -0.858339 0.587160 -0.768013
v -0.776094 0.406054 1.874232
v -0.779089 0.435847 1.874232
v -0.776309 0.406054 1.845795
v 0.855601 0.616954 -0.739576
v 0.856232 0.616954 -0.768013
v 0.857678 0.587160 -0.739576
v 0.779089 0.435847 1.874232
v 0.776309 0.406054 1.845795
v 0.779305 0.435847 1.845795
v -0.627278 0.452485 2.082703
v -0.643295 0.440529 2.065754
v -0.627278 0.428574 2.073156
v -0.627278 0.428574 2.073156
v -0.583518 0.419822 2.095638
v -0.627278 0.452485 2.082703
v -0.583518 0.419822 2.095638
v -0.523741 0.416618 2.119679
v -0.583518 0.461237 2.111396
v -0.627278 0.452485 2.082703
v -0.583518 0.419822 2.095638
v -0.583518 0.461237 2.111396
v -0.523741 0.416618 2.119679
v -0.463964 0.419822 2.140360
v -0.523741 0.464440 2.136706
v -0.463964 0.419822 2.140360
v -0.420203 0.428574 2.155564
v -0.463964 0.461237 2.154277
v -0.420203 0.428574 2.155564
v -0.404186 0.440529 2.163597
v -0.420203 0.452485 2.163332
v -0.420203 0.452485 2.163332
v -0.463964 0.461237 2.154277
v -0.420203 0.428574 2.155564
v -0.463964 0.461237 2.154277
v -0.523741 0.464440 2.136706
v -0.463964 0.419822 2.140360
v 0.627278 0.428574 2.073156
v 0.643295 0.440529 2.065754
v 0.627278 0.452485 2.082703
v 0.627278 0.452485 2.082703
v 0.583518 0.461237 2.111396
v 0.583518 0.419822 2.095638
v 0.583518 0.461237 2.111396
v 0.523741 0.464440 2.136706
v 0.523741 0.416618 2.119679
v 0.583518 0.419822 2.095638
v 0.583518 0.461237 2.111396
v 0.523741 0.416618 2.119679
v 0.523741 0.464440 2.136706
v 0.463964 0.461237 2.154277
v 0.463964 0.419822 2.140360
v 0.463964 0.461237 2.154277
v 0.420203 0.452485 2.163332
v 0.420203 0.428574 2.155564
v 0.420203 0.452485 2.163332
v 0.404186 0.440529 2.163597
v 0.420203 0.428574 2.155564
v 0.420203 0.428574 2.155564
v 0.463964 0.419822 2.140360
v 0.463964 0.461237 2.154277
v 0.463964 0.419822 2.140360
v 0.523741 0.416618 2.119679
v 0.523741 0.464440 2.136706
v -0.632423 0.686247 2.022065
v -0.628489 0.700931 2.025634
v -0.643173 0.675497 2.013194
v -0.628489 0.700931 2.025634
v -0.632423 0.715616 2.025514
v -0.643173 0.726365 2.020343
v -0.643173 0.726365 2.020343
v -0.657857 0.730300 2.007226
v -0.643173 0.675497 2.013194
v -0.657857 0.730300 2.007226
v -0.672542 0.726365 1.992839
v -0.657857 0.671563 2.003909
v -0.672542 0.726365 1.992839
v -0.683292 0.715616 1.984634
v -0.683292 0.686247 1.986016
v -0.683292 0.715616 1.984634
v -0.687226 0.700931 1.982472
v -0.683292 0.686247 1.986016
v -0.683292 0.686247 1.986016
v -0.672542 0.675497 1.994318
v -0.672542 0.726365 1.992839
v -0.672542 0.675497 1.994318
v -0.657857 0.671563 2.003909
v -0.672542 0.726365 1.992839
v -0.657857 0.671563 2.003909
v -0.643173 0.675497 2.013194
v -0.657857 0.730300 2.007226
v -0.498316 0.695547 2.068519
v -0.492414 0.717574 2.073094
v -0.536467 0.761626 2.071330
v -0.492414 0.717574 2.073094
v -0.498316 0.739600 2.074994
v -0.514440 0.755724 2.075155
v -0.536467 0.761626 2.071330
v -0.492414 0.717574 2.073094
v -0.514440 0.755724 2.075155
v -0.536467 0.761626 2.071330
v -0.558493 0.755724 2.061222
v -0.498316 0.695547 2.068519
v -0.558493 0.755724 2.061222
v -0.574618 0.739600 2.051481
v -0.536467 0.673521 2.056338
v -0.574618 0.739600 2.051481
v -0.580520 0.717574 2.047668
v -0.558493 0.679423 2.052098
v -0.580520 0.717574 2.047668
v -0.574618 0.695547 2.048487
v -0.558493 0.679423 2.052098
v -0.558493 0.679423 2.052098
v -0.536467 0.673521 2.056338
v -0.574618 0.739600 2.051481
v -0.536467 0.673521 2.056338
v -0.514440 0.679423 2.062402
v -0.558493 0.755724 2.061222
v -0.386453 0.715126 2.093125
v -0.380813 0.736174 2.097247
v -0.443956 0.772629 2.095500
v -0.380813 0.736174 2.097247
v -0.386453 0.757221 2.101914
v -0.422908 0.778269 2.100990
v -0.386453 0.757221 2.101914
v -0.401861 0.772629 2.103467
v -0.422908 0.778269 2.100990
v -0.422908 0.778269 2.100990
v -0.443956 0.772629 2.095500
v -0.380813 0.736174 2.097247
v -0.443956 0.772629 2.095500
v -0.459364 0.757221 2.088223
v -0.386453 0.715126 2.093125
v -0.459364 0.757221 2.088223
v -0.465003 0.736174 2.082111
v -0.422908 0.694079 2.084545
v -0.465003 0.736174 2.082111
v -0.459364 0.715126 2.080341
v -0.443956 0.699718 2.081640
v -0.422908 0.694079 2.084545
v -0.465003 0.736174 2.082111
v -0.443956 0.699718 2.081640
v -0.422908 0.694079 2.084545
v -0.401861 0.699718 2.088859
v -0.459364 0.757221 2.088223
v 0.683292 0.686247 1.986061
v 0.687226 0.700931 1.982507
v 0.683292 0.715616 1.984651
v 0.683292 0.715616 1.984651
v 0.672542 0.726365 1.992839
v 0.683292 0.686247 1.986061
v 0.672542 0.726365 1.992839
v 0.657857 0.730300 2.007226
v 0.657857 0.671563 2.003970
v 0.683292 0.686247 1.986061
v 0.672542 0.726365 1.992839
v 0.672542 0.675497 1.994363
v 0.657857 0.730300 2.007226
v 0.643173 0.726365 2.020343
v 0.643173 0.675497 2.013229
v 0.643173 0.726365 2.020343
v 0.632423 0.715616 2.025514
v 0.628489 0.700931 2.025634
v 0.643173 0.675497 2.013229
v 0.628489 0.700931 2.025634
v 0.632423 0.686247 2.022065
v 0.643173 0.726365 2.020343
v 0.628489 0.700931 2.025634
v 0.643173 0.675497 2.013229
v 0.643173 0.675497 2.013229
v 0.657857 0.671563 2.003970
v 0.657857 0.730300 2.007226
v 0.574618 0.695547 2.048487
v 0.580520 0.717574 2.047668
v 0.558493 0.679423 2.052098
v 0.580520 0.717574 2.047668
v 0.574618 0.739600 2.051481
v 0.558493 0.679423 2.052098
v 0.574618 0.739600 2.051481
v 0.558493 0.755724 2.061222
v 0.536467 0.673521 2.056352
v 0.558493 0.755724 2.061222
v 0.536467 0.761626 2.071330
v 0.498316 0.695547 2.068525
v 0.536467 0.673521 2.056352
v 0.558493 0.755724 2.061222
v 0.514440 0.679423 2.062424
v 0.536467 0.761626 2.071330
v 0.514440 0.755724 2.075155
v 0.492414 0.717574 2.073085
v 0.514440 0.755724 2.075155
v 0.498316 0.739600 2.074994
v 0.492414 0.717574 2.073085
v 0.492414 0.717574 2.073085
v 0.498316 0.695547 2.068525
v 0.536467 0.761626 2.071330
v 0.498316 0.695547 2.068525
v 0.514440 0.679423 2.062424
v 0.558493 0.755724 2.061222
v 0.459364 0.715126 2.080351
v 0.465003 0.736174 2.082110
v 0.443956 0.699718 2.081682
v 0.465003 0.736174 2.082110
v 0.459364 0.757221 2.088223
v 0.422908 0.694079 2.084578
v 0.459364 0.757221 2.088223
v 0.443956 0.772629 2.095500
v 0.386453 0.715126 2.093125
v 0.443956 0.772629 2.095500
v 0.422908 0.778269 2.100990
v 0.380813 0.736174 2.097247
v 0.386453 0.715126 2.093125
v 0.443956 0.772629 2.095500
v 0.380813 0.736174 2.097247
v 0.422908 0.778269 2.100990
v 0.401861 0.772629 2.103467
v 0.386453 0.757221 2.101914
v 0.386453 0.757221 2.101914
v 0.380813 0.736174 2.097247
v 0.422908 0.778269 2.100990
v 0.386453 0.715126 2.093125
v 0.401861 0.699718 2.088867
v 0.459364 0.757221 2.088223
v 0.401861 0.699718 2.088867
v 0.422908 0.694079 2.084578
v 0.459364 0.757221 2.088223
v -0.149780 0.808616 2.135822
v -0.085169 0.794911 2.137620
v -0.085169 0.808616 2.138036
v -0.071464 0.808616 2.138352
v -0.006853 0.794911 2.139431
v -0.006853 0.808616 2.139847
v 0.006853 0.794911 2.139419
v 0.071464 0.808616 2.138349
v 0.006853 0.808616 2.139839
v 0.085169 0.794911 2.137613
v 0.149780 0.808616 2.135822
v 0.085169 0.808616 2.138033
v -0.858480 0.592850 -0.791019
v -0.857997 0.602057 -0.799806
v -0.857140 0.611264 -0.791019
v -0.857140 0.611264 -0.791019
v -0.856232 0.616954 -0.768013
v -0.858339 0.587160 -0.768013
v -0.856232 0.616954 -0.768013
v -0.855601 0.616954 -0.739576
v -0.857678 0.587160 -0.739576
v -0.857140 0.611264 -0.791019
v -0.858480 0.592850 -0.791019
v -0.858339 0.587160 -0.768013
v -0.855601 0.616954 -0.739576
v -0.856783 0.592850 -0.716571
v -0.855493 0.611264 -0.716571
v -0.855493 0.611264 -0.716571
v -0.856783 0.592850 -0.716571
v -0.855946 0.602057 -0.707784
v -0.856783 0.592850 -0.716571
v -0.855601 0.616954 -0.739576
v -0.857678 0.587160 -0.739576
v -0.779168 0.411743 1.822789
v -0.781328 0.420950 1.814002
v -0.781006 0.430157 1.822789
v -0.781006 0.430157 1.822789
v -0.779168 0.411743 1.822789
v -0.779305 0.435847 1.845795
v -0.779305 0.435847 1.845795
v -0.776309 0.406054 1.845795
v -0.779089 0.435847 1.874232
v -0.779168 0.411743 1.822789
v -0.779305 0.435847 1.845795
v -0.776309 0.406054 1.845795
v -0.779089 0.435847 1.874232
v -0.779896 0.430157 1.897237
v -0.778041 0.411743 1.897237
v -0.779896 0.430157 1.897237
v -0.779739 0.420950 1.906024
v -0.778041 0.411743 1.897237
v -0.778041 0.411743 1.897237
v -0.776094 0.406054 1.874232
v -0.779089 0.435847 1.874232
v 0.857140 0.611264 -0.791019
v 0.857997 0.602057 -0.799806
v 0.858480 0.592850 -0.791019
v 0.858480 0.592850 -0.791019
v 0.857140 0.611264 -0.791019
v 0.858339 0.587160 -0.768013
v 0.858339 0.587160 -0.768013
v 0.856232 0.616954 -0.768013
v 0.857678 0.587160 -0.739576
v 0.857140 0.611264 -0.791019
v 0.858339 0.587160 -0.768013
v 0.856232 0.616954 -0.768013
v 0.857678 0.587160 -0.739576
v 0.855601 0.616954 -0.739576
v 0.856783 0.592850 -0.716571
v 0.856783 0.592850 -0.716571
v 0.855493 0.611264 -0.716571
v 0.855946 0.602057 -0.707784
v 0.855601 0.616954 -0.739576
v 0.855493 0.611264 -0.716571
v 0.856783 0.592850 -0.716571
v 0.781006 0.430157 1.822789
v 0.781328 0.420950 1.814002
v 0.779168 0.411743 1.822789
v 0.779168 0.411743 1.822789
v 0.776309 0.406054 1.845795
v 0.779305 0.435847 1.845795
v 0.776309 0.406054 1.845795
v 0.779089 0.435847 1.874232
v 0.776094 0.406054 1.874232
v 0.779168 0.411743 1.822789
v 0.781006 0.430157 1.822789
v 0.779305 0.435847 1.845795
v 0.776094 0.406054 1.874232
v 0.778041 0.411743 1.897237
v 0.779089 0.435847 1.874232
v 0.778041 0.411743 1.897237
v 0.779739 0.420950 1.906024
v 0.779896 0.430157 1.897237
v 0.779089 0.435847 1.874232
v 0.778041 0.411743 1.897237
v 0.779896 0.430157 1.897237
vt 0.031250 0.937500
vt 0.343750 0.937500
vt 0.012656 0.855469
vt 0.005859 0.837656
vt 0.005859 0.724844
vt 0.012656 0.707031
vt 0.112344 0.707031
vt 0.119141 0.724844
vt 0.119141 0.837656
vt 0.112344 0.855469
vt 0.093750 0.937500
vt 0.156250 0.937500
vt 0.995117 0.978516
vt 0.507812 0.242505
vt 0.589736 0.270406
vt 0.591302 0.242851
vt 0.507812 0.297522
vt 0.507812 0.269978
vt 0.507812 0.879564
vt 0.530231 0.907306
vt 0.530451 0.879750
vt 0.507812 0.907998
vt 0.530516 0.932164
vt 0.507812 0.853757
vt 0.591388 0.879750
vt 0.591451 0.852194
vt 0.591167 0.907306
vt 0.992188 0.242505
vt 0.910264 0.270406
vt 0.992188 0.269978
vt 0.992188 0.297522
vt 0.992188 0.853757
vt 0.969549 0.879750
vt 0.992188 0.879564
vt 0.969769 0.907306
vt 0.992188 0.907998
vt 0.908612 0.879750
vt 0.908833 0.907306
vt 0.969484 0.932164
vt 0.556874 0.109401
vt 0.518551 0.158941
vt 0.577110 0.158941
vt 0.577110 0.181234
vt 0.577110 0.359578
vt 0.518668 0.381872
vt 0.577110 0.381872
vt 0.525988 0.451228
vt 0.578715 0.563808
vt 0.516587 0.736084
vt 0.577110 0.790578
vt 0.922890 0.181234
vt 0.981449 0.158941
vt 0.922890 0.158941
vt 0.922890 0.359578
vt 0.981332 0.381872
vt 0.983729 0.359578
vt 0.922890 0.381872
vt 0.974012 0.451228
vt 0.921270 0.563810
vt 0.968401 0.513153
vt 0.922890 0.790578
vt 0.983413 0.736084
vt 0.234375 0.550781
vt 0.203313 0.554007
vt 0.200207 0.667969
vt 0.133282 0.823773
vt 0.189598 0.773379
vt 0.172815 0.855469
vt 0.887947 0.040072
vt 0.860358 0.109401
vt 0.887947 0.109401
vt 0.860358 0.034133
vt 0.832768 0.109401
vt 0.832768 0.030454
vt 0.805179 0.109401
vt 0.794018 0.027061
vt 0.777590 0.109401
vt 0.750765 0.026159
vt 0.722411 0.109401
vt 0.705993 0.027038
vt 0.694821 0.109401
vt 0.667232 0.030454
vt 0.667232 0.109401
vt 0.639642 0.034133
vt 0.639642 0.109401
vt 0.612053 0.040072
vt 0.612053 0.109401
vt 0.281250 0.937500
vt 0.591353 0.297962
vt 0.591452 0.932164
vt 0.908698 0.242851
vt 0.908647 0.297962
vt 0.908549 0.852194
vt 0.908548 0.932164
vt 0.516271 0.359578
vt 0.531599 0.513153
vt 0.531397 0.575078
vt 0.527000 0.622141
vt 0.521591 0.681589
vt 0.510876 0.790578
vt 0.943126 0.109401
vt 0.968603 0.575078
vt 0.973000 0.622141
vt 0.978409 0.681589
vt 0.989124 0.790578
vt 0.178464 0.564758
vt 0.170690 0.608903
vt 0.173805 0.656142
vt 0.268543 0.667969
vt 0.294945 0.656142
vt 0.290286 0.564758
vt 0.298060 0.608903
vt 0.265437 0.554007
vt 0.235749 0.822120
vt 0.244141 0.779792
vt 0.227358 0.769531
vt 0.777589 0.026270
vt 0.722411 0.026270
vt 0.577110 0.270406
vt 0.670641 0.109401
vt 0.577110 0.109401
vt 0.577110 0.575078
vt 0.670641 0.270406
vt 0.577110 0.879750
vt 0.670641 0.575078
vt 0.577110 0.984280
vt 0.670641 0.879750
vt 0.829359 0.109401
vt 0.829359 0.270406
vt 0.829359 0.575078
vt 0.670641 0.984280
vt 0.829359 0.879750
vt 0.922890 0.109401
vt 0.922890 0.270406
vt 0.922890 0.575078
vt 0.829359 0.984280
vt 0.922890 0.879750
vt 0.538848 0.324900
vt 0.577110 0.215912
vt 0.538848 0.215912
vt 0.922890 0.324900
vt 0.961152 0.215912
vt 0.922890 0.215912
vt 0.538848 0.934244
vt 0.577110 0.825256
vt 0.538848 0.825256
vt 0.922890 0.934244
vt 0.961152 0.825256
vt 0.922890 0.825256
vt 0.812354 0.869842
vt 0.687646 0.763331
vt 0.687646 0.869842
vt 0.812354 0.763331
vt 0.786845 0.765808
vt 0.713155 0.594894
vt 0.713155 0.765808
vt 0.786845 0.594894
vt 0.795348 0.307561
vt 0.704652 0.223343
vt 0.704652 0.307561
vt 0.795348 0.223343
vt 0.995117 0.994141
vt 0.922890 0.984280
vt 0.577110 0.324900
vt 0.961152 0.324900
vt 0.577110 0.934244
vt 0.961152 0.934244
vt 0.406250 0.937500
vt 0.363281 0.667969
vt 0.336914 0.663259
vt 0.363281 0.597656
vt 0.389648 0.602366
vt 0.408951 0.615234
vt 0.408951 0.650391
vt 0.494141 0.636719
vt 0.477539 0.663782
vt 0.477539 0.609655
vt 0.481445 0.893522
vt 0.490739 0.912109
vt 0.456055 0.981478
vt 0.446761 0.962891
vt 0.460938 0.605469
vt 0.468750 0.886719
vt 0.490739 0.962891
vt 0.494141 0.937500
vt 0.468750 0.937500
vt 0.450677 0.605469
vt 0.471198 0.667969
vt 0.471198 0.605469
vt 0.450677 0.667969
vt 0.317612 0.650391
vt 0.310547 0.632812
vt 0.317612 0.615234
vt 0.336914 0.602366
vt 0.389648 0.602366
vt 0.389648 0.663259
vt 0.416016 0.632812
vt 0.389648 0.663259
vt 0.336914 0.663259
vt 0.336914 0.602366
vt 0.489692 0.621094
vt 0.489692 0.652344
vt 0.460938 0.667969
vt 0.444336 0.663782
vt 0.432183 0.652344
vt 0.432183 0.621094
vt 0.427734 0.636719
vt 0.444336 0.609655
vt 0.468750 0.988281
vt 0.481445 0.981478
vt 0.443359 0.937500
vt 0.456055 0.893522
vt 0.446761 0.912109
vt 0.487799 0.617405
vt 0.487799 0.656032
vt 0.434076 0.617405
vt 0.434076 0.656032
vt 0.487799 0.617405
vt 0.494141 0.636719
vt 0.487799 0.656032
vt 0.434076 0.656032
vt 0.434076 0.617405
vt 0.427734 0.636719
vn 0.044200 0.572700 -0.818600
vn 0.041400 0.572700 -0.818700
vn 0.030200 0.977900 0.207100
vn 0.035300 0.991200 -0.127400
vn 0.040100 0.991000 -0.127400
vn 0.016300 0.847000 0.531300
vn 0.025200 0.976300 0.214700
vn -0.044800 -0.924900 0.377700
vn -0.042600 -0.742600 0.668400
vn -0.046200 -0.742500 0.668200
vn -0.033300 -0.998300 0.047700
vn -0.040200 -0.924200 0.379700
vn 0.033600 0.572900 -0.818900
vn 0.033700 0.572900 -0.818900
vn 0.022000 0.991600 -0.127500
vn 0.012000 0.847100 0.531300
vn 0.012000 0.976600 0.214900
vn -0.027700 -0.924700 0.379600
vn -0.032500 -0.742900 0.668600
vn -0.019900 -0.998700 0.047800
vn 0.000000 0.573200 -0.819400
vn 0.000000 0.991800 -0.127500
vn 0.000500 0.847100 0.531400
vn 0.000000 0.975300 0.220700
vn 0.000000 -0.923000 0.384800
vn 0.000000 -0.743300 0.669000
vn 0.000000 -0.998900 0.047800
vn -0.033600 0.572900 -0.818900
vn -0.033700 0.572900 -0.818900
vn -0.012000 0.976600 0.214900
vn -0.022000 0.991600 -0.127500
vn -0.000500 0.847100 0.531400
vn 0.032500 -0.742900 0.668600
vn 0.027700 -0.924700 0.379600
vn -0.041400 0.572700 -0.818700
vn -0.025200 0.976300 0.214700
vn -0.035300 0.991200 -0.127400
vn -0.012000 0.847100 0.531300
vn 0.042600 -0.742600 0.668400
vn 0.019900 -0.998700 0.047800
vn 0.040200 -0.924200 0.379700
vn -0.044200 0.572700 -0.818600
vn -0.030200 0.977900 0.207100
vn -0.040100 0.991000 -0.127400
vn -0.016300 0.847000 0.531300
vn 0.044800 -0.924900 0.377700
vn 0.046200 -0.742500 0.668200
vn 0.033300 -0.998300 0.047700
vn -1.000000 0.000000 0.000000
vn 1.000000 0.000000 0.000000
vn 0.000000 -0.941200 0.337800
vn 0.000000 -0.983100 0.183300
vn 0.000000 -0.875200 0.483700
vn 0.000000 0.629500 0.777000
vn 0.000000 0.979500 -0.201500
vn 0.000000 0.643000 -0.765900
vn 0.000000 0.431200 -0.902300
vn 0.000000 0.814000 -0.580900
vn 0.000000 -0.500000 0.866000
vn -0.994500 -0.052400 0.090700
vn -1.000000 0.000200 -0.000400
vn -0.997100 0.038200 -0.066200
vn -0.983600 0.090100 -0.156000
vn -0.487000 0.436700 -0.756400
vn -0.251200 0.484000 -0.838300
vn 0.270800 0.481300 -0.833700
vn -0.252100 0.483900 -0.838100
vn 0.613300 0.394900 -0.684000
vn 0.369300 0.464700 -0.804800
vn 0.998900 -0.023600 0.040900
vn 0.999600 0.013600 -0.023600
vn 0.984800 -0.086700 0.150200
vn 0.995000 -0.050100 0.086700
vn -0.108800 0.989000 0.100000
vn 0.108800 -0.989000 -0.100000
vn 0.000000 -0.992200 0.125000
vn -0.999700 -0.010000 0.022200
vn -0.999700 -0.001500 0.024900
vn -0.999700 0.000000 0.025400
vn 0.000000 0.991700 0.128600
vn 0.999700 -0.010000 0.022200
vn 0.999700 -0.001500 0.024900
vn 0.999700 -0.012400 0.021500
vn 0.000000 0.000000 -1.000000
vn 0.994500 -0.052400 0.090700
vn 1.000000 0.000200 -0.000400
vn 0.997100 0.038200 -0.066200
vn 0.983600 0.090100 -0.156000
vn 0.487000 0.436700 -0.756400
vn 0.251200 0.484000 -0.838300
vn -0.270800 0.481300 -0.833700
vn 0.252100 0.483900 -0.838100
vn -0.613300 0.394900 -0.684000
vn -0.369300 0.464700 -0.804800
vn -0.998900 -0.023600 0.040900
vn -0.999600 0.013600 -0.023600
vn -0.984800 -0.086700 0.150200
vn -0.995000 -0.050100 0.086700
vn 0.108800 0.989000 0.100000
vn -0.108800 -0.989000 -0.100000
vn 0.999700 0.000000 0.025400
vn -0.999700 -0.012400 0.021500
vn -0.038200 -0.998100 0.047700
vn 0.000000 0.847100 0.531400
vn 0.038200 -0.998100 0.047700
vn -0.810900 -0.447700 0.376900
vn -0.986200 -0.031100 0.162400
vn -0.987500 -0.023200 0.156100
vn -0.956500 -0.042000 0.288800
vn -0.985500 -0.057400 0.159500
vn -0.959800 -0.076600 0.270100
vn -0.987800 -0.085000 0.130600
vn -0.965900 -0.081400 0.245900
vn -0.987000 -0.004900 0.160900
vn -0.945200 0.150600 0.289800
vn -0.965100 0.015100 0.261400
vn -0.927000 0.288400 0.239700
vn -0.975100 0.144500 0.168300
vn -0.778300 0.625300 -0.056900
vn -0.908300 0.374800 0.185800
vn -0.408000 0.897300 0.168500
vn -0.738500 0.645700 0.194200
vn -0.333300 0.940700 -0.062800
vn -0.087100 0.985500 0.145500
vn -0.097500 0.995100 -0.017000
vn -0.109500 0.981300 0.158200
vn -0.093200 0.995200 0.031000
vn 0.000000 -0.998900 -0.047700
vn -0.025400 -0.998500 -0.048500
vn -0.004900 -0.998800 -0.047700
vn -0.108700 0.906500 -0.408000
vn -0.108700 0.906500 -0.407900
vn -0.236000 0.946500 0.220000
vn -0.487100 0.839200 0.241700
vn -0.259100 0.943600 0.206200
vn -0.094200 0.992700 0.075300
vn -0.172800 0.947100 0.270300
vn -0.151500 0.937800 0.312300
vn -0.112900 0.944000 0.310200
vn -0.417800 0.908500 -0.002600
vn -0.820000 0.572400 0.002800
vn -0.802000 0.596700 0.027800
vn 0.108700 0.906500 -0.408000
vn 0.108800 0.906500 -0.408000
vn 0.108800 0.906500 -0.407900
vn 0.057200 0.959000 0.277500
vn 0.438900 0.898100 0.028000
vn 0.020600 0.978600 0.205000
vn -0.127300 0.936700 0.326200
vn -0.676100 0.728500 0.110600
vn -0.691700 0.717200 0.084300
vn -0.693700 0.719600 -0.032100
vn -0.070500 0.937600 0.340400
vn -0.041700 0.939100 0.341000
vn -0.045800 0.990100 0.133000
vn 0.002400 0.937700 0.347500
vn -0.018900 0.934500 0.355300
vn 0.039700 0.957600 0.285500
vn 0.211700 0.927200 0.308900
vn 0.038700 0.947100 0.318700
vn -0.347300 0.925200 0.152900
vn -0.380800 0.910900 0.158800
vn -0.185400 0.976800 0.107600
vn -0.059000 0.000000 -0.998300
vn 0.000100 0.000000 -1.000000
vn -0.000100 0.000000 -1.000000
vn 0.024800 0.939900 0.340500
vn 0.087600 0.944100 0.317800
vn 0.108400 0.940000 0.323400
vn 0.179300 0.929100 0.323600
vn 0.145300 0.930000 0.337600
vn -0.008200 -0.999200 -0.039100
vn 0.019300 -0.998700 -0.047000
vn -0.005600 -0.999200 -0.039800
vn 0.088000 0.995900 0.020200
vn 0.235800 0.935500 0.263100
vn 0.193000 0.936700 0.292100
vn -0.108800 0.906500 -0.407900
vn 0.312300 0.896200 0.315000
vn 0.084400 0.996400 -0.005700
vn 0.080900 0.986900 0.139500
vn 0.344300 0.937100 -0.057900
vn 0.092000 0.987600 0.127300
vn 0.405600 0.899000 0.165000
vn 0.780800 0.622300 -0.056200
vn 0.908300 0.374800 0.185800
vn 0.738500 0.645700 0.194200
vn 0.927000 0.288500 0.239700
vn 0.975100 0.144500 0.168300
vn 0.945200 0.150600 0.289800
vn 0.987000 -0.004900 0.160900
vn 0.965900 -0.081700 0.245700
vn 0.964700 0.016200 0.262700
vn 0.960000 -0.077000 0.269300
vn 0.987800 -0.085000 0.130600
vn 0.956500 -0.041900 0.288800
vn 0.985500 -0.057400 0.159500
vn 0.810700 -0.447600 0.377300
vn 0.986200 -0.031100 0.162400
vn -0.998300 -0.025900 -0.051800
vn -0.993300 -0.022100 0.113300
vn -0.963500 -0.038500 0.264800
vn -0.985600 -0.157400 -0.060900
vn -0.995500 -0.033800 0.088800
vn -0.984100 0.133700 0.117000
vn -0.917000 0.374200 0.138200
vn -0.413500 0.900100 0.137400
vn -0.740100 0.656500 0.145900
vn -0.122600 0.982300 0.141900
vn -0.149000 0.975400 0.162700
vn -0.251300 0.948200 0.194400
vn 0.258200 0.944600 0.202600
vn 0.306300 0.928600 0.209400
vn 0.453200 0.843500 0.288300
vn 0.542400 0.816600 0.197300
vn 0.562800 0.767500 0.306900
vn 0.194000 0.967300 0.163400
vn 0.101100 0.993000 0.060300
vn 0.078600 0.991100 0.107700
vn 0.123300 0.981800 0.144500
vn 0.408000 0.902800 0.135700
vn 0.917000 0.374200 0.138200
vn 0.740000 0.656500 0.146000
vn 0.984100 0.133700 0.117000
vn 0.995500 -0.033800 0.088800
vn 0.985600 -0.157400 -0.060900
vn 0.963500 -0.038500 0.264800
vn 0.987500 -0.023200 0.156100
vn 0.998300 -0.025900 -0.051800
vn -0.781800 -0.076400 -0.618800
vn -0.251200 0.948200 0.194400
vn 0.328200 0.919500 0.216200
vn 0.781800 -0.076400 -0.618800
vn -0.860200 -0.430400 -0.273400
vn -0.962400 -0.245000 -0.117600
vn -0.991200 0.099200 0.088000
vn -0.917100 0.379400 0.122700
vn -0.425800 0.896900 0.119300
vn -0.740100 0.661400 0.121600
vn -0.146600 0.979600 0.137400
vn 0.024700 0.940600 0.338600
vn -0.000600 0.988100 0.153500
vn 0.030900 0.940200 0.339200
vn 0.151500 0.979500 0.132700
vn -0.226100 0.967700 0.111300
vn 0.418300 0.900600 0.117900
vn 0.917100 0.379400 0.122700
vn 0.740100 0.661400 0.121600
vn 0.991200 0.099200 0.088000
vn 0.962400 -0.245000 -0.117600
vn 0.860200 -0.430400 -0.273400
vn -0.993400 -0.114000 -0.013900
vn -0.992500 0.076400 0.095300
vn -0.905800 0.407900 0.114600
vn -0.441900 0.891600 0.098700
vn -0.738600 0.666300 0.102600
vn -0.347400 0.925200 0.152900
vn 0.200100 0.972900 0.115800
vn -0.971100 -0.236400 -0.033200
vn -0.978400 -0.196200 -0.064600
vn -0.970700 -0.239400 -0.021300
vn -0.036200 0.941600 0.334800
vn -0.002900 0.940900 0.338700
vn 0.184400 0.976100 0.114800
vn 0.438200 0.892900 0.102900
vn 0.905800 0.407900 0.114600
vn 0.738600 0.666300 0.102600
vn 0.992500 0.076400 0.095300
vn 0.993400 -0.114000 -0.013900
vn -0.996000 -0.070300 0.055800
vn -0.984400 0.157500 0.077900
vn -0.879200 0.469500 0.081200
vn -0.460800 0.883800 0.081400
vn -0.738600 0.670500 0.069900
vn -0.038500 0.994500 -0.097500
vn -0.086400 0.910700 -0.403900
vn -0.076600 0.946200 -0.314400
vn 0.087000 0.942200 -0.323500
vn 0.054000 0.975600 -0.212800
vn 0.082200 0.911700 -0.402600
vn -0.380900 0.910900 0.158800
vn 0.286400 0.944200 0.162400
vn 0.451700 0.889400 0.069700
vn 0.229600 0.968600 0.095800
vn 0.879200 0.469500 0.081200
vn 0.738600 0.670500 0.069900
vn 0.984400 0.157500 0.077900
vn 0.996000 -0.070300 0.055800
vn -0.998700 0.046600 0.021900
vn -0.939000 0.343400 0.015700
vn -0.747000 0.664800 0.008900
vn -0.530900 0.846300 0.044700
vn -0.342500 0.920800 0.186800
vn -0.479200 0.819100 0.315400
vn 0.386800 0.884900 0.259600
vn 0.230800 0.959800 0.159900
vn 0.346500 0.926700 0.145200
vn 0.494800 0.868700 0.021900
vn 0.747000 0.664800 0.008900
vn 0.998700 0.046600 0.021900
vn 0.939000 0.343400 0.015700
vn -0.985100 0.169100 -0.032100
vn -0.998700 -0.050800 -0.010200
vn -0.867300 0.496300 -0.038900
vn -0.743500 0.667700 -0.038100
vn -0.634800 0.772600 -0.011900
vn -0.542900 0.820600 0.178400
vn -0.546700 0.817300 0.182100
vn -0.534300 0.798900 0.276200
vn -0.525000 0.829800 0.189200
vn -0.576000 0.787900 0.217800
vn 0.598900 0.800800 -0.003200
vn 0.742100 0.669100 -0.040200
vn 0.985100 0.169100 -0.032100
vn -0.996000 0.080900 -0.038200
vn -0.997400 -0.064200 0.031900
vn -0.892200 0.448400 -0.054300
vn -0.747500 0.662400 -0.049800
vn -0.648700 0.725000 0.231400
vn -0.703800 0.667500 0.243000
vn 0.671200 0.730200 0.127700
vn 0.638200 0.736100 0.225500
vn 0.664500 0.708300 0.238100
vn 0.666900 0.745000 -0.013900
vn 0.867300 0.496300 -0.038900
vn 0.742000 0.668600 -0.049000
vn 0.892200 0.448400 -0.054300
vn 0.998700 -0.050800 -0.010200
vn 0.996000 0.080900 -0.038200
vn -0.118800 -0.813500 0.569300
vn -0.912500 -0.341700 0.225100
vn -0.372200 -0.625300 0.685900
vn -0.995600 0.092400 -0.016700
vn -0.902500 0.428600 -0.042000
vn -0.748600 0.661700 -0.041600
vn -0.713200 0.700600 -0.024100
vn -0.600800 0.794800 -0.086100
vn -0.377600 0.918500 -0.117700
vn -0.133700 0.990100 -0.042700
vn -0.148900 0.903500 -0.401800
vn -0.141100 0.905800 -0.399400
vn -0.005000 0.988400 0.151600
vn 0.004800 0.996800 0.079600
vn 0.697400 0.716400 -0.019100
vn 0.710400 0.703600 0.016600
vn -0.510200 0.843400 0.168200
vn 0.745800 0.664900 -0.040900
vn 0.902500 0.428600 -0.042000
vn 0.997400 -0.064200 0.031900
vn 0.995600 0.092400 -0.016700
vn -0.946500 -0.241200 0.214600
vn -0.253800 -0.195500 0.947300
vn -0.996400 -0.084900 -0.007000
vn -0.991700 0.126200 -0.023100
vn -0.903400 0.427400 -0.036300
vn -0.749600 0.660400 -0.043200
vn -0.728200 0.684800 -0.026400
vn 0.108900 0.906500 -0.407900
vn 0.106100 0.894900 -0.433500
vn 0.139600 0.905400 -0.400900
vn -0.815200 0.579200 -0.008000
vn -0.790600 0.611400 -0.034100
vn 0.719600 0.688400 0.091200
vn -0.753900 0.654400 0.058300
vn -0.720000 0.678000 0.148300
vn -0.735700 0.659200 0.155900
vn -0.738400 0.671900 0.057800
vn 0.147100 0.881900 -0.447900
vn 0.524600 0.339100 -0.780900
vn -0.292400 0.920800 0.258100
vn -0.577600 0.780600 0.238900
vn -0.308400 0.891500 0.331800
vn 0.044800 0.884100 -0.465200
vn -0.012500 0.920900 -0.389700
vn 0.077000 0.956000 -0.283100
vn 0.525100 0.827600 0.198400
vn 0.546500 0.820800 0.166200
vn 0.211800 0.959000 0.188200
vn 0.703600 0.683600 0.194000
vn 0.751700 0.657400 0.052300
vn 0.756400 0.651400 0.059400
vn 0.751800 0.649500 0.113500
vn 0.108700 0.906500 -0.407900
vn 0.716900 0.696700 -0.026200
vn 0.748100 0.662200 -0.043000
vn 0.903400 0.427400 -0.036300
vn 0.912500 -0.341700 0.225100
vn 0.991700 0.126200 -0.023100
vn 0.372200 -0.625300 0.685900
vn 0.946500 -0.241200 0.214600
vn -0.619500 -0.054600 0.783100
vn -0.038600 -0.064400 0.997200
vn -0.992800 -0.106600 -0.054200
vn -0.992100 -0.093600 -0.083300
vn -0.199700 0.952900 0.228200
vn -0.162000 0.964200 0.210000
vn 0.672500 0.740100 -0.008000
vn 0.002600 1.000000 -0.006500
vn 0.001900 1.000000 -0.005800
vn 0.155600 0.965600 0.208400
vn 0.985800 -0.145700 -0.082900
vn 0.986700 -0.141700 -0.079400
vn 0.984600 -0.148000 -0.093000
vn 0.253700 -0.195500 0.947300
vn 0.619500 -0.054600 0.783100
vn -0.991100 -0.104200 -0.082700
vn -0.991900 -0.084700 -0.094200
vn -0.991600 -0.105300 -0.075200
vn -0.992000 -0.125500 -0.011700
vn -0.988400 -0.138100 -0.063600
vn -0.998800 -0.047200 -0.013400
vn -0.990500 0.135100 -0.025700
vn -0.899800 0.434500 -0.040400
vn -0.750900 0.658700 -0.047900
vn -0.747500 0.663500 -0.031600
vn -0.786100 0.615300 0.059400
vn -0.763500 0.637700 0.101800
vn -0.775700 0.627700 0.065800
vn -0.784000 0.620300 0.025500
vn -0.007100 0.973200 0.229600
vn -0.015800 0.974900 0.222200
vn 0.037100 0.000000 0.999300
vn -0.986700 -0.141700 -0.079400
vn -0.985800 -0.145700 -0.082900
vn -0.984600 -0.148000 -0.093000
vn 0.020600 0.978500 0.205000
vn -0.496900 0.832000 0.246500
vn 0.057200 0.959000 0.277600
vn 0.783100 0.615400 0.089600
vn 0.783300 0.621300 0.022600
vn 0.773000 0.631300 0.062600
vn 0.736200 0.675900 -0.034100
vn 0.750400 0.658900 -0.051500
vn 0.899000 0.435800 -0.042200
vn 0.996400 -0.084900 -0.007000
vn 0.990500 0.135100 -0.025700
vn 0.998800 -0.047200 -0.013400
vn 0.992800 -0.106600 -0.054300
vn 0.992000 -0.125500 -0.011700
vn 0.991600 -0.105300 -0.075200
vn 0.988400 -0.138100 -0.063600
vn 0.992100 -0.093600 -0.083300
vn 0.991100 -0.104200 -0.082700
vn -0.982800 -0.180700 -0.037400
vn -0.998300 -0.055700 -0.017900
vn -0.989300 0.144800 -0.016600
vn -0.885600 0.463700 -0.027600
vn -0.784900 0.619500 -0.015200
vn -0.007500 0.980500 -0.196500
vn -0.825300 0.564000 -0.028000
vn -0.840300 0.541100 -0.033100
vn 0.792200 0.609400 0.031800
vn 0.825300 0.564200 -0.021500
vn 0.844400 0.535000 0.027200
vn 0.780900 0.624300 -0.021000
vn 0.884000 0.466900 -0.024600
vn 0.989300 0.144800 -0.016600
vn 0.998300 -0.055700 -0.017900
vn 0.982800 -0.180700 -0.037400
vn -0.982800 -0.171400 -0.068600
vn -0.984600 -0.174800 -0.003200
vn -0.969700 -0.236500 -0.061600
vn -0.997300 -0.073600 -0.007400
vn -0.977500 -0.210400 -0.013200
vn -0.988700 0.149900 -0.006400
vn -0.890400 0.455100 -0.013500
vn -0.752000 0.658900 -0.017200
vn 0.824500 0.565700 -0.014400
vn 0.778300 0.627700 -0.013500
vn 0.727900 0.685300 -0.020300
vn 0.654000 0.756100 -0.024500
vn 0.728000 0.685300 -0.020300
vn -0.479600 0.848700 -0.222900
vn -0.735000 0.659600 -0.157300
vn -0.805600 0.592200 -0.016600
vn 0.751700 0.659200 -0.018300
vn 0.890400 0.455100 -0.013500
vn 0.988700 0.149900 -0.006400
vn 0.997300 -0.073600 -0.007400
vn 0.978400 -0.196200 -0.064600
vn 0.970700 -0.239400 -0.021300
vn 0.982800 -0.171400 -0.068600
vn 0.984600 -0.174800 -0.003200
vn -0.961500 -0.266800 0.065100
vn -0.975600 -0.219700 -0.000900
vn -0.979300 -0.201500 0.020300
vn -0.968200 -0.250000 -0.002800
vn -0.997400 -0.071100 0.007400
vn -0.987700 0.156600 0.001400
vn -0.888900 0.458000 -0.006600
vn -0.749000 0.662400 -0.015400
vn -0.845900 0.533000 -0.017200
vn -0.612800 0.789800 -0.027800
vn -0.808800 0.583800 -0.071400
vn 0.401100 0.873800 -0.274900
vn -0.053200 0.946300 -0.318800
vn 0.709500 0.686200 -0.160500
vn 0.778400 0.627600 -0.013500
vn 0.750000 0.661300 -0.013800
vn 0.888900 0.458000 -0.006600
vn 0.987700 0.156600 0.001400
vn 0.975600 -0.219700 -0.000900
vn 0.979300 -0.201500 0.020300
vn 0.997400 -0.071100 0.007400
vn 0.977500 -0.210400 -0.013200
vn 0.968200 -0.250000 -0.002800
vn -0.977700 -0.201400 0.060400
vn -0.978300 -0.205000 0.029300
vn -0.983000 -0.181900 0.025400
vn -0.986600 0.163100 0.003700
vn -0.998500 -0.054300 0.011700
vn -0.890700 0.454600 -0.003700
vn -0.738500 0.674200 -0.011500
vn -0.737000 0.674600 -0.042300
vn 0.971100 -0.236400 -0.033200
vn -0.510100 0.779500 -0.363600
vn -0.491000 0.788800 -0.369700
vn -0.137500 0.880500 -0.453600
vn -0.510000 0.779500 -0.363600
vn -0.331800 0.825100 -0.457300
vn -0.257500 0.855900 -0.448600
vn -0.193100 0.886900 -0.419700
vn -0.149700 0.925100 -0.348900
vn -0.103600 0.964900 -0.241200
vn -0.149700 0.925200 -0.348800
vn -0.069700 0.971100 -0.228100
vn -0.069700 0.971100 -0.228200
vn -0.002600 1.000000 -0.006500
vn -0.672500 0.740100 -0.008000
vn -0.001900 1.000000 -0.005800
vn 0.102400 0.961600 -0.254800
vn 0.183100 0.895800 -0.405000
vn -0.995400 0.058800 -0.075700
vn 0.131400 0.912000 -0.388600
vn 0.152000 0.893600 -0.422300
vn 0.242300 0.851900 -0.464400
vn 0.309700 0.840700 -0.444200
vn 0.533200 0.769700 -0.351100
vn 0.526400 0.774500 -0.350700
vn -0.038500 0.992500 0.116000
vn 0.844900 0.534700 0.017900
vn 0.848400 0.527200 -0.048200
vn 0.768400 0.639700 -0.019800
vn 0.745100 0.666800 -0.012400
vn 0.890700 0.454600 -0.003700
vn 0.986600 0.163100 0.003700
vn 0.983000 -0.181900 0.025400
vn 0.998500 -0.054300 0.011700
vn 0.978300 -0.205000 0.029300
vn 0.997300 -0.037700 0.063600
vn 0.947400 0.316000 0.050600
vn 0.977700 -0.201400 0.060400
vn -0.997300 -0.037700 0.063600
vn -0.833700 -0.541500 0.108100
vn -0.856400 -0.505500 0.104700
vn -0.986700 -0.162100 0.010900
vn -0.984500 0.175400 0.004100
vn -0.999300 -0.035800 0.006500
vn -0.902100 0.431500 -0.003300
vn -0.737400 0.675400 -0.006900
vn 0.105300 0.907400 -0.406800
vn 0.108300 0.907000 -0.407000
vn -0.800600 0.585800 -0.125700
vn -0.600700 0.794800 -0.086100
vn -0.737100 0.674500 -0.042300
vn -0.493500 0.779500 -0.385800
vn 0.993600 0.000000 0.113100
vn 0.992300 0.000000 0.123900
vn 0.991300 0.000000 0.131900
vn -0.288000 0.928200 -0.235500
vn 0.391400 0.889900 -0.234100
vn 0.430400 0.816400 -0.385100
vn 0.533100 0.769700 -0.351100
vn -0.108800 0.906500 -0.408000
vn 0.628800 0.733000 -0.259400
vn -0.062300 0.926000 -0.372300
vn 0.056400 0.937400 -0.343600
vn -0.058800 0.926600 -0.371500
vn 0.000000 -0.933000 0.359900
vn 0.741200 0.671300 -0.006800
vn 0.902100 0.431500 -0.003300
vn 0.984500 0.175400 0.004100
vn 0.986700 -0.162100 0.010900
vn 0.999300 -0.035800 0.006500
vn 0.115900 0.993100 -0.016100
vn 0.113200 0.993400 -0.016100
vn -0.988000 -0.149900 0.038400
vn -0.983200 0.182300 0.011600
vn -0.999300 -0.034100 0.015100
vn -0.905100 0.425100 0.007400
vn -0.745600 0.666400 0.002600
vn -0.484300 0.874400 -0.030600
vn -0.120100 0.979100 -0.164400
vn 0.049600 0.988700 0.141800
vn -0.023200 0.990300 -0.136900
vn -0.067300 0.923400 -0.377900
vn -0.042300 0.997500 -0.056200
vn -0.093700 0.881400 -0.463000
vn 0.028800 0.909200 -0.415400
vn -0.048300 0.858000 -0.511400
vn 0.076400 0.939700 -0.333400
vn 0.060900 0.915000 -0.398900
vn 0.033500 0.177100 -0.983600
vn 0.070300 0.934300 -0.349600
vn 0.061100 0.914900 -0.399000
vn 0.078300 0.908000 -0.411700
vn 0.078300 0.907900 -0.411700
vn -0.318900 0.939400 -0.126000
vn 0.527200 0.839100 -0.134400
vn 0.528000 0.847900 0.047800
vn 0.224400 0.974400 -0.013800
vn -0.010200 0.796600 0.604400
vn 0.747600 0.664200 0.002000
vn 0.905100 0.425100 0.007400
vn 0.983200 0.182300 0.011600
vn 0.988000 -0.149900 0.038400
vn 0.999300 -0.034100 0.015100
vn 0.856400 -0.505500 0.104700
vn 0.995200 -0.008300 0.097300
vn -0.994500 -0.043600 0.095200
vn -0.986200 -0.037600 -0.161000
vn -0.997300 -0.041600 0.060600
vn -0.993500 -0.060600 0.096000
vn -0.989900 -0.067300 0.124600
vn -0.995200 -0.008300 0.097300
vn -0.978600 -0.168500 -0.118400
vn -0.955300 -0.079500 -0.284700
vn -0.970800 -0.233800 0.054000
vn -0.998900 -0.045800 0.000400
vn -0.981900 0.189100 0.009600
vn -0.906200 0.422900 0.000800
vn -0.739000 0.673700 -0.009300
vn -0.396600 0.917600 -0.026800
vn 0.008700 0.999000 -0.043700
vn 0.062200 0.991700 -0.112400
vn 0.010600 0.991500 -0.129700
vn 0.045800 0.998000 -0.043000
vn -0.048600 0.997700 -0.048100
vn 0.399300 0.916300 -0.030800
vn 0.739000 0.673700 -0.009300
vn 0.906200 0.422900 0.000800
vn 0.981900 0.189100 0.009600
vn 0.978600 -0.168500 -0.118400
vn 0.998900 -0.045800 0.000400
vn 0.955300 -0.079500 -0.284700
vn 0.970800 -0.233800 0.054000
vn 0.993500 -0.060600 0.096000
vn 0.989900 -0.067300 0.124600
vn 0.994500 -0.043600 0.095200
vn 0.997300 -0.041700 0.060600
vn 0.986200 -0.037600 -0.161000
vn -0.720900 -0.081400 -0.688200
vn -0.991000 -0.048800 0.125000
vn 0.721000 -0.081400 -0.688200
vn -0.843600 -0.425600 -0.327400
vn -0.952200 -0.237400 -0.192300
vn -0.987100 0.159200 -0.017300
vn -0.901500 0.432700 -0.006100
vn -0.740800 0.670800 -0.036900
vn -0.393900 0.917900 -0.048800
vn -0.047900 0.997300 -0.054800
vn -0.046700 0.998300 -0.033500
vn 0.022600 0.998100 -0.057200
vn 0.047800 0.997300 -0.054800
vn -0.072600 0.996000 -0.052500
vn 0.393900 0.917900 -0.048800
vn 0.740800 0.670800 -0.036900
vn 0.901500 0.432700 -0.006100
vn 0.987100 0.159200 -0.017300
vn 0.843600 -0.425600 -0.327400
vn 0.952200 -0.237400 -0.192300
vn -0.994600 -0.061100 -0.084000
vn -0.936600 0.350000 0.018900
vn -0.736000 0.675100 -0.051400
vn -0.402800 0.913000 -0.064000
vn -0.049100 0.996500 -0.067000
vn 0.039100 0.997000 -0.067200
vn 0.049100 0.996500 -0.067000
vn -0.061500 0.996100 -0.063600
vn 0.402800 0.913000 -0.064000
vn 0.736000 0.675100 -0.051400
vn 0.994600 -0.061100 -0.084000
vn 0.936600 0.350000 0.018900
vn -0.810100 0.579800 0.086400
vn -0.699600 0.714300 -0.019400
vn -0.420900 0.902700 -0.088900
vn -0.057200 0.994000 -0.093500
vn 0.033600 0.996000 -0.082500
vn -0.046600 0.995500 -0.082000
vn 0.057200 0.994000 -0.093500
vn 0.420900 0.902700 -0.088900
vn 0.699600 0.714300 -0.019400
vn -0.651200 0.758400 -0.027100
vn -0.333700 0.939600 -0.076400
vn -0.554900 0.830900 -0.041600
vn -0.065700 0.992600 -0.102000
vn 0.011900 0.995500 -0.093900
vn -0.021400 0.995300 -0.094100
vn 0.065700 0.992600 -0.102000
vn 0.333700 0.939600 -0.076400
vn 0.651200 0.758400 -0.027100
vn 0.554900 0.830900 -0.041600
vn -0.475000 0.849400 -0.229900
vn -0.645400 0.731000 -0.221400
vn -0.265000 0.933000 -0.243400
vn -0.092800 0.966100 -0.240900
vn -0.039200 0.973400 -0.225900
vn 0.030900 0.973400 -0.227100
vn 0.015400 0.977700 -0.209400
vn 0.092800 0.966100 -0.240900
vn 0.265100 0.933000 -0.243400
vn 0.475000 0.849400 -0.229900
vn 0.645400 0.731000 -0.221400
vn -0.364600 0.858000 -0.361700
vn -0.680400 0.668700 -0.300000
vn -0.182500 0.906800 -0.379900
vn -0.108900 0.918000 -0.381300
vn -0.091600 0.923600 -0.372200
vn 0.086500 0.924400 -0.371600
vn 0.108900 0.918000 -0.381300
vn 0.182500 0.906900 -0.379900
vn 0.364600 0.858000 -0.361700
vn 0.680400 0.668700 -0.300000
vn -0.984900 -0.171200 0.025700
vn -0.889800 0.406900 -0.206700
vn -0.952000 -0.263600 0.155700
vn -0.189800 0.897000 -0.399200
vn -0.638200 0.708400 -0.301300
vn -0.110900 0.906400 -0.407700
vn -0.108400 0.906900 -0.407200
vn -0.108200 0.907800 -0.405100
vn 0.110900 0.906400 -0.407700
vn 0.189800 0.897000 -0.399200
vn 0.638200 0.708400 -0.301300
vn 0.952000 -0.263600 0.155800
vn 0.889800 0.406800 -0.206800
vn 0.984900 -0.171200 0.025700
vn -0.891000 0.412500 -0.189700
vn -0.772800 -0.060400 0.631800
vn -0.759600 0.577800 -0.298700
vn -0.147700 0.901100 -0.407800
vn -0.108900 0.906500 -0.407900
vn 0.000000 0.995700 0.092200
vn 0.000000 0.994600 0.103900
vn 0.000000 0.995600 0.093500
vn 0.108600 0.906500 -0.407900
vn 0.147700 0.901000 -0.407800
vn 0.759600 0.577700 -0.298800
vn 0.890800 0.413100 -0.189200
vn 0.772800 -0.060400 0.631800
vn -0.998400 -0.028300 0.048800
vn -0.991400 -0.023700 -0.129000
vn -0.966900 -0.049500 -0.250300
vn 0.998400 -0.028300 0.048800
vn -0.988700 -0.023600 -0.148300
vn -0.911700 -0.039500 -0.409000
vn -0.921600 -0.057600 -0.383800
vn -0.912600 -0.076400 -0.401700
vn -0.520100 0.700500 -0.488600
vn 0.517500 0.702500 -0.488500
vn 0.920200 -0.036600 -0.389800
vn 0.966900 -0.049800 -0.250300
vn 0.911700 -0.039500 -0.409000
vn 0.912800 -0.075600 -0.401400
vn 0.913100 -0.045400 -0.405100
vn 0.000000 -0.154300 -0.988000
vn 0.000000 -0.302500 -0.953100
vn 0.001600 -0.311700 -0.950200
vn -0.004400 -0.575900 -0.817500
vn -0.005000 -0.597200 -0.802100
vn -0.010900 -0.801600 -0.597800
vn -0.013300 -0.810500 -0.585600
vn -0.013000 -0.947700 -0.318900
vn -0.015800 -0.950200 -0.311200
vn -0.015700 -0.999900 -0.000500
vn -0.014500 -0.951600 0.307000
vn -0.016900 -0.999900 -0.002600
vn -0.014200 -0.947400 0.319800
vn -0.011900 -0.800500 0.599200
vn -0.253700 -0.195500 0.947300
vn -0.004300 -0.575800 0.817600
vn 0.000000 -0.258800 0.965900
vn -0.998300 -0.057900 -0.005200
vn -0.999700 -0.022400 -0.003900
vn -0.999500 -0.030200 -0.005200
vn -0.053000 -0.997800 -0.039400
vn 0.033200 -0.999300 -0.014100
vn -0.031000 -0.998500 -0.045100
vn 0.221900 -0.959100 0.175600
vn 0.215000 -0.848200 0.484000
vn 0.424800 -0.654400 0.625600
vn 0.074600 -0.473000 0.877900
vn 0.024900 -0.629100 0.776900
vn 0.007800 -0.283800 0.958900
vn 0.000000 -0.154300 0.988000
vn 0.000000 -0.304000 0.952700
vn 0.000000 -0.066100 -0.997800
vn 0.000000 -0.260800 -0.965400
vn 0.001600 -0.268000 -0.963400
vn -0.004400 -0.578800 -0.815500
vn -0.004400 -0.595200 -0.803600
vn -0.011300 -0.804700 -0.593600
vn -0.013500 -0.807800 -0.589300
vn -0.018900 -0.948300 -0.316800
vn -0.032700 -0.952800 -0.301700
vn -0.009900 -0.996700 -0.081000
vn 0.041100 -0.993300 -0.107600
vn 0.015300 -0.428200 0.903600
vn 0.044200 -0.447000 0.893500
vn 0.000000 -0.270900 0.962600
vn -0.999300 -0.037600 -0.000900
vn -0.999700 -0.023000 -0.005800
vn -0.999500 -0.032400 -0.003400
vn -0.001600 -0.311700 -0.950200
vn 0.004400 -0.575900 -0.817500
vn 0.005000 -0.597200 -0.802100
vn 0.010900 -0.801600 -0.597800
vn 0.013300 -0.810500 -0.585600
vn 0.013000 -0.947700 -0.318900
vn 0.015800 -0.950200 -0.311200
vn 0.015700 -0.999900 -0.000500
vn 0.016900 -0.999900 -0.002600
vn 0.014500 -0.951600 0.307000
vn 0.014200 -0.947400 0.319800
vn 0.118800 -0.813500 0.569300
vn 0.011900 -0.800500 0.599200
vn 0.372100 -0.625300 0.685900
vn 0.004300 -0.575800 0.817600
vn 0.038600 -0.064400 0.997200
vn 0.983700 -0.180000 -0.005700
vn 0.994400 -0.105900 -0.006400
vn 0.994200 -0.107200 -0.005400
vn 0.032700 -0.952800 -0.301700
vn 0.031000 -0.998500 -0.045100
vn 0.053000 -0.997800 -0.039400
vn -0.033200 -0.999300 -0.014100
vn -0.221900 -0.959100 0.175600
vn -0.215000 -0.848200 0.484000
vn -0.424800 -0.654400 0.625600
vn -0.074600 -0.473000 0.877900
vn -0.024900 -0.629100 0.776900
vn -0.007800 -0.283800 0.958900
vn -0.001600 -0.268000 -0.963400
vn 0.004400 -0.578800 -0.815500
vn 0.004400 -0.595200 -0.803600
vn 0.011300 -0.804700 -0.593600
vn 0.013500 -0.807800 -0.589300
vn 0.018900 -0.948300 -0.316800
vn 0.032700 -0.952800 -0.301800
vn 0.009900 -0.996700 -0.081000
vn -0.041100 -0.993300 -0.107600
vn -0.015300 -0.428200 0.903600
vn 0.999600 -0.027600 -0.008200
vn 0.999800 -0.017300 -0.008300
vn 0.999700 -0.023000 -0.005800
vn -0.008400 -0.949300 0.314300
vn 0.049600 -0.989800 0.133400
vn 0.135100 -0.988900 -0.061600
vn 0.124700 -0.988300 0.088200
vn 0.252800 -0.967500 0.003100
vn 0.252000 -0.967600 0.012500
vn 0.227400 -0.973400 0.026200
vn 0.106100 -0.991100 0.081000
vn -0.138200 -0.990400 0.005800
vn 0.120500 -0.990600 -0.064500
vn 0.161500 -0.985400 -0.054500
vn -0.145200 -0.615400 0.774700
vn -0.201100 -0.577300 0.791400
vn -0.077300 -0.731900 0.677100
vn -0.049600 -0.989800 0.133500
vn 0.009600 -0.949900 0.312300
vn -0.124700 -0.988300 0.088200
vn -0.049600 -0.989800 0.133400
vn -0.135100 -0.988900 -0.061600
vn -0.252800 -0.967500 0.003100
vn -0.252000 -0.967600 0.012500
vn -0.249000 -0.968400 0.012400
vn -0.227400 -0.973400 0.026300
vn -0.106000 -0.991100 0.081000
vn 0.138200 -0.990400 0.005800
vn 0.218500 -0.975700 -0.017000
vn -0.161500 -0.985400 -0.054500
vn -0.120500 -0.990600 -0.064500
vn 0.134600 -0.989900 -0.044800
vn 0.311600 -0.894400 -0.320900
vn 0.060100 -0.997000 -0.048300
vn -0.012500 0.993600 -0.111900
vn -0.019900 0.999400 -0.029200
vn -0.011500 0.932700 -0.360400
vn -0.037800 0.989800 0.137600
vn -0.223800 0.973700 -0.043600
vn -0.259200 0.960600 -0.099800
vn -0.479100 0.844700 -0.238600
vn -0.963900 -0.153900 0.217300
vn 0.963900 -0.153900 0.217300
vn 0.479100 0.844700 -0.238600
vn 0.267700 0.958000 -0.103200
vn 0.228400 0.972600 -0.043000
vn 0.084700 -0.428700 -0.899500
vn 0.114800 -0.248300 -0.961900
vn -0.110700 -0.080800 -0.990600
vn 0.621600 0.635800 0.457700
vn -0.666300 -0.161600 -0.727900
vn -0.571400 -0.199400 -0.796100
vn -0.631400 -0.282200 -0.722300
vn -0.282200 0.784800 -0.551800
vn 0.616400 -0.125900 0.777300
vn -0.621600 0.635800 0.457700
vn 0.697900 -0.095400 -0.709800
vn 0.631400 -0.282200 -0.722300
vn 0.667600 -0.158600 -0.727500
vn 0.694000 -0.057700 -0.717600
vn 0.585500 -0.060500 -0.808400
vn 0.581000 0.153100 -0.799400
vn -0.191800 0.895500 -0.401700
vn 0.171100 0.903400 -0.393200
vn -0.115000 0.908600 -0.401500
vn -0.201900 0.541500 -0.816100
vn 0.114300 0.908900 -0.401100
vn -0.135700 0.892600 -0.430000
vn -0.136600 0.895000 -0.424600
vn -0.184600 0.854900 -0.484900
vn 0.168800 0.360300 -0.917400
vn 0.117800 0.768200 -0.629300
vn 0.156600 0.871900 -0.463900
vn 0.134600 0.891200 -0.433200
vn 0.109200 0.906500 -0.407900
vn 0.108700 0.906500 -0.408100
vn -0.734700 -0.087700 -0.672700
vn -0.913100 -0.045400 -0.405100
vn -0.688600 0.136100 -0.712200
vn -0.698000 -0.096400 -0.709600
vn -0.736900 -0.073600 -0.672000
vn -0.466400 0.596400 -0.653200
vn -0.531300 0.336300 -0.777600
vn -0.483800 -0.622400 -0.615200
vn -0.596200 -0.597900 -0.535700
vn -0.543800 0.056700 -0.837300
vn -0.686700 -0.029800 -0.726300
vn -0.147100 0.881900 -0.448000
vn -0.237400 0.821900 -0.517800
vn -0.144600 0.878700 -0.454900
vn -0.380800 0.042600 -0.923700
vn -0.314100 -0.212500 -0.925300
vn -0.214500 -0.149000 -0.965300
vn -0.324400 -0.481500 -0.814200
vn -0.461900 -0.008200 -0.886900
vn -0.336800 -0.260800 -0.904700
vn -0.409900 -0.087600 -0.907900
vn -0.552600 0.117200 -0.825200
vn -0.484300 0.239800 -0.841400
vn -0.229800 -0.521300 -0.821900
vn -0.045900 -0.563100 -0.825100
vn -0.114400 -0.832700 -0.541700
vn 0.002700 -0.838600 -0.544700
vn -0.016200 -0.751500 -0.659500
vn 0.001500 -0.628500 -0.777800
vn -0.065900 -0.794400 -0.603800
vn -0.110700 -0.080700 -0.990600
vn -0.636500 -0.040400 -0.770200
vn 0.543300 0.056700 -0.837600
vn 0.114400 -0.831200 -0.544100
vn 0.243800 -0.546000 -0.801500
vn 0.282100 -0.254100 -0.925100
vn 0.086800 -0.281200 -0.955700
vn 0.073600 -0.561100 -0.824500
vn 0.052700 -0.809200 -0.585200
vn 0.022600 -0.761900 -0.647300
vn 0.420700 0.032200 -0.906600
vn 0.324400 -0.481500 -0.814200
vn 0.212200 -0.141800 -0.966900
vn 0.336800 -0.260800 -0.904700
vn 0.461900 -0.008100 -0.886900
vn 0.409900 -0.087600 -0.907900
vn 0.571500 -0.199300 -0.796000
vn 0.552600 0.117200 -0.825200
vn 0.476400 0.290600 -0.829800
vn 0.144600 0.878700 -0.455000
vn 0.237400 0.821900 -0.517900
vn 0.459000 0.605900 -0.649800
vn 0.596200 -0.597900 -0.535700
vn 0.483800 -0.622500 -0.615200
vn 0.690500 -0.029900 -0.722800
vn 0.734700 -0.087700 -0.672700
vn 0.688600 0.136100 -0.712200
vn 0.739100 -0.074500 -0.669400
vn 0.636500 -0.040400 -0.770200
vn 0.690400 -0.029900 -0.722800
vn 0.317700 -0.912000 -0.259500
vn 0.286500 -0.946100 -0.150700
vn 0.596300 -0.597900 -0.535700
vn 0.314400 -0.946000 -0.079100
vn -0.268000 -0.960400 0.076200
vn -0.223200 -0.968000 0.115000
vn -0.618400 -0.769500 -0.159400
vn 0.002600 -0.838600 -0.544800
vn -0.003300 -0.977500 0.210800
vn -0.016200 -0.751600 -0.659400
vn -0.033800 -0.999100 0.024700
vn 0.003300 -0.977500 0.210800
vn 0.268000 -0.960400 0.076200
vn 0.223200 -0.968000 0.115000
vn -0.314400 -0.946000 -0.079100
vn -0.596200 -0.597900 -0.535800
vn -0.483800 -0.622500 -0.615200
vn -0.286500 -0.946100 -0.150700
vn -0.317700 -0.912000 -0.259500
vn -0.290900 0.915500 -0.277900
vn -0.090500 0.986000 -0.139900
vn -0.053700 0.989600 -0.133400
vn -0.033400 0.993000 -0.112900
vn -0.078200 0.990900 0.109800
vn -0.018100 0.996500 -0.081100
vn 0.026600 0.999000 -0.035100
vn -0.018200 0.998800 -0.045800
vn 0.034000 0.993100 -0.112300
vn 0.083700 0.985800 -0.145300
vn 0.288300 0.916400 -0.277600
vn -0.942800 -0.086300 0.322100
vn -0.941400 -0.130500 0.310900
vn -0.936100 0.041800 0.349200
vn -0.894900 0.168100 0.413400
vn -0.773500 -0.044700 0.632200
vn -0.867500 -0.045200 0.495300
vn -0.895000 0.012000 0.446000
vn -0.845700 -0.189800 0.498700
vn -0.883500 -0.157400 0.441200
vn -0.895800 -0.152800 0.417400
vn -0.897600 -0.080200 0.433500
vn -0.852000 0.155000 0.500000
vn -0.840000 0.159400 0.518700
vn -0.741500 -0.108300 0.662100
vn -0.549600 -0.128000 0.825600
vn -0.510600 -0.085100 0.855600
vn -0.769800 -0.088600 0.632100
vn -0.758500 -0.227900 0.610600
vn -0.586300 -0.275000 0.762000
vn -0.299700 -0.669200 0.679900
vn -0.416500 -0.289000 0.862000
vn -0.549900 -0.342900 0.761600
vn -0.410600 -0.090400 0.907300
vn -0.503100 -0.063300 0.861900
vn -0.455300 0.416000 0.787100
vn -0.443900 0.488700 0.751100
vn -0.391400 0.613200 0.686100
vn -0.346100 0.170200 0.922600
vn -0.488600 -0.621000 0.612800
vn -0.763900 -0.259600 0.590800
vn -0.714000 0.310500 0.627500
vn -0.630200 0.459800 0.625600
vn -0.667100 0.196900 0.718500
vn -0.210700 -0.702000 0.680300
vn -0.296600 -0.289700 0.910000
vn -0.304800 -0.338000 0.890400
vn -0.334200 -0.205800 0.919800
vn -0.381100 -0.052100 0.923100
vn -0.275600 -0.423400 0.863000
vn -0.262100 -0.329500 0.907000
vn -0.191100 0.127000 0.973300
vn -0.225400 0.457000 0.860400
vn -0.208500 0.677600 0.705300
vn -0.147400 -0.152700 0.977200
vn -0.214700 -0.030200 0.976200
vn 0.011600 0.407800 0.913000
vn -0.175900 -0.743700 0.645000
vn -0.232900 -0.365700 0.901100
vn -0.247900 -0.278500 0.927900
vn -0.220900 0.007200 0.975300
vn -0.289800 0.513700 0.807600
vn -0.155600 0.585500 0.795600
vn -0.087600 0.720600 0.687700
vn -0.184600 0.415500 0.890700
vn -0.243600 0.059100 0.968100
vn -0.167100 0.072200 0.983300
vn -0.167600 0.390900 0.905000
vn -0.116700 -0.391400 0.912800
vn -0.137500 -0.769000 0.624300
vn -0.046100 -0.743100 0.667600
vn -0.049400 -0.086600 0.995000
vn -0.120900 -0.276400 0.953400
vn -0.094900 0.093900 0.991000
vn -0.066400 0.569200 0.819500
vn 0.016500 -0.023900 0.999600
vn 0.017300 0.621900 0.782900
vn -0.035800 0.765100 0.642900
vn 0.000500 0.767400 0.641100
vn -0.050100 0.344900 0.937300
vn 0.000200 0.345500 0.938400
vn -0.055100 -0.119400 0.991300
vn -0.080500 0.600200 0.795800
vn -0.073500 0.758000 0.648100
vn -0.097600 0.338800 0.935800
vn -0.097300 -0.106400 0.989600
vn -0.119300 -0.202300 0.972000
vn -0.069500 0.075600 0.994700
vn -0.145200 0.466800 0.872300
vn -0.122400 0.193000 0.973500
vn -0.075600 0.475800 0.876300
vn -0.342800 -0.092000 0.934900
vn -0.323800 0.210900 0.922300
vn 0.050500 0.343800 0.937700
vn 0.053900 -0.121300 0.991200
vn -0.000900 -0.125500 0.992100
vn -0.000800 -0.126600 0.992000
vn 0.069000 0.083600 0.994100
vn 0.043600 -0.075200 0.996200
vn 0.046100 -0.745000 0.665500
vn 0.114000 -0.396800 0.910800
vn 0.131500 -0.266800 0.954700
vn 0.115300 0.090000 0.989200
vn 0.137300 -0.769000 0.624300
vn 0.087300 0.601100 0.794400
vn 0.046900 0.562400 0.825600
vn 0.036900 0.765100 0.642900
vn 0.074700 0.757800 0.648200
vn 0.098700 0.336900 0.936300
vn 0.100200 -0.108700 0.989000
vn 0.119900 -0.201900 0.972000
vn 0.122500 0.192000 0.973700
vn 0.145200 0.466800 0.872300
vn 0.075600 0.475800 0.876300
vn 0.214400 -0.030100 0.976300
vn 0.146800 -0.152100 0.977400
vn -0.012700 0.406600 0.913500
vn 0.210700 -0.702000 0.680300
vn 0.304800 -0.338000 0.890400
vn 0.296500 -0.289500 0.910100
vn 0.334200 -0.205800 0.919800
vn 0.275600 -0.423400 0.863000
vn 0.376500 -0.047800 0.925200
vn 0.262000 -0.329700 0.907000
vn 0.214900 0.671800 0.708900
vn 0.225600 0.456700 0.860500
vn 0.191000 0.127600 0.973300
vn 0.236700 -0.369000 0.898800
vn 0.175900 -0.743700 0.645000
vn 0.243500 -0.270200 0.931500
vn 0.211600 0.003100 0.977400
vn 0.157900 0.582400 0.797400
vn 0.286700 0.515300 0.807600
vn 0.087600 0.719300 0.689100
vn 0.243600 0.059100 0.968100
vn 0.184600 0.415500 0.890700
vn 0.166800 0.072100 0.983400
vn 0.167600 0.390900 0.905000
vn 0.416200 -0.289400 0.862000
vn 0.299100 -0.668900 0.680500
vn 0.554300 -0.338300 0.760500
vn 0.588600 -0.278400 0.759000
vn 0.508200 -0.057500 0.859300
vn 0.410500 -0.090000 0.907400
vn 0.459600 0.421200 0.781900
vn 0.412100 0.603800 0.682300
vn 0.472100 0.457600 0.753500
vn 0.345700 0.170200 0.922800
vn 0.753500 -0.234200 0.614300
vn 0.769000 -0.079700 0.634300
vn 0.773500 -0.045500 0.632100
vn 0.741500 -0.108300 0.662100
vn 0.549600 -0.128000 0.825600
vn 0.510600 -0.085100 0.855600
vn 0.466000 -0.634400 0.616700
vn 0.756100 -0.254500 0.603000
vn 0.703600 0.323400 0.632800
vn 0.620100 0.471100 0.627300
vn 0.658300 0.184800 0.729700
vn 0.895000 0.011200 0.445800
vn 0.867500 -0.045200 0.495300
vn 0.943500 -0.083700 0.320500
vn 0.930700 0.042300 0.363400
vn 0.940400 -0.128400 0.314800
vn 0.888800 0.155100 0.431300
vn 0.846900 -0.200800 0.492400
vn 0.890400 -0.145800 0.431200
vn 0.896500 -0.149000 0.417300
vn 0.898600 -0.075000 0.432200
vn 0.864300 0.138700 0.483500
vn 0.840700 0.142800 0.522300
vn 0.342800 -0.092000 0.934900
vn 0.323800 0.210900 0.922300
vn 0.000100 0.035400 0.999400
vn 0.000200 0.035400 0.999400
vn 0.466000 -0.634500 0.616700
vn -0.100900 -0.872900 0.477300
vn 0.299100 -0.669000 0.680400
vn 0.013300 -0.924000 0.382100
vn 0.013300 -0.939600 0.342100
vn 0.012600 -0.953000 0.302800
vn 0.009700 -0.962700 0.270400
vn 0.005200 -0.968500 0.249100
vn 0.000800 -0.969000 0.247000
vn -0.005200 -0.968500 0.249100
vn -0.009700 -0.962700 0.270300
vn -0.012600 -0.953000 0.302800
vn -0.013300 -0.939600 0.342100
vn -0.210600 -0.702000 0.680300
vn -0.013300 -0.924000 0.382100
vn 0.098000 -0.872100 0.479500
vn -0.225800 -0.146600 0.963100
vn -0.287200 -0.167700 0.943100
vn -0.505800 -0.150600 0.849400
vn -0.342800 -0.092100 0.934900
vn -0.191400 -0.189600 0.963000
vn -0.198500 -0.229500 0.952800
vn -0.167100 0.072100 0.983300
vn -0.122400 0.192900 0.973500
vn -0.059800 -0.143100 0.987900
vn -0.213000 0.822500 0.527300
vn 0.060000 -0.144900 0.987600
vn 0.122500 0.191900 0.973700
vn 0.191000 0.127500 0.973300
vn 0.191500 -0.189300 0.963100
vn 0.166800 0.072000 0.983400
vn 0.505500 -0.149500 0.849800
vn 0.345700 0.170100 0.922800
vn 0.287200 -0.167800 0.943100
vn 0.226000 -0.146000 0.963100
vn 0.198500 -0.229500 0.952800
vn 0.895100 0.011200 0.445800
vn 0.213000 0.822600 0.527200
vn 0.000000 -0.351300 0.936300
vn 0.995400 0.058800 -0.075700
vn 0.000000 -0.999400 -0.033300
vn 0.000000 -0.999600 -0.027800
vn -0.000100 -0.999400 -0.033700
vn 0.395000 0.918400 -0.024400
vn -0.969800 -0.236800 -0.058300
vn -0.967300 -0.253400 -0.015100
vn -0.978900 -0.196700 -0.056000
vn -0.978000 -0.203700 0.045300
vn -0.979100 -0.200500 0.032800
vn -0.972300 -0.231800 0.031100
vn -0.974200 -0.217500 -0.060700
vn -0.980300 -0.188200 0.059100
vn -0.980000 -0.194300 0.042600
vn -0.982800 -0.179600 0.043000
vn -0.986300 -0.159700 0.041400
vn -0.986400 -0.152400 0.061400
vn -0.986500 -0.149800 0.065600
vn 0.318600 0.909000 -0.268900
vn 0.774700 0.603400 -0.189000
vn 0.765100 0.643900 0.002000
vn 0.778800 0.598900 0.186500
vn -0.189300 -0.961500 0.199300
vn 0.014800 -0.999800 0.010900
vn 0.012900 -0.999100 -0.040700
vn -0.105100 0.468000 -0.877500
vn -0.124100 0.492600 -0.861400
vn -0.158400 0.535900 -0.829300
vn -0.078500 0.984700 -0.155400
vn -0.145500 0.986300 0.077400
vn 0.008800 0.966500 -0.256600
vn -0.183900 0.849300 0.494900
vn 0.264200 0.810100 0.523300
vn 0.331200 0.512100 0.792500
vn -0.066000 -0.541500 0.838100
vn -0.398400 -0.729700 0.555700
vn -0.046200 -0.861400 0.505800
vn -0.235700 -0.723600 -0.648700
vn 0.032300 -0.542400 -0.839500
vn 0.015700 -0.610700 -0.791700
vn -0.986500 0.050100 -0.155800
vn -0.947400 0.093200 -0.306300
vn -0.966000 0.135900 -0.220100
vn -0.019300 -0.998700 -0.047000
vn 0.005600 -0.999200 -0.039800
vn 0.008200 -0.999200 -0.039100
vn 0.000100 -0.999400 -0.033700
vn 0.969800 -0.236800 -0.058300
vn 0.978900 -0.196700 -0.056000
vn 0.967300 -0.253400 -0.015100
vn 0.978000 -0.203700 0.045300
vn 0.972300 -0.231800 0.031100
vn 0.979100 -0.200500 0.032800
vn 0.974200 -0.217500 -0.060700
vn 0.980300 -0.188200 0.059100
vn 0.982800 -0.179600 0.043000
vn 0.980000 -0.194300 0.042600
vn 0.986300 -0.159700 0.041400
vn 0.986400 -0.152400 0.061400
vn 0.986500 -0.149800 0.065600
vn -0.778800 0.598900 -0.186500
vn -0.336300 0.941700 0.009100
vn -0.264200 0.810100 -0.523300
vn -0.751000 0.644700 0.142600
vn -0.239100 -0.418400 0.876200
vn -0.039900 -0.527800 0.848400
vn -0.079500 -0.429500 0.899600
vn -0.014800 -0.999800 -0.010900
vn 0.189300 -0.961500 -0.199300
vn -0.037900 -0.986900 -0.157100
vn 0.183900 0.849300 -0.494900
vn -0.331200 0.512100 -0.792500
vn 0.061900 0.864200 0.499200
vn 0.149600 0.973100 -0.175100
vn -0.342800 0.765900 0.543900
vn 0.229400 0.416900 0.879600
vn 0.289900 -0.785400 0.547000
vn 0.204300 -0.684500 0.699800
vn 0.066000 -0.541500 -0.838100
vn 0.398400 -0.729700 -0.555700
vn 0.046200 -0.861400 -0.505800
vn 0.947400 0.093200 0.306300
vn 0.986500 0.050100 0.155800
vn 0.985900 0.022000 0.166000
vn 0.718800 0.690900 0.077100
vn 0.735700 0.674400 0.061900
vn 0.777900 0.627800 0.028500
vn 0.202400 0.000000 0.979300
vn 0.205500 0.000000 0.978700
vn 0.203700 0.000000 0.979000
vn -0.108600 0.906500 -0.407900
vn 0.004900 -0.998800 -0.047700
vn 0.025400 -0.998500 -0.048500
vn -0.108900 0.906500 -0.408000
vn -0.266000 0.792000 -0.549500
vn -0.050200 0.387400 -0.920500
vn -0.268600 0.766500 -0.583400
vn -0.116200 0.796800 -0.593000
vn -0.046400 0.383500 -0.922400
vn -0.112300 0.794300 -0.597000
vn -0.048000 0.371300 -0.927300
vn -0.114600 0.785900 -0.607700
vn -0.046800 0.366200 -0.929400
vn -0.110800 0.780000 -0.615900
vn -0.043200 0.358000 -0.932700
vn -0.113400 0.777000 -0.619200
vn -0.044000 0.355400 -0.933700
vn 0.137300 0.799800 -0.584400
vn 0.085700 0.445200 -0.891300
vn 0.504300 0.755800 -0.417600
vn 0.085800 0.445100 -0.891400
vn 0.208200 0.845900 -0.491000
vn 0.552000 0.727400 -0.407600
vn 0.222100 0.840200 -0.494800
vn 0.584000 0.709700 -0.393900
vn 0.232900 0.837600 -0.494100
vn 0.597900 0.699600 -0.391300
vn 0.258200 0.835800 -0.484500
vn 0.634800 0.663900 -0.395200
vn 0.662600 0.636000 -0.395600
vn 0.915500 0.312700 -0.253000
vn 0.726900 0.563000 -0.393200
vn 0.920400 0.308600 -0.240100
vn 0.727900 0.561600 -0.393300
vn 0.920700 0.308100 -0.239600
vn 0.728700 0.560900 -0.393000
vn 0.920800 0.307700 -0.239500
vn 0.729400 0.560200 -0.392600
vn 0.931300 0.312500 -0.187200
vn 0.748000 0.570300 -0.339500
vn 0.944700 0.323700 -0.051900
vn 0.772400 0.590100 -0.234900
vn 0.941400 0.336100 0.027500
vn 0.774900 0.607500 -0.174400
vn 0.942000 0.334400 0.028800
vn 0.775300 0.607000 -0.174400
vn 0.942100 0.334100 0.029200
vn 0.780700 0.603000 -0.163600
vn 0.944000 0.328500 0.029000
vn 0.789400 0.591700 -0.163400
vn 0.944800 0.325900 0.033300
vn 0.794300 0.587600 -0.154000
vn 0.946800 0.320000 0.033400
vn 0.802900 0.576400 -0.152300
vn 0.947700 0.317000 0.037000
vn 0.803900 0.574900 -0.152400
vn 0.813400 0.373700 0.445700
vn 0.668400 0.699800 0.251900
vn 0.268400 0.388700 0.881400
vn 0.205200 0.708200 0.675500
vn -0.043800 0.364100 0.930300
vn -0.096700 0.676500 0.730100
vn -0.047500 0.367400 0.928800
vn -0.095300 0.691700 0.715900
vn -0.047200 0.377800 0.924700
vn -0.098400 0.701300 0.706100
vn -0.048700 0.383800 0.922100
vn -0.333600 0.742100 0.581400
vn -0.432700 0.749700 0.500700
vn -0.635700 0.702900 0.319100
vn -0.606100 0.725100 0.327000
vn -0.627000 0.721100 0.294600
vn -0.595300 0.737900 0.317900
vn -0.745300 0.665700 0.037600
vn -0.878800 0.476100 0.032500
vn -0.952800 0.283800 -0.108000
vn -0.804100 0.529800 -0.269700
vn -0.949100 0.293100 -0.115400
vn -0.482100 0.776800 -0.405100
vn -0.940000 0.319400 -0.120000
vn -0.472300 0.777200 -0.415700
vn -0.936200 0.324700 -0.134700
vn -0.429400 0.795200 -0.428200
vn -0.623700 0.683500 -0.379200
vn -0.365300 0.801800 -0.473000
vn -0.586800 0.701200 -0.404900
vn -0.347200 0.804700 -0.481500
vn -0.582200 0.704300 -0.406300
vn -0.345200 0.805800 -0.481200
vn -0.575200 0.709100 -0.407900
vn -0.341300 0.807600 -0.480900
vn -0.563600 0.716700 -0.410800
vn -0.335400 0.810400 -0.480300
vn -0.560000 0.720900 -0.408200
vn -0.327400 0.812500 -0.482300
vn -0.518700 0.736600 -0.433900
vn 0.108600 0.906500 -0.408000
vn -0.800700 0.585800 -0.125700
vn 0.050100 0.387400 -0.920600
vn 0.266000 0.792000 -0.549500
vn 0.268600 0.766500 -0.583400
vn 0.046400 0.383500 -0.922400
vn 0.116200 0.796800 -0.593000
vn 0.048000 0.371300 -0.927300
vn 0.112300 0.794300 -0.597000
vn 0.114600 0.785900 -0.607700
vn 0.115100 0.786200 -0.607100
vn 0.046800 0.366200 -0.929400
vn 0.110800 0.780000 -0.615900
vn 0.043200 0.358000 -0.932700
vn 0.113400 0.777000 -0.619200
vn 0.044000 0.355400 -0.933700
vn -0.137300 0.799800 -0.584400
vn -0.504300 0.755800 -0.417600
vn -0.085800 0.445200 -0.891300
vn -0.552000 0.727400 -0.407600
vn -0.208200 0.845900 -0.491000
vn -0.584000 0.709700 -0.393900
vn -0.222100 0.840200 -0.494800
vn -0.597900 0.699600 -0.391300
vn -0.232900 0.837600 -0.494100
vn -0.634800 0.663900 -0.395200
vn -0.258200 0.835800 -0.484500
vn -0.915500 0.312700 -0.253000
vn -0.662600 0.636000 -0.395600
vn -0.920400 0.308600 -0.240100
vn -0.726900 0.563000 -0.393200
vn -0.920700 0.308100 -0.239600
vn -0.728000 0.561500 -0.393400
vn -0.920800 0.307800 -0.239500
vn -0.728700 0.560900 -0.393000
vn -0.931300 0.312500 -0.187200
vn -0.729400 0.560300 -0.392500
vn -0.944700 0.323700 -0.051800
vn -0.748000 0.570300 -0.339500
vn -0.941400 0.336100 0.027500
vn -0.772400 0.590100 -0.234900
vn -0.942000 0.334500 0.028800
vn -0.774900 0.607500 -0.174400
vn -0.942000 0.334200 0.029200
vn -0.775200 0.607200 -0.174200
vn -0.944100 0.328500 0.029000
vn -0.780700 0.603200 -0.163500
vn -0.944800 0.325900 0.033200
vn -0.789400 0.591700 -0.163400
vn -0.946800 0.320000 0.033400
vn -0.794400 0.587600 -0.154000
vn -0.947700 0.317100 0.037400
vn -0.802900 0.576400 -0.152300
vn -0.813200 0.373800 0.446000
vn -0.803900 0.574900 -0.152500
vn -0.268400 0.388700 0.881400
vn -0.668400 0.699800 0.251800
vn 0.043800 0.364100 0.930300
vn -0.205200 0.708300 0.675500
vn 0.047500 0.367400 0.928800
vn 0.096700 0.676500 0.730100
vn 0.095300 0.691700 0.715900
vn 0.099400 0.679200 0.727200
vn 0.047200 0.377800 0.924700
vn 0.098400 0.701300 0.706100
vn 0.048700 0.383800 0.922100
vn 0.333600 0.742100 0.581400
vn 0.432700 0.749700 0.500700
vn 0.635700 0.702900 0.319100
vn 0.606100 0.725100 0.327000
vn 0.627000 0.721100 0.294600
vn 0.595300 0.737900 0.317900
vn 0.745300 0.665700 0.037700
vn 0.952800 0.283800 -0.108000
vn 0.745300 0.665700 0.037400
vn 0.878900 0.476000 0.032300
vn 0.949100 0.293100 -0.115400
vn 0.804100 0.529800 -0.269700
vn 0.482100 0.776800 -0.405100
vn 0.803100 0.530500 -0.271300
vn 0.940000 0.319400 -0.120000
vn 0.472300 0.777200 -0.415700
vn 0.936200 0.324700 -0.134700
vn 0.429400 0.795200 -0.428200
vn 0.623700 0.683500 -0.379200
vn 0.365300 0.801800 -0.473000
vn 0.586800 0.701200 -0.404900
vn 0.347200 0.804700 -0.481500
vn 0.582200 0.704300 -0.406300
vn 0.345200 0.805800 -0.481200
vn 0.575200 0.709100 -0.407900
vn 0.341300 0.807600 -0.480900
vn 0.563600 0.716700 -0.410800
vn 0.335400 0.810400 -0.480300
vn 0.560000 0.720900 -0.408200
vn 0.327400 0.812500 -0.482300
vn 0.518700 0.736600 -0.433900
vn 0.126300 0.870300 -0.476000
vn 0.127300 0.869500 -0.477200
vn 0.127200 0.869500 -0.477200
vn 0.000000 -0.996300 -0.086100
vn -0.000100 -0.996400 -0.084800
vn -0.002300 -0.998900 -0.047600
vn 0.321000 0.911900 0.255600
vn 0.993300 -0.022100 0.113300
vn -0.720100 0.677900 0.148200
vn 0.990100 0.000000 0.140200
vn 0.990000 0.000000 0.140900
vn 0.990300 0.000000 0.139100
vn -0.691700 0.717200 0.084400
vn 0.915800 0.100500 0.388900
vn 0.175800 0.984400 0.006300
vn 0.683200 0.730200 -0.008300
vn -0.089100 0.977400 0.191500
vn 0.991900 -0.084700 -0.094200
vn 0.453500 0.890500 -0.036600
vn 0.969700 -0.236500 -0.061600
vn 0.961500 -0.266800 0.065100
vn -0.947400 0.316000 0.050600
vn -0.683200 0.730200 -0.008300
vn -0.175900 0.984400 0.006300
vn -0.113200 0.993400 -0.016100
vn 0.879200 0.069600 0.471300
vn -0.992100 -0.097700 0.078600
vn -0.115900 0.993100 -0.016100
vn 0.108900 0.906500 -0.408000
vn -0.357500 0.933100 -0.040100
vn -0.484200 0.874400 -0.030600
vn -0.258600 0.963300 -0.072500
vn 0.000000 -0.992500 0.122200
vn 0.000000 0.996700 0.081600
vn 0.989900 0.000000 0.141900
vn 0.057700 0.937500 -0.343300
vn 0.833700 -0.541500 0.108100
vn 0.992100 -0.097700 0.078600
vn -0.993700 -0.080400 0.077800
vn 0.359900 0.932800 0.019100
vn 0.391400 0.890000 -0.234100
vn 0.801000 0.597800 -0.031600
vn 0.527200 0.839000 -0.134400
vn -0.359900 0.932800 0.019100
vn 0.993700 -0.080400 0.077800
vn -0.072300 0.991800 -0.105100
vn 0.096700 0.991900 -0.082600
vn -0.654900 0.745000 -0.126300
vn 0.991000 -0.048800 0.125000
vn 0.810100 0.579800 0.086400
vn 0.991400 -0.023700 -0.129000
vn 0.988700 -0.023600 -0.148300
vn -0.014200 -0.947400 0.319700
vn 0.000000 -0.064200 0.997900
vn -1.000000 -0.005900 -0.003100
vn -0.999900 -0.014600 -0.004500
vn -0.998000 -0.062800 -0.006000
vn -0.994400 -0.105900 -0.006400
vn -0.994200 -0.107200 -0.005400
vn -0.983700 -0.180000 -0.005700
vn -0.954000 -0.299800 -0.000800
vn -0.977900 -0.209300 -0.000800
vn -0.032700 -0.952800 -0.301800
vn 0.095300 -0.963400 -0.250600
vn -0.999900 -0.013900 -0.007900
vn -0.999900 -0.006300 -0.009100
vn -0.999800 -0.017300 -0.008300
vn -0.999600 -0.027600 -0.008200
vn -0.999800 -0.020500 -0.008300
vn -0.999900 -0.010600 0.000300
vn -0.999100 -0.042500 0.000400
vn -0.999700 -0.020900 -0.015500
vn 0.014200 -0.947400 0.319700
vn 0.999500 -0.030200 -0.005200
vn 0.999900 -0.014600 -0.004500
vn 0.999700 -0.022400 -0.003900
vn 1.000000 -0.005900 -0.003100
vn 0.998300 -0.057900 -0.005200
vn 0.998000 -0.062800 -0.006000
vn 0.977900 -0.209300 -0.000800
vn 0.954000 -0.299800 -0.000800
vn -0.095300 -0.963400 -0.250600
vn -0.044200 -0.447000 0.893500
vn 0.999900 -0.006300 -0.009100
vn 0.999900 -0.013900 -0.007900
vn 0.999300 -0.037600 -0.000900
vn 0.999500 -0.032400 -0.003400
vn 0.999700 -0.020900 -0.015500
vn 0.999100 -0.042500 0.000400
vn 0.999900 -0.010600 0.000300
vn 0.999800 -0.020500 -0.008300
vn 0.000000 -1.000000 0.000000
vn 0.013700 -0.999900 -0.003900
vn 0.020800 -0.999800 0.000000
vn 0.000000 -1.000000 -0.005700
vn -0.579700 -0.405000 -0.707000
vn -0.566600 -0.409700 -0.714900
vn -0.705500 -0.351300 -0.615500
vn -0.013700 -0.999900 -0.003900
vn -0.020800 -0.999800 0.000000
vn 0.474200 -0.880400 0.000000
vn 0.049600 -0.989800 0.133500
vn 0.220000 -0.921400 0.320400
vn 0.249000 -0.968400 0.012400
vn -0.218500 -0.975700 -0.017000
vn -0.205300 -0.978700 0.005700
vn -0.206500 -0.978400 0.011800
vn -0.208300 -0.978000 0.012600
vn 0.198700 -0.979900 -0.017300
vn -0.291600 -0.955700 -0.041200
vn -0.134600 -0.989900 -0.044800
vn -0.311600 -0.894400 -0.320900
vn -0.474200 -0.880400 0.000000
vn -0.220000 -0.921400 0.320400
vn 0.205300 -0.978700 0.005700
vn 0.206500 -0.978400 0.011800
vn 0.208300 -0.978000 0.012600
vn -0.198700 -0.979900 -0.017300
vn 0.291600 -0.955700 -0.041200
vn -0.997300 -0.070200 -0.021100
vn -0.997400 -0.058000 -0.042100
vn -0.997000 -0.045900 -0.062900
vn 0.145200 -0.615400 0.774700
vn 0.077300 -0.731900 0.677100
vn 0.201100 -0.577300 0.791400
vn 0.058800 0.998000 -0.022400
vn -0.014700 0.999800 -0.012300
vn -0.515700 0.792500 -0.325500
vn 0.515700 0.792500 -0.325500
vn -0.276200 -0.538500 -0.796100
vn -0.452900 -0.595400 -0.663600
vn 0.086800 -0.281300 -0.955700
vn 0.207500 -0.533300 -0.820100
vn 0.452900 -0.595400 -0.663600
vn 0.088400 -0.463600 -0.881600
vn -0.451700 0.694600 -0.560000
vn -0.585500 -0.060500 -0.808400
vn -0.690300 -0.057600 -0.721200
vn -0.588200 0.149700 -0.794700
vn 0.451700 0.694600 -0.560000
vn 0.461900 -0.008200 -0.886900
vn 0.571500 -0.199400 -0.796000
vn 0.282200 0.784800 -0.551800
vn -0.616500 -0.125900 0.777300
vn -0.046000 -0.743100 0.667600
vn -0.049400 -0.086700 0.995000
vn 0.043600 -0.075300 0.996200
vn -0.108700 0.906500 -0.408100
vn -0.109000 0.906600 -0.407600
vn -0.108700 0.906400 -0.408100
vn -0.108600 0.906500 -0.408100
vn 0.109100 0.906600 -0.407600
vn 0.109000 0.906500 -0.408000
vn -0.108700 0.906600 -0.407900
vn 0.108700 0.906600 -0.407900
vn 0.033900 -0.999200 0.023100
vn 0.618400 -0.769500 -0.159400
vn -0.048600 0.986900 -0.154100
vn -0.082300 0.986800 -0.139200
vn 0.000000 1.000000 0.003200
vn 0.005900 0.995700 -0.092700
vn 0.056000 0.988700 -0.139100
vn 0.080000 0.985300 -0.151100
vn 0.046800 0.986700 -0.155800
vn 0.040700 -0.967900 0.248100
vn -0.039400 -0.967900 0.248100
vn 0.000100 -0.996400 -0.084800
vn 0.000000 -0.992300 -0.124000
vn 0.615500 0.427700 -0.662000
vn 0.717400 0.585500 -0.377400
vn 0.247000 -0.525900 0.813900
vn 0.037900 -0.986900 0.157100
vn 0.233400 -0.527700 -0.816700
vn -0.070800 0.422500 -0.903600
vn -0.149600 0.973100 0.175100
vn -0.289900 -0.785400 -0.547000
vn -0.985900 0.022000 -0.166000
vn -0.998800 -0.017500 0.046100
vn -0.395000 0.918400 -0.024400
vn -0.012900 -0.999100 0.040700
vn -0.247000 -0.525900 -0.813900
vn 0.966000 0.135900 0.220100
vn 0.998800 -0.017500 -0.046100
vn -0.630200 0.774200 0.058400
vn -0.718100 0.694000 -0.052200
vn -0.684600 0.728800 0.016000
vn -0.719900 0.694100 -0.005600
vn -0.739200 0.672900 0.029800
vn -0.715600 0.698300 0.016900
vn -0.467500 0.868100 0.167200
vn 0.723700 0.685800 0.077800
vn 0.711200 0.697900 0.084700
vn 0.746000 0.663200 0.059900
vn -0.594000 0.000000 -0.804500
vn -0.594000 0.000000 -0.804400
vn -0.108600 0.906500 -0.408000
vn 0.059000 0.000000 -0.998300
vn 0.200600 0.000000 0.979700
vn -0.108600 0.906600 -0.407900
vn 0.002300 -0.998900 -0.047600
vn -0.115100 0.786200 -0.607100
vn -0.099400 0.679200 0.727200
vn -0.803100 0.530500 -0.271300
vn -0.127200 0.869500 -0.477200
vn -0.127300 0.869500 -0.477200
vn -0.127300 0.869600 -0.477100
vn -0.126600 0.870800 -0.475100
vn -0.127100 0.869800 -0.476700
vn -0.127300 0.869500 -0.477300
vn -0.127300 0.869600 -0.477200
vn -0.127200 0.869500 -0.477300
vn -0.127200 0.869600 -0.477000
vn -0.127400 0.869500 -0.477100
vn 0.037800 0.000000 0.999300
vn 0.878900 0.476000 0.032500
vn 0.127000 0.869700 -0.476900
vn 0.126700 0.870400 -0.475800
vn 0.127100 0.869700 -0.476900
vn 0.127300 0.869500 -0.477300
vn 0.127200 0.869600 -0.477100
vn 0.127400 0.869500 -0.477300
vn 0.127300 0.869600 -0.477200
vn 0.579700 -0.405000 -0.707000
vn 0.566600 -0.409700 -0.714900
vn 0.484000 -0.435700 -0.758900
vn -0.060100 -0.997000 -0.048300
vn 0.997300 -0.070200 -0.021100
vn 0.997400 -0.058000 -0.042100
vn 0.996600 -0.082400 0.000000
vn 0.000000 1.000000 0.000000
vn 0.000000 0.000000 1.000000
vn -0.866000 -0.500000 0.000000
vn 0.866000 -0.500000 0.000000
vn 0.866000 0.500000 0.000000
vn -0.866000 0.500000 0.000000
vn -0.081700 -0.582100 -0.809000
vn -0.132200 -0.941800 0.309000
vn 0.132200 0.941800 0.309000
vn 0.081700 0.582100 -0.809000
vn 0.990300 -0.139000 0.000000
vn -0.990300 0.139000 0.000000
vn 0.081700 -0.582100 0.809000
vn 0.132200 -0.941800 -0.309000
vn -0.132200 0.941800 -0.309000
vn -0.081700 0.582100 0.809000
vn -0.990300 -0.139000 0.000000
vn 0.990300 0.139000 0.000000
vn -0.866000 -0.496800 -0.056800
vn -0.866000 -0.498700 -0.036400
vn 0.000000 -0.993500 -0.113500
vn 0.000000 -0.997300 -0.073000
vn 0.866000 -0.496800 -0.056800
vn 0.866000 -0.498700 -0.036400
vn 0.866000 -0.498700 -0.036500
vn 0.866000 0.496800 0.056800
vn 0.866000 0.498700 0.036400
vn 0.866000 0.498700 0.036500
vn 0.000000 0.993500 0.113600
vn 0.000000 0.997300 0.073000
vn -0.866000 0.496800 0.056800
vn -0.866000 0.498700 0.036400
vn -0.866000 -0.499900 -0.008000
vn -0.866000 -0.499900 -0.008100
vn 0.000000 -0.999900 -0.016200
vn 0.866000 -0.499900 -0.008000
vn 0.866000 0.499900 0.008000
vn 0.000000 0.999900 0.016100
vn -0.866000 0.499900 0.008000
vn -0.866000 0.499900 0.008100
vn -0.865600 -0.500000 0.026000
vn 0.865600 -0.500000 -0.025900
vn 0.865700 -0.500000 -0.025900
vn 0.866000 0.499900 0.008100
vn 0.865600 0.500000 -0.025900
vn -0.865600 0.500000 0.026000
vn -0.858100 -0.499900 0.117400
vn -0.858000 -0.500000 0.117400
vn 0.002400 -0.999800 0.018800
vn 0.002500 -0.999800 0.018800
vn 0.860500 -0.499800 -0.098500
vn 0.860500 -0.499900 -0.098600
vn 0.858100 0.499900 -0.117300
vn -0.002400 0.999800 -0.018800
vn -0.865700 0.500000 0.025900
vn -0.860500 0.499800 0.098700
vn -0.824800 -0.499300 0.265100
vn -0.825200 -0.499300 0.264200
vn 0.008600 -0.999500 0.030400
vn 0.008700 -0.999500 0.030600
vn 0.833700 -0.500200 -0.234000
vn 0.858000 0.500000 -0.117300
vn 0.824800 0.499300 -0.265400
vn -0.002500 0.999800 -0.018800
vn -0.008600 0.999500 -0.030500
vn -0.833800 0.500200 0.233800
vn -0.833600 0.500100 0.234500
vn -0.794700 -0.499600 0.344900
vn 0.009800 -0.999700 0.023800
vn 0.833500 -0.500100 -0.234800
vn 0.804200 -0.499900 -0.321600
vn 0.794400 0.499500 -0.345500
vn 0.794300 0.499800 -0.345400
vn -0.009800 0.999700 -0.023800
vn -0.009900 0.999700 -0.023800
vn -0.804500 0.499900 0.320900
vn -0.804500 0.499800 0.320900
vn 0.000000 0.113500 -0.993500
vn 0.384500 0.025600 0.922800
vn 0.618200 0.786000 0.000000
vn 0.865100 0.501700 0.000000
vn -0.618200 0.786000 0.000000
vn -0.865100 0.501700 0.000000
vn -0.618200 -0.786000 0.000000
vn -0.865100 -0.501700 0.000000
vn 0.618200 -0.786000 0.000000
vn 0.865100 -0.501700 0.000000
vn 0.583600 0.812100 0.000000
vn 0.836200 0.548400 0.000000
vn -0.583600 0.812100 0.000000
vn -0.836200 0.548400 0.000000
vn -0.583600 -0.812100 0.000000
vn -0.836200 -0.548400 0.000000
vn 0.583600 -0.812100 0.000000
vn 0.836200 -0.548400 0.000000
vn 0.515500 0.856900 0.000000
vn 0.770100 0.638000 0.000000
vn -0.515500 0.856900 0.000000
vn -0.770100 0.638000 0.000000
vn -0.515500 -0.856900 0.000000
vn -0.770100 -0.638000 0.000000
vn 0.515500 -0.856900 0.000000
vn 0.770100 -0.638000 0.000000
vn -0.707100 -0.707100 0.000000
vn 0.707100 -0.707100 0.000000
vn 0.707100 0.707100 0.000000
vn -0.707100 0.707100 0.000000
vn -0.484000 -0.435700 -0.758900
vn -0.996600 -0.082400 0.000000
vn 0.329000 -0.944300 0.000000
vn -0.329000 -0.944300 0.000000
vn 0.705500 -0.351300 -0.615500
vn 0.997000 -0.045900 -0.062900
vn -0.866000 -0.498700 -0.036500
vn -0.866000 0.498700 0.036500
vn 0.866000 -0.499900 -0.008100
vn -0.860400 0.499900 0.098700
vn 0.825100 0.499300 -0.264500
vn -0.008700 0.999500 -0.030600
vn -0.794500 -0.499800 0.344900
vn 0.009900 -0.999700 0.023800
vn 0.804200 -0.499800 -0.321600
vn 0.000000 0.113600 -0.993500
vn -0.934600 0.354900 -0.023000
vn -0.934100 0.354200 -0.043800
vn -0.934100 0.354200 -0.044400
vn -0.996400 -0.074400 -0.041200
vn -0.996600 -0.081900 0.011700
vn -0.996300 -0.074200 -0.042300
vn -0.984700 -0.166500 -0.051600
vn -0.987900 -0.131100 -0.082800
vn -0.988000 -0.130200 -0.083600
vn -0.991200 -0.115000 -0.066000
vn -0.983700 0.147200 -0.103500
vn -0.990800 -0.118100 -0.065500
vn -0.879700 0.475200 0.015900
vn -0.995500 0.092600 0.019700
vn -0.995900 0.088400 0.019700
vn -0.994100 0.087700 0.063500
vn -0.997300 0.037800 0.063100
vn -0.994000 0.088700 0.063500
vn -0.989200 -0.114100 0.092400
vn -0.990000 -0.140900 0.002200
vn -0.989900 -0.141700 -0.000500
vn -0.993100 -0.117400 0.006000
vn -0.993000 -0.117200 0.017000
vn -0.993000 -0.117200 0.017200
vn -0.920700 0.381200 0.084100
vn -0.910400 0.407900 -0.068800
vn -0.920600 0.380400 0.087900
vn 0.056600 0.996200 -0.066700
vn 0.032500 0.996900 -0.071000
vn 0.032200 0.997000 -0.071000
vn 0.031700 0.997200 -0.068100
vn 0.026400 0.997300 -0.068700
vn 0.026300 0.997300 -0.068700
vn 0.030800 0.989200 -0.143100
vn -0.098400 0.983200 -0.153900
vn -0.099700 0.983000 -0.154000
vn -0.029700 0.957900 -0.285600
vn -0.043400 0.956500 -0.288600
vn -0.043500 0.956400 -0.288700
vn -0.042300 0.955500 -0.291800
vn -0.069800 0.952100 -0.297900
vn -0.041800 0.955600 -0.291700
vn 0.934600 0.355000 -0.023000
vn 0.934100 0.354400 -0.043800
vn 0.934600 0.355000 -0.022300
vn 0.996400 -0.074400 -0.041300
vn 0.996600 -0.081900 0.011700
vn 0.996500 -0.082100 0.012700
vn 0.984700 -0.166500 -0.051600
vn 0.987900 -0.131100 -0.082800
vn 0.984600 -0.167400 -0.050900
vn 0.991200 -0.115000 -0.066000
vn 0.983700 0.147200 -0.103500
vn 0.983100 0.150400 -0.103900
vn 0.987800 0.154300 0.019300
vn 0.995800 0.089000 0.019700
vn 0.987700 0.154900 0.019300
vn 0.994100 0.087800 0.063500
vn 0.997300 0.037800 0.063100
vn 0.997300 0.036800 0.063100
vn 0.989200 -0.114100 0.092400
vn 0.990000 -0.140900 0.002200
vn 0.989000 -0.113300 0.095100
vn 0.993100 -0.117400 0.006000
vn 0.993000 -0.117200 0.017000
vn 0.993100 -0.117400 0.005800
vn 0.921500 0.379300 0.083600
vn 0.911400 0.405900 -0.068300
vn 0.910800 0.406500 -0.072000
vn 0.074100 0.993300 -0.088300
vn 0.073600 0.993800 -0.082800
vn -0.056100 0.995800 -0.072300
vn -0.057100 0.995800 -0.072200
vn -0.061900 0.986500 -0.151800
vn 0.042500 0.986500 -0.158100
vn 0.043500 0.986500 -0.158200
vn 0.037100 0.969100 -0.243700
vn 0.034300 0.961800 -0.271500
vn 0.334700 0.884000 -0.326300
vn 0.339500 0.882000 -0.326900
vn -0.726300 0.675200 0.129300
vn -0.678000 0.713400 0.177100
vn -0.726700 0.674800 0.128800
vn -0.661000 0.733800 0.156900
vn -0.217400 0.940500 0.261100
vn -0.664200 0.731100 0.155700
vn -0.188300 0.972200 0.139400
vn -0.072600 0.989600 0.124200
vn -0.189600 0.971900 0.139600
vn -0.110500 0.988300 0.105100
vn -0.179000 0.971000 0.158600
vn -0.179600 0.970800 0.159000
vn -0.062700 0.968100 0.242400
vn -0.074900 0.943600 0.322600
vn -0.062700 0.968200 0.242000
vn 0.084500 0.944000 0.319000
vn 0.067900 0.973400 0.218700
vn 0.084600 0.943800 0.319400
vn 0.156900 0.974300 0.161400
vn 0.097800 0.988500 0.115500
vn 0.157500 0.974200 0.161800
vn 0.064600 0.989900 0.126100
vn 0.198200 0.970200 0.139100
vn 0.063200 0.990000 0.126000
vn 0.217500 0.944800 0.245000
vn 0.561800 0.808800 0.173900
vn 0.564600 0.807000 0.173100
vn 0.598500 0.760000 0.253500
vn 0.723400 0.676100 0.139700
vn 0.724600 0.675100 0.138400
vn -0.934600 0.354900 -0.022400
vn -0.996500 -0.082100 0.012700
vn -0.984600 -0.167400 -0.050900
vn -0.983100 0.150400 -0.103900
vn -0.878000 0.478400 0.015900
vn -0.997300 0.036800 0.063100
vn -0.989000 -0.113300 0.095100
vn -0.993100 -0.117400 0.005700
vn -0.909900 0.408400 -0.072600
vn 0.056900 0.996200 -0.066600
vn 0.032100 0.989200 -0.142900
vn -0.029600 0.957900 -0.285500
vn -0.070300 0.952000 -0.298000
vn 0.934000 0.354400 -0.044400
vn 0.996300 -0.074200 -0.042400
vn 0.988000 -0.130200 -0.083500
vn 0.990800 -0.118100 -0.065500
vn 0.995900 0.088400 0.019700
vn 0.994000 0.088700 0.063500
vn 0.989900 -0.141700 -0.000500
vn 0.993000 -0.117200 0.017200
vn 0.921400 0.378500 0.087500
vn 0.074600 0.993800 -0.082900
vn -0.062900 0.986400 -0.151700
vn 0.029500 0.962300 -0.270400
vn -0.677600 0.713700 0.177500
vn -0.214100 0.941100 0.261600
vn -0.071300 0.989700 0.124000
vn -0.109900 0.988400 0.104600
vn -0.075000 0.943400 0.323000
vn 0.067800 0.973600 0.218200
vn 0.097200 0.988600 0.115000
vn 0.199700 0.969900 0.139300
vn 0.214800 0.945300 0.245400
vn 0.597200 0.760600 0.254500
vn -0.355900 -0.313400 0.880400
vn 0.482800 -0.324700 0.813300
vn -0.513100 -0.119500 0.850000
vn -0.240900 -0.124200 0.962600
vn -0.141300 -0.130400 0.981300
vn 0.542600 0.025100 0.839600
vn 0.200800 -0.043800 0.978700
vn 0.163400 -0.105900 0.980900
vn -0.023100 0.022100 0.999500
vn -0.023100 -0.030400 0.999300
vn 0.023000 -0.030700 0.999300
vn 0.023000 0.022000 0.999500
vn -0.997200 0.070600 0.023200
vn -0.995000 -0.100000 0.007500
vn -0.997300 -0.069500 -0.022100
vn 0.995000 -0.100000 0.007500
vn -0.576700 -0.302900 0.758700
vn -0.482800 -0.324700 0.813300
vn -0.367300 -0.330800 0.869300
vn -0.476300 -0.312700 0.821800
vn -0.294300 -0.320600 0.900300
vn -0.256700 -0.307900 0.916100
vn -0.239200 -0.300000 0.923500
vn -0.250400 -0.299200 0.920800
vn -0.283600 -0.305500 0.909000
vn 0.576700 -0.302900 0.758700
vn 0.476300 -0.312700 0.821800
vn 0.355900 -0.313400 0.880400
vn 0.367300 -0.330800 0.869300
vn 0.283600 -0.305500 0.909000
vn 0.250400 -0.299200 0.920800
vn 0.239200 -0.300000 0.923500
vn 0.256700 -0.307900 0.916100
vn 0.294300 -0.320600 0.900300
vn -0.622300 -0.023400 0.782400
vn -0.537400 -0.137200 0.832100
vn -0.677800 -0.102300 0.728100
vn -0.693700 -0.040600 0.719100
vn -0.629200 0.036500 0.776400
vn -0.586600 0.038100 0.809000
vn -0.596300 0.023300 0.802400
vn -0.542100 0.024400 0.840000
vn -0.524600 -0.048000 0.850000
vn -0.189600 -0.150700 0.970200
vn -0.103000 -0.112900 0.988300
vn -0.213900 -0.175400 0.961000
vn -0.350700 -0.241000 0.904900
vn -0.389700 -0.158300 0.907200
vn -0.322800 -0.076800 0.943400
vn -0.247000 -0.030200 0.968500
vn -0.200100 -0.043600 0.978800
vn -0.233500 -0.119900 0.964900
vn -0.119400 -0.159900 0.979900
vn -0.172500 -0.257100 0.950900
vn -0.186200 -0.281100 0.941400
vn -0.177300 -0.261700 0.948700
vn -0.204300 -0.243400 0.948200
vn -0.259200 -0.204600 0.943900
vn -0.222000 -0.140600 0.964900
vn -0.164200 -0.107500 0.980600
vn -0.160000 -0.149200 0.975800
vn 0.586100 0.038900 0.809300
vn 0.628900 0.037300 0.776600
vn 0.693800 -0.039900 0.719000
vn 0.595900 0.024000 0.802700
vn 0.677700 -0.101800 0.728200
vn 0.537400 -0.137200 0.832100
vn 0.620200 -0.024300 0.784100
vn 0.512400 -0.118900 0.850500
vn 0.523700 -0.047200 0.850600
vn 0.247100 -0.030200 0.968500
vn 0.322800 -0.076800 0.943400
vn 0.389800 -0.158200 0.907200
vn 0.350700 -0.240900 0.905000
vn 0.233900 -0.119800 0.964900
vn 0.213900 -0.175600 0.960900
vn 0.103600 -0.113500 0.988100
vn 0.188900 -0.150300 0.970400
vn 0.240600 -0.123700 0.962700
vn 0.223800 -0.140500 0.964500
vn 0.259800 -0.204500 0.943800
vn 0.204300 -0.243400 0.948200
vn 0.177300 -0.261700 0.948700
vn 0.119400 -0.159900 0.979900
vn 0.186200 -0.281100 0.941400
vn 0.172500 -0.257100 0.950900
vn 0.141100 -0.130100 0.981400
vn 0.159200 -0.148300 0.976100
vn -0.034200 -0.030300 0.999000
vn -0.023100 -0.030300 0.999300
vn 0.023000 -0.030600 0.999300
vn 0.034200 -0.030600 0.998900
vn 0.997100 -0.072600 -0.021200
vn 0.997300 -0.070600 -0.021900
vn 0.997300 -0.069500 -0.022100
vn -0.997100 0.072600 0.024000
vn -0.997300 0.069800 0.021900
vn -0.997300 0.069800 0.021800
vn -0.997300 0.069500 0.021600
vn 0.985400 0.098400 -0.139200
vn -0.990300 -0.098900 0.097700
vn 0.990200 0.099600 -0.098400
vn 0.993200 0.100000 0.059500
vn 0.991200 0.099800 0.086900
vn 0.993200 0.099800 0.059400
vn -0.997100 -0.072600 -0.021200
vn 0.997100 0.072600 0.024000
vn 0.997200 0.070600 0.023200
vn -0.997300 -0.070600 -0.021900
vn 0.997300 0.069500 0.021600
vn 0.997300 0.069800 0.021800
vn 0.997300 0.069800 0.021900
vn -0.985400 0.098400 -0.139200
vn -0.990200 0.099600 -0.098400
vn 0.990300 -0.098900 0.097700
vn -0.993200 0.099800 0.059400
vn -0.991200 0.099800 0.086900
vn -0.993200 0.100000 0.059500
o rx7_fd_99_lampsup
usemtl rx7_fd_99_lampsup
f 1/1/1 2/1/2 3/1/2
f 4/1/3 5/1/4 6/1/5
f 7/1/6 8/1/7 4/1/3
f 9/1/8 10/1/9 11/1/10
f 9/1/8 12/1/11 13/1/12
f 3/1/2 14/1/13 15/1/14
f 8/1/7 16/1/15 5/1/4
f 17/1/16 18/1/17 8/1/7
f 10/1/9 19/1/18 20/1/19
f 13/1/12 21/1/20 19/1/18
f 14/1/13 22/1/21 15/1/14
f 18/1/17 23/1/22 16/1/15
f 24/1/23 25/1/24 18/1/17
f 20/1/19 26/1/25 27/1/26
f 19/1/18 28/1/27 26/1/25
f 22/1/21 29/1/28 30/1/29
f 23/1/22 31/1/30 32/1/31
f 25/1/24 33/1/32 31/1/30
f 26/1/25 34/1/33 27/1/26
f 28/1/27 35/1/34 26/1/25
f 29/1/28 36/1/35 30/1/29
f 32/1/31 37/1/36 38/1/37
f 31/1/30 39/1/38 37/1/36
f 35/1/34 40/1/39 34/1/33
f 41/1/40 42/1/41 35/1/34
f 43/1/35 44/1/42 36/1/35
f 38/1/37 45/1/43 46/1/44
f 37/1/36 47/1/45 45/1/43
f 40/1/39 48/1/46 49/1/47
f 50/1/48 48/1/46 42/1/41
f 51/1/49 52/1/49 53/1/49
f 54/1/50 55/1/50 56/1/50
f 57/1/51 58/1/52 59/1/52
f 60/1/53 61/1/51 57/1/51
f 62/1/54 63/1/54 64/1/54
f 65/1/55 66/1/55 67/1/55
f 68/1/56 69/1/57 70/1/57
f 71/1/58 72/1/56 68/1/56
f 73/1/50 74/1/50 75/1/50
f 76/1/49 77/1/49 78/1/49
f 79/1/51 80/1/52 81/1/52
f 82/1/53 79/1/51 83/1/51
f 84/1/54 85/1/54 86/1/54
f 87/1/55 88/1/55 89/1/55
f 90/1/56 91/1/57 92/1/57
f 93/1/58 90/1/56 94/1/56
f 95/1/49 96/1/49 97/1/49
f 98/1/50 99/1/50 100/1/50
f 101/2/59 102/2/59 103/2/59
f 104/2/60 105/2/60 106/2/61
f 107/2/62 106/2/61 108/2/63
f 109/2/64 110/2/64 111/2/65
f 112/2/66 113/2/67 111/2/65
f 114/2/68 112/2/66 115/2/69
f 116/2/70 117/2/71 118/2/71
f 119/2/72 116/2/70 120/2/73
f 121/1/74 122/1/74 123/1/74
f 124/2/75 125/2/75 126/2/75
f 127/2/76 128/2/76 129/2/76
f 130/2/77 131/2/78 132/2/79
f 133/2/80 134/2/80 135/2/80
f 136/2/81 137/2/82 138/2/83
f 139/2/59 140/2/59 141/2/59
f 142/2/84 143/2/84 144/2/84
f 145/3/84 146/4/84 147/5/84
f 148/2/59 149/2/59 150/2/59
f 151/2/85 152/2/86 153/2/85
f 154/2/87 155/2/88 152/2/86
f 156/2/89 157/2/90 158/2/89
f 159/2/91 157/2/90 160/2/92
f 161/2/93 162/2/94 159/2/91
f 163/2/95 164/2/96 165/2/96
f 166/2/97 167/2/98 163/2/95
f 168/1/99 169/1/99 170/1/99
f 171/2/100 172/2/100 173/2/100
f 174/2/76 175/2/76 176/2/76
f 177/2/81 178/2/101 179/2/82
f 180/2/80 181/2/80 182/2/80
f 183/2/77 184/2/102 185/2/78
f 186/2/59 187/2/59 188/2/59
f 189/2/84 190/2/84 191/2/84
f 192/3/84 193/5/84 194/4/84
f 1/1/1 195/1/1 2/1/2
f 4/1/3 8/1/7 5/1/4
f 7/1/6 17/1/16 8/1/7
f 9/1/8 13/1/12 10/1/9
f 9/1/8 196/1/103 12/1/11
f 3/1/2 2/1/2 14/1/13
f 8/1/7 18/1/17 16/1/15
f 17/1/16 24/1/23 18/1/17
f 10/1/9 13/1/12 19/1/18
f 13/1/12 12/1/11 21/1/20
f 14/1/13 197/1/21 22/1/21
f 18/1/17 25/1/24 23/1/22
f 24/1/23 198/1/104 25/1/24
f 20/1/19 19/1/18 26/1/25
f 19/1/18 21/1/20 28/1/27
f 22/1/21 197/1/21 29/1/28
f 23/1/22 25/1/24 31/1/30
f 25/1/24 198/1/104 33/1/32
f 26/1/25 35/1/34 34/1/33
f 28/1/27 41/1/40 35/1/34
f 29/1/28 43/1/35 36/1/35
f 32/1/31 31/1/30 37/1/36
f 31/1/30 33/1/32 39/1/38
f 35/1/34 42/1/41 40/1/39
f 41/1/40 50/1/48 42/1/41
f 43/1/35 199/1/42 44/1/42
f 38/1/37 37/1/36 45/1/43
f 37/1/36 39/1/38 47/1/45
f 40/1/39 42/1/41 48/1/46
f 50/1/48 200/1/105 48/1/46
f 201/1/49 52/1/49 51/1/49
f 52/1/49 202/1/49 53/1/49
f 56/1/50 203/1/50 204/1/50
f 204/1/50 54/1/50 56/1/50
f 57/1/51 61/1/51 58/1/52
f 60/1/53 205/1/53 61/1/51
f 62/1/54 206/1/54 63/1/54
f 65/1/55 207/1/55 66/1/55
f 68/1/56 72/1/56 69/1/57
f 71/1/58 208/1/58 72/1/56
f 75/1/50 209/1/50 210/1/50
f 209/1/50 211/1/50 210/1/50
f 210/1/50 73/1/50 75/1/50
f 76/1/49 212/1/49 213/1/49
f 213/1/49 77/1/49 76/1/49
f 77/1/49 214/1/49 78/1/49
f 79/1/51 81/1/52 83/1/51
f 82/1/53 83/1/51 215/1/53
f 84/1/54 86/1/54 216/1/54
f 87/1/55 89/1/55 217/1/55
f 90/1/56 92/1/57 94/1/56
f 93/1/58 94/1/56 218/1/58
f 96/1/49 219/1/49 220/1/49
f 220/1/49 219/1/49 221/1/49
f 219/1/49 96/1/49 95/1/49
f 98/1/50 222/1/50 223/1/50
f 222/1/50 98/1/50 100/1/50
f 100/1/50 99/1/50 224/1/50
f 101/2/59 103/2/59 225/2/59
f 104/2/60 106/2/61 107/2/62
f 107/2/62 108/2/63 226/2/63
f 109/2/64 111/2/65 113/2/67
f 112/2/66 111/2/65 115/2/69
f 114/2/68 115/2/69 227/2/68
f 116/2/70 118/2/71 120/2/73
f 119/2/72 120/2/73 228/2/72
f 229/1/74 230/1/74 231/1/74
f 230/1/74 229/1/74 122/1/74
f 122/1/74 232/1/74 233/1/74
f 229/1/74 123/1/74 122/1/74
f 232/1/74 122/1/74 121/1/74
f 234/2/75 126/2/75 125/2/75
f 125/2/75 124/2/75 235/2/75
f 124/2/75 236/2/75 235/2/75
f 236/2/75 124/2/75 237/2/75
f 237/2/75 124/2/75 238/2/75
f 127/2/76 239/2/76 128/2/76
f 130/2/77 240/2/102 131/2/78
f 133/2/80 241/2/80 134/2/80
f 136/2/81 242/2/101 137/2/82
f 139/2/59 243/2/59 140/2/59
f 142/2/84 244/2/84 143/2/84
f 147/5/84 245/6/84 145/3/84
f 245/6/84 246/7/84 145/3/84
f 246/7/84 247/8/84 248/9/84
f 248/9/84 249/10/84 246/7/84
f 249/10/84 145/3/84 246/7/84
f 148/2/59 250/2/59 149/2/59
f 151/2/85 154/2/87 152/2/86
f 154/2/87 251/2/88 155/2/88
f 156/2/89 160/2/92 157/2/90
f 159/2/91 162/2/94 157/2/90
f 161/2/93 252/2/93 162/2/94
f 163/2/95 167/2/98 164/2/96
f 166/2/97 253/2/97 167/2/98
f 254/1/99 255/1/99 256/1/99
f 256/1/99 170/1/99 254/1/99
f 170/1/99 257/1/99 258/1/99
f 254/1/99 170/1/99 169/1/99
f 258/1/99 168/1/99 170/1/99
f 259/2/100 173/2/100 172/2/100
f 173/2/100 260/2/100 171/2/100
f 171/2/100 260/2/100 261/2/100
f 261/2/100 262/2/100 171/2/100
f 262/2/100 263/2/100 171/2/100
f 174/2/76 176/2/76 264/2/76
f 177/2/81 179/2/82 265/2/83
f 180/2/80 182/2/80 266/2/80
f 183/2/77 185/2/78 267/2/79
f 186/2/59 188/2/59 268/2/59
f 189/2/84 191/2/84 269/2/84
f 193/5/84 192/3/84 270/6/84
f 270/6/84 192/3/84 271/7/84
f 271/7/84 272/9/84 273/8/84
f 272/9/84 271/7/84 274/10/84
f 274/10/84 271/7/84 192/3/84
f 275/1/106 276/1/107 277/1/108
f 278/1/109 279/1/110 276/1/107
f 280/1/111 281/1/112 279/1/110
f 282/1/113 283/1/114 281/1/112
f 284/1/115 283/1/114 285/1/116
f 286/1/117 287/1/118 284/1/115
f 288/1/119 289/1/120 286/1/117
f 288/1/119 290/1/121 291/1/122
f 292/1/123 293/1/124 290/1/121
f 292/1/123 294/1/125 295/1/126
f 292/1/123 295/1/126 293/1/124
f 294/1/125 296/1/127 295/1/126
f 297/1/128 298/1/129 299/1/130
f 300/1/131 301/1/132 302/1/131
f 303/11/133 304/11/134 305/11/135
f 306/1/136 307/1/137 296/1/127
f 308/11/138 309/11/139 310/11/137
f 311/1/140 312/1/141 313/1/142
f 304/11/134 303/11/133 310/11/137
f 314/1/143 315/1/144 316/1/145
f 317/1/146 318/1/147 319/1/148
f 306/1/136 320/1/149 321/1/138
f 322/11/149 309/11/139 308/11/138
f 323/1/150 324/1/151 325/1/152
f 309/11/139 326/11/153 327/11/154
f 328/1/155 329/1/154 330/1/153
f 326/11/153 309/11/139 322/11/149
f 331/11/156 309/11/139 332/11/157
f 332/11/157 309/11/139 327/11/154
f 333/11/158 334/11/159 335/11/160
f 336/1/161 337/1/162 338/1/163
f 339/12/164 340/12/165 341/12/166
f 309/11/139 331/11/156 342/11/167
f 334/11/159 343/11/168 344/11/169
f 343/11/168 334/11/159 333/11/158
f 345/11/170 334/11/159 346/11/171
f 347/1/172 348/1/173 349/1/174
f 346/11/171 334/11/159 344/11/169
f 350/1/175 351/1/176 352/1/177
f 353/11/176 334/11/159 354/11/177
f 355/1/178 356/1/178 357/1/178
f 334/11/159 345/11/170 354/11/177
f 358/11/179 334/11/159 353/11/176
f 350/1/175 359/1/180 360/1/181
f 359/1/180 361/1/182 362/1/183
f 359/1/180 362/1/183 360/1/181
f 361/1/182 363/1/184 362/1/183
f 364/1/185 363/1/184 361/1/182
f 364/1/185 365/1/186 366/1/187
f 367/1/188 368/1/189 365/1/186
f 369/1/190 370/1/191 368/1/189
f 371/1/192 370/1/191 372/1/193
f 373/1/194 374/1/195 371/1/192
f 375/1/196 376/1/197 373/1/194
f 377/1/198 378/1/199 375/1/196
f 277/1/108 379/1/200 380/1/201
f 276/1/107 381/1/202 379/1/200
f 279/1/110 382/1/203 381/1/202
f 281/1/112 383/1/204 382/1/203
f 287/1/118 383/1/204 283/1/114
f 289/1/120 384/1/205 287/1/118
f 291/1/122 385/1/206 289/1/120
f 291/1/122 386/1/207 387/1/208
f 290/1/121 293/1/124 388/1/209
f 290/1/121 388/1/209 386/1/207
f 293/1/124 389/1/210 388/1/209
f 295/1/126 390/1/135 389/1/210
f 305/11/135 304/11/134 391/11/211
f 392/1/212 350/1/175 393/1/213
f 394/1/214 395/1/215 396/1/216
f 350/1/175 360/1/181 397/1/217
f 398/1/218 399/1/171 400/1/219
f 360/1/181 362/1/183 401/1/220
f 360/1/181 401/1/220 397/1/217
f 362/1/183 363/1/184 402/1/221
f 362/1/183 402/1/221 401/1/220
f 366/1/187 402/1/221 363/1/184
f 366/1/187 403/1/222 404/1/223
f 365/1/186 405/1/224 403/1/222
f 368/1/189 406/1/225 405/1/224
f 374/1/195 406/1/225 370/1/191
f 376/1/197 407/1/226 374/1/195
f 378/1/199 408/1/227 376/1/197
f 409/1/228 410/1/229 378/1/199
f 379/1/200 411/1/230 380/1/201
f 381/1/202 382/1/203 379/1/200
f 388/1/209 389/1/210 412/1/231
f 334/11/159 413/11/232 414/11/217
f 410/1/229 415/1/233 407/1/226
f 382/1/203 416/1/234 411/1/230
f 383/1/204 417/1/235 382/1/203
f 384/1/205 417/1/235 383/1/204
f 385/1/206 418/1/236 384/1/205
f 387/1/208 419/1/237 385/1/206
f 387/1/208 420/1/238 421/1/239
f 386/1/207 388/1/209 422/1/240
f 386/1/207 422/1/240 420/1/238
f 423/1/241 424/1/242 425/1/243
f 397/1/217 401/1/220 426/1/244
f 337/1/162 427/1/245 338/1/163
f 401/1/220 402/1/221 428/1/246
f 401/1/220 428/1/246 426/1/244
f 404/1/223 428/1/246 402/1/221
f 404/1/223 429/1/247 430/1/248
f 403/1/222 431/1/249 429/1/247
f 405/1/224 432/1/250 431/1/249
f 407/1/226 433/1/251 432/1/250
f 417/1/235 434/1/252 416/1/234
f 418/1/236 434/1/252 417/1/235
f 419/1/237 435/1/253 418/1/236
f 421/1/239 436/1/254 419/1/237
f 421/1/239 437/1/255 438/1/256
f 420/1/238 422/1/240 338/1/163
f 420/1/238 338/1/163 437/1/255
f 391/11/211 304/11/134 439/11/257
f 334/11/159 414/11/217 440/11/258
f 441/1/259 442/1/260 443/1/261
f 444/1/262 424/1/242 445/1/263
f 446/1/264 447/1/258 397/1/217
f 426/1/244 428/1/246 448/1/265
f 426/1/244 448/1/265 446/1/264
f 430/1/248 448/1/265 428/1/246
f 430/1/248 449/1/266 450/1/267
f 429/1/247 451/1/268 449/1/266
f 431/1/249 452/1/269 451/1/268
f 435/1/253 453/1/270 434/1/252
f 436/1/254 454/1/271 435/1/253
f 438/1/256 455/1/272 436/1/254
f 438/1/256 456/1/273 457/1/274
f 437/1/255 338/1/163 427/1/245
f 437/1/255 427/1/245 456/1/273
f 458/1/275 459/1/276 460/1/277
f 461/1/278 462/1/279 463/1/280
f 412/1/231 422/1/240 388/1/209
f 439/11/257 304/11/134 464/11/281
f 334/11/159 440/11/258 465/11/282
f 446/1/264 448/1/265 466/1/283
f 446/1/264 466/1/283 467/1/284
f 450/1/267 466/1/283 448/1/265
f 450/1/267 468/1/285 469/1/286
f 449/1/266 470/1/287 468/1/285
f 451/1/268 471/1/288 470/1/287
f 454/1/271 472/1/289 453/1/270
f 455/1/272 473/1/290 454/1/271
f 455/1/272 474/1/291 473/1/290
f 457/1/274 475/1/292 474/1/291
f 456/1/273 427/1/245 476/1/293
f 456/1/273 476/1/293 475/1/292
f 427/1/245 337/1/162 477/1/294
f 477/1/294 476/1/293 427/1/245
f 464/11/281 304/11/134 478/11/294
f 334/11/159 479/11/295 309/11/139
f 334/11/159 465/11/282 480/11/214
f 481/1/296 482/1/297 394/1/214
f 483/11/296 480/11/214 465/11/282
f 467/1/284 466/1/283 484/1/298
f 467/1/284 484/1/298 482/1/297
f 469/1/286 484/1/298 466/1/283
f 468/1/285 485/1/299 469/1/286
f 470/1/287 486/1/300 487/1/301
f 472/1/289 488/1/302 489/1/303
f 473/1/290 490/1/304 488/1/302
f 473/1/290 491/1/305 490/1/304
f 474/1/291 492/1/306 491/1/305
f 475/1/292 476/1/293 493/1/307
f 475/1/292 493/1/307 492/1/306
f 494/1/308 495/1/309 493/1/307
f 304/11/134 496/11/310 497/11/311
f 334/11/159 480/11/214 479/11/295
f 482/1/297 484/1/298 498/1/312
f 482/1/297 498/1/312 395/1/215
f 485/1/299 498/1/312 484/1/298
f 487/1/301 499/1/313 485/1/299
f 486/1/300 500/1/314 487/1/301
f 489/1/303 501/1/315 502/1/316
f 488/1/302 503/1/317 501/1/315
f 490/1/304 504/1/318 503/1/317
f 491/1/305 325/1/152 504/1/318
f 492/1/306 493/1/307 323/1/150
f 492/1/306 323/1/150 325/1/152
f 304/11/134 505/11/319 506/11/320
f 395/1/215 507/1/321 508/1/322
f 479/11/295 509/11/216 510/11/322
f 479/11/295 510/11/322 511/11/323
f 395/1/215 498/1/312 512/1/324
f 395/1/215 512/1/324 507/1/321
f 499/1/313 512/1/324 498/1/312
f 513/1/325 514/1/326 499/1/313
f 500/1/314 515/1/327 513/1/325
f 516/1/328 517/1/329 500/1/314
f 518/1/330 519/1/331 520/1/332
f 502/1/316 521/1/333 519/1/331
f 501/1/315 522/1/334 521/1/333
f 503/1/317 523/1/335 522/1/334
f 504/1/318 524/1/336 523/1/335
f 525/1/337 526/1/338 527/1/339
f 528/1/143 529/1/143 530/1/144
f 531/1/145 532/1/145 533/1/145
f 534/1/143 535/1/144 536/1/144
f 537/1/340 538/1/178 539/1/341
f 540/1/342 311/1/140 541/1/343
f 542/11/344 543/11/345 544/11/324
f 545/1/346 311/1/140 313/1/142
f 514/1/326 546/1/344 512/1/324
f 515/1/327 547/1/347 514/1/326
f 517/1/329 548/1/348 515/1/327
f 549/1/349 550/1/350 517/1/329
f 520/1/332 551/1/351 552/1/352
f 519/1/331 553/1/353 551/1/351
f 519/1/331 554/1/354 553/1/353
f 521/1/333 555/1/355 554/1/354
f 522/1/334 556/1/356 555/1/355
f 523/1/335 557/1/357 556/1/356
f 558/1/358 559/1/359 560/1/360
f 561/1/361 311/1/140 562/1/362
f 563/1/363 564/1/323 507/1/321
f 565/11/336 566/11/364 567/11/357
f 350/1/175 397/1/217 393/1/213
f 568/11/365 569/11/366 570/11/367
f 569/11/366 566/11/364 570/11/367
f 571/1/145 572/1/368 573/1/369
f 574/1/370 545/1/346 575/1/371
f 304/11/134 576/11/372 577/11/371
f 578/1/373 579/1/374 580/1/375
f 581/1/376 582/1/377 583/1/378
f 584/1/379 582/1/377 581/1/376
f 479/11/295 585/11/379 586/11/376
f 587/11/380 588/11/381 589/11/382
f 590/1/383 591/1/383 592/1/145
f 593/11/363 542/11/344 594/11/384
f 594/11/384 588/11/381 593/11/363
f 547/1/347 595/1/384 546/1/344
f 548/1/348 596/1/385 547/1/347
f 550/1/350 597/1/386 548/1/348
f 598/1/387 599/1/388 550/1/350
f 600/1/389 601/1/390 598/1/387
f 552/1/352 602/1/391 603/1/392
f 551/1/351 604/1/393 605/1/394
f 606/1/145 607/1/145 608/1/145
f 576/11/372 309/11/139 609/11/395
f 610/1/396 545/1/346 611/1/395
f 309/11/139 612/11/396 609/11/395
f 613/1/397 614/1/398 615/1/399
f 583/1/378 318/1/147 616/1/400
f 617/1/358 618/1/145 619/1/145
f 620/1/401 621/1/402 622/1/403
f 623/1/404 624/1/405 601/1/390
f 605/1/394 625/1/406 626/1/407
f 604/1/393 627/1/408 605/1/394
f 604/1/393 628/1/409 629/1/410
f 551/1/351 630/1/411 628/1/409
f 553/1/353 631/1/412 630/1/411
f 554/1/354 632/1/413 631/1/412
f 555/1/355 633/1/414 632/1/413
f 556/1/356 634/1/415 633/1/414
f 635/11/416 636/11/417 566/11/364
f 545/1/346 637/1/418 638/1/417
f 636/11/417 639/11/419 566/11/364
f 309/11/139 640/11/420 641/11/421
f 642/12/422 643/12/422 644/12/422
f 309/11/139 645/11/342 640/11/420
f 646/1/423 647/1/424 648/1/425
f 479/11/295 649/11/426 309/11/139
f 477/1/294 650/1/427 476/1/293
f 479/11/295 651/11/400 652/11/428
f 582/1/377 653/1/382 654/1/429
f 589/11/382 655/11/430 656/11/429
f 657/1/431 582/1/377 654/1/429
f 588/11/381 594/11/384 658/11/432
f 658/11/432 655/11/430 588/11/381
f 596/1/385 659/1/432 595/1/384
f 597/1/386 660/1/433 596/1/385
f 599/1/388 661/1/434 597/1/386
f 662/1/435 663/1/436 599/1/388
f 601/1/390 664/1/437 662/1/435
f 665/1/438 666/1/439 601/1/390
f 665/1/438 667/1/440 668/1/441
f 669/1/442 670/1/443 667/1/440
f 629/1/410 671/1/444 442/1/260
f 628/1/409 672/1/445 671/1/444
f 630/1/411 673/1/446 672/1/445
f 631/1/412 674/1/447 673/1/446
f 632/1/413 675/1/448 674/1/447
f 676/1/178 677/1/449 678/1/178
f 679/11/415 680/11/450 681/11/451
f 639/11/419 682/11/418 683/11/142
f 655/11/430 684/11/452 685/11/431
f 686/11/453 687/11/454 684/11/452
f 655/11/430 658/11/432 688/11/455
f 688/11/455 686/11/453 655/11/430
f 660/1/433 689/1/455 659/1/432
f 661/1/434 689/1/455 660/1/433
f 663/1/436 690/1/456 661/1/434
f 664/1/437 691/1/457 663/1/436
f 666/1/439 692/1/458 664/1/437
f 668/1/441 693/1/459 666/1/439
f 694/1/460 695/1/461 696/1/462
f 671/1/444 443/1/261 442/1/260
f 671/1/444 697/1/463 698/1/464
f 672/1/445 699/1/465 697/1/463
f 673/1/446 700/1/466 699/1/465
f 674/1/447 701/1/467 700/1/466
f 702/1/145 703/1/145 704/1/145
f 680/11/450 705/11/448 681/11/451
f 680/11/450 706/11/141 707/11/361
f 318/1/147 580/1/375 311/1/140
f 507/1/321 708/1/345 563/1/363
f 687/11/454 686/11/453 709/11/468
f 710/1/469 711/1/470 712/1/471
f 686/11/453 713/11/471 714/11/472
f 715/1/473 716/1/474 717/1/475
f 690/1/456 718/1/476 689/1/455
f 691/1/457 719/1/477 690/1/456
f 692/1/458 720/1/478 691/1/457
f 693/1/459 721/1/479 692/1/458
f 722/1/480 723/1/481 693/1/459
f 724/1/482 725/1/483 621/1/402
f 695/1/461 726/1/484 696/1/462
f 443/1/261 698/1/464 727/1/485
f 727/1/485 728/1/486 729/1/487
f 730/1/488 728/1/486 727/1/485
f 697/1/463 731/1/489 730/1/488
f 699/1/465 732/1/490 731/1/489
f 700/1/466 733/1/491 732/1/490
f 701/1/467 675/1/448 733/1/491
f 734/11/492 680/11/450 735/11/493
f 562/1/362 715/1/473 736/1/494
f 680/11/450 737/11/362 738/11/494
f 311/1/140 580/1/375 715/1/473
f 580/1/375 739/1/495 578/1/373
f 318/1/147 739/1/495 580/1/375
f 318/1/147 740/1/496 741/1/497
f 742/1/383 743/1/383 744/1/143
f 686/11/453 745/11/497 709/11/468
f 686/11/453 714/11/472 746/11/498
f 719/1/477 747/1/499 718/1/476
f 720/1/478 748/1/500 719/1/477
f 721/1/479 749/1/501 720/1/478
f 750/1/502 751/1/503 752/1/504
f 753/1/505 723/1/481 750/1/502
f 754/1/506 751/1/503 750/1/502
f 695/1/461 755/1/507 726/1/484
f 728/1/486 756/1/508 729/1/487
f 730/1/488 757/1/509 728/1/486
f 730/1/488 758/1/510 759/1/511
f 731/1/489 760/1/512 758/1/510
f 732/1/490 761/1/513 760/1/512
f 733/1/491 762/1/514 761/1/513
f 763/1/178 764/1/178 765/1/178
f 723/1/481 722/1/480 766/1/515
f 767/11/475 768/11/474 680/11/450
f 769/1/144 770/1/145 771/1/144
f 716/1/474 772/1/516 773/1/517
f 774/11/518 775/11/519 776/11/520
f 715/1/473 777/1/521 778/1/520
f 779/11/521 774/11/518 776/11/520
f 715/1/473 780/1/522 777/1/521
f 781/11/522 774/11/518 779/11/521
f 774/11/518 782/11/523 783/11/524
f 715/1/473 784/1/525 780/1/522
f 580/1/375 785/1/526 715/1/473
f 715/1/473 785/1/526 786/1/524
f 787/11/527 774/11/518 783/11/524
f 788/11/374 774/11/518 787/11/527
f 789/11/373 774/11/518 788/11/374
f 790/1/528 791/1/529 792/1/530
f 793/11/531 794/11/532 789/11/373
f 795/1/533 646/1/423 648/1/425
f 794/11/532 796/11/534 797/11/535
f 798/11/536 794/11/532 797/11/535
f 799/1/143 800/1/383 801/1/383
f 311/1/140 561/1/361 312/1/141
f 802/11/537 794/11/532 798/11/536
f 803/1/493 762/1/514 675/1/448
f 741/1/497 804/1/538 805/1/539
f 311/1/140 806/1/540 541/1/343
f 807/11/541 686/11/453 808/11/542
f 686/11/453 746/11/498 809/11/543
f 747/1/499 810/1/543 710/1/469
f 748/1/500 811/1/544 747/1/499
f 749/1/501 812/1/545 748/1/500
f 752/1/504 813/1/546 749/1/501
f 752/1/504 814/1/547 815/1/548
f 751/1/503 816/1/549 814/1/547
f 725/1/483 817/1/550 818/1/551
f 725/1/483 819/1/552 817/1/550
f 820/1/553 821/1/554 822/1/555
f 757/1/509 823/1/556 756/1/508
f 759/1/511 823/1/556 757/1/509
f 759/1/511 824/1/557 825/1/558
f 758/1/510 826/1/559 824/1/557
f 760/1/512 827/1/560 826/1/559
f 828/1/561 829/1/562 830/1/145
f 831/11/563 832/11/564 833/11/565
f 716/1/474 773/1/517 834/1/566
f 774/11/518 835/11/566 836/11/517
f 837/12/567 838/12/568 839/12/569
f 835/11/566 774/11/518 840/11/570
f 741/1/497 841/1/571 842/1/572
f 794/11/532 843/11/573 844/11/572
f 845/1/131 846/1/574 847/1/131
f 808/11/542 686/11/453 848/11/575
f 849/11/576 850/11/577 851/11/578
f 852/12/579 853/12/579 854/12/579
f 812/1/545 855/1/580 811/1/544
f 813/1/546 856/1/581 812/1/545
f 815/1/548 857/1/582 813/1/546
f 815/1/548 858/1/583 859/1/584
f 614/1/398 860/1/585 861/1/586
f 823/1/556 862/1/587 756/1/508
f 825/1/558 862/1/587 823/1/556
f 825/1/558 863/1/588 864/1/589
f 824/1/557 865/1/590 863/1/588
f 826/1/559 866/1/591 865/1/590
f 827/1/560 867/1/592 866/1/591
f 868/11/593 840/11/570 774/11/518
f 398/1/218 352/1/177 869/1/170
f 425/1/243 424/1/242 870/1/594
f 400/1/219 871/1/168 872/1/158
f 527/1/339 873/1/570 874/1/595
f 875/1/596 876/1/597 877/1/593
f 774/11/518 878/11/596 868/11/593
f 879/1/366 545/1/346 880/1/416
f 881/1/492 803/1/493 675/1/448
f 774/11/518 882/11/598 878/11/596
f 774/11/518 883/11/276 882/11/598
f 774/11/518 884/11/599 885/11/600
f 774/11/518 886/11/601 884/11/599
f 794/11/532 887/11/602 774/11/518
f 888/1/603 889/1/603 890/1/603
f 774/11/518 891/11/604 886/11/601
f 462/1/279 892/1/605 893/1/606
f 463/1/280 462/1/279 893/1/606
f 794/11/532 894/11/280 895/11/607
f 896/1/143 897/1/143 898/1/144
f 794/11/532 899/11/278 894/11/280
f 900/1/608 462/1/279 461/1/278
f 901/11/609 899/11/278 794/11/532
f 902/1/610 903/1/611 904/1/612
f 856/1/581 905/1/613 855/1/580
f 857/1/582 906/1/614 856/1/581
f 859/1/584 907/1/615 857/1/582
f 859/1/584 908/1/616 909/1/617
f 910/1/618 817/1/550 911/1/619
f 912/1/620 913/1/621 914/1/622
f 915/1/623 912/1/620 916/1/624
f 917/1/625 916/1/624 912/1/620
f 862/1/587 918/1/626 919/1/627
f 919/1/627 915/1/623 920/1/628
f 921/1/629 918/1/626 862/1/587
f 864/1/589 922/1/630 921/1/629
f 863/1/588 923/1/631 922/1/630
f 865/1/590 924/1/632 923/1/631
f 866/1/591 925/1/633 924/1/632
f 527/1/339 925/1/633 867/1/592
f 876/1/597 926/1/634 527/1/339
f 460/1/277 677/1/449 876/1/597
f 927/1/635 677/1/449 928/1/636
f 900/1/608 929/1/637 930/1/638
f 903/1/611 931/1/639 929/1/637
f 905/1/613 931/1/639 902/1/610
f 906/1/614 932/1/640 905/1/613
f 907/1/615 933/1/641 906/1/614
f 909/1/617 934/1/642 907/1/615
f 908/1/616 935/1/643 936/1/644
f 937/1/645 935/1/643 908/1/616
f 938/1/646 939/1/647 937/1/645
f 939/1/647 938/1/646 940/1/648
f 941/1/649 939/1/647 940/1/648
f 940/1/648 911/1/619 941/1/649
f 942/1/650 943/1/651 941/1/649
f 913/1/621 944/1/652 914/1/622
f 915/1/623 945/1/653 913/1/621
f 943/1/651 946/1/654 935/1/643
f 918/1/626 947/1/655 944/1/652
f 921/1/629 948/1/656 918/1/626
f 921/1/629 949/1/657 948/1/656
f 922/1/630 950/1/658 949/1/657
f 923/1/631 951/1/659 950/1/658
f 924/1/632 952/1/660 951/1/659
f 925/1/633 953/1/661 952/1/660
f 926/1/634 953/1/661 954/1/662
f 876/1/597 955/1/663 926/1/634
f 930/1/638 956/1/664 957/1/665
f 931/1/639 956/1/664 929/1/637
f 932/1/640 958/1/666 931/1/639
f 933/1/641 959/1/667 932/1/640
f 934/1/642 960/1/668 933/1/641
f 936/1/644 961/1/669 934/1/642
f 935/1/643 962/1/670 963/1/671
f 948/1/656 964/1/672 947/1/655
f 949/1/657 964/1/672 948/1/656
f 950/1/658 965/1/673 949/1/657
f 950/1/658 966/1/674 965/1/673
f 951/1/659 967/1/675 966/1/674
f 952/1/660 968/1/676 967/1/675
f 955/1/663 968/1/676 953/1/661
f 876/1/597 969/1/677 955/1/663
f 957/1/665 970/1/678 971/1/679
f 958/1/666 970/1/678 956/1/664
f 959/1/667 972/1/680 958/1/666
f 960/1/668 973/1/681 959/1/667
f 961/1/669 974/1/682 975/1/683
f 965/1/673 976/1/684 964/1/672
f 965/1/673 977/1/685 976/1/684
f 966/1/674 978/1/686 977/1/685
f 967/1/675 979/1/687 978/1/686
f 968/1/676 980/1/688 979/1/687
f 969/1/677 677/1/449 980/1/688
f 970/1/678 981/1/689 971/1/679
f 972/1/680 982/1/690 970/1/678
f 973/1/681 983/1/691 972/1/680
f 975/1/683 984/1/692 973/1/681
f 977/1/685 985/1/693 976/1/684
f 977/1/685 986/1/694 987/1/695
f 978/1/686 988/1/696 986/1/694
f 979/1/687 989/1/697 988/1/696
f 980/1/688 677/1/449 989/1/697
f 982/1/690 990/1/698 981/1/689
f 983/1/691 991/1/699 982/1/690
f 984/1/692 992/1/700 983/1/691
f 984/1/692 993/1/701 994/1/702
f 995/1/703 996/1/704 985/1/693
f 995/1/703 985/1/693 987/1/695
f 997/1/705 995/1/703 987/1/695
f 997/1/705 987/1/695 986/1/694
f 998/1/706 997/1/705 986/1/694
f 988/1/696 998/1/706 986/1/694
f 999/1/707 998/1/706 988/1/696
f 989/1/697 999/1/707 988/1/696
f 677/1/449 999/1/707 989/1/697
f 990/1/698 1000/1/708 1001/1/709
f 991/1/699 1002/1/710 1000/1/708
f 991/1/699 1000/1/708 990/1/698
f 992/1/700 1003/1/711 1002/1/710
f 992/1/700 1002/1/710 991/1/699
f 994/1/702 1004/1/712 1003/1/711
f 992/1/700 994/1/702 1003/1/711
f 993/1/701 1005/1/713 1004/1/712
f 994/1/702 993/1/701 1004/1/712
f 1006/1/714 1007/1/715 996/1/704
f 1006/1/714 996/1/704 995/1/703
f 1008/1/716 1006/1/714 995/1/703
f 1008/1/716 995/1/703 997/1/705
f 1009/1/717 1008/1/716 997/1/705
f 998/1/706 1009/1/717 997/1/705
f 1010/1/718 1009/1/717 998/1/706
f 999/1/707 1010/1/718 998/1/706
f 677/1/449 1010/1/718 999/1/707
f 1000/1/708 1011/1/719 1001/1/709
f 1002/1/710 1012/1/720 1011/1/719
f 1002/1/710 1011/1/719 1000/1/708
f 1003/1/711 1013/1/721 1012/1/720
f 1003/1/711 1012/1/720 1002/1/710
f 1004/1/712 1014/1/722 1013/1/721
f 1003/1/711 1004/1/712 1013/1/721
f 1005/1/713 1015/1/723 1014/1/722
f 1004/1/712 1005/1/713 1014/1/722
f 1016/1/724 1017/1/725 1018/1/726
f 1019/1/727 1020/1/728 1007/1/715
f 1019/1/727 1007/1/715 1006/1/714
f 1021/1/729 1019/1/727 1006/1/714
f 1008/1/716 1021/1/729 1006/1/714
f 1022/1/574 1021/1/729 1008/1/716
f 1009/1/717 1022/1/574 1008/1/716
f 1023/1/132 1022/1/574 1009/1/717
f 1010/1/718 1023/1/132 1009/1/717
f 1024/1/730 1023/1/132 1010/1/718
f 677/1/449 1024/1/730 1010/1/718
f 1025/1/731 1024/1/730 677/1/449
f 1026/1/178 1022/1/178 1023/1/178
f 1001/1/709 829/1/562 828/1/561
f 1011/1/719 1027/1/383 829/1/562
f 1011/1/719 829/1/562 1001/1/709
f 1012/1/720 1028/1/145 1027/1/383
f 1012/1/720 1027/1/383 1011/1/719
f 1013/1/721 1029/1/732 1028/1/145
f 1013/1/721 1028/1/145 1012/1/720
f 1014/1/722 1030/1/733 1029/1/732
f 1014/1/722 1029/1/732 1013/1/721
f 1015/1/723 1031/1/734 1030/1/733
f 1014/1/722 1015/1/723 1030/1/733
f 1032/1/735 1033/1/736 1034/1/737
f 1035/1/738 1036/1/739 1017/1/725
f 1037/1/740 1035/1/738 1017/1/725
f 1037/1/740 1017/1/725 1016/1/724
f 1038/1/741 1037/1/740 1020/1/728
f 1038/1/741 1020/1/728 1019/1/727
f 1039/1/742 1038/1/741 1019/1/727
f 1040/1/178 1019/1/727 1021/1/729
f 1040/1/178 1021/1/729 1041/1/178
f 1039/1/742 1041/1/178 1042/1/178
f 1022/1/574 1041/1/178 1021/1/729
f 1042/1/178 1041/1/178 1043/1/178
f 1044/1/743 1045/1/744 1046/1/745
f 677/1/449 676/1/178 1025/1/731
f 828/1/561 1047/1/746 1001/1/709
f 1048/1/178 1049/1/178 1050/1/178
f 1027/1/145 1051/1/145 1052/1/145
f 1029/1/732 1053/1/145 1054/1/145
f 1055/1/358 1056/1/143 1054/1/145
f 1054/1/145 1028/1/145 1029/1/732
f 1054/1/145 1056/1/143 1057/1/145
f 1030/1/733 1058/1/747 1055/1/358
f 1030/1/733 1053/1/145 1029/1/732
f 1031/1/734 1059/1/748 1058/1/747
f 1030/1/733 1031/1/734 1058/1/747
f 1033/1/736 1060/1/749 1059/1/748
f 1034/1/737 1033/1/736 1059/1/748
f 1033/1/736 1061/1/750 1060/1/749
f 1036/1/739 1062/1/751 1063/1/752
f 1035/1/738 1064/1/753 1062/1/751
f 1048/1/178 1038/1/741 1039/1/742
f 1048/1/178 1065/1/178 1049/1/178
f 1065/1/178 1039/1/178 1066/1/178
f 1067/1/178 1068/1/178 765/1/178
f 1069/1/145 607/1/145 1070/1/145
f 1055/1/145 1071/1/145 1072/1/145
f 1055/1/358 1058/1/747 1071/1/145
f 1061/1/750 1073/1/754 1060/1/749
f 1062/1/751 1074/1/755 1063/1/752
f 1064/1/753 1075/1/756 1062/1/751
f 1064/1/753 1076/1/757 1077/1/758
f 1078/1/759 1076/1/757 1035/1/738
f 1078/1/759 1035/1/738 1037/1/740
f 1079/1/178 1078/1/759 1037/1/740
f 1079/1/178 1037/1/740 1038/1/741
f 1080/1/178 1081/1/132 1082/1/178
f 1079/1/178 1083/1/178 1084/1/178
f 1082/1/178 1081/1/132 1085/1/131
f 1050/1/742 1038/1/741 1048/1/178
f 537/1/340 1086/1/178 1087/1/178
f 1088/1/178 1087/1/178 1089/1/178
f 1068/1/178 1067/1/178 1090/1/178
f 677/1/449 1087/1/178 678/1/178
f 1088/1/178 678/1/178 1087/1/178
f 559/1/359 537/1/340 677/1/449
f 1001/1/709 559/1/359 677/1/449
f 1091/1/358 559/1/359 1092/1/145
f 316/1/145 1092/1/145 1093/1/145
f 1094/1/383 607/1/145 1069/1/145
f 1092/1/145 1001/1/709 608/1/145
f 1093/1/145 608/1/145 607/1/145
f 1095/1/383 1096/1/145 1097/1/145
f 1098/1/144 1096/1/145 1058/1/747
f 1096/1/145 1095/1/383 1099/1/143
f 1058/1/747 1100/1/145 1071/1/145
f 1059/1/748 1101/1/760 1098/1/144
f 1058/1/747 1059/1/748 1098/1/144
f 1060/1/749 1102/1/761 1101/1/760
f 1059/1/748 1060/1/749 1101/1/760
f 1103/1/762 1102/1/761 1060/1/749
f 1103/1/762 1104/1/763 1105/1/764
f 1073/1/754 1106/1/765 1104/1/763
f 1107/13/766 1108/13/767 1109/13/766
f 1110/13/768 1111/13/769 1108/13/767
f 1112/13/770 1113/13/771 1111/13/769
f 1114/13/772 1115/13/773 1113/13/771
f 1116/14/774 1117/15/775 1118/16/773
f 1119/17/776 1117/15/775 1120/18/777
f 1121/13/330 1122/13/778 1123/13/776
f 1124/13/332 1125/13/779 1121/13/330
f 1126/13/780 1127/13/781 1124/13/332
f 1128/13/392 1129/13/782 1126/13/780
f 1130/13/783 1131/13/784 1132/13/785
f 1133/19/786 1134/20/787 1135/21/788
f 1136/22/789 1137/23/790 1134/20/787
f 1138/13/791 1139/13/792 1140/13/790
f 1141/13/793 1142/13/794 1139/13/792
f 1143/13/795 1142/13/794 1144/13/796
f 1145/13/797 1146/13/798 1147/13/797
f 1148/13/799 1149/13/800 1146/13/798
f 1150/13/801 1151/13/802 1149/13/800
f 1152/13/803 1153/13/804 1151/13/802
f 1154/24/805 1155/25/806 1156/26/804
f 1135/21/788 1157/27/807 1155/25/806
f 1137/23/790 1157/27/807 1134/20/787
f 1140/13/790 1158/13/808 1159/13/809
f 1142/13/794 1158/13/808 1139/13/792
f 1143/13/795 1160/13/810 1142/13/794
f 1161/13/811 1162/13/812 1163/13/813
f 1164/13/766 1165/13/767 1166/13/814
f 1166/13/814 1167/13/815 1168/13/816
f 1168/13/816 1169/13/817 1170/13/818
f 1170/13/818 1171/13/819 1172/13/820
f 1173/28/820 1174/29/821 1175/30/822
f 1174/29/821 1176/31/823 1175/30/822
f 1177/13/824 1178/13/825 1179/13/823
f 1180/13/826 1181/13/827 1178/13/825
f 1182/13/828 1183/13/404 1181/13/827
f 1184/13/782 1185/13/829 1183/13/404
f 1186/13/830 1187/13/831 1188/13/832
f 1189/32/833 1190/33/834 1191/34/835
f 1191/34/835 1192/35/836 1193/36/837
f 1194/13/837 1195/13/838 1196/13/839
f 1196/13/839 1197/13/840 1198/13/841
f 1198/13/841 1199/13/842 1200/13/796
f 1199/13/842 1201/13/795 1200/13/796
f 1202/13/797 1203/13/798 1204/13/843
f 1204/13/843 1205/13/844 1206/13/845
f 1206/13/845 1207/13/846 1208/13/847
f 1208/13/847 1209/13/848 1210/13/849
f 1189/32/833 1211/37/850 1190/33/834
f 1190/33/834 1212/38/851 1192/35/836
f 1212/38/851 1213/39/838 1192/35/836
f 1195/13/838 1214/13/852 1197/13/840
f 1214/13/852 1199/13/842 1197/13/840
f 1215/13/810 1201/13/795 1199/13/842
f 1216/13/853 1217/13/854 1218/13/855
f 1219/40/856 1220/41/857 1221/42/858
f 1220/41/857 1222/43/859 1221/42/858
f 1223/44/860 1224/45/861 1225/46/862
f 1225/46/862 1226/47/863 1227/48/864
f 1228/49/865 1229/50/866 1227/48/864
f 1230/13/867 1231/13/868 1232/13/869
f 1233/13/870 1234/13/198 1235/13/871
f 1236/51/872 1237/52/873 1238/53/874
f 1239/54/875 1240/55/876 1241/56/877
f 1242/57/878 1243/58/879 1240/55/876
f 1244/59/880 1245/60/881 1243/58/879
f 1246/61/882 1247/62/883 1244/59/880
f 1248/13/884 1249/13/885 1250/13/886
f 1251/1/887 1252/1/888 1253/1/889
f 1254/1/890 1255/1/891 1252/1/888
f 1256/1/892 1257/1/893 1255/1/891
f 1258/1/894 1259/1/894 1260/1/894
f 1261/1/895 1262/1/895 1263/1/895
f 1264/1/896 1265/1/897 1266/1/898
f 1267/63/899 1268/64/900 1269/65/901
f 1270/1/902 1271/1/902 1272/1/902
f 1273/2/903 1274/2/904 1275/2/905
f 1276/1/906 1277/1/906 1278/1/906
f 1279/1/907 1280/1/907 1281/1/907
f 1282/1/908 1283/1/908 1284/1/908
f 1285/2/909 1286/2/910 1287/2/911
f 1288/66/912 1289/67/913 1290/68/914
f 1291/1/178 1078/1/759 1079/1/178
f 1292/1/178 1293/1/178 1294/1/178
f 1293/1/178 1079/1/178 1084/1/178
f 1295/1/915 1296/1/178 537/1/340
f 1297/1/916 1298/1/358 1299/1/358
f 1091/1/358 1298/1/358 559/1/359
f 1300/1/358 533/1/145 532/1/145
f 1301/1/145 1098/1/144 533/1/145
f 1098/1/144 1101/1/760 619/1/145
f 1302/1/178 1078/1/759 1291/1/178
f 1303/1/178 1302/1/178 1291/1/178
f 1304/1/178 1305/1/178 1306/1/178
f 1307/1/131 1308/1/131 1309/1/131
f 1310/1/132 355/1/132 1311/1/132
f 1312/1/178 538/1/178 1313/1/178
f 1314/1/742 539/1/341 1315/1/178
f 539/1/341 1316/1/742 1295/1/915
f 1317/1/145 560/1/360 1318/1/358
f 1297/1/916 560/1/360 559/1/359
f 1299/1/358 560/1/360 1297/1/916
f 1319/1/145 558/1/145 1320/1/145
f 1321/1/574 1322/1/131 1323/1/574
f 619/1/145 1324/1/145 1325/1/145
f 531/1/145 618/1/145 1326/1/145
f 619/1/145 1101/1/760 1324/1/145
f 1327/1/574 1078/1/759 1302/1/178
f 1303/1/178 1311/1/178 1327/1/574
f 1303/1/178 1327/1/574 1302/1/178
f 319/1/148 318/1/147 540/1/342
f 1328/1/178 1329/1/178 1330/1/178
f 1331/1/917 1332/1/178 538/1/178
f 1332/1/178 1329/1/178 1328/1/178
f 1332/1/178 1313/1/178 538/1/178
f 537/1/340 1331/1/917 538/1/178
f 559/1/359 1333/1/918 537/1/340
f 558/1/358 1334/1/919 559/1/359
f 1334/1/919 1335/1/145 1336/1/145
f 1337/1/145 1336/1/145 1335/1/145
f 1335/1/145 1319/1/145 1338/1/145
f 1339/1/145 1336/1/145 1337/1/145
f 1340/1/145 1341/1/145 1325/1/145
f 1324/1/145 1340/1/145 1325/1/145
f 1324/1/145 1101/1/760 1340/1/145
f 1342/1/132 1078/1/759 1327/1/574
f 1311/1/178 1343/1/178 1342/1/132
f 1311/1/178 1342/1/132 1327/1/574
f 1344/1/178 1345/1/574 1346/1/178
f 1329/1/178 1347/1/920 1345/1/574
f 1345/1/574 1330/1/178 1329/1/178
f 1331/1/917 1348/1/921 1347/1/920
f 1331/1/917 1347/1/920 1329/1/178
f 1349/1/922 1348/1/921 1331/1/917
f 537/1/340 1349/1/922 1331/1/917
f 537/1/340 1333/1/918 1349/1/922
f 559/1/359 1350/1/923 1333/1/918
f 1351/1/924 1350/1/923 559/1/359
f 1334/1/919 1352/1/925 1351/1/924
f 1334/1/919 1351/1/924 559/1/359
f 1353/1/926 1352/1/925 1334/1/919
f 1336/1/145 1353/1/926 1334/1/919
f 1354/1/144 1353/1/926 1336/1/145
f 1354/1/144 1339/1/145 1355/1/145
f 1356/1/145 1354/1/144 1355/1/145
f 1325/1/927 1341/1/927 1357/1/927
f 1358/1/928 1359/1/145 1341/1/145
f 1340/1/145 1358/1/928 1341/1/145
f 1340/1/145 1101/1/760 1358/1/928
f 1075/1/756 1360/1/929 1361/1/930
f 1077/1/758 1362/1/931 1075/1/756
f 1362/1/931 1077/1/758 1363/1/932
f 1363/1/932 1077/1/758 1364/1/933
f 1076/1/757 1364/1/933 1077/1/758
f 1364/1/933 1076/1/757 1365/1/934
f 1078/1/759 1365/1/934 1076/1/757
f 1078/1/759 1342/1/132 1365/1/934
f 1366/1/132 1367/1/178 1368/1/178
f 1367/1/178 1369/1/935 1368/1/178
f 1346/1/178 1370/1/178 1367/1/178
f 1371/1/936 1372/1/937 1373/1/938
f 1369/1/935 1374/1/939 1365/1/934
f 1375/1/132 1368/1/178 1376/1/940
f 1377/1/941 1369/1/935 1365/1/934
f 1378/1/942 1375/1/132 1376/1/940
f 1343/1/178 1377/1/941 1365/1/934
f 1377/1/941 1378/1/942 1376/1/940
f 1360/1/929 1372/1/937 1361/1/930
f 1372/1/937 1360/1/929 1373/1/938
f 1373/1/938 1360/1/929 1363/1/932
f 1075/1/756 1363/1/932 1360/1/929
f 1362/1/931 1363/1/932 1075/1/756
f 1364/1/933 1379/1/903 1363/1/932
f 1379/1/903 1364/1/933 1380/1/904
f 1380/1/904 1364/1/933 1374/1/939
f 1365/1/934 1374/1/939 1364/1/933
f 1342/1/132 1343/1/178 1365/1/934
f 1381/1/943 1333/1/918 1382/1/944
f 1373/1/938 1383/1/945 1384/1/946
f 1373/1/938 1385/1/947 1386/1/948
f 1387/1/949 1386/1/948 1385/1/947
f 1386/1/948 1387/1/949 1382/1/944
f 1380/1/904 1382/1/944 1387/1/949
f 1382/1/944 1380/1/904 1381/1/943
f 1388/1/950 1381/1/943 1380/1/904
f 1389/1/951 1369/1/935 1333/1/918
f 1347/1/920 1348/1/921 1333/1/918
f 1390/1/952 1391/1/953 1392/1/954
f 1393/1/955 1394/1/956 1395/1/957
f 1391/1/953 1394/1/956 1396/1/958
f 1394/1/956 1391/1/953 1395/1/957
f 1391/1/953 1396/1/958 1392/1/954
f 1373/1/938 1392/1/954 1383/1/945
f 1392/1/954 1373/1/938 1390/1/952
f 1386/1/948 1390/1/952 1373/1/938
f 1382/1/944 1333/1/918 1397/1/959
f 1389/1/951 1333/1/918 1381/1/943
f 1348/1/921 1349/1/922 1333/1/918
f 1384/1/946 1371/1/936 1373/1/938
f 1380/1/904 1398/1/960 1388/1/950
f 1369/1/935 1347/1/920 1333/1/918
f 1345/1/574 1347/1/920 1369/1/935
f 1399/1/961 1400/1/962 1401/1/963
f 1350/1/923 1402/1/964 1403/1/965
f 1404/1/966 1405/1/967 1406/1/968
f 1405/1/967 1404/1/966 1400/1/962
f 1400/1/962 1404/1/966 1401/1/963
f 1350/1/923 1403/1/965 1397/1/959
f 1402/1/964 1350/1/923 1407/1/969
f 1351/1/924 1352/1/925 1350/1/923
f 1408/1/970 1409/1/971 1399/1/961
f 1410/1/972 1411/1/973 1399/1/961
f 1411/1/973 1410/1/972 1412/1/974
f 1402/1/964 1412/1/974 1410/1/972
f 1412/1/974 1402/1/964 1413/1/975
f 1407/1/969 1413/1/975 1402/1/964
f 1413/1/975 1407/1/969 1414/1/976
f 1350/1/923 1415/1/977 1407/1/969
f 1399/1/961 1409/1/971 1400/1/962
f 1399/1/961 1401/1/963 1410/1/972
f 1416/1/145 573/1/369 1354/1/144
f 1353/1/926 1354/1/144 573/1/369
f 1417/1/145 1418/1/978 572/1/368
f 1419/1/979 1359/1/145 1420/1/980
f 572/1/368 1418/1/978 1419/1/979
f 1399/1/961 1421/1/981 1422/1/982
f 1423/1/983 573/1/369 1420/1/980
f 573/1/369 1419/1/979 1420/1/980
f 1424/1/145 1425/1/746 571/1/145
f 1424/1/145 573/1/369 1416/1/145
f 1356/1/145 1416/1/145 1354/1/144
f 1102/1/761 1420/1/980 1101/1/760
f 1106/1/765 1426/1/984 1104/1/763
f 1427/1/909 1104/1/763 1426/1/984
f 1428/1/985 1104/1/763 1427/1/909
f 1104/1/763 1428/1/985 1105/1/764
f 1427/1/909 1105/1/764 1428/1/985
f 1429/1/986 1105/1/764 1427/1/909
f 1105/1/764 1429/1/986 1102/1/761
f 1102/1/761 1429/1/986 1420/1/980
f 1358/1/928 1101/1/760 1420/1/980
f 1106/1/765 1421/1/981 1426/1/984
f 1399/1/961 1426/1/984 1421/1/981
f 1426/1/984 1399/1/961 1427/1/909
f 1427/1/909 1430/1/911 1429/1/986
f 1413/1/975 1429/1/986 1430/1/911
f 1423/1/983 1429/1/986 1413/1/975
f 1429/1/986 1423/1/983 1420/1/980
f 1359/1/145 1358/1/928 1420/1/980
f 1399/1/961 1422/1/982 1408/1/970
f 1414/1/976 1431/1/987 1413/1/975
f 1353/1/926 573/1/369 1350/1/923
f 1352/1/925 1353/1/926 1350/1/923
f 1395/1/957 1406/1/968 1393/1/955
f 1406/1/968 1395/1/957 1404/1/966
f 1333/1/918 1350/1/923 1397/1/959
f 1374/1/939 1398/1/960 1380/1/904
f 1350/1/923 573/1/369 1415/1/977
f 1413/1/975 1431/1/987 1432/1/988
f 1433/13/989 1434/13/990 1435/13/991
f 1436/13/992 1435/13/991 1434/13/990
f 1437/13/993 1438/13/994 1439/13/995
f 1440/13/996 1441/13/997 1437/13/993
f 1440/13/955 1442/13/958 1443/13/998
f 1440/13/955 1444/13/954 1442/13/958
f 1440/13/955 1445/13/999 1444/13/954
f 1440/13/955 1446/13/1000 1445/13/999
f 1447/13/1001 1448/13/1002 1446/13/1000
f 1449/13/1003 1450/13/1004 1451/13/1005
f 1452/13/1006 1453/13/1007 1450/13/1004
f 286/1/117 1454/1/1008 288/1/119
f 1454/1/1008 292/1/123 288/1/119
f 1455/1/1009 294/1/125 292/1/123
f 1455/1/1009 296/1/127 294/1/125
f 1456/1/1010 306/1/136 296/1/127
f 1457/1/1011 1458/1/1012 306/1/136
f 1459/1/1013 328/1/155 1458/1/1012
f 1460/1/1014 424/1/242 328/1/155
f 424/1/242 1461/1/1015 870/1/594
f 400/1/219 1462/1/1016 398/1/218
f 350/1/175 1463/1/1017 359/1/180
f 359/1/180 1463/1/1017 361/1/182
f 361/1/182 1464/1/1018 364/1/185
f 364/1/185 1464/1/1018 367/1/188
f 282/1/113 280/1/111 1465/1/1019
f 1466/1/1020 1467/1/1021 282/1/113
f 285/1/116 282/1/113 1467/1/1021
f 1467/1/1021 1468/1/1022 285/1/116
f 284/1/115 285/1/116 1468/1/1022
f 1469/1/1023 1470/1/1024 1471/1/1025
f 275/1/106 1472/1/1026 278/1/109
f 1472/1/1026 1473/1/1027 278/1/109
f 280/1/111 278/1/109 1473/1/1027
f 1465/1/1019 280/1/111 1473/1/1027
f 1473/1/1027 1474/1/1028 1465/1/1019
f 282/1/113 1465/1/1019 1474/1/1028
f 1474/1/1028 1475/1/1029 282/1/113
f 1466/1/1020 282/1/113 1475/1/1029
f 1467/1/1021 1466/1/1020 1475/1/1029
f 1475/1/1029 1476/1/1030 1467/1/1021
f 1468/1/1022 1467/1/1021 1476/1/1030
f 1476/1/1030 1477/1/1031 1468/1/1022
f 1477/1/1031 286/1/117 1468/1/1022
f 284/1/115 1468/1/1022 286/1/117
f 1471/1/1025 1470/1/1024 286/1/117
f 1478/1/1032 1469/1/1023 1479/1/1033
f 1479/1/1033 1480/1/1034 1478/1/1032
f 1481/1/1035 1482/1/1036 1483/1/1037
f 1484/1/1038 1485/1/1039 1486/1/1040
f 1485/1/1039 1483/1/1037 1486/1/1040
f 1483/1/1037 1487/1/1041 1488/1/1042
f 1489/1/1043 1488/1/1042 1487/1/1041
f 1490/1/1044 1491/1/1045 1492/1/1046
f 1484/1/1038 1486/1/1040 1493/1/1047
f 1494/1/1048 1493/1/1047 1486/1/1040
f 1482/1/1036 1494/1/1048 1486/1/1040
f 1486/1/1040 1483/1/1037 1482/1/1036
f 1481/1/1035 1483/1/1037 1488/1/1042
f 1495/1/1049 1481/1/1035 1488/1/1042
f 1488/1/1042 1489/1/1043 1495/1/1049
f 1496/1/1050 1495/1/1049 1489/1/1043
f 1489/1/1043 1491/1/1045 1496/1/1050
f 1497/1/1051 1496/1/1050 1491/1/1045
f 1491/1/1045 1490/1/1044 1497/1/1051
f 1472/1/1026 275/1/106 1493/1/1047
f 1473/1/1027 1472/1/1026 1493/1/1047
f 1493/1/1047 1494/1/1048 1473/1/1027
f 1474/1/1028 1473/1/1027 1494/1/1048
f 1494/1/1048 1482/1/1036 1474/1/1028
f 1475/1/1029 1474/1/1028 1482/1/1036
f 1482/1/1036 1481/1/1035 1475/1/1029
f 1476/1/1030 1475/1/1029 1481/1/1035
f 1481/1/1035 1495/1/1049 1476/1/1030
f 1495/1/1049 1496/1/1050 1476/1/1030
f 1477/1/1031 1476/1/1030 1496/1/1050
f 1496/1/1050 1497/1/1051 1477/1/1031
f 1469/1/1023 1478/1/1032 1470/1/1024
f 1498/1/1052 1499/1/1053 1500/1/1054
f 1501/1/1055 1500/1/1054 1499/1/1053
f 1502/1/1056 1503/1/1057 1504/1/1058
f 1505/1/1059 1506/1/1060 1507/1/1061
f 1508/1/1062 1509/1/1063 1510/1/1064
f 1511/1/1065 1512/1/1066 1498/1/1052
f 1499/1/1053 1498/1/1052 1512/1/1066
f 1513/1/1067 1499/1/1053 1512/1/1066
f 1513/1/1067 1514/1/1068 1504/1/1058
f 1502/1/1056 1504/1/1058 1514/1/1068
f 1515/1/1069 1502/1/1056 1514/1/1068
f 1514/1/1068 1516/1/1070 1515/1/1069
f 1507/1/1061 1515/1/1069 1516/1/1070
f 1516/1/1070 1517/1/1071 1507/1/1061
f 1505/1/1059 1507/1/1061 1517/1/1071
f 1517/1/1071 1510/1/1064 1505/1/1059
f 1510/1/1064 1509/1/1063 1505/1/1059
f 1518/1/1072 1519/1/1073 1520/1/1074
f 1520/1/1074 1521/1/1075 1518/1/1072
f 1522/1/1076 1523/1/1077 1524/1/1078
f 1524/1/1078 1525/1/1079 1522/1/1076
f 1526/1/1080 1522/1/1076 1525/1/1079
f 1527/1/1081 1526/1/1080 1525/1/1079
f 1528/1/1082 1525/1/1079 1529/1/1083
f 1529/1/1083 1530/1/1084 1528/1/1082
f 1531/1/1085 1528/1/1082 1530/1/1084
f 1530/1/1084 1532/1/1086 1531/1/1085
f 1533/1/1087 1531/1/1085 1532/1/1086
f 1532/1/1086 1534/1/1088 1533/1/1087
f 1534/1/1088 1535/1/1089 1533/1/1087
f 1536/1/1090 1527/1/1081 1525/1/1079
f 1525/1/1079 1528/1/1082 1536/1/1090
f 1537/1/1091 1536/1/1090 1528/1/1082
f 1528/1/1082 1531/1/1085 1537/1/1091
f 1538/1/1092 1537/1/1091 1531/1/1085
f 1531/1/1085 1533/1/1087 1538/1/1092
f 1539/1/1093 1538/1/1092 1533/1/1087
f 1533/1/1087 1535/1/1089 1539/1/1093
f 1540/1/1094 1539/1/1093 1535/1/1089
f 1535/1/1089 1541/1/1095 1540/1/1094
f 1542/1/1096 1543/1/1097 1544/1/1098
f 1512/1/1066 1511/1/1065 1523/1/1077
f 1523/1/1077 1522/1/1076 1512/1/1066
f 1513/1/1067 1512/1/1066 1522/1/1076
f 1522/1/1076 1526/1/1080 1513/1/1067
f 1514/1/1068 1513/1/1067 1526/1/1080
f 1526/1/1080 1527/1/1081 1514/1/1068
f 1516/1/1070 1514/1/1068 1527/1/1081
f 1527/1/1081 1536/1/1090 1516/1/1070
f 1517/1/1071 1516/1/1070 1536/1/1090
f 1536/1/1090 1537/1/1091 1517/1/1071
f 1510/1/1064 1517/1/1071 1537/1/1091
f 1537/1/1091 1538/1/1092 1510/1/1064
f 1508/1/1062 1510/1/1064 1538/1/1092
f 1538/1/1092 1539/1/1093 1508/1/1062
f 1539/1/1093 1540/1/1094 1508/1/1062
f 1521/1/1075 1520/1/1074 1542/1/1096
f 1498/1/1052 1500/1/1054 1484/1/1038
f 1485/1/1039 1484/1/1038 1500/1/1054
f 1500/1/1054 1501/1/1055 1485/1/1039
f 1503/1/1057 1502/1/1056 1487/1/1041
f 1502/1/1056 1515/1/1069 1487/1/1041
f 1489/1/1043 1487/1/1041 1515/1/1069
f 1491/1/1045 1489/1/1043 1515/1/1069
f 1515/1/1069 1507/1/1061 1491/1/1045
f 1492/1/1046 1491/1/1045 1507/1/1061
f 1507/1/1061 1506/1/1060 1492/1/1046
f 1480/1/1034 1479/1/1033 1545/1/1099
f 1546/1/1100 1480/1/1034 1545/1/1099
f 1545/1/1099 1519/1/1073 1546/1/1100
f 1519/1/1073 1518/1/1072 1546/1/1100
f 1547/1/1101 1548/1/1102 1549/1/1103
f 1550/1/1104 1549/1/1103 1548/1/1102
f 1548/1/1102 1551/1/1105 1550/1/1104
f 1552/1/1106 1553/1/1107 1554/1/1108
f 1554/1/1108 1555/1/1109 1552/1/1106
f 1555/1/1109 1556/1/1110 1552/1/1106
f 1554/1/1108 1553/1/1107 1557/1/1111
f 1556/1/1110 1558/1/1112 1552/1/1106
f 1559/1/1113 1552/1/1106 1558/1/1112
f 1560/1/1114 1559/1/1113 1558/1/1112
f 1558/1/1112 1561/1/1115 1560/1/1114
f 1547/1/1101 1560/1/1114 1561/1/1115
f 1561/1/1115 1562/1/1116 1547/1/1101
f 1548/1/1102 1547/1/1101 1562/1/1116
f 1562/1/1116 1563/1/1117 1548/1/1102
f 1551/1/1105 1548/1/1102 1563/1/1117
f 1563/1/1117 1564/1/1118 1551/1/1105
f 1565/1/1119 1566/1/1120 1567/1/1121
f 1568/1/1122 1569/1/1123 1570/1/1124
f 1571/1/1125 1572/1/1126 1573/1/1127
f 1573/1/1127 1572/1/1126 1574/1/1128
f 1575/1/1129 1576/1/1130 1577/1/1131
f 1578/1/1132 1579/1/1133 1580/1/1134
f 1581/1/1135 1582/1/1136 1571/1/1125
f 1571/1/1125 1573/1/1127 1581/1/1135
f 1583/1/1137 1581/1/1135 1573/1/1127
f 1583/1/1137 1577/1/1131 1584/1/1138
f 1577/1/1131 1576/1/1130 1584/1/1138
f 1585/1/1139 1584/1/1138 1576/1/1130
f 1576/1/1130 1586/1/1140 1585/1/1139
f 1587/1/1141 1585/1/1139 1586/1/1140
f 1586/1/1140 1578/1/1132 1587/1/1141
f 1578/1/1132 1580/1/1134 1587/1/1141
f 1570/1/1124 1587/1/1141 1580/1/1134
f 1568/1/1122 1570/1/1124 1580/1/1134
f 1588/1/1142 1589/1/1143 1590/1/1144
f 1591/1/1145 1590/1/1144 1589/1/1143
f 1582/1/1136 1581/1/1135 1557/1/1111
f 1554/1/1108 1557/1/1111 1581/1/1135
f 1555/1/1109 1554/1/1108 1581/1/1135
f 1581/1/1135 1583/1/1137 1555/1/1109
f 1556/1/1110 1555/1/1109 1583/1/1137
f 1583/1/1137 1584/1/1138 1556/1/1110
f 1558/1/1112 1556/1/1110 1584/1/1138
f 1584/1/1138 1585/1/1139 1558/1/1112
f 1561/1/1115 1558/1/1112 1585/1/1139
f 1585/1/1139 1587/1/1141 1561/1/1115
f 1562/1/1116 1561/1/1115 1587/1/1141
f 1587/1/1141 1570/1/1124 1562/1/1116
f 1570/1/1124 1569/1/1123 1562/1/1116
f 1563/1/1117 1562/1/1116 1569/1/1123
f 1564/1/1118 1563/1/1117 1569/1/1123
f 1590/1/1144 1591/1/1145 1566/1/1120
f 1592/1/1146 1593/1/1147 1594/1/1148
f 1595/1/1149 1592/1/1146 1594/1/1148
f 1595/1/1149 1596/1/1150 1597/1/1151
f 1596/1/1150 1598/1/1152 1597/1/1151
f 1599/1/1153 1600/1/1154 1601/1/1155
f 1595/1/1149 1602/1/1156 1603/1/1157
f 1604/1/1158 1605/1/1159 1606/1/1160
f 1607/1/1161 1606/1/1160 1605/1/1159
f 1594/1/1148 1593/1/1147 1608/1/1162
f 1608/1/1162 1609/1/1163 1594/1/1148
f 1595/1/1149 1594/1/1148 1609/1/1163
f 1609/1/1163 1602/1/1156 1595/1/1149
f 1595/1/1149 1603/1/1157 1596/1/1150
f 1598/1/1152 1596/1/1150 1603/1/1157
f 1603/1/1157 1610/1/1164 1598/1/1152
f 1599/1/1153 1598/1/1152 1610/1/1164
f 1610/1/1164 1611/1/1165 1599/1/1153
f 1600/1/1154 1599/1/1153 1611/1/1165
f 1611/1/1165 1612/1/1166 1600/1/1154
f 1613/1/1167 1614/1/1168 1604/1/1158
f 373/1/194 371/1/192 1615/1/1169
f 1616/1/1170 1617/1/1171 371/1/192
f 371/1/192 372/1/193 1616/1/1170
f 1618/1/1172 1616/1/1170 372/1/193
f 372/1/193 369/1/190 1618/1/1172
f 1619/1/1173 377/1/198 375/1/196
f 1620/1/1174 1619/1/1173 375/1/196
f 375/1/196 373/1/194 1620/1/1174
f 1621/1/1175 1620/1/1174 373/1/194
f 373/1/194 1615/1/1169 1621/1/1175
f 1615/1/1169 371/1/192 1621/1/1175
f 1622/1/1176 1621/1/1175 371/1/192
f 371/1/192 1617/1/1171 1622/1/1176
f 1623/1/1177 1622/1/1176 1617/1/1171
f 1617/1/1171 1616/1/1170 1623/1/1177
f 1624/1/1178 1623/1/1177 1616/1/1170
f 1616/1/1170 1618/1/1172 1624/1/1178
f 367/1/188 1624/1/1178 1618/1/1172
f 1618/1/1172 369/1/190 367/1/188
f 1614/1/1168 1613/1/1167 367/1/188
f 377/1/198 1619/1/1173 1608/1/1162
f 1609/1/1163 1608/1/1162 1619/1/1173
f 1619/1/1173 1620/1/1174 1609/1/1163
f 1602/1/1156 1609/1/1163 1620/1/1174
f 1620/1/1174 1621/1/1175 1602/1/1156
f 1603/1/1157 1602/1/1156 1621/1/1175
f 1621/1/1175 1622/1/1176 1603/1/1157
f 1610/1/1164 1603/1/1157 1622/1/1176
f 1622/1/1176 1623/1/1177 1610/1/1164
f 1611/1/1165 1610/1/1164 1623/1/1177
f 1612/1/1166 1611/1/1165 1623/1/1177
f 1623/1/1177 1624/1/1178 1612/1/1166
f 1605/1/1159 1604/1/1158 1614/1/1168
f 1572/1/1126 1571/1/1125 1593/1/1147
f 1593/1/1147 1592/1/1146 1572/1/1126
f 1574/1/1128 1572/1/1126 1592/1/1146
f 1576/1/1130 1575/1/1129 1597/1/1151
f 1586/1/1140 1576/1/1130 1597/1/1151
f 1597/1/1151 1598/1/1152 1586/1/1140
f 1578/1/1132 1586/1/1140 1598/1/1152
f 1598/1/1152 1599/1/1153 1578/1/1132
f 1599/1/1153 1601/1/1155 1578/1/1132
f 1579/1/1133 1578/1/1132 1601/1/1155
f 1606/1/1160 1607/1/1161 1625/1/1179
f 1607/1/1161 1626/1/1180 1625/1/1179
f 1588/1/1142 1625/1/1179 1626/1/1180
f 1589/1/1143 1588/1/1142 1626/1/1180
f 1529/1/1083 1525/1/1079 1552/1/1106
f 1530/1/1084 1529/1/1083 1552/1/1106
f 1552/1/1106 1559/1/1113 1530/1/1084
f 1532/1/1086 1530/1/1084 1559/1/1113
f 1559/1/1113 1560/1/1114 1532/1/1086
f 1534/1/1088 1532/1/1086 1560/1/1114
f 1560/1/1114 1547/1/1101 1534/1/1088
f 1547/1/1101 1549/1/1103 1534/1/1088
f 1535/1/1089 1534/1/1088 1549/1/1103
f 1541/1/1095 1535/1/1089 1549/1/1103
f 1549/1/1103 1550/1/1104 1541/1/1095
f 1506/1/1060 1505/1/1059 1492/1/1046
f 1490/1/1044 1492/1/1046 1497/1/1051
f 1519/1/1073 1545/1/1099 1520/1/1074
f 1543/1/1097 1542/1/1096 1520/1/1074
f 1544/1/1098 1543/1/1097 1627/1/1181
f 1567/1/1121 1627/1/1182 1565/1/1119
f 1566/1/1120 1565/1/1119 1590/1/1144
f 1625/1/1179 1588/1/1142 1590/1/1144
f 1601/1/1155 1600/1/1154 1612/1/1166
f 1580/1/1134 1579/1/1133 1601/1/1155
f 1550/1/1104 1551/1/1105 1564/1/1118
f 1540/1/1094 1541/1/1095 1550/1/1104
f 1234/13/198 1628/13/1183 1235/13/871
f 1628/13/1183 1629/13/1184 1235/13/871
f 1630/13/1185 1631/13/1186 1629/13/1184
f 1632/69/1125 1633/70/1187 1634/71/1186
f 1635/72/1136 1636/73/1188 1633/70/1187
f 1637/74/1111 1638/75/1189 1636/73/1188
f 1639/76/1107 1640/77/1190 1638/75/1189
f 1641/78/1191 1642/79/1192 1640/77/1190
f 1642/79/1192 1643/80/1078 1644/81/1193
f 1644/81/1193 1645/82/1077 1646/83/1194
f 1646/83/1194 1647/84/1065 1648/85/1195
f 1648/85/1195 1649/86/1196 1650/87/1197
f 1651/13/1197 1652/13/1038 1653/13/1198
f 1653/13/1198 1654/13/1047 1655/13/856
f 1655/13/856 1654/13/1047 1656/13/106
f 1657/2/1051 1658/2/1023 1659/2/1031
f 1660/2/1025 1661/2/117 1659/2/1031
f 1659/2/1031 1658/2/1023 1660/2/1025
f 1662/2/1199 1663/2/1200 1664/2/1046
f 1665/2/1033 1666/2/1201 1664/2/1046
f 1664/2/1046 1663/2/1200 1665/2/1033
f 1663/2/1200 1667/2/1202 1665/2/1033
f 1664/2/1046 1666/2/1201 1657/2/1051
f 1658/2/1023 1657/2/1051 1666/2/1201
f 1666/2/1201 1665/2/1033 1658/2/1023
f 1668/2/1203 1669/2/1059 1670/2/1063
f 1671/2/1204 1668/2/1203 1672/2/1205
f 1673/2/1206 1674/2/1094 1675/2/1207
f 1672/2/1205 1676/2/1062 1674/2/1094
f 1674/2/1094 1673/2/1206 1672/2/1205
f 1677/2/1104 1675/2/1207 1674/2/1094
f 1668/2/1203 1670/2/1063 1676/2/1062
f 1672/2/1205 1668/2/1203 1676/2/1062
f 1662/2/1199 1664/2/1046 1669/2/1059
f 1663/2/1200 1662/2/1199 1669/2/1059
f 1669/2/1059 1668/2/1203 1663/2/1200
f 1668/2/1203 1671/2/1204 1663/2/1200
f 1667/2/1202 1663/2/1200 1671/2/1204
f 1678/2/1208 1679/2/1208 1680/2/1208
f 1681/2/1181 1677/2/1104 1682/2/1209
f 1683/2/1118 1684/2/1210 1682/2/1209
f 1681/2/1181 1682/2/1209 1684/2/1210
f 1685/2/1211 1686/2/1212 1687/2/1122
f 1683/2/1118 1682/2/1209 1677/2/1104
f 1687/2/1122 1686/2/1212 1688/2/1123
f 1686/2/1212 1689/2/1213 1688/2/1123
f 1683/2/1118 1688/2/1123 1689/2/1213
f 1684/2/1210 1683/2/1118 1689/2/1213
f 1690/2/1214 1691/2/1160 1692/2/1215
f 1693/2/1216 1694/2/1217 1692/2/1215
f 1692/2/1215 1691/2/1160 1693/2/1216
f 1691/2/1160 1695/2/1179 1693/2/1216
f 1696/2/1218 1693/2/1216 1695/2/1179
f 1697/2/1219 1698/2/1178 1699/2/188
f 1700/2/1158 1701/2/1166 1698/2/1178
f 1698/2/1178 1697/2/1219 1700/2/1158
f 1690/2/1214 1692/2/1215 1701/2/1166
f 1701/2/1166 1700/2/1158 1690/2/1214
f 1691/2/1160 1690/2/1214 1700/2/1158
f 1692/2/1215 1694/2/1217 1685/2/1211
f 1686/2/1212 1685/2/1211 1694/2/1217
f 1694/2/1217 1693/2/1216 1686/2/1212
f 1693/2/1216 1696/2/1218 1686/2/1212
f 1689/2/1213 1686/2/1212 1696/2/1218
f 1702/2/1220 1703/2/1220 1704/2/1220
f 1677/2/1104 1681/2/1181 1675/2/1207
f 1673/2/1206 1675/2/1207 1681/2/1181
f 1705/88/1221 1706/88/1221 1707/88/1221
f 621/1/402 1708/1/1222 622/1/403
f 1709/1/1223 1710/1/1224 1711/1/1225
f 1712/1/1226 1713/1/1226 1714/1/1226
f 647/1/424 442/1/260 648/1/425
f 442/1/260 795/1/533 648/1/425
f 1715/1/1227 1716/1/1228 1717/1/1229
f 1718/1/1230 1719/1/1231 1720/1/1232
f 1716/1/1228 1719/1/1231 1717/1/1229
f 1719/1/1231 1716/1/1228 1720/1/1232
f 1716/1/1228 1715/1/1227 1720/1/1232
f 442/1/260 1717/1/1229 795/1/533
f 1721/1/1233 1717/1/1229 442/1/260
f 1717/1/1229 1721/1/1233 1715/1/1227
f 1722/1/1234 1723/1/1235 1724/1/1236
f 1724/1/1236 1725/1/1237 1722/1/1234
f 920/1/628 916/1/624 917/1/625
f 917/1/625 862/1/587 920/1/628
f 917/1/625 1726/1/1238 862/1/587
f 862/1/587 1726/1/1238 1727/1/1239
f 1725/1/1237 1727/1/1239 1726/1/1238
f 1724/1/1236 1727/1/1239 1725/1/1237
f 1718/1/1230 1722/1/1234 1719/1/1231
f 841/1/571 1728/1/575 1729/1/1240
f 1718/1/1230 1720/1/1232 1723/1/1235
f 1730/1/128 1731/1/128 1732/1/128
f 1733/1/1241 1734/1/1242 1735/1/1243
f 1736/1/1244 1737/1/1245 1738/1/1246
f 1739/1/1247 1740/1/1248 1741/1/1249
f 1742/1/1250 1743/1/1251 1744/1/1252
f 1743/1/1251 1745/1/1253 1746/1/1254
f 1746/1/1254 1745/1/1253 1747/1/1255
f 1748/1/1256 1749/1/1257 1750/1/1258
f 1751/1/1259 1752/1/1260 1753/1/1261
f 1754/1/1262 1755/1/1263 1756/1/1264
f 298/1/129 1757/1/1265 1758/1/1266
f 1758/1/1266 1759/1/1267 1760/1/1268
f 507/1/321 564/1/323 508/1/322
f 328/1/155 444/1/262 329/1/154
f 1293/1/178 1292/1/178 1305/1/178
f 620/1/401 622/1/403 722/1/480
f 722/1/480 622/1/403 1708/1/1222
f 1761/1/1269 1762/1/1270 1763/1/1271
f 1764/1/1272 1765/1/1273 1766/1/1274
f 1763/1/1271 1762/1/1270 1766/1/1274
f 1766/1/1274 1765/1/1273 1763/1/1271
f 1763/1/1271 1765/1/1273 1761/1/1269
f 722/1/480 1708/1/1222 1762/1/1270
f 1767/1/1275 722/1/480 1762/1/1270
f 1762/1/1270 1761/1/1269 1767/1/1275
f 1768/1/1276 1769/1/1277 1770/1/1278
f 1769/1/1277 1768/1/1276 1771/1/1279
f 938/1/646 911/1/619 940/1/648
f 911/1/619 938/1/646 908/1/616
f 911/1/619 908/1/616 1772/1/1280
f 908/1/616 1773/1/1281 1772/1/1280
f 1771/1/1279 1772/1/1280 1773/1/1281
f 1769/1/1277 1771/1/1279 1773/1/1281
f 1764/1/1272 1766/1/1274 1768/1/1276
f 336/1/161 338/1/163 422/1/240
f 1764/1/1272 1770/1/1278 1765/1/1273
f 1774/1/128 297/1/128 1775/1/128
f 1776/1/1282 1777/1/1283 1778/1/1284
f 1779/1/1285 1777/1/1283 1776/1/1282
f 1780/1/1286 1781/1/1287 1782/1/1288
f 1783/1/1289 1784/1/1290 1785/1/1291
f 1778/1/1284 1786/1/1292 1787/1/1293
f 1777/1/1283 1786/1/1292 1778/1/1284
f 1777/1/1283 1788/1/1294 1789/1/1295
f 1790/1/1296 1791/1/1297 1788/1/1294
f 1781/1/1287 1792/1/1298 1793/1/1299
f 1794/1/1300 1795/1/1301 1796/1/1302
f 1797/1/1303 1798/1/1304 1799/1/1305
f 1800/2/1306 1801/2/1307 1802/2/1308
f 1722/1/1234 1718/1/1230 1723/1/1235
f 1308/1/131 1803/1/574 1309/1/131
f 301/1/132 1804/1/132 302/1/131
f 1805/1/132 1306/1/178 1294/1/178
f 355/1/178 1806/1/574 1807/1/131
f 834/1/566 873/1/570 716/1/474
f 1808/1/131 1809/1/178 1810/1/178
f 1811/1/178 1812/1/574 1809/1/178
f 1813/12/1309 1814/12/1310 1815/12/1311
f 1816/1/178 1817/1/574 1088/1/178
f 1818/1/574 1819/1/131 1820/1/131
f 1821/1/1312 1822/1/131 1823/1/131
f 1824/1/1313 1825/1/1314 1732/1/128
f 1826/1/131 1805/1/132 1294/1/178
f 764/1/178 1827/1/178 1828/1/178
f 1828/1/178 1829/1/178 1830/1/178
f 1830/1/178 1831/1/131 1832/1/1315
f 1833/2/1316 1834/2/1317 1835/2/1318
f 1836/2/1319 1837/2/1320 1834/2/1317
f 1838/2/1321 1839/2/1322 1837/2/1320
f 1839/2/1322 1840/2/1323 1841/2/1324
f 1841/2/1324 1842/2/1325 1843/2/1326
f 1843/2/1326 1844/2/1327 1845/2/1328
f 1845/2/1328 1846/2/1329 1847/2/1330
f 1846/2/1329 1848/2/1331 1849/2/1332
f 1850/2/1333 1851/2/1334 1848/2/1331
f 1852/2/1335 1853/2/1336 1851/2/1334
f 1854/2/1337 1855/2/1338 1853/2/1336
f 1856/2/1339 1857/2/1340 1855/2/1338
f 1858/2/1341 1859/2/1342 1857/2/1340
f 1860/2/1343 1861/2/1344 1859/2/1342
f 1862/2/1345 1863/2/1346 1861/2/1344
f 1864/2/1347 1865/2/1348 1863/2/1346
f 1866/2/1349 1867/2/1350 1865/2/1348
f 1868/2/1351 1869/2/1352 1867/2/1350
f 1870/2/1353 1871/2/1354 1869/2/1352
f 1872/2/1355 1873/2/1356 1871/2/1354
f 1874/2/1357 1875/2/1358 1873/2/1356
f 1876/2/1359 1877/2/1360 1875/2/1358
f 1878/2/1361 1879/2/1362 1877/2/1360
f 1880/2/1363 1881/2/1364 1879/2/1362
f 1882/2/1365 1883/2/1366 1881/2/1364
f 1884/2/1367 1885/2/1368 1883/2/1366
f 1886/2/1369 1887/2/1370 1885/2/1368
f 1888/2/1371 1889/2/1372 1887/2/1370
f 1890/2/1373 1891/2/1374 1889/2/1372
f 1891/2/1374 1892/2/1375 1893/2/1376
f 1893/2/1376 1894/2/1377 1895/2/1378
f 1895/2/1378 1896/2/1379 1897/2/1380
f 1897/2/1380 1898/2/1381 1899/2/1382
f 1899/2/1382 1900/2/1383 1901/2/1384
f 1901/2/1384 1902/2/1385 1903/2/1386
f 1902/2/1385 1904/2/1387 1903/2/1386
f 1905/2/1388 1906/2/1389 1904/2/1387
f 1906/2/1389 1907/2/1390 1908/2/1391
f 1908/2/1391 1909/2/1392 1910/2/1393
f 1910/2/1393 1911/2/1394 1912/2/1395
f 1912/2/1395 1913/2/1396 1914/2/1397
f 1914/2/1397 1915/2/1398 1916/2/1399
f 1916/2/1399 1917/2/1400 1918/2/1401
f 1918/2/1401 1919/2/1402 1920/2/1403
f 1920/2/1403 1921/2/1404 1922/2/1405
f 1922/2/1405 1923/2/1406 1924/2/1407
f 1924/2/1407 1833/2/1316 1835/2/1318
f 1852/2/1335 1850/2/1333 1842/2/1325
f 778/1/520 772/1/516 715/1/473
f 1028/1/145 1925/1/145 1926/1/145
f 529/1/143 1927/1/144 1928/1/144
f 330/1/153 320/1/149 1458/1/1012
f 1929/1/383 1930/1/383 1931/1/383
f 1932/1/383 1933/1/383 1929/1/383
f 1934/1/1408 1935/1/143 1932/1/383
f 1326/1/145 1936/1/383 1937/1/383
f 1938/1/383 1939/1/144 1940/1/144
f 525/1/337 1941/1/1409 526/1/338
f 1942/1/383 1943/1/383 1944/1/143
f 898/1/144 1945/1/145 1946/1/145
f 1947/1/143 1948/1/1408 1949/1/143
f 1950/1/178 1303/1/178 1291/1/178
f 1951/1/144 1952/1/144 1953/1/144
f 422/1/240 412/1/231 336/1/161
f 1954/1/144 1955/1/145 1956/1/143
f 1957/1/145 1958/1/144 1955/1/145
f 1959/1/145 770/1/145 1958/1/144
f 1960/2/1410 1961/2/1411 1962/2/1412
f 1963/2/1413 1964/2/1414 1960/2/1410
f 1965/2/1415 1966/2/1416 1963/2/1413
f 1965/2/1415 1967/2/1417 1968/2/1418
f 1969/2/1419 1970/2/1420 1967/2/1417
f 1971/2/1421 1972/2/1422 1970/2/1420
f 1973/2/1423 1974/2/1424 1972/2/1422
f 1975/2/1425 1974/2/1424 1976/2/1426
f 1977/2/1427 1978/2/1428 1975/2/1425
f 1979/2/1429 1980/2/1430 1977/2/1427
f 1981/2/1431 1982/2/1432 1979/2/1429
f 1983/2/1433 1984/2/1434 1981/2/1431
f 1985/2/1435 1986/2/1436 1983/2/1433
f 1987/2/1437 1988/2/1438 1985/2/1435
f 1989/2/1439 1990/2/1440 1987/2/1437
f 1991/2/1441 1992/2/1442 1989/2/1439
f 1993/2/1443 1994/2/1444 1991/2/1441
f 1995/2/1445 1996/2/1446 1993/2/1443
f 1997/2/1447 1998/2/1448 1995/2/1445
f 1999/2/1449 2000/2/1450 1997/2/1447
f 2001/2/1451 2002/2/1452 1999/2/1449
f 2003/2/1453 2004/2/1454 2001/2/1451
f 2005/2/1455 2006/2/1456 2003/2/1453
f 2007/2/1457 2008/2/1458 2005/2/1455
f 2009/2/1459 2010/2/1460 2007/2/1457
f 2011/2/1461 2012/2/1462 2009/2/1459
f 2013/2/1463 2014/2/1464 2011/2/1461
f 2015/2/1465 2016/2/1466 2013/2/1463
f 2017/2/1467 2018/2/1468 2015/2/1465
f 2017/2/1467 2019/2/1469 2020/2/1470
f 2021/2/1471 2022/2/1472 2019/2/1469
f 2023/2/1473 2024/2/1474 2022/2/1472
f 2025/2/1475 2026/2/1476 2024/2/1474
f 2027/2/1477 2028/2/1478 2026/2/1476
f 2029/2/1479 2030/2/1480 2028/2/1478
f 2031/2/1481 2032/2/1482 2033/2/1483
f 2034/2/1484 2035/2/1485 2031/2/1481
f 2034/2/1484 2036/2/1486 2037/2/1487
f 2038/2/1488 2039/2/1489 2036/2/1486
f 2040/2/1490 2041/2/1491 2039/2/1489
f 2042/2/1492 2043/2/1493 2041/2/1491
f 2044/2/1494 2045/2/1495 2043/2/1493
f 2046/2/1496 2047/2/1497 2045/2/1495
f 2048/2/1498 2049/2/1499 2047/2/1497
f 2050/2/1500 2051/2/1501 2049/2/1499
f 2052/2/1502 2053/2/1503 2051/2/1501
f 2054/2/1504 1961/2/1411 2053/2/1503
f 2055/2/1505 2056/2/1506 2057/2/1507
f 275/1/106 278/1/109 276/1/107
f 278/1/109 280/1/111 279/1/110
f 280/1/111 282/1/113 281/1/112
f 282/1/113 285/1/116 283/1/114
f 284/1/115 287/1/118 283/1/114
f 286/1/117 289/1/120 287/1/118
f 288/1/119 291/1/122 289/1/120
f 288/1/119 292/1/123 290/1/121
f 299/1/130 2058/1/1508 2059/1/1509
f 2059/1/1509 2060/1/1510 299/1/130
f 2060/1/1510 297/1/128 299/1/130
f 302/1/131 2061/1/131 300/1/131
f 2061/1/131 2062/1/132 2063/1/132
f 300/1/131 2061/1/131 2063/1/132
f 296/1/127 2064/1/133 390/1/135
f 306/1/136 321/1/138 307/1/137
f 307/1/137 2064/1/133 296/1/127
f 309/11/139 304/11/134 310/11/137
f 314/1/143 2065/1/145 2066/1/145
f 2065/1/145 1070/1/145 2067/1/145
f 2066/1/145 2065/1/145 2067/1/145
f 1070/1/145 1954/1/144 1956/1/143
f 1956/1/143 2067/1/145 1070/1/145
f 2066/1/145 315/1/144 314/1/143
f 315/1/144 2068/1/144 316/1/145
f 323/1/150 2069/1/367 324/1/151
f 1458/1/1012 328/1/155 330/1/153
f 1768/1/1276 1770/1/1278 1764/1/1272
f 339/12/164 2070/12/164 340/12/165
f 342/11/167 335/11/160 309/11/139
f 335/11/160 334/11/159 309/11/139
f 349/1/174 1709/1/1223 1711/1/1225
f 347/1/172 349/1/174 1711/1/1225
f 352/1/177 398/1/218 350/1/175
f 1808/1/131 1810/1/178 2071/1/178
f 1810/1/178 355/1/178 357/1/178
f 2071/1/178 1810/1/178 357/1/178
f 364/1/185 366/1/187 363/1/184
f 364/1/185 367/1/188 365/1/186
f 367/1/188 369/1/190 368/1/189
f 369/1/190 372/1/193 370/1/191
f 371/1/192 374/1/195 370/1/191
f 373/1/194 376/1/197 374/1/195
f 375/1/196 378/1/199 376/1/197
f 377/1/198 409/1/228 378/1/199
f 277/1/108 276/1/107 379/1/200
f 276/1/107 279/1/110 381/1/202
f 279/1/110 281/1/112 382/1/203
f 281/1/112 283/1/114 383/1/204
f 287/1/118 384/1/205 383/1/204
f 289/1/120 385/1/206 384/1/205
f 291/1/122 387/1/208 385/1/206
f 291/1/122 290/1/121 386/1/207
f 293/1/124 295/1/126 389/1/210
f 482/1/297 395/1/215 394/1/214
f 390/1/135 412/1/231 389/1/210
f 358/11/179 2072/11/1511 334/11/159
f 398/1/218 869/1/170 399/1/171
f 2072/11/1511 413/11/232 334/11/159
f 320/1/149 306/1/136 1458/1/1012
f 366/1/187 404/1/223 402/1/221
f 366/1/187 365/1/186 403/1/222
f 365/1/186 368/1/189 405/1/224
f 368/1/189 370/1/191 406/1/225
f 374/1/195 407/1/226 406/1/225
f 376/1/197 408/1/227 407/1/226
f 378/1/199 410/1/229 408/1/227
f 409/1/228 2073/1/1512 410/1/229
f 379/1/200 382/1/203 411/1/230
f 408/1/227 410/1/229 407/1/226
f 410/1/229 2073/1/1512 415/1/233
f 382/1/203 417/1/235 416/1/234
f 384/1/205 418/1/236 417/1/235
f 385/1/206 419/1/237 418/1/236
f 387/1/208 421/1/239 419/1/237
f 387/1/208 386/1/207 420/1/238
f 575/1/371 545/1/346 879/1/366
f 423/1/241 445/1/263 424/1/242
f 404/1/223 430/1/248 428/1/246
f 404/1/223 403/1/222 429/1/247
f 403/1/222 405/1/224 431/1/249
f 405/1/224 406/1/225 432/1/250
f 406/1/225 407/1/226 432/1/250
f 407/1/226 415/1/233 433/1/251
f 418/1/236 435/1/253 434/1/252
f 419/1/237 436/1/254 435/1/253
f 421/1/239 438/1/256 436/1/254
f 421/1/239 420/1/238 437/1/255
f 715/1/473 786/1/524 784/1/525
f 443/1/261 729/1/487 441/1/259
f 444/1/262 328/1/155 424/1/242
f 430/1/248 450/1/267 448/1/265
f 430/1/248 429/1/247 449/1/266
f 429/1/247 431/1/249 451/1/268
f 431/1/249 432/1/250 452/1/269
f 432/1/250 433/1/251 452/1/269
f 435/1/253 454/1/271 453/1/270
f 436/1/254 455/1/272 454/1/271
f 438/1/256 457/1/274 455/1/272
f 438/1/256 437/1/255 456/1/273
f 458/1/275 2074/1/598 459/1/276
f 446/1/264 467/1/284 447/1/258
f 2075/1/1513 2069/1/367 575/1/371
f 323/1/150 575/1/371 2069/1/367
f 440/11/258 483/11/296 465/11/282
f 450/1/267 469/1/286 466/1/283
f 450/1/267 449/1/266 468/1/285
f 449/1/266 451/1/268 470/1/287
f 451/1/268 452/1/269 471/1/288
f 454/1/271 473/1/290 472/1/289
f 455/1/272 457/1/274 474/1/291
f 457/1/274 456/1/273 475/1/292
f 467/1/284 482/1/297 481/1/296
f 469/1/286 485/1/299 484/1/298
f 468/1/285 487/1/301 485/1/299
f 468/1/285 470/1/287 487/1/301
f 470/1/287 471/1/288 486/1/300
f 472/1/289 473/1/290 488/1/302
f 473/1/290 474/1/291 491/1/305
f 474/1/291 475/1/292 492/1/306
f 478/11/294 304/11/134 497/11/311
f 493/1/307 476/1/293 650/1/427
f 650/1/427 494/1/308 493/1/307
f 304/11/134 506/11/320 496/11/310
f 480/11/214 509/11/216 479/11/295
f 485/1/299 499/1/313 498/1/312
f 487/1/301 513/1/325 499/1/313
f 487/1/301 500/1/314 513/1/325
f 486/1/300 516/1/328 500/1/314
f 489/1/303 488/1/302 501/1/315
f 488/1/302 490/1/304 503/1/317
f 490/1/304 491/1/305 504/1/318
f 491/1/305 492/1/306 325/1/152
f 2076/12/1514 2077/12/1515 2078/12/1516
f 493/1/307 2079/1/319 323/1/150
f 396/1/216 395/1/215 508/1/322
f 499/1/313 514/1/326 512/1/324
f 513/1/325 515/1/327 514/1/326
f 500/1/314 517/1/329 515/1/327
f 516/1/328 549/1/349 517/1/329
f 502/1/316 501/1/315 521/1/333
f 501/1/315 503/1/317 522/1/334
f 503/1/317 504/1/318 523/1/335
f 504/1/318 325/1/152 524/1/336
f 570/11/367 2080/11/152 2081/11/1517
f 2080/11/152 570/11/367 565/11/336
f 2079/1/319 575/1/371 323/1/150
f 577/11/371 505/11/319 304/11/134
f 530/1/144 2082/1/143 2083/1/144
f 2082/1/143 2084/1/144 2083/1/144
f 2083/1/144 528/1/143 530/1/144
f 533/1/145 1098/1/144 619/1/145
f 619/1/145 2085/1/145 533/1/145
f 2085/1/145 531/1/145 533/1/145
f 479/11/295 511/11/323 585/11/379
f 536/1/144 2086/1/144 534/1/143
f 2086/1/144 1947/1/143 1949/1/143
f 534/1/143 2086/1/144 1949/1/143
f 512/1/324 708/1/345 507/1/321
f 538/1/178 1312/1/742 539/1/341
f 540/1/342 318/1/147 311/1/140
f 313/1/142 637/1/418 545/1/346
f 542/11/344 593/11/363 543/11/345
f 514/1/326 547/1/347 546/1/344
f 515/1/327 548/1/348 547/1/347
f 517/1/329 550/1/350 548/1/348
f 549/1/349 598/1/387 550/1/350
f 2087/1/825 600/1/389 598/1/387
f 520/1/332 519/1/331 551/1/351
f 519/1/331 521/1/333 554/1/354
f 521/1/333 522/1/334 555/1/355
f 522/1/334 523/1/335 556/1/356
f 523/1/335 524/1/336 557/1/357
f 560/1/360 1320/1/358 558/1/358
f 570/11/367 566/11/364 565/11/336
f 339/12/164 2088/12/164 2070/12/164
f 2088/12/164 2089/12/164 2090/12/164
f 2070/12/164 2088/12/164 2090/12/164
f 575/1/371 879/1/366 2075/1/1513
f 2091/1/1518 2092/1/1518 2093/1/1518
f 563/1/363 584/1/379 564/1/323
f 569/11/366 635/11/416 566/11/364
f 571/1/145 1425/1/746 1417/1/145
f 572/1/368 1419/1/979 573/1/369
f 571/1/145 1417/1/145 572/1/368
f 304/11/134 309/11/139 576/11/372
f 479/11/295 586/11/376 2094/11/378
f 584/1/379 563/1/363 2095/1/380
f 587/11/380 593/11/363 588/11/381
f 584/1/379 2095/1/380 653/1/382
f 653/1/382 582/1/377 584/1/379
f 592/1/145 2096/1/1408 2097/1/1408
f 2096/1/1408 2098/1/143 2097/1/1408
f 2097/1/1408 2098/1/143 2099/1/383
f 2098/1/143 1937/1/383 2099/1/383
f 1937/1/383 1936/1/383 2100/1/383
f 2100/1/383 2099/1/383 1937/1/383
f 2097/1/1408 590/1/383 592/1/145
f 590/1/383 743/1/383 591/1/383
f 743/1/383 742/1/383 591/1/383
f 547/1/347 596/1/385 595/1/384
f 548/1/348 597/1/386 596/1/385
f 550/1/350 599/1/388 597/1/386
f 598/1/387 662/1/435 599/1/388
f 598/1/387 601/1/390 662/1/435
f 600/1/389 623/1/404 601/1/390
f 552/1/352 551/1/351 602/1/391
f 1001/1/709 1047/1/746 608/1/145
f 1047/1/746 606/1/145 608/1/145
f 574/1/370 611/1/395 545/1/346
f 615/1/399 2101/1/1519 613/1/397
f 2101/1/1519 2102/1/1520 613/1/397
f 614/1/398 861/1/586 615/1/399
f 479/11/295 2094/11/378 651/11/400
f 619/1/145 1325/1/145 617/1/358
f 618/1/145 2085/1/145 619/1/145
f 601/1/390 669/1/442 665/1/438
f 623/1/404 2103/1/829 624/1/405
f 605/1/394 627/1/408 625/1/406
f 604/1/393 629/1/410 627/1/408
f 604/1/393 551/1/351 628/1/409
f 551/1/351 553/1/353 630/1/411
f 553/1/353 554/1/354 631/1/412
f 554/1/354 555/1/355 632/1/413
f 555/1/355 556/1/356 633/1/414
f 556/1/356 557/1/357 634/1/415
f 566/11/364 639/11/419 567/11/357
f 639/11/419 679/11/415 567/11/357
f 638/1/417 880/1/416 545/1/346
f 636/11/417 682/11/418 639/11/419
f 311/1/140 545/1/346 610/1/396
f 610/1/396 2104/1/1521 311/1/140
f 309/11/139 2105/11/1521 612/11/396
f 2105/11/1521 309/11/139 641/11/421
f 643/12/422 2106/12/422 644/12/422
f 644/12/422 2107/12/422 642/12/422
f 309/11/139 649/11/426 645/11/342
f 479/11/295 652/11/428 649/11/426
f 589/11/382 588/11/381 655/11/430
f 656/11/429 655/11/430 685/11/431
f 399/1/171 2108/1/169 400/1/219
f 596/1/385 660/1/433 659/1/432
f 597/1/386 661/1/434 660/1/433
f 599/1/388 663/1/436 661/1/434
f 662/1/435 664/1/437 663/1/436
f 601/1/390 666/1/439 664/1/437
f 665/1/438 668/1/441 666/1/439
f 665/1/438 669/1/442 667/1/440
f 669/1/442 2109/1/1522 670/1/443
f 694/1/460 625/1/406 646/1/423
f 625/1/406 627/1/408 646/1/423
f 646/1/423 627/1/408 629/1/410
f 629/1/410 442/1/260 647/1/424
f 647/1/424 646/1/423 629/1/410
f 629/1/410 628/1/409 671/1/444
f 628/1/409 630/1/411 672/1/445
f 630/1/411 631/1/412 673/1/446
f 631/1/412 632/1/413 674/1/447
f 632/1/413 633/1/414 675/1/448
f 633/1/414 634/1/415 675/1/448
f 639/11/419 680/11/450 679/11/415
f 678/1/178 1067/1/178 2110/1/132
f 2110/1/132 676/1/178 678/1/178
f 2111/1/1523 2112/1/1523 2113/1/1523
f 680/11/450 639/11/419 683/11/142
f 683/11/142 706/11/141 680/11/450
f 655/11/430 686/11/453 684/11/452
f 582/1/377 2114/1/452 318/1/147
f 2114/1/452 2115/1/454 318/1/147
f 661/1/434 690/1/456 689/1/455
f 663/1/436 691/1/457 690/1/456
f 664/1/437 692/1/458 691/1/457
f 666/1/439 693/1/459 692/1/458
f 668/1/441 722/1/480 693/1/459
f 722/1/480 668/1/441 620/1/401
f 668/1/441 667/1/440 621/1/402
f 620/1/401 668/1/441 621/1/402
f 621/1/402 667/1/440 670/1/443
f 670/1/443 724/1/482 621/1/402
f 694/1/460 646/1/423 695/1/461
f 671/1/444 698/1/464 443/1/261
f 671/1/444 672/1/445 697/1/463
f 672/1/445 673/1/446 699/1/465
f 673/1/446 674/1/447 700/1/466
f 674/1/447 675/1/448 701/1/467
f 704/1/145 1944/1/143 702/1/145
f 1944/1/143 1943/1/383 2116/1/144
f 2116/1/144 702/1/145 1944/1/143
f 680/11/450 734/11/492 705/11/448
f 707/11/361 737/11/362 680/11/450
f 689/1/455 710/1/469 712/1/471
f 739/1/495 2117/1/537 2118/1/536
f 686/11/453 688/11/455 713/11/471
f 717/1/475 736/1/494 715/1/473
f 689/1/455 718/1/476 710/1/469
f 690/1/456 719/1/477 718/1/476
f 691/1/457 720/1/478 719/1/477
f 692/1/458 721/1/479 720/1/478
f 693/1/459 753/1/505 721/1/479
f 753/1/505 693/1/459 723/1/481
f 875/1/596 2074/1/598 458/1/275
f 724/1/482 2119/1/1524 725/1/483
f 729/1/487 443/1/261 727/1/485
f 727/1/485 698/1/464 697/1/463
f 697/1/463 730/1/488 727/1/485
f 697/1/463 699/1/465 731/1/489
f 699/1/465 700/1/466 732/1/490
f 700/1/466 701/1/467 733/1/491
f 447/1/258 467/1/284 481/1/296
f 311/1/140 715/1/473 562/1/362
f 318/1/147 741/1/497 739/1/495
f 2120/1/746 1934/1/1408 744/1/143
f 1934/1/1408 742/1/383 744/1/143
f 718/1/476 747/1/499 710/1/469
f 719/1/477 748/1/500 747/1/499
f 720/1/478 749/1/501 748/1/500
f 721/1/479 752/1/504 749/1/501
f 752/1/504 721/1/479 750/1/502
f 721/1/479 753/1/505 750/1/502
f 750/1/502 723/1/481 754/1/506
f 725/1/483 2119/1/1524 2121/1/1525
f 695/1/461 820/1/553 755/1/507
f 695/1/461 2122/1/1526 820/1/553
f 728/1/486 757/1/509 756/1/508
f 349/1/174 1825/1/1314 1824/1/1313
f 730/1/488 759/1/511 757/1/509
f 730/1/488 731/1/489 758/1/510
f 731/1/489 732/1/490 760/1/512
f 732/1/490 733/1/491 761/1/513
f 733/1/491 675/1/448 762/1/514
f 765/1/178 2123/1/131 2124/1/131
f 2123/1/131 1817/1/574 2124/1/131
f 2124/1/131 763/1/178 765/1/178
f 680/11/450 768/11/474 735/11/493
f 583/1/378 582/1/377 318/1/147
f 768/11/474 833/11/565 735/11/493
f 493/1/307 495/1/309 2079/1/319
f 295/1/126 296/1/127 390/1/135
f 754/1/506 723/1/481 766/1/515
f 680/11/450 738/11/494 767/11/475
f 771/1/144 2125/1/143 2126/1/143
f 2125/1/143 1928/1/144 2127/1/144
f 1928/1/144 1927/1/144 2127/1/144
f 2127/1/144 2126/1/143 2125/1/143
f 2126/1/143 769/1/144 771/1/144
f 716/1/474 715/1/473 772/1/516
f 774/11/518 836/11/517 775/11/519
f 774/11/518 781/11/522 782/11/523
f 580/1/375 579/1/374 785/1/526
f 2128/1/1527 2129/1/1528 791/1/529
f 2129/1/1528 792/1/530 791/1/529
f 792/1/530 2130/1/1529 790/1/528
f 578/1/373 739/1/495 2131/1/531
f 795/1/533 695/1/461 646/1/423
f 789/11/373 794/11/532 774/11/518
f 794/11/532 793/11/531 796/11/534
f 739/1/495 2118/1/536 2132/1/535
f 2133/1/746 316/1/145 2068/1/144
f 2134/1/746 2135/1/143 2136/1/143
f 2135/1/143 799/1/143 2137/1/143
f 2134/1/746 2136/1/143 2133/1/746
f 2133/1/746 2068/1/144 2134/1/746
f 2137/1/143 2136/1/143 2135/1/143
f 2138/1/746 2139/1/746 800/1/383
f 2139/1/746 801/1/383 800/1/383
f 801/1/383 2137/1/143 799/1/143
f 2140/1/1530 2141/1/1530 2142/1/1530
f 739/1/495 741/1/497 805/1/539
f 2143/11/539 843/11/573 794/11/532
f 794/11/532 802/11/537 2143/11/539
f 311/1/140 2104/1/1521 806/1/540
f 807/11/541 745/11/497 686/11/453
f 747/1/499 811/1/544 810/1/543
f 748/1/500 812/1/545 811/1/544
f 749/1/501 813/1/546 812/1/545
f 752/1/504 815/1/548 813/1/546
f 752/1/504 751/1/503 814/1/547
f 751/1/503 754/1/506 816/1/549
f 299/1/130 298/1/129 1758/1/1266
f 725/1/483 2121/1/1525 819/1/552
f 2144/1/1531 755/1/507 820/1/553
f 790/1/528 2130/1/1529 2145/1/1532
f 759/1/511 825/1/558 823/1/556
f 759/1/511 758/1/510 824/1/557
f 758/1/510 760/1/512 826/1/559
f 760/1/512 761/1/513 827/1/560
f 827/1/560 761/1/513 867/1/592
f 761/1/513 762/1/514 867/1/592
f 426/1/244 446/1/264 397/1/217
f 606/1/145 1047/1/746 2146/1/145
f 1047/1/746 828/1/561 2147/1/145
f 2146/1/1533 1047/1/1533 2147/1/1533
f 829/1/562 1027/1/383 1052/1/145
f 830/1/145 2147/1/145 828/1/561
f 829/1/562 1052/1/145 830/1/145
f 768/11/474 831/11/563 833/11/565
f 525/1/337 527/1/339 2148/1/1534
f 2149/11/1535 833/11/565 832/11/564
f 832/11/564 2150/11/1536 2149/11/1535
f 2151/12/1537 2152/12/1537 2153/12/1537
f 2154/1/1538 2155/1/745 2156/1/743
f 2156/1/743 2155/1/745 2157/1/744
f 2158/12/1539 2077/12/1515 2159/12/1539
f 2077/12/1515 2076/12/1514 2159/12/1539
f 2159/12/1539 839/12/569 2158/12/1539
f 838/12/568 2158/12/1539 839/12/569
f 842/1/572 804/1/538 741/1/497
f 844/11/572 2160/11/571 794/11/532
f 845/1/131 1803/1/574 2161/1/574
f 846/1/574 2162/1/574 847/1/131
f 845/1/131 2161/1/574 846/1/574
f 2163/1/542 1728/1/575 741/1/497
f 1728/1/575 841/1/571 741/1/497
f 686/11/453 809/11/543 2164/11/610
f 2165/11/1540 851/11/578 850/11/577
f 902/1/610 810/1/543 811/1/544
f 811/1/544 855/1/580 902/1/610
f 812/1/545 856/1/581 855/1/580
f 813/1/546 857/1/582 856/1/581
f 815/1/548 859/1/584 857/1/582
f 815/1/548 814/1/547 858/1/583
f 814/1/547 816/1/549 858/1/583
f 817/1/550 910/1/618 2166/1/1541
f 819/1/552 2167/1/1542 817/1/550
f 2168/1/1543 2144/1/1531 820/1/553
f 822/1/555 917/1/625 820/1/553
f 2169/1/1544 2170/1/1544 2171/1/1544
f 825/1/558 864/1/589 862/1/587
f 825/1/558 824/1/557 863/1/588
f 824/1/557 826/1/559 865/1/590
f 826/1/559 827/1/560 866/1/591
f 2148/1/1534 527/1/339 867/1/592
f 527/1/339 526/1/338 873/1/570
f 841/1/1545 2172/1/1546 2173/1/1547
f 318/1/147 317/1/146 616/1/400
f 870/1/594 872/1/158 425/1/243
f 868/11/593 2174/11/595 840/11/570
f 872/1/158 870/1/594 400/1/219
f 400/1/219 2108/1/169 871/1/168
f 874/1/595 877/1/593 527/1/339
f 877/1/593 876/1/597 527/1/339
f 875/1/596 458/1/275 876/1/597
f 774/11/518 2175/11/277 883/11/276
f 774/11/518 885/11/600 2175/11/277
f 774/11/518 887/11/602 891/11/604
f 794/11/532 895/11/607 887/11/602
f 896/1/143 536/1/144 535/1/144
f 897/1/143 2176/1/143 898/1/144
f 896/1/143 535/1/144 897/1/143
f 2131/1/531 739/1/495 2177/1/534
f 739/1/495 2132/1/535 2177/1/534
f 901/11/609 794/11/532 2160/11/571
f 461/1/278 2173/1/1547 900/1/608
f 855/1/580 905/1/613 902/1/610
f 856/1/581 906/1/614 905/1/613
f 857/1/582 907/1/615 906/1/614
f 859/1/584 909/1/617 907/1/615
f 859/1/584 858/1/583 908/1/616
f 858/1/583 816/1/549 908/1/616
f 2178/1/1548 2179/1/1548 2180/1/1548
f 2167/1/1542 2181/1/1549 817/1/550
f 914/1/622 2168/1/1543 912/1/620
f 2168/1/1543 820/1/553 912/1/620
f 915/1/623 913/1/621 912/1/620
f 912/1/620 820/1/553 917/1/625
f 862/1/587 919/1/627 920/1/628
f 916/1/624 920/1/628 915/1/623
f 864/1/589 921/1/629 862/1/587
f 864/1/589 863/1/588 922/1/630
f 863/1/588 865/1/590 923/1/631
f 865/1/590 866/1/591 924/1/632
f 866/1/591 867/1/592 925/1/633
f 527/1/339 954/1/662 925/1/633
f 527/1/339 926/1/634 954/1/662
f 458/1/275 460/1/277 876/1/597
f 460/1/277 2182/1/1550 677/1/449
f 2182/1/1550 928/1/636 677/1/449
f 927/1/635 1001/1/709 677/1/449
f 1001/1/709 927/1/635 2183/1/1551
f 2183/1/1551 462/1/279 1001/1/709
f 1001/1/709 462/1/279 930/1/638
f 462/1/279 900/1/608 930/1/638
f 900/1/608 2184/1/1552 929/1/637
f 903/1/611 902/1/610 931/1/639
f 905/1/613 932/1/640 931/1/639
f 906/1/614 933/1/641 932/1/640
f 907/1/615 934/1/642 933/1/641
f 909/1/617 936/1/644 934/1/642
f 936/1/644 909/1/617 908/1/616
f 937/1/645 908/1/616 938/1/646
f 941/1/649 943/1/651 939/1/647
f 911/1/619 817/1/550 941/1/649
f 941/1/649 817/1/550 2181/1/1549
f 2181/1/1549 942/1/650 941/1/649
f 913/1/621 918/1/626 944/1/652
f 918/1/626 915/1/623 919/1/627
f 937/1/645 939/1/647 935/1/643
f 939/1/647 943/1/651 2185/1/1553
f 943/1/651 942/1/650 946/1/654
f 918/1/626 948/1/656 947/1/655
f 921/1/629 922/1/630 949/1/657
f 922/1/630 923/1/631 950/1/658
f 923/1/631 924/1/632 951/1/659
f 924/1/632 925/1/633 952/1/660
f 925/1/633 954/1/662 953/1/661
f 926/1/634 955/1/663 953/1/661
f 1001/1/709 930/1/638 957/1/665
f 930/1/638 929/1/637 956/1/664
f 931/1/639 958/1/666 956/1/664
f 932/1/640 959/1/667 958/1/666
f 933/1/641 960/1/668 959/1/667
f 934/1/642 961/1/669 960/1/668
f 936/1/644 963/1/671 961/1/669
f 936/1/644 935/1/643 963/1/671
f 935/1/643 946/1/654 962/1/670
f 949/1/657 965/1/673 964/1/672
f 950/1/658 951/1/659 966/1/674
f 951/1/659 952/1/660 967/1/675
f 952/1/660 953/1/661 968/1/676
f 955/1/663 969/1/677 968/1/676
f 1001/1/709 957/1/665 971/1/679
f 957/1/665 956/1/664 970/1/678
f 958/1/666 972/1/680 970/1/678
f 959/1/667 973/1/681 972/1/680
f 960/1/668 975/1/683 973/1/681
f 960/1/668 961/1/669 975/1/683
f 961/1/669 963/1/671 974/1/682
f 963/1/671 962/1/670 974/1/682
f 965/1/673 966/1/674 977/1/685
f 966/1/674 967/1/675 978/1/686
f 967/1/675 968/1/676 979/1/687
f 968/1/676 969/1/677 980/1/688
f 969/1/677 876/1/597 677/1/449
f 971/1/679 981/1/689 1001/1/709
f 970/1/678 982/1/690 981/1/689
f 972/1/680 983/1/691 982/1/690
f 973/1/681 984/1/692 983/1/691
f 975/1/683 2186/1/1554 984/1/692
f 975/1/683 974/1/682 2186/1/1554
f 977/1/685 987/1/695 985/1/693
f 977/1/685 978/1/686 986/1/694
f 978/1/686 979/1/687 988/1/696
f 979/1/687 980/1/688 989/1/697
f 981/1/689 990/1/698 1001/1/709
f 982/1/690 991/1/699 990/1/698
f 983/1/691 992/1/700 991/1/699
f 984/1/692 994/1/702 992/1/700
f 984/1/692 2186/1/1554 993/1/701
f 676/1/178 2110/1/132 2187/1/178
f 2187/1/1315 2188/1/1315 676/1/1315
f 2188/1/178 2189/1/178 1025/1/731
f 676/1/178 2188/1/178 1025/1/731
f 2189/1/178 2190/1/178 1024/1/730
f 2190/1/178 1026/1/178 1023/1/178
f 1026/1/178 2191/1/574 1022/1/574
f 1023/1/132 1024/1/730 2190/1/178
f 1024/1/730 1025/1/731 2189/1/178
f 1040/1/178 1039/1/742 1019/1/727
f 1042/1/178 1066/1/178 1039/1/178
f 1039/1/742 1040/1/178 1041/1/178
f 1022/1/574 2191/1/574 1041/1/178
f 1046/1/745 2192/1/1538 1044/1/743
f 1054/1/145 1053/1/145 1055/1/358
f 1055/1/145 2193/1/145 1056/1/145
f 1054/1/145 1925/1/145 1028/1/145
f 1030/1/733 1055/1/358 1053/1/145
f 1036/1/739 1035/1/738 1062/1/751
f 1048/1/178 1039/1/178 1065/1/178
f 1100/1/145 2194/1/145 1071/1/145
f 2194/1/145 1072/1/145 1071/1/145
f 1072/1/145 2193/1/145 1055/1/145
f 1060/1/749 1073/1/754 1103/1/762
f 1061/1/750 2195/1/1555 1073/1/754
f 1062/1/751 1075/1/756 1361/1/930
f 1064/1/753 1077/1/758 1075/1/756
f 1064/1/753 1035/1/738 1076/1/757
f 1079/1/178 1038/1/741 1083/1/178
f 1050/1/742 1083/1/178 1038/1/741
f 677/1/449 537/1/340 1087/1/178
f 1088/1/178 1067/1/178 678/1/178
f 1092/1/145 559/1/359 1001/1/709
f 1093/1/145 1092/1/145 608/1/145
f 1098/1/144 1301/1/145 1096/1/145
f 1058/1/747 1096/1/145 1100/1/145
f 1103/1/762 1105/1/764 1102/1/761
f 1103/1/762 1073/1/754 1104/1/763
f 1073/1/754 2196/1/1556 1106/1/765
f 1107/13/766 1110/13/768 1108/13/767
f 1110/13/768 1112/13/770 1111/13/769
f 1112/13/770 1114/13/772 1113/13/771
f 1114/13/772 2197/13/774 1115/13/773
f 1116/14/774 1120/18/777 1117/15/775
f 1119/17/776 2198/89/1557 1117/15/775
f 1121/13/330 1125/13/779 1122/13/778
f 1124/13/332 1127/13/781 1125/13/779
f 1126/13/780 1129/13/782 1127/13/781
f 1128/13/392 2199/13/1558 1129/13/782
f 2200/13/1559 2201/13/1560 1131/13/784
f 2201/13/1560 1132/13/785 1131/13/784
f 1132/13/785 2202/13/1561 1130/13/783
f 2202/13/1561 2203/13/1562 2204/13/1563
f 2203/13/1562 2205/13/1564 2204/13/1563
f 2205/13/1564 2206/13/1565 2207/13/1566
f 2204/13/1563 2205/13/1564 2207/13/1566
f 2204/13/1563 1130/13/783 2202/13/1561
f 1154/24/805 1133/19/786 1135/21/788
f 1133/19/786 1136/22/789 1134/20/787
f 2208/13/789 1138/13/791 1140/13/790
f 1138/13/791 1141/13/793 1139/13/792
f 1141/13/793 1144/13/796 1142/13/794
f 1145/13/797 1148/13/799 1146/13/798
f 1148/13/799 1150/13/801 1149/13/800
f 1150/13/801 1152/13/803 1151/13/802
f 1152/13/803 2209/13/1567 1153/13/804
f 1154/24/805 1135/21/788 1155/25/806
f 1135/21/788 1134/20/787 1157/27/807
f 1137/23/790 2210/90/1568 1157/27/807
f 1140/13/790 1139/13/792 1158/13/808
f 1142/13/794 1160/13/810 1158/13/808
f 1143/13/795 2211/13/795 1160/13/810
f 2212/13/1569 2213/13/1570 2214/13/1571
f 2214/13/1571 2215/13/1572 1162/13/812
f 2215/13/1572 2216/13/1573 1162/13/812
f 2216/13/1573 2217/13/1574 1163/13/813
f 2218/13/1575 2219/13/1576 1161/13/811
f 2216/13/1573 1163/13/813 1162/13/812
f 1163/13/813 2218/13/1575 1161/13/811
f 2212/13/1569 2214/13/1571 1162/13/812
f 1164/13/766 2220/13/766 1165/13/767
f 1166/13/814 1165/13/767 1167/13/815
f 1168/13/816 1167/13/815 1169/13/817
f 1170/13/818 1169/13/817 1171/13/819
f 1173/28/820 2221/91/819 1174/29/821
f 1174/29/821 2222/92/1577 1176/31/823
f 1177/13/824 1180/13/826 1178/13/825
f 1180/13/826 1182/13/828 1181/13/827
f 1182/13/828 1184/13/782 1183/13/404
f 1184/13/782 2223/13/1558 1185/13/829
f 2224/13/1578 2225/13/1579 2226/13/1580
f 2225/13/1579 2227/13/1581 2226/13/1580
f 2226/13/1580 2228/13/1582 2224/13/1578
f 2224/13/1578 2228/13/1582 2229/13/1583
f 2228/13/1582 1188/13/832 2229/13/1583
f 1188/13/832 2230/13/1584 1186/13/830
f 2229/13/1583 1188/13/832 1187/13/831
f 2230/13/1584 2231/13/1585 1186/13/830
f 1191/34/835 1190/33/834 1192/35/836
f 1193/36/837 1192/35/836 1213/39/838
f 1196/13/839 1195/13/838 1197/13/840
f 1198/13/841 1197/13/840 1199/13/842
f 1202/13/797 2232/13/797 1203/13/798
f 1204/13/843 1203/13/798 1205/13/844
f 1206/13/845 1205/13/844 1207/13/846
f 1208/13/847 1207/13/846 1209/13/848
f 1189/32/833 2233/93/848 1211/37/850
f 1190/33/834 1211/37/850 1212/38/851
f 1212/38/851 2234/94/1586 1213/39/838
f 1195/13/838 2235/13/1587 1214/13/852
f 1214/13/852 1215/13/810 1199/13/842
f 1215/13/810 2236/13/795 1201/13/795
f 1217/13/854 2237/13/1588 2238/13/1589
f 2238/13/1589 1218/13/855 1217/13/854
f 1218/13/855 2239/13/1590 2240/13/1591
f 2239/13/1590 2241/13/1592 2242/13/1593
f 2242/13/1593 2240/13/1591 2239/13/1590
f 2240/13/1591 2243/13/1594 2244/13/1595
f 2240/13/1591 2244/13/1595 1218/13/855
f 2244/13/1595 1216/13/853 1218/13/855
f 2245/13/1596 2246/13/1596 2247/13/1596
f 2248/13/1597 2249/13/1598 2250/13/1599
f 2251/13/1600 2252/13/1601 2253/13/1602
f 2248/13/1597 2250/13/1599 2254/13/1603
f 2254/13/1603 2250/13/1599 2255/13/1604
f 2256/13/858 2257/13/1605 1655/13/856
f 1655/13/856 1656/13/106 2258/13/1606
f 2258/13/1606 2259/13/1607 2260/13/859
f 1223/44/860 2261/95/1608 1224/45/861
f 1225/46/862 1224/45/861 1226/47/863
f 1227/48/864 1226/47/863 2262/96/1609
f 2262/96/1609 2263/97/1610 1227/48/864
f 2263/97/1610 2264/98/1611 1227/48/864
f 2264/98/1611 2265/99/1612 1227/48/864
f 2265/99/1612 1228/49/865 1227/48/864
f 1228/49/865 2266/100/1613 1229/50/866
f 2267/13/1614 2268/13/1615 1452/13/1006
f 1453/13/1007 2268/13/1615 2269/13/1616
f 1235/13/871 2270/13/1617 2271/13/874
f 1238/53/874 1237/52/873 2272/101/871
f 2273/13/872 2274/13/1618 1233/13/870
f 1239/54/875 1242/57/878 1240/55/876
f 1242/57/878 1244/59/880 1243/58/879
f 1244/59/880 2275/102/1619 1245/60/881
f 1244/59/880 2276/103/1620 2275/102/1619
f 1244/59/880 2277/104/1621 2276/103/1620
f 1244/59/880 1247/62/883 2277/104/1621
f 1246/61/882 2278/105/1622 1247/62/883
f 1248/13/884 2279/13/1623 1434/13/990
f 2280/13/1624 2281/13/1625 2282/13/1626
f 2283/13/1627 2284/13/1628 2285/13/1629
f 1253/1/889 1252/1/888 1255/1/891
f 1266/1/898 1265/1/897 2286/1/1630
f 2287/1/1631 1254/1/890 1252/1/888
f 1254/1/890 1256/1/892 1255/1/891
f 1256/1/892 2288/1/1632 1257/1/893
f 1264/1/896 2289/1/1633 1265/1/897
f 1268/64/900 2290/106/1634 1269/65/901
f 2290/106/1634 2291/107/1635 2292/108/944
f 1269/65/901 2290/106/1634 2292/108/944
f 1269/65/901 2293/109/1636 1267/63/899
f 2293/109/1636 2294/110/964 2295/111/1637
f 2295/111/1637 2294/110/964 2296/112/1638
f 2295/111/1637 2297/113/1639 2293/109/1636
f 2297/113/1639 1267/63/899 2293/109/1636
f 1373/1/938 2298/1/1640 1385/1/947
f 2299/2/949 2300/2/947 1274/2/904
f 2300/2/947 1275/2/905 1274/2/904
f 1275/2/905 2301/2/932 1273/2/903
f 2302/114/951 2303/115/943 2304/116/950
f 2304/116/950 2305/67/1641 2302/114/951
f 2305/67/1641 2306/66/1642 2307/68/1643
f 2302/114/951 2305/67/1641 2307/68/1643
f 1411/1/973 2308/1/1644 1399/1/961
f 1286/2/910 2309/2/1645 2310/2/1646
f 2309/2/1645 2311/2/974 2310/2/1646
f 2310/2/1646 1287/2/911 1286/2/910
f 2312/1/1647 2313/1/1647 2314/1/1647
f 2315/1/1648 2316/1/1648 2317/1/1648
f 2318/116/976 2319/115/969 2320/114/977
f 2320/114/977 1290/68/914 1289/67/913
f 2320/114/977 1289/67/913 2318/116/976
f 2321/2/1649 2322/2/1107 2323/2/1650
f 2324/2/1651 2323/2/1650 2322/2/1107
f 1295/1/915 1316/1/742 1296/1/178
f 537/1/340 1296/1/178 1086/1/178
f 1297/1/916 559/1/359 1298/1/358
f 1304/1/178 2325/1/178 1305/1/178
f 1309/1/131 1832/1/1315 2326/1/131
f 1832/1/1315 1831/1/131 2327/1/1652
f 2327/1/1652 2326/1/131 1832/1/1315
f 2326/1/131 1307/1/131 1309/1/131
f 1810/1/178 1343/1/178 355/1/178
f 1343/1/178 1311/1/178 355/1/178
f 1311/1/178 1303/1/178 1310/1/1653
f 1303/1/132 1950/1/132 2328/1/131
f 2328/1/131 1310/1/1653 1303/1/178
f 537/1/340 539/1/341 1295/1/915
f 539/1/341 1314/1/742 1316/1/742
f 1299/1/358 1318/1/358 560/1/360
f 1323/1/574 2329/1/131 1321/1/574
f 2329/1/131 2330/1/1654 2331/1/131
f 2332/1/1654 2333/1/574 2334/1/574
f 2333/1/574 1812/1/574 2334/1/574
f 1812/1/574 2335/1/742 2334/1/574
f 2333/1/574 2332/1/1654 2330/1/1654
f 1322/1/131 2336/1/1655 1323/1/574
f 2332/1/1654 2331/1/131 2330/1/1654
f 2331/1/131 1321/1/574 2329/1/131
f 531/1/145 2085/1/145 618/1/145
f 2115/1/454 2337/1/468 318/1/147
f 1331/1/917 1329/1/178 1332/1/178
f 1332/1/178 2338/1/178 1313/1/178
f 1334/1/919 558/1/358 1335/1/145
f 1335/1/145 558/1/358 1319/1/145
f 1345/1/574 1344/1/178 1330/1/178
f 1354/1/144 1336/1/145 1339/1/145
f 1341/1/145 1359/1/145 704/1/145
f 1359/1/145 2339/1/145 704/1/145
f 704/1/145 1357/1/1656 1341/1/145
f 1357/1/1656 2340/1/143 1325/1/145
f 2340/1/1657 617/1/1657 1325/1/1657
f 1370/1/178 1345/1/574 1369/1/935
f 1366/1/132 2341/1/132 1367/1/178
f 1367/1/178 1370/1/178 1369/1/935
f 1346/1/178 1345/1/574 1370/1/178
f 1375/1/132 1366/1/132 1368/1/178
f 1377/1/941 1376/1/940 1369/1/935
f 1376/1/940 1368/1/178 1369/1/935
f 1378/1/942 2342/1/1658 1375/1/132
f 1343/1/178 1810/1/178 1377/1/941
f 1417/1/145 1946/1/145 1418/1/978
f 1419/1/979 2343/1/1659 1359/1/145
f 1424/1/145 2344/1/383 1425/1/746
f 1424/1/145 571/1/145 573/1/369
f 1356/1/145 1424/1/145 1416/1/145
f 1436/13/992 2345/13/982 1435/13/991
f 1437/13/993 1441/13/997 1438/13/994
f 1440/13/996 2346/13/1660 1441/13/997
f 1440/13/996 2347/13/962 2346/13/1660
f 1440/13/996 2348/13/967 2347/13/962
f 1440/13/996 2349/13/968 2348/13/967
f 1440/13/955 1447/13/1001 1446/13/1000
f 1447/13/1001 2350/13/1661 1448/13/1002
f 1449/13/1003 1452/13/1006 1450/13/1004
f 1454/1/1008 2351/1/1662 292/1/123
f 2351/1/1662 1455/1/1009 292/1/123
f 1455/1/1009 2352/1/1663 296/1/127
f 2352/1/1663 1456/1/1010 296/1/127
f 1456/1/1010 1457/1/1011 306/1/136
f 1457/1/1011 1459/1/1013 1458/1/1012
f 1459/1/1013 1460/1/1014 328/1/155
f 1460/1/1014 2353/1/1664 424/1/242
f 424/1/242 2353/1/1664 1461/1/1015
f 400/1/219 870/1/594 1461/1/1015
f 1461/1/1015 2354/1/1665 400/1/219
f 400/1/219 2354/1/1665 1462/1/1016
f 350/1/175 398/1/218 2355/1/1666
f 398/1/218 1462/1/1016 2355/1/1666
f 350/1/175 2355/1/1666 2356/1/1667
f 350/1/175 2356/1/1667 1463/1/1017
f 361/1/182 1463/1/1017 2357/1/1668
f 361/1/182 2357/1/1668 1464/1/1018
f 1628/13/1183 1630/13/1185 1629/13/1184
f 1630/13/1185 2358/13/1125 1631/13/1186
f 1632/69/1125 1635/72/1136 1633/70/1187
f 1635/72/1136 1637/74/1111 1636/73/1188
f 1637/74/1111 1639/76/1107 1638/75/1189
f 1639/76/1107 2359/117/1669 1640/77/1190
f 1640/77/1190 2359/117/1669 1641/78/1191
f 1641/78/1191 2360/118/1670 1642/79/1192
f 1642/79/1192 2360/118/1670 1643/80/1078
f 1644/81/1193 1643/80/1078 1645/82/1077
f 1646/83/1194 1645/82/1077 1647/84/1065
f 1648/85/1195 1647/84/1065 1649/86/1196
f 1651/13/1197 2361/13/1052 1652/13/1038
f 1653/13/1198 1652/13/1038 1654/13/1047
f 1705/88/1221 1707/88/1221 2362/88/1221
f 621/1/402 725/1/483 1708/1/1222
f 2363/1/1508 2364/1/1671 2365/1/1672
f 582/1/377 657/1/431 2114/1/452
f 2366/1/541 2163/1/542 741/1/497
f 350/1/175 392/1/212 351/1/176
f 2367/1/1673 2368/1/1674 1733/1/1241
f 1733/1/1241 2368/1/1674 1734/1/1242
f 1734/1/1242 1746/1/1254 1735/1/1243
f 1735/1/1243 1746/1/1254 1747/1/1255
f 2369/1/1675 1748/1/1256 1750/1/1258
f 1738/1/1246 1750/1/1258 1736/1/1244
f 1736/1/1244 2370/1/1676 1737/1/1245
f 1753/1/1261 1752/1/1260 2371/1/1677
f 1739/1/1247 2372/1/1678 1740/1/1248
f 1742/1/1250 2373/1/1679 1743/1/1251
f 1743/1/1251 2373/1/1679 1745/1/1253
f 1750/1/1258 1749/1/1257 1736/1/1244
f 2374/1/1680 1751/1/1259 1753/1/1261
f 1754/1/1262 2375/1/1681 1755/1/1263
f 1754/1/1262 2376/1/1682 2375/1/1681
f 526/1/338 716/1/474 873/1/570
f 2377/1/1672 2059/1/1509 2058/1/1508
f 298/1/129 297/1/128 1757/1/1265
f 2378/1/1223 1758/1/1266 1760/1/1268
f 2379/1/1224 2378/1/1223 1760/1/1268
f 1758/1/1266 1757/1/1265 1759/1/1267
f 1305/1/178 2325/1/178 1293/1/178
f 2325/1/178 1291/1/178 1293/1/178
f 1291/1/178 1079/1/178 1293/1/178
f 2380/1/1683 2381/1/1683 2382/1/1683
f 1776/1/1282 1778/1/1284 1787/1/1293
f 1779/1/1285 1790/1/1296 1777/1/1283
f 1783/1/1289 2383/1/1684 1784/1/1290
f 2383/1/1684 1796/1/1302 1784/1/1290
f 2384/1/1685 1794/1/1300 1796/1/1302
f 1777/1/1283 1789/1/1295 1786/1/1292
f 1777/1/1283 1790/1/1296 1788/1/1294
f 1782/1/1288 1781/1/1287 1793/1/1299
f 1796/1/1302 1795/1/1301 1784/1/1290
f 1797/1/1303 2385/1/1686 1798/1/1304
f 2386/1/1687 1799/1/1305 1798/1/1304
f 2387/2/1688 2388/2/1689 2389/2/1690
f 2388/2/1689 2390/2/1691 2389/2/1690
f 2389/2/1690 2390/2/1691 2391/2/1692
f 2391/2/1692 2390/2/1691 2392/2/1693
f 2389/2/1690 2393/2/1694 2387/2/1688
f 1800/2/1306 2394/2/1695 2395/2/1696
f 1801/2/1307 1800/2/1306 2395/2/1696
f 2395/2/1696 2394/2/1695 2396/2/1697
f 1308/1/131 2161/1/574 1803/1/574
f 2397/12/1698 2398/12/1698 2399/12/1698
f 2400/12/1699 2397/12/1699 2399/12/1699
f 301/1/132 2401/1/1700 1804/1/132
f 1805/1/132 2402/1/132 1306/1/178
f 2403/1/178 2404/1/574 2405/1/574
f 2404/1/574 1306/1/178 2402/1/132
f 2405/1/574 2404/1/574 2402/1/132
f 2406/1/131 1807/1/131 1806/1/574
f 1807/1/131 356/1/178 355/1/178
f 2405/1/574 2406/1/131 1806/1/574
f 2403/1/178 2405/1/574 1806/1/574
f 2407/12/1701 341/12/166 340/12/165
f 340/12/165 2408/12/1701 2407/12/1701
f 2408/12/1701 2409/12/1701 2407/12/1701
f 1808/1/131 2410/1/132 1809/1/178
f 1811/1/178 2335/1/742 1812/1/574
f 1815/12/1311 2411/12/1702 1813/12/1309
f 2123/1/131 1088/1/178 1817/1/574
f 1088/1/178 2412/1/574 1816/1/178
f 2412/1/574 2413/1/574 1816/1/178
f 2414/1/131 1820/1/131 1819/1/131
f 1820/1/131 2415/1/574 1818/1/574
f 2415/1/574 2336/1/1655 2416/1/574
f 2336/1/1655 1322/1/131 2416/1/574
f 2416/1/574 1818/1/574 2415/1/574
f 2417/1/574 2418/1/1312 2419/1/131
f 2418/1/1312 2420/1/1703 2419/1/131
f 2419/1/131 2421/1/131 2417/1/574
f 2421/1/131 1821/1/1312 2422/1/132
f 1823/1/131 2422/1/132 1821/1/1312
f 2422/1/132 2417/1/574 2421/1/131
f 2412/1/574 2423/1/1700 2413/1/574
f 2423/1/1700 1823/1/131 1822/1/131
f 1822/1/131 2413/1/574 2423/1/1700
f 1825/1/1314 349/1/174 348/1/173
f 348/1/173 1732/1/128 1825/1/1314
f 1732/1/128 2424/1/1704 1824/1/1313
f 2424/1/1704 2364/1/1671 1824/1/1313
f 2364/1/1671 2363/1/1508 1824/1/1313
f 2425/1/131 2426/1/132 2427/1/1700
f 2426/1/132 1804/1/132 2401/1/1700
f 2428/1/132 2426/1/132 2401/1/1700
f 2428/1/132 2427/1/1700 2426/1/132
f 2427/1/1700 2429/1/132 2425/1/131
f 2430/1/132 2431/1/1700 2432/1/131
f 2431/1/1700 1826/1/131 1294/1/178
f 2432/1/131 2431/1/1700 1294/1/178
f 2429/1/132 2430/1/132 2433/1/132
f 2432/1/131 1080/1/178 2430/1/132
f 1080/1/178 2433/1/132 2430/1/132
f 2433/1/132 2425/1/131 2429/1/132
f 764/1/178 763/1/178 1827/1/178
f 1828/1/178 1827/1/178 1829/1/178
f 1830/1/178 1829/1/178 1831/1/131
f 1833/2/1316 1836/2/1319 1834/2/1317
f 1836/2/1319 1838/2/1321 1837/2/1320
f 1838/2/1321 2434/2/1705 1839/2/1322
f 1839/2/1322 2434/2/1705 1840/2/1323
f 1841/2/1324 1840/2/1323 1842/2/1325
f 1843/2/1326 1842/2/1325 1844/2/1327
f 1845/2/1328 1844/2/1327 1846/2/1329
f 1846/2/1329 1850/2/1333 1848/2/1331
f 1850/2/1333 1852/2/1335 1851/2/1334
f 1852/2/1335 1854/2/1337 1853/2/1336
f 1854/2/1337 1856/2/1339 1855/2/1338
f 1856/2/1339 1858/2/1341 1857/2/1340
f 1858/2/1341 1860/2/1343 1859/2/1342
f 1860/2/1343 1862/2/1345 1861/2/1344
f 1862/2/1345 1864/2/1347 1863/2/1346
f 1864/2/1347 1866/2/1349 1865/2/1348
f 1866/2/1349 1868/2/1351 1867/2/1350
f 1868/2/1351 1870/2/1353 1869/2/1352
f 1870/2/1353 1872/2/1355 1871/2/1354
f 1872/2/1355 1874/2/1357 1873/2/1356
f 1874/2/1357 1876/2/1359 1875/2/1358
f 1876/2/1359 1878/2/1361 1877/2/1360
f 1878/2/1361 1880/2/1363 1879/2/1362
f 1880/2/1363 1882/2/1365 1881/2/1364
f 1882/2/1365 1884/2/1367 1883/2/1366
f 1884/2/1367 1886/2/1369 1885/2/1368
f 1886/2/1369 1888/2/1371 1887/2/1370
f 1888/2/1371 1890/2/1373 1889/2/1372
f 1890/2/1373 2435/2/1706 1891/2/1374
f 1891/2/1374 2435/2/1706 1892/2/1375
f 1893/2/1376 1892/2/1375 1894/2/1377
f 1895/2/1378 1894/2/1377 1896/2/1379
f 1897/2/1380 1896/2/1379 1898/2/1381
f 1899/2/1382 1898/2/1381 1900/2/1383
f 1901/2/1384 1900/2/1383 1902/2/1385
f 1902/2/1385 1905/2/1388 1904/2/1387
f 1905/2/1388 2436/2/1707 1906/2/1389
f 1906/2/1389 2436/2/1707 1907/2/1390
f 1908/2/1391 1907/2/1390 1909/2/1392
f 1910/2/1393 1909/2/1392 1911/2/1394
f 1912/2/1395 1911/2/1394 1913/2/1396
f 1914/2/1397 1913/2/1396 1915/2/1398
f 1916/2/1399 1915/2/1398 1917/2/1400
f 1918/2/1401 1917/2/1400 1919/2/1402
f 1920/2/1403 1919/2/1402 1921/2/1404
f 1922/2/1405 1921/2/1404 1923/2/1406
f 1924/2/1407 1923/2/1406 1833/2/1316
f 1836/2/1319 1833/2/1316 1923/2/1406
f 1923/2/1406 1921/2/1404 1836/2/1319
f 1921/2/1404 1919/2/1402 1836/2/1319
f 1917/2/1400 1915/2/1398 1838/2/1321
f 1915/2/1398 1913/2/1396 1838/2/1321
f 1917/2/1400 1838/2/1321 1919/2/1402
f 1919/2/1402 1838/2/1321 1836/2/1319
f 1913/2/1396 1911/2/1394 1838/2/1321
f 1911/2/1394 1909/2/1392 2437/2/1708
f 2434/2/1705 1911/2/1394 2437/2/1708
f 1911/2/1394 2434/2/1705 1838/2/1321
f 1909/2/1392 1907/2/1390 2438/2/1708
f 1907/2/1390 2439/2/1709 2440/2/1708
f 2439/2/1709 2441/2/1709 2442/2/1709
f 2441/2/1709 2443/2/1709 2444/2/1709
f 2444/2/1708 2445/2/1708 2441/2/1708
f 2445/2/1708 2446/2/1708 2442/2/1708
f 1842/2/1325 1840/2/1323 1852/2/1335
f 1840/2/1323 2434/2/1705 1856/2/1339
f 1852/2/1335 1840/2/1323 1854/2/1337
f 2437/2/1708 1909/2/1392 2438/2/1708
f 2441/2/1709 2445/2/1709 2442/2/1709
f 2442/2/1708 2440/2/1708 2439/2/1708
f 2440/2/1709 2447/2/1709 2438/2/1709
f 2447/2/1708 2448/2/1708 2449/2/1708
f 2449/2/1710 2448/2/1710 2450/2/1710
f 2450/2/1709 2451/2/1711 2452/2/1712
f 2452/2/1712 2453/2/1713 2450/2/1709
f 2453/2/1708 2449/2/1708 2450/2/1708
f 2449/2/1714 2454/2/1714 2447/2/1714
f 2454/2/1709 2455/2/1709 2447/2/1709
f 1907/2/1390 2440/2/1708 2438/2/1708
f 1846/2/1329 1844/2/1327 1850/2/1333
f 1844/2/1327 1842/2/1325 1850/2/1333
f 2447/2/1715 2455/2/1716 2456/2/1716
f 2456/2/1710 2457/2/1710 2458/2/1710
f 2459/2/1717 2460/2/1717 2447/2/1717
f 2460/2/1709 2438/2/1709 2447/2/1709
f 2437/2/1708 1856/2/1339 2434/2/1705
f 1856/2/1339 1854/2/1337 1840/2/1323
f 2456/2/1708 2458/2/1708 2447/2/1708
f 2458/2/1714 2459/2/1714 2447/2/1714
f 1926/1/145 1051/1/145 1027/1/145
f 1027/1/383 1028/1/145 1926/1/145
f 529/1/143 528/1/143 1927/1/144
f 1929/1/383 1933/1/383 1930/1/383
f 1932/1/383 1935/1/143 1933/1/383
f 1934/1/1408 2120/1/746 1935/1/143
f 1326/1/145 2461/1/143 1936/1/383
f 1326/1/145 617/1/145 2461/1/143
f 617/1/145 2462/1/145 1939/1/144
f 2461/1/143 617/1/145 1939/1/144
f 2462/1/145 1940/1/144 1939/1/144
f 1940/1/144 704/1/145 2463/1/143
f 1938/1/383 1940/1/144 2463/1/143
f 704/1/145 703/1/145 2463/1/143
f 1941/1/1409 716/1/474 526/1/338
f 1942/1/383 2464/1/143 1943/1/383
f 898/1/144 2176/1/143 1945/1/145
f 2465/12/1718 2106/12/1718 643/12/1718
f 1947/1/143 1951/1/144 1948/1/1408
f 1291/1/178 2325/1/178 1304/1/178
f 1304/1/178 1950/1/178 1291/1/178
f 1952/1/144 2466/1/144 2467/1/143
f 2466/1/144 2468/1/746 2469/1/143
f 2467/1/143 2466/1/144 2469/1/143
f 1953/1/144 1948/1/1408 1951/1/144
f 2467/1/143 1953/1/144 1952/1/144
f 1954/1/144 1957/1/145 1955/1/145
f 1957/1/145 1959/1/145 1958/1/144
f 1959/1/145 830/1/145 770/1/145
f 1960/2/1410 1964/2/1414 1961/2/1411
f 1963/2/1413 1966/2/1416 1964/2/1414
f 1965/2/1415 1968/2/1418 1966/2/1416
f 1965/2/1415 1969/2/1419 1967/2/1417
f 1969/2/1419 1971/2/1421 1970/2/1420
f 1971/2/1421 1973/2/1423 1972/2/1422
f 1973/2/1423 1976/2/1426 1974/2/1424
f 1975/2/1425 1978/2/1428 1974/2/1424
f 1977/2/1427 1980/2/1430 1978/2/1428
f 1979/2/1429 1982/2/1432 1980/2/1430
f 1981/2/1431 1984/2/1434 1982/2/1432
f 1983/2/1433 1986/2/1436 1984/2/1434
f 1985/2/1435 1988/2/1438 1986/2/1436
f 1987/2/1437 1990/2/1440 1988/2/1438
f 1989/2/1439 1992/2/1442 1990/2/1440
f 1991/2/1441 1994/2/1444 1992/2/1442
f 1993/2/1443 1996/2/1446 1994/2/1444
f 1995/2/1445 1998/2/1448 1996/2/1446
f 1997/2/1447 2000/2/1450 1998/2/1448
f 1999/2/1449 2002/2/1452 2000/2/1450
f 2001/2/1451 2004/2/1454 2002/2/1452
f 2003/2/1453 2006/2/1456 2004/2/1454
f 2005/2/1455 2008/2/1458 2006/2/1456
f 2007/2/1457 2010/2/1460 2008/2/1458
f 2009/2/1459 2012/2/1462 2010/2/1460
f 2011/2/1461 2014/2/1464 2012/2/1462
f 2013/2/1463 2016/2/1466 2014/2/1464
f 2015/2/1465 2018/2/1468 2016/2/1466
f 2017/2/1467 2020/2/1470 2018/2/1468
f 2017/2/1467 2021/2/1471 2019/2/1469
f 2021/2/1471 2023/2/1473 2022/2/1472
f 2023/2/1473 2025/2/1475 2024/2/1474
f 2025/2/1475 2027/2/1477 2026/2/1476
f 2027/2/1477 2029/2/1479 2028/2/1478
f 2029/2/1479 2470/2/1719 2030/2/1480
f 2031/2/1481 2035/2/1485 2032/2/1482
f 2034/2/1484 2037/2/1487 2035/2/1485
f 2034/2/1484 2038/2/1488 2036/2/1486
f 2038/2/1488 2040/2/1490 2039/2/1489
f 2040/2/1490 2042/2/1492 2041/2/1491
f 2042/2/1492 2044/2/1494 2043/2/1493
f 2044/2/1494 2046/2/1496 2045/2/1495
f 2046/2/1496 2048/2/1498 2047/2/1497
f 2048/2/1498 2050/2/1500 2049/2/1499
f 2050/2/1500 2052/2/1502 2051/2/1501
f 2052/2/1502 2054/2/1504 2053/2/1503
f 2054/2/1504 1962/2/1412 1961/2/1411
f 2053/2/1503 1961/2/1411 1964/2/1414
f 1964/2/1414 1966/2/1416 2049/2/1499
f 1966/2/1416 1968/2/1418 2041/2/1491
f 2047/2/1497 1966/2/1416 2045/2/1495
f 1966/2/1416 2047/2/1497 2049/2/1499
f 1968/2/1418 1967/2/1417 1984/2/1434
f 1966/2/1416 2043/2/1493 2045/2/1495
f 2051/2/1501 2053/2/1503 1964/2/1414
f 2049/2/1499 2051/2/1501 1964/2/1414
f 2039/2/1489 2041/2/1491 2471/2/1507
f 2041/2/1491 2043/2/1493 1966/2/1416
f 2471/2/1507 2041/2/1491 1968/2/1418
f 2036/2/1486 2039/2/1489 2472/2/1507
f 2039/2/1489 2471/2/1507 2472/2/1507
f 2473/2/1506 2474/2/1506 2475/2/1506
f 2474/2/1506 2476/2/1506 2477/2/1506
f 2475/2/1507 2474/2/1507 2478/2/1507
f 2476/2/1506 2036/2/1486 2479/2/1507
f 2471/2/1507 1968/2/1418 1984/2/1434
f 1970/2/1420 1972/2/1422 1978/2/1428
f 1972/2/1422 1974/2/1424 1978/2/1428
f 1967/2/1417 1970/2/1420 1980/2/1430
f 1982/2/1432 1967/2/1417 1980/2/1430
f 2480/2/1507 2478/2/1507 2477/2/1507
f 2477/2/1506 2478/2/1506 2474/2/1506
f 2479/2/1507 2036/2/1486 2472/2/1507
f 1967/2/1417 1982/2/1432 1984/2/1434
f 1978/2/1428 1980/2/1430 1970/2/1420
f 2481/2/1507 2057/2/1507 2482/2/1507
f 2057/2/1506 2479/2/1506 2472/2/1506
f 2483/2/1507 2057/2/1507 2484/2/1507
f 2479/2/1507 2477/2/1507 2476/2/1507
f 2472/2/1506 2485/2/1506 2057/2/1506
f 2057/2/1507 2483/2/1506 2486/2/1720
f 2487/2/1506 2057/2/1506 2488/2/1506
f 2489/2/1721 2490/2/1506 2491/2/1722
f 2490/2/1506 2481/2/1506 2482/2/1506
f 2491/2/1722 2490/2/1506 2492/2/1723
f 2492/2/1507 2490/2/1507 2482/2/1507
f 2057/2/1724 2487/2/1724 2484/2/1724
f 2485/2/1725 2488/2/1725 2057/2/1725
f 2484/2/1506 2493/2/1506 2483/2/1506
f 2482/2/1726 2057/2/1726 2056/2/1726
f 2486/2/1720 2055/2/1505 2057/2/1507
f 2279/13/1623 1436/13/992 1434/13/990
f 2284/13/1628 1248/13/884 1250/13/886
f 1232/13/869 2268/13/1615 1230/13/867
f 1449/13/1003 2267/13/1614 1452/13/1006
f 2494/13/1727 2495/13/1728 2496/13/1729
f 2497/13/1730 2269/13/1616 2268/13/1615
f 2498/13/1596 2499/13/1596 2500/13/1596
f 1433/13/989 1248/13/884 1434/13/990
f 2501/13/1731 2502/13/1732 2503/13/1733
f 2504/119/1596 2505/120/1596 2506/121/1596
f 2507/122/1596 2508/123/1596 2504/119/1596
f 2509/124/1596 2510/125/1596 2507/122/1596
f 2511/126/1596 2512/127/1596 2509/124/1596
f 2245/13/1596 2513/13/1596 2247/13/1596
f 2508/123/1596 2514/128/1596 2505/120/1596
f 2510/125/1596 2515/129/1596 2508/123/1596
f 2512/127/1596 2516/130/1596 2510/125/1596
f 2517/131/1596 2518/132/1596 2512/127/1596
f 2519/13/1596 2520/13/1596 2513/13/1596
f 2515/129/1596 2521/133/1596 2514/128/1596
f 2516/130/1596 2522/134/1596 2515/129/1596
f 2518/132/1596 2523/135/1596 2516/130/1596
f 2524/136/1596 2525/137/1596 2518/132/1596
f 2526/13/1596 2527/13/1596 2520/13/1596
f 2528/138/1596 2529/139/1596 2530/140/1596
f 2531/141/1596 2532/142/1596 2533/143/1596
f 2534/144/1596 2535/145/1596 2536/146/1596
f 2537/147/1596 2538/148/1596 2539/149/1596
f 2540/150/1596 2541/151/1596 2542/152/1596
f 2543/153/1734 2544/152/1734 2545/151/1734
f 2546/153/1735 2547/151/1735 2548/151/1735
f 2549/150/50 2550/153/50 2551/153/50
f 2552/152/84 2553/150/84 2554/150/84
f 2555/151/49 2556/152/49 2557/152/49
f 2558/154/1596 2559/155/1596 2560/156/1596
f 2561/157/1734 2562/156/1734 2563/155/1734
f 2564/157/1735 2565/155/1735 2566/155/1735
f 2567/154/50 2568/157/50 2569/157/50
f 2570/156/84 2571/154/84 2572/154/84
f 2573/155/49 2574/156/49 2575/156/49
f 2576/158/1596 2577/159/1596 2578/160/1596
f 2579/161/1734 2580/160/1734 2581/159/1734
f 2582/161/1735 2583/159/1735 2584/159/1735
f 2585/158/50 2586/161/50 2587/161/50
f 2588/160/84 2589/158/84 2590/158/84
f 2591/159/49 2592/160/49 2593/160/49
f 2594/162/1736 2595/162/1736 2596/162/1736
f 2597/162/1596 2598/162/1596 2599/162/1596
f 2600/162/1737 2601/162/1737 2602/162/1737
f 2603/162/1738 2604/162/1738 2605/162/1738
f 2606/162/1734 2607/162/1734 2608/162/1734
f 2609/162/1739 2610/162/1739 2611/162/1739
f 2612/162/84 2613/162/84 2614/162/84
f 2615/162/1735 2616/162/1735 2617/162/1735
f 2618/162/1740 2619/162/1740 2620/162/1740
f 2621/162/1741 2622/162/1741 2623/162/1741
f 2624/162/1735 2625/162/1735 2626/162/1735
f 2627/162/1742 2628/162/1742 2629/162/1742
f 2630/162/1743 2631/162/1743 2632/162/1743
f 2633/162/1744 2634/162/1744 2635/162/1744
f 2636/162/1745 2637/162/1745 2638/162/1745
f 2639/162/1746 2640/162/1746 2641/162/1746
f 2642/162/1747 2643/162/1747 2644/162/1747
f 2645/162/84 2646/162/84 2647/162/84
f 2648/162/1748 2649/162/1748 2650/162/1748
f 2651/162/1749 2652/162/1749 2653/162/1749
f 2654/162/1750 2655/162/1750 2656/162/1750
f 2657/162/1751 2658/162/1751 2659/162/1751
f 2660/162/1752 2661/162/1753 2662/162/1752
f 2663/162/1754 2664/162/1755 2665/162/1754
f 2666/162/1756 2667/162/1757 2668/162/1758
f 2669/162/1759 2670/162/1760 2671/162/1761
f 2672/162/1762 2673/162/1763 2674/162/1762
f 2675/162/1764 2676/162/1765 2677/162/1764
f 2661/162/1753 2678/162/1766 2679/162/1767
f 2680/162/1755 2681/162/1768 2664/162/1755
f 2667/162/1757 2682/162/1769 2668/162/1758
f 2670/162/1760 2683/162/1770 2671/162/1761
f 2684/162/1763 2685/162/1771 2673/162/1763
f 2676/162/1765 2686/162/1772 2687/162/1773
f 2679/162/1767 2688/162/1774 2689/162/1774
f 2681/162/1768 2690/162/1596 2691/162/1596
f 2682/162/1769 2692/162/1775 2693/162/1776
f 2694/162/1777 2695/162/1778 2683/162/1770
f 2696/162/1771 2697/162/1734 2685/162/1771
f 2686/162/1772 2698/162/1779 2687/162/1773
f 2689/162/1774 2699/162/1780 2700/162/1781
f 2691/162/1596 2701/162/1782 2702/162/1783
f 2693/162/1776 2703/162/1784 2704/162/1785
f 2705/162/1778 2706/162/1786 2695/162/1778
f 2707/162/1734 2708/162/1787 2697/162/1734
f 2709/162/1788 2710/162/1789 2698/162/1779
f 2700/162/1781 2711/162/1790 2712/162/1791
f 2702/162/1783 2713/162/1792 2714/162/1793
f 2703/162/1784 2715/162/1794 2704/162/1785
f 2716/162/1795 2717/162/1796 2706/162/1786
f 2718/162/1797 2719/162/1798 2708/162/1787
f 2710/162/1789 2720/162/1799 2721/162/1800
f 2711/162/1790 2722/162/1801 2712/162/1791
f 2713/162/1792 2723/162/1802 2714/162/1793
f 2724/162/1803 2725/162/1804 2715/162/1794
f 2717/162/1796 2726/162/1805 2727/162/1806
f 2719/162/1798 2728/162/1807 2729/162/1808
f 2721/162/1800 2730/162/1809 2731/162/1810
f 2732/162/1811 2733/162/1811 2734/162/1811
f 2735/162/1812 2736/162/1812 2737/162/1812
f 2738/162/1735 2739/162/1735 2740/162/1735
f 2741/162/84 2742/162/84 2743/162/84
f 2744/162/1813 2745/162/1814 2746/162/1814
f 2747/162/1734 2744/162/1813 2748/162/1813
f 2749/162/1815 2747/162/1734 2750/162/1734
f 2751/162/1816 2749/162/1815 2752/162/1815
f 2753/162/1817 2754/162/1818 2755/162/1818
f 2756/162/1596 2753/162/1817 2757/162/1817
f 2758/162/1819 2756/162/1596 2759/162/1596
f 2760/162/1820 2758/162/1819 2761/162/1819
f 2762/162/1735 2763/162/1735 2764/162/1735
f 2765/162/84 2766/162/84 2767/162/84
f 2768/162/1821 2769/162/1822 2770/162/1822
f 2771/162/1734 2768/162/1821 2772/162/1821
f 2773/162/1823 2771/162/1734 2774/162/1734
f 2775/162/1824 2773/162/1823 2776/162/1823
f 2777/162/1825 2778/162/1826 2779/162/1826
f 2780/162/1596 2777/162/1825 2781/162/1825
f 2782/162/1827 2780/162/1596 2783/162/1596
f 2784/162/1828 2782/162/1827 2785/162/1827
f 2786/162/1735 2787/162/1735 2788/162/1735
f 2789/162/84 2790/162/84 2791/162/84
f 2792/162/1829 2793/162/1830 2794/162/1830
f 2795/162/1734 2792/162/1829 2796/162/1829
f 2797/162/1831 2795/162/1734 2798/162/1734
f 2799/162/1832 2797/162/1831 2800/162/1831
f 2801/162/1833 2802/162/1834 2803/162/1834
f 2804/162/1596 2801/162/1833 2805/162/1833
f 2806/162/1835 2804/162/1596 2807/162/1596
f 2808/162/1836 2806/162/1835 2809/162/1835
f 2810/162/1837 2811/162/49 2812/162/49
f 2813/162/1596 2814/162/1837 2810/162/1837
f 2815/162/1838 2816/162/1596 2813/162/1596
f 2817/162/50 2818/162/1838 2815/162/1838
f 2819/162/1839 2820/162/50 2817/162/50
f 2821/162/1734 2822/162/1839 2819/162/1839
f 2823/162/1840 2824/162/1734 2821/162/1734
f 2812/162/49 2825/162/1840 2823/162/1840
f 2826/162/84 2827/162/84 2828/162/84
f 2829/13/1735 2830/13/1735 2831/13/1735
f 2832/162/1837 2833/162/49 2834/162/49
f 2835/162/1596 2836/162/1837 2832/162/1837
f 2837/162/1838 2838/162/1596 2835/162/1596
f 2839/162/50 2840/162/1838 2837/162/1838
f 2841/162/1839 2842/162/50 2839/162/50
f 2843/162/1734 2844/162/1839 2841/162/1839
f 2845/162/1840 2846/162/1734 2843/162/1734
f 2834/162/49 2847/162/1840 2845/162/1840
f 2848/162/84 2849/162/84 2850/162/84
f 2851/13/1735 2852/13/1735 2853/13/1735
f 1062/1/751 1361/1/930 1074/1/755
f 1073/1/754 2195/1/1555 2196/1/1556
f 2245/13/1596 2854/13/1596 2246/13/1596
f 2251/13/1600 2855/13/1841 2252/13/1601
f 1453/13/1007 1452/13/1006 2268/13/1615
f 2280/13/1624 2856/13/1842 2281/13/1625
f 2279/13/1623 2857/13/1843 1436/13/992
f 2284/13/1628 2283/13/1627 1248/13/884
f 1232/13/869 2497/13/1730 2268/13/1615
f 1449/13/1003 2858/13/1844 2267/13/1614
f 2494/13/1727 2859/13/1845 2495/13/1728
f 2498/13/1596 2527/13/1596 2499/13/1596
f 1433/13/989 1249/13/885 1248/13/884
f 2501/13/1731 2860/13/1846 2502/13/1732
f 2504/119/1596 2508/123/1596 2505/120/1596
f 2507/122/1596 2510/125/1596 2508/123/1596
f 2509/124/1596 2512/127/1596 2510/125/1596
f 2511/126/1596 2517/131/1596 2512/127/1596
f 2245/13/1596 2519/13/1596 2513/13/1596
f 2508/123/1596 2515/129/1596 2514/128/1596
f 2510/125/1596 2516/130/1596 2515/129/1596
f 2512/127/1596 2518/132/1596 2516/130/1596
f 2517/131/1596 2524/136/1596 2518/132/1596
f 2519/13/1596 2526/13/1596 2520/13/1596
f 2515/129/1596 2522/134/1596 2521/133/1596
f 2516/130/1596 2523/135/1596 2522/134/1596
f 2518/132/1596 2525/137/1596 2523/135/1596
f 2524/136/1596 2861/163/1596 2525/137/1596
f 2526/13/1596 2498/13/1596 2527/13/1596
f 2528/138/1596 2862/164/1596 2529/139/1596
f 2531/141/1596 2863/165/1596 2532/142/1596
f 2534/144/1596 2864/166/1596 2535/145/1596
f 2537/147/1596 2865/167/1596 2538/148/1596
f 2540/150/1596 2866/153/1596 2541/151/1596
f 2543/153/1734 2867/150/1734 2544/152/1734
f 2546/153/1735 2868/153/1735 2547/151/1735
f 2549/150/50 2869/150/50 2550/153/50
f 2552/152/84 2870/152/84 2553/150/84
f 2555/151/49 2871/151/49 2556/152/49
f 2558/154/1596 2872/157/1596 2559/155/1596
f 2561/157/1734 2873/154/1734 2562/156/1734
f 2564/157/1735 2874/157/1735 2565/155/1735
f 2567/154/50 2875/154/50 2568/157/50
f 2570/156/84 2876/156/84 2571/154/84
f 2573/155/49 2877/155/49 2574/156/49
f 2576/158/1596 2878/161/1596 2577/159/1596
f 2579/161/1734 2879/158/1734 2580/160/1734
f 2582/161/1735 2880/161/1735 2583/159/1735
f 2585/158/50 2881/158/50 2586/161/50
f 2588/160/84 2882/160/84 2589/158/84
f 2591/159/49 2883/159/49 2592/160/49
f 2594/162/1736 2884/162/1736 2595/162/1736
f 2597/162/1596 2885/162/1596 2598/162/1596
f 2600/162/1737 2886/162/1737 2601/162/1737
f 2603/162/1738 2887/162/1738 2604/162/1738
f 2606/162/1734 2888/162/1734 2607/162/1734
f 2609/162/1739 2889/162/1739 2610/162/1739
f 2614/162/84 2890/162/84 2612/162/84
f 2612/162/84 2891/162/84 2613/162/84
f 2613/162/84 2892/162/84 2614/162/84
f 2617/162/1735 2893/162/1735 2615/162/1735
f 2615/162/1735 2894/162/1735 2616/162/1735
f 2616/162/1735 2895/162/1735 2617/162/1735
f 2618/162/1740 2896/162/1740 2619/162/1740
f 2621/162/1741 2897/162/1741 2622/162/1741
f 2624/162/1735 2898/162/1735 2625/162/1735
f 2627/162/1742 2899/162/1742 2628/162/1742
f 2630/162/1743 2900/162/1743 2631/162/1743
f 2635/162/1744 2901/162/1744 2902/162/1744
f 2902/162/1744 2633/162/1744 2635/162/1744
f 2903/162/1745 2904/162/1745 2638/162/1745
f 2904/162/1745 2636/162/1745 2638/162/1745
f 2639/162/1746 2905/162/1746 2640/162/1746
f 2642/162/1747 2906/162/1747 2643/162/1747
f 2645/162/84 2907/162/84 2646/162/84
f 2648/162/1748 2908/162/1748 2649/162/1748
f 2651/162/1749 2909/162/1749 2652/162/1749
f 2656/162/1750 2910/162/1750 2911/162/1750
f 2911/162/1750 2654/162/1750 2656/162/1750
f 2912/162/1751 2913/162/1751 2659/162/1751
f 2913/162/1751 2657/162/1751 2659/162/1751
f 2660/162/1752 2914/162/1847 2661/162/1753
f 2663/162/1754 2680/162/1755 2664/162/1755
f 2666/162/1756 2915/162/1756 2667/162/1757
f 2669/162/1759 2916/162/1759 2670/162/1760
f 2672/162/1762 2684/162/1763 2673/162/1763
f 2675/162/1764 2917/162/1848 2676/162/1765
f 2661/162/1753 2914/162/1847 2678/162/1766
f 2680/162/1755 2918/162/1768 2681/162/1768
f 2667/162/1757 2919/162/1849 2682/162/1769
f 2670/162/1760 2694/162/1777 2683/162/1770
f 2684/162/1763 2696/162/1771 2685/162/1771
f 2676/162/1765 2917/162/1848 2686/162/1772
f 2679/162/1767 2678/162/1766 2688/162/1774
f 2681/162/1768 2918/162/1768 2690/162/1596
f 2682/162/1769 2919/162/1849 2692/162/1775
f 2694/162/1777 2705/162/1778 2695/162/1778
f 2696/162/1771 2707/162/1734 2697/162/1734
f 2686/162/1772 2709/162/1788 2698/162/1779
f 2689/162/1774 2688/162/1774 2699/162/1780
f 2691/162/1596 2690/162/1596 2701/162/1782
f 2693/162/1776 2692/162/1775 2703/162/1784
f 2705/162/1778 2716/162/1795 2706/162/1786
f 2707/162/1734 2718/162/1797 2708/162/1787
f 2709/162/1788 2920/162/1850 2710/162/1789
f 2700/162/1781 2699/162/1780 2711/162/1790
f 2702/162/1783 2701/162/1782 2713/162/1792
f 2703/162/1784 2724/162/1803 2715/162/1794
f 2716/162/1795 2921/162/1851 2717/162/1796
f 2718/162/1797 2922/162/1852 2719/162/1798
f 2710/162/1789 2920/162/1850 2720/162/1799
f 2711/162/1790 2923/162/1853 2722/162/1801
f 2713/162/1792 2924/162/1854 2723/162/1802
f 2724/162/1803 2925/162/1855 2725/162/1804
f 2717/162/1796 2921/162/1851 2726/162/1805
f 2719/162/1798 2922/162/1852 2728/162/1807
f 2721/162/1800 2720/162/1799 2730/162/1809
f 2734/162/1811 2926/162/1811 2732/162/1811
f 2732/162/1811 2927/162/1811 2733/162/1811
f 2733/162/1856 2928/162/1856 2734/162/1856
f 2737/162/1812 2929/162/1812 2735/162/1812
f 2929/162/1812 2930/162/1812 2735/162/1812
f 2930/162/1812 2931/162/1812 2735/162/1812
f 2932/162/1735 2740/162/1735 2739/162/1735
f 2739/162/1735 2738/162/1735 2933/162/1735
f 2933/162/1735 2738/162/1735 2934/162/1735
f 2934/162/1735 2935/162/1735 2936/162/1735
f 2738/162/1735 2935/162/1735 2934/162/1735
f 2937/162/84 2938/162/84 2939/162/84
f 2938/162/84 2937/162/84 2940/162/84
f 2940/162/84 2743/162/84 2742/162/84
f 2937/162/84 2743/162/84 2940/162/84
f 2742/162/84 2741/162/84 2941/162/84
f 2744/162/1813 2746/162/1814 2748/162/1813
f 2747/162/1734 2748/162/1813 2750/162/1734
f 2749/162/1815 2750/162/1734 2752/162/1815
f 2751/162/1816 2752/162/1815 2942/162/1816
f 2753/162/1817 2755/162/1818 2757/162/1817
f 2756/162/1596 2757/162/1817 2759/162/1596
f 2758/162/1819 2759/162/1596 2761/162/1819
f 2760/162/1820 2761/162/1819 2943/162/1820
f 2944/162/1735 2764/162/1735 2763/162/1735
f 2763/162/1735 2762/162/1735 2945/162/1735
f 2945/162/1735 2762/162/1735 2946/162/1735
f 2946/162/1735 2947/162/1735 2948/162/1735
f 2762/162/1735 2947/162/1735 2946/162/1735
f 2949/162/84 2950/162/84 2951/162/84
f 2950/162/84 2949/162/84 2952/162/84
f 2952/162/84 2767/162/84 2766/162/84
f 2949/162/84 2767/162/84 2952/162/84
f 2766/162/84 2765/162/84 2953/162/84
f 2768/162/1821 2770/162/1822 2772/162/1821
f 2771/162/1734 2772/162/1821 2774/162/1734
f 2773/162/1823 2774/162/1734 2776/162/1823
f 2775/162/1824 2776/162/1823 2954/162/1824
f 2777/162/1825 2779/162/1826 2781/162/1825
f 2780/162/1596 2781/162/1825 2783/162/1596
f 2782/162/1827 2783/162/1596 2785/162/1827
f 2784/162/1828 2785/162/1827 2955/162/1828
f 2956/162/1735 2788/162/1735 2787/162/1735
f 2787/162/1735 2786/162/1735 2957/162/1735
f 2957/162/1735 2786/162/1735 2958/162/1735
f 2958/162/1735 2959/162/1735 2960/162/1735
f 2786/162/1735 2959/162/1735 2958/162/1735
f 2961/162/84 2962/162/84 2963/162/84
f 2962/162/84 2961/162/84 2964/162/84
f 2964/162/84 2791/162/84 2790/162/84
f 2961/162/84 2791/162/84 2964/162/84
f 2790/162/84 2789/162/84 2965/162/84
f 2792/162/1829 2794/162/1830 2796/162/1829
f 2795/162/1734 2796/162/1829 2798/162/1734
f 2797/162/1831 2798/162/1734 2800/162/1831
f 2799/162/1832 2800/162/1831 2966/162/1832
f 2801/162/1833 2803/162/1834 2805/162/1833
f 2804/162/1596 2805/162/1833 2807/162/1596
f 2806/162/1835 2807/162/1596 2809/162/1835
f 2808/162/1836 2809/162/1835 2967/162/1836
f 2810/162/1837 2814/162/1837 2811/162/49
f 2813/162/1596 2816/162/1596 2814/162/1837
f 2815/162/1838 2818/162/1838 2816/162/1596
f 2817/162/50 2820/162/50 2818/162/1838
f 2819/162/1839 2822/162/1839 2820/162/50
f 2821/162/1734 2824/162/1734 2822/162/1839
f 2823/162/1840 2825/162/1840 2824/162/1734
f 2812/162/49 2811/162/49 2825/162/1840
f 2827/162/84 2968/162/84 2969/162/84
f 2969/162/84 2970/162/84 2827/162/84
f 2970/162/84 2828/162/84 2827/162/84
f 2828/162/84 2971/162/84 2972/162/84
f 2972/162/84 2826/162/84 2828/162/84
f 2831/13/1735 2973/13/1735 2974/13/1735
f 2974/13/1735 2975/13/1735 2829/13/1735
f 2829/13/1735 2976/13/1735 2830/13/1735
f 2830/13/1735 2977/13/1735 2831/13/1735
f 2831/13/1735 2974/13/1735 2829/13/1735
f 2832/162/1837 2836/162/1837 2833/162/49
f 2835/162/1596 2838/162/1596 2836/162/1837
f 2837/162/1838 2840/162/1838 2838/162/1596
f 2839/162/50 2842/162/50 2840/162/1838
f 2841/162/1839 2844/162/1839 2842/162/50
f 2843/162/1734 2846/162/1734 2844/162/1839
f 2845/162/1840 2847/162/1840 2846/162/1734
f 2834/162/49 2833/162/49 2847/162/1840
f 2849/162/84 2978/162/84 2979/162/84
f 2979/162/84 2980/162/84 2849/162/84
f 2980/162/84 2850/162/84 2849/162/84
f 2850/162/84 2981/162/84 2982/162/84
f 2982/162/84 2848/162/84 2850/162/84
f 2853/13/1735 2983/13/1735 2984/13/1735
f 2984/13/1735 2985/13/1735 2851/13/1735
f 2851/13/1735 2986/13/1735 2852/13/1735
f 2852/13/1735 2987/13/1735 2853/13/1735
f 2853/13/1735 2984/13/1735 2851/13/1735
f 2988/168/1857 2989/168/1858 2990/168/1859
f 2991/168/1860 2992/168/1861 2993/168/1862
f 2994/168/1863 2995/168/1864 2996/168/1865
f 2997/168/1866 2998/168/1867 2999/168/1868
f 3000/168/1869 3001/168/1870 3002/168/1871
f 3003/168/1872 3004/168/1873 3005/168/1874
f 3006/168/1875 3007/168/1876 3008/168/1877
f 3009/168/1878 3010/168/1879 3011/168/1880
f 3012/168/1881 3013/168/1882 3014/168/1883
f 3015/168/1884 3016/168/1885 3017/168/1886
f 3018/168/1887 3019/168/1888 3020/168/1889
f 3021/168/1890 3022/168/1891 3023/168/1892
f 3024/168/1893 3025/168/1894 3026/168/1895
f 3027/168/1896 3028/168/1897 3029/168/1898
f 3030/168/1899 3031/168/1900 3032/168/1901
f 3033/168/1902 3034/168/1903 3035/168/1904
f 3036/168/1905 3037/168/1906 3038/168/1907
f 3039/168/1908 3040/168/1909 3041/168/1910
f 3042/168/1911 3043/168/1912 3044/168/1913
f 3045/168/1914 3046/168/1915 3047/168/1916
f 3048/168/1917 3049/168/1918 3050/168/1919
f 3051/168/1920 3052/168/1921 3053/168/1922
f 3054/168/1923 3055/168/1924 3056/168/1925
f 3057/168/1926 3058/168/1926 3059/168/1926
f 3060/168/1927 3061/168/1928 3062/168/1929
f 3063/168/1930 3064/168/1931 3065/168/1932
f 3066/168/1933 3067/168/1933 3068/168/1933
f 3069/168/1934 3070/168/1935 3071/168/1936
f 3072/168/1937 3073/168/1938 3074/168/1939
f 3075/168/1940 3076/168/1941 3077/168/1942
f 3078/168/1943 3079/168/1944 3080/168/1945
f 3081/168/1946 3082/168/1947 3083/168/1948
f 3084/168/1949 3085/168/1950 3086/168/1951
f 3087/168/1952 3088/168/1953 3089/168/1954
f 3090/168/1955 3091/168/1956 3092/168/1957
f 3093/168/1958 3094/168/1959 3095/168/1960
f 3096/168/1961 3097/168/1962 3098/168/1963
f 3099/168/1964 3100/168/1965 3101/168/1966
f 2988/168/1857 3102/168/1967 2989/168/1858
f 2991/168/1860 3103/168/1968 2992/168/1861
f 2994/168/1863 3104/168/1969 2995/168/1864
f 2997/168/1866 3105/168/1970 2998/168/1867
f 3000/168/1869 3106/168/1971 3001/168/1870
f 3003/168/1872 3107/168/1972 3004/168/1873
f 3006/168/1875 3108/168/1973 3007/168/1876
f 3009/168/1878 3109/168/1974 3010/168/1879
f 3012/168/1881 3110/168/1975 3013/168/1882
f 3015/168/1884 3111/168/1976 3016/168/1885
f 3018/168/1887 3112/168/1887 3019/168/1888
f 3021/168/1890 3113/168/1977 3022/168/1891
f 3024/168/1893 3114/168/1978 3025/168/1894
f 3027/168/1896 3115/168/1979 3028/168/1897
f 3030/168/1899 3116/168/1980 3031/168/1900
f 3033/168/1902 3117/168/1981 3034/168/1903
f 3036/168/1905 3118/168/1982 3037/168/1906
f 3039/168/1908 3119/168/1983 3040/168/1909
f 3042/168/1911 3120/168/1984 3043/168/1912
f 3045/168/1914 3121/168/1985 3046/168/1915
f 3048/168/1917 3122/168/1986 3049/168/1918
f 3051/168/1920 3123/168/1987 3052/168/1921
f 3054/168/1923 3124/168/1988 3055/168/1924
f 3057/168/1926 3125/168/1926 3058/168/1926
f 3060/168/1927 3126/168/1989 3061/168/1928
f 3063/168/1930 3127/168/1990 3064/168/1931
f 3066/168/1933 3128/168/1933 3067/168/1933
f 3069/168/1934 3129/168/1991 3070/168/1935
f 3072/168/1937 3130/168/1992 3073/168/1938
f 3075/168/1940 3131/168/1993 3076/168/1941
f 3078/168/1943 3132/168/1994 3079/168/1944
f 3081/168/1946 3133/168/1995 3082/168/1947
f 3084/168/1949 3134/168/1996 3085/168/1950
f 3087/168/1952 3135/168/1997 3088/168/1953
f 3090/168/1955 3136/168/1998 3091/168/1956
f 3093/168/1958 3137/168/1999 3094/168/1959
f 3096/168/1961 3138/168/2000 3097/168/1962
f 3099/168/1964 3139/168/2001 3100/168/1965
f 3140/169/2002 3141/170/2002 3142/171/2002
f 3143/172/2003 3144/173/2003 3145/174/2003
f 3146/175/2004 3147/176/2004 3148/177/2004
f 3149/178/2005 3150/179/2005 3151/180/2005
f 3152/178/2006 3153/179/2006 3154/181/2006
f 3155/182/2007 3156/177/2007 3157/176/2007
f 3158/183/2008 3159/178/2008 3160/184/2008
f 3161/183/2009 3162/178/2009 3163/185/2009
f 3164/186/2010 3165/186/2010 3166/186/2010
f 3167/186/2011 3168/186/2011 3169/186/2011
f 3170/186/2012 3171/186/2012 3172/186/2012
f 3173/186/2013 3174/186/2013 3175/186/2013
f 3176/187/2014 3177/188/2014 3178/189/2014
f 3179/187/2015 3180/190/2015 3181/189/2015
f 3182/190/2016 3183/188/2016 3184/187/2016
f 3185/190/2017 3186/189/2017 3187/188/2017
f 3188/191/2018 3189/192/2018 3190/193/2018
f 3191/193/2019 3192/194/2019 3193/191/2019
f 3194/194/2020 3195/171/2020 3196/170/2020
f 3197/191/2021 3198/194/2021 3199/170/2021
f 3200/171/2022 3201/195/2022 3202/169/2022
f 3203/195/2023 3204/173/2023 3205/196/2023
f 3206/173/2024 3207/197/2024 3208/174/2024
f 3209/174/2025 3210/196/2025 3211/173/2025
f 3212/196/2026 3213/169/2026 3214/195/2026
f 3215/173/2027 3216/197/2027 3217/174/2027
f 3218/174/2028 3219/198/2028 3220/172/2028
f 3221/198/2029 3222/169/2029 3223/171/2029
f 3224/172/2030 3225/198/2030 3226/171/2030
f 3227/169/2031 3228/199/2031 3229/200/2031
f 3230/199/2032 3231/191/2032 3232/193/2032
f 3233/191/2033 3234/192/2033 3235/193/2033
f 3236/193/2034 3237/200/2034 3238/199/2034
f 3239/200/2035 3240/171/2035 3241/169/2035
f 3242/201/2036 3243/175/2036 3244/177/2036
f 3245/175/2037 3246/202/2037 3247/176/2037
f 3248/176/2038 3249/203/2038 3250/177/2038
f 3251/203/2039 3252/204/2039 3253/182/2039
f 3254/204/2040 3255/205/2040 3256/206/2040
f 3257/205/2041 3258/207/2041 3259/206/2041
f 3260/206/2042 3261/208/2042 3262/204/2042
f 3263/208/2043 3264/182/2043 3265/204/2043
f 3266/182/2044 3267/177/2044 3268/203/2044
f 3269/179/2045 3270/185/2045 3271/209/2045
f 3272/185/2046 3273/184/2046 3274/210/2046
f 3275/209/2047 3276/185/2047 3277/210/2047
f 3278/209/2048 3279/180/2048 3280/179/2048
f 3281/180/2049 3282/181/2049 3283/183/2049
f 3284/181/2050 3285/211/2050 3286/212/2050
f 3287/211/2051 3288/213/2051 3289/212/2051
f 3290/212/2052 3291/183/2052 3292/181/2052
f 3293/183/2053 3294/178/2053 3295/180/2053
f 3296/179/2054 3297/185/2054 3298/180/2054
f 3299/185/2055 3300/184/2055 3301/209/2055
f 3302/184/2056 3303/210/2056 3304/209/2056
f 3305/209/2057 3306/180/2057 3307/185/2057
f 3308/180/2058 3309/181/2058 3310/179/2058
f 3311/181/2059 3312/211/2059 3313/183/2059
f 3314/211/2060 3315/213/2060 3316/212/2060
f 3317/183/2061 3318/211/2061 3319/212/2061
f 3320/183/2062 3321/178/2062 3322/181/2062
f 3323/201/2063 3324/175/2063 3325/202/2063
f 3326/202/2064 3327/176/2064 3328/201/2064
f 3329/176/2065 3330/203/2065 3331/182/2065
f 3332/201/2066 3333/176/2066 3334/177/2066
f 3335/203/2067 3336/204/2067 3337/208/2067
f 3338/204/2068 3339/205/2068 3340/207/2068
f 3341/208/2069 3342/207/2069 3343/206/2069
f 3344/204/2070 3345/207/2070 3346/208/2070
f 3347/208/2071 3348/182/2071 3349/203/2071
f 3350/179/2072 3351/185/2072 3352/178/2072
f 3353/185/2073 3354/184/2073 3355/178/2073
f 3356/184/2074 3357/210/2074 3358/183/2074
f 3359/210/2075 3360/209/2075 3361/213/2075
f 3362/183/2076 3363/210/2076 3364/212/2076
f 3365/209/2077 3366/180/2077 3367/211/2077
f 3368/180/2078 3369/181/2078 3370/211/2078
f 3371/211/2079 3372/213/2079 3373/209/2079
f 3374/213/2080 3375/212/2080 3376/210/2080
f 3377/179/2081 3378/185/2081 3379/178/2081
f 3380/185/2082 3381/184/2082 3382/183/2082
f 3383/184/2083 3384/210/2083 3385/213/2083
f 3386/210/2084 3387/209/2084 3388/211/2084
f 3389/213/2085 3390/210/2085 3391/211/2085
f 3392/209/2086 3393/180/2086 3394/181/2086
f 3395/181/2087 3396/211/2087 3397/209/2087
f 3398/213/2088 3399/212/2088 3400/184/2088
f 3401/212/2089 3402/183/2089 3403/184/2089
f 3404/186/2090 3405/186/2090 3406/186/2090
f 3407/186/2091 3408/186/2091 3409/186/2091
f 3410/186/2092 3411/186/2092 3412/186/2092
f 3413/186/2093 3414/186/2093 3415/186/2093
f 3416/214/2094 3417/175/2094 3418/215/2094
f 3419/215/2095 3420/188/2095 3421/189/2095
f 3422/188/2096 3423/190/2096 3424/187/2096
f 3425/215/2097 3426/214/2097 3427/189/2097
f 3428/190/2098 3429/216/2098 3430/217/2098
f 3431/217/2099 3432/216/2099 3433/207/2099
f 3434/216/2100 3435/190/2100 3436/187/2100
f 3437/218/2101 3438/219/2101 3439/220/2101
f 3440/220/2102 3441/218/2102 3442/188/2102
f 3443/188/2015 3444/189/2015 3445/190/2015
f 3446/218/2103 3447/188/2103 3448/189/2103
f 3449/190/2104 3450/221/2104 3451/222/2104
f 3452/221/2105 3453/223/2105 3454/222/2105
f 3455/222/2106 3456/187/2106 3457/190/2106
f 3458/215/2107 3459/175/2107 3460/214/2107
f 3461/214/2108 3462/215/2108 3463/189/2108
f 3464/189/2109 3465/188/2109 3466/187/2109
f 3467/215/2110 3468/189/2110 3469/188/2110
f 3470/187/2111 3471/190/2111 3472/216/2111
f 3473/216/2112 3474/217/2112 3475/207/2112
f 3476/190/2113 3477/217/2113 3478/216/2113
f 3479/220/2114 3480/219/2114 3481/218/2114
f 3482/218/2115 3483/189/2115 3484/188/2115
f 3485/189/2017 3486/190/2017 3487/187/2017
f 3488/218/2116 3489/220/2116 3490/188/2116
f 3491/187/2117 3492/222/2117 3493/190/2117
f 3494/222/2118 3495/223/2118 3496/221/2118
f 3497/190/2119 3498/222/2119 3499/221/2119
